<?xml version='1.0' encoding='utf-8'?>
<COLLADA xmlns="http://www.collada.org/2005/11/COLLADASchema" version="1.4.1"><asset><created>2026-09-12T00:00:00Z</created><modified>2026-09-12T00:00:00Z</modified><unit name="meter" meter="1" /><up_axis>Z_UP</up_axis></asset><library_images><image id="asphalt-image"><init_from>textures/asphalt.png</init_from></image></library_images><library_effects><effect id="asphalt-effect"><profile_COMMON><newparam sid="surface"><surface type="2D"><init_from>asphalt-image</init_from></surface></newparam><newparam sid="sampler"><sampler2D><source>surface</source></sampler2D></newparam><technique sid="common"><phong><diffuse><texture texture="sampler" texcoord="UVSET0" /></diffuse><specular><color>0.02 0.02 0.02 1</color></specular></phong></technique></profile_COMMON></effect></library_effects><library_materials><material id="asphalt-material"><instance_effect url="#asphalt-effect" /></material></library_materials><library_geometries><geometry id="road"><mesh><source id="positions"><float_array id="positions-array" count="6918">1.9753653 14.3760472 0.0000000 1.9965388 14.6250058 0.0000000 0.4807609 14.5031607 0.0000000 0.4595874 14.2542020 0.0000000 1.9541918 14.1270885 0.0000000 0.5231079 15.0010780 0.0000000 0.5019344 14.7521193 0.0000000 0.5866284 15.7479541 0.0000000 0.5654549 15.4989954 0.0000000 2.0600593 15.3718819 0.0000000 0.6078019 15.9969128 0.0000000 2.1024063 15.8697993 0.0000000 0.6501489 16.4948302 0.0000000 0.6289754 16.2458715 0.0000000 2.1235798 16.1187580 0.0000000 0.6713224 16.7437888 0.0000000 2.1447533 16.3677167 0.0000000 0.6924959 16.9927475 0.0000000 2.1659268 16.6166754 0.0000000 2.1871003 16.8656340 0.0000000 2.2082738 17.1145927 0.0000000 0.7136694 17.2417062 0.0000000 0.8195370 18.4864997 0.0000000 0.7771900 17.9885823 0.0000000 2.2717943 17.8614688 0.0000000 2.3353148 18.6083449 0.0000000 2.3776618 19.1062622 0.0000000 0.8830575 19.2333757 0.0000000 0.9042310 19.4823344 0.0000000 0.9465780 19.9802518 0.0000000 2.3988353 19.3552209 0.0000000 2.4411823 19.8531383 0.0000000 2.4623558 20.1020970 0.0000000 2.4835293 20.3510557 0.0000000 0.9889250 20.4781692 0.0000000 2.5047028 20.6000144 0.0000000 1.0100985 20.7271279 0.0000000 2.5470498 21.0979317 0.0000000 2.5680300 21.3446177 0.0000000 1.0524455 21.2250452 0.0000000 1.0740194 21.4785481 0.0000000 1.0736190 21.4740039 0.0000000 1.1196943 21.9768833 0.0000000 1.0967067 21.7273726 0.0000000 2.5904780 21.5908174 0.0000000 2.6133683 21.8392677 0.0000000 2.6592140 22.3368751 0.0000000 1.1655400 22.4744907 0.0000000 2.6821368 22.5856788 0.0000000 2.7050597 22.8344825 0.0000000 1.2113857 22.9720981 0.0000000 1.2572314 23.4697055 0.0000000 1.2343086 23.2209018 0.0000000 2.7279825 23.0832863 0.0000000 1.3489228 24.4649204 0.0000000 1.3260000 24.2161167 0.0000000 2.8425968 24.3273048 0.0000000 1.3718457 24.7137241 0.0000000 1.5323056 26.4553501 0.0000000 1.5093828 26.2065464 0.0000000 3.0259796 26.3177345 0.0000000 2.8655196 24.5761085 0.0000000 2.8884425 24.8249123 0.0000000 2.9113653 25.0737160 0.0000000 1.3947685 24.9625278 0.0000000 1.4406142 25.4601353 0.0000000 1.4176914 25.2113315 0.0000000 2.9342882 25.3225197 0.0000000 2.9572111 25.5713234 0.0000000 1.4635371 25.7089390 0.0000000 3.0030568 26.0689308 0.0000000 2.8196739 24.0785011 0.0000000 1.6239970 27.4505650 0.0000000 1.6010742 27.2017613 0.0000000 3.1176710 27.3129494 0.0000000 1.6698427 27.9481724 0.0000000 1.6469199 27.6993687 0.0000000 3.1635167 27.8105568 0.0000000 1.6927656 28.1969761 0.0000000 3.1864396 28.0593605 0.0000000 3.2322853 28.5569680 0.0000000 1.7386113 28.6945835 0.0000000 1.7615341 28.9433873 0.0000000 3.2552081 28.8057717 0.0000000 3.2781310 29.0545754 0.0000000 3.3239767 29.5521828 0.0000000 1.7844570 29.1921910 0.0000000 3.3890331 30.2583022 0.0000000 1.8303027 29.6897984 0.0000000 1.9108089 30.5161598 0.0000000 1.8990713 30.4362096 0.0000000 3.3963211 30.2943167 0.0000000 1.9602614 30.7605330 0.0000000 2.3073351 31.4150725 0.0000000 2.0865031 31.1117126 0.0000000 2.5002402 31.5738691 0.0000000 3.0596858 31.7799211 0.0000000 2.8187871 31.7279673 0.0000000 3.4752995 31.7933927 0.0000000 3.2278543 31.7967100 0.0000000 3.4129184 30.2940942 0.0000000 3.7884396 31.7585079 0.0000000 3.5595148 31.7875120 0.0000000 4.2548305 37.5512007 0.0000000 4.2209238 37.7987468 0.0000000 2.7687063 37.3476447 0.0000000 4.1800299 40.6307111 0.0000000 2.7028157 40.9906331 0.0000000 2.6841244 40.7414759 0.0000000 2.7008930 37.8427369 0.0000000 2.7347997 37.5951908 0.0000000 4.1870511 38.0460455 0.0000000 2.8026130 37.1000985 0.0000000 2.8365197 36.8525524 0.0000000 4.3189300 37.0832223 0.0000000 4.2887371 37.3036545 0.0000000 2.6614732 38.1486375 0.0000000 2.6670845 38.0907940 0.0000000 4.1572708 38.2645474 0.0000000 2.6470016 38.3980755 0.0000000 4.0943426 39.4260216 0.0000000 2.6130045 39.7416705 0.0000000 2.5952774 39.4924427 0.0000000 2.5938687 39.4123631 0.0000000 4.1092244 39.6352472 0.0000000 2.6484587 40.2401261 0.0000000 4.2173803 41.1272750 0.0000000 2.7404180 41.4892292 0.0000000 2.7216280 41.2400793 0.0000000 2.8459135 36.7986674 0.0000000 2.8976802 36.5546818 0.0000000 4.2737503 41.8747247 0.0000000 2.7779980 41.9875290 0.0000000 2.7592080 41.7383791 0.0000000 2.9060636 36.5193946 0.0000000 4.3612516 36.8837528 0.0000000 2.6325300 38.6475135 0.0000000 4.1444835 38.4849548 0.0000000 4.1300118 38.7343928 0.0000000 4.3864903 43.3696242 0.0000000 2.9283180 43.9807284 0.0000000 2.8907380 43.4824285 0.0000000 4.4616503 44.3662239 0.0000000 2.9846880 44.7281781 0.0000000 2.9658980 44.4790282 0.0000000 4.4804403 44.6153738 0.0000000 3.0222680 45.2264780 0.0000000 4.5556003 45.6119735 0.0000000 3.0786380 45.9739277 0.0000000 3.0598480 45.7247778 0.0000000 4.5931803 46.1102733 0.0000000 3.1162180 46.4722276 0.0000000 3.0974280 46.2230776 0.0000000 4.6488499 46.8484357 0.0000000 3.1537980 46.9705274 0.0000000 3.1350080 46.7213775 0.0000000 4.6699942 47.0589415 0.0000000 3.2322257 47.5403085 0.0000000 3.1883017 47.2943422 0.0000000 3.1803768 47.2374519 0.0000000 4.8370361 47.9943469 0.0000000 3.3639975 48.2782075 0.0000000 3.3200736 48.0322412 0.0000000 3.4295803 48.5615143 0.0000000 3.3722955 48.3183140 0.0000000 4.8896029 48.2175170 0.0000000 3.4869682 48.8048825 0.0000000 5.0540644 48.9149591 0.0000000 3.6979652 49.5917600 0.0000000 3.6195414 49.3545346 0.0000000 5.3530570 49.8182810 0.0000000 3.9336886 50.3036755 0.0000000 4.9706649 52.6802422 0.0000000 4.5378772 51.7793788 0.0000000 6.3071057 51.9981661 0.0000000 6.8105511 52.8010589 0.0000000 6.9442275 53.0121498 0.0000000 5.5432832 53.6035749 0.0000000 5.8549633 54.0884143 0.0000000 5.8106360 54.0257567 0.0000000 7.0573454 53.1907763 0.0000000 7.1875457 53.3561683 0.0000000 6.0094945 54.2847135 0.0000000 7.3420076 53.5514043 0.0000000 6.1656458 54.4820885 0.0000000 7.6520588 53.9433013 0.0000000 7.7917105 54.1198176 0.0000000 6.4756970 54.8739855 0.0000000 6.6307226 55.0699340 0.0000000 7.0104079 55.4851408 0.0000000 6.8394548 55.3029217 0.0000000 7.9380458 54.2815775 0.0000000 8.1043461 54.4588371 0.0000000 8.2752992 54.6410562 0.0000000 8.4462522 54.8232753 0.0000000 7.3523140 55.8495789 0.0000000 8.7768416 55.1756509 0.0000000 8.9284148 55.3235668 0.0000000 7.7173744 56.2376315 0.0000000 7.8959715 56.4119193 0.0000000 7.9271578 56.4406768 0.0000000 9.1008153 55.4737451 0.0000000 8.3039587 56.7689085 0.0000000 8.1155582 56.6047927 0.0000000 10.0131472 56.2629820 0.0000000 9.0715965 57.4310054 0.0000000 8.8801951 57.2706826 0.0000000 9.1161695 57.4655740 0.0000000 10.3963245 56.5377172 0.0000000 9.7253407 57.9023452 0.0000000 9.5222836 57.7567548 0.0000000 11.1861582 57.1040221 0.0000000 10.5934222 58.4997236 0.0000000 10.3804191 58.3695432 0.0000000 11.3678639 57.2150745 0.0000000 10.6091053 58.5090485 0.0000000 13.5131616 58.3804011 0.0000000 13.9532909 58.5994122 0.0000000 12.8449139 59.7233252 0.0000000 13.2923000 59.9459474 0.0000000 13.3068901 59.9530118 0.0000000 15.2780798 59.0806273 0.0000000 15.5053689 59.1592863 0.0000000 14.7875143 60.4981412 0.0000000 14.0791615 60.2529983 0.0000000 13.8430439 60.1712840 0.0000000 14.3336094 58.7537702 0.0000000 14.5697270 58.8354845 0.0000000 14.8058446 58.9171987 0.0000000 15.0419622 58.9989130 0.0000000 14.3152791 60.3347126 0.0000000 15.0413622 60.5857453 0.0000000 15.0236319 60.5798555 0.0000000 15.7227695 59.2285094 0.0000000 15.2793450 60.6615219 0.0000000 15.3028210 60.6685766 0.0000000 16.4322637 59.4291340 0.0000000 16.2645408 60.9405233 0.0000000 16.0241108 60.8725366 0.0000000 17.1478133 59.6314709 0.0000000 16.7569060 61.0796515 0.0000000 16.7454007 61.0764967 0.0000000 17.3517211 59.6856426 0.0000000 16.9982193 61.1437607 0.0000000 17.0621122 61.1577834 0.0000000 16.5049707 61.0085100 0.0000000 18.0579261 59.8086305 0.0000000 18.0467222 61.3292565 0.0000000 17.8005697 61.2863882 0.0000000 19.0391004 59.9795053 0.0000000 18.7920565 61.4590260 0.0000000 18.7851798 61.4578613 0.0000000 19.2551627 60.0150663 0.0000000 19.0926721 61.5064894 0.0000000 19.0385136 61.4995896 0.0000000 19.3415113 61.5290242 0.0000000 21.2170025 60.1927295 0.0000000 21.0867233 61.6870622 0.0000000 21.0833855 61.6867674 0.0000000 21.3356606 61.7084850 0.0000000 21.7131132 60.2353905 0.0000000 22.0825786 61.7726642 0.0000000 21.5846983 61.7298836 0.0000000 22.4599337 60.2995614 0.0000000 22.5804589 61.8154448 0.0000000 22.3315187 61.7940545 0.0000000 28.1855573 60.7915379 0.0000000 28.0571423 62.2860310 0.0000000 27.8082022 62.2646407 0.0000000 29.1691942 60.8744211 0.0000000 29.0581014 62.3703189 0.0000000 28.8090380 62.3506206 0.0000000 29.0724546 62.3713156 0.0000000 29.5712780 62.4011513 0.0000000 30.1596597 60.9336630 0.0000000 30.3195131 62.4459050 0.0000000 30.0701014 62.4309871 0.0000000 30.6584831 60.9634988 0.0000000 30.8183365 62.4757407 0.0000000 30.5689248 62.4608228 0.0000000 31.9055417 61.0380881 0.0000000 31.8159834 62.5354122 0.0000000 31.3171600 62.5055764 0.0000000 32.4043651 61.0679239 0.0000000 32.3148068 62.5652479 0.0000000 32.0653951 62.5503301 0.0000000 32.5642185 62.5801658 0.0000000 32.9031885 61.0977596 0.0000000 33.0630420 62.6100015 0.0000000 32.8136302 62.5950837 0.0000000 33.4020120 61.1275954 0.0000000 33.5618654 62.6398373 0.0000000 33.3124537 62.6249194 0.0000000 34.1502471 61.1723490 0.0000000 34.3996588 61.1872669 0.0000000 34.3101005 62.6845909 0.0000000 34.6490705 61.2021847 0.0000000 34.8089240 62.7144266 0.0000000 34.5595122 62.6995088 0.0000000 35.1478940 61.2320205 0.0000000 35.3077474 62.7442624 0.0000000 35.0583357 62.7293445 0.0000000 35.6467174 61.2618562 0.0000000 35.8065708 62.7740981 0.0000000 35.5571591 62.7591803 0.0000000 36.3949525 61.3066098 0.0000000 36.8937760 61.3364456 0.0000000 36.3053942 62.8039339 0.0000000 37.0536294 62.8486875 0.0000000 36.8042177 62.8337696 0.0000000 37.3925994 61.3662813 0.0000000 37.5524528 62.8785232 0.0000000 37.3030411 62.8636054 0.0000000 37.8914228 61.3961171 0.0000000 38.0512762 62.9083590 0.0000000 37.8018645 62.8934411 0.0000000 38.3902462 61.4259528 0.0000000 38.5450331 62.9378917 0.0000000 38.3006879 62.9232769 0.0000000 39.5952858 64.3438754 0.0000000 39.5376166 64.2280026 0.0000000 40.9093377 63.6175923 0.0000000 41.1929317 63.7346329 0.0000000 40.8367419 65.1920306 0.0000000 40.5957753 65.1280663 0.0000000 39.8704657 64.7278577 0.0000000 39.7232234 64.5533944 0.0000000 40.9369799 63.6628610 0.0000000 40.0577583 64.8911419 0.0000000 40.3184239 65.0389704 0.0000000 41.0006673 63.6835966 0.0000000 40.5560060 65.1163236 0.0000000 41.3861648 65.2946407 0.0000000 40.8945634 65.2049578 0.0000000 41.6553669 63.8189950 0.0000000 41.6319655 65.3394821 0.0000000 42.9061255 64.0657675 0.0000000 43.3103120 65.6892269 0.0000000 42.5864022 65.5312970 0.0000000 46.3358016 65.0805012 0.0000000 46.5726307 65.1601301 0.0000000 45.8577560 66.5022862 0.0000000 47.7567759 65.5582742 0.0000000 47.9936049 65.6379031 0.0000000 47.5155593 67.0596880 0.0000000 49.6470206 67.7763475 0.0000000 49.4101916 67.6967187 0.0000000 50.1250662 66.3545626 0.0000000 50.3618953 66.4341915 0.0000000 49.8838497 67.8559764 0.0000000 50.5987243 66.5138203 0.0000000 50.8355534 66.5934491 0.0000000 50.3575078 68.0152341 0.0000000 50.8311658 68.1744917 0.0000000 50.5943368 68.0948629 0.0000000 51.3092114 66.7527068 0.0000000 51.5460405 66.8323356 0.0000000 51.7828695 66.9119645 0.0000000 51.0679949 68.2541206 0.0000000 51.3048239 68.3337494 0.0000000 51.7784820 68.4930071 0.0000000 51.5416530 68.4133782 0.0000000 52.2565276 67.0712221 0.0000000 52.4933566 67.1508510 0.0000000 52.9670147 67.3101087 0.0000000 52.0153110 68.5726359 0.0000000 52.7257982 68.8115224 0.0000000 52.4889691 68.7318936 0.0000000 53.2038438 67.3897375 0.0000000 53.4406728 67.4693663 0.0000000 53.1994562 68.9707801 0.0000000 52.9626272 68.8911513 0.0000000 53.6775018 67.5489952 0.0000000 54.1511599 67.7082528 0.0000000 53.9099434 69.2096666 0.0000000 53.6731143 69.1300378 0.0000000 54.6248180 67.8675105 0.0000000 54.1467724 69.2892954 0.0000000 54.8443349 67.9413185 0.0000000 54.4184886 69.3797164 0.0000000 54.3836014 69.3689243 0.0000000 54.6586490 69.4476482 0.0000000 55.0506439 67.9996750 0.0000000 54.9346387 69.5132156 0.0000000 54.6913928 69.4561176 0.0000000 56.7264232 69.5548353 0.0000000 56.4808456 69.6008829 0.0000000 56.2489700 68.1182198 0.0000000 56.3910284 69.6121661 0.0000000 57.0381892 69.4932415 0.0000000 56.9720008 69.5087878 0.0000000 56.6621109 68.0407529 0.0000000 57.5870913 69.3043884 0.0000000 57.3556614 69.3985634 0.0000000 56.8286831 67.9935680 0.0000000 57.0078278 67.9206692 0.0000000 57.1835196 67.8408469 0.0000000 57.6146362 69.2925324 0.0000000 57.9147758 69.1511801 0.0000000 57.8416155 69.1894085 0.0000000 58.3870550 68.8682102 0.0000000 58.3443760 68.8956022 0.0000000 57.5555097 67.6195405 0.0000000 58.5926464 68.7262209 0.0000000 57.8921325 67.3870558 0.0000000 59.0755907 68.3267901 0.0000000 58.8983966 68.5013669 0.0000000 58.0091661 67.2717509 0.0000000 59.1022528 68.2991411 0.0000000 59.6258654 67.7038396 0.0000000 59.4687511 67.8971241 0.0000000 58.4371470 66.7881492 0.0000000 59.6720632 67.6405120 0.0000000 58.6444144 66.4703882 0.0000000 60.1067452 66.8446434 0.0000000 60.0181291 67.0782389 0.0000000 60.2137882 66.5555861 0.0000000 60.1953893 66.6105003 0.0000000 58.7822972 66.1065056 0.0000000 58.8319640 65.9367757 0.0000000 60.3029825 66.2333351 0.0000000 60.2836498 66.3168430 0.0000000 60.3453337 65.9870931 0.0000000 58.9060858 65.5058106 0.0000000 60.4227715 65.4543537 0.0000000 60.3932909 65.7022820 0.0000000 58.9320196 65.2877100 0.0000000 60.4249667 65.4333822 0.0000000 58.9761008 64.8005294 0.0000000 60.4925136 64.6868595 0.0000000 60.4699980 64.9357004 0.0000000 59.0211321 64.3028476 0.0000000 60.5375449 64.1891777 0.0000000 60.5150293 64.4380186 0.0000000 59.0661634 63.8051659 0.0000000 60.5825762 63.6914959 0.0000000 60.5600606 63.9403368 0.0000000 59.1337103 63.0586432 0.0000000 60.6501232 62.9449732 0.0000000 60.6276075 63.1938141 0.0000000 59.2012573 62.3121205 0.0000000 60.7176701 62.1984506 0.0000000 60.6951544 62.4472915 0.0000000 59.2462886 61.8144387 0.0000000 60.7627014 61.7007688 0.0000000 60.7401857 61.9496097 0.0000000 61.2834917 56.4873039 0.0000000 61.2334359 56.9845055 0.0000000 59.7910360 56.3370508 0.0000000 61.3085196 56.2387031 0.0000000 59.8160639 56.0884501 0.0000000 59.8410918 55.8398493 0.0000000 61.3335475 55.9901023 0.0000000 59.8661197 55.5912485 0.0000000 59.8911476 55.3426477 0.0000000 61.3585754 55.7415015 0.0000000 61.3836033 55.4929008 0.0000000 59.9161755 55.0940469 0.0000000 59.9412034 54.8454461 0.0000000 61.4336591 54.9956992 0.0000000 61.5330271 53.6499705 0.0000000 61.5334026 53.6644806 0.0000000 60.0337169 53.6960297 0.0000000 61.5374445 53.9140234 0.0000000 61.5337707 54.0012961 0.0000000 60.0369327 53.8945722 0.0000000 59.9721963 53.1711637 0.0000000 61.3876508 52.6734982 0.0000000 61.4089491 52.7388170 0.0000000 60.0115004 53.3135238 0.0000000 61.4754444 52.9796637 0.0000000 61.4995162 53.1125172 0.0000000 60.0258086 53.4736618 0.0000000 61.5216447 53.3601811 0.0000000 61.0148540 51.9495450 0.0000000 61.1580903 52.1477192 0.0000000 59.8706648 52.9273929 0.0000000 60.8392956 51.7754540 0.0000000 59.6720386 52.7541508 0.0000000 60.5331958 51.5254158 0.0000000 60.5929249 51.5695201 0.0000000 60.3250967 51.3871280 0.0000000 59.3035952 52.5093098 0.0000000 59.8678121 51.1006574 0.0000000 60.0828270 51.2274344 0.0000000 59.1179814 52.3998683 0.0000000 59.8435002 51.0869260 0.0000000 58.6906554 52.1688982 0.0000000 59.1840856 50.7305118 0.0000000 59.4038905 50.8493165 0.0000000 57.8114359 51.6936792 0.0000000 58.3048661 50.2552929 0.0000000 58.5246710 50.3740976 0.0000000 57.1520213 51.3372650 0.0000000 57.8652564 50.0176834 0.0000000 58.0850613 50.1364881 0.0000000 56.9322165 51.2184603 0.0000000 57.4256467 49.7800739 0.0000000 57.6454515 49.8988787 0.0000000 56.2728018 50.8620461 0.0000000 56.9860369 49.5424645 0.0000000 57.2058418 49.6612692 0.0000000 55.3935824 50.3868272 0.0000000 56.1068174 49.0672455 0.0000000 56.3266223 49.1860503 0.0000000 54.9539726 50.1492177 0.0000000 55.4474028 48.7108313 0.0000000 55.6672077 48.8296361 0.0000000 54.2945580 49.7928035 0.0000000 55.0077931 48.4732219 0.0000000 55.2275980 48.5920266 0.0000000 54.0747531 49.6739988 0.0000000 54.5681834 48.2356124 0.0000000 54.7879882 48.3544171 0.0000000 53.6351434 49.4363893 0.0000000 54.1320402 47.9998766 0.0000000 54.3483785 48.1168077 0.0000000 52.3148844 48.7022065 0.0000000 53.0483571 47.3937655 0.0000000 53.2663063 47.5159413 0.0000000 52.0969352 48.5800307 0.0000000 52.6124588 47.1494140 0.0000000 52.8304080 47.2715898 0.0000000 51.4430878 48.2135035 0.0000000 52.1765605 46.9050625 0.0000000 52.3945097 47.0272383 0.0000000 51.9586114 46.7828868 0.0000000 50.6509165 46.0498322 0.0000000 50.8688656 46.1720080 0.0000000 49.9174438 47.3582732 0.0000000 49.6994946 47.2360975 0.0000000 49.0456472 46.8695702 0.0000000 48.8276980 46.7473945 0.0000000 49.7791199 45.5611292 0.0000000 48.9014080 45.0723394 0.0000000 48.3949529 46.5060156 0.0000000 48.1770458 46.3858460 0.0000000 49.3432216 45.3167777 0.0000000 49.5611707 45.4389535 0.0000000 48.6111396 46.6259983 0.0000000 49.1219715 45.1939771 0.0000000 49.3404368 45.3152244 0.0000000 49.1202010 45.1929976 0.0000000 47.5206671 46.0238714 0.0000000 48.2450292 44.7103649 0.0000000 48.4638222 44.8310230 0.0000000 48.0262363 44.5897067 0.0000000 46.8642883 45.6618968 0.0000000 47.5886504 44.3483903 0.0000000 47.8074434 44.4690485 0.0000000 46.6454953 45.5412386 0.0000000 47.1510646 44.1070739 0.0000000 47.3698575 44.2277321 0.0000000 45.9891165 45.1792641 0.0000000 46.7134787 43.8657575 0.0000000 46.9322717 43.9864157 0.0000000 45.7703236 45.0586059 0.0000000 46.2821937 43.6279159 0.0000000 46.4946858 43.7450993 0.0000000 44.8890787 44.5551482 0.0000000 45.4242390 43.1317607 0.0000000 45.6404864 43.2569239 0.0000000 43.3576814 43.5825883 0.0000000 44.0174613 42.2125083 0.0000000 44.2217045 42.3564301 0.0000000 42.7449518 43.1508231 0.0000000 43.4072847 41.7825420 0.0000000 43.6089750 41.9246648 0.0000000 40.9427707 39.7784964 0.0000000 41.1321609 39.9414671 0.0000000 40.1506453 41.0757705 0.0000000 38.8276610 39.9391561 0.0000000 38.6381202 39.7763586 0.0000000 39.8050032 38.8012623 0.0000000 36.2037274 35.7081102 0.0000000 36.3932682 35.8709077 0.0000000 35.2263852 36.8460040 0.0000000 35.7950077 37.3343965 0.0000000 35.6054669 37.1715990 0.0000000 36.5828090 36.0337052 0.0000000 37.7200540 37.0104900 0.0000000 37.9095949 37.1732875 0.0000000 36.7427119 38.1483839 0.0000000 36.7723499 36.1965026 0.0000000 36.0159396 35.5468185 0.0000000 35.0368444 36.6832066 0.0000000 35.0333476 36.6801844 0.0000000 34.8330054 36.5057318 0.0000000 34.6479696 36.3378315 0.0000000 35.8351272 35.3895713 0.0000000 34.4629339 36.1699312 0.0000000 35.6559463 35.2269836 0.0000000 35.1008390 34.7232827 0.0000000 35.2858748 34.8911830 0.0000000 34.0928624 35.8341306 0.0000000 33.9078266 35.6662303 0.0000000 34.9158033 34.5553823 0.0000000 34.5457318 34.2195817 0.0000000 34.7307675 34.3874820 0.0000000 33.7227909 35.4983299 0.0000000 33.9906245 33.7158808 0.0000000 34.1756603 33.8837811 0.0000000 32.9826479 34.8267287 0.0000000 30.8168718 30.8748830 0.0000000 29.8269969 32.0018914 0.0000000 29.6392693 31.8370063 0.0000000 29.1273232 29.3909174 0.0000000 28.1374483 30.5179258 0.0000000 27.9497207 30.3530407 0.0000000 28.9395956 29.2260323 0.0000000 27.7619931 30.1881556 0.0000000 33.6205530 33.3800801 0.0000000 33.8055888 33.5479804 0.0000000 32.6125764 34.4909280 0.0000000 28.8883588 31.1774660 0.0000000 29.6905060 29.8855726 0.0000000 29.8782337 30.0504577 0.0000000 30.0659613 30.2153428 0.0000000 32.0574691 33.9872271 0.0000000 31.8724334 33.8193268 0.0000000 33.0654458 32.8763792 0.0000000 32.6953743 32.5405785 0.0000000 32.8804100 32.7084789 0.0000000 31.6873976 33.6514264 0.0000000 31.5023619 33.4835261 0.0000000 31.3177450 33.3160059 0.0000000 32.5103385 32.3726782 0.0000000 32.3244644 32.2040183 0.0000000 32.3253028 32.2047779 0.0000000 32.1391776 32.0363992 0.0000000 31.1369572 33.1524567 0.0000000 32.1309651 32.0290785 0.0000000 31.9432375 31.8641935 0.0000000 30.3901798 32.4965466 0.0000000 31.3800546 31.3695382 0.0000000 31.5677823 31.5344233 0.0000000 30.2024522 32.3316615 0.0000000 31.0045994 31.0397681 0.0000000 31.1923270 31.2046532 0.0000000 30.4414165 30.5451129 0.0000000 30.6291442 30.7099980 0.0000000 29.2638141 31.5072362 0.0000000 30.2536889 30.3802278 0.0000000 32.4275406 34.3230277 0.0000000 32.2425049 34.1551274 0.0000000 33.4355173 33.2121798 0.0000000 28.5641403 28.8962622 0.0000000 28.7518679 29.0611473 0.0000000 27.1988102 29.6935004 0.0000000 28.0009575 28.4016070 0.0000000 28.1886851 28.5664921 0.0000000 26.8233550 29.3637303 0.0000000 27.6255022 28.0718369 0.0000000 27.8132298 28.2367219 0.0000000 26.4478998 29.0339601 0.0000000 27.2500470 27.7420667 0.0000000 27.4377746 27.9069518 0.0000000 25.8847169 28.5393049 0.0000000 26.6868641 27.2474115 0.0000000 26.8745917 27.4122966 0.0000000 25.3215340 28.0446497 0.0000000 26.1236813 26.7527563 0.0000000 26.3114089 26.9176414 0.0000000 24.9460788 27.7148796 0.0000000 25.7482260 26.4229862 0.0000000 25.9359536 26.5878712 0.0000000 24.5706236 27.3851094 0.0000000 25.3727708 26.0932160 0.0000000 25.5604984 26.2581011 0.0000000 24.1951683 27.0553393 0.0000000 24.9973155 25.7634459 0.0000000 25.1850432 25.9283310 0.0000000 23.8197131 26.7255692 0.0000000 24.6218603 25.4336758 0.0000000 24.8095879 25.5985608 0.0000000 23.0685197 26.0654918 0.0000000 23.8716435 24.7742052 0.0000000 24.0592464 24.9392322 0.0000000 22.6933139 25.7354379 0.0000000 23.4964377 24.4441513 0.0000000 23.6840406 24.6091783 0.0000000 22.3181081 25.4053839 0.0000000 23.1212319 24.1140974 0.0000000 23.3088348 24.2791244 0.0000000 21.9429023 25.0753300 0.0000000 22.7460261 23.7840435 0.0000000 22.9336290 23.9490704 0.0000000 20.6296820 23.9201413 0.0000000 20.4420791 23.7551143 0.0000000 21.4328058 22.6288547 0.0000000 21.2452029 22.4638278 0.0000000 20.2544762 23.5900874 0.0000000 20.0668733 23.4250604 0.0000000 21.0576000 22.2988008 0.0000000 20.8699971 22.1337739 0.0000000 19.8792704 23.2600334 0.0000000 19.6916675 23.0950065 0.0000000 20.6823942 21.9687469 0.0000000 19.3164617 22.7649526 0.0000000 20.1195855 21.4736660 0.0000000 20.3071884 21.6386930 0.0000000 18.9412559 22.4348986 0.0000000 19.7443797 21.1436121 0.0000000 19.9319826 21.3086391 0.0000000 18.9946379 16.5139459 0.0000000 19.0008361 16.5497768 0.0000000 17.5196882 16.7875407 0.0000000 16.2160940 14.3388993 0.0000000 17.3390557 13.3438962 0.0000000 17.5006308 13.5344801 0.0000000 19.0538300 17.1560712 0.0000000 19.0538300 17.6557861 0.0000000 17.5538300 17.1685436 0.0000000 19.0451231 16.8818866 0.0000000 19.0534153 17.1311333 0.0000000 17.5473729 16.9744554 0.0000000 17.3523172 16.1810330 0.0000000 17.2741131 15.9722042 0.0000000 18.6769468 15.4410857 0.0000000 19.0374441 16.7969379 0.0000000 17.4201464 16.3992343 0.0000000 18.8525351 15.9539673 0.0000000 17.4825210 16.5998885 0.0000000 18.7645367 15.6749778 0.0000000 16.5180501 14.6950678 0.0000000 17.6622059 13.7250640 0.0000000 17.1150100 15.5653096 0.0000000 18.3164922 14.6470888 0.0000000 18.4413899 14.8624493 0.0000000 17.0277888 15.4149146 0.0000000 18.2980348 14.6169246 0.0000000 16.6598153 14.8622852 0.0000000 17.8614293 13.9639188 0.0000000 18.0066331 14.1666398 0.0000000 17.8237811 13.9156480 0.0000000 17.1175986 13.1206877 0.0000000 17.2945675 13.2958418 0.0000000 16.0835848 14.2077490 0.0000000 17.0736729 13.0805346 0.0000000 15.5432710 13.7518417 0.0000000 16.4808952 12.5809337 0.0000000 16.5007903 12.5971463 0.0000000 17.5308748 18.0964125 0.0000000 17.5486609 17.8675470 0.0000000 19.0263656 18.2126332 0.0000000 15.3595877 13.6073160 0.0000000 16.0817204 12.2696562 0.0000000 16.2794186 12.4224441 0.0000000 13.9073375 11.0041733 0.0000000 13.8771256 10.7561491 0.0000000 15.3931900 10.7970081 0.0000000 14.9733651 7.3504602 0.0000000 15.0035770 7.5984843 0.0000000 13.5145829 7.7798591 0.0000000 11.3261279 -12.6044533 0.0000000 11.3004339 -12.8529861 0.0000000 12.7924816 -13.0072382 0.0000000 12.7410935 -13.5043038 0.0000000 12.7667876 -13.2557710 0.0000000 11.2490459 -13.3500518 0.0000000 12.6897055 -14.0013694 0.0000000 12.7153995 -13.7528366 0.0000000 11.1976578 -13.8471174 0.0000000 12.6383175 -14.4984351 0.0000000 12.6640115 -14.2499023 0.0000000 11.1719638 -14.0956502 0.0000000 12.6126235 -14.7469679 0.0000000 11.1205758 -14.5927159 0.0000000 11.0948818 -14.8412487 0.0000000 11.0691877 -15.0897815 0.0000000 12.5612354 -15.2440335 0.0000000 11.0434937 -15.3383143 0.0000000 12.5355414 -15.4925664 0.0000000 11.0177997 -15.5868471 0.0000000 10.9921057 -15.8353800 0.0000000 12.5098474 -15.7410992 0.0000000 12.4584594 -16.2381648 0.0000000 12.4841534 -15.9896320 0.0000000 12.4327654 -16.4866977 0.0000000 10.9664117 -16.0839128 0.0000000 12.4070713 -16.7352305 0.0000000 10.9150237 -16.5809784 0.0000000 10.8379416 -17.3265769 0.0000000 10.8122476 -17.5751097 0.0000000 12.3299893 -17.4808289 0.0000000 12.2529072 -18.2264274 0.0000000 12.2786013 -17.9778946 0.0000000 10.7865536 -17.8236425 0.0000000 12.2272132 -18.4749602 0.0000000 10.7608596 -18.0721754 0.0000000 10.7351655 -18.3207082 0.0000000 10.7094715 -18.5692410 0.0000000 12.1758252 -18.9720259 0.0000000 12.2015192 -18.7234930 0.0000000 10.6837775 -18.8177738 0.0000000 10.6323895 -19.3148395 0.0000000 10.6066955 -19.5633723 0.0000000 12.1244372 -19.4690915 0.0000000 12.0730491 -19.9661571 0.0000000 12.0987432 -19.7176243 0.0000000 10.5810014 -19.8119051 0.0000000 10.5553074 -20.0604379 0.0000000 12.0216611 -20.4632228 0.0000000 12.0473551 -20.2146900 0.0000000 11.9959671 -20.7117556 0.0000000 10.5296134 -20.3089707 0.0000000 10.5039194 -20.5575036 0.0000000 10.4782254 -20.8060364 0.0000000 11.9445791 -21.2088212 0.0000000 11.9702731 -20.9602884 0.0000000 10.4525314 -21.0545692 0.0000000 10.4268374 -21.3031020 0.0000000 10.4011433 -21.5516348 0.0000000 11.9188850 -21.4573541 0.0000000 11.8674970 -21.9544197 0.0000000 11.8931910 -21.7058869 0.0000000 11.8161090 -22.4514854 0.0000000 11.8418030 -22.2029525 0.0000000 10.3497553 -22.0487005 0.0000000 10.2983673 -22.5457661 0.0000000 10.2726733 -22.7942989 0.0000000 11.7904150 -22.7000182 0.0000000 11.7390269 -23.1970838 0.0000000 11.7647209 -22.9485510 0.0000000 10.2469792 -23.0428318 0.0000000 10.2212852 -23.2913646 0.0000000 11.6619449 -23.9426823 0.0000000 11.6876389 -23.6941495 0.0000000 10.1955912 -23.5398974 0.0000000 10.1698972 -23.7884302 0.0000000 10.1442032 -24.0369631 0.0000000 11.6105569 -24.4397479 0.0000000 11.6362509 -24.1912151 0.0000000 10.0928152 -24.5340287 0.0000000 10.0671211 -24.7825615 0.0000000 11.5848628 -24.6882807 0.0000000 11.5334748 -25.1853464 0.0000000 11.5591688 -24.9368136 0.0000000 11.5077808 -25.4338792 0.0000000 10.0157331 -25.2796272 0.0000000 11.4820868 -25.6824120 0.0000000 9.9900391 -25.5281600 0.0000000 9.9643451 -25.7766928 0.0000000 11.4563928 -25.9309448 0.0000000 11.4306987 -26.1794777 0.0000000 9.9386511 -26.0252256 0.0000000 9.8872630 -26.5222913 0.0000000 11.3793107 -26.6765433 0.0000000 11.3279227 -27.1736090 0.0000000 11.3536167 -26.9250761 0.0000000 9.8615690 -26.7708241 0.0000000 9.8358750 -27.0193569 0.0000000 9.8101810 -27.2678897 0.0000000 9.7844870 -27.5164225 0.0000000 11.3022287 -27.4221418 0.0000000 11.2765347 -27.6706746 0.0000000 9.7587929 -27.7649554 0.0000000 9.7330989 -28.0134882 0.0000000 11.2508406 -27.9192074 0.0000000 9.7074049 -28.2620210 0.0000000 11.1994526 -28.4162731 0.0000000 11.1737586 -28.6648059 0.0000000 9.6817109 -28.5105538 0.0000000 11.1223706 -29.1618715 0.0000000 11.1480646 -28.9133387 0.0000000 9.6560169 -28.7590867 0.0000000 9.6303229 -29.0076195 0.0000000 9.6046289 -29.2561523 0.0000000 11.0966765 -29.4104043 0.0000000 11.0709825 -29.6589372 0.0000000 9.5789348 -29.5046851 0.0000000 11.0195945 -30.1560028 0.0000000 11.0452885 -29.9074700 0.0000000 9.5532408 -29.7532179 0.0000000 9.5275468 -30.0017508 0.0000000 9.5018528 -30.2502836 0.0000000 10.9939005 -30.4045356 0.0000000 10.9682065 -30.6530684 0.0000000 9.4761588 -30.4988164 0.0000000 10.8911244 -31.3986669 0.0000000 10.9168184 -31.1501341 0.0000000 9.4247707 -30.9958820 0.0000000 9.3990767 -31.2444149 0.0000000 10.8654304 -31.6471997 0.0000000 9.3733827 -31.4929477 0.0000000 10.8140424 -32.1442654 0.0000000 10.8397364 -31.8957325 0.0000000 9.3476887 -31.7414805 0.0000000 10.7883484 -32.3927982 0.0000000 9.3219947 -31.9900133 0.0000000 10.7626543 -32.6413310 0.0000000 9.2963007 -32.2385461 0.0000000 9.2706067 -32.4870790 0.0000000 9.2449126 -32.7356118 0.0000000 10.7369603 -32.8898638 0.0000000 10.7112663 -33.1383967 0.0000000 9.2192186 -32.9841446 0.0000000 9.1935246 -33.2326774 0.0000000 10.6855723 -33.3869295 0.0000000 9.1678306 -33.4812102 0.0000000 10.6598783 -33.6354623 0.0000000 9.1421366 -33.7297431 0.0000000 10.6341843 -33.8839951 0.0000000 10.6084902 -34.1325279 0.0000000 9.1164426 -33.9782759 0.0000000 10.5571022 -34.6295936 0.0000000 10.5827962 -34.3810608 0.0000000 9.0907485 -34.2268087 0.0000000 9.0650545 -34.4753415 0.0000000 9.0394752 -34.7227646 0.0000000 10.5311754 -34.8803456 0.0000000 10.5314082 -34.8781264 0.0000000 10.5047426 -35.1287959 0.0000000 9.0136897 -34.9651310 0.0000000 10.4441273 -35.6348986 0.0000000 10.4738726 -35.3868180 0.0000000 8.9547947 -35.4563251 0.0000000 10.3846367 -36.1310597 0.0000000 10.4143820 -35.8829792 0.0000000 8.8953041 -35.9524862 0.0000000 8.9250494 -35.7044056 0.0000000 10.3441724 -36.4441954 0.0000000 10.3548914 -36.3791403 0.0000000 8.8694872 -36.1678034 0.0000000 8.8279713 -36.3652258 0.0000000 10.2928430 -36.6882839 0.0000000 10.2862369 -36.7169034 0.0000000 8.7720807 -36.5874120 0.0000000 8.7282341 -36.7505296 0.0000000 10.2222328 -36.9709426 0.0000000 10.1050325 -37.3505085 0.0000000 10.1574766 -37.2118477 0.0000000 9.9939783 -37.5743293 0.0000000 8.4685349 -37.2596564 0.0000000 9.7499569 -38.0427790 0.0000000 9.8692789 -37.8243427 0.0000000 9.6683150 -38.1629012 0.0000000 7.7560945 -38.0153269 0.0000000 7.6078693 -38.1258081 0.0000000 8.4863233 -39.3418759 0.0000000 8.6859892 -39.1930529 0.0000000 8.2407240 -39.5046575 0.0000000 8.4496144 -39.3675679 0.0000000 7.4177173 -38.2506001 0.0000000 7.0845803 -38.4584808 0.0000000 7.4310872 -39.9296357 0.0000000 7.6654279 -39.8429569 0.0000000 7.7816784 -39.7882222 0.0000000 6.4986086 -38.6752221 0.0000000 6.8466450 -40.1355334 0.0000000 6.9624059 -40.1029932 0.0000000 6.6017825 -40.1835846 0.0000000 6.3188874 -38.7104902 0.0000000 6.5898600 -40.1858243 0.0000000 5.7032823 -38.8110046 0.0000000 5.4149821 -40.2939598 0.0000000 5.6641774 -40.3121376 0.0000000 5.8039573 -40.3092683 0.0000000 5.2853994 -38.7805217 0.0000000 5.1448453 -40.2739590 0.0000000 5.1657868 -40.2757820 0.0000000 5.0904420 -38.7607942 0.0000000 4.8966564 -40.2488451 0.0000000 4.5677985 -40.1819336 0.0000000 4.8118839 -40.2353293 0.0000000 4.0518876 -40.0576276 0.0000000 4.2929539 -40.1211258 0.0000000 4.4731176 -38.6174177 0.0000000 3.9749170 -40.0328454 0.0000000 4.0442139 -38.4533161 0.0000000 3.5081970 -39.8542750 0.0000000 3.7415570 -39.9435602 0.0000000 3.8268310 -38.3701438 0.0000000 3.0142188 -39.6522476 0.0000000 3.2431781 -39.7520418 0.0000000 3.6192887 -38.2796845 0.0000000 3.0027906 -39.6471527 0.0000000 2.8596321 -37.8880366 0.0000000 2.6585441 -37.7480184 0.0000000 2.0024954 -39.1190186 0.0000000 2.2075421 -39.2617932 0.0000000 3.0196553 -37.9994612 0.0000000 1.7974487 -38.9762439 0.0000000 2.4698756 -37.6130115 0.0000000 1.5655738 -38.8098435 0.0000000 1.5864192 -38.8253124 0.0000000 1.3675339 -38.6574986 0.0000000 1.9187494 -37.1890502 0.0000000 0.9090023 -38.2990562 0.0000000 0.9714541 -38.3528089 0.0000000 0.7294343 -38.1264486 0.0000000 1.7843545 -37.0598647 0.0000000 0.5294852 -37.9127993 0.0000000 0.6994532 -38.0959376 0.0000000 1.4589739 -36.7092713 0.0000000 0.1895493 -37.5465227 0.0000000 0.3595172 -37.7296610 0.0000000 1.1507128 -36.3771240 0.0000000 -0.1852193 -37.0888462 0.0000000 -0.0393037 -37.2914702 0.0000000 1.0342961 -36.2154633 0.0000000 -0.1897635 -37.0824659 0.0000000 -0.6231199 -36.4638248 0.0000000 -0.4808767 -36.6691405 0.0000000 0.6279442 -35.6356676 0.0000000 -0.6569770 -36.4102536 0.0000000 0.1791021 -34.8435378 0.0000000 -1.1584451 -35.5235018 0.0000000 -1.0398853 -35.7430695 0.0000000 -1.1904643 -35.4564582 0.0000000 -1.2868434 -35.2259375 0.0000000 -0.2622429 -33.7580757 0.0000000 -1.7590567 -34.0242435 0.0000000 -1.6758353 -34.2598341 0.0000000 -0.1847788 -33.9732032 0.0000000 -1.6743068 -34.2641197 0.0000000 -1.5896706 -34.4991652 0.0000000 -0.5089472 -33.0596829 0.0000000 -1.9297936 -33.5405563 0.0000000 -1.9254995 -33.5530622 0.0000000 -0.5784360 -32.8513433 0.0000000 -2.0222582 -33.2586869 0.0000000 -2.0088051 -33.3036660 0.0000000 -2.0863289 -33.0171840 0.0000000 -0.8627794 -31.7288170 0.0000000 -2.3444999 -31.9631053 0.0000000 -2.3378511 -32.0018560 0.0000000 -0.8226183 -31.9309416 0.0000000 -2.2892383 -32.2465169 0.0000000 -2.3802838 -31.7158235 0.0000000 -0.9661047 -31.0147954 0.0000000 -2.4540828 -31.2045126 0.0000000 -2.4518516 -31.2212601 0.0000000 -2.4842830 -30.9565239 0.0000000 -0.9946950 -30.7800265 0.0000000 -2.5123790 -30.6984529 0.0000000 -2.4853975 -30.9468493 0.0000000 -1.1020954 -29.7912821 0.0000000 -2.5933238 -29.9532639 0.0000000 -2.5663422 -30.2016603 0.0000000 -1.1263643 -29.5678597 0.0000000 -2.6343449 -29.4053610 0.0000000 -2.6240536 -29.6547943 0.0000000 -1.1352282 -29.3530209 0.0000000 -2.6348877 -29.3863640 0.0000000 -1.1430197 -28.8628711 0.0000000 -2.6468014 -28.6368863 0.0000000 -2.6428302 -28.8867122 0.0000000 -1.1509622 -28.3632193 0.0000000 -2.6547394 -28.1375182 0.0000000 -2.6507727 -28.3870604 0.0000000 -1.1632981 -27.6130810 0.0000000 -2.6672804 -27.3884346 0.0000000 -2.6630869 -27.6382568 0.0000000 -1.1716853 -27.1134365 0.0000000 -2.6756520 -26.8897184 0.0000000 -2.6714740 -27.1386123 0.0000000 -2.7547481 -23.6435312 0.0000000 -2.7499170 -23.8933419 0.0000000 -1.2502298 -23.8626677 0.0000000 -2.7595792 -23.3937204 0.0000000 -1.2550285 -23.6145281 0.0000000 -1.2646907 -23.1149066 0.0000000 -1.2695218 -22.8650959 0.0000000 -2.7644103 -23.1439097 0.0000000 -1.2743529 -22.6152852 0.0000000 -1.2791840 -22.3654744 0.0000000 -2.7740725 -22.6442882 0.0000000 -2.7692414 -22.8940990 0.0000000 -2.7498449 -23.8966842 0.0000000 -2.7439004 -24.1464700 0.0000000 -1.2840150 -22.1156637 0.0000000 -1.2888461 -21.8658529 0.0000000 -2.7837346 -22.1446667 0.0000000 -1.2935131 -21.6245296 0.0000000 -2.7885657 -21.8948560 0.0000000 -2.7935329 -21.6280689 0.0000000 -2.7933968 -21.6450453 0.0000000 -2.7927086 -21.3782538 0.0000000 -1.2927347 -21.3886479 0.0000000 -2.7881419 -21.1175482 0.0000000 -2.7925936 -21.3673660 0.0000000 -1.2839283 -20.8944558 0.0000000 -2.7747868 -20.3680948 0.0000000 -2.7836902 -20.8677304 0.0000000 -1.2572181 -19.3955491 0.0000000 -2.7569800 -19.3688237 0.0000000 -2.7614317 -19.6186414 0.0000000 -1.2528252 -19.1490276 0.0000000 -2.7523819 -19.1124139 0.0000000 -2.7525283 -19.1190059 0.0000000 -1.2468703 -18.9252907 0.0000000 -2.7431605 -18.8174490 0.0000000 -2.7457359 -18.8627113 0.0000000 -2.6997073 -18.3196269 0.0000000 -1.1184826 -17.4544168 0.0000000 -2.5910742 -17.0750718 0.0000000 -2.6128008 -17.3239828 0.0000000 -1.0533028 -16.7076837 0.0000000 -2.5258944 -16.3283387 0.0000000 -2.5476210 -16.5772497 0.0000000 -1.0098496 -16.2098617 0.0000000 -2.5041678 -16.0794277 0.0000000 -0.9881230 -15.9609506 0.0000000 -2.4824412 -15.8305166 0.0000000 -0.9440119 -15.4715412 0.0000000 -2.4371890 -15.3285783 0.0000000 -2.4603313 -15.5773540 0.0000000 -2.4363967 -15.3205312 0.0000000 -2.4105728 -15.0720119 0.0000000 -0.8927821 -14.9785239 0.0000000 -2.3589252 -14.5749731 0.0000000 -2.3847490 -14.8234925 0.0000000 -0.8411344 -14.4814851 0.0000000 -2.3072775 -14.0779344 0.0000000 -2.3331014 -14.3264538 0.0000000 -0.7120153 -13.2388883 0.0000000 -2.1781584 -12.8353376 0.0000000 -2.2039822 -13.0838569 0.0000000 -0.6087200 -12.2448108 0.0000000 -2.1006869 -12.0897795 0.0000000 -2.1265107 -12.3382988 0.0000000 -0.5054247 -11.2507334 0.0000000 -1.9973916 -11.0957020 0.0000000 -2.0232154 -11.3442214 0.0000000 -0.3763055 -10.0081365 0.0000000 -1.8682725 -9.8531052 0.0000000 -1.8940963 -10.1016245 0.0000000 -0.2988341 -9.2625784 0.0000000 -1.7649771 -8.8590277 0.0000000 -1.7908010 -9.1075471 0.0000000 -0.2471864 -8.7655397 0.0000000 -1.6875057 -8.1134696 0.0000000 -1.7391533 -8.6105083 0.0000000 -0.1697149 -8.0199816 0.0000000 -1.6358580 -7.6164309 0.0000000 -1.6616818 -7.8649502 0.0000000 -0.1180673 -7.5229429 0.0000000 -1.5842103 -7.1193921 0.0000000 -1.6100342 -7.3679115 0.0000000 -0.0664196 -7.0259041 0.0000000 -1.5325627 -6.6223534 0.0000000 -1.5583865 -6.8708728 0.0000000 0.0368757 -6.0318267 0.0000000 -1.4292674 -5.6282759 0.0000000 -1.4550912 -5.8767953 0.0000000 0.1401710 -5.0377492 0.0000000 -1.3517959 -4.8827178 0.0000000 -1.3776197 -5.1312372 0.0000000 0.1654898 -4.7940906 0.0000000 -1.3248986 -4.6244840 0.0000000 -1.3259721 -4.6341985 0.0000000 -1.2958397 -4.3763323 0.0000000 0.1937083 -4.5531154 0.0000000 -1.2646740 -4.1237128 0.0000000 -1.2952812 -4.3716885 0.0000000 -1.2316497 -24.6091105 0.0000000 -1.2380024 -24.3593338 0.0000000 -2.7375175 -24.3974720 0.0000000 -1.2189442 -25.1086638 0.0000000 -1.2252969 -24.8588871 0.0000000 -2.7248120 -24.8970253 0.0000000 -2.7057538 -25.6463554 0.0000000 -2.6994010 -25.8961320 0.0000000 -1.1998860 -25.8579938 0.0000000 -1.1674917 -27.3632588 0.0000000 -1.1808277 -26.6073239 0.0000000 -1.1871805 -26.3575472 0.0000000 -2.6804016 -26.6431499 0.0000000 -1.1807244 -26.6119485 0.0000000 -1.1759123 -26.8617577 0.0000000 -1.1758789 -26.8636143 0.0000000 -1.1469909 -28.6130452 0.0000000 -1.1549334 -28.1133935 0.0000000 -1.0751139 -30.0396785 0.0000000 -2.5393606 -30.4500566 0.0000000 -1.0211507 -30.5364711 0.0000000 -1.0481323 -30.2880748 0.0000000 -0.3447065 -33.5246302 0.0000000 0.0970701 -34.6473328 0.0000000 0.0006910 -34.4168121 0.0000000 0.2753131 -35.0217167 0.0000000 0.8926669 -36.0143960 0.0000000 0.7504635 -35.8125136 0.0000000 -0.3336481 -36.8781966 0.0000000 1.6289419 -36.8924096 0.0000000 2.3016719 -39.3176076 0.0000000 2.5247493 -39.4287428 0.0000000 2.5480924 -39.4398740 0.0000000 2.7754415 -39.5435133 0.0000000 3.1820508 -38.0803653 0.0000000 4.3237132 -40.1285378 0.0000000 4.6597281 -38.6665719 0.0000000 7.1967466 -40.0163144 0.0000000 6.6763773 -38.6094684 0.0000000 8.0707427 -37.7211838 0.0000000 9.1150004 -38.7983413 0.0000000 8.2082025 -37.5725748 0.0000000 9.3227422 -38.5766611 0.0000000 9.5085171 -38.3549776 0.0000000 11.3518219 -12.3559205 0.0000000 12.8438696 -12.5101725 0.0000000 11.4545980 -11.3617892 0.0000000 11.4289040 -11.6103220 0.0000000 12.9466457 -11.5160412 0.0000000 11.5059860 -10.8647235 0.0000000 11.4802920 -11.1132564 0.0000000 12.9723397 -11.2675084 0.0000000 11.5316800 -10.6161907 0.0000000 12.9980337 -11.0189756 0.0000000 11.5830681 -10.1191251 0.0000000 11.5573740 -10.3676579 0.0000000 13.0751157 -10.2733771 0.0000000 13.1008098 -10.0248443 0.0000000 13.1265038 -9.7763115 0.0000000 11.6344561 -9.6220594 0.0000000 11.6858441 -9.1249938 0.0000000 11.6601501 -9.3735266 0.0000000 13.1778918 -9.2792458 0.0000000 13.2035858 -9.0307130 0.0000000 13.2292798 -8.7821802 0.0000000 11.7372321 -8.6279282 0.0000000 11.7629262 -8.3793953 0.0000000 13.2549739 -8.5336474 0.0000000 11.7886202 -8.1308625 0.0000000 13.2806679 -8.2851146 0.0000000 11.8400082 -7.6337969 0.0000000 11.8143142 -7.8823297 0.0000000 13.3063619 -8.0365817 0.0000000 13.3320559 -7.7880489 0.0000000 13.3577499 -7.5395161 0.0000000 11.9170903 -6.8881984 0.0000000 11.8657022 -7.3852641 0.0000000 13.4091379 -7.0424505 0.0000000 13.4348320 -6.7939176 0.0000000 11.9427843 -6.6396656 0.0000000 13.4605260 -6.5453848 0.0000000 11.9684783 -6.3911328 0.0000000 13.4862200 -6.2968520 0.0000000 13.5119140 -6.0483192 0.0000000 11.9941723 -6.1425999 0.0000000 13.5376080 -5.7997864 0.0000000 12.0455603 -5.6455343 0.0000000 12.0712544 -5.3970015 0.0000000 13.5633020 -5.5512535 0.0000000 12.1226424 -4.8999358 0.0000000 12.0969484 -5.1484687 0.0000000 13.5889961 -5.3027207 0.0000000 12.1483364 -4.6514030 0.0000000 13.6403841 -4.8056551 0.0000000 12.1740304 -4.4028702 0.0000000 13.6660781 -4.5571222 0.0000000 13.6917721 -4.3085894 0.0000000 13.7174661 -4.0600566 0.0000000 12.1997244 -4.1543374 0.0000000 13.7431602 -3.8115238 0.0000000 12.2511125 -3.6572717 0.0000000 12.2768065 -3.4087389 0.0000000 13.7688542 -3.5629910 0.0000000 13.7945482 -3.3144581 0.0000000 12.3025005 -3.1602061 0.0000000 13.8202422 -3.0659253 0.0000000 12.3281945 -2.9116733 0.0000000 12.3538885 -2.6631405 0.0000000 13.8459362 -2.8173925 0.0000000 12.4052766 -2.1660748 0.0000000 12.3795825 -2.4146076 0.0000000 13.8716302 -2.5688597 0.0000000 13.8973242 -2.3203269 0.0000000 13.9230183 -2.0717940 0.0000000 12.4309706 -1.9175420 0.0000000 12.4566646 -1.6690092 0.0000000 13.9487123 -1.8232612 0.0000000 12.4823586 -1.4204763 0.0000000 13.9744063 -1.5747284 0.0000000 14.0001003 -1.3261956 0.0000000 12.5080526 -1.1719435 0.0000000 14.0514883 -0.8291299 0.0000000 14.0771824 -0.5805971 0.0000000 12.5594406 -0.6748779 0.0000000 14.1028764 -0.3320643 0.0000000 12.5851347 -0.4263451 0.0000000 12.6622167 0.3192534 0.0000000 12.6365227 0.0707206 0.0000000 14.1285704 -0.0835315 0.0000000 14.1542644 0.1650014 0.0000000 14.1799584 0.4135342 0.0000000 14.2056524 0.6620670 0.0000000 12.6879107 0.5677862 0.0000000 12.7649928 1.3133847 0.0000000 12.7392988 1.0648519 0.0000000 14.2313464 0.9105998 0.0000000 14.2570405 1.1591326 0.0000000 14.2827345 1.4076655 0.0000000 14.3084285 1.6561983 0.0000000 12.7906868 1.5619175 0.0000000 12.8677688 2.3075160 0.0000000 12.8420748 2.0589831 0.0000000 14.3341225 1.9047311 0.0000000 14.3855105 2.4017967 0.0000000 14.4108511 2.6469107 0.0000000 12.8934629 2.5560488 0.0000000 12.9478650 3.0596948 0.0000000 12.9198951 2.8114160 0.0000000 12.9781946 3.3130275 0.0000000 12.9484751 3.0649439 0.0000000 14.4381405 2.8891485 0.0000000 13.0079142 3.5611112 0.0000000 14.4675457 3.1346086 0.0000000 13.0376337 3.8091948 0.0000000 14.5269848 3.6307759 0.0000000 13.0970727 4.3053621 0.0000000 13.0673532 4.0572785 0.0000000 14.5567043 3.8788596 0.0000000 14.5864238 4.1269432 0.0000000 14.6161434 4.3750269 0.0000000 13.1565118 4.8015294 0.0000000 13.1267923 4.5534458 0.0000000 13.2159508 5.2976967 0.0000000 13.1862313 5.0496131 0.0000000 14.6755824 4.8711942 0.0000000 14.7350215 5.3673615 0.0000000 14.7647410 5.6154451 0.0000000 13.2456704 5.5457804 0.0000000 13.3051094 6.0419477 0.0000000 13.2753899 5.7938640 0.0000000 14.7944605 5.8635287 0.0000000 14.8241801 6.1116124 0.0000000 14.8538996 6.3596960 0.0000000 14.8836191 6.6077797 0.0000000 13.3645485 6.5381149 0.0000000 13.3942680 6.7861986 0.0000000 13.4239875 7.0342822 0.0000000 14.9132895 6.8554527 0.0000000 13.4843710 7.5318349 0.0000000 13.4541592 7.2838108 0.0000000 14.9431932 7.1027644 0.0000000 13.5447948 8.0278833 0.0000000 15.0337888 7.8465085 0.0000000 13.6958543 9.2680041 0.0000000 13.6656424 9.0199799 0.0000000 15.1546364 8.8386052 0.0000000 15.1848483 9.0866293 0.0000000 15.2150602 9.3346535 0.0000000 15.3056959 10.0787260 0.0000000 15.3359077 10.3267502 0.0000000 13.8167018 10.2601008 0.0000000 13.7864899 10.0120766 0.0000000 13.7562781 9.7640524 0.0000000 15.2452721 9.5826777 0.0000000 15.2754840 9.8307018 0.0000000 13.8469137 10.5081249 0.0000000 15.4321545 10.9991007 0.0000000 13.9626233 11.3004141 0.0000000 13.9701200 11.3349082 0.0000000 15.4867944 11.2247834 0.0000000 14.0289142 11.5777497 0.0000000 14.0886276 11.8243457 0.0000000 14.0877083 11.8205912 0.0000000 15.5451338 11.4657465 0.0000000 15.5853270 11.6280959 0.0000000 14.4238432 12.6657214 0.0000000 14.3136736 12.4414639 0.0000000 15.7296904 11.9219571 0.0000000 15.6599860 11.7800692 0.0000000 14.5234403 12.8182734 0.0000000 14.6841350 13.0089987 0.0000000 15.9361519 12.1571560 0.0000000 14.9667717 13.3037346 0.0000000 14.8703344 13.2146878 0.0000000 15.1644700 13.4565225 0.0000000 16.3564750 14.5044839 0.0000000 18.1626363 14.4069342 0.0000000 16.9019747 15.2197886 0.0000000 18.8598889 19.4785993 0.0000000 18.8438434 19.6718656 0.0000000 17.3670324 19.3303958 0.0000000 18.8438434 19.8724597 0.0000000 18.8539073 20.0798888 0.0000000 17.3447246 19.9269884 0.0000000 17.3605858 20.2232367 0.0000000 17.3568143 20.1761715 0.0000000 18.8652251 20.1810234 0.0000000 17.4552757 20.7078401 0.0000000 17.3883734 20.4715441 0.0000000 17.5599496 20.9299672 0.0000000 18.9728095 20.3749839 0.0000000 17.8100417 21.3252055 0.0000000 17.7265459 21.2127054 0.0000000 17.9763308 21.5102686 0.0000000 19.0807213 20.4950789 0.0000000 17.9995967 21.5350106 0.0000000 19.5746187 20.9942799 0.0000000 18.7536530 22.2698717 0.0000000 18.5660501 22.1048447 0.0000000 18.5313957 22.0723571 0.0000000 19.1288588 22.5999256 0.0000000 20.4947913 21.8037199 0.0000000 19.5040646 22.9299795 0.0000000 21.8080116 22.9589087 0.0000000 21.9956145 23.1239356 0.0000000 21.0048878 24.2501952 0.0000000 22.1832174 23.2889626 0.0000000 22.3708203 23.4539896 0.0000000 21.3800936 24.5802491 0.0000000 26.4991365 27.0825265 0.0000000 25.6969893 28.3744199 0.0000000 25.5092617 28.2095348 0.0000000 21.7552994 24.9103031 0.0000000 21.5676965 24.7452761 0.0000000 22.5584232 23.6190165 0.0000000 22.1305052 25.2403570 0.0000000 22.5057110 25.5704109 0.0000000 24.0074407 26.8904542 0.0000000 24.4341640 25.2688182 0.0000000 23.6319855 26.5606841 0.0000000 23.4442578 26.3957990 0.0000000 24.2466677 25.1040994 0.0000000 23.2564860 26.2308382 0.0000000 22.8809168 25.9004648 0.0000000 24.3828959 27.2202244 0.0000000 25.1338064 27.8797647 0.0000000 26.2601721 28.8690751 0.0000000 26.6356274 29.1988452 0.0000000 27.0110826 29.5286153 0.0000000 29.0760865 31.3423511 0.0000000 30.0147246 32.1667764 0.0000000 30.5779074 32.6614317 0.0000000 33.3527194 35.1625293 0.0000000 33.1676836 34.9946290 0.0000000 34.3606960 34.0516814 0.0000000 35.4709105 35.0590833 0.0000000 41.1383879 39.9468854 0.0000000 41.3259741 40.1119314 0.0000000 37.3409724 36.6848951 0.0000000 37.5305132 36.8476926 0.0000000 36.3636302 37.8227889 0.0000000 37.3113344 38.6367763 0.0000000 37.1217935 38.4739788 0.0000000 38.2886765 37.4988825 0.0000000 38.4485794 39.6135611 0.0000000 39.6154623 38.6384648 0.0000000 38.8572990 37.9872749 0.0000000 39.0468398 38.1500724 0.0000000 37.8799569 39.1251687 0.0000000 39.2363807 38.3128699 0.0000000 38.0694977 39.2879662 0.0000000 38.0991357 37.3360850 0.0000000 36.9322527 38.3111813 0.0000000 38.2590385 39.4507637 0.0000000 39.4259215 38.4756673 0.0000000 39.9945440 38.9640598 0.0000000 40.1840848 39.1268572 0.0000000 39.0172019 40.1019536 0.0000000 39.3962835 40.4275485 0.0000000 39.2067427 40.2647511 0.0000000 40.3736257 39.2896547 0.0000000 40.5631665 39.4524522 0.0000000 40.7527073 39.6152497 0.0000000 39.9646447 40.9157165 0.0000000 40.3351328 41.2380902 0.0000000 41.5135602 40.2769775 0.0000000 40.5227189 41.4031363 0.0000000 41.7011463 40.4420235 0.0000000 41.8887324 40.6070695 0.0000000 40.8978912 41.7332284 0.0000000 46.4267024 45.4205804 0.0000000 41.3214836 42.0873909 0.0000000 41.3084850 42.0772554 0.0000000 42.2373365 40.8994172 0.0000000 41.9176284 42.5417806 0.0000000 41.7189135 42.3903174 0.0000000 42.6282114 41.1973475 0.0000000 42.4294965 41.0458842 0.0000000 41.5201985 42.2388541 0.0000000 42.3150583 42.8447071 0.0000000 42.1163434 42.6932439 0.0000000 43.2156774 41.6451220 0.0000000 42.3326050 42.8576822 0.0000000 42.5356179 43.0032823 0.0000000 42.5407086 43.0069013 0.0000000 43.1534382 43.4386666 0.0000000 44.8130766 42.7731456 0.0000000 44.0141213 44.0429303 0.0000000 43.9704109 44.0143535 0.0000000 44.2277393 44.1722022 0.0000000 44.9980794 42.8851010 0.0000000 44.2403366 44.1796586 0.0000000 45.2079917 43.0065975 0.0000000 44.6728313 44.4299850 0.0000000 44.4565840 44.3048218 0.0000000 45.5389969 44.9308780 0.0000000 45.3225623 44.8060461 0.0000000 45.5515307 44.9379477 0.0000000 47.3018741 45.9032132 0.0000000 47.0830812 45.7825550 0.0000000 47.9582529 46.2651878 0.0000000 47.7394600 46.1445296 0.0000000 55.6133872 50.5056319 0.0000000 55.8870126 48.9484408 0.0000000 55.1737775 50.2680224 0.0000000 54.7341678 50.0304130 0.0000000 54.5143629 49.9116082 0.0000000 53.8549483 49.5551940 0.0000000 53.9185532 47.8815713 0.0000000 53.1898864 49.1926961 0.0000000 53.1866810 49.1909095 0.0000000 53.4153385 49.3175846 0.0000000 53.4084252 49.3138008 0.0000000 51.2251386 48.0913277 0.0000000 51.0071895 47.9691520 0.0000000 51.7406622 46.6607110 0.0000000 55.8331921 50.6244366 0.0000000 51.5227131 46.5385352 0.0000000 50.7892403 47.8469762 0.0000000 51.3047639 46.4163595 0.0000000 50.5712912 47.7248005 0.0000000 56.4926067 50.9808508 0.0000000 56.7124116 51.0996556 0.0000000 57.5916311 51.5748745 0.0000000 57.3718262 51.4560698 0.0000000 58.0312408 51.8124840 0.0000000 58.4708505 52.0500934 0.0000000 59.6236954 50.9681213 0.0000000 58.9104603 52.2877029 0.0000000 60.7860248 51.7274558 0.0000000 59.8085828 52.8658298 0.0000000 61.1583522 57.7303078 0.0000000 61.1333243 57.9789086 0.0000000 59.6408686 57.8286555 0.0000000 61.0582406 58.7247110 0.0000000 59.0436477 64.0540068 0.0000000 59.3655617 60.5632642 0.0000000 59.3905896 60.3146634 0.0000000 60.8580174 60.7135172 0.0000000 59.2237729 62.0632796 0.0000000 59.3155060 61.0604657 0.0000000 59.3405338 60.8118650 0.0000000 60.8081976 61.2083748 0.0000000 60.7850880 61.4533539 0.0000000 59.2688042 61.5655978 0.0000000 59.2913199 61.3167569 0.0000000 59.2915834 61.3139053 0.0000000 59.3150487 61.0651552 0.0000000 60.6726388 62.6961323 0.0000000 59.1787416 62.5609614 0.0000000 60.6050919 63.4426550 0.0000000 59.1111947 63.3074841 0.0000000 59.4156175 60.0660626 0.0000000 60.9080732 60.2163157 0.0000000 59.5407570 58.8230587 0.0000000 59.5657849 58.5744579 0.0000000 61.0332127 58.9733117 0.0000000 59.2710272 68.1149023 0.0000000 58.1649636 67.1016781 0.0000000 58.1295204 69.0234558 0.0000000 57.3626674 67.7342946 0.0000000 55.2774224 68.0529076 0.0000000 49.1733626 67.6170899 0.0000000 49.6514082 66.1953049 0.0000000 48.6997045 67.4578322 0.0000000 48.4628754 67.3782034 0.0000000 48.9409210 65.9564184 0.0000000 48.2260464 67.2985745 0.0000000 47.9892174 67.2189457 0.0000000 48.4672630 65.7971608 0.0000000 47.2831178 65.3990166 0.0000000 47.5199468 65.4786454 0.0000000 47.0419012 66.9004303 0.0000000 46.8094597 65.2397589 0.0000000 46.3314141 66.6615438 0.0000000 46.0945851 66.5819150 0.0000000 46.0966735 65.0001035 0.0000000 46.0989726 65.0008724 0.0000000 45.6220759 66.4230436 0.0000000 45.8539198 64.9193801 0.0000000 45.8595913 64.9212416 0.0000000 45.3889760 66.3455064 0.0000000 45.3785091 64.7654332 0.0000000 45.6162144 64.8424066 0.0000000 45.1541101 66.2694524 0.0000000 45.1408037 64.6884597 0.0000000 44.6786995 66.1155055 0.0000000 44.4409941 66.0385320 0.0000000 44.2032888 65.9615585 0.0000000 44.6653930 64.5345128 0.0000000 44.9164048 66.1924789 0.0000000 44.9030984 64.6114862 0.0000000 44.1899824 64.3805658 0.0000000 44.4276877 64.4575393 0.0000000 43.7278781 65.8076116 0.0000000 43.6553022 64.2294131 0.0000000 43.8979163 64.2882256 0.0000000 43.5170635 65.7393459 0.0000000 43.6384725 64.2255380 0.0000000 42.6620099 64.0125106 0.0000000 42.1097460 65.4273086 0.0000000 42.1490047 63.9090523 0.0000000 42.3946699 63.9545701 0.0000000 41.8767478 65.3841378 0.0000000 42.1469683 63.9086779 0.0000000 43.9655834 65.8845851 0.0000000 40.3630159 62.1423926 0.0000000 40.4972337 62.3447037 0.0000000 39.1824185 63.0761618 0.0000000 39.1621045 63.0455418 0.0000000 39.9119708 61.7275635 0.0000000 40.0674096 61.8389522 0.0000000 39.1159298 63.0025584 0.0000000 39.0911605 62.9892208 0.0000000 39.4579692 61.5293723 0.0000000 39.6919797 61.6091039 0.0000000 39.2145324 61.4893837 0.0000000 38.9995595 62.9741737 0.0000000 38.9090059 61.4606419 0.0000000 39.1579243 61.4822838 0.0000000 38.6497866 61.4415453 0.0000000 38.8989508 61.4598358 0.0000000 38.6396579 61.4408707 0.0000000 38.1408345 61.4110349 0.0000000 37.6420111 61.3811992 0.0000000 37.1431877 61.3513634 0.0000000 36.1455408 61.2916920 0.0000000 35.8961291 61.2767741 0.0000000 35.3973057 61.2469383 0.0000000 34.8984822 61.2171026 0.0000000 34.0606888 62.6696730 0.0000000 33.6514237 61.1425132 0.0000000 33.1526003 61.1126775 0.0000000 32.6537768 61.0828418 0.0000000 32.1549534 61.0530060 0.0000000 31.1573066 60.9933345 0.0000000 31.4067183 61.0082524 0.0000000 30.9078948 60.9784167 0.0000000 30.4090714 60.9485809 0.0000000 29.8206897 62.4160692 0.0000000 29.6608363 60.9038273 0.0000000 29.9102480 60.9187452 0.0000000 25.9450959 60.5990254 0.0000000 27.9366171 60.7701476 0.0000000 25.0698605 62.0293476 0.0000000 25.1982754 60.5348545 0.0000000 25.4472155 60.5562448 0.0000000 22.2109935 60.2781711 0.0000000 19.4767970 60.0351374 0.0000000 20.4721536 60.1252764 0.0000000 17.5544172 61.2435199 0.0000000 17.5656211 59.7228940 0.0000000 17.8117736 59.7657623 0.0000000 16.1918337 59.3611473 0.0000000 12.6212209 59.6120141 0.0000000 12.3975278 59.5007030 0.0000000 13.0657755 58.1577789 0.0000000 12.1738348 59.3893919 0.0000000 12.8420824 58.0464678 0.0000000 11.9501417 59.2780807 0.0000000 12.6339078 57.9428787 0.0000000 11.7012486 59.1404473 0.0000000 11.6906058 59.1344086 0.0000000 12.4361694 57.8328048 0.0000000 12.2251660 57.7107955 0.0000000 11.4743057 59.0093366 0.0000000 11.0417055 58.7591925 0.0000000 10.8254054 58.6341205 0.0000000 11.5762657 57.3355795 0.0000000 10.1314549 58.1935260 0.0000000 10.8024386 56.8288980 0.0000000 11.0054957 56.9744884 0.0000000 10.5993815 56.6833076 0.0000000 8.4923591 56.9330244 0.0000000 9.2892157 55.6378610 0.0000000 9.4776162 55.8019768 0.0000000 8.6172053 55.0054944 0.0000000 7.5232671 56.0317980 0.0000000 5.1422539 52.9703023 0.0000000 6.4136383 52.1742866 0.0000000 5.1341553 52.9572185 0.0000000 4.5322102 51.7673090 0.0000000 5.8928304 51.1358368 0.0000000 4.4280750 51.5402939 0.0000000 5.7983441 50.9298564 0.0000000 5.5222405 50.2507404 0.0000000 5.6163433 50.4821997 0.0000000 4.2267953 51.0471389 0.0000000 4.0311228 50.5651095 0.0000000 3.9434335 50.3312877 0.0000000 4.9469269 48.4606144 0.0000000 4.7088656 47.2766145 0.0000000 4.6119703 46.3594232 0.0000000 4.5368103 45.3628236 0.0000000 4.3677003 43.1204743 0.0000000 2.8531580 42.9841287 0.0000000 4.3301203 42.6221745 0.0000000 4.3489103 42.8713244 0.0000000 4.2549603 41.6255748 0.0000000 4.2361703 41.3764249 0.0000000 4.1446786 40.1337028 0.0000000 3.3513601 34.8280284 0.0000000 3.4149739 34.5864047 0.0000000 4.8655435 34.9683052 0.0000000 4.9927711 34.4850577 0.0000000 3.5422015 34.1031572 0.0000000 3.8602705 32.8950385 0.0000000 3.9238843 32.6534148 0.0000000 5.3108400 33.2769390 0.0000000 3.9874981 32.4117910 0.0000000 4.1072131 31.9570785 0.0000000 5.4380676 32.7936915 0.0000000 5.5780553 32.2528722 0.0000000 5.5652952 32.3104441 0.0000000 5.6221771 32.0087255 0.0000000 4.1306764 31.8272452 0.0000000 5.6331464 31.8369053 0.0000000 4.1198653 31.7445568 0.0000000 4.2172022 30.2452694 0.0000000 4.3380203 30.2560189 0.0000000 5.1121604 30.6013949 0.0000000 5.2592213 30.7555274 0.0000000 4.5788120 30.2972760 0.0000000 4.9157544 30.4469494 0.0000000 5.4040904 30.9587005 0.0000000 3.9875323 31.7435263 0.0000000 3.9059921 30.2454213 0.0000000 3.9681107 30.2433295 0.0000000 3.6188480 30.2680035 0.0000000 1.7424568 11.6375016 0.0000000 1.7636303 11.8864603 0.0000000 0.2690259 12.0135738 0.0000000 1.7212833 11.3885429 0.0000000 0.2478524 11.7646151 0.0000000 0.2266789 11.5156564 0.0000000 1.6577627 10.6416668 0.0000000 1.6789363 10.8906255 0.0000000 0.1843319 11.0177390 0.0000000 0.1631584 10.7687803 0.0000000 0.1208114 10.2708630 0.0000000 1.5942422 9.8947908 0.0000000 1.6154157 10.1437495 0.0000000 1.5730687 9.6458321 0.0000000 0.0996379 10.0219043 0.0000000 0.0784644 9.7729456 0.0000000 0.0361174 9.2750282 0.0000000 1.5095482 8.8989560 0.0000000 1.5307217 9.1479147 0.0000000 1.4883747 8.6499973 0.0000000 0.0149439 9.0260695 0.0000000 1.4672012 8.4010386 0.0000000 -0.0062296 8.7771108 0.0000000 -0.0274031 8.5281521 0.0000000 -0.0485766 8.2791934 0.0000000 1.3825072 7.4052039 0.0000000 1.4036807 7.6541626 0.0000000 -0.0909236 7.7812761 0.0000000 1.3401602 6.9072865 0.0000000 1.3613337 7.1562452 0.0000000 -0.1332706 7.2833587 0.0000000 1.3189867 6.6583278 0.0000000 -0.1756176 6.7854413 0.0000000 1.2342927 5.6624931 0.0000000 1.2554662 5.9114518 0.0000000 -0.2603116 5.7896066 0.0000000 -0.2814851 5.5406479 0.0000000 -0.3026586 5.2916892 0.0000000 1.2131192 5.4135344 0.0000000 -0.3238321 5.0427305 0.0000000 1.1919457 5.1645757 0.0000000 -0.3450056 4.7937718 0.0000000 -0.3661791 4.5448131 0.0000000 1.1495987 4.6666583 0.0000000 -0.3873526 4.2958544 0.0000000 -0.4085261 4.0468958 0.0000000 1.1072517 4.1687410 0.0000000 1.0225577 3.1729062 0.0000000 1.0437312 3.4218649 0.0000000 -0.4508732 3.5489784 0.0000000 -0.4932202 3.0510610 0.0000000 -0.5143937 2.8021023 0.0000000 0.9802107 2.6749888 0.0000000 0.9378637 2.1770714 0.0000000 0.9590372 2.4260301 0.0000000 -0.5355672 2.5531436 0.0000000 -0.5567407 2.3041849 0.0000000 -0.5779142 2.0552262 0.0000000 0.9166902 1.9281128 0.0000000 -0.5990877 1.8062676 0.0000000 -0.6202612 1.5573089 0.0000000 0.8955167 1.6791541 0.0000000 0.8108227 0.6833193 0.0000000 0.8319962 0.9322780 0.0000000 -0.6626082 1.0593915 0.0000000 -0.6837817 0.8104328 0.0000000 -0.7049552 0.5614741 0.0000000 -0.7460956 0.0777434 0.0000000 0.7896492 0.4343606 0.0000000 -1.2340668 -3.8757371 0.0000000 0.2546363 -4.0594851 0.0000000 0.6831371 -0.5878254 0.0000000 0.7443515 -0.0918740 0.0000000 -1.2034596 -3.6277614 0.0000000 0.2852435 -3.8115094 0.0000000 0.5913155 -1.3317525 0.0000000 0.6525299 -0.8358011 0.0000000 -0.8361731 -0.6520531 0.0000000 0.3770651 -3.0675823 0.0000000 0.4076723 -2.8196066 0.0000000 -1.1116379 -2.8838343 0.0000000 -1.0810307 -2.6358586 0.0000000 -1.0504235 -2.3878829 0.0000000 0.4382795 -2.5716309 0.0000000 0.4688867 -2.3236552 0.0000000 -1.0198163 -2.1399072 0.0000000 0.4994939 -2.0756795 0.0000000 -0.9892091 -1.8919316 0.0000000 -0.4720467 3.3000197 0.0000000 -0.2179646 6.2875239 0.0000000 -0.2391381 6.0385653 0.0000000 1.2766397 6.1604105 0.0000000 -0.1544441 7.0344000 0.0000000 0.2240291 -4.3074608 0.0000000 0.0885234 -5.5347879 0.0000000 0.1143472 -5.2862686 0.0000000 0.0626995 -5.7833073 0.0000000 -0.0405958 -6.7773848 0.0000000 -0.0922434 -7.2744235 0.0000000 -0.1438911 -7.7714622 0.0000000 -0.1955387 -8.2685010 0.0000000 -0.2730102 -9.0140591 0.0000000 -0.4021294 -10.2566559 0.0000000 -1.9199201 -10.3501439 0.0000000 -0.4279532 -10.5051753 0.0000000 -1.9457439 -10.5986633 0.0000000 -0.4796009 -11.0022140 0.0000000 -0.4537770 -10.7536946 0.0000000 -2.0490392 -11.5927407 0.0000000 -0.5570723 -11.7477721 0.0000000 -0.5312485 -11.4992527 0.0000000 -2.0748631 -11.8412601 0.0000000 -0.5828962 -11.9962915 0.0000000 -2.1523346 -12.5868182 0.0000000 -0.6603676 -12.7418496 0.0000000 -0.6345438 -12.4933302 0.0000000 -0.6861915 -12.9903689 0.0000000 -2.2814537 -13.8294150 0.0000000 -0.8153106 -14.2329658 0.0000000 -0.7894868 -13.9844464 0.0000000 -0.8669583 -14.7300045 0.0000000 -0.9186059 -15.2270432 0.0000000 -1.0315762 -16.4587727 0.0000000 -1.0967560 -17.2055058 0.0000000 -1.0750294 -16.9565948 0.0000000 -2.6779807 -18.0707159 0.0000000 -1.1836624 -18.2011499 0.0000000 -1.1402092 -17.7033278 0.0000000 -1.2053890 -18.4500609 0.0000000 -1.2616698 -19.6453669 0.0000000 -2.7703351 -20.1182770 0.0000000 -1.2750249 -20.3948203 0.0000000 -1.2705732 -20.1450025 0.0000000 -1.2883800 -21.1442736 0.0000000 1.7001098 11.1395842 0.0000000 0.2055054 11.2666977 0.0000000 1.7848038 12.1354190 0.0000000 1.8059773 12.3843777 0.0000000 0.3113729 12.5114911 0.0000000 0.3748934 13.2583672 0.0000000 0.3537199 13.0094085 0.0000000 1.8483243 12.8822950 0.0000000 1.8694978 13.1312537 0.0000000 1.8906713 13.3802124 0.0000000 0.3960669 13.5073259 0.0000000 0.4384139 14.0052433 0.0000000 0.4172404 13.7562846 0.0000000 1.9118448 13.6291711 0.0000000 2.0812328 15.6208406 0.0000000 0.8407105 18.7354583 0.0000000 0.9677515 20.2292105 0.0000000 1.1884629 22.7232944 0.0000000 1.4864599 25.9577427 0.0000000 2.9801339 25.8201271 0.0000000 2.7509054 23.3320900 0.0000000 2.7738282 23.5808937 0.0000000 1.2801543 23.7185093 0.0000000 3.1405939 27.5617531 0.0000000 2.6839129 40.7385817 0.0000000 2.6028090 39.1629612 0.0000000 4.2925403 42.1238746 0.0000000 2.7967880 42.2366790 0.0000000 4.1015490 39.2249873 0.0000000 4.5180203 45.1136736 0.0000000 3.0410580 45.4756279 0.0000000 4.6307604 46.6085732 0.0000000 3.1554292 46.9890819 0.0000000 4.7527896 47.5225809 0.0000000 3.2761496 47.7862748 0.0000000 3.6016587 49.2912579 0.0000000 5.0049652 52.7436405 0.0000000 5.6769596 53.8146658 0.0000000 6.0106203 54.2861400 0.0000000 7.4970332 53.7473528 0.0000000 6.6627194 55.1077412 0.0000000 6.8302398 55.2929192 0.0000000 7.6942201 56.2140171 0.0000000 9.8489451 56.1254420 0.0000000 8.8691600 57.2612562 0.0000000 9.3192266 57.6111644 0.0000000 9.9283978 58.0479356 0.0000000 10.3345120 58.3391164 0.0000000 13.5326752 60.0593392 0.0000000 14.1354263 58.6851840 0.0000000 15.7836809 60.8045499 0.0000000 17.3082647 61.2006517 0.0000000 20.3368680 61.6191632 0.0000000 21.4642218 60.2140045 0.0000000 28.9298409 60.8554908 0.0000000 28.8039628 62.3502019 0.0000000 31.0677483 62.4906586 0.0000000 25.6961557 60.5776351 0.0000000 25.8166809 62.0935185 0.0000000 25.5677408 62.0721282 0.0000000 39.4462221 63.9960937 0.0000000 39.4222435 63.9250186 0.0000000 40.8555286 63.4810544 0.0000000 52.0196986 66.9915933 0.0000000 56.1426639 69.6282288 0.0000000 56.4499802 68.0805290 0.0000000 57.2773850 69.4254844 0.0000000 58.7982377 68.5842317 0.0000000 58.3187678 66.9337812 0.0000000 59.9450709 67.2219647 0.0000000 60.3876849 65.7408511 0.0000000 61.4086312 55.2443000 0.0000000 61.5087428 54.2498968 0.0000000 59.9098976 53.0061616 0.0000000 61.2998035 52.4408288 0.0000000 61.2694857 52.3713703 0.0000000 60.1169975 51.2488403 0.0000000 58.7444759 50.4929023 0.0000000 56.7662321 49.4236597 0.0000000 51.6610369 48.3356792 0.0000000 50.1353929 47.4804490 0.0000000 49.2635963 46.9917460 0.0000000 48.6826151 44.9516812 0.0000000 42.9491950 43.2947448 0.0000000 43.8132181 42.0685866 0.0000000 39.5858244 40.5903460 0.0000000 35.4159261 37.0088015 0.0000000 34.8448258 36.5162326 0.0000000 34.2778981 36.0020309 0.0000000 30.7656350 32.8263167 0.0000000 28.3251760 30.6828108 0.0000000 31.7555099 31.6993084 0.0000000 27.5742655 30.0232706 0.0000000 28.3764127 28.7313771 0.0000000 21.6204087 22.7938817 0.0000000 15.7244230 13.9046946 0.0000000 16.6917512 12.7582757 0.0000000 16.8827120 12.9194052 0.0000000 18.9267039 16.1925626 0.0000000 18.9462177 16.2694786 0.0000000 18.7783662 15.7153720 0.0000000 18.4911016 14.9655862 0.0000000 16.7765082 15.0252018 0.0000000 18.0272378 14.1969437 0.0000000 19.0536241 17.6733595 0.0000000 17.5538300 17.6469982 0.0000000 17.5133232 18.3222604 0.0000000 11.2747399 -13.1015189 0.0000000 11.2233518 -13.5985846 0.0000000 11.1462698 -14.3441830 0.0000000 10.9407177 -16.3324456 0.0000000 10.8636356 -17.0780441 0.0000000 12.3042953 -17.7293618 0.0000000 12.1501312 -19.2205587 0.0000000 10.3240613 -22.2972333 0.0000000 11.7133329 -23.4456166 0.0000000 10.1185092 -24.2854959 0.0000000 10.0414271 -25.0310943 0.0000000 11.2251466 -28.1677402 0.0000000 9.4504648 -30.7473492 0.0000000 8.9845400 -35.2082445 0.0000000 8.5457983 -37.1182143 0.0000000 9.8829242 -37.7981500 0.0000000 10.2252845 -36.9592122 0.0000000 8.7499542 -39.1395981 0.0000000 7.2260632 -38.3763779 0.0000000 7.9967655 -39.6634067 0.0000000 6.3439326 -40.2299661 0.0000000 8.0318336 -39.6417471 0.0000000 6.0507196 -40.2810483 0.0000000 3.2748370 -39.7649898 0.0000000 1.7895671 -38.9706803 0.0000000 0.0195813 -37.3633844 0.0000000 -0.7814200 -36.1935910 0.0000000 -1.0303062 -35.7602659 0.0000000 -1.3832225 -34.9954167 0.0000000 -1.5759808 -34.5343752 0.0000000 -0.7005550 -32.3910375 0.0000000 -2.1503996 -32.7756810 0.0000000 -2.2785410 -32.2926750 0.0000000 -0.8957469 -31.5009977 0.0000000 -2.4160677 -31.4685418 0.0000000 -2.6203053 -29.7048676 0.0000000 -1.2598596 -23.3647174 0.0000000 -2.7789035 -22.3944775 0.0000000 -2.5693476 -16.8261607 0.0000000 -0.9665820 -15.7141659 0.0000000 -2.4607146 -15.5816056 0.0000000 -0.7378391 -13.4874077 0.0000000 -2.2298060 -13.3323763 0.0000000 -1.9715678 -10.8471826 0.0000000 -0.3246579 -9.5110978 0.0000000 -1.8166248 -9.3560664 0.0000000 0.0110519 -6.2803460 0.0000000 -1.4809150 -6.1253147 0.0000000 -2.7311648 -24.6472487 0.0000000 -2.7184593 -25.1468020 0.0000000 -2.6588941 -27.8880291 0.0000000 -1.1591029 -27.8630033 0.0000000 -2.6866956 -26.3956854 0.0000000 -1.1935332 -26.1077705 0.0000000 -2.6930483 -26.1459087 0.0000000 12.8181756 -12.7587053 0.0000000 13.0237277 -10.7704428 0.0000000 13.0494217 -10.5219099 0.0000000 11.6087621 -9.8705923 0.0000000 13.1521978 -9.5277787 0.0000000 11.7115381 -8.8764610 0.0000000 12.0198663 -5.8940671 0.0000000 13.6146901 -5.0541879 0.0000000 12.2254184 -3.9058046 0.0000000 12.6108287 -0.1778122 0.0000000 12.7136047 0.8163190 0.0000000 12.8163808 1.8104503 0.0000000 14.3598165 2.1532639 0.0000000 14.6458629 4.6231105 0.0000000 14.7053019 5.1192778 0.0000000 13.3348290 6.2900313 0.0000000 13.4240864 7.0351034 0.0000000 13.7260662 9.5160283 0.0000000 13.9153977 11.0554749 0.0000000 15.9153839 14.0658241 0.0000000 14.2035040 12.2172065 0.0000000 14.7026315 13.0301357 0.0000000 17.3438434 19.8906431 0.0000000 18.1748366 21.7131109 0.0000000 17.5970273 20.9990381 0.0000000 17.3438434 19.6407856 0.0000000 17.3464149 19.5787321 0.0000000 21.1924907 24.4152222 0.0000000 30.9533627 32.9912018 0.0000000 36.5531711 37.9855864 0.0000000 38.4782174 37.6616799 0.0000000 38.6677582 37.8244774 0.0000000 37.6904160 38.9623712 0.0000000 39.7753652 40.7531435 0.0000000 36.1740894 37.6599914 0.0000000 37.1514315 36.5220976 0.0000000 40.7103050 41.5681823 0.0000000 43.0256413 41.5002740 0.0000000 46.0724868 43.5069642 0.0000000 45.3215734 44.8054747 0.0000000 43.7661677 43.8704318 0.0000000 45.1053260 44.6803114 0.0000000 41.1132503 41.9215445 0.0000000 42.0627131 40.7601450 0.0000000 51.8789861 48.4578550 0.0000000 53.4842554 47.6381170 0.0000000 52.7507827 48.9465580 0.0000000 52.5328335 48.8243822 0.0000000 52.9687318 49.0687337 0.0000000 51.0868148 46.2941837 0.0000000 58.9642808 50.6117071 0.0000000 58.2510457 51.9312887 0.0000000 60.8329895 60.9621180 0.0000000 59.1562260 62.8098023 0.0000000 58.9986164 64.5516885 0.0000000 49.8882372 66.2749338 0.0000000 48.7040920 65.8767896 0.0000000 47.2787302 66.9800592 0.0000000 43.9522770 64.3035924 0.0000000 42.4178942 63.9592538 0.0000000 40.2490643 62.0080520 0.0000000 38.7841051 62.9554413 0.0000000 22.7088738 60.3209517 0.0000000 20.7209928 60.1478111 0.0000000 10.1932674 56.3921268 0.0000000 5.4320017 50.0287854 0.0000000 4.5743903 45.8611234 0.0000000 4.4428603 44.1170740 0.0000000 2.8343680 42.7349788 0.0000000 2.6661858 40.4893539 0.0000000 4.1624057 40.3829306 0.0000000 5.3744538 33.0353153 0.0000000 5.5045717 31.1558463 0.0000000 3.6568391 30.2641699 0.0000000 1.4460277 8.1520800 0.0000000 1.4248542 7.9031213 0.0000000 1.1707722 4.9156170 0.0000000 1.1284252 4.4176996 0.0000000 -0.6414347 1.3083502 0.0000000 0.8531697 1.1812367 0.0000000 -0.8973875 -1.1480045 0.0000000 -0.9279947 -1.3959802 0.0000000 -0.9586019 -1.6439559 0.0000000 0.5607083 -1.5797282 0.0000000 0.5301011 -1.8277039 0.0000000 1.2978132 6.4093691 0.0000000 -0.0147719 -6.5288654 0.0000000 -2.2556299 -13.5808957 0.0000000 -0.7636630 -13.7359270 0.0000000 -1.2661215 -19.8951847 0.0000000 0.2901994 12.2625325 0.0000000 2.3141413 18.3593862 0.0000000 3.0947482 27.0641457 0.0000000 1.9978671 30.8874606 0.0000000 2.6035867 39.1463895 0.0000000 2.9471080 44.2298783 0.0000000 6.3206714 54.6780370 0.0000000 14.5513967 60.4164269 0.0000000 20.5857071 61.6416979 0.0000000 41.9011676 63.8638364 0.0000000 46.8050722 66.8208015 0.0000000 54.3879890 67.7878817 0.0000000 56.0700321 68.1297925 0.0000000 59.4398016 67.9306635 0.0000000 60.4474823 65.1845413 0.0000000 60.0162871 54.0996438 0.0000000 61.5241468 53.4002709 0.0000000 56.5464272 49.3048550 0.0000000 33.5377551 35.3304296 0.0000000 33.2504815 33.0442795 0.0000000 28.7006312 31.0125810 0.0000000 29.5027784 29.7206876 0.0000000 32.7976121 34.6588283 0.0000000 26.0724445 28.7041900 0.0000000 27.0623194 27.5771817 0.0000000 18.5820917 15.1982868 0.0000000 15.8222029 12.0317583 0.0000000 10.6580835 -19.0663066 0.0000000 10.3754493 -21.8001677 0.0000000 10.9425125 -30.9016013 0.0000000 10.5036178 -35.1387375 0.0000000 8.6502877 -36.9076243 0.0000000 5.8565354 -38.7934784 0.0000000 6.0980053 -40.2741080 0.0000000 1.1694940 -38.5051538 0.0000000 -0.4775328 -36.6739273 0.0000000 -0.9058631 -35.9769285 0.0000000 -1.4796017 -34.7648960 0.0000000 -1.8422781 -33.7886528 0.0000000 -2.7658834 -19.8684592 0.0000000 -1.5067389 -6.3738340 0.0000000 -1.4034435 -5.3797566 0.0000000 -1.2125915 -25.3584405 0.0000000 11.3775159 -12.1073876 0.0000000 12.8695636 -12.2616397 0.0000000 14.1486393 12.0667467 0.0000000 18.9001083 20.2550484 0.0000000 19.4170041 20.8368508 0.0000000 18.3546644 21.8958338 0.0000000 18.3500764 21.8912113 0.0000000 24.7583512 27.5499945 0.0000000 29.4515417 31.6721212 0.0000000 42.8269264 41.3488107 0.0000000 44.4259477 42.5003518 0.0000000 43.5619245 43.7265101 0.0000000 45.8567337 43.3820871 0.0000000 56.0529970 50.7432414 0.0000000 59.6658965 57.5800548 0.0000000 59.0886790 63.5563250 0.0000000 25.3188006 62.0507379 0.0000000 4.4240703 43.8679241 0.0000000 2.8719480 43.2332786 0.0000000 5.5825167 31.3884761 0.0000000 -0.1120971 7.5323174 0.0000000 1.0860782 3.9197823 0.0000000 -0.8055659 -0.4040774 0.0000000 -0.1967911 6.5364826 0.0000000 -0.0697501 8.0302348 0.0000000 -2.6345275 -17.5728938 0.0000000 2.0177123 14.8739645 0.0000000 4.1986015 40.8782732 0.0000000 13.6069263 60.0895697 0.0000000 16.6726936 59.4971206 0.0000000 42.3422865 65.4780402 0.0000000 49.9970690 45.6833050 0.0000000 50.4329673 45.9276565 0.0000000 36.9618907 36.3593001 0.0000000 28.5129036 30.8476959 0.0000000 18.6730818 15.4309873 0.0000000 6.9107179 -38.5227896 0.0000000 2.2821245 -37.4685815 0.0000000 0.3948539 -35.2298439 0.0000000 -2.7121065 -25.3965787 0.0000000 12.9209517 -11.7645741 0.0000000 12.9191569 2.8045816 0.0000000 14.4972653 3.3826923 0.0000000 37.5008752 38.7995738 0.0000000 46.2079095 45.2999223 0.0000000 61.2084080 57.2331062 0.0000000 5.0563849 34.2434340 0.0000000 4.1276204 31.7677024 0.0000000 0.8743432 1.4301954 0.0000000 7.1813609 55.6673598 0.0000000 18.2928747 61.3721247 0.0000000 36.0559825 62.7890160 0.0000000 39.3543112 63.6845733 0.0000000 50.3533421 47.6026247 0.0000000 16.2845624 12.4264552 0.0000000 6.0789304 -38.7535604 0.0000000 15.0640007 8.0945327 0.0000000 13.5750067 8.2759074 0.0000000 15.3661196 10.5747743 0.0000000 40.5940093 62.5554110 0.0000000 3.6058153 33.8615335 0.0000000 0.7473022 -0.0635567 0.0000000 18.5502311 59.8943671 0.0000000 51.0723824 66.6730780 0.0000000 59.7409802 56.8342524 0.0000000 29.3150508 29.5558025 0.0000000 17.1850919 15.7445389 0.0000000 -0.4279279 -33.2890395 0.0000000 -1.2443396 -24.1101698 0.0000000 -1.2062387 -25.6082172 0.0000000 15.1244245 8.5905810 0.0000000 17.3725815 19.2823816 0.0000000 60.8830453 60.4649164 0.0000000 49.1777501 66.0360473 0.0000000 40.6619416 62.7958563 0.0000000 50.1206787 67.9356052 0.0000000 59.7159523 57.0828532 0.0000000 19.0477733 17.9229899 0.0000000 -2.7438703 -24.1476953 0.0000000 13.6354305 8.7719558 0.0000000 17.4092498 19.0352295 0.0000000 20.8172849 24.0851682 0.0000000 35.9845486 37.4971939 0.0000000 41.0854773 41.8982744 0.0000000 39.2184466 63.2036827 0.0000000 1.0013842 2.9239475 0.0000000 40.7978062 63.2767470 0.0000000 53.7022046 47.7602928 0.0000000 19.0457247 17.9635269 0.0000000 13.6052186 8.5239316 0.0000000 18.8930087 19.2553648 0.0000000 27.3865379 29.8583855 0.0000000 15.0942126 8.3425568 0.0000000 18.9296770 19.0082126 0.0000000 58.9535851 65.0493703 0.0000000 17.4459181 18.7880773 0.0000000 1.9330183 13.8781298 0.0000000 39.2863789 63.4441280 0.0000000 40.7298739 63.0363017 0.0000000 17.4821714 18.5437225 0.0000000 12.3556833 -17.2322961 0.0000000 18.9663453 18.7610605 0.0000000 10.8893296 -16.8295112 0.0000000 12.8952576 -12.0131069 0.0000000 18.9671542 18.7554628 0.0000000 12.3813773 -16.9837633 0.0000000 11.4032099 -11.8588548 0.0000000 -0.9315308 -31.2537160 0.0000000 -0.6364843 -32.6325405 0.0000000 5.6203877 31.5883102 0.0000000 -0.0956881 -34.1862914 0.0000000 0.5192969 -35.4465065 0.0000000 4.8019297 35.2099289 0.0000000 4.6747021 35.6931764 0.0000000 3.2241326 35.3112759 0.0000000 4.5474745 36.1764239 0.0000000 3.0969050 35.7945234 0.0000000 1.2890059 -36.5261331 0.0000000 2.0840847 -37.3162367 0.0000000 3.3976324 -38.1786403 0.0000000 4.7967135 47.7685472 0.0000000 4.2775739 -38.5426013 0.0000000 5.1221032 49.1207705 0.0000000 4.8883556 -38.7165861 0.0000000 4.0385896 50.5842203 0.0000000 5.5241112 -38.7979348 0.0000000 4.1326924 50.8156796 0.0000000 4.4150010 51.5100574 0.0000000 9.1534044 -38.7597338 0.0000000 9.3487192 -38.5470541 0.0000000 8.3554009 -37.3956430 0.0000000 11.7925658 57.4606515 0.0000000 12.5869294 -14.9955007 0.0000000 11.9194782 59.2619279 0.0000000 13.2894685 58.2690900 0.0000000 16.9131235 59.5651073 0.0000000 18.3040786 59.8514988 0.0000000 19.0070065 18.4617396 0.0000000 19.0019495 18.5080992 0.0000000 19.2440481 20.6610717 0.0000000 55.4949727 68.1039740 0.0000000 44.6301909 42.6442736 0.0000000 55.1778846 69.5703136 0.0000000 55.2296361 69.5805556 0.0000000 55.6547503 68.1297925 0.0000000 55.4749043 69.6201884 0.0000000 55.5945446 69.6297925 0.0000000 59.4948969 52.6364352 0.0000000 56.0942595 69.6297925 0.0000000 57.7402248 67.4919691 0.0000000 58.8670388 65.7328409 0.0000000 58.7041812 66.3128404 0.0000000</float_array><technique_common><accessor source="#positions-array" count="2306" stride="3"><param name="X" type="float" /><param name="Y" type="float" /><param name="Z" type="float" /></accessor></technique_common></source><source id="uv"><float_array id="uv-array" count="4612">0.9876826 7.1880236 0.9982694 7.3125029 0.2403805 7.2515803 0.2297937 7.1271010 0.9770959 7.0635442 0.2615540 7.5005390 0.2509672 7.3760597 0.2933142 7.8739770 0.2827275 7.7494977 1.0300296 7.6859410 0.3039010 7.9984564 1.0512031 7.9348996 0.3250745 8.2474151 0.3144877 8.1229357 1.0617899 8.0593790 0.3356612 8.3718944 1.0723766 8.1838583 0.3462480 8.4963738 1.0829634 8.3083377 1.0935501 8.4328170 1.1041369 8.5572964 0.3568347 8.6208531 0.4097685 9.2432498 0.3885950 8.9942911 1.1358971 8.9307344 1.1676574 9.3041724 1.1888309 9.5531311 0.4415287 9.6166879 0.4521155 9.7411672 0.4732890 9.9901259 1.1994177 9.6776105 1.2205912 9.9265691 1.2311779 10.0510485 1.2417647 10.1755278 0.4944625 10.2390846 1.2523514 10.3000072 0.5050492 10.3635639 1.2735249 10.5489659 1.2840150 10.6723089 0.5262227 10.6125226 0.5370097 10.7392740 0.5368095 10.7370020 0.5598472 10.9884416 0.5483533 10.8636863 1.2952390 10.7954087 1.3066841 10.9196338 1.3296070 11.1684376 0.5827700 11.2372453 1.3410684 11.2928394 1.3525298 11.4172413 0.6056929 11.4860491 0.6286157 11.7348528 0.6171543 11.6104509 1.3639913 11.5416431 0.6744614 12.2324602 0.6630000 12.1080583 1.4212984 12.1636524 0.6859228 12.3568621 0.7661528 13.2276751 0.7546914 13.1032732 1.5129898 13.1588673 1.4327598 12.2880543 1.4442212 12.4124561 1.4556827 12.5368580 0.6973843 12.4812639 0.7203071 12.7300676 0.7088457 12.6056658 1.4671441 12.6612598 1.4786055 12.7856617 0.7317685 12.8544695 1.5015284 13.0344654 1.4098370 12.0392506 0.8119985 13.7252825 0.8005371 13.6008806 1.5588355 13.6564747 0.8349214 13.9740862 0.8234599 13.8496843 1.5817584 13.9052784 0.8463828 14.0984881 1.5932198 14.0296803 1.6161426 14.2784840 0.8693056 14.3472918 0.8807671 14.4716936 1.6276041 14.4028858 1.6390655 14.5272877 1.6619883 14.7760914 0.8922285 14.5960955 1.6945165 15.1291511 0.9151513 14.8448992 0.9554045 15.2580799 0.9495356 15.2181048 1.6981606 15.1471583 0.9801307 15.3802665 1.1536676 15.7075362 1.0432515 15.5558563 1.2501201 15.7869345 1.5298429 15.8899606 1.4093936 15.8639836 1.7376497 15.8966963 1.6139272 15.8983550 1.7064592 15.1470471 1.8942198 15.8792540 1.7797574 15.8937560 2.1274152 18.7756003 2.1104619 18.8993734 1.3843532 18.6738223 2.0900149 20.3153555 1.3514078 20.4953165 1.3420622 20.3707380 1.3504465 18.9213685 1.3673998 18.7975954 2.0935255 19.0230228 1.4013065 18.5500493 1.4182598 18.4262762 2.1594650 18.5416111 2.1443686 18.6518273 1.3307366 19.0743187 1.3335422 19.0453970 2.0786354 19.1322737 1.3235008 19.1990377 2.0471713 19.7130108 1.3065022 19.8708353 1.2976387 19.7462214 1.2969344 19.7061815 2.0546122 19.8176236 1.3242293 20.1200631 2.1086902 20.5636375 1.3702090 20.7446146 1.3608140 20.6200396 1.4229568 18.3993337 1.4488401 18.2773409 2.1368752 20.9373624 1.3889990 20.9937645 1.3796040 20.8691896 1.4530318 18.2596973 2.1806258 18.4418764 1.3162650 19.3237567 2.0722417 19.2424774 2.0650059 19.3671964 2.1932452 21.6848121 1.4641590 21.9903642 1.4453690 21.7412143 2.2308252 22.1831119 1.4923440 22.3640891 1.4829490 22.2395141 2.2402202 22.3076869 1.5111340 22.6132390 2.2778002 22.8059867 1.5393190 22.9869639 1.5299240 22.8623889 2.2965902 23.0551367 1.5581090 23.2361138 1.5487140 23.1115388 2.3244250 23.4242178 1.5768990 23.4852637 1.5675040 23.3606887 2.3349971 23.5294708 1.6161128 23.7701543 1.5941509 23.6471711 1.5901884 23.6187259 2.4185181 23.9971735 1.6819987 24.1391037 1.6600368 24.0161206 1.7147902 24.2807571 1.6861478 24.1591570 2.4448014 24.1087585 1.7434841 24.4024412 2.5270322 24.4574796 1.8489826 24.7958800 1.8097707 24.6772673 2.6765285 24.9091405 1.9668443 25.1518378 2.4853324 26.3401211 2.2689386 25.8896894 3.1535529 25.9990831 3.4052755 26.4005295 3.4721137 26.5060749 2.7716416 26.8017875 2.9274817 27.0442072 2.9053180 27.0128784 3.5286727 26.5953882 3.5937729 26.6780842 3.0047472 27.1423567 3.6710038 26.7757021 3.0828229 27.2410442 3.8260294 26.9716506 3.8958552 27.0599088 3.2378485 27.4369927 3.3153613 27.5349670 3.5052039 27.7425704 3.4197274 27.6514608 3.9690229 27.1407888 4.0521730 27.2294186 4.1376496 27.3205281 4.2231261 27.4116376 3.6761570 27.9247895 4.3884208 27.5878254 4.4642074 27.6617834 3.8586872 28.1188158 3.9479858 28.2059596 3.9635789 28.2203384 4.5504076 27.7368725 4.1519793 28.3844543 4.0577791 28.3023963 5.0065736 28.1314910 4.5357982 28.7155027 4.4400975 28.6353413 4.5580847 28.7327870 5.1981622 28.2688586 4.8626704 28.9511726 4.7611418 28.8783774 5.5930791 28.5520110 5.2967111 29.2498618 5.1902096 29.1847716 5.6839320 28.6075372 5.3045527 29.2545242 6.7565808 29.1902005 6.9766454 29.2997061 6.4224570 29.8616626 6.6461500 29.9729737 6.6534450 29.9765059 7.6390399 29.5403137 7.7526844 29.5796432 7.3937571 30.2490706 7.0395807 30.1264991 6.9215219 30.0856420 7.1668047 29.3768851 7.2848635 29.4177422 7.4029223 29.4585994 7.5209811 29.4994565 7.1576395 30.1673563 7.5206811 30.2928726 7.5118159 30.2899277 7.8613847 29.6142547 7.6396725 30.3307610 7.6514105 30.3342883 8.2161318 29.7145670 8.1322704 30.4702617 8.0120554 30.4362683 8.5739067 29.8157354 8.3784530 30.5398257 8.3727003 30.5382483 8.6758605 29.8428213 8.4991097 30.5718803 8.5310561 30.5788917 8.2524854 30.5042550 9.0289631 29.9043153 9.0233611 30.6646282 8.9002849 30.6431941 9.5195502 29.9897526 9.3960283 30.7295130 9.3925899 30.7289306 9.6275814 30.0075331 9.5463361 30.7532447 9.5192568 30.7497948 9.6707557 30.7645121 10.6085013 30.0963648 10.5433616 30.8435311 10.5416927 30.8433837 10.6678303 30.8542425 10.8565566 30.1176953 11.0412893 30.8863321 10.7923491 30.8649418 11.2299668 30.1497807 11.2902295 30.9077224 11.1657594 30.8970272 14.0927786 30.3957690 14.0285712 31.1430155 13.9041011 31.1323204 14.5845971 30.4372105 14.5290507 31.1851594 14.4045190 31.1753103 14.5362273 31.1856578 14.7856390 31.2005757 15.0798298 30.4668315 15.1597566 31.2229525 15.0350507 31.2154935 15.3292416 30.4817494 15.4091683 31.2378704 15.2844624 31.2304114 15.9527708 30.5190441 15.9079917 31.2677061 15.6585800 31.2527882 16.2021826 30.5339619 16.1574034 31.2826240 16.0326976 31.2751650 16.2821093 31.2900829 16.4515943 30.5488798 16.5315210 31.3050008 16.4068151 31.2975418 16.7010060 30.5637977 16.7809327 31.3199186 16.6562268 31.3124597 17.0751236 30.5861745 17.1998294 30.5936334 17.1550503 31.3422955 17.3245353 30.6010924 17.4044620 31.3572133 17.2797561 31.3497544 17.5739470 30.6160102 17.6538737 31.3721312 17.5291678 31.3646723 17.8233587 30.6309281 17.9032854 31.3870491 17.7785795 31.3795901 18.1974763 30.6533049 18.4468880 30.6682228 18.1526971 31.4019669 18.5268147 31.4243437 18.4021088 31.4168848 18.6962997 30.6831407 18.7762264 31.4392616 18.6515205 31.4318027 18.9457114 30.6980585 19.0256381 31.4541795 18.9009323 31.4467206 19.1951231 30.7129764 19.2725165 31.4689458 19.1503440 31.4616384 19.7976429 32.1719377 19.7688083 32.1140013 20.4546688 31.8087962 20.5964658 31.8673165 20.4183710 32.5960153 20.2978876 32.5640332 19.9352328 32.3639288 19.8616117 32.2766972 20.4684899 31.8314305 20.0288791 32.4455710 20.1592119 32.5194852 20.5003336 31.8417983 20.2780030 32.5581618 20.6930824 32.6473204 20.4472817 32.6024789 20.8276834 31.9094975 20.8159828 32.6697411 21.4530628 32.0328837 21.6551560 32.8446134 21.2932011 32.7656485 23.1679008 32.5402506 23.2863153 32.5800650 22.9288780 33.2511431 23.8783879 32.7791371 23.9968024 32.8189515 23.7577796 33.5298440 24.8235103 33.8881738 24.7050958 33.8483594 25.0625331 33.1772813 25.1809476 33.2170957 24.9419248 33.9279882 25.2993622 33.2569101 25.4177767 33.2967246 25.1787539 34.0076170 25.4155829 34.0872459 25.2971684 34.0474314 25.6546057 33.3763534 25.7730202 33.4161678 25.8914348 33.4559822 25.5339974 34.1270603 25.6524120 34.1668747 25.8892410 34.2465035 25.7708265 34.2066891 26.1282638 33.5356111 26.2466783 33.5754255 26.4835074 33.6550543 26.0076555 34.2863180 26.3628991 34.4057612 26.2444846 34.3659468 26.6019219 33.6948687 26.7203364 33.7346832 26.5997281 34.4853900 26.4813136 34.4455756 26.8387509 33.7744976 27.0755800 33.8541264 26.9549717 34.6048333 26.8365572 34.5650189 27.3124090 33.9337553 27.0733862 34.6446477 27.4221674 33.9706592 27.2092443 34.6898582 27.1918007 34.6844621 27.3293245 34.7238241 27.5253219 33.9998375 27.4673193 34.7566078 27.3456964 34.7280588 28.3632116 34.7774177 28.2404228 34.8004415 28.1244850 34.0591099 28.1955142 34.8060831 28.5190946 34.7466208 28.4860004 34.7543939 28.3310554 34.0203765 28.7935456 34.6521942 28.6778307 34.6992817 28.4143416 33.9967840 28.5039139 33.9603346 28.5917598 33.9204234 28.8073181 34.6462662 28.9573879 34.5755900 28.9208077 34.5947043 29.1935275 34.4341051 29.1721880 34.4478011 28.7777548 33.8097702 29.2963232 34.3631105 28.9460663 33.6935279 29.5377953 34.1633951 29.4491983 34.2506834 29.0045831 33.6358754 29.5511264 34.1495705 29.8129327 33.8519198 29.7343755 33.9485620 29.2185735 33.3940746 29.8360316 33.8202560 29.3222072 33.2351941 30.0533726 33.4223217 30.0090645 33.5391194 30.1068941 33.2777931 30.0976946 33.3052501 29.3911486 33.0532528 29.4159820 32.9683879 30.1514913 33.1166676 30.1418249 33.1584215 30.1726669 32.9935466 29.4530429 32.7529053 30.2113857 32.7271769 30.1966454 32.8511410 29.4660098 32.6438550 30.2124833 32.7166911 29.4880504 32.4002647 30.2462568 32.3434298 30.2349990 32.4678502 29.5105660 32.1514238 30.2687725 32.0945889 30.2575146 32.2190093 29.5330817 31.9025829 30.2912881 31.8457480 30.2800303 31.9701684 29.5668552 31.5293216 30.3250616 31.4724866 30.3138038 31.5969071 29.6006286 31.1560602 30.3588350 31.0992253 30.3475772 31.2236457 29.6231443 30.9072193 30.3813507 30.8503844 30.3700929 30.9748048 30.6417458 28.2436519 30.6167180 28.4922527 29.8955180 28.1685254 30.6542598 28.1193516 29.9080319 28.0442250 29.9205459 27.9199246 30.6667737 27.9950512 29.9330598 27.7956242 29.9455738 27.6713238 30.6792877 27.8707508 30.6918016 27.7464504 29.9580877 27.5470235 29.9706017 27.4227231 30.7168295 27.4978496 30.7665136 26.8249853 30.7667013 26.8322403 30.0168584 26.8480148 30.7687222 26.9570117 30.7668853 27.0006480 30.0184663 26.9472861 29.9860981 26.5855819 30.6938254 26.3367491 30.7044746 26.3694085 30.0057502 26.6567619 30.7377222 26.4898318 30.7497581 26.5562586 30.0129043 26.7368309 30.7608224 26.6800906 30.5074270 25.9747725 30.5790451 26.0738596 29.9353324 26.4636964 30.4196478 25.8877270 29.8360193 26.3770754 30.2665979 25.7627079 30.2964625 25.7847601 30.1625483 25.6935640 29.6517976 26.2546549 29.9339060 25.5503287 30.0414135 25.6137172 29.5589907 26.1999341 29.9217501 25.5434630 29.3453277 26.0844491 29.5920428 25.3652559 29.7019452 25.4246583 28.9057180 25.8468396 29.1524331 25.1276464 29.2623355 25.1870488 28.5760107 25.6686325 28.9326282 25.0088417 29.0425306 25.0682441 28.4661082 25.6092302 28.7128233 24.8900370 28.8227258 24.9494393 28.1364009 25.4310231 28.4930185 24.7712322 28.6029209 24.8306346 27.6967912 25.1934136 28.0534087 24.5336228 28.1633112 24.5930251 27.4769863 25.0746089 27.7237014 24.3554157 27.8336039 24.4148180 27.1472790 24.8964018 27.5038965 24.2366109 27.6137990 24.2960133 27.0373766 24.8369994 27.2840917 24.1178062 27.3939941 24.1772086 26.8175717 24.7181947 27.0660201 23.9999383 27.1741892 24.0584038 26.1574422 24.3511032 26.5241786 23.6968828 26.6331531 23.7579706 26.0484676 24.2900154 26.3062294 23.5747070 26.4152040 23.6357949 25.7215439 24.1067517 26.0882803 23.4525313 26.1972548 23.5136191 25.9793057 23.3914434 25.3254582 23.0249161 25.4344328 23.0860040 24.9587219 23.6791366 24.8497473 23.6180487 24.5228236 23.4347851 24.4138490 23.3736972 24.8895599 22.7805646 24.4507040 22.5361697 24.1974764 23.2530078 24.0885229 23.1929230 24.6716108 22.6583889 24.7805854 22.7194767 24.3055698 23.3129992 24.5609857 22.5969886 24.6702184 22.6576122 24.5601005 22.5964988 23.7603335 23.0119357 24.1225146 22.3551824 24.2319111 22.4155115 24.0131182 22.2948533 23.4321441 22.8309484 23.7943252 22.1741951 23.9037217 22.2345242 23.3227477 22.7706193 23.5755323 22.0535370 23.6849288 22.1138660 22.9945583 22.5896320 23.3567394 21.9328788 23.4661358 21.9932079 22.8851618 22.5293029 23.1410968 21.8139579 23.2473429 21.8725497 22.4445393 22.2775741 22.7121195 21.5658803 22.8202432 21.6284619 21.6788407 21.7912942 22.0087307 21.1062542 22.1108523 21.1782150 21.3724759 21.5754115 21.7036423 20.8912710 21.8044875 20.9623324 20.4713853 19.8892482 20.5660805 19.9707335 20.0753227 20.5378852 19.4138305 19.9695780 19.3190601 19.8881793 19.9025016 19.4006311 18.1018637 17.8540551 18.1966341 17.9354538 17.6131926 18.4230020 17.8975039 18.6671982 17.8027334 18.5857995 18.2914045 18.0168526 18.8600270 18.5052450 18.9547974 18.5866438 18.3713559 19.0741919 18.3861749 18.0982513 18.0079698 17.7734092 17.5184222 18.3416033 17.5166738 18.3400922 17.4165027 18.2528659 17.3239848 18.1689158 17.9175636 17.6947856 17.2314669 18.0849656 17.8279731 17.6134918 17.5504195 17.3616413 17.6429374 17.4455915 17.0464312 17.9170653 16.9539133 17.8331151 17.4579016 17.2776912 17.2728659 17.1097909 17.3653838 17.1937410 16.8613954 17.7491650 16.9953123 16.8579404 17.0878301 16.9418905 16.4913239 17.4133643 15.4084359 15.4374415 14.9134985 16.0009457 14.8196347 15.9185032 14.5636616 14.6954587 14.0687242 15.2589629 13.9748604 15.1765203 14.4697978 14.6130162 13.8809966 15.0940778 16.8102765 16.6900401 16.9027944 16.7739902 16.3062882 17.2454640 14.4441794 15.5887330 14.8452530 14.9427863 14.9391168 15.0252288 15.0329806 15.1076714 16.0287346 16.9936135 15.9362167 16.9096634 16.5327229 16.4381896 16.3476871 16.2702893 16.4402050 16.3542394 15.8436988 16.8257132 15.7511809 16.7417631 15.6588725 16.6580030 16.2551693 16.1863391 16.1622322 16.1020092 16.1626514 16.1023890 16.0695888 16.0181996 15.5684786 16.5762283 16.0654826 16.0145393 15.9716187 15.9320967 15.1950899 16.2482733 15.6900273 15.6847691 15.7838911 15.7672117 15.1012261 16.1658308 15.5022997 15.5198841 15.5961635 15.6023266 15.2207083 15.2725564 15.3145721 15.3549990 14.6319070 15.7536181 15.1268445 15.1901139 16.2137703 17.1615139 16.1212524 17.0775637 16.7177586 16.6060899 14.2820702 14.4481311 14.3759340 14.5305736 13.5994051 14.8467502 14.0004787 14.2008035 14.0943425 14.2832460 13.4116775 14.6818651 13.8127511 14.0359184 13.9066149 14.1183610 13.2239499 14.5169801 13.6250235 13.8710334 13.7188873 13.9534759 12.9423585 14.2696525 13.3434321 13.6237058 13.4372959 13.7061483 12.6607670 14.0223249 13.0618406 13.3763782 13.1557044 13.4588207 12.4730394 13.8574398 12.8741130 13.2114931 12.9679768 13.2939356 12.2853118 13.6925547 12.6863854 13.0466080 12.7802492 13.1290506 12.0975842 13.5276697 12.4986578 12.8817229 12.5925216 12.9641655 11.9098565 13.3627846 12.3109301 12.7168379 12.4047940 12.7992804 11.5342599 13.0327459 11.9358217 12.3871026 12.0296232 12.4696161 11.3466570 12.8677189 11.7482188 12.2220757 11.8420203 12.3045891 11.1590541 12.7026920 11.5606159 12.0570487 11.6544174 12.1395622 10.9714512 12.5376650 11.3730130 11.8920217 11.4668145 11.9745352 10.3148410 11.9600706 10.2210396 11.8775572 10.7164029 11.3144274 10.6226015 11.2319139 10.1272381 11.7950437 10.0334367 11.7125302 10.5288000 11.1494004 10.4349986 11.0668869 9.9396352 11.6300167 9.8458338 11.5475032 10.3411971 10.9843734 9.6582309 11.3824763 10.0597928 10.7368330 10.1535942 10.8193465 9.4706280 11.2174493 9.8721899 10.5718060 9.9659913 10.6543195 9.4973190 8.2569729 9.5004181 8.2748884 8.7598441 8.3937703 8.1080470 7.1694496 8.6695279 6.6719481 8.7503154 6.7672401 9.5269150 8.5780356 9.5269150 8.8278930 8.7769150 8.5842718 9.5225616 8.4409433 9.5267076 8.5655667 8.7736865 8.4872277 8.6761586 8.0905165 8.6370566 7.9861021 9.3384734 7.7205428 9.5187221 8.3984689 8.7100732 8.1996172 9.4262675 7.9769836 8.7412605 8.2999443 9.3822684 7.8374889 8.2590250 7.3475339 8.8311030 6.8625320 8.5575050 7.7826548 9.1582461 7.3235444 9.2206950 7.4312246 8.5138944 7.7074573 9.1490174 7.3084623 8.3299076 7.4311426 8.9307146 6.9819594 9.0033166 7.0833199 8.9118905 6.9578240 8.5587993 6.5603439 8.6472838 6.6479209 8.0417924 7.1038745 8.5368364 6.5402673 7.7716355 6.8759209 8.2404476 6.2904669 8.2503951 6.2985732 8.7654374 9.0482063 8.7743304 8.9337735 9.5131828 9.1063166 7.6797938 6.8036580 8.0408602 6.1348281 8.1397093 6.2112220 6.9536687 5.5020866 6.9385628 5.3780745 7.6965950 5.3985040 7.4866825 3.6752301 7.5017885 3.7992422 6.7572915 3.8899295 5.6630640 -6.3022266 5.6502169 -6.4264931 6.3962408 -6.5036191 6.3705468 -6.7521519 6.3833938 -6.6278855 5.6245229 -6.6750259 6.3448528 -7.0006847 6.3576998 -6.8764183 5.5988289 -6.9235587 6.3191587 -7.2492175 6.3320057 -7.1249511 5.5859819 -7.0478251 6.3063117 -7.3734840 5.5602879 -7.2963579 5.5474409 -7.4206243 5.5345939 -7.5448907 6.2806177 -7.6220168 5.5217469 -7.6691572 6.2677707 -7.7462832 5.5088999 -7.7934236 5.4960528 -7.9176900 6.2549237 -7.8705496 6.2292297 -8.1190824 6.2420767 -7.9948160 6.2163827 -8.2433488 5.4832058 -8.0419564 6.2035357 -8.3676152 5.4575118 -8.2904892 5.4189708 -8.6632884 5.4061238 -8.7875549 6.1649946 -8.7404145 6.1264536 -9.1132137 6.1393006 -8.9889473 5.3932768 -8.9118213 6.1136066 -9.2374801 5.3804298 -9.0360877 5.3675828 -9.1603541 5.3547358 -9.2846205 6.0879126 -9.4860129 6.1007596 -9.3617465 5.3418888 -9.4088869 5.3161947 -9.6574197 5.3033477 -9.7816861 6.0622186 -9.7345458 6.0365246 -9.9830786 6.0493716 -9.8588122 5.2905007 -9.9059525 5.2776537 -10.0302190 6.0108306 -10.2316114 6.0236776 -10.1073450 5.9979835 -10.3558778 5.2648067 -10.1544854 5.2519597 -10.2787518 5.2391127 -10.4030182 5.9722895 -10.6044106 5.9851365 -10.4801442 5.2262657 -10.5272846 5.2134187 -10.6515510 5.2005717 -10.7758174 5.9594425 -10.7286770 5.9337485 -10.9772099 5.9465955 -10.8529434 5.9080545 -11.2257427 5.9209015 -11.1014763 5.1748777 -11.0243502 5.1491836 -11.2728831 5.1363366 -11.3971495 5.8952075 -11.3500091 5.8695135 -11.5985419 5.8823605 -11.4742755 5.1234896 -11.5214159 5.1106426 -11.6456823 5.8309724 -11.9713411 5.8438195 -11.8470747 5.0977956 -11.7699487 5.0849486 -11.8942151 5.0721016 -12.0184815 5.8052784 -12.2198740 5.8181254 -12.0956076 5.0464076 -12.2670143 5.0335606 -12.3912808 5.7924314 -12.3441404 5.7667374 -12.5926732 5.7795844 -12.4684068 5.7538904 -12.7169396 5.0078666 -12.6398136 5.7410434 -12.8412060 4.9950195 -12.7640800 4.9821725 -12.8883464 5.7281964 -12.9654724 5.7153494 -13.0897388 4.9693255 -13.0126128 4.9436315 -13.2611456 5.6896554 -13.3382717 5.6639613 -13.5868045 5.6768083 -13.4625381 4.9307845 -13.3854120 4.9179375 -13.5096785 4.9050905 -13.6339449 4.8922435 -13.7582113 5.6511143 -13.7110709 5.6382673 -13.8353373 4.8793965 -13.8824777 4.8665495 -14.0067441 5.6254203 -13.9596037 4.8537025 -14.1310105 5.5997263 -14.2081365 5.5868793 -14.3324029 4.8408555 -14.2552769 5.5611853 -14.5809358 5.5740323 -14.4566693 4.8280084 -14.3795433 4.8151614 -14.5038097 4.8023144 -14.6280761 5.5483383 -14.7052022 5.5354913 -14.8294686 4.7894674 -14.7523426 5.5097972 -15.0780014 5.5226443 -14.9537350 4.7766204 -14.8766090 4.7637734 -15.0008754 4.7509264 -15.1251418 5.4969502 -15.2022678 5.4841032 -15.3265342 4.7380794 -15.2494082 5.4455622 -15.6993335 5.4584092 -15.5750670 4.7123854 -15.4979410 4.6995384 -15.6222074 5.4327152 -15.8235999 4.6866914 -15.7464738 5.4070212 -16.0721327 5.4198682 -15.9478663 4.6738443 -15.8707403 5.3941742 -16.1963991 4.6609973 -15.9950067 5.3813272 -16.3206655 4.6481503 -16.1192731 4.6353033 -16.2435395 4.6224563 -16.3678059 5.3684802 -16.4449319 5.3556332 -16.5691983 4.6096093 -16.4920723 4.5967623 -16.6163387 5.3427861 -16.6934647 4.5839153 -16.7406051 5.3299391 -16.8177311 4.5710683 -16.8648715 5.3170921 -16.9419976 5.3042451 -17.0662640 4.5582213 -16.9891379 5.2785511 -17.3147968 5.2913981 -17.1905304 4.5453743 -17.1134044 4.5325273 -17.2376708 4.5197376 -17.3613823 5.2655877 -17.4401728 5.2657041 -17.4390632 5.2523713 -17.5643980 4.5068449 -17.4825655 5.2220636 -17.8174493 5.2369363 -17.6934090 4.4773974 -17.7281625 5.1923184 -18.0655299 5.2071910 -17.9414896 4.4476521 -17.9762431 4.4625247 -17.8522028 5.1720862 -18.2220977 5.1774457 -18.1895701 4.4347436 -18.0839017 4.4139856 -18.1826129 5.1464215 -18.3441420 5.1431184 -18.3584517 4.3860404 -18.2937060 4.3641170 -18.3752648 5.1111164 -18.4854713 5.0525162 -18.6752543 5.0787383 -18.6059239 4.9969892 -18.7871646 4.2342674 -18.6298282 4.8749785 -19.0213895 4.9346395 -18.9121713 4.8341575 -19.0814506 3.8780473 -19.0076634 3.8039346 -19.0629040 4.2431617 -19.6709379 4.3429946 -19.5965264 4.1203620 -19.7523288 4.2248072 -19.6837840 3.7088586 -19.1253001 3.5422901 -19.2292404 3.7155436 -19.9648178 3.8327139 -19.9214785 3.8908392 -19.8941111 3.2493043 -19.3376111 3.4233225 -20.0677667 3.4812030 -20.0514966 3.3008913 -20.0917923 3.1594437 -19.3552451 3.2949300 -20.0929121 2.8516411 -19.4055023 2.7074910 -20.1469799 2.8320887 -20.1560688 2.9019787 -20.1546341 2.6426997 -19.3902609 2.5724227 -20.1369795 2.5828934 -20.1378910 2.5452210 -19.3803971 2.4483282 -20.1244225 2.2838993 -20.0909668 2.4059419 -20.1176646 2.0259438 -20.0288138 2.1464769 -20.0605629 2.2365588 -19.3087088 1.9874585 -20.0164227 2.0221069 -19.2266580 1.7540985 -19.9271375 1.8707785 -19.9717801 1.9134155 -19.1850719 1.5071094 -19.8261238 1.6215890 -19.8760209 1.8096444 -19.1398423 1.5013953 -19.8235763 1.4298160 -18.9440183 1.3292720 -18.8740092 1.0012477 -19.5595093 1.1037711 -19.6308966 1.5098276 -18.9997306 0.8987244 -19.4881220 1.2349378 -18.8065058 0.7827869 -19.4049218 0.7932096 -19.4126562 0.6837669 -19.3287493 0.9593747 -18.5945251 0.4545011 -19.1495281 0.4857271 -19.1764045 0.3647172 -19.0632243 0.8921773 -18.5299324 0.2647426 -18.9563997 0.3497266 -19.0479688 0.7294869 -18.3546357 0.0947746 -18.7732614 0.1797586 -18.8648305 0.5753564 -18.1885620 -0.0926096 -18.5444231 -0.0196518 -18.6457351 0.5171481 -18.1077317 -0.0948817 -18.5412329 -0.3115599 -18.2319124 -0.2404384 -18.3345703 0.3139721 -17.8178338 -0.3284885 -18.2051268 0.0895510 -17.4217689 -0.5792226 -17.7617509 -0.5199427 -17.8715348 -0.5952322 -17.7282291 -0.6434217 -17.6129687 -0.1311214 -16.8790378 -0.8795284 -17.0121217 -0.8379177 -17.1299170 -0.0923894 -16.9866016 -0.8371534 -17.1320599 -0.7948353 -17.2495826 -0.2544736 -16.5298415 -0.9648968 -16.7702782 -0.9627498 -16.7765311 -0.2892180 -16.4256717 -1.0111291 -16.6293435 -1.0044025 -16.6518330 -1.0431645 -16.5085920 -0.4313897 -15.8644085 -1.1722500 -15.9815526 -1.1689255 -16.0009280 -0.4113092 -15.9654708 -1.1446191 -16.1232584 -1.1901419 -15.8579118 -0.4830524 -15.5073977 -1.2270414 -15.6022563 -1.2259258 -15.6106300 -1.2421415 -15.4782619 -0.4973475 -15.3900133 -1.2561895 -15.3492265 -1.2426987 -15.4734246 -0.5510477 -14.8956411 -1.2966619 -14.9766320 -1.2831711 -15.1008301 -0.5631821 -14.7839298 -1.3171724 -14.7026805 -1.3120268 -14.8273971 -0.5676141 -14.6765105 -1.3174438 -14.6931820 -0.5715098 -14.4314356 -1.3234007 -14.3184432 -1.3214151 -14.4433561 -0.5754811 -14.1816097 -1.3273697 -14.0687591 -1.3253863 -14.1935302 -0.5816491 -13.8065405 -1.3336402 -13.6942173 -1.3315434 -13.8191284 -0.5858426 -13.5567183 -1.3378260 -13.4448592 -1.3357370 -13.5693062 -1.3773741 -11.8217656 -1.3749585 -11.9466710 -0.6251149 -11.9313338 -1.3797896 -11.6968602 -0.6275143 -11.8072641 -0.6323453 -11.5574533 -0.6347609 -11.4325479 -1.3822051 -11.5719548 -0.6371764 -11.3076426 -0.6395920 -11.1827372 -1.3870362 -11.3221441 -1.3846207 -11.4470495 -1.3749225 -11.9483421 -1.3719502 -12.0732350 -0.6420075 -11.0578318 -0.6444231 -10.9329265 -1.3918673 -11.0723334 -0.6467565 -10.8122648 -1.3942829 -10.9474280 -1.3967665 -10.8140344 -1.3966984 -10.8225226 -1.3963543 -10.6891269 -0.6463674 -10.6943239 -1.3940710 -10.5587741 -1.3962968 -10.6836830 -0.6419642 -10.4472279 -1.3873934 -10.1840474 -1.3918451 -10.4338652 -0.6286091 -9.6977745 -1.3784900 -9.6844118 -1.3807159 -9.8093207 -0.6264126 -9.5745138 -1.3761909 -9.5562070 -1.3762642 -9.5595029 -0.6234351 -9.4626454 -1.3715802 -9.4087245 -1.3728679 -9.4313557 -1.3498536 -9.1598135 -0.5592413 -8.7272084 -1.2955371 -8.5375359 -1.3064004 -8.6619914 -0.5266514 -8.3538419 -1.2629472 -8.1641693 -1.2738105 -8.2886249 -0.5049248 -8.1049308 -1.2520839 -8.0397138 -0.4940615 -7.9804753 -1.2412206 -7.9152583 -0.4720059 -7.7357706 -1.2185945 -7.6642892 -1.2301657 -7.7886770 -1.2181983 -7.6602656 -1.2052864 -7.5360059 -0.4463910 -7.4892619 -1.1794626 -7.2874866 -1.1923745 -7.4117462 -0.4205672 -7.2407426 -1.1536388 -7.0389672 -1.1665507 -7.1632269 -0.3560077 -6.6194441 -1.0890792 -6.4176688 -1.1019911 -6.5419285 -0.3043600 -6.1224054 -1.0503435 -6.0448897 -1.0632554 -6.1691494 -0.2527123 -5.6253667 -0.9986958 -5.5478510 -1.0116077 -5.6721107 -0.1881528 -5.0040683 -0.9341362 -4.9265526 -0.9470481 -5.0508123 -0.1494170 -4.6312892 -0.8824886 -4.4295138 -0.8954005 -4.5537735 -0.1235932 -4.3827698 -0.8437528 -4.0567348 -0.8695767 -4.3052542 -0.0848575 -4.0099908 -0.8179290 -3.8082154 -0.8308409 -3.9324751 -0.0590336 -3.7614714 -0.7921052 -3.5596961 -0.8050171 -3.6839557 -0.0332098 -3.5129521 -0.7662813 -3.3111767 -0.7791933 -3.4354364 0.0184379 -3.0159133 -0.7146337 -2.8141380 -0.7275456 -2.9383976 0.0700855 -2.5188746 -0.6758979 -2.4413589 -0.6888099 -2.5656186 0.0827449 -2.3970453 -0.6624493 -2.3122420 -0.6629860 -2.3170992 -0.6479198 -2.1881662 0.0968542 -2.2765577 -0.6323370 -2.0618564 -0.6476406 -2.1858442 -0.6158248 -12.3045552 -0.6190012 -12.1796669 -1.3687588 -12.1987360 -0.6094721 -12.5543319 -0.6126485 -12.4294436 -1.3624060 -12.4485127 -1.3528769 -12.8231777 -1.3497005 -12.9480660 -0.5999430 -12.9289969 -0.5837459 -13.6816294 -0.5904139 -13.3036619 -0.5935902 -13.1787736 -1.3402008 -13.3215750 -0.5903622 -13.3059742 -0.5879562 -13.4308788 -0.5879394 -13.4318071 -0.5734955 -14.3065226 -0.5774667 -14.0566967 -0.5375569 -15.0198392 -1.2696803 -15.2250283 -0.5105754 -15.2682356 -0.5240661 -15.1440374 -0.1723532 -16.7623151 0.0485351 -17.3236664 0.0003455 -17.2084060 0.1376566 -17.5108584 0.4463334 -18.0071980 0.3752318 -17.9062568 -0.1668241 -18.4390983 0.8144709 -18.4462048 1.1508360 -19.6588038 1.2623746 -19.7143714 1.2740462 -19.7199370 1.3877208 -19.7717567 1.5910254 -19.0401826 2.1618566 -20.0642689 2.3298641 -19.3332860 3.5983733 -20.0081572 3.3381886 -19.3047342 4.0353714 -18.8605919 4.5575002 -19.3991706 4.1041013 -18.7862874 4.6613711 -19.2883305 4.7542585 -19.1774888 5.6759110 -6.1779602 6.4219348 -6.2550863 5.7272990 -5.6808946 5.7144520 -5.8051610 6.4733228 -5.7580206 5.7529930 -5.4323618 5.7401460 -5.5566282 6.4861698 -5.6337542 5.7658400 -5.3080954 6.4990168 -5.5094878 5.7915340 -5.0595625 5.7786870 -5.1838290 6.5375579 -5.1366886 6.5504049 -5.0124222 6.5632519 -4.8881557 5.8172280 -4.8110297 5.8429221 -4.5624969 5.8300751 -4.6867633 6.5889459 -4.6396229 6.6017929 -4.5153565 6.6146399 -4.3910901 5.8686161 -4.3139641 5.8814631 -4.1896977 6.6274869 -4.2668237 5.8943101 -4.0654313 6.6403339 -4.1425573 5.9200041 -3.8168984 5.9071571 -3.9411648 6.6531809 -4.0182909 6.6660280 -3.8940245 6.6788750 -3.7697580 5.9585451 -3.4440992 5.9328511 -3.6926320 6.7045690 -3.5212252 6.7174160 -3.3969588 5.9713921 -3.3198328 6.7302630 -3.2726924 5.9842391 -3.1955664 6.7431100 -3.1484260 6.7559570 -3.0241596 5.9970862 -3.0713000 6.7688040 -2.8998932 6.0227802 -2.8227672 6.0356272 -2.6985007 6.7816510 -2.7756268 6.0613212 -2.4499679 6.0484742 -2.5742343 6.7944980 -2.6513604 6.0741682 -2.3257015 6.8201920 -2.4028275 6.0870152 -2.2014351 6.8330391 -2.2785611 6.8458861 -2.1542947 6.8587331 -2.0300283 6.0998622 -2.0771687 6.8715801 -1.9057619 6.1255562 -1.8286359 6.1384032 -1.7043695 6.8844271 -1.7814955 6.8972741 -1.6572291 6.1512502 -1.5801030 6.9101211 -1.5329627 6.1640973 -1.4558366 6.1769443 -1.3315702 6.9229681 -1.4086963 6.2026383 -1.0830374 6.1897913 -1.2073038 6.9358151 -1.2844298 6.9486621 -1.1601634 6.9615091 -1.0358970 6.2154853 -0.9587710 6.2283323 -0.8345046 6.9743561 -0.9116306 6.2411793 -0.7102382 6.9872031 -0.7873642 7.0000502 -0.6630978 6.2540263 -0.5859718 7.0257442 -0.4145650 7.0385912 -0.2902986 6.2797203 -0.3374389 7.0514382 -0.1660321 6.2925673 -0.2131725 6.3311084 0.1596267 6.3182613 0.0353603 7.0642852 -0.0417657 7.0771322 0.0825007 7.0899792 0.2067671 7.1028262 0.3310335 6.3439554 0.2838931 6.3824964 0.6566923 6.3696494 0.5324259 7.1156732 0.4552999 7.1285202 0.5795663 7.1413672 0.7038327 7.1542142 0.8280991 6.3953434 0.7809588 6.4338844 1.1537580 6.4210374 1.0294916 7.1670613 0.9523655 7.1927553 1.2008984 7.2054256 1.3234553 6.4467314 1.2780244 6.4739325 1.5298474 6.4599475 1.4057080 6.4890973 1.6565138 6.4742375 1.5324720 7.2190702 1.4445742 6.5039571 1.7805556 7.2337729 1.5673043 6.5188168 1.9045974 7.2634924 1.8153880 6.5485364 2.1526811 6.5336766 2.0286392 7.2783522 1.9394298 7.2932119 2.0634716 7.3080717 2.1875134 6.5782559 2.4007647 6.5633961 2.2767229 6.6079754 2.6488484 6.5931157 2.5248065 7.3377912 2.4355971 7.3675107 2.6836807 7.3823705 2.8077226 6.6228352 2.7728902 6.6525547 3.0209738 6.6376950 2.8969320 7.3972303 2.9317644 7.4120900 3.0558062 7.4269498 3.1798480 7.4418096 3.3038898 6.6822742 3.2690575 6.6971340 3.3930993 6.7119938 3.5171411 7.4566447 3.4277264 6.7421855 3.7659175 6.7270796 3.6419054 7.4715966 3.5513822 6.7723974 4.0139416 7.5168944 3.9232543 6.8479271 4.6340020 6.8328212 4.5099900 7.5773182 4.4193026 7.5924241 4.5433147 7.6075301 4.6673268 7.6528479 5.0393630 7.6679539 5.1633751 6.9083509 5.1300504 6.8932450 5.0060383 6.8781390 4.8820262 7.6226360 4.7913388 7.6377420 4.9153509 6.9234569 5.2540625 7.7160773 5.4995504 6.9813117 5.6502070 6.9850600 5.6674541 7.7433972 5.6123917 7.0144571 5.7888748 7.0443138 5.9121728 7.0438542 5.9102956 7.7725669 5.7328732 7.7926635 5.8140479 7.2119216 6.3328607 7.1568368 6.2207320 7.8648452 5.9609785 7.8299930 5.8900346 7.2617202 6.4091367 7.3420675 6.5044994 7.9680760 6.0785780 7.4833859 6.6518673 7.4351672 6.6073439 7.5822350 6.7282613 8.1782375 7.2522420 9.0813181 7.2034671 8.4509873 7.6098943 9.4299444 9.7392996 9.4219217 9.8359328 8.6835162 9.6651979 9.4219217 9.9362299 9.4269537 10.0399444 8.6723623 9.9634942 8.6802929 10.1116183 8.6784072 10.0880857 9.4326126 10.0905117 8.7276379 10.3539201 8.6941867 10.2357721 8.7799748 10.4649836 9.4864048 10.1874920 8.9050208 10.6626027 8.8632730 10.6063527 8.9881654 10.7551343 9.5403607 10.2475395 8.9997983 10.7675053 9.7873094 10.4971400 9.3768265 11.1349358 9.2830251 11.0524224 9.2656978 11.0361786 9.5644294 11.2999628 10.2473957 10.9018600 9.7520323 11.4649898 10.9040058 11.4794543 10.9978073 11.5619678 10.5024439 12.1250976 11.0916087 11.6444813 11.1854102 11.7269948 10.6900468 12.2901246 13.2495682 13.5412632 12.8484946 14.1872099 12.7546308 14.1047674 10.8776497 12.4551515 10.7838483 12.3726380 11.2792116 11.8095083 11.0652526 12.6201785 11.2528555 12.7852055 12.0037203 13.4452271 12.2170820 12.6344091 11.8159927 13.2803421 11.7221289 13.1978995 12.1233338 12.5520497 11.6282430 13.1154191 11.4404584 12.9502324 12.1914480 13.6101122 12.5669032 13.9398823 13.1300861 14.4345375 13.3178137 14.5994226 13.5055413 14.7643077 14.5380432 15.6711756 15.0073623 16.0833882 15.2889537 16.3307158 16.6763597 17.5812646 16.5838418 17.4973145 17.1803480 17.0258407 17.7354553 17.5295416 20.5691940 19.9734427 20.6629870 20.0559657 18.6704862 18.3424475 18.7652566 18.4238463 18.1818151 18.9113944 18.6556672 19.3183881 18.5608968 19.2369894 19.1443383 18.7494412 19.2242897 19.8067806 19.8077312 19.3192324 19.4286495 18.9936374 19.5234199 19.0750362 18.9399784 19.5625844 19.6181903 19.1564349 19.0347489 19.6439831 19.0495678 18.6680425 18.4661264 19.1555907 19.1295193 19.7253818 19.7129608 19.2378337 19.9972720 19.4820299 20.0920424 19.5634286 19.5086009 20.0509768 19.6981418 20.2137743 19.6033714 20.1323755 20.1868128 19.6448274 20.2815833 19.7262261 20.3763537 19.8076248 19.9823223 20.4578582 20.1675664 20.6190451 20.7567801 20.1384887 20.2613595 20.7015681 20.8505731 20.2210118 20.9443662 20.3035348 20.4489456 20.8666142 23.2133512 22.7102902 20.6607418 21.0436954 20.6542425 21.0386277 21.1186683 20.4497086 20.9588142 21.2708903 20.8594567 21.1951587 21.3141057 20.5986737 21.2147483 20.5229421 20.7600993 21.1194271 21.1575292 21.4223536 21.0581717 21.3466219 21.6078387 20.8225610 21.1663025 21.4288411 21.2678089 21.5016411 21.2703543 21.5034507 21.5767191 21.7193333 22.4065383 21.3865728 22.0070606 22.0214651 21.9852054 22.0071768 22.1138697 22.0861011 22.4990397 21.4425505 22.1201683 22.0898293 22.6039958 21.5032987 22.3364157 22.2149925 22.2282920 22.1524109 22.7694984 22.4654390 22.6612812 22.4030230 22.7757653 22.4689738 23.6509371 22.9516066 23.5415406 22.8912775 23.9791265 23.1325939 23.8697300 23.0722648 27.8066936 25.2528160 27.9435063 24.4742204 27.5868887 25.1340112 27.3670839 25.0152065 27.2571814 24.9558041 26.9274741 24.7775970 26.9592766 23.9407856 26.5949432 24.5963480 26.5933405 24.5954547 26.7076693 24.6587923 26.7042126 24.6569004 25.6125693 24.0456639 25.5035947 23.9845760 25.8703311 23.3303555 27.9165961 25.3122183 25.7613565 23.2692676 25.3946202 23.9234881 25.6523820 23.2081797 25.2856456 23.8624002 28.2463034 25.4904254 28.3562058 25.5498278 28.7958155 25.7874373 28.6859131 25.7280349 29.0156204 25.9062420 29.2354253 26.0250467 29.8118477 25.4840606 29.4552301 26.1438515 30.3930124 25.8637279 29.9042914 26.4329149 30.5791761 28.8651539 30.5666622 28.9894543 29.8204343 28.9143278 30.5291203 29.3623555 29.5218239 32.0270034 29.6827809 30.2816321 29.6952948 30.1573317 30.4290087 30.3567586 29.6118865 31.0316398 29.6577530 30.5302329 29.6702669 30.4059325 30.4040988 30.6041874 30.3925440 30.7266770 29.6344021 30.7827989 29.6456599 30.6583785 29.6457917 30.6569527 29.6575244 30.5325776 30.3363194 31.3480662 29.5893708 31.2804807 30.3025459 31.7213275 29.5555973 31.6537420 29.7078088 30.0330313 30.4540366 30.1081578 29.7703785 29.4115293 29.7828925 29.2872289 30.5166064 29.4866559 29.6355136 34.0574511 29.0824818 33.5508390 29.0647602 34.5117279 28.6813337 33.8671473 27.6387112 34.0264538 24.5866813 33.8085449 24.8257041 33.0976525 24.3498522 33.7289161 24.2314377 33.6891017 24.4704605 32.9782092 24.1130232 33.6492873 23.9946087 33.6094728 24.2336315 32.8985804 23.6415589 32.6995083 23.7599734 32.7393227 23.5209506 33.4502152 23.4047298 32.6198795 23.1657070 33.3307719 23.0472925 33.2909575 23.0483367 32.5000517 23.0494863 32.5004362 22.8110380 33.2115218 22.9269599 32.4596900 22.9297957 32.4606208 22.6944880 33.1727532 22.6892545 32.3827166 22.8081072 32.4212033 22.5770551 33.1347262 22.5704019 32.3442298 22.3393497 33.0577527 22.2204971 33.0192660 22.1016444 32.9807793 22.3326965 32.2672564 22.4582024 33.0962395 22.4515492 32.3057431 22.0949912 32.1902829 22.2138438 32.2287696 21.8639390 32.9038058 21.8276511 32.1147066 21.9489581 32.1441128 21.7585318 32.8696729 21.8192363 32.1127690 21.3310049 32.0062553 21.0548730 32.7136543 21.0745023 31.9545261 21.1973350 31.9772851 20.9383739 32.6920689 21.0734842 31.9543389 21.9827917 32.9422925 20.1815079 31.0711963 20.2486168 31.1723518 19.5912093 31.5380809 19.5810523 31.5227709 19.9559854 30.8637818 20.0337048 30.9194761 19.5579649 31.5012792 19.5455802 31.4946104 19.7289846 30.7646862 19.8459898 30.8045520 19.6072662 30.7446918 19.4997798 31.4870869 19.4545029 30.7303210 19.5789621 30.7411419 19.3248933 30.7207727 19.4494754 30.7299179 19.3198290 30.7204353 19.0704173 30.7055175 18.8210055 30.6905996 18.5715938 30.6756817 18.0727704 30.6458460 17.9480646 30.6383870 17.6986528 30.6234692 17.4492411 30.6085513 17.0303444 31.3348365 16.8257118 30.5712566 16.5763001 30.5563387 16.3268884 30.5414209 16.0774767 30.5265030 15.5786533 30.4966673 15.7033591 30.5041262 15.4539474 30.4892083 15.2045357 30.4742905 14.9103448 31.2080346 14.8304181 30.4519136 14.9551240 30.4593726 12.9725479 30.2995127 13.9683086 30.3850738 12.5349302 31.0146738 12.5991377 30.2674273 12.7236078 30.2781224 11.1054968 30.1390856 9.7383985 30.0175687 10.2360768 30.0626382 8.7772086 30.6217600 8.7828105 29.8614470 8.9058868 29.8828811 8.0959169 29.6805736 6.3106104 29.8060070 6.1987639 29.7503515 6.5328877 29.0788894 6.0869174 29.6946959 6.4210412 29.0232339 5.9750709 29.6390404 6.3169539 28.9714394 5.8506243 29.5702236 5.8453029 29.5672043 6.2180847 28.9164024 6.1125830 28.8553978 5.7371529 29.5046683 5.5208528 29.3795963 5.4127027 29.3170602 5.7881329 28.6677897 5.0657275 29.0967630 5.4012193 28.4144490 5.5027479 28.4872442 5.2996908 28.3416538 4.2461796 28.4665122 4.6446079 27.8189305 4.7388081 27.9009884 4.3086027 27.5027472 3.7616335 28.0158990 2.5711270 26.4851511 3.2068192 26.0871433 2.5670776 26.4786092 2.2661051 25.8836545 2.9464152 25.5679184 2.2140375 25.7701469 2.8991721 25.4649282 2.7611202 25.1253702 2.8081717 25.2410998 2.1133976 25.5235694 2.0155614 25.2825548 1.9717167 25.1656438 2.4734634 24.2303072 2.3544328 23.6383073 2.3059852 23.1797116 2.2684052 22.6814118 2.1838502 21.5602372 1.4265790 21.4920644 2.1650602 21.3110872 2.1744552 21.4356622 2.1274802 20.8127874 2.1180852 20.6882124 2.0723393 20.0668514 1.6756801 17.4140142 1.7074870 17.2932023 2.4327717 17.4841526 2.4963855 17.2425289 1.7711008 17.0515786 1.9301352 16.4475192 1.9619421 16.3267074 2.6554200 16.6384695 1.9937490 16.2058955 2.0536065 15.9785392 2.7190338 16.3968458 2.7890276 16.1264361 2.7826476 16.1552220 2.8110886 16.0043628 2.0653382 15.9136226 2.8165732 15.9184527 2.0599326 15.8722784 2.1086011 15.1226347 2.1690101 15.1280095 2.5560802 15.3006975 2.6296107 15.3777637 2.2894060 15.1486380 2.4578772 15.2234747 2.7020452 15.4793503 1.9937662 15.8717631 1.9529961 15.1227106 1.9840554 15.1216648 1.8094240 15.1340018 0.8712284 5.8187508 0.8818151 5.9432301 0.1345130 6.0067869 0.8606416 5.6942715 0.1239262 5.8823075 0.1133395 5.7578282 0.8288814 5.3208334 0.8394681 5.4453128 0.0921660 5.5088695 0.0815792 5.3843902 0.0604057 5.1354315 0.7971211 4.9473954 0.8077079 5.0718747 0.7865344 4.8229160 0.0498189 5.0109521 0.0392322 4.8864728 0.0180587 4.6375141 0.7547741 4.4494780 0.7653609 4.5739574 0.7441874 4.3249987 0.0074719 4.5130348 0.7336006 4.2005193 -0.0031148 4.3885554 -0.0137016 4.2640761 -0.0242883 4.1395967 0.6912536 3.7026019 0.7018404 3.8270813 -0.0454618 3.8906380 0.6700801 3.4536433 0.6806669 3.5781226 -0.0666353 3.6416793 0.6594934 3.3291639 -0.0878088 3.3927207 0.6171464 2.8312465 0.6277331 2.9557259 -0.1301558 2.8948033 -0.1407426 2.7703239 -0.1513293 2.6458446 0.6065596 2.7067672 -0.1619161 2.5213653 0.5959729 2.5822879 -0.1725028 2.3968859 -0.1830896 2.2724066 0.5747994 2.3333292 -0.1936763 2.1479272 -0.2042631 2.0234479 0.5536259 2.0843705 0.5112788 1.5864531 0.5218656 1.7109324 -0.2254366 1.7744892 -0.2466101 1.5255305 -0.2571968 1.4010512 0.4901053 1.3374944 0.4689318 1.0885357 0.4795186 1.2130151 -0.2677836 1.2765718 -0.2783703 1.1520925 -0.2889571 1.0276131 0.4583451 0.9640564 -0.2995438 0.9031338 -0.3101306 0.7786544 0.4477583 0.8395770 0.4054113 0.3416597 0.4159981 0.4661390 -0.3313041 0.5296957 -0.3418908 0.4052164 -0.3524776 0.2807371 -0.3730478 0.0388717 0.3948246 0.2171803 -0.6170334 -1.9378686 0.1273181 -2.0297425 0.3415686 -0.2939127 0.3721758 -0.0459370 -0.6017298 -1.8138807 0.1426217 -1.9057547 0.2956577 -0.6658762 0.3262649 -0.4179005 -0.4180866 -0.3260265 0.1885325 -1.5337912 0.2038361 -1.4098033 -0.5558190 -1.4419172 -0.5405154 -1.3179293 -0.5252118 -1.1939415 0.2191397 -1.2858155 0.2344433 -1.1618276 -0.5099082 -1.0699536 0.2497469 -1.0378398 -0.4946046 -0.9459658 -0.2360233 1.6500098 -0.1089823 3.1437620 -0.1195691 3.0192826 0.6383199 3.0802052 -0.0772221 3.5172000 0.1120145 -2.1537304 0.0442617 -2.7673940 0.0571736 -2.6431343 0.0313498 -2.8916536 -0.0202979 -3.3886924 -0.0461217 -3.6372117 -0.0719455 -3.8857311 -0.0977694 -4.1342505 -0.1365051 -4.5070295 -0.2010647 -5.1283279 -0.9599601 -5.1750719 -0.2139766 -5.2525876 -0.9728720 -5.2993316 -0.2398004 -5.5011070 -0.2268885 -5.3768473 -1.0245196 -5.7963704 -0.2785362 -5.8738860 -0.2656243 -5.7496264 -1.0374315 -5.9206300 -0.2914481 -5.9981457 -1.0761673 -6.2934091 -0.3301838 -6.3709248 -0.3172719 -6.2466651 -0.3430957 -6.4951845 -1.1407269 -6.9147075 -0.4076553 -7.1164829 -0.3947434 -6.9922232 -0.4334791 -7.3650022 -0.4593030 -7.6135216 -0.5157881 -8.2293863 -0.5483780 -8.6027529 -0.5375147 -8.4782974 -1.3389903 -9.0353579 -0.5918312 -9.1005749 -0.5701046 -8.8516639 -0.6026945 -9.2250305 -0.6308349 -9.8226834 -1.3851676 -10.0591385 -0.6375125 -10.1974101 -0.6352866 -10.0725012 -0.6441900 -10.5721368 0.8500549 5.5697921 0.1027527 5.6333489 0.8924019 6.0677095 0.9029886 6.1921888 0.1556865 6.2557456 0.1874467 6.6291836 0.1768600 6.5047043 0.9241621 6.4411475 0.9347489 6.5656269 0.9453356 6.6901062 0.1980335 6.7536629 0.2192070 7.0026216 0.2086202 6.8781423 0.9559224 6.8145855 1.0406164 7.8104203 0.4203552 9.3677292 0.4838757 10.1146052 0.5942314 11.3616472 0.7432300 12.9788713 1.4900670 12.9100636 1.3754527 11.6660450 1.3869141 11.7904468 0.6400771 11.8592546 1.5702969 13.7808766 1.3419565 20.3692909 1.3014045 19.5814806 2.1462702 21.0619373 1.3983940 21.1183395 2.0507745 19.6124937 2.2590102 22.5568368 1.5205290 22.7378139 2.3153802 23.3042866 1.5777146 23.4945410 2.3763948 23.7612904 1.6380748 23.8931374 1.8008294 24.6456290 2.5024826 26.3718202 2.8384798 26.9073329 3.0053101 27.1430700 3.7485166 26.8736764 3.3313597 27.5538706 3.4151199 27.6464596 3.8471101 28.1070085 4.9244725 28.0627210 4.4345800 28.6306281 4.6596133 28.8055822 4.9641989 29.0239678 5.1672560 29.1695582 6.7663376 30.0296696 7.0677132 29.3425920 7.8918405 30.4022750 8.6541324 30.6003258 10.1684340 30.8095816 10.7321109 30.1070022 14.4649204 30.4277454 14.4019814 31.1751009 15.5338741 31.2453293 12.8480779 30.2888175 12.9083405 31.0467592 12.7838704 31.0360641 19.7231111 31.9980469 19.7111218 31.9625093 20.4277643 31.7405272 26.0098493 33.4957967 28.0713319 34.8141144 28.2249901 34.0402645 28.6386925 34.7127422 29.3991188 34.2921158 29.1593839 33.4668906 29.9725354 33.6109824 30.1938425 32.8704256 30.7043156 27.6221500 30.7543714 27.1249484 29.9549488 26.5030808 30.6499018 26.2204144 30.6347428 26.1856852 30.0584988 25.6244201 29.3722379 25.2464512 28.3831160 24.7118299 25.8305185 24.1678396 25.0676965 23.7402245 24.6317982 23.4958730 24.3413075 22.4758406 21.4745975 21.6473724 21.9066091 21.0342933 19.7929122 20.2951730 17.7079630 18.5044008 17.4224129 18.2581163 17.1389491 18.0010154 15.3828175 16.4131584 14.1625880 15.3414054 15.8777549 15.8496542 13.7871327 15.0116353 14.1882064 14.3656886 10.8102044 11.3969409 7.8622115 6.9523473 8.3458756 6.3791379 8.4413560 6.4597026 9.4633520 8.0962813 9.4731088 8.1347393 9.3891831 7.8576860 9.2455508 7.4827931 8.3882541 7.5126009 9.0136189 7.0984719 9.5268120 8.8366797 8.7769150 8.8234991 8.7566616 9.1611302 5.6373699 -6.5507595 5.6116759 -6.7992923 5.5731349 -7.1720915 5.4703588 -8.1662228 5.4318178 -8.5390220 6.1521476 -8.8646809 6.0750656 -9.6102793 5.1620306 -11.1486167 5.8566665 -11.7228083 5.0592546 -12.1427479 5.0207136 -12.5155472 5.6125733 -14.0838701 4.7252324 -15.3736746 4.4922700 -17.6041223 4.2728992 -18.5591072 4.9414621 -18.8990750 5.1126423 -18.4796061 4.3749771 -19.5697990 3.6130316 -19.1881890 3.9983827 -19.8317033 3.1719663 -20.1149831 4.0159168 -19.8208735 3.0253598 -20.1405241 1.6374185 -19.8824949 0.8947836 -19.4853402 0.0097906 -18.6816922 -0.3907100 -18.0967955 -0.5151531 -17.8801330 -0.6916113 -17.4977084 -0.7879904 -17.2671876 -0.3502775 -16.1955188 -1.0751998 -16.3878405 -1.1392705 -16.1463375 -0.4478734 -15.7504989 -1.2080338 -15.7342709 -1.3101527 -14.8524338 -0.6299298 -11.6823587 -1.3894518 -11.1972387 -1.2846738 -8.4130804 -0.4832910 -7.8570830 -1.2303573 -7.7908028 -0.3689196 -6.7437038 -1.1149030 -6.6661881 -0.9857839 -5.4235913 -0.1623289 -4.7555489 -0.9083124 -4.6780332 0.0055259 -3.1401730 -0.7404575 -3.0626573 -1.3655824 -12.3236243 -1.3592296 -12.5734010 -1.3294471 -13.9440145 -0.5795514 -13.9315016 -1.3433478 -13.1978427 -0.5967666 -13.0538853 -1.3465242 -13.0729544 6.4090878 -6.3793527 6.5118639 -5.3852214 6.5247109 -5.2609550 5.8043810 -4.9352961 6.5760989 -4.7638893 5.8557691 -4.4382305 6.0099332 -2.9470336 6.8073450 -2.5270939 6.1127092 -1.9529023 6.3054143 -0.0889061 6.3568024 0.4081595 6.4081904 0.9052252 7.1799083 1.0766320 7.3229314 2.3115553 7.3526510 2.5596389 6.6674145 3.1450156 6.7120432 3.5175517 6.8630331 4.7580141 6.9576989 5.5277374 7.9576920 7.0329120 7.1017520 6.1086032 7.3513158 6.5150678 8.6719217 9.9453215 9.0874183 10.8565555 8.7985137 10.4995191 8.6719217 9.8203928 8.6732075 9.7893661 10.5962454 12.2076111 15.4766813 16.4956009 18.2765855 18.9927932 19.2391087 18.8308400 19.3338791 18.9122387 18.8452080 19.4811856 19.8876826 20.3765717 18.0870447 18.8299957 18.5757158 18.2610488 20.3551525 20.7840912 21.5128207 20.7501370 23.0362434 21.7534821 22.6607867 22.4027373 21.8830839 21.9352159 22.5526630 22.3401557 20.5566252 20.9607723 21.0313565 20.3800725 25.9394930 24.2289275 26.7421277 23.8190585 26.3753913 24.4732790 26.2664168 24.4121911 26.4843659 24.5343669 25.5434074 23.1470919 29.4821404 25.3058535 29.1255228 25.9656444 30.4164948 30.4810590 29.5781130 31.4049011 29.4993082 32.2758443 24.9441186 33.1374669 24.3520460 32.9383948 23.6393651 33.4900296 21.9761385 32.1517962 21.2089471 31.9796269 20.1245321 31.0040260 19.3920526 31.4777207 11.3544369 30.1604758 10.3604964 30.0739056 5.0966337 28.1960634 2.7160009 25.0143927 2.2871952 22.9305617 2.2214302 22.0585370 1.4171840 21.3674894 1.3330929 20.2446770 2.0812029 20.1914653 2.6872269 16.5176576 2.7522858 15.5779232 1.8284195 15.1320850 0.7230139 4.0760400 0.7124271 3.9515606 0.5853861 2.4578085 0.5642126 2.2088498 -0.3207173 0.6541751 0.4265848 0.5906183 -0.4486938 -0.5740022 -0.4639974 -0.6979901 -0.4793010 -0.8219779 0.2803541 -0.7898641 0.2650505 -0.9138519 0.6489066 3.2046846 -0.0073860 -3.2644327 -1.1278149 -6.7904478 -0.3818315 -6.8679635 -0.6330608 -9.9475923 0.1450997 6.1312662 1.1570707 9.1796931 1.5473741 13.5320728 0.9989335 15.4437303 1.3017933 19.5731948 1.4735540 22.1149392 3.1603357 27.3390185 7.2756983 30.2082134 10.2928536 30.8208490 20.9505838 31.9319182 23.4025361 33.4104008 27.1939945 33.8939408 28.0350161 34.0648962 29.7199008 33.9653317 30.2237412 32.5922706 30.0081435 27.0498219 30.7620734 26.7001355 28.2732136 24.6524275 16.7688776 17.6652148 16.6252408 16.5221397 14.3503156 15.5062905 14.7513892 14.8603438 16.3988061 17.3294142 13.0362223 14.3520950 13.5311597 13.7885908 9.2910459 7.5991434 7.9111014 6.0158792 5.3290417 -9.5331533 5.1877247 -10.9000838 5.4712562 -15.4508006 5.2518089 -17.5693687 4.3251439 -18.4538121 2.9282677 -19.3967392 3.0490027 -20.1370540 0.5847470 -19.2525769 -0.2387664 -18.3369636 -0.4529316 -17.9884642 -0.7398008 -17.3824480 -0.9211391 -16.8943264 -1.3829417 -9.9342296 -0.7533694 -3.1869170 -0.7017218 -2.6898783 -0.6062957 -12.6792202 5.6887580 -6.0536938 6.4347818 -6.1308198 7.0743197 6.0333734 9.4500541 10.1275242 9.7085020 10.4184254 9.1773322 10.9479169 9.1750382 10.9456056 12.3791756 13.7749973 14.7257708 15.8360606 21.4134632 20.6744054 22.2129738 21.2501759 21.7809623 21.8632550 22.9283669 21.6910436 28.0264985 25.3716207 29.8329483 28.7900274 29.5443395 31.7781625 12.6594003 31.0253690 2.2120352 21.9339620 1.4359740 21.6166393 2.7912583 15.6942381 -0.0560486 3.7661587 0.5430391 1.9598911 -0.4027830 -0.2020387 -0.0983956 3.2682413 -0.0348751 4.0151174 -1.3172637 -8.7864469 1.0088561 7.4369823 2.0993008 20.4391366 6.8034631 30.0447849 8.3363468 29.7485603 21.1711433 32.7390201 24.9985345 22.8416525 25.2164837 22.9638282 18.4809453 18.1796501 14.2564518 15.4238479 9.3365409 7.7154937 3.4553590 -19.2613948 1.1410623 -18.7342908 0.1974269 -17.6149220 -1.3560533 -12.6982893 6.4604758 -5.8822870 6.4595784 1.4022908 7.2486326 1.6913461 18.7504376 19.3997869 23.1039547 22.6499611 30.6042040 28.6165531 2.5281924 17.1217170 2.0638102 15.8838512 0.4371716 0.7150977 3.5906805 27.8336799 9.1464374 30.6860624 18.0279913 31.3945080 19.6771556 31.8422867 25.1766710 23.8013124 8.1422812 6.2132276 3.0394652 -19.3767802 7.5320004 4.0472663 6.7875034 4.1379537 7.6830598 5.2873872 20.2970046 31.2777055 1.8029077 16.9307667 0.3736511 -0.0317784 9.2751156 29.9471835 25.5361912 33.3365390 29.8704901 28.4171262 14.6575254 14.7779012 8.5925459 7.8722695 -0.2139639 -16.6445198 -0.6221698 -12.0550849 -0.6031194 -12.8041086 7.5622123 4.2952905 8.6862908 9.6411908 30.4415227 30.2324582 24.5888750 33.0180236 20.3309708 31.3979282 25.0603394 33.9678026 29.8579762 28.5414266 9.5238867 8.9614950 -1.3719351 -12.0738477 6.8177152 4.3859779 8.7046249 9.5176147 10.4086425 12.0425841 17.9922743 18.7485970 20.5427386 20.9491372 19.6092233 31.6018413 0.5006921 1.4619738 20.3989031 31.6383735 26.8511023 23.8801464 9.5228623 8.9817634 6.8026093 4.2619658 9.4465043 9.6276824 13.6932689 14.9291927 7.5471063 4.1712784 9.4648385 9.5041063 29.4767926 32.5246852 8.7229590 9.3940387 0.9665091 6.9390649 19.6431895 31.7220640 20.3649369 31.5181508 8.7410857 9.2718613 6.1778417 -8.6161481 9.4831726 9.3805302 5.4446648 -8.4147556 6.4476288 -6.0065534 9.4835771 9.3777314 6.1906887 -8.4918816 5.7016050 -5.9294274 -0.4657654 -15.6268580 -0.3182421 -16.3162703 2.8101939 15.7941551 -0.0478441 -17.0931457 0.2596485 -17.7232532 2.4009648 17.6049645 2.3373510 17.8465882 1.6120663 17.6556379 2.2737373 18.0882119 1.5484525 17.8972617 0.6445030 -18.2630665 1.0420423 -18.6581183 1.6988162 -19.0893201 2.3983567 23.8842736 2.1387869 -19.2713006 2.5610516 24.5603852 2.4441778 -19.3582931 2.0192948 25.2921102 2.7620556 -19.3989674 2.0663462 25.4078398 2.2075005 25.7550287 4.5767022 -19.3798669 4.6743596 -19.2735270 4.1777004 -18.6978215 5.8962829 28.7303257 6.2934647 -7.4977504 5.9597391 29.6309640 6.6447343 29.1345450 8.4565618 29.7825537 9.1520393 29.9257494 9.5035033 9.2308698 9.5009748 9.2540496 9.6220241 10.3305358 27.7474864 34.0519870 22.3150954 21.3221368 27.5889423 34.7851568 27.6148180 34.7902778 27.8273751 34.0648962 27.7374522 34.8100942 27.7972723 34.8148962 29.7474484 26.3182176 28.0471298 34.8148962 28.8701124 33.7459846 29.4335194 32.8664205 29.3520906 33.1564202</float_array><technique_common><accessor source="#uv-array" count="2306" stride="2"><param name="S" type="float" /><param name="T" type="float" /></accessor></technique_common></source><source id="normals"><float_array id="normals-array" count="3">0.0000000 0.0000000 1.0000000</float_array><technique_common><accessor source="#normals-array" count="1" stride="3"><param name="X" type="float" /><param name="Y" type="float" /><param name="Z" type="float" /></accessor></technique_common></source><vertices id="road-vertices"><input semantic="POSITION" source="#positions" /></vertices><triangles count="2306" material="asphalt"><input semantic="VERTEX" source="#road-vertices" offset="0" /><input semantic="TEXCOORD" source="#uv" offset="1" set="0" /><input semantic="NORMAL" source="#normals" offset="2" /><p>0 0 0 1 1 0 2 2 0 2 2 0 3 3 0 4 4 0 5 5 0 6 6 0 1 1 0 7 7 0 8 8 0 9 9 0 10 10 0 7 7 0 11 11 0 12 12 0 13 13 0 14 14 0 15 15 0 12 12 0 16 16 0 17 17 0 15 15 0 18 18 0 19 19 0 20 20 0 21 21 0 22 22 0 23 23 0 24 24 0 25 25 0 26 26 0 27 27 0 28 28 0 27 27 0 26 26 0 29 29 0 28 28 0 30 30 0 31 31 0 32 32 0 29 29 0 32 32 0 33 33 0 34 34 0 33 33 0 35 35 0 36 36 0 37 37 0 38 38 0 39 39 0 40 40 0 41 41 0 38 38 0 42 42 0 43 43 0 44 44 0 45 45 0 46 46 0 47 47 0 48 48 0 49 49 0 50 50 0 51 51 0 52 52 0 53 53 0 54 54 0 55 55 0 56 56 0 57 57 0 54 54 0 56 56 0 58 58 0 59 59 0 60 60 0 61 61 0 62 62 0 57 57 0 62 62 0 63 63 0 64 64 0 65 65 0 66 66 0 67 67 0 67 67 0 68 68 0 65 65 0 69 69 0 65 65 0 68 68 0 70 70 0 60 60 0 59 59 0 71 71 0 56 56 0 55 55 0 72 72 0 73 73 0 74 74 0 75 75 0 76 76 0 77 77 0 78 78 0 75 75 0 79 79 0 79 79 0 80 80 0 81 81 0 82 82 0 81 81 0 83 83 0 84 84 0 85 85 0 86 86 0 85 85 0 87 87 0 88 88 0 89 89 0 90 90 0 87 87 0 91 91 0 92 92 0 89 89 0 91 91 0 93 93 0 94 94 0 91 91 0 95 95 0 93 93 0 91 91 0 96 96 0 97 97 0 91 91 0 98 98 0 99 99 0 100 100 0 101 101 0 102 102 0 103 103 0 104 104 0 105 105 0 106 106 0 107 107 0 108 108 0 109 109 0 110 110 0 111 111 0 112 112 0 113 113 0 114 114 0 114 114 0 115 115 0 112 112 0 115 115 0 103 103 0 112 112 0 104 104 0 111 111 0 110 110 0 116 116 0 117 117 0 118 118 0 118 118 0 119 119 0 116 116 0 120 120 0 121 121 0 122 122 0 120 120 0 122 122 0 123 123 0 124 124 0 125 125 0 121 121 0 126 126 0 127 127 0 128 128 0 129 129 0 130 130 0 114 114 0 131 131 0 132 132 0 133 133 0 130 130 0 134 134 0 135 135 0 136 136 0 137 137 0 138 138 0 139 139 0 140 140 0 141 141 0 142 142 0 143 143 0 144 144 0 145 145 0 146 146 0 143 143 0 147 147 0 148 148 0 149 149 0 150 150 0 151 151 0 152 152 0 153 153 0 154 154 0 155 155 0 156 156 0 157 157 0 158 158 0 156 156 0 158 158 0 159 159 0 160 160 0 161 161 0 162 162 0 160 160 0 163 163 0 164 164 0 165 165 0 166 166 0 163 163 0 167 167 0 168 168 0 169 169 0 170 170 0 171 171 0 168 168 0 172 172 0 173 173 0 174 174 0 175 175 0 176 176 0 177 177 0 178 178 0 179 179 0 180 180 0 180 180 0 181 181 0 182 182 0 182 182 0 178 178 0 180 180 0 181 181 0 183 183 0 184 184 0 185 185 0 186 186 0 187 187 0 188 188 0 187 187 0 186 186 0 189 189 0 190 190 0 191 191 0 191 191 0 192 192 0 189 189 0 193 193 0 194 194 0 195 195 0 196 196 0 197 197 0 198 198 0 199 199 0 198 198 0 197 197 0 197 197 0 200 200 0 199 199 0 201 201 0 202 202 0 203 203 0 204 204 0 205 205 0 206 206 0 204 204 0 207 207 0 205 205 0 208 208 0 209 209 0 210 210 0 211 211 0 212 212 0 213 213 0 214 214 0 215 215 0 212 212 0 216 216 0 217 217 0 218 218 0 219 219 0 218 218 0 217 217 0 220 220 0 219 219 0 217 217 0 221 221 0 222 222 0 223 223 0 224 224 0 225 225 0 226 226 0 226 226 0 227 227 0 224 224 0 228 228 0 229 229 0 230 230 0 231 231 0 232 232 0 222 222 0 233 233 0 234 234 0 231 231 0 233 233 0 235 235 0 234 234 0 236 236 0 237 237 0 238 238 0 239 239 0 240 240 0 241 241 0 242 242 0 243 243 0 240 240 0 242 242 0 244 244 0 243 243 0 239 239 0 241 241 0 245 245 0 246 246 0 247 247 0 248 248 0 249 249 0 250 250 0 251 251 0 252 252 0 253 253 0 254 254 0 252 252 0 255 255 0 253 253 0 256 256 0 257 257 0 258 258 0 256 256 0 259 259 0 257 257 0 260 260 0 261 261 0 262 262 0 263 263 0 264 264 0 265 265 0 266 266 0 267 267 0 268 268 0 269 269 0 270 270 0 271 271 0 269 269 0 272 272 0 270 270 0 269 269 0 273 273 0 272 272 0 274 274 0 275 275 0 276 276 0 277 277 0 278 278 0 279 279 0 280 280 0 281 281 0 282 282 0 283 283 0 284 284 0 285 285 0 283 283 0 286 286 0 284 284 0 287 287 0 288 288 0 289 289 0 290 290 0 291 291 0 292 292 0 293 293 0 294 294 0 295 295 0 296 296 0 297 297 0 298 298 0 299 299 0 300 300 0 301 301 0 302 302 0 303 303 0 304 304 0 305 305 0 306 306 0 307 307 0 306 306 0 308 308 0 309 309 0 310 310 0 311 311 0 312 312 0 313 313 0 314 314 0 315 315 0 316 316 0 317 317 0 318 318 0 319 319 0 320 320 0 321 321 0 322 322 0 323 323 0 324 324 0 325 325 0 326 326 0 327 327 0 328 328 0 325 325 0 327 327 0 327 327 0 329 329 0 328 328 0 330 330 0 324 324 0 331 331 0 322 322 0 332 332 0 333 333 0 334 334 0 335 335 0 332 332 0 336 336 0 337 337 0 338 338 0 339 339 0 340 340 0 341 341 0 342 342 0 343 343 0 344 344 0 345 345 0 346 346 0 347 347 0 347 347 0 348 348 0 349 349 0 350 350 0 351 351 0 352 352 0 353 353 0 354 354 0 355 355 0 356 356 0 357 357 0 358 358 0 359 359 0 358 358 0 357 357 0 360 360 0 361 361 0 362 362 0 363 363 0 364 364 0 365 365 0 366 366 0 367 367 0 364 364 0 368 368 0 369 369 0 366 366 0 370 370 0 371 371 0 369 369 0 372 372 0 373 373 0 370 370 0 374 374 0 375 375 0 373 373 0 376 376 0 377 377 0 374 374 0 378 378 0 379 379 0 380 380 0 378 378 0 381 381 0 379 379 0 382 382 0 383 383 0 384 384 0 385 385 0 386 386 0 387 387 0 386 386 0 388 388 0 387 387 0 389 389 0 390 390 0 391 391 0 390 390 0 385 385 0 391 391 0 392 392 0 393 393 0 394 394 0 394 394 0 395 395 0 392 392 0 395 395 0 396 396 0 397 397 0 396 396 0 398 398 0 399 399 0 400 400 0 401 401 0 402 402 0 402 402 0 403 403 0 400 400 0 404 404 0 405 405 0 406 406 0 407 407 0 408 408 0 405 405 0 409 409 0 410 410 0 411 411 0 411 411 0 412 412 0 409 409 0 413 413 0 414 414 0 415 415 0 416 416 0 417 417 0 418 418 0 419 419 0 420 420 0 421 421 0 419 419 0 422 422 0 420 420 0 423 423 0 424 424 0 425 425 0 426 426 0 427 427 0 424 424 0 428 428 0 429 429 0 430 430 0 431 431 0 432 432 0 433 433 0 434 434 0 435 435 0 436 436 0 437 437 0 438 438 0 439 439 0 440 440 0 441 441 0 442 442 0 443 443 0 444 444 0 445 445 0 446 446 0 447 447 0 448 448 0 449 449 0 446 446 0 450 450 0 450 450 0 451 451 0 452 452 0 453 453 0 454 454 0 455 455 0 456 456 0 455 455 0 454 454 0 457 457 0 458 458 0 459 459 0 460 460 0 461 461 0 462 462 0 463 463 0 464 464 0 465 465 0 465 465 0 461 461 0 463 463 0 466 466 0 467 467 0 468 468 0 469 469 0 470 470 0 471 471 0 469 469 0 468 468 0 470 470 0 472 472 0 469 469 0 473 473 0 474 474 0 475 475 0 476 476 0 476 476 0 477 477 0 474 474 0 478 478 0 479 479 0 480 480 0 478 478 0 481 481 0 479 479 0 482 482 0 483 483 0 484 484 0 485 485 0 486 486 0 483 483 0 487 487 0 488 488 0 489 489 0 490 490 0 491 491 0 492 492 0 493 493 0 494 494 0 495 495 0 496 496 0 497 497 0 498 498 0 499 499 0 500 500 0 501 501 0 502 502 0 503 503 0 504 504 0 505 505 0 506 506 0 507 507 0 508 508 0 509 509 0 510 510 0 511 511 0 512 512 0 513 513 0 514 514 0 515 515 0 516 516 0 517 517 0 518 518 0 519 519 0 520 520 0 521 521 0 522 522 0 523 523 0 524 524 0 525 525 0 523 523 0 526 526 0 524 524 0 527 527 0 528 528 0 529 529 0 529 529 0 530 530 0 527 527 0 531 531 0 532 532 0 533 533 0 534 534 0 535 535 0 536 536 0 537 537 0 538 538 0 539 539 0 539 539 0 540 540 0 541 541 0 535 535 0 542 542 0 540 540 0 543 543 0 544 544 0 545 545 0 543 543 0 546 546 0 544 544 0 547 547 0 548 548 0 549 549 0 550 550 0 551 551 0 552 552 0 553 553 0 554 554 0 555 555 0 556 556 0 557 557 0 558 558 0 559 559 0 560 560 0 561 561 0 562 562 0 563 563 0 564 564 0 565 565 0 566 566 0 567 567 0 568 568 0 569 569 0 570 570 0 571 571 0 572 572 0 573 573 0 574 574 0 575 575 0 576 576 0 577 577 0 578 578 0 579 579 0 580 580 0 581 581 0 582 582 0 579 579 0 583 583 0 577 577 0 584 584 0 574 574 0 576 576 0 585 585 0 586 586 0 584 584 0 587 587 0 588 588 0 589 589 0 588 588 0 590 590 0 591 591 0 592 592 0 593 593 0 594 594 0 594 594 0 595 595 0 596 596 0 597 597 0 598 598 0 599 599 0 600 600 0 601 601 0 602 602 0 603 603 0 604 604 0 605 605 0 606 606 0 607 607 0 608 608 0 609 609 0 608 608 0 610 610 0 611 611 0 612 612 0 613 613 0 614 614 0 615 615 0 616 616 0 614 614 0 616 616 0 617 617 0 618 618 0 619 619 0 620 620 0 621 621 0 622 622 0 619 619 0 623 623 0 624 624 0 621 621 0 624 624 0 625 625 0 626 626 0 627 627 0 628 628 0 625 625 0 629 629 0 627 627 0 630 630 0 630 630 0 631 631 0 629 629 0 630 630 0 632 632 0 631 631 0 633 633 0 634 634 0 635 635 0 636 636 0 637 637 0 638 638 0 605 605 0 639 639 0 640 640 0 641 641 0 617 617 0 642 642 0 643 643 0 644 644 0 645 645 0 645 645 0 611 611 0 613 613 0 610 610 0 646 646 0 647 647 0 648 648 0 649 649 0 650 650 0 651 651 0 652 652 0 653 653 0 654 654 0 655 655 0 656 656 0 657 657 0 658 658 0 659 659 0 660 660 0 661 661 0 662 662 0 663 663 0 664 664 0 665 665 0 666 666 0 667 667 0 668 668 0 669 669 0 670 670 0 671 671 0 672 672 0 673 673 0 674 674 0 675 675 0 676 676 0 677 677 0 678 678 0 679 679 0 680 680 0 681 681 0 682 682 0 683 683 0 684 684 0 685 685 0 686 686 0 687 687 0 688 688 0 689 689 0 690 690 0 689 689 0 691 691 0 691 691 0 692 692 0 693 693 0 694 694 0 693 693 0 695 695 0 695 695 0 696 696 0 697 697 0 698 698 0 699 699 0 700 700 0 701 701 0 702 702 0 703 703 0 704 704 0 705 705 0 706 706 0 707 707 0 708 708 0 709 709 0 710 710 0 711 711 0 712 712 0 713 713 0 714 714 0 715 715 0 716 716 0 717 717 0 718 718 0 715 715 0 706 706 0 705 705 0 705 705 0 719 719 0 715 715 0 720 720 0 716 716 0 721 721 0 722 722 0 720 720 0 721 721 0 716 716 0 718 718 0 723 723 0 724 724 0 709 709 0 725 725 0 726 726 0 727 727 0 728 728 0 729 729 0 730 730 0 727 727 0 731 731 0 732 732 0 733 733 0 731 731 0 734 734 0 732 732 0 731 731 0 725 725 0 734 734 0 707 707 0 735 735 0 736 736 0 737 737 0 738 738 0 735 735 0 739 739 0 740 740 0 741 741 0 742 742 0 743 743 0 744 744 0 745 745 0 746 746 0 747 747 0 748 748 0 749 749 0 750 750 0 751 751 0 752 752 0 753 753 0 754 754 0 755 755 0 756 756 0 757 757 0 758 758 0 759 759 0 760 760 0 761 761 0 762 762 0 763 763 0 764 764 0 765 765 0 766 766 0 763 763 0 767 767 0 768 768 0 769 769 0 770 770 0 769 769 0 771 771 0 772 772 0 773 773 0 774 774 0 775 775 0 776 776 0 777 777 0 774 774 0 778 778 0 776 776 0 779 779 0 780 780 0 778 778 0 781 781 0 782 782 0 783 783 0 784 784 0 785 785 0 786 786 0 787 787 0 788 788 0 785 785 0 789 789 0 790 790 0 791 791 0 788 788 0 792 792 0 793 793 0 794 794 0 795 795 0 796 796 0 797 797 0 798 798 0 799 799 0 796 796 0 800 800 0 801 801 0 798 798 0 802 802 0 803 803 0 801 801 0 804 804 0 802 802 0 805 805 0 806 806 0 807 807 0 804 804 0 808 808 0 809 809 0 807 807 0 810 810 0 811 811 0 808 808 0 811 811 0 812 812 0 813 813 0 814 814 0 815 815 0 812 812 0 816 816 0 817 817 0 818 818 0 819 819 0 820 820 0 821 821 0 822 822 0 823 823 0 820 820 0 824 824 0 825 825 0 822 822 0 826 826 0 827 827 0 828 828 0 829 829 0 830 830 0 826 826 0 831 831 0 832 832 0 830 830 0 833 833 0 834 834 0 835 835 0 836 836 0 837 837 0 834 834 0 838 838 0 836 836 0 839 839 0 840 840 0 838 838 0 841 841 0 841 841 0 842 842 0 843 843 0 844 844 0 843 843 0 845 845 0 845 845 0 846 846 0 847 847 0 848 848 0 849 849 0 850 850 0 850 850 0 851 851 0 848 848 0 852 852 0 853 853 0 854 854 0 855 855 0 854 854 0 853 853 0 856 856 0 857 857 0 858 858 0 857 857 0 859 859 0 860 860 0 861 861 0 860 860 0 862 862 0 863 863 0 864 864 0 865 865 0 866 866 0 867 867 0 868 868 0 869 869 0 868 868 0 870 870 0 871 871 0 872 872 0 873 873 0 874 874 0 875 875 0 876 876 0 877 877 0 876 876 0 878 878 0 879 879 0 880 880 0 881 881 0 881 881 0 882 882 0 879 879 0 883 883 0 879 879 0 884 884 0 885 885 0 886 886 0 887 887 0 888 888 0 885 885 0 889 889 0 890 890 0 888 888 0 891 891 0 892 892 0 893 893 0 894 894 0 895 895 0 894 894 0 896 896 0 896 896 0 897 897 0 898 898 0 897 897 0 899 899 0 900 900 0 899 899 0 901 901 0 902 902 0 903 903 0 902 902 0 904 904 0 905 905 0 906 906 0 907 907 0 908 908 0 909 909 0 905 905 0 910 910 0 911 911 0 909 909 0 912 912 0 910 910 0 913 913 0 914 914 0 915 915 0 916 916 0 917 917 0 918 918 0 919 919 0 920 920 0 919 919 0 918 918 0 921 921 0 922 922 0 923 923 0 923 923 0 924 924 0 925 925 0 926 926 0 925 925 0 924 924 0 927 927 0 928 928 0 929 929 0 928 928 0 930 930 0 931 931 0 928 928 0 932 932 0 930 930 0 933 933 0 934 934 0 935 935 0 933 933 0 936 936 0 934 934 0 937 937 0 938 938 0 939 939 0 939 939 0 940 940 0 937 937 0 941 941 0 942 942 0 938 938 0 938 938 0 943 943 0 941 941 0 944 944 0 945 945 0 946 946 0 944 944 0 946 946 0 947 947 0 948 948 0 949 949 0 950 950 0 948 948 0 951 951 0 949 949 0 952 952 0 953 953 0 951 951 0 954 954 0 955 955 0 956 956 0 954 954 0 956 956 0 957 957 0 958 958 0 959 959 0 960 960 0 961 961 0 962 962 0 959 959 0 961 961 0 963 963 0 964 964 0 965 965 0 966 966 0 967 967 0 967 967 0 968 968 0 965 965 0 969 969 0 970 970 0 971 971 0 972 972 0 973 973 0 974 974 0 975 975 0 976 976 0 973 973 0 977 977 0 978 978 0 979 979 0 979 979 0 980 980 0 981 981 0 978 978 0 982 982 0 979 979 0 983 983 0 984 984 0 985 985 0 983 983 0 986 986 0 984 984 0 987 987 0 988 988 0 989 989 0 987 987 0 990 990 0 988 988 0 991 991 0 992 992 0 993 993 0 994 994 0 995 995 0 996 996 0 997 997 0 998 998 0 999 999 0 1000 1000 0 1001 1001 0 998 998 0 1002 1002 0 1003 1003 0 1004 1004 0 1004 1004 0 1005 1005 0 1002 1002 0 1006 1006 0 1007 1007 0 1008 1008 0 1006 1006 0 1009 1009 0 1007 1007 0 1006 1006 0 1010 1010 0 1009 1009 0 1011 1011 0 1012 1012 0 1013 1013 0 1014 1014 0 1015 1015 0 1016 1016 0 1011 1011 0 1013 1013 0 1015 1015 0 1017 1017 0 1018 1018 0 1019 1019 0 1020 1020 0 1021 1021 0 1022 1022 0 1020 1020 0 1023 1023 0 1021 1021 0 1024 1024 0 1025 1025 0 1026 1026 0 1027 1027 0 1026 1026 0 1028 1028 0 1024 1024 0 1029 1029 0 1025 1025 0 1030 1030 0 1031 1031 0 1032 1032 0 1030 1030 0 1033 1033 0 1031 1031 0 1034 1034 0 1035 1035 0 1036 1036 0 1037 1037 0 1038 1038 0 1039 1039 0 1040 1040 0 1041 1041 0 1042 1042 0 1043 1043 0 1044 1044 0 1041 1041 0 1045 1045 0 1046 1046 0 1047 1047 0 1048 1048 0 1049 1049 0 1050 1050 0 1051 1051 0 1052 1052 0 1053 1053 0 1054 1054 0 1055 1055 0 1056 1056 0 1057 1057 0 1058 1058 0 1059 1059 0 1060 1060 0 1057 1057 0 1061 1061 0 1062 1062 0 1063 1063 0 1064 1064 0 1065 1065 0 1066 1066 0 1067 1067 0 1063 1063 0 1065 1065 0 1067 1067 0 1067 1067 0 1068 1068 0 1063 1063 0 1069 1069 0 1070 1070 0 1059 1059 0 1071 1071 0 1072 1072 0 1073 1073 0 1072 1072 0 1074 1074 0 1075 1075 0 1076 1076 0 1077 1077 0 1074 1074 0 1074 1074 0 1078 1078 0 1076 1076 0 1079 1079 0 1080 1080 0 1081 1081 0 1082 1082 0 1083 1083 0 1084 1084 0 1085 1085 0 1086 1086 0 1087 1087 0 1088 1088 0 1089 1089 0 1090 1090 0 1091 1091 0 1092 1092 0 1093 1093 0 1091 1091 0 1094 1094 0 1092 1092 0 1095 1095 0 1096 1096 0 1097 1097 0 1098 1098 0 1099 1099 0 1100 1100 0 1101 1101 0 1102 1102 0 1099 1099 0 1103 1103 0 1104 1104 0 1102 1102 0 1105 1105 0 1106 1106 0 1107 1107 0 1105 1105 0 1108 1108 0 1106 1106 0 1105 1105 0 1109 1109 0 1108 1108 0 1110 1110 0 1111 1111 0 1112 1112 0 1113 1113 0 1114 1114 0 1115 1115 0 1116 1116 0 1117 1117 0 1118 1118 0 1119 1119 0 1120 1120 0 1121 1121 0 1122 1122 0 1123 1123 0 1124 1124 0 1125 1125 0 1126 1126 0 1127 1127 0 1128 1128 0 1129 1129 0 1130 1130 0 1131 1131 0 1132 1132 0 1133 1133 0 1134 1134 0 1135 1135 0 1136 1136 0 1137 1137 0 1138 1138 0 1139 1139 0 1140 1140 0 1141 1141 0 1142 1142 0 1143 1143 0 1144 1144 0 1145 1145 0 1146 1146 0 1147 1147 0 1148 1148 0 1149 1149 0 1150 1150 0 1151 1151 0 1149 1149 0 1152 1152 0 1150 1150 0 1153 1153 0 1154 1154 0 1155 1155 0 1156 1156 0 1157 1157 0 1158 1158 0 1159 1159 0 1160 1160 0 1161 1161 0 1162 1162 0 1163 1163 0 1164 1164 0 1052 1052 0 1051 1051 0 1165 1165 0 1166 1166 0 1167 1167 0 1168 1168 0 1169 1169 0 1166 1166 0 1168 1168 0 1168 1168 0 1170 1170 0 1169 1169 0 1055 1055 0 1054 1054 0 1171 1171 0 1050 1050 0 1172 1172 0 1048 1048 0 1049 1049 0 1048 1048 0 1173 1173 0 1170 1170 0 1168 1168 0 1055 1055 0 1039 1039 0 1174 1174 0 1037 1037 0 1175 1175 0 1176 1176 0 1177 1177 0 1018 1018 0 1017 1017 0 1020 1020 0 1012 1012 0 1011 1011 0 1178 1178 0 1010 1010 0 1179 1179 0 1180 1180 0 1008 1008 0 1181 1181 0 1006 1006 0 1182 1182 0 1183 1183 0 1184 1184 0 992 992 0 1185 1185 0 994 994 0 1186 1186 0 1187 1187 0 981 981 0 1188 1188 0 1189 1189 0 1190 1190 0 1191 1191 0 963 963 0 1192 1192 0 964 964 0 962 962 0 961 961 0 1193 1193 0 1194 1194 0 948 948 0 1195 1195 0 937 937 0 1196 1196 0 1197 1197 0 1195 1195 0 1198 1198 0 1199 1199 0 936 936 0 933 933 0 758 758 0 756 756 0 755 755 0 1200 1200 0 754 754 0 1201 1201 0 1202 1202 0 1203 1203 0 1204 1204 0 1205 1205 0 1206 1206 0 1207 1207 0 1208 1208 0 1205 1205 0 1209 1209 0 1210 1210 0 1211 1211 0 1212 1212 0 1213 1213 0 1214 1214 0 1215 1215 0 1216 1216 0 1217 1217 0 1218 1218 0 1219 1219 0 1220 1220 0 1221 1221 0 1222 1222 0 1221 1221 0 1223 1223 0 1224 1224 0 1222 1222 0 1225 1225 0 1226 1226 0 1227 1227 0 1228 1228 0 1229 1229 0 1230 1230 0 1226 1226 0 1231 1231 0 1232 1232 0 1233 1233 0 1233 1233 0 1234 1234 0 1235 1235 0 1234 1234 0 1236 1236 0 1237 1237 0 1238 1238 0 1239 1239 0 1240 1240 0 1239 1239 0 1241 1241 0 1242 1242 0 1243 1243 0 1242 1242 0 1244 1244 0 1245 1245 0 1246 1246 0 1247 1247 0 1248 1248 0 1245 1245 0 1249 1249 0 1250 1250 0 1248 1248 0 1251 1251 0 1252 1252 0 1253 1253 0 1254 1254 0 1253 1253 0 1255 1255 0 1256 1256 0 1257 1257 0 1256 1256 0 1258 1258 0 1258 1258 0 1259 1259 0 1260 1260 0 1259 1259 0 1261 1261 0 1262 1262 0 1263 1263 0 1262 1262 0 1264 1264 0 1265 1265 0 1266 1266 0 1267 1267 0 1267 1267 0 1268 1268 0 1265 1265 0 1268 1268 0 1269 1269 0 1270 1270 0 1271 1271 0 1270 1270 0 1272 1272 0 1273 1273 0 1271 1271 0 1274 1274 0 1274 1274 0 1275 1275 0 1276 1276 0 1277 1277 0 1278 1278 0 1279 1279 0 1278 1278 0 1280 1280 0 1281 1281 0 1282 1282 0 1283 1283 0 1284 1284 0 1285 1285 0 1286 1286 0 1282 1282 0 1286 1286 0 1287 1287 0 1288 1288 0 1289 1289 0 1290 1290 0 1291 1291 0 1292 1292 0 1293 1293 0 1289 1289 0 1293 1293 0 1294 1294 0 1295 1295 0 1296 1296 0 1297 1297 0 1298 1298 0 1299 1299 0 1300 1300 0 1301 1301 0 1302 1302 0 1303 1303 0 1300 1300 0 1304 1304 0 1305 1305 0 1306 1306 0 1307 1307 0 1304 1304 0 1308 1308 0 1309 1309 0 1307 1307 0 1310 1310 0 1311 1311 0 1312 1312 0 1313 1313 0 1314 1314 0 1315 1315 0 1311 1311 0 1316 1316 0 1317 1317 0 1315 1315 0 1318 1318 0 1319 1319 0 1320 1320 0 1321 1321 0 1322 1322 0 1323 1323 0 1324 1324 0 1325 1325 0 1322 1322 0 1326 1326 0 1327 1327 0 1324 1324 0 1328 1328 0 1329 1329 0 1330 1330 0 1331 1331 0 1330 1330 0 1329 1329 0 1332 1332 0 1331 1331 0 1333 1333 0 1334 1334 0 1335 1335 0 1336 1336 0 1337 1337 0 753 753 0 1338 1338 0 1339 1339 0 1340 1340 0 1341 1341 0 1342 1342 0 1343 1343 0 1339 1339 0 1344 1344 0 1345 1345 0 1346 1346 0 1347 1347 0 1348 1348 0 1349 1349 0 1349 1349 0 1350 1350 0 1347 1347 0 749 749 0 1351 1351 0 1345 1345 0 750 750 0 1352 1352 0 1353 1353 0 1354 1354 0 1353 1353 0 1352 1352 0 1352 1352 0 1355 1355 0 1356 1356 0 1357 1357 0 1358 1358 0 1359 1359 0 1359 1359 0 1360 1360 0 1357 1357 0 1361 1361 0 1362 1362 0 1363 1363 0 1360 1360 0 1364 1364 0 1362 1362 0 1365 1365 0 1361 1361 0 1363 1363 0 1363 1363 0 1366 1366 0 1365 1365 0 1367 1367 0 1368 1368 0 1369 1369 0 1367 1367 0 1370 1370 0 1368 1368 0 735 735 0 707 707 0 737 737 0 709 709 0 724 724 0 1371 1371 0 1372 1372 0 729 729 0 1373 1373 0 1374 1374 0 1375 1375 0 1376 1376 0 1377 1377 0 1378 1378 0 1379 1379 0 1380 1380 0 1381 1381 0 1378 1378 0 1378 1378 0 1382 1382 0 1380 1380 0 1383 1383 0 1384 1384 0 1382 1382 0 1382 1382 0 1385 1385 0 1383 1383 0 1386 1386 0 1387 1387 0 1388 1388 0 1386 1386 0 1389 1389 0 1387 1387 0 1390 1390 0 1391 1391 0 1389 1389 0 1392 1392 0 1393 1393 0 1394 1394 0 1392 1392 0 1394 1394 0 1395 1395 0 702 702 0 701 701 0 1393 1393 0 699 699 0 698 698 0 1396 1396 0 1397 1397 0 696 696 0 1398 1398 0 1399 1399 0 1400 1400 0 1401 1401 0 1402 1402 0 1403 1403 0 1404 1404 0 1405 1405 0 1406 1406 0 1407 1407 0 1408 1408 0 1409 1409 0 1410 1410 0 682 682 0 681 681 0 1411 1411 0 679 679 0 1412 1412 0 681 681 0 670 670 0 1413 1413 0 672 672 0 1414 1414 0 1415 1415 0 1416 1416 0 1417 1417 0 1416 1416 0 1418 1418 0 676 676 0 675 675 0 1419 1419 0 667 667 0 666 666 0 1420 1420 0 665 665 0 1421 1421 0 663 663 0 1405 1405 0 1407 1407 0 660 660 0 655 655 0 654 654 0 1422 1422 0 652 652 0 651 651 0 1423 1423 0 649 649 0 648 648 0 1424 1424 0 617 617 0 1425 1425 0 614 614 0 637 637 0 636 636 0 1426 1426 0 635 635 0 1427 1427 0 633 633 0 612 612 0 600 600 0 602 602 0 1428 1428 0 1429 1429 0 601 601 0 1430 1430 0 597 597 0 1428 1428 0 593 593 0 1431 1431 0 590 590 0 589 589 0 584 584 0 586 586 0 1432 1432 0 1433 1433 0 570 570 0 1434 1434 0 1435 1435 0 1436 1436 0 1437 1437 0 1438 1438 0 1439 1439 0 572 572 0 1440 1440 0 1441 1441 0 1442 1442 0 1443 1443 0 1444 1444 0 1443 1443 0 1445 1445 0 1446 1446 0 581 581 0 1447 1447 0 1438 1438 0 1438 1438 0 1448 1448 0 581 581 0 1449 1449 0 1446 1446 0 1445 1445 0 1450 1450 0 1441 1441 0 1440 1440 0 1451 1451 0 1452 1452 0 1453 1453 0 1454 1454 0 1455 1455 0 1452 1452 0 1456 1456 0 1457 1457 0 1454 1454 0 1458 1458 0 568 568 0 1459 1459 0 569 569 0 1432 1432 0 570 570 0 1460 1460 0 570 570 0 1433 1433 0 1433 1433 0 1461 1461 0 1462 1462 0 1463 1463 0 1464 1464 0 1465 1465 0 551 551 0 550 550 0 1466 1466 0 1467 1467 0 1468 1468 0 1469 1469 0 1470 1470 0 1471 1471 0 1472 1472 0 1473 1473 0 1472 1472 0 1474 1474 0 1471 1471 0 1474 1474 0 1472 1472 0 1475 1475 0 1476 1476 0 1477 1477 0 1478 1478 0 1475 1475 0 1477 1477 0 1477 1477 0 1479 1479 0 1478 1478 0 566 566 0 565 565 0 1480 1480 0 563 563 0 562 562 0 1481 1481 0 1482 1482 0 1483 1483 0 1484 1484 0 1482 1482 0 1485 1485 0 1483 1483 0 1486 1486 0 1487 1487 0 1485 1485 0 1488 1488 0 1489 1489 0 1490 1490 0 1479 1479 0 1477 1477 0 566 566 0 557 557 0 1491 1491 0 1492 1492 0 557 557 0 1493 1493 0 1491 1491 0 548 548 0 547 547 0 550 550 0 546 546 0 1494 1494 0 1495 1495 0 545 545 0 1496 1496 0 1497 1497 0 504 504 0 1498 1498 0 502 502 0 1499 1499 0 502 502 0 1500 1500 0 1499 1499 0 1500 1500 0 505 505 0 506 506 0 505 505 0 1501 1501 0 506 506 0 1501 1501 0 1502 1502 0 510 510 0 1502 1502 0 508 508 0 513 513 0 508 508 0 511 511 0 512 512 0 511 511 0 1503 1503 0 1504 1504 0 1505 1505 0 1506 1506 0 515 515 0 514 514 0 1507 1507 0 515 515 0 1507 1507 0 1508 1508 0 512 512 0 1503 1503 0 514 514 0 1509 1509 0 1510 1510 0 1511 1511 0 504 504 0 1512 1512 0 1498 1498 0 1513 1513 0 1511 1511 0 1514 1514 0 1515 1515 0 1513 1513 0 1516 1516 0 501 501 0 1517 1517 0 499 499 0 497 497 0 1518 1518 0 1517 1517 0 498 498 0 493 493 0 496 496 0 491 491 0 1519 1519 0 1520 1520 0 492 492 0 1521 1521 0 490 490 0 488 488 0 487 487 0 1522 1522 0 1523 1523 0 485 485 0 1524 1524 0 1525 1525 0 1526 1526 0 478 478 0 1527 1527 0 1528 1528 0 1529 1529 0 1528 1528 0 1530 1530 0 1529 1529 0 432 432 0 1531 1531 0 434 434 0 1532 1532 0 1533 1533 0 1534 1534 0 441 441 0 1535 1535 0 443 443 0 1536 1536 0 1537 1537 0 1538 1538 0 1539 1539 0 1540 1540 0 1541 1541 0 1538 1538 0 1542 1542 0 1543 1543 0 1539 1539 0 1541 1541 0 1542 1542 0 1544 1544 0 1545 1545 0 440 440 0 1537 1537 0 1532 1532 0 1534 1534 0 1546 1546 0 1547 1547 0 437 437 0 1533 1533 0 1548 1548 0 1549 1549 0 1550 1550 0 1551 1551 0 1530 1530 0 1552 1552 0 1549 1549 0 1548 1548 0 424 424 0 423 423 0 426 426 0 416 416 0 418 418 0 419 419 0 1553 1553 0 407 407 0 1554 1554 0 1555 1555 0 1556 1556 0 402 402 0 383 383 0 382 382 0 1557 1557 0 354 354 0 352 352 0 351 351 0 348 348 0 350 350 0 349 349 0 346 346 0 1558 1558 0 1559 1559 0 324 324 0 330 330 0 322 322 0 1560 1560 0 1561 1561 0 1562 1562 0 1563 1563 0 1564 1564 0 1565 1565 0 343 343 0 1565 1565 0 344 344 0 1566 1566 0 1567 1567 0 1568 1568 0 1569 1569 0 1566 1566 0 1570 1570 0 1571 1571 0 341 341 0 340 340 0 1572 1572 0 1573 1573 0 1574 1574 0 1575 1575 0 1576 1576 0 1577 1577 0 1578 1578 0 1579 1579 0 1580 1580 0 1581 1581 0 1578 1578 0 1582 1582 0 1583 1583 0 1584 1584 0 1585 1585 0 1586 1586 0 1582 1582 0 1578 1578 0 1585 1585 0 1587 1587 0 1583 1583 0 1588 1588 0 1589 1589 0 1590 1590 0 1591 1591 0 1592 1592 0 1593 1593 0 1593 1593 0 337 337 0 1591 1591 0 337 337 0 1594 1594 0 1591 1591 0 338 338 0 1595 1595 0 336 336 0 1596 1596 0 1597 1597 0 1598 1598 0 1599 1599 0 1600 1600 0 1597 1597 0 1601 1601 0 1590 1590 0 1589 1589 0 1602 1602 0 1603 1603 0 1604 1604 0 1604 1604 0 1605 1605 0 1602 1602 0 1606 1606 0 1607 1607 0 1608 1608 0 1609 1609 0 1610 1610 0 1611 1611 0 1609 1609 0 1612 1612 0 1610 1610 0 1613 1613 0 1614 1614 0 1615 1615 0 317 317 0 1616 1616 0 1617 1617 0 317 317 0 316 316 0 1618 1618 0 314 314 0 313 313 0 1619 1619 0 311 311 0 310 310 0 1620 1620 0 308 308 0 306 306 0 1621 1621 0 307 307 0 1622 1622 0 305 305 0 303 303 0 302 302 0 1623 1623 0 300 300 0 299 299 0 1624 1624 0 297 297 0 296 296 0 1625 1625 0 1626 1626 0 291 291 0 293 293 0 291 291 0 290 290 0 1627 1627 0 288 288 0 287 287 0 1628 1628 0 286 286 0 283 283 0 1629 1629 0 285 285 0 280 280 0 1630 1630 0 282 282 0 1631 1631 0 1632 1632 0 278 278 0 277 277 0 1633 1633 0 275 275 0 274 274 0 1634 1634 0 1635 1635 0 1636 1636 0 1637 1637 0 268 268 0 1638 1638 0 1639 1639 0 1640 1640 0 1641 1641 0 1642 1642 0 261 261 0 260 260 0 1643 1643 0 255 255 0 1644 1644 0 1645 1645 0 1646 1646 0 1647 1647 0 1648 1648 0 238 238 0 1649 1649 0 236 236 0 1650 1650 0 1651 1651 0 1652 1652 0 1651 1651 0 1653 1653 0 1654 1654 0 1653 1653 0 1655 1655 0 1656 1656 0 1657 1657 0 1658 1658 0 1659 1659 0 1660 1660 0 1659 1659 0 1661 1661 0 1662 1662 0 1663 1663 0 1664 1664 0 1665 1665 0 1666 1666 0 1667 1667 0 209 209 0 208 208 0 1668 1668 0 1669 1669 0 1670 1670 0 1671 1671 0 1672 1672 0 196 196 0 1673 1673 0 177 177 0 1674 1674 0 1675 1675 0 174 174 0 1675 1675 0 1676 1676 0 173 173 0 1677 1677 0 1678 1678 0 1677 1677 0 1679 1679 0 1680 1680 0 1681 1681 0 1682 1682 0 1683 1683 0 1684 1684 0 1685 1685 0 170 170 0 166 166 0 165 165 0 1686 1686 0 157 157 0 156 156 0 1687 1687 0 151 151 0 150 150 0 1688 1688 0 149 149 0 1689 1689 0 147 147 0 143 143 0 142 142 0 145 145 0 141 141 0 1690 1690 0 139 139 0 1691 1691 0 1692 1692 0 1693 1693 0 133 133 0 1694 1694 0 131 131 0 127 127 0 126 126 0 1695 1695 0 125 125 0 124 124 0 1696 1696 0 1697 1697 0 1698 1698 0 1699 1699 0 1700 1700 0 1699 1699 0 1701 1701 0 1702 1702 0 1703 1703 0 1704 1704 0 1705 1705 0 1706 1706 0 1707 1707 0 1708 1708 0 1709 1709 0 1706 1706 0 1710 1710 0 1708 1708 0 1711 1711 0 1711 1711 0 1712 1712 0 1710 1710 0 1713 1713 0 1714 1714 0 1715 1715 0 1716 1716 0 1717 1717 0 1713 1713 0 1718 1718 0 1719 1719 0 1713 1713 0 1713 1713 0 1715 1715 0 1718 1718 0 1717 1717 0 1720 1720 0 1713 1713 0 1721 1721 0 1722 1722 0 1723 1723 0 101 101 0 100 100 0 1724 1724 0 1725 1725 0 1726 1726 0 1727 1727 0 1728 1728 0 1725 1725 0 1729 1729 0 1729 1729 0 1730 1730 0 1728 1728 0 1731 1731 0 1732 1732 0 1733 1733 0 1734 1734 0 1735 1735 0 1731 1731 0 1736 1736 0 1737 1737 0 1735 1735 0 1738 1738 0 1736 1736 0 1739 1739 0 1740 1740 0 1741 1741 0 1738 1738 0 1742 1742 0 1743 1743 0 1741 1741 0 1744 1744 0 1742 1742 0 1745 1745 0 1746 1746 0 1744 1744 0 1747 1747 0 1748 1748 0 1749 1749 0 1746 1746 0 1750 1750 0 1751 1751 0 1752 1752 0 1753 1753 0 1754 1754 0 1755 1755 0 1756 1756 0 1753 1753 0 1757 1757 0 1758 1758 0 1759 1759 0 1760 1760 0 1761 1761 0 1762 1762 0 1763 1763 0 1762 1762 0 1764 1764 0 1765 1765 0 1766 1766 0 1767 1767 0 1768 1768 0 1769 1769 0 1770 1770 0 1771 1771 0 1772 1772 0 1773 1773 0 1774 1774 0 1775 1775 0 1776 1776 0 1777 1777 0 1778 1778 0 1779 1779 0 1780 1780 0 1781 1781 0 1782 1782 0 1783 1783 0 1784 1784 0 1785 1785 0 1786 1786 0 1787 1787 0 1788 1788 0 1789 1789 0 1790 1790 0 1791 1791 0 1787 1787 0 1791 1791 0 1792 1792 0 1793 1793 0 1794 1794 0 1154 1154 0 1795 1795 0 1796 1796 0 1797 1797 0 1792 1792 0 1798 1798 0 1794 1794 0 1799 1799 0 1800 1800 0 1801 1801 0 1802 1802 0 1803 1803 0 1804 1804 0 1805 1805 0 1806 1806 0 1805 1805 0 1804 1804 0 1807 1807 0 1806 1806 0 1804 1804 0 1804 1804 0 1808 1808 0 1807 1807 0 1808 1808 0 1809 1809 0 1807 1807 0 1810 1810 0 1807 1807 0 1809 1809 0 1809 1809 0 1811 1811 0 1812 1812 0 1812 1812 0 1810 1810 0 1809 1809 0 1780 1780 0 1781 1781 0 1778 1778 0 1774 1774 0 1813 1813 0 1772 1772 0 1814 1814 0 1815 1815 0 1816 1816 0 1755 1755 0 1817 1817 0 1753 1753 0 1154 1154 0 1153 1153 0 1818 1818 0 1148 1148 0 1819 1819 0 1820 1820 0 1144 1144 0 1143 1143 0 1821 1821 0 1141 1141 0 1140 1140 0 1822 1822 0 1138 1138 0 1137 1137 0 1823 1823 0 1135 1135 0 1134 1134 0 1824 1824 0 1132 1132 0 1131 1131 0 1825 1825 0 1129 1129 0 1128 1128 0 1826 1826 0 1127 1127 0 1827 1827 0 1125 1125 0 1828 1828 0 1829 1829 0 1827 1827 0 1830 1830 0 1831 1831 0 1832 1832 0 1833 1833 0 1834 1834 0 1835 1835 0 1836 1836 0 1119 1119 0 1837 1837 0 1838 1838 0 1839 1839 0 1840 1840 0 1117 1117 0 1116 1116 0 1841 1841 0 1842 1842 0 1843 1843 0 1844 1844 0 1111 1111 0 1110 1110 0 1845 1845 0 1109 1109 0 1105 1105 0 1846 1846 0 1099 1099 0 1098 1098 0 1847 1847 0 1096 1096 0 1848 1848 0 1849 1849 0 1850 1850 0 1851 1851 0 1852 1852 0 1094 1094 0 1091 1091 0 1853 1853 0 1087 1087 0 1854 1854 0 1085 1085 0 1855 1855 0 1856 1856 0 1857 1857 0 1080 1080 0 1079 1079 0 1858 1858 0 1078 1078 0 1074 1074 0 1079 1079 0 1859 1859 0 1728 1728 0 1860 1860 0 1861 1861 0 1862 1862 0 1863 1863 0 1864 1864 0 1865 1865 0 1866 1866 0 1867 1867 0 1868 1868 0 1869 1869 0 1870 1870 0 1871 1871 0 1872 1872 0 4 4 0 0 0 0 2 2 0 9 9 0 1873 1873 0 7 7 0 13 13 0 10 10 0 11 11 0 23 23 0 21 21 0 20 20 0 27 27 0 1874 1874 0 25 25 0 1875 1875 0 29 29 0 32 32 0 39 39 0 36 36 0 35 35 0 43 43 0 40 40 0 38 38 0 47 47 0 42 42 0 45 45 0 50 50 0 1876 1876 0 48 48 0 52 52 0 50 50 0 53 53 0 73 73 0 58 58 0 60 60 0 59 59 0 1877 1877 0 1878 1878 0 63 63 0 67 67 0 66 66 0 68 68 0 1878 1878 0 69 69 0 64 64 0 57 57 0 62 62 0 1879 1879 0 1880 1880 0 1881 1881 0 76 76 0 72 72 0 74 74 0 1882 1882 0 77 77 0 76 76 0 81 81 0 78 78 0 79 79 0 86 86 0 82 82 0 83 83 0 88 88 0 86 86 0 85 85 0 90 90 0 88 88 0 87 87 0 91 91 0 97 97 0 95 95 0 91 91 0 99 99 0 96 96 0 106 106 0 108 108 0 1883 1883 0 110 110 0 105 105 0 104 104 0 105 105 0 112 112 0 103 103 0 117 117 0 109 109 0 118 118 0 137 137 0 136 136 0 119 119 0 120 120 0 123 123 0 1884 1884 0 1695 1695 0 133 133 0 127 127 0 1885 1885 0 1886 1886 0 132 132 0 136 136 0 138 138 0 1887 1887 0 1888 1888 0 1889 1889 0 146 146 0 1890 1890 0 155 155 0 151 151 0 156 156 0 159 159 0 1891 1891 0 1892 1892 0 1893 1893 0 157 157 0 160 160 0 164 164 0 161 161 0 167 167 0 169 169 0 1894 1894 0 1676 1676 0 1895 1895 0 174 174 0 179 179 0 1896 1896 0 180 180 0 184 184 0 1897 1897 0 181 181 0 183 183 0 1898 1898 0 184 184 0 1898 1898 0 185 185 0 187 187 0 1899 1899 0 188 188 0 186 186 0 190 190 0 1900 1900 0 191 191 0 1673 1673 0 195 195 0 194 194 0 198 198 0 1901 1901 0 196 196 0 197 197 0 203 203 0 200 200 0 1902 1902 0 206 206 0 1903 1903 0 204 204 0 1904 1904 0 207 207 0 1666 1666 0 1665 1665 0 1905 1905 0 211 211 0 213 213 0 1906 1906 0 214 214 0 1663 1663 0 215 215 0 1907 1907 0 220 220 0 1908 1908 0 217 217 0 1908 1908 0 220 220 0 1908 1908 0 226 226 0 225 225 0 230 230 0 224 224 0 227 227 0 232 232 0 223 223 0 222 222 0 233 233 0 1909 1909 0 235 235 0 1647 1647 0 1646 1646 0 1910 1910 0 242 242 0 1910 1910 0 244 244 0 1645 1645 0 1911 1911 0 255 255 0 252 252 0 254 254 0 250 250 0 1912 1912 0 262 262 0 259 259 0 263 263 0 265 265 0 261 261 0 1913 1913 0 1914 1914 0 267 267 0 1913 1913 0 271 271 0 1914 1914 0 1636 1636 0 1635 1635 0 273 273 0 1631 1631 0 1915 1915 0 278 278 0 1916 1916 0 1917 1917 0 1918 1918 0 298 298 0 295 295 0 296 296 0 310 310 0 312 312 0 308 308 0 320 320 0 1919 1919 0 321 321 0 326 326 0 319 319 0 327 327 0 327 327 0 331 331 0 329 329 0 1919 1919 0 1920 1920 0 1921 1921 0 340 340 0 1569 1569 0 1570 1570 0 1567 1567 0 342 342 0 1568 1568 0 355 355 0 356 356 0 358 358 0 1922 1922 0 362 362 0 361 361 0 362 362 0 363 363 0 365 365 0 371 371 0 366 366 0 369 369 0 378 378 0 380 380 0 377 377 0 382 382 0 384 384 0 381 381 0 388 388 0 1923 1923 0 387 387 0 1924 1924 0 391 391 0 385 385 0 393 393 0 1925 1925 0 394 394 0 397 397 0 392 392 0 395 395 0 396 396 0 1555 1555 0 398 398 0 406 406 0 1926 1926 0 404 404 0 407 407 0 1553 1553 0 408 408 0 1927 1927 0 411 411 0 410 410 0 415 415 0 1928 1928 0 413 413 0 421 421 0 416 416 0 419 419 0 423 423 0 425 425 0 1929 1929 0 1547 1547 0 1546 1546 0 435 435 0 1545 1545 0 1544 1544 0 438 438 0 452 452 0 449 449 0 450 450 0 451 451 0 453 453 0 455 455 0 459 459 0 1930 1930 0 457 457 0 464 464 0 1931 1931 0 465 465 0 462 462 0 472 472 0 460 460 0 1932 1932 0 1933 1933 0 467 467 0 471 471 0 473 473 0 469 469 0 475 475 0 1934 1934 0 476 476 0 478 478 0 480 480 0 1525 1525 0 482 482 0 484 484 0 1935 1935 0 1524 1524 0 489 489 0 1523 1523 0 1521 1521 0 492 492 0 1936 1936 0 493 493 0 498 498 0 494 494 0 499 499 0 1937 1937 0 500 500 0 502 502 0 1499 1499 0 503 503 0 508 508 0 513 513 0 509 509 0 1938 1938 0 525 525 0 521 521 0 1939 1939 0 529 529 0 528 528 0 1940 1940 0 531 531 0 533 533 0 532 532 0 539 539 0 538 538 0 541 541 0 537 537 0 539 539 0 1496 1496 0 545 545 0 1941 1941 0 1466 1466 0 555 555 0 551 551 0 1489 1489 0 1488 1488 0 560 560 0 1942 1942 0 567 567 0 1943 1943 0 1944 1944 0 1454 1454 0 1457 1457 0 575 575 0 579 579 0 1945 1945 0 1448 1448 0 582 582 0 581 581 0 1945 1945 0 576 576 0 575 575 0 1946 1946 0 587 587 0 589 589 0 590 590 0 1947 1947 0 593 593 0 635 635 0 1948 1948 0 1427 1427 0 606 606 0 1949 1949 0 607 607 0 610 610 0 647 647 0 609 609 0 644 644 0 618 618 0 620 620 0 619 619 0 623 623 0 621 621 0 628 628 0 626 626 0 625 625 0 625 625 0 630 630 0 627 627 0 1948 1948 0 1950 1950 0 632 632 0 1426 1426 0 603 603 0 637 637 0 613 613 0 643 643 0 645 645 0 608 608 0 609 609 0 606 606 0 1951 1951 0 1952 1952 0 646 646 0 651 651 0 653 653 0 649 649 0 1406 1406 0 1405 1405 0 658 658 0 1421 1421 0 665 665 0 661 661 0 669 669 0 671 671 0 667 667 0 1415 1415 0 1414 1414 0 673 673 0 1953 1953 0 1399 1399 0 687 687 0 696 696 0 1397 1397 0 697 697 0 1954 1954 0 1955 1955 0 1956 1956 0 714 714 0 710 710 0 712 712 0 712 712 0 715 715 0 714 714 0 1957 1957 0 1958 1958 0 722 722 0 1958 1958 0 704 704 0 722 722 0 723 723 0 1959 1959 0 716 716 0 729 729 0 1372 1372 0 730 730 0 726 726 0 728 728 0 1960 1960 0 1961 1961 0 733 733 0 1962 1962 0 711 711 0 1963 1963 0 1964 1964 0 707 707 0 736 736 0 708 708 0 1964 1964 0 712 712 0 711 711 0 1965 1965 0 742 742 0 744 744 0 1966 1966 0 759 759 0 758 758 0 1967 1967 0 762 762 0 761 761 0 1968 1968 0 767 767 0 763 763 0 777 777 0 775 775 0 774 774 0 1969 1969 0 781 781 0 778 778 0 1970 1970 0 782 782 0 784 784 0 786 786 0 1971 1971 0 787 787 0 789 789 0 790 790 0 788 788 0 1972 1972 0 792 792 0 794 794 0 797 797 0 1972 1972 0 795 795 0 796 796 0 800 800 0 798 798 0 809 809 0 804 804 0 807 807 0 815 815 0 813 813 0 812 812 0 817 817 0 814 814 0 818 818 0 1973 1973 0 819 819 0 821 821 0 820 820 0 824 824 0 822 822 0 827 827 0 1974 1974 0 828 828 0 832 832 0 826 826 0 830 830 0 1975 1975 0 833 833 0 835 835 0 1976 1976 0 839 839 0 836 836 0 843 843 0 840 840 0 841 841 0 847 847 0 844 844 0 845 845 0 849 849 0 847 847 0 850 850 0 851 851 0 852 852 0 854 854 0 853 853 0 856 856 0 858 858 0 860 860 0 1977 1977 0 857 857 0 862 862 0 865 865 0 861 861 0 868 868 0 863 863 0 866 866 0 870 870 0 873 873 0 869 869 0 876 876 0 871 871 0 874 874 0 878 878 0 1978 1978 0 877 877 0 1978 1978 0 881 881 0 880 880 0 886 886 0 883 883 0 887 887 0 887 887 0 889 889 0 885 885 0 891 891 0 892 892 0 890 890 0 893 893 0 896 896 0 894 894 0 900 900 0 898 898 0 897 897 0 901 901 0 904 904 0 902 902 0 904 904 0 907 907 0 906 906 0 909 909 0 913 913 0 910 910 0 913 913 0 1979 1979 0 915 915 0 918 918 0 914 914 0 920 920 0 1980 1980 0 1981 1981 0 932 932 0 1980 1980 0 935 935 0 1981 1981 0 931 931 0 929 929 0 928 928 0 924 924 0 927 927 0 1982 1982 0 940 940 0 1983 1983 0 937 937 0 942 942 0 939 939 0 938 938 0 943 943 0 1984 1984 0 941 941 0 947 947 0 1985 1985 0 944 944 0 952 952 0 1986 1986 0 953 953 0 1985 1985 0 1987 1987 0 1984 1984 0 954 954 0 957 957 0 1988 1988 0 958 958 0 960 960 0 955 955 0 1192 1192 0 967 967 0 966 966 0 967 967 0 971 971 0 968 968 0 972 972 0 974 974 0 1989 1989 0 980 980 0 1186 1186 0 981 981 0 981 981 0 977 977 0 979 979 0 983 983 0 985 985 0 1990 1990 0 991 991 0 993 993 0 990 990 0 994 994 0 996 996 0 992 992 0 999 999 0 1991 1991 0 997 997 0 1183 1183 0 1004 1004 0 1003 1003 0 1004 1004 0 1992 1992 0 1005 1005 0 1181 1181 0 1008 1008 0 1993 1993 0 1180 1180 0 1994 1994 0 1010 1010 0 1014 1014 0 1016 1016 0 1995 1995 0 1996 1996 0 1997 1997 0 1023 1023 0 1020 1020 0 1022 1022 0 1018 1018 0 1027 1027 0 1028 1028 0 1998 1998 0 1999 1999 0 2000 2000 0 1029 1029 0 1034 1034 0 1036 1036 0 1033 1033 0 1040 1040 0 1042 1042 0 2001 2001 0 1043 1043 0 1047 1047 0 1044 1044 0 1054 1054 0 1056 1056 0 1052 1052 0 1059 1059 0 1061 1061 0 1057 1057 0 2002 2002 0 1062 1062 0 1060 1060 0 1068 1068 0 1064 1064 0 1063 1063 0 1073 1073 0 2003 2003 0 1071 1071 0 1079 1079 0 1081 1081 0 1078 1078 0 1082 1082 0 1084 1084 0 1080 1080 0 1088 1088 0 1090 1090 0 1086 1086 0 1091 1091 0 1093 1093 0 1089 1089 0 1849 1849 0 1100 1100 0 2004 2004 0 2005 2005 0 1107 1107 0 2006 2006 0 1846 1846 0 1112 1112 0 1109 1109 0 1843 1843 0 1842 1842 0 1114 1114 0 2007 2007 0 1118 1118 0 2008 2008 0 1119 1119 0 1836 1836 0 1120 1120 0 1122 1122 0 2009 2009 0 1123 1123 0 1827 1827 0 1127 1127 0 1828 1828 0 2010 2010 0 1130 1130 0 2011 2011 0 1137 1137 0 1139 1139 0 1135 1135 0 2012 2012 0 1145 1145 0 2013 2013 0 1149 1149 0 1151 1151 0 1147 1147 0 1158 1158 0 2014 2014 0 1156 1156 0 1161 1161 0 2015 2015 0 1159 1159 0 2016 2016 0 2017 2017 0 1051 1051 0 2018 2018 0 1168 1168 0 1167 1167 0 1055 1055 0 1171 1171 0 1170 1170 0 1167 1167 0 2019 2019 0 2020 2020 0 1049 1049 0 1173 1173 0 2017 2017 0 1035 1035 0 1034 1034 0 1176 1176 0 1015 1015 0 1014 1014 0 1011 1011 0 2021 2021 0 1201 1201 0 754 754 0 1204 1204 0 1207 1207 0 1202 1202 0 1209 1209 0 2022 2022 0 1208 1208 0 2023 2023 0 1212 1212 0 1211 1211 0 1215 1215 0 2024 2024 0 1213 1213 0 2025 2025 0 1218 1218 0 1217 1217 0 1221 1221 0 2026 2026 0 1219 1219 0 1223 1223 0 1225 1225 0 1222 1222 0 1228 1228 0 1229 1229 0 1226 1226 0 1230 1230 0 1233 1233 0 1232 1232 0 1236 1236 0 1238 1238 0 1237 1237 0 2027 2027 0 1240 1240 0 1239 1239 0 1241 1241 0 1244 1244 0 1242 1242 0 1247 1247 0 2028 2028 0 1245 1245 0 1249 1249 0 1251 1251 0 1248 1248 0 1256 1256 0 2029 2029 0 1253 1253 0 1262 1262 0 1260 1260 0 1259 1259 0 1266 1266 0 1263 1263 0 1267 1267 0 1269 1269 0 1272 1272 0 1270 1270 0 1279 1279 0 1276 1276 0 1275 1275 0 2030 2030 0 1281 1281 0 1280 1280 0 2031 2031 0 1288 1288 0 1287 1287 0 2032 2032 0 1295 1295 0 1294 1294 0 1298 1298 0 2033 2033 0 1296 1296 0 1300 1300 0 1306 1306 0 1302 1302 0 1306 1306 0 1308 1308 0 1304 1304 0 1310 1310 0 1313 1313 0 1309 1309 0 1315 1315 0 2034 2034 0 1316 1316 0 1320 1320 0 2035 2035 0 1318 1318 0 2036 2036 0 1324 1324 0 1327 1327 0 1327 1327 0 1328 1328 0 1330 1330 0 2037 2037 0 1332 1332 0 1333 1333 0 1335 1335 0 2037 2037 0 1336 1336 0 1341 1341 0 1342 1342 0 1339 1339 0 1346 1346 0 1347 1347 0 1350 1350 0 2038 2038 0 1339 1339 0 1343 1343 0 2039 2039 0 748 748 0 750 750 0 1956 1956 0 2040 2040 0 1954 1954 0 1356 1356 0 1354 1354 0 1352 1352 0 1358 1358 0 1356 1356 0 1359 1359 0 1362 1362 0 2041 2041 0 1360 1360 0 1364 1364 0 1363 1363 0 1362 1362 0 1367 1367 0 1369 1369 0 2042 2042 0 746 746 0 745 745 0 1370 1370 0 725 725 0 731 731 0 724 724 0 1379 1379 0 2043 2043 0 1377 1377 0 1390 1390 0 2044 2044 0 1391 1391 0 1384 1384 0 1380 1380 0 1382 1382 0 1386 1386 0 1388 1388 0 2045 2045 0 1375 1375 0 1377 1377 0 2043 2043 0 2046 2046 0 2047 2047 0 1375 1375 0 658 658 0 657 657 0 1406 1406 0 1409 1409 0 1404 1404 0 1410 1410 0 667 667 0 1420 1420 0 669 669 0 1417 1417 0 1418 1418 0 675 675 0 684 684 0 1408 1408 0 685 685 0 1404 1404 0 2048 2048 0 1402 1402 0 652 652 0 1423 1423 0 654 654 0 617 617 0 641 641 0 1425 1425 0 603 603 0 1426 1426 0 604 604 0 632 632 0 2049 2049 0 1948 1948 0 601 601 0 1430 1430 0 1428 1428 0 591 591 0 589 589 0 588 588 0 582 582 0 2050 2050 0 1435 1435 0 1457 1457 0 1458 1458 0 1944 1944 0 2051 2051 0 2052 2052 0 2053 2053 0 1446 1446 0 1444 1444 0 1443 1443 0 1444 1444 0 2053 2053 0 1442 1442 0 1440 1440 0 1449 1449 0 1445 1445 0 1439 1439 0 2051 2051 0 1437 1437 0 1459 1459 0 2054 2054 0 1458 1458 0 1436 1436 0 2055 2055 0 2056 2056 0 1465 1465 0 2057 2057 0 1463 1463 0 2058 2058 0 1477 1477 0 1476 1476 0 1474 1474 0 1467 1467 0 1469 1469 0 1469 1469 0 1473 1473 0 1474 1474 0 566 566 0 1480 1480 0 1479 1479 0 2059 2059 0 1492 1492 0 2060 2060 0 1486 1486 0 1490 1490 0 1487 1487 0 1482 1482 0 1484 1484 0 2061 2061 0 2059 2059 0 2060 2060 0 2062 2062 0 557 557 0 556 556 0 1493 1493 0 1468 1468 0 2063 2063 0 2064 2064 0 1464 1464 0 2064 2064 0 1465 1465 0 521 521 0 2065 2065 0 1938 1938 0 522 522 0 517 517 0 520 520 0 2066 2066 0 2067 2067 0 2068 2068 0 1504 1504 0 1506 1506 0 2069 2069 0 515 515 0 1508 1508 0 1505 1505 0 1511 1511 0 526 526 0 1509 1509 0 1514 1514 0 1516 1516 0 1513 1513 0 2070 2070 0 1515 1515 0 1516 1516 0 497 497 0 496 496 0 1518 1518 0 2071 2071 0 2072 2072 0 1521 1521 0 2071 2071 0 1522 1522 0 2072 2072 0 1551 1551 0 1529 1529 0 1530 1530 0 1542 1542 0 1538 1538 0 1539 1539 0 1534 1534 0 2073 2073 0 1537 1537 0 444 444 0 443 443 0 1540 1540 0 1543 1543 0 1536 1536 0 1538 1538 0 438 438 0 437 437 0 2074 2074 0 1530 1530 0 1552 1552 0 1550 1550 0 429 429 0 428 428 0 2075 2075 0 2076 2076 0 347 347 0 346 346 0 2077 2077 0 1562 1562 0 1563 1563 0 2078 2078 0 1568 1568 0 342 342 0 341 341 0 1574 1574 0 339 339 0 1579 1579 0 1575 1575 0 1577 1577 0 1589 1589 0 1585 1585 0 1601 1601 0 1584 1584 0 1601 1601 0 1585 1585 0 2079 2079 0 1588 1588 0 1593 1593 0 1592 1592 0 2079 2079 0 1593 1593 0 337 337 0 336 336 0 1594 1594 0 1596 1596 0 1598 1598 0 2080 2080 0 332 332 0 322 322 0 334 334 0 1607 1607 0 2081 2081 0 1608 1608 0 1605 1605 0 1608 1608 0 2081 2081 0 1609 1609 0 1611 1611 0 1606 1606 0 2082 2082 0 1617 1617 0 1614 1614 0 314 314 0 1619 1619 0 316 316 0 1623 1623 0 1622 1622 0 303 303 0 288 288 0 1628 1628 0 290 290 0 285 285 0 1630 1630 0 283 283 0 278 278 0 1633 1633 0 1631 1631 0 268 268 0 1639 1639 0 266 266 0 1640 1640 0 2083 2083 0 1641 1641 0 1911 1911 0 1645 1645 0 2084 2084 0 1909 1909 0 233 233 0 1649 1649 0 1658 1658 0 1661 1661 0 1659 1659 0 1904 1904 0 2085 2085 0 208 208 0 1674 1674 0 1676 1676 0 1675 1675 0 170 170 0 2086 2086 0 1684 1684 0 151 151 0 1688 1688 0 1890 1890 0 148 148 0 147 147 0 2087 2087 0 144 144 0 2088 2088 0 142 142 0 2089 2089 0 1885 1885 0 1692 1692 0 133 133 0 1695 1695 0 1694 1694 0 2090 2090 0 1696 1696 0 2091 2091 0 2092 2092 0 1704 1704 0 1703 1703 0 1709 1709 0 1707 1707 0 1706 1706 0 1706 1706 0 1711 1711 0 1708 1708 0 1720 1720 0 2093 2093 0 1713 1713 0 1719 1719 0 1716 1716 0 1713 1713 0 1713 1713 0 1723 1723 0 1714 1714 0 101 101 0 1724 1724 0 2094 2094 0 1730 1730 0 1860 1860 0 1728 1728 0 1739 1739 0 1740 1740 0 1738 1738 0 1745 1745 0 1747 1747 0 1744 1744 0 2095 2095 0 1746 1746 0 1749 1749 0 1751 1751 0 2096 2096 0 1752 1752 0 1817 1817 0 1757 1757 0 1753 1753 0 1763 1763 0 1758 1758 0 1761 1761 0 2097 2097 0 1765 1765 0 1764 1764 0 1768 1768 0 2097 2097 0 1766 1766 0 1771 1771 0 2098 2098 0 1769 1769 0 1770 1770 0 1774 1774 0 1773 1773 0 1779 1779 0 1777 1777 0 1780 1780 0 1786 1786 0 1783 1783 0 1782 1782 0 1785 1785 0 2099 2099 0 2100 2100 0 1788 1788 0 2100 2100 0 1789 1789 0 1795 1795 0 1799 1799 0 1794 1794 0 1801 1801 0 1796 1796 0 1802 1802 0 1799 1799 0 1803 1803 0 1805 1805 0 2101 2101 0 2102 2102 0 1800 1800 0 2102 2102 0 2103 2103 0 2104 2104 0 2103 2103 0 1812 1812 0 2105 2105 0 1811 1811 0 2105 2105 0 1812 1812 0 1759 1759 0 1816 1816 0 1815 1815 0 1816 1816 0 2106 2106 0 1814 1814 0 1818 1818 0 1795 1795 0 1154 1154 0 1144 1144 0 1821 1821 0 1819 1819 0 1141 1141 0 1822 1822 0 2107 2107 0 1135 1135 0 1824 1824 0 1137 1137 0 1129 1129 0 1826 1826 0 1131 1131 0 2011 2011 0 1125 1125 0 2010 2010 0 2009 2009 0 1122 1122 0 1831 1831 0 1121 1121 0 1840 1840 0 1119 1119 0 1118 1118 0 2007 2007 0 1116 1116 0 2108 2108 0 1844 1844 0 2109 2109 0 1112 1112 0 1846 1846 0 1110 1110 0 1099 1099 0 1847 1847 0 1101 1101 0 1096 1096 0 1095 1095 0 1848 1848 0 1094 1094 0 1853 1853 0 1851 1851 0 1087 1087 0 2110 2110 0 1854 1854 0 1083 1083 0 1082 1082 0 1856 1856 0 1080 1080 0 1858 1858 0 1082 1082 0 1726 1726 0 1861 1861 0 2111 2111 0 1866 1866 0 1867 1867 0 1864 1864 0 1871 1871 0 1869 1869 0 1872 1872 0 6 6 0 2 2 0 1 1 0 14 14 0 16 16 0 12 12 0 21 21 0 17 17 0 19 19 0 2112 2112 0 25 25 0 1874 1874 0 30 30 0 31 31 0 29 29 0 36 36 0 34 34 0 33 33 0 46 46 0 48 48 0 47 47 0 49 49 0 53 53 0 50 50 0 60 60 0 2113 2113 0 73 73 0 1878 1878 0 70 70 0 59 59 0 66 66 0 64 64 0 63 63 0 2113 2113 0 74 74 0 73 73 0 77 77 0 79 79 0 75 75 0 83 83 0 84 84 0 86 86 0 94 94 0 2114 2114 0 91 91 0 106 106 0 1883 1883 0 2090 2090 0 1696 1696 0 2090 2090 0 125 125 0 1887 1887 0 2115 2115 0 136 136 0 1887 1887 0 1884 1884 0 2115 2115 0 113 113 0 129 129 0 114 114 0 2088 2088 0 144 144 0 2116 2116 0 2087 2087 0 152 152 0 148 148 0 153 153 0 1891 1891 0 154 154 0 167 167 0 1894 1894 0 166 166 0 176 176 0 180 180 0 1896 1896 0 1897 1897 0 182 182 0 181 181 0 187 187 0 2117 2117 0 1898 1898 0 186 186 0 191 191 0 1900 1900 0 202 202 0 201 201 0 1670 1670 0 1670 1670 0 1669 1669 0 202 202 0 208 208 0 210 210 0 1904 1904 0 211 211 0 1906 1906 0 1665 1665 0 223 223 0 2118 2118 0 229 229 0 227 227 0 228 228 0 230 230 0 2118 2118 0 230 230 0 229 229 0 1649 1649 0 238 238 0 1909 1909 0 246 246 0 248 248 0 1646 1646 0 231 231 0 222 222 0 233 233 0 256 256 0 258 258 0 2119 2119 0 2083 2083 0 1640 1640 0 264 264 0 1631 1631 0 282 282 0 1915 1915 0 274 274 0 276 276 0 1635 1635 0 287 287 0 289 289 0 286 286 0 299 299 0 301 301 0 297 297 0 313 313 0 315 315 0 311 311 0 322 322 0 333 333 0 323 323 0 321 321 0 327 327 0 319 319 0 2120 2120 0 1599 1599 0 335 335 0 2121 2121 0 1570 1570 0 1566 1566 0 367 367 0 365 365 0 364 364 0 369 369 0 372 372 0 370 370 0 373 373 0 2122 2122 0 374 374 0 2123 2123 0 387 387 0 1923 1923 0 399 399 0 397 397 0 396 396 0 404 404 0 1926 1926 0 403 403 0 1927 1927 0 2124 2124 0 1553 1553 0 417 417 0 414 414 0 418 418 0 426 426 0 2125 2125 0 427 427 0 434 434 0 436 436 0 432 432 0 455 455 0 452 452 0 451 451 0 1930 1930 0 456 456 0 457 457 0 458 458 0 2126 2126 0 1931 1931 0 2127 2127 0 460 460 0 472 472 0 1526 1526 0 1525 1525 0 477 477 0 485 485 0 1523 1523 0 486 486 0 1517 1517 0 501 501 0 497 497 0 1512 1512 0 504 504 0 2128 2128 0 514 514 0 516 516 0 512 512 0 538 538 0 533 533 0 532 532 0 535 535 0 534 534 0 542 542 0 556 556 0 558 558 0 554 554 0 1490 1490 0 1486 1486 0 1488 1488 0 578 578 0 1945 1945 0 579 579 0 576 576 0 585 585 0 584 584 0 2129 2129 0 1428 1428 0 597 597 0 2130 2130 0 645 645 0 644 644 0 626 626 0 621 621 0 624 624 0 1948 1948 0 635 635 0 1950 1950 0 605 605 0 640 640 0 603 603 0 2131 2131 0 2132 2132 0 615 615 0 2133 2133 0 613 613 0 612 612 0 2134 2134 0 659 659 0 2135 2135 0 672 672 0 674 674 0 670 670 0 689 689 0 1953 1953 0 687 687 0 697 697 0 694 694 0 695 695 0 706 706 0 722 722 0 704 704 0 1959 1959 0 721 721 0 716 716 0 721 721 0 1957 1957 0 722 722 0 726 726 0 1960 1960 0 2136 2136 0 739 739 0 741 741 0 1955 1955 0 737 737 0 1956 1956 0 738 738 0 2042 2042 0 2137 2137 0 1367 1367 0 761 761 0 757 757 0 759 759 0 764 764 0 760 760 0 762 762 0 765 765 0 1968 1968 0 763 763 0 774 774 0 779 779 0 776 776 0 779 779 0 1969 1969 0 778 778 0 1971 1971 0 784 784 0 783 783 0 793 793 0 788 788 0 791 791 0 794 794 0 2138 2138 0 1972 1972 0 803 803 0 798 798 0 801 801 0 807 807 0 810 810 0 808 808 0 812 812 0 2139 2139 0 814 814 0 818 818 0 1973 1973 0 816 816 0 1974 1974 0 822 822 0 825 825 0 830 830 0 1975 1975 0 831 831 0 834 834 0 1976 1976 0 836 836 0 842 842 0 845 845 0 843 843 0 1977 1977 0 858 858 0 857 857 0 864 864 0 861 861 0 865 865 0 872 872 0 869 869 0 873 873 0 880 880 0 2140 2140 0 1978 1978 0 884 884 0 887 887 0 883 883 0 894 894 0 890 890 0 892 892 0 907 907 0 908 908 0 905 905 0 915 915 0 2141 2141 0 913 913 0 916 916 0 920 920 0 914 914 0 925 925 0 921 921 0 923 923 0 932 932 0 928 928 0 2142 2142 0 1983 1983 0 1196 1196 0 937 937 0 1984 1984 0 944 944 0 1985 1985 0 2143 2143 0 2144 2144 0 1986 1986 0 2143 2143 0 1988 1988 0 2144 2144 0 966 966 0 1191 1191 0 1192 1192 0 975 975 0 1189 1189 0 976 976 0 978 978 0 1990 1990 0 982 982 0 987 987 0 989 989 0 2145 2145 0 2146 2146 0 1184 1184 0 1183 1183 0 1181 1181 0 1993 1993 0 2147 2147 0 1014 1014 0 1995 1995 0 2148 2148 0 1017 1017 0 1019 1019 0 2149 2149 0 1027 1027 0 1998 1998 0 1997 1997 0 1176 1176 0 1175 1175 0 1035 1035 0 1040 1040 0 2001 2001 0 1038 1038 0 1058 1058 0 1069 1069 0 1059 1059 0 1061 1061 0 2002 2002 0 1060 1060 0 1075 1075 0 1073 1073 0 1072 1072 0 1077 1077 0 1075 1075 0 1074 1074 0 2110 2110 0 1087 1087 0 2150 2150 0 1113 1113 0 1115 1115 0 1111 1111 0 2005 2005 0 2006 2006 0 1104 1104 0 1844 1844 0 2108 2108 0 1842 1842 0 1840 1840 0 1121 1121 0 1838 1838 0 1835 1835 0 1124 1124 0 1833 1833 0 1829 1829 0 1828 1828 0 1830 1830 0 1131 1131 0 1133 1133 0 1129 1129 0 1140 1140 0 1142 1142 0 1138 1138 0 2012 2012 0 2013 2013 0 2151 2151 0 1819 1819 0 1148 1148 0 2152 2152 0 2014 2014 0 1161 1161 0 1160 1160 0 2153 2153 0 1159 1159 0 2015 2015 0 1052 1052 0 1165 1165 0 1054 1054 0 2019 2019 0 1164 1164 0 1163 1163 0 2154 2154 0 1200 1200 0 2155 2155 0 1206 1206 0 1202 1202 0 1207 1207 0 2022 2022 0 2023 2023 0 1208 1208 0 1212 1212 0 1213 1213 0 2024 2024 0 1217 1217 0 1215 1215 0 2025 2025 0 1218 1218 0 1219 1219 0 2026 2026 0 1225 1225 0 1228 1228 0 1227 1227 0 1237 1237 0 1235 1235 0 1234 1234 0 1246 1246 0 1243 1243 0 1244 1244 0 1254 1254 0 1250 1250 0 1251 1251 0 1255 1255 0 1258 1258 0 1256 1256 0 1264 1264 0 1267 1267 0 1263 1263 0 1276 1276 0 1273 1273 0 1274 1274 0 1283 1283 0 2030 2030 0 1280 1280 0 1290 1290 0 2031 2031 0 1287 1287 0 1297 1297 0 2032 2032 0 1294 1294 0 2033 2033 0 1299 1299 0 1296 1296 0 1305 1305 0 1302 1302 0 1306 1306 0 1312 1312 0 1309 1309 0 1313 1313 0 2034 2034 0 1320 1320 0 1316 1316 0 1323 1323 0 1318 1318 0 2035 2035 0 1322 1322 0 1326 1326 0 1324 1324 0 1330 1330 0 2036 2036 0 1327 1327 0 1333 1333 0 1336 1336 0 2037 2037 0 1350 1350 0 1344 1344 0 1346 1346 0 1348 1348 0 2038 2038 0 1349 1349 0 1355 1355 0 1359 1359 0 1356 1356 0 1955 1955 0 1954 1954 0 739 739 0 2041 2041 0 2156 2156 0 1360 1360 0 2137 2137 0 2042 2042 0 1366 1366 0 2043 2043 0 2046 2046 0 1375 1375 0 1385 1385 0 1382 1382 0 2157 2157 0 2157 2157 0 2045 2045 0 1385 1385 0 2158 2158 0 2159 2159 0 2160 2160 0 1403 1403 0 1410 1410 0 1404 1404 0 676 676 0 1419 1419 0 678 678 0 673 673 0 672 672 0 1415 1415 0 664 664 0 663 663 0 2161 2161 0 655 655 0 1422 1422 0 2134 2134 0 649 649 0 1424 1424 0 651 651 0 639 639 0 605 605 0 2162 2162 0 632 632 0 630 630 0 2049 2049 0 1947 1947 0 594 594 0 593 593 0 2050 2050 0 1436 1436 0 1435 1435 0 1452 1452 0 1456 1456 0 1454 1454 0 573 573 0 1451 1451 0 1453 1453 0 2052 2052 0 1442 1442 0 2053 2053 0 1445 1445 0 1450 1450 0 1440 1440 0 1455 1455 0 1453 1453 0 1452 1452 0 2054 2054 0 1944 1944 0 1458 1458 0 567 567 0 1942 1942 0 565 565 0 1472 1472 0 2163 2163 0 1470 1470 0 563 563 0 1481 1481 0 1942 1942 0 2164 2164 0 2165 2165 0 562 562 0 2164 2164 0 2061 2061 0 2165 2165 0 2166 2166 0 2062 2062 0 559 559 0 549 549 0 1495 1495 0 547 547 0 2066 2066 0 2069 2069 0 2067 2067 0 1937 1937 0 2167 2167 0 1512 1512 0 491 491 0 490 490 0 1519 1519 0 1529 1529 0 2168 2168 0 1527 1527 0 432 432 0 431 431 0 1531 1531 0 2073 2073 0 1538 1538 0 1537 1537 0 435 435 0 2169 2169 0 1547 1547 0 1564 1564 0 344 344 0 1565 1565 0 1568 1568 0 2121 2121 0 1566 1566 0 1574 1574 0 1577 1577 0 1572 1572 0 1582 1582 0 1583 1583 0 1587 1587 0 1590 1590 0 1593 1593 0 1588 1588 0 1599 1599 0 2120 2120 0 1600 1600 0 1606 1606 0 1608 1608 0 1609 1609 0 1613 1613 0 1615 1615 0 1612 1612 0 311 311 0 1620 1620 0 313 313 0 300 300 0 1624 1624 0 302 302 0 286 286 0 1629 1629 0 287 287 0 275 275 0 1634 1634 0 277 277 0 2170 2170 0 1642 1642 0 1916 1916 0 1904 1904 0 204 204 0 2085 2085 0 1889 1889 0 1888 1888 0 1689 1689 0 2116 2116 0 2171 2171 0 2088 2088 0 2172 2172 0 1693 1693 0 1690 1690 0 1707 1707 0 2092 2092 0 1703 1703 0 1703 1703 0 1705 1705 0 1707 1707 0 2093 2093 0 2173 2173 0 1713 1713 0 1721 1721 0 2094 2094 0 1722 1722 0 1732 1732 0 1859 1859 0 1860 1860 0 1735 1735 0 1739 1739 0 1736 1736 0 1741 1741 0 1745 1745 0 1742 1742 0 2174 2174 0 1755 1755 0 1750 1750 0 2106 2106 0 1756 1756 0 1757 1757 0 1760 1760 0 1761 1761 0 1758 1758 0 2098 2098 0 1768 1768 0 1767 1767 0 1773 1773 0 2175 2175 0 1770 1770 0 1776 1776 0 1780 1780 0 1777 1777 0 1783 1783 0 1778 1778 0 1781 1781 0 1789 1789 0 1790 1790 0 1787 1787 0 1792 1792 0 2176 2176 0 1796 1796 0 1805 1805 0 1798 1798 0 1799 1799 0 2104 2104 0 1800 1800 0 2102 2102 0 2105 2105 0 2104 2104 0 2103 2103 0 2177 2177 0 1814 1814 0 2106 2106 0 2178 2178 0 1752 1752 0 2096 2096 0 2151 2151 0 2107 2107 0 2012 2012 0 1130 1130 0 2010 2010 0 1128 1128 0 1124 1124 0 1835 1835 0 1122 1122 0 1838 1838 0 1841 1841 0 1839 1839 0 1111 1111 0 1845 1845 0 1113 1113 0 1102 1102 0 1101 1101 0 1103 1103 0 2179 2179 0 1852 1852 0 1095 1095 0 1855 1855 0 1857 1857 0 2110 2110 0 1153 1153 0 1155 1155 0 1152 1152 0 1862 1862 0 1866 1866 0 1863 1863 0 1 1 0 2180 2180 0 5 5 0 16 16 0 18 18 0 15 15 0 18 18 0 19 19 0 17 17 0 1874 1874 0 22 22 0 2112 2112 0 34 34 0 1875 1875 0 32 32 0 1876 1876 0 47 47 0 48 48 0 56 56 0 61 61 0 57 57 0 1877 1877 0 69 69 0 1878 1878 0 74 74 0 1882 1882 0 76 76 0 80 80 0 83 83 0 81 81 0 100 100 0 102 102 0 98 98 0 2181 2181 0 128 128 0 107 107 0 119 119 0 118 118 0 137 137 0 1885 1885 0 2089 2089 0 1886 1886 0 1689 1689 0 149 149 0 1889 1889 0 1892 1892 0 162 162 0 1893 1893 0 2117 2117 0 184 184 0 1898 1898 0 1900 1900 0 1899 1899 0 186 186 0 1902 1902 0 1903 1903 0 1669 1669 0 1666 1666 0 1905 1905 0 209 209 0 229 229 0 221 221 0 223 223 0 2182 2182 0 1907 1907 0 1908 1908 0 2183 2183 0 245 245 0 237 237 0 2084 2084 0 2119 2119 0 1911 1911 0 280 280 0 285 285 0 281 281 0 277 277 0 279 279 0 275 275 0 290 290 0 292 292 0 288 288 0 302 302 0 304 304 0 300 300 0 316 316 0 318 318 0 314 314 0 1921 1921 0 321 321 0 1919 1919 0 1595 1595 0 2184 2184 0 1596 1596 0 1573 1573 0 339 339 0 1574 1574 0 365 365 0 360 360 0 362 362 0 375 375 0 370 370 0 373 373 0 391 391 0 394 394 0 389 389 0 401 401 0 1555 1555 0 402 402 0 423 423 0 1929 1929 0 422 422 0 431 431 0 433 433 0 429 429 0 454 454 0 457 457 0 456 456 0 1931 1931 0 459 459 0 458 458 0 482 482 0 1935 1935 0 481 481 0 505 505 0 507 507 0 1499 1499 0 2185 2185 0 2186 2186 0 530 530 0 1496 1496 0 1941 1941 0 534 534 0 550 550 0 552 552 0 548 548 0 583 583 0 2187 2187 0 577 577 0 2132 2132 0 2131 2131 0 2188 2188 0 622 622 0 620 620 0 619 619 0 636 636 0 638 638 0 634 634 0 648 648 0 650 650 0 1952 1952 0 2134 2134 0 2135 2135 0 655 655 0 666 666 0 668 668 0 664 664 0 688 688 0 691 691 0 689 689 0 698 698 0 700 700 0 1397 1397 0 2136 2136 0 2189 2189 0 717 717 0 717 717 0 2189 2189 0 718 718 0 719 719 0 713 713 0 715 715 0 762 762 0 765 765 0 764 764 0 775 775 0 772 772 0 773 773 0 783 783 0 787 787 0 1971 1971 0 2138 2138 0 795 795 0 1972 1972 0 801 801 0 805 805 0 802 802 0 821 821 0 816 816 0 1973 1973 0 825 825 0 828 828 0 1974 1974 0 835 835 0 831 831 0 1975 1975 0 865 865 0 866 866 0 863 863 0 873 873 0 874 874 0 871 871 0 2140 2140 0 877 877 0 1978 1978 0 898 898 0 895 895 0 896 896 0 906 906 0 903 903 0 904 904 0 2141 2141 0 912 912 0 913 913 0 922 922 0 917 917 0 923 923 0 2190 2190 0 1193 1193 0 945 945 0 948 948 0 950 950 0 1193 1193 0 972 972 0 1989 1989 0 970 970 0 2191 2191 0 2145 2145 0 986 986 0 2192 2192 0 2147 2147 0 1992 1992 0 1180 1180 0 2148 2148 0 1994 1994 0 1030 1030 0 1032 1032 0 2000 2000 0 1172 1172 0 1050 1050 0 1046 1046 0 1064 1064 0 1060 1060 0 1062 1062 0 1856 1856 0 1855 1855 0 1083 1083 0 2110 2110 0 2150 2150 0 1855 1855 0 1849 1849 0 2004 2004 0 1096 1096 0 2007 2007 0 2008 2008 0 2108 2108 0 1125 1125 0 2011 2011 0 1126 1126 0 2107 2107 0 2151 2151 0 1141 1141 0 1819 1819 0 2152 2152 0 1144 1144 0 2015 2015 0 2193 2193 0 2153 2153 0 2020 2020 0 2018 2018 0 1167 1167 0 1046 1046 0 1045 1045 0 1172 1172 0 2194 2194 0 1204 1204 0 1203 1203 0 1211 1211 0 1208 1208 0 2023 2023 0 2026 2026 0 1216 1216 0 1218 1218 0 1227 1227 0 1224 1224 0 1225 1225 0 1235 1235 0 1231 1231 0 1233 1233 0 1244 1244 0 1247 1247 0 1246 1246 0 1260 1260 0 1257 1257 0 1258 1258 0 1272 1272 0 1274 1274 0 1271 1271 0 1281 1281 0 1279 1279 0 1278 1278 0 1287 1287 0 1291 1291 0 1290 1290 0 1295 1295 0 1289 1289 0 1293 1293 0 1301 1301 0 1296 1296 0 1299 1299 0 1303 1303 0 2195 2195 0 1300 1300 0 2196 2196 0 1310 1310 0 1307 1307 0 1317 1317 0 1311 1311 0 1315 1315 0 2035 2035 0 1321 1321 0 1323 1323 0 1325 1325 0 1323 1323 0 1322 1322 0 753 753 0 1334 1334 0 751 751 0 1343 1343 0 1349 1349 0 2038 2038 0 1956 1956 0 737 737 0 2040 2040 0 2156 2156 0 1357 1357 0 1360 1360 0 1392 1392 0 1395 1395 0 2159 2159 0 2158 2158 0 2160 2160 0 2044 2044 0 664 664 0 2161 2161 0 666 666 0 670 670 0 669 669 0 1413 1413 0 661 661 0 660 660 0 1421 1421 0 1400 1400 0 1402 1402 0 1401 1401 0 598 598 0 596 596 0 599 599 0 596 596 0 592 592 0 594 594 0 2053 2053 0 2197 2197 0 2051 2051 0 1441 1441 0 573 573 0 572 572 0 570 570 0 1459 1459 0 568 568 0 1476 1476 0 1470 1470 0 2163 2163 0 555 555 0 2198 2198 0 553 553 0 560 560 0 559 559 0 1489 1489 0 546 546 0 543 543 0 1494 1494 0 519 519 0 2068 2068 0 517 517 0 1937 1937 0 499 499 0 2167 2167 0 495 495 0 1520 1520 0 493 493 0 2199 2199 0 1527 1527 0 2168 2168 0 441 441 0 440 440 0 1535 1535 0 438 438 0 2074 2074 0 1545 1545 0 1561 1561 0 1563 1563 0 1562 1562 0 1570 1570 0 1571 1571 0 340 340 0 1580 1580 0 1586 1586 0 1578 1578 0 1596 1596 0 2080 2080 0 1595 1595 0 2081 2081 0 1602 1602 0 1605 1605 0 317 317 0 1618 1618 0 1616 1616 0 297 297 0 1625 1625 0 299 299 0 1627 1627 0 293 293 0 291 291 0 1635 1635 0 1637 1637 0 274 274 0 146 146 0 145 145 0 1888 1888 0 132 132 0 131 131 0 1885 1885 0 1704 1704 0 2200 2200 0 1702 1702 0 2201 2201 0 1713 1713 0 2173 2173 0 1733 1733 0 1734 1734 0 1731 1731 0 1737 1737 0 1731 1731 0 1735 1735 0 1747 1747 0 1748 1748 0 1746 1746 0 1754 1754 0 1750 1750 0 1755 1755 0 1757 1757 0 2177 2177 0 2106 2106 0 1765 1765 0 1763 1763 0 1762 1762 0 2175 2175 0 1771 1771 0 1770 1770 0 2100 2100 0 2202 2202 0 1785 1785 0 1793 1793 0 1787 1787 0 1791 1791 0 2176 2176 0 1802 1802 0 1796 1796 0 1802 1802 0 2101 2101 0 1800 1800 0 1138 1138 0 1823 1823 0 1140 1140 0 1836 1836 0 1837 1837 0 1834 1834 0 1114 1114 0 1113 1113 0 1843 1843 0 1086 1086 0 1085 1085 0 1088 1088 0 1869 1869 0 1864 1864 0 1867 1867 0 8 8 0 5 5 0 2180 2180 0 11 11 0 14 14 0 13 13 0 44 44 0 45 45 0 42 42 0 1880 1880 0 71 71 0 55 55 0 55 55 0 1881 1881 0 1880 1880 0 2094 2094 0 1721 1721 0 101 101 0 111 111 0 118 118 0 109 109 0 135 135 0 114 114 0 130 130 0 2171 2171 0 2116 2116 0 140 140 0 2203 2203 0 189 189 0 192 192 0 203 203 0 197 197 0 201 201 0 225 225 0 2182 2182 0 1908 1908 0 249 249 0 251 251 0 2204 2204 0 1638 1638 0 268 268 0 1917 1917 0 307 307 0 2205 2205 0 1622 1622 0 1920 1920 0 2206 2206 0 1921 1921 0 357 357 0 1922 1922 0 361 361 0 364 364 0 368 368 0 366 366 0 396 396 0 1556 1556 0 1555 1555 0 428 428 0 430 430 0 2125 2125 0 448 448 0 450 450 0 446 446 0 1522 1522 0 2071 2071 0 488 488 0 1502 1502 0 510 510 0 506 506 0 1516 1516 0 2207 2207 0 2070 2070 0 1495 1495 0 549 549 0 546 546 0 586 586 0 1946 1946 0 589 589 0 620 620 0 2130 2130 0 644 644 0 641 641 0 642 642 0 639 639 0 660 660 0 662 662 0 1405 1405 0 701 701 0 703 703 0 699 699 0 739 739 0 2208 2208 0 740 740 0 1961 1961 0 1962 1962 0 1372 1372 0 771 771 0 773 773 0 772 772 0 791 791 0 794 794 0 793 793 0 2139 2139 0 818 818 0 814 814 0 837 837 0 835 835 0 834 834 0 859 859 0 862 862 0 860 860 0 875 875 0 878 878 0 876 876 0 902 902 0 900 900 0 899 899 0 911 911 0 905 905 0 909 909 0 1986 1986 0 2209 2209 0 2143 2143 0 990 990 0 987 987 0 991 991 0 1003 1003 0 2146 2146 0 1183 1183 0 1177 1177 0 1039 1039 0 1175 1175 0 2003 2003 0 1067 1067 0 1066 1066 0 1066 1066 0 1071 1071 0 2003 2003 0 1095 1095 0 1097 1097 0 2179 2179 0 1841 1841 0 1838 1838 0 1117 1117 0 1831 1831 0 1830 1830 0 2009 2009 0 1825 1825 0 1136 1136 0 1132 1132 0 1163 1163 0 2020 2020 0 2019 2019 0 1047 1047 0 1043 1043 0 1045 1045 0 2024 2024 0 1210 1210 0 1212 1212 0 1220 1220 0 1223 1223 0 1221 1221 0 1240 1240 0 1237 1237 0 1238 1238 0 2029 2029 0 1254 1254 0 1253 1253 0 1270 1270 0 1265 1265 0 1268 1268 0 1280 1280 0 1284 1284 0 1283 1283 0 1288 1288 0 1282 1282 0 1286 1286 0 1294 1294 0 1298 1298 0 1297 1297 0 1313 1313 0 1314 1314 0 1311 1311 0 1319 1319 0 1316 1316 0 1320 1320 0 1338 1338 0 2210 2210 0 2211 2211 0 1351 1351 0 1346 1346 0 1345 1345 0 2212 2212 0 750 750 0 749 749 0 2208 2208 0 739 739 0 745 745 0 2047 2047 0 1376 1376 0 1375 1375 0 699 699 0 1396 1396 0 701 701 0 682 682 0 1411 1411 0 684 684 0 679 679 0 678 678 0 1412 1412 0 2048 2048 0 1401 1401 0 1402 1402 0 599 599 0 2129 2129 0 597 597 0 1435 1435 0 580 580 0 582 582 0 1447 1447 0 1439 1439 0 1438 1438 0 2064 2064 0 1469 1469 0 1468 1468 0 554 554 0 553 553 0 556 556 0 545 545 0 1497 1497 0 543 543 0 521 521 0 520 520 0 2065 2065 0 528 528 0 2070 2070 0 2207 2207 0 429 429 0 2075 2075 0 431 431 0 435 435 0 434 434 0 2169 2169 0 344 344 0 2078 2078 0 342 342 0 335 335 0 334 334 0 2120 2120 0 1603 1603 0 2213 2213 0 1604 1604 0 308 308 0 1621 1621 0 310 310 0 295 295 0 1626 1626 0 293 293 0 140 140 0 139 139 0 2171 2171 0 2214 2214 0 1702 1702 0 2200 2200 0 98 98 0 91 91 0 100 100 0 1860 1860 0 1733 1733 0 1732 1732 0 1815 1815 0 1760 1760 0 1759 1759 0 2215 2215 0 1793 1793 0 1792 1792 0 1797 1797 0 2215 2215 0 1792 1792 0 1145 1145 0 2012 2012 0 1143 1143 0 1089 1089 0 1088 1088 0 1091 1091 0 1873 1873 0 11 11 0 7 7 0 38 38 0 44 44 0 43 43 0 1881 1881 0 51 51 0 1879 1879 0 1723 1723 0 1713 1713 0 1721 1721 0 1692 1692 0 1691 1691 0 2089 2089 0 1884 1884 0 1887 1887 0 120 120 0 195 195 0 2203 2203 0 193 193 0 2216 2216 0 2204 2204 0 247 247 0 1916 1916 0 1918 1918 0 2170 2170 0 1597 1597 0 1596 1596 0 1599 1599 0 351 351 0 2217 2217 0 354 354 0 437 437 0 439 439 0 1546 1546 0 2218 2218 0 448 448 0 447 447 0 1521 1521 0 1936 1936 0 2071 2071 0 517 517 0 522 522 0 518 518 0 1431 1431 0 591 591 0 590 590 0 1949 1949 0 2219 2219 0 2132 2132 0 1949 1949 0 606 606 0 2219 2219 0 692 692 0 695 695 0 693 693 0 2136 2136 0 717 717 0 2220 2220 0 813 813 0 808 808 0 811 811 0 828 828 0 829 829 0 826 826 0 867 867 0 870 870 0 868 868 0 889 889 0 891 891 0 888 888 0 2221 2221 0 2149 2149 0 1012 1012 0 2222 2222 0 1059 1059 0 1070 1070 0 1852 1852 0 2179 2179 0 1850 1850 0 1834 1834 0 1833 1833 0 1836 1836 0 1164 1164 0 2223 2223 0 1162 1162 0 1214 1214 0 2025 2025 0 1215 1215 0 1261 1261 0 1264 1264 0 1262 1262 0 1284 1284 0 1285 1285 0 1282 1282 0 1308 1308 0 2196 2196 0 1307 1307 0 2224 2224 0 1341 1341 0 1340 1340 0 1345 1345 0 2212 2212 0 749 749 0 1376 1376 0 2225 2225 0 1374 1374 0 1397 1397 0 1398 1398 0 698 698 0 1410 1410 0 685 685 0 1408 1408 0 659 659 0 2134 2134 0 657 657 0 1429 1429 0 602 602 0 601 601 0 2056 2056 0 1434 1434 0 1436 1436 0 1462 1462 0 1460 1460 0 1433 1433 0 555 555 0 1466 1466 0 2198 2198 0 2163 2163 0 2058 2058 0 1476 1476 0 525 525 0 1938 1938 0 523 523 0 489 489 0 1524 1524 0 487 487 0 1549 1549 0 2226 2226 0 1533 1533 0 1562 1562 0 2227 2227 0 1560 1560 0 2213 2213 0 2228 2228 0 1604 1604 0 282 282 0 1632 1632 0 280 280 0 1743 1743 0 1738 1738 0 1741 1741 0 1767 1767 0 1769 1769 0 2098 2098 0 2099 2099 0 1789 1789 0 2100 2100 0 1100 1100 0 1849 1849 0 1098 1098 0 2180 2180 0 9 9 0 8 8 0 41 41 0 39 39 0 38 38 0 53 53 0 1879 1879 0 51 51 0 1693 1693 0 2172 2172 0 1691 1691 0 1642 1642 0 2170 2170 0 1640 1640 0 1595 1595 0 338 338 0 2184 2184 0 2229 2229 0 349 349 0 350 350 0 440 440 0 442 442 0 1544 1544 0 2230 2230 0 2218 2218 0 447 447 0 1520 1520 0 495 495 0 491 491 0 2068 2068 0 519 519 0 2066 2066 0 595 595 0 599 599 0 596 596 0 602 602 0 2133 2133 0 612 612 0 1963 1963 0 2231 2231 0 743 743 0 823 823 0 821 821 0 820 820 0 858 858 0 855 855 0 853 853 0 882 882 0 884 884 0 879 879 0 2017 2017 0 2016 2016 0 1049 1049 0 1070 1070 0 2232 2232 0 2222 2222 0 1851 1851 0 1850 1850 0 1094 1094 0 2193 2193 0 1162 1162 0 2223 2223 0 1275 1275 0 1277 1277 0 1279 1279 0 2195 2195 0 1301 1301 0 1300 1300 0 1340 1340 0 2233 2233 0 2224 2224 0 2225 2225 0 2234 2234 0 1374 1374 0 1401 1401 0 2235 2235 0 1399 1399 0 2055 2055 0 2236 2236 0 2056 2056 0 2237 2237 0 1465 1465 0 2064 2064 0 523 523 0 1509 1509 0 526 526 0 483 483 0 482 482 0 485 485 0 1548 1548 0 1550 1550 0 1552 1552 0 352 352 0 2229 2229 0 350 350 0 2238 2238 0 1604 1604 0 2228 2228 0 1777 1777 0 2239 2239 0 1775 1775 0 2202 2202 0 1786 1786 0 1785 1785 0 1104 1104 0 1103 1103 0 2005 2005 0 24 24 0 2112 2112 0 22 22 0 35 35 0 37 37 0 39 39 0 1690 1690 0 141 141 0 2172 2172 0 2240 2240 0 1921 1921 0 2206 2206 0 349 349 0 345 345 0 347 347 0 443 443 0 445 445 0 441 441 0 447 447 0 2199 2199 0 2230 2230 0 1512 1512 0 2128 2128 0 1937 1937 0 2069 2069 0 2066 2066 0 2241 2241 0 646 646 0 610 610 0 1951 1951 0 654 654 0 656 656 0 652 652 0 2242 2242 0 744 744 0 743 743 0 839 839 0 841 841 0 838 838 0 854 854 0 848 848 0 851 851 0 1051 1051 0 1053 1053 0 2016 2016 0 2232 2232 0 1158 1158 0 2222 2222 0 1251 1251 0 1252 1252 0 1254 1254 0 1291 1291 0 1292 1292 0 1289 1289 0 2233 2233 0 2243 2243 0 2224 2224 0 2244 2244 0 1374 1374 0 2234 2234 0 2132 2132 0 2188 2188 0 1949 1949 0 2187 2187 0 2056 2056 0 2236 2236 0 2057 2057 0 1462 1462 0 1463 1463 0 1510 1510 0 1514 1514 0 1511 1511 0 2168 2168 0 2230 2230 0 2199 2199 0 2217 2217 0 355 355 0 354 354 0 2239 2239 0 1772 1772 0 1775 1775 0 1782 1782 0 1784 1784 0 1786 1786 0 1107 1107 0 2005 2005 0 1105 1105 0 26 26 0 30 30 0 28 28 0 1587 1587 0 1581 1581 0 1582 1582 0 1559 1559 0 2076 2076 0 346 346 0 1540 1540 0 1539 1539 0 444 444 0 1505 1505 0 1504 1504 0 515 515 0 1952 1952 0 1951 1951 0 2245 2245 0 1416 1416 0 1417 1417 0 1414 1414 0 745 745 0 747 747 0 2208 2208 0 805 805 0 806 806 0 804 804 0 846 846 0 850 850 0 847 847 0 1157 1157 0 2222 2222 0 1158 1158 0 2028 2028 0 1249 1249 0 1245 1245 0 2246 2246 0 2224 2224 0 2243 2243 0 2247 2247 0 2244 2244 0 2234 2234 0 2236 2236 0 577 577 0 2187 2187 0 2207 2207 0 1939 1939 0 528 528 0 2125 2125 0 2248 2248 0 428 428 0 358 358 0 353 353 0 355 355 0 1813 1813 0 1775 1775 0 1772 1772 0 2108 2108 0 2109 2109 0 2007 2007 0 20 20 0 24 24 0 23 23 0 1577 1577 0 1580 1580 0 1579 1579 0 1558 1558 0 1560 1560 0 1559 1559 0 2069 2069 0 2241 2241 0 1504 1504 0 675 675 0 677 677 0 1417 1417 0 1370 1370 0 1367 1367 0 746 746 0 799 799 0 797 797 0 796 796 0 1160 1160 0 1156 1156 0 2014 2014 0 1242 1242 0 2027 2027 0 1239 1239 0 2243 2243 0 2211 2211 0 2246 2246 0 2234 2234 0 2249 2249 0 2247 2247 0 534 534 0 536 536 0 1496 1496 0 2186 2186 0 527 527 0 530 530 0 361 361 0 359 359 0 357 357 0 1764 1764 0 1766 1766 0 2097 2097 0 1830 1830 0 1832 1832 0 1829 1829 0 2250 2250 0 4 4 0 3 3 0 1576 1576 0 1572 1572 0 1577 1577 0 2206 2206 0 2251 2251 0 2252 2252 0 1492 1492 0 2059 2059 0 557 557 0 678 678 0 680 680 0 676 676 0 2231 2231 0 2242 2242 0 743 743 0 787 787 0 789 789 0 785 785 0 2223 2223 0 2153 2153 0 2193 2193 0 1232 1232 0 1226 1226 0 1230 1230 0 2249 2249 0 2253 2253 0 2247 2247 0 2197 2197 0 1437 1437 0 2051 2051 0 530 530 0 1940 1940 0 2185 2185 0 374 374 0 2122 2122 0 376 376 0 1752 1752 0 2174 2174 0 1750 1750 0 1136 1136 0 1825 1825 0 1134 1134 0 2252 2252 0 2240 2240 0 2206 2206 0 2062 2062 0 2166 2166 0 2059 2059 0 681 681 0 683 683 0 679 679 0 784 784 0 2254 2254 0 1970 1970 0 1041 1041 0 1040 1040 0 1043 1043 0 1207 1207 0 1209 1209 0 1205 1205 0 2255 2255 0 2247 2247 0 2253 2253 0 1152 1152 0 1149 1149 0 1153 1153 0 1148 1148 0 1820 1820 0 1146 1146 0 1565 1565 0 2077 2077 0 1563 1563 0 559 559 0 561 561 0 2166 2166 0 684 684 0 686 686 0 682 682 0 2256 2256 0 1970 1970 0 2254 2254 0 1038 1038 0 1037 1037 0 1040 1040 0 2257 2257 0 2194 2194 0 1203 1203 0 2258 2258 0 2255 2255 0 2253 2253 0 2096 2096 0 2095 2095 0 2178 2178 0 1147 1147 0 1146 1146 0 1149 1149 0 2227 2227 0 1559 1559 0 1560 1560 0 693 693 0 690 690 0 691 691 0 2254 2254 0 2259 2259 0 2256 2256 0 1039 1039 0 1177 1177 0 1174 1174 0 1203 1203 0 2260 2260 0 2257 2257 0 2253 2253 0 1965 1965 0 2258 2258 0 1749 1749 0 2178 2178 0 2095 2095 0 1393 1393 0 1392 1392 0 702 702 0 1033 1033 0 1030 1030 0 1034 1034 0 1329 1329 0 1333 1333 0 1331 1331 0 1727 1727 0 1729 1729 0 1725 1725 0 2000 2000 0 2261 2261 0 1030 1030 0 2111 2111 0 1727 1727 0 1726 1726 0 2000 2000 0 1999 1999 0 2261 2261 0 1863 1863 0 2111 2111 0 1861 1861 0 1029 1029 0 1024 1024 0 1999 1999 0 1865 1865 0 1863 1863 0 1866 1866 0 1026 1026 0 1027 1027 0 1024 1024 0 1868 1868 0 1872 1872 0 1869 1869 0 1997 1997 0 1996 1996 0 1027 1027 0 1872 1872 0 2250 2250 0 1870 1870 0 1023 1023 0 2262 2262 0 1996 1996 0 3 3 0 1870 1870 0 2250 2250 0 1023 1023 0 1020 1020 0 2262 2262 0 89 89 0 87 87 0 91 91 0 2149 2149 0 2221 2221 0 1017 1017 0 2114 2114 0 92 92 0 91 91 0 1012 1012 0 1178 1178 0 2221 2221 0 2173 2173 0 2263 2263 0 2201 2201 0 2148 2148 0 2264 2264 0 1014 1014 0 2263 2263 0 1712 1712 0 2201 2201 0 2148 2148 0 1180 1180 0 2264 2264 0 1712 1712 0 1711 1711 0 2201 2201 0 1010 1010 0 1006 1006 0 1179 1179 0 2200 2200 0 1700 1700 0 2214 2214 0 2147 2147 0 2192 2192 0 1181 1181 0 1701 1701 0 2214 2214 0 1700 1700 0 1992 1992 0 2265 2265 0 2192 2192 0 1698 1698 0 1701 1701 0 1699 1699 0 1992 1992 0 1004 1004 0 2265 2265 0 1699 1699 0 2266 2266 0 1697 1697 0 1000 1000 0 1182 1182 0 1184 1184 0 2266 2266 0 2267 2267 0 1697 1697 0 1184 1184 0 1001 1001 0 1000 1000 0 2268 2268 0 1697 1697 0 2267 2267 0 998 998 0 997 997 0 1000 1000 0 2267 2267 0 2269 2269 0 2268 2268 0 1991 1991 0 995 995 0 997 997 0 2270 2270 0 2268 2268 0 2269 2269 0 995 995 0 2271 2271 0 997 997 0 2269 2269 0 135 135 0 2270 2270 0 994 994 0 2271 2271 0 995 995 0 134 134 0 2270 2270 0 135 135 0 992 992 0 991 991 0 1185 1185 0 121 121 0 120 120 0 124 124 0 2145 2145 0 2272 2272 0 987 987 0 2090 2090 0 2091 2091 0 106 106 0 2145 2145 0 2191 2191 0 2272 2272 0 107 107 0 106 106 0 2181 2181 0 986 986 0 983 983 0 2191 2191 0 128 128 0 2181 2181 0 126 126 0 1990 1990 0 978 978 0 983 983 0 152 152 0 2087 2087 0 150 150 0 1190 1190 0 981 981 0 1187 1187 0 155 155 0 1890 1890 0 153 153 0 1187 1187 0 1188 1188 0 1190 1190 0 1891 1891 0 153 153 0 156 156 0 2273 2273 0 1190 1190 0 1189 1189 0 157 157 0 1687 1687 0 1892 1892 0 975 975 0 2273 2273 0 1189 1189 0 162 162 0 1892 1892 0 2274 2274 0 973 973 0 972 972 0 975 975 0 162 162 0 2274 2274 0 160 160 0 970 970 0 969 969 0 972 972 0 163 163 0 160 160 0 165 165 0 971 971 0 2275 2275 0 969 969 0 166 166 0 1686 1686 0 167 167 0 971 971 0 967 967 0 2275 2275 0 168 168 0 167 167 0 2276 2276 0 2277 2277 0 1192 1192 0 963 963 0 168 168 0 2276 2276 0 170 170 0 961 961 0 2277 2277 0 963 963 0 1685 1685 0 171 171 0 170 170 0 959 959 0 958 958 0 961 961 0 2278 2278 0 1684 1684 0 2086 2086 0 955 955 0 2279 2279 0 958 958 0 2280 2280 0 2278 2278 0 2086 2086 0 955 955 0 954 954 0 2279 2279 0 2086 2086 0 1681 1681 0 2280 2280 0 1988 1988 0 2143 2143 0 954 954 0 1683 1683 0 2280 2280 0 1681 1681 0 1986 1986 0 952 952 0 2209 2209 0 1682 1682 0 1680 1680 0 1683 1683 0 951 951 0 948 948 0 952 952 0 2281 2281 0 1683 1683 0 1680 1680 0 1193 1193 0 2190 2190 0 1194 1194 0 1679 1679 0 2281 2281 0 1680 1680 0 945 945 0 944 944 0 2190 2190 0 1680 1680 0 1678 1678 0 1677 1677 0 1987 1987 0 941 941 0 1984 1984 0 1678 1678 0 174 174 0 173 173 0 1196 1196 0 2282 2282 0 1195 1195 0 1895 1895 0 172 172 0 174 174 0 2282 2282 0 1198 1198 0 1195 1195 0 1675 1675 0 175 175 0 177 177 0 1198 1198 0 2283 2283 0 1197 1197 0 1896 1896 0 177 177 0 176 176 0 2283 2283 0 1199 1199 0 1197 1197 0 192 192 0 193 193 0 2203 2203 0 2284 2284 0 1197 1197 0 1199 1199 0 194 194 0 1672 1672 0 1673 1673 0 933 933 0 2284 2284 0 1199 1199 0 1901 1901 0 1673 1673 0 196 196 0 935 935 0 1980 1980 0 933 933 0 1669 1669 0 1671 1671 0 1902 1902 0 932 932 0 2142 2142 0 1980 1980 0 206 206 0 1902 1902 0 204 204 0 929 929 0 1982 1982 0 927 927 0 209 209 0 1668 1668 0 1666 1666 0 1982 1982 0 926 926 0 924 924 0 1665 1665 0 1667 1667 0 211 211 0 919 919 0 923 923 0 917 917 0 212 212 0 211 211 0 214 214 0 1979 1979 0 916 916 0 915 915 0 1664 1664 0 1663 1663 0 214 214 0 2259 2259 0 780 780 0 2256 2256 0 1664 1664 0 2285 2285 0 1662 1662 0 781 781 0 2256 2256 0 780 780 0 2285 2285 0 1660 1660 0 1662 1662 0 772 772 0 770 770 0 769 769 0 1661 1661 0 1662 1662 0 1660 1660 0 770 770 0 2286 2286 0 768 768 0 1659 1659 0 1656 1656 0 1657 1657 0 2286 2286 0 766 766 0 768 768 0 2287 2287 0 1657 1657 0 1656 1656 0 767 767 0 768 768 0 766 766 0 1655 1655 0 2287 2287 0 1656 1656 0 759 759 0 1967 1967 0 761 761 0 1656 1656 0 1654 1654 0 1653 1653 0 755 755 0 1966 1966 0 758 758 0 1654 1654 0 1652 1652 0 1651 1651 0 756 756 0 2021 2021 0 754 754 0 1652 1652 0 2288 2288 0 1650 1650 0 1201 1201 0 2155 2155 0 1200 1200 0 2288 2288 0 216 216 0 1650 1650 0 2260 2260 0 2154 2154 0 2155 2155 0 218 218 0 1650 1650 0 216 216 0 2155 2155 0 2257 2257 0 2260 2260 0 237 237 0 236 236 0 2183 2183 0 1336 1336 0 751 751 0 1334 1334 0 245 245 0 2183 2183 0 2289 2289 0 752 752 0 1338 1338 0 753 753 0 245 245 0 2289 2289 0 239 239 0 2211 2211 0 1337 1337 0 1338 1338 0 240 240 0 239 239 0 242 242 0 2210 2210 0 2246 2246 0 2211 2211 0 1910 1910 0 242 242 0 1647 1647 0 1353 1353 0 2039 2039 0 750 750 0 1646 1646 0 1648 1648 0 246 246 0 1366 1366 0 1363 1363 0 2137 2137 0 247 247 0 246 246 0 2290 2290 0 709 709 0 1371 1371 0 707 707 0 247 247 0 2290 2290 0 2216 2216 0 733 733 0 1961 1961 0 731 731 0 2204 2204 0 2216 2216 0 249 249 0 1372 1372 0 1373 1373 0 1961 1961 0 250 250 0 249 249 0 252 252 0 727 727 0 726 726 0 729 729 0 255 255 0 252 252 0 1644 1644 0 2136 2136 0 2220 2220 0 726 726 0 2119 2119 0 2084 2084 0 256 256 0 743 743 0 1964 1964 0 1963 1963 0 259 259 0 256 256 0 1912 1912 0 744 744 0 2291 2291 0 1965 1965 0 262 262 0 1912 1912 0 260 260 0 2291 2291 0 2292 2292 0 1965 1965 0 261 261 0 1643 1643 0 263 263 0 2292 2292 0 2258 2258 0 1965 1965 0 264 264 0 263 263 0 2083 2083 0 1381 1381 0 1379 1379 0 1378 1378 0 1917 1917 0 1916 1916 0 1638 1638 0 2045 2045 0 2157 2157 0 1386 1386 0 267 267 0 266 266 0 1913 1913 0 1389 1389 0 1386 1386 0 1390 1390 0 271 271 0 1913 1913 0 269 269 0 2044 2044 0 1390 1390 0 2293 2293 0 273 273 0 269 269 0 1636 1636 0 2044 2044 0 2293 2293 0 2158 2158 0 294 294 0 296 296 0 295 295 0 2159 2159 0 2158 2158 0 1392 1392 0 1622 1622 0 2205 2205 0 303 303 0 2235 2235 0 687 687 0 1399 1399 0 309 309 0 307 307 0 306 306 0 1952 1952 0 2245 2245 0 648 648 0 1617 1617 0 2082 2082 0 317 317 0 615 615 0 614 614 0 2131 2131 0 1614 1614 0 1613 1613 0 2082 2082 0 639 639 0 2162 2162 0 641 641 0 1612 1612 0 1609 1609 0 1613 1613 0 634 634 0 633 633 0 636 636 0 2228 2228 0 2252 2252 0 2238 2238 0 1453 1453 0 571 571 0 573 573 0 2251 2251 0 2238 2238 0 2252 2252 0 1461 1461 0 1463 1463 0 1462 1462 0 331 331 0 327 327 0 330 330 0 2063 2063 0 2237 2237 0 2064 2064 0 377 377 0 376 376 0 378 378 0 1942 1942 0 1943 1943 0 563 563 0 381 381 0 378 378 0 382 382 0 562 562 0 564 564 0 2164 2164 0 1557 1557 0 2294 2294 0 383 383 0 2061 2061 0 2164 2164 0 2295 2295 0 2296 2296 0 383 383 0 2294 2294 0 2061 2061 0 2295 2295 0 1482 1482 0 2297 2297 0 2296 2296 0 2294 2294 0 1485 1485 0 1482 1482 0 1486 1486 0 2294 2294 0 2298 2298 0 2297 2297 0 540 540 0 539 539 0 535 535 0 2299 2299 0 2297 2297 0 2298 2298 0 533 533 0 2185 2185 0 1940 1940 0 2300 2300 0 2299 2299 0 2298 2298 0 481 481 0 2301 2301 0 482 482 0 2302 2302 0 2300 2300 0 2298 2298 0 481 481 0 478 478 0 2301 2301 0 2298 2298 0 2123 2123 0 2302 2302 0 477 477 0 476 476 0 1526 1526 0 1923 1923 0 2302 2302 0 2123 2123 0 1932 1932 0 476 476 0 1934 1934 0 387 387 0 1924 1924 0 385 385 0 1934 1934 0 1933 1933 0 1932 1932 0 1925 1925 0 389 389 0 394 394 0 467 467 0 466 466 0 1932 1932 0 403 403 0 402 402 0 2303 2303 0 468 468 0 469 469 0 466 466 0 403 403 0 2303 2303 0 404 404 0 473 473 0 2127 2127 0 472 472 0 405 405 0 404 404 0 407 407 0 465 465 0 462 462 0 461 461 0 1553 1553 0 1554 1554 0 1927 1927 0 2126 2126 0 465 465 0 1931 1931 0 410 410 0 2124 2124 0 1927 1927 0 2226 2226 0 1534 1534 0 1533 1533 0 413 413 0 412 412 0 411 411 0 2125 2125 0 426 426 0 2248 2248 0 1928 1928 0 412 412 0 413 413 0 422 422 0 2304 2304 0 423 423 0 413 413 0 2305 2305 0 414 414 0 422 422 0 419 419 0 2304 2304 0 414 414 0 2305 2305 0 418 418 0</p></triangles></mesh></geometry></library_geometries><library_visual_scenes><visual_scene id="Scene"><node id="road-node"><instance_geometry url="#road"><bind_material><technique_common><instance_material symbol="asphalt" target="#asphalt-material"><bind_vertex_input semantic="UVSET0" input_semantic="TEXCOORD" input_set="0" /></instance_material></technique_common></bind_material></instance_geometry></node></visual_scene></library_visual_scenes><scene><instance_visual_scene url="#Scene" /></scene></COLLADA>