<?xml version='1.0' encoding='utf-8'?>
<COLLADA xmlns="http://www.collada.org/2005/11/COLLADASchema" version="1.4.1"><asset><created>2026-09-12T00:00:00Z</created><modified>2026-09-12T00:00:00Z</modified><unit name="meter" meter="1" /><up_axis>Z_UP</up_axis></asset><library_images><image id="asphalt-image"><init_from>textures/asphalt.png</init_from></image></library_images><library_effects><effect id="asphalt-effect"><profile_COMMON><newparam sid="surface"><surface type="2D"><init_from>asphalt-image</init_from></surface></newparam><newparam sid="sampler"><sampler2D><source>surface</source></sampler2D></newparam><technique sid="common"><phong><diffuse><texture texture="sampler" texcoord="UVSET0" /></diffuse><specular><color>0.02 0.02 0.02 1</color></specular></phong></technique></profile_COMMON></effect></library_effects><library_materials><material id="asphalt-material"><instance_effect url="#asphalt-effect" /></material></library_materials><library_geometries><geometry id="road"><mesh><source id="positions"><float_array id="positions-array" count="5643">3.7387350 4.6927584 0.0000000 -11.5502712 1.5541385 0.0000000 -3.7473172 -4.6858952 0.0000000 -7.9571138 14.0459457 0.0000000 -19.3532252 7.7941721 0.0000000 -15.4517482 4.6741553 0.0000000 -19.6615448 23.4059962 0.0000000 -31.0576562 17.1542226 0.0000000 -27.1561792 14.0342058 0.0000000 -31.3659758 32.7660467 0.0000000 -38.8606102 23.3942563 0.0000000 -34.9591332 20.2742395 0.0000000 -43.0704068 42.1260972 0.0000000 -54.4665182 35.8743236 0.0000000 -50.5650412 32.7543068 0.0000000 -62.5777918 57.7261814 0.0000000 -70.0724262 48.3543910 0.0000000 -66.1709492 45.2343741 0.0000000 -66.4792688 60.8461982 0.0000000 -77.8753802 54.5944246 0.0000000 -73.9739032 51.4744078 0.0000000 -82.0851768 73.3262655 0.0000000 -93.4812882 67.0744920 0.0000000 -89.5798112 63.9544751 0.0000000 -89.8881308 79.5662992 0.0000000 -97.3827652 70.1945088 0.0000000 105.4649903 -76.0487385 0.0000000 94.0918554 -82.3422136 0.0000000 98.0047347 -85.4479186 0.0000000 -97.6910848 85.8063329 0.0000000 -109.0871962 79.5545593 0.0000000 -105.1857192 76.4345425 0.0000000 -105.4940388 92.0463665 0.0000000 -116.8901502 85.7945930 0.0000000 -112.9886732 82.6745761 0.0000000 -113.2969928 98.2864002 0.0000000 -124.6931042 92.0346266 0.0000000 -120.7916272 88.9146098 0.0000000 -125.0014238 107.6464507 0.0000000 -136.3975352 101.3946771 0.0000000 -132.4960582 98.2746603 0.0000000 -132.8043778 113.8864843 0.0000000 -144.2004892 107.6347108 0.0000000 -140.2990122 104.5146940 0.0000000 -140.6073318 120.1265180 0.0000000 -152.0034433 113.8747445 0.0000000 -148.1019662 110.7547276 0.0000000 -148.4102858 126.3665517 0.0000000 -159.8063973 120.1147781 0.0000000 -155.9049203 116.9947613 0.0000000 -160.1147168 135.7266022 0.0000000 -171.5108283 129.4748286 0.0000000 -167.6093513 126.3548118 0.0000000 -167.9176709 141.9666358 0.0000000 -179.3137823 135.7148623 0.0000000 -175.4123053 132.5948455 0.0000000 -179.6221019 151.3266863 0.0000000 -191.0182133 145.0749128 0.0000000 -187.1167363 141.9548960 0.0000000 -238.5671618 197.6990661 0.0000000 -242.5029070 200.7757426 0.0000000 -249.8934329 191.3216362 0.0000000 -246.4386521 203.8524190 0.0000000 -250.3743972 206.9290955 0.0000000 -257.7649231 197.4749892 0.0000000 -261.7006683 200.5516656 0.0000000 -253.5868343 209.4403428 0.0000000 -262.9451100 201.8729416 0.0000000 -268.9278767 211.3541221 0.0000000 -268.5273311 210.5555811 0.0000000 -258.0012956 216.3351325 0.0000000 -270.8219396 215.9565915 0.0000000 -272.9383474 223.1301210 0.0000000 -272.5968882 220.9460508 0.0000000 -260.9098711 223.8919355 0.0000000 -272.7892285 228.0680445 0.0000000 -271.8357955 235.2801437 0.0000000 -272.3203381 233.3999275 0.0000000 -260.4567088 231.3451438 0.0000000 -269.8417070 239.8093429 0.0000000 -257.1756190 237.9504472 0.0000000 -267.1823727 244.6475521 0.0000000 -269.5949582 240.3061509 0.0000000 -265.9635428 246.1820162 0.0000000 -254.5495871 240.3266779 0.0000000 -261.5325776 250.0965442 0.0000000 -262.2593347 249.5338619 0.0000000 -211.0169459 176.1623309 0.0000000 -214.9526910 179.2390073 0.0000000 -218.4074718 166.7082245 0.0000000 -206.6048886 157.4818320 0.0000000 -199.2097105 166.9323015 0.0000000 -199.2004131 166.9250187 0.0000000 -202.7013428 154.4179285 0.0000000 -195.2280099 163.8067537 0.0000000 -195.2707667 163.8406289 0.0000000 -191.3265329 160.6867368 0.0000000 -226.2789621 172.8615775 0.0000000 -222.3432169 169.7849010 0.0000000 -164.0161938 138.8466190 0.0000000 -152.3117628 129.4865685 0.0000000 -156.2132398 132.6065853 0.0000000 -144.5088088 123.2465348 0.0000000 -128.9029008 110.7664675 0.0000000 -117.1984698 101.4064170 0.0000000 -109.3955158 95.1663833 0.0000000 -101.2842422 73.3145256 0.0000000 -93.7896078 82.6863160 0.0000000 -85.9866538 76.4462824 0.0000000 -85.6783342 60.8344583 0.0000000 -74.2822228 67.0862319 0.0000000 -78.1836998 70.2062487 0.0000000 -70.3807458 63.9662150 0.0000000 -58.6763148 54.6061645 0.0000000 -35.2674528 35.8860635 0.0000000 -23.5630218 26.5260130 0.0000000 -11.8585908 17.1659625 0.0000000 -15.7600678 20.2859794 0.0000000 -4.0556368 10.9259289 0.0000000 8.0085102 -14.0167049 0.0000000 15.4687658 -4.6175248 0.0000000 11.5558865 -1.5118199 0.0000000 15.8342688 -20.2281148 0.0000000 23.2945244 -10.8289347 0.0000000 19.3816451 -7.7232297 0.0000000 19.7471481 -23.3338197 0.0000000 31.1202831 -17.0403446 0.0000000 27.2074038 -13.9346396 0.0000000 35.3986655 -35.7566395 0.0000000 42.8589211 -26.3574594 0.0000000 38.9460418 -23.2517545 0.0000000 47.1373034 -45.0737543 0.0000000 54.5975591 -35.6745742 0.0000000 50.6846797 -32.5688693 0.0000000 54.9630621 -51.2851642 0.0000000 62.4233177 -41.8859841 0.0000000 58.5104384 -38.7802792 0.0000000 62.7888207 -57.4965741 0.0000000 74.1619557 -51.2030990 0.0000000 70.2490764 -48.0973940 0.0000000 78.4403381 -69.9193939 0.0000000 85.9005937 -60.5202138 0.0000000 81.9877144 -57.4145088 0.0000000 82.3532174 -73.0250988 0.0000000 93.7263523 -66.7316237 0.0000000 89.8134730 -63.6259187 0.0000000 109.3778696 -79.1544435 0.0000000 113.6562520 -97.8707384 0.0000000 121.1165076 -88.4715583 0.0000000 117.2036283 -85.3658533 0.0000000 125.3948900 -107.1878532 0.0000000 132.8551456 -97.7886731 0.0000000 128.9422663 -94.6829682 0.0000000 137.1335280 -116.5049680 0.0000000 144.5937836 -107.1057880 0.0000000 140.6809043 -104.0000830 0.0000000 148.8721659 -125.8220829 0.0000000 156.3324216 -116.4229028 0.0000000 148.5066629 -110.2114929 0.0000000 152.7850453 -128.9277878 0.0000000 164.1581802 -122.6343127 0.0000000 160.2453009 -119.5286077 0.0000000 168.4365626 -141.3506076 0.0000000 175.8968182 -131.9514275 0.0000000 171.9839389 -128.8457226 0.0000000 180.1752006 -150.6677224 0.0000000 187.6354562 -141.2685423 0.0000000 183.7225769 -138.1628374 0.0000000 188.0009592 -156.8791323 0.0000000 195.4612148 -147.4799522 0.0000000 191.5483355 -144.3742473 0.0000000 199.7395972 -166.1962471 0.0000000 211.1127322 -159.9027720 0.0000000 207.1998528 -156.7970671 0.0000000 219.3039938 -181.7247719 0.0000000 226.7642495 -172.3255918 0.0000000 222.8513701 -169.2198868 0.0000000 227.1297525 -187.9361817 0.0000000 234.5900081 -178.5370017 0.0000000 230.6771288 -175.4312967 0.0000000 238.8683905 -197.2532966 0.0000000 246.3286461 -187.8541165 0.0000000 242.4157668 -184.7484116 0.0000000 246.6941491 -203.4647065 0.0000000 254.1544047 -194.0655264 0.0000000 250.2415254 -190.9598214 0.0000000 250.6070284 -206.5704114 0.0000000 261.9801634 -200.2769363 0.0000000 258.0672841 -197.1712313 0.0000000 266.2585458 -218.9932312 0.0000000 273.7188014 -209.5940511 0.0000000 269.8059221 -206.4883462 0.0000000 270.1714251 -222.0989361 0.0000000 281.5445600 -215.8054610 0.0000000 277.6316807 -212.6997561 0.0000000 289.7358217 -237.6274608 0.0000000 297.1960773 -228.2282808 0.0000000 293.2831980 -225.1225758 0.0000000 301.4744597 -246.9445757 0.0000000 308.9347153 -237.5453956 0.0000000 301.1089567 -231.3339857 0.0000000 305.3873390 -250.0502806 0.0000000 316.7604740 -243.7568055 0.0000000 312.8475947 -240.6511006 0.0000000 321.0388563 -262.4731004 0.0000000 328.4991120 -253.0739203 0.0000000 324.5862326 -249.9682154 0.0000000 332.7774943 -271.7902152 0.0000000 340.2377499 -262.3910352 0.0000000 332.4119913 -256.1796253 0.0000000 340.6032530 -278.0016251 0.0000000 348.0635086 -268.6024451 0.0000000 344.1506293 -265.4967401 0.0000000 348.5286249 -284.2904068 0.0000000 359.6530526 -277.6726852 0.0000000 355.8398673 -274.7746455 0.0000000 375.3256597 -287.3119413 0.0000000 371.3291850 -285.7125425 0.0000000 370.8836275 -298.4595271 0.0000000 375.5658211 -300.3011688 0.0000000 384.0453072 -290.7414167 0.0000000 379.9579757 -289.1338514 0.0000000 446.5056668 -287.2203953 0.0000000 447.7291476 -286.1700422 0.0000000 439.3004875 -277.5898511 0.0000000 464.3851964 -259.0987284 0.0000000 454.8058649 -250.5555119 0.0000000 453.1778023 -254.8098689 0.0000000 401.4271018 -150.2507572 0.0000000 381.9724089 -134.5850105 0.0000000 374.4462287 -143.9314864 0.0000000 374.1905317 -128.3187118 0.0000000 370.2995932 -125.1855625 0.0000000 366.6643516 -137.6651877 0.0000000 351.1005972 -125.1325903 0.0000000 362.7734130 -134.5320384 0.0000000 347.2096587 -121.9994410 0.0000000 354.7358389 -112.6529651 0.0000000 339.4277815 -115.7331423 0.0000000 343.3187201 -118.8662916 0.0000000 346.9539617 -106.3866664 0.0000000 331.6459044 -109.4668436 0.0000000 335.5368429 -112.5999929 0.0000000 339.6236280 -100.4839697 0.0000000 330.8207857 -108.6599140 0.0000000 327.6229789 -104.8650265 0.0000000 334.3960335 -93.8232418 0.0000000 323.9045525 -99.6690297 0.0000000 324.4191000 -100.5094370 0.0000000 321.6633429 -95.2258579 0.0000000 330.6820629 -86.0141119 0.0000000 319.5038000 -90.4125935 0.0000000 321.5431106 -94.9729926 0.0000000 319.1507599 -89.3800074 0.0000000 329.7273651 -82.0852293 0.0000000 329.2012236 -77.7723934 0.0000000 317.2532726 -78.9283065 0.0000000 329.1065233 -73.4011357 0.0000000 329.4451027 -69.0662974 0.0000000 317.1196717 -72.7648698 0.0000000 330.2197131 -65.1232527 0.0000000 317.6029883 -67.0950618 0.0000000 318.5553335 -62.2472839 0.0000000 318.8810680 -61.1528528 0.0000000 331.7611392 -61.3147615 0.0000000 321.0201090 -55.9548618 0.0000000 320.7552705 -56.5221516 0.0000000 336.1819722 -53.4370811 0.0000000 326.0358818 -47.0193998 0.0000000 323.4932970 -51.3195499 0.0000000 326.4383854 -46.4233588 0.0000000 337.4941675 -34.6647221 0.0000000 333.7266763 -37.8015727 0.0000000 344.5706473 -44.3877183 0.0000000 338.8061995 -33.8338393 0.0000000 343.3370851 -31.7297709 0.0000000 352.3753507 -40.7633430 0.0000000 353.7983298 -28.0859459 0.0000000 349.0012242 -29.2317005 0.0000000 356.2141804 -39.8464658 0.0000000 354.5503014 -27.9562316 0.0000000 360.2454780 -39.4127081 0.0000000 365.5796141 -27.7953202 0.0000000 360.6297502 -27.4058557 0.0000000 364.4420500 -39.7429022 0.0000000 365.9707611 -27.8390452 0.0000000 368.7700595 -40.3710498 0.0000000 372.8094484 -41.5574533 0.0000000 376.5003789 -30.1346284 0.0000000 381.7221325 -32.2621050 0.0000000 377.1074051 -30.3489090 0.0000000 376.9596003 -43.2780434 0.0000000 381.1969763 -45.3416436 0.0000000 386.5382514 -34.5954726 0.0000000 391.1295151 -37.0145232 0.0000000 386.7112551 -34.6832131 0.0000000 385.1877711 -47.4474002 0.0000000 395.8513650 -40.2831393 0.0000000 391.7869191 -37.4174207 0.0000000 388.7648429 -49.9694860 0.0000000 396.1857685 -40.5368846 0.0000000 404.0882387 -62.4651177 0.0000000 411.6719252 -53.1652414 0.0000000 407.8003860 -50.0081522 0.0000000 419.5743954 -75.0934746 0.0000000 423.4459345 -78.2505638 0.0000000 427.1580818 -65.7935983 0.0000000 442.6442385 -78.4219552 0.0000000 438.7726993 -75.2648660 0.0000000 434.9139474 -87.6022811 0.0000000 442.9296256 -78.6700536 0.0000000 446.5912657 -82.0616697 0.0000000 445.3347511 -97.6381009 0.0000000 454.0577980 -89.3960576 0.0000000 453.8475944 -89.1791220 0.0000000 457.4408546 -93.0680719 0.0000000 448.5713119 -101.1511068 0.0000000 460.8324202 -96.9114314 0.0000000 457.5280550 -93.1648064 0.0000000 465.0500624 -119.8353913 0.0000000 477.3542459 -115.6445563 0.0000000 474.0498807 -111.8979313 0.0000000 474.9631578 -131.0752663 0.0000000 487.2673413 -126.8844313 0.0000000 483.9629761 -123.1378063 0.0000000 484.8762533 -142.3151413 0.0000000 497.1804367 -138.1243063 0.0000000 493.8760716 -134.3776813 0.0000000 501.3980790 -161.0482662 0.0000000 510.3978973 -153.1108063 0.0000000 507.0935321 -149.3641813 0.0000000 504.7024441 -164.7948912 0.0000000 517.0066276 -160.6040562 0.0000000 513.7022624 -156.8574312 0.0000000 663.9851106 -53.9043299 0.0000000 667.2482624 -50.1217556 0.0000000 658.1620899 -42.2832947 0.0000000 674.4778489 -23.3704234 0.0000000 671.2146971 -27.1529977 0.0000000 683.5490528 -31.2262356 0.0000000 690.1159259 -23.7910873 0.0000000 693.4378991 -20.0600657 0.0000000 681.1535888 -15.8113307 0.0000000 684.4755621 -12.0803091 0.0000000 700.0818456 -12.5980227 0.0000000 703.4038188 -8.8670011 0.0000000 691.1195086 -4.6182661 0.0000000 697.7634550 2.8437770 0.0000000 694.4414818 -0.8872445 0.0000000 706.7257920 -5.1359796 0.0000000 710.0477653 -1.4049581 0.0000000 701.0854283 6.5747985 0.0000000 713.3697385 2.3260634 0.0000000 704.4074015 10.3058200 0.0000000 707.7293747 14.0368416 0.0000000 716.6917117 6.0570850 0.0000000 711.0513480 17.7678631 0.0000000 727.6612141 36.4229707 0.0000000 724.3392409 32.6919492 0.0000000 733.3015779 24.7121926 0.0000000 721.0172677 28.9609277 0.0000000 717.6952944 25.2299062 0.0000000 726.6576314 17.2501496 0.0000000 729.9796047 20.9811711 0.0000000 714.3733212 21.4988846 0.0000000 736.6235512 28.4432141 0.0000000 739.9455244 32.1742357 0.0000000 720.0136850 9.7881065 0.0000000 746.5894709 39.6362787 0.0000000 749.9114441 43.3673003 0.0000000 737.6271338 47.6160353 0.0000000 744.2710803 55.0780784 0.0000000 740.9491071 51.3470569 0.0000000 747.5930536 58.8090999 0.0000000 753.2334173 47.0983218 0.0000000 750.9150268 62.5401214 0.0000000 756.5553906 50.8293433 0.0000000 754.2370000 66.2711430 0.0000000 763.1993370 58.2913864 0.0000000 766.5213103 62.0224079 0.0000000 757.5589733 70.0021645 0.0000000 769.8432835 65.7534294 0.0000000 760.8809465 73.7331860 0.0000000 773.1652567 69.4844510 0.0000000 767.5248930 81.1952291 0.0000000 764.2029197 77.4642076 0.0000000 779.8092032 76.9464940 0.0000000 774.1688394 88.6572722 0.0000000 770.8468662 84.9262506 0.0000000 789.7751229 88.1395586 0.0000000 780.8127859 96.1193152 0.0000000 777.4908127 92.3882937 0.0000000 801.7406619 173.6763834 0.0000000 799.2525522 177.9943157 0.0000000 791.1449700 168.0293382 0.0000000 762.0248288 237.4608586 0.0000000 759.3737931 241.6950099 0.0000000 751.8539170 231.0927700 0.0000000 756.7227573 245.9291613 0.0000000 746.5518455 239.5610726 0.0000000 743.9008098 243.7952239 0.0000000 754.0717216 250.1633126 0.0000000 738.5987383 252.2635266 0.0000000 741.2497740 248.0293752 0.0000000 748.7696501 258.6316152 0.0000000 746.1186144 262.8657665 0.0000000 735.9477025 256.4976779 0.0000000 733.2966668 260.7318292 0.0000000 743.4675786 267.0999178 0.0000000 730.6456310 264.9659805 0.0000000 740.8212592 271.3265363 0.0000000 727.9984617 269.2218864 0.0000000 730.6362207 264.9810600 0.0000000 738.4807475 275.0894668 0.0000000 727.5044093 270.2081948 0.0000000 725.6871293 274.8615292 0.0000000 735.0819665 283.7923990 0.0000000 723.8040628 279.6914517 0.0000000 723.8698493 279.5148636 0.0000000 733.5217786 288.1902563 0.0000000 721.9993661 284.8307264 0.0000000 722.1358110 284.3939195 0.0000000 731.0420060 297.3415261 0.0000000 718.4171611 299.9300904 0.0000000 719.2649392 295.0221257 0.0000000 730.2747412 301.7833820 0.0000000 718.3639437 300.3103580 0.0000000 729.3101484 311.1164022 0.0000000 729.4142595 315.7466036 0.0000000 717.4172919 316.0163581 0.0000000 717.3049931 311.0220196 0.0000000 717.7884345 331.0366118 0.0000000 717.6429212 326.0449926 0.0000000 729.7735594 330.3514744 0.0000000 717.8453440 331.7043640 0.0000000 718.5468821 336.6504607 0.0000000 733.2341198 354.7496732 0.0000000 722.7561107 366.3270406 0.0000000 721.3530345 356.4348473 0.0000000 735.3387341 369.5879631 0.0000000 724.1591869 376.2192339 0.0000000 723.4576488 371.2731372 0.0000000 736.7418103 379.4801565 0.0000000 725.5622630 386.1114272 0.0000000 724.8607249 381.1653306 0.0000000 740.2495007 404.2106397 0.0000000 728.3684154 405.8958138 0.0000000 727.6668773 400.9497172 0.0000000 741.6525769 414.1028330 0.0000000 729.7714916 415.7880071 0.0000000 729.0699535 410.8419105 0.0000000 743.0556531 423.9950264 0.0000000 731.1745678 425.6802005 0.0000000 730.4730297 420.7341038 0.0000000 745.1559427 438.8028252 0.0000000 733.2791821 440.5184904 0.0000000 732.5776440 435.5723938 0.0000000 745.8917114 443.6331058 0.0000000 734.0403175 445.5174012 0.0000000 733.2881444 440.5794267 0.0000000 734.9464902 450.5889348 0.0000000 734.0658589 445.6715659 0.0000000 746.0197629 475.6766616 0.0000000 744.7956819 480.4796764 0.0000000 734.3938847 472.7036074 0.0000000 732.0538612 482.0675135 0.0000000 733.1460444 477.6009967 0.0000000 712.0396792 516.0100184 0.0000000 703.2106243 506.5794409 0.0000000 707.6656236 504.8355995 0.0000000 661.7896843 525.4678073 0.0000000 656.8471019 526.1936910 0.0000000 660.0460292 513.5951637 0.0000000 651.9045195 526.9195747 0.0000000 650.1608645 515.0469311 0.0000000 646.9619371 527.6454584 0.0000000 642.0691084 528.3640352 0.0000000 645.2182821 515.7728148 0.0000000 640.1763219 516.5141454 0.0000000 640.2756997 516.4986985 0.0000000 625.2213048 519.3880132 0.0000000 630.1136728 518.3776847 0.0000000 627.7123286 531.1267987 0.0000000 625.0934084 519.4158832 0.0000000 623.1542692 532.1722574 0.0000000 619.7483171 520.6630614 0.0000000 620.2286553 520.5316867 0.0000000 613.9355156 522.6300749 0.0000000 614.9885363 522.1798062 0.0000000 619.1800244 533.4386844 0.0000000 609.6236889 524.9836849 0.0000000 615.8345926 535.2647879 0.0000000 608.7515897 525.5638872 0.0000000 587.2781808 556.0892682 0.0000000 589.2352154 551.4929606 0.0000000 598.3698283 560.6709894 0.0000000 591.1922499 546.8966530 0.0000000 591.3764706 546.5040053 0.0000000 602.1480923 551.7973271 0.0000000 600.2760677 556.1939795 0.0000000 582.6831050 571.2235331 0.0000000 585.2466061 561.5667959 0.0000000 596.7679795 564.9354490 0.0000000 594.2813941 574.3024434 0.0000000 581.4013544 576.0519017 0.0000000 574.9926015 600.1937447 0.0000000 576.2743521 595.3653761 0.0000000 587.8726413 598.4442864 0.0000000 564.7385969 638.8206934 0.0000000 566.0203475 633.9923248 0.0000000 576.3368861 641.8996037 0.0000000 575.0551355 646.7279723 0.0000000 563.4568464 643.6490620 0.0000000 560.8933452 653.3057992 0.0000000 562.1750958 648.4774306 0.0000000 573.7733849 651.5563409 0.0000000 558.3298441 662.9625364 0.0000000 569.9281332 666.0414467 0.0000000 568.6463827 670.8698153 0.0000000 557.0480935 667.7909050 0.0000000 567.3677776 675.6863348 0.0000000 566.1470575 680.3617626 0.0000000 555.7601004 672.6429845 0.0000000 554.4982210 677.4760547 0.0000000 554.4294614 677.7693423 0.0000000 564.2326769 689.5607420 0.0000000 552.2778182 688.4298553 0.0000000 552.3938264 687.5509731 0.0000000 563.8739674 697.6145722 0.0000000 554.2197628 705.6481817 0.0000000 552.3001495 701.0361200 0.0000000 551.8419629 698.5585619 0.0000000 564.8833352 700.0396786 0.0000000 555.3718199 707.4354991 0.0000000 567.4492035 702.7901147 0.0000000 558.9303995 711.2426385 0.0000000 558.7586721 711.0659739 0.0000000 570.8771014 706.1746709 0.0000000 566.0546856 718.1516349 0.0000000 562.5637456 714.8286367 0.0000000 543.0787498 786.2578741 0.0000000 539.6899926 789.9283444 0.0000000 530.8731065 781.7881651 0.0000000 536.3012353 793.5988147 0.0000000 532.9124781 797.2692850 0.0000000 524.0955920 789.1291057 0.0000000 507.1518059 807.4814572 0.0000000 510.5405631 803.8109869 0.0000000 515.9686920 815.6216366 0.0000000 512.5799347 819.2921069 0.0000000 503.7630486 811.1519275 0.0000000 500.3742914 814.8223978 0.0000000 509.1911775 822.9625772 0.0000000 505.8024203 826.6330475 0.0000000 502.4136630 830.3035178 0.0000000 493.5967769 822.1633385 0.0000000 490.2080197 825.8338088 0.0000000 499.0249058 833.9739881 0.0000000 485.2729937 848.6226361 0.0000000 481.8171110 852.2299762 0.0000000 473.1518709 843.9285537 0.0000000 478.3612282 855.8373162 0.0000000 474.9004332 859.4497778 0.0000000 471.4405716 863.0527307 0.0000000 463.0749137 854.4393240 0.0000000 462.9685932 869.7895163 0.0000000 459.0418963 872.8777325 0.0000000 455.5503473 860.3571450 0.0000000 455.1151995 875.9659488 0.0000000 447.7761826 866.4712666 0.0000000 413.4979035 904.6297667 0.0000000 407.0501800 894.5091510 0.0000000 411.2633931 891.8249633 0.0000000 372.5619122 907.0100136 0.0000000 376.8767772 906.4542589 0.0000000 373.8093514 918.9484707 0.0000000 363.2501288 919.3163371 0.0000000 362.2334570 919.2626818 0.0000000 363.3742223 907.3061079 0.0000000 323.9649379 901.0270611 0.0000000 323.5387649 900.6380704 0.0000000 331.8416847 891.9694518 0.0000000 343.6024155 746.1617339 0.0000000 342.3216550 750.9903652 0.0000000 332.0034953 743.0852018 0.0000000 333.2842558 738.2565705 0.0000000 344.8831760 741.3331026 0.0000000 346.1639365 736.5044712 0.0000000 334.5650163 733.4279392 0.0000000 347.4446970 731.6758399 0.0000000 348.7254576 726.8472086 0.0000000 335.8457768 728.5993079 0.0000000 337.1265373 723.7706766 0.0000000 338.4072978 718.9420452 0.0000000 339.6880584 714.1134139 0.0000000 351.2869786 717.1899460 0.0000000 340.9688189 709.2847826 0.0000000 352.5677391 712.3613147 0.0000000 355.1292601 702.7040521 0.0000000 353.8484996 707.5326834 0.0000000 342.2495794 704.4561513 0.0000000 356.4100207 697.8754208 0.0000000 344.8111004 694.7988887 0.0000000 346.0918610 689.9702574 0.0000000 347.3710779 685.1474454 0.0000000 357.6907812 693.0467895 0.0000000 358.9746171 688.2065164 0.0000000 358.9715417 688.2181581 0.0000000 348.6400640 680.3241649 0.0000000 349.7291610 676.1724980 0.0000000 360.2467796 683.3711566 0.0000000 361.7090385 677.1595963 0.0000000 361.5143741 678.5390523 0.0000000 361.8264880 672.2329333 0.0000000 360.9228950 664.8507222 0.0000000 361.3411796 666.5615553 0.0000000 349.4746855 668.5562652 0.0000000 359.0484622 660.2526428 0.0000000 346.0730322 660.9125497 0.0000000 356.4233840 654.8309347 0.0000000 356.7509269 655.4263501 0.0000000 353.7715386 650.5972904 0.0000000 341.0975224 653.3573414 0.0000000 350.3993144 645.7693755 0.0000000 350.7865724 646.2705317 0.0000000 347.1403883 641.9831599 0.0000000 331.5276167 642.2390390 0.0000000 337.3636100 630.6245132 0.0000000 340.6225361 634.4107287 0.0000000 325.0097645 634.6666079 0.0000000 330.8457577 623.0520820 0.0000000 334.1046839 626.8382976 0.0000000 312.2486238 618.7589346 0.0000000 318.8897273 607.5852256 0.0000000 321.8733268 611.5919901 0.0000000 303.2978254 606.7386410 0.0000000 310.0666935 595.7365109 0.0000000 312.9225283 599.5716965 0.0000000 277.9575120 562.5141881 0.0000000 275.7443546 558.0355764 0.0000000 286.5024879 552.7193214 0.0000000 242.5469944 490.8564016 0.0000000 240.3338370 486.3777899 0.0000000 253.3051277 485.5401465 0.0000000 237.8130262 454.1898649 0.0000000 240.0261836 458.6684766 0.0000000 227.0548929 459.5061200 0.0000000 235.5998689 449.7112533 0.0000000 228.9603968 436.2754183 0.0000000 233.3867115 445.2326416 0.0000000 222.6285782 450.5488967 0.0000000 218.2022635 441.5916733 0.0000000 215.9891061 437.1130617 0.0000000 211.5627914 428.1558384 0.0000000 222.3209247 422.8395833 0.0000000 215.6814527 409.4037484 0.0000000 220.1077674 418.3609717 0.0000000 209.3496341 423.6772267 0.0000000 144.6419606 294.0990264 0.0000000 153.1288918 284.2538232 0.0000000 155.3684826 288.7192751 0.0000000 204.6156659 387.0106901 0.0000000 206.8288233 391.4893017 0.0000000 196.0706900 396.8055568 0.0000000 162.5586874 329.8226416 0.0000000 171.0456186 319.9774384 0.0000000 173.2852094 324.4428903 0.0000000 167.0378691 338.7535454 0.0000000 177.7643911 333.3737941 0.0000000 180.0039820 337.8392460 0.0000000 182.2435728 342.3046979 0.0000000 184.4831637 346.7701498 0.0000000 171.5170508 347.6844492 0.0000000 178.2358233 361.0808049 0.0000000 173.7566416 352.1499011 0.0000000 200.1682084 378.0441403 0.0000000 202.3946117 382.5161576 0.0000000 191.6483119 387.8562998 0.0000000 200.1602996 378.0283131 0.0000000 189.4298115 383.4001566 0.0000000 187.1941867 378.9426125 0.0000000 197.9207088 373.5628612 0.0000000 182.7150050 370.0117087 0.0000000 193.4415271 364.6319574 0.0000000 180.4754141 365.5462568 0.0000000 188.9623454 355.7010536 0.0000000 175.5248003 328.9083422 0.0000000 158.0795057 320.8917378 0.0000000 166.5664369 311.0465346 0.0000000 168.8060277 315.5119865 0.0000000 209.0419806 395.9679134 0.0000000 211.2551380 400.4465251 0.0000000 198.2838473 401.2841684 0.0000000 169.2774599 343.2189973 0.0000000 213.4682953 404.9251367 0.0000000 202.7101620 410.2413918 0.0000000 233.6943650 472.9419549 0.0000000 231.4812076 468.4633433 0.0000000 242.2393409 463.1470882 0.0000000 244.4524983 467.6256999 0.0000000 141.6955482 252.5556989 0.0000000 143.0254488 257.3486930 0.0000000 131.4646165 260.5654044 0.0000000 174.9406775 171.6439844 0.0000000 172.4044365 175.9478791 0.0000000 164.6022343 165.5516457 0.0000000 167.1384753 161.2477510 0.0000000 169.6747164 156.9438564 0.0000000 177.4769186 167.3400898 0.0000000 172.2109574 152.6399617 0.0000000 182.5494007 158.7323005 0.0000000 187.6218828 150.1245111 0.0000000 177.2834395 144.0321724 0.0000000 190.1581238 145.8206165 0.0000000 179.6309915 140.0484752 0.0000000 192.4670510 140.6058344 0.0000000 190.4945431 145.1593828 0.0000000 181.3274691 136.1321448 0.0000000 194.1582604 135.2801920 0.0000000 192.6911359 140.0014160 0.0000000 186.9171078 118.2700908 0.0000000 199.1664367 114.5718788 0.0000000 198.8606641 119.5581129 0.0000000 198.6918976 120.6495578 0.0000000 187.1628746 114.2623713 0.0000000 198.7574673 108.7508275 0.0000000 199.1582823 113.7224717 0.0000000 198.1806138 103.2577371 0.0000000 198.2340175 103.6494741 0.0000000 186.3172912 105.0745192 0.0000000 185.6353317 101.0642736 0.0000000 195.0282417 92.4449370 0.0000000 196.9650724 97.0497948 0.0000000 197.3494591 98.3701531 0.0000000 182.1545261 93.1418538 0.0000000 189.7198080 82.7762595 0.0000000 192.4495253 86.9601179 0.0000000 192.8808362 87.7430447 0.0000000 179.8142656 89.5549186 0.0000000 189.4117472 82.3467055 0.0000000 177.0335277 86.0176038 0.0000000 186.0556185 78.1025273 0.0000000 186.3341588 78.4317737 0.0000000 170.6989039 79.6845784 0.0000000 167.3496177 77.0614719 0.0000000 178.2710030 70.3726709 0.0000000 174.3380402 67.2924385 0.0000000 169.1174555 64.3992475 0.0000000 173.4674122 66.7249032 0.0000000 163.8457183 75.1881513 0.0000000 168.3194336 64.0446540 0.0000000 154.9020380 71.9985703 0.0000000 150.5674874 70.5077903 0.0000000 158.8297987 60.6595495 0.0000000 154.1057867 59.0348222 0.0000000 146.7139644 69.7147810 0.0000000 148.5343138 57.8379294 0.0000000 153.3637834 58.8317769 0.0000000 147.3249275 57.7147810 0.0000000 138.0782871 69.7885665 0.0000000 131.1254703 59.0787978 0.0000000 135.9928595 57.9542755 0.0000000 137.2405926 57.8011681 0.0000000 129.4835180 71.7742327 0.0000000 120.6807895 62.4961181 0.0000000 125.2395766 60.5368655 0.0000000 125.6266172 73.4318322 0.0000000 120.2729105 62.6899107 0.0000000 121.4034147 75.6368612 0.0000000 115.8349185 65.0070973 0.0000000 115.8445829 65.0020401 0.0000000 117.4816820 77.6935677 0.0000000 110.4748560 67.9355410 0.0000000 111.4115534 67.3268790 0.0000000 110.0868872 83.5455888 0.0000000 102.6401662 74.1356820 0.0000000 106.5575111 71.0356115 0.0000000 102.2521975 89.7457298 0.0000000 90.8881316 83.4358934 0.0000000 94.8054765 80.3358229 0.0000000 94.4175077 95.9458707 0.0000000 83.0534419 89.6360344 0.0000000 86.9707867 86.5359639 0.0000000 86.5828180 102.1460117 0.0000000 75.2187521 95.8361753 0.0000000 79.1360970 92.7361049 0.0000000 78.7481282 108.3461526 0.0000000 67.3840624 102.0363163 0.0000000 71.3014072 98.9362458 0.0000000 66.9960936 117.6463641 0.0000000 59.5493726 108.2364572 0.0000000 63.4667175 105.1363868 0.0000000 59.1614039 123.8465050 0.0000000 51.7146829 114.4365982 0.0000000 55.6320277 111.3365277 0.0000000 51.3267141 130.0466460 0.0000000 43.8799931 120.6367392 0.0000000 47.7973380 117.5366687 0.0000000 43.4920244 136.2467869 0.0000000 32.1279585 129.9369506 0.0000000 36.0453034 126.8368801 0.0000000 35.6573346 142.4469279 0.0000000 24.2932688 136.1370916 0.0000000 28.2106136 133.0370211 0.0000000 27.8226449 148.6470689 0.0000000 16.4585790 142.3372325 0.0000000 20.3759239 139.2371620 0.0000000 12.1532654 161.0473508 0.0000000 4.7065444 151.6374440 0.0000000 8.6238893 148.5373735 0.0000000 0.4012308 170.3475622 0.0000000 -7.0454902 160.9376554 0.0000000 -3.1281453 157.8375849 0.0000000 -3.5161141 173.4476327 0.0000000 -14.8801800 167.1377963 0.0000000 -10.9628351 164.0377259 0.0000000 -23.1028385 188.9479851 0.0000000 -30.5495595 179.5380783 0.0000000 -26.6322146 176.4380078 0.0000000 -34.8548731 198.2481965 0.0000000 -42.3015941 188.8382897 0.0000000 -34.4669043 182.6381487 0.0000000 -38.7722179 201.3482670 0.0000000 -50.0732385 194.9885385 0.0000000 -46.2189389 191.9383602 0.0000000 -66.0875690 206.2426762 0.0000000 -62.0417527 203.4580110 0.0000000 -55.2381544 213.3429010 0.0000000 -72.6844500 224.0891813 0.0000000 -78.5948333 213.6456489 0.0000000 -74.2471901 211.1851559 0.0000000 -77.0320933 226.5496743 0.0000000 -87.2128803 218.5229221 0.0000000 -82.9424766 216.1061419 0.0000000 -100.4874086 237.1946897 0.0000000 -105.1347696 239.0271918 0.0000000 -109.5366475 227.8637036 0.0000000 -134.0524795 248.6084054 0.0000000 -138.8399188 250.0354488 0.0000000 -142.2478245 238.5295106 0.0000000 -146.6955293 239.8216407 0.0000000 -138.8799891 250.0472413 0.0000000 -156.2078782 241.4460930 0.0000000 -151.2835662 240.6051535 0.0000000 -149.2635341 252.4339096 0.0000000 -164.0364701 254.9567281 0.0000000 -166.0565022 243.1279720 0.0000000 -161.1321902 242.2870325 0.0000000 -168.9607821 255.7976676 0.0000000 -175.5433787 244.7480743 0.0000000 -170.9808142 243.9689115 0.0000000 -200.0005657 245.4456892 0.0000000 -190.0123132 245.2029493 0.0000000 -199.7090213 257.4421471 0.0000000 -219.9274055 245.9299620 0.0000000 -214.9829445 245.8097990 0.0000000 -214.6914001 257.8062569 0.0000000 -224.8496444 245.9680518 0.0000000 -224.7800013 257.9678722 0.0000000 -259.6677419 220.3845057 0.0000000 -270.9292231 216.2370254 0.0000000 -245.8816058 256.8226242 0.0000000 -250.7568220 255.8705296 0.0000000 -247.6922771 244.2423188 0.0000000 -243.7103274 245.0199649 0.0000000 -239.1686273 245.7023499 0.0000000 -240.6829101 257.6095230 0.0000000 -245.6230610 256.8672712 0.0000000 -240.1429807 257.6658134 0.0000000 -234.6417018 245.9680518 0.0000000 -234.8176315 257.9680518 0.0000000 -235.1691885 257.9577436 0.0000000 -224.8264298 257.9680518 0.0000000 -204.7031476 257.5635170 0.0000000 -209.6972738 257.6848870 0.0000000 -209.9888182 245.6884291 0.0000000 -184.7266425 257.0780372 0.0000000 -189.7207688 257.1994072 0.0000000 -185.0181869 245.0815793 0.0000000 -174.6134212 256.7176130 0.0000000 -179.5965995 256.9518223 0.0000000 -173.8850941 256.6386071 0.0000000 -119.6901617 244.3272749 0.0000000 -124.4776010 245.7543184 0.0000000 -123.1422975 232.8345208 0.0000000 -129.2650402 247.1813619 0.0000000 -132.6929606 235.6813896 0.0000000 -127.9055213 234.2543461 0.0000000 -109.7821305 240.8596939 0.0000000 -114.4294915 242.6921960 0.0000000 -118.6150412 231.4434073 0.0000000 -114.1840085 229.6962057 0.0000000 -100.2419256 224.1986993 0.0000000 -95.5945647 222.3661972 0.0000000 -91.1926867 233.5296855 0.0000000 -85.9468113 231.4223273 0.0000000 -86.5453257 231.6971834 0.0000000 -91.2540149 220.6546739 0.0000000 -81.5354748 229.0952891 0.0000000 -81.3797366 229.0101672 0.0000000 -63.6823928 218.9822609 0.0000000 -63.9891635 219.1681953 0.0000000 -70.0557124 208.8130428 0.0000000 -59.4930717 216.2686262 0.0000000 -59.3532348 216.1752394 0.0000000 -46.8138370 207.5388097 0.0000000 -47.0079936 207.6782241 0.0000000 -53.9100588 197.8611073 0.0000000 -42.8169677 204.5464147 0.0000000 -42.6895628 204.4483375 0.0000000 -27.0201833 192.0480556 0.0000000 -19.1854936 185.8479146 0.0000000 -18.7975248 170.2378668 0.0000000 -7.4334590 176.5477032 0.0000000 -11.3508038 179.6477736 0.0000000 0.7891995 154.7375144 0.0000000 8.2359205 164.1474213 0.0000000 12.5412341 145.4373030 0.0000000 19.9879551 154.8472098 0.0000000 16.0706103 157.9472803 0.0000000 23.9053000 151.7471393 0.0000000 31.7399898 145.5469984 0.0000000 39.9626483 123.7368096 0.0000000 47.4093693 133.1467165 0.0000000 55.2440590 126.9465755 0.0000000 63.0787487 120.7464345 0.0000000 74.8307834 111.4462231 0.0000000 70.9134385 114.5462936 0.0000000 82.6654731 105.2460821 0.0000000 90.5001629 99.0459412 0.0000000 98.3348526 92.8458002 0.0000000 98.7228213 77.2357525 0.0000000 106.1695424 86.6456593 0.0000000 142.2264446 57.7156631 0.0000000 142.3293266 57.7147810 0.0000000 142.3807714 69.7147810 0.0000000 195.6872525 130.6432571 0.0000000 184.3097927 126.8278840 0.0000000 184.3488663 126.7132874 0.0000000 182.7141432 131.6698109 0.0000000 182.7456598 131.5713893 0.0000000 164.7957134 188.8595630 0.0000000 162.2594723 193.1634577 0.0000000 151.9210291 187.0711190 0.0000000 144.3123059 199.9828029 0.0000000 146.8485470 195.6789083 0.0000000 157.1869902 201.7712470 0.0000000 139.2398239 208.5905922 0.0000000 141.7760649 204.2866976 0.0000000 149.5782671 214.6829310 0.0000000 136.7035828 212.8944869 0.0000000 147.0644293 218.9488083 0.0000000 134.1902676 217.3052719 0.0000000 136.6593380 212.9708470 0.0000000 144.9108217 222.7294420 0.0000000 133.7096470 218.3836870 0.0000000 132.1348720 223.1245848 0.0000000 140.5984260 235.7120119 0.0000000 128.2818851 238.9688371 0.0000000 128.7005484 233.9945597 0.0000000 127.9378990 245.3320607 0.0000000 127.8911852 243.9869966 0.0000000 139.9075519 244.2430137 0.0000000 128.6603446 250.2075521 0.0000000 140.4782271 248.0942683 0.0000000 128.8071428 250.9074702 0.0000000 130.1289691 255.7516984 0.0000000 130.1221427 255.7268896 0.0000000 134.3387689 270.7182828 0.0000000 134.1682468 270.2017755 0.0000000 145.6485668 266.6980106 0.0000000 136.1209191 275.3930129 0.0000000 136.1182067 275.3859118 0.0000000 147.3296716 271.1077031 0.0000000 149.0596610 275.6284091 0.0000000 140.0376132 284.9025349 0.0000000 138.0216419 280.3385101 0.0000000 150.9551338 279.9196335 0.0000000 140.1627789 285.1681226 0.0000000 142.4023697 289.6335745 0.0000000 157.6080735 293.1847270 0.0000000 149.1211423 303.0299302 0.0000000 146.8815514 298.5644783 0.0000000 155.8399148 316.4262859 0.0000000 160.3190965 325.3571897 0.0000000 164.7982782 334.2880935 0.0000000 204.9233194 414.7200034 0.0000000 246.6656556 472.1043116 0.0000000 246.9733091 499.8136249 0.0000000 244.7601517 495.3350132 0.0000000 255.5182850 490.0187582 0.0000000 257.7314424 494.4973698 0.0000000 249.1864664 504.2922365 0.0000000 259.9445997 498.9759815 0.0000000 253.6127811 513.2494598 0.0000000 251.3996238 508.7708482 0.0000000 262.1577571 503.4545931 0.0000000 264.3709144 507.9332048 0.0000000 266.5840718 512.4118165 0.0000000 255.8259385 517.7280715 0.0000000 260.2522532 526.6852948 0.0000000 258.0390958 522.2066832 0.0000000 268.7972291 516.8904281 0.0000000 264.6785679 535.6425181 0.0000000 262.4654105 531.1639065 0.0000000 273.2235438 525.8476514 0.0000000 269.1048826 544.5997414 0.0000000 266.8917252 540.1211298 0.0000000 277.6498585 534.8048747 0.0000000 279.8630159 539.2834864 0.0000000 282.0761732 543.7620981 0.0000000 284.2893306 548.2407097 0.0000000 273.5311973 553.5569648 0.0000000 288.7156453 557.1979330 0.0000000 290.9162126 561.6510670 0.0000000 280.1960903 567.0436347 0.0000000 280.1706693 566.9927997 0.0000000 293.1018926 565.9705646 0.0000000 324.8517831 615.5918478 0.0000000 315.2322233 622.7656991 0.0000000 300.3591315 578.9397509 0.0000000 302.7985900 583.2992314 0.0000000 289.8871648 584.7996069 0.0000000 285.0082478 576.0806459 0.0000000 294.7660817 593.5185679 0.0000000 292.3266233 589.1590874 0.0000000 305.2380485 587.6587119 0.0000000 297.3861866 598.1797714 0.0000000 297.2055402 597.8780484 0.0000000 307.5916067 591.8646827 0.0000000 300.0712404 602.3800553 0.0000000 300.3142259 602.7318765 0.0000000 327.7194946 619.4199941 0.0000000 318.2373266 626.7772928 0.0000000 315.2425294 622.7794981 0.0000000 318.4919123 627.0941767 0.0000000 321.7508384 630.8803923 0.0000000 343.8814622 638.1969443 0.0000000 334.7865428 646.0252546 0.0000000 339.7601339 760.6476278 0.0000000 338.4793734 765.4762591 0.0000000 328.1612137 757.5710957 0.0000000 337.1986129 770.3048904 0.0000000 326.8804532 762.3997270 0.0000000 335.9178524 775.1335217 0.0000000 324.3189322 772.0569897 0.0000000 321.7574111 781.7142523 0.0000000 323.0381716 776.8856210 0.0000000 334.6370919 779.9621530 0.0000000 333.3563313 784.7907843 0.0000000 330.7948103 794.4480470 0.0000000 329.5140498 799.2766783 0.0000000 317.9151296 796.2001462 0.0000000 314.0728480 810.6860401 0.0000000 315.3536085 805.8574088 0.0000000 326.9525288 808.9339409 0.0000000 325.6717682 813.7625722 0.0000000 323.1102472 823.4198348 0.0000000 310.2305665 825.1719341 0.0000000 311.5113270 820.3433027 0.0000000 321.8294867 828.2484661 0.0000000 320.5487262 833.0770974 0.0000000 307.6690454 834.8291967 0.0000000 308.9498059 830.0005654 0.0000000 306.2381726 840.4198283 0.0000000 306.3882849 839.6578280 0.0000000 318.0869716 842.3582278 0.0000000 305.5941527 845.3558224 0.0000000 317.5146232 846.7449064 0.0000000 305.5605073 845.6836414 0.0000000 306.3618141 867.5645688 0.0000000 306.1961871 866.6792633 0.0000000 318.0744006 864.9151794 0.0000000 319.2377783 869.2871472 0.0000000 320.4791133 873.8438903 0.0000000 307.6550565 872.4241630 0.0000000 308.9680947 877.2441172 0.0000000 310.8355176 882.4078025 0.0000000 309.1228657 877.7298563 0.0000000 322.0359867 878.0963423 0.0000000 323.9117233 882.3315546 0.0000000 313.0067350 887.3424090 0.0000000 325.6612915 885.7578217 0.0000000 313.1491220 887.6413421 0.0000000 316.4917493 893.5554380 0.0000000 315.4014300 892.0521497 0.0000000 320.0152571 897.0967542 0.0000000 335.3322028 894.8603744 0.0000000 339.2157012 897.7389301 0.0000000 332.0699412 907.3793717 0.0000000 336.0832577 910.3541521 0.0000000 342.8342639 900.4211081 0.0000000 346.8344800 902.4754604 0.0000000 341.3581666 913.1530085 0.0000000 341.3696495 913.1588901 0.0000000 351.2633403 917.3740712 0.0000000 346.5890601 915.7595551 0.0000000 354.7705879 905.8898292 0.0000000 352.1004501 917.5970477 0.0000000 357.0079666 918.5310225 0.0000000 357.3063149 918.5800480 0.0000000 379.3875618 918.1933149 0.0000000 378.7378761 918.3136765 0.0000000 381.4097122 905.3532629 0.0000000 384.2420209 917.0142246 0.0000000 385.9195558 904.2578756 0.0000000 390.1347367 902.6888188 0.0000000 394.4432005 913.8894502 0.0000000 394.6855331 913.7931989 0.0000000 394.6162396 900.7950749 0.0000000 399.1059379 898.8978679 0.0000000 399.2871563 911.8486959 0.0000000 408.6181303 907.6813726 0.0000000 404.1106226 909.8051084 0.0000000 403.1585716 896.9884483 0.0000000 409.2846905 907.3139545 0.0000000 426.3077298 896.4646660 0.0000000 426.1375426 896.5772035 0.0000000 419.6037687 886.5114095 0.0000000 430.4270759 893.6388958 0.0000000 438.6643797 887.9591812 0.0000000 434.5516657 890.7949547 0.0000000 431.7993121 878.1166701 0.0000000 442.8204360 884.9611034 0.0000000 438.7700126 887.8846541 0.0000000 435.7839786 875.2405819 0.0000000 442.8470668 884.9417703 0.0000000 443.8346035 869.3623025 0.0000000 450.9266269 879.0423462 0.0000000 450.9161988 879.0499776 0.0000000 469.6959882 847.5358938 0.0000000 474.9053455 859.4446563 0.0000000 466.2425600 851.1406717 0.0000000 488.7288765 845.0152961 0.0000000 480.0561137 836.7217260 0.0000000 486.8192625 829.5042791 0.0000000 496.9855342 818.4928681 0.0000000 522.7462064 808.2806959 0.0000000 519.3574492 811.9511662 0.0000000 529.5237209 800.9397553 0.0000000 520.7068348 792.7995760 0.0000000 527.4843492 785.4586354 0.0000000 546.4675070 782.5874038 0.0000000 534.2618637 778.1176948 0.0000000 537.6506209 774.4472245 0.0000000 541.0393781 770.7767542 0.0000000 544.4281354 767.1062838 0.0000000 547.8168926 763.4358135 0.0000000 553.2450215 775.2464632 0.0000000 551.2056498 759.7653432 0.0000000 560.0225359 767.9055226 0.0000000 563.4112932 764.2350523 0.0000000 554.5944071 756.0948729 0.0000000 557.9831643 752.4244026 0.0000000 566.8000504 760.5645819 0.0000000 561.3719215 748.7539323 0.0000000 570.1888076 756.8941116 0.0000000 573.5775648 753.2236413 0.0000000 564.7267274 745.1202357 0.0000000 567.3903863 742.1367853 0.0000000 580.0036634 743.3238643 0.0000000 577.9654332 747.8847464 0.0000000 576.9632826 749.4326973 0.0000000 570.6842684 734.5245506 0.0000000 583.3026589 732.5308829 0.0000000 582.3425632 737.4333562 0.0000000 581.9869629 738.6020601 0.0000000 569.0198489 738.4905892 0.0000000 571.4854526 726.9193576 0.0000000 583.3942404 725.3257878 0.0000000 583.4935332 726.5135365 0.0000000 570.9510836 724.0302332 0.0000000 581.5005642 718.1594189 0.0000000 582.5097994 720.5439615 0.0000000 569.0576521 721.3660314 0.0000000 578.1003109 713.4672156 0.0000000 578.6066236 714.0874249 0.0000000 574.4557666 709.5811742 0.0000000 580.1821378 627.4144979 0.0000000 578.9003872 632.2428665 0.0000000 567.3020981 629.1639562 0.0000000 568.5838487 624.3355876 0.0000000 571.1473498 614.6788504 0.0000000 584.0273895 612.9293921 0.0000000 582.7456390 617.7577607 0.0000000 572.4291004 609.8504818 0.0000000 573.7108510 605.0221132 0.0000000 586.5908907 603.2726549 0.0000000 578.8378533 585.7086389 0.0000000 590.4361424 588.7875492 0.0000000 592.9996436 579.1308120 0.0000000 591.7178930 583.9591806 0.0000000 594.2259552 541.1750163 0.0000000 597.2718283 537.2153845 0.0000000 604.0691614 548.0603120 0.0000000 664.9886116 512.8692799 0.0000000 669.9311940 512.1433962 0.0000000 671.6748491 524.0160399 0.0000000 679.8163588 510.6916288 0.0000000 684.7589412 509.9657451 0.0000000 681.5600138 522.5642725 0.0000000 689.7015236 509.2398614 0.0000000 691.4451786 521.1125050 0.0000000 696.3877610 520.3866213 0.0000000 694.6441060 508.5139777 0.0000000 701.3303434 519.6607376 0.0000000 699.1202580 507.8565954 0.0000000 706.9890059 517.9710408 0.0000000 707.3877678 517.8309380 0.0000000 711.7897085 503.2212894 0.0000000 717.6992137 513.6806888 0.0000000 716.6915906 514.1890987 0.0000000 726.5301731 507.8446484 0.0000000 726.2335685 508.0624971 0.0000000 719.2783260 498.2819812 0.0000000 730.4617586 504.7670118 0.0000000 735.6747670 500.1621500 0.0000000 734.4231107 501.5537623 0.0000000 726.1261991 492.8325869 0.0000000 738.3869474 495.9850915 0.0000000 741.5828141 490.6573949 0.0000000 741.0881094 491.6451575 0.0000000 730.6058185 485.7775099 0.0000000 743.3770732 486.0603655 0.0000000 743.6160129 485.3039694 0.0000000 735.5365770 468.2802834 0.0000000 747.9405980 465.0425415 0.0000000 747.4250381 469.9726227 0.0000000 735.9731388 464.1056285 0.0000000 747.9731388 464.4184984 0.0000000 735.9731388 459.5675449 0.0000000 747.9661685 459.1337710 0.0000000 747.9731388 459.4228976 0.0000000 735.7588053 455.1248323 0.0000000 747.6391993 453.3909274 0.0000000 747.7261902 454.1594889 0.0000000 746.7585681 448.4735586 0.0000000 744.4587293 433.8872197 0.0000000 742.3541150 419.0489297 0.0000000 740.9510388 409.1567364 0.0000000 738.1448865 389.3723498 0.0000000 739.5479626 399.2645431 0.0000000 737.4433484 384.4262531 0.0000000 736.0402722 374.5340598 0.0000000 734.6371960 364.6418665 0.0000000 719.9499583 346.5426540 0.0000000 730.4279674 334.9652866 0.0000000 731.8310436 344.8574799 0.0000000 765.1090957 209.9220135 0.0000000 767.7601315 205.6878622 0.0000000 775.2800075 216.2901021 0.0000000 773.0622029 197.2195595 0.0000000 783.2331148 203.5876482 0.0000000 785.8841505 199.3534968 0.0000000 775.7132387 192.9854082 0.0000000 778.3642744 188.7512569 0.0000000 781.0153102 184.5171056 0.0000000 788.5351863 195.1193455 0.0000000 783.6663459 180.2829543 0.0000000 791.1862220 190.8851942 0.0000000 799.1393292 178.1827403 0.0000000 788.9100798 171.9078267 0.0000000 792.8954768 163.7772124 0.0000000 794.7972085 159.1577488 0.0000000 805.8936842 163.7259240 0.0000000 802.0902209 172.9648513 0.0000000 803.9919526 168.3453877 0.0000000 796.4133874 155.2319164 0.0000000 808.8916151 152.7338353 0.0000000 808.1869684 157.6702465 0.0000000 797.6083410 146.3674551 0.0000000 809.5367498 147.6913471 0.0000000 808.9034103 152.6466381 0.0000000 809.5740814 147.2951859 0.0000000 810.0861920 136.3645868 0.0000000 810.1092549 137.2289648 0.0000000 798.1019520 137.1168414 0.0000000 809.5945098 131.4039889 0.0000000 807.9238643 120.8860978 0.0000000 807.9508943 121.0205066 0.0000000 796.1729127 123.3191687 0.0000000 806.8830639 116.0001218 0.0000000 795.2259568 118.8737407 0.0000000 805.0359714 110.5818327 0.0000000 806.6772305 115.2662260 0.0000000 793.8111462 114.8356643 0.0000000 804.8073266 110.0215391 0.0000000 791.9486695 110.8578981 0.0000000 802.4076447 104.9672190 0.0000000 802.6889839 105.4973096 0.0000000 789.7324853 107.1436292 0.0000000 799.4803034 100.1367245 0.0000000 799.8625003 100.7016211 0.0000000 786.9256782 103.4644601 0.0000000 796.4180010 96.1230360 0.0000000 796.4502742 96.1649553 0.0000000 784.0011509 99.7002768 0.0000000 793.0970962 91.8705801 0.0000000 793.3539745 92.1793021 0.0000000 783.1311764 80.6775156 0.0000000 786.4531497 84.4085371 0.0000000 776.4872300 73.2154725 0.0000000 674.5079184 -23.3358354 0.0000000 677.0377178 -38.7740328 0.0000000 680.3008697 -34.9914585 0.0000000 654.8989381 -46.0658690 0.0000000 651.6357863 -49.8484433 0.0000000 648.3726345 -53.6310176 0.0000000 657.4588070 -61.4694784 0.0000000 635.3200273 -68.7613147 0.0000000 632.0568754 -72.5438889 0.0000000 641.1430480 -80.3823498 0.0000000 628.0904408 -95.5126469 0.0000000 631.3535926 -91.7300726 0.0000000 622.2674200 -83.8916117 0.0000000 619.0042682 -87.6741860 0.0000000 624.8272890 -99.2952211 0.0000000 615.7411164 -91.4567603 0.0000000 605.9516610 -102.8044831 0.0000000 602.6885092 -106.5870574 0.0000000 611.7746817 -114.4255182 0.0000000 599.4253574 -110.3696316 0.0000000 596.1622056 -114.1522059 0.0000000 608.5115299 -118.2080925 0.0000000 605.2483781 -121.9906668 0.0000000 598.7220745 -129.5558153 0.0000000 601.9852263 -125.7732410 0.0000000 592.8990538 -117.9347802 0.0000000 595.4589227 -133.3383896 0.0000000 586.3727502 -125.4999287 0.0000000 592.1957709 -137.1209639 0.0000000 585.5277386 -144.7083285 0.0000000 588.8598398 -140.9863517 0.0000000 579.8824558 -133.0233362 0.0000000 559.9260419 -155.3133055 0.0000000 556.5937940 -159.0351534 0.0000000 565.5340950 -167.0395909 0.0000000 568.8663429 -163.3177429 0.0000000 578.8630865 -152.1521991 0.0000000 569.9227855 -144.1477617 0.0000000 582.1953343 -148.4303512 0.0000000 576.5872030 -136.7041532 0.0000000 550.0154512 -166.3826236 0.0000000 547.2070754 -169.2599613 0.0000000 558.6932325 -174.6719416 0.0000000 553.9481830 -179.2210973 0.0000000 555.2242953 -178.2260613 0.0000000 536.9860982 -173.2575234 0.0000000 531.7417819 -184.8610643 0.0000000 536.6790112 -185.2736945 0.0000000 540.4212350 -172.7482798 0.0000000 543.0001738 -184.4971075 0.0000000 544.5750903 -184.0368299 0.0000000 538.0585779 -185.2296768 0.0000000 529.8824194 -171.9847705 0.0000000 520.1566092 -180.1816102 0.0000000 524.4602779 -182.7182347 0.0000000 525.8812772 -183.3248645 0.0000000 526.7160675 -170.1184917 0.0000000 519.2809020 -179.5530643 0.0000000 523.4600473 -167.3057007 0.0000000 515.3021978 -176.1073515 0.0000000 515.5095226 -176.2950679 0.0000000 520.1344109 -164.1504655 0.0000000 511.3111744 -172.2881412 0.0000000 511.6814217 -172.6720992 0.0000000 508.0068093 -168.5415162 0.0000000 498.0937138 -157.3016412 0.0000000 503.7891670 -145.6175563 0.0000000 491.4849836 -149.8083912 0.0000000 494.7893487 -153.5550162 0.0000000 488.1806184 -146.0617662 0.0000000 490.5717064 -130.6310563 0.0000000 478.2675230 -134.8218913 0.0000000 481.5718881 -138.5685163 0.0000000 480.6586110 -119.3911813 0.0000000 468.3544276 -123.5820163 0.0000000 471.6587927 -127.3286413 0.0000000 451.8326019 -104.8488913 0.0000000 423.2865427 -62.6365091 0.0000000 415.7028562 -71.9363854 0.0000000 419.4150035 -59.4794199 0.0000000 411.8313170 -68.7792962 0.0000000 415.5434643 -56.3223306 0.0000000 407.9597779 -65.6222070 0.0000000 403.9288469 -46.8510630 0.0000000 396.3451604 -56.1509393 0.0000000 338.8439175 -49.9638311 0.0000000 341.7375079 -46.7466182 0.0000000 329.7640703 -42.1145010 0.0000000 420.8817947 -165.9165040 0.0000000 409.2089789 -156.5170559 0.0000000 401.6827987 -165.8635318 0.0000000 413.3556145 -175.2629798 0.0000000 417.2465530 -178.3961292 0.0000000 421.1374916 -181.5292785 0.0000000 425.0284302 -184.6624279 0.0000000 428.6636718 -172.1828026 0.0000000 436.6817397 -178.6495602 0.0000000 436.4455490 -178.4491013 0.0000000 428.7986850 -187.6983975 0.0000000 432.3803292 -190.9008810 0.0000000 440.4046679 -181.9783710 0.0000000 447.8267756 -188.7697692 0.0000000 440.4559545 -182.0247630 0.0000000 439.7256406 -197.6225434 0.0000000 443.4110511 -200.9950465 0.0000000 456.1934559 -196.6956151 0.0000000 455.1975967 -195.5147753 0.0000000 446.5218923 -203.8417637 0.0000000 458.8825568 -200.8768361 0.0000000 450.9429240 -211.0178800 0.0000000 462.0005842 -206.3262069 0.0000000 461.5434390 -205.3687449 0.0000000 463.7381783 -210.9860378 0.0000000 452.4414989 -215.0367162 0.0000000 465.3437370 -216.0353816 0.0000000 463.8368258 -211.2724784 0.0000000 455.1078069 -223.8396880 0.0000000 466.9604371 -221.9049747 0.0000000 466.7699778 -220.9723325 0.0000000 467.5685742 -226.8634218 0.0000000 456.6073824 -237.4629935 0.0000000 468.1078117 -243.0782325 0.0000000 468.6025535 -238.1071906 0.0000000 468.6115908 -237.0179091 0.0000000 466.4236938 -253.5919532 0.0000000 467.4993084 -248.7583551 0.0000000 466.1706490 -254.4330894 0.0000000 451.4810359 -259.2437584 0.0000000 462.4035384 -264.2197520 0.0000000 462.5997439 -263.7643674 0.0000000 457.6245900 -273.9824571 0.0000000 458.0572896 -273.2317097 0.0000000 447.4441370 -267.6147987 0.0000000 454.8505569 -278.0799527 0.0000000 445.1350797 -271.0254834 0.0000000 454.3666856 -278.7022982 0.0000000 451.0479166 -282.4361702 0.0000000 438.1040563 -292.6480616 0.0000000 442.3030203 -289.9416378 0.0000000 435.7966083 -279.8586500 0.0000000 433.9050924 -295.3544854 0.0000000 427.7341592 -285.0552662 0.0000000 428.7198310 -297.8634763 0.0000000 433.2197524 -295.7352756 0.0000000 423.7371985 -286.9455958 0.0000000 428.4205935 -297.9951457 0.0000000 418.2457312 -302.0607225 0.0000000 419.1693179 -301.7684745 0.0000000 415.0872945 -290.4736425 0.0000000 413.4123118 -303.1702492 0.0000000 410.9920197 -291.4137258 0.0000000 407.9288913 -303.9411100 0.0000000 412.8788772 -303.2675617 0.0000000 401.7557626 -292.6705102 0.0000000 402.1856756 -304.6694237 0.0000000 402.9789054 -304.6146582 0.0000000 386.5425683 -303.3588997 0.0000000 396.4521452 -304.6334181 0.0000000 397.5939532 -292.6814280 0.0000000 381.3707636 -302.4551279 0.0000000 386.2678629 -303.3170812 0.0000000 380.2147761 -302.1296231 0.0000000 370.9168660 -298.4727145 0.0000000 365.0752835 -295.9759386 0.0000000 366.2487368 -296.6046328 0.0000000 356.8462348 -290.3096464 0.0000000 352.5039651 -287.3116849 0.0000000 348.4290116 -284.2130350 0.0000000 336.6903736 -274.8959202 0.0000000 324.9517357 -265.5788053 0.0000000 309.3002184 -253.1559856 0.0000000 293.6487010 -240.7331658 0.0000000 281.9100631 -231.4160510 0.0000000 285.8229424 -234.5217559 0.0000000 274.0843044 -225.2046411 0.0000000 258.4327871 -212.7818213 0.0000000 262.3456664 -215.8875262 0.0000000 242.7812698 -200.3590015 0.0000000 234.9555111 -194.1475916 0.0000000 223.2168732 -184.8304768 0.0000000 211.4782352 -175.5133620 0.0000000 215.3911145 -178.6190669 0.0000000 203.6524765 -169.3019521 0.0000000 203.2869735 -153.6913621 0.0000000 191.9138385 -159.9848372 0.0000000 195.8267179 -163.0905422 0.0000000 184.0880799 -153.7734274 0.0000000 176.2623212 -147.5620175 0.0000000 156.6979246 -132.0334927 0.0000000 141.0464073 -119.6106730 0.0000000 136.7680249 -100.8943781 0.0000000 129.3077693 -110.2935581 0.0000000 133.2206486 -113.3992631 0.0000000 121.4820107 -104.0821482 0.0000000 105.8304933 -91.6593285 0.0000000 109.7433727 -94.7650334 0.0000000 101.9176140 -88.5536235 0.0000000 97.6392317 -69.8373286 0.0000000 90.1789760 -79.2365087 0.0000000 -81.7768572 57.7144415 0.0000000 58.8759414 -54.3908691 0.0000000 43.2244241 -41.9680494 0.0000000 39.3115448 -38.8623444 0.0000000 23.6600275 -26.4395246 0.0000000 27.5729068 -29.5452296 0.0000000 4.0956308 -10.9109999 0.0000000 -3.7301278 -4.6995900 0.0000000 0.1827515 -7.8052950 0.0000000 -50.8733608 48.3661309 0.0000000 -58.3679952 38.9943405 0.0000000 86.2660967 -76.1308038 0.0000000 -121.0999468 104.5264338 0.0000000 -128.5945812 95.1546435 0.0000000 -163.7078743 123.2347950 0.0000000 -175.7206249 148.2066695 0.0000000 -183.2152593 138.8348791 0.0000000 -218.8884361 182.3156838 0.0000000 -222.8241813 185.3923603 0.0000000 -230.2147072 175.9382539 0.0000000 -245.9576877 188.2449598 0.0000000 -253.8291780 194.3983127 0.0000000 -260.8000870 227.5273236 0.0000000 -272.7678406 228.4244106 0.0000000 -258.9709154 234.7198457 0.0000000 -198.8211673 151.3149465 0.0000000 -183.5235789 154.4467032 0.0000000 -136.7058548 117.0065012 0.0000000 -101.5925618 88.9263497 0.0000000 -62.2694722 42.1143573 0.0000000 -54.7748378 51.4861477 0.0000000 -46.9718838 45.2461140 0.0000000 -27.4644988 29.6460299 0.0000000 35.0331624 -20.1460495 0.0000000 46.7718004 -29.4631644 0.0000000 66.3361970 -44.9916891 0.0000000 101.5521110 -72.9430336 0.0000000 113.2907490 -82.2601484 0.0000000 160.6108039 -135.1391977 0.0000000 168.0710596 -125.7400176 0.0000000 199.3740942 -150.5856572 0.0000000 265.8930427 -203.3826412 0.0000000 289.3703187 -222.0168709 0.0000000 313.2130977 -256.2616905 0.0000000 320.6733533 -246.8625104 0.0000000 351.9763879 -271.7081500 0.0000000 358.6267774 -115.7861144 0.0000000 343.0630231 -103.2535170 0.0000000 327.3686694 -104.5413184 0.0000000 336.9321069 -97.2898993 0.0000000 332.4405414 -89.9465016 0.0000000 317.1028606 -73.3620416 0.0000000 317.2105245 -78.3316828 0.0000000 323.3611249 -51.5550251 0.0000000 333.8914814 -57.3108769 0.0000000 348.3912960 -42.6134721 0.0000000 347.8679707 -29.6257026 0.0000000 359.5172333 -27.4218020 0.0000000 382.0513075 -32.4103330 0.0000000 438.3733062 -90.8065329 0.0000000 446.7165405 -82.1811093 0.0000000 455.1369670 -108.5955163 0.0000000 464.1367853 -100.6580564 0.0000000 743.2674976 35.9052572 0.0000000 734.3051606 43.8850138 0.0000000 730.9831874 40.1539923 0.0000000 677.8316156 -19.5423522 0.0000000 686.8099490 -27.5041427 0.0000000 759.8773638 54.5603648 0.0000000 749.2028813 235.3269213 0.0000000 751.4206858 254.3974639 0.0000000 720.6927988 289.6524387 0.0000000 719.3862315 294.4741510 0.0000000 717.3327252 310.2954288 0.0000000 729.6384079 325.7153000 0.0000000 717.6418895 326.0050350 0.0000000 720.6514964 351.4887506 0.0000000 733.1601776 477.5443926 0.0000000 655.1034469 514.3210474 0.0000000 635.0060408 517.3673563 0.0000000 635.2482972 517.3224928 0.0000000 637.3122967 529.1442984 0.0000000 632.5405964 530.1297076 0.0000000 604.8497793 528.6834871 0.0000000 612.6983042 537.7723328 0.0000000 604.1867734 529.3011875 0.0000000 587.1817918 556.3299467 0.0000000 585.4289355 560.9964200 0.0000000 572.4916344 656.3847095 0.0000000 555.7663429 672.6192736 0.0000000 551.9845845 693.5852523 0.0000000 562.4849993 714.7522947 0.0000000 517.3180775 796.4700463 0.0000000 526.1349636 804.6102256 0.0000000 470.8219868 863.6130837 0.0000000 466.8952900 866.7013000 0.0000000 361.8025491 671.5358056 0.0000000 358.9047800 659.9280054 0.0000000 353.6214093 650.3693081 0.0000000 226.7472394 431.7968066 0.0000000 153.6003240 311.9608340 0.0000000 164.3268460 306.5810827 0.0000000 193.8575326 392.3269451 0.0000000 191.2019362 360.1665055 0.0000000 202.4025086 382.5320784 0.0000000 180.0131596 163.0361951 0.0000000 197.4878034 125.4537208 0.0000000 194.9539086 92.2755622 0.0000000 178.6066871 70.6559977 0.0000000 158.8796849 60.6769528 0.0000000 126.2580811 60.2033202 0.0000000 -15.2681487 182.7478441 0.0000000 -22.7148697 173.3379373 0.0000000 -137.4803998 237.1084331 0.0000000 -159.1121581 254.1157886 0.0000000 -252.2223241 255.3816813 0.0000000 -204.9946920 245.5670591 0.0000000 -180.0920464 244.9618616 0.0000000 -114.8681010 242.8457980 0.0000000 -104.8892866 226.0312014 0.0000000 -57.9266722 200.6256725 0.0000000 -51.1230740 210.5105626 0.0000000 4.3185757 167.2474917 0.0000000 39.5746795 139.3468574 0.0000000 154.6507492 206.0751416 0.0000000 128.9853219 232.6063803 0.0000000 128.2788377 239.0064592 0.0000000 137.9063716 280.0586519 0.0000000 159.8476643 297.6501789 0.0000000 151.3607331 307.4953821 0.0000000 224.8417355 455.0275083 0.0000000 238.1206797 481.8991783 0.0000000 235.9075223 477.4205666 0.0000000 248.8788130 476.5829232 0.0000000 271.0103865 521.3690398 0.0000000 275.4367012 530.3262631 0.0000000 271.3180399 549.0783531 0.0000000 282.4511270 571.5001998 0.0000000 325.5996927 767.2283583 0.0000000 319.1958901 791.3715149 0.0000000 305.1871305 850.6652694 0.0000000 317.1655983 851.4016296 0.0000000 305.1716919 850.9867501 0.0000000 307.6458671 872.3900341 0.0000000 350.9036081 904.5541580 0.0000000 359.1029237 906.7143384 0.0000000 389.0964801 915.8351343 0.0000000 423.6330351 883.7474317 0.0000000 430.4389518 893.6307282 0.0000000 476.6077536 840.3212137 0.0000000 483.4606679 833.1420792 0.0000000 488.7438933 844.9995642 0.0000000 492.1865851 841.3798184 0.0000000 495.6361486 837.6444584 0.0000000 513.9293203 800.1405166 0.0000000 556.6337787 771.5759929 0.0000000 573.6448492 753.1495326 0.0000000 580.0583335 743.1976676 0.0000000 571.4238645 730.7480000 0.0000000 583.4137343 731.4742579 0.0000000 574.7033329 709.8310664 0.0000000 585.3091401 608.1010235 0.0000000 686.5025962 521.8383887 0.0000000 702.2467818 519.4517280 0.0000000 728.2907598 489.4989233 0.0000000 738.4493246 495.8869546 0.0000000 747.2668541 470.8493531 0.0000000 732.5325817 349.8035765 0.0000000 777.9310433 212.0559508 0.0000000 793.8372577 186.6510429 0.0000000 807.7954159 159.1064604 0.0000000 797.0058170 151.0816430 0.0000000 808.8791645 125.9257031 0.0000000 797.0557538 127.9843075 0.0000000 808.9343628 126.2727179 0.0000000 644.4061998 -76.5997755 0.0000000 647.6693516 -72.8172012 0.0000000 621.5641372 -103.0777954 0.0000000 589.6359020 -121.7173545 0.0000000 588.9326191 -140.9035381 0.0000000 573.2550333 -140.4259138 0.0000000 558.8695993 -174.4832867 0.0000000 549.6303939 -181.7336110 0.0000000 530.6158607 -184.6574897 0.0000000 424.7727332 -169.0496533 0.0000000 451.5121861 -192.1422722 0.0000000 459.0008542 -201.0685949 0.0000000 465.3881371 -216.1822181 0.0000000 468.2008758 -232.0572074 0.0000000 467.6130699 -248.0492745 0.0000000 455.7076880 -246.5028981 0.0000000 460.2328213 -268.7347007 0.0000000 431.6029193 -282.5616739 0.0000000 388.2111742 -291.4746636 0.0000000 352.7317104 -287.4765003 0.0000000 317.1259770 -259.3673955 0.0000000 207.5653559 -172.4076570 0.0000000 164.5236833 -138.2449026 0.0000000 31.4857861 -32.6509345 0.0000000 -23.2547022 10.9141890 0.0000000 70.6145794 -63.7079840 0.0000000 78.0748350 -54.3088039 0.0000000 218.9384908 -166.1141819 0.0000000 344.5161323 -281.1073301 0.0000000 350.8449003 -109.5198157 0.0000000 317.5086762 -67.7844377 0.0000000 723.3356582 13.5191280 0.0000000 717.8251390 305.3266726 0.0000000 726.2638011 391.0575239 0.0000000 563.9771914 694.0150828 0.0000000 343.5303399 699.6275200 0.0000000 348.0033547 664.9470157 0.0000000 338.0454690 649.8114702 0.0000000 162.0872552 302.1156308 0.0000000 185.9158004 122.2651633 0.0000000 184.0027120 97.1826845 0.0000000 182.2908917 74.0040340 0.0000000 174.0092546 82.6928733 0.0000000 163.5890982 62.3431769 0.0000000 -219.6855264 257.9276269 0.0000000 -256.7182867 253.2039879 0.0000000 -219.7848701 257.9292183 0.0000000 -179.7325162 256.9566673 0.0000000 -119.6417924 244.3126349 0.0000000 -95.8400477 235.3621876 0.0000000 -68.3368067 221.6286883 0.0000000 152.1145082 210.3790363 0.0000000 140.2411892 239.9564603 0.0000000 143.5230462 226.9073730 0.0000000 295.4802146 570.2207899 0.0000000 309.2650243 614.7521701 0.0000000 328.2686906 638.4528234 0.0000000 319.2679656 837.9057287 0.0000000 310.9837570 882.7747413 0.0000000 336.9151119 910.8712319 0.0000000 345.8183837 915.4315079 0.0000000 389.7734515 915.6277153 0.0000000 403.8887795 909.9041929 0.0000000 427.7398160 880.9157491 0.0000000 492.2473914 841.3149287 0.0000000 549.8562642 778.9169335 0.0000000 674.8737764 511.4175125 0.0000000 730.5439604 504.7014950 0.0000000 772.6289718 220.5242534 0.0000000 667.9515453 -30.9355719 0.0000000 638.5831791 -64.9787404 0.0000000 583.1095984 -129.2825030 0.0000000 533.3139109 -172.9506194 0.0000000 432.5546104 -175.3159520 0.0000000 448.7287541 -207.2731621 0.0000000 456.1668049 -241.8898066 0.0000000 449.4273232 -263.5153843 0.0000000 423.7949557 -299.8818101 0.0000000 254.5199078 -209.6761163 0.0000000 215.0256115 -163.0084769 0.0000000 66.7017001 -60.6022790 0.0000000 51.0501828 -48.1794593 0.0000000 11.9213895 -17.1224098 0.0000000 -242.0219426 185.1682833 0.0000000 -171.8191479 145.0866527 0.0000000 427.3174737 -81.4076530 0.0000000 434.9011602 -72.1077767 0.0000000 736.8649665 279.2268420 0.0000000 350.0062181 722.0185773 0.0000000 343.6743156 657.0830229 0.0000000 198.7453574 108.6188362 0.0000000 186.8016019 109.7812038 0.0000000 159.5717287 73.6507402 0.0000000 133.8267005 70.7708188 0.0000000 132.8187507 265.3919015 0.0000000 200.4970047 405.7627801 0.0000000 282.5687894 571.7211654 0.0000000 417.7111165 901.9455790 0.0000000 593.6454922 542.0901256 0.0000000 723.0235634 495.3502175 0.0000000 641.8463309 -61.1961661 0.0000000 549.0674963 -182.0225608 0.0000000 400.2166995 -59.3080285 0.0000000 442.3135630 -289.9348269 0.0000000 397.2332695 -304.6824154 0.0000000 -42.7620872 26.5142731 0.0000000 -234.6314167 194.6223897 0.0000000 -265.9613113 206.2693741 0.0000000 7.6430071 1.5938851 0.0000000 431.0296210 -68.9506875 0.0000000 580.1196038 580.8802703 0.0000000 162.0659933 169.8555403 0.0000000 676.6174314 523.2901562 0.0000000 809.5743300 131.2271574 0.0000000 650.9325034 -69.0346270 0.0000000 74.5274587 -66.8136889 0.0000000 -255.7642943 212.5985088 0.0000000 378.0814703 -131.4518611 0.0000000 767.3269003 228.9925560 0.0000000 577.6186367 637.0712351 0.0000000 159.5297522 174.1594350 0.0000000 -257.4017531 252.8157283 0.0000000 154.4572701 182.7672243 0.0000000 762.4580600 214.1561648 0.0000000 397.7918602 -162.7303825 0.0000000 -265.7530382 205.9455323 0.0000000 370.5552901 -140.7983370 0.0000000 757.1559885 222.6244674 0.0000000 229.2680502 463.9847316 0.0000000 -251.1327431 242.5758725 0.0000000 167.3319544 184.5556684 0.0000000 341.0408945 755.8189965 0.0000000 759.8070242 218.3903161 0.0000000 405.3180404 -153.3839066 0.0000000 330.7227347 747.9138331 0.0000000 156.9935112 178.4633296 0.0000000 251.0919703 481.0615349 0.0000000 329.4419742 752.7424644 0.0000000 769.9779360 224.7584047 0.0000000 114.0042321 80.4455183 0.0000000 363.6517732 -280.4260920 0.0000000 -154.1878461 253.2748491 0.0000000 -144.3392221 251.5929701 0.0000000 -143.6753483 251.4403707 0.0000000 406.3109520 -292.0506822 0.0000000 419.2629737 -288.7705033 0.0000000 442.0787325 -274.4641105 0.0000000 460.2391500 -268.7215781 0.0000000 456.2515564 -233.1652521 0.0000000 468.1767112 -231.8218688 0.0000000 163.6187063 62.3537398 0.0000000 455.6578218 -228.3242361 0.0000000 453.8795647 -219.5820189 0.0000000 182.6941239 74.4070730 0.0000000 393.9009216 -159.5972331 0.0000000 197.3269555 125.9885611 0.0000000 317.9837287 -84.5773058 0.0000000 169.8681955 180.2517737 0.0000000 317.8582224 -83.8871434 0.0000000 329.4629253 -42.4770030 0.0000000 131.4692546 260.5820275 0.0000000 333.1047381 -38.4002088 0.0000000 144.3726138 262.1502589 0.0000000 370.9145644 -28.5565664 0.0000000 371.7436116 -28.7375246 0.0000000 431.1890128 -84.5647423 0.0000000 349.8215703 672.2962004 0.0000000 500.4848019 -141.8709313 0.0000000 317.0719914 855.8241940 0.0000000 305.0663513 855.9636857 0.0000000 305.1011531 856.7482507 0.0000000 305.6486701 861.7137570 0.0000000 317.5763796 860.3985590 0.0000000 543.8688714 -171.2024561 0.0000000 328.5219005 888.6328888 0.0000000 615.0378336 -110.6429440 0.0000000 612.4779646 -95.2393346 0.0000000 327.8023560 904.2052938 0.0000000 328.0566247 904.4045913 0.0000000 660.7219588 -57.6869041 0.0000000 368.2431374 919.1554260 0.0000000 677.7997674 -19.5784121 0.0000000 367.8566107 907.1616527 0.0000000 373.2361461 918.9945149 0.0000000 797.6618031 132.6761649 0.0000000 809.8823108 142.2194081 0.0000000 797.8967913 141.6282725 0.0000000 809.8774225 142.3113508 0.0000000 454.9546932 876.0878744 0.0000000 451.6236504 863.4453613 0.0000000 459.4770441 857.2689287 0.0000000 732.2750988 292.7909616 0.0000000 717.8302311 305.2773670 0.0000000 729.7641981 306.5347631 0.0000000 551.9919638 693.4136716 0.0000000 734.3987594 472.6846098 0.0000000 722.1184881 510.8948355 0.0000000 715.4170547 500.9396272 0.0000000 721.9113400 511.0311901 0.0000000 606.7150320 544.6206830 0.0000000 597.4116558 537.0404632 0.0000000 609.7340039 540.9852446 0.0000000 600.6021503 533.1984777 0.0000000 600.8082430 532.9630702 0.0000000 666.7322667 524.7419236 0.0000000</float_array><technique_common><accessor source="#positions-array" count="1881" stride="3"><param name="X" type="float" /><param name="Y" type="float" /><param name="Z" type="float" /></accessor></technique_common></source><source id="uv"><float_array id="uv-array" count="3762">1.8693675 2.3463792 -5.7751356 0.7770692 -1.8736586 -2.3429476 -3.9785569 7.0229728 -9.6766126 3.8970861 -7.7258741 2.3370777 -9.8307724 11.7029981 -15.5288281 8.5771113 -13.5780896 7.0171029 -15.6829879 16.3830233 -19.4303051 11.6971282 -17.4795666 10.1371197 -21.5352034 21.0630486 -27.2332591 17.9371618 -25.2825206 16.3771534 -31.2888959 28.8630907 -35.0362131 24.1771955 -33.0854746 22.6171871 -33.2396344 30.4230991 -38.9376901 27.2972123 -36.9869516 25.7372039 -41.0425884 36.6631328 -46.7406441 33.5372460 -44.7899056 31.9772376 -44.9440654 39.7831496 -48.6913826 35.0972544 52.7324952 -38.0243693 47.0459277 -41.1711068 49.0023673 -42.7239593 -48.8455424 42.9031664 -54.5435981 39.7772796 -52.5928596 38.2172712 -52.7470194 46.0231833 -58.4450751 42.8972965 -56.4943366 41.3372881 -56.6484964 49.1432001 -62.3465521 46.0173133 -60.3958136 44.4573049 -62.5007119 53.8232253 -68.1987676 50.6973386 -66.2480291 49.1373301 -66.4021889 56.9432422 -72.1002446 53.8173554 -70.1495061 52.2573470 -70.3036659 60.0632590 -76.0017216 56.9373722 -74.0509831 55.3773638 -74.2051429 63.1832758 -79.9031986 60.0573891 -77.9524601 58.4973806 -80.0573584 67.8633011 -85.7554141 64.7374143 -83.8046756 63.1774059 -83.9588354 70.9833179 -89.6568911 67.8574311 -87.7061526 66.2974227 -89.8110509 75.6633432 -95.5091066 72.5374564 -93.5583681 70.9774480 -119.2835809 98.8495331 -121.2514535 100.3878713 -124.9467164 95.6608181 -123.2193260 101.9262095 -125.1871986 103.4645478 -128.8824616 98.7374946 -130.8503341 100.2758328 -126.7934171 104.7201714 -131.4725550 100.9364708 -134.4639383 105.6770611 -134.2636656 105.2777905 -129.0006478 108.1675662 -135.4109698 107.9782957 -136.4691737 111.5650605 -136.2984441 110.4730254 -130.4549355 111.9459677 -136.3946142 114.0340222 -135.9178977 117.6400718 -136.1601691 116.6999638 -130.2283544 115.6725719 -134.9208535 119.9046715 -128.5878095 118.9752236 -133.5911864 122.3237760 -134.7974791 120.1530755 -132.9817714 123.0910081 -127.2747936 120.1633390 -130.7662888 125.0482721 -131.1296673 124.7669309 -105.5084729 88.0811654 -107.4763455 89.6195037 -109.2037359 83.3541123 -103.3024443 78.7409160 -99.6048552 83.4661507 -99.6002065 83.4625094 -101.3506714 77.2089642 -97.6140049 81.9033768 -97.6353834 81.9203144 -95.6632664 80.3433684 -113.1394810 86.4307887 -111.1716085 84.8924505 -82.0080969 69.4233095 -76.1558814 64.7432843 -78.1066199 66.3032927 -72.2544044 61.6232674 -64.4514504 55.3832338 -58.5992349 50.7032085 -54.6977579 47.5831917 -50.6421211 36.6572628 -46.8948039 41.3431580 -42.9933269 38.2231412 -42.8391671 30.4172291 -37.1411114 33.5431159 -39.0918499 35.1031243 -35.1903729 31.9831075 -29.3381574 27.3030823 -17.6337264 17.9430318 -11.7815109 13.2630065 -5.9292954 8.5829813 -7.8800339 10.1429897 -2.0278184 5.4629644 4.0042551 -7.0083524 7.7343829 -2.3087624 5.7779432 -0.7559099 7.9171344 -10.1140574 11.6472622 -5.4144673 9.6908226 -3.8616149 9.8735741 -11.6669098 15.5601416 -8.5201723 13.6037019 -6.9673198 17.6993327 -17.8783197 21.4294605 -13.1787297 19.4730209 -11.6258772 23.5686517 -22.5368772 27.2987795 -17.8372871 25.3423399 -16.2844346 27.4815310 -25.6425821 31.2116589 -20.9429921 29.2552192 -19.3901396 31.3944104 -28.7482870 37.0809779 -25.6015495 35.1245382 -24.0486970 39.2201690 -34.9596969 42.9502968 -30.2601069 40.9938572 -28.7072544 41.1766087 -36.5125494 46.8631762 -33.3658118 44.9067365 -31.8129594 54.6889348 -39.5772217 56.8281260 -48.9353692 60.5582538 -44.2357791 58.6018141 -42.6829267 62.6974450 -53.5939266 66.4275728 -48.8943366 64.4711331 -47.3414841 68.5667640 -58.2524840 72.2968918 -53.5528940 70.3404521 -52.0000415 74.4360830 -62.9110414 78.1662108 -58.2114514 74.2533315 -55.1057464 76.3925226 -64.4638939 82.0790901 -61.3171563 80.1226504 -59.7643039 84.2182813 -70.6753038 87.9484091 -65.9757138 85.9919694 -64.4228613 90.0876003 -75.3338612 93.8177281 -70.6342712 91.8612884 -69.0814187 94.0004796 -78.4395661 97.7306074 -73.7399761 95.7741678 -72.1871236 99.8697986 -83.0981236 105.5563661 -79.9513860 103.5999264 -78.3985335 109.6519969 -90.8623859 113.3821247 -86.1627959 111.4256851 -84.6099434 113.5648762 -93.9680909 117.2950041 -89.2685008 115.3385644 -87.7156484 119.4341952 -98.6266483 123.1643230 -93.9270583 121.2078834 -92.3742058 123.3470746 -101.7323532 127.0772024 -97.0327632 125.1207627 -95.4799107 125.3035142 -103.2852057 130.9900817 -100.1384681 129.0336420 -98.5856157 133.1292729 -109.4966156 136.8594007 -104.7970256 134.9029610 -103.2441731 135.0857125 -111.0494681 140.7722800 -107.9027305 138.8158404 -106.3498780 144.8679109 -118.8137304 148.5980387 -114.1141404 146.6415990 -112.5612879 150.7372299 -123.4722878 154.4673577 -118.7726978 150.5544783 -115.6669929 152.6936695 -125.0251403 158.3802370 -121.8784027 156.4237973 -120.3255503 160.5194282 -131.2365502 164.2495560 -126.5369602 162.2931163 -124.9841077 166.3887472 -135.8951076 170.1188750 -131.1955176 166.2059956 -128.0898126 170.3016265 -139.0008126 174.0317543 -134.3012225 172.0753146 -132.7483701 174.2643124 -142.1452034 179.8265263 -138.8363426 177.9199336 -137.3873228 187.6628298 -143.6559706 185.6645925 -142.8562713 185.4418137 -149.2297635 187.7829105 -150.1505844 192.0226536 -145.3707084 189.9789879 -144.5669257 223.2528334 -143.6101977 223.8645738 -143.0850211 219.6502438 -138.7949256 232.1925982 -129.5493642 227.4029324 -125.2777560 226.5889011 -127.4049344 200.7135509 -75.1253786 190.9862044 -67.2925052 187.2231144 -71.9657432 187.0952659 -64.1593559 185.1497966 -62.5927812 183.3321758 -68.8325938 175.5502986 -62.5662952 181.3867065 -67.2660192 173.6048293 -60.9997205 177.3679194 -56.3264825 169.7138908 -57.8665711 171.6593600 -59.4331458 173.4769809 -53.1933332 165.8229522 -54.7334218 167.7684215 -56.2999965 169.8118140 -50.2419848 165.4103928 -54.3299570 163.8114895 -52.4325133 167.1980167 -46.9116209 161.9522762 -49.8345148 162.2095500 -50.2547185 160.8316714 -47.6129289 165.3410314 -43.0070559 159.7519000 -45.2062967 160.7715553 -47.4864963 159.5753800 -44.6900037 164.8636825 -41.0426147 164.6006118 -38.8861967 158.6266363 -39.4641533 164.5532617 -36.7005679 164.7225513 -34.5331487 158.5598358 -36.3824349 165.1098566 -32.5616263 158.8014942 -33.5475309 159.2776667 -31.1236420 159.4405340 -30.5764264 165.8805696 -30.6573808 160.5100545 -27.9774309 160.3776352 -28.2610758 168.0909861 -26.7185406 163.0179409 -23.5096999 161.7466485 -25.6597749 163.2191927 -23.2116794 168.7470838 -17.3323611 166.8633381 -18.9007863 172.2853236 -22.1938591 169.4030997 -16.9169197 171.6685425 -15.8648855 176.1876754 -20.3816715 176.8991649 -14.0429730 174.5006121 -14.6158502 178.1070902 -19.9232329 177.2751507 -13.9781158 180.1227390 -19.7063541 182.7898070 -13.8976601 180.3148751 -13.7029278 182.2210250 -19.8714511 182.9853805 -13.9195226 184.3850297 -20.1855249 186.4047242 -20.7787267 188.2501895 -15.0673142 190.8610662 -16.1310525 188.5537026 -15.1744545 188.4798002 -21.6390217 190.5984882 -22.6708218 193.2691257 -17.2977363 195.5647575 -18.5072616 193.3556275 -17.3416066 192.5938855 -23.7237001 197.9256825 -20.1415697 195.8934596 -18.7087104 194.3824215 -24.9847430 198.0928843 -20.2684423 202.0441193 -31.2325589 205.8359626 -26.5826207 203.9001930 -25.0040761 209.7871977 -37.5467373 211.7229673 -39.1252819 213.5790409 -32.8967992 221.3221192 -39.2109776 219.3863497 -37.6324330 217.4569737 -43.8011406 221.4648128 -39.3350268 223.2956329 -41.0308349 222.6673755 -48.8190504 227.0288990 -44.6980288 226.9237972 -44.5895610 228.7204273 -46.5340359 224.2856560 -50.5755534 230.4162101 -48.4557157 228.7640275 -46.5824032 232.5250312 -59.9176956 238.6771229 -57.8222782 237.0249404 -55.9489657 237.4815789 -65.5376331 243.6336706 -63.4422157 241.9814881 -61.5689032 242.4381266 -71.1575706 248.5902184 -69.0621531 246.9380358 -67.1888406 250.6990395 -80.5241331 255.1989486 -76.5554031 253.5467661 -74.6820906 252.3512221 -82.3974456 258.5033138 -80.3020281 256.8511312 -78.4287156 331.9925553 -26.9521649 333.6241312 -25.0608778 329.0810449 -21.1416474 337.2389245 -11.6852117 335.6073486 -13.5764988 341.7745264 -15.6131178 345.0579629 -11.8955436 346.7189495 -10.0300329 340.5767944 -7.9056653 342.2377810 -6.0401546 350.0409228 -6.2990113 351.7019094 -4.4335006 345.5597543 -2.3091330 348.8817275 1.4218885 347.2207409 -0.4436223 353.3628960 -2.5679898 355.0238826 -0.7024790 350.5427141 3.2873993 356.6848693 1.1630317 352.2037007 5.1529100 353.8646874 7.0184208 358.3458559 3.0285425 355.5256740 8.8839315 363.8306071 18.2114854 362.1696205 16.3459746 366.6507890 12.3560963 360.5086338 14.4804638 358.8476472 12.6149531 363.3288157 8.6250748 364.9898023 10.4905855 357.1866606 10.7494423 368.3117756 14.2216071 369.9727622 16.0871178 360.0068425 4.8940532 373.2947354 19.8181394 374.9557220 21.6836501 368.8135669 23.8080177 372.1355402 27.5390392 370.4745535 25.6735284 373.7965268 29.4045500 376.6167087 23.5491609 375.4575134 31.2700607 378.2776953 25.4146717 377.1185000 33.1355715 381.5996685 29.1456932 383.2606551 31.0112040 378.7794866 35.0010823 384.9216418 32.8767147 380.4404732 36.8665930 386.5826284 34.7422255 383.7624465 40.5976145 382.1014599 38.7321038 389.9046016 38.4732470 387.0844197 44.3286361 385.4234331 42.4631253 394.8875615 44.0697793 390.4063930 48.0596576 388.7454063 46.1941468 400.8703309 86.8381917 399.6262761 88.9971579 395.5724850 84.0146691 381.0124144 118.7304293 379.6868965 120.8475050 375.9269585 115.5463850 378.3613787 122.9645806 373.2759228 119.7805363 371.9504049 121.8976120 377.0358608 125.0816563 369.2993691 126.1317633 370.6248870 124.0146876 374.3848250 129.3158076 373.0593072 131.4328832 367.9738513 128.2488389 366.6483334 130.3659146 371.7337893 133.5499589 365.3228155 132.4829902 370.4106296 135.6632682 363.9992308 134.6109432 365.3181103 132.4905300 369.2403738 137.5447334 363.7522047 135.1040974 362.8435647 137.4307646 367.5409832 141.8961995 361.9020314 139.8457258 361.9349247 139.7574318 366.7608893 144.0951282 360.9996831 142.4153632 361.0679055 142.1969598 365.5210030 148.6707631 359.2085805 149.9650452 359.6324696 147.5110629 365.1373706 150.8916910 359.1819719 150.1551790 364.6550742 155.5582011 364.7071298 157.8733018 358.7086459 158.0081790 358.6524965 155.5110098 358.8942172 165.5183059 358.8214606 163.0224963 364.8867797 165.1757372 358.9226720 165.8521820 359.2734410 168.3252303 366.6170599 177.3748366 361.3780553 183.1635203 360.6765172 178.2174236 367.6693670 184.7939816 362.0795934 188.1096169 361.7288244 185.6365686 368.3709051 189.7400782 362.7811315 193.0557136 362.4303625 190.5826653 370.1247504 202.1053199 364.1842077 202.9479069 363.8334387 200.4748586 370.8262885 207.0514165 364.8857458 207.8940036 364.5349768 205.4209552 371.5278266 211.9975132 365.5872839 212.8401002 365.2365149 210.3670519 372.5779713 219.4014126 366.6395911 220.2592452 366.2888220 217.7861969 372.9458557 221.8165529 367.0201588 222.7587006 366.6440722 220.2897134 367.4732451 225.2944674 367.0329295 222.8357830 373.0098815 237.8383308 372.3978410 240.2398382 367.1969423 236.3518037 366.0269306 241.0337568 366.5730222 238.8004984 356.0198396 258.0050092 351.6053121 253.2897205 353.8328118 252.4177997 330.8948421 262.7339037 328.4235509 263.0968455 330.0230146 256.7975818 325.9522598 263.4597874 325.0804322 257.5234655 323.4809686 263.8227292 321.0345542 264.1820176 322.6091410 257.8864074 320.0881609 258.2570727 320.1378498 258.2493493 312.6106524 259.6940066 315.0568364 259.1888424 313.8561643 265.5633993 312.5467042 259.7079416 311.5771346 266.0861287 309.8741585 260.3315307 310.1143277 260.2658433 306.9677578 261.3150375 307.4942681 261.0899031 309.5900122 266.7193422 304.8118445 262.4918424 307.9172963 267.6323940 304.3757949 262.7819436 293.6390904 278.0446341 294.6176077 275.7464803 299.1849141 280.3354947 295.5961249 273.4483265 295.6882353 273.2520026 301.0740461 275.8986635 300.1380339 278.0969898 291.3415525 285.6117665 292.6233031 280.7833979 298.3839897 282.4677245 297.1406971 287.1512217 290.7006772 288.0259508 287.4963008 300.0968723 288.1371761 297.6826880 293.9363206 299.2221432 282.3692985 319.4103467 283.0101738 316.9961624 288.1684430 320.9498019 287.5275678 323.3639862 281.7284232 321.8245310 280.4466726 326.6528996 281.0875479 324.2387153 286.8866925 325.7781705 279.1649220 331.4812682 284.9640666 333.0207233 284.3231913 335.4349076 278.5240467 333.8954525 283.6838888 337.8431674 283.0735287 340.1808813 277.8800502 336.3214923 277.2491105 338.7380273 277.2147307 338.8846712 282.1163384 344.7803710 276.1389091 344.2149276 276.1969132 343.7754866 281.9369837 348.8072861 277.1098814 352.8240908 276.1500748 350.5180600 275.9209814 349.2792809 282.4416676 350.0198393 277.6859100 353.7177495 283.7246017 351.3950573 279.4651997 355.6213193 279.3793361 355.5329870 285.4385507 353.0873355 283.0273428 359.0758175 281.2818728 357.4143183 271.5393749 393.1289370 269.8449963 394.9641722 265.4365532 390.8940825 268.1506177 396.7994074 266.4562391 398.6346425 262.0477960 394.5645528 253.5759029 403.7407286 255.2702815 401.9054935 257.9843460 407.8108183 256.2899674 409.6460534 251.8815243 405.5759638 250.1871457 407.4111989 254.5955888 411.4812886 252.9012101 413.3165237 251.2068315 415.1517589 246.7983885 411.0816692 245.1040099 412.9169044 249.5124529 416.9869940 242.6364969 424.3113181 240.9085555 426.1149881 236.5759354 421.9642769 239.1806141 427.9186581 237.4502166 429.7248889 235.7202858 431.5263654 231.5374569 427.2196620 231.4842966 434.8947581 229.5209482 436.4388663 227.7751736 430.1785725 227.5575998 437.9829744 223.8880913 433.2356333 206.7489518 452.3148834 203.5250900 447.2545755 205.6316965 445.9124816 186.2809561 453.5050068 188.4383886 453.2271294 186.9046757 459.4742353 181.6250644 459.6581685 181.1167285 459.6313409 181.6871111 453.6530539 161.9824689 450.5135305 161.7693825 450.3190352 165.9208424 445.9847259 171.8012077 373.0808669 171.1608275 375.4951826 166.0017476 371.5426009 166.6421279 369.1282852 172.4415880 370.6665513 173.0819683 368.2522356 167.2825081 366.7139696 173.7223485 365.8379200 174.3627288 363.4236043 167.9228884 364.2996539 168.5632687 361.8853383 169.2036489 359.4710226 169.8440292 357.0567070 175.6434893 358.5949730 170.4844094 354.6423913 176.2838696 356.1806573 177.5646301 351.3520260 176.9242498 353.7663417 171.1247897 352.2280757 178.2050103 348.9377104 172.4055502 347.3994443 173.0459305 344.9851287 173.6855390 342.5737227 178.8453906 346.5233947 179.4873085 344.1032582 179.4857708 344.1090791 174.3200320 340.1620825 174.8645805 338.0862490 180.1233898 341.6855783 180.8545192 338.5797981 180.7571871 339.2695261 180.9132440 336.1164666 180.4614475 332.4253611 180.6705898 333.2807776 174.7373428 334.2781326 179.5242311 330.1263214 173.0365161 330.4562748 178.2116920 327.4154674 178.3754635 327.7131750 176.8857693 325.2986452 170.5487612 326.6786707 175.1996572 322.8846877 175.3932862 323.1352658 173.5701942 320.9915799 165.7638084 321.1195195 168.6818050 315.3122566 170.3112680 317.2053644 162.5048822 317.3333039 165.4228789 311.5260410 167.0523419 313.4191488 156.1243119 309.3794673 159.4448637 303.7926128 160.9366634 305.7959951 151.6489127 303.3693205 155.0333467 297.8682555 156.4612642 299.7858483 138.9787560 281.2570940 137.8721773 279.0177882 143.2512440 276.3596607 121.2734972 245.4282008 120.1669185 243.1888950 126.6525638 242.7700733 118.9065131 227.0949325 120.0130918 229.3342383 113.5274464 229.7530600 117.7999344 224.8556266 114.4801984 218.1377092 116.6933558 222.6163208 111.3142891 225.2744483 109.1011317 220.7958367 107.9945531 218.5565308 105.7813957 214.0779192 111.1604624 211.4197917 107.8407263 204.7018742 110.0538837 209.1804858 104.6748170 211.8386134 72.3209803 147.0495132 76.5644459 142.1269116 77.6842413 144.3596376 102.3078330 193.5053450 103.4144116 195.7446509 98.0353450 198.4027784 81.2793437 164.9113208 85.5228093 159.9887192 86.6426047 162.2214451 83.5189345 169.3767727 88.8821956 166.6868970 90.0019910 168.9196230 91.1217864 171.1523489 92.2415818 173.3850749 85.7585254 173.8422246 89.1179116 180.5404024 86.8783208 176.0749505 100.0841042 189.0220702 101.1973059 191.2580788 95.8241560 193.9281499 100.0801498 189.0141565 94.7149057 191.7000783 93.5970933 189.4713062 98.9603544 186.7814306 91.3575025 185.0058543 96.7207635 182.3159787 90.2377071 182.7731284 94.4811727 177.8505268 87.7624001 164.4541711 79.0397528 160.4458689 83.2832184 155.5232673 84.4030139 157.7559933 104.5209903 197.9839567 105.6275690 200.2232625 99.1419237 200.6420842 84.6387300 171.6094987 106.7341477 202.4625684 101.3550810 205.1206959 116.8471825 236.4709775 115.7406038 234.2316716 121.1196705 231.5735441 122.2262491 233.8128499 70.8477741 126.2778495 71.5127244 128.6743465 65.7323083 130.2827022 87.4703388 85.8219922 86.2022183 87.9739395 82.3011172 82.7758228 83.5692377 80.6238755 84.8373582 78.4719282 88.7384593 83.6700449 86.1054787 76.3199809 91.2747003 79.3661502 93.8109414 75.0622556 88.6417198 72.0160862 95.0790619 72.9103082 89.8154958 70.0242376 96.2335255 70.3029172 95.2472715 72.5796914 90.6637345 68.0660724 97.0791302 67.6400960 96.3455680 70.0007080 93.4585539 59.1350454 99.5832183 57.2859394 99.4303321 59.7790565 99.3459488 60.3247789 93.5814373 57.1311856 99.3787337 54.3754138 99.5791411 56.8612359 99.0903069 51.6288686 99.1170088 51.8247371 93.1586456 52.5372596 92.8176658 50.5321368 97.5141208 46.2224685 98.4825362 48.5248974 98.6747295 49.1850766 91.0772631 46.5709269 94.8599040 41.3881297 96.2247626 43.4800590 96.4404181 43.8715224 89.9071328 44.7774593 94.7058736 41.1733527 88.5167638 43.0088019 93.0278092 39.0512637 93.1670794 39.2158868 85.3494520 39.8422892 83.6748089 38.5307360 89.1355015 35.1863355 87.1690201 33.6462192 84.5587278 32.1996237 86.7337061 33.3624516 81.9228592 37.5940756 84.1597168 32.0223270 77.4510190 35.9992852 75.2837437 35.2538951 79.4148994 30.3297747 77.0528934 29.5174111 73.3569822 34.8573905 74.2671569 28.9189647 76.6818917 29.4158885 73.6624637 28.8573905 69.0391436 34.8942833 65.5627351 29.5393989 67.9964297 28.9771377 68.6202963 28.9005840 64.7417590 35.8871163 60.3403948 31.2480591 62.6197883 30.2684327 62.8133086 36.7159161 60.1364553 31.3449553 60.7017073 37.8184306 57.9174593 32.5035486 57.9222915 32.5010200 58.7408410 38.8467838 55.2374280 33.9677705 55.7057767 33.6634395 55.0434436 41.7727944 51.3200831 37.0678410 53.2787555 35.5178057 51.1260987 44.8728649 45.4440658 41.7179467 47.4027382 40.1679115 47.2087539 47.9729354 41.5267209 44.8180172 43.4853934 43.2679819 43.2914090 51.0730058 37.6093761 47.9180877 39.5680485 46.3680524 39.3740641 54.1730763 33.6920312 51.0181581 35.6507036 49.4681229 33.4980468 58.8231820 29.7746863 54.1182286 31.7333587 52.5681934 29.5807019 61.9232525 25.8573414 57.2182991 27.8160139 55.6682639 25.6633571 65.0233230 21.9399966 60.3183696 23.8986690 58.7683343 21.7460122 68.1233935 16.0639793 64.9684753 18.0226517 63.4184401 17.8286673 71.2234639 12.1466344 68.0685458 14.1053068 66.5185105 13.9113224 74.3235344 8.2292895 71.1686163 10.1879619 69.6185810 6.0766327 80.5236754 2.3532722 75.8187220 4.3119446 74.2686867 0.2006154 85.1737811 -3.5227451 80.4688277 -1.5640727 78.9187925 -1.7580570 86.7238163 -7.4400900 83.5688982 -5.4814175 82.0188629 -11.5514192 94.4739925 -15.2747797 89.7690391 -13.3161073 88.2190039 -17.4274365 99.1240983 -21.1507970 94.4191449 -17.2334522 91.3190744 -19.3861090 100.6741335 -25.0366193 97.4942692 -23.1094695 95.9691801 -33.0437845 103.1213381 -31.0208763 101.7290055 -27.6190772 106.6714505 -36.3422250 112.0445906 -39.2974167 106.8228244 -37.1235950 105.5925779 -38.5160467 113.2748371 -43.6064402 109.2614611 -41.4712383 108.0530709 -50.2437043 118.5973449 -52.5673848 119.5135959 -54.7683238 113.9318518 -67.0262397 124.3042027 -69.4199594 125.0177244 -71.1239122 119.2647553 -73.3477646 119.9108204 -69.4399946 125.0236207 -78.1039391 120.7230465 -75.6417831 120.3025768 -74.6317670 126.2169548 -82.0182350 127.4783641 -83.0282511 121.5639860 -80.5660951 121.1435163 -84.4803910 127.8988338 -87.7716894 122.3740372 -85.4904071 121.9844558 -100.0002829 122.7228446 -95.0061566 122.6014746 -99.8545107 128.7210735 -109.9637027 122.9649810 -107.4914722 122.9048995 -107.3457001 128.9031285 -112.4248222 122.9840259 -112.3900007 128.9839361 -129.8338709 110.1922529 -135.4646115 108.1185127 -122.9408029 128.4113121 -125.3784110 127.9352648 -123.8461386 122.1211594 -121.8551637 122.5099824 -119.5843137 122.8511750 -120.3414551 128.8047615 -122.8115305 128.4336356 -120.0714903 128.8329067 -117.3208509 122.9840259 -117.4088157 128.9840259 -117.5845943 128.9788718 -112.4132149 128.9840259 -102.3515738 128.7817585 -104.8486369 128.8424435 -104.9944091 122.8442145 -92.3633213 128.5390186 -94.8603844 128.5997036 -92.5090935 122.5407897 -87.3067106 128.3588065 -89.7982998 128.4759111 -86.9425470 128.3193036 -59.8450808 122.1636375 -62.2388005 122.8771592 -61.5711488 116.4172604 -64.6325201 123.5906809 -66.3464803 117.8406948 -63.9527607 117.1271731 -54.8910653 120.4298470 -57.2147457 121.3460980 -59.3075206 115.7217037 -57.0920042 114.8481028 -50.1209628 112.0993497 -47.7972823 111.1830986 -45.5963434 116.7648427 -42.9734057 115.7111636 -43.2726629 115.8485917 -45.6270075 110.3273370 -40.7677374 114.5476445 -40.6898683 114.5050836 -31.8411964 109.4911304 -31.9945817 109.5840976 -35.0278562 104.4065214 -29.7465358 108.1343131 -29.6766174 108.0876197 -23.4069185 103.7694049 -23.5039968 103.8391121 -26.9550294 98.9305536 -21.4084838 102.2732073 -21.3447814 102.2241687 -13.5100917 96.0240278 -9.5927468 92.9239573 -9.3987624 85.1189334 -3.7167295 88.2738516 -5.6754019 89.8238868 0.3945998 77.3687572 4.1179603 82.0737106 6.2706171 72.7186515 9.9939776 77.4236049 8.0353051 78.9736401 11.9526500 75.8735697 15.8699949 72.7734992 19.9813241 61.8684048 23.7046846 66.5733582 27.6220295 63.4732878 31.5393744 60.3732173 37.4153917 55.7231116 35.4567192 57.2731468 41.3327366 52.6230411 45.2500814 49.5229706 49.1674263 46.4229001 49.3614107 38.6178762 53.0847712 43.3228296 71.1132223 28.8578315 71.1646633 28.8573905 71.1903857 34.8573905 97.8436263 65.3216285 92.1548963 63.4139420 92.1744331 63.3566437 91.3570716 65.8349054 91.3728299 65.7856947 82.3978567 94.4297815 81.1297362 96.5817288 75.9605145 93.5355595 72.1561530 99.9914015 73.4242735 97.8394541 78.5934951 100.8856235 69.6199119 104.2952961 70.8880325 102.1433488 74.7891336 107.3414655 68.3517914 106.4472434 73.5322146 109.4744041 67.0951338 108.6526359 68.3296690 106.4854235 72.4554108 111.3647210 66.8548235 109.1918435 66.0674360 111.5622924 70.2992130 117.8560059 64.1409425 119.4844186 64.3502742 116.9972798 63.9689495 122.6660303 63.9455926 121.9934983 69.9537760 122.1215068 64.3301723 125.1037760 70.2391136 124.0471341 64.4035714 125.4537351 65.0644845 127.8758492 65.0610713 127.8634448 67.1693845 135.3591414 67.0841234 135.1008878 72.8242834 133.3490053 68.0604595 137.6965064 68.0591034 137.6929559 73.6648358 135.5538515 74.5298305 137.8142046 70.0188066 142.4512675 69.0108210 140.1692550 75.4775669 139.9598167 70.0813894 142.5840613 71.2011849 144.8167873 78.8040367 146.5923635 74.5605711 151.5149651 73.4407757 149.2822392 77.9199574 158.2131430 80.1595483 162.6785949 82.3991391 167.1440468 102.4616597 207.3600017 123.3328278 236.0521558 123.4866545 249.9068124 122.3800759 247.6675066 127.7591425 245.0093791 128.8657212 247.2486849 124.5932332 252.1461183 129.9722999 249.4879907 126.8063906 256.6247299 125.6998119 254.3854241 131.0788785 251.7272966 132.1854572 253.9666024 133.2920359 256.2059082 127.9129692 258.8640358 130.1261266 263.3426474 129.0195479 261.1033416 134.3986146 258.4452141 132.3392839 267.8212591 131.2327053 265.5819532 136.6117719 262.9238257 134.5524413 272.2998707 133.4458626 270.0605649 138.8249293 267.4024374 139.9315079 269.6417432 141.0380866 271.8810490 142.1446653 274.1203549 136.7655986 276.7784824 144.3578226 278.5989665 145.4581063 280.8255335 140.0980451 283.5218173 140.0853347 283.4963999 146.5509463 282.9852823 162.4258916 307.7959239 157.6161117 311.3828495 150.1795658 289.4698754 151.3992950 291.6496157 144.9435824 292.3998034 142.5041239 288.0403229 147.3830409 296.7592839 146.1633116 294.5795437 152.6190242 293.8293559 148.6930933 299.0898857 148.6027701 298.9390242 153.7958034 295.9323414 150.0356202 301.1900276 150.1571130 301.3659382 163.8597473 309.7099970 159.1186633 313.3886464 157.6212647 311.3897490 159.2459561 313.5470884 160.8754192 315.4401961 171.9407311 319.0984722 167.3932714 323.0126273 169.8800670 380.3238139 169.2396867 382.7381296 164.0806069 378.7855479 168.5993064 385.1524452 163.4402266 381.1998635 167.9589262 387.5667609 162.1594661 386.0284948 160.8787056 390.8571261 161.5190858 388.4428105 167.3185459 389.9810765 166.6781657 392.3953922 165.3974052 397.2240235 164.7570249 399.6383391 158.9575648 398.1000731 157.0364240 405.3430201 157.6768043 402.9287044 163.4762644 404.4669704 162.8358841 406.8812861 161.5551236 411.7099174 155.1152832 412.5859670 155.7556635 410.1716514 160.9147433 414.1242331 160.2743631 416.5385487 153.8345227 417.4145983 154.4749030 415.0002827 153.1190863 420.2099142 153.1941425 419.8289140 159.0434858 421.1791139 152.7970764 422.6779112 158.7573116 423.3724532 152.7802537 422.8418207 153.1809070 433.7822844 153.0980936 433.3396317 159.0372003 432.4575897 159.6188891 434.6435736 160.2395566 436.9219451 153.8275282 436.2120815 154.4840473 438.6220586 155.4177588 441.2039013 154.5614328 438.8649282 161.0179933 439.0481712 161.9558616 441.1657773 156.5033675 443.6712045 162.8306458 442.8789109 156.5745610 443.8206710 158.2458747 446.7777190 157.7007150 446.0260748 160.0076286 448.5483771 167.6661014 447.4301872 169.6078506 448.8694651 166.0349706 453.6896858 168.0416289 455.1770760 171.4171319 450.2105541 173.4172400 451.2377302 170.6790833 456.5765043 170.6848247 456.5794450 175.6316701 458.6870356 173.2945301 457.8797776 177.3852940 452.9449146 176.0502250 458.7985238 178.5039833 459.2655112 178.6531575 459.2900240 189.6937809 459.0966575 189.3689381 459.1568383 190.7048561 452.6766315 192.1210105 458.5071123 192.9597779 452.1289378 195.0673684 451.3444094 197.2216002 456.9447251 197.3427666 456.8965994 197.3081198 450.3975375 199.5529690 449.4489340 199.6435782 455.9243479 204.3090651 453.8406863 202.0553113 454.9025542 201.5792858 448.4942242 204.6423452 453.6569772 213.1538649 448.2323330 213.0687713 448.2886017 209.8018843 443.2557048 215.2135379 446.8194479 219.3321899 443.9795906 217.2758329 445.3974773 215.8996560 439.0583350 221.4102180 442.4805517 219.3850063 443.9423271 217.8919893 437.6202910 221.4235334 442.4708851 221.9173018 434.6811512 225.4633134 439.5211731 225.4580994 439.5249888 234.8479941 423.7679469 237.4526727 429.7223281 233.1212800 425.5703358 244.3644382 422.5076480 240.0280569 418.3608630 243.4096312 414.7521395 248.4927671 409.2464341 261.3731032 404.1403480 259.6787246 405.9755831 264.7618604 400.4698777 260.3534174 396.3997880 263.7421746 392.7293177 273.2337535 391.2937019 267.1309318 389.0588474 268.8253105 387.2236122 270.5196891 385.3883771 272.2140677 383.5531419 273.9084463 381.7179068 276.6225107 387.6232316 275.6028249 379.8826716 280.0112680 383.9527613 281.7056466 382.1175261 277.2972035 378.0474365 278.9915821 376.2122013 283.4000252 380.2822910 280.6859608 374.3769662 285.0944038 378.4470558 286.7887824 376.6118207 282.3633637 372.5601179 283.6951932 371.0683926 290.0018317 371.6619322 288.9827166 373.9423732 288.4816413 374.7163486 285.3421342 367.2622753 291.6513295 366.2654415 291.1712816 368.7166781 290.9934814 369.3010300 284.5099245 369.2452946 285.7427263 363.4596788 291.6971202 362.6628939 291.7467666 363.2567683 285.4755418 362.0151166 290.7502821 359.0797095 291.2548997 360.2719807 284.5288260 360.6830157 289.0501555 356.7336078 289.3033118 357.0437124 287.2278833 354.7905871 290.0910689 313.7072490 289.4501936 316.1214333 283.6510490 314.5819781 284.2919243 312.1677938 285.5736749 307.3394252 292.0136948 306.4646961 291.3728195 308.8788804 286.2145502 304.9252409 286.8554255 302.5110566 293.2954453 301.6363275 289.4189266 292.8543194 295.2180712 294.3937746 296.4998218 289.5654060 295.8589465 291.9795903 297.1129776 270.5875082 298.6359142 268.6076922 302.0345807 274.0301560 332.4943058 256.4346400 334.9655970 256.0716981 335.8374245 262.0080199 339.9081794 255.3458144 342.3794706 254.9828725 340.7800069 261.2821362 344.8507618 254.6199307 345.7225893 260.5562525 348.1938805 260.1933107 347.3220530 254.2569888 350.6651717 259.8303688 349.5601290 253.9282977 353.4945030 258.9855204 353.6938839 258.9154690 355.8948542 251.6106447 358.8496069 256.8403444 358.3457953 257.0945494 363.2650866 253.9223242 363.1167843 254.0312485 359.6391630 249.1409906 365.2308793 252.3835059 367.8373835 250.0810750 367.2115554 250.7768812 363.0630995 246.4162934 369.1934737 247.9925458 370.7914070 245.3286975 370.5440547 245.8225787 365.3029093 242.8887549 371.6885366 243.0301828 371.8080064 242.6519847 367.7682885 234.1401417 373.9702990 232.5212707 373.7125191 234.9863114 367.9865694 232.0528142 373.9865694 232.2092492 367.9865694 229.7837725 373.9830843 229.5668855 373.9865694 229.7114488 367.8794027 227.5624161 373.8195997 226.6954637 373.8630951 227.0797444 373.3792840 224.2367793 372.2293647 216.9436098 371.1770575 209.5244649 370.4755194 204.5783682 369.0724432 194.6861749 369.7739813 199.6322715 368.7216742 192.2131266 368.0201361 187.2670299 367.3185980 182.3209332 359.9749791 173.2713270 365.2139837 167.4826433 365.9155218 172.4287399 382.5545479 104.9610067 383.8800657 102.8439311 387.6400038 108.1450510 386.5311015 98.6097798 391.6165574 101.7938241 392.9420753 99.6767484 387.8566193 96.4927041 389.1821372 94.3756285 390.5076551 92.2585528 394.2675931 97.5596728 391.8331730 90.1414771 395.5931110 95.4425971 399.5696646 89.0913701 394.4550399 85.9539134 396.4477384 81.8886062 397.3986042 79.5788744 402.9468421 81.8629620 401.0451104 86.4824257 401.9959763 84.1726938 398.2066937 77.6159582 404.4458076 76.3669176 404.0934842 78.8351233 398.8041705 73.1837276 404.7683749 73.8456736 404.4517052 76.3233191 404.7870407 73.6475930 405.0430960 68.1822934 405.0546275 68.6144824 399.0509760 68.5584207 404.7972549 65.7019945 403.9619322 60.4430489 403.9754472 60.5102533 398.0864563 61.6595844 403.4415319 58.0000609 397.6129784 59.4368704 402.5179857 55.2909163 403.3386152 57.6331130 396.9055731 57.4178321 402.4036633 55.0107696 395.9743348 55.4289491 401.2038224 52.4836095 401.3444920 52.7486548 394.8662427 53.5718146 399.7401517 50.0683622 399.9312502 50.3508106 393.4628391 51.7322301 398.2090005 48.0615180 398.2251371 48.0824776 392.0005755 49.8501384 396.5485481 45.9352901 396.6769873 46.0896511 391.5655882 40.3387578 393.2265748 42.2042685 388.2436150 36.6077362 337.2539592 -11.6679177 338.5188589 -19.3870164 340.1504348 -17.4957293 327.4494690 -23.0329345 325.8178931 -24.9242216 324.1863172 -26.8155088 328.7294035 -30.7347392 317.6600136 -34.3806573 316.0284377 -36.2719445 320.5715240 -40.1911749 314.0452204 -47.7563234 315.6767963 -45.8650363 311.1337100 -41.9458059 309.5021341 -43.8370930 312.4136445 -49.6476106 307.8705582 -45.7283801 302.9758305 -51.4022416 301.3442546 -53.2935287 305.8873409 -57.2127591 299.7126787 -55.1848158 298.0811028 -57.0761030 304.2557650 -59.1040462 302.6241891 -60.9953334 299.3610373 -64.7779077 300.9926132 -62.8866205 296.4495269 -58.9673901 297.7294614 -66.6691948 293.1863751 -62.7499644 296.0978855 -68.5604819 292.7638693 -72.3541643 294.4299199 -70.4931758 289.9412279 -66.5116681 279.9630209 -77.6566528 278.2968970 -79.5175767 282.7670475 -83.5197954 284.4331714 -81.6588715 289.4315432 -76.0760996 284.9613927 -72.0738809 291.0976672 -74.2151756 288.2936015 -68.3520766 275.0077256 -83.1913118 273.6035377 -84.6299806 279.3466163 -87.3359708 276.9740915 -89.6105487 277.6121477 -89.1130306 268.4930491 -86.6287617 265.8708909 -92.4305322 268.3395056 -92.6368473 270.2106175 -86.3741399 271.5000869 -92.2485538 272.2875451 -92.0184150 269.0292889 -92.6148384 264.9412097 -85.9923853 260.0783046 -90.0908051 262.2301390 -91.3591173 262.9406386 -91.6624323 263.3580338 -85.0592459 259.6404510 -89.7765322 261.7300237 -83.6528503 257.6510989 -88.0536757 257.7547613 -88.1475339 260.0672054 -82.0752327 255.6555872 -86.1440706 255.8407108 -86.3360496 254.0034046 -84.2707581 249.0468569 -78.6508206 251.8945835 -72.8087781 245.7424918 -74.9041956 247.3946744 -76.7775081 244.0903092 -73.0308831 245.2858532 -65.3155281 239.1337615 -67.4109456 240.7859441 -69.2842581 240.3293055 -59.6955907 234.1772138 -61.7910081 235.8293964 -63.6643206 225.9163009 -52.4244457 211.6432713 -31.3182545 207.8514281 -35.9681927 209.7075018 -29.7397099 205.9156585 -34.3896481 207.7717322 -28.1611653 203.9798889 -32.8111035 201.9644234 -23.4255315 198.1725802 -28.0754697 169.4219588 -24.9819155 170.8687539 -23.3733091 164.8820351 -21.0572505 210.4408973 -82.9582520 204.6044895 -78.2585280 200.8413994 -82.9317659 206.6778072 -87.6314899 208.6232765 -89.1980646 210.5687458 -90.7646393 212.5142151 -92.3312139 214.3318359 -86.0914013 218.3408699 -89.3247801 218.2227745 -89.2245507 214.3993425 -93.8491988 216.1901646 -95.4504405 220.2023340 -90.9891855 223.9133878 -94.3848846 220.2279773 -91.0123815 219.8628203 -98.8112717 221.7055256 -100.4975232 228.0967279 -98.3478076 227.5987983 -97.7573877 223.2609462 -101.9208818 229.4412784 -100.4384180 225.4714620 -105.5089400 231.0002921 -103.1631035 230.7717195 -102.6843725 231.8690891 -105.4930189 226.2207495 -107.5183581 232.6718685 -108.0176908 231.9184129 -105.6362392 227.5539034 -111.9198440 233.4802185 -110.9524874 233.3849889 -110.4861663 233.7842871 -113.4317109 228.3036912 -118.7314967 234.0539059 -121.5391163 234.3012768 -119.0535953 234.3057954 -118.5089545 233.2118469 -126.7959766 233.7496542 -124.3791776 233.0853245 -127.2165447 225.7405180 -129.6218792 231.2017692 -132.1098760 231.2998720 -131.8821837 228.8122950 -136.9912285 229.0286448 -136.6158549 223.7220685 -133.8073993 227.4252784 -139.0399764 222.5675398 -135.5127417 227.1833428 -139.3511491 225.5239583 -141.2180851 219.0520282 -146.3240308 221.1515101 -144.9708189 217.8983041 -139.9293250 216.9525462 -147.6772427 213.8670796 -142.5276331 214.3599155 -148.9317381 216.6098762 -147.8676378 211.8685993 -143.4727979 214.2102968 -148.9975728 209.1228656 -151.0303612 209.5846589 -150.8842373 207.5436472 -145.2368213 206.7061559 -151.5851246 205.4960099 -145.7068629 203.9644456 -151.9705550 206.4394386 -151.6337809 200.8778813 -146.3352551 201.0928378 -152.3347118 201.4894527 -152.3073291 193.2712842 -151.6794499 198.2260726 -152.3167090 198.7969766 -146.3407140 190.6853818 -151.2275639 193.1339315 -151.6585406 190.1073880 -151.0648115 185.4584330 -149.2363572 182.5376418 -147.9879693 183.1243684 -148.3023164 178.4231174 -145.1548232 176.2519825 -143.6558425 174.2145058 -142.1065175 168.3451868 -137.4479601 162.4758678 -132.7894027 154.6501092 -126.5779928 146.8243505 -120.3665829 140.9550315 -115.7080255 142.9114712 -117.2608780 137.0421522 -112.6023205 129.2163936 -106.3909106 131.1728332 -107.9437631 121.3906349 -100.1795008 117.4777556 -97.0737958 111.6084366 -92.4152384 105.7391176 -87.7566810 107.6955573 -89.3095335 101.8262383 -84.6509760 101.6434867 -76.8456811 95.9569193 -79.9924186 97.9133589 -81.5452711 92.0440399 -76.8867137 88.1311606 -73.7810087 78.3489623 -66.0167464 70.5232036 -59.8053365 68.3840125 -50.4471890 64.6538847 -55.1467791 66.6103243 -56.6996315 60.7410053 -52.0410741 52.9152467 -45.8296642 54.8716863 -47.3825167 50.9588070 -44.2768118 48.8196158 -34.9186643 45.0894880 -39.6182543 -40.8884286 28.8572207 29.4379707 -27.1954346 21.6122121 -20.9840247 19.6557724 -19.4311722 11.8300137 -13.2197623 13.7864534 -14.7726148 2.0478154 -5.4555000 -1.8650639 -2.3497950 0.0913758 -3.9026475 -25.4366804 24.1830654 -29.1839976 19.4971702 43.1330484 -38.0654019 -60.5499734 52.2632169 -64.2972906 47.5773217 -81.8539371 61.6173975 -87.8603124 74.1033348 -91.6076296 69.4174396 -109.4442181 91.1578419 -111.4120906 92.6961801 -115.1073536 87.9691270 -122.9788439 94.1224799 -126.9145890 97.1991564 -130.4000435 113.7636618 -136.3839203 114.2122053 -129.4854577 117.3599229 -99.4105836 75.6574732 -91.7617894 77.2233516 -68.3529274 58.5032506 -50.7962809 44.4631748 -31.1347361 21.0571786 -27.3874189 25.7430738 -23.4859419 22.6230570 -13.7322494 14.8230149 17.5165812 -10.0730248 23.3859002 -14.7315822 33.1680985 -22.4958445 50.7760555 -36.4715168 56.6453745 -41.1300742 80.3054020 -67.5695988 84.0355298 -62.8700088 99.6870471 -75.2928286 132.9465214 -101.6913206 144.6851593 -111.0084354 156.6065488 -128.1308453 160.3366767 -123.4312552 175.9881940 -135.8540750 179.3133887 -57.8930572 171.5315116 -51.6267585 163.6843347 -52.2706592 168.4660534 -48.6449497 166.2202707 -44.9732508 158.5514303 -36.6810208 158.6052623 -39.1658414 161.6805624 -25.7775125 166.9457407 -28.6554384 174.1956480 -21.3067361 173.9339853 -14.8128513 179.7586167 -13.7109010 191.0256537 -16.2051665 219.1866531 -45.4032664 223.3582702 -41.0905546 227.5684835 -54.2977582 232.0683926 -50.3290282 371.6337488 17.9526286 367.1525803 21.9425069 365.4915937 20.0769961 338.9158078 -9.7711761 343.4049745 -13.7520713 379.9386819 27.2801824 374.6014406 117.6634607 375.7103429 127.1987319 360.3463994 144.8262193 359.6931157 147.2370755 358.6663626 155.1477144 364.8192040 162.8576500 358.8209448 163.0025175 360.3257482 175.7443753 366.5800888 238.7721963 327.5517234 257.1605237 317.5030204 258.6836781 317.6241486 258.6612464 318.6561484 264.5721492 316.2702982 265.0648538 302.4248897 264.3417435 306.3491521 268.8861664 302.0933867 264.6505937 293.5908959 278.1649733 292.7144677 280.4982100 286.2458172 328.1923548 277.8831715 336.3096368 275.9922922 346.7926261 281.2424996 357.3761474 258.6590388 398.2350232 263.0674818 402.3051128 235.4109934 431.8065418 233.4476450 433.3506500 180.9012745 335.7679028 179.4523900 329.9640027 176.8107047 325.1846541 113.3736197 215.8984033 76.8001620 155.9804170 82.1634230 153.2905414 96.9287663 196.1634726 95.6009681 180.0832527 101.2012543 191.2660392 90.0065798 81.5180976 98.7439017 62.7268604 97.4769543 46.1377811 89.3033435 35.3279988 79.4398424 30.3384764 63.1290406 30.1016601 -7.6340744 91.3739221 -11.3574349 86.6689687 -68.7401999 118.5542165 -79.5560790 127.0578943 -126.1111621 127.6908407 -102.4973460 122.7835296 -90.0460232 122.4809308 -57.4340505 121.4228990 -52.4446433 113.0156007 -28.9633361 100.3128363 -25.5615370 105.2552813 2.1592878 83.6237459 19.7873398 69.6734287 77.3253746 103.0375708 64.4926610 116.3031901 64.1394189 119.5032296 68.9531858 140.0293259 79.9238322 148.8250895 75.6803666 153.7476911 112.4208678 227.5137542 119.0603398 240.9495891 117.9537612 238.7102833 124.4394065 238.2914616 135.5051932 260.6845199 137.7183506 265.1631315 135.6590200 274.5391765 141.2255635 285.7500999 162.7998463 383.6141792 159.5979450 395.6857574 152.5935653 425.3326347 158.5827991 425.7008148 152.5858459 425.4933750 153.8229335 436.1950170 175.4518040 452.2770790 179.5514619 453.3571692 194.5482401 457.9175671 211.8165175 441.8737159 215.2194759 446.8153641 238.3038768 420.1606068 241.7303340 416.5710396 244.3719466 422.4997821 246.0932926 420.6899092 247.8180743 418.8222292 256.9646602 400.0702583 278.3168894 385.7879964 286.8224246 376.5747663 290.0291668 371.5988338 285.7119323 365.3740000 291.7068671 365.7371289 287.3516665 354.9155332 292.6545701 304.0505118 343.2512981 260.9191944 351.1233909 259.7258640 364.1453799 244.7494617 369.2246623 247.9434773 373.6334271 235.4246765 366.2662908 174.9017883 388.9655216 106.0279754 396.9186289 93.3255215 403.8977080 79.5532302 398.5029085 75.5408215 404.4395822 62.9628516 398.5278769 63.9921538 404.4671814 63.1363590 322.2030999 -38.2998878 323.8346758 -36.4086006 310.7820686 -51.5388977 294.8179510 -60.8586772 294.4663096 -70.4517691 286.6275167 -70.2129569 279.4347996 -87.2416434 274.8151970 -90.8668055 265.3079303 -92.3287449 212.3863666 -84.5248266 225.7560931 -96.0711361 229.5004271 -100.5342974 232.6940685 -108.0911091 234.1004379 -116.0286037 233.8065350 -124.0246373 227.8538440 -123.2514491 230.1164106 -134.3673504 215.8014597 -141.2808369 194.1055871 -145.7373318 176.3658552 -143.7382501 158.5629885 -129.6836977 103.7826779 -86.2038285 82.2618416 -69.1224513 15.7428931 -16.3254673 -11.6273511 5.4570945 35.3072897 -31.8539920 39.0374175 -27.1544020 109.4692454 -83.0570909 172.2580662 -140.5536650 175.4224501 -54.7599079 158.7543381 -33.8922189 361.6678291 6.7595640 358.9125695 152.6633363 363.1319006 195.5287619 281.9885957 347.0075414 171.7651700 349.8137600 174.0016774 332.4735078 169.0227345 324.9057351 81.0436276 151.0578154 92.9579002 61.1325816 92.0013560 48.5913423 91.1454459 37.0020170 87.0046273 41.3464367 81.7945491 31.1715884 -109.8427632 128.9638134 -128.3591433 126.6019939 -109.8924351 128.9646092 -89.8662581 128.4783336 -59.8208962 122.1563174 -47.9200238 117.6810938 -34.1684034 110.8143441 76.0572541 105.1895182 70.1205946 119.9782302 71.7615231 113.4536865 147.7401073 285.1103949 154.6325122 307.3760850 164.1343453 319.2264117 159.6339828 418.9528644 155.4918785 441.3873707 168.4575559 455.4356159 172.9091918 457.7157540 194.8867257 457.8138576 201.9443898 454.9520965 213.8699080 440.4578746 246.1236957 420.6574644 274.9281321 389.4584667 337.4368882 255.7087563 365.2719802 252.3507475 386.3144859 110.2621267 333.9757727 -15.4677860 319.2915895 -32.4893702 291.5547992 -64.6412515 266.6569554 -86.4753097 216.2773052 -87.6579760 224.3643770 -103.6365811 228.0834024 -120.9449033 224.7136616 -131.7576921 211.8974778 -149.9409050 127.2599539 -104.8380582 107.5128057 -81.5042385 33.3508500 -30.3011395 25.5250914 -24.0897296 5.9606947 -8.5612049 -121.0109713 92.5841417 -85.9095739 72.5433263 213.6587368 -40.7038265 217.4505801 -36.0538884 368.4324833 139.6134210 175.0031090 361.0092887 171.8371578 328.5415114 99.3726787 54.3094181 93.4008010 54.8906019 79.7858643 36.8253701 66.9133503 35.3854094 66.4093753 132.6959507 100.2485023 202.8813900 141.2843947 285.8605827 208.8555583 450.9727895 296.8227461 271.0450628 361.5117817 247.6751088 320.9231654 -30.5980831 274.5337481 -91.0112804 200.1083498 -29.6540143 221.1567815 -144.9674135 198.6166348 -152.3412077 -21.3810436 13.2571366 -117.3157083 97.3111948 -132.9806557 103.1346871 3.8215036 0.7969425 215.5148105 -34.4753438 290.0598019 290.4401351 81.0329966 84.9277702 338.3087157 261.6450781 404.7871650 65.6135787 325.4662517 -34.5173135 37.2637294 -33.4068445 -127.8821472 106.2992544 189.0407352 -65.7259306 383.6634502 114.4962780 288.8093183 318.5356176 79.7648761 87.0797175 -128.7008765 126.4078641 77.2286351 91.3836122 381.2290300 107.0780824 198.8959301 -81.3651912 -132.8765191 102.9727661 185.2776451 -70.3991685 378.5779942 111.3122337 114.6340251 231.9923658 -125.5663715 121.2879362 83.6659772 92.2778342 170.5204472 377.9094982 379.9035121 109.1951580 202.6590202 -76.6919533 165.3613674 373.9569166 78.4967556 89.2316648 125.5459852 240.5307674 164.7209871 376.3712322 384.9889680 112.3792024 57.0021160 40.2227592 181.8258866 -140.2130460 -77.0939230 126.6374246 -72.1696111 125.7964851 -71.8376742 125.7201853 203.1554760 -146.0253411 209.6314868 -144.3852516 221.0393662 -137.2320553 230.1195750 -134.3607891 228.1257782 -116.5826260 234.0883556 -115.9109344 81.8093532 31.1768699 227.8289109 -114.1621180 226.9397823 -109.7910095 91.3470620 37.2035365 196.9504608 -79.7986166 98.6634777 62.9942805 158.9918643 -42.2886529 84.9340977 90.1258869 158.9291112 -41.9435717 164.7314627 -21.2385015 65.7346273 130.2910137 166.5523691 -19.2001044 72.1863069 131.0751294 185.4572822 -14.2782832 185.8718058 -14.3687623 215.5945064 -42.2823711 174.9107852 336.1481002 250.2424009 -70.9354656 158.5359957 427.9120970 152.5331757 427.9818428 152.5505765 428.3741254 152.8243350 430.8568785 158.7881898 430.1992795 271.9344357 -85.6012280 164.2609503 444.3164444 307.5189168 -55.3214720 306.2389823 -47.6196673 163.9011780 452.1026469 164.0283124 452.2022956 330.3609794 -28.8434521 184.1215687 459.5777130 338.8998837 -9.7892061 183.9283054 453.5808264 186.6180730 459.4972574 398.8309015 66.3380825 404.9411554 71.1097040 398.9483957 70.8141363 404.9387112 71.1556754 227.4773466 438.0439372 225.8118252 431.7226806 229.7385221 428.6344643 366.1375494 146.3954808 358.9151155 152.6386835 364.8820990 153.2673815 275.9959819 346.7068358 367.1993797 236.3423049 361.0592441 255.4474178 357.7085273 250.4698136 360.9556700 255.5155950 303.3575160 272.3103415 298.7058279 268.5202316 304.8670020 270.4926223 300.3010752 266.5992388 300.4041215 266.4815351 333.3661333 262.3709618</float_array><technique_common><accessor source="#uv-array" count="1881" stride="2"><param name="S" type="float" /><param name="T" type="float" /></accessor></technique_common></source><source id="normals"><float_array id="normals-array" count="3">0.0000000 0.0000000 1.0000000</float_array><technique_common><accessor source="#normals-array" count="1" stride="3"><param name="X" type="float" /><param name="Y" type="float" /><param name="Z" type="float" /></accessor></technique_common></source><vertices id="road-vertices"><input semantic="POSITION" source="#positions" /></vertices><triangles count="1881" material="asphalt"><input semantic="VERTEX" source="#road-vertices" offset="0" /><input semantic="TEXCOORD" source="#uv" offset="1" set="0" /><input semantic="NORMAL" source="#normals" offset="2" /><p>0 0 0 1 1 0 2 2 0 3 3 0 4 4 0 5 5 0 6 6 0 7 7 0 8 8 0 9 9 0 10 10 0 11 11 0 12 12 0 13 13 0 14 14 0 15 15 0 16 16 0 17 17 0 18 18 0 19 19 0 20 20 0 21 21 0 22 22 0 23 23 0 24 24 0 25 25 0 22 22 0 26 26 0 27 27 0 28 28 0 29 29 0 30 30 0 31 31 0 32 32 0 33 33 0 34 34 0 35 35 0 36 36 0 37 37 0 38 38 0 39 39 0 40 40 0 41 41 0 42 42 0 43 43 0 44 44 0 45 45 0 46 46 0 47 47 0 48 48 0 49 49 0 50 50 0 51 51 0 52 52 0 53 53 0 54 54 0 55 55 0 56 56 0 57 57 0 58 58 0 59 59 0 60 60 0 61 61 0 60 60 0 62 62 0 61 61 0 62 62 0 63 63 0 64 64 0 65 65 0 64 64 0 66 66 0 66 66 0 67 67 0 65 65 0 68 68 0 69 69 0 70 70 0 70 70 0 71 71 0 68 68 0 72 72 0 73 73 0 74 74 0 74 74 0 75 75 0 72 72 0 76 76 0 77 77 0 78 78 0 78 78 0 79 79 0 76 76 0 80 80 0 81 81 0 82 82 0 80 80 0 83 83 0 81 81 0 84 84 0 85 85 0 86 86 0 87 87 0 88 88 0 89 89 0 89 89 0 90 90 0 87 87 0 91 91 0 87 87 0 90 90 0 92 92 0 91 91 0 90 90 0 93 93 0 94 94 0 95 95 0 93 93 0 96 96 0 94 94 0 97 97 0 98 98 0 88 88 0 51 51 0 50 50 0 99 99 0 48 48 0 100 100 0 101 101 0 45 45 0 44 44 0 102 102 0 39 39 0 38 38 0 103 103 0 36 36 0 35 35 0 104 104 0 33 33 0 32 32 0 105 105 0 106 106 0 107 107 0 29 29 0 22 22 0 21 21 0 108 108 0 109 109 0 110 110 0 111 111 0 19 19 0 18 18 0 112 112 0 17 17 0 113 113 0 15 15 0 14 14 0 114 114 0 12 12 0 7 7 0 6 6 0 115 115 0 4 4 0 116 116 0 117 117 0 1 1 0 118 118 0 3 3 0 119 119 0 120 120 0 121 121 0 122 122 0 123 123 0 124 124 0 125 125 0 126 126 0 127 127 0 128 128 0 129 129 0 130 130 0 131 131 0 132 132 0 133 133 0 134 134 0 135 135 0 136 136 0 137 137 0 138 138 0 139 139 0 140 140 0 141 141 0 142 142 0 143 143 0 144 144 0 145 145 0 28 28 0 146 146 0 26 26 0 147 147 0 148 148 0 149 149 0 150 150 0 151 151 0 152 152 0 153 153 0 154 154 0 155 155 0 156 156 0 157 157 0 158 158 0 159 159 0 160 160 0 161 161 0 162 162 0 163 163 0 164 164 0 165 165 0 166 166 0 167 167 0 168 168 0 169 169 0 170 170 0 171 171 0 172 172 0 173 173 0 174 174 0 175 175 0 176 176 0 177 177 0 178 178 0 179 179 0 180 180 0 181 181 0 182 182 0 183 183 0 184 184 0 185 185 0 186 186 0 187 187 0 188 188 0 189 189 0 190 190 0 191 191 0 192 192 0 193 193 0 194 194 0 195 195 0 196 196 0 197 197 0 198 198 0 199 199 0 200 200 0 201 201 0 202 202 0 203 203 0 204 204 0 205 205 0 206 206 0 207 207 0 208 208 0 209 209 0 210 210 0 211 211 0 212 212 0 213 213 0 214 214 0 215 215 0 216 216 0 217 217 0 218 218 0 219 219 0 220 220 0 221 221 0 222 222 0 223 223 0 224 224 0 225 225 0 226 226 0 227 227 0 228 228 0 229 229 0 230 230 0 231 231 0 232 232 0 233 233 0 234 234 0 235 235 0 232 232 0 236 236 0 234 234 0 237 237 0 238 238 0 239 239 0 240 240 0 241 241 0 242 242 0 243 243 0 244 244 0 241 241 0 243 243 0 243 243 0 245 245 0 244 244 0 246 246 0 247 247 0 248 248 0 246 246 0 249 249 0 247 247 0 250 250 0 251 251 0 252 252 0 250 250 0 253 253 0 251 251 0 254 254 0 255 255 0 256 256 0 257 257 0 258 258 0 259 259 0 258 258 0 260 260 0 261 261 0 262 262 0 261 261 0 260 260 0 260 260 0 263 263 0 262 262 0 264 264 0 265 265 0 266 266 0 267 267 0 268 268 0 269 269 0 267 267 0 270 270 0 268 268 0 271 271 0 272 272 0 273 273 0 274 274 0 271 271 0 273 273 0 275 275 0 274 274 0 273 273 0 276 276 0 277 277 0 278 278 0 279 279 0 280 280 0 277 277 0 281 281 0 282 282 0 283 283 0 284 284 0 285 285 0 282 282 0 286 286 0 287 287 0 288 288 0 289 289 0 290 290 0 287 287 0 291 291 0 292 292 0 293 293 0 294 294 0 295 295 0 296 296 0 296 296 0 297 297 0 298 298 0 299 299 0 300 300 0 297 297 0 301 301 0 302 302 0 303 303 0 304 304 0 305 305 0 306 306 0 307 307 0 308 308 0 309 309 0 310 310 0 307 307 0 309 309 0 309 309 0 311 311 0 310 310 0 312 312 0 313 313 0 314 314 0 312 312 0 315 315 0 313 313 0 316 316 0 317 317 0 318 318 0 319 319 0 320 320 0 321 321 0 322 322 0 323 323 0 324 324 0 325 325 0 326 326 0 327 327 0 328 328 0 329 329 0 330 330 0 331 331 0 332 332 0 333 333 0 334 334 0 335 335 0 336 336 0 337 337 0 338 338 0 339 339 0 340 340 0 341 341 0 342 342 0 343 343 0 342 342 0 341 341 0 344 344 0 345 345 0 346 346 0 347 347 0 348 348 0 345 345 0 349 349 0 350 350 0 351 351 0 350 350 0 352 352 0 353 353 0 354 354 0 353 353 0 355 355 0 356 356 0 354 354 0 355 355 0 357 357 0 358 358 0 359 359 0 360 360 0 361 361 0 362 362 0 358 358 0 360 360 0 363 363 0 361 361 0 364 364 0 362 362 0 365 365 0 366 366 0 357 357 0 355 355 0 367 367 0 356 356 0 368 368 0 369 369 0 370 370 0 371 371 0 372 372 0 369 369 0 373 373 0 371 371 0 374 374 0 375 375 0 373 373 0 376 376 0 377 377 0 375 375 0 378 378 0 378 378 0 379 379 0 380 380 0 379 379 0 381 381 0 382 382 0 383 383 0 384 384 0 385 385 0 386 386 0 387 387 0 388 388 0 389 389 0 390 390 0 391 391 0 392 392 0 393 393 0 394 394 0 395 395 0 396 396 0 397 397 0 396 396 0 398 398 0 399 399 0 400 400 0 399 399 0 401 401 0 402 402 0 403 403 0 404 404 0 404 404 0 405 405 0 406 406 0 407 407 0 406 406 0 408 408 0 409 409 0 407 407 0 410 410 0 411 411 0 412 412 0 413 413 0 413 413 0 414 414 0 411 411 0 413 413 0 415 415 0 414 414 0 416 416 0 417 417 0 418 418 0 419 419 0 420 420 0 421 421 0 422 422 0 423 423 0 424 424 0 425 425 0 426 426 0 423 423 0 427 427 0 428 428 0 429 429 0 429 429 0 430 430 0 427 427 0 431 431 0 432 432 0 433 433 0 433 433 0 434 434 0 431 431 0 433 433 0 435 435 0 434 434 0 436 436 0 437 437 0 438 438 0 439 439 0 440 440 0 441 441 0 442 442 0 443 443 0 444 444 0 445 445 0 446 446 0 447 447 0 448 448 0 449 449 0 450 450 0 451 451 0 452 452 0 453 453 0 454 454 0 455 455 0 456 456 0 457 457 0 458 458 0 459 459 0 457 457 0 460 460 0 461 461 0 462 462 0 463 463 0 464 464 0 463 463 0 465 465 0 466 466 0 467 467 0 468 468 0 469 469 0 470 470 0 471 471 0 472 472 0 471 471 0 473 473 0 474 474 0 475 475 0 476 476 0 477 477 0 478 478 0 479 479 0 476 476 0 480 480 0 481 481 0 482 482 0 483 483 0 480 480 0 482 482 0 482 482 0 484 484 0 483 483 0 485 485 0 486 486 0 484 484 0 487 487 0 488 488 0 489 489 0 489 489 0 490 490 0 487 487 0 491 491 0 492 492 0 490 490 0 490 490 0 489 489 0 491 491 0 493 493 0 494 494 0 495 495 0 496 496 0 497 497 0 498 498 0 498 498 0 499 499 0 494 494 0 499 499 0 495 495 0 494 494 0 500 500 0 501 501 0 502 502 0 502 502 0 503 503 0 500 500 0 504 504 0 500 500 0 503 503 0 505 505 0 506 506 0 507 507 0 508 508 0 509 509 0 510 510 0 510 510 0 511 511 0 512 512 0 513 513 0 514 514 0 515 515 0 516 516 0 513 513 0 517 517 0 517 517 0 518 518 0 519 519 0 520 520 0 521 521 0 522 522 0 523 523 0 522 522 0 521 521 0 521 521 0 524 524 0 523 523 0 525 525 0 526 526 0 527 527 0 528 528 0 529 529 0 530 530 0 528 528 0 530 530 0 531 531 0 532 532 0 533 533 0 529 529 0 534 534 0 535 535 0 536 536 0 537 537 0 538 538 0 539 539 0 540 540 0 541 541 0 542 542 0 543 543 0 544 544 0 545 545 0 546 546 0 547 547 0 548 548 0 548 548 0 549 549 0 550 550 0 551 551 0 550 550 0 552 552 0 553 553 0 554 554 0 555 555 0 556 556 0 555 555 0 557 557 0 558 558 0 559 559 0 560 560 0 559 559 0 561 561 0 560 560 0 562 562 0 563 563 0 564 564 0 565 565 0 566 566 0 567 567 0 566 566 0 568 568 0 569 569 0 570 570 0 571 571 0 572 572 0 573 573 0 574 574 0 575 575 0 576 576 0 577 577 0 578 578 0 579 579 0 580 580 0 581 581 0 582 582 0 583 583 0 584 584 0 584 584 0 585 585 0 586 586 0 587 587 0 586 586 0 588 588 0 589 589 0 587 587 0 588 588 0 590 590 0 589 589 0 591 591 0 592 592 0 593 593 0 590 590 0 593 593 0 594 594 0 595 595 0 594 594 0 596 596 0 597 597 0 598 598 0 599 599 0 600 600 0 601 601 0 598 598 0 602 602 0 603 603 0 604 604 0 605 605 0 606 606 0 607 607 0 604 604 0 608 608 0 609 609 0 610 610 0 611 611 0 612 612 0 609 609 0 609 609 0 613 613 0 611 611 0 614 614 0 615 615 0 616 616 0 616 616 0 617 617 0 614 614 0 618 618 0 619 619 0 620 620 0 618 618 0 621 621 0 619 619 0 622 622 0 623 623 0 624 624 0 622 622 0 625 625 0 623 623 0 626 626 0 627 627 0 628 628 0 629 629 0 630 630 0 631 631 0 632 632 0 633 633 0 634 634 0 635 635 0 636 636 0 637 637 0 638 638 0 639 639 0 640 640 0 641 641 0 642 642 0 643 643 0 644 644 0 645 645 0 646 646 0 647 647 0 644 644 0 646 646 0 648 648 0 649 649 0 650 650 0 650 650 0 651 651 0 648 648 0 652 652 0 653 653 0 654 654 0 655 655 0 656 656 0 657 657 0 658 658 0 659 659 0 660 660 0 661 661 0 662 662 0 663 663 0 664 664 0 665 665 0 666 666 0 667 667 0 668 668 0 669 669 0 670 670 0 671 671 0 672 672 0 673 673 0 674 674 0 671 671 0 675 675 0 676 676 0 677 677 0 678 678 0 675 675 0 679 679 0 679 679 0 680 680 0 681 681 0 680 680 0 682 682 0 683 683 0 682 682 0 684 684 0 683 683 0 671 671 0 685 685 0 673 673 0 664 664 0 666 666 0 686 686 0 687 687 0 688 688 0 689 689 0 690 690 0 691 691 0 692 692 0 669 669 0 693 693 0 667 667 0 694 694 0 655 655 0 695 695 0 696 696 0 697 697 0 698 698 0 698 698 0 699 699 0 696 696 0 700 700 0 701 701 0 702 702 0 703 703 0 704 704 0 705 705 0 706 706 0 707 707 0 708 708 0 707 707 0 709 709 0 710 710 0 711 711 0 710 710 0 712 712 0 713 713 0 711 711 0 714 714 0 715 715 0 716 716 0 714 714 0 714 714 0 717 717 0 715 715 0 717 717 0 718 718 0 719 719 0 720 720 0 721 721 0 722 722 0 720 720 0 722 722 0 723 723 0 724 724 0 725 725 0 726 726 0 727 727 0 728 728 0 729 729 0 730 730 0 731 731 0 732 732 0 730 730 0 732 732 0 733 733 0 734 734 0 735 735 0 736 736 0 734 734 0 736 736 0 737 737 0 738 738 0 739 739 0 735 735 0 740 740 0 741 741 0 742 742 0 743 743 0 744 744 0 745 745 0 746 746 0 745 745 0 744 744 0 744 744 0 747 747 0 748 748 0 749 749 0 750 750 0 747 747 0 751 751 0 752 752 0 753 753 0 754 754 0 753 753 0 752 752 0 755 755 0 756 756 0 757 757 0 755 755 0 758 758 0 756 756 0 759 759 0 760 760 0 761 761 0 759 759 0 761 761 0 762 762 0 763 763 0 764 764 0 765 765 0 766 766 0 767 767 0 764 764 0 768 768 0 769 769 0 770 770 0 771 771 0 772 772 0 773 773 0 774 774 0 775 775 0 776 776 0 777 777 0 778 778 0 779 779 0 780 780 0 781 781 0 782 782 0 783 783 0 784 784 0 785 785 0 786 786 0 787 787 0 788 788 0 789 789 0 790 790 0 791 791 0 792 792 0 793 793 0 794 794 0 795 795 0 796 796 0 797 797 0 798 798 0 799 799 0 800 800 0 801 801 0 802 802 0 803 803 0 804 804 0 805 805 0 806 806 0 807 807 0 808 808 0 809 809 0 810 810 0 811 811 0 812 812 0 813 813 0 814 814 0 815 815 0 816 816 0 817 817 0 818 818 0 819 819 0 820 820 0 821 821 0 822 822 0 823 823 0 824 824 0 825 825 0 826 826 0 827 827 0 828 828 0 829 829 0 830 830 0 831 831 0 832 832 0 833 833 0 834 834 0 835 835 0 836 836 0 837 837 0 838 838 0 839 839 0 840 840 0 839 839 0 841 841 0 842 842 0 843 843 0 844 844 0 845 845 0 846 846 0 847 847 0 848 848 0 849 849 0 850 850 0 851 851 0 852 852 0 853 853 0 854 854 0 855 855 0 856 856 0 857 857 0 854 854 0 858 858 0 859 859 0 74 74 0 860 860 0 861 861 0 862 862 0 863 863 0 863 863 0 864 864 0 861 861 0 865 865 0 866 866 0 867 867 0 865 865 0 868 868 0 866 866 0 869 869 0 870 870 0 871 871 0 857 857 0 858 858 0 872 872 0 873 873 0 874 874 0 875 875 0 876 876 0 877 877 0 878 878 0 879 879 0 880 880 0 849 849 0 849 849 0 881 881 0 879 879 0 849 849 0 848 848 0 881 881 0 882 882 0 883 883 0 884 884 0 883 883 0 885 885 0 886 886 0 887 887 0 884 884 0 883 883 0 888 888 0 889 889 0 890 890 0 890 890 0 891 891 0 888 888 0 835 835 0 888 888 0 836 836 0 892 892 0 893 893 0 894 894 0 895 895 0 896 896 0 897 897 0 897 897 0 898 898 0 895 895 0 832 832 0 899 899 0 898 898 0 833 833 0 828 828 0 831 831 0 900 900 0 901 901 0 902 902 0 902 902 0 903 903 0 900 900 0 825 825 0 827 827 0 904 904 0 905 905 0 906 906 0 907 907 0 907 907 0 908 908 0 905 905 0 823 823 0 822 822 0 909 909 0 821 821 0 910 910 0 819 819 0 818 818 0 911 911 0 816 816 0 912 912 0 913 913 0 914 914 0 815 815 0 810 810 0 813 813 0 915 915 0 807 807 0 916 916 0 917 917 0 918 918 0 919 919 0 805 805 0 804 804 0 920 920 0 802 802 0 801 801 0 921 921 0 922 922 0 795 795 0 923 923 0 797 797 0 792 792 0 924 924 0 794 794 0 789 789 0 925 925 0 791 791 0 926 926 0 927 927 0 784 784 0 783 783 0 928 928 0 781 781 0 780 780 0 929 929 0 778 778 0 777 777 0 930 930 0 931 931 0 774 774 0 932 932 0 933 933 0 934 934 0 935 935 0 936 936 0 937 937 0 938 938 0 718 718 0 939 939 0 940 940 0 941 941 0 942 942 0 943 943 0 944 944 0 945 945 0 946 946 0 947 947 0 948 948 0 949 949 0 950 950 0 947 947 0 951 951 0 952 952 0 953 953 0 954 954 0 954 954 0 955 955 0 952 952 0 954 954 0 956 956 0 955 955 0 957 957 0 958 958 0 959 959 0 960 960 0 961 961 0 962 962 0 962 962 0 963 963 0 960 960 0 964 964 0 965 965 0 963 963 0 700 700 0 966 966 0 967 967 0 968 968 0 969 969 0 970 970 0 971 971 0 972 972 0 973 973 0 973 973 0 974 974 0 971 971 0 974 974 0 975 975 0 976 976 0 977 977 0 978 978 0 975 975 0 659 659 0 658 658 0 979 979 0 980 980 0 981 981 0 982 982 0 688 688 0 687 687 0 983 983 0 665 665 0 664 664 0 984 984 0 686 686 0 667 667 0 985 985 0 986 986 0 695 695 0 655 655 0 651 651 0 652 652 0 648 648 0 699 699 0 987 987 0 696 696 0 988 988 0 989 989 0 990 990 0 990 990 0 991 991 0 988 988 0 992 992 0 988 988 0 993 993 0 994 994 0 995 995 0 996 996 0 997 997 0 998 998 0 994 994 0 999 999 0 994 994 0 998 998 0 1000 1000 0 1001 1001 0 1002 1002 0 1003 1003 0 1004 1004 0 1005 1005 0 1006 1006 0 1007 1007 0 1008 1008 0 1009 1009 0 1010 1010 0 1006 1006 0 1011 1011 0 640 640 0 1012 1012 0 1013 1013 0 1014 1014 0 638 638 0 1015 1015 0 1016 1016 0 1014 1014 0 1014 1014 0 1017 1017 0 1015 1015 0 1018 1018 0 1019 1019 0 632 632 0 1020 1020 0 1021 1021 0 1022 1022 0 1022 1022 0 1023 1023 0 1020 1020 0 1024 1024 0 1025 1025 0 1026 1026 0 1027 1027 0 1028 1028 0 1029 1029 0 636 636 0 1030 1030 0 1027 1027 0 636 636 0 1031 1031 0 1030 1030 0 1032 1032 0 1033 1033 0 1034 1034 0 1032 1032 0 1035 1035 0 1033 1033 0 630 630 0 629 629 0 1036 1036 0 1037 1037 0 1038 1038 0 626 626 0 1039 1039 0 1040 1040 0 1041 1041 0 1040 1040 0 1042 1042 0 1043 1043 0 1042 1042 0 1044 1044 0 1045 1045 0 1046 1046 0 1047 1047 0 1048 1048 0 1049 1049 0 1050 1050 0 1046 1046 0 1050 1050 0 1051 1051 0 1052 1052 0 1053 1053 0 1054 1054 0 1055 1055 0 1056 1056 0 1057 1057 0 1053 1053 0 1058 1058 0 1059 1059 0 1057 1057 0 1060 1060 0 1061 1061 0 1058 1058 0 1062 1062 0 1063 1063 0 1061 1061 0 1064 1064 0 1065 1065 0 1066 1066 0 1066 1066 0 1067 1067 0 1064 1064 0 1068 1068 0 1069 1069 0 1067 1067 0 1065 1065 0 1062 1062 0 1066 1066 0 1070 1070 0 1071 1071 0 1072 1072 0 1073 1073 0 1074 1074 0 1075 1075 0 1076 1076 0 1075 1075 0 1074 1074 0 1077 1077 0 1078 1078 0 1074 1074 0 1079 1079 0 1080 1080 0 1081 1081 0 1080 1080 0 1082 1082 0 1083 1083 0 1082 1082 0 1084 1084 0 1085 1085 0 1082 1082 0 1086 1086 0 1084 1084 0 1087 1087 0 1088 1088 0 1089 1089 0 1090 1090 0 1089 1089 0 1091 1091 0 1091 1091 0 1092 1092 0 1093 1093 0 1094 1094 0 1093 1093 0 1092 1092 0 1095 1095 0 1096 1096 0 1097 1097 0 1097 1097 0 1098 1098 0 1095 1095 0 1097 1097 0 1099 1099 0 1098 1098 0 578 578 0 577 577 0 1100 1100 0 1101 1101 0 1102 1102 0 574 574 0 574 574 0 1103 1103 0 1104 1104 0 1103 1103 0 1105 1105 0 1104 1104 0 1105 1105 0 1106 1106 0 1107 1107 0 1108 1108 0 1107 1107 0 1106 1106 0 1109 1109 0 1110 1110 0 1111 1111 0 1112 1112 0 1113 1113 0 1114 1114 0 1114 1114 0 1115 1115 0 1112 1112 0 1116 1116 0 1117 1117 0 1118 1118 0 1118 1118 0 1119 1119 0 1116 1116 0 1120 1120 0 1121 1121 0 1122 1122 0 1122 1122 0 1123 1123 0 1124 1124 0 1125 1125 0 1126 1126 0 1123 1123 0 1127 1127 0 1128 1128 0 1129 1129 0 1130 1130 0 560 560 0 561 561 0 561 561 0 1131 1131 0 1132 1132 0 1132 1132 0 1130 1130 0 561 561 0 1133 1133 0 558 558 0 1134 1134 0 1135 1135 0 556 556 0 557 557 0 1136 1136 0 551 551 0 552 552 0 1137 1137 0 1138 1138 0 547 547 0 544 544 0 1139 1139 0 1140 1140 0 541 541 0 543 543 0 1141 1141 0 1142 1142 0 540 540 0 1143 1143 0 1144 1144 0 1145 1145 0 1142 1142 0 1146 1146 0 1147 1147 0 1148 1148 0 1147 1147 0 1149 1149 0 1150 1150 0 1151 1151 0 1150 1150 0 1152 1152 0 1152 1152 0 1153 1153 0 1154 1154 0 1153 1153 0 1155 1155 0 1156 1156 0 1157 1157 0 1156 1156 0 1158 1158 0 1159 1159 0 1160 1160 0 1161 1161 0 1159 1159 0 1161 1161 0 1162 1162 0 1163 1163 0 1164 1164 0 1165 1165 0 1163 1163 0 1165 1165 0 1166 1166 0 1160 1160 0 1159 1159 0 1167 1167 0 1168 1168 0 1169 1169 0 1170 1170 0 1171 1171 0 1172 1172 0 1173 1173 0 1174 1174 0 1175 1175 0 1176 1176 0 538 538 0 537 537 0 1177 1177 0 1178 1178 0 1179 1179 0 1180 1180 0 1181 1181 0 1182 1182 0 1178 1178 0 1183 1183 0 1184 1184 0 1182 1182 0 1182 1182 0 1185 1185 0 1183 1183 0 1186 1186 0 505 505 0 1187 1187 0 1188 1188 0 1189 1189 0 507 507 0 504 504 0 1190 1190 0 1191 1191 0 1192 1192 0 1193 1193 0 1194 1194 0 1195 1195 0 1196 1196 0 1197 1197 0 1198 1198 0 1199 1199 0 1200 1200 0 1199 1199 0 1201 1201 0 1202 1202 0 1203 1203 0 1202 1202 0 1204 1204 0 1205 1205 0 1203 1203 0 1206 1206 0 1206 1206 0 468 468 0 1207 1207 0 468 468 0 1208 1208 0 1207 1207 0 1209 1209 0 1210 1210 0 1211 1211 0 1212 1212 0 1213 1213 0 1214 1214 0 1214 1214 0 1215 1215 0 1212 1212 0 1216 1216 0 1217 1217 0 1218 1218 0 1218 1218 0 1219 1219 0 1216 1216 0 1220 1220 0 1221 1221 0 1222 1222 0 1222 1222 0 1223 1223 0 1220 1220 0 465 465 0 1224 1224 0 1223 1223 0 1225 1225 0 1226 1226 0 1227 1227 0 1228 1228 0 1229 1229 0 1226 1226 0 1230 1230 0 1231 1231 0 1232 1232 0 1233 1233 0 1234 1234 0 1235 1235 0 460 460 0 457 457 0 1236 1236 0 456 456 0 451 451 0 1237 1237 0 453 453 0 448 448 0 1238 1238 0 450 450 0 445 445 0 1239 1239 0 447 447 0 1240 1240 0 1241 1241 0 443 443 0 442 442 0 1242 1242 0 440 440 0 439 439 0 1243 1243 0 437 437 0 436 436 0 1244 1244 0 1245 1245 0 1246 1246 0 1247 1247 0 412 412 0 409 409 0 410 410 0 1248 1248 0 1249 1249 0 1250 1250 0 1249 1249 0 1251 1251 0 1252 1252 0 1253 1253 0 1252 1252 0 1254 1254 0 1255 1255 0 1256 1256 0 1257 1257 0 1256 1256 0 1258 1258 0 1259 1259 0 393 393 0 1260 1260 0 1261 1261 0 1262 1262 0 1263 1263 0 1264 1264 0 394 394 0 1265 1265 0 392 392 0 394 394 0 1266 1266 0 1265 1265 0 1267 1267 0 1268 1268 0 1269 1269 0 1270 1270 0 1271 1271 0 1272 1272 0 1270 1270 0 1273 1273 0 1271 1271 0 1274 1274 0 1275 1275 0 1276 1276 0 1276 1276 0 1277 1277 0 1274 1274 0 1278 1278 0 1279 1279 0 1280 1280 0 1281 1281 0 1278 1278 0 1282 1282 0 1283 1283 0 1284 1284 0 1282 1282 0 1282 1282 0 1285 1285 0 1283 1283 0 1285 1285 0 1286 1286 0 1283 1283 0 1287 1287 0 1288 1288 0 1289 1289 0 1290 1290 0 1291 1291 0 1292 1292 0 1293 1293 0 1294 1294 0 1295 1295 0 1296 1296 0 1297 1297 0 1298 1298 0 387 387 0 1299 1299 0 1300 1300 0 388 388 0 1301 1301 0 386 386 0 1302 1302 0 337 337 0 339 339 0 1303 1303 0 1304 1304 0 338 338 0 1305 1305 0 1306 1306 0 334 334 0 1306 1306 0 1307 1307 0 1308 1308 0 1309 1309 0 1310 1310 0 1311 1311 0 1312 1312 0 1313 1313 0 1314 1314 0 1314 1314 0 1315 1315 0 1312 1312 0 1316 1316 0 1312 1312 0 1317 1317 0 1318 1318 0 1319 1319 0 1320 1320 0 1321 1321 0 1322 1322 0 1323 1323 0 1324 1324 0 1323 1323 0 1322 1322 0 1325 1325 0 1326 1326 0 1327 1327 0 1328 1328 0 1325 1325 0 1329 1329 0 1330 1330 0 1328 1328 0 1329 1329 0 1331 1331 0 1332 1332 0 1333 1333 0 1334 1334 0 1335 1335 0 1336 1336 0 1337 1337 0 1338 1338 0 1339 1339 0 1339 1339 0 1334 1334 0 1337 1337 0 1336 1336 0 1337 1337 0 1334 1334 0 1340 1340 0 1331 1331 0 1341 1341 0 1342 1342 0 1343 1343 0 1344 1344 0 1343 1343 0 1345 1345 0 1346 1346 0 1347 1347 0 1348 1348 0 1349 1349 0 1350 1350 0 1351 1351 0 1352 1352 0 1347 1347 0 1349 1349 0 1353 1353 0 1354 1354 0 1355 1355 0 1356 1356 0 1354 1354 0 1356 1356 0 1357 1357 0 1358 1358 0 1359 1359 0 1355 1355 0 1360 1360 0 1361 1361 0 1362 1362 0 1363 1363 0 1364 1364 0 1365 1365 0 332 332 0 331 331 0 1366 1366 0 330 330 0 1367 1367 0 328 328 0 1368 1368 0 1369 1369 0 1370 1370 0 326 326 0 325 325 0 1371 1371 0 1372 1372 0 1373 1373 0 1374 1374 0 1375 1375 0 1376 1376 0 1377 1377 0 320 320 0 319 319 0 1376 1376 0 317 317 0 316 316 0 1378 1378 0 306 306 0 1379 1379 0 1380 1380 0 1379 1379 0 1381 1381 0 1382 1382 0 1383 1383 0 301 301 0 1384 1384 0 1385 1385 0 299 299 0 1386 1386 0 1387 1387 0 1388 1388 0 1389 1389 0 1390 1390 0 1391 1391 0 1392 1392 0 1393 1393 0 1394 1394 0 1390 1390 0 1395 1395 0 1396 1396 0 1397 1397 0 1398 1398 0 1399 1399 0 1400 1400 0 1400 1400 0 1401 1401 0 1402 1402 0 1403 1403 0 1404 1404 0 1401 1401 0 1401 1401 0 1405 1405 0 1403 1403 0 1405 1405 0 1406 1406 0 1403 1403 0 1407 1407 0 1408 1408 0 1409 1409 0 1409 1409 0 1410 1410 0 1407 1407 0 1411 1411 0 1412 1412 0 1413 1413 0 1411 1411 0 1414 1414 0 1412 1412 0 1415 1415 0 1416 1416 0 1417 1417 0 1418 1418 0 1419 1419 0 1420 1420 0 1418 1418 0 1421 1421 0 1419 1419 0 1422 1422 0 1423 1423 0 1424 1424 0 1422 1422 0 1424 1424 0 1425 1425 0 1426 1426 0 1427 1427 0 226 226 0 226 226 0 1428 1428 0 1426 1426 0 226 226 0 225 225 0 1428 1428 0 1429 1429 0 1430 1430 0 1431 1431 0 1432 1432 0 1433 1433 0 1434 1434 0 1434 1434 0 1435 1435 0 1432 1432 0 1436 1436 0 1437 1437 0 1435 1435 0 224 224 0 223 223 0 1438 1438 0 1439 1439 0 1440 1440 0 1441 1441 0 1442 1442 0 1439 1439 0 1443 1443 0 1443 1443 0 1444 1444 0 1445 1445 0 1446 1446 0 1447 1447 0 1444 1444 0 1448 1448 0 1449 1449 0 1450 1450 0 1450 1450 0 1451 1451 0 1448 1448 0 1452 1452 0 1453 1453 0 1454 1454 0 1455 1455 0 1456 1456 0 1457 1457 0 1458 1458 0 1459 1459 0 1460 1460 0 1461 1461 0 1462 1462 0 220 220 0 220 220 0 1463 1463 0 1461 1461 0 216 216 0 1464 1464 0 219 219 0 217 217 0 1465 1465 0 1466 1466 0 217 217 0 1467 1467 0 1465 1465 0 214 214 0 213 213 0 1468 1468 0 215 215 0 1469 1469 0 213 213 0 212 212 0 207 207 0 1470 1470 0 209 209 0 204 204 0 1471 1471 0 202 202 0 201 201 0 1472 1472 0 200 200 0 195 195 0 1473 1473 0 197 197 0 1474 1474 0 1475 1475 0 193 193 0 192 192 0 1476 1476 0 191 191 0 1477 1477 0 1478 1478 0 188 188 0 183 183 0 186 186 0 185 185 0 180 180 0 1479 1479 0 182 182 0 177 177 0 1480 1480 0 179 179 0 174 174 0 1481 1481 0 176 176 0 1482 1482 0 1483 1483 0 172 172 0 171 171 0 1484 1484 0 1485 1485 0 1486 1486 0 1487 1487 0 170 170 0 165 165 0 1488 1488 0 167 167 0 162 162 0 1489 1489 0 160 160 0 159 159 0 1490 1490 0 158 158 0 1491 1491 0 156 156 0 1492 1492 0 1493 1493 0 1494 1494 0 152 152 0 147 147 0 1495 1495 0 149 149 0 1496 1496 0 1497 1497 0 146 146 0 28 28 0 1498 1498 0 1499 1499 0 1500 1500 0 27 27 0 145 145 0 140 140 0 143 143 0 110 110 0 1501 1501 0 19 19 0 139 139 0 1502 1502 0 137 137 0 133 133 0 1503 1503 0 131 131 0 129 129 0 128 128 0 1504 1504 0 126 126 0 1505 1505 0 1506 1506 0 123 123 0 122 122 0 125 125 0 121 121 0 1507 1507 0 119 119 0 0 0 0 1508 1508 0 1509 1509 0 0 0 0 2 2 0 1508 1508 0 115 115 0 11 11 0 7 7 0 1510 1510 0 1511 1511 0 13 13 0 18 18 0 20 20 0 16 16 0 144 144 0 1512 1512 0 1500 1500 0 29 29 0 31 31 0 106 106 0 1513 1513 0 1514 1514 0 36 36 0 38 38 0 40 40 0 1514 1514 0 44 44 0 46 46 0 42 42 0 101 101 0 1515 1515 0 48 48 0 1516 1516 0 1517 1517 0 54 54 0 1518 1518 0 1519 1519 0 1520 1520 0 61 61 0 1521 1521 0 59 59 0 64 64 0 1522 1522 0 62 62 0 63 63 0 66 66 0 64 64 0 1523 1523 0 1524 1524 0 75 75 0 73 73 0 860 860 0 74 74 0 1525 1525 0 82 82 0 79 79 0 77 77 0 1524 1524 0 78 78 0 80 80 0 86 86 0 83 83 0 1517 1517 0 1516 1516 0 56 56 0 1526 1526 0 1527 1527 0 96 96 0 93 93 0 95 95 0 92 92 0 51 51 0 99 99 0 53 53 0 48 48 0 47 47 0 100 100 0 42 42 0 1528 1528 0 44 44 0 1514 1514 0 1513 1513 0 38 38 0 30 30 0 1529 1529 0 32 32 0 106 106 0 24 24 0 107 107 0 19 19 0 112 112 0 110 110 0 1530 1530 0 1510 1510 0 1531 1531 0 13 13 0 12 12 0 1532 1532 0 11 11 0 115 115 0 1533 1533 0 1 1 0 0 0 0 118 118 0 119 119 0 124 124 0 120 120 0 1506 1506 0 1534 1534 0 126 126 0 1504 1504 0 133 133 0 1535 1535 0 1502 1502 0 139 139 0 1536 1536 0 140 140 0 145 145 0 141 141 0 27 27 0 26 26 0 1537 1537 0 1496 1496 0 149 149 0 1538 1538 0 150 150 0 1492 1492 0 151 151 0 1539 1539 0 1540 1540 0 160 160 0 162 162 0 167 167 0 163 163 0 1486 1486 0 1541 1541 0 169 169 0 171 171 0 173 173 0 1485 1485 0 174 174 0 179 179 0 175 175 0 180 180 0 185 185 0 181 181 0 1477 1477 0 1542 1542 0 187 187 0 1474 1474 0 1543 1543 0 193 193 0 198 198 0 203 203 0 199 199 0 1544 1544 0 206 206 0 1545 1545 0 210 210 0 1546 1546 0 211 211 0 235 235 0 233 233 0 232 232 0 1547 1547 0 237 237 0 234 234 0 1548 1548 0 243 243 0 242 242 0 1549 1549 0 1550 1550 0 246 246 0 246 246 0 248 248 0 1549 1549 0 1551 1551 0 252 252 0 249 249 0 1552 1552 0 1553 1553 0 255 255 0 264 264 0 1554 1554 0 265 265 0 260 260 0 266 266 0 263 263 0 1555 1555 0 269 269 0 1554 1554 0 1556 1556 0 276 276 0 275 275 0 273 273 0 1556 1556 0 275 275 0 278 278 0 1557 1557 0 276 276 0 283 283 0 1558 1558 0 281 281 0 290 290 0 288 288 0 287 287 0 293 293 0 1559 1559 0 291 291 0 298 298 0 294 294 0 296 296 0 1386 1386 0 303 303 0 1385 1385 0 1382 1382 0 1381 1381 0 1383 1383 0 1560 1560 0 1561 1561 0 311 311 0 316 316 0 318 318 0 315 315 0 1562 1562 0 1563 1563 0 317 317 0 325 325 0 327 327 0 1372 1372 0 331 331 0 333 333 0 329 329 0 1366 1366 0 1363 1363 0 332 332 0 341 341 0 344 344 0 346 346 0 351 351 0 347 347 0 349 349 0 366 366 0 1564 1564 0 1565 1565 0 363 363 0 359 359 0 358 358 0 362 362 0 363 363 0 360 360 0 1565 1565 0 1566 1566 0 366 366 0 342 342 0 1567 1567 0 1568 1568 0 369 369 0 374 374 0 371 371 0 376 376 0 1569 1569 0 375 375 0 380 380 0 377 377 0 378 378 0 381 381 0 383 383 0 382 382 0 1301 1301 0 388 388 0 384 384 0 389 389 0 1296 1296 0 390 390 0 1570 1570 0 397 397 0 396 396 0 401 401 0 1571 1571 0 400 400 0 408 408 0 410 410 0 407 407 0 410 410 0 413 413 0 412 412 0 416 416 0 418 418 0 415 415 0 419 419 0 1572 1572 0 420 420 0 424 424 0 1573 1573 0 422 422 0 430 430 0 1574 1574 0 427 427 0 1575 1575 0 1576 1576 0 429 429 0 1246 1246 0 1245 1245 0 435 435 0 436 436 0 438 438 0 1577 1577 0 442 442 0 444 444 0 440 440 0 448 448 0 453 453 0 449 449 0 451 451 0 456 456 0 452 452 0 1236 1236 0 1233 1233 0 460 460 0 466 466 0 1578 1578 0 463 463 0 1579 1579 0 472 472 0 471 471 0 1580 1580 0 1581 1581 0 1582 1582 0 1583 1583 0 482 482 0 481 481 0 486 486 0 483 483 0 484 484 0 491 491 0 1584 1584 0 492 492 0 1585 1585 0 1586 1586 0 1584 1584 0 1587 1587 0 493 493 0 495 495 0 494 494 0 496 496 0 498 498 0 501 501 0 1588 1588 0 502 502 0 503 503 0 1190 1190 0 504 504 0 512 512 0 508 508 0 510 510 0 1589 1589 0 517 517 0 513 513 0 522 522 0 1590 1590 0 520 520 0 525 525 0 527 527 0 524 524 0 532 532 0 536 536 0 533 533 0 531 531 0 1591 1591 0 528 528 0 537 537 0 539 539 0 1592 1592 0 1593 1593 0 1140 1140 0 1594 1594 0 550 550 0 546 546 0 548 548 0 554 554 0 557 557 0 555 555 0 1131 1131 0 562 562 0 1132 1132 0 563 563 0 1595 1595 0 564 564 0 1596 1596 0 565 565 0 567 567 0 570 570 0 1114 1114 0 571 571 0 588 588 0 591 591 0 589 589 0 597 597 0 595 595 0 594 594 0 596 596 0 600 600 0 597 597 0 605 605 0 601 601 0 602 602 0 607 607 0 605 605 0 604 604 0 610 610 0 606 606 0 608 608 0 612 612 0 610 610 0 609 609 0 615 615 0 1597 1597 0 616 616 0 618 618 0 620 620 0 1598 1598 0 622 622 0 624 624 0 1599 1599 0 629 629 0 631 631 0 627 627 0 635 635 0 637 637 0 633 633 0 643 643 0 990 990 0 641 641 0 1600 1600 0 648 648 0 652 652 0 649 649 0 647 647 0 650 650 0 662 662 0 690 690 0 692 692 0 1601 1601 0 1602 1602 0 688 688 0 1603 1603 0 677 677 0 661 661 0 672 672 0 693 693 0 669 669 0 681 681 0 678 678 0 679 679 0 683 683 0 681 681 0 680 680 0 1604 1604 0 683 683 0 684 684 0 1605 1605 0 661 661 0 677 677 0 692 692 0 663 663 0 662 662 0 658 658 0 660 660 0 980 980 0 656 656 0 654 654 0 657 657 0 708 708 0 703 703 0 705 705 0 710 710 0 1606 1606 0 707 707 0 712 712 0 714 714 0 711 711 0 716 716 0 713 713 0 714 714 0 724 724 0 726 726 0 721 721 0 723 723 0 1607 1607 0 720 720 0 733 733 0 727 727 0 730 730 0 738 738 0 742 742 0 739 739 0 734 734 0 737 737 0 1608 1608 0 745 745 0 1609 1609 0 743 743 0 748 748 0 746 746 0 744 744 0 753 753 0 1610 1610 0 751 751 0 757 757 0 754 754 0 752 752 0 762 762 0 933 933 0 759 759 0 765 765 0 1611 1611 0 763 763 0 766 766 0 770 770 0 767 767 0 771 771 0 776 776 0 772 772 0 783 783 0 785 785 0 781 781 0 789 789 0 794 794 0 790 790 0 795 795 0 922 922 0 796 796 0 804 804 0 806 806 0 802 802 0 919 919 0 809 809 0 917 917 0 913 913 0 912 912 0 814 814 0 1612 1612 0 818 818 0 1613 1613 0 908 908 0 907 907 0 823 823 0 903 903 0 902 902 0 825 825 0 833 833 0 829 829 0 828 828 0 839 839 0 1614 1614 0 837 837 0 843 843 0 840 840 0 844 844 0 1615 1615 0 845 845 0 847 847 0 855 855 0 875 875 0 856 856 0 1524 1524 0 1523 1523 0 78 78 0 862 862 0 1616 1616 0 863 863 0 864 864 0 867 867 0 861 861 0 869 869 0 857 857 0 872 872 0 875 875 0 1617 1617 0 873 873 0 852 852 0 878 878 0 877 877 0 1618 1618 0 849 849 0 880 880 0 850 850 0 845 845 0 848 848 0 886 886 0 887 887 0 883 883 0 1614 1614 0 886 886 0 885 885 0 889 889 0 1619 1619 0 890 890 0 1620 1620 0 892 892 0 834 834 0 832 832 0 831 831 0 899 899 0 896 896 0 894 894 0 897 897 0 825 825 0 904 904 0 903 903 0 1621 1621 0 1622 1622 0 827 827 0 823 823 0 909 909 0 908 908 0 821 821 0 816 816 0 910 910 0 814 814 0 813 813 0 913 913 0 812 812 0 916 916 0 1623 1623 0 805 805 0 920 920 0 918 918 0 799 799 0 1624 1624 0 801 801 0 800 800 0 923 923 0 798 798 0 794 794 0 925 925 0 792 792 0 787 787 0 786 786 0 926 926 0 778 778 0 930 930 0 780 780 0 936 936 0 718 718 0 940 940 0 942 942 0 946 946 0 943 943 0 946 946 0 1625 1625 0 944 944 0 949 949 0 951 951 0 947 947 0 1626 1626 0 956 956 0 957 957 0 959 959 0 1626 1626 0 957 957 0 964 964 0 967 967 0 965 965 0 961 961 0 1627 1627 0 962 962 0 1628 1628 0 971 971 0 974 974 0 970 970 0 973 973 0 972 972 0 976 976 0 1628 1628 0 974 974 0 1629 1629 0 1630 1630 0 981 981 0 688 688 0 983 983 0 1601 1601 0 646 646 0 1631 1631 0 647 647 0 1632 1632 0 1633 1633 0 1634 1634 0 1001 1001 0 999 999 0 998 998 0 991 991 0 993 993 0 988 988 0 1002 1002 0 1635 1635 0 1000 1000 0 1004 1004 0 1000 1000 0 1005 1005 0 1636 1636 0 1008 1008 0 1007 1007 0 1637 1637 0 1006 1006 0 1010 1010 0 1010 1010 0 1011 1011 0 1012 1012 0 1016 1016 0 638 638 0 1014 1014 0 1018 1018 0 1034 1034 0 1019 1019 0 1025 1025 0 1022 1022 0 1021 1021 0 1028 1028 0 1024 1024 0 1029 1029 0 636 636 0 635 635 0 1031 1031 0 1021 1021 0 1026 1026 0 1025 1025 0 1032 1032 0 1036 1036 0 1035 1035 0 1638 1638 0 1015 1015 0 1017 1017 0 1043 1043 0 1041 1041 0 1040 1040 0 1045 1045 0 1639 1639 0 1042 1042 0 1047 1047 0 1045 1045 0 1048 1048 0 1052 1052 0 1640 1640 0 1050 1050 0 1054 1054 0 1052 1052 0 1055 1055 0 1063 1063 0 1058 1058 0 1061 1061 0 1068 1068 0 1641 1641 0 1069 1069 0 1642 1642 0 1643 1643 0 1641 1641 0 1072 1072 0 1073 1073 0 1644 1644 0 1078 1078 0 1076 1076 0 1074 1074 0 1083 1083 0 1081 1081 0 1080 1080 0 1085 1085 0 1083 1083 0 1082 1082 0 1088 1088 0 1091 1091 0 1089 1089 0 1092 1092 0 1645 1645 0 1094 1094 0 1645 1645 0 1097 1097 0 1096 1096 0 1646 1646 0 1100 1100 0 1099 1099 0 1104 1104 0 1101 1101 0 574 574 0 1647 1647 0 1104 1104 0 1105 1105 0 1106 1106 0 1109 1109 0 1111 1111 0 1110 1110 0 1114 1114 0 1113 1113 0 1648 1648 0 1649 1649 0 1119 1119 0 1124 1124 0 1120 1120 0 1122 1122 0 1125 1125 0 1129 1129 0 1126 1126 0 560 560 0 1650 1650 0 558 558 0 1134 1134 0 1651 1651 0 1652 1652 0 1653 1653 0 1652 1652 0 1651 1651 0 557 557 0 1654 1654 0 1135 1135 0 547 547 0 1655 1655 0 1137 1137 0 545 545 0 1141 1141 0 543 543 0 1145 1145 0 1146 1146 0 1148 1148 0 1656 1656 0 1148 1148 0 1147 1147 0 1156 1156 0 1154 1154 0 1153 1153 0 1162 1162 0 1657 1657 0 1159 1159 0 1167 1167 0 1658 1658 0 1160 1160 0 1659 1659 0 1660 1660 0 1164 1164 0 1170 1170 0 1660 1660 0 1168 1168 0 1171 1171 0 1176 1176 0 1172 1172 0 538 538 0 1177 1177 0 1661 1661 0 1180 1180 0 1181 1181 0 1178 1178 0 1662 1662 0 1183 1183 0 1186 1186 0 507 507 0 506 506 0 1188 1188 0 1663 1663 0 1200 1200 0 1199 1199 0 1201 1201 0 1204 1204 0 1202 1202 0 1664 1664 0 1205 1205 0 1206 1206 0 1207 1207 0 1664 1664 0 1206 1206 0 1209 1209 0 1211 1211 0 467 467 0 1665 1665 0 1222 1222 0 1666 1666 0 1666 1666 0 1219 1219 0 1665 1665 0 465 465 0 463 463 0 1224 1224 0 1221 1221 0 1666 1666 0 1222 1222 0 1227 1227 0 1667 1667 0 1225 1225 0 1228 1228 0 1232 1232 0 1229 1229 0 1233 1233 0 1236 1236 0 1234 1234 0 450 450 0 1239 1239 0 448 448 0 440 440 0 1243 1243 0 442 442 0 1577 1577 0 1247 1247 0 1668 1668 0 1669 1669 0 1250 1250 0 1249 1249 0 1251 1251 0 1254 1254 0 1252 1252 0 1254 1254 0 1255 1255 0 1257 1257 0 1670 1670 0 1259 1259 0 1258 1258 0 1264 1264 0 1266 1266 0 1262 1262 0 394 394 0 1262 1262 0 1266 1266 0 1267 1267 0 1269 1269 0 1671 1671 0 1672 1672 0 1272 1272 0 1268 1268 0 1279 1279 0 1673 1673 0 1674 1674 0 1673 1673 0 1675 1675 0 1674 1674 0 1285 1285 0 1289 1289 0 1286 1286 0 1290 1290 0 1292 1292 0 1288 1288 0 1290 1290 0 1295 1295 0 1291 1291 0 1296 1296 0 389 389 0 1297 1297 0 384 384 0 383 383 0 1301 1301 0 339 339 0 1568 1568 0 1302 1302 0 335 335 0 1303 1303 0 336 336 0 336 336 0 1305 1305 0 334 334 0 1676 1676 0 1677 1677 0 1309 1309 0 1311 1311 0 1676 1676 0 1309 1309 0 1313 1313 0 1311 1311 0 1314 1314 0 1678 1678 0 1316 1316 0 1317 1317 0 1323 1323 0 1320 1320 0 1321 1321 0 1326 1326 0 1324 1324 0 1327 1327 0 1679 1679 0 1329 1329 0 1325 1325 0 1332 1332 0 1680 1680 0 1333 1333 0 1338 1338 0 1340 1340 0 1681 1681 0 1681 1681 0 1339 1339 0 1338 1338 0 1341 1341 0 1681 1681 0 1340 1340 0 1344 1344 0 1682 1682 0 1342 1342 0 1343 1343 0 1683 1683 0 1345 1345 0 1350 1350 0 1353 1353 0 1351 1351 0 1354 1354 0 1357 1357 0 1684 1684 0 1358 1358 0 1362 1362 0 1359 1359 0 1363 1363 0 1366 1366 0 1364 1364 0 326 326 0 1371 1371 0 1369 1369 0 324 324 0 1377 1377 0 322 322 0 1380 1380 0 304 304 0 306 306 0 1383 1383 0 1384 1384 0 1382 1382 0 297 297 0 296 296 0 299 299 0 1685 1685 0 1390 1390 0 1394 1394 0 1394 1394 0 1395 1395 0 1397 1397 0 1402 1402 0 1398 1398 0 1400 1400 0 1686 1686 0 1403 1403 0 1406 1406 0 1408 1408 0 1686 1686 0 1409 1409 0 1411 1411 0 1413 1413 0 1687 1687 0 1415 1415 0 1417 1417 0 1414 1414 0 1420 1420 0 1688 1688 0 1418 1418 0 1425 1425 0 1689 1689 0 1422 1422 0 1427 1427 0 1690 1690 0 1691 1691 0 1429 1429 0 1431 1431 0 225 225 0 1436 1436 0 1438 1438 0 1437 1437 0 1433 1433 0 1692 1692 0 1434 1434 0 1441 1441 0 1693 1693 0 1439 1439 0 1445 1445 0 1442 1442 0 1443 1443 0 1452 1452 0 1454 1454 0 1451 1451 0 1455 1455 0 1457 1457 0 1453 1453 0 1460 1460 0 1694 1694 0 1458 1458 0 220 220 0 219 219 0 1463 1463 0 1466 1466 0 218 218 0 217 217 0 1468 1468 0 1695 1695 0 214 214 0 206 206 0 1696 1696 0 204 204 0 203 203 0 198 198 0 201 201 0 193 193 0 1476 1476 0 1474 1474 0 191 191 0 1478 1478 0 189 189 0 182 182 0 1480 1480 0 180 180 0 172 172 0 1484 1484 0 1697 1697 0 169 169 0 168 168 0 1486 1486 0 164 164 0 1698 1698 0 162 162 0 160 160 0 1490 1490 0 1539 1539 0 154 154 0 153 153 0 1491 1491 0 1492 1492 0 150 150 0 1493 1493 0 146 146 0 1498 1498 0 1496 1496 0 144 144 0 143 143 0 1512 1512 0 135 135 0 134 134 0 1502 1502 0 130 130 0 1699 1699 0 128 128 0 126 126 0 125 125 0 1505 1505 0 121 121 0 1509 1509 0 1507 1507 0 3 3 0 5 5 0 1 1 0 117 117 0 8 8 0 1700 1700 0 1531 1531 0 17 17 0 1530 1530 0 149 149 0 1497 1497 0 147 147 0 35 35 0 37 37 0 33 33 0 53 53 0 55 55 0 51 51 0 1522 1522 0 61 61 0 62 62 0 75 75 0 74 74 0 1523 1523 0 860 860 0 71 71 0 859 859 0 92 92 0 90 90 0 93 93 0 57 57 0 56 56 0 1527 1527 0 1515 1515 0 101 101 0 50 50 0 42 42 0 41 41 0 1528 1528 0 33 33 0 105 105 0 35 35 0 22 22 0 108 108 0 24 24 0 17 17 0 1531 1531 0 113 113 0 11 11 0 1533 1533 0 9 9 0 4 4 0 3 3 0 116 116 0 1506 1506 0 130 130 0 1534 1534 0 1701 1701 0 1702 1702 0 138 138 0 1500 1500 0 1499 1499 0 144 144 0 1496 1496 0 1538 1538 0 146 146 0 1494 1494 0 155 155 0 1492 1492 0 159 159 0 161 161 0 157 157 0 1486 1486 0 1485 1485 0 1541 1541 0 1482 1482 0 176 176 0 1703 1703 0 183 183 0 188 188 0 184 184 0 1474 1474 0 197 197 0 1543 1543 0 204 204 0 209 209 0 205 205 0 1704 1704 0 215 215 0 1546 1546 0 237 237 0 1705 1705 0 236 236 0 240 240 0 1548 1548 0 238 238 0 1550 1550 0 1549 1549 0 245 245 0 1706 1706 0 259 259 0 258 258 0 261 261 0 1706 1706 0 258 258 0 1557 1557 0 275 275 0 276 276 0 281 281 0 1558 1558 0 280 280 0 1559 1559 0 289 289 0 291 291 0 299 299 0 1385 1385 0 300 300 0 311 311 0 309 309 0 1560 1560 0 312 312 0 314 314 0 1561 1561 0 1373 1373 0 1372 1372 0 323 323 0 1367 1367 0 330 330 0 1368 1368 0 346 346 0 343 343 0 341 341 0 367 367 0 1707 1707 0 364 364 0 1707 1707 0 362 362 0 364 364 0 1566 1566 0 357 357 0 366 366 0 374 374 0 376 376 0 373 373 0 382 382 0 380 380 0 379 379 0 1300 1300 0 391 391 0 387 387 0 398 398 0 401 401 0 399 399 0 405 405 0 408 408 0 406 406 0 421 421 0 417 417 0 419 419 0 1573 1573 0 1572 1572 0 422 422 0 1574 1574 0 1708 1708 0 427 427 0 1247 1247 0 1577 1577 0 1245 1245 0 1240 1240 0 447 447 0 1709 1709 0 445 445 0 450 450 0 446 446 0 1231 1231 0 1230 1230 0 1233 1233 0 1578 1578 0 464 464 0 463 463 0 473 473 0 475 475 0 474 474 0 1581 1581 0 478 478 0 1582 1582 0 1582 1582 0 1583 1583 0 481 481 0 484 484 0 489 489 0 485 485 0 1194 1194 0 498 498 0 497 497 0 1588 1588 0 1587 1587 0 502 502 0 511 511 0 515 515 0 512 512 0 519 519 0 516 516 0 517 517 0 518 518 0 520 520 0 519 519 0 1710 1710 0 528 528 0 1591 1591 0 1594 1594 0 1137 1137 0 1593 1593 0 549 549 0 552 552 0 550 550 0 1650 1650 0 1134 1134 0 558 558 0 591 591 0 592 592 0 590 590 0 600 600 0 1711 1711 0 598 598 0 602 602 0 603 603 0 605 605 0 604 604 0 608 608 0 606 606 0 1712 1712 0 1598 1598 0 617 617 0 1713 1713 0 1037 1037 0 625 625 0 654 654 0 1600 1600 0 652 652 0 1630 1630 0 1629 1629 0 1714 1714 0 667 667 0 686 686 0 668 668 0 669 669 0 670 670 0 672 672 0 677 677 0 679 679 0 675 675 0 685 685 0 1604 1604 0 684 684 0 687 687 0 689 689 0 665 665 0 1606 1606 0 708 708 0 707 707 0 709 709 0 712 712 0 710 710 0 1715 1715 0 720 720 0 1607 1607 0 1716 1716 0 1608 1608 0 731 731 0 729 729 0 730 730 0 727 727 0 1609 1609 0 1717 1717 0 1718 1718 0 1610 1610 0 1719 1719 0 751 751 0 1611 1611 0 760 760 0 763 763 0 771 771 0 773 773 0 769 769 0 780 780 0 782 782 0 778 778 0 792 792 0 797 797 0 793 793 0 801 801 0 803 803 0 799 799 0 916 916 0 812 812 0 915 915 0 816 816 0 821 821 0 817 817 0 850 850 0 846 846 0 845 845 0 856 856 0 1720 1720 0 854 854 0 79 79 0 78 78 0 1525 1525 0 1616 1616 0 1721 1721 0 863 863 0 1720 1720 0 1722 1722 0 854 854 0 1723 1723 0 876 876 0 1618 1618 0 880 880 0 1723 1723 0 1618 1618 0 884 884 0 890 890 0 1724 1724 0 1724 1724 0 882 882 0 884 884 0 1725 1725 0 834 834 0 892 892 0 893 893 0 897 897 0 894 894 0 901 901 0 1726 1726 0 902 902 0 820 820 0 819 819 0 822 822 0 912 912 0 914 914 0 1612 1612 0 809 809 0 919 919 0 807 807 0 799 799 0 798 798 0 1624 1624 0 784 784 0 928 928 0 786 786 0 719 719 0 715 715 0 717 717 0 945 945 0 943 943 0 946 946 0 1727 1727 0 949 949 0 948 948 0 1728 1728 0 1627 1627 0 958 958 0 1729 1729 0 957 957 0 956 956 0 972 972 0 968 968 0 970 970 0 977 977 0 979 979 0 978 978 0 665 665 0 984 984 0 687 687 0 653 653 0 657 657 0 654 654 0 995 995 0 992 992 0 996 996 0 998 998 0 1002 1002 0 1001 1001 0 1012 1012 0 1637 1637 0 1010 1010 0 1017 1017 0 1730 1730 0 1023 1023 0 1730 1730 0 1020 1020 0 1023 1023 0 633 633 0 1731 1731 0 635 635 0 633 633 0 632 632 0 1731 1731 0 627 627 0 1732 1732 0 629 629 0 1048 1048 0 1049 1049 0 1046 1046 0 1051 1051 0 1055 1055 0 1052 1052 0 1057 1057 0 1060 1060 0 1058 1058 0 1061 1061 0 1733 1733 0 1062 1062 0 1074 1074 0 1079 1079 0 1077 1077 0 1734 1734 0 1077 1077 0 1079 1079 0 1093 1093 0 1735 1735 0 1091 1091 0 1736 1736 0 1094 1094 0 1645 1645 0 1107 1107 0 1737 1737 0 1105 1105 0 1110 1110 0 1738 1738 0 1111 1111 0 1648 1648 0 1739 1739 0 1121 1121 0 1121 1121 0 1649 1649 0 1648 1648 0 1740 1740 0 1653 1653 0 1651 1651 0 1654 1654 0 1740 1740 0 1651 1651 0 1655 1655 0 1593 1593 0 1137 1137 0 1148 1148 0 1741 1741 0 1145 1145 0 1149 1149 0 1152 1152 0 1150 1150 0 1163 1163 0 1166 1166 0 1658 1658 0 1657 1657 0 1157 1157 0 1158 1158 0 1174 1174 0 1661 1661 0 1175 1175 0 509 509 0 1180 1180 0 1179 1179 0 1187 1187 0 1662 1662 0 1186 1186 0 1191 1191 0 1189 1189 0 1188 1188 0 1742 1742 0 1198 1198 0 1200 1200 0 1204 1204 0 1206 1206 0 1203 1203 0 468 468 0 467 467 0 1208 1208 0 1218 1218 0 1665 1665 0 1219 1219 0 1217 1217 0 1743 1743 0 1218 1218 0 1235 1235 0 1231 1231 0 1233 1233 0 459 459 0 454 454 0 457 457 0 453 453 0 1238 1238 0 451 451 0 437 437 0 1244 1244 0 439 439 0 1250 1250 0 1744 1744 0 1248 1248 0 1257 1257 0 1253 1253 0 1254 1254 0 1261 1261 0 394 394 0 393 393 0 1267 1267 0 1671 1671 0 1264 1264 0 1280 1280 0 1282 1282 0 1278 1278 0 1284 1284 0 1281 1281 0 1282 1282 0 1296 1296 0 1298 1298 0 1294 1294 0 387 387 0 386 386 0 1299 1299 0 1745 1745 0 336 336 0 1303 1303 0 1746 1746 0 1309 1309 0 1677 1677 0 1322 1322 0 1327 1327 0 1324 1324 0 1329 1329 0 1747 1747 0 1330 1330 0 1335 1335 0 1342 1342 0 1336 1336 0 1682 1682 0 1336 1336 0 1342 1342 0 1748 1748 0 1684 1684 0 1348 1348 0 1353 1353 0 1350 1350 0 1347 1347 0 329 329 0 328 328 0 331 331 0 323 323 0 322 322 0 1373 1373 0 1382 1382 0 1380 1380 0 1379 1379 0 1392 1392 0 1393 1393 0 1390 1390 0 1749 1749 0 1397 1397 0 1396 1396 0 1399 1399 0 1749 1749 0 1400 1400 0 1406 1406 0 1409 1409 0 1686 1686 0 1750 1750 0 1687 1687 0 1410 1410 0 1691 1691 0 1690 1690 0 1423 1423 0 1422 1422 0 1751 1751 0 1423 1423 0 1752 1752 0 1434 1434 0 1692 1692 0 1693 1693 0 1443 1443 0 1439 1439 0 1449 1449 0 1753 1753 0 1450 1450 0 1694 1694 0 220 220 0 1462 1462 0 214 214 0 1695 1695 0 1467 1467 0 209 209 0 1471 1471 0 207 207 0 200 200 0 1473 1473 0 198 198 0 187 187 0 1754 1754 0 1477 1477 0 179 179 0 1481 1481 0 177 177 0 1755 1755 0 1697 1697 0 1482 1482 0 170 170 0 1488 1488 0 168 168 0 1540 1540 0 1539 1539 0 1698 1698 0 155 155 0 1494 1494 0 153 153 0 138 138 0 1756 1756 0 1701 1701 0 136 136 0 1757 1757 0 134 134 0 133 133 0 1504 1504 0 1503 1503 0 124 124 0 119 119 0 1758 1758 0 117 117 0 1700 1700 0 4 4 0 1510 1510 0 1530 1530 0 1511 1511 0 41 41 0 43 43 0 39 39 0 50 50 0 52 52 0 1515 1515 0 1521 1521 0 1759 1759 0 59 59 0 70 70 0 859 859 0 71 71 0 54 54 0 1760 1760 0 1516 1516 0 1527 1527 0 1526 1526 0 57 57 0 39 39 0 103 103 0 41 41 0 30 30 0 29 29 0 1529 1529 0 13 13 0 1532 1532 0 1510 1510 0 8 8 0 117 117 0 6 6 0 1504 1504 0 1535 1535 0 129 129 0 1502 1502 0 1536 1536 0 135 135 0 1491 1491 0 158 158 0 154 154 0 1697 1697 0 1755 1755 0 172 172 0 177 177 0 182 182 0 178 178 0 189 189 0 194 194 0 190 190 0 207 207 0 212 212 0 208 208 0 239 239 0 236 236 0 1705 1705 0 1705 1705 0 240 240 0 239 239 0 259 259 0 1552 1552 0 257 257 0 277 277 0 276 276 0 279 279 0 292 292 0 296 296 0 295 295 0 305 305 0 1761 1761 0 1762 1762 0 319 319 0 321 321 0 1563 1563 0 1377 1377 0 324 324 0 1375 1375 0 345 345 0 349 349 0 347 347 0 359 359 0 365 365 0 357 357 0 364 364 0 356 356 0 367 367 0 385 385 0 382 382 0 383 383 0 399 399 0 1570 1570 0 396 396 0 406 406 0 402 402 0 404 404 0 415 415 0 413 413 0 1763 1763 0 432 432 0 1576 1576 0 1575 1575 0 1240 1240 0 1709 1709 0 443 443 0 477 477 0 474 474 0 475 475 0 481 481 0 1580 1580 0 1582 1582 0 495 495 0 502 502 0 1587 1587 0 514 514 0 512 512 0 515 515 0 515 515 0 1589 1589 0 513 513 0 534 534 0 1592 1592 0 535 535 0 1139 1139 0 1594 1594 0 1140 1140 0 1651 1651 0 1135 1135 0 1654 1654 0 1764 1764 0 590 590 0 593 593 0 599 599 0 597 597 0 600 600 0 1711 1711 0 602 602 0 598 598 0 1765 1765 0 1599 1599 0 621 621 0 1631 1631 0 650 650 0 647 647 0 1630 1630 0 1714 1714 0 1602 1602 0 676 676 0 1605 1605 0 677 677 0 674 674 0 672 672 0 671 671 0 684 684 0 673 673 0 685 685 0 705 705 0 706 706 0 708 708 0 728 728 0 1766 1766 0 729 729 0 1767 1767 0 729 729 0 1766 1766 0 1768 1768 0 751 751 0 1719 1719 0 1769 1769 0 763 763 0 760 760 0 777 777 0 779 779 0 931 931 0 923 923 0 800 800 0 922 922 0 822 822 0 824 824 0 820 820 0 82 82 0 1525 1525 0 80 80 0 865 865 0 869 869 0 871 871 0 878 878 0 1618 1618 0 876 876 0 885 885 0 837 837 0 1614 1614 0 894 894 0 1725 1725 0 892 892 0 906 906 0 1622 1622 0 907 907 0 797 797 0 924 924 0 795 795 0 791 791 0 927 927 0 789 789 0 948 948 0 944 944 0 1727 1727 0 953 953 0 950 950 0 951 951 0 969 969 0 1770 1770 0 970 970 0 695 695 0 1771 1771 0 691 691 0 996 996 0 997 997 0 994 994 0 1007 1007 0 1003 1003 0 1636 1636 0 1008 1008 0 1009 1009 0 1006 1006 0 627 627 0 626 626 0 1732 1732 0 1026 1026 0 1029 1029 0 1024 1024 0 1023 1023 0 1772 1772 0 1017 1017 0 1044 1044 0 1048 1048 0 1045 1045 0 1055 1055 0 1056 1056 0 1053 1053 0 1059 1059 0 1053 1053 0 1057 1057 0 1081 1081 0 1734 1734 0 1079 1079 0 1096 1096 0 1736 1736 0 1645 1645 0 1111 1111 0 1108 1108 0 1106 1106 0 572 572 0 1773 1773 0 570 570 0 1652 1652 0 1133 1133 0 1134 1134 0 542 542 0 1143 1143 0 540 540 0 1154 1154 0 1151 1151 0 1152 1152 0 1155 1155 0 1158 1158 0 1156 1156 0 1592 1592 0 534 534 0 537 537 0 1185 1185 0 1186 1186 0 1183 1183 0 1774 1774 0 1192 1192 0 1194 1194 0 1202 1202 0 1663 1663 0 1199 1199 0 1775 1775 0 1218 1218 0 1743 1743 0 1226 1226 0 1225 1225 0 1228 1228 0 447 447 0 1241 1241 0 445 445 0 1259 1259 0 1257 1257 0 1256 1256 0 1258 1258 0 1261 1261 0 1670 1670 0 1674 1674 0 1280 1280 0 1279 1279 0 391 391 0 1300 1300 0 389 389 0 338 338 0 1745 1745 0 1303 1303 0 1776 1776 0 1746 1746 0 1677 1677 0 1319 1319 0 1321 1321 0 1320 1320 0 1680 1680 0 1330 1330 0 1333 1333 0 1333 1333 0 1341 1341 0 1331 1331 0 1352 1352 0 1777 1777 0 1350 1350 0 1368 1368 0 1370 1370 0 1367 1367 0 1563 1563 0 1562 1562 0 319 319 0 303 303 0 1778 1778 0 301 301 0 1396 1396 0 1400 1400 0 1749 1749 0 1404 1404 0 1402 1402 0 1401 1401 0 1427 1427 0 1691 1691 0 226 226 0 1440 1440 0 1779 1779 0 1441 1441 0 1459 1459 0 1780 1780 0 1460 1460 0 215 215 0 1704 1704 0 1469 1469 0 206 206 0 1544 1544 0 1696 1696 0 197 197 0 1475 1475 0 195 195 0 187 187 0 186 186 0 1754 1754 0 176 176 0 1483 1483 0 174 174 0 152 152 0 1495 1495 0 150 150 0 110 110 0 109 109 0 1501 1501 0 136 136 0 131 131 0 1757 1757 0 124 124 0 1758 1758 0 122 122 0 114 114 0 14 14 0 1781 1781 0 47 47 0 49 49 0 45 45 0 1782 1782 0 59 59 0 1759 1759 0 69 69 0 1783 1783 0 70 70 0 98 98 0 89 89 0 88 88 0 36 36 0 104 104 0 1513 1513 0 1509 1509 0 1784 1784 0 0 0 0 131 131 0 136 136 0 132 132 0 147 147 0 152 152 0 148 148 0 1482 1482 0 1703 1703 0 1755 1755 0 1544 1544 0 1545 1545 0 202 202 0 232 232 0 1547 1547 0 234 234 0 301 301 0 1383 1383 0 302 302 0 1762 1762 0 1785 1785 0 305 305 0 353 353 0 351 351 0 350 350 0 352 352 0 355 355 0 353 353 0 1569 1569 0 378 378 0 375 375 0 403 403 0 400 400 0 1571 1571 0 439 439 0 441 441 0 437 437 0 476 476 0 1582 1582 0 478 478 0 1191 1191 0 1188 1188 0 1786 1786 0 1590 1590 0 519 519 0 520 520 0 1661 1661 0 1174 1174 0 538 538 0 552 552 0 553 553 0 1136 1136 0 595 595 0 1764 1764 0 593 593 0 626 626 0 628 628 0 1037 1037 0 1771 1771 0 692 692 0 691 691 0 663 663 0 1603 1603 0 661 661 0 981 981 0 980 980 0 1629 1629 0 1787 1787 0 705 705 0 704 704 0 1766 1766 0 725 725 0 1767 1767 0 774 774 0 931 931 0 775 775 0 926 926 0 791 791 0 787 787 0 1612 1612 0 1613 1613 0 912 912 0 86 86 0 80 80 0 84 84 0 877 877 0 853 853 0 852 852 0 836 836 0 1620 1620 0 834 834 0 818 818 0 1612 1612 0 911 911 0 802 802 0 921 921 0 804 804 0 1625 1625 0 1727 1727 0 944 944 0 980 980 0 982 982 0 658 658 0 686 686 0 985 985 0 664 664 0 1005 1005 0 1636 1636 0 1003 1003 0 1037 1037 0 1713 1713 0 1038 1038 0 625 625 0 622 622 0 1713 1713 0 1640 1640 0 1046 1046 0 1050 1050 0 1114 1114 0 570 570 0 1115 1115 0 1138 1138 0 548 548 0 547 547 0 1150 1150 0 1656 1656 0 1147 1147 0 536 536 0 532 532 0 534 534 0 497 497 0 1774 1774 0 1194 1194 0 1200 1200 0 1788 1788 0 1742 1742 0 456 456 0 1237 1237 0 454 454 0 1252 1252 0 1669 1669 0 1249 1249 0 1675 1675 0 1789 1789 0 1674 1674 0 1677 1677 0 1790 1790 0 1776 1776 0 1747 1747 0 1333 1333 0 1330 1330 0 1372 1372 0 1374 1374 0 325 325 0 1397 1397 0 1685 1685 0 1394 1394 0 1546 1546 0 210 210 0 1704 1704 0 202 202 0 1472 1472 0 1544 1544 0 185 185 0 1479 1479 0 183 183 0 157 157 0 156 156 0 159 159 0 142 142 0 1701 1701 0 1791 1791 0 130 130 0 1506 1506 0 1699 1699 0 9 9 0 1781 1781 0 10 10 0 1520 1520 0 97 97 0 1518 1518 0 1792 1792 0 70 70 0 1783 1783 0 54 54 0 53 53 0 1760 1760 0 45 45 0 102 102 0 47 47 0 1781 1781 0 9 9 0 114 114 0 1701 1701 0 142 142 0 1702 1702 0 165 165 0 170 170 0 166 166 0 195 195 0 200 200 0 196 196 0 1793 1793 0 231 231 0 233 233 0 1785 1785 0 306 306 0 305 305 0 348 348 0 346 346 0 345 345 0 1794 1794 0 395 395 0 397 397 0 457 457 0 461 461 0 458 458 0 1795 1795 0 510 510 0 509 509 0 1173 1173 0 1169 1169 0 1171 1171 0 585 585 0 588 588 0 586 586 0 1036 1036 0 1032 1032 0 630 630 0 657 657 0 986 986 0 655 655 0 691 691 0 694 694 0 695 695 0 1796 1796 0 1787 1787 0 704 704 0 786 786 0 788 788 0 784 784 0 810 810 0 815 815 0 811 811 0 1797 1797 0 85 85 0 84 84 0 812 812 0 1623 1623 0 810 810 0 943 943 0 1798 1798 0 941 941 0 1602 1602 0 1601 1601 0 1630 1630 0 1635 1635 0 1005 1005 0 1000 1000 0 640 640 0 1013 1013 0 638 638 0 1639 1639 0 1043 1043 0 1042 1042 0 1741 1741 0 1142 1142 0 1145 1145 0 1788 1788 0 1197 1197 0 1742 1742 0 443 443 0 1242 1242 0 1240 1240 0 1799 1799 0 1248 1248 0 1744 1744 0 1790 1790 0 1308 1308 0 1776 1776 0 1327 1327 0 1679 1679 0 1325 1325 0 317 317 0 1378 1378 0 1562 1562 0 1800 1800 0 1392 1392 0 1391 1391 0 212 212 0 1470 1470 0 210 210 0 142 142 0 1791 1791 0 140 140 0 138 138 0 137 137 0 1756 1756 0 1783 1783 0 1801 1801 0 1792 1792 0 88 88 0 1518 1518 0 97 97 0 27 27 0 1537 1537 0 1499 1499 0 1477 1477 0 191 191 0 1542 1542 0 233 233 0 1802 1802 0 1793 1793 0 1376 1376 0 1375 1375 0 320 320 0 370 370 0 1565 1565 0 1564 1564 0 397 397 0 1803 1803 0 1794 1794 0 586 586 0 582 582 0 584 584 0 1034 1034 0 1018 1018 0 1032 1032 0 1804 1804 0 646 646 0 645 645 0 645 645 0 698 698 0 697 697 0 84 84 0 1805 1805 0 1797 1797 0 781 781 0 929 929 0 783 783 0 1806 1806 0 941 941 0 1798 1798 0 697 697 0 1804 1804 0 645 645 0 639 639 0 1012 1012 0 640 640 0 1599 1599 0 1765 1765 0 622 622 0 1807 1807 0 1039 1039 0 1041 1041 0 1577 1577 0 1668 1668 0 436 436 0 1808 1808 0 1799 1799 0 1744 1744 0 1391 1391 0 1809 1809 0 1800 1800 0 194 194 0 189 189 0 192 192 0 21 21 0 23 23 0 109 109 0 66 66 0 1792 1792 0 1801 1801 0 96 96 0 93 93 0 1526 1526 0 1698 1698 0 164 164 0 1540 1540 0 1802 1802 0 230 230 0 1793 1793 0 1568 1568 0 340 340 0 342 342 0 1571 1571 0 404 404 0 403 403 0 1810 1810 0 584 584 0 583 583 0 632 632 0 634 634 0 1018 1018 0 979 979 0 977 977 0 659 659 0 1721 1721 0 1797 1797 0 1805 1805 0 931 931 0 932 932 0 777 777 0 1798 1798 0 1811 1811 0 1806 1806 0 1634 1634 0 1812 1812 0 642 642 0 993 993 0 996 996 0 992 992 0 1041 1041 0 1813 1813 0 1807 1807 0 432 432 0 1575 1575 0 433 433 0 1744 1744 0 1814 1814 0 1808 1808 0 1485 1485 0 1487 1487 0 171 171 0 24 24 0 106 106 0 25 25 0 1801 1801 0 67 67 0 66 66 0 16 16 0 15 15 0 18 18 0 1564 1564 0 368 368 0 370 370 0 975 975 0 974 974 0 977 977 0 1805 1805 0 863 863 0 1721 1721 0 776 776 0 1815 1815 0 774 774 0 621 621 0 618 618 0 1765 1765 0 1062 1062 0 1733 1733 0 1066 1066 0 167 167 0 1489 1489 0 165 165 0 1759 1759 0 1520 1520 0 1782 1782 0 372 372 0 370 370 0 369 369 0 867 867 0 864 864 0 865 865 0 776 776 0 771 771 0 1815 1815 0 32 32 0 34 34 0 30 30 0 1519 1519 0 1782 1782 0 1520 1520 0 871 871 0 868 868 0 865 865 0 56 56 0 58 58 0 1517 1517 0 872 872 0 870 870 0 869 869 0 109 109 0 111 111 0 21 21 0 1722 1722 0 858 858 0 854 854 0 1509 1509 0 121 121 0 1784 1784 0 874 874 0 856 856 0 875 875 0 125 125 0 127 127 0 123 123 0 853 853 0 873 873 0 1617 1617 0 1467 1467 0 1816 1816 0 214 214 0 1617 1617 0 851 851 0 853 853 0 217 217 0 1816 1816 0 1467 1467 0 847 847 0 842 842 0 1615 1615 0 218 218 0 1464 1464 0 216 216 0 1817 1817 0 1615 1615 0 842 842 0 219 219 0 221 221 0 216 216 0 844 844 0 1817 1817 0 842 842 0 1462 1462 0 1458 1458 0 1694 1694 0 1818 1818 0 844 844 0 840 840 0 1455 1455 0 1460 1460 0 1780 1780 0 1819 1819 0 1818 1818 0 840 840 0 1780 1780 0 1456 1456 0 1455 1455 0 841 841 0 1819 1819 0 840 840 0 1453 1453 0 1820 1820 0 1455 1455 0 838 838 0 841 841 0 839 839 0 1453 1453 0 1452 1452 0 1820 1820 0 1619 1619 0 1724 1724 0 890 890 0 1451 1451 0 1450 1450 0 1452 1452 0 891 891 0 836 836 0 888 888 0 1821 1821 0 1450 1450 0 1753 1753 0 898 898 0 897 897 0 832 832 0 1446 1446 0 1821 1821 0 1753 1753 0 1726 1726 0 828 828 0 830 830 0 1753 1753 0 1447 1447 0 1446 1446 0 830 830 0 902 902 0 1726 1726 0 1444 1444 0 1443 1443 0 1446 1446 0 826 826 0 1621 1621 0 827 827 0 224 224 0 1441 1441 0 1779 1779 0 1621 1621 0 907 907 0 1622 1622 0 1779 1779 0 222 222 0 224 224 0 807 807 0 915 915 0 808 808 0 1438 1438 0 1822 1822 0 224 224 0 918 918 0 917 917 0 805 805 0 1438 1438 0 1436 1436 0 1822 1822 0 769 769 0 768 768 0 771 771 0 1435 1435 0 1434 1434 0 1436 1436 0 770 770 0 766 766 0 768 768 0 1692 1692 0 1823 1823 0 1752 1752 0 764 764 0 763 763 0 766 766 0 1429 1429 0 1752 1752 0 1823 1823 0 759 759 0 1769 1769 0 760 760 0 1823 1823 0 1430 1430 0 1429 1429 0 935 935 0 759 759 0 933 933 0 225 225 0 227 227 0 1429 1429 0 755 755 0 935 935 0 934 934 0 1423 1423 0 1751 1751 0 1691 1691 0 934 934 0 758 758 0 755 755 0 1824 1824 0 1422 1422 0 1689 1689 0 757 757 0 752 752 0 755 755 0 1689 1689 0 1825 1825 0 1824 1824 0 1719 1719 0 1826 1826 0 1768 1768 0 1825 1825 0 1421 1421 0 1824 1824 0 749 749 0 1768 1768 0 1826 1826 0 1827 1827 0 1824 1824 0 1421 1421 0 1826 1826 0 750 750 0 749 749 0 1418 1418 0 1827 1827 0 1421 1421 0 747 747 0 744 744 0 749 749 0 1828 1828 0 1418 1418 0 1688 1688 0 1718 1718 0 743 743 0 1609 1609 0 1688 1688 0 1416 1416 0 1828 1828 0 1717 1717 0 1829 1829 0 1718 1718 0 1416 1416 0 1415 1415 0 1828 1828 0 1829 1829 0 741 741 0 1718 1718 0 1414 1414 0 1411 1411 0 1415 1415 0 741 741 0 740 740 0 1718 1718 0 1687 1687 0 1750 1750 0 1411 1411 0 742 742 0 738 738 0 740 740 0 1410 1410 0 1409 1409 0 1750 1750 0 735 735 0 734 734 0 738 738 0 1809 1809 0 228 228 0 1800 1800 0 1608 1608 0 1716 1716 0 734 734 0 1830 1830 0 1800 1800 0 228 228 0 731 731 0 730 730 0 1716 1716 0 230 230 0 1830 1830 0 228 228 0 724 724 0 1767 1767 0 725 725 0 229 229 0 1793 1793 0 230 230 0 721 721 0 720 720 0 724 724 0 242 242 0 238 238 0 1548 1548 0 1607 1607 0 1831 1831 0 1715 1715 0 245 245 0 243 243 0 1550 1550 0 1831 1831 0 936 936 0 1715 1715 0 249 249 0 246 246 0 1551 1551 0 938 938 0 1715 1715 0 936 936 0 252 252 0 1551 1551 0 250 250 0 940 940 0 937 937 0 936 936 0 1832 1832 0 253 253 0 250 250 0 717 717 0 939 939 0 718 718 0 250 250 0 254 254 0 1832 1832 0 704 704 0 1833 1833 0 1796 1796 0 1834 1834 0 1832 1832 0 254 254 0 1833 1833 0 1806 1806 0 1796 1796 0 256 256 0 1834 1834 0 254 254 0 1811 1811 0 1796 1796 0 1806 1806 0 1553 1553 0 256 256 0 255 255 0 951 951 0 954 954 0 953 953 0 255 255 0 257 257 0 1552 1552 0 954 954 0 1729 1729 0 956 956 0 266 266 0 260 260 0 264 264 0 958 958 0 957 957 0 1728 1728 0 1554 1554 0 264 264 0 1555 1555 0 1627 1627 0 1728 1728 0 962 962 0 269 269 0 1555 1555 0 267 267 0 963 963 0 962 962 0 964 964 0 1835 1835 0 270 270 0 267 267 0 967 967 0 964 964 0 700 700 0 267 267 0 1387 1387 0 1835 1835 0 702 702 0 966 966 0 700 700 0 1389 1389 0 1835 1835 0 1387 1387 0 1836 1836 0 702 702 0 701 701 0 1837 1837 0 1389 1389 0 1388 1388 0 1770 1770 0 1836 1836 0 701 701 0 272 272 0 1837 1837 0 1388 1388 0 701 701 0 1838 1838 0 1770 1770 0 1388 1388 0 273 273 0 272 272 0 1838 1838 0 970 970 0 1770 1770 0 280 280 0 279 279 0 281 281 0 1633 1633 0 696 696 0 987 987 0 282 282 0 281 281 0 284 284 0 987 987 0 1634 1634 0 1633 1633 0 286 286 0 285 285 0 284 284 0 642 642 0 1632 1632 0 1634 1634 0 1839 1839 0 285 285 0 286 286 0 1812 1812 0 643 643 0 642 642 0 1840 1840 0 1839 1839 0 286 286 0 989 989 0 641 641 0 990 990 0 288 288 0 1840 1840 0 286 286 0 1772 1772 0 1638 1638 0 1017 1017 0 287 287 0 291 291 0 289 289 0 1027 1027 0 1029 1029 0 636 636 0 295 295 0 293 293 0 292 292 0 1598 1598 0 1712 1712 0 618 618 0 303 303 0 1386 1386 0 1778 1778 0 617 617 0 616 616 0 1712 1712 0 1762 1762 0 1761 1761 0 1841 1841 0 1842 1842 0 616 616 0 1597 1597 0 308 308 0 1762 1762 0 1841 1841 0 1597 1597 0 613 613 0 1842 1842 0 1841 1841 0 309 309 0 308 308 0 613 613 0 609 609 0 1842 1842 0 1561 1561 0 1560 1560 0 312 312 0 1813 1813 0 1810 1810 0 583 583 0 315 315 0 312 312 0 316 316 0 583 583 0 1807 1807 0 1813 1813 0 1369 1369 0 1843 1843 0 326 326 0 1067 1067 0 1066 1066 0 1068 1068 0 1369 1369 0 1368 1368 0 1843 1843 0 1641 1641 0 1068 1068 0 1642 1642 0 1365 1365 0 1361 1361 0 1363 1363 0 1844 1844 0 1643 1643 0 1642 1642 0 1361 1361 0 1360 1360 0 1363 1363 0 1845 1845 0 1643 1643 0 1844 1844 0 1362 1362 0 1358 1358 0 1360 1360 0 1846 1846 0 1845 1845 0 1844 1844 0 1355 1355 0 1354 1354 0 1358 1358 0 1847 1847 0 1846 1846 0 1844 1844 0 1684 1684 0 1748 1748 0 1354 1354 0 1844 1844 0 1848 1848 0 1847 1847 0 1348 1348 0 1347 1347 0 1748 1748 0 1848 1848 0 1072 1072 0 1847 1847 0 1849 1849 0 1350 1350 0 1777 1777 0 1071 1071 0 1847 1847 0 1072 1072 0 1777 1777 0 1683 1683 0 1849 1849 0 1644 1644 0 1070 1070 0 1072 1072 0 1343 1343 0 1849 1849 0 1683 1683 0 1075 1075 0 1644 1644 0 1073 1073 0 1346 1346 0 1344 1344 0 1343 1343 0 1850 1850 0 1086 1086 0 1082 1082 0 1320 1320 0 1851 1851 0 1318 1318 0 581 581 0 1086 1086 0 1850 1850 0 1851 1851 0 1678 1678 0 1318 1318 0 580 580 0 1086 1086 0 581 581 0 1852 1852 0 1318 1318 0 1678 1678 0 1853 1853 0 579 579 0 581 581 0 1317 1317 0 1852 1852 0 1678 1678 0 581 581 0 1087 1087 0 1853 1853 0 1315 1315 0 1317 1317 0 1312 1312 0 1854 1854 0 1853 1853 0 1087 1087 0 1310 1310 0 1314 1314 0 1311 1311 0 1089 1089 0 1854 1854 0 1087 1087 0 1307 1307 0 1776 1776 0 1308 1308 0 1735 1735 0 1090 1090 0 1091 1091 0 1308 1308 0 1855 1855 0 1306 1306 0 1099 1099 0 1097 1097 0 1646 1646 0 1855 1855 0 334 334 0 1306 1306 0 1100 1100 0 1646 1646 0 578 578 0 1304 1304 0 339 339 0 338 338 0 1856 1856 0 576 576 0 578 578 0 1857 1857 0 1302 1302 0 1568 1568 0 578 578 0 1858 1858 0 1856 1856 0 1567 1567 0 1857 1857 0 1568 1568 0 1858 1858 0 573 573 0 1856 1856 0 1294 1294 0 1293 1293 0 1296 1296 0 1859 1859 0 1856 1856 0 573 573 0 1295 1295 0 1290 1290 0 1293 1293 0 575 575 0 1859 1859 0 573 573 0 1288 1288 0 1287 1287 0 1290 1290 0 1102 1102 0 575 575 0 574 574 0 1289 1289 0 1285 1285 0 1287 1287 0 1737 1737 0 1647 1647 0 1105 1105 0 1860 1860 0 1674 1674 0 1789 1789 0 1113 1113 0 1738 1738 0 1110 1110 0 1789 1789 0 1277 1277 0 1860 1860 0 1773 1773 0 572 572 0 1118 1118 0 1276 1276 0 1860 1860 0 1277 1277 0 1117 1117 0 1773 1773 0 1118 1118 0 1275 1275 0 1861 1861 0 1276 1276 0 1119 1119 0 1118 1118 0 1648 1648 0 1862 1862 0 1276 1276 0 1861 1861 0 1121 1121 0 1739 1739 0 1122 1122 0 1861 1861 0 1863 1863 0 1862 1862 0 1123 1123 0 1122 1122 0 1125 1125 0 1270 1270 0 1862 1862 0 1863 1863 0 1129 1129 0 1125 1125 0 1127 1127 0 1863 1863 0 1273 1273 0 1270 1270 0 569 569 0 1128 1128 0 1127 1127 0 1272 1272 0 1672 1672 0 1270 1270 0 1864 1864 0 1128 1128 0 569 569 0 1268 1268 0 1267 1267 0 1672 1672 0 568 568 0 1864 1864 0 569 569 0 1264 1264 0 1263 1263 0 1267 1267 0 569 569 0 1865 1865 0 566 566 0 1260 1260 0 1670 1670 0 1261 1261 0 1865 1865 0 567 567 0 566 566 0 1814 1814 0 1794 1794 0 1808 1808 0 567 567 0 1866 1866 0 1596 1596 0 1803 1803 0 1808 1808 0 1794 1794 0 1866 1866 0 564 564 0 1596 1596 0 415 415 0 1763 1763 0 416 416 0 1595 1595 0 1596 1596 0 564 564 0 417 417 0 416 416 0 419 419 0 564 564 0 1132 1132 0 562 562 0 1572 1572 0 419 419 0 1867 1867 0 555 555 0 1136 1136 0 553 553 0 1572 1572 0 1867 1867 0 422 422 0 1140 1140 0 545 545 0 544 544 0 423 423 0 422 422 0 425 425 0 1141 1141 0 542 542 0 541 541 0 1868 1868 0 426 426 0 425 425 0 1143 1143 0 1144 1144 0 1142 1142 0 425 425 0 1869 1869 0 1868 1868 0 1158 1158 0 1159 1159 0 1657 1657 0 1708 1708 0 1868 1868 0 1869 1869 0 1658 1658 0 1167 1167 0 1163 1163 0 1869 1869 0 427 427 0 1708 1708 0 1164 1164 0 1163 1163 0 1659 1659 0 429 429 0 428 428 0 1575 1575 0 1660 1660 0 1659 1659 0 1168 1168 0 435 435 0 433 433 0 1246 1246 0 1171 1171 0 1169 1169 0 1168 1168 0 454 454 0 459 459 0 455 455 0 1176 1176 0 1171 1171 0 1174 1174 0 1232 1232 0 1228 1228 0 1230 1230 0 529 529 0 528 528 0 532 532 0 1667 1667 0 462 462 0 1225 1225 0 1591 1591 0 1870 1870 0 1710 1710 0 1871 1871 0 1225 1225 0 462 462 0 525 525 0 1710 1710 0 1870 1870 0 464 464 0 1871 1871 0 462 462 0 1870 1870 0 526 526 0 525 525 0 1223 1223 0 1222 1222 0 465 465 0 524 524 0 521 521 0 525 525 0 1743 1743 0 1215 1215 0 1775 1775 0 507 507 0 1187 1187 0 505 505 0 1214 1214 0 1775 1775 0 1215 1215 0 1179 1179 0 1795 1795 0 509 509 0 1213 1213 0 1872 1872 0 1214 1214 0 1184 1184 0 1178 1178 0 1182 1182 0 1873 1873 0 1214 1214 0 1872 1872 0 1191 1191 0 1786 1786 0 504 504 0 1872 1872 0 1874 1874 0 1873 1873 0 1875 1875 0 1194 1194 0 1193 1193 0 1209 1209 0 1873 1873 0 1874 1874 0 1193 1193 0 1876 1876 0 1875 1875 0 1874 1874 0 1210 1210 0 1209 1209 0 1877 1877 0 1875 1875 0 1876 1876 0 467 467 0 469 469 0 1209 1209 0 1876 1876 0 1878 1878 0 1877 1877 0 1196 1196 0 1742 1742 0 1197 1197 0 1878 1878 0 1879 1879 0 1877 1877 0 1197 1197 0 1880 1880 0 1195 1195 0 1585 1585 0 1877 1877 0 1879 1879 0 1880 1880 0 470 470 0 1195 1195 0 1879 1879 0 1586 1586 0 1585 1585 0 472 472 0 1195 1195 0 470 470 0 1584 1584 0 491 491 0 1585 1585 0 474 474 0 1579 1579 0 471 471 0 488 488 0 485 485 0 489 489 0 479 479 0 477 477 0 476 476 0</p></triangles></mesh></geometry></library_geometries><library_visual_scenes><visual_scene id="Scene"><node id="road-node"><instance_geometry url="#road"><bind_material><technique_common><instance_material symbol="asphalt" target="#asphalt-material"><bind_vertex_input semantic="UVSET0" input_semantic="TEXCOORD" input_set="0" /></instance_material></technique_common></bind_material></instance_geometry></node></visual_scene></library_visual_scenes><scene><instance_visual_scene url="#Scene" /></scene></COLLADA>