<?xml version='1.0' encoding='utf-8'?>
<COLLADA xmlns="http://www.collada.org/2005/11/COLLADASchema" version="1.4.1"><asset><created>2026-09-12T00:00:00Z</created><modified>2026-09-12T00:00:00Z</modified><unit name="meter" meter="1" /><up_axis>Z_UP</up_axis></asset><library_images><image id="asphalt-image"><init_from>textures/asphalt.png</init_from></image></library_images><library_effects><effect id="asphalt-effect"><profile_COMMON><newparam sid="surface"><surface type="2D"><init_from>asphalt-image</init_from></surface></newparam><newparam sid="sampler"><sampler2D><source>surface</source></sampler2D></newparam><technique sid="common"><phong><diffuse><texture texture="sampler" texcoord="UVSET0" /></diffuse><specular><color>0.02 0.02 0.02 1</color></specular></phong></technique></profile_COMMON></effect></library_effects><library_materials><material id="asphalt-material"><instance_effect url="#asphalt-effect" /></material></library_materials><library_geometries><geometry id="road"><mesh><source id="positions"><float_array id="positions-array" count="6807">-6.9251373 3.6077235 0.0000000 -6.9063409 -9.3912320 0.0000000 -2.2958482 -7.4633958 0.0000000 -20.7566156 -2.1757850 0.0000000 -16.1273264 -13.2469043 0.0000000 -11.5168337 -11.3190681 0.0000000 -29.9776011 -6.0314574 0.0000000 -29.9588047 -19.0304128 0.0000000 -25.3483119 -17.1025766 0.0000000 -39.1985866 -9.8871297 0.0000000 -39.1797902 -22.8860851 0.0000000 -34.5692975 -20.9582490 0.0000000 -48.4195721 -13.7428021 0.0000000 -48.4007757 -26.7417575 0.0000000 -43.7902830 -24.8139213 0.0000000 -57.6405576 -17.5984744 0.0000000 -57.6217612 -30.5974298 0.0000000 -53.0112685 -28.6695937 0.0000000 -66.8615431 -21.4541467 0.0000000 -66.8427467 -34.4531022 0.0000000 -62.2322540 -32.5252660 0.0000000 -80.6930214 -27.2376552 0.0000000 -85.2847177 -42.1644468 0.0000000 -76.0637322 -38.3087745 0.0000000 -99.1349924 -34.9489999 0.0000000 -103.7266888 -49.8757915 0.0000000 -94.5057033 -46.0201192 0.0000000 -117.5769634 -42.6603446 0.0000000 -122.1686598 -57.5871362 0.0000000 -112.9476743 -53.7314638 0.0000000 -136.0189345 -50.3716892 0.0000000 -131.3896453 -61.4428085 0.0000000 -126.7791525 -59.5149723 0.0000000 -145.2399200 -54.2273616 0.0000000 -140.6106308 -65.2984809 0.0000000 -136.0001380 -63.3706447 0.0000000 -182.0853425 -69.8436304 0.0000000 -177.3827517 -80.8838133 0.0000000 -172.7851422 -78.9254512 0.0000000 -200.4757807 -77.6770788 0.0000000 -195.7731899 -88.7172618 0.0000000 -186.5779708 -84.8005376 0.0000000 -214.2686093 -83.5521652 0.0000000 -209.5660186 -94.5923482 0.0000000 -204.9684090 -92.6339861 0.0000000 -228.0614379 -89.4272516 0.0000000 -223.3588472 -100.4674346 0.0000000 -218.7612376 -98.5090724 0.0000000 -246.4518761 -97.2607001 0.0000000 -246.3468949 -110.2592452 0.0000000 -241.7492854 -108.3008830 0.0000000 -264.8423143 -105.0941486 0.0000000 -260.1397235 -116.1343315 0.0000000 -255.5421140 -114.1759694 0.0000000 -278.6351429 -110.9692349 0.0000000 -278.5301617 -123.9677800 0.0000000 -273.9325522 -122.0094179 0.0000000 -297.0255811 -118.8026834 0.0000000 -296.9205999 -131.8012285 0.0000000 -292.3229904 -129.8428664 0.0000000 -306.2208002 -122.7194077 0.0000000 -306.1158190 -135.7179528 0.0000000 -301.5182094 -133.7595906 0.0000000 -320.0136288 -128.5944940 0.0000000 -319.9086476 -141.5930391 0.0000000 -315.3110381 -139.6346770 0.0000000 -338.4040670 -136.4279425 0.0000000 -338.2990858 -149.4264876 0.0000000 -333.7014763 -147.4681255 0.0000000 -347.5992861 -140.3446668 0.0000000 -347.4943049 -153.3432119 0.0000000 -342.8966953 -151.3848498 0.0000000 -361.3921147 -146.2197531 0.0000000 -361.2871335 -159.2182982 0.0000000 -356.6895240 -157.2599361 0.0000000 -375.1849434 -152.0948395 0.0000000 -375.0799622 -165.0933846 0.0000000 -370.4823526 -163.1350225 0.0000000 -434.1948428 -191.6863629 0.0000000 -425.0947865 -187.5533545 0.0000000 -439.1571138 -180.7604366 0.0000000 -443.7071420 -182.8269408 0.0000000 -452.8071982 -186.9599492 0.0000000 -438.7448709 -193.7528672 0.0000000 -452.3949554 -199.9523798 0.0000000 -447.8449272 -197.8858756 0.0000000 -457.3572264 -189.0264535 0.0000000 -512.1420506 -213.0845647 0.0000000 -512.0111350 -226.0828745 0.0000000 -507.4174419 -224.1153432 0.0000000 -502.8237488 -222.1478118 0.0000000 -502.9546645 -209.1495020 0.0000000 -498.2300558 -220.1802805 0.0000000 -493.6363627 -218.2127491 0.0000000 -475.2575395 -210.3345866 0.0000000 -475.1450960 -210.2849009 0.0000000 -480.0513999 -199.3335557 0.0000000 -479.8488957 -212.3074148 0.0000000 -484.5830868 -201.2807450 0.0000000 -479.8552834 -212.3101551 0.0000000 -475.5573389 -197.2924703 0.0000000 -470.5950679 -208.2183966 0.0000000 -516.7357437 -215.0520961 0.0000000 -516.6048281 -228.0504058 0.0000000 -461.9072545 -191.0929577 0.0000000 -466.4572827 -193.1594619 0.0000000 -456.9449835 -202.0188840 0.0000000 -539.7042091 -224.8897528 0.0000000 -534.9796004 -235.9205312 0.0000000 -525.7922143 -231.9854685 0.0000000 -544.2979022 -226.8572841 0.0000000 -544.1669866 -239.8555939 0.0000000 -539.5732935 -237.8880626 0.0000000 -558.0789814 -232.7598782 0.0000000 -557.9480658 -245.7581880 0.0000000 -553.3543727 -243.7906566 0.0000000 -571.8600607 -238.6624722 0.0000000 -571.7291451 -251.6607820 0.0000000 -567.1354520 -249.6932506 0.0000000 -581.0474469 -242.5975349 0.0000000 -580.9165312 -255.5958447 0.0000000 -576.3228382 -253.6283133 0.0000000 -608.6096054 -254.4027230 0.0000000 -608.4786897 -267.4010328 0.0000000 -603.8849966 -265.4335014 0.0000000 -622.3906846 -260.3053170 0.0000000 -617.6660759 -271.3360954 0.0000000 -613.0723828 -269.3685641 0.0000000 -631.5780708 -264.2403797 0.0000000 -631.4471551 -277.2386895 0.0000000 -626.8534621 -275.2711581 0.0000000 -640.7654569 -268.1754424 0.0000000 -640.6345413 -281.1737522 0.0000000 -636.0408482 -279.2062208 0.0000000 -649.9528431 -272.1105051 0.0000000 -649.8219275 -285.1088149 0.0000000 -645.2282344 -283.1412835 0.0000000 -718.2972095 -315.1163646 0.0000000 -713.7683664 -313.0038364 0.0000000 -718.8411541 -302.1287813 0.0000000 -727.3548959 -319.3414209 0.0000000 -732.4276836 -308.4663658 0.0000000 -731.8837390 -321.4539491 0.0000000 -736.9565268 -310.5788939 0.0000000 -740.9414254 -325.6790054 0.0000000 -736.4125822 -323.5664772 0.0000000 -741.4853700 -312.6914221 0.0000000 -745.4702685 -327.7915336 0.0000000 -746.0142132 -314.8039503 0.0000000 -777.7161154 -329.5916475 0.0000000 -782.2449585 -331.7041756 0.0000000 -772.6433276 -340.4667026 0.0000000 -777.1721707 -342.5792308 0.0000000 -837.0620234 -355.4014071 0.0000000 -837.0341655 -368.4003463 0.0000000 -832.4250177 -366.4692967 0.0000000 -827.8437279 -351.5393078 0.0000000 -827.8158700 -364.5382470 0.0000000 -823.2067222 -362.6071974 0.0000000 -786.2298571 -346.8042871 0.0000000 -781.7010139 -344.6917589 0.0000000 -791.3026449 -335.9292320 0.0000000 -790.7587003 -348.9168153 0.0000000 -795.7690952 -338.0126563 0.0000000 -795.4593818 -350.9812506 0.0000000 -790.8841374 -348.9735836 0.0000000 -800.2352346 -339.9724468 0.0000000 -795.5518357 -351.0208995 0.0000000 -892.3717964 -378.5740029 0.0000000 -887.7347907 -389.6418925 0.0000000 -860.0799042 -378.0555946 0.0000000 -892.3349923 -391.5691940 0.0000000 -915.3763123 -389.0725361 0.0000000 -910.1772278 -399.8877809 0.0000000 -905.6732922 -397.7226573 0.0000000 -924.3841834 -393.4027833 0.0000000 -923.6890345 -406.3831517 0.0000000 -919.1850989 -404.2180281 0.0000000 -955.6531129 -409.6774050 0.0000000 -949.9595878 -420.2407270 0.0000000 -945.5605637 -417.8696970 0.0000000 -1019.3467626 -467.2468146 0.0000000 -1015.3993910 -464.1822669 0.0000000 -1022.7582517 -454.7034922 0.0000000 -1102.2415667 -531.6023177 0.0000000 -1098.2941951 -528.5377699 0.0000000 -1105.6530557 -519.0589952 0.0000000 -1109.6004274 -522.1235430 0.0000000 -1113.5477990 -525.1880907 0.0000000 -1117.4951706 -528.2526385 0.0000000 -1121.4425422 -531.3171863 0.0000000 -1110.1363099 -537.7314132 0.0000000 -1118.0310532 -543.8605087 0.0000000 -1114.0836816 -540.7959610 0.0000000 -1125.3899138 -534.3817340 0.0000000 -1129.3372855 -537.4462818 0.0000000 -1121.9784248 -546.9250565 0.0000000 -1133.2846571 -540.5108296 0.0000000 -1137.2320287 -543.5753773 0.0000000 -1125.9257964 -549.9896042 0.0000000 -1133.8205397 -556.1186998 0.0000000 -1129.8731680 -553.0541520 0.0000000 -1141.1794003 -546.6399251 0.0000000 -1145.1267720 -549.7044729 0.0000000 -1149.0741436 -552.7690206 0.0000000 -1141.7152829 -562.2477953 0.0000000 -1145.6626545 -565.3123431 0.0000000 -1153.0215152 -555.8335684 0.0000000 -1156.9688868 -558.8981161 0.0000000 -1149.6100262 -568.3768908 0.0000000 -1153.5573978 -571.4414386 0.0000000 -1160.9162585 -561.9626639 0.0000000 -1164.8636301 -565.0272117 0.0000000 -1157.5047694 -574.5059864 0.0000000 -1161.4521410 -577.5705341 0.0000000 -1168.8110017 -568.0917594 0.0000000 -1172.7583733 -571.1563072 0.0000000 -1165.3995127 -580.6350819 0.0000000 -1169.3468843 -583.6996297 0.0000000 -1176.7057449 -574.2208550 0.0000000 -1180.6531166 -577.2854027 0.0000000 -1173.2942559 -586.7641774 0.0000000 -1177.2416275 -589.8287252 0.0000000 -1184.6004882 -580.3499505 0.0000000 -1188.5478598 -583.4144983 0.0000000 -1181.1889991 -592.8932729 0.0000000 -1185.1363708 -595.9578207 0.0000000 -1192.4952314 -586.4790460 0.0000000 -1196.4426031 -589.5435938 0.0000000 -1189.0837424 -599.0223685 0.0000000 -1204.3373463 -595.6726893 0.0000000 -1200.9258573 -608.2160118 0.0000000 -1196.9784856 -605.1514640 0.0000000 -1212.2320896 -601.8017848 0.0000000 -1208.8206005 -614.3451073 0.0000000 -1204.8732289 -611.2805595 0.0000000 -1220.1268328 -607.9308804 0.0000000 -1216.7153438 -620.4742028 0.0000000 -1212.7679721 -617.4096551 0.0000000 -1239.7197587 -624.0735880 0.0000000 -1235.2728716 -636.1926263 0.0000000 -1231.7242879 -633.0219088 0.0000000 -1261.2582984 -654.9917083 0.0000000 -1262.7816447 -659.7511843 0.0000000 -1249.8294275 -658.6497010 0.0000000 -1264.3049910 -664.5106603 0.0000000 -1264.3210637 -664.5616588 0.0000000 -1252.8679702 -668.1431896 0.0000000 -1262.1042216 -726.3687816 0.0000000 -1261.3796382 -721.4242721 0.0000000 -1273.9774112 -724.6288485 0.0000000 -1263.5533883 -736.2578007 0.0000000 -1262.8288049 -731.3132912 0.0000000 -1274.7019946 -729.5733581 0.0000000 -1264.2779717 -741.2023103 0.0000000 -1276.1511614 -739.4623772 0.0000000 -1265.7271385 -751.0913294 0.0000000 -1265.0025551 -746.1468198 0.0000000 -1276.8757447 -744.4068867 0.0000000 -1273.0132214 -781.2852192 0.0000000 -1271.2929858 -776.5933129 0.0000000 -1282.5596025 -772.4625324 0.0000000 -1268.0691497 -766.7060505 0.0000000 -1267.9008886 -765.9248580 0.0000000 -1279.7160163 -763.7887137 0.0000000 -1269.4377248 -771.4871753 0.0000000 -1280.9144042 -767.9752888 0.0000000 -1285.7633082 -781.2005721 0.0000000 -1278.0723209 -791.3608768 0.0000000 -1275.3469817 -787.1983402 0.0000000 -1288.0487529 -784.6912375 0.0000000 -1278.2022485 -791.5512401 0.0000000 -1293.7738001 -792.7426938 0.0000000 -1283.9940880 -799.6966301 0.0000000 -1281.0981682 -795.6239351 0.0000000 -1299.3052056 -799.9646458 0.0000000 -1294.6064962 -811.9185928 0.0000000 -1290.9131196 -808.5522648 0.0000000 -1290.3379162 -807.9497586 0.0000000 -1317.4635248 -816.5150455 0.0000000 -1321.1569014 -819.8813736 0.0000000 -1313.0733794 -828.7502333 0.0000000 -1324.8502780 -823.2477017 0.0000000 -1316.7667560 -832.1165613 0.0000000 -1324.1535093 -838.8492175 0.0000000 -1320.4601327 -835.4828894 0.0000000 -1328.5436547 -826.6140298 0.0000000 -1335.9304079 -833.3466859 0.0000000 -1343.3171612 -840.0793421 0.0000000 -1335.2336392 -848.9482018 0.0000000 -1347.0105378 -843.4456702 0.0000000 -1342.6203924 -855.6808579 0.0000000 -1338.9270158 -852.3145299 0.0000000 -1354.3972911 -850.1783264 0.0000000 -1350.0071457 -862.4135141 0.0000000 -1346.3137691 -859.0471860 0.0000000 -1361.7840444 -856.9109825 0.0000000 -1361.0872756 -872.5124984 0.0000000 -1353.7005223 -865.7798422 0.0000000 -1372.8641743 -867.0099668 0.0000000 -1376.5575509 -870.3762949 0.0000000 -1368.4740289 -879.2451545 0.0000000 -1387.6376808 -880.4752791 0.0000000 -1391.3310574 -883.8416072 0.0000000 -1383.2475354 -892.7104669 0.0000000 -1395.0244341 -887.2079353 0.0000000 -1390.6342887 -899.4431231 0.0000000 -1386.9409120 -896.0767950 0.0000000 -1409.7979406 -900.6732477 0.0000000 -1401.7144186 -909.5421073 0.0000000 -1394.3276653 -902.8094511 0.0000000 -1431.9582004 -920.8712162 0.0000000 -1427.5680550 -933.1064039 0.0000000 -1423.8746784 -929.7400758 0.0000000 -1439.3449537 -927.6038723 0.0000000 -1434.9548083 -939.8390601 0.0000000 -1431.2614316 -936.4727320 0.0000000 -1450.4250835 -937.7028566 0.0000000 -1446.0175817 -949.9222248 0.0000000 -1442.3415615 -946.5717163 0.0000000 -1461.5449480 -949.1711714 0.0000000 -1455.1210595 -960.4719171 0.0000000 -1452.0598869 -956.5219275 0.0000000 -1467.6672933 -957.0711506 0.0000000 -1461.1991996 -968.3148560 0.0000000 -1458.1822322 -964.4219067 0.0000000 -1505.1387180 -1022.9929637 0.0000000 -1514.6553350 -1040.5715055 0.0000000 -1494.5859342 -1028.7059973 0.0000000 -1504.1025512 -1046.2845392 0.0000000 -1511.2400139 -1059.4684456 0.0000000 -1508.8608596 -1055.0738101 0.0000000 -1521.7927977 -1053.7554119 0.0000000 -1520.7566309 -1077.0469874 0.0000000 -1518.3774766 -1072.6523519 0.0000000 -1528.9302604 -1066.9393183 0.0000000 -1536.0677232 -1080.1232246 0.0000000 -1538.4468774 -1084.5178601 0.0000000 -1525.5149393 -1085.8362583 0.0000000 -1540.8086644 -1088.8804159 0.0000000 -1527.8940936 -1090.2308938 0.0000000 -1542.8865241 -1092.6094897 0.0000000 -1530.3083710 -1094.6894751 0.0000000 -1533.5305529 -1100.1550209 0.0000000 -1532.7374104 -1099.0488009 0.0000000 -1536.8843225 -1103.8598050 0.0000000 -1548.8958548 -1099.2477732 0.0000000 -1544.4857991 -1111.3215473 0.0000000 -1540.7445019 -1108.0614971 0.0000000 -1552.1013133 -1102.0409102 0.0000000 -1545.0473201 -1111.7552018 0.0000000 -1562.9313818 -1108.7931233 0.0000000 -1565.0214286 -1121.3116866 0.0000000 -1560.0930292 -1120.4845982 0.0000000 -1558.4634857 -1119.9638321 0.0000000 -1576.3088357 -1111.0381397 0.0000000 -1575.9968096 -1123.0472977 0.0000000 -1574.8782274 -1122.9658635 0.0000000 -1580.9288722 -1122.9440769 0.0000000 -1580.2648126 -1110.9553470 0.0000000 -1581.7497366 -1122.8702797 0.0000000 -1589.5375766 -1109.4741685 0.0000000 -1591.6192568 -1121.2937788 0.0000000 -1586.6844967 -1122.0820293 0.0000000 -1593.8280036 -1108.5051572 0.0000000 -1597.5902226 -1119.9067151 0.0000000 -1596.8492138 -1120.1250584 0.0000000 -1602.2829071 -1118.1886032 0.0000000 -1635.2213419 -1105.3233204 0.0000000 -1630.6526526 -1107.3482335 0.0000000 -1625.7902537 -1096.3774962 0.0000000 -1630.3589431 -1094.3525831 0.0000000 -1639.4963218 -1090.3027568 0.0000000 -1653.4960994 -1097.2236679 0.0000000 -1648.9274100 -1099.2485810 0.0000000 -1648.6337006 -1086.2529306 0.0000000 -1676.3395463 -1087.0991023 0.0000000 -1671.7708569 -1089.1240154 0.0000000 -1671.3284685 -1076.1942617 0.0000000 -1676.6331161 -1086.9593517 0.0000000 -1681.0840301 -1084.6906311 0.0000000 -1675.6039452 -1074.0149651 0.0000000 -1685.5710098 -1082.3389858 0.0000000 -1681.1449430 -1084.6591428 0.0000000 -1662.6334782 -1093.1738416 0.0000000 -1666.9084580 -1078.1532781 0.0000000 -1697.7039128 -1062.4300985 0.0000000 -1707.7013439 -1070.7382011 0.0000000 -1703.2752770 -1073.0583580 0.0000000 -1706.5560465 -1057.7897846 0.0000000 -1716.5534775 -1066.0978872 0.0000000 -1712.1274107 -1068.4180441 0.0000000 -1715.4081801 -1053.1494707 0.0000000 -1719.8342469 -1050.8293137 0.0000000 -1725.4056111 -1061.4575732 0.0000000 -1765.2402124 -1040.5761607 0.0000000 -1760.8141456 -1042.8963176 0.0000000 -1759.6688482 -1029.9479011 0.0000000 -1772.9470487 -1022.9874303 0.0000000 -1777.3731155 -1020.6672733 0.0000000 -1782.9444797 -1031.2955329 0.0000000 -1787.3705465 -1028.9753759 0.0000000 -1781.7991823 -1018.3471164 0.0000000 -1799.5034496 -1009.0664886 0.0000000 -1805.0748138 -1019.6947481 0.0000000 -1809.5008806 -1017.3745911 0.0000000 -1803.9295164 -1006.7463316 0.0000000 -1826.0598504 -995.1455468 0.0000000 -1831.6312147 -1005.7738064 0.0000000 -1840.4833483 -1001.1334925 0.0000000 -1836.0572815 -1003.4536494 0.0000000 -1830.4859173 -992.8253899 0.0000000 -1834.9119841 -990.5052329 0.0000000 -1839.3380509 -988.1850760 0.0000000 -1856.2190446 -979.3360106 0.0000000 -1862.6136824 -989.5327077 0.0000000 -1858.1876155 -991.8528647 0.0000000 -1864.0910548 -988.4407060 0.0000000 -1858.8741794 -976.6551386 0.0000000 -1867.8817733 -984.5872399 0.0000000 -1867.5652848 -984.9327992 0.0000000 -1866.9173089 -966.3184705 0.0000000 -1877.4540285 -972.1027693 0.0000000 -1874.8440275 -976.2680598 0.0000000 -1878.0465589 -970.8594359 0.0000000 -1869.7743335 -957.9691284 0.0000000 -1881.5179190 -960.4821965 0.0000000 -1881.2823800 -961.4031024 0.0000000 -1882.3619748 -955.5974646 0.0000000 -1870.4852887 -953.8546778 0.0000000 -1882.7823760 -950.0075720 0.0000000 -1882.4350852 -954.9928087 0.0000000 -1871.1586796 -944.1883902 0.0000000 -1883.4769576 -940.0370986 0.0000000 -1883.1296668 -945.0223353 0.0000000 -1878.1044958 -844.4836564 0.0000000 -1878.4517866 -839.4984198 0.0000000 -1890.4227739 -840.3323649 0.0000000 -1890.7700647 -835.3471282 0.0000000 -1893.8956820 -790.4799980 0.0000000 -1893.5483912 -795.4652347 0.0000000 -1881.5774039 -794.6312896 0.0000000 -1878.7990774 -834.5131831 0.0000000 -1877.4099142 -854.4541298 0.0000000 -1877.7572050 -849.4688931 0.0000000 -1889.7281922 -850.3028383 0.0000000 -1889.3809014 -855.2880750 0.0000000 -1876.3680418 -869.4098399 0.0000000 -1877.0626234 -859.4393665 0.0000000 -1889.0336106 -860.2733116 0.0000000 -1888.3390290 -870.2437850 0.0000000 -1887.9917382 -875.2290217 0.0000000 -1876.0207509 -874.3950766 0.0000000 -1875.3261693 -884.3655499 0.0000000 -1875.6734601 -879.3803133 0.0000000 -1887.6444474 -880.2142584 0.0000000 -1887.2971566 -885.1994951 0.0000000 -1886.9498657 -890.1847318 0.0000000 -1874.9788785 -889.3507866 0.0000000 -1886.6025749 -895.1699684 0.0000000 -1886.2552841 -900.1552051 0.0000000 -1874.2842969 -899.3212600 0.0000000 -1885.9079933 -905.1404418 0.0000000 -1873.9370061 -904.3064967 0.0000000 -1885.2134117 -915.1109152 0.0000000 -1873.2424245 -914.2769701 0.0000000 -1884.5188301 -925.0813886 0.0000000 -1872.5478428 -924.2474434 0.0000000 -1884.1715393 -930.0666253 0.0000000 -1872.2005520 -929.2326801 0.0000000 -1883.8242485 -935.0518619 0.0000000 -1871.8532612 -934.2179168 0.0000000 -1871.5059704 -939.2031535 0.0000000 -1870.8113888 -949.1736269 0.0000000 -1764.0949150 -1027.6277442 0.0000000 -1768.5209819 -1025.3075872 0.0000000 -1769.6662793 -1038.2560037 0.0000000 -1750.8167146 -1034.5882150 0.0000000 -1755.2427814 -1032.2680581 0.0000000 -1756.3880788 -1045.2164746 0.0000000 -1751.9620120 -1047.5366315 0.0000000 -1747.5359452 -1049.8567885 0.0000000 -1741.9645810 -1039.2285289 0.0000000 -1733.1124473 -1043.8688429 0.0000000 -1737.5385142 -1041.5486859 0.0000000 -1743.1098784 -1052.1769454 0.0000000 -1728.6863805 -1046.1889998 0.0000000 -1734.2577447 -1056.8172593 0.0000000 -1729.8316779 -1059.1374163 0.0000000 -1724.2603137 -1048.5091568 0.0000000 -1710.9821133 -1055.4696276 0.0000000 -1702.1299796 -1060.1099415 0.0000000 -1698.8492102 -1075.3785150 0.0000000 -1693.2778460 -1064.7502554 0.0000000 -1679.9996456 -1071.7107263 0.0000000 -1644.0650112 -1088.2778437 0.0000000 -1625.8077617 -1109.4874194 0.0000000 -1621.1458024 -1111.2815544 0.0000000 -1621.3582414 -1098.3418319 0.0000000 -1621.0536448 -1111.3161556 0.0000000 -1616.8817433 -1100.0645930 0.0000000 -1569.9498280 -1122.1387751 0.0000000 -1567.0075059 -1109.4771821 0.0000000 -1571.9359052 -1110.3042706 0.0000000 -1490.8637925 -996.6251509 0.0000000 -1500.3804095 -1014.2036928 0.0000000 -1489.8276257 -1019.9167264 0.0000000 -1477.9318545 -997.9435491 0.0000000 -1475.5529895 -993.5474750 0.0000000 -1488.4849067 -992.2310113 0.0000000 -1481.3544086 -979.0464489 0.0000000 -1483.7311448 -983.4423927 0.0000000 -1473.1752195 -989.1496197 0.0000000 -1474.2242002 -965.8586178 0.0000000 -1476.6009364 -970.2545615 0.0000000 -1463.8677769 -971.9348380 0.0000000 -1470.8154917 -961.1362674 0.0000000 -1473.7757939 -965.1519805 0.0000000 -1470.7284660 -961.0211402 0.0000000 -1464.6061207 -953.1211610 0.0000000 -1449.3018160 -952.9630460 0.0000000 -1454.1530488 -941.1009592 0.0000000 -1457.8175944 -944.4939046 0.0000000 -1454.1184602 -941.0691847 0.0000000 -1443.0383303 -930.9702004 0.0000000 -1435.6515770 -924.2375443 0.0000000 -1424.5714471 -914.1385600 0.0000000 -1409.1011718 -916.2747635 0.0000000 -1413.4913172 -904.0395757 0.0000000 -1417.1846939 -907.4059038 0.0000000 -1405.4077952 -912.9084354 0.0000000 -1398.7178107 -890.5742634 0.0000000 -1383.9443042 -877.1089511 0.0000000 -1379.5541588 -889.3441388 0.0000000 -1375.8607821 -885.9778107 0.0000000 -1369.1707976 -863.6436387 0.0000000 -1358.0906677 -853.5446545 0.0000000 -1350.7039145 -846.8119983 0.0000000 -1332.2370313 -829.9803579 0.0000000 -1309.3800028 -825.3839052 0.0000000 -1306.3833949 -806.4160613 0.0000000 -1313.7701481 -813.1487174 0.0000000 -1305.6866261 -822.0175771 0.0000000 -1302.6900183 -803.0497332 0.0000000 -1298.2998729 -815.2849209 0.0000000 -1290.8778804 -788.6699988 0.0000000 -1278.3249115 -754.2959058 0.0000000 -1279.0494949 -759.2404153 0.0000000 -1266.4517219 -756.0358389 0.0000000 -1259.9304714 -711.5352530 0.0000000 -1259.2058880 -706.5907435 0.0000000 -1271.8036611 -709.7953199 0.0000000 -1258.4813046 -701.6462339 0.0000000 -1271.0790777 -704.8508103 0.0000000 -1268.9053275 -690.0172817 0.0000000 -1269.6299109 -694.9617912 0.0000000 -1257.0321379 -691.7572148 0.0000000 -1267.4561608 -680.1282626 0.0000000 -1268.1807441 -685.0727721 0.0000000 -1256.3075545 -686.8127053 0.0000000 -1266.7315774 -675.1837531 0.0000000 -1254.8583877 -676.9236862 0.0000000 -1254.2015124 -672.4412120 0.0000000 -1265.8009073 -669.3312122 0.0000000 -1266.0069940 -670.2392435 0.0000000 -1227.9978202 -629.6922490 0.0000000 -1235.9932910 -620.7439282 0.0000000 -1253.4299155 -640.4173665 0.0000000 -1256.2196488 -644.5691309 0.0000000 -1246.2554579 -651.2560513 0.0000000 -1248.5648579 -654.6987354 0.0000000 -1238.1812402 -639.2397688 0.0000000 -1247.8556402 -632.1215701 0.0000000 -1250.6427779 -636.2694683 0.0000000 -1243.7888145 -627.7347530 0.0000000 -1247.2158154 -631.3252745 0.0000000 -1243.4462265 -627.4032477 0.0000000 -1224.4116272 -626.4879270 0.0000000 -1231.9786978 -617.1726262 0.0000000 -1232.2668233 -617.4142684 0.0000000 -1228.0517556 -614.0835606 0.0000000 -1220.6475880 -623.5270064 0.0000000 -1228.0215760 -614.0599759 0.0000000 -1224.0742044 -610.9954281 0.0000000 -1216.1794612 -604.8663326 0.0000000 -1208.2847179 -598.7372371 0.0000000 -1193.0311140 -602.0869162 0.0000000 -1200.3899747 -592.6081415 0.0000000 -1106.1889383 -534.6668654 0.0000000 -1094.3468234 -525.4732221 0.0000000 -1090.3994518 -522.4086744 0.0000000 -1097.7583125 -512.9298997 0.0000000 -1093.8109409 -509.8653519 0.0000000 -1086.4520802 -519.3441266 0.0000000 -1082.5047086 -516.2795788 0.0000000 -1089.8635692 -506.8008042 0.0000000 -1078.5573369 -513.2150311 0.0000000 -1074.6099653 -510.1504833 0.0000000 -1085.9161976 -503.7362564 0.0000000 -1078.0214544 -497.6071609 0.0000000 -1081.9688260 -500.6717086 0.0000000 -1074.0740827 -494.5426131 0.0000000 -1070.6625937 -507.0859356 0.0000000 -1070.1267111 -491.4780653 0.0000000 -1066.7152221 -504.0213878 0.0000000 -1062.7678505 -500.9568400 0.0000000 -1066.1793395 -488.4135176 0.0000000 -1058.8204788 -497.8922923 0.0000000 -1054.8731072 -494.8277445 0.0000000 -1050.9257356 -491.7631967 0.0000000 -1062.2319679 -485.3489698 0.0000000 -1054.3372246 -479.2198743 0.0000000 -1058.2845963 -482.2844220 0.0000000 -1050.3898530 -476.1553265 0.0000000 -1043.0309923 -485.6341012 0.0000000 -1039.0836207 -482.5695534 0.0000000 -1046.4424814 -473.0907787 0.0000000 -1038.5477381 -466.9616832 0.0000000 -1042.4951098 -470.0262310 0.0000000 -1035.1362491 -479.5050057 0.0000000 -1031.1888775 -476.4404579 0.0000000 -1023.2941342 -470.3113624 0.0000000 -1030.6529949 -460.8325877 0.0000000 -1026.7056233 -457.7680399 0.0000000 -1003.0213935 -439.3807533 0.0000000 -1010.9161368 -445.5098489 0.0000000 -995.7733649 -448.9455726 0.0000000 -966.9465741 -429.7964160 0.0000000 -973.5101723 -419.7504838 0.0000000 -986.0335981 -427.9919987 0.0000000 -951.2540889 -407.3063750 0.0000000 -991.8816996 -446.2059201 0.0000000 -998.5570239 -436.2335136 0.0000000 -998.7125146 -436.3393699 0.0000000 -983.6113241 -440.7632862 0.0000000 -990.2080734 -430.7391703 0.0000000 -973.4435846 -419.7072917 0.0000000 -962.9599310 -427.2477822 0.0000000 -968.8501849 -416.7904951 0.0000000 -969.2352093 -417.0169060 0.0000000 -928.0902190 -408.4988810 0.0000000 -933.5956061 -397.8356868 0.0000000 -938.0133480 -400.1699798 0.0000000 -933.3920546 -397.7330305 0.0000000 -914.6811634 -402.0529045 0.0000000 -919.8802479 -391.2376597 0.0000000 -896.7955711 -393.4549756 0.0000000 -901.8645056 -382.5771653 0.0000000 -906.3684412 -384.7422889 0.0000000 -896.9988243 -380.5125777 0.0000000 -901.6013464 -382.4583680 0.0000000 -896.9809441 -380.5050526 0.0000000 -860.1077622 -365.0566554 0.0000000 -864.7169099 -366.9877050 0.0000000 -832.4528757 -353.4703575 0.0000000 -709.7744706 -297.8995371 0.0000000 -709.7834678 -297.9037249 0.0000000 -704.7151769 -308.7808777 0.0000000 -705.2422524 -295.7945551 0.0000000 -700.2694502 -306.7160665 0.0000000 -700.4834670 -293.7533499 0.0000000 -705.0771601 -295.7208812 0.0000000 -695.8897739 -291.7858186 0.0000000 -695.7588583 -304.7841283 0.0000000 -691.2960808 -289.8182872 0.0000000 -686.5714721 -300.8490656 0.0000000 -681.9777790 -298.8815343 0.0000000 -686.7023877 -287.8507559 0.0000000 -682.1086947 -285.8832245 0.0000000 -677.3840860 -296.9140029 0.0000000 -672.7903929 -294.9464716 0.0000000 -677.5150016 -283.9156932 0.0000000 -668.1966998 -292.9789402 0.0000000 -663.6030067 -291.0114089 0.0000000 -672.9213085 -281.9481618 0.0000000 -659.0093136 -289.0438776 0.0000000 -663.7339223 -278.0130991 0.0000000 -659.1402293 -276.0455678 0.0000000 -654.4156206 -287.0763462 0.0000000 -654.5465362 -274.0780364 0.0000000 -645.3591500 -270.1429738 0.0000000 -636.1717638 -266.2079111 0.0000000 -622.2597690 -273.3036268 0.0000000 -626.9843777 -262.2728484 0.0000000 -613.2032984 -256.3702543 0.0000000 -590.1039174 -259.5309074 0.0000000 -594.8285261 -248.5001289 0.0000000 -599.4222192 -250.4676603 0.0000000 -576.4537538 -240.6300036 0.0000000 -562.5417589 -247.7257193 0.0000000 -567.2663676 -236.6949409 0.0000000 -562.6726745 -234.7274095 0.0000000 -548.8915953 -228.8248155 0.0000000 -521.3294368 -217.0196274 0.0000000 -525.9231299 -218.9871588 0.0000000 -507.5483575 -211.1170334 0.0000000 -493.7672783 -205.2144393 0.0000000 -498.3609714 -207.1819707 0.0000000 -343.0016766 -138.3863047 0.0000000 -352.1968957 -142.3030289 0.0000000 -398.2068606 -162.1618987 0.0000000 -402.7568887 -164.2284029 0.0000000 -397.7946177 -175.1543292 0.0000000 -365.9897243 -148.1781153 0.0000000 -393.6568324 -160.0953945 0.0000000 -388.6945614 -171.0213208 0.0000000 -388.9791796 -157.9727061 0.0000000 -389.1068043 -158.0288903 0.0000000 -384.2080192 -168.9836502 0.0000000 -384.3823779 -156.0125080 0.0000000 -379.7825529 -154.0532016 0.0000000 -407.3069168 -166.2949071 0.0000000 -411.8569450 -168.3614113 0.0000000 -402.3446458 -177.2208334 0.0000000 -324.6112384 -130.5528562 0.0000000 -415.9947302 -183.4203461 0.0000000 -411.4447021 -181.3538419 0.0000000 -420.9570013 -172.4944198 0.0000000 -425.5070294 -174.5609240 0.0000000 -301.6231907 -120.7610455 0.0000000 -283.2327525 -112.9275971 0.0000000 -287.8303620 -114.8859592 0.0000000 -209.6709998 -81.5938031 0.0000000 -205.0733902 -79.6354410 0.0000000 -191.2805616 -73.7603546 0.0000000 -181.9803613 -82.8421754 0.0000000 -186.6829520 -71.8019925 0.0000000 -177.4877330 -67.8852682 0.0000000 -172.8901234 -65.9269061 0.0000000 -163.5899231 -75.0087270 0.0000000 -168.2925139 -63.9685440 0.0000000 -158.9923136 -73.0503648 0.0000000 -163.6949043 -62.0101819 0.0000000 -154.3977281 -71.0932908 0.0000000 -159.0972948 -60.0518197 0.0000000 -159.0912453 -60.0492469 0.0000000 -149.8162978 -69.1477479 0.0000000 -149.8504127 -56.1551978 0.0000000 -154.4609055 -58.0830339 0.0000000 -154.4915068 -58.0959292 0.0000000 -237.1516758 -106.3425209 0.0000000 -241.8542666 -95.3023379 0.0000000 -251.0494857 -99.2190622 0.0000000 -274.0375334 -109.0108728 0.0000000 -89.8952105 -44.0922830 0.0000000 -89.9140069 -31.0933276 0.0000000 -94.5244997 -33.0211637 0.0000000 -71.4532395 -36.3809383 0.0000000 -76.0825286 -25.3098191 0.0000000 -62.2510504 -19.5263106 0.0000000 -53.0300649 -15.6706382 0.0000000 -43.8090794 -11.8149659 0.0000000 -34.5880939 -7.9592935 0.0000000 -20.7378192 -15.1747405 0.0000000 -25.3671084 -4.1036212 0.0000000 -16.1461228 -0.2479489 0.0000000 -379.6764639 -167.0512749 0.0000000 16.1432675 0.3920155 0.0000000 16.0084784 13.3902857 0.0000000 11.4153719 11.4213855 0.0000000 39.1088003 10.2365163 0.0000000 34.3809047 21.2658863 0.0000000 29.7877981 19.2969861 0.0000000 38.9740112 23.2347865 0.0000000 48.2950134 14.1743166 0.0000000 48.1602244 27.1725868 0.0000000 43.5671178 25.2036866 0.0000000 57.4812265 18.1121169 0.0000000 57.3464375 31.1103871 0.0000000 52.7533309 29.1414870 0.0000000 71.2605462 24.0188174 0.0000000 71.1257572 37.0170876 0.0000000 66.5326506 35.0481875 0.0000000 80.4467593 27.9566178 0.0000000 80.3119703 40.9548879 0.0000000 75.7188637 38.9859878 0.0000000 103.4122921 37.8011186 0.0000000 98.6843965 48.8304886 0.0000000 94.0912900 46.8615884 0.0000000 121.7847184 45.6767192 0.0000000 117.0568228 56.7060892 0.0000000 112.4637162 54.7371891 0.0000000 140.1571446 53.5523199 0.0000000 135.4292490 64.5816899 0.0000000 130.8361424 62.6127897 0.0000000 144.7502512 55.5212200 0.0000000 144.4363467 68.4427099 0.0000000 140.0223556 66.5505901 0.0000000 146.2680024 126.1931393 0.0000000 148.0686675 121.5315086 0.0000000 159.2625838 125.8554233 0.0000000 150.2592585 149.1635770 0.0000000 139.0653422 144.8396623 0.0000000 140.8660073 140.1780315 0.0000000 146.6579284 158.4868385 0.0000000 133.6633471 158.8245545 0.0000000 135.4640121 154.1629237 0.0000000 143.0565983 167.8100999 0.0000000 128.2613519 172.8094467 0.0000000 131.8626820 163.4861852 0.0000000 99.4171244 230.2601898 0.0000000 101.7079202 225.8188554 0.0000000 110.0820457 235.7610493 0.0000000 105.5004542 244.6437179 0.0000000 94.8355330 239.1428584 0.0000000 97.1263287 234.7015241 0.0000000 100.9188627 253.5263866 0.0000000 87.9631457 252.4668614 0.0000000 90.2539415 248.0255271 0.0000000 96.3372712 262.4090552 0.0000000 85.6723500 256.9081957 0.0000000 83.3815542 261.3495300 0.0000000 91.7556797 271.2917239 0.0000000 81.0907585 265.7908644 0.0000000 81.0428798 293.4389195 0.0000000 66.0358271 297.7610894 0.0000000 70.0569137 288.6110268 0.0000000 87.1802303 280.1624844 0.0000000 76.4969360 274.6973765 0.0000000 76.5091670 274.6735330 0.0000000 84.9943301 284.4473158 0.0000000 74.2262918 279.1483243 0.0000000 74.0780003 279.4609642 0.0000000 66.9690768 325.4641386 0.0000000 55.9831107 320.6362459 0.0000000 57.9936540 316.0612146 0.0000000 123.8268202 209.1130434 0.0000000 113.1618989 203.6121838 0.0000000 115.4526947 199.1708495 0.0000000 60.9374470 339.1892326 0.0000000 49.9514808 334.3613398 0.0000000 51.9620241 329.7863085 0.0000000 130.6992074 195.7890404 0.0000000 117.7434904 194.7295152 0.0000000 120.0342862 190.2881809 0.0000000 56.9163604 348.3392952 0.0000000 43.9198510 348.0864337 0.0000000 45.9303943 343.5114024 0.0000000 50.8847305 362.0643891 0.0000000 35.8776778 366.3865589 0.0000000 39.8987644 357.2364963 0.0000000 -61.7036726 358.0627480 0.0000000 -66.3432593 356.2060220 0.0000000 -61.8847261 345.0650399 0.0000000 -75.6224326 352.4925701 0.0000000 -80.2620192 350.6358441 0.0000000 -75.8034861 339.4948620 0.0000000 -80.4430728 337.6381360 0.0000000 -84.9016059 348.7791181 0.0000000 -89.7222461 333.9246841 0.0000000 -85.0826594 335.7814101 0.0000000 -94.1807792 345.0656662 0.0000000 -98.8203659 343.2089402 0.0000000 -103.4599525 341.3522142 0.0000000 -94.3618327 332.0679581 0.0000000 -126.9293314 319.1163891 0.0000000 -126.6228471 332.1032485 0.0000000 -131.2623669 330.3067779 0.0000000 -136.2496549 315.5074624 0.0000000 -140.5826904 326.6978512 0.0000000 -145.2428522 324.8933879 0.0000000 -154.8903020 308.2896089 0.0000000 -149.9030140 323.0889245 0.0000000 -159.2233375 319.4799978 0.0000000 -164.2106255 304.6806822 0.0000000 -163.8834993 317.6755345 0.0000000 -168.5436611 315.8710711 0.0000000 -112.9201794 324.6410542 0.0000000 -108.2805927 326.4977802 0.0000000 -112.7391259 337.6387623 0.0000000 -117.3787125 335.7820363 0.0000000 -122.0075453 333.9296140 0.0000000 -117.5812904 322.7757625 0.0000000 -117.5597660 322.7843282 0.0000000 -122.2279452 320.9369901 0.0000000 -122.2691696 320.9208524 0.0000000 -135.9225287 328.5023146 0.0000000 -131.5894931 317.3119257 0.0000000 -145.5699784 311.8985357 0.0000000 -159.5504638 306.4851456 0.0000000 -173.2038228 314.0666078 0.0000000 -173.5309491 301.0717555 0.0000000 -168.8707873 302.8762189 0.0000000 -191.8444699 306.8487544 0.0000000 -192.1715962 293.8539021 0.0000000 -187.5114344 295.6583655 0.0000000 -205.8249553 301.4353643 0.0000000 -210.8122433 286.6360487 0.0000000 -201.4919197 290.2449754 0.0000000 -224.4656023 294.2175109 0.0000000 -229.4528903 279.4181953 0.0000000 -220.1325668 283.0271220 0.0000000 -238.4460877 288.8041208 0.0000000 -238.7732139 275.8092686 0.0000000 -234.1130521 277.6137320 0.0000000 -252.4265730 283.3907308 0.0000000 -252.7536992 270.3958786 0.0000000 -248.0935374 272.2003419 0.0000000 -271.0672201 276.1728774 0.0000000 -271.3943463 263.1780252 0.0000000 -266.7341845 264.9824885 0.0000000 -262.0740228 266.7869519 0.0000000 -294.3680289 267.1505606 0.0000000 -294.6106630 254.1884247 0.0000000 -290.0349934 255.9601718 0.0000000 -394.7191720 209.3037762 0.0000000 -390.1612781 211.3528732 0.0000000 -395.0817494 222.2976876 0.0000000 -399.2770659 207.2546791 0.0000000 -404.1975373 218.1994935 0.0000000 -472.5659463 187.4630381 0.0000000 -477.1238402 185.4139411 0.0000000 -472.2033689 174.4691267 0.0000000 -494.9928385 164.2236416 0.0000000 -485.8770507 168.3218357 0.0000000 -499.9133099 175.1684560 0.0000000 -504.4712038 173.1193590 0.0000000 -509.0290978 171.0702619 0.0000000 -499.5507325 162.1745446 0.0000000 -504.1086264 160.1254476 0.0000000 -513.2244143 156.0272535 0.0000000 -508.6665203 158.0763505 0.0000000 -513.5869917 169.0211649 0.0000000 -545.5133946 154.6337714 0.0000000 -554.6046424 150.4688846 0.0000000 -540.5225684 143.7208589 0.0000000 -563.2364600 133.3151536 0.0000000 -554.1499550 137.4778702 0.0000000 -568.2344000 144.2248097 0.0000000 -572.7776525 142.1434514 0.0000000 -577.3209050 140.0620931 0.0000000 -572.3229651 129.1524370 0.0000000 -576.8662176 127.0710787 0.0000000 -581.8641575 137.9807349 0.0000000 -581.4094701 124.9897205 0.0000000 -586.4074100 135.8993766 0.0000000 -590.9506626 133.8180183 0.0000000 -595.4939151 131.7366600 0.0000000 -590.4959751 120.8270039 0.0000000 -604.1257327 114.5829290 0.0000000 -599.5824802 116.6642873 0.0000000 -604.5804201 127.5739434 0.0000000 -613.2122377 110.4202124 0.0000000 -608.6689852 112.5015707 0.0000000 -613.6669251 123.4112268 0.0000000 -622.2987427 106.2574959 0.0000000 -617.7554902 108.3388542 0.0000000 -622.7534301 119.2485103 0.0000000 -631.8399352 115.0857937 0.0000000 -636.3831877 113.0044354 0.0000000 -631.3852478 102.0947793 0.0000000 -640.4717528 97.9320627 0.0000000 -635.9285003 100.0134210 0.0000000 -640.9264402 110.9230771 0.0000000 -649.5582578 93.7693461 0.0000000 -645.0150053 95.8507044 0.0000000 -650.0129452 106.7603605 0.0000000 -659.0994503 102.5976440 0.0000000 -663.6427028 100.5162857 0.0000000 -654.1015103 91.6879878 0.0000000 -663.1880154 87.5252713 0.0000000 -658.6447628 89.6066296 0.0000000 -667.7312679 85.4439130 0.0000000 -668.1859553 98.4349274 0.0000000 -677.2724603 94.2722108 0.0000000 -681.8157128 92.1908525 0.0000000 -676.8177729 81.2811964 0.0000000 -690.9022179 88.0281359 0.0000000 -695.4454704 85.9467777 0.0000000 -699.9887229 83.8654194 0.0000000 -690.4475304 75.0371215 0.0000000 -699.5340355 70.8744050 0.0000000 -694.9907830 72.9557633 0.0000000 -709.0752279 79.7027028 0.0000000 -718.1617329 75.5399862 0.0000000 -704.0772880 68.7930467 0.0000000 -717.7070455 62.5489718 0.0000000 -713.1637930 64.6303301 0.0000000 -726.7935505 58.3862552 0.0000000 -722.2502980 60.4676135 0.0000000 -727.2482380 71.3772696 0.0000000 -740.1072113 52.2869909 0.0000000 -735.8800556 54.2235387 0.0000000 -740.8779955 65.1331948 0.0000000 -745.4212480 63.0518365 0.0000000 -746.0345990 62.7266730 0.0000000 -750.2416699 60.1741172 0.0000000 -743.3347304 50.3287585 0.0000000 -758.3669132 51.9444632 0.0000000 -749.6769456 43.6689292 0.0000000 -746.2306554 47.2878074 0.0000000 -745.9366912 3.7395873 0.0000000 -747.7342462 8.4024182 0.0000000 -757.1334894 -0.5768592 0.0000000 -731.9677202 -65.8564917 0.0000000 -730.1701653 -70.5193226 0.0000000 -720.7709220 -61.5400452 0.0000000 -713.5807023 -80.1913688 0.0000000 -715.3782572 -75.5285379 0.0000000 -724.7775005 -84.5078153 0.0000000 -722.9799455 -89.1706462 0.0000000 -711.7831473 -84.8541997 0.0000000 -708.1880375 -94.1798615 0.0000000 -709.9855924 -89.5170306 0.0000000 -721.1823906 -93.8334771 0.0000000 -706.3904825 -98.8426924 0.0000000 -719.3848357 -98.4963080 0.0000000 -704.5929276 -103.5055233 0.0000000 -717.5872807 -103.1591389 0.0000000 -715.7897258 -107.8219698 0.0000000 -713.9921708 -112.4848007 0.0000000 -700.9978177 -112.8311851 0.0000000 -702.7953726 -108.1683542 0.0000000 -712.1946159 -117.1476316 0.0000000 -710.3970609 -121.8104625 0.0000000 -699.2002627 -117.4940160 0.0000000 -695.6051529 -126.8196778 0.0000000 -697.4027078 -122.1568469 0.0000000 -708.5995060 -126.4732934 0.0000000 -692.0100430 -136.1453396 0.0000000 -693.8075979 -131.4825087 0.0000000 -705.0043961 -135.7989551 0.0000000 -703.2068412 -140.4617860 0.0000000 -701.4092862 -145.1246169 0.0000000 -688.4149331 -145.4710014 0.0000000 -690.2124880 -140.8081705 0.0000000 -686.2385438 -151.7698672 0.0000000 -686.6173782 -150.1338323 0.0000000 -698.1192075 -153.6590324 0.0000000 -685.8066833 -156.7131632 0.0000000 -685.7943892 -167.3255327 0.0000000 -685.6029760 -162.4653434 0.0000000 -697.7016614 -164.7348615 0.0000000 -687.2736398 -171.0397068 0.0000000 -686.2155655 -169.3094490 0.0000000 -690.5637868 -174.8011067 0.0000000 -705.4219408 -173.5609287 0.0000000 -698.9174608 -183.7100413 0.0000000 -697.1440806 -182.3239064 0.0000000 -708.7283815 -175.2603132 0.0000000 -703.5158887 -186.0695808 0.0000000 -703.3334140 -185.9796730 0.0000000 -713.1559050 -177.3493009 0.0000000 -712.5549347 -190.3343704 0.0000000 -708.0354117 -188.2019756 0.0000000 -726.7144740 -183.7464853 0.0000000 -726.1135037 -196.7315549 0.0000000 -721.5939807 -194.5991601 0.0000000 -735.7535200 -188.0112750 0.0000000 -735.1525497 -200.9963445 0.0000000 -730.6330267 -198.8639497 0.0000000 -744.7925660 -192.2760646 0.0000000 -744.1915957 -205.2611341 0.0000000 -739.6720727 -203.1287393 0.0000000 -753.8316120 -196.5408542 0.0000000 -753.2306417 -209.5259237 0.0000000 -748.7111187 -207.3935289 0.0000000 -762.8706580 -200.8056438 0.0000000 -762.2696877 -213.7907133 0.0000000 -757.7501647 -211.6583185 0.0000000 -776.4292270 -207.2028282 0.0000000 -775.8282567 -220.1878977 0.0000000 -771.3087337 -218.0555029 0.0000000 -785.4682729 -211.4676178 0.0000000 -784.8673026 -224.4526874 0.0000000 -780.3477796 -222.3202926 0.0000000 -794.5073189 -215.7324075 0.0000000 -798.4258716 -230.8498718 0.0000000 -789.3868256 -226.5850822 0.0000000 -808.0658879 -222.1295919 0.0000000 -807.4649176 -235.1146614 0.0000000 -802.9453946 -232.9822666 0.0000000 -817.1049339 -226.3943815 0.0000000 -816.3614526 -239.3122117 0.0000000 -811.9844406 -237.2470562 0.0000000 -843.8695636 -240.7012247 0.0000000 -838.0833827 -251.2140792 0.0000000 -829.3273683 -246.3948474 0.0000000 -902.6149509 -288.4835479 0.0000000 -898.4086044 -285.7854291 0.0000000 -909.0939103 -278.3829002 0.0000000 -906.8212973 -291.1816668 0.0000000 -913.3002567 -281.0810190 0.0000000 -915.2339902 -296.5779045 0.0000000 -921.7129496 -286.4772567 0.0000000 -938.5383354 -297.2697321 0.0000000 -942.7446819 -299.9678510 0.0000000 -932.0593760 -307.3703799 0.0000000 -946.9510283 -302.6659698 0.0000000 -940.4720689 -312.7666176 0.0000000 -944.6784153 -315.4647364 0.0000000 -951.1573747 -305.3640887 0.0000000 -953.0911082 -320.8609741 0.0000000 -959.5700676 -310.7603264 0.0000000 -957.2974546 -323.5590929 0.0000000 -963.7764141 -313.4584452 0.0000000 -969.6777421 -331.5003045 0.0000000 -965.7101475 -328.9553306 0.0000000 -972.1891070 -318.8546829 0.0000000 -972.7159461 -333.8817878 0.0000000 -976.8574450 -321.8809322 0.0000000 -961.2005866 -372.6508863 0.0000000 -961.2465963 -372.5473091 0.0000000 -972.1902940 -377.4705897 0.0000000 -970.7972063 -380.6882839 0.0000000 -958.7386879 -379.9225560 0.0000000 -959.2239190 -377.2165081 0.0000000 -959.8258260 -390.2967878 0.0000000 -959.0719563 -385.5271784 0.0000000 -971.3671648 -386.4524225 0.0000000 -961.5672089 -393.6595378 0.0000000 -960.4242626 -392.1191486 0.0000000 -965.1481737 -397.1452066 0.0000000 -976.9915376 -391.9128947 0.0000000 -968.9618019 -400.8316977 0.0000000 -968.7453397 -400.6319498 0.0000000 -972.7164623 -404.1295335 0.0000000 -998.9990851 -427.2143842 0.0000000 -995.2444247 -423.9165484 0.0000000 -1006.9181374 -418.1983646 0.0000000 -1010.5369444 -421.3768761 0.0000000 -1006.9786116 -433.8080613 0.0000000 -1003.0323912 -430.7424714 0.0000000 -1014.3361255 -424.3282397 0.0000000 -1006.9871116 -433.8146523 0.0000000 -1026.1876420 -433.5009763 0.0000000 -1022.7948041 -446.0493565 0.0000000 -1018.8428810 -442.9906805 0.0000000 -1045.9472577 -448.7943566 0.0000000 -1038.6024967 -458.2840608 0.0000000 -1034.6505735 -455.2253847 0.0000000 -1065.7068734 -464.0877369 0.0000000 -1058.3621123 -473.5774411 0.0000000 -1054.4101892 -470.5187650 0.0000000 -1073.6107196 -470.2050891 0.0000000 -1070.2178817 -482.7534693 0.0000000 -1066.2659586 -479.6947932 0.0000000 -1085.4664890 -479.3811173 0.0000000 -1082.0736511 -491.9294975 0.0000000 -1078.1217280 -488.8708214 0.0000000 -1093.3703353 -485.4984694 0.0000000 -1089.9774974 -498.0468496 0.0000000 -1086.0255743 -494.9881736 0.0000000 -1109.1780278 -497.7331736 0.0000000 -1101.8332668 -507.2228778 0.0000000 -1097.8813437 -504.1642018 0.0000000 -1124.9857204 -509.9678779 0.0000000 -1125.5448056 -525.5749342 0.0000000 -1117.6409593 -519.4575821 0.0000000 -1156.6011054 -534.4372864 0.0000000 -1153.2082675 -546.9856667 0.0000000 -1149.2563444 -543.9269906 0.0000000 -1164.5049517 -540.5546386 0.0000000 -1169.0159601 -559.2203709 0.0000000 -1157.1601907 -550.0443427 0.0000000 -1188.2164905 -558.9066949 0.0000000 -1184.8236526 -571.4550752 0.0000000 -1180.8717295 -568.3963991 0.0000000 -1200.0722599 -568.0827231 0.0000000 -1200.6313451 -583.6897795 0.0000000 -1192.7274989 -577.5724273 0.0000000 -1222.9296468 -602.9979554 0.0000000 -1219.2285183 -599.6401520 0.0000000 -1227.2915699 -590.7526778 0.0000000 -1237.7341610 -616.4291687 0.0000000 -1230.3319039 -609.7135620 0.0000000 -1245.7972126 -607.5416945 0.0000000 -1246.0427934 -623.1270785 0.0000000 -1241.9801749 -620.2261990 0.0000000 -1249.2387288 -610.6639677 0.0000000 -1246.1325277 -623.1899236 0.0000000 -1252.9714942 -613.3293182 0.0000000 -1250.2518253 -626.0191608 0.0000000 -1254.3711228 -628.8483981 0.0000000 -1260.6537026 -618.6056524 0.0000000 -1255.4546013 -629.4386572 0.0000000 -1263.2664673 -619.6974818 0.0000000 -1262.4022595 -631.7391898 0.0000000 -1259.8600566 -631.2796212 0.0000000 -1273.0424324 -618.6264435 0.0000000 -1284.2923583 -624.1128894 0.0000000 -1280.9152817 -627.7964406 0.0000000 -1278.5951440 -629.3613397 0.0000000 -1292.1740517 -614.9705017 0.0000000 -1291.0465114 -616.7457870 0.0000000 -1281.4794637 -609.4237392 0.0000000 -1294.0516069 -610.3987529 0.0000000 -1282.8803531 -606.0126468 0.0000000 -1294.1825528 -610.0493681 0.0000000 -1313.4721644 -553.2686401 0.0000000 -1311.8646968 -558.0003674 0.0000000 -1302.1099261 -549.4086480 0.0000000 -1303.7173937 -544.6769206 0.0000000 -1305.3248613 -539.9451933 0.0000000 -1315.0796320 -548.5369128 0.0000000 -1324.7244378 -520.1465488 0.0000000 -1323.1169702 -524.8782761 0.0000000 -1311.7547318 -521.0182840 0.0000000 -1326.3319055 -515.4148215 0.0000000 -1313.3621995 -516.2865566 0.0000000 -1314.9696671 -511.5548293 0.0000000 -1316.5771347 -506.8231020 0.0000000 -1318.1846024 -502.0913746 0.0000000 -1327.9393731 -510.6830941 0.0000000 -1331.1543084 -501.2196395 0.0000000 -1329.5468407 -505.9513668 0.0000000 -1319.7920700 -497.3596473 0.0000000 -1323.0070053 -487.8961926 0.0000000 -1335.9767112 -487.0244575 0.0000000 -1334.3692436 -491.7561848 0.0000000 -1326.2219405 -478.4327380 0.0000000 -1327.8294082 -473.7010107 0.0000000 -1337.5841789 -482.2927301 0.0000000 -1340.7991141 -472.8292755 0.0000000 -1339.1916465 -477.5610028 0.0000000 -1342.4065818 -468.0975481 0.0000000 -1331.0443434 -464.2375560 0.0000000 -1332.6518110 -459.5058287 0.0000000 -1345.5499849 -458.8446549 0.0000000 -1344.0140494 -463.3658208 0.0000000 -1367.9437291 -437.8907603 0.0000000 -1375.5971824 -447.8688867 0.0000000 -1371.0676913 -449.5256464 0.0000000 -1370.9103159 -436.8056668 0.0000000 -1376.6743702 -447.3478313 0.0000000 -1378.9163116 -431.8925253 0.0000000 -1389.4225450 -439.5244963 0.0000000 -1385.1928509 -442.1201866 0.0000000 -1436.7712815 -432.8747552 0.0000000 -1432.1323454 -434.7331058 0.0000000 -1428.1623472 -423.3964166 0.0000000 -1432.3088470 -421.7353351 0.0000000 -1435.5219520 -420.4481702 0.0000000 -1441.4102177 -431.0164045 0.0000000 -1446.8984177 -425.5085134 0.0000000 -1443.8120336 -429.2591744 0.0000000 -1439.7732171 -414.5315191 0.0000000 -1450.0206854 -420.7858121 0.0000000 -1447.2919020 -424.9723305 0.0000000 -1441.5921451 -410.8518269 0.0000000 -1452.9253220 -414.8264607 0.0000000 -1452.5660826 -415.7315101 0.0000000 -1455.8466594 -405.2682930 0.0000000 -1447.2920417 -392.2026395 0.0000000 -1458.7679968 -395.7101252 0.0000000 -1457.3073281 -400.4892091 0.0000000 -1521.5541674 -384.2087620 0.0000000 -1516.8327817 -382.5711684 0.0000000 -1520.7651149 -371.2337632 0.0000000 -1526.2755531 -385.8463555 0.0000000 -1525.4865006 -372.8713568 0.0000000 -1530.9969388 -387.4839491 0.0000000 -1534.9292720 -376.1465440 0.0000000 -1539.6506577 -377.7841375 0.0000000 -1540.4397102 -390.7591363 0.0000000 -1535.7183245 -389.1215427 0.0000000 -1549.0934291 -381.0593247 0.0000000 -1549.8824816 -394.0343234 0.0000000 -1545.1610959 -392.3967298 0.0000000 -1558.5362005 -384.3345118 0.0000000 -1563.9872116 -398.9264921 0.0000000 -1554.6038673 -395.6719170 0.0000000 -1595.7772102 -400.5947634 0.0000000 -1590.5075891 -411.3758159 0.0000000 -1581.5281963 -406.9868198 0.0000000 -1604.7566030 -404.9837596 0.0000000 -1603.9766783 -417.9593102 0.0000000 -1599.4869819 -415.7648121 0.0000000 -1622.7153887 -413.7617519 0.0000000 -1617.4457676 -424.5428044 0.0000000 -1608.4663747 -420.1538083 0.0000000 -1631.6947815 -418.1507481 0.0000000 -1630.9148568 -431.1262987 0.0000000 -1626.4251604 -428.9318006 0.0000000 -1649.6535672 -426.9287404 0.0000000 -1644.3839461 -437.7097929 0.0000000 -1635.4045532 -433.3207968 0.0000000 -1658.6329600 -431.3177366 0.0000000 -1657.8530353 -444.2932872 0.0000000 -1653.3633389 -442.0987891 0.0000000 -1676.5917457 -440.0957289 0.0000000 -1671.3221245 -450.8767815 0.0000000 -1662.3427317 -446.4877853 0.0000000 -1685.5711385 -444.4847251 0.0000000 -1690.0608349 -446.6792232 0.0000000 -1684.7912138 -457.4602757 0.0000000 -1703.5299241 -453.2627174 0.0000000 -1698.2603030 -464.0437700 0.0000000 -1689.2809102 -459.6547738 0.0000000 -1764.2563496 -488.9872492 0.0000000 -1768.5405026 -491.5600355 0.0000000 -1762.3625026 -501.8475190 0.0000000 -1788.0674202 -517.2842368 0.0000000 -1770.9308085 -506.9930916 0.0000000 -1777.1088084 -496.7056081 0.0000000 -1798.5295731 -509.5695397 0.0000000 -1798.8106412 -509.7491459 0.0000000 -1792.2085419 -519.7711278 0.0000000 -1802.9352668 -512.5492848 0.0000000 -1795.9803699 -522.3317584 0.0000000 -1799.6557048 -525.3214293 0.0000000 -1807.2280959 -516.0123535 0.0000000 -1810.8630384 -534.4379426 0.0000000 -1807.4091082 -531.6283715 0.0000000 -1814.9814993 -522.3192956 0.0000000 -1829.0902375 -538.3128043 0.0000000 -1822.4629547 -549.4853200 0.0000000 -1819.4825104 -545.5024900 0.0000000 -1837.8241157 -551.7965378 0.0000000 -1829.2221055 -561.5422352 0.0000000 -1827.0347255 -557.0490666 0.0000000 -1855.8881502 -640.9286609 0.0000000 -1854.4776106 -636.1345422 0.0000000 -1865.9896685 -632.7474310 0.0000000 -1873.0423664 -656.7180243 0.0000000 -1874.4529060 -661.5121430 0.0000000 -1861.5303085 -660.1051356 0.0000000 -1878.6845247 -675.8944990 0.0000000 -1880.0950642 -680.6886177 0.0000000 -1868.5830063 -684.0757289 0.0000000 -1869.9935459 -688.8698476 0.0000000 -1881.5056038 -685.4827364 0.0000000 -1882.9161434 -690.2768550 0.0000000 -1871.4040855 -693.6639663 0.0000000 -1889.9688413 -714.2474484 0.0000000 -1891.3793808 -719.0415671 0.0000000 -1879.8673229 -722.4286783 0.0000000 -1881.2209966 -727.0295220 0.0000000 -1894.0515124 -729.5109828 0.0000000 -1894.7882585 -734.4536947 0.0000000 -1882.2140771 -731.4910324 0.0000000 -1896.2617506 -744.3391185 0.0000000 -1896.3114514 -744.7876822 0.0000000 -1884.3595862 -745.8849111 0.0000000 -1891.1173555 -830.3618915 0.0000000 -1891.4646463 -825.3766548 0.0000000 -1879.1463682 -829.5279464 0.0000000 -1891.8119371 -820.3914181 0.0000000 -1879.4936590 -824.5427097 0.0000000 -1892.1592279 -815.4061815 0.0000000 -1879.8409499 -819.5574730 0.0000000 -1892.5065187 -810.4209448 0.0000000 -1880.1882407 -814.5722363 0.0000000 -1892.8538095 -805.4357081 0.0000000 -1880.5355315 -809.5869996 0.0000000 -1881.9246947 -789.6460529 0.0000000 -1894.5902636 -780.5095247 0.0000000 -1894.2429728 -785.4947613 0.0000000 -1882.2719855 -784.6608162 0.0000000 -1895.2848452 -770.5390513 0.0000000 -1894.9375544 -775.5242880 0.0000000 -1882.9665672 -774.6903428 0.0000000 -1883.3138580 -769.7051061 0.0000000 -1883.6611488 -764.7198695 0.0000000 -1895.6321360 -765.5538146 0.0000000 -1884.0084396 -759.7346328 0.0000000 -1895.9794268 -760.5685779 0.0000000 -1884.3557304 -754.7493961 0.0000000 -1896.3267176 -755.5833412 0.0000000 -1896.6740084 -750.5981045 0.0000000 -1884.6733070 -750.1906969 0.0000000 -1896.6726521 -749.7451261 0.0000000 -1892.8905593 -724.2256150 0.0000000 -1877.0462438 -712.8404410 0.0000000 -1875.6357042 -708.0463223 0.0000000 -1887.1477621 -704.6592110 0.0000000 -1878.4567834 -717.6345596 0.0000000 -1888.5583017 -709.4533297 0.0000000 -1884.3266830 -695.0709737 0.0000000 -1885.7372225 -699.8650924 0.0000000 -1874.2251646 -703.2522036 0.0000000 -1862.9408480 -664.8992542 0.0000000 -1867.4002081 -637.5415496 0.0000000 -1861.7580498 -618.3650749 0.0000000 -1864.5791289 -627.9533123 0.0000000 -1850.2459919 -621.7521862 0.0000000 -1848.8354523 -616.9580675 0.0000000 -1860.3475102 -613.5709563 0.0000000 -1847.4249127 -612.1639488 0.0000000 -1858.9369706 -608.7768376 0.0000000 -1844.6038336 -602.5757115 0.0000000 -1843.1932940 -597.7815928 0.0000000 -1854.7053519 -594.3944816 0.0000000 -1846.6064600 -569.8377362 0.0000000 -1848.7346838 -574.3538221 0.0000000 -1837.6820016 -579.0499030 0.0000000 -1835.7676168 -574.9875829 0.0000000 -1846.5736360 -569.7692122 0.0000000 -1833.5968657 -570.5285724 0.0000000 -1831.4094856 -566.0354038 0.0000000 -1844.3862559 -565.2760436 0.0000000 -1832.0843335 -542.3138773 0.0000000 -1825.0867075 -553.0475794 0.0000000 -1832.1114979 -542.3504665 0.0000000 -1835.0730684 -546.3713799 0.0000000 -1813.6099736 -537.6548964 0.0000000 -1822.8610401 -530.0093073 0.0000000 -1823.1020456 -530.3106583 0.0000000 -1819.6348634 -526.2311108 0.0000000 -1811.1047976 -519.1658246 0.0000000 -1794.2454202 -506.9967534 0.0000000 -1772.8246555 -494.1328218 0.0000000 -1766.6466555 -504.4203053 0.0000000 -1734.2672791 -470.9777450 0.0000000 -1742.8355850 -476.1233176 0.0000000 -1736.6575850 -486.4108011 0.0000000 -1717.1306674 -460.6865998 0.0000000 -1721.4148203 -463.2593861 0.0000000 -1715.2368204 -473.5468696 0.0000000 -1680.3015174 -455.2657776 0.0000000 -1681.0814421 -442.2902270 0.0000000 -1675.8118210 -453.0712795 0.0000000 -1708.2807741 -455.5928972 0.0000000 -1712.6534786 -458.0027106 0.0000000 -1702.6177584 -466.1736306 0.0000000 -1708.0196206 -455.4572155 0.0000000 -1694.5505313 -448.8737213 0.0000000 -1667.6123528 -435.7067328 0.0000000 -1640.6741744 -422.5397443 0.0000000 -1609.2462995 -407.1782577 0.0000000 -1613.7359959 -409.3727558 0.0000000 -1582.3081210 -394.0112692 0.0000000 -1586.7978174 -396.2057673 0.0000000 -1577.0384998 -404.7923217 0.0000000 -1568.3283381 -400.5349218 0.0000000 -1572.7784933 -389.3865621 0.0000000 -1573.3287281 -389.6222730 0.0000000 -1568.0973811 -387.6521644 0.0000000 -1567.9789720 -387.6096990 0.0000000 -1553.8148148 -382.6969182 0.0000000 -1594.9972855 -413.5703140 0.0000000 -1600.2669066 -402.7892615 0.0000000 -1511.3223434 -367.9585761 0.0000000 -1516.0437292 -369.5961697 0.0000000 -1512.1113959 -380.9335748 0.0000000 -1501.8795720 -364.6833890 0.0000000 -1506.6009577 -366.3209825 0.0000000 -1502.6686245 -377.6583877 0.0000000 -1497.1581863 -363.0457954 0.0000000 -1493.2258531 -374.3832005 0.0000000 -1480.6524614 -370.8659643 0.0000000 -1480.5991295 -358.8556192 0.0000000 -1481.5974214 -358.8927324 0.0000000 -1484.3901172 -371.3185612 0.0000000 -1486.4705262 -359.4828221 0.0000000 -1475.6071396 -359.0863404 0.0000000 -1473.1237204 -371.4701201 0.0000000 -1470.2714625 -359.7326535 0.0000000 -1475.1425719 -359.1259473 0.0000000 -1463.1933586 -363.6298808 0.0000000 -1463.5541324 -363.3762740 0.0000000 -1470.2747347 -373.3202264 0.0000000 -1467.1008535 -375.7303334 0.0000000 -1458.1900649 -367.6585131 0.0000000 -1459.2496748 -366.6245424 0.0000000 -1455.0713351 -371.5632180 0.0000000 -1462.9722956 -381.9543045 0.0000000 -1451.6740478 -377.8653879 0.0000000 -1452.1424857 -376.7499930 0.0000000 -1448.7527104 -387.4235557 0.0000000 -1444.3707043 -401.7608073 0.0000000 -1445.8313730 -396.9817234 0.0000000 -1415.7358263 -423.2580162 0.0000000 -1420.7119312 -423.7179903 0.0000000 -1414.7935633 -435.2220747 0.0000000 -1404.6356913 -422.8924082 0.0000000 -1405.4086946 -422.8699632 0.0000000 -1405.3704808 -434.8761563 0.0000000 -1399.7113815 -423.3542610 0.0000000 -1401.3101149 -435.2569794 0.0000000 -1398.7682697 -423.5194465 0.0000000 -1392.9344064 -437.4248002 0.0000000 -1383.2348522 -429.2427815 0.0000000 -1387.5168909 -426.6826065 0.0000000 -1389.0924653 -426.0237613 0.0000000 -1355.1879134 -450.5733616 0.0000000 -1351.7216167 -451.3059659 0.0000000 -1352.8555640 -438.8012185 0.0000000 -1346.9579443 -455.5291447 0.0000000 -1337.5425326 -448.0077578 0.0000000 -1341.0064751 -444.4057726 0.0000000 -1341.7687522 -443.7367804 0.0000000 -1345.6445252 -440.8769459 0.0000000 -1349.3031115 -453.0905195 0.0000000 -1334.4177336 -454.3588513 0.0000000 -1336.3445696 -449.8214730 0.0000000 -1334.2592787 -454.7741013 0.0000000 -1308.5397966 -530.4817386 0.0000000 -1310.1472642 -525.7500113 0.0000000 -1321.5095026 -529.6100035 0.0000000 -1306.9323289 -535.2134660 0.0000000 -1318.2945673 -539.0734581 0.0000000 -1316.6870997 -543.8051855 0.0000000 -1297.2875232 -563.6038300 0.0000000 -1298.8949908 -558.8721026 0.0000000 -1308.6497615 -567.4638221 0.0000000 -1294.0725879 -573.0672846 0.0000000 -1295.6800555 -568.3355573 0.0000000 -1305.4348263 -576.9272768 0.0000000 -1303.8273586 -581.6590041 0.0000000 -1302.2198910 -586.3907314 0.0000000 -1292.4651203 -577.7990120 0.0000000 -1300.6124234 -591.1224588 0.0000000 -1289.2501850 -587.2624666 0.0000000 -1287.6427174 -591.9941940 0.0000000 -1299.0049557 -595.8541861 0.0000000 -1295.7900205 -605.3176408 0.0000000 -1284.4277821 -601.4576486 0.0000000 -1287.6694349 -620.4293382 0.0000000 -1275.4470923 -616.0035572 0.0000000 -1278.8241689 -612.3200060 0.0000000 -1226.6307754 -606.3557587 0.0000000 -1230.9926985 -594.1104811 0.0000000 -1219.8893128 -584.0370711 0.0000000 -1223.5904414 -587.3948745 0.0000000 -1215.5273897 -596.2823487 0.0000000 -1211.8262612 -592.9245454 0.0000000 -1208.2635517 -589.6923211 0.0000000 -1215.9037986 -580.4369682 0.0000000 -1216.1881843 -580.6792678 0.0000000 -1212.0027890 -577.3175667 0.0000000 -1204.5456553 -586.7193442 0.0000000 -1211.9280293 -577.2587513 0.0000000 -1207.9761062 -574.2000753 0.0000000 -1192.1684136 -561.9653710 0.0000000 -1176.9198063 -565.3377231 0.0000000 -1180.3126442 -552.7893428 0.0000000 -1184.2645674 -555.8480189 0.0000000 -1176.3607211 -549.7306668 0.0000000 -1160.5530286 -537.4959625 0.0000000 -1141.3524981 -537.8096385 0.0000000 -1144.7453360 -525.2612582 0.0000000 -1148.6972592 -528.3199343 0.0000000 -1133.4486519 -531.6922863 0.0000000 -1136.8414898 -519.1439061 0.0000000 -1140.7934129 -522.2025822 0.0000000 -1132.8895666 -516.0852300 0.0000000 -1105.7851899 -510.2815539 0.0000000 -1113.1299510 -500.7918497 0.0000000 -1101.2741816 -491.6158215 0.0000000 -1105.2261047 -494.6744976 0.0000000 -1097.3222584 -488.5571454 0.0000000 -1089.4184122 -482.4397933 0.0000000 -1077.5626428 -473.2637651 0.0000000 -1057.8030271 -457.9703848 0.0000000 -1061.7549502 -461.0290609 0.0000000 -1042.5544198 -461.3427368 0.0000000 -1049.8991808 -451.8530327 0.0000000 -1053.8511040 -454.9117087 0.0000000 -1038.0434114 -442.6770045 0.0000000 -1041.9953346 -445.7356805 0.0000000 -1030.1395652 -436.5596523 0.0000000 -1034.0914883 -439.6183284 0.0000000 -1014.8909579 -439.9320044 0.0000000 -1018.2837958 -427.3836241 0.0000000 -1022.2357189 -430.4423002 0.0000000 -987.7351039 -417.3208768 0.0000000 -983.9804435 -414.0230410 0.0000000 -995.6541563 -408.3048572 0.0000000 -976.4711227 -407.4273693 0.0000000 -980.6355147 -395.1135139 0.0000000 -984.3901751 -398.4113497 0.0000000 -984.9416842 -349.2679055 0.0000000 -984.5972605 -350.2362911 0.0000000 -973.4632204 -345.7308275 0.0000000 -974.5406725 -341.6136897 0.0000000 -986.1997314 -344.4606816 0.0000000 -986.2870708 -344.0756288 0.0000000 -987.0925812 -336.3302070 0.0000000 -987.2315536 -339.1683742 0.0000000 -975.1714379 -338.3364186 0.0000000 -985.7923406 -331.9409139 0.0000000 -974.5928816 -336.3833544 0.0000000 -984.8387477 -330.0441598 0.0000000 -976.3954534 -321.5528017 0.0000000 -967.9827605 -316.1565641 0.0000000 -925.9192961 -289.1753756 0.0000000 -874.5156139 -257.5685360 0.0000000 -877.4854474 -272.9006223 0.0000000 -868.7294330 -268.0813905 0.0000000 -830.7355420 -233.4723770 0.0000000 -835.1135492 -235.8819929 0.0000000 -896.4748710 -270.2885437 0.0000000 -900.6812174 -272.9866625 0.0000000 -889.9959115 -280.3891914 0.0000000 -883.2716283 -262.3877678 0.0000000 -887.8641972 -264.9213166 0.0000000 -892.1366970 -267.5082544 0.0000000 -881.7548939 -275.2504874 0.0000000 -887.6496355 -264.7973836 0.0000000 -855.5954114 -260.8525428 0.0000000 -857.0035851 -247.9300724 0.0000000 -861.3815923 -250.3396883 0.0000000 -812.5854109 -224.2619867 0.0000000 -821.6244569 -228.5267763 0.0000000 -821.9057530 -228.6686426 0.0000000 -789.9877959 -213.6000127 0.0000000 -780.9487499 -209.3352230 0.0000000 -864.3514258 -265.6717746 0.0000000 -767.3901810 -202.9380386 0.0000000 -771.9097040 -205.0704334 0.0000000 -758.3511350 -198.6732490 0.0000000 -740.2730430 -190.1436698 0.0000000 -731.2339970 -185.8788801 0.0000000 -717.6754280 -179.4816957 0.0000000 -722.1949510 -181.6140905 0.0000000 -717.1758122 -70.8657070 0.0000000 -718.9733671 -66.2028761 0.0000000 -728.3726104 -75.1821535 0.0000000 -722.5684770 -56.8772143 0.0000000 -733.7652752 -61.1936608 0.0000000 -737.3603851 -51.8679990 0.0000000 -735.5628301 -56.5308299 0.0000000 -724.3660319 -52.2143835 0.0000000 -739.1579400 -47.2051681 0.0000000 -727.9611418 -42.8887217 0.0000000 -742.7530499 -37.8795063 0.0000000 -740.9554949 -42.5423372 0.0000000 -731.5562517 -33.5630599 0.0000000 -746.3481598 -28.5538445 0.0000000 -744.5506048 -33.2166754 0.0000000 -735.1513616 -24.2373981 0.0000000 -749.9432696 -19.2281827 0.0000000 -748.1457147 -23.8910136 0.0000000 -736.9489165 -19.5745672 0.0000000 -738.7464714 -14.9117363 0.0000000 -740.5440264 -10.2489054 0.0000000 -742.3415813 -5.5860745 0.0000000 -744.1391363 -0.9232436 0.0000000 -753.5383795 -9.9025210 0.0000000 -760.7285993 8.7488026 0.0000000 -758.9310444 4.0859717 0.0000000 -751.3293560 17.7280800 0.0000000 -762.5261542 13.4116335 0.0000000 -752.9285574 21.8763847 0.0000000 -764.6233096 19.1310519 0.0000000 -764.3237092 18.0744644 0.0000000 -753.6273637 25.6176929 0.0000000 -765.5253632 23.9605171 0.0000000 -752.5409220 40.6615266 0.0000000 -761.8132033 48.3255850 0.0000000 -762.7864477 46.9656677 0.0000000 -753.6273637 38.5815205 0.0000000 -764.9455918 42.8319592 0.0000000 -751.4743328 59.1822197 0.0000000 -754.9206230 55.5633414 0.0000000 -736.3347430 67.2145531 0.0000000 -731.7914905 69.2959113 0.0000000 -704.5319754 81.7840611 0.0000000 -672.2745204 83.3625547 0.0000000 -654.5561977 104.6790022 0.0000000 -609.1236726 125.4925851 0.0000000 -585.9527226 122.9083622 0.0000000 -549.6067025 139.5592285 0.0000000 -536.3764614 158.7756798 0.0000000 -540.9343553 156.7265828 0.0000000 -535.9968642 145.7894200 0.0000000 -527.2606735 162.8738738 0.0000000 -531.8185674 160.8247768 0.0000000 -526.8980961 149.8799624 0.0000000 -481.3191567 170.3709327 0.0000000 -486.2396281 181.3157471 0.0000000 -463.0875810 178.5673208 0.0000000 -458.5296871 180.6164178 0.0000000 -463.4501584 191.5612322 0.0000000 -403.8349599 205.2055821 0.0000000 -431.5449009 205.9049114 0.0000000 -440.6606888 201.8067173 0.0000000 -435.7402174 190.8619029 0.0000000 -426.6244295 194.9600970 0.0000000 -476.7612628 172.4200297 0.0000000 -481.6817342 183.3648441 0.0000000 -445.2185827 199.7576203 0.0000000 -449.7764766 197.7085233 0.0000000 -440.2981113 188.8128059 0.0000000 -422.0665356 197.0091940 0.0000000 -412.9507477 201.1073881 0.0000000 -417.8712191 212.0522024 0.0000000 -399.6396434 220.2485905 0.0000000 -385.6033841 213.4019702 0.0000000 -381.0454902 215.4510672 0.0000000 -371.9297023 219.5492613 0.0000000 -385.9659616 226.3958816 0.0000000 -372.2922798 232.5431727 0.0000000 -376.8501737 230.4940757 0.0000000 -367.3718084 221.5983583 0.0000000 -363.1764919 236.6413667 0.0000000 -367.7343858 234.5922697 0.0000000 -358.2560205 225.6965524 0.0000000 -354.0607040 240.7395608 0.0000000 -358.6185980 238.6904638 0.0000000 -353.6981266 227.7456494 0.0000000 -349.5028101 242.7886578 0.0000000 -344.5823387 231.8438434 0.0000000 -340.0244448 233.8929405 0.0000000 -335.4665509 235.9420375 0.0000000 -344.9449162 244.8377548 0.0000000 -215.1452788 297.8264376 0.0000000 -219.8054406 296.0219743 0.0000000 -215.4724050 284.8315854 0.0000000 -330.9086569 237.9911345 0.0000000 -326.3507630 240.0402315 0.0000000 -331.2712344 250.9850459 0.0000000 -313.0396586 259.1814340 0.0000000 -317.5975526 257.1323370 0.0000000 -312.6770812 246.1875226 0.0000000 -308.1191873 248.2366196 0.0000000 -303.5612933 250.2857167 0.0000000 -299.0659660 252.3066856 0.0000000 -308.4817647 261.2305310 0.0000000 -303.7981108 263.3344465 0.0000000 -303.9238708 263.2796281 0.0000000 -299.1961486 265.2781285 0.0000000 -299.0281907 265.3460973 0.0000000 -285.3748316 257.7646351 0.0000000 -280.3875436 272.5639507 0.0000000 -289.7078672 268.9550240 0.0000000 -317.2349751 244.1384256 0.0000000 -322.1554465 255.0832400 0.0000000 -321.7928691 242.0893286 0.0000000 -326.7133404 253.0341429 0.0000000 -458.8922645 193.6103292 0.0000000 -453.9717931 182.6655148 0.0000000 -408.7554312 216.1503965 0.0000000 -413.3133252 214.1012995 0.0000000 -99.0014194 330.2112321 0.0000000 -71.1638994 341.3515880 0.0000000 -43.1453260 365.4896519 0.0000000 -47.7849126 363.6329260 0.0000000 -43.3263795 352.4919438 0.0000000 -38.6867928 354.3486698 0.0000000 -34.0472062 356.2053958 0.0000000 -29.4076195 358.0621218 0.0000000 -20.1284462 361.7755737 0.0000000 -33.8661526 369.2031039 0.0000000 -19.9473927 374.7732818 0.0000000 -24.5869793 372.9165558 0.0000000 -15.3078060 376.6300078 0.0000000 -15.4888595 363.6322997 0.0000000 -10.8492729 365.4890257 0.0000000 -6.2096862 367.3457517 0.0000000 -6.0286327 380.3434597 0.0000000 -10.6682194 378.4867338 0.0000000 -1.3890460 382.2001857 0.0000000 -1.5700995 369.2024776 0.0000000 3.0694871 371.0592036 0.0000000 7.7090738 372.9159296 0.0000000 12.3486604 374.7726556 0.0000000 7.8901273 385.9136377 0.0000000 12.5297139 387.7703637 0.0000000 16.9882471 376.6293815 0.0000000 19.2285390 390.0541890 0.0000000 17.1693006 389.6270896 0.0000000 20.6362286 378.0892750 0.0000000 24.0485452 390.1908333 0.0000000 32.0665206 388.5788849 0.0000000 30.1673336 389.2514488 0.0000000 27.1106950 377.6023626 0.0000000 36.3731600 386.1753131 0.0000000 32.4774082 374.1239401 0.0000000 42.8425574 380.3645143 0.0000000 40.9964053 382.7150851 0.0000000 44.8531006 375.7894830 0.0000000 54.9058171 352.9143265 0.0000000 52.8952738 357.4893578 0.0000000 47.9409375 338.9363711 0.0000000 58.9269037 343.7642639 0.0000000 68.9796201 320.8891073 0.0000000 60.0041973 311.4861833 0.0000000 73.0007067 311.7390447 0.0000000 70.9901634 316.3140760 0.0000000 77.0217933 302.5889821 0.0000000 72.0674570 284.0359955 0.0000000 83.0534231 288.8638882 0.0000000 94.0464754 266.8503895 0.0000000 98.6280669 257.9677209 0.0000000 92.5447372 243.5841927 0.0000000 103.2096584 249.0850523 0.0000000 107.7912499 240.2023836 0.0000000 103.9987159 221.3775211 0.0000000 106.2895117 216.9361868 0.0000000 116.9544329 222.4370463 0.0000000 110.8711032 208.0535182 0.0000000 121.5360244 213.5543777 0.0000000 119.2452287 217.9957120 0.0000000 126.1176159 204.6717090 0.0000000 144.8572634 163.1484692 0.0000000 124.5611043 181.5117053 0.0000000 135.3860743 186.6918890 0.0000000 135.2807989 186.9063717 0.0000000 126.5339603 177.2813844 0.0000000 139.4552682 177.1333614 0.0000000 137.6546032 181.7949921 0.0000000 137.4953810 182.1689818 0.0000000 128.4084117 200.2303747 0.0000000 148.4585935 153.8252077 0.0000000 142.6666723 135.5164008 0.0000000 153.8605886 139.8403155 0.0000000 152.0599236 144.5019463 0.0000000 157.4619187 130.5170541 0.0000000 155.6612537 135.1786848 0.0000000 169.1898622 96.5370483 0.0000000 168.2317680 101.4416636 0.0000000 156.5164357 98.8233113 0.0000000 170.1479564 91.6324330 0.0000000 158.2408409 89.9958450 0.0000000 170.2562504 90.2920774 0.0000000 158.1131083 85.9647524 0.0000000 170.0994154 85.3425478 0.0000000 157.7008195 82.3118558 0.0000000 169.5041002 79.8938587 0.0000000 170.0645702 84.8596486 0.0000000 166.6529593 73.4235533 0.0000000 168.8961420 77.8588908 0.0000000 155.9853728 78.9199854 0.0000000 166.5689748 73.2635257 0.0000000 154.1000725 75.4554841 0.0000000 159.4242213 63.9921247 0.0000000 163.0185714 67.3692517 0.0000000 151.3866799 72.9060743 0.0000000 159.0523011 63.6703382 0.0000000 148.1458523 70.3265770 0.0000000 149.6962288 57.6551421 0.0000000 154.1226029 59.9030700 0.0000000 149.3433578 57.4901202 0.0000000 130.9709315 49.6145196 0.0000000 135.5640381 51.5834197 0.0000000 117.1916118 43.7078191 0.0000000 108.0053987 39.7700187 0.0000000 89.4981834 44.8926883 0.0000000 89.6329725 31.8944181 0.0000000 94.2260790 33.8633183 0.0000000 85.0398659 29.9255179 0.0000000 66.6674397 22.0499173 0.0000000 52.8881200 16.1432168 0.0000000 43.7019069 12.2054165 0.0000000 25.3294806 4.3298158 0.0000000 34.5156937 8.2676161 0.0000000 6.8222653 9.4524853 0.0000000 11.5501609 -1.5768847 0.0000000 -2.3393428 5.5252323 0.0000000 2.3146446 -5.5355596 0.0000000 2.3639478 -5.5146850 0.0000000 -214.1636281 -96.5507103 0.0000000 -227.9564567 -102.4257967 0.0000000 -269.3349426 -120.0510558 0.0000000 -287.7253808 -127.8845043 0.0000000 -365.8847431 -161.1766604 0.0000000 -521.1985212 -230.0179372 0.0000000 -461.4950116 -204.0853882 0.0000000 -484.4489765 -214.2776864 0.0000000 -430.0570575 -176.6274282 0.0000000 -599.2913036 -263.4659701 0.0000000 -786.7738017 -333.8167038 0.0000000 -755.0718995 -319.0290066 0.0000000 -759.6007427 -321.1415348 0.0000000 -754.5279549 -332.0165899 0.0000000 -941.1615397 -415.4986669 0.0000000 -1137.7679113 -559.1832475 0.0000000 -1275.4265780 -734.5178676 0.0000000 -1269.5727502 -771.9014065 0.0000000 -1284.2798381 -777.1544387 0.0000000 -1274.7334570 -785.9771256 0.0000000 -1287.1628994 -804.1242807 0.0000000 -1327.8468859 -842.2155456 0.0000000 -1416.4879251 -923.0074197 0.0000000 -1492.2067799 -1024.3113619 0.0000000 -1506.4817054 -1050.6791746 0.0000000 -1517.0344892 -1044.9661410 0.0000000 -1519.4136435 -1049.3607764 0.0000000 -1530.2732478 -1094.6255292 0.0000000 -1540.2380920 -1107.5645892 0.0000000 -1554.0625781 -1117.8250808 0.0000000 -1591.9946803 -1121.2214755 0.0000000 -1644.3587207 -1101.2734941 0.0000000 -1689.9970766 -1080.0188289 0.0000000 -1688.8517792 -1067.0704124 0.0000000 -1694.4231434 -1077.6986719 0.0000000 -1720.9795443 -1063.7777302 0.0000000 -1778.5184129 -1033.6156898 0.0000000 -1844.9094151 -998.8133355 0.0000000 -1852.6162513 -981.2246051 0.0000000 -1871.1105150 -980.7730004 0.0000000 -1874.3392567 -976.9587609 0.0000000 -1864.9031021 -969.5329353 0.0000000 -1890.0754830 -845.3176016 0.0000000 -1880.8828223 -804.6017630 0.0000000 -1874.6315877 -894.3360233 0.0000000 -1746.3906478 -1036.9083720 0.0000000 -1738.6838116 -1054.4971024 0.0000000 -1486.1073641 -987.8373805 0.0000000 -1466.0450111 -975.9617886 0.0000000 -1458.4837753 -945.2211819 0.0000000 -1420.8780705 -910.7722319 0.0000000 -1412.7945485 -919.6410916 0.0000000 -1260.6550548 -716.4797625 0.0000000 -1270.3544943 -699.9063008 0.0000000 -1257.7567213 -696.7017244 0.0000000 -1255.5829711 -681.8681957 0.0000000 -1259.0032607 -648.7187353 0.0000000 -1243.4696188 -647.1100856 0.0000000 -1259.7349521 -650.2322323 0.0000000 -1101.7056841 -515.9944474 0.0000000 -1046.9783640 -488.6986490 0.0000000 -1002.7958285 -439.2139390 0.0000000 -979.4368489 -438.0161146 0.0000000 -932.3852780 -410.7683495 0.0000000 -938.0570168 -400.1932849 0.0000000 -928.8881190 -395.5679069 0.0000000 -901.1693567 -395.5575337 0.0000000 -910.8723768 -386.9074125 0.0000000 -691.1651652 -302.8165970 0.0000000 -668.3276154 -279.9806305 0.0000000 -617.7969915 -258.3377857 0.0000000 -548.7606797 -241.8231253 0.0000000 -553.4852884 -230.7923468 0.0000000 -530.5168230 -220.9546901 0.0000000 -393.2445895 -173.0878250 0.0000000 -370.5873338 -150.1364774 0.0000000 -310.8184098 -124.6777698 0.0000000 -108.3559779 -38.8046722 0.0000000 -131.4084417 -48.4438531 0.0000000 -255.6470952 -101.1774243 0.0000000 -71.4720359 -23.3819829 0.0000000 20.6015850 15.3591858 0.0000000 61.9395440 33.0792873 0.0000000 103.2775031 50.7993888 0.0000000 112.5985053 41.7389189 0.0000000 107.8706096 52.7682889 0.0000000 144.4673374 130.8547701 0.0000000 137.2646772 149.5012930 0.0000000 114.6636372 226.8783806 0.0000000 75.0112500 307.1640134 0.0000000 62.0147406 306.9111520 0.0000000 64.0252839 302.3361207 0.0000000 78.7999627 270.2321987 0.0000000 41.9093077 352.6614650 0.0000000 -140.9098167 313.7029990 0.0000000 -177.8639846 312.2621444 0.0000000 -182.8512726 297.4628288 0.0000000 -201.1647935 303.2398277 0.0000000 -196.8317579 292.0494388 0.0000000 -247.7664112 285.1951941 0.0000000 -243.4333757 274.0048053 0.0000000 -261.7468965 279.7818041 0.0000000 -257.4138610 268.5914152 0.0000000 -275.7273818 274.3684140 0.0000000 -276.0545081 261.3735618 0.0000000 -490.7975220 179.2666500 0.0000000 -567.7797126 131.2337953 0.0000000 -600.0371676 129.6553017 0.0000000 -618.2101776 121.3298686 0.0000000 -672.7292078 96.3535691 0.0000000 -722.7049855 73.4586279 0.0000000 -731.3368031 56.3048969 0.0000000 -749.5318011 13.0652491 0.0000000 -726.5750554 -79.8449844 0.0000000 -697.7742064 -157.6080914 0.0000000 -685.7880557 -157.0125257 0.0000000 -697.6027174 -162.2225660 0.0000000 -685.6024671 -162.0063972 0.0000000 -693.8539337 -178.5625066 0.0000000 -717.0744577 -192.4667652 0.0000000 -766.7892107 -215.9231081 0.0000000 -904.8875638 -275.6847814 0.0000000 -936.2657224 -310.0684987 0.0000000 -961.5038011 -326.2572118 0.0000000 -965.3900831 -363.4520192 0.0000000 -959.0070432 -384.9126644 0.0000000 -965.1572320 -397.1540053 0.0000000 -1010.9390347 -436.8733283 0.0000000 -1002.7537455 -430.5122200 0.0000000 -1003.1634770 -414.9005288 0.0000000 -1069.6587965 -467.1464130 0.0000000 -1062.3140355 -476.6361172 0.0000000 -1121.0337972 -506.9092018 0.0000000 -1113.6890362 -516.3989060 0.0000000 -1145.3044213 -540.8683145 0.0000000 -1172.9678832 -562.2790470 0.0000000 -1241.4352895 -619.7869720 0.0000000 -1257.0456377 -616.1275426 0.0000000 -1267.3959444 -631.5486460 0.0000000 -1274.2633494 -630.9820306 0.0000000 -1329.4368758 -468.9692833 0.0000000 -1369.0066095 -449.8907603 0.0000000 -1431.1204998 -435.0381837 0.0000000 -1437.4207279 -418.1407242 0.0000000 -1450.3729061 -420.1683073 0.0000000 -1460.2286655 -390.9310413 0.0000000 -1530.2078863 -374.5089504 0.0000000 -1710.9526674 -470.9740833 0.0000000 -1706.7640012 -468.4586401 0.0000000 -1758.0783497 -499.2747327 0.0000000 -1803.3513942 -512.8588824 0.0000000 -1818.8582010 -525.4727667 0.0000000 -1840.0114958 -556.2897064 0.0000000 -1842.1988759 -560.7828750 0.0000000 -1871.6318268 -651.9239056 0.0000000 -1867.1724668 -679.2816103 0.0000000 -1893.9737437 -729.0919260 0.0000000 -1892.7899204 -723.8356857 0.0000000 -1872.8146251 -698.4580849 0.0000000 -1875.8634455 -666.3062617 0.0000000 -1864.3513876 -669.6933729 0.0000000 -1853.0670710 -631.3404235 0.0000000 -1856.1158915 -599.1886003 0.0000000 -1857.5264311 -603.9827189 0.0000000 -1849.0631936 -575.2180069 0.0000000 -1850.4737332 -580.0121256 0.0000000 -1835.6367356 -547.3033692 0.0000000 -1826.0961416 -534.3117313 0.0000000 -1753.7941967 -496.7019464 0.0000000 -1759.9721967 -486.4144629 0.0000000 -1740.9417380 -488.9835874 0.0000000 -1747.1197379 -478.6961039 0.0000000 -1712.8465145 -458.1138135 0.0000000 -1654.1432636 -429.1232385 0.0000000 -1544.3720434 -379.4217311 0.0000000 -1507.3900102 -379.2959813 0.0000000 -1487.7154149 -359.7706082 0.0000000 -1476.3942215 -371.0627728 0.0000000 -1454.4899553 -372.4385638 0.0000000 -1464.7768190 -378.6400658 0.0000000 -1410.4028718 -423.0471349 0.0000000 -1383.1755520 -429.2787030 0.0000000 -1347.9662528 -439.8345779 0.0000000 -1319.9020349 -534.3417308 0.0000000 -1310.2572292 -562.7320948 0.0000000 -1307.0422939 -572.1955494 0.0000000 -1290.8576526 -582.5307393 0.0000000 -1286.0352497 -596.7259213 0.0000000 -1196.1203368 -565.0240471 0.0000000 -1152.6491823 -531.3786104 0.0000000 -1117.0818741 -503.8505258 0.0000000 -1081.5145659 -476.3224412 0.0000000 -991.4897643 -420.6187126 0.0000000 -991.8994959 -405.0070214 0.0000000 -981.8395786 -326.0468882 0.0000000 -980.7417504 -324.9256286 0.0000000 -894.2022580 -283.0873102 0.0000000 -824.9493611 -243.9852316 0.0000000 -870.1376067 -255.1589201 0.0000000 -885.8549469 -277.7330111 0.0000000 -851.2174043 -258.4429269 0.0000000 -852.6255779 -245.5204565 0.0000000 -826.3575348 -231.0627611 0.0000000 -820.5970592 -241.5897636 0.0000000 -826.3059871 -231.0347173 0.0000000 -749.3120890 -194.4084594 0.0000000 -726.1635869 -47.5515526 0.0000000 -729.7586967 -38.2258908 0.0000000 -751.7408246 -14.5653519 0.0000000 -755.3359345 -5.2396901 0.0000000 -765.6273637 40.0541095 0.0000000 -685.9042779 77.1184798 0.0000000 -531.4559900 147.8308654 0.0000000 -522.3402021 151.9290595 0.0000000 -468.0080524 189.5121352 0.0000000 -426.9870070 207.9540084 0.0000000 -408.3928538 203.1564851 0.0000000 -390.5238555 224.3467846 0.0000000 -362.8139145 223.6474553 0.0000000 -349.1402327 229.7947464 0.0000000 -335.8291283 248.9359489 0.0000000 -340.3870222 246.8868519 0.0000000 -233.7859259 290.6085842 0.0000000 -257.0867347 281.5862674 0.0000000 -243.1062494 286.9996575 0.0000000 -89.5411926 346.9223922 0.0000000 -38.5057393 367.3463779 0.0000000 3.2505406 384.0569117 0.0000000 37.0959182 385.7005748 0.0000000 30.1464858 375.9080621 0.0000000 64.9585335 330.0391699 0.0000000 112.3728414 231.3197150 0.0000000 108.5803074 212.4948525 0.0000000 122.3250819 185.8468465 0.0000000 132.9900032 191.3477061 0.0000000 168.0738294 102.0685281 0.0000000 157.4124701 94.2363886 0.0000000 164.1803227 68.8740455 0.0000000 155.1423148 60.5582322 0.0000000 126.3778249 47.6456194 0.0000000 62.0743331 20.0810171 0.0000000 -223.4638284 -87.4688895 0.0000000 -237.2566570 -93.3439758 0.0000000 -232.5540663 -104.3841588 0.0000000 -292.4279716 -116.8443213 0.0000000 -283.1277713 -125.9261422 0.0000000 -489.0426696 -216.2452178 0.0000000 -594.6976105 -261.4984387 0.0000000 -709.2395232 -310.8913082 0.0000000 -749.9991117 -329.9040618 0.0000000 -1277.6003281 -749.3513962 0.0000000 -1286.8900077 -803.7693251 0.0000000 -1296.5399005 -796.6328166 0.0000000 -1502.7595638 -1018.5983282 0.0000000 -1559.7026194 -1107.2240106 0.0000000 -1606.9755915 -1116.4704913 0.0000000 -1879.6644695 -966.1312691 0.0000000 -1480.3110087 -1002.3381846 0.0000000 -1468.4217472 -980.3577323 0.0000000 -1364.7806522 -875.8788265 0.0000000 -1240.6824812 -642.9621874 0.0000000 -946.8550648 -404.9353449 0.0000000 -604.0159123 -252.4351916 0.0000000 -585.6411399 -244.5650663 0.0000000 -489.1735852 -203.2469080 0.0000000 -416.4069731 -170.4279155 0.0000000 -140.6294272 -52.2995254 0.0000000 -232.6590475 -91.3856137 0.0000000 -11.5356301 1.6798873 0.0000000 121.6499293 58.6749894 0.0000000 126.2430359 60.6438896 0.0000000 53.9725674 325.2112772 0.0000000 33.8671345 370.9615902 0.0000000 -108.0995392 339.4954883 0.0000000 -103.6410061 328.3545061 0.0000000 -540.9683468 156.7111739 0.0000000 -559.1478950 148.3875263 0.0000000 -645.4696927 108.8417188 0.0000000 -706.8019511 -131.1361242 0.0000000 -699.5959898 -166.9005175 0.0000000 -976.3102868 -368.4268710 0.0000000 -970.9731151 -383.9593355 0.0000000 -999.4088166 -411.6026930 0.0000000 -1046.5063429 -464.4014129 0.0000000 -1050.4582661 -467.4600890 0.0000000 -1093.9294205 -501.1055257 0.0000000 -1129.4967287 -528.6336103 0.0000000 -1188.7755757 -574.5137513 0.0000000 -1270.9648856 -619.4037336 0.0000000 -1324.6144729 -483.1644653 0.0000000 -1424.7947614 -424.0953931 0.0000000 -1621.9354640 -426.7373025 0.0000000 -1648.8736425 -439.9042910 0.0000000 -1846.0143732 -607.3698302 0.0000000 -1816.4884145 -541.5014170 0.0000000 -1627.2050851 -415.9562500 0.0000000 -1497.9472388 -376.0207941 0.0000000 -1409.9702132 -435.0393348 0.0000000 -1300.5024584 -554.1403753 0.0000000 -1297.3974881 -600.5859134 0.0000000 -982.5255171 -354.7839361 0.0000000 -927.8530295 -304.6722610 0.0000000 -919.4403366 -299.2760233 0.0000000 -934.3319890 -294.5716133 0.0000000 -892.2685245 -267.5904248 0.0000000 -803.5463649 -219.9971971 0.0000000 -765.6273637 25.0621529 0.0000000 -626.8419952 104.1761376 0.0000000 -467.6454749 176.5182238 0.0000000 -444.8560053 186.7637089 0.0000000 -266.4070583 277.9773407 0.0000000 166.5990432 106.8241373 0.0000000 166.4652440 107.2089004 0.0000000 155.1978935 103.0750948 0.0000000 98.8191856 35.8322184 0.0000000 75.8536528 25.9877176 0.0000000 20.7363741 2.3609156 0.0000000 -260.2447048 -103.1357864 0.0000000 -250.9445045 -112.2176073 0.0000000 -1523.1357851 -1081.4416229 0.0000000 -1553.3049649 -1117.3858398 0.0000000 -1626.0839632 -1109.3731466 0.0000000 -1657.7710793 -1082.2031043 0.0000000 -1868.3107810 -962.2462005 0.0000000 -1684.4257124 -1069.3905693 0.0000000 -1478.9776725 -974.6505052 0.0000000 -750.5430563 -316.9164785 0.0000000 -126.7979489 -46.5160169 0.0000000 -595.0392276 118.7456456 0.0000000 -978.3820303 -363.8792260 0.0000000 -973.5137426 -388.5418760 0.0000000 -1272.3896293 -631.3581022 0.0000000 -1426.3551427 -436.0272818 0.0000000 -1803.5324065 -528.4749004 0.0000000 -1882.9193855 -736.2228339 0.0000000 -1882.6192763 -779.6755795 0.0000000 -1853.2948123 -589.6003629 0.0000000 -1723.8051262 -478.6924422 0.0000000 -1663.1226564 -433.5122347 0.0000000 -1410.4173079 -423.0476644 0.0000000 -1359.4855042 -449.8907603 0.0000000 -1353.1550582 -438.7458214 0.0000000 -980.4537737 -359.3315811 0.0000000 -971.6053134 -349.8090842 0.0000000 -733.3538066 -28.9002290 0.0000000 -196.5046317 305.0442910 0.0000000 46.8636439 371.2144517 0.0000000 162.8639139 116.5321618 0.0000000 -723.3699973 -304.2413094 0.0000000 -855.4707565 -376.1245449 0.0000000 -1267.1763052 -760.9803485 0.0000000 -1533.6885689 -1075.7285892 0.0000000 -1653.2023899 -1084.2280174 0.0000000 -1470.7984833 -984.7536760 0.0000000 -1402.4111873 -893.9405915 0.0000000 -1272.5282444 -714.7398294 0.0000000 -714.3123110 -300.0162531 0.0000000 -406.8946740 -179.2873377 0.0000000 -218.8662189 -85.5105273 0.0000000 84.9050768 42.9237881 0.0000000 -1026.7467273 -449.1080326 0.0000000 -1137.4005750 -534.7509624 0.0000000 -1238.3949555 -600.8260878 0.0000000 -1424.5835061 -436.1270234 0.0000000 -1728.0892792 -481.2652285 0.0000000 -1359.0119717 -437.8907603 0.0000000 -848.2475707 -243.1108406 0.0000000 -187.1843082 308.6532177 0.0000000 151.6699976 112.2082471 0.0000000 -200.3707995 -90.6756239 0.0000000 -773.1872722 -327.4791193 0.0000000 -1531.3094147 -1071.3339537 0.0000000 -1003.5572761 -454.9886236 0.0000000 -57.2451395 346.9217659 0.0000000 -1030.6986504 -452.1667086 0.0000000 -1074.1698049 -485.8121454 0.0000000 -1419.6074012 -435.6670494 0.0000000 -1860.1197689 -655.3110169 0.0000000 -1841.7827544 -592.9874742 0.0000000 -1729.9831262 -468.4049587 0.0000000 -1636.1844779 -420.3452462 0.0000000 -1109.7371131 -513.3402300 0.0000000 -842.4613899 -253.6236951 0.0000000 62.9479902 334.6142012 0.0000000 89.4648839 275.7330582 0.0000000 -168.1875327 -76.9670891 0.0000000 -768.1144844 -338.3541744 0.0000000 -1774.0923461 -1035.9358468 0.0000000 -52.6055528 348.7784919 0.0000000 -846.8393971 -256.0333110 0.0000000 -518.1448856 166.9720679 0.0000000 -585.5102243 -257.5633760 0.0000000 -590.2348330 -246.5325976 0.0000000 -420.5447584 -185.4868503 0.0000000 -57.0640859 359.9194740 0.0000000 -1895.5250045 -739.3964066 0.0000000 -52.4244993 361.7762000 0.0000000 -1883.6561315 -741.1655458 0.0000000 -47.9659661 350.6352179 0.0000000 -1861.9514289 -973.0198628 0.0000000 -145.2211236 -67.2263170 0.0000000 -1838.9616753 -583.3992368 0.0000000 -1658.0647888 -1095.1987548 0.0000000 -1602.8499107 -1105.2020061 0.0000000 -1598.1572262 -1106.9201180 0.0000000 -1584.7916807 -1110.2322509 0.0000000 -1545.7805749 -1095.8064397 0.0000000 -1467.7452680 -360.6545874 0.0000000 -1415.4107175 -423.2368473 0.0000000 -1358.0707693 -437.9650419 0.0000000 -1273.2528278 -719.6843390 0.0000000 -1251.3527738 -663.4091770 0.0000000 -1266.9383939 -619.5573722 0.0000000 -1234.6938270 -597.4682845 0.0000000 -1018.8108800 -451.6389444 0.0000000 -1011.4520194 -461.1177191 0.0000000 -967.4618266 -358.9043742 0.0000000 -969.5335700 -354.3567292 0.0000000 -841.6711712 -357.3324568 0.0000000 161.0632488 121.1937926 0.0000000 149.8693325 116.8698779 0.0000000 -702.8861367 -170.6619174 0.0000000 -699.6117313 -149.7874478 0.0000000 25.2434592 390.1050624 0.0000000 23.7868417 378.1785930 0.0000000 -627.2966827 117.1671520 0.0000000</float_array><technique_common><accessor source="#positions-array" count="2269" stride="3"><param name="X" type="float" /><param name="Y" type="float" /><param name="Z" type="float" /></accessor></technique_common></source><source id="uv"><float_array id="uv-array" count="4538">-3.4625687 1.8038617 -3.4531705 -4.6956160 -1.1479241 -3.7316979 -10.3783078 -1.0878925 -8.0636632 -6.6234522 -5.7584168 -5.6595341 -14.9888006 -3.0157287 -14.9794023 -9.5152064 -12.6741560 -8.5512883 -19.5992933 -4.9435649 -19.5898951 -11.4430426 -17.2846487 -10.4791245 -24.2097861 -6.8714010 -24.2003879 -13.3708787 -21.8951415 -12.4069607 -28.8202788 -8.7992372 -28.8108806 -15.2987149 -26.5056342 -14.3347968 -33.4307716 -10.7270734 -33.4213734 -17.2265511 -31.1161270 -16.2626330 -40.3465107 -13.6188276 -42.6423589 -21.0822234 -38.0318661 -19.1543872 -49.5674962 -17.4745000 -51.8633444 -24.9378958 -47.2528516 -23.0100596 -58.7884817 -21.3301723 -61.0843299 -28.7935681 -56.4738371 -26.8657319 -68.0094672 -25.1858446 -65.6948226 -30.7214043 -63.3895763 -29.7574862 -72.6199600 -27.1136808 -70.3053154 -32.6492404 -68.0000690 -31.6853223 -91.0426713 -34.9218152 -88.6913759 -40.4419067 -86.3925711 -39.4627256 -100.2378903 -38.8385394 -97.8865950 -44.3586309 -93.2889854 -42.4002688 -107.1343047 -41.7760826 -104.7830093 -47.2961741 -102.4842045 -46.3169930 -114.0307190 -44.7136258 -111.6794236 -50.2337173 -109.3806188 -49.2545362 -123.2259381 -48.6303500 -123.1734475 -55.1296226 -120.8746427 -54.1504415 -132.4211572 -52.5470743 -130.0698618 -58.0671658 -127.7710570 -57.0879847 -139.3175715 -55.4846175 -139.2650809 -61.9838900 -136.9662761 -61.0047090 -148.5127906 -59.4013417 -148.4602999 -65.9006143 -146.1614952 -64.9214332 -153.1104001 -61.3597038 -153.0579095 -67.8589764 -150.7591047 -66.8797953 -160.0068144 -64.2972470 -159.9543238 -70.7965196 -157.6555190 -69.8173385 -169.2020335 -68.2139713 -169.1495429 -74.7132438 -166.8507381 -73.7340628 -173.7996431 -70.1723334 -173.7471524 -76.6716059 -171.4483477 -75.6924249 -180.6960574 -73.1098766 -180.6435668 -79.6091491 -178.3447620 -78.6299681 -187.5924717 -76.0474198 -187.5399811 -82.5466923 -185.2411763 -81.5675112 -217.0974214 -95.8431815 -212.5473933 -93.7766773 -219.5785569 -90.3802183 -221.8535710 -91.4134704 -226.4035991 -93.4799746 -219.3724355 -96.8764336 -226.1974777 -99.9761899 -223.9224636 -98.9429378 -228.6786132 -94.5132267 -256.0710253 -106.5422824 -256.0055675 -113.0414372 -253.7087210 -112.0576716 -251.4118744 -111.0739059 -251.4773322 -104.5747510 -249.1150279 -110.0901402 -246.8181813 -109.1063746 -237.6287697 -105.1672933 -237.5725480 -105.1424504 -240.0256999 -99.6667778 -239.9244479 -106.1537074 -242.2915434 -100.6403725 -239.9276417 -106.1550775 -237.7786695 -98.6462352 -235.2975340 -104.1091983 -258.3678719 -107.5260480 -258.3024140 -114.0252029 -230.9536273 -95.5464788 -233.2286413 -96.5797309 -228.4724917 -101.0094420 -269.8521046 -112.4448764 -267.4898002 -117.9602656 -262.8961071 -115.9927343 -272.1489511 -113.4286421 -272.0834933 -119.9277970 -269.7866467 -118.9440313 -279.0394907 -116.3799391 -278.9740329 -122.8790940 -276.6771864 -121.8953283 -285.9300303 -119.3312361 -285.8645725 -125.8303910 -283.5677260 -124.8466253 -290.5237234 -121.2987675 -290.4582656 -127.7979223 -288.1614191 -126.8141567 -304.3048027 -127.2013615 -304.2393449 -133.7005164 -301.9424983 -132.7167507 -311.1953423 -130.1526585 -308.8330379 -135.6680477 -306.5361914 -134.6842821 -315.7890354 -132.1201899 -315.7235776 -138.6193447 -313.4267310 -137.6355791 -320.3827285 -134.0877212 -320.3172707 -140.5868761 -318.0204241 -139.6031104 -324.9764215 -136.0552525 -324.9109637 -142.5544074 -322.6141172 -141.5706418 -359.1486048 -157.5581823 -356.8841832 -156.5019182 -359.4205771 -151.0643906 -363.6774479 -159.6707105 -366.2138418 -154.2331829 -365.9418695 -160.7269745 -368.4782634 -155.2894470 -370.4707127 -162.8395027 -368.2062911 -161.7832386 -370.7426850 -156.3457111 -372.7351343 -163.8957668 -373.0071066 -157.4019751 -388.8580577 -164.7958237 -391.1224793 -165.8520878 -386.3216638 -170.2333513 -388.5860854 -171.2896154 -418.5310117 -177.7007036 -418.5170827 -184.2001732 -416.2125089 -183.2346483 -413.9218640 -175.7696539 -413.9079350 -182.2691235 -411.6033611 -181.3035987 -393.1149285 -173.4021436 -390.8505070 -172.3458795 -395.6513224 -167.9646160 -395.3793501 -174.4584076 -397.8845476 -169.0063282 -397.7296909 -175.4906253 -395.4420687 -174.4867918 -400.1176173 -169.9862234 -397.7759179 -175.5104497 -446.1858982 -189.2870015 -443.8673954 -194.8209462 -430.0399521 -189.0277973 -446.1674962 -195.7845970 -457.6881562 -194.5362681 -455.0886139 -199.9438905 -452.8366461 -198.8613287 -462.1920917 -196.7013917 -461.8445172 -203.1915758 -459.5925495 -202.1090141 -477.8265564 -204.8387025 -474.9797939 -210.1203635 -472.7802819 -208.9348485 -509.6733813 -233.6234073 -507.6996955 -232.0911334 -511.3791258 -227.3517461 -551.1207833 -265.8011588 -549.1470975 -264.2688850 -552.8265279 -259.5294976 -554.8002137 -261.0617715 -556.7738995 -262.5940454 -558.7475853 -264.1263193 -560.7212711 -265.6585931 -555.0681550 -268.8657066 -559.0155266 -271.9302544 -557.0418408 -270.3979805 -562.6949569 -267.1908670 -564.6686427 -268.7231409 -560.9892124 -273.4625282 -566.6423285 -270.2554148 -568.6160144 -271.7876887 -562.9628982 -274.9948021 -566.9102698 -278.0593499 -564.9365840 -276.5270760 -570.5897002 -273.3199625 -572.5633860 -274.8522364 -574.5370718 -276.3845103 -570.8576415 -281.1238977 -572.8313273 -282.6561715 -576.5107576 -277.9167842 -578.4844434 -279.4490581 -574.8050131 -284.1884454 -576.7786989 -285.7207193 -580.4581292 -280.9813320 -582.4318150 -282.5136058 -578.7523847 -287.2529932 -580.7260705 -288.7852671 -584.4055009 -284.0458797 -586.3791867 -285.5781536 -582.6997563 -290.3175409 -584.6734421 -291.8498148 -588.3528725 -287.1104275 -590.3265583 -288.6427014 -586.6471280 -293.3820887 -588.6208138 -294.9143626 -592.3002441 -290.1749752 -594.2739299 -291.7072491 -590.5944996 -296.4466365 -592.5681854 -297.9789104 -596.2476157 -293.2395230 -598.2213015 -294.7717969 -594.5418712 -299.5111842 -602.1686732 -297.8363447 -600.4629286 -304.1080059 -598.4892428 -302.5757320 -606.1160448 -300.9008924 -604.4103003 -307.1725536 -602.4366144 -305.6402798 -610.0634164 -303.9654402 -608.3576719 -310.2371014 -606.3839861 -308.7048275 -619.8598794 -312.0367940 -617.6364358 -318.0963131 -615.8621439 -316.5109544 -630.6291492 -327.4958542 -631.3908224 -329.8755922 -624.9147138 -329.3248505 -632.1524955 -332.2553302 -632.1605319 -332.2808294 -626.4339851 -334.0715948 -631.0521108 -363.1843908 -630.6898191 -360.7121360 -636.9887056 -362.3144243 -631.7766942 -368.1289004 -631.4144025 -365.6566456 -637.3509973 -364.7866790 -632.1389859 -370.6011551 -638.0755807 -369.7311886 -632.8635692 -375.5456647 -632.5012775 -373.0734099 -638.4378724 -372.2034433 -636.5066107 -390.6426096 -635.6464929 -388.2966564 -641.2798012 -386.2312662 -634.0345749 -383.3530253 -633.9504443 -382.9624290 -639.8580081 -381.8943569 -634.7188624 -385.7435877 -640.4572021 -383.9876444 -642.8816541 -390.6002861 -639.0361604 -395.6804384 -637.6734908 -393.5991701 -644.0243764 -392.3456187 -639.1011242 -395.7756201 -646.8869001 -396.3713469 -641.9970440 -399.8483151 -640.5490841 -397.8119676 -649.6526028 -399.9823229 -647.3032481 -405.9592964 -645.4565598 -404.2761324 -645.1689581 -403.9748793 -658.7317624 -408.2575228 -660.5784507 -409.9406868 -656.5366897 -414.3751166 -662.4251390 -411.6238508 -658.3833780 -416.0582807 -662.0767546 -419.4246088 -660.2300663 -417.7414447 -664.2718273 -413.3070149 -667.9652040 -416.6733430 -671.6585806 -420.0396711 -667.6168196 -424.4741009 -673.5052689 -421.7228351 -671.3101962 -427.8404290 -669.4635079 -426.1572649 -677.1986456 -425.0891632 -675.0035729 -431.2067571 -673.1568845 -429.5235930 -680.8920222 -428.4554913 -680.5436378 -436.2562492 -676.8502612 -432.8899211 -686.4320871 -433.5049834 -688.2787754 -435.1881474 -684.2370144 -439.6225773 -693.8188404 -440.2376396 -695.6655287 -441.9208036 -691.6237677 -446.3552334 -697.5122170 -443.6039677 -695.3171443 -449.7215615 -693.4704560 -448.0383975 -704.8989703 -450.3366238 -700.8572093 -454.7710537 -697.1638327 -451.4047256 -715.9791002 -460.4356081 -713.7840275 -466.5532020 -711.9373392 -464.8700379 -719.6724768 -463.8019362 -717.4774041 -469.9195300 -715.6307158 -468.2363660 -725.2125418 -468.8514283 -723.0087908 -474.9611124 -721.1707808 -473.2858581 -730.7724740 -474.5855857 -727.5605298 -480.2359585 -726.0299434 -478.2609638 -733.8336467 -478.5355753 -730.5995998 -484.1574280 -729.0911161 -482.2109533 -752.5693590 -511.4964818 -757.3276675 -520.2857528 -747.2929671 -514.3529987 -752.0512756 -523.1422696 -755.6200069 -529.7342228 -754.4304298 -527.5369051 -760.8963988 -526.8777059 -760.3783154 -538.5234937 -759.1887383 -536.3261760 -764.4651302 -533.4696591 -768.0338616 -540.0616123 -769.2234387 -542.2589300 -762.7574697 -542.9181292 -770.4043322 -544.4402079 -763.9470468 -545.1154469 -771.4432621 -546.3047449 -765.1541855 -547.3447375 -766.7652765 -550.0775104 -766.3687052 -549.5244004 -768.4421612 -551.9299025 -774.4479274 -549.6238866 -772.2428996 -555.6607736 -770.3722509 -554.0307486 -776.0506567 -551.0204551 -772.5236600 -555.8776009 -781.4656909 -554.3965616 -782.5107143 -560.6558433 -780.0465146 -560.2422991 -779.2317428 -559.9819160 -788.1544179 -555.5190699 -787.9984048 -561.5236488 -787.4391137 -561.4829318 -790.4644361 -561.4720385 -790.1324063 -555.4776735 -790.8748683 -561.4351398 -794.7687883 -554.7370843 -795.8096284 -560.6468894 -793.3422484 -561.0410146 -796.9140018 -554.2525786 -798.7951113 -559.9533575 -798.4246069 -560.0625292 -801.1414535 -559.0943016 -817.6106710 -552.6616602 -815.3263263 -553.6741168 -812.8951269 -548.1887481 -815.1794715 -547.1762915 -819.7481609 -545.1513784 -826.7480497 -548.6118339 -824.4637050 -549.6242905 -824.3168503 -543.1264653 -838.1697731 -543.5495511 -835.8854284 -544.5620077 -835.6642343 -538.0971308 -838.3165581 -543.4796758 -840.5420151 -542.3453155 -837.8019726 -537.0074825 -842.7855049 -541.1694929 -840.5724715 -542.3295714 -831.3167391 -546.5869208 -833.4542290 -539.0766390 -848.8519564 -531.2150492 -853.8506719 -535.3691005 -851.6376385 -536.5291790 -853.2780232 -528.8948923 -858.2767387 -533.0489436 -856.0637053 -534.2090221 -857.7040900 -526.5747353 -859.9171234 -525.4146569 -862.7028056 -530.7287866 -882.6201062 -520.2880803 -880.4070728 -521.4481588 -879.8344241 -514.9739506 -886.4735243 -511.4937151 -888.6865577 -510.3336367 -891.4722398 -515.6477664 -893.6852733 -514.4876880 -890.8995911 -509.1735582 -899.7517248 -504.5332443 -902.5374069 -509.8473741 -904.7504403 -508.6872956 -901.9647582 -503.3731658 -913.0299252 -497.5727734 -915.8156073 -502.8869032 -920.2416741 -500.5667462 -918.0286407 -501.7268247 -915.2429586 -496.4126949 -917.4559920 -495.2526165 -919.6690254 -494.0925380 -928.1095223 -489.6680053 -931.3068412 -494.7663539 -929.0938078 -495.9264323 -932.0455274 -494.2203530 -929.4370897 -488.3275693 -933.9408866 -492.2936199 -933.7826424 -492.4663996 -933.4586544 -483.1592352 -938.7270143 -486.0513846 -937.4220137 -488.1340299 -939.0232795 -485.4297180 -934.8871667 -478.9845642 -940.7589595 -480.2410983 -940.6411900 -480.7015512 -941.1809874 -477.7987323 -935.2426444 -476.9273389 -941.3911880 -475.0037860 -941.2175426 -477.4964043 -935.5793398 -472.0941951 -941.7384788 -470.0185493 -941.5648334 -472.5111677 -939.0522479 -422.2418282 -939.2258933 -419.7492099 -945.2113869 -420.1661824 -945.3850323 -417.6735641 -946.9478410 -395.2399990 -946.7741956 -397.7326174 -940.7887020 -397.3156448 -939.3995387 -417.2565915 -938.7049571 -427.2270649 -938.8786025 -424.7344466 -944.8640961 -425.1514191 -944.6904507 -427.6440375 -938.1840209 -434.7049199 -938.5313117 -429.7196833 -944.5168053 -430.1366558 -944.1695145 -435.1218925 -943.9958691 -437.6145108 -938.0103755 -437.1975383 -937.6630847 -442.1827750 -937.8367301 -439.6901566 -943.8222237 -440.1071292 -943.6485783 -442.5997475 -943.4749329 -445.0923659 -937.4894393 -444.6753933 -943.3012875 -447.5849842 -943.1276421 -450.0776026 -937.1421484 -449.6606300 -942.9539967 -452.5702209 -936.9685030 -452.1532483 -942.6067058 -457.5554576 -936.6212122 -457.1384850 -942.2594150 -462.5406943 -936.2739214 -462.1237217 -942.0857696 -465.0333126 -936.1002760 -464.6163401 -941.9121242 -467.5259310 -935.9266306 -467.1089584 -935.7529852 -469.6015767 -935.4056944 -474.5868134 -882.0474575 -513.8138721 -884.2604909 -512.6537936 -884.8331396 -519.1280019 -875.4083573 -517.2941075 -877.6213907 -516.1340290 -878.1940394 -522.6082373 -875.9810060 -523.7683158 -873.7679726 -524.9283942 -870.9822905 -519.6142645 -866.5562237 -521.9344214 -868.7692571 -520.7743430 -871.5549392 -526.0884727 -864.3431903 -523.0944999 -867.1288724 -528.4086297 -864.9158390 -529.5687081 -862.1301569 -524.2545784 -855.4910566 -527.7348138 -851.0649898 -530.0549708 -849.4246051 -537.6892575 -846.6389230 -532.3751277 -839.9998228 -535.8553631 -822.0325056 -544.1389218 -812.9038809 -554.7437097 -810.5729012 -555.6407772 -810.6791207 -549.1709160 -810.5268224 -555.6580778 -808.4408716 -550.0322965 -784.9749140 -561.0693875 -783.5037529 -554.7385911 -785.9679526 -555.1521353 -745.4318963 -498.3125755 -750.1902048 -507.1018464 -744.9138129 -509.9583632 -738.9659272 -498.9717746 -737.7764948 -496.7737375 -744.2424534 -496.1155056 -740.6772043 -489.5232245 -741.8655724 -491.7211963 -736.5876097 -494.5748099 -737.1121001 -482.9293089 -738.3004682 -485.1272808 -731.9338884 -485.9674190 -735.4077459 -480.5681337 -736.8878969 -482.5759903 -735.3642330 -480.5105701 -732.3030603 -476.5605805 -724.6509080 -476.4815230 -727.0765244 -470.5504796 -728.9087972 -472.2469523 -727.0592301 -470.5345923 -721.5191651 -465.4851002 -717.8257885 -462.1187721 -712.2857236 -457.0692800 -704.5505859 -458.1373817 -706.7456586 -452.0197879 -708.5923469 -453.7029519 -702.7038976 -456.4542177 -699.3589053 -445.2871317 -691.9721521 -438.5544755 -689.7770794 -444.6720694 -687.9303911 -442.9889054 -684.5853988 -431.8218194 -679.0453339 -426.7723272 -675.3519572 -423.4059991 -666.1185157 -414.9901789 -654.6900014 -412.6919526 -653.1916974 -403.2080306 -656.8850741 -406.5743587 -652.8433131 -411.0087885 -651.3450091 -401.5248666 -649.1499364 -407.6424605 -645.4389402 -394.3349994 -639.1624558 -377.1479529 -639.5247474 -379.6202077 -633.2258609 -378.0179195 -629.9652357 -355.7676265 -629.6029440 -353.2953717 -635.9018305 -354.8976599 -629.2406523 -350.8231170 -635.5395388 -352.4254052 -634.4526638 -345.0086408 -634.8149555 -347.4808956 -628.5160689 -345.8786074 -633.7280804 -340.0641313 -634.0903721 -342.5363861 -628.1537772 -343.4063526 -633.3657887 -337.5918765 -627.4291939 -338.4618431 -627.1007562 -336.2206060 -632.9004537 -334.6656061 -633.0034970 -335.1196218 -613.9989101 -314.8461245 -617.9966455 -310.3719641 -626.7149578 -320.2086832 -628.1098244 -322.2845654 -623.1277289 -325.6280256 -624.2824290 -327.3493677 -619.0906201 -319.6198844 -623.9278201 -316.0607850 -625.3213889 -318.1347341 -621.8944073 -313.8673765 -623.6079077 -315.6626372 -621.7231132 -313.7016239 -612.2058136 -313.2439635 -615.9893489 -308.5863131 -616.1334117 -308.7071342 -614.0258778 -307.0417803 -610.3237940 -311.7635032 -614.0107880 -307.0299879 -612.0371022 -305.4977141 -608.0897306 -302.4331663 -604.1423590 -299.3686185 -596.5155570 -301.0434581 -600.1949873 -296.3040708 -553.0944692 -267.3334327 -547.1734117 -262.7366111 -545.1997259 -261.2043372 -548.8791562 -256.4649498 -546.9054704 -254.9326760 -543.2260401 -259.6720633 -541.2523543 -258.1397894 -544.9317846 -253.4004021 -539.2786685 -256.6075155 -537.3049827 -255.0752417 -542.9580988 -251.8681282 -539.0107272 -248.8035804 -540.9844130 -250.3358543 -537.0370414 -247.2713065 -535.3312969 -253.5429678 -535.0633556 -245.7390327 -533.3576110 -252.0106939 -531.3839252 -250.4784200 -533.0896698 -244.2067588 -529.4102394 -248.9461461 -527.4365536 -247.4138722 -525.4628678 -245.8815984 -531.1159839 -242.6744849 -527.1686123 -239.6099371 -529.1422981 -241.1422110 -525.1949265 -238.0776633 -521.5154962 -242.8170506 -519.5418104 -241.2847767 -523.2212407 -236.5453894 -519.2738691 -233.4808416 -521.2475549 -235.0131155 -517.5681245 -239.7525028 -515.5944387 -238.2202290 -511.6470671 -235.1556812 -515.3264974 -230.4162938 -513.3528116 -228.8840200 -501.5106968 -219.6903767 -505.4580684 -222.7549244 -497.8866824 -224.4727863 -483.4732870 -214.8982080 -486.7550862 -209.8752419 -493.0167991 -213.9959993 -475.6270444 -203.6531875 -495.9408498 -223.1029601 -499.2785120 -218.1167568 -499.3562573 -218.1696849 -491.8056621 -220.3816431 -495.1040367 -215.3695852 -486.7217923 -209.8536458 -481.4799655 -213.6238911 -484.4250925 -208.3952475 -484.6176046 -208.5084530 -464.0451095 -204.2494405 -466.7978031 -198.9178434 -469.0066740 -200.0849899 -466.6960273 -198.8665152 -457.3405817 -201.0264523 -459.9401239 -195.6188299 -448.3977856 -196.7274878 -450.9322528 -191.2885827 -453.1842206 -192.3711445 -448.4994122 -190.2562888 -450.8006732 -191.2291840 -448.4904721 -190.2525263 -430.0538811 -182.5283277 -432.3584550 -183.4938525 -416.2264378 -176.7351787 -354.8872353 -148.9497686 -354.8917339 -148.9518625 -352.3575884 -154.3904388 -352.6211262 -147.8972775 -350.1347251 -153.3580332 -350.2417335 -146.8766749 -352.5385800 -147.8604406 -347.9448870 -145.8929093 -347.8794291 -152.3920642 -345.6480404 -144.9091436 -343.2857361 -150.4245328 -340.9888895 -149.4407671 -343.3511939 -143.9253779 -341.0543473 -142.9416123 -338.6920430 -148.4570015 -336.3951964 -147.4732358 -338.7575008 -141.9578466 -334.0983499 -146.4894701 -331.8015034 -145.5057045 -336.4606542 -140.9740809 -329.5046568 -144.5219388 -331.8669612 -139.0065496 -329.5701146 -138.0227839 -327.2078103 -143.5381731 -327.2732681 -137.0390182 -322.6795750 -135.0714869 -318.0858819 -133.1039555 -311.1298845 -136.6518134 -313.4921888 -131.1364242 -306.6016492 -128.1851272 -295.0519587 -129.7654537 -297.4142631 -124.2500645 -299.7111096 -125.2338301 -288.2268769 -120.3150018 -281.2708795 -123.8628596 -283.6331838 -118.3474704 -281.3363373 -117.3637048 -274.4457976 -114.4124077 -260.6647184 -108.5098137 -262.9615649 -109.4935794 -253.7741788 -105.5585167 -246.8836391 -102.6072197 -249.1804857 -103.5909853 -171.5008383 -69.1931523 -176.0984478 -71.1515145 -199.1034303 -81.0809493 -201.3784444 -82.1142015 -198.8973088 -87.5771646 -182.9948621 -74.0890576 -196.8284162 -80.0476972 -194.3472807 -85.5106604 -194.4895898 -78.9863531 -194.5534021 -79.0144451 -192.1040096 -84.4918251 -192.1911889 -78.0062540 -189.8912765 -77.0266008 -203.6534584 -83.1474536 -205.9284725 -84.1807057 -201.1723229 -88.6104167 -162.3056192 -65.2764281 -207.9973651 -91.7101730 -205.7223511 -90.6769209 -210.4785006 -86.2472099 -212.7535147 -87.2804620 -150.8115953 -60.3805228 -141.6163762 -56.4637985 -143.9151810 -57.4429796 -104.8354999 -40.7969015 -102.5366951 -39.8177205 -95.6402808 -36.8801773 -90.9901806 -41.4210877 -93.3414760 -35.9009962 -88.7438665 -33.9426341 -86.4450617 -32.9634531 -81.7949616 -37.5043635 -84.1462569 -31.9842720 -79.4961568 -36.5251824 -81.8474522 -31.0050909 -77.1988640 -35.5466454 -79.5486474 -30.0259099 -79.5456226 -30.0246234 -74.9081489 -34.5738739 -74.9252064 -28.0775989 -77.2304527 -29.0415170 -77.2457534 -29.0479646 -118.5758379 -53.1712605 -120.9271333 -47.6511690 -125.5247428 -49.6095311 -137.0187667 -54.5054364 -44.9476053 -22.0461415 -44.9570035 -15.5466638 -47.2622498 -16.5105819 -35.7266197 -18.1904692 -38.0412643 -12.6549095 -31.1255252 -9.7631553 -26.5150324 -7.8353191 -21.9045397 -5.9074829 -17.2940469 -3.9796468 -10.3689096 -7.5873702 -12.6835542 -2.0518106 -8.0730614 -0.1239744 -189.8382319 -83.5256374 8.0716337 0.1960077 8.0042392 6.6951428 5.7076859 5.7106927 19.5544001 5.1182581 17.1904523 10.6329432 14.8938991 9.6484931 19.4870056 11.6173932 24.1475067 7.0871583 24.0801122 13.5862934 21.7835589 12.6018433 28.7406133 9.0560585 28.6732187 15.5551936 26.3766655 14.5707435 35.6302731 12.0094087 35.5628786 18.5085438 33.2663253 17.5240937 40.2233797 13.9783089 40.1559851 20.4774440 37.8594319 19.4929939 51.7061461 18.9005593 49.3421983 24.4152443 47.0456450 23.4307942 60.8923592 22.8383596 58.5284114 28.3530446 56.2318581 27.3685945 70.0785723 26.7761599 67.7146245 32.2908449 65.4180712 31.3063949 72.3751256 27.7606100 72.2181733 34.2213549 70.0111778 33.2752950 73.1340012 63.0965697 74.0343337 60.7657543 79.6312919 62.9277117 75.1296293 74.5817885 69.5326711 72.4198311 70.4330036 70.0890158 73.3289642 79.2434192 66.8316735 79.4122772 67.7320061 77.0814619 71.5282992 83.9050500 64.1306760 86.4047233 65.9313410 81.7430926 49.7085622 115.1300949 50.8539601 112.9094277 55.0410228 117.8805246 52.7502271 122.3218590 47.4177665 119.5714292 48.5631643 117.3507620 50.4594313 126.7631933 43.9815729 126.2334307 45.1269707 124.0127635 48.1686356 131.2045276 42.8361750 128.4540979 41.6907771 130.6747650 45.8778398 135.6458619 40.5453792 132.8954322 40.5214399 146.7194598 33.0179136 148.8805447 35.0284569 144.3055134 43.5901151 140.0812422 38.2484680 137.3486883 38.2545835 137.3367665 42.4971650 142.2236579 37.1131459 139.5741622 37.0390001 139.7304821 33.4845384 162.7320693 27.9915553 160.3181229 28.9968270 158.0306073 61.9134101 104.5565217 56.5809495 101.8060919 57.7263473 99.5854248 30.4687235 169.5946163 24.9757404 167.1806699 25.9810121 164.8931542 65.3496037 97.8945202 58.8717452 97.3647576 60.0171431 95.1440904 28.4581802 174.1696476 21.9599255 174.0432169 22.9651971 171.7557012 25.4423653 181.0321945 17.9388389 183.1932795 19.9493822 178.6182482 -30.8518363 179.0313740 -33.1716296 178.1030110 -30.9423631 172.5325200 -37.8112163 176.2462850 -40.1310096 175.3179221 -37.9017431 169.7474310 -40.2215364 168.8190680 -42.4508030 174.3895591 -44.8611230 166.9623420 -42.5413297 167.8907050 -47.0903896 172.5328331 -49.4101829 171.6044701 -51.7299763 170.6761071 -47.1809164 166.0339791 -63.4646657 159.5581945 -63.3114236 166.0516242 -65.6311834 165.1533890 -68.1248275 157.7537312 -70.2913452 163.3489256 -72.6214261 162.4466939 -77.4451510 154.1448045 -74.9515070 161.5444623 -79.6116688 159.7399989 -82.1053128 152.3403411 -81.9417497 158.8377672 -84.2718305 157.9355356 -56.4600897 162.3205271 -54.1402964 163.2488901 -56.3695629 168.8193811 -58.6893563 167.8910181 -61.0037726 166.9648070 -58.7906452 161.3878813 -58.7798830 161.3921641 -61.1139726 160.4684950 -61.1345848 160.4604262 -67.9612643 164.2511573 -65.7947466 158.6559629 -72.7849892 155.9492678 -79.7752319 153.2425728 -86.6019114 157.0333039 -86.7654745 150.5358778 -84.4353937 151.4381094 -95.9222350 153.4243772 -96.0857981 146.9269511 -93.7557172 147.8291827 -102.9124776 150.7176822 -105.4061216 143.3180244 -100.7459599 145.1224877 -112.2328012 147.1087555 -114.7264452 139.7090977 -110.0662834 141.5135610 -119.2230438 144.4020604 -119.3866069 137.9046343 -117.0565261 138.8068660 -126.2132865 141.6953654 -126.3768496 135.1979393 -124.0467687 136.1001710 -135.5336100 138.0864387 -135.6971731 131.5890126 -133.3670923 132.4912443 -131.0370114 133.3934759 -147.1840145 133.5752803 -147.3053315 127.0942123 -145.0174967 127.9800859 -197.3595860 104.6518881 -195.0806390 105.6764366 -197.5408747 111.1488438 -199.6385330 103.6273396 -202.0987686 109.0997468 -236.2829732 93.7315191 -238.5619201 92.7069706 -236.1016844 87.2345634 -247.4964193 82.1118208 -242.9385253 84.1609178 -249.9566550 87.5842280 -252.2356019 86.5596795 -254.5145489 85.5351310 -249.7753662 81.0872723 -252.0543132 80.0627238 -256.6122071 78.0136268 -254.3332602 79.0381753 -256.7934959 84.5105825 -272.7566973 77.3168857 -277.3023212 75.2344423 -270.2612842 71.8604294 -281.6182300 66.6575768 -277.0749775 68.7389351 -284.1172000 72.1124049 -286.3888262 71.0717257 -288.6604525 70.0310466 -286.1614825 64.5762185 -288.4331088 63.5355394 -290.9320788 68.9903674 -290.7047351 62.4948602 -293.2037050 67.9496883 -295.4753313 66.9090091 -297.7469575 65.8683300 -295.2479876 60.4135019 -302.0628663 57.2914645 -299.7912401 58.3321437 -302.2902100 63.7869717 -306.6061189 55.2101062 -304.3344926 56.2507854 -306.8334626 61.7056134 -311.1493714 53.1287479 -308.8777451 54.1694271 -311.3767151 59.6242551 -315.9199676 57.5428968 -318.1915938 56.5022177 -315.6926239 51.0473896 -320.2358764 48.9660314 -317.9642501 50.0067105 -320.4632201 55.4615386 -324.7791289 46.8846731 -322.5075026 47.9253522 -325.0064726 53.3801803 -329.5497251 51.2988220 -331.8213514 50.2581428 -327.0507552 45.8439939 -331.5940077 43.7626356 -329.3223814 44.8033148 -333.8656339 42.7219565 -334.0929776 49.2174637 -338.6362302 47.1361054 -340.9078564 46.0954263 -338.4088864 40.6405982 -345.4511089 44.0140680 -347.7227352 42.9733888 -349.9943614 41.9327097 -345.2237652 37.5185608 -349.7670177 35.4372025 -347.4953915 36.4778816 -354.5376140 39.8513514 -359.0808665 37.7699931 -352.0386440 34.3965233 -358.8535228 31.2744859 -356.5818965 32.3151651 -363.3967753 29.1931276 -361.1251490 30.2338068 -363.6241190 35.6886348 -370.0536057 26.1434954 -367.9400278 27.1117693 -370.4389978 32.5665974 -372.7106240 31.5259182 -373.0172995 31.3633365 -375.1208349 30.0870586 -371.6673652 25.1643793 -379.1834566 25.9722316 -374.8384728 21.8344646 -373.1153277 23.6439037 -372.9683456 1.8697936 -373.8671231 4.2012091 -378.5667447 -0.2884296 -365.9838601 -32.9282459 -365.0850826 -35.2596613 -360.3854610 -30.7700226 -356.7903511 -40.0956844 -357.6891286 -37.7642690 -362.3887502 -42.2539076 -361.4899728 -44.5853231 -355.8915737 -42.4270999 -354.0940187 -47.0899308 -354.9927962 -44.7585153 -360.5911953 -46.9167385 -353.1952413 -49.4213462 -359.6924178 -49.2481540 -352.2964638 -51.7527617 -358.7936404 -51.5795694 -357.8948629 -53.9109849 -356.9960854 -56.2424003 -350.4989088 -56.4155925 -351.3976863 -54.0841771 -356.0973079 -58.5738158 -355.1985305 -60.9052312 -349.6001314 -58.7470080 -347.8025764 -63.4098389 -348.7013539 -61.0784234 -354.2997530 -63.2366467 -346.0050215 -68.0726698 -346.9037990 -65.7412543 -352.5021981 -67.8994776 -351.6034206 -70.2308930 -350.7046431 -72.5623085 -344.2074666 -72.7355007 -345.1062440 -70.4040852 -343.1192719 -75.8849336 -343.3086891 -75.0669161 -349.0596038 -76.8295162 -342.9033416 -78.3565816 -342.8971946 -83.6627663 -342.8014880 -81.2326717 -348.8508307 -82.3674308 -343.6368199 -85.5198534 -343.1077827 -84.6547245 -345.2818934 -87.4005533 -352.7109704 -86.7804643 -349.4587304 -91.8550207 -348.5720403 -91.1619532 -354.3641908 -87.6301566 -351.7579444 -93.0347904 -351.6667070 -92.9898365 -356.5779525 -88.6746505 -356.2774674 -95.1671852 -354.0177059 -94.1009878 -363.3572370 -91.8732427 -363.0567518 -98.3657774 -360.7969903 -97.2995800 -367.8767600 -94.0056375 -367.5762748 -100.4981722 -365.3165133 -99.4319748 -372.3962830 -96.1380323 -372.0957978 -102.6305670 -369.8360363 -101.5643696 -376.9158060 -98.2704271 -376.6153208 -104.7629619 -374.3555593 -103.6967644 -381.4353290 -100.4028219 -381.1348438 -106.8953567 -378.8750823 -105.8291593 -388.2146135 -103.6014141 -387.9141283 -110.0939489 -385.6543668 -109.0277515 -392.7341365 -105.7338089 -392.4336513 -112.2263437 -390.1738898 -111.1601463 -397.2536595 -107.8662037 -399.2129358 -115.4249359 -394.6934128 -113.2925411 -404.0329440 -111.0647959 -403.7324588 -117.5573307 -401.4726973 -116.4911333 -408.5524670 -113.1971907 -408.1807263 -119.6561058 -405.9922203 -118.6235281 -421.9347818 -120.3506123 -419.0416913 -125.6070396 -414.6636841 -123.1974237 -451.3074754 -144.2417740 -449.2043022 -142.8927145 -454.5469551 -139.1914501 -453.4106486 -145.5908334 -456.6501284 -140.5405095 -457.6169951 -148.2889522 -460.8564748 -143.2386284 -469.2691677 -148.6348661 -471.3723409 -149.9839255 -466.0296880 -153.6851899 -473.4755141 -151.3329849 -470.2360344 -156.3833088 -472.3392077 -157.7323682 -475.5786874 -152.6820443 -476.5455541 -160.4304870 -479.7850338 -155.3801632 -478.6487273 -161.7795465 -481.8882070 -156.7292226 -484.8388710 -165.7501522 -482.8550738 -164.4776653 -486.0945535 -159.4273414 -486.3579730 -166.9408939 -488.4287225 -160.9404661 -480.6002933 -186.3254432 -480.6232982 -186.2736546 -486.0951470 -188.7352949 -485.3986032 -190.3441419 -479.3693439 -189.9612780 -479.6119595 -188.6082541 -479.9129130 -195.1483939 -479.5359781 -192.7635892 -485.6835824 -193.2262113 -480.7836045 -196.8297689 -480.2121313 -196.0595743 -482.5740869 -198.5726033 -488.4957688 -195.9564473 -484.4809010 -200.4158489 -484.3726698 -200.3159749 -486.3582311 -202.0647668 -499.4995425 -213.6071921 -497.6222123 -211.9582742 -503.4590687 -209.0991823 -505.2684722 -210.6884381 -503.4893058 -216.9040307 -501.5161956 -215.3712357 -507.1680628 -212.1641199 -503.4935558 -216.9073261 -513.0938210 -216.7504881 -511.3974021 -223.0246783 -509.4214405 -221.4953402 -522.9736288 -224.3971783 -519.3012483 -229.1420304 -517.3252868 -227.6126924 -532.8534367 -232.0438685 -529.1810562 -236.7887206 -527.2050946 -235.2593825 -536.8053598 -235.1025445 -535.1089409 -241.3767347 -533.1329793 -239.8473966 -542.7332445 -239.6905586 -541.0368256 -245.9647487 -539.0608640 -244.4354107 -546.6851676 -242.7492347 -544.9887487 -249.0234248 -543.0127871 -247.4940868 -554.5890139 -248.8665868 -550.9166334 -253.6114389 -548.9406718 -252.0821009 -562.4928602 -254.9839390 -562.7724028 -262.7874671 -558.8204797 -259.7287910 -578.3005527 -267.2186432 -576.6041338 -273.4928333 -574.6281722 -271.9634953 -582.2524759 -270.2773193 -584.5079800 -279.6101855 -578.5800953 -275.0221714 -594.1082453 -279.4533475 -592.4118263 -285.7275376 -590.4358647 -284.1981996 -600.0361300 -284.0413616 -600.3156726 -291.8448897 -596.3637494 -288.7862137 -611.4648234 -301.4989777 -609.6142591 -299.8200760 -613.6457850 -295.3763389 -618.8670805 -308.2145844 -615.1659520 -304.8567810 -622.8986063 -303.7708472 -623.0213967 -311.5635393 -620.9900874 -310.1130995 -624.6193644 -305.3319838 -623.0662639 -311.5949618 -626.4857471 -306.6646591 -625.1259126 -313.0095804 -627.1855614 -314.4241990 -630.3268513 -309.3028262 -627.7273007 -314.7193286 -631.6332336 -309.8487409 -631.2011298 -315.8695949 -629.9300283 -315.6398106 -636.5212162 -309.3132217 -642.1461791 -312.0564447 -640.4576409 -313.8982203 -639.2975720 -314.6806699 -646.0870258 -307.4852509 -645.5232557 -308.3728935 -640.7397319 -304.7118696 -647.0258034 -305.1993764 -641.4401766 -303.0063234 -647.0912764 -305.0246841 -656.7360822 -276.6343201 -655.9323484 -279.0001837 -651.0549630 -274.7043240 -651.8586968 -272.3384603 -652.6624307 -269.9725966 -657.5398160 -274.2684564 -662.3622189 -260.0732744 -661.5584851 -262.4391381 -655.8773659 -260.5091420 -663.1659527 -257.7074107 -656.6810997 -258.1432783 -657.4848336 -255.7774147 -658.2885674 -253.4115510 -659.0923012 -251.0456873 -663.9696865 -255.3415471 -665.5771542 -250.6098197 -664.7734204 -252.9756834 -659.8960350 -248.6798237 -661.5035026 -243.9480963 -667.9883556 -243.5122287 -667.1846218 -245.8780924 -663.1109703 -239.2163690 -663.9147041 -236.8505053 -668.7920894 -241.1463651 -670.3995571 -236.4146377 -669.5958233 -238.7805014 -671.2032909 -234.0487741 -665.5221717 -232.1187780 -666.3259055 -229.7529143 -672.7749924 -229.4223275 -672.0070247 -231.6829104 -683.9718646 -218.9453801 -687.7985912 -223.9344434 -685.5338457 -224.7628232 -685.4551579 -218.4028334 -688.3371851 -223.6739156 -689.4581558 -215.9462627 -694.7112725 -219.7622481 -692.5964255 -221.0600933 -718.3856408 -216.4373776 -716.0661727 -217.3665529 -714.0811736 -211.6982083 -716.1544235 -210.8676676 -717.7609760 -210.2240851 -720.7051088 -215.5082022 -723.4492088 -212.7542567 -721.9060168 -214.6295872 -719.8866086 -207.2657595 -725.0103427 -210.3929060 -723.6459510 -212.4861653 -720.7960725 -205.4259134 -726.4626610 -207.4132304 -726.2830413 -207.8657551 -727.9233297 -202.6341465 -723.6460209 -196.1013198 -729.3839984 -197.8550626 -728.6536640 -200.2446045 -760.7770837 -192.1043810 -758.4163908 -191.2855842 -760.3825574 -185.6168816 -763.1377765 -192.9231778 -762.7432503 -186.4356784 -765.4984694 -193.7419746 -767.4646360 -188.0732720 -769.8253289 -188.8920688 -770.2198551 -195.3795681 -767.8591622 -194.5607713 -774.5467146 -190.5296623 -774.9412408 -197.0171617 -772.5805480 -196.1983649 -779.2681003 -192.1672559 -781.9936058 -199.4632460 -777.3019337 -197.8359585 -797.8886051 -200.2973817 -795.2537945 -205.6879080 -790.7640981 -203.4934099 -802.3783015 -202.4918798 -801.9883392 -208.9796551 -799.7434910 -207.8824061 -811.3576943 -206.8808760 -808.7228838 -212.2714022 -804.2331874 -210.0769041 -815.8473908 -209.0753741 -815.4574284 -215.5631493 -813.2125802 -214.4659003 -824.8267836 -213.4643702 -822.1919730 -218.8548965 -817.7022766 -216.6603984 -829.3164800 -215.6588683 -828.9265176 -222.1466436 -826.6816694 -221.0493946 -838.2958728 -220.0478645 -835.6610623 -225.4383907 -831.1713659 -223.2438926 -842.7855692 -222.2423626 -845.0304175 -223.3396116 -842.3956069 -228.7301379 -851.7649621 -226.6313587 -849.1301515 -232.0218850 -844.6404551 -229.8273869 -882.1281748 -244.4936246 -884.2702513 -245.7800177 -881.1812513 -250.9237595 -894.0337101 -258.6421184 -885.4654042 -253.4965458 -888.5544042 -248.3528041 -899.2647865 -254.7847698 -899.4053206 -254.8745730 -896.1042710 -259.8855639 -901.4676334 -256.2746424 -897.9901849 -261.1658792 -899.8278524 -262.6607147 -903.6140480 -258.0061767 -905.4315192 -267.2189713 -903.7045541 -265.8141857 -907.4907496 -261.1596478 -914.5451188 -269.1564022 -911.2314774 -274.7426600 -909.7412552 -272.7512450 -918.9120578 -275.8982689 -914.6110528 -280.7711176 -913.5173627 -278.5245333 -927.9440751 -320.4643304 -927.2388053 -318.0672711 -932.9948343 -316.3737155 -936.5211832 -328.3590122 -937.2264530 -330.7560715 -930.7651542 -330.0525678 -939.3422623 -337.9472495 -940.0475321 -340.3443088 -934.2915032 -342.0378645 -934.9967730 -344.4349238 -940.7528019 -342.7413682 -941.4580717 -345.1384275 -935.7020427 -346.8319831 -944.9844206 -357.1237242 -945.6896904 -359.5207835 -939.9336615 -361.2143391 -940.6104983 -363.5147610 -947.0257562 -364.7554914 -947.3941292 -367.2268473 -941.1070385 -365.7455162 -948.1308753 -372.1695592 -948.1557257 -372.3938411 -942.1797931 -372.9424556 -945.5586777 -415.1809458 -945.7323231 -412.6883274 -939.5731841 -414.7639732 -945.9059685 -410.1957091 -939.7468295 -412.2713549 -946.0796140 -407.7030907 -939.9204749 -409.7787365 -946.2532594 -405.2104724 -940.0941203 -407.2861182 -946.4269048 -402.7178540 -940.2677657 -404.7934998 -940.9623474 -394.8230264 -947.2951318 -390.2547623 -947.1214864 -392.7473807 -941.1359928 -392.3304081 -947.6424226 -385.2695256 -947.4687772 -387.7621440 -941.4832836 -387.3451714 -941.6569290 -384.8525531 -941.8305744 -382.3599347 -947.8160680 -382.7769073 -942.0042198 -379.8673164 -947.9897134 -380.2842890 -942.1778652 -377.3746980 -948.1633588 -377.7916706 -948.3370042 -375.2990523 -942.3366535 -375.0953485 -948.3363261 -374.8725631 -946.4452797 -362.1128075 -938.5231219 -356.4202205 -937.8178521 -354.0231611 -943.5738811 -352.3296055 -939.2283917 -358.8172798 -944.2791508 -354.7266649 -942.1633415 -347.5354868 -942.8686113 -349.9325462 -937.1125823 -351.6261018 -931.4704240 -332.4496271 -933.7001040 -318.7707748 -930.8790249 -309.1825375 -932.2895645 -313.9766561 -925.1229959 -310.8760931 -924.4177261 -308.4790338 -930.1737551 -306.7854781 -923.7124564 -306.0819744 -929.4684853 -304.3884188 -922.3019168 -301.2878558 -921.5966470 -298.8907964 -927.3526760 -297.1972408 -923.3032300 -284.9188681 -924.3673419 -287.1769111 -918.8410008 -289.5249515 -917.8838084 -287.4937915 -923.2868180 -284.8846061 -916.7984328 -285.2642862 -915.7047428 -283.0177019 -922.1931280 -282.6380218 -916.0421668 -271.1569387 -912.5433537 -276.5237897 -916.0557489 -271.1752332 -917.5365342 -273.1856900 -906.8049868 -268.8274482 -911.4305200 -265.0046537 -911.5510228 -265.1553292 -909.8174317 -263.1155554 -905.5523988 -259.5829123 -897.1227101 -253.4983767 -886.4123278 -247.0664109 -883.3233278 -252.2101526 -867.1336396 -235.4888725 -871.4177925 -238.0616588 -868.3287925 -243.2054006 -858.5653337 -230.3432999 -860.7074102 -231.6296930 -857.6184102 -236.7734348 -840.1507587 -227.6328888 -840.5407210 -221.1451135 -837.9059105 -226.5356398 -854.1403870 -227.7964486 -856.3267393 -229.0013553 -851.3088792 -233.0868153 -854.0098103 -227.7286078 -847.2752657 -224.4368606 -833.8061764 -217.8533664 -820.3370872 -211.2698721 -804.6231497 -203.5891288 -806.8679979 -204.6863779 -791.1540605 -197.0056346 -793.3989087 -198.1028836 -788.5192499 -202.3961608 -784.1641691 -200.2674609 -786.3892466 -194.6932811 -786.6643641 -194.8111365 -784.0486905 -193.8260822 -783.9894860 -193.8048495 -776.9074074 -191.3484591 -797.4986428 -206.7851570 -800.1334533 -201.3946308 -755.6611717 -183.9792881 -758.0218646 -184.7980848 -756.0556980 -190.4667874 -750.9397860 -182.3416945 -753.3004789 -183.1604913 -751.3343123 -188.8291938 -748.5790932 -181.5228977 -746.6129266 -187.1916003 -740.3262307 -185.4329821 -740.2995648 -179.4278096 -740.7987107 -179.4463662 -742.1950586 -185.6592806 -743.2352631 -179.7414110 -737.8035698 -179.5431702 -736.5618602 -185.7350601 -735.1357312 -179.8663268 -737.5712859 -179.5629736 -731.5966793 -181.8149404 -731.7770662 -181.6881370 -735.1373673 -186.6601132 -733.5504268 -187.8651667 -729.0950324 -183.8292565 -729.6248374 -183.3122712 -727.5356676 -185.7816090 -731.4861478 -190.9771523 -725.8370239 -188.9326940 -726.0712428 -188.3749965 -724.3763552 -193.7117778 -722.1853522 -200.8804036 -722.9156865 -198.4908617 -707.8679132 -211.6290081 -710.3559656 -211.8589951 -707.3967816 -217.6110374 -702.3178456 -211.4462041 -702.7043473 -211.4349816 -702.6852404 -217.4380781 -699.8556908 -211.6771305 -700.6550575 -217.6284897 -699.3841349 -211.7597233 -696.4672032 -218.7124001 -691.6174261 -214.6213907 -693.7584454 -213.3413033 -694.5462327 -213.0118806 -677.5939567 -225.2866808 -675.8608083 -225.6529829 -676.4277820 -219.4006092 -673.4789721 -227.7645724 -668.7712663 -224.0038789 -670.5032376 -222.2028863 -670.8843761 -221.8683902 -672.8222626 -220.4384729 -674.6515557 -226.5452598 -667.2088668 -227.1794257 -668.1722848 -224.9107365 -667.1296393 -227.3870507 -654.2698983 -265.2408693 -655.0736321 -262.8750057 -660.7547513 -264.8050017 -653.4661645 -267.6067330 -659.1472837 -269.5367291 -658.3435498 -271.9025927 -648.6437616 -281.8019150 -649.4474954 -279.4360513 -654.3248808 -283.7319111 -647.0362940 -286.5336423 -647.8400278 -284.1677786 -652.7174131 -288.4636384 -651.9136793 -290.8295021 -651.1099455 -293.1953657 -646.2325601 -288.8995060 -650.3062117 -295.5612294 -644.6250925 -293.6312333 -643.8213587 -295.9970970 -649.5024779 -297.9270931 -647.8950102 -302.6588204 -642.2138911 -300.7288243 -643.8347174 -310.2146691 -637.7235461 -308.0017786 -639.4120844 -306.1600030 -613.3153877 -303.1778794 -615.4963492 -297.0552406 -609.9446564 -292.0185356 -611.7952207 -293.6974372 -607.7636949 -298.1411744 -605.9131306 -296.4622727 -604.1317759 -294.8461605 -607.9518993 -290.2184841 -608.0940921 -290.3396339 -606.0013945 -288.6587833 -602.2728277 -293.3596721 -605.9640147 -288.6293757 -603.9880531 -287.1000376 -596.0842068 -280.9826855 -588.4599032 -282.6688615 -590.1563221 -276.3946714 -592.1322837 -277.9240094 -588.1803606 -274.8653334 -580.2765143 -268.7479812 -570.6762491 -268.9048192 -572.3726680 -262.6306291 -574.3486296 -264.1599671 -566.7243259 -265.8461432 -568.4207449 -259.5719531 -570.3967065 -261.1012911 -566.4447833 -258.0426150 -552.8925950 -255.1407769 -556.5649755 -250.3959249 -550.6370908 -245.8079108 -552.6130523 -247.3372488 -548.6611292 -244.2785727 -544.7092061 -241.2198967 -538.7813214 -236.6318826 -528.9015135 -228.9851924 -530.8774751 -230.5145304 -521.2772099 -230.6713684 -524.9495904 -225.9265163 -526.9255520 -227.4558544 -519.0217057 -221.3385022 -520.9976673 -222.8678403 -515.0697826 -218.2798262 -517.0457441 -219.8091642 -507.4454789 -219.9660022 -509.1418979 -213.6918121 -511.1178594 -215.2211501 -493.8675519 -208.6604384 -491.9902217 -207.0115205 -497.8270781 -204.1524286 -488.2355613 -203.7136847 -490.3177573 -197.5567570 -492.1950875 -199.2056749 -492.4708421 -174.6339527 -492.2986303 -175.1181455 -486.7316102 -172.8654137 -487.2703363 -170.8068449 -493.0998657 -172.2303408 -493.1435354 -172.0378144 -493.5462906 -168.1651035 -493.6157768 -169.5841871 -487.5857190 -169.1682093 -492.8961703 -165.9704570 -487.2964408 -168.1916772 -492.4193738 -165.0220799 -488.1977267 -160.7764009 -483.9913803 -158.0782820 -462.9596480 -144.5876878 -437.2578069 -128.7842680 -438.7427237 -136.4503112 -434.3647165 -134.0406953 -415.3677710 -116.7361885 -417.5567746 -117.9409964 -448.2374355 -135.1442718 -450.3406087 -136.4933313 -444.9979558 -140.1945957 -441.6358141 -131.1938839 -443.9320986 -132.4606583 -446.0683485 -133.7541272 -440.8774470 -137.6252437 -443.8248177 -132.3986918 -427.7977057 -130.4262714 -428.5017926 -123.9650362 -430.6907962 -125.1698441 -406.2927055 -112.1309933 -410.8122285 -114.2633882 -410.9528765 -114.3343213 -394.9938980 -106.8000063 -390.4743750 -104.6676115 -432.1757129 -132.8358873 -383.6950905 -101.4690193 -385.9548520 -102.5352167 -379.1755675 -99.3366245 -370.1365215 -95.0718349 -365.6169985 -92.9394401 -358.8377140 -89.7408479 -361.0974755 -90.8070453 -358.5879061 -35.4328535 -359.4866835 -33.1014381 -364.1863052 -37.5910767 -361.2842385 -28.4386072 -366.8826376 -30.5968304 -368.6801925 -25.9339995 -367.7814151 -28.2654150 -362.1830160 -26.1071917 -369.5789700 -23.6025841 -363.9805709 -21.4443608 -371.3765249 -18.9397532 -370.4777475 -21.2711686 -365.7781258 -16.7815299 -373.1740799 -14.2769223 -372.2753024 -16.6083377 -367.5756808 -12.1186990 -374.9716348 -9.6140914 -374.0728574 -11.9455068 -368.4744583 -9.7872836 -369.3732357 -7.4558681 -370.2720132 -5.1244527 -371.1707907 -2.7930372 -372.0695681 -0.4616218 -376.7691898 -4.9512605 -380.3642996 4.3744013 -379.4655222 2.0429859 -375.6646780 8.8640400 -381.2630771 6.7058168 -376.4642787 10.9381923 -382.3116548 9.5655259 -382.1618546 9.0372322 -376.8136818 12.8088464 -382.7626816 11.9802586 -376.2704610 20.3307633 -380.9066017 24.1627925 -381.3932239 23.4828338 -376.8136818 19.2907602 -382.4727959 21.4159796 -375.7371664 29.5911098 -377.4603115 27.7816707 -368.1673715 33.6072765 -365.8957452 34.6479557 -352.2659877 40.8920305 -336.1372602 41.6812773 -327.2780989 52.3395011 -304.5618363 62.7462926 -292.9763613 61.4541811 -274.8033513 69.7796142 -268.1882307 79.3878399 -270.4671777 78.3632914 -267.9984321 72.8947100 -263.6303368 81.4369369 -265.9092837 80.4123884 -263.4490480 74.9399812 -240.6595784 85.1854663 -243.1198141 90.6578735 -231.5437905 89.2836604 -229.2648435 90.3082089 -231.7250792 95.7806161 -201.9174799 102.6027911 -215.7724505 102.9524557 -220.3303444 100.9033587 -217.8701087 95.4309515 -213.3122148 97.4800485 -238.3806314 86.2100149 -240.8408671 91.6824220 -222.6092914 99.8788101 -224.8882383 98.8542616 -220.1490557 94.4064030 -211.0332678 98.5045970 -206.4753739 100.5536940 -208.9356095 106.0261012 -199.8198217 110.1242953 -192.8016921 106.7009851 -190.5227451 107.7255336 -185.9648512 109.7746306 -192.9829808 113.1979408 -186.1461399 116.2715863 -188.4250868 115.2470378 -183.6859042 110.7991792 -181.5882459 118.3206834 -183.8671929 117.2961349 -179.1280103 112.8482762 -177.0303520 120.3697804 -179.3092990 119.3452319 -176.8490633 113.8728247 -174.7514050 121.3943289 -172.2911694 115.9219217 -170.0122224 116.9464702 -167.7332754 117.9710187 -172.4724581 122.4188774 -107.5726394 148.9132188 -109.9027203 148.0109871 -107.7362025 142.4157927 -165.4543285 118.9955673 -163.1753815 120.0201158 -165.6356172 125.4925230 -156.5198293 129.5907170 -158.7987763 128.5661685 -156.3385406 123.0937613 -154.0595936 124.1183098 -151.7806467 125.1428583 -149.5329830 126.1533428 -154.2408823 130.6152655 -151.8990554 131.6672233 -151.9619354 131.6398140 -149.5980743 132.6390642 -149.5140953 132.6730486 -142.6874158 128.8823176 -140.1937718 136.2819753 -144.8539336 134.4775120 -158.6174876 122.0692128 -161.0777232 127.5416200 -160.8964345 121.0446643 -163.3566702 126.5170715 -229.4461323 96.8051646 -226.9858966 91.3327574 -204.3777156 108.0751982 -206.6566626 107.0506497 -49.5007097 165.1056161 -35.5819497 170.6757940 -21.5726630 182.7448260 -23.8924563 181.8164630 -21.6631897 176.2459719 -19.3433964 177.1743349 -17.0236031 178.1026979 -14.7038098 179.0310609 -10.0642231 180.8877869 -16.9330763 184.6015519 -9.9736963 187.3866409 -12.2934897 186.4582779 -7.6539030 188.3150039 -7.7444298 181.8161499 -5.4246364 182.7445128 -3.1048431 183.6728758 -3.0143163 190.1717299 -5.3341097 189.2433669 -0.6945230 191.1000929 -0.7850498 184.6012388 1.5347436 185.5296018 3.8545369 186.4579648 6.1743302 187.3863278 3.9450636 192.9568188 6.2648570 193.8851818 8.4941235 188.3146908 9.6142695 195.0270945 8.5846503 194.8135448 10.3181143 189.0446375 12.0242726 195.0954166 16.0332603 194.2894425 15.0836668 194.6257244 13.5553475 188.8011813 18.1865800 193.0876566 16.2387041 187.0619700 21.4212787 190.1822571 20.4982026 191.3575425 22.4265503 187.8947415 27.4529085 176.4571632 26.4476369 178.7446789 23.9704688 169.4681856 29.4634518 171.8821319 34.4898101 160.4445537 30.0020986 155.7430916 36.5003533 155.8695224 35.4950817 158.1570380 38.5108966 151.2944911 36.0337285 142.0179977 41.5267116 144.4319441 47.0232377 133.4251948 49.3140335 128.9838605 46.2723686 121.7920964 51.6048292 124.5425261 53.8956250 120.1011918 51.9993580 110.6887606 53.1447558 108.4680934 58.4772165 111.2185232 55.4355516 104.0267591 60.7680122 106.7771888 59.6226143 108.9978560 63.0588080 102.3358545 72.4286317 81.5742346 62.2805522 90.7558527 67.6930371 93.3459445 67.6403995 93.4531859 63.2669802 88.6406922 69.7276341 88.5666807 68.8273016 90.8974961 68.7476905 91.0844909 64.2042058 100.1151874 74.2292967 76.9126039 71.3333362 67.7582004 76.9302943 69.9201578 76.0299618 72.2509731 78.7309594 65.2585270 77.8306268 67.5893424 84.5949311 48.2685242 84.1158840 50.7208318 78.2582179 49.4116557 85.0739782 45.8162165 79.1204205 44.9979225 85.1281252 45.1460387 79.0565541 42.9823762 85.0497077 42.6712739 78.8504098 41.1559279 84.7520501 39.9469294 85.0322851 42.4298243 83.3264797 36.7117766 84.4480710 38.9294454 77.9926864 39.4599927 83.2844874 36.6317628 77.0500363 37.7277421 79.7121107 31.9960624 81.5092857 33.6846258 75.6933399 36.4530371 79.5261505 31.8351691 74.0729261 35.1632885 74.8481144 28.8275711 77.0613015 29.9515350 74.6716789 28.7450601 65.4854658 24.8072598 67.7820190 25.7917099 58.5958059 21.8539095 54.0026994 19.8850094 44.7490917 22.4463441 44.8164862 15.9472090 47.1130395 16.9316591 42.5199330 14.9627590 33.3337198 11.0249586 26.4440600 8.0716084 21.8509534 6.1027082 12.6647403 2.1649079 17.2578469 4.1338081 3.4111327 4.7262427 5.7750805 -0.7884423 -1.1696714 2.7626162 1.1573223 -2.7677798 1.1819739 -2.7573425 -107.0818140 -48.2753552 -113.9782284 -51.2128983 -134.6674713 -60.0255279 -143.8626904 -63.9422521 -182.9423715 -80.5883302 -260.5992606 -115.0089686 -230.7475058 -102.0426941 -242.2244883 -107.1388432 -215.0285288 -88.3137141 -299.6456518 -131.7329850 -393.3869008 -166.9083519 -377.5359497 -159.5145033 -379.8003713 -160.5707674 -377.2639774 -166.0082950 -470.5807699 -207.7493335 -568.8839556 -279.5916238 -637.7132890 -367.2589338 -634.7863751 -385.9507033 -642.1399191 -388.5772193 -637.3667285 -392.9885628 -643.5814497 -402.0621403 -663.9234430 -421.1077728 -708.2439625 -461.5037098 -746.1033900 -512.1556809 -753.2408527 -525.3395873 -758.5172446 -522.4830705 -759.7068217 -524.6803882 -765.1366239 -547.3127646 -770.1190460 -553.7822946 -777.0312891 -558.9125404 -795.9973402 -560.6107378 -822.1793603 -550.6367471 -844.9985383 -540.0094144 -844.4258896 -533.5352062 -847.2115717 -538.8493360 -860.4897721 -531.8888651 -889.2592064 -516.8078449 -922.4547075 -499.4066678 -926.3081257 -490.6123026 -935.5552575 -490.3865002 -937.1696283 -488.4793805 -932.4515510 -484.7664676 -945.0377415 -422.6588008 -940.4414111 -402.3008815 -937.3157938 -447.1680117 -873.1953239 -518.4541860 -869.3419058 -527.2485512 -743.0536820 -493.9186902 -733.0225055 -487.9808943 -729.2418877 -472.6105909 -710.4390352 -455.3861160 -706.3972742 -459.8205458 -630.3275274 -358.2398813 -635.1772471 -349.9531504 -628.8783606 -348.3508622 -627.7914856 -340.9340979 -629.5016303 -324.3593676 -621.7348094 -323.5550428 -629.8674761 -325.1161162 -550.8528421 -257.9972237 -523.4891820 -244.3493245 -501.3979142 -219.6069695 -489.7184244 -219.0080573 -466.1926390 -205.3841747 -469.0285084 -200.0966424 -464.4440595 -197.7839535 -450.5846783 -197.7787669 -455.4361884 -193.4537063 -345.5825826 -151.4082985 -334.1638077 -139.9903152 -308.8984958 -129.1688928 -274.3803398 -120.9115626 -276.7426442 -115.3961734 -265.2584115 -110.4773451 -196.6222948 -86.5439125 -185.2936669 -75.0682387 -155.4092049 -62.3388849 -54.1779890 -19.4023361 -65.7042208 -24.2219265 -127.8235476 -50.5887122 -35.7360179 -11.6909914 10.3007925 7.6795929 30.9697720 16.5396436 51.6387515 25.3996944 56.2992526 20.8694595 53.9353048 26.3841445 72.2336687 65.4273850 68.6323386 74.7506465 57.3318186 113.4391903 37.5056250 153.5820067 31.0073703 153.4555760 32.0126419 151.1680603 39.3999814 135.1160993 20.9546538 176.3307325 -70.4549083 156.8514995 -88.9319923 156.1310722 -91.4256363 148.7314144 -100.5823967 151.6199138 -98.4158790 146.0247194 -123.8832056 142.5975971 -121.7166878 137.0024026 -130.8734483 139.8909020 -128.7069305 134.2957076 -137.8636909 137.1842070 -138.0272540 130.6867809 -245.3987610 89.6333250 -283.8898563 65.6168977 -300.0185838 64.8276509 -309.1050888 60.6649343 -336.3646039 48.1767845 -361.3524927 36.7293140 -365.6684015 28.1524485 -374.7659005 6.5326245 -363.2875277 -39.9224922 -348.8871032 -78.8040457 -342.8940279 -78.5062628 -348.8013587 -81.1112830 -342.8012336 -81.0031986 -346.9269668 -89.2812533 -358.5372289 -96.2333826 -383.3946053 -107.9615541 -452.4437819 -137.8423907 -468.1328612 -155.0342494 -480.7519005 -163.1286059 -482.6950416 -181.7260096 -479.5035216 -192.4563322 -482.5786160 -198.5770026 -505.4695174 -218.4366642 -501.3768727 -215.2561100 -501.5817385 -207.4502644 -534.8293982 -233.5732065 -531.1570177 -238.3180586 -560.5168986 -253.4546009 -556.8445181 -258.1994530 -572.6522106 -270.4341573 -586.4839416 -281.1395235 -620.7176448 -309.8934860 -628.5228189 -308.0637713 -633.6979722 -315.7743230 -637.1316747 -315.4910153 -664.7184379 -234.4846417 -684.5033047 -224.9453801 -715.5602499 -217.5190919 -718.7103640 -209.0703621 -725.1864531 -210.0841537 -730.1143327 -195.4655207 -765.1039431 -187.2544752 -855.4763337 -235.4870416 -853.3820006 -234.2293201 -879.0391748 -249.6373663 -901.6756971 -256.4294412 -909.4291005 -262.7363834 -920.0057479 -278.1448532 -921.0994379 -280.3914375 -935.8159134 -325.9619528 -933.5862334 -339.6408051 -946.9868719 -364.5459630 -946.3949602 -361.9178429 -936.4073125 -349.2290425 -937.9317228 -333.1531308 -932.1756938 -334.8466865 -926.5335355 -315.6702118 -928.0579457 -299.5943001 -928.7632155 -301.9913595 -924.5315968 -287.6090035 -925.2368666 -290.0060628 -917.8183678 -273.6516846 -913.0480708 -267.1558657 -876.8970984 -248.3509732 -879.9860984 -243.2072314 -870.4708690 -244.4917937 -873.5598690 -239.3480520 -856.4232572 -229.0569067 -827.0716318 -214.5616193 -772.1860217 -189.7108656 -753.6950051 -189.6479906 -743.8577074 -179.8853041 -738.1971107 -185.5313864 -727.2449776 -186.2192819 -732.3884095 -189.3200329 -705.2014359 -211.5235674 -691.5877760 -214.6393515 -673.9831264 -219.9172890 -659.9510175 -267.1708654 -655.1286146 -281.3660474 -653.5211469 -286.0977747 -645.4288263 -291.2653696 -643.0176249 -298.3629606 -598.0601684 -282.5120235 -576.3245912 -265.6893052 -558.5409370 -251.9252629 -540.7572829 -238.1612206 -495.7448821 -210.3093563 -495.9497479 -202.5035107 -490.9197893 -163.0234441 -490.3708752 -162.4628143 -447.1011290 -141.5436551 -412.4746806 -121.9926158 -435.0688033 -127.5794600 -442.9274735 -138.8665055 -425.6087021 -129.2214635 -426.3127890 -122.7602282 -413.1787674 -115.5313805 -410.2985296 -120.7948818 -413.1529936 -115.5173586 -374.6560445 -97.2042297 -363.0817934 -23.7757763 -364.8793484 -19.1129454 -375.8704123 -7.2826759 -377.6679672 -2.6198450 -382.8136818 20.0270547 -342.9521390 38.5592399 -265.7279950 73.9154327 -261.1701011 75.9645297 -234.0040262 94.7560676 -213.4935035 103.9770042 -204.1964269 101.5782425 -195.2619277 112.1733923 -181.4069572 111.8237277 -174.5701163 114.8973732 -167.9145641 124.4679744 -170.1935111 123.4434259 -116.8929629 145.3042921 -128.5433674 140.7931337 -121.5531247 143.4998287 -44.7705963 173.4611961 -19.2528697 183.6731890 1.6252703 192.0284558 18.5479591 192.8502874 15.0732429 187.9540311 32.4792668 165.0195850 56.1864207 115.6598575 54.2901537 106.2474262 61.1625410 92.9234233 66.4950016 95.6738530 84.0369147 51.0342641 78.7062351 47.1181943 82.0901613 34.4370227 77.5711574 30.2791161 63.1889125 23.8228097 31.0371666 10.0405086 -111.7319142 -43.7344447 -118.6283285 -46.6719879 -116.2770331 -52.1920794 -146.2139858 -58.4221607 -141.5638856 -62.9630711 -244.5213348 -108.1226089 -297.3488052 -130.7492194 -354.6197616 -155.4456541 -374.9995559 -164.9520309 -638.8001641 -374.6756981 -643.4450039 -401.8846626 -648.2699503 -398.3164083 -751.3797819 -509.2991641 -779.8513097 -553.6120053 -803.4877958 -558.2352456 -939.8322347 -483.0656346 -740.1555044 -501.1690923 -734.2108736 -490.1788662 -682.3903261 -437.9394132 -620.3412406 -321.4810937 -473.4275324 -202.4676725 -302.0079561 -126.2175958 -292.8205700 -122.2825331 -244.5867926 -101.6234540 -208.2034866 -85.2139578 -70.3147136 -26.1497627 -116.3295237 -45.6928069 -5.7678150 0.8399436 60.8249647 29.3374947 63.1215179 30.3219448 26.9862837 162.6056386 16.9335673 185.4807951 -54.0497696 169.7477441 -51.8205030 164.1772531 -270.4841734 78.3555870 -279.5739475 74.1937631 -322.7348464 54.4208594 -353.4009755 -65.5680621 -349.7979949 -83.4502588 -488.1551434 -184.2134355 -485.4865576 -191.9796678 -499.7044083 -205.8013465 -523.2531715 -232.2007065 -525.2291330 -233.7300445 -546.9647103 -250.5527628 -564.7483644 -264.3168051 -594.3877879 -287.2568756 -635.4824428 -309.7018668 -662.3072364 -241.5822327 -712.3973807 -212.0476965 -810.9677320 -213.3686513 -824.4368212 -219.9521455 -923.0071866 -303.6849151 -908.2442072 -270.7507085 -813.6025426 -207.9781250 -748.9736194 -188.0103971 -704.9851066 -217.5196674 -650.2512292 -277.0701876 -648.6987441 -300.2929567 -491.2627586 -177.3919680 -463.9265148 -152.3361305 -459.7201683 -149.6380117 -467.1659945 -147.2858066 -446.1342623 -133.7952124 -401.7731825 -109.9985985 -382.8136818 12.5310765 -313.4209976 52.0880688 -233.8227375 88.2591119 -222.4280026 93.3818544 -133.2035291 138.9886704 83.2995216 53.4120687 83.2326220 53.6044502 77.5989468 51.5375474 49.4095928 17.9161092 37.9268264 12.9938588 10.3681870 1.1804578 -130.1223524 -51.5678932 -125.4722522 -56.1088036 -761.5678925 -540.7208114 -776.6524825 -558.6929199 -813.0419816 -554.6865733 -828.8855396 -541.1015522 -934.1553905 -481.1231003 -842.2128562 -534.6952847 -739.4888362 -487.3252526 -375.2715282 -158.4582392 -63.3989745 -23.2580085 -297.5196138 59.3728228 -489.1910151 -181.9396130 -486.7568713 -194.2709380 -636.1948147 -315.6790511 -713.1775713 -218.0136409 -901.7662032 -264.2374502 -941.4596927 -368.1114170 -941.3096382 -389.8377898 -926.6474062 -294.8001815 -861.9025631 -239.3462211 -831.5613282 -216.7561173 -705.2086539 -211.5238322 -679.7427521 -224.9453801 -676.5775291 -219.3729107 -490.2268868 -179.6657905 -485.8026567 -174.9045421 -366.6769033 -14.4501145 -98.2523159 152.5221455 23.4318220 185.6072258 81.4319569 58.2660809 -361.6849987 -152.1206547 -427.7353782 -188.0622725 -633.5881526 -380.4901742 -766.8442845 -537.8642946 -826.6011950 -542.1140087 -735.3992417 -492.3768380 -701.2055937 -446.9702957 -636.2641222 -357.3699147 -357.1561555 -150.0081266 -203.4473370 -89.6436688 -109.4331094 -42.7552637 42.4525384 21.4618941 -513.3733636 -224.5540163 -568.7002875 -267.3754812 -619.1974778 -300.4130439 -712.2917530 -218.0635117 -864.0446396 -240.6326143 -679.5059859 -218.9453801 -424.1237854 -121.5554203 -93.5921541 154.3266089 75.8349988 56.1041236 -100.1853997 -45.3378120 -386.5936361 -163.7395596 -765.6547073 -535.6669769 -501.7786381 -227.4943118 -28.6225697 173.4608830 -515.3493252 -226.0833543 -537.0849024 -242.9060727 -709.8037006 -217.8335247 -930.0598844 -327.6555084 -920.8913772 -296.4937371 -864.9915631 -234.2024794 -818.0922390 -210.1726231 -554.8685565 -256.6701150 -421.2306949 -126.8118476 31.4739951 167.3071006 44.7324420 137.8665291 -84.0937663 -38.4835445 -384.0572422 -169.1770872 -887.0461730 -517.9679234 -26.3027764 174.3892459 -423.4196985 -128.0166555 -259.0724428 83.4860339 -292.7551122 -128.7816880 -295.1174165 -123.2662988 -210.2723792 -92.7434252 -28.5320430 179.9597370 -947.7625023 -369.6982033 -26.2122496 180.8881000 -941.8280658 -370.5827729 -23.9829831 175.3176089 -930.9757144 -486.5099314 -72.6105618 -33.6131585 -919.4808376 -291.6996184 -829.0323944 -547.5993774 -801.4249553 -552.6010031 -799.0786131 -553.4600590 -792.3958403 -555.1161254 -772.8902874 -547.9032198 -733.8726340 -180.3272937 -707.7053587 -211.6184237 -679.0353847 -218.9825210 -636.6264139 -359.8421695 -625.6763869 -331.7045885 -633.4691970 -309.7786861 -617.3469135 -298.7341422 -509.4054400 -225.8194722 -505.7260097 -230.5588595 -483.7309133 -179.4521871 -484.7667850 -177.1783646 -420.8355856 -178.6662284 80.5316244 60.5968963 74.9346663 58.4349389 -351.4430683 -85.3309587 -349.8058657 -74.8937239 12.6217296 195.0525312 11.8934209 189.0892965 -313.6483413 58.5835760</float_array><technique_common><accessor source="#uv-array" count="2269" stride="2"><param name="S" type="float" /><param name="T" type="float" /></accessor></technique_common></source><source id="normals"><float_array id="normals-array" count="3">0.0000000 0.0000000 1.0000000</float_array><technique_common><accessor source="#normals-array" count="1" stride="3"><param name="X" type="float" /><param name="Y" type="float" /><param name="Z" type="float" /></accessor></technique_common></source><vertices id="road-vertices"><input semantic="POSITION" source="#positions" /></vertices><triangles count="2269" material="asphalt"><input semantic="VERTEX" source="#road-vertices" offset="0" /><input semantic="TEXCOORD" source="#uv" offset="1" set="0" /><input semantic="NORMAL" source="#normals" offset="2" /><p>0 0 0 1 1 0 2 2 0 3 3 0 4 4 0 5 5 0 6 6 0 7 7 0 8 8 0 9 9 0 10 10 0 11 11 0 12 12 0 13 13 0 14 14 0 15 15 0 16 16 0 17 17 0 18 18 0 19 19 0 20 20 0 21 21 0 22 22 0 23 23 0 24 24 0 25 25 0 26 26 0 27 27 0 28 28 0 29 29 0 30 30 0 31 31 0 32 32 0 33 33 0 34 34 0 35 35 0 36 36 0 37 37 0 38 38 0 39 39 0 40 40 0 41 41 0 42 42 0 43 43 0 44 44 0 45 45 0 46 46 0 47 47 0 48 48 0 49 49 0 50 50 0 51 51 0 52 52 0 53 53 0 54 54 0 55 55 0 56 56 0 57 57 0 58 58 0 59 59 0 60 60 0 61 61 0 62 62 0 63 63 0 64 64 0 65 65 0 66 66 0 67 67 0 68 68 0 69 69 0 70 70 0 71 71 0 72 72 0 73 73 0 74 74 0 75 75 0 76 76 0 77 77 0 78 78 0 79 79 0 80 80 0 81 81 0 82 82 0 83 83 0 84 84 0 85 85 0 86 86 0 87 87 0 88 88 0 89 89 0 87 87 0 89 89 0 90 90 0 91 91 0 92 92 0 93 93 0 94 94 0 95 95 0 96 96 0 96 96 0 97 97 0 94 94 0 98 98 0 99 99 0 97 97 0 100 100 0 96 96 0 101 101 0 102 102 0 103 103 0 88 88 0 104 104 0 105 105 0 106 106 0 107 107 0 108 108 0 109 109 0 110 110 0 111 111 0 112 112 0 113 113 0 114 114 0 115 115 0 116 116 0 117 117 0 118 118 0 119 119 0 120 120 0 121 121 0 122 122 0 123 123 0 124 124 0 125 125 0 126 126 0 127 127 0 128 128 0 129 129 0 130 130 0 131 131 0 132 132 0 133 133 0 134 134 0 135 135 0 136 136 0 137 137 0 138 138 0 139 139 0 140 140 0 137 137 0 141 141 0 142 142 0 140 140 0 143 143 0 144 144 0 145 145 0 146 146 0 147 147 0 144 144 0 148 148 0 149 149 0 150 150 0 151 151 0 152 152 0 151 151 0 150 150 0 153 153 0 154 154 0 155 155 0 156 156 0 157 157 0 158 158 0 159 159 0 160 160 0 161 161 0 162 162 0 159 159 0 163 163 0 164 164 0 165 165 0 163 163 0 163 163 0 166 166 0 164 164 0 166 166 0 158 158 0 167 167 0 168 168 0 169 169 0 170 170 0 168 168 0 171 171 0 169 169 0 172 172 0 173 173 0 174 174 0 175 175 0 176 176 0 177 177 0 178 178 0 179 179 0 180 180 0 181 181 0 182 182 0 183 183 0 184 184 0 185 185 0 186 186 0 187 187 0 188 188 0 184 184 0 189 189 0 190 190 0 191 191 0 192 192 0 193 193 0 190 190 0 194 194 0 195 195 0 192 192 0 196 196 0 192 192 0 195 195 0 197 197 0 198 198 0 199 199 0 200 200 0 201 201 0 198 198 0 202 202 0 203 203 0 200 200 0 203 203 0 204 204 0 205 205 0 206 206 0 205 205 0 207 207 0 207 207 0 208 208 0 209 209 0 210 210 0 209 209 0 211 211 0 211 211 0 212 212 0 213 213 0 214 214 0 213 213 0 215 215 0 215 215 0 216 216 0 217 217 0 218 218 0 217 217 0 219 219 0 219 219 0 220 220 0 221 221 0 222 222 0 221 221 0 223 223 0 223 223 0 224 224 0 225 225 0 226 226 0 225 225 0 227 227 0 228 228 0 229 229 0 226 226 0 230 230 0 231 231 0 232 232 0 233 233 0 234 234 0 235 235 0 236 236 0 237 237 0 238 238 0 239 239 0 240 240 0 241 241 0 242 242 0 243 243 0 244 244 0 245 245 0 246 246 0 247 247 0 248 248 0 249 249 0 250 250 0 251 251 0 252 252 0 253 253 0 254 254 0 251 251 0 255 255 0 256 256 0 257 257 0 258 258 0 259 259 0 260 260 0 261 261 0 262 262 0 263 263 0 264 264 0 264 264 0 265 265 0 262 262 0 266 266 0 261 261 0 260 260 0 267 267 0 268 268 0 269 269 0 270 270 0 271 271 0 268 268 0 272 272 0 273 273 0 274 274 0 275 275 0 276 276 0 277 277 0 275 275 0 277 277 0 278 278 0 279 279 0 280 280 0 281 281 0 280 280 0 282 282 0 283 283 0 284 284 0 285 285 0 286 286 0 287 287 0 288 288 0 289 289 0 290 290 0 291 291 0 292 292 0 293 293 0 294 294 0 295 295 0 296 296 0 297 297 0 298 298 0 299 299 0 300 300 0 301 301 0 302 302 0 303 303 0 304 304 0 305 305 0 306 306 0 307 307 0 308 308 0 309 309 0 310 310 0 311 311 0 312 312 0 313 313 0 314 314 0 315 315 0 316 316 0 317 317 0 318 318 0 319 319 0 320 320 0 321 321 0 322 322 0 323 323 0 324 324 0 325 325 0 326 326 0 327 327 0 328 328 0 329 329 0 328 328 0 327 327 0 330 330 0 331 331 0 332 332 0 333 333 0 334 334 0 335 335 0 336 336 0 337 337 0 338 338 0 337 337 0 339 339 0 340 340 0 339 339 0 341 341 0 342 342 0 341 341 0 343 343 0 344 344 0 341 341 0 345 345 0 343 343 0 346 346 0 347 347 0 348 348 0 349 349 0 350 350 0 347 347 0 351 351 0 352 352 0 353 353 0 351 351 0 353 353 0 354 354 0 355 355 0 356 356 0 357 357 0 355 355 0 358 358 0 356 356 0 359 359 0 360 360 0 358 358 0 361 361 0 362 362 0 363 363 0 364 364 0 365 365 0 366 366 0 364 364 0 367 367 0 365 365 0 368 368 0 369 369 0 370 370 0 370 370 0 371 371 0 368 368 0 371 371 0 372 372 0 368 368 0 373 373 0 374 374 0 375 375 0 376 376 0 377 377 0 378 378 0 379 379 0 376 376 0 378 378 0 378 378 0 380 380 0 379 379 0 381 381 0 382 382 0 383 383 0 377 377 0 384 384 0 385 385 0 386 386 0 387 387 0 388 388 0 389 389 0 390 390 0 391 391 0 392 392 0 393 393 0 394 394 0 395 395 0 396 396 0 397 397 0 398 398 0 399 399 0 400 400 0 401 401 0 400 400 0 402 402 0 402 402 0 403 403 0 404 404 0 405 405 0 404 404 0 406 406 0 406 406 0 407 407 0 408 408 0 409 409 0 410 410 0 411 411 0 412 412 0 413 413 0 409 409 0 414 414 0 415 415 0 416 416 0 414 414 0 417 417 0 415 415 0 418 418 0 419 419 0 420 420 0 421 421 0 422 422 0 423 423 0 421 421 0 424 424 0 422 422 0 425 425 0 426 426 0 427 427 0 425 425 0 428 428 0 426 426 0 429 429 0 430 430 0 431 431 0 432 432 0 433 433 0 434 434 0 435 435 0 436 436 0 437 437 0 438 438 0 437 437 0 436 436 0 439 439 0 440 440 0 441 441 0 436 436 0 442 442 0 438 438 0 443 443 0 444 444 0 445 445 0 445 445 0 446 446 0 443 443 0 447 447 0 448 448 0 449 449 0 450 450 0 451 451 0 452 452 0 453 453 0 454 454 0 455 455 0 456 456 0 457 457 0 458 458 0 459 459 0 460 460 0 461 461 0 460 460 0 462 462 0 463 463 0 462 462 0 464 464 0 465 465 0 464 464 0 466 466 0 467 467 0 466 466 0 468 468 0 469 469 0 468 468 0 470 470 0 471 471 0 470 470 0 433 433 0 472 472 0 430 430 0 429 429 0 473 473 0 420 420 0 414 414 0 418 418 0 474 474 0 475 475 0 476 476 0 477 477 0 478 478 0 396 396 0 479 479 0 480 480 0 477 477 0 480 480 0 481 481 0 482 482 0 483 483 0 484 484 0 485 485 0 486 486 0 483 483 0 487 487 0 487 487 0 488 488 0 489 489 0 394 394 0 393 393 0 489 489 0 390 390 0 490 490 0 392 392 0 387 387 0 491 491 0 389 389 0 492 492 0 493 493 0 386 386 0 382 382 0 381 381 0 494 494 0 495 495 0 375 375 0 374 374 0 496 496 0 497 497 0 498 498 0 497 497 0 499 499 0 500 500 0 501 501 0 502 502 0 503 503 0 504 504 0 505 505 0 506 506 0 507 507 0 508 508 0 509 509 0 510 510 0 511 511 0 512 512 0 513 513 0 514 514 0 515 515 0 515 515 0 516 516 0 517 517 0 324 324 0 518 518 0 516 516 0 321 321 0 320 320 0 519 519 0 520 520 0 521 521 0 522 522 0 318 318 0 523 523 0 521 521 0 319 319 0 524 524 0 317 317 0 316 316 0 525 525 0 314 314 0 313 313 0 526 526 0 311 311 0 527 527 0 528 528 0 529 529 0 530 530 0 308 308 0 528 528 0 306 306 0 305 305 0 531 531 0 532 532 0 302 302 0 533 533 0 534 534 0 300 300 0 532 532 0 297 297 0 296 296 0 535 535 0 294 294 0 293 293 0 536 536 0 291 291 0 290 290 0 537 537 0 286 286 0 538 538 0 284 284 0 281 281 0 539 539 0 279 279 0 540 540 0 541 541 0 542 542 0 543 543 0 540 540 0 544 544 0 276 276 0 275 275 0 543 543 0 274 274 0 270 270 0 545 545 0 546 546 0 547 547 0 548 548 0 549 549 0 550 550 0 551 551 0 550 550 0 552 552 0 553 553 0 554 554 0 555 555 0 556 556 0 557 557 0 558 558 0 559 559 0 560 560 0 557 557 0 561 561 0 562 562 0 563 563 0 564 564 0 562 562 0 246 246 0 563 563 0 565 565 0 566 566 0 239 239 0 567 567 0 568 568 0 569 569 0 570 570 0 569 569 0 568 568 0 571 571 0 572 572 0 573 573 0 571 571 0 574 574 0 575 575 0 240 240 0 576 576 0 574 574 0 577 577 0 578 578 0 579 579 0 577 577 0 580 580 0 578 578 0 581 581 0 582 582 0 580 580 0 237 237 0 236 236 0 583 583 0 234 234 0 233 233 0 584 584 0 231 231 0 230 230 0 585 585 0 586 586 0 228 228 0 587 587 0 588 588 0 184 184 0 188 188 0 589 589 0 590 590 0 591 591 0 592 592 0 591 591 0 593 593 0 593 593 0 594 594 0 595 595 0 596 596 0 597 597 0 598 598 0 599 599 0 600 600 0 597 597 0 601 601 0 599 599 0 602 602 0 603 603 0 601 601 0 604 604 0 604 604 0 605 605 0 603 603 0 606 606 0 603 603 0 607 607 0 608 608 0 609 609 0 610 610 0 611 611 0 612 612 0 609 609 0 613 613 0 611 611 0 614 614 0 614 614 0 615 615 0 616 616 0 617 617 0 618 618 0 619 619 0 619 619 0 620 620 0 617 617 0 620 620 0 621 621 0 622 622 0 183 183 0 623 623 0 181 181 0 624 624 0 625 625 0 626 626 0 627 627 0 628 628 0 629 629 0 180 180 0 630 630 0 178 178 0 631 631 0 632 632 0 633 633 0 626 626 0 631 631 0 633 633 0 631 631 0 634 634 0 635 635 0 627 627 0 636 636 0 628 628 0 637 637 0 638 638 0 639 639 0 637 637 0 178 178 0 638 638 0 640 640 0 641 641 0 642 642 0 640 640 0 643 643 0 641 641 0 644 644 0 172 172 0 645 645 0 646 646 0 647 647 0 648 648 0 646 646 0 649 649 0 650 650 0 171 171 0 651 651 0 649 649 0 170 170 0 652 652 0 653 653 0 157 157 0 156 156 0 654 654 0 655 655 0 656 656 0 657 657 0 658 658 0 655 655 0 659 659 0 660 660 0 661 661 0 659 659 0 662 662 0 660 660 0 663 663 0 664 664 0 662 662 0 665 665 0 665 665 0 666 666 0 667 667 0 668 668 0 667 667 0 669 669 0 669 669 0 670 670 0 668 668 0 671 671 0 668 668 0 670 670 0 672 672 0 673 673 0 674 674 0 673 673 0 675 675 0 676 676 0 677 677 0 676 676 0 678 678 0 135 135 0 134 134 0 679 679 0 132 132 0 131 131 0 680 680 0 129 129 0 128 128 0 681 681 0 682 682 0 125 125 0 683 683 0 123 123 0 122 122 0 684 684 0 685 685 0 686 686 0 687 687 0 117 117 0 688 688 0 119 119 0 689 689 0 690 690 0 116 116 0 114 114 0 113 113 0 691 691 0 111 111 0 110 110 0 692 692 0 103 103 0 693 693 0 694 694 0 90 90 0 695 695 0 87 87 0 93 93 0 696 696 0 697 697 0 97 97 0 96 96 0 98 98 0 67 67 0 66 66 0 698 698 0 70 70 0 69 69 0 699 699 0 700 700 0 701 701 0 702 702 0 73 73 0 72 72 0 703 703 0 704 704 0 700 700 0 705 705 0 706 706 0 707 707 0 708 708 0 708 708 0 709 709 0 706 706 0 76 76 0 75 75 0 710 710 0 711 711 0 712 712 0 713 713 0 64 64 0 63 63 0 714 714 0 715 715 0 716 716 0 717 717 0 717 717 0 718 718 0 715 715 0 58 58 0 57 57 0 719 719 0 55 55 0 720 720 0 721 721 0 44 44 0 722 722 0 42 42 0 40 40 0 39 39 0 723 723 0 41 41 0 724 724 0 39 39 0 725 725 0 726 726 0 724 724 0 38 38 0 727 727 0 36 36 0 38 38 0 728 728 0 727 727 0 729 729 0 730 730 0 728 728 0 731 731 0 732 732 0 730 730 0 733 733 0 734 734 0 732 732 0 733 733 0 735 735 0 734 734 0 736 736 0 737 737 0 738 738 0 736 736 0 738 738 0 739 739 0 740 740 0 741 741 0 48 48 0 49 49 0 48 48 0 742 742 0 52 52 0 51 51 0 743 743 0 744 744 0 745 745 0 746 746 0 747 747 0 748 748 0 21 21 0 16 16 0 749 749 0 18 18 0 13 13 0 750 750 0 15 15 0 10 10 0 751 751 0 12 12 0 7 7 0 752 752 0 9 9 0 753 753 0 754 754 0 6 6 0 5 5 0 755 755 0 3 3 0 709 709 0 708 708 0 756 756 0 757 757 0 758 758 0 759 759 0 760 760 0 761 761 0 762 762 0 760 760 0 763 763 0 761 761 0 764 764 0 765 765 0 766 766 0 767 767 0 768 768 0 769 769 0 770 770 0 771 771 0 772 772 0 773 773 0 774 774 0 775 775 0 776 776 0 777 777 0 778 778 0 779 779 0 780 780 0 781 781 0 782 782 0 783 783 0 784 784 0 785 785 0 786 786 0 787 787 0 788 788 0 789 789 0 790 790 0 791 791 0 792 792 0 793 793 0 794 794 0 795 795 0 796 796 0 797 797 0 798 798 0 799 799 0 800 800 0 801 801 0 802 802 0 803 803 0 804 804 0 805 805 0 806 806 0 807 807 0 808 808 0 809 809 0 810 810 0 807 807 0 809 809 0 811 811 0 810 810 0 812 812 0 813 813 0 811 811 0 814 814 0 815 815 0 816 816 0 817 817 0 818 818 0 819 819 0 820 820 0 821 821 0 818 818 0 820 820 0 822 822 0 821 821 0 823 823 0 824 824 0 825 825 0 826 826 0 827 827 0 828 828 0 829 829 0 830 830 0 831 831 0 832 832 0 833 833 0 834 834 0 835 835 0 836 836 0 837 837 0 838 838 0 839 839 0 840 840 0 841 841 0 842 842 0 843 843 0 844 844 0 845 845 0 846 846 0 847 847 0 846 846 0 848 848 0 849 849 0 850 850 0 851 851 0 852 852 0 853 853 0 854 854 0 855 855 0 856 856 0 857 857 0 858 858 0 859 859 0 860 860 0 861 861 0 862 862 0 863 863 0 864 864 0 865 865 0 866 866 0 867 867 0 868 868 0 869 869 0 870 870 0 871 871 0 867 867 0 872 872 0 873 873 0 871 871 0 856 856 0 874 874 0 872 872 0 856 856 0 875 875 0 874 874 0 876 876 0 858 858 0 877 877 0 862 862 0 861 861 0 878 878 0 865 865 0 864 864 0 879 879 0 880 880 0 881 881 0 882 882 0 883 883 0 884 884 0 885 885 0 886 886 0 887 887 0 888 888 0 889 889 0 890 890 0 891 891 0 892 892 0 893 893 0 894 894 0 895 895 0 896 896 0 897 897 0 898 898 0 899 899 0 900 900 0 898 898 0 900 900 0 901 901 0 902 902 0 903 903 0 904 904 0 905 905 0 906 906 0 907 907 0 908 908 0 905 905 0 909 909 0 910 910 0 911 911 0 912 912 0 913 913 0 914 914 0 915 915 0 916 916 0 917 917 0 918 918 0 919 919 0 918 918 0 917 917 0 920 920 0 921 921 0 922 922 0 923 923 0 924 924 0 925 925 0 926 926 0 927 927 0 928 928 0 929 929 0 930 930 0 931 931 0 932 932 0 931 931 0 933 933 0 934 934 0 932 932 0 935 935 0 936 936 0 937 937 0 938 938 0 939 939 0 940 940 0 941 941 0 942 942 0 943 943 0 944 944 0 945 945 0 946 946 0 947 947 0 948 948 0 949 949 0 950 950 0 951 951 0 952 952 0 953 953 0 954 954 0 955 955 0 956 956 0 957 957 0 958 958 0 959 959 0 960 960 0 961 961 0 958 958 0 962 962 0 960 960 0 963 963 0 964 964 0 965 965 0 966 966 0 965 965 0 967 967 0 966 966 0 968 968 0 969 969 0 970 970 0 971 971 0 972 972 0 969 969 0 973 973 0 974 974 0 975 975 0 976 976 0 977 977 0 974 974 0 978 978 0 979 979 0 980 980 0 981 981 0 982 982 0 983 983 0 983 983 0 984 984 0 981 981 0 985 985 0 986 986 0 987 987 0 988 988 0 989 989 0 990 990 0 991 991 0 992 992 0 993 993 0 994 994 0 995 995 0 996 996 0 997 997 0 998 998 0 999 999 0 999 999 0 1000 1000 0 1001 1001 0 1002 1002 0 1003 1003 0 1004 1004 0 1005 1005 0 1002 1002 0 1006 1006 0 1007 1007 0 1005 1005 0 1008 1008 0 1009 1009 0 1010 1010 0 1007 1007 0 1011 1011 0 1012 1012 0 1013 1013 0 1013 1013 0 1014 1014 0 1015 1015 0 1016 1016 0 1017 1017 0 1018 1018 0 1019 1019 0 1020 1020 0 1021 1021 0 1022 1022 0 1023 1023 0 1019 1019 0 1024 1024 0 1025 1025 0 1023 1023 0 1026 1026 0 1027 1027 0 1028 1028 0 1028 1028 0 1029 1029 0 1026 1026 0 1027 1027 0 1024 1024 0 1028 1028 0 1030 1030 0 1031 1031 0 1032 1032 0 1033 1033 0 1034 1034 0 1030 1030 0 1032 1032 0 1035 1035 0 1033 1033 0 1036 1036 0 1037 1037 0 1038 1038 0 1039 1039 0 1040 1040 0 1041 1041 0 1042 1042 0 1043 1043 0 1044 1044 0 1045 1045 0 1046 1046 0 1047 1047 0 1048 1048 0 1049 1049 0 1050 1050 0 1051 1051 0 1052 1052 0 1053 1053 0 1054 1054 0 1055 1055 0 1056 1056 0 1057 1057 0 1058 1058 0 1059 1059 0 1060 1060 0 1061 1061 0 1062 1062 0 1063 1063 0 1064 1064 0 1065 1065 0 1066 1066 0 1067 1067 0 1068 1068 0 1069 1069 0 1070 1070 0 1071 1071 0 1072 1072 0 1073 1073 0 1074 1074 0 1075 1075 0 1076 1076 0 1077 1077 0 1078 1078 0 1079 1079 0 1080 1080 0 1081 1081 0 1078 1078 0 1082 1082 0 1083 1083 0 1081 1081 0 1084 1084 0 1085 1085 0 1086 1086 0 1087 1087 0 1086 1086 0 1088 1088 0 1089 1089 0 1090 1090 0 1089 1089 0 1091 1091 0 1092 1092 0 1090 1090 0 1093 1093 0 1094 1094 0 1092 1092 0 1095 1095 0 1096 1096 0 1097 1097 0 1098 1098 0 1099 1099 0 1096 1096 0 1100 1100 0 1101 1101 0 1102 1102 0 1103 1103 0 1103 1103 0 1104 1104 0 1101 1101 0 1104 1104 0 1105 1105 0 1106 1106 0 1107 1107 0 1108 1108 0 1109 1109 0 1110 1110 0 1111 1111 0 1107 1107 0 1109 1109 0 1112 1112 0 1110 1110 0 1113 1113 0 1114 1114 0 1115 1115 0 1113 1113 0 1116 1116 0 1114 1114 0 1117 1117 0 1118 1118 0 1119 1119 0 1120 1120 0 1121 1121 0 1122 1122 0 1123 1123 0 1124 1124 0 1121 1121 0 1125 1125 0 1126 1126 0 1127 1127 0 1128 1128 0 1129 1129 0 1130 1130 0 1131 1131 0 1132 1132 0 1133 1133 0 1134 1134 0 1135 1135 0 1136 1136 0 1137 1137 0 1138 1138 0 1139 1139 0 1140 1140 0 1141 1141 0 1142 1142 0 1143 1143 0 1144 1144 0 1145 1145 0 1146 1146 0 1147 1147 0 1148 1148 0 1149 1149 0 1150 1150 0 1151 1151 0 1152 1152 0 1153 1153 0 1154 1154 0 1155 1155 0 1156 1156 0 1157 1157 0 1158 1158 0 1159 1159 0 1160 1160 0 1161 1161 0 1162 1162 0 1163 1163 0 1164 1164 0 1165 1165 0 1166 1166 0 1167 1167 0 1168 1168 0 1169 1169 0 1170 1170 0 1167 1167 0 1171 1171 0 1172 1172 0 1170 1170 0 1171 1171 0 1173 1173 0 1172 1172 0 1174 1174 0 1174 1174 0 1175 1175 0 1173 1173 0 1176 1176 0 1177 1177 0 1178 1178 0 1179 1179 0 1180 1180 0 1181 1181 0 1179 1179 0 1181 1181 0 1182 1182 0 1183 1183 0 1184 1184 0 1185 1185 0 1185 1185 0 1186 1186 0 1183 1183 0 1187 1187 0 1188 1188 0 1186 1186 0 1189 1189 0 1190 1190 0 1191 1191 0 1192 1192 0 1193 1193 0 1194 1194 0 1195 1195 0 1196 1196 0 1197 1197 0 1198 1198 0 1195 1195 0 1199 1199 0 1200 1200 0 1201 1201 0 1198 1198 0 1201 1201 0 1202 1202 0 1203 1203 0 1204 1204 0 1205 1205 0 1202 1202 0 1206 1206 0 1207 1207 0 1204 1204 0 1208 1208 0 1209 1209 0 1207 1207 0 1210 1210 0 1211 1211 0 1212 1212 0 1213 1213 0 1214 1214 0 1211 1211 0 1215 1215 0 1213 1213 0 1216 1216 0 1217 1217 0 1218 1218 0 1219 1219 0 1220 1220 0 1221 1221 0 1222 1222 0 1223 1223 0 1224 1224 0 1221 1221 0 1225 1225 0 1226 1226 0 1227 1227 0 1228 1228 0 1229 1229 0 1230 1230 0 1230 1230 0 1231 1231 0 1228 1228 0 1232 1232 0 1233 1233 0 1228 1228 0 1232 1232 0 1234 1234 0 1235 1235 0 1236 1236 0 1237 1237 0 1238 1238 0 1239 1239 0 1240 1240 0 1241 1241 0 1239 1239 0 1242 1242 0 1240 1240 0 1243 1243 0 1244 1244 0 1245 1245 0 1246 1246 0 1247 1247 0 1248 1248 0 1249 1249 0 1246 1246 0 1250 1250 0 1251 1251 0 1249 1249 0 1252 1252 0 1253 1253 0 1254 1254 0 1255 1255 0 1256 1256 0 1257 1257 0 1258 1258 0 1259 1259 0 1260 1260 0 1261 1261 0 1262 1262 0 1263 1263 0 1264 1264 0 1265 1265 0 1266 1266 0 1267 1267 0 1268 1268 0 1269 1269 0 1270 1270 0 1271 1271 0 1272 1272 0 1273 1273 0 1274 1274 0 1275 1275 0 1276 1276 0 1277 1277 0 1278 1278 0 1279 1279 0 1280 1280 0 1281 1281 0 1282 1282 0 1283 1283 0 1284 1284 0 1285 1285 0 1286 1286 0 1287 1287 0 1288 1288 0 1289 1289 0 1290 1290 0 1291 1291 0 1292 1292 0 1293 1293 0 1294 1294 0 1295 1295 0 1296 1296 0 1297 1297 0 1296 1296 0 1298 1298 0 1299 1299 0 1300 1300 0 1299 1299 0 1301 1301 0 1302 1302 0 1303 1303 0 1304 1304 0 1305 1305 0 1306 1306 0 1307 1307 0 1308 1308 0 1309 1309 0 1310 1310 0 1311 1311 0 1312 1312 0 1313 1313 0 1314 1314 0 1315 1315 0 1316 1316 0 1317 1317 0 1318 1318 0 1319 1319 0 1320 1320 0 1319 1319 0 1321 1321 0 1321 1321 0 1322 1322 0 1323 1323 0 1324 1324 0 1325 1325 0 1326 1326 0 1327 1327 0 1326 1326 0 1325 1325 0 1328 1328 0 1329 1329 0 1330 1330 0 1331 1331 0 1332 1332 0 1333 1333 0 1334 1334 0 438 438 0 442 442 0 1335 1335 0 1334 1334 0 1336 1336 0 1337 1337 0 1335 1335 0 1338 1338 0 1339 1339 0 1337 1337 0 1340 1340 0 1341 1341 0 1339 1339 0 1342 1342 0 1343 1343 0 1341 1341 0 1344 1344 0 441 441 0 1345 1345 0 439 439 0 1346 1346 0 1347 1347 0 1348 1348 0 1349 1349 0 1350 1350 0 1351 1351 0 1352 1352 0 1353 1353 0 1354 1354 0 1353 1353 0 1355 1355 0 1356 1356 0 1355 1355 0 1357 1357 0 1358 1358 0 1359 1359 0 1358 1358 0 1360 1360 0 1360 1360 0 1361 1361 0 1359 1359 0 1330 1330 0 1327 1327 0 1362 1362 0 1363 1363 0 1364 1364 0 1365 1365 0 1366 1366 0 1363 1363 0 1324 1324 0 1365 1365 0 1367 1367 0 1363 1363 0 1368 1368 0 1369 1369 0 1370 1370 0 1322 1322 0 1368 1368 0 1323 1323 0 1371 1371 0 1316 1316 0 1315 1315 0 1313 1313 0 1372 1372 0 1311 1311 0 1373 1373 0 1374 1374 0 1375 1375 0 1375 1375 0 1376 1376 0 1377 1377 0 1376 1376 0 1378 1378 0 1379 1379 0 1380 1380 0 1381 1381 0 1382 1382 0 1383 1383 0 1384 1384 0 1385 1385 0 1385 1385 0 1386 1386 0 1383 1383 0 1387 1387 0 1383 1383 0 1386 1386 0 1388 1388 0 1389 1389 0 1390 1390 0 1306 1306 0 1305 1305 0 1391 1391 0 1392 1392 0 1393 1393 0 1394 1394 0 1306 1306 0 1391 1391 0 1393 1393 0 1395 1395 0 1396 1396 0 1397 1397 0 1302 1302 0 1398 1398 0 1396 1396 0 1301 1301 0 1399 1399 0 1300 1300 0 1294 1294 0 1400 1400 0 1292 1292 0 1297 1297 0 1292 1292 0 1400 1400 0 1290 1290 0 1401 1401 0 1402 1402 0 1403 1403 0 1404 1404 0 1405 1405 0 1406 1406 0 1407 1407 0 1408 1408 0 1285 1285 0 1409 1409 0 1283 1283 0 1410 1410 0 1411 1411 0 1281 1281 0 1412 1412 0 1413 1413 0 1414 1414 0 1414 1414 0 1415 1415 0 1412 1412 0 1288 1288 0 1416 1416 0 1286 1286 0 1282 1282 0 1417 1417 0 1280 1280 0 1276 1276 0 1418 1418 0 1274 1274 0 1266 1266 0 1419 1419 0 1420 1420 0 1421 1421 0 1422 1422 0 1423 1423 0 1424 1424 0 1425 1425 0 1426 1426 0 1424 1424 0 1427 1427 0 1425 1425 0 1260 1260 0 1259 1259 0 1428 1428 0 1257 1257 0 1256 1256 0 1429 1429 0 1430 1430 0 1431 1431 0 1265 1265 0 1432 1432 0 1433 1433 0 1434 1434 0 1435 1435 0 1436 1436 0 1437 1437 0 1438 1438 0 1435 1435 0 1439 1439 0 1440 1440 0 1441 1441 0 1442 1442 0 1443 1443 0 1442 1442 0 1444 1444 0 1440 1440 0 1445 1445 0 1441 1441 0 1446 1446 0 1447 1447 0 1448 1448 0 1449 1449 0 1450 1450 0 1451 1451 0 1452 1452 0 1453 1453 0 1454 1454 0 1452 1452 0 1455 1455 0 1453 1453 0 1456 1456 0 1457 1457 0 1458 1458 0 1456 1456 0 1459 1459 0 1457 1457 0 1245 1245 0 1460 1460 0 1461 1461 0 1462 1462 0 1463 1463 0 1464 1464 0 1465 1465 0 1466 1466 0 1467 1467 0 1468 1468 0 1465 1465 0 1469 1469 0 1470 1470 0 1468 1468 0 1469 1469 0 1469 1469 0 1471 1471 0 1470 1470 0 1471 1471 0 1472 1472 0 1473 1473 0 1474 1474 0 1470 1470 0 1471 1471 0 1227 1227 0 1223 1223 0 1225 1225 0 1475 1475 0 1476 1476 0 1477 1477 0 1478 1478 0 1479 1479 0 1480 1480 0 1476 1476 0 1481 1481 0 1482 1482 0 1483 1483 0 1480 1480 0 1481 1481 0 1478 1478 0 1484 1484 0 1485 1485 0 1218 1218 0 1486 1486 0 1484 1484 0 1487 1487 0 1488 1488 0 1489 1489 0 1490 1490 0 1487 1487 0 1491 1491 0 1492 1492 0 1194 1194 0 1193 1193 0 1191 1191 0 1192 1192 0 1194 1194 0 1493 1493 0 1494 1494 0 1495 1495 0 1496 1496 0 1497 1497 0 1498 1498 0 1499 1499 0 1500 1500 0 1501 1501 0 1500 1500 0 1502 1502 0 1503 1503 0 1504 1504 0 1503 1503 0 1505 1505 0 1506 1506 0 1187 1187 0 1507 1507 0 1508 1508 0 1509 1509 0 1510 1510 0 1511 1511 0 1161 1161 0 1512 1512 0 1513 1513 0 1514 1514 0 1515 1515 0 1516 1516 0 1517 1517 0 1513 1513 0 1518 1518 0 1519 1519 0 1517 1517 0 1517 1517 0 1520 1520 0 1518 1518 0 1521 1521 0 1522 1522 0 1520 1520 0 1159 1159 0 1158 1158 0 1523 1523 0 1156 1156 0 1155 1155 0 1524 1524 0 1525 1525 0 1526 1526 0 1527 1527 0 1153 1153 0 1152 1152 0 1528 1528 0 1150 1150 0 1149 1149 0 1529 1529 0 1530 1530 0 1531 1531 0 1532 1532 0 1533 1533 0 1534 1534 0 1535 1535 0 1147 1147 0 1146 1146 0 1536 1536 0 1537 1537 0 1143 1143 0 1538 1538 0 1145 1145 0 1539 1539 0 1540 1540 0 1141 1141 0 1140 1140 0 1541 1541 0 1138 1138 0 1137 1137 0 1542 1542 0 1135 1135 0 1134 1134 0 1543 1543 0 1133 1133 0 1544 1544 0 1545 1545 0 1546 1546 0 1547 1547 0 1548 1548 0 1130 1130 0 1549 1549 0 1550 1550 0 1126 1126 0 1551 1551 0 1552 1552 0 1553 1553 0 1554 1554 0 1555 1555 0 1556 1556 0 1557 1557 0 1558 1558 0 1559 1559 0 1560 1560 0 1561 1561 0 1562 1562 0 1563 1563 0 1564 1564 0 1564 1564 0 1565 1565 0 1566 1566 0 1567 1567 0 1566 1566 0 1565 1565 0 1568 1568 0 1569 1569 0 1570 1570 0 1570 1570 0 1571 1571 0 1568 1568 0 1572 1572 0 1573 1573 0 1571 1571 0 1571 1571 0 1570 1570 0 1572 1572 0 1096 1096 0 1574 1574 0 1100 1100 0 1095 1095 0 1575 1575 0 1094 1094 0 1084 1084 0 1576 1576 0 1083 1083 0 1577 1577 0 1578 1578 0 1579 1579 0 1580 1580 0 1581 1581 0 1077 1077 0 1582 1582 0 1583 1583 0 1584 1584 0 1578 1578 0 1577 1577 0 1585 1585 0 1586 1586 0 1587 1587 0 1588 1588 0 1585 1585 0 1589 1589 0 1588 1588 0 1588 1588 0 1578 1578 0 1585 1585 0 1590 1590 0 1591 1591 0 1592 1592 0 1070 1070 0 1593 1593 0 1072 1072 0 1073 1073 0 1072 1072 0 1594 1594 0 1073 1073 0 1594 1594 0 1595 1595 0 1064 1064 0 1063 1063 0 1596 1596 0 1061 1061 0 1597 1597 0 1063 1063 0 1598 1598 0 1590 1590 0 1592 1592 0 1058 1058 0 1599 1599 0 1600 1600 0 1055 1055 0 1054 1054 0 1601 1601 0 1049 1049 0 1048 1048 0 1602 1602 0 1046 1046 0 1045 1045 0 1603 1603 0 1043 1043 0 1604 1604 0 1605 1605 0 1606 1606 0 1607 1607 0 1608 1608 0 996 996 0 1609 1609 0 1610 1610 0 1611 1611 0 1612 1612 0 1613 1613 0 1614 1614 0 1611 1611 0 1615 1615 0 1616 1616 0 1617 1617 0 1618 1618 0 1619 1619 0 1620 1620 0 1621 1621 0 1622 1622 0 1623 1623 0 1624 1624 0 1625 1625 0 1626 1626 0 1622 1622 0 1627 1627 0 1628 1628 0 1629 1629 0 1628 1628 0 991 991 0 993 993 0 1630 1630 0 1631 1631 0 992 992 0 1632 1632 0 1633 1633 0 1630 1630 0 1634 1634 0 1635 1635 0 1636 1636 0 1637 1637 0 1638 1638 0 1635 1635 0 1639 1639 0 1640 1640 0 1641 1641 0 1642 1642 0 1641 1641 0 1643 1643 0 1639 1639 0 988 988 0 1640 1640 0 987 987 0 1644 1644 0 1645 1645 0 1646 1646 0 983 983 0 982 982 0 980 980 0 1647 1647 0 978 978 0 975 975 0 971 971 0 1648 1648 0 966 966 0 1649 1649 0 964 964 0 956 956 0 1650 1650 0 954 954 0 941 941 0 1651 1651 0 939 939 0 1652 1652 0 934 934 0 935 935 0 1653 1653 0 925 925 0 924 924 0 1654 1654 0 1655 1655 0 1656 1656 0 1657 1657 0 1658 1658 0 1659 1659 0 917 917 0 922 922 0 919 919 0 914 914 0 1660 1660 0 1661 1661 0 1662 1662 0 1663 1663 0 1664 1664 0 1665 1665 0 908 908 0 909 909 0 1666 1666 0 1667 1667 0 1668 1668 0 1668 1668 0 1669 1669 0 1666 1666 0 1660 1660 0 1670 1670 0 1671 1671 0 1672 1672 0 1673 1673 0 1674 1674 0 1675 1675 0 1676 1676 0 1677 1677 0 1678 1678 0 909 909 0 905 905 0 906 906 0 1679 1679 0 907 907 0 1680 1680 0 1681 1681 0 1682 1682 0 1683 1683 0 1684 1684 0 1685 1685 0 1686 1686 0 1687 1687 0 1688 1688 0 1689 1689 0 1690 1690 0 1691 1691 0 1692 1692 0 1689 1689 0 1693 1693 0 1694 1694 0 1695 1695 0 1696 1696 0 887 887 0 1697 1697 0 1698 1698 0 1699 1699 0 1698 1698 0 889 889 0 1700 1700 0 1701 1701 0 1702 1702 0 1703 1703 0 1704 1704 0 1705 1705 0 1705 1705 0 1706 1706 0 1703 1703 0 1706 1706 0 1707 1707 0 1703 1703 0 1707 1707 0 1708 1708 0 1709 1709 0 1710 1710 0 1711 1711 0 1708 1708 0 1712 1712 0 1710 1710 0 903 903 0 903 903 0 1713 1713 0 1712 1712 0 903 903 0 902 902 0 1713 1713 0 1714 1714 0 1715 1715 0 1716 1716 0 1717 1717 0 1705 1705 0 1718 1718 0 1719 1719 0 1717 1717 0 1720 1720 0 1673 1673 0 1721 1721 0 1722 1722 0 1723 1723 0 1724 1724 0 1665 1665 0 858 858 0 876 876 0 859 859 0 1725 1725 0 854 854 0 853 853 0 846 846 0 1726 1726 0 844 844 0 1727 1727 0 1728 1728 0 1729 1729 0 1730 1730 0 1731 1731 0 1727 1727 0 1732 1732 0 1733 1733 0 1734 1734 0 1735 1735 0 1736 1736 0 1733 1733 0 1737 1737 0 1735 1735 0 1738 1738 0 1739 1739 0 1740 1740 0 1737 1737 0 1741 1741 0 1742 1742 0 1740 1740 0 1743 1743 0 1741 1741 0 1744 1744 0 1745 1745 0 1746 1746 0 1743 1743 0 1746 1746 0 1747 1747 0 1748 1748 0 1749 1749 0 1748 1748 0 1750 1750 0 1751 1751 0 1752 1752 0 1753 1753 0 1753 1753 0 1754 1754 0 1751 1751 0 1755 1755 0 1756 1756 0 1757 1757 0 1757 1757 0 1758 1758 0 1755 1755 0 1759 1759 0 1760 1760 0 1761 1761 0 1759 1759 0 1762 1762 0 1760 1760 0 836 836 0 1763 1763 0 1764 1764 0 1765 1765 0 1766 1766 0 835 835 0 825 825 0 1767 1767 0 823 823 0 1768 1768 0 1769 1769 0 1770 1770 0 815 815 0 814 814 0 1771 1771 0 1772 1772 0 820 820 0 1773 1773 0 811 811 0 1774 1774 0 812 812 0 807 807 0 1775 1775 0 809 809 0 1776 1776 0 1777 1777 0 806 806 0 805 805 0 802 802 0 1778 1778 0 1779 1779 0 1780 1780 0 1781 1781 0 1782 1782 0 1783 1783 0 1784 1784 0 828 828 0 1785 1785 0 826 826 0 795 795 0 1786 1786 0 797 797 0 1787 1787 0 1788 1788 0 1789 1789 0 1790 1790 0 1791 1791 0 1792 1792 0 1790 1790 0 1792 1792 0 1793 1793 0 798 798 0 797 797 0 1791 1791 0 828 828 0 1794 1794 0 1785 1785 0 792 792 0 791 791 0 1795 1795 0 1796 1796 0 1797 1797 0 1798 1798 0 788 788 0 1799 1799 0 1800 1800 0 1801 1801 0 1802 1802 0 1803 1803 0 1804 1804 0 1801 1801 0 1805 1805 0 1806 1806 0 1804 1804 0 1805 1805 0 1805 1805 0 1807 1807 0 1808 1808 0 1809 1809 0 1810 1810 0 1811 1811 0 1809 1809 0 1812 1812 0 1813 1813 0 1814 1814 0 1815 1815 0 1812 1812 0 1816 1816 0 1817 1817 0 1818 1818 0 1819 1819 0 1820 1820 0 1817 1817 0 1821 1821 0 1822 1822 0 1823 1823 0 786 786 0 1824 1824 0 1822 1822 0 784 784 0 1825 1825 0 1826 1826 0 781 781 0 1827 1827 0 779 779 0 777 777 0 776 776 0 1828 1828 0 1829 1829 0 1830 1830 0 1831 1831 0 774 774 0 773 773 0 1832 1832 0 772 772 0 1833 1833 0 770 770 0 765 765 0 1834 1834 0 767 767 0 763 763 0 1835 1835 0 764 764 0 762 762 0 1836 1836 0 1837 1837 0 1838 1838 0 1839 1839 0 757 757 0 1840 1840 0 1841 1841 0 1842 1842 0 1840 1840 0 2 2 0 1841 1841 0 3 3 0 753 753 0 4 4 0 9 9 0 11 11 0 7 7 0 18 18 0 20 20 0 16 16 0 745 745 0 744 744 0 22 22 0 30 30 0 35 35 0 31 31 0 36 36 0 725 725 0 37 37 0 42 42 0 1843 1843 0 43 43 0 45 45 0 1844 1844 0 46 46 0 48 48 0 50 50 0 740 740 0 743 743 0 1845 1845 0 52 52 0 57 57 0 59 59 0 1846 1846 0 63 63 0 65 65 0 61 61 0 69 69 0 71 71 0 67 67 0 703 703 0 1847 1847 0 73 73 0 80 80 0 81 81 0 78 78 0 85 85 0 83 83 0 82 82 0 694 694 0 1848 1848 0 103 103 0 101 101 0 1849 1849 0 100 100 0 98 98 0 1850 1850 0 99 99 0 95 95 0 101 101 0 96 96 0 694 694 0 109 109 0 1848 1848 0 86 86 0 104 104 0 84 84 0 82 82 0 86 86 0 85 85 0 690 690 0 689 689 0 114 114 0 1851 1851 0 80 80 0 79 79 0 122 122 0 124 124 0 1852 1852 0 128 128 0 130 130 0 682 682 0 134 134 0 136 136 0 132 132 0 141 141 0 143 143 0 140 140 0 145 145 0 142 142 0 146 146 0 160 160 0 152 152 0 1853 1853 0 165 165 0 162 162 0 163 163 0 166 166 0 167 167 0 164 164 0 1854 1854 0 1855 1855 0 1856 1856 0 172 172 0 644 644 0 173 173 0 630 630 0 180 180 0 1857 1857 0 191 191 0 588 588 0 188 188 0 193 193 0 191 191 0 190 190 0 199 199 0 196 196 0 195 195 0 201 201 0 199 199 0 198 198 0 1858 1858 0 200 200 0 203 203 0 204 204 0 207 207 0 205 205 0 213 213 0 210 210 0 211 211 0 217 217 0 214 214 0 215 215 0 221 221 0 218 218 0 219 219 0 224 224 0 227 227 0 225 225 0 228 228 0 586 586 0 229 229 0 233 233 0 235 235 0 231 231 0 583 583 0 581 581 0 237 237 0 244 244 0 570 570 0 242 242 0 250 250 0 253 253 0 252 252 0 1859 1859 0 255 255 0 251 251 0 257 257 0 254 254 0 258 258 0 260 260 0 1860 1860 0 266 266 0 1861 1861 0 267 267 0 259 259 0 266 266 0 1860 1860 0 265 265 0 269 269 0 1862 1862 0 267 267 0 270 270 0 274 274 0 271 271 0 278 278 0 1863 1863 0 275 275 0 289 289 0 1864 1864 0 287 287 0 293 293 0 295 295 0 291 291 0 300 300 0 534 534 0 301 301 0 531 531 0 310 310 0 306 306 0 526 526 0 313 313 0 1865 1865 0 524 524 0 319 319 0 315 315 0 328 328 0 1866 1866 0 326 326 0 1867 1867 0 329 329 0 327 327 0 1868 1868 0 1869 1869 0 331 331 0 340 340 0 338 338 0 337 337 0 342 342 0 1870 1870 0 339 339 0 344 344 0 342 342 0 341 341 0 348 348 0 1871 1871 0 346 346 0 354 354 0 1872 1872 0 351 351 0 355 355 0 357 357 0 501 501 0 359 359 0 363 363 0 360 360 0 366 366 0 1873 1873 0 364 364 0 498 498 0 370 370 0 369 369 0 1874 1874 0 368 368 0 372 372 0 494 494 0 1875 1875 0 382 382 0 381 381 0 383 383 0 380 380 0 1876 1876 0 1877 1877 0 1875 1875 0 386 386 0 388 388 0 492 492 0 392 392 0 1878 1878 0 390 390 0 400 400 0 1879 1879 0 398 398 0 404 404 0 401 401 0 402 402 0 410 410 0 408 408 0 407 407 0 1880 1880 0 409 409 0 413 413 0 413 413 0 1881 1881 0 416 416 0 418 418 0 1882 1882 0 419 419 0 423 423 0 1883 1883 0 1884 1884 0 429 429 0 431 431 0 428 428 0 473 473 0 434 434 0 430 430 0 437 437 0 1885 1885 0 435 435 0 1344 1344 0 1886 1886 0 1343 1343 0 446 446 0 449 449 0 448 448 0 454 454 0 452 452 0 451 451 0 1887 1887 0 458 458 0 457 457 0 465 465 0 463 463 0 462 462 0 472 472 0 471 471 0 470 470 0 434 434 0 473 473 0 432 432 0 397 397 0 474 474 0 476 476 0 1888 1888 0 477 477 0 480 480 0 485 485 0 1889 1889 0 483 483 0 488 488 0 394 394 0 489 489 0 390 390 0 389 389 0 490 490 0 380 380 0 378 378 0 381 381 0 372 372 0 495 495 0 374 374 0 500 500 0 498 498 0 497 497 0 1866 1866 0 506 506 0 505 505 0 1890 1890 0 509 509 0 508 508 0 1891 1891 0 515 515 0 514 514 0 517 517 0 513 513 0 515 515 0 321 321 0 519 519 0 323 323 0 522 522 0 1892 1892 0 520 520 0 1865 1865 0 1893 1893 0 526 526 0 1894 1894 0 529 529 0 1893 1893 0 533 533 0 534 534 0 532 532 0 298 298 0 294 294 0 536 536 0 292 292 0 289 289 0 288 288 0 541 541 0 279 279 0 539 539 0 542 542 0 544 544 0 540 540 0 1895 1895 0 549 549 0 551 551 0 555 555 0 1896 1896 0 552 552 0 1897 1897 0 556 556 0 555 555 0 558 558 0 554 554 0 559 559 0 1898 1898 0 561 561 0 557 557 0 562 562 0 564 564 0 560 560 0 568 568 0 1899 1899 0 570 570 0 569 569 0 1900 1900 0 567 567 0 571 571 0 575 575 0 572 572 0 1901 1901 0 242 242 0 570 570 0 581 581 0 583 583 0 582 582 0 586 586 0 587 587 0 230 230 0 1902 1902 0 186 186 0 589 589 0 590 590 0 593 593 0 591 591 0 594 594 0 596 596 0 598 598 0 597 597 0 602 602 0 599 599 0 605 605 0 607 607 0 603 603 0 612 612 0 610 610 0 609 609 0 1903 1903 0 614 614 0 611 611 0 615 615 0 619 619 0 616 616 0 621 621 0 181 181 0 623 623 0 1904 1904 0 624 624 0 626 626 0 633 633 0 1904 1904 0 626 626 0 1905 1905 0 629 629 0 635 635 0 637 637 0 639 639 0 636 636 0 1906 1906 0 642 642 0 1907 1907 0 640 640 0 1908 1908 0 643 643 0 1909 1909 0 648 648 0 1910 1910 0 646 646 0 650 650 0 647 647 0 155 155 0 654 654 0 153 153 0 657 657 0 659 659 0 655 655 0 663 663 0 1911 1911 0 662 662 0 667 667 0 664 664 0 665 665 0 666 666 0 669 669 0 667 667 0 674 674 0 671 671 0 670 670 0 676 676 0 1912 1912 0 673 673 0 678 678 0 135 135 0 679 679 0 123 123 0 684 684 0 1913 1913 0 117 117 0 116 116 0 688 688 0 1914 1914 0 1915 1915 0 113 113 0 112 112 0 107 107 0 110 110 0 109 109 0 694 694 0 1916 1916 0 93 93 0 697 697 0 91 91 0 67 67 0 698 698 0 69 69 0 70 70 0 699 699 0 72 72 0 1917 1917 0 705 705 0 700 700 0 705 705 0 708 708 0 704 704 0 756 756 0 710 710 0 709 709 0 1847 1847 0 1918 1918 0 75 75 0 64 64 0 714 714 0 66 66 0 61 61 0 1919 1919 0 63 63 0 58 58 0 719 719 0 60 60 0 55 55 0 54 54 0 720 720 0 44 44 0 723 723 0 722 722 0 25 25 0 1920 1920 0 27 27 0 32 32 0 1921 1921 0 30 30 0 34 34 0 33 33 0 737 737 0 736 736 0 739 739 0 735 735 0 49 49 0 742 742 0 1922 1922 0 744 744 0 746 746 0 24 24 0 19 19 0 1923 1923 0 748 748 0 19 19 0 18 18 0 1923 1923 0 10 10 0 9 9 0 751 751 0 753 753 0 3 3 0 754 754 0 757 757 0 759 759 0 1838 1838 0 1836 1836 0 762 762 0 1924 1924 0 767 767 0 769 769 0 765 765 0 1833 1833 0 772 772 0 1925 1925 0 1828 1828 0 1926 1926 0 777 777 0 1927 1927 0 781 781 0 1928 1928 0 782 782 0 787 787 0 783 783 0 1822 1822 0 1821 1821 0 786 786 0 1800 1800 0 1929 1929 0 788 788 0 1795 1795 0 1930 1930 0 792 792 0 801 801 0 1779 1779 0 1931 1931 0 803 803 0 1776 1776 0 804 804 0 1767 1767 0 825 825 0 1768 1768 0 1932 1932 0 1933 1933 0 1934 1934 0 812 812 0 1935 1935 0 813 813 0 814 814 0 816 816 0 1772 1772 0 820 820 0 1772 1772 0 822 822 0 826 826 0 1782 1782 0 827 827 0 1766 1766 0 1765 1765 0 830 830 0 1764 1764 0 840 840 0 1936 1936 0 1726 1726 0 843 843 0 844 844 0 850 850 0 847 847 0 848 848 0 854 854 0 849 849 0 851 851 0 861 861 0 863 863 0 865 865 0 869 869 0 870 870 0 867 867 0 873 873 0 867 867 0 871 871 0 856 856 0 855 855 0 875 875 0 860 860 0 1937 1937 0 858 858 0 1938 1938 0 1939 1939 0 881 881 0 1940 1940 0 1941 1941 0 884 884 0 892 892 0 894 894 0 890 890 0 1942 1942 0 1943 1943 0 893 893 0 1944 1944 0 1945 1945 0 896 896 0 1946 1946 0 1947 1947 0 899 899 0 1663 1663 0 1722 1722 0 1664 1664 0 911 911 0 1671 1671 0 912 912 0 1948 1948 0 915 915 0 914 914 0 915 915 0 916 916 0 918 918 0 925 925 0 1656 1656 0 923 923 0 1949 1949 0 926 926 0 928 928 0 930 930 0 933 933 0 931 931 0 935 935 0 936 936 0 1652 1652 0 937 937 0 1950 1950 0 938 938 0 1950 1950 0 941 941 0 940 940 0 1951 1951 0 947 947 0 946 946 0 949 949 0 953 953 0 952 952 0 955 955 0 951 951 0 956 956 0 1650 1650 0 957 957 0 959 959 0 958 958 0 963 963 0 960 960 0 1952 1952 0 964 964 0 1649 1649 0 967 967 0 968 968 0 970 970 0 1648 1648 0 973 973 0 975 975 0 1953 1953 0 980 980 0 979 979 0 982 982 0 1954 1954 0 1646 1646 0 987 987 0 981 981 0 985 985 0 1630 1630 0 1955 1955 0 1632 1632 0 1956 1956 0 999 999 0 998 998 0 1003 1003 0 1001 1001 0 1004 1004 0 1006 1006 0 1008 1008 0 1005 1005 0 1010 1010 0 1013 1013 0 1012 1012 0 1017 1017 0 1015 1015 0 1018 1018 0 1020 1020 0 1016 1016 0 1021 1021 0 1025 1025 0 1019 1019 0 1023 1023 0 1957 1957 0 1958 1958 0 1029 1029 0 1959 1959 0 1960 1960 0 1958 1958 0 1032 1032 0 1033 1033 0 1030 1030 0 1036 1036 0 1038 1038 0 1961 1961 0 1039 1039 0 1044 1044 0 1040 1040 0 1605 1605 0 1047 1047 0 1962 1962 0 1057 1057 0 1059 1059 0 1055 1055 0 1600 1600 0 1963 1963 0 1058 1058 0 1066 1066 0 1068 1068 0 1064 1064 0 1072 1072 0 1074 1074 0 1070 1070 0 1964 1964 0 1080 1080 0 1079 1079 0 1965 1965 0 1087 1087 0 1086 1086 0 1088 1088 0 1091 1091 0 1089 1089 0 1966 1966 0 1094 1094 0 1575 1575 0 1098 1098 0 1574 1574 0 1096 1096 0 1102 1102 0 1967 1967 0 1103 1103 0 1104 1104 0 1968 1968 0 1105 1105 0 1109 1109 0 1110 1110 0 1107 1107 0 1113 1113 0 1115 1115 0 1969 1969 0 1554 1554 0 1553 1553 0 1970 1970 0 1122 1122 0 1971 1971 0 1120 1120 0 1123 1123 0 1970 1970 0 1124 1124 0 1972 1972 0 1119 1119 0 1118 1118 0 1128 1128 0 1546 1546 0 1129 1129 0 1973 1973 0 1974 1974 0 1132 1132 0 1140 1140 0 1142 1142 0 1138 1138 0 1143 1143 0 1537 1537 0 1144 1144 0 1975 1975 0 1148 1148 0 1976 1976 0 1149 1149 0 1151 1151 0 1977 1977 0 1526 1526 0 1978 1978 0 1153 1153 0 1523 1523 0 1521 1521 0 1159 1159 0 1168 1168 0 1979 1979 0 1169 1169 0 1171 1171 0 1980 1980 0 1172 1172 0 1980 1980 0 1174 1174 0 1172 1172 0 1176 1176 0 1981 1981 0 1177 1177 0 1182 1182 0 1982 1982 0 1179 1179 0 1187 1187 0 1506 1506 0 1188 1188 0 1184 1184 0 1508 1508 0 1185 1185 0 1194 1194 0 1189 1189 0 1191 1191 0 1199 1199 0 1200 1200 0 1198 1198 0 1202 1202 0 1206 1206 0 1204 1204 0 1209 1209 0 1204 1204 0 1207 1207 0 1212 1212 0 1208 1208 0 1210 1210 0 1983 1983 0 1216 1216 0 1213 1213 0 1219 1219 0 1215 1215 0 1217 1217 0 1222 1222 0 1984 1984 0 1220 1220 0 1229 1229 0 1985 1985 0 1230 1230 0 1231 1231 0 1232 1232 0 1228 1228 0 1986 1986 0 1238 1238 0 1234 1234 0 1239 1239 0 1241 1241 0 1987 1987 0 1243 1243 0 1988 1988 0 1244 1244 0 1248 1248 0 1250 1250 0 1246 1246 0 1989 1989 0 1252 1252 0 1249 1249 0 1252 1252 0 1253 1253 0 1255 1255 0 1420 1420 0 1270 1270 0 1266 1266 0 1418 1418 0 1276 1276 0 1272 1272 0 1417 1417 0 1282 1282 0 1278 1278 0 1416 1416 0 1288 1288 0 1285 1285 0 1990 1990 0 1991 1991 0 1406 1406 0 1291 1291 0 1992 1992 0 1289 1289 0 1993 1993 0 1301 1301 0 1299 1299 0 1304 1304 0 1994 1994 0 1302 1302 0 1995 1995 0 1996 1996 0 1389 1389 0 1374 1374 0 1313 1313 0 1312 1312 0 1997 1997 0 1314 1314 0 1316 1316 0 1319 1319 0 1998 1998 0 1317 1317 0 1323 1323 0 1320 1320 0 1321 1321 0 1367 1367 0 1324 1324 0 1363 1363 0 1999 1999 0 1328 1328 0 1330 1330 0 1360 1360 0 1333 1333 0 1332 1332 0 442 442 0 1336 1336 0 1334 1334 0 1342 1342 0 1344 1344 0 1341 1341 0 1347 1347 0 439 439 0 1345 1345 0 1351 1351 0 1352 1352 0 1349 1349 0 1358 1358 0 1356 1356 0 1355 1355 0 1357 1357 0 1360 1360 0 1358 1358 0 2000 2000 0 1362 1362 0 1327 1327 0 1326 1326 0 1366 1366 0 1324 1324 0 1370 1370 0 2001 2001 0 1368 1368 0 1315 1315 0 2002 2002 0 2003 2003 0 1312 1312 0 2004 2004 0 1374 1374 0 2005 2005 0 2006 2006 0 1380 1380 0 1382 1382 0 2005 2005 0 1380 1380 0 1389 1389 0 1996 1996 0 1390 1390 0 1390 1390 0 1387 1387 0 1386 1386 0 2007 2007 0 2008 2008 0 1385 1385 0 1392 1392 0 1394 1394 0 2009 2009 0 1308 1308 0 1995 1995 0 1309 1309 0 1395 1395 0 1397 1397 0 2010 2010 0 1992 1992 0 2011 2011 0 1289 1289 0 1293 1293 0 1402 1402 0 1294 1294 0 2012 2012 0 1289 1289 0 2011 2011 0 2013 2013 0 1405 1405 0 2014 2014 0 2015 2015 0 1406 1406 0 1991 1991 0 1413 1413 0 2015 2015 0 1991 1991 0 1414 1414 0 1286 1286 0 1415 1415 0 1281 1281 0 1280 1280 0 1410 1410 0 1275 1275 0 1274 1274 0 2016 2016 0 1420 1420 0 1268 1268 0 1270 1270 0 1254 1254 0 2017 2017 0 1256 1256 0 1260 1260 0 1428 1428 0 1427 1427 0 1257 1257 0 1429 1429 0 1259 1259 0 2018 2018 0 1437 1437 0 1432 1432 0 1436 1436 0 1432 1432 0 1437 1437 0 1444 1444 0 2019 2019 0 1443 1443 0 2020 2020 0 1448 1448 0 1445 1445 0 1458 1458 0 2021 2021 0 1456 1456 0 2022 2022 0 2021 2021 0 1455 1455 0 1988 1988 0 1243 1243 0 1459 1459 0 1466 1466 0 2023 2023 0 1467 1467 0 1467 1467 0 1469 1469 0 1465 1465 0 1473 1473 0 1474 1474 0 1471 1471 0 1226 1226 0 1225 1225 0 2024 2024 0 1481 1481 0 1476 1476 0 1483 1483 0 1482 1482 0 2025 2025 0 1476 1476 0 1478 1478 0 1485 1485 0 1479 1479 0 1489 1489 0 2026 2026 0 1487 1487 0 1193 1193 0 1490 1490 0 1491 1491 0 1190 1190 0 2027 2027 0 1494 1494 0 1497 1497 0 1493 1493 0 1495 1495 0 2028 2028 0 1498 1498 0 1497 1497 0 1503 1503 0 2029 2029 0 1500 1500 0 1507 1507 0 2030 2030 0 1506 1506 0 1519 1519 0 1513 1513 0 1517 1517 0 1521 1521 0 1523 1523 0 1522 1522 0 1156 1156 0 1524 1524 0 2031 2031 0 1153 1153 0 1528 1528 0 1526 1526 0 1530 1530 0 1532 1532 0 2032 2032 0 1148 1148 0 1975 1975 0 1146 1146 0 1537 1537 0 1538 1538 0 2033 2033 0 1139 1139 0 2034 2034 0 1137 1137 0 1974 1974 0 1973 1973 0 1134 1134 0 1133 1133 0 1545 1545 0 1131 1131 0 1546 1546 0 1128 1128 0 1547 1547 0 1126 1126 0 1125 1125 0 1551 1551 0 1121 1121 0 1120 1120 0 1123 1123 0 2035 2035 0 1556 1556 0 1558 1558 0 1561 1561 0 2036 2036 0 1559 1559 0 1566 1566 0 1562 1562 0 1564 1564 0 1572 1572 0 2037 2037 0 1573 1573 0 1099 1099 0 2038 2038 0 2037 2037 0 1097 1097 0 1966 1966 0 1575 1575 0 1079 1079 0 2039 2039 0 1964 1964 0 1077 1077 0 2040 2040 0 1580 1580 0 1598 1598 0 2041 2041 0 1577 1577 0 2042 2042 0 1588 1588 0 1587 1587 0 1589 1589 0 1586 1586 0 1588 1588 0 2043 2043 0 2044 2044 0 1591 1591 0 2045 2045 0 1580 1580 0 2046 2046 0 1073 1073 0 1595 1595 0 2047 2047 0 1590 1590 0 2043 2043 0 1591 1591 0 1963 1963 0 1600 1600 0 1060 1060 0 1052 1052 0 2048 2048 0 1054 1054 0 1046 1046 0 1603 1603 0 1048 1048 0 1043 1043 0 1042 1042 0 1604 1604 0 995 995 0 1608 1608 0 1607 1607 0 1612 1612 0 1610 1610 0 1613 1613 0 2049 2049 0 1615 1615 0 1611 1611 0 2050 2050 0 1618 1618 0 1617 1617 0 1621 1621 0 1624 1624 0 1619 1619 0 2051 2051 0 1622 1622 0 1626 1626 0 2052 2052 0 1629 1629 0 1628 1628 0 992 992 0 1955 1955 0 1630 1630 0 1634 1634 0 1636 1636 0 1633 1633 0 1643 1643 0 2053 2053 0 1642 1642 0 990 990 0 1645 1645 0 988 988 0 1954 1954 0 978 978 0 1646 1646 0 970 970 0 2054 2054 0 967 967 0 946 946 0 942 942 0 1951 1951 0 927 927 0 1653 1653 0 924 924 0 2055 2055 0 1659 1659 0 1658 1658 0 2056 2056 0 920 920 0 1657 1657 0 921 921 0 919 919 0 922 922 0 1661 1661 0 1948 1948 0 914 914 0 1664 1664 0 2057 2057 0 1662 1662 0 909 909 0 1723 1723 0 1665 1665 0 1669 1669 0 1675 1675 0 1666 1666 0 1670 1670 0 912 912 0 1671 1671 0 1677 1677 0 2058 2058 0 1675 1675 0 2059 2059 0 1665 1665 0 1724 1724 0 2060 2060 0 907 907 0 1679 1679 0 1685 1685 0 2061 2061 0 1687 1687 0 1691 1691 0 2062 2062 0 1689 1689 0 1693 1693 0 1694 1694 0 1696 1696 0 2063 2063 0 2064 2064 0 1700 1700 0 890 890 0 889 889 0 2065 2065 0 896 896 0 2066 2066 0 1944 1944 0 899 899 0 898 898 0 1946 1946 0 1711 1711 0 1709 1709 0 1708 1708 0 1708 1708 0 903 903 0 1710 1710 0 904 904 0 1716 1716 0 902 902 0 1943 1943 0 1942 1942 0 895 895 0 893 893 0 892 892 0 2067 2067 0 1941 1941 0 1940 1940 0 886 886 0 872 872 0 871 871 0 856 856 0 851 851 0 852 852 0 854 854 0 848 848 0 2068 2068 0 850 850 0 2069 2069 0 1727 1727 0 1731 1731 0 1731 1731 0 1732 1732 0 1734 1734 0 1738 1738 0 1739 1739 0 1737 1737 0 2070 2070 0 1743 1743 0 1746 1746 0 1750 1750 0 1753 1753 0 1749 1749 0 1752 1752 0 1749 1749 0 1753 1753 0 2071 2071 0 1758 1758 0 2072 2072 0 1759 1759 0 1761 1761 0 2071 2071 0 836 836 0 835 835 0 1763 1763 0 824 824 0 823 823 0 2073 2073 0 1933 1933 0 1932 1932 0 1769 1769 0 1772 1772 0 1773 1773 0 814 814 0 811 811 0 809 809 0 1774 1774 0 1776 1776 0 803 803 0 1777 1777 0 801 801 0 2074 2074 0 802 802 0 2075 2075 0 1784 1784 0 1781 1781 0 2076 2076 0 2077 2077 0 832 832 0 1790 1790 0 1793 1793 0 1788 1788 0 795 795 0 794 794 0 1786 1786 0 1800 1800 0 1797 1797 0 1929 1929 0 1802 1802 0 2078 2078 0 1803 1803 0 2079 2079 0 1805 1805 0 1801 1801 0 1808 1808 0 1806 1806 0 1805 1805 0 1809 1809 0 1813 1813 0 1810 1810 0 1818 1818 0 2080 2080 0 1816 1816 0 1821 1821 0 1823 1823 0 2081 2081 0 780 780 0 779 779 0 2082 2082 0 1928 1928 0 1828 1828 0 1927 1927 0 774 774 0 1832 1832 0 1830 1830 0 768 768 0 767 767 0 2083 2083 0 762 762 0 1837 1837 0 760 760 0 1840 1840 0 1842 1842 0 1839 1839 0 15 15 0 17 17 0 13 13 0 21 21 0 23 23 0 747 747 0 1921 1921 0 32 32 0 28 28 0 724 724 0 41 41 0 725 725 0 2084 2084 0 47 47 0 1843 1843 0 2085 2085 0 740 740 0 2086 2086 0 54 54 0 56 56 0 1845 1845 0 2087 2087 0 1846 1846 0 2088 2088 0 72 72 0 74 74 0 70 70 0 1915 1915 0 1914 1914 0 111 111 0 91 91 0 90 90 0 92 92 0 696 696 0 2089 2089 0 1850 1850 0 106 106 0 84 84 0 104 104 0 116 116 0 118 118 0 689 689 0 687 687 0 1852 1852 0 2090 2090 0 138 138 0 2091 2091 0 139 139 0 146 146 0 148 148 0 144 144 0 150 150 0 1853 1853 0 152 152 0 161 161 0 163 163 0 159 159 0 1856 1856 0 2092 2092 0 1854 1854 0 175 175 0 177 177 0 644 644 0 186 186 0 187 187 0 184 184 0 190 190 0 194 194 0 192 192 0 198 198 0 202 202 0 200 200 0 208 208 0 211 211 0 209 209 0 220 220 0 223 223 0 221 221 0 230 230 0 232 232 0 586 586 0 252 252 0 248 248 0 250 250 0 258 258 0 2093 2093 0 256 256 0 261 261 0 1861 1861 0 259 259 0 1862 1862 0 259 259 0 267 267 0 1863 1863 0 2094 2094 0 2095 2095 0 538 538 0 287 287 0 1864 1864 0 288 288 0 290 290 0 292 292 0 308 308 0 530 530 0 309 309 0 2096 2096 0 326 326 0 1866 1866 0 327 327 0 1868 1868 0 1867 1867 0 1870 1870 0 340 340 0 339 339 0 2097 2097 0 351 351 0 1872 1872 0 502 502 0 501 501 0 352 352 0 499 499 0 2098 2098 0 500 500 0 374 374 0 1874 1874 0 372 372 0 385 385 0 378 378 0 377 377 0 1876 1876 0 492 492 0 1877 1877 0 399 399 0 402 402 0 400 400 0 416 416 0 1881 1881 0 414 414 0 411 411 0 412 412 0 409 409 0 416 416 0 1880 1880 0 413 413 0 421 421 0 2099 2099 0 424 424 0 425 425 0 427 427 0 2099 2099 0 1885 1885 0 445 445 0 444 444 0 444 444 0 435 435 0 1885 1885 0 452 452 0 447 447 0 450 450 0 451 451 0 455 455 0 454 454 0 461 461 0 1887 1887 0 459 459 0 467 467 0 465 465 0 464 464 0 432 432 0 472 472 0 433 433 0 478 478 0 397 397 0 396 396 0 482 482 0 1888 1888 0 480 480 0 1889 1889 0 487 487 0 483 483 0 387 387 0 386 386 0 491 491 0 506 506 0 2100 2100 0 504 504 0 508 508 0 512 512 0 1890 1890 0 2101 2101 0 1891 1891 0 514 514 0 324 324 0 323 323 0 518 518 0 318 318 0 317 317 0 523 523 0 312 312 0 311 311 0 525 525 0 535 535 0 299 299 0 2102 2102 0 2102 2102 0 297 297 0 535 535 0 544 544 0 276 276 0 543 543 0 1896 1896 0 553 553 0 552 552 0 556 556 0 559 559 0 554 554 0 559 559 0 1898 1898 0 557 557 0 1900 1900 0 2103 2103 0 573 573 0 240 240 0 239 239 0 576 576 0 234 234 0 584 584 0 236 236 0 595 595 0 592 592 0 593 593 0 600 600 0 598 598 0 597 597 0 610 610 0 606 606 0 607 607 0 618 618 0 616 616 0 619 619 0 1857 1857 0 2104 2104 0 630 630 0 635 635 0 632 632 0 631 631 0 636 636 0 627 627 0 637 637 0 1906 1906 0 1907 1907 0 2104 2104 0 170 170 0 653 653 0 168 168 0 171 171 0 168 168 0 651 651 0 158 158 0 166 166 0 156 156 0 659 659 0 663 663 0 660 660 0 1911 1911 0 665 665 0 662 662 0 670 670 0 672 672 0 674 674 0 675 675 0 678 678 0 676 676 0 132 132 0 680 680 0 134 134 0 1852 1852 0 2105 2105 0 122 122 0 120 120 0 119 119 0 2106 2106 0 109 109 0 1916 1916 0 107 107 0 1850 1850 0 2107 2107 0 696 696 0 713 713 0 702 702 0 701 701 0 1847 1847 0 703 703 0 1918 1918 0 707 707 0 704 704 0 708 708 0 712 712 0 2108 2108 0 716 716 0 2088 2088 0 721 721 0 2087 2087 0 725 725 0 36 36 0 726 726 0 35 35 0 30 30 0 2109 2109 0 35 35 0 2109 2109 0 33 33 0 1844 1844 0 2110 2110 0 2085 2085 0 13 13 0 12 12 0 750 750 0 1 1 0 2111 2111 0 755 755 0 1836 1836 0 1924 1924 0 758 758 0 1833 1833 0 1925 1925 0 768 768 0 1831 1831 0 778 778 0 1829 1829 0 2082 2082 0 2112 2112 0 780 780 0 1825 1825 0 784 784 0 2113 2113 0 1796 1796 0 1929 1929 0 1797 1797 0 794 794 0 796 796 0 1930 1930 0 1932 1932 0 1934 1934 0 815 815 0 817 817 0 819 819 0 1935 1935 0 2073 2073 0 2114 2114 0 824 824 0 835 835 0 837 837 0 1765 1765 0 1762 1762 0 2115 2115 0 839 839 0 845 845 0 848 848 0 846 846 0 853 853 0 2116 2116 0 2117 2117 0 1937 1937 0 860 860 0 862 862 0 868 868 0 2117 2117 0 869 869 0 876 876 0 877 877 0 855 855 0 883 883 0 885 885 0 1939 1939 0 889 889 0 891 891 0 1699 1699 0 1715 1715 0 1714 1714 0 1947 1947 0 2057 2057 0 910 910 0 1662 1662 0 1671 1671 0 1661 1661 0 1660 1660 0 1655 1655 0 2118 2118 0 1656 1656 0 2119 2119 0 928 928 0 927 927 0 938 938 0 1652 1652 0 936 936 0 1651 1651 0 944 944 0 939 939 0 944 944 0 1951 1951 0 942 942 0 953 953 0 2120 2120 0 951 951 0 959 959 0 954 954 0 1650 1650 0 2054 2054 0 966 966 0 967 967 0 969 969 0 1648 1648 0 971 971 0 974 974 0 1953 1953 0 976 976 0 1608 1608 0 1956 1956 0 998 998 0 1004 1004 0 1006 1006 0 1002 1002 0 1015 1015 0 1011 1011 0 1013 1013 0 1018 1018 0 2121 2121 0 1016 1016 0 1021 1021 0 1022 1022 0 1019 1019 0 1959 1959 0 1032 1032 0 1031 1031 0 2122 2122 0 1961 1961 0 1035 1035 0 1605 1605 0 1962 1962 0 1043 1043 0 1054 1054 0 1056 1056 0 1052 1052 0 1063 1063 0 1065 1065 0 1061 1061 0 1080 1080 0 1082 1082 0 1078 1078 0 1091 1091 0 1093 1093 0 1090 1090 0 1575 1575 0 1098 1098 0 1097 1097 0 2123 2123 0 1103 1103 0 1967 1967 0 2124 2124 0 1109 1109 0 1108 1108 0 1560 1560 0 1559 1559 0 1116 1116 0 1119 1119 0 1120 1120 0 1117 1117 0 1971 1971 0 1117 1117 0 1120 1120 0 2125 2125 0 1972 1972 0 1118 1118 0 1548 1548 0 2126 2126 0 1546 1546 0 1544 1544 0 1133 1133 0 2127 2127 0 1539 1539 0 2128 2128 0 1141 1141 0 1534 1534 0 2129 2129 0 1147 1147 0 1152 1152 0 1154 1154 0 1150 1150 0 1158 1158 0 1160 1160 0 2130 2130 0 1979 1979 0 1164 1164 0 1169 1169 0 1169 1169 0 1171 1171 0 1167 1167 0 2131 2131 0 1179 1179 0 1982 1982 0 1509 1509 0 1508 1508 0 1180 1180 0 1196 1196 0 1489 1489 0 1197 1197 0 1203 1203 0 1198 1198 0 1201 1201 0 2132 2132 0 1210 1210 0 1208 1208 0 1211 1211 0 1983 1983 0 1213 1213 0 1223 1223 0 1227 1227 0 1224 1224 0 2133 2133 0 1230 1230 0 1985 1985 0 1236 1236 0 1987 1987 0 1237 1237 0 1250 1250 0 1989 1989 0 1249 1249 0 1256 1256 0 1258 1258 0 1254 1254 0 1265 1265 0 1267 1267 0 1430 1430 0 1271 1271 0 1273 1273 0 2134 2134 0 1277 1277 0 1279 1279 0 2135 2135 0 1413 1413 0 1991 1991 0 1414 1414 0 1401 1401 0 1294 1294 0 1402 1402 0 1298 1298 0 1993 1993 0 1299 1299 0 1372 1372 0 1997 1997 0 1311 1311 0 2003 2003 0 1371 1371 0 1315 1315 0 2001 2001 0 1323 1323 0 1368 1368 0 1362 1362 0 1999 1999 0 1330 1330 0 1336 1336 0 1338 1338 0 1335 1335 0 440 440 0 1343 1343 0 1886 1886 0 1345 1345 0 1348 1348 0 1347 1347 0 1354 1354 0 1349 1349 0 1352 1352 0 1356 1356 0 1354 1354 0 1353 1353 0 1369 1369 0 1365 1365 0 1364 1364 0 2002 2002 0 1317 1317 0 2003 2003 0 2136 2136 0 1380 1380 0 2006 2006 0 1386 1386 0 1388 1388 0 1390 1390 0 1392 1392 0 2009 2009 0 1308 1308 0 2137 2137 0 2010 2010 0 1305 1305 0 1402 1402 0 1291 1291 0 1290 1290 0 2011 2011 0 2013 2013 0 2014 2014 0 1408 1408 0 1990 1990 0 1406 1406 0 1285 1285 0 1284 1284 0 1416 1416 0 1411 1411 0 1410 1410 0 1283 1283 0 2135 2135 0 2016 2016 0 1277 1277 0 1269 1269 0 1268 1268 0 2138 2138 0 1264 1264 0 1423 1423 0 1422 1422 0 1424 1424 0 1426 1426 0 1421 1421 0 2139 2139 0 1439 1439 0 1435 1435 0 2019 2019 0 1438 1438 0 1443 1443 0 1452 1452 0 2022 2022 0 1455 1455 0 1245 1245 0 1461 1461 0 1243 1243 0 2140 2140 0 1467 1467 0 2023 2023 0 1226 1226 0 2024 2024 0 1472 1472 0 2025 2025 0 1477 1477 0 1476 1476 0 1218 1218 0 1217 1217 0 1486 1486 0 1491 1491 0 1492 1492 0 1193 1193 0 1494 1494 0 2141 2141 0 1190 1190 0 1501 1501 0 1496 1496 0 1498 1498 0 1502 1502 0 1505 1505 0 1503 1503 0 2142 2142 0 1506 1506 0 2030 2030 0 1515 1515 0 1516 1516 0 1513 1513 0 2130 2130 0 2031 2031 0 1158 1158 0 1533 1533 0 1535 1535 0 1531 1531 0 1145 1145 0 1540 1540 0 1143 1143 0 1138 1138 0 1542 1542 0 1140 1140 0 1132 1132 0 1131 1131 0 1973 1973 0 1130 1130 0 1550 1550 0 1128 1128 0 1553 1553 0 1555 1555 0 1125 1125 0 1557 1557 0 1559 1559 0 2036 2036 0 1563 1563 0 2143 2143 0 1564 1564 0 1565 1565 0 1570 1570 0 1567 1567 0 2144 2144 0 2145 2145 0 2146 2146 0 2147 2147 0 1582 1582 0 2042 2042 0 1587 1587 0 2147 2147 0 2042 2042 0 1067 1067 0 1066 1066 0 2148 2148 0 1070 1070 0 1069 1069 0 1593 1593 0 2047 2047 0 2045 2045 0 2046 2046 0 1061 1061 0 1060 1060 0 1597 1597 0 1047 1047 0 1605 1605 0 1045 1045 0 1049 1049 0 1602 1602 0 1051 1051 0 1610 1610 0 994 994 0 996 996 0 1617 1617 0 1614 1614 0 1615 1615 0 1620 1620 0 1616 1616 0 1618 1618 0 1623 1623 0 1619 1619 0 1624 1624 0 1629 1629 0 2051 2051 0 1626 1626 0 993 993 0 2052 2052 0 1628 1628 0 1631 1631 0 993 993 0 992 992 0 2053 2053 0 2149 2149 0 1642 1642 0 979 979 0 976 976 0 1953 1953 0 2150 2150 0 945 945 0 948 948 0 1656 1656 0 2055 2055 0 1654 1654 0 2151 2151 0 1662 1662 0 910 910 0 2152 2152 0 1674 1674 0 1673 1673 0 2058 2058 0 1666 1666 0 1675 1675 0 1667 1667 0 1672 1672 0 1668 1668 0 1724 1724 0 1677 1677 0 2059 2059 0 1679 1679 0 1680 1680 0 1682 1682 0 1688 1688 0 1691 1691 0 1686 1686 0 1702 1702 0 2063 2063 0 1700 1700 0 901 901 0 2153 2153 0 898 898 0 1709 1709 0 1703 1703 0 1707 1707 0 1947 1947 0 1946 1946 0 1715 1715 0 896 896 0 895 895 0 2066 2066 0 1720 1720 0 1702 1702 0 1719 1719 0 1721 1721 0 1664 1664 0 1722 1722 0 864 864 0 866 866 0 880 880 0 2117 2117 0 1725 1725 0 853 853 0 1734 1734 0 2069 2069 0 1731 1731 0 1742 1742 0 1737 1737 0 1740 1740 0 1744 1744 0 1745 1745 0 1743 1743 0 1747 1747 0 1750 1750 0 1748 1748 0 1757 1757 0 2072 2072 0 1758 1758 0 830 830 0 829 829 0 1766 1766 0 815 815 0 1771 1771 0 1932 1932 0 805 805 0 1778 1778 0 803 803 0 1782 1782 0 826 826 0 1783 1783 0 1787 1787 0 1789 1789 0 2077 2077 0 2154 2154 0 2155 2155 0 2156 2156 0 2078 2078 0 2154 2154 0 1803 1803 0 1811 1811 0 1808 1808 0 1807 1807 0 1821 1821 0 2081 2081 0 1820 1820 0 778 778 0 2157 2157 0 776 776 0 771 771 0 770 770 0 2158 2158 0 765 765 0 764 764 0 1834 1834 0 758 758 0 757 757 0 2159 2159 0 2160 2160 0 53 53 0 2161 2161 0 2085 2085 0 2086 2086 0 1844 1844 0 60 60 0 62 62 0 58 58 0 75 75 0 77 77 0 1847 1847 0 105 105 0 100 100 0 1849 1849 0 696 696 0 93 93 0 2089 2089 0 113 113 0 115 115 0 1914 1914 0 1913 1913 0 127 127 0 123 123 0 143 143 0 146 146 0 142 142 0 654 654 0 155 155 0 157 157 0 1853 1853 0 161 161 0 160 160 0 2092 2092 0 147 147 0 1854 1854 0 1908 1908 0 640 640 0 176 176 0 205 205 0 1858 1858 0 203 203 0 212 212 0 215 215 0 213 213 0 225 225 0 222 222 0 223 223 0 255 255 0 258 258 0 254 254 0 264 264 0 266 266 0 265 265 0 2095 2095 0 2094 2094 0 273 273 0 1864 1864 0 284 284 0 538 538 0 307 307 0 304 304 0 303 303 0 505 505 0 2096 2096 0 1866 1866 0 334 334 0 330 330 0 335 335 0 338 338 0 2162 2162 0 336 336 0 2163 2163 0 350 350 0 2097 2097 0 369 369 0 2164 2164 0 498 498 0 2165 2165 0 385 385 0 384 384 0 408 408 0 405 405 0 406 406 0 407 407 0 411 411 0 410 410 0 2099 2099 0 2166 2166 0 425 425 0 448 448 0 443 443 0 446 446 0 455 455 0 456 456 0 453 453 0 471 471 0 469 469 0 468 468 0 481 481 0 485 485 0 482 482 0 489 489 0 486 486 0 487 487 0 1875 1875 0 2167 2167 0 1876 1876 0 509 509 0 504 504 0 2100 2100 0 514 514 0 2168 2168 0 2101 2101 0 315 315 0 314 314 0 524 524 0 307 307 0 303 303 0 305 305 0 539 539 0 542 542 0 541 541 0 553 553 0 551 551 0 550 550 0 552 552 0 1897 1897 0 555 555 0 1899 1899 0 1901 1901 0 570 570 0 231 231 0 585 585 0 233 233 0 602 602 0 604 604 0 601 601 0 607 607 0 608 608 0 610 610 0 623 623 0 622 622 0 621 621 0 629 629 0 1905 1905 0 627 627 0 635 635 0 634 634 0 1905 1905 0 174 174 0 1910 1910 0 172 172 0 2169 2169 0 1854 1854 0 147 147 0 661 661 0 658 658 0 659 659 0 1912 1912 0 674 674 0 673 673 0 129 129 0 681 681 0 131 131 0 127 127 0 1913 1913 0 125 125 0 114 114 0 691 691 0 690 690 0 103 103 0 102 102 0 693 693 0 90 90 0 91 91 0 695 695 0 701 701 0 711 711 0 713 713 0 702 702 0 1917 1917 0 700 700 0 61 61 0 60 60 0 1919 1919 0 1845 1845 0 743 743 0 54 54 0 28 28 0 27 27 0 2170 2170 0 28 28 0 2170 2170 0 1921 1921 0 16 16 0 15 15 0 749 749 0 7 7 0 6 6 0 752 752 0 773 773 0 775 775 0 771 771 0 1828 1828 0 1928 1928 0 1926 1926 0 1798 1798 0 791 791 0 793 793 0 1769 1769 0 1768 1768 0 1933 1933 0 2073 2073 0 831 831 0 2114 2114 0 842 842 0 844 844 0 843 843 0 855 855 0 857 857 0 876 876 0 862 862 0 878 878 0 1937 1937 0 886 886 0 888 888 0 1941 1941 0 895 895 0 897 897 0 1943 1943 0 1716 1716 0 904 904 0 1714 1714 0 918 918 0 913 913 0 915 915 0 1658 1658 0 1654 1654 0 2055 2055 0 928 928 0 929 929 0 1949 1949 0 2171 2171 0 938 938 0 1950 1950 0 2120 2120 0 956 956 0 951 951 0 963 963 0 1952 1952 0 962 962 0 977 977 0 975 975 0 974 974 0 1000 1000 0 1004 1004 0 1001 1001 0 1012 1012 0 1007 1007 0 1010 1010 0 2121 2121 0 1021 1021 0 1016 1016 0 1031 1031 0 1960 1960 0 1959 1959 0 1048 1048 0 1050 1050 0 1046 1046 0 1069 1069 0 1071 1071 0 1067 1067 0 2039 2039 0 1584 1584 0 1583 1583 0 1093 1093 0 1095 1095 0 1092 1092 0 2172 2172 0 2123 2123 0 1967 1967 0 2173 2173 0 1969 1969 0 1112 1112 0 1125 1125 0 1127 1127 0 1553 1553 0 1544 1544 0 2127 2127 0 2126 2126 0 1539 1539 0 1145 1145 0 2128 2128 0 1534 1534 0 1533 1533 0 2129 2129 0 1526 1526 0 1525 1525 0 1978 1978 0 2031 2031 0 2130 2130 0 1156 1156 0 1166 1166 0 1169 1169 0 1164 1164 0 2174 2174 0 1981 1981 0 2131 2131 0 1214 1214 0 1212 1212 0 1211 1211 0 1472 1472 0 1471 1471 0 1226 1226 0 1985 1985 0 2175 2175 0 2133 2133 0 1460 1460 0 1245 1245 0 1242 1242 0 1255 1255 0 1251 1251 0 1252 1252 0 1286 1286 0 1414 1414 0 1287 1287 0 2176 2176 0 1300 1300 0 1399 1399 0 2177 2177 0 1330 1330 0 1329 1329 0 1338 1338 0 1340 1340 0 1337 1337 0 1350 1350 0 1346 1346 0 2178 2178 0 2178 2178 0 1351 1351 0 1350 1350 0 1364 1364 0 1370 1370 0 1369 1369 0 2006 2006 0 1379 1379 0 2136 2136 0 1389 1389 0 1309 1309 0 1995 1995 0 2179 2179 0 1382 1382 0 1381 1381 0 2014 2014 0 2012 2012 0 2011 2011 0 2180 2180 0 1408 1408 0 1407 1407 0 1409 1409 0 1411 1411 0 1283 1283 0 1278 1278 0 1277 1277 0 2181 2181 0 2134 2134 0 2138 2138 0 1271 1271 0 1263 1263 0 1262 1262 0 1431 1431 0 1254 1254 0 1253 1253 0 2017 2017 0 1439 1439 0 1443 1443 0 1438 1438 0 1454 1454 0 1449 1449 0 1452 1452 0 2023 2023 0 2182 2182 0 2140 2140 0 2183 2183 0 1475 1475 0 2184 2184 0 1498 1498 0 1499 1499 0 1501 1501 0 2030 2030 0 1504 1504 0 1505 1505 0 1514 1514 0 1163 1163 0 1515 1515 0 1525 1525 0 1527 1527 0 1155 1155 0 1147 1147 0 1536 1536 0 1534 1534 0 1135 1135 0 1543 1543 0 2034 2034 0 1116 1116 0 1113 1113 0 1560 1560 0 2143 2143 0 2185 2185 0 2186 2186 0 1583 1583 0 1964 1964 0 2039 2039 0 1584 1584 0 2042 2042 0 1582 1582 0 1598 1598 0 1592 1592 0 2041 2041 0 1067 1067 0 2148 2148 0 1069 1069 0 1577 1577 0 1579 1579 0 1598 1598 0 1052 1052 0 1051 1051 0 2048 2048 0 1613 1613 0 2049 2049 0 1611 1611 0 1618 1618 0 2187 2187 0 1620 1620 0 1624 1624 0 1625 1625 0 1622 1622 0 1626 1626 0 1627 1627 0 1629 1629 0 1649 1649 0 962 962 0 1952 1952 0 2118 2118 0 923 923 0 1656 1656 0 1722 1722 0 2152 2152 0 1673 1673 0 1674 1674 0 1668 1668 0 1672 1672 0 1681 1681 0 1685 1685 0 1684 1684 0 1695 1695 0 1700 1700 0 2064 2064 0 1945 1945 0 1944 1944 0 2153 2153 0 1704 1704 0 1718 1718 0 1705 1705 0 890 890 0 2065 2065 0 892 892 0 884 884 0 883 883 0 2188 2188 0 2116 2116 0 869 869 0 2117 2117 0 1733 1733 0 1738 1738 0 1735 1735 0 1748 1748 0 2070 2070 0 1746 1746 0 839 839 0 2189 2189 0 1762 1762 0 840 840 0 1764 1764 0 838 838 0 1768 1768 0 1770 1770 0 1767 1767 0 801 801 0 1931 1931 0 2074 2074 0 833 833 0 832 832 0 1794 1794 0 2155 2155 0 2190 2190 0 2156 2156 0 2156 2156 0 1803 1803 0 2154 2154 0 786 786 0 785 785 0 1824 1824 0 781 781 0 1927 1927 0 1827 1827 0 763 763 0 760 760 0 1835 1835 0 758 758 0 2159 2159 0 1836 1836 0 1922 1922 0 2161 2161 0 49 49 0 721 721 0 2088 2088 0 55 55 0 1849 1849 0 106 106 0 105 105 0 687 687 0 2090 2090 0 685 685 0 2191 2191 0 141 141 0 137 137 0 652 652 0 2192 2192 0 154 154 0 195 195 0 197 197 0 199 199 0 253 253 0 1859 1859 0 251 251 0 263 263 0 2193 2193 0 264 264 0 282 282 0 286 286 0 285 285 0 529 529 0 1894 1894 0 527 527 0 2194 2194 0 336 336 0 2162 2162 0 2195 2195 0 2165 2165 0 384 384 0 403 403 0 406 406 0 404 404 0 449 449 0 450 450 0 447 447 0 457 457 0 459 459 0 1887 1887 0 469 469 0 467 467 0 466 466 0 396 396 0 479 479 0 477 477 0 2100 2100 0 507 507 0 509 509 0 2196 2196 0 2101 2101 0 2168 2168 0 310 310 0 2197 2197 0 308 308 0 551 551 0 2198 2198 0 1895 1895 0 577 577 0 579 579 0 566 566 0 622 622 0 617 617 0 620 620 0 176 176 0 175 175 0 1908 1908 0 644 644 0 645 645 0 175 175 0 656 656 0 2199 2199 0 657 657 0 679 679 0 677 677 0 678 678 0 1852 1852 0 687 687 0 2105 2105 0 88 88 0 87 87 0 102 102 0 2200 2200 0 713 713 0 712 712 0 1843 1843 0 2201 2201 0 2084 2084 0 25 25 0 24 24 0 1920 1920 0 1830 1830 0 1829 1829 0 2202 2202 0 1930 1930 0 1795 1795 0 794 794 0 806 806 0 808 808 0 1776 1776 0 832 832 0 834 834 0 2076 2076 0 2068 2068 0 851 851 0 850 850 0 865 865 0 879 879 0 861 861 0 1698 1698 0 1699 1699 0 887 887 0 1659 1659 0 2056 2056 0 1657 1657 0 943 943 0 939 939 0 944 944 0 961 961 0 959 959 0 958 958 0 1014 1014 0 1018 1018 0 1015 1015 0 1051 1051 0 1053 1053 0 1049 1049 0 1552 1552 0 2203 2203 0 1126 1126 0 1134 1134 0 1136 1136 0 1974 1974 0 1531 1531 0 2204 2204 0 1533 1533 0 1155 1155 0 1157 1157 0 1525 1525 0 2205 2205 0 1166 1166 0 1165 1165 0 1207 1207 0 2132 2132 0 1208 1208 0 1221 1221 0 1220 1220 0 1223 1223 0 2175 2175 0 2206 2206 0 2133 2133 0 1459 1459 0 1456 1456 0 1988 1988 0 2016 2016 0 2135 2135 0 1275 1275 0 1299 1299 0 1297 1297 0 1296 1296 0 1325 1325 0 2000 2000 0 1327 1327 0 1340 1340 0 1342 1342 0 1339 1339 0 1348 1348 0 2178 2178 0 1346 1346 0 1998 1998 0 2003 2003 0 1317 1317 0 1384 1384 0 2007 2007 0 1385 1385 0 1405 1405 0 2207 2207 0 1403 1403 0 1278 1278 0 2181 2181 0 1417 1417 0 1266 1266 0 1265 1265 0 1419 1419 0 1442 1442 0 1443 1443 0 1440 1440 0 1242 1242 0 1239 1239 0 1460 1460 0 2208 2208 0 1220 1220 0 2183 2183 0 1477 1477 0 2184 2184 0 1475 1475 0 1495 1495 0 2028 2028 0 1497 1497 0 1162 1162 0 1515 1515 0 1163 1163 0 1150 1150 0 1529 1529 0 1152 1152 0 1141 1141 0 1541 1541 0 1539 1539 0 2186 2186 0 1564 1564 0 2143 2143 0 1075 1075 0 2209 2209 0 1076 1076 0 1064 1064 0 1596 1596 0 1066 1066 0 1058 1058 0 1057 1057 0 1599 1599 0 2187 2187 0 1621 1621 0 1620 1620 0 940 940 0 2171 2171 0 1950 1950 0 887 887 0 886 886 0 1697 1697 0 1676 1676 0 2059 2059 0 1677 1677 0 1696 1696 0 1692 1692 0 1693 1693 0 1718 1718 0 1720 1720 0 1717 1717 0 893 893 0 2067 2067 0 1942 1942 0 1939 1939 0 1938 1938 0 2210 2210 0 881 881 0 880 880 0 1938 1938 0 1740 1740 0 1744 1744 0 1741 1741 0 839 839 0 838 838 0 2189 2189 0 807 807 0 806 806 0 1775 1775 0 2211 2211 0 2156 2156 0 2190 2190 0 787 787 0 782 782 0 785 785 0 771 771 0 2158 2158 0 773 773 0 768 768 0 2083 2083 0 1833 1833 0 723 723 0 44 44 0 2212 2212 0 723 723 0 2212 2212 0 40 40 0 107 107 0 112 112 0 108 108 0 119 119 0 121 121 0 117 117 0 139 139 0 2191 2191 0 137 137 0 2213 2213 0 149 149 0 151 151 0 209 209 0 206 206 0 207 207 0 528 528 0 527 527 0 530 530 0 2214 2214 0 2194 2194 0 2162 2162 0 389 389 0 391 391 0 387 387 0 458 458 0 453 453 0 456 456 0 394 394 0 1878 1878 0 392 392 0 511 511 0 1890 1890 0 512 512 0 512 512 0 2196 2196 0 510 510 0 310 310 0 531 531 0 2197 2197 0 560 560 0 561 561 0 562 562 0 616 616 0 613 613 0 614 614 0 2215 2215 0 626 626 0 625 625 0 2091 2091 0 657 657 0 2199 2199 0 682 682 0 683 683 0 128 128 0 111 111 0 692 692 0 1915 1915 0 716 716 0 2200 2200 0 712 712 0 47 47 0 2084 2084 0 45 45 0 1843 1843 0 42 42 0 2201 2201 0 805 805 0 800 800 0 802 802 0 843 843 0 2216 2216 0 841 841 0 880 880 0 882 882 0 864 864 0 972 972 0 970 970 0 969 969 0 1008 1008 0 1009 1009 0 1007 1007 0 1060 1060 0 1062 1062 0 1963 1963 0 1549 1549 0 2217 2217 0 2203 2203 0 2034 2034 0 2218 2218 0 1135 1135 0 2032 2032 0 1977 1977 0 1530 1530 0 1984 1984 0 2183 2183 0 1220 1220 0 2206 2206 0 2219 2219 0 2133 2133 0 2138 2138 0 2134 2134 0 1269 1269 0 1400 1400 0 1295 1295 0 1297 1297 0 1886 1886 0 441 441 0 440 440 0 2220 2220 0 1311 1311 0 1997 1997 0 1381 1381 0 2221 2221 0 2179 2179 0 2222 2222 0 1403 1403 0 2180 2180 0 1272 1272 0 1271 1271 0 2223 2223 0 1238 1238 0 1986 1986 0 1236 1236 0 2029 2029 0 1501 1501 0 1500 1500 0 1520 1520 0 1517 1517 0 1521 1521 0 2224 2224 0 2033 2033 0 1975 1975 0 2225 2225 0 1076 1076 0 2209 2209 0 1055 1055 0 1601 1601 0 1057 1057 0 1615 1615 0 2050 2050 0 1617 1617 0 931 931 0 1949 1949 0 929 929 0 884 884 0 2188 2188 0 1940 1940 0 2062 2062 0 1693 1693 0 1689 1689 0 1701 1701 0 1719 1719 0 1702 1702 0 1939 1939 0 2210 2210 0 883 883 0 1736 1736 0 1734 1734 0 1733 1733 0 831 831 0 2226 2226 0 829 829 0 1935 1935 0 812 812 0 2227 2227 0 784 784 0 1826 1826 0 782 782 0 778 778 0 1831 1831 0 2157 2157 0 728 728 0 38 38 0 2228 2228 0 83 83 0 78 78 0 81 81 0 151 151 0 2229 2229 0 2213 2213 0 304 304 0 533 533 0 302 302 0 1879 1879 0 2230 2230 0 398 398 0 463 463 0 461 461 0 460 460 0 331 331 0 1867 1867 0 1868 1868 0 291 291 0 537 537 0 293 293 0 2199 2199 0 139 139 0 2091 2091 0 2108 2108 0 717 717 0 716 716 0 1844 1844 0 45 45 0 2110 2110 0 1781 1781 0 1931 1931 0 1779 1779 0 2216 2216 0 2231 2231 0 841 841 0 2153 2153 0 901 901 0 1945 1945 0 1549 1549 0 1130 1130 0 2217 2217 0 1531 1531 0 1530 1530 0 2204 2204 0 1332 1332 0 1361 1361 0 1360 1360 0 1378 1378 0 2136 2136 0 1379 1379 0 1272 1272 0 2223 2223 0 1418 1418 0 1977 1977 0 2032 2032 0 1149 1149 0 2043 2043 0 2232 2232 0 2044 2044 0 1609 1609 0 1613 1613 0 1610 1610 0 2233 2233 0 1657 1657 0 920 920 0 907 907 0 1678 1678 0 905 905 0 1690 1690 0 1686 1686 0 1691 1691 0 1729 1729 0 1730 1730 0 1727 1727 0 831 831 0 2073 2073 0 2226 2226 0 1935 1935 0 2227 2227 0 817 817 0 2112 2112 0 2082 2082 0 1825 1825 0 125 125 0 682 682 0 126 126 0 652 652 0 170 170 0 2192 2192 0 301 301 0 2102 2102 0 299 299 0 428 428 0 425 425 0 429 429 0 1869 1869 0 332 332 0 331 331 0 283 283 0 281 281 0 280 280 0 2234 2234 0 2235 2235 0 686 686 0 2236 2236 0 715 715 0 718 718 0 1780 1780 0 2075 2075 0 1781 1781 0 2237 2237 0 841 841 0 2231 2231 0 2034 2034 0 1139 1139 0 2218 2218 0 2238 2238 0 1331 1331 0 1333 1333 0 2126 2126 0 1548 1548 0 1544 1544 0 2044 2044 0 2232 2232 0 2225 2225 0 1633 1633 0 1632 1632 0 1634 1634 0 2061 2061 0 1688 1688 0 1687 1687 0 1728 1728 0 2239 2239 0 1729 1729 0 818 818 0 817 817 0 820 820 0 755 755 0 5 5 0 1 1 0 131 131 0 133 133 0 129 129 0 2229 2229 0 1856 1856 0 2213 2213 0 421 421 0 2166 2166 0 2099 2099 0 332 332 0 335 335 0 330 330 0 120 120 0 2106 2106 0 2235 2235 0 740 740 0 2085 2085 0 741 741 0 1784 1784 0 2075 2075 0 1782 1782 0 2033 2033 0 2224 2224 0 1537 1537 0 1333 1333 0 2240 2240 0 2238 2238 0 2203 2203 0 1552 1552 0 1549 1549 0 1044 1044 0 1039 1039 0 1042 1042 0 1687 1687 0 1683 1683 0 1685 1685 0 2241 2241 0 1729 1729 0 2239 2239 0 6 6 0 8 8 0 753 753 0 148 148 0 2169 2169 0 147 147 0 1855 1855 0 2213 2213 0 1856 1856 0 423 423 0 1884 1884 0 421 421 0 2168 2168 0 510 510 0 2196 2196 0 718 718 0 1851 1851 0 79 79 0 1846 1846 0 2087 2087 0 57 57 0 1794 1794 0 828 828 0 833 833 0 1329 1329 0 2238 2238 0 2240 2240 0 1118 1118 0 2035 2035 0 2125 2125 0 1041 1041 0 1036 1036 0 1039 1039 0 12 12 0 14 14 0 10 10 0 649 649 0 646 646 0 171 171 0 1883 1883 0 1882 1882 0 1884 1884 0 53 53 0 2160 2160 0 51 51 0 1764 1764 0 1936 1936 0 836 836 0 2240 2240 0 2177 2177 0 1329 1329 0 748 748 0 747 747 0 19 19 0 2242 2242 0 1884 1884 0 1882 1882 0 2161 2161 0 1922 1922 0 2160 2160 0 1762 1762 0 1759 1759 0 2115 2115 0 1318 1318 0 1321 1321 0 1319 1319 0 24 24 0 26 26 0 744 744 0 418 418 0 2242 2242 0 1882 1882 0 22 22 0 21 21 0 745 745 0 1316 1316 0 2220 2220 0 1997 1997 0 27 27 0 29 29 0 25 25 0 420 420 0 417 417 0 414 414 0 1 1 0 0 0 0 2111 2111 0 2004 2004 0 1375 1375 0 1374 1374 0 737 737 0 2243 2243 0 34 34 0 475 475 0 398 398 0 2230 2230 0 2 2 0 1840 1840 0 0 0 0 1377 1377 0 1373 1373 0 1375 1375 0 737 737 0 736 736 0 2243 2243 0 2230 2230 0 476 476 0 475 475 0 1850 1850 0 98 98 0 2107 2107 0 1379 1379 0 1377 1377 0 1376 1376 0 735 735 0 733 733 0 736 736 0 476 476 0 395 395 0 397 397 0 1839 1839 0 1838 1838 0 1840 1840 0 2221 2221 0 2244 2244 0 2179 2179 0 732 732 0 731 731 0 733 733 0 484 484 0 482 482 0 485 485 0 764 764 0 766 766 0 763 763 0 2008 2008 0 2179 2179 0 2244 2244 0 730 730 0 729 729 0 731 731 0 492 492 0 1876 1876 0 493 493 0 1825 1825 0 2113 2113 0 2112 2112 0 2244 2244 0 1385 1385 0 2008 2008 0 728 728 0 2228 2228 0 729 729 0 1875 1875 0 494 494 0 2167 2167 0 1308 1308 0 1310 1310 0 1392 1392 0 66 66 0 68 68 0 64 64 0 384 384 0 2245 2245 0 2195 2195 0 1393 1393 0 1392 1392 0 1306 1306 0 710 710 0 756 756 0 76 76 0 2245 2245 0 373 373 0 2195 2195 0 1305 1305 0 1307 1307 0 2137 2137 0 79 79 0 2236 2236 0 718 718 0 375 375 0 2195 2195 0 373 373 0 2010 2010 0 2137 2137 0 1395 1395 0 686 686 0 685 685 0 2234 2234 0 2164 2164 0 496 496 0 498 498 0 1396 1396 0 1395 1395 0 1302 1302 0 2246 2246 0 500 500 0 2098 2098 0 1994 1994 0 1398 1398 0 1302 1302 0 2098 2098 0 367 367 0 2246 2246 0 1399 1399 0 1304 1304 0 1303 1303 0 2247 2247 0 2246 2246 0 367 367 0 1303 1303 0 2176 2176 0 1399 1399 0 364 364 0 2247 2247 0 367 367 0 1404 1404 0 2014 2014 0 1405 1405 0 361 361 0 364 364 0 1873 1873 0 2207 2207 0 2180 2180 0 1403 1403 0 1873 1873 0 362 362 0 361 361 0 1407 1407 0 2222 2222 0 2180 2180 0 363 363 0 2248 2248 0 361 361 0 1431 1431 0 1430 1430 0 1263 1263 0 363 363 0 359 359 0 2248 2248 0 1422 1422 0 1262 1262 0 1264 1264 0 358 358 0 355 355 0 359 359 0 1421 1421 0 1423 1423 0 1424 1424 0 501 501 0 503 503 0 355 355 0 1427 1427 0 1424 1424 0 1260 1260 0 352 352 0 351 351 0 502 502 0 1259 1259 0 1261 1261 0 1257 1257 0 1872 1872 0 2163 2163 0 2097 2097 0 1247 1247 0 1434 1434 0 1248 1248 0 349 349 0 2097 2097 0 350 350 0 1433 1433 0 1248 1248 0 1434 1434 0 347 347 0 346 346 0 349 349 0 1434 1434 0 2018 2018 0 1432 1432 0 1871 1871 0 345 345 0 346 346 0 1437 1437 0 2139 2139 0 1435 1435 0 345 345 0 2249 2249 0 346 346 0 1445 1445 0 1440 1440 0 2020 2020 0 345 345 0 341 341 0 2249 2249 0 1448 1448 0 2020 2020 0 1446 1446 0 2162 2162 0 333 333 0 2214 2214 0 2250 2250 0 1447 1447 0 1446 1446 0 335 335 0 2214 2214 0 333 333 0 1450 1450 0 2250 2250 0 1446 1446 0 516 516 0 515 515 0 324 324 0 1446 1446 0 1451 1451 0 1450 1450 0 323 323 0 325 325 0 321 321 0 1451 1451 0 1452 1452 0 1449 1449 0 322 322 0 520 520 0 320 320 0 2021 2021 0 2022 2022 0 1456 1456 0 1892 1892 0 320 320 0 520 520 0 1987 1987 0 1236 1236 0 1239 1239 0 521 521 0 520 520 0 318 318 0 1234 1234 0 1232 1232 0 1986 1986 0 525 525 0 316 316 0 312 312 0 1235 1235 0 1233 1233 0 1232 1232 0 1893 1893 0 1865 1865 0 1894 1894 0 1463 1463 0 2133 2133 0 2219 2219 0 536 536 0 296 296 0 298 298 0 2219 2219 0 1464 1464 0 1463 1463 0 285 285 0 283 283 0 282 282 0 2251 2251 0 1462 1462 0 1464 1464 0 1863 1863 0 2095 2095 0 275 275 0 2182 2182 0 2251 2251 0 1464 1464 0 273 273 0 272 272 0 2095 2095 0 1464 1464 0 2140 2140 0 2182 2182 0 274 274 0 545 545 0 272 272 0 2252 2252 0 2208 2208 0 2183 2183 0 268 268 0 267 267 0 270 270 0 2184 2184 0 2252 2252 0 2183 2183 0 547 547 0 264 264 0 2193 2193 0 1480 1480 0 1483 1483 0 1478 1478 0 2193 2193 0 548 548 0 547 547 0 1484 1484 0 1478 1478 0 1218 1218 0 548 548 0 256 256 0 546 546 0 1216 1216 0 1217 1217 0 1215 1215 0 2093 2093 0 546 546 0 256 256 0 1205 1205 0 1203 1203 0 1202 1202 0 2253 2253 0 250 250 0 249 249 0 1197 1197 0 1199 1199 0 1195 1195 0 249 249 0 1895 1895 0 2253 2253 0 1488 1488 0 1197 1197 0 1489 1489 0 2198 2198 0 2253 2253 0 1895 1895 0 2026 2026 0 1491 1491 0 1487 1487 0 247 247 0 246 246 0 562 562 0 2141 2141 0 1191 1191 0 1190 1190 0 243 243 0 245 245 0 247 247 0 2027 2027 0 1495 1495 0 1494 1494 0 247 247 0 2254 2254 0 243 243 0 1505 1505 0 2142 2142 0 2030 2030 0 2254 2254 0 244 244 0 243 243 0 1186 1186 0 1185 1185 0 1187 1187 0 573 573 0 567 567 0 1900 1900 0 1508 1508 0 1510 1510 0 1185 1185 0 573 573 0 2103 2103 0 571 571 0 1180 1180 0 1179 1179 0 1509 1509 0 574 574 0 571 571 0 240 240 0 1982 1982 0 2174 2174 0 2131 2131 0 239 239 0 241 241 0 565 565 0 2255 2255 0 2131 2131 0 1981 1981 0 566 566 0 565 565 0 577 577 0 1176 1176 0 2255 2255 0 1981 1981 0 580 580 0 577 577 0 581 581 0 1178 1178 0 1175 1175 0 1176 1176 0 236 236 0 238 238 0 234 234 0 1175 1175 0 1174 1174 0 1176 1176 0 227 227 0 228 228 0 226 226 0 2256 2256 0 2205 2205 0 1165 1165 0 216 216 0 219 219 0 217 217 0 1165 1165 0 1511 1511 0 2256 2256 0 188 188 0 189 189 0 191 191 0 1512 1512 0 2256 2256 0 1511 1511 0 185 185 0 589 589 0 186 186 0 1163 1163 0 1512 1512 0 1161 1161 0 591 591 0 1902 1902 0 589 589 0 1975 1975 0 1976 1976 0 2224 2224 0 598 598 0 595 595 0 594 594 0 1970 1970 0 1123 1123 0 1554 1554 0 609 609 0 1903 1903 0 611 611 0 1558 1558 0 2125 2125 0 2035 2035 0 2257 2257 0 183 183 0 182 182 0 2036 2036 0 1558 1558 0 1557 1557 0 182 182 0 2258 2258 0 2257 2257 0 1969 1969 0 2173 2173 0 1113 1113 0 2258 2258 0 2215 2215 0 2257 2257 0 1112 1112 0 1109 1109 0 2173 2173 0 625 625 0 2257 2257 0 2215 2215 0 1108 1108 0 1968 1968 0 2124 2124 0 178 178 0 637 637 0 179 179 0 1104 1104 0 2124 2124 0 1968 1968 0 2104 2104 0 1857 1857 0 1906 1906 0 1106 1106 0 1101 1101 0 1104 1104 0 642 642 0 1906 1906 0 640 640 0 1967 1967 0 2259 2259 0 2172 2172 0 1910 1910 0 174 174 0 1909 1909 0 2259 2259 0 2260 2260 0 2172 2172 0 648 648 0 1909 1909 0 646 646 0 2185 2185 0 2172 2172 0 2260 2260 0 154 154 0 2261 2261 0 652 652 0 2260 2260 0 2186 2186 0 2185 2185 0 154 154 0 153 153 0 2261 2261 0 1569 1569 0 1567 1567 0 1570 1570 0 2235 2235 0 2234 2234 0 120 120 0 2037 2037 0 1572 1572 0 1099 1099 0 1830 1830 0 2202 2202 0 774 774 0 1100 1100 0 2038 2038 0 1099 1099 0 1820 1820 0 1819 1819 0 1821 1821 0 1089 1089 0 1965 1965 0 1086 1086 0 1817 1817 0 1816 1816 0 1819 1819 0 1087 1087 0 2144 2144 0 1085 1085 0 2080 2080 0 1815 1815 0 1816 1816 0 2146 2146 0 1085 1085 0 2144 2144 0 1815 1815 0 1814 1814 0 1816 1816 0 1576 1576 0 2146 2146 0 2145 2145 0 1812 1812 0 1809 1809 0 1814 1814 0 2145 2145 0 1083 1083 0 1576 1576 0 1811 1811 0 1807 1807 0 1809 1809 0 1082 1082 0 1084 1084 0 1081 1081 0 1803 1803 0 2079 2079 0 1801 1801 0 2209 2209 0 2044 2044 0 2225 2225 0 2190 2190 0 2262 2262 0 2211 2211 0 1581 1581 0 1075 1075 0 1077 1077 0 2263 2263 0 2211 2211 0 2262 2262 0 1580 1580 0 2040 2040 0 2046 2046 0 789 789 0 2263 2263 0 2262 2262 0 2047 2047 0 2046 2046 0 1073 1073 0 2262 2262 0 790 790 0 789 789 0 1041 1041 0 1037 1037 0 1036 1036 0 790 790 0 1799 1799 0 788 788 0 1961 1961 0 2264 2264 0 1036 1036 0 1798 1798 0 793 793 0 1796 1796 0 1961 1961 0 2122 2122 0 2264 2264 0 797 797 0 799 799 0 795 795 0 1035 1035 0 1032 1032 0 2122 2122 0 1791 1791 0 1790 1790 0 798 798 0 1958 1958 0 1957 1957 0 1959 1959 0 1788 1788 0 1787 1787 0 1790 1790 0 1029 1029 0 1028 1028 0 1957 1957 0 2077 2077 0 2076 2076 0 1787 1787 0 2265 2265 0 1028 1028 0 1024 1024 0 2071 2071 0 2072 2072 0 1759 1759 0 1023 1023 0 2265 2265 0 1024 1024 0 1756 1756 0 2266 2266 0 1757 1757 0 1001 1001 0 997 997 0 999 999 0 2267 2267 0 1757 1757 0 2266 2266 0 998 998 0 1606 1606 0 1608 1608 0 2266 2266 0 1754 1754 0 2267 2267 0 1607 1607 0 996 996 0 995 995 0 1754 1754 0 1753 1753 0 2267 2267 0 1635 1635 0 1634 1634 0 1637 1637 0 2231 2231 0 2241 2241 0 2239 2239 0 2149 2149 0 1638 1638 0 1637 1637 0 2239 2239 0 2237 2237 0 2231 2231 0 1637 1637 0 1642 1642 0 2149 2149 0 2064 2064 0 1696 1696 0 1695 1695 0 1641 1641 0 1642 1642 0 1639 1639 0 1684 1684 0 1682 1682 0 1681 1681 0 988 988 0 1639 1639 0 989 989 0 1682 1682 0 2060 2060 0 1679 1679 0 1645 1645 0 990 990 0 987 987 0 912 912 0 2151 2151 0 910 910 0 986 986 0 1644 1644 0 987 987 0 922 922 0 2233 2233 0 920 920 0 984 984 0 985 985 0 981 981 0 924 924 0 2119 2119 0 927 927 0 1647 1647 0 1646 1646 0 978 978 0 933 933 0 935 935 0 932 932 0 952 952 0 950 950 0 949 949 0 947 947 0 2268 2268 0 945 945 0 950 950 0 2150 2150 0 948 948 0 2268 2268 0 948 948 0 945 945 0</p></triangles></mesh></geometry></library_geometries><library_visual_scenes><visual_scene id="Scene"><node id="road-node"><instance_geometry url="#road"><bind_material><technique_common><instance_material symbol="asphalt" target="#asphalt-material"><bind_vertex_input semantic="UVSET0" input_semantic="TEXCOORD" input_set="0" /></instance_material></technique_common></bind_material></instance_geometry></node></visual_scene></library_visual_scenes><scene><instance_visual_scene url="#Scene" /></scene></COLLADA>