# F1-derived approximate flat training road. Metres, Z up.
mtllib track.mtl
usemtl asphalt
v -41.3429342 18.6630289 0.0000000
v -37.1015317 16.0233559 0.0000000
v -35.0023105 28.8510852 0.0000000
v -45.5843367 21.3027019 0.0000000
v -71.0327516 37.1407399 0.0000000
v -66.7913491 34.5010669 0.0000000
v -60.4507254 44.6891232 0.0000000
v -87.9983616 47.6994319 0.0000000
v -83.7569591 45.0597589 0.0000000
v -77.4163354 55.2478152 0.0000000
v -100.7225690 55.6184509 0.0000000
v -94.3819453 65.8065072 0.0000000
v -109.2053740 60.8977969 0.0000000
v -104.9639715 58.2581239 0.0000000
v -98.6233478 68.4461802 0.0000000
v -102.8647503 71.0858532 0.0000000
v -107.1061528 73.7255262 0.0000000
v -117.6881790 66.1771430 0.0000000
v -113.4467765 63.5374700 0.0000000
v -119.8303602 81.6445453 0.0000000
v -130.4123864 74.0961620 0.0000000
v -126.1709839 71.4564890 0.0000000
v -128.3131652 86.9238913 0.0000000
v -138.8951914 79.3755080 0.0000000
v -134.6537889 76.7358350 0.0000000
v -136.7959702 92.2032373 0.0000000
v -147.3779963 84.6548540 0.0000000
v -143.1365939 82.0151810 0.0000000
v -149.5201776 100.1222563 0.0000000
v -160.1022038 92.5738730 0.0000000
v -155.8608013 89.9342000 0.0000000
v -158.0029826 105.4016023 0.0000000
v -168.2446184 97.6413742 0.0000000
v -164.3436063 95.2135460 0.0000000
v -195.3207625 122.0641044 0.0000000
v -199.9369221 110.9875043 0.0000000
v -195.3256089 109.0657451 0.0000000
v -199.9320757 123.9858636 0.0000000
v -204.5482354 112.9092635 0.0000000
v -222.4395011 116.8287731 0.0000000
v -212.7415963 115.4683572 0.0000000
v -220.7724710 128.7124178 0.0000000
v -230.6670610 130.1004245 0.0000000
v -237.2813861 118.9107832 0.0000000
v -232.3340911 118.2167798 0.0000000
v -245.5089461 132.1824346 0.0000000
v -251.6068915 120.9203559 0.0000000
v -247.1759761 120.2987900 0.0000000
v -271.7085065 131.4515541 0.0000000
v -276.6856537 131.0210030 0.0000000
v -275.6514488 119.0656519 0.0000000
v -281.6628009 130.5904519 0.0000000
v -280.6285961 118.6351008 0.0000000
v -309.0465736 113.8866649 0.0000000
v -304.2204236 115.1772633 0.0000000
v -307.3205041 126.7699119 0.0000000
v -323.5250238 110.0148697 0.0000000
v -318.6988737 111.3054681 0.0000000
v -321.7989542 122.8981167 0.0000000
v -326.6251043 121.6075183 0.0000000
v -328.2758139 108.7444239 0.0000000
v -382.4462307 97.2843179 0.0000000
v -386.9673258 95.1589786 0.0000000
v -381.8621569 84.2990868 0.0000000
v -391.4884210 93.0336393 0.0000000
v -386.3832521 82.1737475 0.0000000
v -390.9043473 80.0484082 0.0000000
v -396.0095162 90.9083001 0.0000000
v -395.4254425 77.9230690 0.0000000
v -400.3529442 88.8664810 0.0000000
v -404.7405574 87.1443570 0.0000000
v -400.4320825 75.9441924 0.0000000
v -405.2828151 74.1884450 0.0000000
v -400.5845956 75.8867097 0.0000000
v -409.3621299 85.4737979 0.0000000
v -409.9810345 72.4901803 0.0000000
v -414.0603493 83.7755333 0.0000000
v -395.7858564 77.7678212 0.0000000
v -427.5940858 78.8834956 0.0000000
v -430.1346113 66.3690369 0.0000000
v -425.2264753 67.1042697 0.0000000
v -431.7155428 78.2661064 0.0000000
v -430.5297692 66.3231776 0.0000000
v -450.2723005 76.9282161 0.0000000
v -457.2305726 66.3080992 0.0000000
v -452.3867308 65.0855753 0.0000000
v -450.7171639 64.9065252 0.0000000
v -486.8746390 76.2089799 0.0000000
v -482.4732303 73.8457257 0.0000000
v -476.9365545 84.4932824 0.0000000
v -481.1979867 86.7813788 0.0000000
v -490.0008040 91.5078873 0.0000000
v -494.4022126 93.8711415 0.0000000
v -500.0788649 83.2987426 0.0000000
v -498.8036212 96.2343958 0.0000000
v -502.9815040 98.4776320 0.0000000
v -504.4802735 85.6619969 0.0000000
v -509.3178042 88.2837285 0.0000000
v -508.8816822 88.0252511 0.0000000
v -513.4911398 91.0017330 0.0000000
v -506.7593445 100.9380590 0.0000000
v -517.8248297 94.2762857 0.0000000
v -513.8477990 91.2529439 0.0000000
v -530.4350827 118.9363733 0.0000000
v -534.2179249 121.8439267 0.0000000
v -537.7353029 109.4123490 0.0000000
v -549.4974888 119.3426781 0.0000000
v -545.7566252 116.0315894 0.0000000
v -541.5440918 128.3284155 0.0000000
v -542.0157616 112.7205008 0.0000000
v -541.6954903 112.4562128 0.0000000
v -537.8032282 125.0173269 0.0000000
v -549.0258190 134.9505928 0.0000000
v -556.9792160 125.9648554 0.0000000
v -553.2383524 122.6537668 0.0000000
v -562.3766490 131.7033121 0.0000000
v -560.7200796 129.2759441 0.0000000
v -551.6318352 137.2572128 0.0000000
v -564.0893525 136.3743916 0.0000000
v -567.7378826 148.0983458 0.0000000
v -567.4082624 145.9023308 0.0000000
v -555.7042080 148.7818458 0.0000000
v -567.5601211 152.8827825 0.0000000
v -555.5935466 151.7602891 0.0000000
v -567.3595153 154.2140369 0.0000000
v -554.0770360 157.4156471 0.0000000
v -564.7716825 163.8645600 0.0000000
v -566.0655989 159.0392984 0.0000000
v -560.5357772 168.1043609 0.0000000
v -562.4212093 167.2231169 0.0000000
v -563.8921721 165.7508013 0.0000000
v -555.7288973 169.3980858 0.0000000
v -544.8447392 172.1315714 0.0000000
v -546.0289557 171.9445398 0.0000000
v -543.5647841 160.1848282 0.0000000
v -539.9077641 172.4111457 0.0000000
v -539.5344880 160.4130584 0.0000000
v -539.2972260 172.4146059 0.0000000
v -514.8867198 159.2973880 0.0000000
v -509.3534757 171.0592152 0.0000000
v -514.3441007 171.2851136 0.0000000
v -499.9148447 158.6196927 0.0000000
v -494.3816005 170.3815198 0.0000000
v -499.3722255 170.6074183 0.0000000
v -469.9710943 157.2643020 0.0000000
v -464.4378501 169.0261291 0.0000000
v -469.4284752 169.2520276 0.0000000
v -459.9898442 156.8125051 0.0000000
v -454.4566000 168.5743322 0.0000000
v -459.4472250 168.8002307 0.0000000
v -445.0179690 156.1348097 0.0000000
v -439.4847248 167.8966369 0.0000000
v -444.4753499 168.1225353 0.0000000
v -420.0648437 155.0053175 0.0000000
v -419.5222246 166.9930431 0.0000000
v -424.5128496 167.2189415 0.0000000
v -395.1117184 153.8758252 0.0000000
v -384.5878491 165.4117539 0.0000000
v -394.5690993 165.8635508 0.0000000
v -370.1585931 152.7463330 0.0000000
v -349.6534737 163.8304648 0.0000000
v -369.6159740 164.7340586 0.0000000
v -345.2054678 151.6168407 0.0000000
v -339.6722236 163.3786679 0.0000000
v -344.6628486 163.6045663 0.0000000
v -320.2523425 150.4873485 0.0000000
v -309.7284732 162.0232772 0.0000000
v -319.7097233 162.4750741 0.0000000
v -300.2898422 149.5837547 0.0000000
v -294.7565980 161.3455818 0.0000000
v -299.7472231 161.5714802 0.0000000
v -280.3273420 148.6801609 0.0000000
v -279.7847229 160.6678864 0.0000000
v -289.7659730 161.1196833 0.0000000
v -270.3460919 148.2283640 0.0000000
v -264.8128477 159.9901911 0.0000000
v -269.8034727 160.2160895 0.0000000
v -255.3742167 147.5506686 0.0000000
v -249.8409725 159.3124957 0.0000000
v -254.8315976 159.5383942 0.0000000
v -240.4023415 146.8729733 0.0000000
v -239.8597224 158.8606988 0.0000000
v -244.8503474 159.0865973 0.0000000
v -220.4398413 145.9693795 0.0000000
v -219.8972221 157.9571050 0.0000000
v -224.8878472 158.1830035 0.0000000
v -185.5054658 144.3880903 0.0000000
v -184.9628467 156.3758159 0.0000000
v -199.9347219 157.0535112 0.0000000
v -170.5335906 143.7103950 0.0000000
v -169.9909715 155.6981205 0.0000000
v -174.9815966 155.9240190 0.0000000
v -160.5523405 143.2585981 0.0000000
v -155.0190963 155.0204252 0.0000000
v -160.0097214 155.2463236 0.0000000
v -135.5992152 142.1291058 0.0000000
v -135.0565961 154.1168314 0.0000000
v -145.0378462 154.5686283 0.0000000
v -125.6179651 141.6773089 0.0000000
v -115.0940958 153.2132376 0.0000000
v -125.0753460 153.6650345 0.0000000
v -110.6460899 140.9996136 0.0000000
v -105.1128457 152.7614407 0.0000000
v -110.1034708 152.9873391 0.0000000
v -90.6835897 140.0960198 0.0000000
v -85.1503455 151.8578469 0.0000000
v -90.1409705 152.0837453 0.0000000
v -75.7117145 139.4183244 0.0000000
v -75.1690954 151.4060500 0.0000000
v -80.1597204 151.6319484 0.0000000
v -70.7210894 139.1924260 0.0000000
v -65.1878452 150.9542531 0.0000000
v -70.1784703 151.1801515 0.0000000
v -60.7398393 138.7406291 0.0000000
v -55.2065951 150.5024562 0.0000000
v -60.1972202 150.7283546 0.0000000
v -35.7867140 137.6111368 0.0000000
v -20.2722197 148.9211670 0.0000000
v -35.2440949 149.5988624 0.0000000
v -15.8242138 136.7075430 0.0000000
v -10.2909696 148.4693701 0.0000000
v -15.2815946 148.6952686 0.0000000
v -5.8429636 136.2557461 0.0000000
v 4.6691215 147.7922082 0.0000000
v -5.3003445 148.2434717 0.0000000
v 148.9812546 130.6401399 0.0000000
v 153.9738542 130.4631697 0.0000000
v 154.3989453 142.4556380 0.0000000
v 169.3767440 141.9247273 0.0000000
v 164.3841444 142.1016975 0.0000000
v 163.9590532 130.1092292 0.0000000
v 184.3545426 141.3938166 0.0000000
v 179.3619430 141.5707868 0.0000000
v 178.9368518 129.5783184 0.0000000
v 209.3175403 140.5089653 0.0000000
v 204.3249407 140.6859356 0.0000000
v 208.8924491 128.5164970 0.0000000
v 238.8480463 127.4546755 0.0000000
v 243.8406458 127.2777052 0.0000000
v 244.2657370 139.2701736 0.0000000
v 379.0659245 134.4919770 0.0000000
v 374.0733250 134.6689472 0.0000000
v 373.6482338 122.6764788 0.0000000
v 394.0437231 133.9610662 0.0000000
v 389.0511236 134.1380365 0.0000000
v 388.6260324 122.1455681 0.0000000
v 399.0363227 133.7840960 0.0000000
v 393.6186319 121.9685979 0.0000000
v 409.0215217 133.4301555 0.0000000
v 398.6112315 121.7916276 0.0000000
v 408.5964306 121.4376871 0.0000000
v 413.5890301 121.2607169 0.0000000
v 414.0141213 133.2531852 0.0000000
v 418.5816296 121.0837466 0.0000000
v 419.0067208 133.0762150 0.0000000
v 433.9845194 132.5453043 0.0000000
v 423.9993204 132.8992447 0.0000000
v 423.5742292 120.9067764 0.0000000
v 438.5520278 120.3758656 0.0000000
v 443.5446273 120.1988954 0.0000000
v 443.9697185 132.1913638 0.0000000
v 453.9549176 131.8374233 0.0000000
v 448.9623180 132.0143935 0.0000000
v 448.5372269 120.0219251 0.0000000
v 453.5298264 119.8449549 0.0000000
v 458.5224259 119.6679847 0.0000000
v 458.9475171 131.6604530 0.0000000
v 468.5076250 119.3140442 0.0000000
v 468.9327162 131.3065125 0.0000000
v 473.5002245 119.1370739 0.0000000
v 473.9253157 131.1295423 0.0000000
v 478.4928241 118.9601037 0.0000000
v 483.4854236 118.7831334 0.0000000
v 483.9105148 130.7756018 0.0000000
v 493.4706227 118.4291929 0.0000000
v 498.4632222 118.2522227 0.0000000
v 493.8957139 130.4216613 0.0000000
v 503.4558218 118.0752524 0.0000000
v 503.8809130 130.0677208 0.0000000
v 513.8661120 129.7137803 0.0000000
v 508.8735125 129.8907506 0.0000000
v 513.4410208 117.7213120 0.0000000
v 518.4336204 117.5443417 0.0000000
v 523.4262199 117.3673715 0.0000000
v 518.8587116 129.5368101 0.0000000
v 528.8439106 129.1828696 0.0000000
v 523.8513111 129.3598398 0.0000000
v 528.4188195 117.1904012 0.0000000
v 533.4114190 117.0134310 0.0000000
v 538.4040185 116.8364607 0.0000000
v 538.8291097 128.8289291 0.0000000
v 543.8217093 128.6519588 0.0000000
v 543.3966181 116.6594905 0.0000000
v 558.3744167 116.1285797 0.0000000
v 563.3670162 115.9516095 0.0000000
v 558.7995079 128.1210481 0.0000000
v 568.3596158 115.7746392 0.0000000
v 573.3522153 115.5976690 0.0000000
v 568.7847069 127.7671076 0.0000000
v 578.7699060 127.4131671 0.0000000
v 573.7773065 127.5901374 0.0000000
v 578.3448148 115.4206988 0.0000000
v 588.7551051 127.0592266 0.0000000
v 583.7625056 127.2361969 0.0000000
v 583.3374144 115.2437285 0.0000000
v 593.3226134 114.8897880 0.0000000
v 598.3152130 114.7128178 0.0000000
v 593.7477046 126.8822564 0.0000000
v 603.7329037 126.5283159 0.0000000
v 598.7403042 126.7052861 0.0000000
v 603.3078125 114.5358475 0.0000000
v 608.3004120 114.3588773 0.0000000
v 613.2930116 114.1819070 0.0000000
v 608.7255032 126.3513456 0.0000000
v 618.7107023 125.9974051 0.0000000
v 613.7181028 126.1743754 0.0000000
v 618.2856111 114.0049368 0.0000000
v 623.7033019 125.8204349 0.0000000
v 623.2782107 113.8279665 0.0000000
v 628.6959014 125.6434647 0.0000000
v 628.2708102 113.6509963 0.0000000
v 638.6811005 125.2895242 0.0000000
v 633.6885009 125.4664944 0.0000000
v 633.2634097 113.4740260 0.0000000
v 643.2486088 113.1200856 0.0000000
v 648.2412083 112.9431153 0.0000000
v 643.6737000 125.1125539 0.0000000
v 653.6588991 124.7586134 0.0000000
v 648.6662995 124.9355837 0.0000000
v 653.2338079 112.7661451 0.0000000
v 658.2264074 112.5891748 0.0000000
v 663.2190070 112.4122046 0.0000000
v 658.6514986 124.5816432 0.0000000
v 668.2116065 112.2352343 0.0000000
v 663.6440981 124.4046729 0.0000000
v 673.6292972 124.0507324 0.0000000
v 668.6366977 124.2277027 0.0000000
v 673.2042060 112.0582641 0.0000000
v 683.6144963 123.6967919 0.0000000
v 678.6218968 123.8737622 0.0000000
v 683.1894051 111.7043236 0.0000000
v 693.5996954 123.3428515 0.0000000
v 688.6070958 123.5198217 0.0000000
v 693.1466552 111.3513738 0.0000000
v 698.6452516 123.1171538 0.0000000
v 693.6555828 123.3406096 0.0000000
v 697.9712672 111.1353099 0.0000000
v 707.7851569 110.2447429 0.0000000
v 708.8696476 122.1956374 0.0000000
v 712.7604488 109.7932572 0.0000000
v 717.7357407 109.3417715 0.0000000
v 713.8449395 121.7441517 0.0000000
v 723.7955232 120.8411803 0.0000000
v 718.8202314 121.2926660 0.0000000
v 722.7110325 108.8902858 0.0000000
v 727.6863244 108.4388001 0.0000000
v 732.6616163 107.9873144 0.0000000
v 728.7708151 120.3896946 0.0000000
v 737.6369082 107.5358287 0.0000000
v 741.5994682 107.1762440 0.0000000
v 738.7213989 119.4867233 0.0000000
v 749.9887433 116.5459135 0.0000000
v 745.6353178 118.5228730 0.0000000
v 744.3199747 105.9408189 0.0000000
v 751.2977613 115.7343608 0.0000000
v 747.0036756 103.7542411 0.0000000
v 756.2079222 111.4908868 0.0000000
v 755.1707298 112.5788129 0.0000000
v 748.4405232 101.8079581 0.0000000
v 760.1042817 105.0079829 0.0000000
v 758.9921818 107.7194657 0.0000000
v 748.8924584 98.6580237 0.0000000
v 760.8693604 99.4613237 0.0000000
v 760.8137769 100.0628859 0.0000000
v 749.0415232 95.0915649 0.0000000
v 760.8104947 92.5288542 0.0000000
v 761.0743765 94.5561984 0.0000000
v 744.9105522 81.7674349 0.0000000
v 756.3723207 78.2138646 0.0000000
v 757.8517120 82.9855278 0.0000000
v 741.9517695 72.2241085 0.0000000
v 753.4135380 68.6705381 0.0000000
v 754.8929294 73.4422014 0.0000000
v 737.5135955 57.9091188 0.0000000
v 748.9753640 54.3555485 0.0000000
v 750.4547554 59.1272117 0.0000000
v 736.0342042 53.1374556 0.0000000
v 746.0165814 44.8122220 0.0000000
v 747.4959727 49.5838853 0.0000000
v 756.9347401 13.0497287 0.0000000
v 752.5913105 14.7988213 0.0000000
v 752.2349338 2.0058768 0.0000000
v 753.5947303 1.3307211 0.0000000
v 764.9078516 6.3616188 0.0000000
v 761.6622273 10.7228528 0.0000000
v 763.8073209 8.9309170 0.0000000
v 765.7511362 1.4375718 0.0000000
v 753.9826111 -2.9527675 0.0000000
v 766.0471051 -4.1227141 0.0000000
v 765.8312162 0.6934518 0.0000000
v 760.4098392 -16.0405296 0.0000000
v 762.8494457 -11.6809781 0.0000000
v 749.9379833 -10.1804755 0.0000000
v 747.4983769 -14.5400270 0.0000000
v 745.0587704 -18.8995785 0.0000000
v 755.5306264 -24.7596325 0.0000000
v 735.3003447 -36.3377844 0.0000000
v 733.0279655 -40.3985024 0.0000000
v 745.7722006 -42.1978384 0.0000000
v 743.3325942 -46.5573899 0.0000000
v 740.0743459 -51.1476376 0.0000000
v 742.9652252 -47.1340897 0.0000000
v 730.6428227 -43.7099118 0.0000000
v 739.3943736 -51.9369253 0.0000000
v 715.7318511 -71.9950069 0.0000000
v 719.9210489 -69.2732445 0.0000000
v 709.9594663 -61.4350470 0.0000000
v 717.1222547 -56.7813139 0.0000000
v 724.1102466 -66.5514821 0.0000000
v 724.9515400 -65.8912266 0.0000000
v 713.3832423 -59.2105865 0.0000000
v 709.3795107 -74.0639710 0.0000000
v 714.0877482 -72.7394916 0.0000000
v 687.7605110 -64.9026259 0.0000000
v 682.6025486 -76.6121642 0.0000000
v 687.5891423 -76.9142428 0.0000000
v 688.6943692 -76.8791119 0.0000000
v 678.3415625 -64.3320434 0.0000000
v 677.6159549 -76.3100855 0.0000000
v 663.3817813 -63.4258075 0.0000000
v 662.6561736 -75.4038496 0.0000000
v 667.6427674 -75.7059282 0.0000000
v 653.4085939 -62.8216502 0.0000000
v 652.6829862 -74.7996923 0.0000000
v 657.6695799 -75.1017709 0.0000000
v 631.5134297 -66.0497473 0.0000000
v 631.9307371 -78.8146381 0.0000000
v 635.9877020 -77.1844178 0.0000000
v 604.6793245 -99.7482538 0.0000000
v 615.2386567 -107.3283510 0.0000000
v 616.3684371 -102.4620418 0.0000000
v 603.5495440 -104.6145630 0.0000000
v 614.3133400 -111.3139720 0.0000000
v 606.9830497 -137.8579032 0.0000000
v 609.2090484 -142.3302961 0.0000000
v 617.7315727 -132.5222297 0.0000000
v 623.8894410 -144.8943873 0.0000000
v 622.1779537 -141.4557313 0.0000000
v 611.4350471 -146.8026891 0.0000000
v 654.7794476 -166.2319878 0.0000000
v 650.5027769 -163.6498461 0.0000000
v 644.3003460 -173.9226184 0.0000000
v 659.8874373 -184.2400229 0.0000000
v 663.2688602 -187.4968579 0.0000000
v 668.1207676 -175.5091399 0.0000000
v 656.6636557 -181.3872610 0.0000000
v 667.9346765 -175.3373274 0.0000000
v 665.5363646 -189.9500398 0.0000000
v 671.9627783 -179.2236382 0.0000000
v 676.6619941 -185.2365677 0.0000000
v 675.3076546 -182.8424141 0.0000000
v 678.0595204 -190.0328464 0.0000000
v 667.4442079 -196.4977149 0.0000000
v 678.1784051 -202.5233764 0.0000000
v 679.4517169 -198.2042361 0.0000000
v 666.9685064 -198.1113191 0.0000000
v 677.2462597 -204.3958928 0.0000000
v 668.3018430 -216.4476114 0.0000000
v 671.2879322 -212.4472299 0.0000000
v 659.3398287 -208.3928676 0.0000000
v 666.7259048 -217.9135020 0.0000000
v 662.5170310 -220.6047377 0.0000000
v 651.8436773 -213.1860526 0.0000000
v 654.0992833 -225.9872091 0.0000000
v 658.3081572 -223.2959734 0.0000000
v 639.2170558 -221.2597598 0.0000000
v 641.4726619 -234.0609163 0.0000000
v 645.6815357 -231.3696806 0.0000000
v 618.1726867 -234.7159384 0.0000000
v 624.6371666 -244.8258593 0.0000000
v 628.8460404 -242.1346235 0.0000000
v 609.8214131 -240.0559050 0.0000000
v 605.7529104 -242.5090998 0.0000000
v 616.0853761 -250.2915776 0.0000000
v 607.1162962 -255.3738710 0.0000000
v 611.5277585 -253.0294373 0.0000000
v 611.8102333 -252.8693706 0.0000000
v 592.6619272 -249.4661902 0.0000000
v 593.8819094 -262.4071721 0.0000000
v 598.2933717 -260.0627384 0.0000000
v 583.8390027 -254.1550576 0.0000000
v 585.0589849 -267.0960395 0.0000000
v 589.4704471 -264.7516058 0.0000000
v 575.0160782 -258.8439250 0.0000000
v 576.2360604 -271.7849069 0.0000000
v 580.6475226 -269.4404732 0.0000000
v 557.3702291 -268.2216597 0.0000000
v 563.0016736 -278.8182079 0.0000000
v 567.4131358 -276.4737742 0.0000000
v 544.1358424 -275.2549608 0.0000000
v 549.7672868 -285.8515090 0.0000000
v 554.1787490 -283.5070753 0.0000000
v 539.7243801 -277.5993945 0.0000000
v 540.9443623 -290.5403764 0.0000000
v 545.3558245 -288.1959427 0.0000000
v 522.0785310 -286.9771292 0.0000000
v 527.7099755 -297.5736774 0.0000000
v 532.1214377 -295.2292437 0.0000000
v 513.2556065 -291.6659966 0.0000000
v 518.8870509 -302.2625448 0.0000000
v 523.2985132 -299.9181111 0.0000000
v 509.0018344 -293.9266272 0.0000000
v 509.6138891 -306.8423101 0.0000000
v 514.1555036 -304.7650580 0.0000000
v 504.6522470 -295.9160495 0.0000000
v 509.5544794 -306.8690938 0.0000000
v 412.0150088 -346.2731747 0.0000000
v 416.6828739 -344.4931738 0.0000000
v 407.7393595 -335.0607341 0.0000000
v 398.4036291 -338.6207359 0.0000000
v 393.7401163 -340.3990771 0.0000000
v 402.6792784 -349.8331765 0.0000000
v 435.7465506 -324.3807287 0.0000000
v 431.0786854 -326.1607296 0.0000000
v 440.0221999 -335.5931693 0.0000000
v 444.6900651 -333.8131684 0.0000000
v 449.3579303 -332.0331675 0.0000000
v 440.4144158 -322.6007278 0.0000000
v 398.0114132 -351.6131774 0.0000000
v 389.1100972 -342.1564167 0.0000000
v 398.0027059 -351.6164900 0.0000000
v 388.5664348 -355.1285562 0.0000000
v 393.2595499 -353.4162365 0.0000000
v 342.2153227 -359.2663416 0.0000000
v 337.5222076 -360.9786613 0.0000000
v 346.3283985 -370.5394338 0.0000000
v 332.2490530 -375.6763929 0.0000000
v 336.9421682 -373.9640732 0.0000000
v 328.1359773 -364.4033007 0.0000000
v 341.6352833 -372.2517535 0.0000000
v 360.9877833 -352.4170626 0.0000000
v 356.2946681 -354.1293824 0.0000000
v 360.4077439 -365.4024746 0.0000000
v 346.9084379 -357.5540218 0.0000000
v 318.7497470 -367.8279402 0.0000000
v 314.0566318 -369.5402599 0.0000000
v 318.1697076 -380.8133521 0.0000000
v 294.7041319 -389.3749508 0.0000000
v 299.3972470 -387.6626310 0.0000000
v 295.2841713 -376.3895388 0.0000000
v 285.8979410 -379.8141783 0.0000000
v 281.2048258 -381.5264980 0.0000000
v 290.0110167 -391.0872705 0.0000000
v 267.1254804 -386.6634572 0.0000000
v 262.4323653 -388.3757769 0.0000000
v 271.2385562 -397.9365494 0.0000000
v 261.8523259 -401.3611889 0.0000000
v 266.5454410 -399.6488691 0.0000000
v 257.1592107 -403.0735086 0.0000000
v 253.0644073 -391.7937496 0.0000000
v 252.4185826 -404.7685520 0.0000000
v 257.1226233 -403.0867236 0.0000000
v 247.6772216 -406.4366658 0.0000000
v 252.3898304 -404.7787494 0.0000000
v 248.3930449 -393.4638946 0.0000000
v 243.6948251 -395.1167490 0.0000000
v 238.9822163 -396.7746654 0.0000000
v 238.2520040 -409.7524988 0.0000000
v 242.9646128 -408.0945823 0.0000000
v 234.2696076 -398.4325819 0.0000000
v 224.1141776 -414.7262481 0.0000000
v 233.5393952 -411.4104152 0.0000000
v 229.5569988 -400.0904983 0.0000000
v 220.1317812 -403.4063312 0.0000000
v 215.4191724 -405.0642477 0.0000000
v 214.6889600 -418.0420810 0.0000000
v 219.4015688 -416.3841646 0.0000000
v 210.7065636 -406.7221641 0.0000000
v 168.2959392 -417.4022730 0.0000000
v 163.3659868 -418.2103186 0.0000000
v 170.2369043 -429.2442600 0.0000000
v 189.9567140 -426.0120775 0.0000000
v 190.2844290 -425.9489577 0.0000000
v 187.8510134 -414.1970916 0.0000000
v 185.0267616 -426.8201231 0.0000000
v 175.1668567 -428.4362144 0.0000000
v 165.3069519 -430.0523056 0.0000000
v 145.5871422 -433.2844880 0.0000000
v 150.5170946 -432.4764424 0.0000000
v 148.5761295 -420.6344555 0.0000000
v 114.9670142 -424.3016006 0.0000000
v 109.8240757 -436.2392533 0.0000000
v 114.8194329 -436.3006931 0.0000000
v 128.9582153 -423.8499367 0.0000000
v 124.5360344 -424.4192936 0.0000000
v 130.5929797 -435.7385113 0.0000000
v 125.6501153 -436.3749063 0.0000000
v 124.8101473 -436.4235726 0.0000000
v 119.8147901 -436.3621328 0.0000000
v 138.7162247 -422.2505467 0.0000000
v 133.7862723 -423.0585923 0.0000000
v 140.6571898 -434.0925336 0.0000000
v 70.0087992 -423.7486427 0.0000000
v 65.2576181 -423.6902061 0.0000000
v 69.8612179 -435.7477351 0.0000000
v 64.3785601 -435.6604562 0.0000000
v 64.8658607 -435.6862953 0.0000000
v 59.4193815 -435.1946564 0.0000000
v 60.7582548 -423.2675953 0.0000000
v 54.0611213 -434.3119853 0.0000000
v 58.9880439 -435.1383039 0.0000000
v 41.2652111 -419.9983205 0.0000000
v 34.3534309 -431.0067110 0.0000000
v 39.2803535 -431.8330296 0.0000000
v 31.4113660 -418.3456833 0.0000000
v 24.4995857 -429.3540739 0.0000000
v 29.4265083 -430.1803925 0.0000000
v 6.7767530 -414.2140905 0.0000000
v 4.7918954 -426.0487996 0.0000000
v 9.7188180 -426.8751182 0.0000000
v 2.1615736 -413.4400559 0.0000000
v -0.7512942 -425.0854464 0.0000000
v -0.1350272 -425.2224811 0.0000000
v -5.5549961 -423.7485489 0.0000000
v -2.2335217 -412.2168760 0.0000000
v -10.5235347 -422.1750517 0.0000000
v -5.7620514 -423.6868869 0.0000000
v -11.6535158 -409.2259007 0.0000000
v -20.0465012 -419.1513813 0.0000000
v -15.2850179 -420.6632165 0.0000000
v -21.1764823 -406.2022303 0.0000000
v -29.5694677 -416.1277108 0.0000000
v -24.8079845 -417.6395461 0.0000000
v -40.2224154 -400.1548894 0.0000000
v -43.8539175 -411.5922052 0.0000000
v -39.0924343 -413.1040404 0.0000000
v -68.5102985 -390.8417037 0.0000000
v -72.5012449 -402.1586091 0.0000000
v -67.7898899 -403.8200850 0.0000000
v -59.1751233 -394.1337861 0.0000000
v -63.0785348 -405.4815609 0.0000000
v -62.9025522 -405.5405774 0.0000000
v -49.7453819 -397.1312190 0.0000000
v -53.3768841 -408.5685348 0.0000000
v -48.6154008 -410.0803700 0.0000000
v -82.6443637 -385.8572760 0.0000000
v -91.3466651 -395.5127055 0.0000000
v -86.6353101 -397.1741814 0.0000000
v -101.4843027 -379.2133054 0.0000000
v -106.1802569 -377.5470245 0.0000000
v -105.4916890 -390.5244013 0.0000000
v -110.1998055 -388.8538048 0.0000000
v -110.2131697 -388.8490449 0.0000000
v -105.4807303 -390.5282778 0.0000000
v -120.2860702 -372.5042294 0.0000000
v -129.0298265 -382.1221343 0.0000000
v -124.3256623 -383.8038620 0.0000000
v -143.8068912 -364.0955912 0.0000000
v -147.8464833 -375.3952237 0.0000000
v -143.1423191 -377.0769514 0.0000000
v -148.5110553 -362.4138635 0.0000000
v -161.9022113 -370.3703339 0.0000000
v -152.5506474 -373.7134961 0.0000000
v -172.3888872 -354.3768235 0.0000000
v -176.0121781 -365.8167432 0.0000000
v -171.2496107 -367.3251600 0.0000000
v -177.1514545 -352.8684068 0.0000000
v -185.5373127 -362.7999097 0.0000000
v -180.7747454 -364.3083265 0.0000000
v -196.2017238 -346.8347397 0.0000000
v -199.8250146 -358.2746594 0.0000000
v -195.0624473 -359.7830762 0.0000000
v -322.1026946 -360.3554428 0.0000000
v -317.1112393 -360.1486993 0.0000000
v -317.6078473 -348.1589795 0.0000000
v -327.0941498 -360.5621863 0.0000000
v -322.5993025 -348.3657230 0.0000000
v -327.5907578 -348.5724665 0.0000000
v -332.5822131 -348.7792100 0.0000000
v -332.0856051 -360.7689298 0.0000000
v -347.0599709 -361.3891602 0.0000000
v -342.0685157 -361.1824167 0.0000000
v -342.5651236 -349.1926969 0.0000000
v -352.0514262 -361.5959037 0.0000000
v -352.5480342 -349.6061839 0.0000000
v -402.0537816 -363.2807961 0.0000000
v -392.0665170 -362.9909325 0.0000000
v -402.4019148 -351.2858470 0.0000000
v -407.3955471 -351.4307787 0.0000000
v -412.3891793 -351.5757105 0.0000000
v -407.0474139 -363.4257278 0.0000000
v -432.0155753 -364.1503866 0.0000000
v -427.0219430 -364.0054549 0.0000000
v -432.3637085 -352.1554376 0.0000000
v -417.3828116 -351.7206423 0.0000000
v -412.0410461 -363.5706596 0.0000000
v -422.3764439 -351.8655740 0.0000000
v -427.3700762 -352.0105058 0.0000000
v -422.0283107 -363.8605231 0.0000000
v -417.0346784 -363.7155913 0.0000000
v -437.3573408 -352.3003693 0.0000000
v -446.9964721 -364.5851819 0.0000000
v -442.0028399 -364.4402502 0.0000000
v -447.3446053 -352.5902329 0.0000000
v -452.3382376 -352.7351646 0.0000000
v -457.3318699 -352.8800964 0.0000000
v -451.9901044 -364.7301137 0.0000000
v -462.3255022 -353.0250282 0.0000000
v -456.9837367 -364.8750455 0.0000000
v -466.9710013 -365.1649090 0.0000000
v -461.9773690 -365.0199772 0.0000000
v -467.3191345 -353.1699599 0.0000000
v -476.9582658 -365.4547725 0.0000000
v -471.9646336 -365.3098408 0.0000000
v -476.7907033 -353.4448563 0.0000000
v -477.9846426 -365.3964534 0.0000000
v -482.9054159 -364.6902882 0.0000000
v -481.0306604 -352.8363929 0.0000000
v -500.4475643 -348.9042151 0.0000000
v -507.7257123 -359.6738915 0.0000000
v -502.8293717 -360.6654647 0.0000000
v -529.8256079 -342.9547758 0.0000000
v -537.1037558 -353.7244523 0.0000000
v -532.2074153 -354.7160255 0.0000000
v -578.7744194 -333.0419992 0.0000000
v -581.1999951 -344.7943098 0.0000000
v -581.1708212 -344.8002933 0.0000000
v -586.0913053 -343.7784558 0.0000000
v -583.6394317 -332.0316069 0.0000000
v -586.1147320 -343.7735416 0.0000000
v -566.4817994 -347.7750130 0.0000000
v -608.0640579 -326.8572386 0.0000000
v -620.3256006 -336.5259534 0.0000000
v -610.5510667 -338.5966929 0.0000000
v -622.7258587 -323.7511293 0.0000000
v -639.2985318 -332.5065291 0.0000000
v -625.2128675 -335.4905836 0.0000000
v -679.5997818 -323.1492583 0.0000000
v -684.4772586 -324.2298084 0.0000000
v -681.8817244 -335.9457463 0.0000000
v -692.9829018 -337.8061194 0.0000000
v -692.2124745 -337.7564507 0.0000000
v -693.3697165 -325.8061194 0.0000000
v -709.2372395 -337.6707912 0.0000000
v -707.9701069 -337.8061194 0.0000000
v -707.3293141 -325.8061194 0.0000000
v -710.5903034 -325.1015436 0.0000000
v -719.9648073 -333.6552647 0.0000000
v -715.5800728 -336.0493140 0.0000000
v -713.9718937 -336.6478124 0.0000000
v -722.2742373 -318.7221576 0.0000000
v -730.0253202 -327.9185708 0.0000000
v -728.7342763 -328.8671661 0.0000000
v -733.5560063 -324.5115463 0.0000000
v -731.3692141 -305.6958549 0.0000000
v -732.9295335 -300.9500387 0.0000000
v -742.7688970 -309.4438183 0.0000000
v -734.2432960 -296.9541415 0.0000000
v -744.3292164 -304.6980020 0.0000000
v -724.9344079 -316.1551590 0.0000000
v -727.7515261 -312.5964162 0.0000000
v -737.1947857 -320.0010044 0.0000000
v -714.2141837 -323.1229179 0.0000000
v -667.6061948 -332.7831634 0.0000000
v -663.3277513 -332.3697993 0.0000000
v -664.1818248 -320.3964388 0.0000000
v -663.5805521 -320.3686788 0.0000000
v -648.5934696 -320.4292928 0.0000000
v -653.5891637 -320.4090881 0.0000000
v -653.6376964 -332.4089900 0.0000000
v -643.6734234 -332.4492897 0.0000000
v -643.5435466 -320.4499619 0.0000000
v -643.5977754 -320.4494975 0.0000000
v -637.3876595 -320.6450201 0.0000000
v -638.5526688 -320.5152607 0.0000000
v -617.8385918 -324.7864991 0.0000000
v -605.6637998 -339.6320626 0.0000000
v -593.4022571 -329.9633478 0.0000000
v -603.1767910 -327.8926083 0.0000000
v -546.8964370 -351.7413058 0.0000000
v -544.5146297 -339.9800562 0.0000000
v -559.2036514 -337.0053365 0.0000000
v -542.0000964 -352.7328790 0.0000000
v -534.7219485 -341.9632026 0.0000000
v -539.6182891 -340.9716294 0.0000000
v -505.3439049 -347.9126419 0.0000000
v -372.4686665 -350.4170849 0.0000000
v -377.4337533 -350.5611881 0.0000000
v -377.0856202 -362.5561372 0.0000000
v -372.0349062 -362.4092768 0.0000000
v -367.0429477 -362.2168202 0.0000000
v -367.0257920 -362.2161342 0.0000000
v -367.5138226 -350.2260591 0.0000000
v -357.5394895 -349.8129274 0.0000000
v -357.0428815 -361.8026472 0.0000000
v -312.1197840 -359.9419558 0.0000000
v -307.1283288 -359.7352123 0.0000000
v -307.6249367 -347.7454925 0.0000000
v -297.6420262 -347.3320056 0.0000000
v -292.1539629 -359.1149819 0.0000000
v -287.1625077 -358.9082384 0.0000000
v -287.6591156 -346.9185186 0.0000000
v -282.1710524 -358.7014949 0.0000000
v -282.6676604 -346.7117751 0.0000000
v -272.6847498 -346.2982881 0.0000000
v -277.6762051 -346.5050316 0.0000000
v -277.1795971 -358.4947514 0.0000000
v -272.1881418 -358.2880079 0.0000000
v -262.2052313 -357.8745209 0.0000000
v -262.7018393 -345.8848012 0.0000000
v -257.2137760 -357.6677775 0.0000000
v -252.2223208 -357.4610340 0.0000000
v -257.7103840 -345.6780577 0.0000000
v -232.7531076 -344.6443402 0.0000000
v -252.7189287 -345.4713142 0.0000000
v -232.2564997 -356.6340600 0.0000000
v -227.2650444 -356.4273165 0.0000000
v -227.7616524 -344.4375967 0.0000000
v -207.7958313 -343.6106228 0.0000000
v -212.7872865 -343.8173663 0.0000000
v -208.3117626 -355.6422814 0.0000000
v -205.8131469 -343.8616230 0.0000000
v -201.0415561 -345.3024231 0.0000000
v -204.5490300 -356.7784530 0.0000000
v -200.9642911 -345.3263229 0.0000000
v -222.7701971 -344.2308533 0.0000000
v -212.2906786 -355.8070861 0.0000000
v -157.9193837 -359.0504082 0.0000000
v -158.0333090 -359.0109665 0.0000000
v -162.7695272 -357.4243589 0.0000000
v -139.1027270 -365.7773188 0.0000000
v -124.9902344 -370.8225018 0.0000000
v -96.7784289 -380.8728483 0.0000000
v -100.7693753 -392.1897537 0.0000000
v -87.3557188 -384.1958001 0.0000000
v -77.2126000 -400.4971332 0.0000000
v -73.2216536 -389.1802278 0.0000000
v -44.9838986 -398.6430542 0.0000000
v -30.6994488 -403.1785599 0.0000000
v -35.4609321 -401.6667246 0.0000000
v -25.9379656 -404.6903951 0.0000000
v -16.4149990 -407.7140655 0.0000000
v -6.8920325 -410.7377359 0.0000000
v 16.6305982 -415.8667276 0.0000000
v 11.7036756 -415.0404091 0.0000000
v 26.4844434 -417.5193648 0.0000000
v 36.3382886 -419.1720019 0.0000000
v 49.1341987 -433.4856667 0.0000000
v 56.0459789 -422.4772762 0.0000000
v 51.1190563 -421.6509576 0.0000000
v 84.8472896 -435.9320544 0.0000000
v 89.8426468 -435.9934942 0.0000000
v 84.9948709 -423.9329620 0.0000000
v 94.8380040 -436.0549340 0.0000000
v 99.9809426 -424.1172813 0.0000000
v 94.9855853 -424.0558415 0.0000000
v 109.9716570 -424.2401608 0.0000000
v 119.9623714 -424.3630404 0.0000000
v 195.1455242 -424.8716620 0.0000000
v 192.1966747 -413.2340243 0.0000000
v 196.5687372 -411.6959135 0.0000000
v 200.5511337 -423.0158304 0.0000000
v 205.9939548 -408.3800806 0.0000000
v 201.2813460 -410.0379971 0.0000000
v 205.2637424 -421.3579139 0.0000000
v 209.9763512 -419.6999975 0.0000000
v 276.5117107 -383.2388178 0.0000000
v 280.6247865 -394.5119100 0.0000000
v 290.5910561 -378.1018586 0.0000000
v 309.3635167 -371.2525797 0.0000000
v 304.6704016 -372.9648994 0.0000000
v 313.4765925 -382.5256719 0.0000000
v 322.8628228 -379.1010324 0.0000000
v 351.0215136 -368.8271140 0.0000000
v 365.1008591 -363.6901548 0.0000000
v 365.6808984 -350.7047429 0.0000000
v 369.7939742 -361.9778351 0.0000000
v 379.7602439 -345.5677837 0.0000000
v 375.0671287 -347.2801035 0.0000000
v 379.1802045 -358.5531957 0.0000000
v 384.4533590 -343.8554640 0.0000000
v 421.7429551 -329.7207314 0.0000000
v 417.0750899 -331.5007323 0.0000000
v 421.3507391 -342.7131729 0.0000000
v 426.4108203 -327.9407305 0.0000000
v 430.6864695 -339.1531711 0.0000000
v 454.0257954 -330.2531666 0.0000000
v 458.6936606 -328.4731657 0.0000000
v 449.7501462 -319.0407260 0.0000000
v 463.3615258 -326.6931648 0.0000000
v 459.0858766 -315.4807242 0.0000000
v 468.0293910 -324.9131639 0.0000000
v 472.6972562 -323.1331630 0.0000000
v 468.3233857 -311.9581772 0.0000000
v 472.8923264 -323.0548358 0.0000000
v 477.4934613 -321.1130537 0.0000000
v 477.5967939 -321.0682981 0.0000000
v 472.7757954 -310.0791605 0.0000000
v 477.2897228 -308.0735654 0.0000000
v 482.1621775 -319.0398403 0.0000000
v 481.8551064 -306.0451077 0.0000000
v 486.7275612 -317.0113826 0.0000000
v 491.2929448 -314.9829248 0.0000000
v 486.4204901 -304.0166500 0.0000000
v 500.1166410 -297.9312767 0.0000000
v 495.5512573 -299.9597345 0.0000000
v 500.4237121 -310.9260093 0.0000000
v 504.9890957 -308.8975516 0.0000000
v 517.6670688 -289.3215629 0.0000000
v 530.9014556 -282.2882618 0.0000000
v 526.4899933 -284.6326955 0.0000000
v 535.3129178 -279.9438282 0.0000000
v 552.9587669 -270.5660934 0.0000000
v 548.5473046 -272.9105271 0.0000000
v 566.1931537 -263.5327923 0.0000000
v 561.7816914 -265.8772260 0.0000000
v 570.6046159 -261.1883587 0.0000000
v 579.4275405 -256.4994913 0.0000000
v 588.2504650 -251.8106239 0.0000000
v 622.3815605 -232.0247027 0.0000000
v 633.0549142 -239.4433878 0.0000000
v 630.7993081 -226.6422312 0.0000000
v 626.5904343 -229.3334669 0.0000000
v 635.0081820 -223.9509955 0.0000000
v 656.0525511 -210.4948168 0.0000000
v 635.5152101 -168.6110413 0.0000000
v 635.7470046 -168.7583348 0.0000000
v 642.0670186 -158.5565561 0.0000000
v 623.1045383 -159.6703060 0.0000000
v 627.1050003 -162.6625747 0.0000000
v 634.2925763 -153.0532692 0.0000000
v 638.1651048 -155.9498462 0.0000000
v 630.2921143 -150.0610005 0.0000000
v 615.0369930 -153.0777545 0.0000000
v 618.7023582 -156.3495359 0.0000000
v 613.6610458 -151.2750820 0.0000000
v 604.1804061 -131.3193982 0.0000000
v 604.7663403 -133.3569840 0.0000000
v 616.0074619 -129.0214144 0.0000000
v 603.6697578 -126.3498301 0.0000000
v 615.6069035 -125.1232279 0.0000000
v 615.0962552 -120.1536598 0.0000000
v 603.1591095 -121.3802620 0.0000000
v 602.4197635 -109.4808721 0.0000000
v 602.2794355 -111.2633937 0.0000000
v 618.5433203 -93.0941567 0.0000000
v 606.9388854 -90.0156355 0.0000000
v 605.8091050 -94.8819447 0.0000000
v 619.6393369 -90.1172509 0.0000000
v 622.2390191 -87.5106052 0.0000000
v 613.7423962 -79.0366806 0.0000000
v 625.7668093 -83.9733655 0.0000000
v 625.7810515 -68.4913586 0.0000000
v 621.7122623 -71.2107496 0.0000000
v 626.8779411 -67.9124372 0.0000000
v 643.8600703 -74.2652163 0.0000000
v 641.1908932 -62.5092190 0.0000000
v 636.5043451 -64.0570977 0.0000000
v 643.4354064 -62.2174929 0.0000000
v 648.4220001 -62.5195715 0.0000000
v 673.3549688 -64.0299647 0.0000000
v 668.3683751 -63.7278861 0.0000000
v 672.6293611 -76.0080069 0.0000000
v 683.3281563 -64.6341220 0.0000000
v 698.6628737 -75.5797952 0.0000000
v 701.9960327 -63.0160609 0.0000000
v 697.0458613 -63.6892413 0.0000000
v 728.6634983 -62.3994600 0.0000000
v 732.2404568 -58.9119484 0.0000000
v 720.3251805 -53.7695469 0.0000000
v 735.8174152 -55.4244369 0.0000000
v 727.4402418 -46.8324077 0.0000000
v 750.6514135 -33.4787355 0.0000000
v 753.0910199 -29.1191840 0.0000000
v 742.6191640 -23.2591300 0.0000000
v 752.3775897 -5.8209241 0.0000000
v 765.2890521 -7.3214266 0.0000000
v 748.8890350 16.7602116 0.0000000
v 738.0929608 9.8263924 0.0000000
v 742.1059068 6.8508868 0.0000000
v 742.8707120 6.3686124 0.0000000
v 731.7733913 16.4289319 0.0000000
v 732.5907598 14.4017707 0.0000000
v 734.0800149 12.8018980 0.0000000
v 743.0763986 21.0701455 0.0000000
v 730.8450434 21.0062317 0.0000000
v 742.7101953 22.8757426 0.0000000
v 730.6016164 27.0421486 0.0000000
v 730.7272186 22.0479927 0.0000000
v 742.4872727 31.7395201 0.0000000
v 731.4172601 38.0829781 0.0000000
v 730.5644632 33.2244530 0.0000000
v 743.1706724 35.6329612 0.0000000
v 731.5960302 38.8224660 0.0000000
v 734.5548128 48.3657924 0.0000000
v 738.9929868 62.6807821 0.0000000
v 746.3899435 86.5390982 0.0000000
v 688.1820046 111.5273533 0.0000000
v 368.6556343 122.8534491 0.0000000
v 223.8702477 127.9855862 0.0000000
v 228.8628472 127.8086160 0.0000000
v 229.2879384 139.8010843 0.0000000
v 149.4063458 142.6326083 0.0000000
v 144.4137463 142.8095785 0.0000000
v 143.9886551 130.8171102 0.0000000
v 324.1473296 136.4386497 0.0000000
v 319.1547301 136.6156199 0.0000000
v 318.7296389 124.6231515 0.0000000
v 323.7222384 124.4461813 0.0000000
v 314.1621305 136.7925902 0.0000000
v 304.1769315 137.1465307 0.0000000
v 303.7518403 125.1540623 0.0000000
v 299.1843319 137.3235009 0.0000000
v 294.1917324 137.5004711 0.0000000
v 293.7666412 125.5080028 0.0000000
v 289.1991329 137.6774414 0.0000000
v 284.2065333 137.8544116 0.0000000
v 283.7814421 125.8619433 0.0000000
v 268.8036435 126.3928540 0.0000000
v 278.7888426 126.0389135 0.0000000
v 279.2139338 138.0313819 0.0000000
v 264.2361352 138.5622926 0.0000000
v 259.2435356 138.7392629 0.0000000
v 258.8184444 126.7467945 0.0000000
v 239.2731375 139.4471439 0.0000000
v 224.2953389 139.9780546 0.0000000
v 214.3101398 140.3319951 0.0000000
v 199.3323412 140.8629058 0.0000000
v 194.3397416 141.0398761 0.0000000
v 198.9072500 128.8704375 0.0000000
v 183.9294514 129.4013482 0.0000000
v 173.9442523 129.7552887 0.0000000
v 174.3693435 141.7477571 0.0000000
v 159.3915449 142.2786678 0.0000000
v 129.0108565 131.3480209 0.0000000
v 134.0034560 131.1710507 0.0000000
v 134.4285472 143.1635190 0.0000000
v 129.4359477 143.3404893 0.0000000
v 124.4433481 143.5174595 0.0000000
v 124.0182569 131.5249911 0.0000000
v -225.4304663 146.1952779 0.0000000
v -204.9253469 157.2794097 0.0000000
v -205.4679661 145.2916841 0.0000000
v -200.4773410 145.0657857 0.0000000
v 104.4729500 144.2253405 0.0000000
v 99.4803504 144.4023107 0.0000000
v 104.0478588 132.2328721 0.0000000
v 94.4877509 144.5792810 0.0000000
v 99.0552592 132.4098424 0.0000000
v -175.5242157 143.9362934 0.0000000
v 89.4951514 144.7562512 0.0000000
v 89.0700602 132.7637829 0.0000000
v 74.0922616 133.2946936 0.0000000
v 79.0848611 133.1177234 0.0000000
v 74.5173527 145.2871620 0.0000000
v 69.0996620 133.4716639 0.0000000
v 69.5247532 145.4641322 0.0000000
v 64.5321537 145.6411025 0.0000000
v -105.6554649 140.7737151 0.0000000
v 4.1618567 135.8029287 0.0000000
v 9.6311576 147.5871514 0.0000000
v 54.1218634 134.0025746 0.0000000
v 59.1144629 133.8256043 0.0000000
v 59.5395541 145.8180727 0.0000000
v -85.6929646 139.8701213 0.0000000
v 54.5469546 145.9950430 0.0000000
v 49.5543551 146.1720132 0.0000000
v 49.1292639 134.1795448 0.0000000
v 44.5617555 146.3489834 0.0000000
v -65.7304644 138.9665275 0.0000000
v 34.1514653 134.7104556 0.0000000
v 39.1440648 134.5334853 0.0000000
v 39.5691560 146.5259537 0.0000000
v 29.1588657 134.8874258 0.0000000
v 34.5765564 146.7029239 0.0000000
v 24.1662662 135.0643961 0.0000000
v 24.5913574 147.0568644 0.0000000
v 19.1736666 135.2413663 0.0000000
v 14.1810671 135.4183366 0.0000000
v 14.6061583 147.4108049 0.0000000
v 9.1884676 135.5953068 0.0000000
v 9.1532738 135.5966577 0.0000000
v 4.1382865 135.8039492 0.0000000
v -10.8335887 136.4816446 0.0000000
v -145.5804653 142.5809027 0.0000000
v -150.0284713 154.7945267 0.0000000
v -150.5710904 142.8068012 0.0000000
v -155.5617155 143.0326996 0.0000000
v 339.1251282 135.9077389 0.0000000
v 329.1399291 136.2616794 0.0000000
v 328.7148380 124.2692111 0.0000000
v 344.1177278 135.7307687 0.0000000
v 338.7000370 123.9152706 0.0000000
v 349.1103273 135.5537984 0.0000000
v 343.6926366 123.7383003 0.0000000
v 353.6778356 123.3843598 0.0000000
v 358.6704352 123.2073896 0.0000000
v 359.0955264 135.1998579 0.0000000
v 364.0881259 135.0228877 0.0000000
v 363.6630347 123.0304193 0.0000000
v -250.3835916 147.3247702 0.0000000
v 369.0807254 134.8459175 0.0000000
v -265.3554668 148.0024655 0.0000000
v -274.7940978 160.4419880 0.0000000
v -275.3367169 148.4542624 0.0000000
v -295.2992172 149.3578562 0.0000000
v -324.7003484 162.7009725 0.0000000
v -340.2148427 151.3909423 0.0000000
v -325.2429675 150.7132469 0.0000000
v -350.1960928 151.8427392 0.0000000
v -374.6065990 164.9599570 0.0000000
v -380.1398432 153.1981299 0.0000000
v -375.1492181 152.9722314 0.0000000
v -399.5597243 166.0894493 0.0000000
v -415.0742186 154.7794190 0.0000000
v -400.1023434 154.1017237 0.0000000
v -440.0273439 155.9089113 0.0000000
v -464.9804692 157.0384035 0.0000000
v -489.3909754 170.1556214 0.0000000
v -489.9335945 158.1678958 0.0000000
v -504.9054697 158.8455911 0.0000000
v -519.8773449 159.5232865 0.0000000
v -534.3066010 172.1887074 0.0000000
v -534.8492201 160.2009818 0.0000000
v -554.4328093 145.1309777 0.0000000
v -565.7652949 141.1844895 0.0000000
v -537.7099832 109.3929946 0.0000000
v -529.7559218 103.3463110 0.0000000
v -518.5166762 109.8759916 0.0000000
v -522.4937069 112.8993333 0.0000000
v -476.6059401 71.1981945 0.0000000
v -471.7620982 69.9756707 0.0000000
v -473.1074565 82.6915179 0.0000000
v -454.2940105 77.9432443 0.0000000
v -373.4040403 101.5349964 0.0000000
v -377.9251355 99.4096571 0.0000000
v -372.8199666 88.5497653 0.0000000
v -368.8829451 103.6603357 0.0000000
v -368.2988714 90.6751046 0.0000000
v -359.2566810 94.9257831 0.0000000
v -354.7355859 97.0511224 0.0000000
v -364.3618499 105.7856749 0.0000000
v -350.2144907 99.1764616 0.0000000
v -345.6933955 101.3018009 0.0000000
v -350.7985644 112.1616927 0.0000000
v -341.1723003 103.4271402 0.0000000
v -346.2774692 114.2870320 0.0000000
v -341.7563741 116.4123713 0.0000000
v -336.6512052 105.5524794 0.0000000
v -332.5439457 107.4832771 0.0000000
v -331.6014248 120.2746623 0.0000000
v -331.4512544 120.3169199 0.0000000
v -297.3504017 129.1844671 0.0000000
v -302.2175753 128.1275302 0.0000000
v -295.1783076 117.3764692 0.0000000
v -291.6170954 129.7293496 0.0000000
v -296.5942426 129.2987985 0.0000000
v -290.5828905 117.7739985 0.0000000
v -286.6399481 130.1599008 0.0000000
v -285.6057433 118.2045496 0.0000000
v -256.4639611 132.7620630 0.0000000
v -256.7770649 132.7432075 0.0000000
v -255.8991654 120.7743351 0.0000000
v -251.4937548 132.9311467 0.0000000
v -250.4562411 132.8764380 0.0000000
v -260.7200072 120.3573053 0.0000000
v -261.7542121 132.3126564 0.0000000
v -204.5433890 125.9076228 0.0000000
v -205.6268386 126.2430167 0.0000000
v -208.6337450 114.6118947 0.0000000
v -190.7142956 107.1439859 0.0000000
v -186.0981359 118.2205860 0.0000000
v -190.7094492 120.1423452 0.0000000
v -162.9503253 108.4177930 0.0000000
v -167.4965910 110.4657949 0.0000000
v -162.2443851 108.0412753 0.0000000
v -141.0373726 94.8429103 0.0000000
v -132.5545677 89.5635643 0.0000000
v -124.0717627 84.2842183 0.0000000
v -111.3475552 76.3651992 0.0000000
v -32.8601293 13.3836829 0.0000000
v -26.5195055 23.5717392 0.0000000
v -28.6187268 10.7440099 0.0000000
v -24.3773243 8.1043369 0.0000000
v -22.2781031 20.9320662 0.0000000
v -18.0367006 18.2923932 0.0000000
v -9.5538956 13.0130472 0.0000000
v -13.7952981 15.6527202 0.0000000
v -20.1359218 5.4646639 0.0000000
v -15.8945193 2.8249909 0.0000000
v -11.6531168 0.1853179 0.0000000
v -1.0710906 7.7337011 0.0000000
v -5.3124931 10.3733742 0.0000000
v -3.1740589 -5.0916962 0.0000000
v 11.6528316 -0.2024610 0.0000000
v 3.1778025 5.0893587 0.0000000
v 3.1703119 5.0940281 0.0000000
v -7.4117143 -2.4543551 0.0000000
v 22.2472850 -20.9648177 0.0000000
v 32.8404044 -13.4320102 0.0000000
v 28.6028899 -10.7861004 0.0000000
v 39.1973432 -31.5484571 0.0000000
v 45.5529481 -21.3697398 0.0000000
v 41.3154336 -18.7238299 0.0000000
v 56.1474015 -42.1320965 0.0000000
v 62.5030064 -31.9533792 0.0000000
v 58.2654918 -29.3074693 0.0000000
v 64.6224306 -47.4239162 0.0000000
v 75.2155501 -39.8911087 0.0000000
v 70.9780355 -37.2451988 0.0000000
v 77.3349743 -55.3616457 0.0000000
v 87.9280938 -47.8288382 0.0000000
v 83.6905792 -45.1829284 0.0000000
v 85.8100035 -60.6534654 0.0000000
v 96.4031229 -53.1206579 0.0000000
v 92.1656084 -50.4747481 0.0000000
v 140.8976928 -95.0502934 0.0000000
v 145.1352074 -97.6962032 0.0000000
v 147.2532977 -84.8715760 0.0000000
v 155.7283269 -90.1633957 0.0000000
v 151.4908123 -87.5174859 0.0000000
v 149.3727220 -100.3421130 0.0000000
v 181.1534143 -106.0388548 0.0000000
v 176.9158997 -103.3929449 0.0000000
v 170.5602948 -113.5716623 0.0000000
v 183.2728385 -121.5093918 0.0000000
v 187.5103531 -124.1553016 0.0000000
v 189.6284434 -111.3306745 0.0000000
v 191.7478676 -126.8012115 0.0000000
v 193.8659580 -113.9765843 0.0000000
v 195.9853822 -129.4471213 0.0000000
v 202.3409871 -119.2684040 0.0000000
v 208.2688037 -123.4963147 0.0000000
v 206.5785017 -121.9143138 0.0000000
v 199.2222178 -131.4682059 0.0000000
v 211.0373158 -127.3389241 0.0000000
v 201.9631009 -136.7667530 0.0000000
v 213.5304514 -133.4481107 0.0000000
v 211.7959785 -128.7631376 0.0000000
v 214.1624498 -140.0196047 0.0000000
v 213.8944352 -135.1982356 0.0000000
v 212.8219217 -147.6957622 0.0000000
v 213.2454406 -146.2868058 0.0000000
v 201.5413055 -143.5367854 0.0000000
v 210.8245703 -152.2302325 0.0000000
v 208.1450457 -157.3607320 0.0000000
v 208.3389153 -157.0175395 0.0000000
v 197.7938070 -151.2869571 0.0000000
v 195.9384558 -154.3331453 0.0000000
v 204.0339945 -163.2677485 0.0000000
v 205.5794014 -161.5731072 0.0000000
v 200.0243059 -166.2476422 0.0000000
v 188.8567669 -159.5960678 0.0000000
v 187.9952403 -175.1873232 0.0000000
v 196.0146174 -169.2275359 0.0000000
v 176.8277013 -168.5357488 0.0000000
v 175.9661746 -184.1270043 0.0000000
v 183.9855517 -178.1672169 0.0000000
v 164.7986357 -177.4754299 0.0000000
v 167.9467975 -190.0867916 0.0000000
v 171.9564861 -187.1068980 0.0000000
v 145.3123697 -194.6564250 0.0000000
v 141.9173857 -198.3213195 0.0000000
v 151.0073852 -206.1666969 0.0000000
v 149.0514390 -254.7122583 0.0000000
v 148.2594922 -249.7796942 0.0000000
v 137.1772858 -256.4532826 0.0000000
v 137.6073898 -260.5436981 0.0000000
v 137.0760097 -264.8182042 0.0000000
v 148.9843472 -266.2985749 0.0000000
v 147.1354623 -281.1712997 0.0000000
v 148.3680522 -271.2561498 0.0000000
v 135.2271247 -279.6909289 0.0000000
v 136.4597147 -269.7757791 0.0000000
v 146.5191673 -286.1288746 0.0000000
v 134.0201322 -289.4001688 0.0000000
v 145.9028723 -291.0864495 0.0000000
v 133.2554341 -293.3168304 0.0000000
v 144.4206070 -297.7786672 0.0000000
v 144.8884989 -296.3567119 0.0000000
v 142.2793514 -302.2922459 0.0000000
v 132.7415785 -320.6469982 0.0000000
v 135.4380837 -316.5727480 0.0000000
v 123.2540740 -313.2393885 0.0000000
v 131.4876381 -322.0196986 0.0000000
v 127.5874953 -325.1415979 0.0000000
v 116.1883977 -318.8951635 0.0000000
v 119.7872099 -331.3853965 0.0000000
v 123.6873526 -328.2634972 0.0000000
v 92.7875413 -337.6265593 0.0000000
v 89.0180608 -340.6438690 0.0000000
v 100.2864962 -346.9948930 0.0000000
v 92.0839312 -353.1948900 0.0000000
v 96.1194018 -350.3185250 0.0000000
v 85.8243699 -342.9202382 0.0000000
v 90.5595168 -353.9804805 0.0000000
v 85.8373065 -355.6108481 0.0000000
v 67.7544529 -349.1589707 0.0000000
v 66.9484653 -362.1323185 0.0000000
v 71.6706756 -360.5019509 0.0000000
v 44.3394496 -357.2431220 0.0000000
v 39.8479494 -358.4540086 0.0000000
v 42.8469696 -370.0739282 0.0000000
v 47.6633217 -368.7754631 0.0000000
v 42.5964450 -370.1357219 0.0000000
v 30.2239366 -360.6094157 0.0000000
v 27.9715356 -373.4111366 0.0000000
v 32.8465054 -372.3193317 0.0000000
v 15.9502222 -363.8061762 0.0000000
v 12.5648128 -376.2084371 0.0000000
v 17.5123221 -375.7095106 0.0000000
v 7.1073973 -376.3528307 0.0000000
v 12.1017918 -376.2371049 0.0000000
v 11.5917476 -364.2457022 0.0000000
v -18.1425541 -364.9346800 0.0000000
v -23.1369486 -365.0504058 0.0000000
v -17.8645750 -376.9314599 0.0000000
v -27.8533640 -377.1629115 0.0000000
v -22.8589695 -377.0471857 0.0000000
v -27.5487967 -365.1526334 0.0000000
v -29.0101680 -377.0775626 0.0000000
v -33.9296435 -376.2307710 0.0000000
v -43.8099779 -374.4480843 0.0000000
v -38.8936431 -375.3352263 0.0000000
v -41.6790193 -362.6388076 0.0000000
v -51.5116889 -360.8645236 0.0000000
v -56.3810603 -359.9858560 0.0000000
v -53.6426474 -372.6738003 0.0000000
v -63.5454914 -370.8054815 0.0000000
v -58.6527681 -371.7689634 0.0000000
v -60.5560215 -359.1637168 0.0000000
v -64.8404338 -370.3936512 0.0000000
v -69.3991364 -368.3502227 0.0000000
v -108.7985603 -336.0541360 0.0000000
v -114.9705007 -346.3452561 0.0000000
v -110.6861916 -348.9147043 0.0000000
v -106.0015847 -351.7039596 0.0000000
v -101.5415188 -353.9364771 0.0000000
v -100.4259055 -341.0755065 0.0000000
v -106.4018825 -351.4841526 0.0000000
v -91.8429362 -345.1394253 0.0000000
v -96.2847347 -343.1483988 0.0000000
v -96.7513515 -356.0896518 0.0000000
v -130.2201058 -323.2068949 0.0000000
v -140.6763553 -330.9285668 0.0000000
v -136.3920462 -333.4980150 0.0000000
v -147.3573422 -312.9291021 0.0000000
v -151.6416513 -310.3596538 0.0000000
v -157.8135916 -320.6507739 0.0000000
v -183.5194462 -305.2340846 0.0000000
v -179.2351371 -307.8035328 0.0000000
v -177.3475059 -294.9429645 0.0000000
v -203.0533605 -279.5262752 0.0000000
v -207.3376696 -276.9568270 0.0000000
v -209.2253008 -289.8173952 0.0000000
v -215.9062878 -271.8179305 0.0000000
v -220.1905969 -269.2484823 0.0000000
v -226.3625372 -279.5396024 0.0000000
v -228.7592151 -264.1095858 0.0000000
v -233.0435242 -261.5401376 0.0000000
v -234.9311554 -274.4007059 0.0000000
v -241.6121424 -256.4012412 0.0000000
v -245.8964515 -253.8317930 0.0000000
v -247.7840827 -266.6923613 0.0000000
v -250.1807605 -251.2623447 0.0000000
v -252.0683918 -264.1229130 0.0000000
v -269.2056282 -253.8451201 0.0000000
v -264.9213191 -256.4145684 0.0000000
v -258.7493787 -246.1234483 0.0000000
v -273.4899373 -251.2756719 0.0000000
v -263.0336878 -243.5540001 0.0000000
v -280.1709242 -233.2762072 0.0000000
v -286.3428646 -243.5673273 0.0000000
v -282.0585555 -246.1367755 0.0000000
v -305.8483422 -217.8505274 0.0000000
v -316.3299217 -225.5377805 0.0000000
v -312.0540834 -228.1213004 0.0000000
v -301.5778907 -220.4307925 0.0000000
v -307.7674645 -230.7113185 0.0000000
v -303.4862209 -233.2858591 0.0000000
v -307.7782450 -230.7048202 0.0000000
v -294.9114828 -238.4284308 0.0000000
v -290.6271737 -240.9978790 0.0000000
v -284.4552333 -230.7067590 0.0000000
v -322.9516957 -207.5164480 0.0000000
v -332.8516426 -215.5551314 0.0000000
v -329.1574368 -217.7872209 0.0000000
v -373.8648923 -212.5212708 0.0000000
v -368.9113828 -211.8731100 0.0000000
v -370.4682969 -199.9745378 0.0000000
v -375.4218064 -200.6226987 0.0000000
v -380.3753158 -201.2708595 0.0000000
v -378.4261952 -213.1181119 0.0000000
v -395.7391740 -205.7791745 0.0000000
v -396.7763270 -218.6829649 0.0000000
v -392.1432135 -217.2277145 0.0000000
v -432.5586045 -241.7562180 0.0000000
v -428.6713814 -238.6182465 0.0000000
v -440.0397299 -232.3733601 0.0000000
v -451.9282856 -240.6649657 0.0000000
v -456.0881171 -243.4314022 0.0000000
v -449.4430012 -253.4235209 0.0000000
v -445.2831698 -250.6570844 0.0000000
v -441.1233383 -247.8906479 0.0000000
v -459.5831044 -258.4631942 0.0000000
v -454.9627070 -256.8638075 0.0000000
v -459.6109681 -245.7742240 0.0000000
v -463.0300361 -246.9577611 0.0000000
v -453.6028327 -256.1899574 0.0000000
v -486.0808482 -250.3081569 0.0000000
v -485.9052183 -262.3144844 0.0000000
v -480.9564199 -262.0656678 0.0000000
v -486.7578434 -262.2966690 0.0000000
v -508.4161746 -260.0228019 0.0000000
v -506.6562401 -260.4604481 0.0000000
v -504.6401452 -248.5955080 0.0000000
v -512.9876684 -258.1145446 0.0000000
v -508.2124313 -247.1043453 0.0000000
v -513.2893135 -257.9787486 0.0000000
v -512.5606194 -245.0008299 0.0000000
v -522.2835898 -253.6276030 0.0000000
v -517.7864516 -255.8031758 0.0000000
v -529.2601118 -236.4445681 0.0000000
v -540.5952167 -242.4020911 0.0000000
v -536.8736921 -245.7349012 0.0000000
v -536.0345859 -246.3634085 0.0000000
v -532.5896437 -233.4628069 0.0000000
v -544.3167413 -239.0692809 0.0000000
v -551.0376196 -216.8862976 0.0000000
v -559.2115932 -225.6727536 0.0000000
v -555.5192697 -229.0365676 0.0000000
v -559.3929826 -225.5004465 0.0000000
v -562.9424957 -221.9850055 0.0000000
v -561.5972607 -206.4280194 0.0000000
v -576.9671377 -208.0949875 0.0000000
v -570.0415220 -214.9541236 0.0000000
v -597.8852756 -183.5203106 0.0000000
v -602.7765301 -182.5160081 0.0000000
v -601.0582689 -195.1191538 0.0000000
v -612.5935795 -180.5389215 0.0000000
v -614.9626792 -192.3027375 0.0000000
v -610.0652703 -193.2890203 0.0000000
v -656.0572319 -196.9176858 0.0000000
v -651.6411106 -195.5300004 0.0000000
v -659.6545885 -185.4695844 0.0000000
v -683.7107256 -193.3466269 0.0000000
v -684.1418579 -193.5300802 0.0000000
v -679.2277854 -204.4802792 0.0000000
v -683.5328010 -206.5141635 0.0000000
v -688.6588554 -195.6641144 0.0000000
v -715.2081420 -212.5482524 0.0000000
v -710.7221686 -224.7479823 0.0000000
v -707.0561472 -221.3542152 0.0000000
v -745.8895357 -299.9521857 0.0000000
v -734.4737796 -292.8434702 0.0000000
v -746.4590583 -293.4421774 0.0000000
v -746.4654690 -293.2959538 0.0000000
v -746.7813100 -283.3094770 0.0000000
v -746.6233895 -288.3027154 0.0000000
v -734.6293866 -287.9233826 0.0000000
v -746.4477497 -272.6290912 0.0000000
v -746.9154234 -277.5600481 0.0000000
v -734.5398053 -274.1674801 0.0000000
v -746.3164529 -271.8273196 0.0000000
v -740.5364101 -247.4535068 0.0000000
v -741.7399337 -252.2905092 0.0000000
v -729.1283616 -251.3030585 0.0000000
v -739.7716823 -245.6743514 0.0000000
v -716.2701875 -231.1556632 0.0000000
v -726.2270068 -224.4570736 0.0000000
v -726.3336548 -224.6183871 0.0000000
v -713.8937132 -227.6839946 0.0000000
v -722.5401848 -219.3357867 0.0000000
v -723.4152851 -220.3495746 0.0000000
v -718.8741634 -215.9420195 0.0000000
v -697.6928505 -199.9321827 0.0000000
v -702.2098481 -202.0662168 0.0000000
v -696.7295799 -212.7489193 0.0000000
v -692.5667961 -210.7822318 0.0000000
v -688.0497986 -208.6481977 0.0000000
v -693.1758530 -197.7981485 0.0000000
v -674.9528182 -202.8552785 0.0000000
v -679.0516989 -191.5756374 0.0000000
v -673.9525088 -189.9624446 0.0000000
v -678.7184823 -191.4600646 0.0000000
v -670.3551522 -201.4105460 0.0000000
v -654.1781267 -183.7955199 0.0000000
v -654.8886151 -183.9719644 0.0000000
v -649.2680944 -182.8899947 0.0000000
v -647.1197516 -194.6961556 0.0000000
v -649.2119724 -182.8799200 0.0000000
v -622.4419042 -178.6015573 0.0000000
v -624.6056050 -178.5833051 0.0000000
v -623.6249926 -190.5936430 0.0000000
v -617.5439055 -179.5422290 0.0000000
v -619.8336531 -191.3217783 0.0000000
v -617.4909885 -179.5526386 0.0000000
v -605.1789813 -194.2730638 0.0000000
v -602.7987616 -182.5114872 0.0000000
v -607.6961705 -181.5252043 0.0000000
v -592.7980784 -199.2066379 0.0000000
v -587.4759468 -188.4514106 0.0000000
v -588.3205562 -201.4223012 0.0000000
v -582.9984246 -190.6670738 0.0000000
v -572.8425127 -195.8841222 0.0000000
v -574.0433802 -195.0984004 0.0000000
v -580.0132673 -205.5330915 0.0000000
v -569.0564842 -199.0682977 0.0000000
v -568.6962869 -199.3971375 0.0000000
v -536.3111683 -230.1299968 0.0000000
v -540.0326929 -226.7971867 0.0000000
v -500.5789678 -248.9702728 0.0000000
v -501.6816409 -260.9195034 0.0000000
v -496.7070417 -261.3785586 0.0000000
v -491.7324426 -261.8376138 0.0000000
v -495.6043686 -249.4293280 0.0000000
v -490.6297695 -249.8883832 0.0000000
v -475.3449026 -261.1718737 0.0000000
v -477.3145541 -249.3346243 0.0000000
v -428.4344965 -223.0050034 0.0000000
v -432.3217195 -226.1429749 0.0000000
v -424.7841583 -235.4802749 0.0000000
v -420.8969353 -232.3423034 0.0000000
v -417.3824529 -229.5052277 0.0000000
v -410.6763426 -211.9290958 0.0000000
v -415.0310267 -214.3773799 0.0000000
v -409.1501286 -224.8375442 0.0000000
v -419.3857108 -216.8256640 0.0000000
v -419.4255406 -216.8482575 0.0000000
v -413.4848547 -227.2746075 0.0000000
v -404.7954445 -222.3892601 0.0000000
v -400.8636427 -220.1787283 0.0000000
v -400.7693301 -207.3659259 0.0000000
v -405.4431898 -209.0763364 0.0000000
v -400.5053300 -207.2762133 0.0000000
v -382.7327630 -214.2719133 0.0000000
v -385.9616202 -202.7137648 0.0000000
v -386.2068619 -202.7850969 0.0000000
v -381.1495974 -201.4245435 0.0000000
v -364.4640957 -211.2911877 0.0000000
v -360.1148201 -211.4637732 0.0000000
v -359.5230303 -199.4778123 0.0000000
v -355.2501326 -211.8456964 0.0000000
v -350.3810615 -212.2279637 0.0000000
v -354.3109112 -199.8825085 0.0000000
v -349.3305015 -200.2735170 0.0000000
v -345.7003973 -212.7713357 0.0000000
v -340.9420063 -213.5937961 0.0000000
v -338.8981809 -201.7691279 0.0000000
v -336.4540118 -214.3695199 0.0000000
v -333.9754385 -202.6199954 0.0000000
v -328.4546637 -204.3690518 0.0000000
v -333.1216103 -202.8330667 0.0000000
v -327.2275341 -204.9329281 0.0000000
v -324.8815985 -220.3707408 0.0000000
v -318.6758573 -210.0999678 0.0000000
v -310.1241806 -215.2670076 0.0000000
v -288.7395424 -228.1373107 0.0000000
v -293.0238515 -225.5678625 0.0000000
v -275.8866151 -235.8456554 0.0000000
v -271.6023060 -238.4151036 0.0000000
v -267.3179969 -240.9845518 0.0000000
v -243.4997736 -269.2618095 0.0000000
v -237.3278333 -258.9706894 0.0000000
v -211.6219787 -274.3873787 0.0000000
v -222.0782281 -282.1090506 0.0000000
v -213.5096099 -287.2479470 0.0000000
v -204.9409917 -292.3868435 0.0000000
v -198.7690514 -282.0957234 0.0000000
v -200.6566826 -294.9562917 0.0000000
v -194.4847423 -284.6651716 0.0000000
v -190.2004332 -287.2346198 0.0000000
v -196.3723735 -297.5257399 0.0000000
v -173.0631968 -297.5124127 0.0000000
v -166.3822098 -315.5118775 0.0000000
v -162.0979007 -318.0813257 0.0000000
v -160.2102695 -305.2207574 0.0000000
v -153.5292825 -323.2202221 0.0000000
v -144.9606644 -328.3591186 0.0000000
v -138.7887240 -318.0679985 0.0000000
v -143.0730331 -315.4985503 0.0000000
v -134.5044149 -320.6374467 0.0000000
v -123.5391189 -341.2063597 0.0000000
v -117.3671785 -330.9152396 0.0000000
v -82.7255312 -349.2262823 0.0000000
v -87.6339464 -360.1765088 0.0000000
v -73.6081262 -353.3131392 0.0000000
v -78.1668287 -351.2697108 0.0000000
v -83.0752439 -362.2199372 0.0000000
v -78.5165414 -364.2633657 0.0000000
v -73.9578389 -366.3067942 0.0000000
v -64.4907212 -357.3999962 0.0000000
v -69.0494237 -355.3565677 0.0000000
v -31.8701652 -364.4087942 0.0000000
v -13.1481597 -364.8189541 0.0000000
v -12.8701806 -376.8157340 0.0000000
v 1.8350237 -364.4717766 0.0000000
v -3.1593707 -364.5875025 0.0000000
v -2.8813916 -376.5842824 0.0000000
v 6.8294182 -364.3560508 0.0000000
v 25.3489668 -361.7012206 0.0000000
v 20.4739970 -362.7930255 0.0000000
v 37.7214752 -371.2275268 0.0000000
v 35.0989064 -359.5176108 0.0000000
v 58.3100323 -352.4197059 0.0000000
v 53.5878220 -354.0500735 0.0000000
v 62.2262550 -363.7626861 0.0000000
v 63.0322426 -350.7893383 0.0000000
v 81.1150962 -357.2412157 0.0000000
v 77.1988735 -345.8982355 0.0000000
v 72.4766632 -347.5286031 0.0000000
v 108.3881123 -325.1389621 0.0000000
v 104.4879695 -328.2608614 0.0000000
v 111.9869244 -337.6291951 0.0000000
v 112.2882550 -322.0170628 0.0000000
v 145.8375138 -291.4960092 0.0000000
v 134.0353915 -236.8842967 0.0000000
v 134.8273383 -241.8168609 0.0000000
v 145.9029684 -235.1023130 0.0000000
v 145.4323712 -231.1524753 0.0000000
v 146.1243457 -227.0820176 0.0000000
v 134.2940740 -225.0708810 0.0000000
v 135.9685915 -215.2207305 0.0000000
v 135.1313328 -220.1458058 0.0000000
v 146.9616045 -222.1569423 0.0000000
v 147.7988633 -217.2318671 0.0000000
v 148.6361221 -212.3067918 0.0000000
v 138.6292742 -202.9548551 0.0000000
v 137.6431091 -205.3705800 0.0000000
v 149.2493720 -208.6994222 0.0000000
v 141.3900428 -198.9774853 0.0000000
v 148.7073538 -190.9915305 0.0000000
v 154.1156257 -202.8113428 0.0000000
v 160.6239464 -195.7855930 0.0000000
v 156.5589789 -183.6070260 0.0000000
v 152.7047610 -186.7601695 0.0000000
v 164.0492492 -192.9833457 0.0000000
v 156.7792586 -183.4352173 0.0000000
v 157.5106097 -199.1464483 0.0000000
v 168.8083242 -174.4955362 0.0000000
v 180.8373898 -165.5558552 0.0000000
v 192.8664555 -156.6161741 0.0000000
v 153.6102365 -102.9880229 0.0000000
v 159.9658414 -92.8093056 0.0000000
v 143.0157832 -82.2256662 0.0000000
v 138.7782686 -79.5797563 0.0000000
v 136.6601783 -92.4043835 0.0000000
v 134.5407540 -76.9338465 0.0000000
v 128.1851491 -87.1125638 0.0000000
v 130.3032395 -74.2879367 0.0000000
v 123.9476346 -84.4666540 0.0000000
v 121.8282103 -68.9961170 0.0000000
v 115.4726054 -79.1748343 0.0000000
v 117.5906958 -66.3502071 0.0000000
v 109.1156666 -61.0583874 0.0000000
v 111.2350909 -76.5289244 0.0000000
v 98.5225472 -68.5911949 0.0000000
v 102.7600617 -71.2371048 0.0000000
v 94.2850326 -65.9452851 0.0000000
v 104.8781521 -58.4124776 0.0000000
v 81.5724889 -58.0075555 0.0000000
v 79.4530647 -42.5370185 0.0000000
v 68.8599452 -50.0698260 0.0000000
v 73.0974598 -52.7157359 0.0000000
v 60.3849161 -44.7780063 0.0000000
v 47.6723724 -36.8402768 0.0000000
v 51.9098869 -39.4861866 0.0000000
v 34.9598287 -28.9025473 0.0000000
v 26.4847995 -23.6107276 0.0000000
v 24.3653753 -8.1401906 0.0000000
v 13.7722558 -15.6729980 0.0000000
v 18.0097704 -18.3189079 0.0000000
v 5.2972267 -10.3811783 0.0000000
v 9.5347412 -13.0270882 0.0000000
v -56.2093229 42.0494502 0.0000000
v -62.5499466 31.8613939 0.0000000
v -64.6921279 47.3287962 0.0000000
v -81.6577378 57.8874882 0.0000000
v -121.9295814 68.8168160 0.0000000
v -151.6193988 87.2945270 0.0000000
v -210.4867657 127.2562826 0.0000000
v -225.7197660 129.4064211 0.0000000
v -302.4943540 128.0605103 0.0000000
v -299.5318674 116.4310667 0.0000000
v -418.7585687 82.0772686 0.0000000
v -414.6792539 70.7919157 0.0000000
v -424.0756928 67.3953864 0.0000000
v -435.5085624 65.9120977 0.0000000
v -445.7585801 65.0729677 0.0000000
v -495.6774563 80.9354884 0.0000000
v -525.7788911 100.3229693 0.0000000
v -545.2849554 131.6395042 0.0000000
v -554.4750846 155.9312480 0.0000000
v -552.6281322 157.8056054 0.0000000
v -550.8609731 170.6760852 0.0000000
v -555.6929904 169.4076307 0.0000000
v -509.8960948 159.0714896 0.0000000
v -504.3628506 170.8333167 0.0000000
v -414.5315995 166.7671446 0.0000000
v -385.1304683 153.4240283 0.0000000
v -379.5972241 165.1858555 0.0000000
v -310.2710924 150.0355516 0.0000000
v -304.7378482 161.7973787 0.0000000
v -245.3929666 147.0988717 0.0000000
v -179.9722216 156.1499174 0.0000000
v -165.5429656 143.4844965 0.0000000
v -165.0003465 155.4722221 0.0000000
v -130.0659710 153.8909329 0.0000000
v -95.6742147 140.3219182 0.0000000
v -95.1315956 152.3096438 0.0000000
v -55.7492142 138.5147306 0.0000000
v -40.2347199 149.8247608 0.0000000
v 158.9664537 130.2861994 0.0000000
v 213.8850486 128.3395267 0.0000000
v 218.8776481 128.1625565 0.0000000
v 384.0585241 134.3150067 0.0000000
v 433.5594282 120.5528359 0.0000000
v 478.9179153 130.9525720 0.0000000
v 498.8883134 130.2446911 0.0000000
v 508.4484213 117.8982822 0.0000000
v 533.8365102 129.0058993 0.0000000
v 553.3818171 116.3055500 0.0000000
v 553.8069083 128.2980183 0.0000000
v 563.7921074 127.9440779 0.0000000
v 638.2560093 113.2970558 0.0000000
v 678.1968056 111.8812938 0.0000000
v 698.9190639 123.0986088 0.0000000
v 743.6966908 119.0352376 0.0000000
v 759.3311034 87.7571910 0.0000000
v 753.8600443 -0.2184813 0.0000000
v 757.3617314 12.8581020 0.0000000
v 757.9702328 -20.4000810 0.0000000
v 737.7399511 -31.9782329 0.0000000
v 706.5321560 -62.3991874 0.0000000
v 708.5632165 -74.2334343 0.0000000
v 703.6130451 -74.9066147 0.0000000
v 693.6466192 -76.2615889 0.0000000
v 647.6963924 -74.4976137 0.0000000
v 617.4982176 -97.5957327 0.0000000
v 648.5770167 -176.5047602 0.0000000
v 652.8536874 -179.0869019 0.0000000
v 671.7189509 -178.9747489 0.0000000
v 679.4570467 -194.8291250 0.0000000
v 661.6641579 -205.2790277 0.0000000
v 616.2194189 -250.2083307 0.0000000
v 620.4282927 -247.5170950 0.0000000
v 571.8245981 -274.1293405 0.0000000
v 558.5902113 -281.1626416 0.0000000
v 536.5329000 -292.8848100 0.0000000
v 514.4755887 -304.6069785 0.0000000
v 403.0714943 -336.8407350 0.0000000
v 426.0186043 -340.9331720 0.0000000
v 383.8733196 -356.8408759 0.0000000
v 332.8290924 -362.6909810 0.0000000
v 351.6015530 -355.8417021 0.0000000
v 271.8185955 -384.9511375 0.0000000
v 173.2258917 -416.5942274 0.0000000
v 158.4360344 -419.0183642 0.0000000
v 160.3769995 -430.8603512 0.0000000
v 178.1558441 -415.7861818 0.0000000
v 155.4470471 -431.6683968 0.0000000
v 143.6461771 -421.4425011 0.0000000
v 130.7972849 -435.7086248 0.0000000
v 135.7272374 -434.9005792 0.0000000
v 44.2072761 -432.6593482 0.0000000
v 14.6457406 -427.7014368 0.0000000
v -54.5049952 -395.6199775 0.0000000
v -58.1421068 -407.0555109 0.0000000
v -81.9239550 -398.8356573 0.0000000
v -110.8777418 -375.8676847 0.0000000
v -119.6214981 -385.4855896 0.0000000
v -114.9173339 -387.1673173 0.0000000
v -138.4381549 -378.7586790 0.0000000
v -347.5565789 -349.3994404 0.0000000
v -392.4146502 -350.9959834 0.0000000
v -442.3509730 -352.4453011 0.0000000
v -483.2440094 -364.6317576 0.0000000
v -472.3127667 -353.3148917 0.0000000
v -588.5149902 -330.9987176 0.0000000
v -595.8892659 -341.7028021 0.0000000
v -591.0019990 -342.7381719 0.0000000
v -689.0931279 -325.2524023 0.0000000
v -687.2865411 -337.1186587 0.0000000
v -730.1242788 -309.4824096 0.0000000
v -669.1240675 -320.8739362 0.0000000
v -669.8448282 -320.9881581 0.0000000
v -372.0919879 -362.4112055 0.0000000
v -312.6163920 -347.9522360 0.0000000
v -191.4391565 -348.3431565 0.0000000
v -186.6765891 -349.8515732 0.0000000
v -181.9140218 -351.3599900 0.0000000
v -166.5342829 -368.8186149 0.0000000
v -162.8637525 -357.3936571 0.0000000
v -134.3985628 -367.4590465 0.0000000
v -77.9330086 -387.5187519 0.0000000
v 46.1921337 -420.8246390 0.0000000
v 79.9995137 -423.8715222 0.0000000
v 104.9762998 -424.1787211 0.0000000
v 195.8385249 -424.6737469 0.0000000
v 285.3179016 -392.7995902 0.0000000
v 299.9772864 -374.6772191 0.0000000
v 304.0903622 -385.9503113 0.0000000
v 327.5559379 -377.3887127 0.0000000
v 355.7146288 -367.1147943 0.0000000
v 412.4072247 -333.2807332 0.0000000
v 435.3543347 -337.3731702 0.0000000
v 463.7537418 -313.7007233 0.0000000
v 490.9858737 -301.9881922 0.0000000
v 597.0733895 -247.1217565 0.0000000
v 613.9638128 -237.4071741 0.0000000
v 631.1054624 -165.6548435 0.0000000
v 631.3662404 -165.8392833 0.0000000
v 619.1040763 -156.6780372 0.0000000
v 626.4996208 -147.2242882 0.0000000
v 614.5952360 -115.2778005 0.0000000
v 602.6321497 -116.2230204 0.0000000
v 617.2701864 -75.4994408 0.0000000
v 628.8746931 -80.8571569 0.0000000
v 640.4475275 -75.3923150 0.0000000
v 636.1489183 -64.1870574 0.0000000
v 747.2505059 4.0482866 0.0000000
v 730.4760142 32.0363044 0.0000000
v 733.0754215 43.5941292 0.0000000
v 743.4311609 76.9957717 0.0000000
v 263.8110440 126.5698243 0.0000000
v 288.7740417 125.6849730 0.0000000
v 269.2287347 138.3853224 0.0000000
v 254.2509361 138.9162331 0.0000000
v 233.8554468 127.6316457 0.0000000
v 203.8998495 128.6934672 0.0000000
v 168.9516528 129.9322589 0.0000000
v 138.9960555 130.9940804 0.0000000
v 119.4507486 143.6944298 0.0000000
v 119.0256574 131.7019614 0.0000000
v 109.0404583 132.0559019 0.0000000
v 114.0330579 131.8789316 0.0000000
v 109.4655495 144.0483702 0.0000000
v 94.0626597 132.5868126 0.0000000
v -115.6367150 141.2255120 0.0000000
v -80.7023396 139.6442229 0.0000000
v 44.1366643 134.3565151 0.0000000
v 29.5839569 146.8798942 0.0000000
v 19.5987578 147.2338347 0.0000000
v 84.0774606 132.9407531 0.0000000
v 84.5025518 144.9332215 0.0000000
v 348.6852361 123.5613301 0.0000000
v -259.8222226 159.7642926 0.0000000
v -260.3648417 147.7765671 0.0000000
v 253.8258449 126.9237647 0.0000000
v -305.2804673 149.8096531 0.0000000
v -454.9992191 156.5866066 0.0000000
v -494.9242196 158.3937942 0.0000000
v -510.5626148 103.8293080 0.0000000
v -468.8255362 81.6108159 0.0000000
v -459.1378524 79.1657682 0.0000000
v -359.8407548 107.9110142 0.0000000
v -336.3829051 118.8618313 0.0000000
v -235.6143560 130.7944279 0.0000000
v -240.5616511 131.4884313 0.0000000
v -186.1029823 105.2222266 0.0000000
v -181.4868226 116.2988267 0.0000000
v -172.3476693 99.4897166 0.0000000
v -167.6528828 110.5335491 0.0000000
v -153.7615801 102.7619293 0.0000000
v -145.2787751 97.4825833 0.0000000
v -115.5889577 79.0048723 0.0000000
v -30.7609080 26.2114122 0.0000000
v 66.7405210 -34.5992890 0.0000000
v 20.1278607 -5.4942807 0.0000000
v 37.0779190 -16.0779201 0.0000000
v 43.4348578 -34.1943669 0.0000000
v 49.7904627 -24.0156496 0.0000000
v 174.7978094 -116.2175721 0.0000000
v 198.1034725 -116.6224942 0.0000000
v 200.8251385 -133.6930104 0.0000000
v 202.1433886 -140.0099844 0.0000000
v 214.0861323 -141.3623154 0.0000000
v 199.9231274 -147.2104407 0.0000000
v 210.6518575 -152.5894850 0.0000000
v 136.4112318 -251.6819891 0.0000000
v 134.6108298 -284.6485039 0.0000000
v 125.1962489 -310.3048842 0.0000000
v 120.0885405 -315.7732642 0.0000000
v 96.3863535 -350.1167923 0.0000000
v 76.3928859 -358.8715833 0.0000000
v 48.0596241 -368.6537888 0.0000000
v 23.0965658 -374.5029415 0.0000000
v 18.2215960 -375.5947464 0.0000000
v -36.7626845 -363.5259497 0.0000000
v -48.7263127 -373.5609423 0.0000000
v -46.5953541 -361.7516656 0.0000000
v -58.5589822 -371.7866582 0.0000000
v -101.3100540 -354.0462233 0.0000000
v -125.9357967 -325.7763432 0.0000000
v -132.1077371 -336.0674632 0.0000000
v -127.8234280 -338.6369115 0.0000000
v -149.2449735 -325.7896703 0.0000000
v -164.4945786 -302.6513092 0.0000000
v -185.9161241 -289.8040681 0.0000000
v -230.6468463 -276.9701541 0.0000000
v -224.4749060 -266.6790341 0.0000000
v -239.2154645 -271.8312577 0.0000000
v -256.3527009 -261.5534648 0.0000000
v -260.6370100 -258.9840166 0.0000000
v -277.7742464 -248.7062237 0.0000000
v -297.3050996 -223.0002501 0.0000000
v -303.4801010 -233.2895344 0.0000000
v -299.1957919 -235.8589826 0.0000000
v -314.4000190 -212.6834877 0.0000000
v -320.6057601 -222.9542607 0.0000000
v -447.7684542 -237.8985292 0.0000000
v -460.5609622 -258.7119095 0.0000000
v -480.2728827 -261.9918618 0.0000000
v -481.9028833 -250.0980964 0.0000000
v -531.8286303 -248.9734338 0.0000000
v -548.0382659 -235.7364708 0.0000000
v -547.4566917 -220.1486270 0.0000000
v -555.4813151 -229.0708506 0.0000000
v -554.4982345 -213.4589014 0.0000000
v -566.4920089 -218.4695646 0.0000000
v -596.4309912 -184.0200840 0.0000000
v -746.1802850 -298.4140940 0.0000000
v -734.7873071 -282.9301442 0.0000000
v -741.7593578 -252.3709381 0.0000000
v -730.0849975 -255.1478108 0.0000000
v -644.2906989 -182.0205970 0.0000000
v -637.3052896 -192.9824137 0.0000000
v -639.3694255 -181.1612740 0.0000000
v -558.0477476 -209.9434604 0.0000000
v -551.7597905 -232.4036607 0.0000000
v -543.7542175 -223.4643765 0.0000000
v -406.3216585 -209.4808117 0.0000000
v -423.7587717 -219.3281932 0.0000000
v -349.1082267 -200.2951365 0.0000000
v -343.8209233 -200.9182604 0.0000000
v -254.4650696 -248.6928965 0.0000000
v -217.7939190 -284.6784988 0.0000000
v -192.0880644 -300.0951881 0.0000000
v -170.6665189 -312.9424292 0.0000000
v -155.9259604 -307.7902056 0.0000000
v -104.5142512 -338.6235843 0.0000000
v 2.1130029 -376.4685565 0.0000000
v 81.9210838 -344.2678679 0.0000000
v 115.8870671 -334.5072958 0.0000000
v 136.8058503 -210.2956552 0.0000000
v 160.7889471 -180.4553236 0.0000000
v 152.1023379 -187.3266360 0.0000000
v 100.6406375 -55.7665678 0.0000000
v 30.7223141 -26.2566374 0.0000000
v -242.2286811 119.6047866 0.0000000
v -419.3774733 69.0936510 0.0000000
v -446.3075745 77.0612982 0.0000000
v -533.7329525 106.3696528 0.0000000
v -519.3347258 171.5110121 0.0000000
v -429.5034747 167.4448400 0.0000000
v -229.8784722 158.4089019 0.0000000
v 588.3300139 115.0667583 0.0000000
v 733.7461070 119.9382089 0.0000000
v 744.5371900 40.0405588 0.0000000
v 692.1287076 -64.3579317 0.0000000
v 693.7127024 -76.2529756 0.0000000
v 658.3951876 -63.1237288 0.0000000
v 664.2077636 -172.0393389 0.0000000
v 666.5386244 -193.3897729 0.0000000
v 671.3027268 -212.4273242 0.0000000
v 407.3471436 -348.0531756 0.0000000
v 393.3321294 -353.3892233 0.0000000
v 370.3740136 -348.9924232 0.0000000
v 153.5060820 -419.8264098 0.0000000
v 104.8287184 -436.1778135 0.0000000
v 74.8565751 -435.8091749 0.0000000
v 21.5575208 -416.6930462 0.0000000
v 19.5726631 -428.5277553 0.0000000
v -387.0728847 -362.8460008 0.0000000
v -437.0092076 -364.2953184 0.0000000
v -561.5854588 -348.7665862 0.0000000
v -686.7592013 -337.0262964 0.0000000
v -741.2085777 -314.1896346 0.0000000
v -167.6263199 -355.8852403 0.0000000
v 89.9902281 -423.9944017 0.0000000
v 323.4428621 -366.1156205 0.0000000
v 374.4870893 -360.2655154 0.0000000
v 445.0822810 -320.8207269 0.0000000
v 601.4848518 -244.7773228 0.0000000
v 649.8904095 -228.6784449 0.0000000
v 643.4259296 -218.5685240 0.0000000
v 602.6484612 -116.4106939 0.0000000
v 620.7979766 -71.9622011 0.0000000
v 745.2402708 19.4656849 0.0000000
v 313.7370393 124.8001218 0.0000000
v 234.2805379 139.6241141 0.0000000
v 219.3027393 140.1550248 0.0000000
v 139.4211467 142.9865488 0.0000000
v -230.4210914 146.4211764 0.0000000
v 114.4581490 143.8714000 0.0000000
v -180.5148408 144.1621919 0.0000000
v 64.1070625 133.6486341 0.0000000
v -20.8148388 136.9334415 0.0000000
v 354.1029268 135.3768282 0.0000000
v -425.0554688 155.2312159 0.0000000
v -477.6922509 71.5867653 0.0000000
v -355.3196596 110.0363535 0.0000000
v -337.2352789 118.5377105 0.0000000
v -210.8778810 127.3244110 0.0000000
v 54.0279773 -26.6615595 0.0000000
v 15.8903462 -2.8483709 0.0000000
v 149.6006422 -261.3410000 0.0000000
v 135.8555843 -315.8329821 0.0000000
v 52.7818344 -367.0234213 0.0000000
v -436.9635069 -245.1242113 0.0000000
v -443.7788039 -235.2452692 0.0000000
v -525.7687039 -238.6111776 0.0000000
v -531.2778661 -249.2764574 0.0000000
v -669.1865354 -188.4648245 0.0000000
v -665.5891788 -199.9129259 0.0000000
v -583.8430340 -203.6379645 0.0000000
v -578.5209024 -192.8827371 0.0000000
v -387.3770575 -215.7306757 0.0000000
v -390.9730179 -204.2821357 0.0000000
v -359.2913210 -199.4915001 0.0000000
v -344.1509506 -200.8706201 0.0000000
v -121.6514876 -328.3457914 0.0000000
v -8.1537652 -364.7032283 0.0000000
v 133.4568152 -229.9959563 0.0000000
v 133.4140884 -231.7113647 0.0000000
v 132.4226637 -89.7584737 0.0000000
v 90.0475180 -63.2993752 0.0000000
v -445.4661489 65.0899379 0.0000000
v 438.9771190 132.3683340 0.0000000
v 748.2118070 -37.8382869 0.0000000
v 728.5851083 -62.4745189 0.0000000
v 663.3327891 -171.3962714 0.0000000
v 637.2637880 -236.7521521 0.0000000
v 257.7392501 -390.0880967 0.0000000
v 99.8333612 -436.1163737 0.0000000
v -34.3309510 -414.6158756 0.0000000
v -740.2811964 -315.9520831 0.0000000
v -648.6420022 -332.4291946 0.0000000
v -222.2735891 -356.2205730 0.0000000
v 647.6348034 -215.8772883 0.0000000
v 747.8693349 91.3107614 0.0000000
v 193.9146505 129.0474077 0.0000000
v -290.3085921 149.1319578 0.0000000
v -266.7313593 131.8821053 0.0000000
v -172.2641961 112.4553083 0.0000000
v 172.6783851 -100.7470351 0.0000000
v 149.6135769 -259.9733784 0.0000000
v 137.9968400 -311.3194034 0.0000000
v 96.6876841 -334.5046600 0.0000000
v 48.8656117 -355.6804411 0.0000000
v -436.6312405 -244.8865403 0.0000000
v -734.9332458 -278.3157531 0.0000000
v -642.2265631 -193.8417366 0.0000000
v 134.0016590 -236.6429894 0.0000000
v -423.4567881 80.3790039 0.0000000
v 383.6334329 122.3225383 0.0000000
v 747.8180703 3.7845411 0.0000000
v 659.0561183 -168.8141296 0.0000000
v 180.0968092 -427.6281687 0.0000000
v 75.0041565 -423.8100824 0.0000000
v -387.4210179 -350.8510517 0.0000000
v -737.2628294 -319.9133955 0.0000000
v 298.7592407 125.3310325 0.0000000
v -40.7773391 137.8370353 0.0000000
v -265.6971544 119.9267542 0.0000000
v -176.8803558 101.3787082 0.0000000
v 166.3227802 -110.9257524 0.0000000
v 57.5040447 -365.3930537 0.0000000
v -33.9773083 -376.2223684 0.0000000
v -432.6725607 -241.8459563 0.0000000
v -746.9392305 -278.3162386 0.0000000
v -424.5472734 -219.8670318 0.0000000
v 104.1866389 -343.8729937 0.0000000
v 602.7048339 -257.7183047 0.0000000
v -382.0792524 -362.7010690 0.0000000
v -677.0042476 -334.8651963 0.0000000
v -130.6085902 141.9032074 0.0000000
v 157.8477511 -105.6339327 0.0000000
v -672.1267708 -333.7846462 0.0000000
v 79.5099523 145.1101917 0.0000000
v 164.2033560 -95.4552154 0.0000000
v 742.5978231 27.3438512 0.0000000
v 275.9316713 -396.2242297 0.0000000
v -674.7223050 -322.0687082 0.0000000
v -734.0940669 -323.9180073 0.0000000
v -430.0460938 155.4571144 0.0000000
v -436.2089426 -229.2809465 0.0000000
v -39.2437130 31.4907582 0.0000000
v -564.0999920 -336.0137633 0.0000000
v 378.6408333 122.4995086 0.0000000
v -703.3901258 -217.9604480 0.0000000
v -711.5421206 -209.1544852 0.0000000
v -700.1105540 -214.9244311 0.0000000
v -707.8760991 -205.7607180 0.0000000
v -707.0467890 -205.1180060 0.0000000
v -702.8935081 -202.4455480 0.0000000
v -382.4273856 -350.7061199 0.0000000
v -297.1454182 -359.3217253 0.0000000
v -292.6505709 -347.1252621 0.0000000
v -190.2998800 -361.2914929 0.0000000
v -115.5819060 -374.1859571 0.0000000
v -517.0577575 -242.8252571 0.0000000
v -96.0580202 -393.8512296 0.0000000
v -92.0670738 -382.5343242 0.0000000
v -63.7989435 -392.5031796 0.0000000
v 79.8519323 -435.8706147 0.0000000
v -365.5147874 -199.3263770 0.0000000
v -364.4984290 -199.2803813 0.0000000
v 183.0857965 -414.9781362 0.0000000
v 308.7834773 -384.2379916 0.0000000
v -7.8757861 -376.7000082 0.0000000
v 454.4180114 -317.2607251 0.0000000
v 495.8583285 -312.9544671 0.0000000
v 108.0867817 -340.7510944 0.0000000
v 100.5878268 -331.3827607 0.0000000
v 127.1550031 -306.1760025 0.0000000
v 131.4375145 -297.1488450 0.0000000
v 149.0944123 -255.0359695 0.0000000
v 674.2744932 -208.4116085 0.0000000
v 664.6285476 -201.2732801 0.0000000
v 147.4675454 -244.8471301 0.0000000
v 135.6192850 -246.7494250 0.0000000
v 146.6755986 -239.9145659 0.0000000
v 646.2261062 -161.0677043 0.0000000
v 640.0236753 -171.3404766 0.0000000
v 619.9519550 -136.9833384 0.0000000
v 606.9718644 -137.8353112 0.0000000
v 607.1529303 -89.2995267 0.0000000
v 608.8324060 -84.7378798 0.0000000
v 610.2146060 -82.5739203 0.0000000
v -227.3867961 117.5227765 0.0000000
v -270.6743016 119.4962030 0.0000000
v 723.8632833 -50.3199193 0.0000000
v -312.1466541 125.4793135 0.0000000
v 740.1795575 -27.6186814 0.0000000
v -363.7777762 92.8004438 0.0000000
v -377.3410618 86.4244260 0.0000000
v -436.4959965 77.8714026 0.0000000
v -462.0744145 67.5306230 0.0000000
v -482.1894960 73.7029234 0.0000000
v -526.4707376 115.9226751 0.0000000
v -547.8140831 159.0693432 0.0000000
v -552.8059527 140.4593993 0.0000000
v -564.1223275 136.4666482 0.0000000
vt -20.6714671 9.3315144
vt -18.5507659 8.0116779
vt -17.5011553 14.4255426
vt -22.7921684 10.6513509
vt -35.5163758 18.5703700
vt -33.3956746 17.2505335
vt -30.2253627 22.3445616
vt -43.9991808 23.8497160
vt -41.8784795 22.5298795
vt -38.7081677 27.6239076
vt -50.3612845 27.8092255
vt -47.1909727 32.9032536
vt -54.6026870 30.4488985
vt -52.4819857 29.1290620
vt -49.3116739 34.2230901
vt -51.4323751 35.5429266
vt -53.5530764 36.8627631
vt -58.8440895 33.0885715
vt -56.7233882 31.7687350
vt -59.9151801 40.8222726
vt -65.2061932 37.0480810
vt -63.0854920 35.7282445
vt -64.1565826 43.4619456
vt -69.4475957 39.6877540
vt -67.3268944 38.3679175
vt -68.3979851 46.1016186
vt -73.6889982 42.3274270
vt -71.5682969 41.0075905
vt -74.7600888 50.0611281
vt -80.0511019 46.2869365
vt -77.9304007 44.9671000
vt -79.0014913 52.7008011
vt -84.1223092 48.8206871
vt -82.1718031 47.6067730
vt -97.6603812 61.0320522
vt -99.9684611 55.4937521
vt -97.6628044 54.5328725
vt -99.9660379 61.9929318
vt -102.2741177 56.4546318
vt -111.2197505 58.4143865
vt -106.3707981 57.7341786
vt -110.3862355 64.3562089
vt -115.3335305 65.0502123
vt -118.6406931 59.4553916
vt -116.1670455 59.1083899
vt -122.7544730 66.0912173
vt -125.8034458 60.4601780
vt -123.5879881 60.1493950
vt -135.8542533 65.7257771
vt -138.3428269 65.5105015
vt -137.8257244 59.5328260
vt -140.8314005 65.2952259
vt -140.3142980 59.3175504
vt -154.5232868 56.9433325
vt -152.1102118 57.5886317
vt -153.6602520 63.3849560
vt -161.7625119 55.0074349
vt -159.3494369 55.6527341
vt -160.8994771 61.4490584
vt -163.3125521 60.8037591
vt -164.1379070 54.3722120
vt -191.2231153 48.6421589
vt -193.4836629 47.5794893
vt -190.9310785 42.1495434
vt -195.7442105 46.5168197
vt -193.1916261 41.0868738
vt -195.4521736 40.0242041
vt -198.0047581 45.4541500
vt -197.7127212 38.9615345
vt -200.1764721 44.4332405
vt -202.3702787 43.5721785
vt -200.2160413 37.9720962
vt -202.6414075 37.0942225
vt -200.2922978 37.9433548
vt -204.6810649 42.7368990
vt -204.9905172 36.2450902
vt -207.0301746 41.8877666
vt -197.8929282 38.8839106
vt -213.7970429 39.4417478
vt -215.0673057 33.1845185
vt -212.6132376 33.5521348
vt -215.8577714 39.1330532
vt -215.2648846 33.1615888
vt -225.1361503 38.4641080
vt -228.6152863 33.1540496
vt -226.1933654 32.5427877
vt -225.3585819 32.4532626
vt -243.4373195 38.1044900
vt -241.2366152 36.9228628
vt -238.4682772 42.2466412
vt -240.5989933 43.3906894
vt -245.0004020 45.7539437
vt -247.2011063 46.9355708
vt -250.0394324 41.6493713
vt -249.4018106 48.1171979
vt -251.4907520 49.2388160
vt -252.2401368 42.8309984
vt -254.6589021 44.1418643
vt -254.4408411 44.0126256
vt -256.7455699 45.5008665
vt -253.3796722 50.4690295
vt -258.9124149 47.1381429
vt -256.9238995 45.6264720
vt -265.2175413 59.4681867
vt -267.1089625 60.9219634
vt -268.8676515 54.7061745
vt -274.7487444 59.6713391
vt -272.8783126 58.0157947
vt -270.7720459 64.1642078
vt -271.0078808 56.3602504
vt -270.8477451 56.2281064
vt -268.9016141 62.5086634
vt -274.5129095 67.4752964
vt -278.4896080 62.9824277
vt -276.6191762 61.3268834
vt -281.1883245 65.8516560
vt -280.3600398 64.6379720
vt -275.8159176 68.6286064
vt -282.0446763 68.1871958
vt -283.8689413 74.0491729
vt -283.7041312 72.9511654
vt -277.8521040 74.3909229
vt -283.7800606 76.4413913
vt -277.7967733 75.8801445
vt -283.6797576 77.1070184
vt -277.0385180 78.7078236
vt -282.3858413 81.9322800
vt -283.0327995 79.5196492
vt -280.2678886 84.0521805
vt -281.2106046 83.6115585
vt -281.9460861 82.8754006
vt -277.8644487 84.6990429
vt -272.4223696 86.0657857
vt -273.0144779 85.9722699
vt -271.7823920 80.0924141
vt -269.9538820 86.2055729
vt -269.7672440 80.2065292
vt -269.6486130 86.2073029
vt -257.4433599 79.6486940
vt -254.6767378 85.5296076
vt -257.1720504 85.6425568
vt -249.9574223 79.3098463
vt -247.1908002 85.1907599
vt -249.6861128 85.3037091
vt -234.9855471 78.6321510
vt -232.2189251 84.5130646
vt -234.7142376 84.6260138
vt -229.9949221 78.4062525
vt -227.2283000 84.2871661
vt -229.7236125 84.4001153
vt -222.5089845 78.0674049
vt -219.7423624 83.9483184
vt -222.2376749 84.0612677
vt -210.0324218 77.5026587
vt -209.7611123 83.4965215
vt -212.2564248 83.6094708
vt -197.5558592 76.9379126
vt -192.2939246 82.7058770
vt -197.2845496 82.9317754
vt -185.0792965 76.3731665
vt -174.8267369 81.9152324
vt -184.8079870 82.3670293
vt -172.6027339 75.8084204
vt -169.8361118 81.6893339
vt -172.3314243 81.8022832
vt -160.1261712 75.2436742
vt -154.8642366 81.0116386
vt -159.8548617 81.2375370
vt -150.1449211 74.7918773
vt -147.3782990 80.6727909
vt -149.8736115 80.7857401
vt -140.1636710 74.3400804
vt -139.8923614 80.3339432
vt -144.8829865 80.5598417
vt -135.1730459 74.1141820
vt -132.4064238 79.9950955
vt -134.9017364 80.1080448
vt -127.6871083 73.7753343
vt -124.9204862 79.6562479
vt -127.4157988 79.7691971
vt -120.2011707 73.4364866
vt -119.9298612 79.4303494
vt -122.4251737 79.5432986
vt -110.2199206 72.9846897
vt -109.9486111 78.9785525
vt -112.4439236 79.0915017
vt -92.7527329 72.1940452
vt -92.4814233 78.1879079
vt -99.9673609 78.5267556
vt -85.2667953 71.8551975
vt -84.9954858 77.8490603
vt -87.4907983 77.9620095
vt -80.2761703 71.6292990
vt -77.5095482 77.5102126
vt -80.0048607 77.6231618
vt -67.7996076 71.0645529
vt -67.5282980 77.0584157
vt -72.5189231 77.2843141
vt -62.8089825 70.8386545
vt -57.5470479 76.6066188
vt -62.5376730 76.8325172
vt -55.3230450 70.4998068
vt -52.5564229 76.3807203
vt -55.0517354 76.4936696
vt -45.3417948 70.0480099
vt -42.5751727 75.9289234
vt -45.0704853 76.0418727
vt -37.8558572 69.7091622
vt -37.5845477 75.7030250
vt -40.0798602 75.8159742
vt -35.3605447 69.5962130
vt -32.5939226 75.4771265
vt -35.0892351 75.5900758
vt -30.3699197 69.3703145
vt -27.6032976 75.2512281
vt -30.0986101 75.3641773
vt -17.8933570 68.8055684
vt -10.1361098 74.4605835
vt -17.6220474 74.7994312
vt -7.9121069 68.3537715
vt -5.1454848 74.2346851
vt -7.6407973 74.3476343
vt -2.9214818 68.1278731
vt 2.3345608 73.8961041
vt -2.6501723 74.1217358
vt 74.4906273 65.3200700
vt 76.9869271 65.2315848
vt 77.1994727 71.2278190
vt 84.6883720 70.9623636
vt 82.1920722 71.0508488
vt 81.9795266 65.0546146
vt 92.1772713 70.6969083
vt 89.6809715 70.7853934
vt 89.4684259 64.7891592
vt 104.6587701 70.2544827
vt 102.1624704 70.3429678
vt 104.4462245 64.2582485
vt 119.4240231 63.7273377
vt 121.9203229 63.6388526
vt 122.1328685 69.6350868
vt 189.5329623 67.2459885
vt 187.0366625 67.3344736
vt 186.8241169 61.3382394
vt 197.0218616 66.9805331
vt 194.5255618 67.0690182
vt 194.3130162 61.0727841
vt 199.5181613 66.8920480
vt 196.8093160 60.9842989
vt 204.5107609 66.7150777
vt 199.3056157 60.8958138
vt 204.2982153 60.7188436
vt 206.7945150 60.6303584
vt 207.0070606 66.6265926
vt 209.2908148 60.5418733
vt 209.5033604 66.5381075
vt 216.9922597 66.2726521
vt 211.9996602 66.4496224
vt 211.7871146 60.4533882
vt 219.2760139 60.1879328
vt 221.7723137 60.0994477
vt 221.9848593 66.0956819
vt 226.9774588 65.9187116
vt 224.4811590 66.0071968
vt 224.2686134 60.0109626
vt 226.7649132 59.9224775
vt 229.2612130 59.8339923
vt 229.4737586 65.8302265
vt 234.2538125 59.6570221
vt 234.4663581 65.6532563
vt 236.7501123 59.5685370
vt 236.9626579 65.5647711
vt 239.2464120 59.4800518
vt 241.7427118 59.3915667
vt 241.9552574 65.3878009
vt 246.7353113 59.2145965
vt 249.2316111 59.1261113
vt 246.9478569 65.2108306
vt 251.7279109 59.0376262
vt 251.9404565 65.0338604
vt 256.9330560 64.8568902
vt 254.4367562 64.9453753
vt 256.7205104 58.8606560
vt 259.2168102 58.7721709
vt 261.7131100 58.6836857
vt 259.4293558 64.7684050
vt 264.4219553 64.5914348
vt 261.9256556 64.6799199
vt 264.2094097 58.5952006
vt 266.7057095 58.5067155
vt 269.2020093 58.4182304
vt 269.4145549 64.4144645
vt 271.9108546 64.3259794
vt 271.6983090 58.3297452
vt 279.1872083 58.0642899
vt 281.6835081 57.9758047
vt 279.3997539 64.0605241
vt 284.1798079 57.8873196
vt 286.6761076 57.7988345
vt 284.3923535 63.8835538
vt 289.3849530 63.7065836
vt 286.8886532 63.7950687
vt 289.1724074 57.7103494
vt 294.3775525 63.5296133
vt 291.8812528 63.6180984
vt 291.6687072 57.6218643
vt 296.6613067 57.4448940
vt 299.1576065 57.3564089
vt 296.8738523 63.4411282
vt 301.8664519 63.2641579
vt 299.3701521 63.3526431
vt 301.6539063 57.2679238
vt 304.1502060 57.1794386
vt 306.6465058 57.0909535
vt 304.3627516 63.1756728
vt 309.3553512 62.9987026
vt 306.8590514 63.0871877
vt 309.1428056 57.0024684
vt 311.8516509 62.9102175
vt 311.6391053 56.9139833
vt 314.3479507 62.8217323
vt 314.1354051 56.8254981
vt 319.3405502 62.6447621
vt 316.8442505 62.7332472
vt 316.6317049 56.7370130
vt 321.6243044 56.5600428
vt 324.1206042 56.4715577
vt 321.8368500 62.5562770
vt 326.8294495 62.3793067
vt 324.3331498 62.4677918
vt 326.6169039 56.3830725
vt 329.1132037 56.2945874
vt 331.6095035 56.2061023
vt 329.3257493 62.2908216
vt 334.1058032 56.1176172
vt 331.8220491 62.2023365
vt 336.8146486 62.0253662
vt 334.3183488 62.1138513
vt 336.6021030 56.0291320
vt 341.8072481 61.8483960
vt 339.3109484 61.9368811
vt 341.5947026 55.8521618
vt 346.7998477 61.6714257
vt 344.3035479 61.7599109
vt 346.5733276 55.6756869
vt 349.3226258 61.5585769
vt 346.8277914 61.6703048
vt 348.9856336 55.5676549
vt 353.8925784 55.1223714
vt 354.4348238 61.0978187
vt 356.3802244 54.8966286
vt 358.8678703 54.6708857
vt 356.9224697 60.8720759
vt 361.8977616 60.4205902
vt 359.4101157 60.6463330
vt 361.3555163 54.4451429
vt 363.8431622 54.2194001
vt 366.3308081 53.9936572
vt 364.3854076 60.1948473
vt 368.8184541 53.7679144
vt 370.7997341 53.5881220
vt 369.3606994 59.7433616
vt 374.9943717 58.2729568
vt 372.8176589 59.2614365
vt 372.1599873 52.9704095
vt 375.6488806 57.8671804
vt 373.5018378 51.8771206
vt 378.1039611 55.7454434
vt 377.5853649 56.2894064
vt 374.2202616 50.9039790
vt 380.0521408 52.5039915
vt 379.4960909 53.8597328
vt 374.4462292 49.3290118
vt 380.4346802 49.7306618
vt 380.4068885 50.0314429
vt 374.5207616 47.5457824
vt 380.4052474 46.2644271
vt 380.5371883 47.2780992
vt 372.4552761 40.8837175
vt 378.1861604 39.1069323
vt 378.9258560 41.4927639
vt 370.9758848 36.1120543
vt 376.7067690 34.3352691
vt 377.4464647 36.7211007
vt 368.7567978 28.9545594
vt 374.4876820 27.1777742
vt 375.2273777 29.5636058
vt 368.0171021 26.5687278
vt 373.0082907 22.4061110
vt 373.7479863 24.7919426
vt 378.4673700 6.5248644
vt 376.2956552 7.3994107
vt 376.1174669 1.0029384
vt 376.7973652 0.6653605
vt 382.4539258 3.1808094
vt 380.8311137 5.3614264
vt 381.9036605 4.4654585
vt 382.8755681 0.7187859
vt 376.9913056 -1.4763837
vt 383.0235526 -2.0613570
vt 382.9156081 0.3467259
vt 380.2049196 -8.0202648
vt 381.4247228 -5.8404891
vt 374.9689916 -5.0902378
vt 373.7491884 -7.2700135
vt 372.5293852 -9.4497892
vt 377.7653132 -12.3798163
vt 367.6501723 -18.1688922
vt 366.5139828 -20.1992512
vt 372.8861003 -21.0989192
vt 371.6662971 -23.2786949
vt 370.0371730 -25.5738188
vt 371.4826126 -23.5670449
vt 365.3214114 -21.8549559
vt 369.6971868 -25.9684627
vt 357.8659255 -35.9975035
vt 359.9605244 -34.6366223
vt 354.9797332 -30.7175235
vt 358.5611274 -28.3906569
vt 362.0551233 -33.2757410
vt 362.4757700 -32.9456133
vt 356.6916212 -29.6052933
vt 354.6897553 -37.0319855
vt 357.0438741 -36.3697458
vt 343.8802555 -32.4513130
vt 341.3012743 -38.3060821
vt 343.7945712 -38.4571214
vt 344.3471846 -38.4395560
vt 339.1707813 -32.1660217
vt 338.8079774 -38.1550428
vt 331.6908907 -31.7129037
vt 331.3280868 -37.7019248
vt 333.8213837 -37.8529641
vt 326.7042969 -31.4108251
vt 326.3414931 -37.3998462
vt 328.8347900 -37.5508855
vt 315.7567148 -33.0248736
vt 315.9653686 -39.4073190
vt 317.9938510 -38.5922089
vt 302.3396622 -49.8741269
vt 307.6193283 -53.6641755
vt 308.1842186 -51.2310209
vt 301.7747720 -52.3072815
vt 307.1566700 -55.6569860
vt 303.4915249 -68.9289516
vt 304.6045242 -71.1651481
vt 308.8657864 -66.2611148
vt 311.9447205 -72.4471937
vt 311.0889768 -70.7278657
vt 305.7175235 -73.4013445
vt 327.3897238 -83.1159939
vt 325.2513885 -81.8249230
vt 322.1501730 -86.9613092
vt 329.9437187 -92.1200114
vt 331.6344301 -93.7484289
vt 334.0603838 -87.7545700
vt 328.3318278 -90.6936305
vt 333.9673382 -87.6686637
vt 332.7681823 -94.9750199
vt 335.9813891 -89.6118191
vt 338.3309971 -92.6182839
vt 337.6538273 -91.4212070
vt 339.0297602 -95.0164232
vt 333.7221039 -98.2488575
vt 339.0892025 -101.2616882
vt 339.7258585 -99.1021181
vt 333.4842532 -99.0556596
vt 338.6231298 -102.1979464
vt 334.1509215 -108.2238057
vt 335.6439661 -106.2236150
vt 329.6699143 -104.1964338
vt 333.3629524 -108.9567510
vt 331.2585155 -110.3023688
vt 325.9218386 -106.5930263
vt 327.0496417 -112.9936046
vt 329.1540786 -111.6479867
vt 319.6085279 -110.6298799
vt 320.7363309 -117.0304582
vt 322.8407678 -115.6848403
vt 309.0863433 -117.3579692
vt 312.3185833 -122.4129296
vt 314.4230202 -121.0673118
vt 304.9107065 -120.0279525
vt 302.8764552 -121.2545499
vt 308.0426880 -125.1457888
vt 303.5581481 -127.6869355
vt 305.7638792 -126.5147187
vt 305.9051167 -126.4346853
vt 296.3309636 -124.7330951
vt 296.9409547 -131.2035861
vt 299.1466858 -130.0313692
vt 291.9195014 -127.0775288
vt 292.5294924 -133.5480197
vt 294.7352236 -132.3758029
vt 287.5080391 -129.4219625
vt 288.1180302 -135.8924534
vt 290.3237613 -134.7202366
vt 278.6851146 -134.1108299
vt 281.5008368 -139.4091040
vt 283.7065679 -138.2368871
vt 272.0679212 -137.6274804
vt 274.8836434 -142.9257545
vt 277.0893745 -141.7535376
vt 269.8621900 -138.7996972
vt 270.4721811 -145.2701882
vt 272.6779123 -144.0979713
vt 261.0392655 -143.4885646
vt 263.8549877 -148.7868387
vt 266.0607189 -147.6146219
vt 256.6278033 -145.8329983
vt 259.4435255 -151.1312724
vt 261.6492566 -149.9590556
vt 254.5009172 -146.9633136
vt 254.8069446 -153.4211550
vt 257.0777518 -152.3825290
vt 252.3261235 -147.9580248
vt 254.7772397 -153.4345469
vt 206.0075044 -173.1365873
vt 208.3414370 -172.2465869
vt 203.8696798 -167.5303671
vt 199.2018146 -169.3103680
vt 196.8700581 -170.1995386
vt 201.3396392 -174.9165882
vt 217.8732753 -162.1903644
vt 215.5393427 -163.0803648
vt 220.0110999 -167.7965846
vt 222.3450325 -166.9065842
vt 224.6789651 -166.0165837
vt 220.2072079 -161.3003639
vt 199.0057066 -175.8065887
vt 194.5550486 -171.0782083
vt 199.0013530 -175.8082450
vt 194.2832174 -177.5642781
vt 196.6297750 -176.7081182
vt 171.1076614 -179.6331708
vt 168.7611038 -180.4893306
vt 173.1641992 -185.2697169
vt 166.1245265 -187.8381965
vt 168.4710841 -186.9820366
vt 164.0679886 -182.2016504
vt 170.8176417 -186.1258767
vt 180.4938916 -176.2085313
vt 178.1473341 -177.0646912
vt 180.2038720 -182.7012373
vt 173.4542189 -178.7770109
vt 159.3748735 -183.9139701
vt 157.0283159 -184.7701300
vt 159.0848538 -190.4066761
vt 147.3520659 -194.6874754
vt 149.6986235 -193.8313155
vt 147.6420856 -188.1947694
vt 142.9489705 -189.9070891
vt 140.6024129 -190.7632490
vt 145.0055084 -195.5436352
vt 133.5627402 -193.3317286
vt 131.2161826 -194.1878885
vt 135.6192781 -198.9682747
vt 130.9261629 -200.6805944
vt 133.2727205 -199.8244346
vt 128.5796054 -201.5367543
vt 126.5322036 -195.8968748
vt 126.2092913 -202.3842760
vt 128.5613116 -201.5433618
vt 123.8386108 -203.2183329
vt 126.1949152 -202.3893747
vt 124.1965224 -196.7319473
vt 121.8474126 -197.5583745
vt 119.4911082 -198.3873327
vt 119.1260020 -204.8762494
vt 121.4823064 -204.0472912
vt 117.1348038 -199.2162909
vt 112.0570888 -207.3631241
vt 116.7696976 -205.7052076
vt 114.7784994 -200.0452492
vt 110.0658906 -201.7031656
vt 107.7095862 -202.5321238
vt 107.3444800 -209.0210405
vt 109.7007844 -208.1920823
vt 105.3532818 -203.3610821
vt 84.1479696 -208.7011365
vt 81.6829934 -209.1051593
vt 85.1184522 -214.6221300
vt 94.9783570 -213.0060388
vt 95.1422145 -212.9744788
vt 93.9255067 -207.0985458
vt 92.5133808 -213.4100616
vt 87.5834284 -214.2181072
vt 82.6534760 -215.0261528
vt 72.7935711 -216.6422440
vt 75.2585473 -216.2382212
vt 74.2880648 -210.3172277
vt 57.4835071 -212.1508003
vt 54.9120378 -218.1196266
vt 57.4097164 -218.1503465
vt 64.4791077 -211.9249683
vt 62.2680172 -212.2096468
vt 65.2964898 -217.8692557
vt 62.8250576 -218.1874532
vt 62.4050737 -218.2117863
vt 59.9073951 -218.1810664
vt 69.3581123 -211.1252733
vt 66.8931361 -211.5292961
vt 70.3285949 -217.0462668
vt 35.0043996 -211.8743213
vt 32.6288091 -211.8451030
vt 34.9306089 -217.8738676
vt 32.1892801 -217.8302281
vt 32.4329303 -217.8431477
vt 29.7096907 -217.5973282
vt 30.3791274 -211.6337976
vt 27.0305606 -217.1559926
vt 29.4940219 -217.5691519
vt 20.6326056 -209.9991602
vt 17.1767155 -215.5033555
vt 19.6401768 -215.9165148
vt 15.7056830 -209.1728417
vt 12.2497929 -214.6770370
vt 14.7132542 -215.0901962
vt 3.3883765 -207.1070453
vt 2.3959477 -213.0243998
vt 4.8594090 -213.4375591
vt 1.0807868 -206.7200280
vt -0.3756471 -212.5427232
vt -0.0675136 -212.6112405
vt -2.7774981 -211.8742744
vt -1.1167609 -206.1084380
vt -5.2617673 -211.0875258
vt -2.8810257 -211.8434435
vt -5.8267579 -204.6129504
vt -10.0232506 -209.5756906
vt -7.6425090 -210.3316082
vt -10.5882412 -203.1011151
vt -14.7847339 -208.0638554
vt -12.4039922 -208.8197730
vt -20.1112077 -200.0774447
vt -21.9269588 -205.7961026
vt -19.5462171 -206.5520202
vt -34.2551493 -195.4208519
vt -36.2506225 -201.0793045
vt -33.8949449 -201.9100425
vt -29.5875616 -197.0668930
vt -31.5392674 -202.7407804
vt -31.4512761 -202.7702887
vt -24.8726910 -198.5656095
vt -26.6884420 -204.2842674
vt -24.3077004 -205.0401850
vt -41.3221818 -192.9286380
vt -45.6733326 -197.7563527
vt -43.3176550 -198.5870907
vt -50.7421514 -189.6066527
vt -53.0901285 -188.7735123
vt -52.7458445 -195.2622006
vt -55.0999028 -194.4269024
vt -55.1065849 -194.4245225
vt -52.7403652 -195.2641389
vt -60.1430351 -186.2521147
vt -64.5149132 -191.0610672
vt -62.1628312 -191.9019310
vt -71.9034456 -182.0477956
vt -73.9232416 -187.6976119
vt -71.5711595 -188.5384757
vt -74.2555277 -181.2069318
vt -80.9511057 -185.1851670
vt -76.2753237 -186.8567480
vt -86.1944436 -177.1884118
vt -88.0060890 -182.9083716
vt -85.6248054 -183.6625800
vt -88.5757272 -176.4342034
vt -92.7686563 -181.3999549
vt -90.3873727 -182.1541632
vt -98.1008619 -173.4173698
vt -99.9125073 -179.1373297
vt -97.5312237 -179.8915381
vt -161.0513473 -180.1777214
vt -158.5556196 -180.0743496
vt -158.8039236 -174.0794898
vt -163.5470749 -180.2810931
vt -161.2996513 -174.1828615
vt -163.7953789 -174.2862332
vt -166.2911065 -174.3896050
vt -166.0428026 -180.3844649
vt -173.5299855 -180.6945801
vt -171.0342578 -180.5912084
vt -171.2825618 -174.5963485
vt -176.0257131 -180.7979519
vt -176.2740171 -174.8030920
vt -201.0268908 -181.6403980
vt -196.0332585 -181.4954663
vt -201.2009574 -175.6429235
vt -203.6977735 -175.7153894
vt -206.1945897 -175.7878553
vt -203.5237069 -181.7128639
vt -216.0077876 -182.0751933
vt -213.5109715 -182.0027274
vt -216.1818542 -176.0777188
vt -208.6914058 -175.8603211
vt -206.0205231 -181.7853298
vt -211.1882220 -175.9327870
vt -213.6850381 -176.0052529
vt -211.0141554 -181.9302616
vt -208.5173392 -181.8577957
vt -218.6786704 -176.1501847
vt -223.4982361 -182.2925910
vt -221.0014199 -182.2201251
vt -223.6723027 -176.2951164
vt -226.1691188 -176.3675823
vt -228.6659349 -176.4400482
vt -225.9950522 -182.3650569
vt -231.1627511 -176.5125141
vt -228.4918684 -182.4375227
vt -233.4855006 -182.5824545
vt -230.9886845 -182.5099886
vt -233.6595672 -176.5849800
vt -238.4791329 -182.7273863
vt -235.9823168 -182.6549204
vt -238.3953517 -176.7224281
vt -238.9923213 -182.6982267
vt -241.4527079 -182.3451441
vt -240.5153302 -176.4181964
vt -250.2237822 -174.4521075
vt -253.8628562 -179.8369458
vt -251.4146859 -180.3327324
vt -264.9128039 -171.4773879
vt -268.5518779 -176.8622261
vt -266.1037076 -177.3580127
vt -289.3872097 -166.5209996
vt -290.5999976 -172.3971549
vt -290.5854106 -172.4001467
vt -293.0456526 -171.8892279
vt -291.8197159 -166.0158034
vt -293.0573660 -171.8867708
vt -283.2408997 -173.8875065
vt -304.0320289 -163.4286193
vt -310.1628003 -168.2629767
vt -305.2755333 -169.2983464
vt -311.3629293 -161.8755647
vt -319.6492659 -166.2532646
vt -312.6064337 -167.7452918
vt -339.7998909 -161.5746291
vt -342.2386293 -162.1149042
vt -340.9408622 -167.9728732
vt -346.4914509 -168.9030597
vt -346.1062372 -168.8782253
vt -346.6848582 -162.9030597
vt -354.6186198 -168.8353956
vt -353.9850535 -168.9030597
vt -353.6646571 -162.9030597
vt -355.2951517 -162.5507718
vt -359.9824036 -166.8276324
vt -357.7900364 -168.0246570
vt -356.9859468 -168.3239062
vt -361.1371186 -159.3610788
vt -365.0126601 -163.9592854
vt -364.3671381 -164.4335831
vt -366.7780031 -162.2557731
vt -365.6846071 -152.8479275
vt -366.4647667 -150.4750193
vt -371.3844485 -154.7219092
vt -367.1216480 -148.4770708
vt -372.1646082 -152.3490010
vt -362.4672039 -158.0775795
vt -363.8757631 -156.2982081
vt -368.5973928 -160.0005022
vt -357.1070919 -161.5614590
vt -333.8030974 -166.3915817
vt -331.6638756 -166.1848997
vt -332.0909124 -160.1982194
vt -331.7902761 -160.1843394
vt -324.2967348 -160.2146464
vt -326.7945819 -160.2045441
vt -326.8188482 -166.2044950
vt -321.8367117 -166.2246448
vt -321.7717733 -160.2249809
vt -321.7988877 -160.2247487
vt -318.6938298 -160.3225100
vt -319.2763344 -160.2576303
vt -308.9192959 -162.3932495
vt -302.8318999 -169.8160313
vt -296.7011285 -164.9816739
vt -301.5883955 -163.9463042
vt -273.4482185 -175.8706529
vt -272.2573148 -169.9900281
vt -279.6018257 -168.5026683
vt -271.0000482 -176.3664395
vt -267.3609742 -170.9816013
vt -269.8091445 -170.4858147
vt -252.6719525 -173.9563209
vt -186.2343332 -175.2085424
vt -188.7168767 -175.2805941
vt -188.5428101 -181.2780686
vt -186.0174531 -181.2046384
vt -183.5214739 -181.1084101
vt -183.5128960 -181.1080671
vt -183.7569113 -175.1130296
vt -178.7697447 -174.9064637
vt -178.5214407 -180.9013236
vt -156.0598920 -179.9709779
vt -153.5641644 -179.8676062
vt -153.8124684 -173.8727463
vt -148.8210131 -173.6660028
vt -146.0769815 -179.5574909
vt -143.5812538 -179.4541192
vt -143.8295578 -173.4592593
vt -141.0855262 -179.3507474
vt -141.3338302 -173.3558876
vt -136.3423749 -173.1491441
vt -138.8381025 -173.2525158
vt -138.5897986 -179.2473757
vt -136.0940709 -179.1440040
vt -131.1026156 -178.9372605
vt -131.3509196 -172.9424006
vt -128.6068880 -178.8338887
vt -126.1111604 -178.7305170
vt -128.8551920 -172.8390288
vt -116.3765538 -172.3221701
vt -126.3594644 -172.7356571
vt -116.1282498 -178.3170300
vt -113.6325222 -178.2136583
vt -113.8808262 -172.2187984
vt -103.8979156 -171.8053114
vt -106.3936433 -171.9086831
vt -104.1558813 -177.8211407
vt -102.9065734 -171.9308115
vt -100.5207780 -172.6512115
vt -102.2745150 -178.3892265
vt -100.4821455 -172.6631615
vt -111.3850985 -172.1154266
vt -106.1453393 -177.9035430
vt -78.9596919 -179.5252041
vt -79.0166545 -179.5054832
vt -81.3847636 -178.7121795
vt -69.5513635 -182.8886594
vt -62.4951172 -185.4112509
vt -48.3892144 -190.4364242
vt -50.3846876 -196.0948768
vt -43.6778594 -192.0979001
vt -38.6063000 -200.2485666
vt -36.6108268 -194.5901139
vt -22.4919493 -199.3215271
vt -15.3497244 -201.5892799
vt -17.7304661 -200.8333623
vt -12.9689828 -202.3451975
vt -8.2074995 -203.8570327
vt -3.4460163 -205.3688680
vt 8.3152991 -207.9333638
vt 5.8518378 -207.5202045
vt 13.2422217 -208.7596824
vt 18.1691443 -209.5860010
vt 24.5670994 -216.7428334
vt 28.0229895 -211.2386381
vt 25.5595282 -210.8254788
vt 42.4236448 -217.9660272
vt 44.9213234 -217.9967471
vt 42.4974354 -211.9664810
vt 47.4190020 -218.0274670
vt 49.9904713 -212.0586406
vt 47.4927927 -212.0279208
vt 54.9858285 -212.1200804
vt 59.9811857 -212.1815202
vt 97.5727621 -212.4358310
vt 96.0983374 -206.6170121
vt 98.2843686 -205.8479568
vt 100.2755668 -211.5079152
vt 102.9969774 -204.1900403
vt 100.6406730 -205.0189985
vt 102.6318712 -210.6789570
vt 104.9881756 -209.8499987
vt 138.2558553 -191.6194089
vt 140.3123932 -197.2559550
vt 145.2955281 -189.0509293
vt 154.6817584 -185.6262898
vt 152.3352008 -186.4824497
vt 156.7382962 -191.2628359
vt 161.4314114 -189.5505162
vt 175.5107568 -184.4135570
vt 182.5504295 -181.8450774
vt 182.8404492 -175.3523715
vt 184.8969871 -180.9889176
vt 189.8801219 -172.7838919
vt 187.5335644 -173.6400517
vt 189.5901022 -179.2765978
vt 192.2266795 -171.9277320
vt 210.8714775 -164.8603657
vt 208.5375449 -165.7503662
vt 210.6753696 -171.3565864
vt 213.2054101 -163.9703653
vt 215.3432348 -169.5765855
vt 227.0128977 -165.1265833
vt 229.3468303 -164.2365828
vt 224.8750731 -159.5203630
vt 231.6807629 -163.3465824
vt 229.5429383 -157.7403621
vt 234.0146955 -162.4565819
vt 236.3486281 -161.5665815
vt 234.1616929 -155.9790886
vt 236.4461632 -161.5274179
vt 238.7467306 -160.5565269
vt 238.7983969 -160.5341490
vt 236.3878977 -155.0395803
vt 238.6448614 -154.0367827
vt 241.0810888 -159.5199202
vt 240.9275532 -153.0225539
vt 243.3637806 -158.5056913
vt 245.6464724 -157.4914624
vt 243.2102450 -152.0083250
vt 250.0583205 -148.9656384
vt 247.7756287 -149.9798672
vt 250.2118560 -155.4630047
vt 252.4945479 -154.4487758
vt 258.8335344 -144.6607815
vt 265.4507278 -141.1441309
vt 263.2449967 -142.3163478
vt 267.6564589 -139.9719141
vt 276.4793834 -135.2830467
vt 274.2736523 -136.4552635
vt 283.0965768 -131.7663962
vt 280.8908457 -132.9386130
vt 285.3023080 -130.5941793
vt 289.7137702 -128.2497456
vt 294.1252325 -125.9053120
vt 311.1907802 -116.0123513
vt 316.5274571 -119.7216939
vt 315.3996541 -113.3211156
vt 313.2952172 -114.6667335
vt 317.5040910 -111.9754977
vt 328.0262755 -105.2474084
vt 317.7576051 -84.3055206
vt 317.8735023 -84.3791674
vt 321.0335093 -79.2782781
vt 311.5522692 -79.8351530
vt 313.5525002 -81.3312874
vt 317.1462881 -76.5266346
vt 319.0825524 -77.9749231
vt 315.1460571 -75.0305002
vt 307.5184965 -76.5388773
vt 309.3511791 -78.1747679
vt 306.8305229 -75.6375410
vt 302.0902030 -65.6596991
vt 302.3831702 -66.6784920
vt 308.0037309 -64.5107072
vt 301.8348789 -63.1749150
vt 307.8034517 -62.5616140
vt 307.5481276 -60.0768299
vt 301.5795548 -60.6901310
vt 301.2098818 -54.7404361
vt 301.1397177 -55.6316968
vt 309.2716601 -46.5470784
vt 303.4694427 -45.0078178
vt 302.9045525 -47.4409723
vt 309.8196685 -45.0586255
vt 311.1195095 -43.7553026
vt 306.8711981 -39.5183403
vt 312.8834046 -41.9866828
vt 312.8905258 -34.2456793
vt 310.8561312 -35.6053748
vt 313.4389705 -33.9562186
vt 321.9300351 -37.1326082
vt 320.5954466 -31.2546095
vt 318.2521726 -32.0285488
vt 321.7177032 -31.1087464
vt 324.2110001 -31.2597858
vt 336.6774844 -32.0149824
vt 334.1841875 -31.8639430
vt 336.3146806 -38.0040034
vt 341.6640781 -32.3170610
vt 349.3314369 -37.7898976
vt 350.9980164 -31.5080304
vt 348.5229307 -31.8446207
vt 364.3317492 -31.1997300
vt 366.1202284 -29.4559742
vt 360.1625902 -26.8847734
vt 367.9087076 -27.7122184
vt 363.7201209 -23.4162038
vt 375.3257067 -16.7393677
vt 376.5455100 -14.5595920
vt 371.3095820 -11.6295650
vt 376.1887949 -2.9104620
vt 382.6445261 -3.6607133
vt 374.4445175 8.3801058
vt 369.0464804 4.9131962
vt 371.0529534 3.4254434
vt 371.4353560 3.1843062
vt 365.8866957 8.2144660
vt 366.2953799 7.2008854
vt 367.0400074 6.4009490
vt 371.5381993 10.5350728
vt 365.4225217 10.5031159
vt 371.3550977 11.4378713
vt 365.3008082 13.5210743
vt 365.3636093 11.0239963
vt 371.2436364 15.8697600
vt 365.7086300 19.0414890
vt 365.2822316 16.6122265
vt 371.5853362 17.8164806
vt 365.7980151 19.4112330
vt 367.2774064 24.1828962
vt 369.4964934 31.3403910
vt 373.1949718 43.2695491
vt 344.0910023 55.7636767
vt 184.3278171 61.4267245
vt 111.9351238 63.9927931
vt 114.4314236 63.9043080
vt 114.6439692 69.9005422
vt 74.7031729 71.3163041
vt 72.2068731 71.4047893
vt 71.9943275 65.4085551
vt 162.0736648 68.2193248
vt 159.5773650 68.3078100
vt 159.3648194 62.3115758
vt 161.8611192 62.2230907
vt 157.0810653 68.3962951
vt 152.0884657 68.5732653
vt 151.8759201 62.5770311
vt 149.5921660 68.6617504
vt 147.0958662 68.7502356
vt 146.8833206 62.7540014
vt 144.5995664 68.8387207
vt 142.1032667 68.9272058
vt 141.8907211 62.9309716
vt 134.4018218 63.1964270
vt 139.3944213 63.0194568
vt 139.6069669 69.0156909
vt 132.1180676 69.2811463
vt 129.6217678 69.3696314
vt 129.4092222 63.3733973
vt 119.6365687 69.7235719
vt 112.1476694 69.9890273
vt 107.1550699 70.1659975
vt 99.6661706 70.4314529
vt 97.1698708 70.5199380
vt 99.4536250 64.4352187
vt 91.9647257 64.7006741
vt 86.9721262 64.8776443
vt 87.1846717 70.8738785
vt 79.6957724 71.1393339
vt 64.5054282 65.6740105
vt 67.0017280 65.5855253
vt 67.2142736 71.5817595
vt 64.7179738 71.6702446
vt 62.2216741 71.7587298
vt 62.0091285 65.7624956
vt -112.7152332 73.0976390
vt -102.4626735 78.6397048
vt -102.7339830 72.6458421
vt -100.2386705 72.5328928
vt 52.2364750 72.1126702
vt 49.7401752 72.2011554
vt 52.0239294 66.1164361
vt 47.2438754 72.2896405
vt 49.5276296 66.2049212
vt -87.7621079 71.9681467
vt 44.7475757 72.3781256
vt 44.5350301 66.3818914
vt 37.0461308 66.6473468
vt 39.5424305 66.5588617
vt 37.2586764 72.6435810
vt 34.5498310 66.7358319
vt 34.7623766 72.7320661
vt 32.2660768 72.8205512
vt -52.8277324 70.3868576
vt 2.0809283 67.9014644
vt 4.8155788 73.7935757
vt 27.0609317 67.0012873
vt 29.5572315 66.9128022
vt 29.7697771 72.9090364
vt -42.8464823 69.9350607
vt 27.2734773 72.9975215
vt 24.7771775 73.0860066
vt 24.5646319 67.0897724
vt 22.2808778 73.1744917
vt -32.8652322 69.4832638
vt 17.0757326 67.3552278
vt 19.5720324 67.2667427
vt 19.7845780 73.2629768
vt 14.5794329 67.4437129
vt 17.2882782 73.3514620
vt 12.0831331 67.5321980
vt 12.2956787 73.5284322
vt 9.5868333 67.6206832
vt 7.0905336 67.7091683
vt 7.3030791 73.7054025
vt 4.5942338 67.7976534
vt 4.5766369 67.7983289
vt 2.0691432 67.9019746
vt -5.4167943 68.2408223
vt -72.7902327 71.2904514
vt -75.0142356 77.3972634
vt -75.2855452 71.4034006
vt -77.7808577 71.5163498
vt 169.5625641 67.9538695
vt 164.5699646 68.1308397
vt 164.3574190 62.1346055
vt 172.0588639 67.8653843
vt 169.3500185 61.9576353
vt 174.5551636 67.7768992
vt 171.8463183 61.8691502
vt 176.8389178 61.6921799
vt 179.3352176 61.6036948
vt 179.5477632 67.5999290
vt 182.0440630 67.5114438
vt 181.8315174 61.5152097
vt -125.1917958 73.6623851
vt 184.5403627 67.4229587
vt -132.6777334 74.0012328
vt -137.3970489 80.2209940
vt -137.6683585 74.2271312
vt -147.6496086 74.6789281
vt -162.3501742 81.3504863
vt -170.1074214 75.6954711
vt -162.6214838 75.3566235
vt -175.0980464 75.9213696
vt -187.3032995 82.4799785
vt -190.0699216 76.5990649
vt -187.5746091 76.4861157
vt -199.7798622 83.0447246
vt -207.5371093 77.3897095
vt -200.0511717 77.0508618
vt -220.0136720 77.9544556
vt -232.4902346 78.5192018
vt -244.6954877 85.0778107
vt -244.9667973 79.0839479
vt -252.4527349 79.4227956
vt -259.9386725 79.7616432
vt -267.1533005 86.0943537
vt -267.4246100 80.1004909
vt -277.2164046 72.5654888
vt -282.8826475 70.5922447
vt -268.8549916 54.6964973
vt -264.8779609 51.6731555
vt -259.2583381 54.9379958
vt -261.2468534 56.4496667
vt -238.3029701 35.5990973
vt -235.8810491 34.9878353
vt -236.5537283 41.3457589
vt -227.1470053 38.9716222
vt -186.7020202 50.7674982
vt -188.9625677 49.7048286
vt -186.4099833 44.2748827
vt -184.4414726 51.8301678
vt -184.1494357 45.3375523
vt -179.6283405 47.4628916
vt -177.3677929 48.5255612
vt -182.1809250 52.8928375
vt -175.1072453 49.5882308
vt -172.8466978 50.6509005
vt -175.3992822 56.0808464
vt -170.5861502 51.7135701
vt -173.1387346 57.1435160
vt -170.8781870 58.2061856
vt -168.3256026 52.7762397
vt -166.2719728 53.7416385
vt -165.8007124 60.1373312
vt -165.7256272 60.1584599
vt -148.6752008 64.5922336
vt -151.1087876 64.0637651
vt -147.5891538 58.6882346
vt -145.8085477 64.8646748
vt -148.2971213 64.6493993
vt -145.2914452 58.8869993
vt -143.3199741 65.0799504
vt -142.8028716 59.1022748
vt -128.2319806 66.3810315
vt -128.3885324 66.3716038
vt -127.9495827 60.3871676
vt -125.7468774 66.4655734
vt -125.2281205 66.4382190
vt -130.3600036 60.1786526
vt -130.8771061 66.1563282
vt -102.2716945 62.9538114
vt -102.8134193 63.1215084
vt -104.3168725 57.3059473
vt -95.3571478 53.5719929
vt -93.0490680 59.1102930
vt -95.3547246 60.0711726
vt -81.4751626 54.2088965
vt -83.7482955 55.2328975
vt -81.1221925 54.0206376
vt -70.5186863 47.4214551
vt -66.2772838 44.7817821
vt -62.0358814 42.1421091
vt -55.6737776 38.1825996
vt -16.4300646 6.6918414
vt -13.2597528 11.7858696
vt -14.3093634 5.3720049
vt -12.1886621 4.0521684
vt -11.1390515 10.4660331
vt -9.0183503 9.1461966
vt -4.7769478 6.5065236
vt -6.8976490 7.8263601
vt -10.0679609 2.7323319
vt -7.9472597 1.4124954
vt -5.8265584 0.0926589
vt -0.5355453 3.8668506
vt -2.6562466 5.1866871
vt -1.5870294 -2.5458481
vt 5.8264158 -0.1012305
vt 1.5889012 2.5446793
vt 1.5851559 2.5470141
vt -3.7058572 -1.2271776
vt 11.1236425 -10.4824089
vt 16.4202022 -6.7160051
vt 14.3014449 -5.3930502
vt 19.5986716 -15.7742286
vt 22.7764741 -10.6848699
vt 20.6577168 -9.3619150
vt 28.0737007 -21.0660482
vt 31.2515032 -15.9766896
vt 29.1327459 -14.6537347
vt 32.3112153 -23.7119581
vt 37.6077750 -19.9455543
vt 35.4890178 -18.6225994
vt 38.6674872 -27.6808228
vt 43.9640469 -23.9144191
vt 41.8452896 -22.5914642
vt 42.9050017 -30.3267327
vt 48.2015615 -26.5603290
vt 46.0828042 -25.2373740
vt 70.4488464 -47.5251467
vt 72.5676037 -48.8481016
vt 73.6266489 -42.4357880
vt 77.8641634 -45.0816979
vt 75.7454061 -43.7587429
vt 74.6863610 -50.1710565
vt 90.5767071 -53.0194274
vt 88.4579498 -51.6964725
vt 85.2801474 -56.7858311
vt 91.6364192 -60.7546959
vt 93.7551765 -62.0776508
vt 94.8142217 -55.6653372
vt 95.8739338 -63.4006057
vt 96.9329790 -56.9882922
vt 97.9926911 -64.7235607
vt 101.1704936 -59.6342020
vt 104.1344019 -61.7481574
vt 103.2892508 -60.9571569
vt 99.6111089 -65.7341029
vt 105.5186579 -63.6694621
vt 100.9815504 -68.3833765
vt 106.7652257 -66.7240553
vt 105.8979893 -64.3815688
vt 107.0812249 -70.0098024
vt 106.9472176 -67.5991178
vt 106.4109609 -73.8478811
vt 106.6227203 -73.1434029
vt 100.7706528 -71.7683927
vt 105.4122852 -76.1151162
vt 104.0725228 -78.6803660
vt 104.1694577 -78.5087697
vt 98.8969035 -75.6434786
vt 97.9692279 -77.1665727
vt 102.0169972 -81.6338742
vt 102.7897007 -80.7865536
vt 100.0121530 -83.1238211
vt 94.4283835 -79.7980339
vt 93.9976201 -87.5936616
vt 98.0073087 -84.6137679
vt 88.4138507 -84.2678744
vt 87.9830873 -92.0635021
vt 91.9927759 -89.0836085
vt 82.3993178 -88.7377149
vt 83.9733988 -95.0433958
vt 85.9782430 -93.5534490
vt 72.6561849 -97.3282125
vt 70.9586928 -99.1606598
vt 75.5036926 -103.0833484
vt 74.5257195 -127.3561292
vt 74.1297461 -124.8898471
vt 68.5886429 -128.2266413
vt 68.8036949 -130.2718491
vt 68.5380049 -132.4091021
vt 74.4921736 -133.1492874
vt 73.5677311 -140.5856498
vt 74.1840261 -135.6280749
vt 67.6135624 -139.8454645
vt 68.2298574 -134.8878895
vt 73.2595836 -143.0644373
vt 67.0100661 -144.7000844
vt 72.9514361 -145.5432247
vt 66.6277170 -146.6584152
vt 72.2103035 -148.8893336
vt 72.4442494 -148.1783559
vt 71.1396757 -151.1461230
vt 66.3707892 -160.3234991
vt 67.7190419 -158.2863740
vt 61.6270370 -156.6196943
vt 65.7438190 -161.0098493
vt 63.7937477 -162.5707989
vt 58.0941989 -159.4475817
vt 59.8936049 -165.6926982
vt 61.8436763 -164.1317486
vt 46.3937707 -168.8132797
vt 44.5090304 -170.3219345
vt 50.1432481 -173.4974465
vt 46.0419656 -176.5974450
vt 48.0597009 -175.1592625
vt 42.9121850 -171.4601191
vt 45.2797584 -176.9902403
vt 42.9186532 -177.8054241
vt 33.8772264 -174.5794854
vt 33.4742326 -181.0661592
vt 35.8353378 -180.2509754
vt 22.1697248 -178.6215610
vt 19.9239747 -179.2270043
vt 21.4234848 -185.0369641
vt 23.8316608 -184.3877315
vt 21.2982225 -185.0678609
vt 15.1119683 -180.3047078
vt 13.9857678 -186.7055683
vt 16.4232527 -186.1596658
vt 7.9751111 -181.9030881
vt 6.2824064 -188.1042186
vt 8.7561611 -187.8547553
vt 3.5536987 -188.1764153
vt 6.0508959 -188.1185524
vt 5.7958738 -182.1228511
vt -9.0712771 -182.4673400
vt -11.5684743 -182.5252029
vt -8.9322875 -188.4657299
vt -13.9266820 -188.5814558
vt -11.4294848 -188.5235928
vt -13.7743983 -182.5763167
vt -14.5050840 -188.5387813
vt -16.9648217 -188.1153855
vt -21.9049889 -187.2240422
vt -19.4468216 -187.6676132
vt -20.8395097 -181.3194038
vt -25.7558444 -180.4322618
vt -28.1905302 -179.9929280
vt -26.8213237 -186.3369001
vt -31.7727457 -185.4027407
vt -29.3263840 -185.8844817
vt -30.2780108 -179.5818584
vt -32.4202169 -185.1968256
vt -34.6995682 -184.1751114
vt -54.3992802 -168.0270680
vt -57.4852503 -173.1726281
vt -55.3430958 -174.4573522
vt -53.0007923 -175.8519798
vt -50.7707594 -176.9682386
vt -50.2129527 -170.5377533
vt -53.2009412 -175.7420763
vt -45.9214681 -172.5697126
vt -48.1423674 -171.5741994
vt -48.3756757 -178.0448259
vt -65.1100529 -161.6034475
vt -70.3381776 -165.4642834
vt -68.1960231 -166.7490075
vt -73.6786711 -156.4645510
vt -75.8208257 -155.1798269
vt -78.9067958 -160.3253870
vt -91.7597231 -152.6170423
vt -89.6175686 -153.9017664
vt -88.6737529 -147.4714823
vt -101.5266802 -139.7631376
vt -103.6688348 -138.4784135
vt -104.6126504 -144.9086976
vt -107.9531439 -135.9089653
vt -110.0952984 -134.6242411
vt -113.1812686 -139.7698012
vt -114.3796075 -132.0547929
vt -116.5217621 -130.7700688
vt -117.4655777 -137.2003530
vt -120.8060712 -128.2006206
vt -122.9482257 -126.9158965
vt -123.8920413 -133.3461806
vt -125.0903803 -125.6311724
vt -126.0341959 -132.0614565
vt -134.6028141 -126.9225601
vt -132.4606595 -128.2072842
vt -129.3746894 -123.0617241
vt -136.7449686 -125.6378360
vt -131.5168439 -121.7770000
vt -140.0854621 -116.6381036
vt -143.1714323 -121.7836636
vt -141.0292777 -123.0683877
vt -152.9241711 -108.9252637
vt -158.1649609 -112.7688903
vt -156.0270417 -114.0606502
vt -150.7889454 -110.2153962
vt -153.8837323 -115.3556593
vt -151.7431104 -116.6429296
vt -153.8891225 -115.3524101
vt -147.4557414 -119.2142154
vt -145.3135868 -120.4989395
vt -142.2276167 -115.3533795
vt -161.4758479 -103.7582240
vt -166.4258213 -107.7775657
vt -164.5787184 -108.8936105
vt -186.9324462 -106.2606354
vt -184.4556914 -105.9365550
vt -185.2341484 -99.9872689
vt -187.7109032 -100.3113493
vt -190.1876579 -100.6354298
vt -189.2130976 -106.5590559
vt -197.8695870 -102.8895872
vt -198.3881635 -109.3414825
vt -196.0716068 -108.6138572
vt -216.2793022 -120.8781090
vt -214.3356907 -119.3091232
vt -220.0198650 -116.1866801
vt -225.9641428 -120.3324829
vt -228.0440585 -121.7157011
vt -224.7215006 -126.7117604
vt -222.6415849 -125.3285422
vt -220.5616692 -123.9453239
vt -229.7915522 -129.2315971
vt -227.4813535 -128.4319038
vt -229.8054841 -122.8871120
vt -231.5150180 -123.4788806
vt -226.8014163 -128.0949787
vt -243.0404241 -125.1540785
vt -242.9526092 -131.1572422
vt -240.4782100 -131.0328339
vt -243.3789217 -131.1483345
vt -254.2080873 -130.0114009
vt -253.3281200 -130.2302241
vt -252.3200726 -124.2977540
vt -256.4938342 -129.0572723
vt -254.1062156 -123.5521727
vt -256.6446567 -128.9893743
vt -256.2803097 -122.5004149
vt -261.1417949 -126.8138015
vt -258.8932258 -127.9015879
vt -264.6300559 -118.2222841
vt -270.2976084 -121.2010455
vt -268.4368461 -122.8674506
vt -268.0172930 -123.1817042
vt -266.2948219 -116.7314035
vt -272.1583706 -119.5346405
vt -275.5188098 -108.4431488
vt -279.6057966 -112.8363768
vt -277.7596349 -114.5182838
vt -279.6964913 -112.7502233
vt -281.4712479 -110.9925028
vt -280.7986304 -103.2140097
vt -288.4835689 -104.0474937
vt -285.0207610 -107.4770618
vt -298.9426378 -91.7601553
vt -301.3882650 -91.2580041
vt -300.5291345 -97.5595769
vt -306.2967898 -90.2694607
vt -307.4813396 -96.1513687
vt -305.0326351 -96.6445102
vt -328.0286159 -98.4588429
vt -325.8205553 -97.7650002
vt -329.8272943 -92.7347922
vt -341.8553628 -96.6733135
vt -342.0709289 -96.7650401
vt -339.6138927 -102.2401396
vt -341.7664005 -103.2570818
vt -344.3294277 -97.8320572
vt -357.6040710 -106.2741262
vt -355.3610843 -112.3739912
vt -353.5280736 -110.6771076
vt -372.9447678 -149.9760929
vt -367.2368898 -146.4217351
vt -373.2295292 -146.7210887
vt -373.2327345 -146.6479769
vt -373.3906550 -141.6547385
vt -373.3116948 -144.1513577
vt -367.3146933 -143.9616913
vt -373.2238748 -136.3145456
vt -373.4577117 -138.7800241
vt -367.2699027 -137.0837400
vt -373.1582265 -135.9136598
vt -370.2682050 -123.7267534
vt -370.8699669 -126.1452546
vt -364.5641808 -125.6515293
vt -369.8858411 -122.8371757
vt -358.1350938 -115.5778316
vt -363.1135034 -112.2285368
vt -363.1668274 -112.3091935
vt -356.9468566 -113.8419973
vt -361.2700924 -109.6678933
vt -361.7076425 -110.1747873
vt -359.4370817 -107.9710098
vt -348.8464253 -99.9660913
vt -351.1049240 -101.0331084
vt -348.3647900 -106.3744597
vt -346.2833981 -105.3911159
vt -344.0248993 -104.3240988
vt -346.5879265 -98.8990743
vt -337.4764091 -101.4276392
vt -339.5258494 -95.7878187
vt -336.9762544 -94.9812223
vt -339.3592411 -95.7300323
vt -335.1775761 -100.7052730
vt -327.0890633 -91.8977600
vt -327.4443075 -91.9859822
vt -324.6340472 -91.4449973
vt -323.5598758 -97.3480778
vt -324.6059862 -91.4399600
vt -311.2209521 -89.3007786
vt -312.3028025 -89.2916525
vt -311.8124963 -95.2968215
vt -308.7719527 -89.7711145
vt -309.9168266 -95.6608892
vt -308.7454943 -89.7763193
vt -302.5894906 -97.1365319
vt -301.3993808 -91.2557436
vt -303.8480853 -90.7626022
vt -296.3990392 -99.6033190
vt -293.7379734 -94.2257053
vt -294.1602781 -100.7111506
vt -291.4992123 -95.3335369
vt -286.4212563 -97.9420611
vt -287.0216901 -97.5492002
vt -290.0066336 -102.7665458
vt -284.5282421 -99.5341488
vt -284.3481435 -99.6985687
vt -268.1555841 -115.0649984
vt -270.0163464 -113.3985933
vt -250.2894839 -124.4851364
vt -250.8408205 -130.4597517
vt -248.3535209 -130.6892793
vt -245.8662213 -130.9188069
vt -247.8021843 -124.7146640
vt -245.3148847 -124.9441916
vt -237.6724513 -130.5859369
vt -238.6572770 -124.6673122
vt -214.2172482 -111.5025017
vt -216.1608598 -113.0714875
vt -212.3920792 -117.7401375
vt -210.4484676 -116.1711517
vt -208.6912265 -114.7526139
vt -205.3381713 -105.9645479
vt -207.5155134 -107.1886899
vt -204.5750643 -112.4187721
vt -209.6928554 -108.4128320
vt -209.7127703 -108.4241287
vt -206.7424273 -113.6373038
vt -202.3977222 -111.1946300
vt -200.4318213 -110.0893641
vt -200.3846650 -103.6829629
vt -202.7215949 -104.5381682
vt -200.2526650 -103.6381066
vt -191.3663815 -107.1359567
vt -192.9808101 -101.3568824
vt -193.1034309 -101.3925484
vt -190.5747987 -100.7122718
vt -182.2320478 -105.6455939
vt -180.0574100 -105.7318866
vt -179.7615151 -99.7389062
vt -177.6250663 -105.9228482
vt -175.1905307 -106.1139818
vt -177.1554556 -99.9412543
vt -174.6652508 -100.1367585
vt -172.8501986 -106.3856679
vt -170.4710032 -106.7968980
vt -169.4490905 -100.8845639
vt -168.2270059 -107.1847600
vt -166.9877192 -101.3099977
vt -164.2273319 -102.1845259
vt -166.5608051 -101.4165334
vt -163.6137670 -102.4664641
vt -162.4407992 -110.1853704
vt -159.3379287 -105.0499839
vt -155.0620903 -107.6335038
vt -144.3697712 -114.0686554
vt -146.5119258 -112.7839313
vt -137.9433076 -117.9228277
vt -135.8011530 -119.2075518
vt -133.6589985 -120.4922759
vt -121.7498868 -134.6309047
vt -118.6639166 -129.4853447
vt -105.8109893 -137.1936894
vt -111.0391141 -141.0545253
vt -106.7548050 -143.6239735
vt -102.4704959 -146.1934217
vt -99.3845257 -141.0478617
vt -100.3283413 -147.4781458
vt -97.2423711 -142.3325858
vt -95.1002166 -143.6173099
vt -98.1861868 -148.7628700
vt -86.5315984 -148.7562064
vt -83.1911049 -157.7559387
vt -81.0489504 -159.0406628
vt -80.1051347 -152.6103787
vt -76.7646413 -161.6101111
vt -72.4803322 -164.1795593
vt -69.3943620 -159.0339992
vt -71.5365166 -157.7492751
vt -67.2522075 -160.3187234
vt -61.7695594 -170.6031798
vt -58.6835893 -165.4576198
vt -41.3627656 -174.6131411
vt -43.8169732 -180.0882544
vt -36.8040631 -176.6565696
vt -39.0834143 -175.6348554
vt -41.5376220 -181.1099686
vt -39.2582707 -182.1316829
vt -36.9789194 -183.1533971
vt -32.2453606 -178.6999981
vt -34.5247118 -177.6782839
vt -15.9350826 -182.2043971
vt -6.5740798 -182.4094771
vt -6.4350903 -188.4078670
vt 0.9175119 -182.2358883
vt -1.5796854 -182.2937512
vt -1.4406958 -188.2921412
vt 3.4147091 -182.1780254
vt 12.6744834 -180.8506103
vt 10.2369985 -181.3965127
vt 18.8607376 -185.6137634
vt 17.5494532 -179.7588054
vt 29.1550161 -176.2098529
vt 26.7939110 -177.0250367
vt 31.1131275 -181.8813430
vt 31.5161213 -175.3946691
vt 40.5575481 -178.6206079
vt 38.5994367 -172.9491178
vt 36.2383316 -173.7643016
vt 54.1940561 -162.5694810
vt 52.2439848 -164.1304307
vt 55.9934622 -168.8145975
vt 56.1441275 -161.0085314
vt 72.9187569 -145.7480046
vt 67.0176957 -118.4421484
vt 67.4136691 -120.9084304
vt 72.9514842 -117.5511565
vt 72.7161856 -115.5762376
vt 73.0621729 -113.5410088
vt 67.1470370 -112.5354405
vt 67.9842958 -107.6103653
vt 67.5656664 -110.0729029
vt 73.4808023 -111.0784712
vt 73.8994317 -108.6159335
vt 74.3180610 -106.1533959
vt 69.3146371 -101.4774276
vt 68.8215546 -102.6852900
vt 74.6246860 -104.3497111
vt 70.6950214 -99.4887426
vt 74.3536769 -95.4957652
vt 77.0578128 -101.4056714
vt 80.3119732 -97.8927965
vt 78.2794895 -91.8035130
vt 76.3523805 -93.3800848
vt 82.0246246 -96.4916729
vt 78.3896293 -91.7176086
vt 78.7553049 -99.5732242
vt 84.4041621 -87.2477681
vt 90.4186949 -82.7779276
vt 96.4332277 -78.3080870
vt 76.8051183 -51.4940114
vt 79.9829207 -46.4046528
vt 71.5078916 -41.1128331
vt 69.3891343 -39.7898782
vt 68.3300891 -46.2021918
vt 67.2703770 -38.4669233
vt 64.0925746 -43.5562819
vt 65.1516197 -37.1439683
vt 61.9738173 -42.2333270
vt 60.9141052 -34.4980585
vt 57.7363027 -39.5874171
vt 58.7953479 -33.1751036
vt 54.5578333 -30.5291937
vt 55.6175454 -38.2644622
vt 49.2612736 -34.2955975
vt 51.3800309 -35.6185524
vt 47.1425163 -32.9726425
vt 52.4390760 -29.2062388
vt 40.7862444 -29.0037778
vt 39.7265323 -21.2685093
vt 34.4299726 -25.0349130
vt 36.5487299 -26.3578679
vt 30.1924580 -22.3890032
vt 23.8361862 -18.4201384
vt 25.9549435 -19.7430933
vt 17.4799143 -14.4512736
vt 13.2423998 -11.8053638
vt 12.1826876 -4.0700953
vt 6.8861279 -7.8364990
vt 9.0048852 -9.1594539
vt 2.6486133 -5.1905892
vt 4.7673706 -6.5135441
vt -28.1046615 21.0247251
vt -31.2749733 15.9306970
vt -32.3460640 23.6643981
vt -40.8288689 28.9437441
vt -60.9647907 34.4084080
vt -75.8096994 43.6472635
vt -105.2433829 63.6281413
vt -112.8598830 64.7032106
vt -151.2471770 64.0302552
vt -149.7659337 58.2155333
vt -209.3792844 41.0386343
vt -207.3396270 35.3959578
vt -212.0378464 33.6976932
vt -217.7542812 32.9560489
vt -222.8792900 32.5364838
vt -247.8387281 40.4677442
vt -262.8894455 50.1614846
vt -272.6424777 65.8197521
vt -277.2375423 77.9656240
vt -276.3140661 78.9028027
vt -275.4304865 85.3380426
vt -277.8464952 84.7038153
vt -254.9480474 79.5357448
vt -252.1814253 85.4166584
vt -207.2657997 83.3835723
vt -192.5652341 76.7120142
vt -189.7986120 82.5929277
vt -155.1355462 75.0177758
vt -152.3689241 80.8986893
vt -122.6964833 73.5494359
vt -89.9861108 78.0749587
vt -82.7714828 71.7422483
vt -82.5001732 77.7361110
vt -65.0329855 76.9454665
vt -47.8371074 70.1609591
vt -47.5657978 76.1548219
vt -27.8746071 69.2573653
vt -20.1173600 74.9123804
vt 79.4832268 65.1430997
vt 106.9425243 64.1697634
vt 109.4388241 64.0812782
vt 192.0292620 67.1575034
vt 216.7797141 60.2764179
vt 239.4589576 65.4762860
vt 249.4441567 65.1223455
vt 254.2242107 58.9491411
vt 266.9182551 64.5029497
vt 276.6909086 58.1527750
vt 276.9034542 64.1490092
vt 281.8960537 63.9720389
vt 319.1280046 56.6485279
vt 339.0984028 55.9406469
vt 349.4595319 61.5493044
vt 371.8483454 59.5176188
vt 379.6655517 43.8785955
vt 376.9300222 -0.1092406
vt 378.6808657 6.4290510
vt 378.9851164 -10.2000405
vt 368.8699756 -15.9891165
vt 353.2660780 -31.1995937
vt 354.2816082 -37.1167171
vt 351.8065226 -37.4533074
vt 346.8233096 -38.1307944
vt 323.8481962 -37.2488068
vt 308.7491088 -48.7978663
vt 324.2885084 -88.2523801
vt 326.4268437 -89.5434510
vt 335.8594755 -89.4873744
vt 339.7285233 -97.4145625
vt 330.8320789 -102.6395139
vt 308.1097095 -125.1041654
vt 310.2141464 -123.7585475
vt 285.9122990 -137.0646703
vt 279.2951057 -140.5813208
vt 268.2664500 -146.4424050
vt 257.2377943 -152.3034892
vt 201.5357472 -168.4203675
vt 213.0093022 -170.4665860
vt 191.9366598 -178.4204380
vt 166.4145462 -181.3454905
vt 175.8007765 -177.9208510
vt 135.9092978 -192.4755687
vt 86.6129458 -208.2971137
vt 79.2180172 -209.5091821
vt 80.1884997 -215.4301756
vt 89.0779220 -207.8930909
vt 77.7235235 -215.8341984
vt 71.8230886 -210.7212505
vt 65.3986425 -217.8543124
vt 67.8636187 -217.4502896
vt 22.1036381 -216.3296741
vt 7.3228703 -213.8507184
vt -27.2524976 -197.8099888
vt -29.0710534 -203.5277554
vt -40.9619775 -199.4178286
vt -55.4388709 -187.9338424
vt -59.8107491 -192.7427948
vt -57.4586670 -193.5836586
vt -69.2190774 -189.3793395
vt -173.7782895 -174.6997202
vt -196.2073251 -175.4979917
vt -221.1754865 -176.2226506
vt -241.6220047 -182.3158788
vt -236.1563834 -176.6574459
vt -294.2574951 -165.4993588
vt -297.9446329 -170.8514011
vt -295.5009995 -171.3690859
vt -344.5465640 -162.6262011
vt -343.6432705 -168.5593293
vt -365.0621394 -154.7412048
vt -334.5620337 -160.4369681
vt -334.9224141 -160.4940791
vt -186.0459939 -181.2056027
vt -156.3081960 -173.9761180
vt -95.7195782 -174.1715782
vt -93.3382946 -174.9257866
vt -90.9570109 -175.6799950
vt -83.2671414 -184.4093075
vt -81.4318763 -178.6968285
vt -67.1992814 -183.7295232
vt -38.9665043 -193.7593760
vt 23.0960669 -210.4123195
vt 39.9997568 -211.9357611
vt 52.4881499 -212.0893605
vt 97.9192624 -212.3368734
vt 142.6589508 -196.3997951
vt 149.9886432 -187.3386096
vt 152.0451811 -192.9751557
vt 163.7779690 -188.6943563
vt 177.8573144 -183.5573971
vt 206.2036123 -166.6403666
vt 217.6771673 -168.6865851
vt 231.8768709 -156.8503617
vt 245.4929368 -150.9940961
vt 298.5366948 -123.5608783
vt 306.9819064 -118.7035871
vt 315.5527312 -82.8274217
vt 315.6831202 -82.9196417
vt 309.5520382 -78.3390186
vt 313.2498104 -73.6121441
vt 307.2976180 -57.6389002
vt 301.3160748 -58.1115102
vt 308.6350932 -37.7497204
vt 314.4373465 -40.4285785
vt 320.2237638 -37.6961575
vt 318.0744592 -32.0935287
vt 373.6252530 2.0241433
vt 365.2380071 16.0181522
vt 366.5377108 21.7970646
vt 371.7155804 38.4978859
vt 131.9055220 63.2849121
vt 144.3870208 62.8424865
vt 134.6143674 69.1926612
vt 127.1254680 69.4581166
vt 116.9277234 63.8158229
vt 101.9499248 64.3467336
vt 84.4758264 64.9661295
vt 69.4980278 65.4970402
vt 59.7253743 71.8472149
vt 59.5128287 65.8509807
vt 54.5202292 66.0279509
vt 57.0165289 65.9394658
vt 54.7327748 72.0241851
vt 47.0313299 66.2934063
vt -57.8183575 70.6127560
vt -40.3511698 69.8221114
vt 22.0683322 67.1782575
vt 14.7919785 73.4399471
vt 9.7993789 73.6169173
vt 42.0387303 66.4703766
vt 42.2512759 72.4666107
vt 174.3426181 61.7806650
vt -129.9111113 79.8821463
vt -130.1824209 73.8882835
vt 126.9129224 63.4618824
vt -152.6402336 74.9048266
vt -227.4996096 78.2933033
vt -247.4621098 79.1968971
vt -255.2813074 51.9146540
vt -234.4127681 40.8054079
vt -229.5689262 39.5828841
vt -179.9203774 53.9555071
vt -168.1914525 59.4309157
vt -117.8071780 65.3972139
vt -120.2808255 65.7442156
vt -93.0514912 52.6111133
vt -90.7434113 58.1494134
vt -86.1738347 49.7448583
vt -83.8264414 55.2667746
vt -76.8807900 51.3809646
vt -72.6393876 48.7412916
vt -57.7944789 39.5024361
vt -15.3804540 13.1057061
vt 33.3702605 -17.2996445
vt 10.0639304 -2.7471404
vt 18.5389595 -8.0389600
vt 21.7174289 -17.0971835
vt 24.8952313 -12.0078248
vt 87.3989047 -58.1087861
vt 99.0517363 -58.3112471
vt 100.4125692 -66.8465052
vt 101.0716943 -70.0049922
vt 107.0430661 -70.6811577
vt 99.9615637 -73.6052204
vt 105.3259288 -76.2947425
vt 68.2056159 -125.8409946
vt 67.3054149 -142.3242519
vt 62.5981244 -155.1524421
vt 60.0442702 -157.8866321
vt 48.1931767 -175.0583961
vt 38.1964429 -179.4357917
vt 24.0298120 -184.3268944
vt 11.5482829 -187.2514707
vt 9.1107980 -187.7973732
vt -18.3813423 -181.7629748
vt -24.3631563 -186.7804711
vt -23.2976770 -180.8758328
vt -29.2794911 -185.8933291
vt -50.6550270 -177.0231116
vt -62.9678984 -162.8881716
vt -66.0538685 -168.0337316
vt -63.9117140 -169.3184557
vt -74.6224867 -162.8948352
vt -82.2472893 -151.3256546
vt -92.9580620 -144.9020340
vt -115.3234232 -138.4850771
vt -112.2374530 -133.3395170
vt -119.6077323 -135.9156288
vt -128.1763504 -130.7767324
vt -130.3185050 -129.4920083
vt -138.8871232 -124.3531119
vt -148.6525498 -111.5001251
vt -151.7400505 -116.6447672
vt -149.5978959 -117.9294913
vt -157.2000095 -106.3417438
vt -160.3028800 -111.4771303
vt -223.8842271 -118.9492646
vt -230.2804811 -129.3559547
vt -240.1364413 -130.9959309
vt -240.9514417 -125.0490482
vt -265.9143152 -124.4867169
vt -274.0191329 -117.8682354
vt -273.7283458 -110.0743135
vt -277.7406575 -114.5354253
vt -277.2491173 -106.7294507
vt -283.2460044 -109.2347823
vt -298.2154956 -92.0100420
vt -373.0901425 -149.2070470
vt -367.3936535 -141.4650721
vt -370.8796789 -126.1854690
vt -365.0424987 -127.5739054
vt -322.1453495 -91.0102985
vt -318.6526448 -96.4912068
vt -319.6847127 -90.5806370
vt -279.0238738 -104.9717302
vt -275.8798952 -116.2018303
vt -271.8771087 -111.7321883
vt -203.1608293 -104.7404059
vt -211.8793858 -109.6640966
vt -174.5541134 -100.1475683
vt -171.9104617 -100.4591302
vt -127.2325348 -124.3464483
vt -108.8969595 -142.3392494
vt -96.0440322 -150.0475941
vt -85.3332595 -156.4712146
vt -77.9629802 -153.8951028
vt -52.2571256 -169.3117921
vt 1.0565014 -188.2342783
vt 40.9605419 -172.1339340
vt 57.9435336 -167.2536479
vt 68.4029252 -105.1478276
vt 80.3944736 -90.2276618
vt 76.0511689 -93.6633180
vt 50.3203187 -27.8832839
vt 15.3611570 -13.1283187
vt -121.1143406 59.8023933
vt -209.6887367 34.5468255
vt -223.1537873 38.5306491
vt -266.8664762 53.1848264
vt -259.6673629 85.7555060
vt -214.7517373 83.7224200
vt -114.9392361 79.2044510
vt 294.1650069 57.5333791
vt 366.8730535 59.9691045
vt 372.2685950 20.0202794
vt 346.0643538 -32.1789658
vt 346.8563512 -38.1264878
vt 329.1975938 -31.5618644
vt 332.1038818 -86.0196694
vt 333.2693122 -96.6948864
vt 335.6513634 -106.2136621
vt 203.6735718 -174.0265878
vt 196.6660647 -176.6946116
vt 185.1870068 -174.4962116
vt 76.7530410 -209.9132049
vt 52.4143592 -218.0889068
vt 37.4282876 -217.9045874
vt 10.7787604 -208.3465231
vt 9.7863316 -214.2638777
vt -193.5364424 -181.4230004
vt -218.5046038 -182.1476592
vt -280.7927294 -174.3832931
vt -343.3796006 -168.5131482
vt -370.6042889 -157.0948173
vt -83.8131599 -177.9426201
vt 44.9951141 -211.9972009
vt 161.7214311 -183.0578102
vt 187.2435447 -180.1327577
vt 222.5411405 -160.4103635
vt 300.7424259 -122.3886614
vt 324.9452048 -114.3392224
vt 321.7129648 -109.2842620
vt 301.3242306 -58.2053470
vt 310.3989883 -35.9811006
vt 372.6201354 9.7328425
vt 156.8685197 62.4000609
vt 117.1402690 69.8120570
vt 109.6513697 70.0775124
vt 69.7105734 71.4932744
vt -115.2105457 73.2105882
vt 57.2290745 71.9357000
vt -90.2574204 72.0810959
vt 32.0535312 66.8243170
vt -10.4074194 68.4667207
vt 177.0514634 67.6884141
vt -212.5277344 77.6156080
vt -238.8461255 35.7933827
vt -177.6598298 55.0181767
vt -168.6176394 59.2688553
vt -105.4389405 63.6622055
vt 27.0139886 -13.3307797
vt 7.9451731 -1.4241854
vt 74.8003211 -130.6705000
vt 67.9277922 -157.9164910
vt 26.3909172 -183.5117106
vt -218.4817534 -122.5621057
vt -221.8894019 -117.6226346
vt -262.8843519 -119.3055888
vt -265.6389331 -124.6382287
vt -334.5932677 -94.2324123
vt -332.7945894 -99.9564630
vt -291.9215170 -101.8189822
vt -289.2604512 -96.4413686
vt -193.6885287 -107.8653378
vt -195.4865090 -102.1410678
vt -179.6456605 -99.7457501
vt -172.0754753 -100.4353100
vt -60.8257438 -164.1728957
vt -4.0768826 -182.3516142
vt 66.7284076 -114.9979781
vt 66.7070442 -115.8556823
vt 66.2113318 -44.8792368
vt 45.0237590 -31.6496876
vt -222.7330744 32.5449690
vt 219.4885595 66.1841670
vt 374.1059035 -18.9191435
vt 364.2925541 -31.2372594
vt 331.6663945 -85.6981357
vt 318.6318940 -118.3760760
vt 128.8696251 -195.0440483
vt 49.9166806 -218.0581869
vt -17.1654755 -207.3079378
vt -370.1405982 -157.9760415
vt -324.3210011 -166.2145973
vt -111.1367946 -178.1102865
vt 323.8174017 -107.9386441
vt 373.9346674 45.6553807
vt 96.9573252 64.5237039
vt -145.1542961 74.5659789
vt -133.3656797 65.9410526
vt -86.1320980 56.2276542
vt 86.3391926 -50.3735175
vt 74.8067885 -129.9866892
vt 68.9984200 -155.6597017
vt 48.3438420 -167.2523300
vt 24.4328058 -177.8402205
vt -218.3156202 -122.4432701
vt -367.4666229 -139.1578765
vt -321.1132815 -96.9208683
vt 67.0008295 -118.3214947
vt -211.7283941 40.1895020
vt 191.8167164 61.1612692
vt 373.9090352 1.8922706
vt 329.5280592 -84.4070648
vt 90.0484046 -213.8140844
vt 37.5020782 -211.9050412
vt -193.7105090 -175.4255258
vt -368.6314147 -159.9566977
vt 149.3796204 62.6655163
vt -20.3886695 68.9185176
vt -132.8485772 59.9633771
vt -88.4401779 50.6893541
vt 83.1613901 -55.4628762
vt 28.7520223 -182.6965268
vt -16.9886542 -188.1111842
vt -216.3362804 -120.9229781
vt -373.4696153 -139.1581193
vt -212.2736367 -109.9335159
vt 52.0933195 -171.9364968
vt 301.3524170 -128.8591524
vt -191.0396262 -181.3505345
vt -338.5021238 -167.4325981
vt -65.3042951 70.9516037
vt 78.9238755 -52.8169664
vt -336.0633854 -166.8923231
vt 39.7549761 72.5550959
vt 82.1016780 -47.7276077
vt 371.2989116 13.6719256
vt 137.9658357 -198.1121148
vt -337.3611525 -161.0343541
vt -367.0470335 -161.9590036
vt -215.0230469 77.7285572
vt -218.1044713 -114.6404732
vt -19.6218565 15.7453791
vt -282.0499960 -168.0068817
vt 189.3204167 61.2497543
vt -351.6950629 -108.9802240
vt -355.7710603 -104.5772426
vt -350.0552770 -107.4622156
vt -353.9380496 -102.8803590
vt -353.5233945 -102.5590030
vt -351.4467541 -101.2227740
vt -191.2136928 -175.3530600
vt -148.5727091 -179.6608627
vt -146.3252855 -173.5626310
vt -95.1499400 -180.6457465
vt -57.7909530 -187.0929785
vt -258.5288788 -121.4126285
vt -48.0290101 -196.9256148
vt -46.0335369 -191.2671621
vt -31.8994717 -196.2515898
vt 39.9259662 -217.9353073
vt -182.7573937 -99.6631885
vt -182.2492145 -99.6401907
vt 91.5428983 -207.4890681
vt 154.3917387 -192.1189958
vt -3.9378930 -188.3500041
vt 227.2090057 -158.6303626
vt 247.9291642 -156.4772335
vt 54.0433908 -170.3755472
vt 50.2939134 -165.6913803
vt 63.5775016 -153.0880012
vt 65.7187572 -148.5744225
vt 74.5472061 -127.5179848
vt 337.1372466 -104.2058042
vt 332.3142738 -100.6366401
vt 73.7337727 -122.4235650
vt 67.8096425 -123.3747125
vt 73.3377993 -119.9572830
vt 323.1130531 -80.5338521
vt 320.0118376 -85.6702383
vt 309.9759775 -68.4916692
vt 303.4859322 -68.9176556
vt 303.5764652 -44.6497634
vt 304.4162030 -42.3689399
vt 305.1073030 -41.2869602
vt -113.6933980 58.7613882
vt -135.3371508 59.7481015
vt 361.9316417 -25.1599596
vt -156.0733271 62.7396568
vt 370.0897788 -13.8093407
vt -181.8888881 46.4002219
vt -188.6705309 43.2122130
vt -218.2479982 38.9357013
vt -231.0372072 33.7653115
vt -241.0947480 36.8514617
vt -263.2353688 57.9613376
vt -273.9070416 79.5346716
vt -276.4029763 70.2296996
vt -282.0611637 68.2333241
vn 0 0 1
f 1/1/1 2/2/1 3/3/1
f 4/4/1 1/1/1 3/3/1
f 5/5/1 6/6/1 7/7/1
f 8/8/1 9/9/1 10/10/1
f 11/11/1 8/8/1 12/12/1
f 13/13/1 14/14/1 15/15/1
f 16/16/1 17/17/1 13/13/1
f 17/17/1 18/18/1 19/19/1
f 20/20/1 21/21/1 22/22/1
f 23/23/1 24/24/1 25/25/1
f 26/26/1 27/27/1 28/28/1
f 29/29/1 30/30/1 31/31/1
f 32/32/1 33/33/1 34/34/1
f 35/35/1 36/36/1 37/37/1
f 38/38/1 39/39/1 36/36/1
f 40/40/1 41/41/1 42/42/1
f 43/43/1 44/44/1 45/45/1
f 46/46/1 47/47/1 48/48/1
f 49/49/1 50/50/1 51/51/1
f 52/52/1 53/53/1 51/51/1
f 54/54/1 55/55/1 56/56/1
f 57/57/1 58/58/1 59/59/1
f 60/60/1 61/61/1 57/57/1
f 62/62/1 63/63/1 64/64/1
f 63/63/1 65/65/1 66/66/1
f 67/67/1 66/66/1 68/68/1
f 69/69/1 67/67/1 70/70/1
f 70/70/1 71/71/1 72/72/1
f 73/73/1 74/74/1 71/71/1
f 71/71/1 75/75/1 73/73/1
f 76/76/1 73/73/1 77/77/1
f 72/72/1 78/78/1 70/70/1
f 79/79/1 80/80/1 81/81/1
f 82/82/1 83/83/1 80/80/1
f 84/84/1 85/85/1 86/86/1
f 84/84/1 86/86/1 87/87/1
f 88/88/1 89/89/1 90/90/1
f 90/90/1 91/91/1 88/88/1
f 92/92/1 93/93/1 94/94/1
f 95/95/1 96/96/1 97/97/1
f 98/98/1 99/99/1 96/96/1
f 96/96/1 100/100/1 98/98/1
f 101/101/1 102/102/1 103/103/1
f 104/104/1 105/105/1 106/106/1
f 107/107/1 108/108/1 109/109/1
f 105/105/1 110/110/1 111/111/1
f 112/112/1 109/109/1 108/108/1
f 113/113/1 114/114/1 115/115/1
f 116/116/1 117/117/1 118/118/1
f 118/118/1 119/119/1 116/116/1
f 120/120/1 121/121/1 122/122/1
f 122/122/1 123/123/1 120/120/1
f 124/124/1 125/125/1 123/123/1
f 126/126/1 127/127/1 128/128/1
f 129/129/1 130/130/1 131/131/1
f 126/126/1 132/132/1 129/129/1
f 133/133/1 134/134/1 135/135/1
f 135/135/1 136/136/1 133/133/1
f 137/137/1 138/138/1 136/136/1
f 139/139/1 140/140/1 141/141/1
f 142/142/1 143/143/1 144/144/1
f 145/145/1 146/146/1 147/147/1
f 148/148/1 149/149/1 150/150/1
f 151/151/1 152/152/1 153/153/1
f 154/154/1 155/155/1 156/156/1
f 157/157/1 158/158/1 159/159/1
f 160/160/1 161/161/1 162/162/1
f 163/163/1 164/164/1 165/165/1
f 166/166/1 167/167/1 168/168/1
f 169/169/1 170/170/1 171/171/1
f 172/172/1 173/173/1 174/174/1
f 175/175/1 176/176/1 177/177/1
f 178/178/1 179/179/1 180/180/1
f 181/181/1 182/182/1 183/183/1
f 184/184/1 185/185/1 186/186/1
f 187/187/1 188/188/1 189/189/1
f 190/190/1 191/191/1 192/192/1
f 193/193/1 194/194/1 195/195/1
f 196/196/1 197/197/1 198/198/1
f 199/199/1 200/200/1 201/201/1
f 202/202/1 203/203/1 204/204/1
f 205/205/1 206/206/1 207/207/1
f 208/208/1 209/209/1 210/210/1
f 211/211/1 212/212/1 213/213/1
f 214/214/1 215/215/1 216/216/1
f 217/217/1 218/218/1 219/219/1
f 220/220/1 221/221/1 222/222/1
f 223/223/1 224/224/1 225/225/1
f 226/226/1 227/227/1 228/228/1
f 229/229/1 230/230/1 231/231/1
f 232/232/1 233/233/1 234/234/1
f 235/235/1 236/236/1 237/237/1
f 238/238/1 239/239/1 240/240/1
f 241/241/1 242/242/1 243/243/1
f 244/244/1 245/245/1 246/246/1
f 247/247/1 244/244/1 248/248/1
f 249/249/1 247/247/1 250/250/1
f 251/251/1 252/252/1 253/253/1
f 252/252/1 254/254/1 255/255/1
f 256/256/1 257/257/1 258/258/1
f 259/259/1 260/260/1 261/261/1
f 262/262/1 263/263/1 264/264/1
f 265/265/1 266/266/1 267/267/1
f 266/266/1 268/268/1 269/269/1
f 268/268/1 270/270/1 271/271/1
f 272/272/1 273/273/1 274/274/1
f 275/275/1 276/276/1 277/277/1
f 276/276/1 278/278/1 279/279/1
f 280/280/1 281/281/1 282/282/1
f 283/283/1 284/284/1 285/285/1
f 286/286/1 287/287/1 288/288/1
f 289/289/1 290/290/1 291/291/1
f 292/292/1 291/291/1 293/293/1
f 294/294/1 295/295/1 296/296/1
f 297/297/1 298/298/1 299/299/1
f 300/300/1 301/301/1 302/302/1
f 303/303/1 304/304/1 305/305/1
f 306/306/1 307/307/1 308/308/1
f 309/309/1 310/310/1 311/311/1
f 312/312/1 313/313/1 314/314/1
f 315/315/1 316/316/1 317/317/1
f 318/318/1 315/315/1 319/319/1
f 320/320/1 318/318/1 321/321/1
f 322/322/1 323/323/1 324/324/1
f 325/325/1 326/326/1 327/327/1
f 328/328/1 329/329/1 330/330/1
f 331/331/1 332/332/1 333/333/1
f 332/332/1 334/334/1 335/335/1
f 336/336/1 337/337/1 338/338/1
f 339/339/1 340/340/1 341/341/1
f 342/342/1 343/343/1 344/344/1
f 345/345/1 346/346/1 347/347/1
f 347/347/1 348/348/1 349/349/1
f 350/350/1 351/351/1 352/352/1
f 352/352/1 349/349/1 350/350/1
f 353/353/1 354/354/1 355/355/1
f 356/356/1 357/357/1 358/358/1
f 359/359/1 360/360/1 361/361/1
f 360/360/1 362/362/1 363/363/1
f 364/364/1 365/365/1 362/362/1
f 366/366/1 367/367/1 368/368/1
f 369/369/1 370/370/1 371/371/1
f 372/372/1 373/373/1 374/374/1
f 375/375/1 376/376/1 377/377/1
f 378/378/1 379/379/1 380/380/1
f 381/381/1 382/382/1 383/383/1
f 384/384/1 385/385/1 386/386/1
f 387/387/1 388/388/1 389/389/1
f 390/390/1 391/391/1 392/392/1
f 393/393/1 394/394/1 395/395/1
f 394/394/1 396/396/1 395/395/1
f 393/393/1 397/397/1 394/394/1
f 398/398/1 399/399/1 400/400/1
f 401/401/1 402/402/1 403/403/1
f 404/404/1 405/405/1 406/406/1
f 407/407/1 408/408/1 409/409/1
f 410/410/1 409/409/1 408/408/1
f 411/411/1 412/412/1 413/413/1
f 413/413/1 414/414/1 411/411/1
f 415/415/1 416/416/1 417/417/1
f 418/418/1 419/419/1 420/420/1
f 421/421/1 417/417/1 416/416/1
f 417/417/1 422/422/1 423/423/1
f 418/418/1 421/421/1 416/416/1
f 416/416/1 419/419/1 418/418/1
f 424/424/1 425/425/1 426/426/1
f 424/424/1 426/426/1 427/427/1
f 428/428/1 429/429/1 425/425/1
f 430/430/1 431/431/1 432/432/1
f 433/433/1 434/434/1 435/435/1
f 436/436/1 437/437/1 438/438/1
f 439/439/1 440/440/1 441/441/1
f 442/442/1 443/443/1 440/440/1
f 444/444/1 445/445/1 446/446/1
f 447/447/1 448/448/1 449/449/1
f 450/450/1 451/451/1 452/452/1
f 453/453/1 454/454/1 455/455/1
f 456/456/1 453/453/1 457/457/1
f 455/455/1 457/457/1 453/453/1
f 454/454/1 458/458/1 459/459/1
f 458/458/1 460/460/1 461/461/1
f 458/458/1 462/462/1 460/460/1
f 463/463/1 464/464/1 465/465/1
f 466/466/1 467/467/1 464/464/1
f 468/468/1 469/469/1 470/470/1
f 470/470/1 471/471/1 468/468/1
f 470/470/1 472/472/1 471/471/1
f 473/473/1 474/474/1 475/475/1
f 476/476/1 477/477/1 478/478/1
f 479/479/1 480/480/1 481/481/1
f 482/482/1 483/483/1 484/484/1
f 483/483/1 485/485/1 486/486/1
f 483/483/1 486/486/1 487/487/1
f 488/488/1 489/489/1 490/490/1
f 491/491/1 492/492/1 493/493/1
f 494/494/1 495/495/1 496/496/1
f 497/497/1 498/498/1 499/499/1
f 500/500/1 501/501/1 502/502/1
f 503/503/1 504/504/1 505/505/1
f 506/506/1 507/507/1 508/508/1
f 509/509/1 510/510/1 511/511/1
f 512/512/1 513/513/1 514/514/1
f 515/515/1 516/516/1 513/513/1
f 517/517/1 518/518/1 519/519/1
f 520/520/1 521/521/1 522/522/1
f 523/523/1 524/524/1 525/525/1
f 526/526/1 527/527/1 528/528/1
f 525/525/1 526/526/1 528/528/1
f 529/529/1 522/522/1 521/521/1
f 521/521/1 530/530/1 531/531/1
f 532/532/1 533/533/1 530/530/1
f 534/534/1 535/535/1 536/536/1
f 537/537/1 538/538/1 539/539/1
f 540/540/1 536/536/1 535/535/1
f 541/541/1 542/542/1 543/543/1
f 544/544/1 534/534/1 536/536/1
f 545/545/1 546/546/1 547/547/1
f 548/548/1 549/549/1 550/550/1
f 551/551/1 552/552/1 553/553/1
f 554/554/1 555/555/1 556/556/1
f 557/557/1 558/558/1 555/555/1
f 559/559/1 557/557/1 560/560/1
f 561/561/1 562/562/1 560/560/1
f 563/563/1 564/564/1 565/565/1
f 566/566/1 567/567/1 563/563/1
f 568/568/1 569/569/1 570/570/1
f 571/571/1 572/572/1 573/573/1
f 573/573/1 574/574/1 571/571/1
f 574/574/1 575/575/1 571/571/1
f 576/576/1 577/577/1 578/578/1
f 579/579/1 580/580/1 581/581/1
f 582/582/1 583/583/1 584/584/1
f 585/585/1 582/582/1 584/584/1
f 581/581/1 586/586/1 579/579/1
f 587/587/1 581/581/1 580/580/1
f 588/588/1 589/589/1 590/590/1
f 591/591/1 592/592/1 593/593/1
f 594/594/1 595/595/1 596/596/1
f 597/597/1 596/596/1 595/595/1
f 595/595/1 598/598/1 597/597/1
f 591/591/1 593/593/1 599/599/1
f 600/600/1 601/601/1 602/602/1
f 603/603/1 604/604/1 605/605/1
f 606/606/1 607/607/1 604/604/1
f 604/604/1 608/608/1 606/606/1
f 609/609/1 610/610/1 611/611/1
f 612/612/1 613/613/1 614/614/1
f 615/615/1 616/616/1 617/617/1
f 618/618/1 619/619/1 620/620/1
f 621/621/1 622/622/1 623/623/1
f 621/621/1 624/624/1 622/622/1
f 625/625/1 626/626/1 627/627/1
f 628/628/1 629/629/1 630/630/1
f 631/631/1 632/632/1 633/633/1
f 634/634/1 635/635/1 636/636/1
f 637/637/1 638/638/1 639/639/1
f 640/640/1 641/641/1 642/642/1
f 640/640/1 639/639/1 641/641/1
f 643/643/1 644/644/1 645/645/1
f 646/646/1 647/647/1 648/648/1
f 649/649/1 650/650/1 651/651/1
f 652/652/1 651/651/1 650/650/1
f 650/650/1 653/653/1 652/652/1
f 651/651/1 654/654/1 649/649/1
f 655/655/1 656/656/1 657/657/1
f 658/658/1 659/659/1 660/660/1
f 661/661/1 662/662/1 663/663/1
f 664/664/1 665/665/1 666/666/1
f 667/667/1 668/668/1 669/669/1
f 670/670/1 671/671/1 672/672/1
f 673/673/1 674/674/1 675/675/1
f 676/676/1 673/673/1 677/677/1
f 678/678/1 679/679/1 680/680/1
f 681/681/1 682/682/1 683/683/1
f 684/684/1 681/681/1 685/685/1
f 686/686/1 687/687/1 688/688/1
f 688/688/1 689/689/1 686/686/1
f 689/689/1 690/690/1 691/691/1
f 692/692/1 693/693/1 694/694/1
f 690/690/1 695/695/1 696/696/1
f 697/697/1 698/698/1 699/699/1
f 699/699/1 700/700/1 697/697/1
f 698/698/1 694/694/1 693/693/1
f 694/694/1 701/701/1 692/692/1
f 702/702/1 703/703/1 704/704/1
f 705/705/1 706/706/1 707/707/1
f 706/706/1 708/708/1 709/709/1
f 710/710/1 711/711/1 712/712/1
f 713/713/1 714/714/1 715/715/1
f 716/716/1 713/713/1 715/715/1
f 715/715/1 717/717/1 716/716/1
f 717/717/1 715/715/1 718/718/1
f 719/719/1 720/720/1 721/721/1
f 722/722/1 723/723/1 724/724/1
f 725/725/1 726/726/1 727/727/1
f 725/725/1 728/728/1 726/726/1
f 729/729/1 730/730/1 728/728/1
f 725/725/1 727/727/1 731/731/1
f 732/732/1 733/733/1 734/734/1
f 735/735/1 736/736/1 737/737/1
f 738/738/1 739/739/1 740/740/1
f 741/741/1 742/742/1 743/743/1
f 744/744/1 745/745/1 746/746/1
f 745/745/1 741/741/1 746/746/1
f 747/747/1 748/748/1 749/749/1
f 747/747/1 749/749/1 750/750/1
f 751/751/1 752/752/1 753/753/1
f 751/751/1 754/754/1 752/752/1
f 755/755/1 756/756/1 757/757/1
f 756/756/1 758/758/1 759/759/1
f 760/760/1 761/761/1 762/762/1
f 748/748/1 747/747/1 763/763/1
f 764/764/1 765/765/1 766/766/1
f 767/767/1 766/766/1 765/765/1
f 768/768/1 769/769/1 770/770/1
f 771/771/1 772/772/1 773/773/1
f 736/736/1 774/774/1 775/775/1
f 736/736/1 735/735/1 774/774/1
f 733/733/1 732/732/1 776/776/1
f 777/777/1 778/778/1 779/779/1
f 780/780/1 781/781/1 782/782/1
f 783/783/1 784/784/1 785/785/1
f 720/720/1 786/786/1 722/722/1
f 787/787/1 788/788/1 789/789/1
f 790/790/1 791/791/1 787/787/1
f 791/791/1 792/792/1 793/793/1
f 794/794/1 793/793/1 795/795/1
f 685/685/1 794/794/1 795/795/1
f 796/796/1 797/797/1 798/798/1
f 799/799/1 798/798/1 797/797/1
f 800/800/1 801/801/1 802/802/1
f 801/801/1 803/803/1 804/804/1
f 805/805/1 806/806/1 807/807/1
f 807/807/1 808/808/1 805/805/1
f 808/808/1 809/809/1 810/810/1
f 811/811/1 812/812/1 813/813/1
f 814/814/1 815/815/1 816/816/1
f 816/816/1 817/817/1 818/818/1
f 819/819/1 820/820/1 821/821/1
f 822/822/1 819/819/1 821/821/1
f 821/821/1 823/823/1 822/822/1
f 824/824/1 825/825/1 823/823/1
f 820/820/1 826/826/1 827/827/1
f 665/665/1 664/664/1 667/667/1
f 662/662/1 828/828/1 829/829/1
f 662/662/1 829/829/1 830/830/1
f 662/662/1 661/661/1 828/828/1
f 660/660/1 831/831/1 658/658/1
f 656/656/1 655/655/1 832/832/1
f 833/833/1 649/649/1 834/834/1
f 647/647/1 646/646/1 835/835/1
f 836/836/1 637/637/1 837/837/1
f 645/645/1 634/634/1 838/838/1
f 636/636/1 839/839/1 840/840/1
f 632/632/1 631/631/1 841/841/1
f 629/629/1 628/628/1 842/842/1
f 626/626/1 625/625/1 843/843/1
f 620/620/1 844/844/1 845/845/1
f 616/616/1 615/615/1 846/846/1
f 613/613/1 612/612/1 847/847/1
f 848/848/1 849/849/1 850/850/1
f 851/851/1 852/852/1 853/853/1
f 854/854/1 855/855/1 856/856/1
f 592/592/1 591/591/1 857/857/1
f 599/599/1 595/595/1 858/858/1
f 583/583/1 859/859/1 860/860/1
f 861/861/1 860/860/1 862/862/1
f 863/863/1 864/864/1 865/865/1
f 578/578/1 863/863/1 866/866/1
f 552/552/1 867/867/1 868/868/1
f 553/553/1 548/548/1 869/869/1
f 870/870/1 871/871/1 872/872/1
f 547/547/1 873/873/1 545/545/1
f 536/536/1 874/874/1 544/544/1
f 543/543/1 875/875/1 541/541/1
f 876/876/1 541/541/1 877/877/1
f 878/878/1 879/879/1 880/880/1
f 530/530/1 881/881/1 532/532/1
f 882/882/1 883/883/1 884/884/1
f 524/524/1 885/885/1 886/886/1
f 887/887/1 888/888/1 889/889/1
f 888/888/1 890/890/1 891/891/1
f 892/892/1 893/893/1 894/894/1
f 895/895/1 896/896/1 894/894/1
f 896/896/1 897/897/1 898/898/1
f 899/899/1 898/898/1 900/900/1
f 901/901/1 899/899/1 902/902/1
f 902/902/1 903/903/1 904/904/1
f 905/905/1 906/906/1 907/907/1
f 515/515/1 905/905/1 908/908/1
f 511/511/1 506/506/1 909/909/1
f 508/508/1 910/910/1 911/911/1
f 504/504/1 503/503/1 912/912/1
f 502/502/1 913/913/1 914/914/1
f 499/499/1 915/915/1 916/916/1
f 495/495/1 494/494/1 917/917/1
f 492/492/1 491/491/1 918/918/1
f 489/489/1 488/488/1 919/919/1
f 481/481/1 920/920/1 479/479/1
f 921/921/1 922/922/1 923/923/1
f 477/477/1 476/476/1 924/924/1
f 472/472/1 925/925/1 473/473/1
f 926/926/1 927/927/1 928/928/1
f 929/929/1 930/930/1 931/931/1
f 932/932/1 931/931/1 930/930/1
f 931/931/1 933/933/1 929/929/1
f 934/934/1 935/935/1 447/447/1
f 447/447/1 936/936/1 934/934/1
f 937/937/1 938/938/1 939/939/1
f 940/940/1 937/937/1 939/939/1
f 939/939/1 941/941/1 940/940/1
f 941/941/1 942/942/1 943/943/1
f 443/443/1 442/442/1 944/944/1
f 443/443/1 944/944/1 945/945/1
f 440/440/1 439/439/1 442/442/1
f 946/946/1 947/947/1 948/948/1
f 949/949/1 950/950/1 951/951/1
f 950/950/1 952/952/1 951/951/1
f 953/953/1 954/954/1 437/437/1
f 437/437/1 955/955/1 953/953/1
f 437/437/1 436/436/1 955/955/1
f 956/956/1 957/957/1 958/958/1
f 956/956/1 959/959/1 957/957/1
f 434/434/1 433/433/1 960/960/1
f 961/961/1 962/962/1 963/963/1
f 429/429/1 428/428/1 961/961/1
f 425/425/1 424/424/1 964/964/1
f 965/965/1 966/966/1 967/967/1
f 968/968/1 969/969/1 970/970/1
f 971/971/1 413/413/1 972/972/1
f 973/973/1 974/974/1 975/975/1
f 405/405/1 975/975/1 974/974/1
f 398/398/1 976/976/1 402/402/1
f 977/977/1 399/399/1 398/398/1
f 978/978/1 979/979/1 980/980/1
f 978/978/1 980/980/1 981/981/1
f 982/982/1 983/983/1 984/984/1
f 985/985/1 986/986/1 982/982/1
f 987/987/1 988/988/1 989/989/1
f 990/990/1 991/991/1 992/992/1
f 993/993/1 994/994/1 991/991/1
f 388/388/1 387/387/1 995/995/1
f 386/386/1 381/381/1 996/996/1
f 380/380/1 997/997/1 378/378/1
f 351/351/1 355/355/1 354/354/1
f 343/343/1 339/339/1 998/998/1
f 334/334/1 338/338/1 337/337/1
f 999/999/1 243/243/1 242/242/1
f 1000/1000/1 1001/1001/1 1002/1002/1
f 1003/1003/1 1004/1004/1 1005/1005/1
f 1006/1006/1 1007/1007/1 1008/1008/1
f 1008/1008/1 1009/1009/1 1006/1006/1
f 1007/1007/1 1010/1010/1 1008/1008/1
f 1010/1010/1 1011/1011/1 1012/1012/1
f 1013/1013/1 1014/1014/1 1015/1015/1
f 1016/1016/1 1017/1017/1 1018/1018/1
f 1019/1019/1 1020/1020/1 1021/1021/1
f 1022/1022/1 1023/1023/1 1024/1024/1
f 240/240/1 1025/1025/1 238/238/1
f 1002/1002/1 1026/1026/1 1000/1000/1
f 1027/1027/1 235/235/1 237/237/1
f 1028/1028/1 1029/1029/1 1030/1030/1
f 1029/1029/1 232/232/1 1031/1031/1
f 1032/1032/1 234/234/1 1033/1033/1
f 230/230/1 1034/1034/1 231/231/1
f 1034/1034/1 228/228/1 227/227/1
f 1005/1005/1 226/226/1 1003/1003/1
f 1035/1035/1 1036/1036/1 1037/1037/1
f 1038/1038/1 1039/1039/1 1040/1040/1
f 186/186/1 1041/1041/1 184/184/1
f 1042/1042/1 184/184/1 1043/1043/1
f 1042/1042/1 1043/1043/1 1044/1044/1
f 1045/1045/1 1046/1046/1 1047/1047/1
f 1046/1046/1 1048/1048/1 1049/1049/1
f 192/192/1 1050/1050/1 190/190/1
f 1048/1048/1 1051/1051/1 1052/1052/1
f 1053/1053/1 1054/1054/1 1055/1055/1
f 1056/1056/1 1053/1053/1 1055/1055/1
f 1057/1057/1 1058/1058/1 1056/1056/1
f 203/203/1 202/202/1 1059/1059/1
f 1060/1060/1 1061/1061/1 224/224/1
f 1062/1062/1 1063/1063/1 1064/1064/1
f 206/206/1 205/205/1 1065/1065/1
f 1066/1066/1 1067/1067/1 1068/1068/1
f 1067/1067/1 1069/1069/1 1068/1068/1
f 212/212/1 211/211/1 1070/1070/1
f 212/212/1 1070/1070/1 214/214/1
f 1071/1071/1 1072/1072/1 1073/1073/1
f 1074/1074/1 1071/1071/1 1075/1075/1
f 1076/1076/1 1074/1074/1 1077/1077/1
f 1078/1078/1 1076/1076/1 1077/1077/1
f 1079/1079/1 1078/1078/1 1080/1080/1
f 1081/1081/1 1079/1079/1 1061/1061/1
f 1082/1082/1 1081/1081/1 1061/1061/1
f 1061/1061/1 1060/1060/1 1082/1082/1
f 224/224/1 223/223/1 1083/1083/1
f 221/221/1 220/220/1 1084/1084/1
f 1073/1073/1 1075/1075/1 1071/1071/1
f 198/198/1 1085/1085/1 196/196/1
f 1086/1086/1 1087/1087/1 1085/1085/1
f 1086/1086/1 1088/1088/1 1087/1087/1
f 194/194/1 193/193/1 1088/1088/1
f 1089/1089/1 1090/1090/1 1091/1091/1
f 1092/1092/1 1089/1089/1 1093/1093/1
f 1094/1094/1 1092/1092/1 1095/1095/1
f 1096/1096/1 1097/1097/1 1098/1098/1
f 1099/1099/1 1098/1098/1 1097/1097/1
f 1100/1100/1 999/999/1 1099/1099/1
f 179/179/1 178/178/1 1101/1101/1
f 242/242/1 1102/1102/1 999/999/1
f 176/176/1 175/175/1 1103/1103/1
f 1104/1104/1 172/172/1 1105/1105/1
f 170/170/1 169/169/1 1106/1106/1
f 1107/1107/1 1108/1108/1 1109/1109/1
f 161/161/1 160/160/1 1110/1110/1
f 1111/1111/1 1112/1112/1 1113/1113/1
f 1114/1114/1 1115/1115/1 1116/1116/1
f 152/152/1 151/151/1 1117/1117/1
f 146/146/1 1118/1118/1 148/148/1
f 1119/1119/1 1120/1120/1 145/145/1
f 144/144/1 1121/1121/1 142/142/1
f 141/141/1 1122/1122/1 139/139/1
f 1123/1123/1 137/137/1 1124/1124/1
f 1125/1125/1 122/122/1 1126/1126/1
f 105/105/1 112/112/1 108/108/1
f 106/106/1 1127/1127/1 104/104/1
f 1128/1128/1 1129/1129/1 1130/1130/1
f 1131/1131/1 1132/1132/1 1133/1133/1
f 85/85/1 84/84/1 1134/1134/1
f 1135/1135/1 1136/1136/1 1137/1137/1
f 1138/1138/1 1135/1135/1 1139/1139/1
f 1140/1140/1 1141/1141/1 1142/1142/1
f 1143/1143/1 1144/1144/1 1145/1145/1
f 1144/1144/1 1146/1146/1 1147/1147/1
f 1148/1148/1 1147/1147/1 1149/1149/1
f 1150/1150/1 61/61/1 1151/1151/1
f 61/61/1 1152/1152/1 1151/1151/1
f 1153/1153/1 1154/1154/1 1155/1155/1
f 1156/1156/1 1157/1157/1 1155/1155/1
f 1155/1155/1 1158/1158/1 1156/1156/1
f 52/52/1 1159/1159/1 1160/1160/1
f 1161/1161/1 1162/1162/1 1163/1163/1
f 1164/1164/1 1161/1161/1 47/47/1
f 47/47/1 1165/1165/1 1164/1164/1
f 1166/1166/1 1163/1163/1 1167/1167/1
f 1168/1168/1 1169/1169/1 1170/1170/1
f 38/38/1 1168/1168/1 1170/1170/1
f 1170/1170/1 39/39/1 38/38/1
f 1171/1171/1 1172/1172/1 1173/1173/1
f 1174/1174/1 1175/1175/1 33/33/1
f 33/33/1 1176/1176/1 1174/1174/1
f 33/33/1 32/32/1 1176/1176/1
f 27/27/1 26/26/1 1177/1177/1
f 24/24/1 23/23/1 1178/1178/1
f 21/21/1 20/20/1 1179/1179/1
f 18/18/1 17/17/1 1180/1180/1
f 2/2/1 1181/1181/1 1182/1182/1
f 1183/1183/1 1184/1184/1 1185/1185/1
f 1186/1186/1 1185/1185/1 1184/1184/1
f 1187/1187/1 1188/1188/1 1189/1189/1
f 1190/1190/1 1191/1191/1 1187/1187/1
f 1192/1192/1 1193/1193/1 1191/1191/1
f 1194/1194/1 1195/1195/1 1196/1196/1
f 1194/1194/1 1196/1196/1 1197/1197/1
f 1191/1191/1 1198/1198/1 1192/1192/1
f 1199/1199/1 1200/1200/1 1201/1201/1
f 1202/1202/1 1203/1203/1 1204/1204/1
f 1205/1205/1 1206/1206/1 1207/1207/1
f 1208/1208/1 1209/1209/1 1210/1210/1
f 1211/1211/1 1212/1212/1 1213/1213/1
f 1214/1214/1 1215/1215/1 1216/1216/1
f 1217/1217/1 1218/1218/1 1219/1219/1
f 1220/1220/1 1221/1221/1 1222/1222/1
f 1223/1223/1 1224/1224/1 1225/1225/1
f 1226/1226/1 1227/1227/1 1228/1228/1
f 1227/1227/1 1229/1229/1 1230/1230/1
f 1229/1229/1 1231/1231/1 1232/1232/1
f 1233/1233/1 1234/1234/1 1235/1235/1
f 1235/1235/1 1236/1236/1 1233/1233/1
f 1237/1237/1 1238/1238/1 1239/1239/1
f 1237/1237/1 1240/1240/1 1241/1241/1
f 1242/1242/1 1243/1243/1 1244/1244/1
f 1244/1244/1 1245/1245/1 1242/1242/1
f 1246/1246/1 1247/1247/1 1248/1248/1
f 1249/1249/1 1250/1250/1 1251/1251/1
f 1249/1249/1 1252/1252/1 1250/1250/1
f 1253/1253/1 1254/1254/1 1255/1255/1
f 1256/1256/1 1257/1257/1 1258/1258/1
f 1259/1259/1 1260/1260/1 1261/1261/1
f 1262/1262/1 1263/1263/1 1264/1264/1
f 1265/1265/1 1266/1266/1 1267/1267/1
f 1268/1268/1 1269/1269/1 1270/1270/1
f 1271/1271/1 1272/1272/1 1273/1273/1
f 1269/1269/1 1274/1274/1 1272/1272/1
f 1275/1275/1 1271/1271/1 1273/1273/1
f 1276/1276/1 1277/1277/1 1275/1275/1
f 1278/1278/1 1279/1279/1 1280/1280/1
f 1278/1278/1 1281/1281/1 1279/1279/1
f 1282/1282/1 1283/1283/1 1284/1284/1
f 1284/1284/1 1285/1285/1 1282/1282/1
f 1284/1284/1 1286/1286/1 1285/1285/1
f 1287/1287/1 1288/1288/1 1289/1289/1
f 1290/1290/1 1291/1291/1 1292/1292/1
f 1293/1293/1 1294/1294/1 1295/1295/1
f 1295/1295/1 1296/1296/1 1293/1293/1
f 1295/1295/1 1297/1297/1 1296/1296/1
f 1298/1298/1 1299/1299/1 1300/1300/1
f 1301/1301/1 1302/1302/1 1303/1303/1
f 1303/1303/1 1304/1304/1 1301/1301/1
f 1302/1302/1 1305/1305/1 1303/1303/1
f 1306/1306/1 1307/1307/1 1308/1308/1
f 1309/1309/1 1310/1310/1 1311/1311/1
f 1312/1312/1 1313/1313/1 1314/1314/1
f 1315/1315/1 1316/1316/1 1317/1317/1
f 1318/1318/1 1319/1319/1 1320/1320/1
f 1321/1321/1 1318/1318/1 1320/1320/1
f 1320/1320/1 1322/1322/1 1321/1321/1
f 1323/1323/1 1324/1324/1 1325/1325/1
f 1326/1326/1 1327/1327/1 1328/1328/1
f 1329/1329/1 1330/1330/1 1331/1331/1
f 1331/1331/1 1332/1332/1 1329/1329/1
f 1331/1331/1 1333/1333/1 1332/1332/1
f 1334/1334/1 1335/1335/1 1336/1336/1
f 1337/1337/1 1338/1338/1 1339/1339/1
f 1339/1339/1 1340/1340/1 1337/1337/1
f 1341/1341/1 1342/1342/1 1343/1343/1
f 1344/1344/1 1345/1345/1 1346/1346/1
f 1347/1347/1 1348/1348/1 1349/1349/1
f 1350/1350/1 1351/1351/1 1352/1352/1
f 1353/1353/1 1354/1354/1 1355/1355/1
f 1356/1356/1 1357/1357/1 1358/1358/1
f 1359/1359/1 1360/1360/1 1361/1361/1
f 1362/1362/1 1363/1363/1 1364/1364/1
f 1363/1363/1 1365/1365/1 1366/1366/1
f 1367/1367/1 1368/1368/1 1369/1369/1
f 1370/1370/1 1367/1367/1 1371/1371/1
f 1372/1372/1 1373/1373/1 1374/1374/1
f 1375/1375/1 1376/1376/1 1377/1377/1
f 1378/1378/1 1379/1379/1 1380/1380/1
f 1378/1378/1 1381/1381/1 1379/1379/1
f 1378/1378/1 1377/1377/1 1381/1381/1
f 1382/1382/1 1383/1383/1 1384/1384/1
f 1385/1385/1 1386/1386/1 1387/1387/1
f 1388/1388/1 1389/1389/1 1390/1390/1
f 1391/1391/1 1392/1392/1 1393/1393/1
f 1394/1394/1 1395/1395/1 1396/1396/1
f 1397/1397/1 1398/1398/1 1399/1399/1
f 1400/1400/1 1401/1401/1 1402/1402/1
f 1402/1402/1 1403/1403/1 1400/1400/1
f 1403/1403/1 1404/1404/1 1400/1400/1
f 1405/1405/1 1406/1406/1 1407/1407/1
f 1407/1407/1 1408/1408/1 1405/1405/1
f 1406/1406/1 1409/1409/1 1407/1407/1
f 1410/1410/1 1411/1411/1 1412/1412/1
f 1410/1410/1 1413/1413/1 1411/1411/1
f 1414/1414/1 1415/1415/1 1416/1416/1
f 1416/1416/1 1417/1417/1 1414/1414/1
f 1418/1418/1 1419/1419/1 1417/1417/1
f 1420/1420/1 1421/1421/1 1422/1422/1
f 1423/1423/1 1424/1424/1 1425/1425/1
f 1423/1423/1 1425/1425/1 1426/1426/1
f 1427/1427/1 1428/1428/1 1424/1424/1
f 1429/1429/1 1430/1430/1 1431/1431/1
f 1429/1429/1 1432/1432/1 1430/1430/1
f 1429/1429/1 1433/1433/1 1432/1432/1
f 1434/1434/1 1435/1435/1 1436/1436/1
f 1437/1437/1 1438/1438/1 1439/1439/1
f 1440/1440/1 1441/1441/1 1442/1442/1
f 1443/1443/1 1444/1444/1 1445/1445/1
f 1446/1446/1 1447/1447/1 1448/1448/1
f 1449/1449/1 1448/1448/1 1450/1450/1
f 1451/1451/1 1452/1452/1 1453/1453/1
f 1454/1454/1 759/759/1 758/758/1
f 759/759/1 757/757/1 756/756/1
f 758/758/1 1455/1455/1 1456/1456/1
f 1457/1457/1 1456/1456/1 1455/1455/1
f 1458/1458/1 1459/1459/1 1460/1460/1
f 1461/1461/1 1462/1462/1 1463/1463/1
f 1463/1463/1 1464/1464/1 1461/1461/1
f 1465/1465/1 1466/1466/1 1467/1467/1
f 1467/1467/1 1468/1468/1 1465/1465/1
f 1469/1469/1 1470/1470/1 1471/1471/1
f 1472/1472/1 1473/1473/1 1474/1474/1
f 1452/1452/1 1451/1451/1 1475/1475/1
f 1476/1476/1 1477/1477/1 1478/1478/1
f 1478/1478/1 1479/1479/1 1476/1476/1
f 1480/1480/1 1449/1449/1 1481/1481/1
f 1448/1448/1 1482/1482/1 1483/1483/1
f 1484/1484/1 1485/1485/1 1482/1482/1
f 1482/1482/1 1486/1486/1 1484/1484/1
f 1487/1487/1 1488/1488/1 1444/1444/1
f 1444/1444/1 1489/1489/1 1487/1487/1
f 1490/1490/1 1491/1491/1 1489/1489/1
f 1492/1492/1 1493/1493/1 1494/1494/1
f 1494/1494/1 1495/1495/1 1492/1492/1
f 1496/1496/1 1440/1440/1 1497/1497/1
f 1498/1498/1 1499/1499/1 1500/1500/1
f 1439/1439/1 1501/1501/1 1502/1502/1
f 1501/1501/1 1503/1503/1 1504/1504/1
f 1505/1505/1 1506/1506/1 1507/1507/1
f 1507/1507/1 1508/1508/1 1505/1505/1
f 1435/1435/1 1434/1434/1 1509/1509/1
f 1428/1428/1 1510/1510/1 1511/1511/1
f 1428/1428/1 1427/1427/1 1510/1510/1
f 1512/1512/1 1416/1416/1 1513/1513/1
f 1514/1514/1 1515/1515/1 1516/1516/1
f 1515/1515/1 1410/1410/1 1517/1517/1
f 1518/1518/1 1408/1408/1 1519/1519/1
f 1520/1520/1 1521/1521/1 1522/1522/1
f 1523/1523/1 1524/1524/1 1520/1520/1
f 1525/1525/1 1526/1526/1 1527/1527/1
f 1528/1528/1 1529/1529/1 1530/1530/1
f 1526/1526/1 1528/1528/1 1530/1530/1
f 1531/1531/1 1532/1532/1 1525/1525/1
f 1532/1532/1 1533/1533/1 1534/1534/1
f 1395/1395/1 1535/1535/1 1533/1533/1
f 1536/1536/1 1537/1537/1 1538/1538/1
f 1393/1393/1 1539/1539/1 1537/1537/1
f 1540/1540/1 1541/1541/1 1542/1542/1
f 1543/1543/1 1544/1544/1 1545/1545/1
f 1546/1546/1 1545/1545/1 1544/1544/1
f 1547/1547/1 1548/1548/1 1549/1549/1
f 1548/1548/1 1550/1550/1 1549/1549/1
f 1551/1551/1 1549/1549/1 1550/1550/1
f 1386/1386/1 1552/1552/1 1553/1553/1
f 1386/1386/1 1554/1554/1 1552/1552/1
f 1555/1555/1 1556/1556/1 1385/1385/1
f 1376/1376/1 1375/1375/1 1557/1557/1
f 1382/1382/1 1558/1558/1 1559/1559/1
f 1374/1374/1 1560/1560/1 1372/1372/1
f 1374/1374/1 1561/1561/1 1560/1560/1
f 1370/1370/1 1371/1371/1 1562/1562/1
f 1364/1364/1 1563/1563/1 1564/1564/1
f 1565/1565/1 1356/1356/1 1566/1566/1
f 1567/1567/1 1355/1355/1 1354/1354/1
f 1355/1355/1 1568/1568/1 1569/1569/1
f 1568/1568/1 1570/1570/1 1571/1571/1
f 1572/1572/1 1571/1571/1 1573/1573/1
f 1574/1574/1 1352/1352/1 1351/1351/1
f 1575/1575/1 1576/1576/1 1577/1577/1
f 1349/1349/1 1578/1578/1 1347/1347/1
f 1579/1579/1 1580/1580/1 1581/1581/1
f 1345/1345/1 1344/1344/1 1582/1582/1
f 1583/1583/1 1334/1334/1 1584/1584/1
f 1585/1585/1 1341/1341/1 1586/1586/1
f 1587/1587/1 1588/1588/1 1589/1589/1
f 1590/1590/1 1591/1591/1 1587/1587/1
f 1591/1591/1 1592/1592/1 1593/1593/1
f 1320/1320/1 1594/1594/1 1322/1322/1
f 1595/1595/1 1315/1315/1 1596/1596/1
f 1597/1597/1 1598/1598/1 1599/1599/1
f 1314/1314/1 1600/1600/1 1312/1312/1
f 1309/1309/1 1314/1314/1 1310/1310/1
f 1307/1307/1 1601/1601/1 1602/1602/1
f 1603/1603/1 1302/1302/1 1604/1604/1
f 1605/1605/1 1606/1606/1 1607/1607/1
f 1299/1299/1 1608/1608/1 1605/1605/1
f 1609/1609/1 1610/1610/1 1611/1611/1
f 1612/1612/1 1613/1613/1 1614/1614/1
f 1288/1288/1 1287/1287/1 1615/1615/1
f 1276/1276/1 1278/1278/1 1616/1616/1
f 1617/1617/1 1618/1618/1 1619/1619/1
f 1620/1620/1 1621/1621/1 1622/1622/1
f 1623/1623/1 1624/1624/1 1625/1625/1
f 1621/1621/1 1625/1625/1 1624/1624/1
f 1626/1626/1 1627/1627/1 1623/1623/1
f 1628/1628/1 1629/1629/1 1630/1630/1
f 1630/1630/1 1631/1631/1 1628/1628/1
f 1632/1632/1 1262/1262/1 1633/1633/1
f 1634/1634/1 1635/1635/1 1636/1636/1
f 1637/1637/1 1638/1638/1 1635/1635/1
f 1639/1639/1 1634/1634/1 1632/1632/1
f 1257/1257/1 1256/1256/1 1640/1640/1
f 1254/1254/1 1253/1253/1 1641/1641/1
f 1252/1252/1 1249/1249/1 1642/1642/1
f 1222/1222/1 1643/1643/1 1644/1644/1
f 1645/1645/1 1646/1646/1 1647/1647/1
f 1646/1646/1 1648/1648/1 1649/1649/1
f 1648/1648/1 1650/1650/1 1651/1651/1
f 1650/1650/1 1652/1652/1 1653/1653/1
f 1654/1654/1 1655/1655/1 1656/1656/1
f 1657/1657/1 1658/1658/1 1655/1655/1
f 1659/1659/1 1657/1657/1 1660/1660/1
f 1212/1212/1 1211/1211/1 1661/1661/1
f 1662/1662/1 1663/1663/1 1664/1664/1
f 1206/1206/1 1205/1205/1 1665/1665/1
f 1207/1207/1 1666/1666/1 1667/1667/1
f 1204/1204/1 1668/1668/1 1202/1202/1
f 1200/1200/1 1199/1199/1 1669/1669/1
f 1670/1670/1 1671/1671/1 1672/1672/1
f 1195/1195/1 1673/1673/1 1674/1674/1
f 1675/1675/1 7/7/1 1676/1676/1
f 7/7/1 1677/1677/1 5/5/1
f 1678/1678/1 12/12/1 8/8/1
f 15/15/1 16/16/1 13/13/1
f 20/20/1 22/22/1 1679/1679/1
f 1177/1177/1 1680/1680/1 27/27/1
f 41/41/1 1170/1170/1 1681/1681/1
f 1682/1682/1 43/43/1 45/45/1
f 1683/1683/1 56/56/1 1684/1684/1
f 66/66/1 64/64/1 63/63/1
f 68/68/1 70/70/1 67/67/1
f 77/77/1 1685/1685/1 1686/1686/1
f 75/75/1 77/77/1 73/73/1
f 1686/1686/1 76/76/1 77/77/1
f 81/81/1 1687/1687/1 79/79/1
f 82/82/1 1688/1688/1 83/83/1
f 87/87/1 1689/1689/1 84/84/1
f 94/94/1 1690/1690/1 92/92/1
f 1690/1690/1 88/88/1 92/92/1
f 99/99/1 97/97/1 96/96/1
f 1129/1129/1 1691/1691/1 102/102/1
f 108/108/1 110/110/1 105/105/1
f 109/109/1 1692/1692/1 115/115/1
f 117/117/1 114/114/1 118/118/1
f 1693/1693/1 126/126/1 128/128/1
f 124/124/1 1693/1693/1 128/128/1
f 131/131/1 127/127/1 129/129/1
f 1694/1694/1 1695/1695/1 1696/1696/1
f 135/135/1 134/134/1 1695/1695/1
f 1697/1697/1 1698/1698/1 140/140/1
f 145/145/1 147/147/1 1119/1119/1
f 151/151/1 153/153/1 149/149/1
f 154/154/1 1699/1699/1 155/155/1
f 1700/1700/1 1701/1701/1 158/158/1
f 1108/1108/1 1107/1107/1 164/164/1
f 1702/1702/1 1703/1703/1 167/167/1
f 172/172/1 1104/1104/1 173/173/1
f 1704/1704/1 183/183/1 179/179/1
f 184/184/1 1042/1042/1 185/185/1
f 187/187/1 1705/1705/1 188/188/1
f 1706/1706/1 1707/1707/1 191/191/1
f 196/196/1 1708/1708/1 197/197/1
f 1709/1709/1 1710/1710/1 203/203/1
f 211/211/1 213/213/1 209/209/1
f 1711/1711/1 1712/1712/1 215/215/1
f 220/220/1 222/222/1 218/218/1
f 227/227/1 1713/1713/1 1034/1034/1
f 1714/1714/1 1715/1715/1 1027/1027/1
f 245/245/1 1716/1716/1 246/246/1
f 250/250/1 251/251/1 249/249/1
f 257/257/1 255/255/1 254/254/1
f 258/258/1 1717/1717/1 256/256/1
f 263/263/1 261/261/1 264/264/1
f 269/269/1 267/267/1 266/266/1
f 1718/1718/1 271/271/1 270/270/1
f 274/274/1 1718/1718/1 272/272/1
f 279/279/1 1719/1719/1 276/276/1
f 1720/1720/1 282/282/1 281/281/1
f 284/284/1 288/288/1 287/287/1
f 291/291/1 1721/1721/1 289/289/1
f 293/293/1 1722/1722/1 292/292/1
f 296/296/1 1723/1723/1 294/294/1
f 299/299/1 1724/1724/1 297/297/1
f 304/304/1 300/300/1 305/305/1
f 308/308/1 303/303/1 306/306/1
f 314/314/1 309/309/1 312/312/1
f 321/321/1 324/324/1 320/320/1
f 324/324/1 1725/1725/1 322/322/1
f 329/329/1 327/327/1 326/326/1
f 330/330/1 331/331/1 328/328/1
f 335/335/1 333/333/1 332/332/1
f 338/338/1 1726/1726/1 336/336/1
f 341/341/1 998/998/1 339/339/1
f 1727/1727/1 345/345/1 347/347/1
f 348/348/1 350/350/1 349/349/1
f 355/355/1 356/356/1 353/353/1
f 357/357/1 359/359/1 361/361/1
f 363/363/1 1728/1728/1 360/360/1
f 364/364/1 368/368/1 365/365/1
f 369/369/1 374/374/1 370/370/1
f 375/375/1 1729/1729/1 376/376/1
f 387/387/1 389/389/1 385/385/1
f 1730/1730/1 400/400/1 397/397/1
f 395/395/1 1731/1731/1 393/393/1
f 406/406/1 1732/1732/1 404/404/1
f 1733/1733/1 407/407/1 409/409/1
f 408/408/1 413/413/1 412/412/1
f 413/413/1 971/971/1 414/414/1
f 423/423/1 415/415/1 417/417/1
f 1734/1734/1 1735/1735/1 422/422/1
f 1734/1734/1 1736/1736/1 1735/1735/1
f 424/424/1 427/427/1 1737/1737/1
f 960/960/1 1738/1738/1 434/434/1
f 439/439/1 441/441/1 1739/1739/1
f 449/449/1 936/936/1 447/447/1
f 1740/1740/1 1741/1741/1 450/450/1
f 1742/1742/1 455/455/1 454/454/1
f 459/459/1 1742/1742/1 454/454/1
f 463/463/1 1743/1743/1 462/462/1
f 463/463/1 465/465/1 1743/1743/1
f 1744/1744/1 470/470/1 469/469/1
f 473/473/1 475/475/1 472/472/1
f 920/920/1 481/481/1 921/921/1
f 1745/1745/1 1746/1746/1 482/482/1
f 487/487/1 484/484/1 483/483/1
f 491/491/1 493/493/1 489/489/1
f 915/915/1 499/499/1 1747/1747/1
f 913/913/1 502/502/1 1748/1748/1
f 910/910/1 1749/1749/1 504/504/1
f 512/512/1 1750/1750/1 510/510/1
f 512/512/1 514/514/1 1750/1750/1
f 519/519/1 1751/1751/1 517/517/1
f 528/528/1 523/523/1 525/525/1
f 884/884/1 1752/1752/1 882/882/1
f 531/531/1 529/529/1 521/521/1
f 880/880/1 1753/1753/1 878/878/1
f 1754/1754/1 539/539/1 538/538/1
f 538/538/1 540/540/1 535/535/1
f 1755/1755/1 544/544/1 874/874/1
f 1756/1756/1 554/554/1 556/556/1
f 564/564/1 561/561/1 565/565/1
f 567/567/1 570/570/1 569/569/1
f 570/570/1 573/573/1 572/572/1
f 577/577/1 571/571/1 575/575/1
f 1757/1757/1 579/579/1 586/586/1
f 580/580/1 1758/1758/1 1759/1759/1
f 1760/1760/1 1757/1757/1 586/586/1
f 1761/1761/1 1759/1759/1 1758/1758/1
f 590/590/1 1762/1762/1 588/588/1
f 1763/1763/1 1764/1764/1 594/594/1
f 596/596/1 1763/1763/1 594/594/1
f 595/595/1 599/599/1 598/598/1
f 602/602/1 588/588/1 600/600/1
f 850/850/1 1765/1765/1 848/848/1
f 609/609/1 611/611/1 608/608/1
f 849/849/1 848/848/1 610/610/1
f 608/608/1 604/604/1 609/609/1
f 844/844/1 620/620/1 1766/1766/1
f 621/621/1 623/623/1 619/619/1
f 628/628/1 630/630/1 626/626/1
f 1767/1767/1 1768/1768/1 644/644/1
f 640/640/1 642/642/1 1768/1768/1
f 646/646/1 648/648/1 1769/1769/1
f 1770/1770/1 1771/1771/1 1772/1772/1
f 650/650/1 1772/1772/1 653/653/1
f 832/832/1 1773/1773/1 656/656/1
f 661/661/1 663/663/1 659/659/1
f 667/667/1 669/669/1 665/665/1
f 670/670/1 824/824/1 671/671/1
f 675/675/1 677/677/1 673/673/1
f 680/680/1 676/676/1 678/678/1
f 1774/1774/1 685/685/1 681/681/1
f 1775/1775/1 688/688/1 687/687/1
f 696/696/1 691/691/1 690/690/1
f 695/695/1 697/697/1 700/700/1
f 693/693/1 699/699/1 698/698/1
f 1776/1776/1 704/704/1 703/703/1
f 708/708/1 712/712/1 711/711/1
f 718/718/1 1777/1777/1 717/717/1
f 712/712/1 1778/1778/1 710/710/1
f 1779/1779/1 1780/1780/1 1781/1781/1
f 729/729/1 1781/1781/1 730/730/1
f 732/732/1 734/734/1 777/777/1
f 1782/1782/1 743/743/1 1783/1783/1
f 743/743/1 746/746/1 741/741/1
f 750/750/1 744/744/1 747/747/1
f 751/751/1 753/753/1 748/748/1
f 1784/1784/1 755/755/1 757/757/1
f 765/765/1 770/770/1 769/769/1
f 771/771/1 773/773/1 768/768/1
f 736/736/1 775/775/1 772/772/1
f 1780/1780/1 1779/1779/1 778/778/1
f 1785/1785/1 1786/1786/1 764/764/1
f 720/720/1 719/719/1 786/786/1
f 1787/1787/1 790/790/1 787/787/1
f 795/795/1 684/684/1 685/685/1
f 798/798/1 1788/1788/1 796/796/1
f 803/803/1 807/807/1 806/806/1
f 809/809/1 811/811/1 813/813/1
f 818/818/1 814/814/1 816/816/1
f 672/672/1 1789/1789/1 670/670/1
f 824/824/1 670/670/1 825/825/1
f 672/672/1 1790/1790/1 1789/1789/1
f 668/668/1 667/667/1 1791/1791/1
f 1792/1792/1 830/830/1 1793/1793/1
f 659/659/1 658/658/1 661/661/1
f 1773/1773/1 832/832/1 1794/1794/1
f 1772/1772/1 650/650/1 1770/1770/1
f 1769/1769/1 1795/1795/1 646/646/1
f 632/632/1 841/841/1 839/839/1
f 620/620/1 845/845/1 618/618/1
f 613/613/1 847/847/1 615/615/1
f 1765/1765/1 850/850/1 1796/1796/1
f 853/853/1 1797/1797/1 851/851/1
f 852/852/1 854/854/1 856/856/1
f 592/592/1 857/857/1 1798/1798/1
f 860/860/1 584/584/1 583/583/1
f 1799/1799/1 862/862/1 860/860/1
f 864/864/1 861/861/1 865/865/1
f 1800/1800/1 553/553/1 552/552/1
f 1801/1801/1 550/550/1 1802/1802/1
f 873/873/1 1803/1803/1 545/545/1
f 874/874/1 1804/1804/1 1755/1755/1
f 875/875/1 877/877/1 541/541/1
f 881/881/1 878/878/1 1753/1753/1
f 883/883/1 1805/1805/1 518/518/1
f 886/886/1 1806/1806/1 524/524/1
f 527/527/1 887/887/1 889/889/1
f 894/894/1 1807/1807/1 892/892/1
f 900/900/1 902/902/1 899/899/1
f 906/906/1 1808/1808/1 907/907/1
f 508/508/1 911/911/1 506/506/1
f 505/505/1 500/500/1 503/503/1
f 499/499/1 916/916/1 497/497/1
f 492/492/1 918/918/1 494/494/1
f 490/490/1 1809/1809/1 488/488/1
f 1746/1746/1 479/479/1 1810/1810/1
f 477/477/1 924/924/1 922/922/1
f 472/472/1 470/470/1 925/925/1
f 1811/1811/1 1812/1812/1 932/932/1
f 930/930/1 1811/1811/1 932/932/1
f 1813/1813/1 929/929/1 1814/1814/1
f 935/935/1 1813/1813/1 1814/1814/1
f 942/942/1 1815/1815/1 943/943/1
f 943/943/1 940/940/1 941/941/1
f 443/443/1 945/945/1 1816/1816/1
f 1739/1739/1 948/948/1 439/439/1
f 1817/1817/1 951/951/1 952/952/1
f 1818/1818/1 437/437/1 954/954/1
f 1819/1819/1 958/958/1 1820/1820/1
f 956/956/1 960/960/1 959/959/1
f 425/425/1 964/964/1 428/428/1
f 976/976/1 403/403/1 402/402/1
f 981/981/1 1821/1821/1 978/978/1
f 985/985/1 984/984/1 979/979/1
f 987/987/1 989/989/1 986/986/1
f 992/992/1 1822/1822/1 990/990/1
f 388/388/1 995/995/1 1823/1823/1
f 383/383/1 1824/1824/1 381/381/1
f 358/358/1 353/353/1 356/356/1
f 1024/1024/1 1825/1825/1 1022/1022/1
f 1009/1009/1 1091/1091/1 1006/1006/1
f 1018/1018/1 1826/1826/1 1016/1016/1
f 1827/1827/1 1022/1022/1 1019/1019/1
f 1023/1023/1 1828/1828/1 1024/1024/1
f 1828/1828/1 240/240/1 239/239/1
f 1001/1001/1 1829/1829/1 1002/1002/1
f 1830/1830/1 237/237/1 236/236/1
f 1831/1831/1 1032/1032/1 229/229/1
f 1713/1713/1 231/231/1 1034/1034/1
f 1036/1036/1 1832/1832/1 1037/1037/1
f 1039/1039/1 1833/1833/1 1040/1040/1
f 1834/1834/1 1040/1040/1 1833/1833/1
f 1835/1835/1 1836/1836/1 1837/1837/1
f 189/189/1 1044/1044/1 187/187/1
f 1838/1838/1 1049/1049/1 1048/1048/1
f 1707/1707/1 1706/1706/1 193/193/1
f 200/200/1 199/199/1 1839/1839/1
f 203/203/1 1059/1059/1 1709/1709/1
f 206/206/1 1065/1065/1 1840/1840/1
f 209/209/1 208/208/1 211/211/1
f 1072/1072/1 1841/1841/1 1069/1069/1
f 1075/1075/1 1842/1842/1 1074/1074/1
f 1843/1843/1 1080/1080/1 1078/1078/1
f 224/224/1 1083/1083/1 1060/1060/1
f 221/221/1 1084/1084/1 223/223/1
f 215/215/1 214/214/1 1711/1711/1
f 1054/1054/1 1844/1844/1 1845/1845/1
f 1051/1051/1 1845/1845/1 1052/1052/1
f 1093/1093/1 1095/1095/1 1092/1092/1
f 1095/1095/1 1846/1846/1 1094/1094/1
f 1097/1097/1 1100/1100/1 1099/1099/1
f 179/179/1 1101/1101/1 1704/1704/1
f 1847/1847/1 1848/1848/1 178/178/1
f 1849/1849/1 1024/1024/1 1828/1828/1
f 1703/1703/1 1850/1850/1 169/169/1
f 164/164/1 163/163/1 1108/1108/1
f 1701/1701/1 1700/1700/1 1112/1112/1
f 1699/1699/1 154/154/1 1115/1115/1
f 149/149/1 1851/1851/1 151/151/1
f 1119/1119/1 1852/1852/1 1120/1120/1
f 140/140/1 139/139/1 1697/1697/1
f 136/136/1 135/135/1 137/137/1
f 115/115/1 1692/1692/1 113/113/1
f 102/102/1 1853/1853/1 1129/1129/1
f 1854/1854/1 1133/1133/1 1132/1132/1
f 1134/1134/1 1855/1855/1 85/85/1
f 1137/1137/1 1139/1139/1 1135/1135/1
f 1856/1856/1 1142/1142/1 1141/1141/1
f 1147/1147/1 1145/1145/1 1144/1144/1
f 1149/1149/1 1150/1150/1 1148/1148/1
f 1151/1151/1 1857/1857/1 1150/1150/1
f 61/61/1 60/60/1 1152/1152/1
f 1157/1157/1 1153/1153/1 1155/1155/1
f 1159/1159/1 1156/1156/1 1158/1158/1
f 44/44/1 1858/1858/1 1859/1859/1
f 1163/1163/1 47/47/1 1161/1161/1
f 47/47/1 46/46/1 1165/1165/1
f 44/44/1 43/43/1 1858/1858/1
f 1169/1169/1 1681/1681/1 1170/1170/1
f 36/36/1 35/35/1 38/38/1
f 1860/1860/1 1861/1861/1 1172/1172/1
f 1862/1862/1 1175/1175/1 1863/1863/1
f 30/30/1 1864/1864/1 32/32/1
f 1680/1680/1 1177/1177/1 1865/1865/1
f 1679/1679/1 1180/1180/1 1866/1866/1
f 1182/1182/1 1867/1867/1 2/2/1
f 1665/1665/1 1868/1868/1 1206/1206/1
f 1189/1189/1 1190/1190/1 1187/1187/1
f 1198/1198/1 1194/1194/1 1192/1192/1
f 1197/1197/1 1192/1192/1 1194/1194/1
f 1671/1671/1 1670/1670/1 1869/1869/1
f 1669/1669/1 1870/1870/1 1200/1200/1
f 1871/1871/1 1872/1872/1 1203/1203/1
f 1181/1181/1 1183/1183/1 1185/1185/1
f 1664/1664/1 1213/1213/1 1662/1662/1
f 1221/1221/1 1219/1219/1 1218/1218/1
f 1218/1218/1 1222/1222/1 1221/1221/1
f 1225/1225/1 1873/1873/1 1223/1223/1
f 1228/1228/1 1223/1223/1 1226/1226/1
f 1874/1874/1 1230/1230/1 1229/1229/1
f 1234/1234/1 1232/1232/1 1235/1235/1
f 1875/1875/1 1239/1239/1 1236/1236/1
f 1876/1876/1 1877/1877/1 1240/1240/1
f 1878/1878/1 1879/1879/1 1245/1245/1
f 1249/1249/1 1251/1251/1 1246/1246/1
f 1259/1259/1 1261/1261/1 1257/1257/1
f 1263/1263/1 1631/1631/1 1264/1264/1
f 1880/1880/1 1267/1267/1 1266/1266/1
f 1272/1272/1 1270/1270/1 1269/1269/1
f 1274/1274/1 1273/1273/1 1272/1272/1
f 1881/1881/1 1276/1276/1 1275/1275/1
f 1280/1280/1 1616/1616/1 1278/1278/1
f 1882/1882/1 1284/1284/1 1283/1283/1
f 1883/1883/1 1289/1289/1 1286/1286/1
f 1294/1294/1 1884/1884/1 1291/1291/1
f 1291/1291/1 1295/1295/1 1294/1294/1
f 1610/1610/1 1609/1609/1 1297/1297/1
f 1298/1298/1 1300/1300/1 1885/1885/1
f 1304/1304/1 1886/1886/1 1301/1301/1
f 1302/1302/1 1603/1603/1 1305/1305/1
f 1602/1602/1 1887/1887/1 1307/1307/1
f 1311/1311/1 1888/1888/1 1309/1309/1
f 1889/1889/1 1325/1325/1 1324/1324/1
f 1890/1890/1 1323/1323/1 1325/1325/1
f 1891/1891/1 1326/1326/1 1890/1890/1
f 1330/1330/1 1892/1892/1 1327/1327/1
f 1592/1592/1 1591/1591/1 1333/1333/1
f 1338/1338/1 1893/1893/1 1342/1342/1
f 1342/1342/1 1339/1339/1 1338/1338/1
f 1339/1339/1 1336/1336/1 1340/1340/1
f 1894/1894/1 1895/1895/1 1896/1896/1
f 1580/1580/1 1579/1579/1 1345/1345/1
f 1581/1581/1 1578/1578/1 1897/1897/1
f 1898/1898/1 1574/1574/1 1351/1351/1
f 1899/1899/1 1572/1572/1 1573/1573/1
f 1900/1900/1 1358/1358/1 1901/1901/1
f 1902/1902/1 1361/1361/1 1360/1360/1
f 1903/1903/1 1366/1366/1 1365/1365/1
f 1368/1368/1 1904/1904/1 1369/1369/1
f 1561/1561/1 1905/1905/1 1370/1370/1
f 1906/1906/1 1907/1907/1 1908/1908/1
f 1906/1906/1 1380/1380/1 1907/1907/1
f 1909/1909/1 1910/1910/1 1376/1376/1
f 1911/1911/1 1400/1400/1 1404/1404/1
f 1401/1401/1 1407/1407/1 1402/1402/1
f 1408/1408/1 1912/1912/1 1405/1405/1
f 1412/1412/1 1913/1913/1 1914/1914/1
f 1410/1410/1 1515/1515/1 1413/1413/1
f 1418/1418/1 1422/1422/1 1419/1419/1
f 1418/1418/1 1420/1420/1 1422/1422/1
f 1423/1423/1 1426/1426/1 1915/1915/1
f 1511/1511/1 1916/1916/1 1428/1428/1
f 1917/1917/1 1431/1431/1 1918/1918/1
f 1919/1919/1 1920/1920/1 1433/1433/1
f 1921/1921/1 1437/1437/1 1439/1439/1
f 1922/1922/1 1454/1454/1 758/758/1
f 1460/1460/1 1923/1923/1 1458/1458/1
f 1455/1455/1 1460/1460/1 1459/1459/1
f 1924/1924/1 1464/1464/1 1463/1463/1
f 1463/1463/1 1925/1925/1 1924/1924/1
f 1467/1467/1 1471/1471/1 1468/1468/1
f 1472/1472/1 1475/1475/1 1473/1473/1
f 1481/1481/1 1476/1476/1 1480/1480/1
f 1450/1450/1 1481/1481/1 1449/1449/1
f 1485/1485/1 1483/1483/1 1482/1482/1
f 1490/1490/1 1926/1926/1 1491/1491/1
f 1927/1927/1 1494/1494/1 1928/1928/1
f 1496/1496/1 1497/1497/1 1495/1495/1
f 1442/1442/1 1500/1500/1 1440/1440/1
f 1504/1504/1 1502/1502/1 1501/1501/1
f 1435/1435/1 1509/1509/1 1508/1508/1
f 1920/1920/1 1929/1929/1 1434/1434/1
f 1930/1930/1 1511/1511/1 1931/1931/1
f 1415/1415/1 1513/1513/1 1416/1416/1
f 1517/1517/1 1516/1516/1 1515/1515/1
f 1530/1530/1 1527/1527/1 1526/1526/1
f 1395/1395/1 1394/1394/1 1535/1535/1
f 1534/1534/1 1932/1932/1 1532/1532/1
f 1529/1529/1 1933/1933/1 1524/1524/1
f 1934/1934/1 1546/1546/1 1544/1544/1
f 1541/1541/1 1543/1543/1 1545/1545/1
f 1549/1549/1 1935/1935/1 1547/1547/1
f 1553/1553/1 1551/1551/1 1550/1550/1
f 1386/1386/1 1385/1385/1 1554/1554/1
f 1376/1376/1 1557/1557/1 1909/1909/1
f 1370/1370/1 1562/1562/1 1561/1561/1
f 1365/1365/1 1936/1936/1 1904/1904/1
f 1566/1566/1 1937/1937/1 1565/1565/1
f 1571/1571/1 1569/1569/1 1568/1568/1
f 1573/1573/1 1938/1938/1 1899/1899/1
f 1351/1351/1 1939/1939/1 1898/1898/1
f 1940/1940/1 1577/1577/1 1576/1576/1
f 1581/1581/1 1347/1347/1 1578/1578/1
f 1346/1346/1 1894/1894/1 1344/1344/1
f 1336/1336/1 1941/1941/1 1334/1334/1
f 1589/1589/1 1590/1590/1 1587/1587/1
f 1333/1333/1 1331/1331/1 1592/1592/1
f 1319/1319/1 1317/1317/1 1316/1316/1
f 1599/1599/1 1942/1942/1 1597/1597/1
f 1603/1603/1 1604/1604/1 1306/1306/1
f 1299/1299/1 1298/1298/1 1608/1608/1
f 1297/1297/1 1943/1943/1 1610/1610/1
f 1614/1614/1 1944/1944/1 1612/1612/1
f 1625/1625/1 1626/1626/1 1623/1623/1
f 1624/1624/1 1622/1622/1 1621/1621/1
f 1945/1945/1 1623/1623/1 1627/1627/1
f 1630/1630/1 1629/1629/1 1945/1945/1
f 1637/1637/1 1946/1946/1 1638/1638/1
f 1636/1636/1 1947/1947/1 1634/1634/1
f 1252/1252/1 1642/1642/1 1253/1253/1
f 1219/1219/1 1645/1645/1 1647/1647/1
f 1652/1652/1 1654/1654/1 1653/1653/1
f 1660/1660/1 1948/1948/1 1659/1659/1
f 1212/1212/1 1661/1661/1 1214/1214/1
f 1209/1209/1 1208/1208/1 1663/1663/1
f 1207/1207/1 1667/1667/1 1205/1205/1
f 1870/1870/1 1949/1949/1 1668/1668/1
f 1869/1869/1 1674/1674/1 1671/1671/1
f 1676/1676/1 4/4/1 1675/1675/1
f 12/12/1 15/15/1 11/11/1
f 14/14/1 11/11/1 15/15/1
f 1180/1180/1 1679/1679/1 18/18/1
f 26/26/1 28/28/1 24/24/1
f 1173/1173/1 37/37/1 1171/1171/1
f 1859/1859/1 1950/1950/1 44/44/1
f 1154/1154/1 1683/1683/1 1684/1684/1
f 78/78/1 69/69/1 70/70/1
f 74/74/1 72/72/1 71/71/1
f 1687/1687/1 1951/1951/1 79/79/1
f 1952/1952/1 84/84/1 1689/1689/1
f 97/97/1 94/94/1 93/93/1
f 93/93/1 95/95/1 97/97/1
f 1127/1127/1 1953/1953/1 104/104/1
f 115/115/1 107/107/1 109/109/1
f 128/128/1 125/125/1 124/124/1
f 1694/1694/1 1696/1696/1 132/132/1
f 1124/1124/1 1954/1954/1 1123/1123/1
f 1121/1121/1 144/144/1 1698/1698/1
f 1117/1117/1 1955/1955/1 152/152/1
f 1115/1115/1 1114/1114/1 1699/1699/1
f 1112/1112/1 1111/1111/1 1701/1701/1
f 1109/1109/1 168/168/1 1107/1107/1
f 169/169/1 171/171/1 1703/1703/1
f 1105/1105/1 177/177/1 1104/1104/1
f 181/181/1 1956/1956/1 182/182/1
f 1044/1044/1 189/189/1 1042/1042/1
f 193/193/1 195/195/1 1707/1707/1
f 199/199/1 201/201/1 1708/1708/1
f 205/205/1 207/207/1 1710/1710/1
f 217/217/1 219/219/1 1712/1712/1
f 1033/1033/1 229/229/1 1032/1032/1
f 248/248/1 250/250/1 247/247/1
f 254/254/1 258/258/1 257/257/1
f 260/260/1 264/264/1 261/261/1
f 267/267/1 262/262/1 265/265/1
f 270/270/1 272/272/1 1718/1718/1
f 1719/1719/1 277/277/1 276/276/1
f 278/278/1 1720/1720/1 281/281/1
f 287/287/1 285/285/1 284/284/1
f 1721/1721/1 286/286/1 289/289/1
f 1723/1723/1 292/292/1 1722/1722/1
f 295/295/1 297/297/1 1724/1724/1
f 302/302/1 305/305/1 300/300/1
f 1957/1957/1 306/306/1 303/303/1
f 316/316/1 314/314/1 313/313/1
f 319/319/1 321/321/1 318/318/1
f 327/327/1 322/322/1 325/325/1
f 333/333/1 328/328/1 331/331/1
f 998/998/1 344/344/1 343/343/1
f 344/344/1 347/347/1 346/346/1
f 1958/1958/1 358/358/1 357/357/1
f 1728/1728/1 361/361/1 360/360/1
f 377/377/1 373/373/1 375/375/1
f 1823/1823/1 1959/1959/1 388/388/1
f 392/392/1 393/393/1 1731/1731/1
f 974/974/1 406/406/1 405/405/1
f 412/412/1 410/410/1 408/408/1
f 966/966/1 965/965/1 1736/1736/1
f 1960/1960/1 1961/1961/1 965/965/1
f 435/435/1 431/431/1 1962/1962/1
f 457/457/1 1963/1963/1 456/456/1
f 458/458/1 1964/1964/1 462/462/1
f 469/469/1 1965/1965/1 1744/1744/1
f 1746/1746/1 480/480/1 479/479/1
f 494/494/1 496/496/1 492/492/1
f 500/500/1 505/505/1 501/501/1
f 506/506/1 511/511/1 507/507/1
f 1966/1966/1 517/517/1 1751/1751/1
f 518/518/1 884/884/1 883/883/1
f 1967/1967/1 531/531/1 530/530/1
f 1968/1968/1 876/876/1 877/877/1
f 535/535/1 1754/1754/1 538/538/1
f 871/871/1 1801/1801/1 1802/1802/1
f 558/558/1 556/556/1 555/555/1
f 560/560/1 565/565/1 561/561/1
f 569/569/1 563/563/1 567/567/1
f 572/572/1 568/568/1 570/570/1
f 1758/1758/1 1969/1969/1 1761/1761/1
f 1759/1759/1 587/587/1 580/580/1
f 1969/1969/1 590/590/1 1761/1761/1
f 601/601/1 594/594/1 1764/1764/1
f 1798/1798/1 1970/1970/1 592/592/1
f 605/605/1 1971/1971/1 603/603/1
f 607/607/1 605/605/1 604/604/1
f 1972/1972/1 1973/1973/1 616/616/1
f 844/844/1 1766/1766/1 1973/1973/1
f 631/631/1 633/633/1 629/629/1
f 637/637/1 836/836/1 638/638/1
f 837/837/1 1769/1769/1 836/836/1
f 655/655/1 657/657/1 1771/1771/1
f 682/682/1 680/680/1 679/679/1
f 683/683/1 1774/1774/1 681/681/1
f 687/687/1 1974/1974/1 1775/1775/1
f 701/701/1 1776/1776/1 1975/1975/1
f 700/700/1 696/696/1 695/695/1
f 691/691/1 686/686/1 689/689/1
f 711/711/1 709/709/1 708/708/1
f 718/718/1 721/721/1 1777/1777/1
f 722/722/1 724/724/1 720/720/1
f 778/778/1 777/777/1 1780/1780/1
f 782/782/1 731/731/1 1976/1976/1
f 1783/1783/1 1977/1977/1 1782/1782/1
f 746/746/1 747/747/1 744/744/1
f 757/757/1 1978/1978/1 1784/1784/1
f 769/769/1 767/767/1 765/765/1
f 733/733/1 776/776/1 735/735/1
f 777/777/1 779/779/1 732/732/1
f 723/723/1 722/722/1 784/784/1
f 789/789/1 1787/1787/1 787/787/1
f 792/792/1 795/795/1 793/793/1
f 1788/1788/1 675/675/1 796/796/1
f 806/806/1 804/804/1 803/803/1
f 813/813/1 810/810/1 809/809/1
f 812/812/1 816/816/1 815/815/1
f 827/827/1 821/821/1 820/820/1
f 668/668/1 1791/1791/1 1790/1790/1
f 1792/1792/1 1793/1793/1 1979/1979/1
f 1773/1773/1 1794/1794/1 831/831/1
f 1769/1769/1 837/837/1 1795/1795/1
f 629/629/1 842/842/1 631/631/1
f 1973/1973/1 1972/1972/1 844/844/1
f 1765/1765/1 1796/1796/1 612/612/1
f 856/856/1 1980/1980/1 852/852/1
f 865/865/1 866/866/1 863/863/1
f 549/549/1 1802/1802/1 550/550/1
f 1981/1981/1 545/545/1 1803/1803/1
f 877/877/1 1982/1982/1 1968/1968/1
f 1753/1753/1 532/532/1 881/881/1
f 1752/1752/1 886/886/1 882/882/1
f 1806/1806/1 525/525/1 524/524/1
f 889/889/1 1983/1983/1 527/527/1
f 1807/1807/1 891/891/1 892/892/1
f 897/897/1 900/900/1 898/898/1
f 498/498/1 497/497/1 913/913/1
f 485/485/1 1984/1984/1 1809/1809/1
f 1985/1985/1 1986/1986/1 476/476/1
f 1812/1812/1 926/926/1 932/932/1
f 933/933/1 1814/1814/1 929/929/1
f 1987/1987/1 943/943/1 1815/1815/1
f 1816/1816/1 1987/1987/1 1815/1815/1
f 1988/1988/1 1817/1817/1 1818/1818/1
f 1819/1819/1 1820/1820/1 436/436/1
f 1732/1732/1 401/401/1 403/403/1
f 978/978/1 1989/1989/1 979/979/1
f 993/993/1 1823/1823/1 994/994/1
f 385/385/1 384/384/1 387/387/1
f 379/379/1 378/378/1 1824/1824/1
f 349/349/1 1727/1727/1 347/347/1
f 1715/1715/1 1000/1000/1 1026/1026/1
f 1990/1990/1 1008/1008/1 1010/1010/1
f 1020/1020/1 1018/1018/1 1017/1017/1
f 1829/1829/1 238/238/1 1991/1991/1
f 1026/1026/1 1992/1992/1 1715/1715/1
f 1030/1030/1 1830/1830/1 236/236/1
f 231/231/1 1831/1831/1 229/229/1
f 1832/1832/1 1005/1005/1 1993/1993/1
f 1956/1956/1 1994/1994/1 1041/1041/1
f 1995/1995/1 1837/1837/1 1836/1836/1
f 1058/1058/1 1064/1064/1 1063/1063/1
f 1705/1705/1 1996/1996/1 1050/1050/1
f 1055/1055/1 1057/1057/1 1056/1056/1
f 1063/1063/1 1997/1997/1 1058/1058/1
f 1068/1068/1 1062/1062/1 1066/1066/1
f 1841/1841/1 1068/1068/1 1069/1069/1
f 1842/1842/1 1077/1077/1 1074/1074/1
f 1080/1080/1 1061/1061/1 1079/1079/1
f 218/218/1 1998/1998/1 220/220/1
f 1705/1705/1 187/187/1 1996/1996/1
f 1846/1846/1 1096/1096/1 1094/1094/1
f 1999/1999/1 1094/1094/1 1096/1096/1
f 1021/1021/1 1827/1827/1 1019/1019/1
f 1102/1102/1 1099/1099/1 999/999/1
f 177/177/1 1105/1105/1 175/175/1
f 1703/1703/1 1702/1702/1 1850/1850/1
f 158/158/1 157/157/1 1700/1700/1
f 156/156/1 2000/2000/1 154/154/1
f 149/149/1 148/148/1 1851/1851/1
f 1698/1698/1 1697/1697/1 1121/1121/1
f 111/111/1 106/106/1 105/105/1
f 2001/2001/1 1131/1131/1 1133/1133/1
f 1141/1141/1 1143/1143/1 2002/2002/1
f 2003/2003/1 1148/1148/1 1150/1150/1
f 1857/1857/1 2003/2003/1 1150/1150/1
f 1160/1160/1 53/53/1 52/52/1
f 1158/1158/1 1160/1160/1 1159/1159/1
f 1162/1162/1 1167/1167/1 1163/1163/1
f 48/48/1 1859/1859/1 46/46/1
f 1681/1681/1 2004/2004/1 41/41/1
f 37/37/1 1173/1173/1 35/35/1
f 30/30/1 29/29/1 1864/1864/1
f 1680/1680/1 1865/1865/1 29/29/1
f 1679/1679/1 1866/1866/1 20/20/1
f 1871/1871/1 2005/2005/1 1872/1872/1
f 1184/1184/1 1189/1189/1 1188/1188/1
f 1674/1674/1 2006/2006/1 1195/1195/1
f 1674/1674/1 1869/1869/1 2006/2006/1
f 1668/1668/1 1204/1204/1 1870/1870/1
f 1663/1663/1 1662/1662/1 1209/1209/1
f 1214/1214/1 1216/1216/1 1212/1212/1
f 1644/1644/1 1220/1220/1 1222/1222/1
f 1230/1230/1 1228/1228/1 1227/1227/1
f 1231/1231/1 1235/1235/1 1232/1232/1
f 1243/1243/1 1877/1877/1 1244/1244/1
f 1253/1253/1 1255/1255/1 1252/1252/1
f 1273/1273/1 1881/1881/1 1275/1275/1
f 1270/1270/1 2007/2007/1 1268/1268/1
f 1283/1283/1 2008/2008/1 1882/1882/1
f 1612/1612/1 1944/1944/1 1288/1288/1
f 1611/1611/1 1885/1885/1 1609/1609/1
f 1884/1884/1 1292/1292/1 1291/1291/1
f 1886/1886/1 2009/2009/1 1301/1301/1
f 1306/1306/1 1308/1308/1 1603/1603/1
f 1942/1942/1 1312/1312/1 1597/1597/1
f 1594/1594/1 1889/1889/1 1324/1324/1
f 1325/1325/1 1891/1891/1 1890/1890/1
f 1892/1892/1 1328/1328/1 1327/1327/1
f 1893/1893/1 1343/1343/1 1342/1342/1
f 1334/1334/1 1583/1583/1 1335/1335/1
f 1894/1894/1 1346/1346/1 1895/1895/1
f 1940/1940/1 1576/1576/1 1349/1349/1
f 1354/1354/1 1565/1565/1 1937/1937/1
f 1901/1901/1 1359/1359/1 1361/1361/1
f 1904/1904/1 1903/1903/1 1365/1365/1
f 1374/1374/1 1905/1905/1 1561/1561/1
f 1559/1559/1 1908/1908/1 1382/1382/1
f 1556/1556/1 1555/1555/1 1910/1910/1
f 1404/1404/1 2010/2010/1 2011/2011/1
f 1408/1408/1 1518/1518/1 1912/1912/1
f 1914/1914/1 1913/1913/1 1518/1518/1
f 1416/1416/1 1418/1418/1 1417/1417/1
f 2012/2012/1 1915/1915/1 2013/2013/1
f 1917/1917/1 1918/1918/1 1930/1930/1
f 1456/1456/1 1922/1922/1 758/758/1
f 1459/1459/1 1457/1457/1 1455/1455/1
f 1925/1925/1 1467/1467/1 1466/1466/1
f 1474/1474/1 1470/1470/1 1472/1472/1
f 1479/1479/1 1480/1480/1 1476/1476/1
f 2014/2014/1 1484/1484/1 2015/2015/1
f 1928/1928/1 1926/1926/1 1927/1927/1
f 1493/1493/1 1928/1928/1 1494/1494/1
f 2016/2016/1 1507/1507/1 2017/2017/1
f 1506/1506/1 2017/2017/1 1507/1507/1
f 1524/1524/1 1530/1530/1 1529/1529/1
f 1932/1932/1 1525/1525/1 1532/1532/1
f 2018/2018/1 2019/2019/1 1394/1394/1
f 1545/1545/1 2020/2020/1 1541/1541/1
f 1935/1935/1 2021/2021/1 1547/1547/1
f 1910/1910/1 1909/1909/1 1556/1556/1
f 1936/1936/1 1369/1369/1 1904/1904/1
f 1937/1937/1 1567/1567/1 1354/1354/1
f 1352/1352/1 1899/1899/1 1938/1938/1
f 1896/1896/1 2022/2022/1 1894/1894/1
f 1598/1598/1 2023/2023/1 1599/1599/1
f 1307/1307/1 1306/1306/1 1601/1601/1
f 1885/1885/1 1611/1611/1 1298/1298/1
f 1288/1288/1 1615/1615/1 1612/1612/1
f 1622/1622/1 2024/2024/1 1620/1620/1
f 2024/2024/1 2025/2025/1 1620/1620/1
f 1947/1947/1 1632/1632/1 1634/1634/1
f 1254/1254/1 1641/1641/1 1256/1256/1
f 2026/2026/1 1647/1647/1 1646/1646/1
f 1653/1653/1 1651/1651/1 1650/1650/1
f 1655/1655/1 1660/1660/1 1657/1657/1
f 1214/1214/1 2027/2027/1 1215/1215/1
f 2005/2005/1 1871/1871/1 1666/1666/1
f 1870/1870/1 1669/1669/1 1949/1949/1
f 6/6/1 1676/1676/1 7/7/1
f 10/10/1 1678/1678/1 8/8/1
f 23/23/1 25/25/1 21/21/1
f 65/65/1 68/68/1 66/66/1
f 2028/2028/1 1688/1688/1 1952/1952/1
f 91/91/1 92/92/1 88/88/1
f 1128/1128/1 1691/1691/1 1129/1129/1
f 137/137/1 1123/1123/1 138/138/1
f 1852/1852/1 1119/1119/1 143/143/1
f 1110/1110/1 165/165/1 161/161/1
f 1103/1103/1 1847/1847/1 176/176/1
f 1041/1041/1 186/186/1 1956/1956/1
f 1088/1088/1 1086/1086/1 194/194/1
f 214/214/1 216/216/1 212/212/1
f 236/236/1 1028/1028/1 1030/1030/1
f 2029/2029/1 256/256/1 1717/1717/1
f 264/264/1 265/265/1 262/262/1
f 277/277/1 274/274/1 273/273/1
f 281/281/1 279/279/1 278/278/1
f 288/288/1 289/289/1 286/286/1
f 1722/1722/1 294/294/1 1723/1723/1
f 305/305/1 1957/1957/1 303/303/1
f 313/313/1 317/317/1 316/316/1
f 323/323/1 320/320/1 324/324/1
f 337/337/1 335/335/1 334/334/1
f 340/340/1 336/336/1 1726/1726/1
f 354/354/1 352/352/1 351/351/1
f 997/997/1 380/380/1 1729/1729/1
f 1731/1731/1 390/390/1 392/392/1
f 409/409/1 2030/2030/1 1733/1733/1
f 420/420/1 2031/2031/1 418/418/1
f 430/430/1 1962/1962/1 431/431/1
f 1963/1963/1 2032/2032/1 456/456/1
f 1986/1986/1 1985/1985/1 474/474/1
f 922/922/1 921/921/1 2033/2033/1
f 913/913/1 1748/1748/1 498/498/1
f 910/910/1 508/508/1 1749/1749/1
f 1751/1751/1 520/520/1 522/522/1
f 539/539/1 1981/1981/1 1803/1803/1
f 869/869/1 551/551/1 553/553/1
f 2034/2034/1 560/560/1 557/557/1
f 565/565/1 566/566/1 563/563/1
f 589/589/1 1761/1761/1 590/590/1
f 1764/1764/1 602/602/1 601/601/1
f 855/855/1 2035/2035/1 1970/1970/1
f 612/612/1 614/614/1 1765/1765/1
f 615/615/1 617/617/1 613/613/1
f 839/839/1 2036/2036/1 632/632/1
f 634/634/1 645/645/1 635/635/1
f 654/654/1 834/834/1 649/649/1
f 679/679/1 683/683/1 682/682/1
f 1975/1975/1 692/692/1 701/701/1
f 714/714/1 710/710/1 1778/1778/1
f 784/784/1 783/783/1 723/723/1
f 782/782/1 1976/1976/1 780/780/1
f 1977/1977/1 740/740/1 1782/1782/1
f 1978/1978/1 2037/2037/1 1784/1784/1
f 768/768/1 2038/2038/1 771/771/1
f 770/770/1 2038/2038/1 768/768/1
f 793/793/1 787/787/1 791/791/1
f 674/674/1 796/796/1 675/675/1
f 815/815/1 813/813/1 812/812/1
f 2039/2039/1 827/827/1 826/826/1
f 666/666/1 1979/1979/1 664/664/1
f 616/616/1 846/846/1 1972/1972/1
f 1970/1970/1 1798/1798/1 855/855/1
f 862/862/1 865/865/1 861/861/1
f 1982/1982/1 880/880/1 1968/1968/1
f 1805/1805/1 519/519/1 518/518/1
f 1983/1983/1 528/528/1 527/527/1
f 893/893/1 895/895/1 894/894/1
f 904/904/1 901/901/1 902/902/1
f 502/502/1 914/914/1 500/500/1
f 474/474/1 2040/2040/1 1986/1986/1
f 935/935/1 1814/1814/1 447/447/1
f 1816/1816/1 1815/1815/1 443/443/1
f 954/954/1 1988/1988/1 1818/1818/1
f 979/979/1 1989/1989/1 985/985/1
f 1822/1822/1 988/988/1 990/990/1
f 1729/1729/1 2041/2041/1 997/997/1
f 346/346/1 342/342/1 344/344/1
f 1031/1031/1 2042/2042/1 1029/1029/1
f 1012/1012/1 1990/1990/1 1010/1010/1
f 1826/1826/1 1015/1015/1 1016/1016/1
f 1991/1991/1 1002/1002/1 1829/1829/1
f 2042/2042/1 1030/1030/1 1029/1029/1
f 228/228/1 1003/1003/1 226/226/1
f 1836/1836/1 1834/1834/1 1833/1833/1
f 1047/1047/1 1835/1835/1 1837/1837/1
f 191/191/1 190/190/1 1706/1706/1
f 1064/1064/1 1066/1066/1 1062/1062/1
f 1710/1710/1 1709/1709/1 205/205/1
f 1069/1069/1 1073/1073/1 1072/1072/1
f 1077/1077/1 1843/1843/1 1078/1078/1
f 218/218/1 217/217/1 1998/1998/1
f 1040/1040/1 1035/1035/1 1038/1038/1
f 1017/1017/1 1021/1021/1 1020/1020/1
f 183/183/1 1704/1704/1 181/181/1
f 174/174/1 2043/2043/1 172/172/1
f 167/167/1 166/166/1 1702/1702/1
f 159/159/1 1116/1116/1 157/157/1
f 1954/1954/1 1124/1124/1 1122/1122/1
f 1146/1146/1 1149/1149/1 1147/1147/1
f 51/51/1 50/50/1 52/52/1
f 1167/1167/1 2044/2044/1 1166/1166/1
f 2004/2004/1 42/42/1 41/41/1
f 1862/1862/1 1863/1863/1 2045/2045/1
f 21/21/1 1179/1179/1 23/23/1
f 1188/1188/1 1186/1186/1 1184/1184/1
f 1193/1193/1 1187/1187/1 1191/1191/1
f 1666/1666/1 1207/1207/1 2005/2005/1
f 1224/1224/1 2046/2046/1 1225/1225/1
f 1232/1232/1 1874/1874/1 1229/1229/1
f 1878/1878/1 1248/1248/1 1247/1247/1
f 2007/2007/1 2047/2047/1 1268/1268/1
f 2008/2008/1 2048/2048/1 1882/1882/1
f 2049/2049/1 1290/1290/1 1292/1292/1
f 2050/2050/1 1301/1301/1 2009/2009/1
f 2023/2023/1 1595/1595/1 1596/1596/1
f 1328/1328/1 1890/1890/1 1326/1326/1
f 1584/1584/1 1896/1896/1 1583/1583/1
f 1577/1577/1 1898/1898/1 1939/1939/1
f 1564/1564/1 1362/1362/1 1364/1364/1
f 1369/1369/1 1371/1371/1 1367/1367/1
f 1372/1372/1 1383/1383/1 1373/1373/1
f 2010/2010/1 2051/2051/1 2011/2011/1
f 1409/1409/1 1402/1402/1 1407/1407/1
f 2012/2012/1 2013/2013/1 1421/1421/1
f 1434/1434/1 1436/1436/1 1920/1920/1
f 1923/1923/1 2052/2052/1 1458/1458/1
f 1466/1466/1 1924/1924/1 1925/1925/1
f 1445/1445/1 2014/2014/1 2015/2015/1
f 2053/2053/1 1927/1927/1 1926/1926/1
f 2017/2017/1 1504/1504/1 2016/2016/1
f 1536/1536/1 1538/1538/1 2019/2019/1
f 1527/1527/1 1531/1531/1 1525/1525/1
f 2021/2021/1 1934/1934/1 1547/1547/1
f 1377/1377/1 1378/1378/1 1375/1375/1
f 1358/1358/1 1566/1566/1 1356/1356/1
f 1939/1939/1 1575/1575/1 1577/1577/1
f 1896/1896/1 1584/1584/1 2022/2022/1
f 1297/1297/1 1295/1295/1 1943/1943/1
f 2025/2025/1 2054/2054/1 1620/1620/1
f 1260/1260/1 1259/1259/1 1946/1946/1
f 1647/1647/1 1217/1217/1 1219/1219/1
f 1651/1651/1 1649/1649/1 1648/1648/1
f 1948/1948/1 1215/1215/1 1659/1659/1
f 1213/1213/1 1664/1664/1 1211/1211/1
f 1203/1203/1 1202/1202/1 1871/1871/1
f 1677/1677/1 10/10/1 9/9/1
f 1685/1685/1 2055/2055/1 1686/1686/1
f 103/103/1 100/100/1 101/101/1
f 1122/1122/1 141/141/1 1954/1954/1
f 1113/1113/1 162/162/1 1111/1111/1
f 178/178/1 180/180/1 1847/1847/1
f 1085/1085/1 198/198/1 1086/1086/1
f 1840/1840/1 210/210/1 206/206/1
f 2056/2056/1 246/246/1 1716/1716/1
f 261/261/1 2029/2029/1 259/259/1
f 273/273/1 275/275/1 277/277/1
f 1724/1724/1 296/296/1 295/295/1
f 307/307/1 311/311/1 310/310/1
f 317/317/1 319/319/1 315/315/1
f 326/326/1 330/330/1 329/329/1
f 1824/1824/1 383/383/1 379/379/1
f 2057/2057/1 392/392/1 391/391/1
f 1960/1960/1 1737/1737/1 1961/1961/1
f 2032/2032/1 2058/2058/1 456/456/1
f 476/476/1 478/478/1 1985/1985/1
f 915/915/1 1747/1747/1 495/495/1
f 522/522/1 1966/1966/1 1751/1751/1
f 1804/1804/1 543/543/1 1755/1755/1
f 562/562/1 559/559/1 560/560/1
f 586/586/1 2059/2059/1 1760/1760/1
f 855/855/1 854/854/1 2035/2035/1
f 1797/1797/1 2060/2060/1 1971/1971/1
f 839/839/1 636/636/1 2036/2036/1
f 831/831/1 660/660/1 1773/1773/1
f 2061/2061/1 1775/1775/1 1974/1974/1
f 703/703/1 1975/1975/1 1776/1776/1
f 709/709/1 707/707/1 706/706/1
f 785/785/1 780/780/1 783/783/1
f 739/739/1 1782/1782/1 740/740/1
f 2037/2037/1 2062/2062/1 1784/1784/1
f 766/766/1 1785/1785/1 764/764/1
f 810/810/1 805/805/1 808/808/1
f 826/826/1 818/818/1 2039/2039/1
f 866/866/1 576/576/1 578/578/1
f 879/879/1 1968/1968/1 880/880/1
f 495/495/1 917/917/1 915/915/1
f 435/435/1 1962/1962/1 433/433/1
f 386/386/1 996/996/1 384/384/1
f 1726/1726/1 341/341/1 340/340/1
f 1090/1090/1 1006/1006/1 1091/1091/1
f 1015/1015/1 2063/2063/1 1013/1013/1
f 1825/1825/1 1019/1019/1 1022/1022/1
f 1992/1992/1 1027/1027/1 1715/1715/1
f 234/234/1 1031/1031/1 232/232/1
f 1004/1004/1 1993/1993/1 1005/1005/1
f 1049/1049/1 1047/1047/1 1046/1046/1
f 1052/1052/1 1838/1838/1 1048/1048/1
f 1997/1997/1 1056/1056/1 1058/1058/1
f 1712/1712/1 2064/2064/1 217/217/1
f 1712/1712/1 1711/1711/1 2064/2064/1
f 1956/1956/1 181/181/1 1994/1994/1
f 162/162/1 1113/1113/1 160/160/1
f 143/143/1 142/142/1 1852/1852/1
f 1145/1145/1 2002/2002/1 1143/1143/1
f 2065/2065/1 1166/1166/1 2044/2044/1
f 2066/2066/1 2045/2045/1 1861/1861/1
f 1665/1665/1 1210/1210/1 1868/1868/1
f 1199/1199/1 1201/1201/1 1670/1670/1
f 2067/2067/1 1225/1225/1 2046/2046/1
f 1873/1873/1 1226/1226/1 1223/1223/1
f 1256/1256/1 1258/1258/1 1254/1254/1
f 1616/1616/1 1277/1277/1 1276/1276/1
f 2009/2009/1 2068/2068/1 1606/1606/1
f 1324/1324/1 2069/2069/1 1594/1594/1
f 1343/1343/1 1586/1586/1 1341/1341/1
f 1360/1360/1 1564/1564/1 1563/1563/1
f 1366/1366/1 1364/1364/1 1363/1363/1
f 2051/2051/1 2070/2070/1 2011/2011/1
f 1511/1511/1 1930/1930/1 1916/1916/1
f 2071/2071/1 1458/1458/1 2052/2052/1
f 1920/1920/1 1919/1919/1 1929/1929/1
f 2072/2072/1 1520/1520/1 1524/1524/1
f 1544/1544/1 1547/1547/1 1934/1934/1
f 1357/1357/1 1901/1901/1 1358/1358/1
f 1570/1570/1 1573/1573/1 1571/1571/1
f 1292/1292/1 2073/2073/1 2049/2049/1
f 1945/1945/1 1627/1627/1 1630/1630/1
f 1257/1257/1 1640/1640/1 1259/1259/1
f 1656/1656/1 1653/1653/1 1654/1654/1
f 2027/2027/1 1659/1659/1 1215/1215/1
f 1670/1670/1 1672/1672/1 1199/1199/1
f 19/19/1 13/13/1 17/17/1
f 1951/1951/1 1686/1686/1 2055/2055/1
f 148/148/1 150/150/1 146/146/1
f 1116/1116/1 159/159/1 1114/1114/1
f 202/202/1 204/204/1 200/200/1
f 246/246/1 248/248/1 244/244/1
f 1717/1717/1 259/259/1 2029/2029/1
f 282/282/1 283/283/1 280/280/1
f 301/301/1 299/299/1 298/298/1
f 311/311/1 312/312/1 309/309/1
f 381/381/1 386/386/1 382/382/1
f 1741/1741/1 456/456/1 2058/2058/1
f 922/922/1 2033/2033/1 477/477/1
f 1809/1809/1 490/490/1 2074/2074/1
f 533/533/1 1967/1967/1 530/530/1
f 555/555/1 2034/2034/1 557/557/1
f 2059/2059/1 585/585/1 1760/1760/1
f 625/625/1 627/627/1 624/624/1
f 1974/1974/1 2075/2075/1 2061/2061/1
f 707/707/1 702/702/1 705/705/1
f 740/740/1 2076/2076/1 738/738/1
f 761/761/1 1784/1784/1 2062/2062/1
f 772/772/1 771/771/1 736/736/1
f 504/504/1 912/912/1 910/910/1
f 373/373/1 372/372/1 375/375/1
f 1011/1011/1 1013/1013/1 2063/2063/1
f 233/233/1 1033/1033/1 234/234/1
f 1833/1833/1 1995/1995/1 1836/1836/1
f 1708/1708/1 196/196/1 2077/2077/1
f 200/200/1 1839/1839/1 202/202/1
f 210/210/1 1840/1840/1 208/208/1
f 1847/1847/1 1103/1103/1 1848/1848/1
f 165/165/1 1110/1110/1 163/163/1
f 2002/2002/1 1856/1856/1 1141/1141/1
f 24/24/1 1178/1178/1 26/26/1
f 1195/1195/1 1194/1194/1 1673/1673/1
f 2078/2078/1 2067/2067/1 2046/2046/1
f 1946/1946/1 1637/1637/1 1260/1260/1
f 1581/1581/1 1897/1897/1 1579/1579/1
f 1361/1361/1 1900/1900/1 1901/1901/1
f 1399/1399/1 2011/2011/1 2070/2070/1
f 1508/1508/1 1507/1507/1 1435/1435/1
f 1462/1462/1 2071/2071/1 2052/2052/1
f 1433/1433/1 1429/1429/1 1919/1919/1
f 1522/1522/1 1523/1523/1 1520/1520/1
f 1380/1380/1 1906/1906/1 1378/1378/1
f 1348/1348/1 1940/1940/1 1349/1349/1
f 1658/1658/1 1656/1656/1 1655/1655/1
f 1951/1951/1 2055/2055/1 79/79/1
f 2000/2000/1 156/156/1 1955/1955/1
f 253/253/1 249/249/1 251/251/1
f 290/290/1 293/293/1 291/291/1
f 310/310/1 308/308/1 307/307/1
f 1823/1823/1 993/993/1 1959/1959/1
f 1809/1809/1 2074/2074/1 485/485/1
f 1803/1803/1 537/537/1 539/539/1
f 735/735/1 737/737/1 733/733/1
f 2076/2076/1 2079/2079/1 738/738/1
f 2062/2062/1 762/762/1 761/761/1
f 1781/1781/1 729/729/1 1779/1779/1
f 1014/1014/1 1016/1016/1 1015/1015/1
f 237/237/1 1714/1714/1 1027/1027/1
f 2080/2080/1 1055/1055/1 1054/1054/1
f 1708/1708/1 2077/2077/1 199/199/1
f 170/170/1 1106/1106/1 2043/2043/1
f 168/168/1 1109/1109/1 166/166/1
f 1185/1185/1 1182/1182/1 1181/1181/1
f 2046/2046/1 2081/2081/1 2078/2078/1
f 1938/1938/1 1350/1350/1 1352/1352/1
f 2070/2070/1 1397/1397/1 1399/1399/1
f 2052/2052/1 1463/1463/1 1462/1462/1
f 1431/1431/1 1917/1917/1 1429/1429/1
f 1933/1933/1 2072/2072/1 1524/1524/1
f 1908/1908/1 1559/1559/1 1906/1906/1
f 1345/1345/1 1582/1582/1 1580/1580/1
f 1210/1210/1 1665/1665/1 1208/1208/1
f 2043/2043/1 174/174/1 170/170/1
f 255/255/1 253/253/1 252/252/1
f 285/285/1 280/280/1 283/283/1
f 298/298/1 302/302/1 301/301/1
f 2082/2082/1 990/990/1 988/988/1
f 556/556/1 2083/2083/1 1756/1756/1
f 2084/2084/1 738/738/1 2079/2079/1
f 762/762/1 2085/2085/1 760/760/1
f 728/728/1 725/725/1 729/729/1
f 1037/1037/1 1038/1038/1 1035/1035/1
f 1845/1845/1 2080/2080/1 1054/1054/1
f 1955/1955/1 1117/1117/1 2086/2086/1
f 1867/1867/1 3/3/1 2/2/1
f 1385/1385/1 1387/1387/1 1555/1555/1
f 2087/2087/1 1399/1399/1 1398/1398/1
f 1471/1471/1 1467/1467/1 1469/1469/1
f 1930/1930/1 1931/1931/1 1917/1917/1
f 2088/2088/1 1675/1675/1 4/4/1
f 1050/1050/1 192/192/1 1705/1705/1
f 271/271/1 269/269/1 268/268/1
f 2085/2085/1 754/754/1 760/760/1
f 731/731/1 2089/2089/1 725/725/1
f 239/239/1 1849/1849/1 1828/1828/1
f 1844/1844/1 1052/1052/1 1845/1845/1
f 2081/2081/1 1644/1644/1 2078/2078/1
f 1470/1470/1 1469/1469/1 1472/1472/1
f 1424/1424/1 1423/1423/1 1427/1427/1
f 223/223/1 225/225/1 221/221/1
f 2090/2090/1 2056/2056/1 1716/1716/1
f 754/754/1 751/751/1 760/760/1
f 731/731/1 782/782/1 2089/2089/1
f 2063/2063/1 1012/1012/1 1011/1011/1
f 1475/1475/1 1472/1472/1 1452/1452/1
f 1837/1837/1 1045/1045/1 1047/1047/1
f 1716/1716/1 241/241/1 2090/2090/1
f 748/748/1 763/763/1 751/751/1
f 1091/1091/1 1093/1093/1 1089/1089/1
f 1453/1453/1 2091/2091/1 1451/1451/1
f 243/243/1 2090/2090/1 241/241/1
f 742/742/1 1783/1783/1 743/743/1
f 1098/1098/1 1999/1999/1 1096/1096/1
f 2092/2092/1 1451/1451/1 2091/2091/1
f 2079/2079/1 764/764/1 2084/2084/1
f 1025/1025/1 1991/1991/1 238/238/1
f 2091/2091/1 2093/2093/1 2092/2092/1
f 1786/1786/1 2084/2084/1 764/764/1
f 146/146/1 145/145/1 1118/1118/1
f 2094/2094/1 2092/2092/1 2093/2093/1
f 780/780/1 785/785/1 781/781/1
f 2095/2095/1 2094/2094/1 2093/2093/1
f 721/721/1 718/718/1 719/719/1
f 2096/2096/1 2095/2095/1 2093/2093/1
f 1778/1778/1 715/715/1 714/714/1
f 2093/2093/1 1478/1478/1 2096/2096/1
f 704/704/1 705/705/1 702/702/1
f 1477/1477/1 2096/2096/1 1478/1478/1
f 2097/2097/1 2061/2061/1 2075/2075/1
f 1447/1447/1 1450/1450/1 1448/1448/1
f 2075/2075/1 789/789/1 2097/2097/1
f 1483/1483/1 1446/1446/1 1448/1448/1
f 788/788/1 2097/2097/1 789/789/1
f 1486/1486/1 2015/2015/1 1484/1484/1
f 677/677/1 678/678/1 676/676/1
f 2015/2015/1 1443/1443/1 1445/1445/1
f 797/797/1 2098/2098/1 799/799/1
f 1488/1488/1 1445/1445/1 1444/1444/1
f 2099/2099/1 799/799/1 2098/2098/1
f 1444/1444/1 1490/1490/1 1489/1489/1
f 2098/2098/1 800/800/1 2099/2099/1
f 1490/1490/1 2053/2053/1 1926/1926/1
f 802/802/1 2099/2099/1 800/800/1
f 1495/1495/1 1494/1494/1 1496/1496/1
f 804/804/1 802/802/1 801/801/1
f 1440/1440/1 1496/1496/1 1441/1441/1
f 817/817/1 2039/2039/1 818/818/1
f 1500/1500/1 1442/1442/1 1498/1498/1
f 823/823/1 821/821/1 824/824/1
f 1438/1438/1 1499/1499/1 1498/1498/1
f 1790/1790/1 672/672/1 2100/2100/1
f 1498/1498/1 1439/1439/1 1438/1438/1
f 1790/1790/1 2100/2100/1 668/668/1
f 1502/1502/1 1921/1921/1 1439/1439/1
f 1979/1979/1 666/666/1 1792/1792/1
f 1503/1503/1 2016/2016/1 1504/1504/1
f 830/830/1 1792/1792/1 662/662/1
f 1915/1915/1 2012/2012/1 1423/1423/1
f 1771/1771/1 2101/2101/1 655/655/1
f 1421/1421/1 2102/2102/1 2012/2012/1
f 1771/1771/1 1770/1770/1 2101/2101/1
f 1421/1421/1 1420/1420/1 2102/2102/1
f 834/834/1 2103/2103/1 833/833/1
f 1516/1516/1 1512/1512/1 1513/1513/1
f 2104/2104/1 833/833/1 2103/2103/1
f 1513/1513/1 1514/1514/1 1516/1516/1
f 2103/2103/1 647/647/1 2104/2104/1
f 1412/1412/1 1914/1914/1 1410/1410/1
f 835/835/1 2104/2104/1 647/647/1
f 1518/1518/1 1519/1519/1 1914/1914/1
f 639/639/1 2105/2105/1 637/637/1
f 2011/2011/1 1911/1911/1 1404/1404/1
f 639/639/1 640/640/1 2105/2105/1
f 1521/1521/1 2087/2087/1 1398/1398/1
f 1768/1768/1 1767/1767/1 640/640/1
f 1398/1398/1 1522/1522/1 1521/1521/1
f 644/644/1 643/643/1 1767/1767/1
f 1533/1533/1 1532/1532/1 1395/1395/1
f 645/645/1 838/838/1 643/643/1
f 1394/1394/1 1396/1396/1 2018/2018/1
f 636/636/1 840/840/1 634/634/1
f 2019/2019/1 2018/2018/1 1536/1536/1
f 626/626/1 843/843/1 628/628/1
f 1537/1537/1 1536/1536/1 1393/1393/1
f 624/624/1 621/621/1 625/625/1
f 1392/1392/1 1539/1539/1 1393/1393/1
f 619/619/1 618/618/1 621/621/1
f 1393/1393/1 1388/1388/1 1391/1391/1
f 610/610/1 609/609/1 849/849/1
f 1390/1390/1 1391/1391/1 1388/1388/1
f 2060/2060/1 603/603/1 1971/1971/1
f 1389/1389/1 1540/1540/1 1390/1390/1
f 1971/1971/1 2106/2106/1 1797/1797/1
f 2107/2107/1 1390/1390/1 1540/1540/1
f 2106/2106/1 851/851/1 1797/1797/1
f 2108/2108/1 2107/2107/1 1540/1540/1
f 1980/1980/1 853/853/1 852/852/1
f 1542/1542/1 2108/2108/1 1540/1540/1
f 599/599/1 858/858/1 591/591/1
f 2020/2020/1 1542/1542/1 1541/1541/1
f 1762/1762/1 600/600/1 588/588/1
f 1553/1553/1 1550/1550/1 1386/1386/1
f 2109/2109/1 1760/1760/1 585/585/1
f 1382/1382/1 1384/1384/1 1558/1558/1
f 584/584/1 2109/2109/1 585/585/1
f 1383/1383/1 1372/1372/1 1384/1384/1
f 859/859/1 1799/1799/1 860/860/1
f 1563/1563/1 1902/1902/1 1360/1360/1
f 575/575/1 578/578/1 577/577/1
f 1569/1569/1 1353/1353/1 1355/1355/1
f 2083/2083/1 868/868/1 1756/1756/1
f 1336/1336/1 1339/1339/1 1941/1941/1
f 867/867/1 1756/1756/1 868/868/1
f 1588/1588/1 1585/1585/1 1586/1586/1
f 868/868/1 1800/1800/1 552/552/1
f 1586/1586/1 1589/1589/1 1588/1588/1
f 550/550/1 869/869/1 548/548/1
f 1593/1593/1 1587/1587/1 1591/1591/1
f 1802/1802/1 2110/2110/1 871/871/1
f 1330/1330/1 1327/1327/1 1331/1331/1
f 2110/2110/1 872/872/1 871/871/1
f 2069/2069/1 1322/1322/1 1594/1594/1
f 872/872/1 547/547/1 870/870/1
f 1316/1316/1 1320/1320/1 1319/1319/1
f 546/546/1 870/870/1 547/547/1
f 1317/1317/1 1596/1596/1 1315/1315/1
f 542/542/1 1755/1755/1 543/543/1
f 1596/1596/1 2111/2111/1 2023/2023/1
f 885/885/1 882/882/1 886/886/1
f 2111/2111/1 1599/1599/1 2023/2023/1
f 2112/2112/1 889/889/1 888/888/1
f 1600/1600/1 1597/1597/1 1312/1312/1
f 891/891/1 2112/2112/1 888/888/1
f 1313/1313/1 1310/1310/1 1314/1314/1
f 890/890/1 892/892/1 891/891/1
f 1888/1888/1 1887/1887/1 1309/1309/1
f 898/898/1 894/894/1 896/896/1
f 1602/1602/1 1309/1309/1 1887/1887/1
f 1808/1808/1 904/904/1 903/903/1
f 1606/1606/1 2050/2050/1 2009/2009/1
f 903/903/1 2113/2113/1 1808/1808/1
f 2068/2068/1 1607/1607/1 1606/1606/1
f 2113/2113/1 907/907/1 1808/1808/1
f 1605/1605/1 1607/1607/1 1299/1299/1
f 907/907/1 908/908/1 905/905/1
f 2073/2073/1 2114/2114/1 2049/2049/1
f 908/908/1 516/516/1 515/515/1
f 2115/2115/1 2049/2049/1 2114/2114/1
f 513/513/1 512/512/1 515/515/1
f 1613/1613/1 2115/2115/1 2114/2114/1
f 510/510/1 509/509/1 512/512/1
f 2114/2114/1 1614/1614/1 1613/1613/1
f 511/511/1 909/909/1 509/509/1
f 1289/1289/1 1883/1883/1 1287/1287/1
f 489/489/1 919/919/1 491/491/1
f 1286/1286/1 1284/1284/1 1883/1883/1
f 485/485/1 483/483/1 1984/1984/1
f 2116/2116/1 1882/1882/1 2048/2048/1
f 484/484/1 1745/1745/1 482/482/1
f 2048/2048/1 1281/1281/1 2116/2116/1
f 1746/1746/1 1810/1810/1 482/482/1
f 2117/2117/1 2116/2116/1 1281/1281/1
f 921/921/1 923/923/1 920/920/1
f 1278/1278/1 2117/2117/1 1281/1281/1
f 474/474/1 473/473/1 2040/2040/1
f 2047/2047/1 2118/2118/1 1268/1268/1
f 1965/1965/1 2119/2119/1 1744/1744/1
f 1267/1267/1 1268/1268/1 2118/2118/1
f 2120/2120/1 1744/1744/1 2119/2119/1
f 2118/2118/1 1265/1265/1 1267/1267/1
f 466/466/1 2120/2120/1 2119/2119/1
f 1266/1266/1 2121/2121/1 1880/1880/1
f 2119/2119/1 467/467/1 466/466/1
f 2122/2122/1 1880/1880/1 2121/2121/1
f 464/464/1 463/463/1 466/466/1
f 1618/1618/1 2122/2122/1 2121/2121/1
f 462/462/1 1964/1964/1 463/463/1
f 2121/2121/1 2123/2123/1 1618/1618/1
f 461/461/1 459/459/1 458/458/1
f 2123/2123/1 1619/1619/1 1618/1618/1
f 2058/2058/1 450/450/1 1741/1741/1
f 2054/2054/1 1617/1617/1 1619/1619/1
f 452/452/1 1740/1740/1 450/450/1
f 1619/1619/1 1620/1620/1 2054/2054/1
f 451/451/1 2124/2124/1 452/452/1
f 1264/1264/1 1631/1631/1 1630/1630/1
f 2125/2125/1 452/452/1 2124/2124/1
f 1264/1264/1 1633/1633/1 1262/1262/1
f 2124/2124/1 928/928/1 2125/2125/1
f 1633/1633/1 1639/1639/1 1632/1632/1
f 927/927/1 2125/2125/1 928/928/1
f 1635/1635/1 1634/1634/1 1637/1637/1
f 928/928/1 932/932/1 926/926/1
f 1246/1246/1 1248/1248/1 1249/1249/1
f 445/445/1 449/449/1 448/448/1
f 1247/1247/1 1879/1879/1 1878/1878/1
f 448/448/1 2126/2126/1 445/445/1
f 1245/1245/1 1244/1244/1 1878/1878/1
f 2126/2126/1 446/446/1 445/445/1
f 1877/1877/1 1876/1876/1 1244/1244/1
f 2127/2127/1 444/444/1 446/446/1
f 1240/1240/1 1237/1237/1 1876/1876/1
f 446/446/1 939/939/1 2127/2127/1
f 1241/1241/1 1238/1238/1 1237/1237/1
f 938/938/1 2127/2127/1 939/939/1
f 1239/1239/1 1875/1875/1 1237/1237/1
f 948/948/1 1739/1739/1 946/946/1
f 1236/1236/1 1235/1235/1 1875/1875/1
f 2128/2128/1 947/947/1 946/946/1
f 1643/1643/1 2078/2078/1 1644/1644/1
f 946/946/1 949/949/1 2128/2128/1
f 1649/1649/1 2026/2026/1 1646/1646/1
f 2129/2129/1 2128/2128/1 949/949/1
f 3/3/1 2088/2088/1 4/4/1
f 2130/2130/1 2129/2129/1 949/949/1
f 9/9/1 5/5/1 1677/1677/1
f 951/951/1 2130/2130/1 949/949/1
f 29/29/1 31/31/1 1680/1680/1
f 952/952/1 1818/1818/1 1817/1817/1
f 32/32/1 34/34/1 30/30/1
f 436/436/1 438/438/1 1819/1819/1
f 1175/1175/1 1862/1862/1 33/33/1
f 958/958/1 1819/1819/1 956/956/1
f 2045/2045/1 2066/2066/1 1862/1862/1
f 960/960/1 956/956/1 1738/1738/1
f 1861/1861/1 1860/1860/1 2066/2066/1
f 432/432/1 962/962/1 430/430/1
f 1172/1172/1 1171/1171/1 1860/1860/1
f 432/432/1 963/963/1 962/962/1
f 42/42/1 1682/1682/1 40/40/1
f 961/961/1 963/963/1 429/429/1
f 2131/2131/1 40/40/1 1682/1682/1
f 1737/1737/1 1960/1960/1 424/424/1
f 45/45/1 2131/2131/1 1682/1682/1
f 965/965/1 967/967/1 1960/1960/1
f 1859/1859/1 48/48/1 1950/1950/1
f 1736/1736/1 1734/1734/1 966/966/1
f 2132/2132/1 2065/2065/1 2044/2044/1
f 422/422/1 417/417/1 1734/1734/1
f 2044/2044/1 49/49/1 2132/2132/1
f 970/970/1 418/418/1 2031/2031/1
f 51/51/1 2132/2132/1 49/49/1
f 2031/2031/1 968/968/1 970/970/1
f 1684/1684/1 1155/1155/1 1154/1154/1
f 2133/2133/1 970/970/1 969/969/1
f 55/55/1 1684/1684/1 56/56/1
f 969/969/1 971/971/1 2133/2133/1
f 56/56/1 2134/2134/1 54/54/1
f 972/972/1 2133/2133/1 971/971/1
f 58/58/1 54/54/1 2134/2134/1
f 2030/2030/1 973/973/1 1733/1733/1
f 2134/2134/1 59/59/1 58/58/1
f 2135/2135/1 1733/1733/1 973/973/1
f 59/59/1 60/60/1 57/57/1
f 975/975/1 2135/2135/1 973/973/1
f 2136/2136/1 1140/1140/1 1142/1142/1
f 403/403/1 404/404/1 1732/1732/1
f 1142/1142/1 1138/1138/1 2136/2136/1
f 402/402/1 977/977/1 398/398/1
f 1139/1139/1 2136/2136/1 1138/1138/1
f 400/400/1 1730/1730/1 398/398/1
f 1136/1136/1 62/62/1 1137/1137/1
f 397/397/1 393/393/1 1730/1730/1
f 2137/2137/1 1137/1137/1 62/62/1
f 1821/1821/1 2057/2057/1 391/391/1
f 64/64/1 2137/2137/1 62/62/1
f 391/391/1 978/978/1 1821/1821/1
f 80/80/1 79/79/1 82/82/1
f 984/984/1 985/985/1 982/982/1
f 1688/1688/1 82/82/1 2138/2138/1
f 985/985/1 987/987/1 986/986/1
f 1688/1688/1 2138/2138/1 1952/1952/1
f 987/987/1 2082/2082/1 988/988/1
f 1689/1689/1 2028/2028/1 1952/1952/1
f 991/991/1 990/990/1 993/993/1
f 2139/2139/1 85/85/1 1855/1855/1
f 1729/1729/1 375/375/1 2041/2041/1
f 1855/1855/1 1854/1854/1 2139/2139/1
f 374/374/1 369/369/1 372/372/1
f 1132/1132/1 2139/2139/1 1854/1854/1
f 371/371/1 367/367/1 369/369/1
f 2140/2140/1 2001/2001/1 1133/1133/1
f 367/367/1 366/366/1 369/369/1
f 1133/1133/1 90/90/1 2140/2140/1
f 368/368/1 364/364/1 366/366/1
f 89/89/1 2140/2140/1 90/90/1
f 362/362/1 360/360/1 364/364/1
f 96/96/1 101/101/1 100/100/1
f 361/361/1 1958/1958/1 357/357/1
f 102/102/1 101/101/1 1853/1853/1
f 1725/1725/1 325/325/1 322/322/1
f 1128/1128/1 1130/1130/1 2141/2141/1
f 1993/1993/1 1037/1037/1 1832/1832/1
f 1953/1953/1 1128/1128/1 2141/2141/1
f 1955/1955/1 2086/2086/1 2000/2000/1
f 2141/2141/1 104/104/1 1953/1953/1
f 1695/1695/1 2142/2142/1 135/135/1
f 114/114/1 113/113/1 118/118/1
f 1694/1694/1 2142/2142/1 1695/1695/1
f 2143/2143/1 119/119/1 118/118/1
f 132/132/1 126/126/1 1694/1694/1
f 2144/2144/1 119/119/1 2143/2143/1
f 129/129/1 127/127/1 126/126/1
f 1126/1126/1 2144/2144/1 2143/2143/1
f 123/123/1 122/122/1 124/124/1
f 2143/2143/1 1125/1125/1 1126/1126/1
f 121/121/1 1126/1126/1 122/122/1
