<?xml version='1.0' encoding='utf-8'?>
<COLLADA xmlns="http://www.collada.org/2005/11/COLLADASchema" version="1.4.1"><asset><created>2026-09-12T00:00:00Z</created><modified>2026-09-12T00:00:00Z</modified><unit name="meter" meter="1" /><up_axis>Z_UP</up_axis></asset><library_images><image id="asphalt-image"><init_from>textures/asphalt.png</init_from></image></library_images><library_effects><effect id="asphalt-effect"><profile_COMMON><newparam sid="surface"><surface type="2D"><init_from>asphalt-image</init_from></surface></newparam><newparam sid="sampler"><sampler2D><source>surface</source></sampler2D></newparam><technique sid="common"><phong><diffuse><texture texture="sampler" texcoord="UVSET0" /></diffuse><specular><color>0.02 0.02 0.02 1</color></specular></phong></technique></profile_COMMON></effect></library_effects><library_materials><material id="asphalt-material"><instance_effect url="#asphalt-effect" /></material></library_materials><library_geometries><geometry id="road"><mesh><source id="positions"><float_array id="positions-array" count="6432">-41.3429342 18.6630289 0.0000000 -37.1015317 16.0233559 0.0000000 -35.0023105 28.8510852 0.0000000 -45.5843367 21.3027019 0.0000000 -71.0327516 37.1407399 0.0000000 -66.7913491 34.5010669 0.0000000 -60.4507254 44.6891232 0.0000000 -87.9983616 47.6994319 0.0000000 -83.7569591 45.0597589 0.0000000 -77.4163354 55.2478152 0.0000000 -100.7225690 55.6184509 0.0000000 -94.3819453 65.8065072 0.0000000 -109.2053740 60.8977969 0.0000000 -104.9639715 58.2581239 0.0000000 -98.6233478 68.4461802 0.0000000 -102.8647503 71.0858532 0.0000000 -107.1061528 73.7255262 0.0000000 -117.6881790 66.1771430 0.0000000 -113.4467765 63.5374700 0.0000000 -119.8303602 81.6445453 0.0000000 -130.4123864 74.0961620 0.0000000 -126.1709839 71.4564890 0.0000000 -128.3131652 86.9238913 0.0000000 -138.8951914 79.3755080 0.0000000 -134.6537889 76.7358350 0.0000000 -136.7959702 92.2032373 0.0000000 -147.3779963 84.6548540 0.0000000 -143.1365939 82.0151810 0.0000000 -149.5201776 100.1222563 0.0000000 -160.1022038 92.5738730 0.0000000 -155.8608013 89.9342000 0.0000000 -158.0029826 105.4016023 0.0000000 -168.2446184 97.6413742 0.0000000 -164.3436063 95.2135460 0.0000000 -195.3207625 122.0641044 0.0000000 -199.9369221 110.9875043 0.0000000 -195.3256089 109.0657451 0.0000000 -199.9320757 123.9858636 0.0000000 -204.5482354 112.9092635 0.0000000 -222.4395011 116.8287731 0.0000000 -212.7415963 115.4683572 0.0000000 -220.7724710 128.7124178 0.0000000 -230.6670610 130.1004245 0.0000000 -237.2813861 118.9107832 0.0000000 -232.3340911 118.2167798 0.0000000 -245.5089461 132.1824346 0.0000000 -251.6068915 120.9203559 0.0000000 -247.1759761 120.2987900 0.0000000 -271.7085065 131.4515541 0.0000000 -276.6856537 131.0210030 0.0000000 -275.6514488 119.0656519 0.0000000 -281.6628009 130.5904519 0.0000000 -280.6285961 118.6351008 0.0000000 -309.0465736 113.8866649 0.0000000 -304.2204236 115.1772633 0.0000000 -307.3205041 126.7699119 0.0000000 -323.5250238 110.0148697 0.0000000 -318.6988737 111.3054681 0.0000000 -321.7989542 122.8981167 0.0000000 -326.6251043 121.6075183 0.0000000 -328.2758139 108.7444239 0.0000000 -382.4462307 97.2843179 0.0000000 -386.9673258 95.1589786 0.0000000 -381.8621569 84.2990868 0.0000000 -391.4884210 93.0336393 0.0000000 -386.3832521 82.1737475 0.0000000 -390.9043473 80.0484082 0.0000000 -396.0095162 90.9083001 0.0000000 -395.4254425 77.9230690 0.0000000 -400.3529442 88.8664810 0.0000000 -404.7405574 87.1443570 0.0000000 -400.4320825 75.9441924 0.0000000 -405.2828151 74.1884450 0.0000000 -400.5845956 75.8867097 0.0000000 -409.3621299 85.4737979 0.0000000 -409.9810345 72.4901803 0.0000000 -414.0603493 83.7755333 0.0000000 -395.7858564 77.7678212 0.0000000 -427.5940858 78.8834956 0.0000000 -430.1346113 66.3690369 0.0000000 -425.2264753 67.1042697 0.0000000 -431.7155428 78.2661064 0.0000000 -430.5297692 66.3231776 0.0000000 -450.2723005 76.9282161 0.0000000 -457.2305726 66.3080992 0.0000000 -452.3867308 65.0855753 0.0000000 -450.7171639 64.9065252 0.0000000 -486.8746390 76.2089799 0.0000000 -482.4732303 73.8457257 0.0000000 -476.9365545 84.4932824 0.0000000 -481.1979867 86.7813788 0.0000000 -490.0008040 91.5078873 0.0000000 -494.4022126 93.8711415 0.0000000 -500.0788649 83.2987426 0.0000000 -498.8036212 96.2343958 0.0000000 -502.9815040 98.4776320 0.0000000 -504.4802735 85.6619969 0.0000000 -509.3178042 88.2837285 0.0000000 -508.8816822 88.0252511 0.0000000 -513.4911398 91.0017330 0.0000000 -506.7593445 100.9380590 0.0000000 -517.8248297 94.2762857 0.0000000 -513.8477990 91.2529439 0.0000000 -530.4350827 118.9363733 0.0000000 -534.2179249 121.8439267 0.0000000 -537.7353029 109.4123490 0.0000000 -549.4974888 119.3426781 0.0000000 -545.7566252 116.0315894 0.0000000 -541.5440918 128.3284155 0.0000000 -542.0157616 112.7205008 0.0000000 -541.6954903 112.4562128 0.0000000 -537.8032282 125.0173269 0.0000000 -549.0258190 134.9505928 0.0000000 -556.9792160 125.9648554 0.0000000 -553.2383524 122.6537668 0.0000000 -562.3766490 131.7033121 0.0000000 -560.7200796 129.2759441 0.0000000 -551.6318352 137.2572128 0.0000000 -564.0893525 136.3743916 0.0000000 -567.7378826 148.0983458 0.0000000 -567.4082624 145.9023308 0.0000000 -555.7042080 148.7818458 0.0000000 -567.5601211 152.8827825 0.0000000 -555.5935466 151.7602891 0.0000000 -567.3595153 154.2140369 0.0000000 -554.0770360 157.4156471 0.0000000 -564.7716825 163.8645600 0.0000000 -566.0655989 159.0392984 0.0000000 -560.5357772 168.1043609 0.0000000 -562.4212093 167.2231169 0.0000000 -563.8921721 165.7508013 0.0000000 -555.7288973 169.3980858 0.0000000 -544.8447392 172.1315714 0.0000000 -546.0289557 171.9445398 0.0000000 -543.5647841 160.1848282 0.0000000 -539.9077641 172.4111457 0.0000000 -539.5344880 160.4130584 0.0000000 -539.2972260 172.4146059 0.0000000 -514.8867198 159.2973880 0.0000000 -509.3534757 171.0592152 0.0000000 -514.3441007 171.2851136 0.0000000 -499.9148447 158.6196927 0.0000000 -494.3816005 170.3815198 0.0000000 -499.3722255 170.6074183 0.0000000 -469.9710943 157.2643020 0.0000000 -464.4378501 169.0261291 0.0000000 -469.4284752 169.2520276 0.0000000 -459.9898442 156.8125051 0.0000000 -454.4566000 168.5743322 0.0000000 -459.4472250 168.8002307 0.0000000 -445.0179690 156.1348097 0.0000000 -439.4847248 167.8966369 0.0000000 -444.4753499 168.1225353 0.0000000 -420.0648437 155.0053175 0.0000000 -419.5222246 166.9930431 0.0000000 -424.5128496 167.2189415 0.0000000 -395.1117184 153.8758252 0.0000000 -384.5878491 165.4117539 0.0000000 -394.5690993 165.8635508 0.0000000 -370.1585931 152.7463330 0.0000000 -349.6534737 163.8304648 0.0000000 -369.6159740 164.7340586 0.0000000 -345.2054678 151.6168407 0.0000000 -339.6722236 163.3786679 0.0000000 -344.6628486 163.6045663 0.0000000 -320.2523425 150.4873485 0.0000000 -309.7284732 162.0232772 0.0000000 -319.7097233 162.4750741 0.0000000 -300.2898422 149.5837547 0.0000000 -294.7565980 161.3455818 0.0000000 -299.7472231 161.5714802 0.0000000 -280.3273420 148.6801609 0.0000000 -279.7847229 160.6678864 0.0000000 -289.7659730 161.1196833 0.0000000 -270.3460919 148.2283640 0.0000000 -264.8128477 159.9901911 0.0000000 -269.8034727 160.2160895 0.0000000 -255.3742167 147.5506686 0.0000000 -249.8409725 159.3124957 0.0000000 -254.8315976 159.5383942 0.0000000 -240.4023415 146.8729733 0.0000000 -239.8597224 158.8606988 0.0000000 -244.8503474 159.0865973 0.0000000 -220.4398413 145.9693795 0.0000000 -219.8972221 157.9571050 0.0000000 -224.8878472 158.1830035 0.0000000 -185.5054658 144.3880903 0.0000000 -184.9628467 156.3758159 0.0000000 -199.9347219 157.0535112 0.0000000 -170.5335906 143.7103950 0.0000000 -169.9909715 155.6981205 0.0000000 -174.9815966 155.9240190 0.0000000 -160.5523405 143.2585981 0.0000000 -155.0190963 155.0204252 0.0000000 -160.0097214 155.2463236 0.0000000 -135.5992152 142.1291058 0.0000000 -135.0565961 154.1168314 0.0000000 -145.0378462 154.5686283 0.0000000 -125.6179651 141.6773089 0.0000000 -115.0940958 153.2132376 0.0000000 -125.0753460 153.6650345 0.0000000 -110.6460899 140.9996136 0.0000000 -105.1128457 152.7614407 0.0000000 -110.1034708 152.9873391 0.0000000 -90.6835897 140.0960198 0.0000000 -85.1503455 151.8578469 0.0000000 -90.1409705 152.0837453 0.0000000 -75.7117145 139.4183244 0.0000000 -75.1690954 151.4060500 0.0000000 -80.1597204 151.6319484 0.0000000 -70.7210894 139.1924260 0.0000000 -65.1878452 150.9542531 0.0000000 -70.1784703 151.1801515 0.0000000 -60.7398393 138.7406291 0.0000000 -55.2065951 150.5024562 0.0000000 -60.1972202 150.7283546 0.0000000 -35.7867140 137.6111368 0.0000000 -20.2722197 148.9211670 0.0000000 -35.2440949 149.5988624 0.0000000 -15.8242138 136.7075430 0.0000000 -10.2909696 148.4693701 0.0000000 -15.2815946 148.6952686 0.0000000 -5.8429636 136.2557461 0.0000000 4.6691215 147.7922082 0.0000000 -5.3003445 148.2434717 0.0000000 148.9812546 130.6401399 0.0000000 153.9738542 130.4631697 0.0000000 154.3989453 142.4556380 0.0000000 169.3767440 141.9247273 0.0000000 164.3841444 142.1016975 0.0000000 163.9590532 130.1092292 0.0000000 184.3545426 141.3938166 0.0000000 179.3619430 141.5707868 0.0000000 178.9368518 129.5783184 0.0000000 209.3175403 140.5089653 0.0000000 204.3249407 140.6859356 0.0000000 208.8924491 128.5164970 0.0000000 238.8480463 127.4546755 0.0000000 243.8406458 127.2777052 0.0000000 244.2657370 139.2701736 0.0000000 379.0659245 134.4919770 0.0000000 374.0733250 134.6689472 0.0000000 373.6482338 122.6764788 0.0000000 394.0437231 133.9610662 0.0000000 389.0511236 134.1380365 0.0000000 388.6260324 122.1455681 0.0000000 399.0363227 133.7840960 0.0000000 393.6186319 121.9685979 0.0000000 409.0215217 133.4301555 0.0000000 398.6112315 121.7916276 0.0000000 408.5964306 121.4376871 0.0000000 413.5890301 121.2607169 0.0000000 414.0141213 133.2531852 0.0000000 418.5816296 121.0837466 0.0000000 419.0067208 133.0762150 0.0000000 433.9845194 132.5453043 0.0000000 423.9993204 132.8992447 0.0000000 423.5742292 120.9067764 0.0000000 438.5520278 120.3758656 0.0000000 443.5446273 120.1988954 0.0000000 443.9697185 132.1913638 0.0000000 453.9549176 131.8374233 0.0000000 448.9623180 132.0143935 0.0000000 448.5372269 120.0219251 0.0000000 453.5298264 119.8449549 0.0000000 458.5224259 119.6679847 0.0000000 458.9475171 131.6604530 0.0000000 468.5076250 119.3140442 0.0000000 468.9327162 131.3065125 0.0000000 473.5002245 119.1370739 0.0000000 473.9253157 131.1295423 0.0000000 478.4928241 118.9601037 0.0000000 483.4854236 118.7831334 0.0000000 483.9105148 130.7756018 0.0000000 493.4706227 118.4291929 0.0000000 498.4632222 118.2522227 0.0000000 493.8957139 130.4216613 0.0000000 503.4558218 118.0752524 0.0000000 503.8809130 130.0677208 0.0000000 513.8661120 129.7137803 0.0000000 508.8735125 129.8907506 0.0000000 513.4410208 117.7213120 0.0000000 518.4336204 117.5443417 0.0000000 523.4262199 117.3673715 0.0000000 518.8587116 129.5368101 0.0000000 528.8439106 129.1828696 0.0000000 523.8513111 129.3598398 0.0000000 528.4188195 117.1904012 0.0000000 533.4114190 117.0134310 0.0000000 538.4040185 116.8364607 0.0000000 538.8291097 128.8289291 0.0000000 543.8217093 128.6519588 0.0000000 543.3966181 116.6594905 0.0000000 558.3744167 116.1285797 0.0000000 563.3670162 115.9516095 0.0000000 558.7995079 128.1210481 0.0000000 568.3596158 115.7746392 0.0000000 573.3522153 115.5976690 0.0000000 568.7847069 127.7671076 0.0000000 578.7699060 127.4131671 0.0000000 573.7773065 127.5901374 0.0000000 578.3448148 115.4206988 0.0000000 588.7551051 127.0592266 0.0000000 583.7625056 127.2361969 0.0000000 583.3374144 115.2437285 0.0000000 593.3226134 114.8897880 0.0000000 598.3152130 114.7128178 0.0000000 593.7477046 126.8822564 0.0000000 603.7329037 126.5283159 0.0000000 598.7403042 126.7052861 0.0000000 603.3078125 114.5358475 0.0000000 608.3004120 114.3588773 0.0000000 613.2930116 114.1819070 0.0000000 608.7255032 126.3513456 0.0000000 618.7107023 125.9974051 0.0000000 613.7181028 126.1743754 0.0000000 618.2856111 114.0049368 0.0000000 623.7033019 125.8204349 0.0000000 623.2782107 113.8279665 0.0000000 628.6959014 125.6434647 0.0000000 628.2708102 113.6509963 0.0000000 638.6811005 125.2895242 0.0000000 633.6885009 125.4664944 0.0000000 633.2634097 113.4740260 0.0000000 643.2486088 113.1200856 0.0000000 648.2412083 112.9431153 0.0000000 643.6737000 125.1125539 0.0000000 653.6588991 124.7586134 0.0000000 648.6662995 124.9355837 0.0000000 653.2338079 112.7661451 0.0000000 658.2264074 112.5891748 0.0000000 663.2190070 112.4122046 0.0000000 658.6514986 124.5816432 0.0000000 668.2116065 112.2352343 0.0000000 663.6440981 124.4046729 0.0000000 673.6292972 124.0507324 0.0000000 668.6366977 124.2277027 0.0000000 673.2042060 112.0582641 0.0000000 683.6144963 123.6967919 0.0000000 678.6218968 123.8737622 0.0000000 683.1894051 111.7043236 0.0000000 693.5996954 123.3428515 0.0000000 688.6070958 123.5198217 0.0000000 693.1466552 111.3513738 0.0000000 698.6452516 123.1171538 0.0000000 693.6555828 123.3406096 0.0000000 697.9712672 111.1353099 0.0000000 707.7851569 110.2447429 0.0000000 708.8696476 122.1956374 0.0000000 712.7604488 109.7932572 0.0000000 717.7357407 109.3417715 0.0000000 713.8449395 121.7441517 0.0000000 723.7955232 120.8411803 0.0000000 718.8202314 121.2926660 0.0000000 722.7110325 108.8902858 0.0000000 727.6863244 108.4388001 0.0000000 732.6616163 107.9873144 0.0000000 728.7708151 120.3896946 0.0000000 737.6369082 107.5358287 0.0000000 741.5994682 107.1762440 0.0000000 738.7213989 119.4867233 0.0000000 749.9887433 116.5459135 0.0000000 745.6353178 118.5228730 0.0000000 744.3199747 105.9408189 0.0000000 751.2977613 115.7343608 0.0000000 747.0036756 103.7542411 0.0000000 756.2079222 111.4908868 0.0000000 755.1707298 112.5788129 0.0000000 748.4405232 101.8079581 0.0000000 760.1042817 105.0079829 0.0000000 758.9921818 107.7194657 0.0000000 748.8924584 98.6580237 0.0000000 760.8693604 99.4613237 0.0000000 760.8137769 100.0628859 0.0000000 749.0415232 95.0915649 0.0000000 760.8104947 92.5288542 0.0000000 761.0743765 94.5561984 0.0000000 744.9105522 81.7674349 0.0000000 756.3723207 78.2138646 0.0000000 757.8517120 82.9855278 0.0000000 741.9517695 72.2241085 0.0000000 753.4135380 68.6705381 0.0000000 754.8929294 73.4422014 0.0000000 737.5135955 57.9091188 0.0000000 748.9753640 54.3555485 0.0000000 750.4547554 59.1272117 0.0000000 736.0342042 53.1374556 0.0000000 746.0165814 44.8122220 0.0000000 747.4959727 49.5838853 0.0000000 756.9347401 13.0497287 0.0000000 752.5913105 14.7988213 0.0000000 752.2349338 2.0058768 0.0000000 753.5947303 1.3307211 0.0000000 764.9078516 6.3616188 0.0000000 761.6622273 10.7228528 0.0000000 763.8073209 8.9309170 0.0000000 765.7511362 1.4375718 0.0000000 753.9826111 -2.9527675 0.0000000 766.0471051 -4.1227141 0.0000000 765.8312162 0.6934518 0.0000000 760.4098392 -16.0405296 0.0000000 762.8494457 -11.6809781 0.0000000 749.9379833 -10.1804755 0.0000000 747.4983769 -14.5400270 0.0000000 745.0587704 -18.8995785 0.0000000 755.5306264 -24.7596325 0.0000000 735.3003447 -36.3377844 0.0000000 733.0279655 -40.3985024 0.0000000 745.7722006 -42.1978384 0.0000000 743.3325942 -46.5573899 0.0000000 740.0743459 -51.1476376 0.0000000 742.9652252 -47.1340897 0.0000000 730.6428227 -43.7099118 0.0000000 739.3943736 -51.9369253 0.0000000 715.7318511 -71.9950069 0.0000000 719.9210489 -69.2732445 0.0000000 709.9594663 -61.4350470 0.0000000 717.1222547 -56.7813139 0.0000000 724.1102466 -66.5514821 0.0000000 724.9515400 -65.8912266 0.0000000 713.3832423 -59.2105865 0.0000000 709.3795107 -74.0639710 0.0000000 714.0877482 -72.7394916 0.0000000 687.7605110 -64.9026259 0.0000000 682.6025486 -76.6121642 0.0000000 687.5891423 -76.9142428 0.0000000 688.6943692 -76.8791119 0.0000000 678.3415625 -64.3320434 0.0000000 677.6159549 -76.3100855 0.0000000 663.3817813 -63.4258075 0.0000000 662.6561736 -75.4038496 0.0000000 667.6427674 -75.7059282 0.0000000 653.4085939 -62.8216502 0.0000000 652.6829862 -74.7996923 0.0000000 657.6695799 -75.1017709 0.0000000 631.5134297 -66.0497473 0.0000000 631.9307371 -78.8146381 0.0000000 635.9877020 -77.1844178 0.0000000 604.6793245 -99.7482538 0.0000000 615.2386567 -107.3283510 0.0000000 616.3684371 -102.4620418 0.0000000 603.5495440 -104.6145630 0.0000000 614.3133400 -111.3139720 0.0000000 606.9830497 -137.8579032 0.0000000 609.2090484 -142.3302961 0.0000000 617.7315727 -132.5222297 0.0000000 623.8894410 -144.8943873 0.0000000 622.1779537 -141.4557313 0.0000000 611.4350471 -146.8026891 0.0000000 654.7794476 -166.2319878 0.0000000 650.5027769 -163.6498461 0.0000000 644.3003460 -173.9226184 0.0000000 659.8874373 -184.2400229 0.0000000 663.2688602 -187.4968579 0.0000000 668.1207676 -175.5091399 0.0000000 656.6636557 -181.3872610 0.0000000 667.9346765 -175.3373274 0.0000000 665.5363646 -189.9500398 0.0000000 671.9627783 -179.2236382 0.0000000 676.6619941 -185.2365677 0.0000000 675.3076546 -182.8424141 0.0000000 678.0595204 -190.0328464 0.0000000 667.4442079 -196.4977149 0.0000000 678.1784051 -202.5233764 0.0000000 679.4517169 -198.2042361 0.0000000 666.9685064 -198.1113191 0.0000000 677.2462597 -204.3958928 0.0000000 668.3018430 -216.4476114 0.0000000 671.2879322 -212.4472299 0.0000000 659.3398287 -208.3928676 0.0000000 666.7259048 -217.9135020 0.0000000 662.5170310 -220.6047377 0.0000000 651.8436773 -213.1860526 0.0000000 654.0992833 -225.9872091 0.0000000 658.3081572 -223.2959734 0.0000000 639.2170558 -221.2597598 0.0000000 641.4726619 -234.0609163 0.0000000 645.6815357 -231.3696806 0.0000000 618.1726867 -234.7159384 0.0000000 624.6371666 -244.8258593 0.0000000 628.8460404 -242.1346235 0.0000000 609.8214131 -240.0559050 0.0000000 605.7529104 -242.5090998 0.0000000 616.0853761 -250.2915776 0.0000000 607.1162962 -255.3738710 0.0000000 611.5277585 -253.0294373 0.0000000 611.8102333 -252.8693706 0.0000000 592.6619272 -249.4661902 0.0000000 593.8819094 -262.4071721 0.0000000 598.2933717 -260.0627384 0.0000000 583.8390027 -254.1550576 0.0000000 585.0589849 -267.0960395 0.0000000 589.4704471 -264.7516058 0.0000000 575.0160782 -258.8439250 0.0000000 576.2360604 -271.7849069 0.0000000 580.6475226 -269.4404732 0.0000000 557.3702291 -268.2216597 0.0000000 563.0016736 -278.8182079 0.0000000 567.4131358 -276.4737742 0.0000000 544.1358424 -275.2549608 0.0000000 549.7672868 -285.8515090 0.0000000 554.1787490 -283.5070753 0.0000000 539.7243801 -277.5993945 0.0000000 540.9443623 -290.5403764 0.0000000 545.3558245 -288.1959427 0.0000000 522.0785310 -286.9771292 0.0000000 527.7099755 -297.5736774 0.0000000 532.1214377 -295.2292437 0.0000000 513.2556065 -291.6659966 0.0000000 518.8870509 -302.2625448 0.0000000 523.2985132 -299.9181111 0.0000000 509.0018344 -293.9266272 0.0000000 509.6138891 -306.8423101 0.0000000 514.1555036 -304.7650580 0.0000000 504.6522470 -295.9160495 0.0000000 509.5544794 -306.8690938 0.0000000 412.0150088 -346.2731747 0.0000000 416.6828739 -344.4931738 0.0000000 407.7393595 -335.0607341 0.0000000 398.4036291 -338.6207359 0.0000000 393.7401163 -340.3990771 0.0000000 402.6792784 -349.8331765 0.0000000 435.7465506 -324.3807287 0.0000000 431.0786854 -326.1607296 0.0000000 440.0221999 -335.5931693 0.0000000 444.6900651 -333.8131684 0.0000000 449.3579303 -332.0331675 0.0000000 440.4144158 -322.6007278 0.0000000 398.0114132 -351.6131774 0.0000000 389.1100972 -342.1564167 0.0000000 398.0027059 -351.6164900 0.0000000 388.5664348 -355.1285562 0.0000000 393.2595499 -353.4162365 0.0000000 342.2153227 -359.2663416 0.0000000 337.5222076 -360.9786613 0.0000000 346.3283985 -370.5394338 0.0000000 332.2490530 -375.6763929 0.0000000 336.9421682 -373.9640732 0.0000000 328.1359773 -364.4033007 0.0000000 341.6352833 -372.2517535 0.0000000 360.9877833 -352.4170626 0.0000000 356.2946681 -354.1293824 0.0000000 360.4077439 -365.4024746 0.0000000 346.9084379 -357.5540218 0.0000000 318.7497470 -367.8279402 0.0000000 314.0566318 -369.5402599 0.0000000 318.1697076 -380.8133521 0.0000000 294.7041319 -389.3749508 0.0000000 299.3972470 -387.6626310 0.0000000 295.2841713 -376.3895388 0.0000000 285.8979410 -379.8141783 0.0000000 281.2048258 -381.5264980 0.0000000 290.0110167 -391.0872705 0.0000000 267.1254804 -386.6634572 0.0000000 262.4323653 -388.3757769 0.0000000 271.2385562 -397.9365494 0.0000000 261.8523259 -401.3611889 0.0000000 266.5454410 -399.6488691 0.0000000 257.1592107 -403.0735086 0.0000000 253.0644073 -391.7937496 0.0000000 252.4185826 -404.7685520 0.0000000 257.1226233 -403.0867236 0.0000000 247.6772216 -406.4366658 0.0000000 252.3898304 -404.7787494 0.0000000 248.3930449 -393.4638946 0.0000000 243.6948251 -395.1167490 0.0000000 238.9822163 -396.7746654 0.0000000 238.2520040 -409.7524988 0.0000000 242.9646128 -408.0945823 0.0000000 234.2696076 -398.4325819 0.0000000 224.1141776 -414.7262481 0.0000000 233.5393952 -411.4104152 0.0000000 229.5569988 -400.0904983 0.0000000 220.1317812 -403.4063312 0.0000000 215.4191724 -405.0642477 0.0000000 214.6889600 -418.0420810 0.0000000 219.4015688 -416.3841646 0.0000000 210.7065636 -406.7221641 0.0000000 168.2959392 -417.4022730 0.0000000 163.3659868 -418.2103186 0.0000000 170.2369043 -429.2442600 0.0000000 189.9567140 -426.0120775 0.0000000 190.2844290 -425.9489577 0.0000000 187.8510134 -414.1970916 0.0000000 185.0267616 -426.8201231 0.0000000 175.1668567 -428.4362144 0.0000000 165.3069519 -430.0523056 0.0000000 145.5871422 -433.2844880 0.0000000 150.5170946 -432.4764424 0.0000000 148.5761295 -420.6344555 0.0000000 114.9670142 -424.3016006 0.0000000 109.8240757 -436.2392533 0.0000000 114.8194329 -436.3006931 0.0000000 128.9582153 -423.8499367 0.0000000 124.5360344 -424.4192936 0.0000000 130.5929797 -435.7385113 0.0000000 125.6501153 -436.3749063 0.0000000 124.8101473 -436.4235726 0.0000000 119.8147901 -436.3621328 0.0000000 138.7162247 -422.2505467 0.0000000 133.7862723 -423.0585923 0.0000000 140.6571898 -434.0925336 0.0000000 70.0087992 -423.7486427 0.0000000 65.2576181 -423.6902061 0.0000000 69.8612179 -435.7477351 0.0000000 64.3785601 -435.6604562 0.0000000 64.8658607 -435.6862953 0.0000000 59.4193815 -435.1946564 0.0000000 60.7582548 -423.2675953 0.0000000 54.0611213 -434.3119853 0.0000000 58.9880439 -435.1383039 0.0000000 41.2652111 -419.9983205 0.0000000 34.3534309 -431.0067110 0.0000000 39.2803535 -431.8330296 0.0000000 31.4113660 -418.3456833 0.0000000 24.4995857 -429.3540739 0.0000000 29.4265083 -430.1803925 0.0000000 6.7767530 -414.2140905 0.0000000 4.7918954 -426.0487996 0.0000000 9.7188180 -426.8751182 0.0000000 2.1615736 -413.4400559 0.0000000 -0.7512942 -425.0854464 0.0000000 -0.1350272 -425.2224811 0.0000000 -5.5549961 -423.7485489 0.0000000 -2.2335217 -412.2168760 0.0000000 -10.5235347 -422.1750517 0.0000000 -5.7620514 -423.6868869 0.0000000 -11.6535158 -409.2259007 0.0000000 -20.0465012 -419.1513813 0.0000000 -15.2850179 -420.6632165 0.0000000 -21.1764823 -406.2022303 0.0000000 -29.5694677 -416.1277108 0.0000000 -24.8079845 -417.6395461 0.0000000 -40.2224154 -400.1548894 0.0000000 -43.8539175 -411.5922052 0.0000000 -39.0924343 -413.1040404 0.0000000 -68.5102985 -390.8417037 0.0000000 -72.5012449 -402.1586091 0.0000000 -67.7898899 -403.8200850 0.0000000 -59.1751233 -394.1337861 0.0000000 -63.0785348 -405.4815609 0.0000000 -62.9025522 -405.5405774 0.0000000 -49.7453819 -397.1312190 0.0000000 -53.3768841 -408.5685348 0.0000000 -48.6154008 -410.0803700 0.0000000 -82.6443637 -385.8572760 0.0000000 -91.3466651 -395.5127055 0.0000000 -86.6353101 -397.1741814 0.0000000 -101.4843027 -379.2133054 0.0000000 -106.1802569 -377.5470245 0.0000000 -105.4916890 -390.5244013 0.0000000 -110.1998055 -388.8538048 0.0000000 -110.2131697 -388.8490449 0.0000000 -105.4807303 -390.5282778 0.0000000 -120.2860702 -372.5042294 0.0000000 -129.0298265 -382.1221343 0.0000000 -124.3256623 -383.8038620 0.0000000 -143.8068912 -364.0955912 0.0000000 -147.8464833 -375.3952237 0.0000000 -143.1423191 -377.0769514 0.0000000 -148.5110553 -362.4138635 0.0000000 -161.9022113 -370.3703339 0.0000000 -152.5506474 -373.7134961 0.0000000 -172.3888872 -354.3768235 0.0000000 -176.0121781 -365.8167432 0.0000000 -171.2496107 -367.3251600 0.0000000 -177.1514545 -352.8684068 0.0000000 -185.5373127 -362.7999097 0.0000000 -180.7747454 -364.3083265 0.0000000 -196.2017238 -346.8347397 0.0000000 -199.8250146 -358.2746594 0.0000000 -195.0624473 -359.7830762 0.0000000 -322.1026946 -360.3554428 0.0000000 -317.1112393 -360.1486993 0.0000000 -317.6078473 -348.1589795 0.0000000 -327.0941498 -360.5621863 0.0000000 -322.5993025 -348.3657230 0.0000000 -327.5907578 -348.5724665 0.0000000 -332.5822131 -348.7792100 0.0000000 -332.0856051 -360.7689298 0.0000000 -347.0599709 -361.3891602 0.0000000 -342.0685157 -361.1824167 0.0000000 -342.5651236 -349.1926969 0.0000000 -352.0514262 -361.5959037 0.0000000 -352.5480342 -349.6061839 0.0000000 -402.0537816 -363.2807961 0.0000000 -392.0665170 -362.9909325 0.0000000 -402.4019148 -351.2858470 0.0000000 -407.3955471 -351.4307787 0.0000000 -412.3891793 -351.5757105 0.0000000 -407.0474139 -363.4257278 0.0000000 -432.0155753 -364.1503866 0.0000000 -427.0219430 -364.0054549 0.0000000 -432.3637085 -352.1554376 0.0000000 -417.3828116 -351.7206423 0.0000000 -412.0410461 -363.5706596 0.0000000 -422.3764439 -351.8655740 0.0000000 -427.3700762 -352.0105058 0.0000000 -422.0283107 -363.8605231 0.0000000 -417.0346784 -363.7155913 0.0000000 -437.3573408 -352.3003693 0.0000000 -446.9964721 -364.5851819 0.0000000 -442.0028399 -364.4402502 0.0000000 -447.3446053 -352.5902329 0.0000000 -452.3382376 -352.7351646 0.0000000 -457.3318699 -352.8800964 0.0000000 -451.9901044 -364.7301137 0.0000000 -462.3255022 -353.0250282 0.0000000 -456.9837367 -364.8750455 0.0000000 -466.9710013 -365.1649090 0.0000000 -461.9773690 -365.0199772 0.0000000 -467.3191345 -353.1699599 0.0000000 -476.9582658 -365.4547725 0.0000000 -471.9646336 -365.3098408 0.0000000 -476.7907033 -353.4448563 0.0000000 -477.9846426 -365.3964534 0.0000000 -482.9054159 -364.6902882 0.0000000 -481.0306604 -352.8363929 0.0000000 -500.4475643 -348.9042151 0.0000000 -507.7257123 -359.6738915 0.0000000 -502.8293717 -360.6654647 0.0000000 -529.8256079 -342.9547758 0.0000000 -537.1037558 -353.7244523 0.0000000 -532.2074153 -354.7160255 0.0000000 -578.7744194 -333.0419992 0.0000000 -581.1999951 -344.7943098 0.0000000 -581.1708212 -344.8002933 0.0000000 -586.0913053 -343.7784558 0.0000000 -583.6394317 -332.0316069 0.0000000 -586.1147320 -343.7735416 0.0000000 -566.4817994 -347.7750130 0.0000000 -608.0640579 -326.8572386 0.0000000 -620.3256006 -336.5259534 0.0000000 -610.5510667 -338.5966929 0.0000000 -622.7258587 -323.7511293 0.0000000 -639.2985318 -332.5065291 0.0000000 -625.2128675 -335.4905836 0.0000000 -679.5997818 -323.1492583 0.0000000 -684.4772586 -324.2298084 0.0000000 -681.8817244 -335.9457463 0.0000000 -692.9829018 -337.8061194 0.0000000 -692.2124745 -337.7564507 0.0000000 -693.3697165 -325.8061194 0.0000000 -709.2372395 -337.6707912 0.0000000 -707.9701069 -337.8061194 0.0000000 -707.3293141 -325.8061194 0.0000000 -710.5903034 -325.1015436 0.0000000 -719.9648073 -333.6552647 0.0000000 -715.5800728 -336.0493140 0.0000000 -713.9718937 -336.6478124 0.0000000 -722.2742373 -318.7221576 0.0000000 -730.0253202 -327.9185708 0.0000000 -728.7342763 -328.8671661 0.0000000 -733.5560063 -324.5115463 0.0000000 -731.3692141 -305.6958549 0.0000000 -732.9295335 -300.9500387 0.0000000 -742.7688970 -309.4438183 0.0000000 -734.2432960 -296.9541415 0.0000000 -744.3292164 -304.6980020 0.0000000 -724.9344079 -316.1551590 0.0000000 -727.7515261 -312.5964162 0.0000000 -737.1947857 -320.0010044 0.0000000 -714.2141837 -323.1229179 0.0000000 -667.6061948 -332.7831634 0.0000000 -663.3277513 -332.3697993 0.0000000 -664.1818248 -320.3964388 0.0000000 -663.5805521 -320.3686788 0.0000000 -648.5934696 -320.4292928 0.0000000 -653.5891637 -320.4090881 0.0000000 -653.6376964 -332.4089900 0.0000000 -643.6734234 -332.4492897 0.0000000 -643.5435466 -320.4499619 0.0000000 -643.5977754 -320.4494975 0.0000000 -637.3876595 -320.6450201 0.0000000 -638.5526688 -320.5152607 0.0000000 -617.8385918 -324.7864991 0.0000000 -605.6637998 -339.6320626 0.0000000 -593.4022571 -329.9633478 0.0000000 -603.1767910 -327.8926083 0.0000000 -546.8964370 -351.7413058 0.0000000 -544.5146297 -339.9800562 0.0000000 -559.2036514 -337.0053365 0.0000000 -542.0000964 -352.7328790 0.0000000 -534.7219485 -341.9632026 0.0000000 -539.6182891 -340.9716294 0.0000000 -505.3439049 -347.9126419 0.0000000 -372.4686665 -350.4170849 0.0000000 -377.4337533 -350.5611881 0.0000000 -377.0856202 -362.5561372 0.0000000 -372.0349062 -362.4092768 0.0000000 -367.0429477 -362.2168202 0.0000000 -367.0257920 -362.2161342 0.0000000 -367.5138226 -350.2260591 0.0000000 -357.5394895 -349.8129274 0.0000000 -357.0428815 -361.8026472 0.0000000 -312.1197840 -359.9419558 0.0000000 -307.1283288 -359.7352123 0.0000000 -307.6249367 -347.7454925 0.0000000 -297.6420262 -347.3320056 0.0000000 -292.1539629 -359.1149819 0.0000000 -287.1625077 -358.9082384 0.0000000 -287.6591156 -346.9185186 0.0000000 -282.1710524 -358.7014949 0.0000000 -282.6676604 -346.7117751 0.0000000 -272.6847498 -346.2982881 0.0000000 -277.6762051 -346.5050316 0.0000000 -277.1795971 -358.4947514 0.0000000 -272.1881418 -358.2880079 0.0000000 -262.2052313 -357.8745209 0.0000000 -262.7018393 -345.8848012 0.0000000 -257.2137760 -357.6677775 0.0000000 -252.2223208 -357.4610340 0.0000000 -257.7103840 -345.6780577 0.0000000 -232.7531076 -344.6443402 0.0000000 -252.7189287 -345.4713142 0.0000000 -232.2564997 -356.6340600 0.0000000 -227.2650444 -356.4273165 0.0000000 -227.7616524 -344.4375967 0.0000000 -207.7958313 -343.6106228 0.0000000 -212.7872865 -343.8173663 0.0000000 -208.3117626 -355.6422814 0.0000000 -205.8131469 -343.8616230 0.0000000 -201.0415561 -345.3024231 0.0000000 -204.5490300 -356.7784530 0.0000000 -200.9642911 -345.3263229 0.0000000 -222.7701971 -344.2308533 0.0000000 -212.2906786 -355.8070861 0.0000000 -157.9193837 -359.0504082 0.0000000 -158.0333090 -359.0109665 0.0000000 -162.7695272 -357.4243589 0.0000000 -139.1027270 -365.7773188 0.0000000 -124.9902344 -370.8225018 0.0000000 -96.7784289 -380.8728483 0.0000000 -100.7693753 -392.1897537 0.0000000 -87.3557188 -384.1958001 0.0000000 -77.2126000 -400.4971332 0.0000000 -73.2216536 -389.1802278 0.0000000 -44.9838986 -398.6430542 0.0000000 -30.6994488 -403.1785599 0.0000000 -35.4609321 -401.6667246 0.0000000 -25.9379656 -404.6903951 0.0000000 -16.4149990 -407.7140655 0.0000000 -6.8920325 -410.7377359 0.0000000 16.6305982 -415.8667276 0.0000000 11.7036756 -415.0404091 0.0000000 26.4844434 -417.5193648 0.0000000 36.3382886 -419.1720019 0.0000000 49.1341987 -433.4856667 0.0000000 56.0459789 -422.4772762 0.0000000 51.1190563 -421.6509576 0.0000000 84.8472896 -435.9320544 0.0000000 89.8426468 -435.9934942 0.0000000 84.9948709 -423.9329620 0.0000000 94.8380040 -436.0549340 0.0000000 99.9809426 -424.1172813 0.0000000 94.9855853 -424.0558415 0.0000000 109.9716570 -424.2401608 0.0000000 119.9623714 -424.3630404 0.0000000 195.1455242 -424.8716620 0.0000000 192.1966747 -413.2340243 0.0000000 196.5687372 -411.6959135 0.0000000 200.5511337 -423.0158304 0.0000000 205.9939548 -408.3800806 0.0000000 201.2813460 -410.0379971 0.0000000 205.2637424 -421.3579139 0.0000000 209.9763512 -419.6999975 0.0000000 276.5117107 -383.2388178 0.0000000 280.6247865 -394.5119100 0.0000000 290.5910561 -378.1018586 0.0000000 309.3635167 -371.2525797 0.0000000 304.6704016 -372.9648994 0.0000000 313.4765925 -382.5256719 0.0000000 322.8628228 -379.1010324 0.0000000 351.0215136 -368.8271140 0.0000000 365.1008591 -363.6901548 0.0000000 365.6808984 -350.7047429 0.0000000 369.7939742 -361.9778351 0.0000000 379.7602439 -345.5677837 0.0000000 375.0671287 -347.2801035 0.0000000 379.1802045 -358.5531957 0.0000000 384.4533590 -343.8554640 0.0000000 421.7429551 -329.7207314 0.0000000 417.0750899 -331.5007323 0.0000000 421.3507391 -342.7131729 0.0000000 426.4108203 -327.9407305 0.0000000 430.6864695 -339.1531711 0.0000000 454.0257954 -330.2531666 0.0000000 458.6936606 -328.4731657 0.0000000 449.7501462 -319.0407260 0.0000000 463.3615258 -326.6931648 0.0000000 459.0858766 -315.4807242 0.0000000 468.0293910 -324.9131639 0.0000000 472.6972562 -323.1331630 0.0000000 468.3233857 -311.9581772 0.0000000 472.8923264 -323.0548358 0.0000000 477.4934613 -321.1130537 0.0000000 477.5967939 -321.0682981 0.0000000 472.7757954 -310.0791605 0.0000000 477.2897228 -308.0735654 0.0000000 482.1621775 -319.0398403 0.0000000 481.8551064 -306.0451077 0.0000000 486.7275612 -317.0113826 0.0000000 491.2929448 -314.9829248 0.0000000 486.4204901 -304.0166500 0.0000000 500.1166410 -297.9312767 0.0000000 495.5512573 -299.9597345 0.0000000 500.4237121 -310.9260093 0.0000000 504.9890957 -308.8975516 0.0000000 517.6670688 -289.3215629 0.0000000 530.9014556 -282.2882618 0.0000000 526.4899933 -284.6326955 0.0000000 535.3129178 -279.9438282 0.0000000 552.9587669 -270.5660934 0.0000000 548.5473046 -272.9105271 0.0000000 566.1931537 -263.5327923 0.0000000 561.7816914 -265.8772260 0.0000000 570.6046159 -261.1883587 0.0000000 579.4275405 -256.4994913 0.0000000 588.2504650 -251.8106239 0.0000000 622.3815605 -232.0247027 0.0000000 633.0549142 -239.4433878 0.0000000 630.7993081 -226.6422312 0.0000000 626.5904343 -229.3334669 0.0000000 635.0081820 -223.9509955 0.0000000 656.0525511 -210.4948168 0.0000000 635.5152101 -168.6110413 0.0000000 635.7470046 -168.7583348 0.0000000 642.0670186 -158.5565561 0.0000000 623.1045383 -159.6703060 0.0000000 627.1050003 -162.6625747 0.0000000 634.2925763 -153.0532692 0.0000000 638.1651048 -155.9498462 0.0000000 630.2921143 -150.0610005 0.0000000 615.0369930 -153.0777545 0.0000000 618.7023582 -156.3495359 0.0000000 613.6610458 -151.2750820 0.0000000 604.1804061 -131.3193982 0.0000000 604.7663403 -133.3569840 0.0000000 616.0074619 -129.0214144 0.0000000 603.6697578 -126.3498301 0.0000000 615.6069035 -125.1232279 0.0000000 615.0962552 -120.1536598 0.0000000 603.1591095 -121.3802620 0.0000000 602.4197635 -109.4808721 0.0000000 602.2794355 -111.2633937 0.0000000 618.5433203 -93.0941567 0.0000000 606.9388854 -90.0156355 0.0000000 605.8091050 -94.8819447 0.0000000 619.6393369 -90.1172509 0.0000000 622.2390191 -87.5106052 0.0000000 613.7423962 -79.0366806 0.0000000 625.7668093 -83.9733655 0.0000000 625.7810515 -68.4913586 0.0000000 621.7122623 -71.2107496 0.0000000 626.8779411 -67.9124372 0.0000000 643.8600703 -74.2652163 0.0000000 641.1908932 -62.5092190 0.0000000 636.5043451 -64.0570977 0.0000000 643.4354064 -62.2174929 0.0000000 648.4220001 -62.5195715 0.0000000 673.3549688 -64.0299647 0.0000000 668.3683751 -63.7278861 0.0000000 672.6293611 -76.0080069 0.0000000 683.3281563 -64.6341220 0.0000000 698.6628737 -75.5797952 0.0000000 701.9960327 -63.0160609 0.0000000 697.0458613 -63.6892413 0.0000000 728.6634983 -62.3994600 0.0000000 732.2404568 -58.9119484 0.0000000 720.3251805 -53.7695469 0.0000000 735.8174152 -55.4244369 0.0000000 727.4402418 -46.8324077 0.0000000 750.6514135 -33.4787355 0.0000000 753.0910199 -29.1191840 0.0000000 742.6191640 -23.2591300 0.0000000 752.3775897 -5.8209241 0.0000000 765.2890521 -7.3214266 0.0000000 748.8890350 16.7602116 0.0000000 738.0929608 9.8263924 0.0000000 742.1059068 6.8508868 0.0000000 742.8707120 6.3686124 0.0000000 731.7733913 16.4289319 0.0000000 732.5907598 14.4017707 0.0000000 734.0800149 12.8018980 0.0000000 743.0763986 21.0701455 0.0000000 730.8450434 21.0062317 0.0000000 742.7101953 22.8757426 0.0000000 730.6016164 27.0421486 0.0000000 730.7272186 22.0479927 0.0000000 742.4872727 31.7395201 0.0000000 731.4172601 38.0829781 0.0000000 730.5644632 33.2244530 0.0000000 743.1706724 35.6329612 0.0000000 731.5960302 38.8224660 0.0000000 734.5548128 48.3657924 0.0000000 738.9929868 62.6807821 0.0000000 746.3899435 86.5390982 0.0000000 688.1820046 111.5273533 0.0000000 368.6556343 122.8534491 0.0000000 223.8702477 127.9855862 0.0000000 228.8628472 127.8086160 0.0000000 229.2879384 139.8010843 0.0000000 149.4063458 142.6326083 0.0000000 144.4137463 142.8095785 0.0000000 143.9886551 130.8171102 0.0000000 324.1473296 136.4386497 0.0000000 319.1547301 136.6156199 0.0000000 318.7296389 124.6231515 0.0000000 323.7222384 124.4461813 0.0000000 314.1621305 136.7925902 0.0000000 304.1769315 137.1465307 0.0000000 303.7518403 125.1540623 0.0000000 299.1843319 137.3235009 0.0000000 294.1917324 137.5004711 0.0000000 293.7666412 125.5080028 0.0000000 289.1991329 137.6774414 0.0000000 284.2065333 137.8544116 0.0000000 283.7814421 125.8619433 0.0000000 268.8036435 126.3928540 0.0000000 278.7888426 126.0389135 0.0000000 279.2139338 138.0313819 0.0000000 264.2361352 138.5622926 0.0000000 259.2435356 138.7392629 0.0000000 258.8184444 126.7467945 0.0000000 239.2731375 139.4471439 0.0000000 224.2953389 139.9780546 0.0000000 214.3101398 140.3319951 0.0000000 199.3323412 140.8629058 0.0000000 194.3397416 141.0398761 0.0000000 198.9072500 128.8704375 0.0000000 183.9294514 129.4013482 0.0000000 173.9442523 129.7552887 0.0000000 174.3693435 141.7477571 0.0000000 159.3915449 142.2786678 0.0000000 129.0108565 131.3480209 0.0000000 134.0034560 131.1710507 0.0000000 134.4285472 143.1635190 0.0000000 129.4359477 143.3404893 0.0000000 124.4433481 143.5174595 0.0000000 124.0182569 131.5249911 0.0000000 -225.4304663 146.1952779 0.0000000 -204.9253469 157.2794097 0.0000000 -205.4679661 145.2916841 0.0000000 -200.4773410 145.0657857 0.0000000 104.4729500 144.2253405 0.0000000 99.4803504 144.4023107 0.0000000 104.0478588 132.2328721 0.0000000 94.4877509 144.5792810 0.0000000 99.0552592 132.4098424 0.0000000 -175.5242157 143.9362934 0.0000000 89.4951514 144.7562512 0.0000000 89.0700602 132.7637829 0.0000000 74.0922616 133.2946936 0.0000000 79.0848611 133.1177234 0.0000000 74.5173527 145.2871620 0.0000000 69.0996620 133.4716639 0.0000000 69.5247532 145.4641322 0.0000000 64.5321537 145.6411025 0.0000000 -105.6554649 140.7737151 0.0000000 4.1618567 135.8029287 0.0000000 9.6311576 147.5871514 0.0000000 54.1218634 134.0025746 0.0000000 59.1144629 133.8256043 0.0000000 59.5395541 145.8180727 0.0000000 -85.6929646 139.8701213 0.0000000 54.5469546 145.9950430 0.0000000 49.5543551 146.1720132 0.0000000 49.1292639 134.1795448 0.0000000 44.5617555 146.3489834 0.0000000 -65.7304644 138.9665275 0.0000000 34.1514653 134.7104556 0.0000000 39.1440648 134.5334853 0.0000000 39.5691560 146.5259537 0.0000000 29.1588657 134.8874258 0.0000000 34.5765564 146.7029239 0.0000000 24.1662662 135.0643961 0.0000000 24.5913574 147.0568644 0.0000000 19.1736666 135.2413663 0.0000000 14.1810671 135.4183366 0.0000000 14.6061583 147.4108049 0.0000000 9.1884676 135.5953068 0.0000000 9.1532738 135.5966577 0.0000000 4.1382865 135.8039492 0.0000000 -10.8335887 136.4816446 0.0000000 -145.5804653 142.5809027 0.0000000 -150.0284713 154.7945267 0.0000000 -150.5710904 142.8068012 0.0000000 -155.5617155 143.0326996 0.0000000 339.1251282 135.9077389 0.0000000 329.1399291 136.2616794 0.0000000 328.7148380 124.2692111 0.0000000 344.1177278 135.7307687 0.0000000 338.7000370 123.9152706 0.0000000 349.1103273 135.5537984 0.0000000 343.6926366 123.7383003 0.0000000 353.6778356 123.3843598 0.0000000 358.6704352 123.2073896 0.0000000 359.0955264 135.1998579 0.0000000 364.0881259 135.0228877 0.0000000 363.6630347 123.0304193 0.0000000 -250.3835916 147.3247702 0.0000000 369.0807254 134.8459175 0.0000000 -265.3554668 148.0024655 0.0000000 -274.7940978 160.4419880 0.0000000 -275.3367169 148.4542624 0.0000000 -295.2992172 149.3578562 0.0000000 -324.7003484 162.7009725 0.0000000 -340.2148427 151.3909423 0.0000000 -325.2429675 150.7132469 0.0000000 -350.1960928 151.8427392 0.0000000 -374.6065990 164.9599570 0.0000000 -380.1398432 153.1981299 0.0000000 -375.1492181 152.9722314 0.0000000 -399.5597243 166.0894493 0.0000000 -415.0742186 154.7794190 0.0000000 -400.1023434 154.1017237 0.0000000 -440.0273439 155.9089113 0.0000000 -464.9804692 157.0384035 0.0000000 -489.3909754 170.1556214 0.0000000 -489.9335945 158.1678958 0.0000000 -504.9054697 158.8455911 0.0000000 -519.8773449 159.5232865 0.0000000 -534.3066010 172.1887074 0.0000000 -534.8492201 160.2009818 0.0000000 -554.4328093 145.1309777 0.0000000 -565.7652949 141.1844895 0.0000000 -537.7099832 109.3929946 0.0000000 -529.7559218 103.3463110 0.0000000 -518.5166762 109.8759916 0.0000000 -522.4937069 112.8993333 0.0000000 -476.6059401 71.1981945 0.0000000 -471.7620982 69.9756707 0.0000000 -473.1074565 82.6915179 0.0000000 -454.2940105 77.9432443 0.0000000 -373.4040403 101.5349964 0.0000000 -377.9251355 99.4096571 0.0000000 -372.8199666 88.5497653 0.0000000 -368.8829451 103.6603357 0.0000000 -368.2988714 90.6751046 0.0000000 -359.2566810 94.9257831 0.0000000 -354.7355859 97.0511224 0.0000000 -364.3618499 105.7856749 0.0000000 -350.2144907 99.1764616 0.0000000 -345.6933955 101.3018009 0.0000000 -350.7985644 112.1616927 0.0000000 -341.1723003 103.4271402 0.0000000 -346.2774692 114.2870320 0.0000000 -341.7563741 116.4123713 0.0000000 -336.6512052 105.5524794 0.0000000 -332.5439457 107.4832771 0.0000000 -331.6014248 120.2746623 0.0000000 -331.4512544 120.3169199 0.0000000 -297.3504017 129.1844671 0.0000000 -302.2175753 128.1275302 0.0000000 -295.1783076 117.3764692 0.0000000 -291.6170954 129.7293496 0.0000000 -296.5942426 129.2987985 0.0000000 -290.5828905 117.7739985 0.0000000 -286.6399481 130.1599008 0.0000000 -285.6057433 118.2045496 0.0000000 -256.4639611 132.7620630 0.0000000 -256.7770649 132.7432075 0.0000000 -255.8991654 120.7743351 0.0000000 -251.4937548 132.9311467 0.0000000 -250.4562411 132.8764380 0.0000000 -260.7200072 120.3573053 0.0000000 -261.7542121 132.3126564 0.0000000 -204.5433890 125.9076228 0.0000000 -205.6268386 126.2430167 0.0000000 -208.6337450 114.6118947 0.0000000 -190.7142956 107.1439859 0.0000000 -186.0981359 118.2205860 0.0000000 -190.7094492 120.1423452 0.0000000 -162.9503253 108.4177930 0.0000000 -167.4965910 110.4657949 0.0000000 -162.2443851 108.0412753 0.0000000 -141.0373726 94.8429103 0.0000000 -132.5545677 89.5635643 0.0000000 -124.0717627 84.2842183 0.0000000 -111.3475552 76.3651992 0.0000000 -32.8601293 13.3836829 0.0000000 -26.5195055 23.5717392 0.0000000 -28.6187268 10.7440099 0.0000000 -24.3773243 8.1043369 0.0000000 -22.2781031 20.9320662 0.0000000 -18.0367006 18.2923932 0.0000000 -9.5538956 13.0130472 0.0000000 -13.7952981 15.6527202 0.0000000 -20.1359218 5.4646639 0.0000000 -15.8945193 2.8249909 0.0000000 -11.6531168 0.1853179 0.0000000 -1.0710906 7.7337011 0.0000000 -5.3124931 10.3733742 0.0000000 -3.1740589 -5.0916962 0.0000000 11.6528316 -0.2024610 0.0000000 3.1778025 5.0893587 0.0000000 3.1703119 5.0940281 0.0000000 -7.4117143 -2.4543551 0.0000000 22.2472850 -20.9648177 0.0000000 32.8404044 -13.4320102 0.0000000 28.6028899 -10.7861004 0.0000000 39.1973432 -31.5484571 0.0000000 45.5529481 -21.3697398 0.0000000 41.3154336 -18.7238299 0.0000000 56.1474015 -42.1320965 0.0000000 62.5030064 -31.9533792 0.0000000 58.2654918 -29.3074693 0.0000000 64.6224306 -47.4239162 0.0000000 75.2155501 -39.8911087 0.0000000 70.9780355 -37.2451988 0.0000000 77.3349743 -55.3616457 0.0000000 87.9280938 -47.8288382 0.0000000 83.6905792 -45.1829284 0.0000000 85.8100035 -60.6534654 0.0000000 96.4031229 -53.1206579 0.0000000 92.1656084 -50.4747481 0.0000000 140.8976928 -95.0502934 0.0000000 145.1352074 -97.6962032 0.0000000 147.2532977 -84.8715760 0.0000000 155.7283269 -90.1633957 0.0000000 151.4908123 -87.5174859 0.0000000 149.3727220 -100.3421130 0.0000000 181.1534143 -106.0388548 0.0000000 176.9158997 -103.3929449 0.0000000 170.5602948 -113.5716623 0.0000000 183.2728385 -121.5093918 0.0000000 187.5103531 -124.1553016 0.0000000 189.6284434 -111.3306745 0.0000000 191.7478676 -126.8012115 0.0000000 193.8659580 -113.9765843 0.0000000 195.9853822 -129.4471213 0.0000000 202.3409871 -119.2684040 0.0000000 208.2688037 -123.4963147 0.0000000 206.5785017 -121.9143138 0.0000000 199.2222178 -131.4682059 0.0000000 211.0373158 -127.3389241 0.0000000 201.9631009 -136.7667530 0.0000000 213.5304514 -133.4481107 0.0000000 211.7959785 -128.7631376 0.0000000 214.1624498 -140.0196047 0.0000000 213.8944352 -135.1982356 0.0000000 212.8219217 -147.6957622 0.0000000 213.2454406 -146.2868058 0.0000000 201.5413055 -143.5367854 0.0000000 210.8245703 -152.2302325 0.0000000 208.1450457 -157.3607320 0.0000000 208.3389153 -157.0175395 0.0000000 197.7938070 -151.2869571 0.0000000 195.9384558 -154.3331453 0.0000000 204.0339945 -163.2677485 0.0000000 205.5794014 -161.5731072 0.0000000 200.0243059 -166.2476422 0.0000000 188.8567669 -159.5960678 0.0000000 187.9952403 -175.1873232 0.0000000 196.0146174 -169.2275359 0.0000000 176.8277013 -168.5357488 0.0000000 175.9661746 -184.1270043 0.0000000 183.9855517 -178.1672169 0.0000000 164.7986357 -177.4754299 0.0000000 167.9467975 -190.0867916 0.0000000 171.9564861 -187.1068980 0.0000000 145.3123697 -194.6564250 0.0000000 141.9173857 -198.3213195 0.0000000 151.0073852 -206.1666969 0.0000000 149.0514390 -254.7122583 0.0000000 148.2594922 -249.7796942 0.0000000 137.1772858 -256.4532826 0.0000000 137.6073898 -260.5436981 0.0000000 137.0760097 -264.8182042 0.0000000 148.9843472 -266.2985749 0.0000000 147.1354623 -281.1712997 0.0000000 148.3680522 -271.2561498 0.0000000 135.2271247 -279.6909289 0.0000000 136.4597147 -269.7757791 0.0000000 146.5191673 -286.1288746 0.0000000 134.0201322 -289.4001688 0.0000000 145.9028723 -291.0864495 0.0000000 133.2554341 -293.3168304 0.0000000 144.4206070 -297.7786672 0.0000000 144.8884989 -296.3567119 0.0000000 142.2793514 -302.2922459 0.0000000 132.7415785 -320.6469982 0.0000000 135.4380837 -316.5727480 0.0000000 123.2540740 -313.2393885 0.0000000 131.4876381 -322.0196986 0.0000000 127.5874953 -325.1415979 0.0000000 116.1883977 -318.8951635 0.0000000 119.7872099 -331.3853965 0.0000000 123.6873526 -328.2634972 0.0000000 92.7875413 -337.6265593 0.0000000 89.0180608 -340.6438690 0.0000000 100.2864962 -346.9948930 0.0000000 92.0839312 -353.1948900 0.0000000 96.1194018 -350.3185250 0.0000000 85.8243699 -342.9202382 0.0000000 90.5595168 -353.9804805 0.0000000 85.8373065 -355.6108481 0.0000000 67.7544529 -349.1589707 0.0000000 66.9484653 -362.1323185 0.0000000 71.6706756 -360.5019509 0.0000000 44.3394496 -357.2431220 0.0000000 39.8479494 -358.4540086 0.0000000 42.8469696 -370.0739282 0.0000000 47.6633217 -368.7754631 0.0000000 42.5964450 -370.1357219 0.0000000 30.2239366 -360.6094157 0.0000000 27.9715356 -373.4111366 0.0000000 32.8465054 -372.3193317 0.0000000 15.9502222 -363.8061762 0.0000000 12.5648128 -376.2084371 0.0000000 17.5123221 -375.7095106 0.0000000 7.1073973 -376.3528307 0.0000000 12.1017918 -376.2371049 0.0000000 11.5917476 -364.2457022 0.0000000 -18.1425541 -364.9346800 0.0000000 -23.1369486 -365.0504058 0.0000000 -17.8645750 -376.9314599 0.0000000 -27.8533640 -377.1629115 0.0000000 -22.8589695 -377.0471857 0.0000000 -27.5487967 -365.1526334 0.0000000 -29.0101680 -377.0775626 0.0000000 -33.9296435 -376.2307710 0.0000000 -43.8099779 -374.4480843 0.0000000 -38.8936431 -375.3352263 0.0000000 -41.6790193 -362.6388076 0.0000000 -51.5116889 -360.8645236 0.0000000 -56.3810603 -359.9858560 0.0000000 -53.6426474 -372.6738003 0.0000000 -63.5454914 -370.8054815 0.0000000 -58.6527681 -371.7689634 0.0000000 -60.5560215 -359.1637168 0.0000000 -64.8404338 -370.3936512 0.0000000 -69.3991364 -368.3502227 0.0000000 -108.7985603 -336.0541360 0.0000000 -114.9705007 -346.3452561 0.0000000 -110.6861916 -348.9147043 0.0000000 -106.0015847 -351.7039596 0.0000000 -101.5415188 -353.9364771 0.0000000 -100.4259055 -341.0755065 0.0000000 -106.4018825 -351.4841526 0.0000000 -91.8429362 -345.1394253 0.0000000 -96.2847347 -343.1483988 0.0000000 -96.7513515 -356.0896518 0.0000000 -130.2201058 -323.2068949 0.0000000 -140.6763553 -330.9285668 0.0000000 -136.3920462 -333.4980150 0.0000000 -147.3573422 -312.9291021 0.0000000 -151.6416513 -310.3596538 0.0000000 -157.8135916 -320.6507739 0.0000000 -183.5194462 -305.2340846 0.0000000 -179.2351371 -307.8035328 0.0000000 -177.3475059 -294.9429645 0.0000000 -203.0533605 -279.5262752 0.0000000 -207.3376696 -276.9568270 0.0000000 -209.2253008 -289.8173952 0.0000000 -215.9062878 -271.8179305 0.0000000 -220.1905969 -269.2484823 0.0000000 -226.3625372 -279.5396024 0.0000000 -228.7592151 -264.1095858 0.0000000 -233.0435242 -261.5401376 0.0000000 -234.9311554 -274.4007059 0.0000000 -241.6121424 -256.4012412 0.0000000 -245.8964515 -253.8317930 0.0000000 -247.7840827 -266.6923613 0.0000000 -250.1807605 -251.2623447 0.0000000 -252.0683918 -264.1229130 0.0000000 -269.2056282 -253.8451201 0.0000000 -264.9213191 -256.4145684 0.0000000 -258.7493787 -246.1234483 0.0000000 -273.4899373 -251.2756719 0.0000000 -263.0336878 -243.5540001 0.0000000 -280.1709242 -233.2762072 0.0000000 -286.3428646 -243.5673273 0.0000000 -282.0585555 -246.1367755 0.0000000 -305.8483422 -217.8505274 0.0000000 -316.3299217 -225.5377805 0.0000000 -312.0540834 -228.1213004 0.0000000 -301.5778907 -220.4307925 0.0000000 -307.7674645 -230.7113185 0.0000000 -303.4862209 -233.2858591 0.0000000 -307.7782450 -230.7048202 0.0000000 -294.9114828 -238.4284308 0.0000000 -290.6271737 -240.9978790 0.0000000 -284.4552333 -230.7067590 0.0000000 -322.9516957 -207.5164480 0.0000000 -332.8516426 -215.5551314 0.0000000 -329.1574368 -217.7872209 0.0000000 -373.8648923 -212.5212708 0.0000000 -368.9113828 -211.8731100 0.0000000 -370.4682969 -199.9745378 0.0000000 -375.4218064 -200.6226987 0.0000000 -380.3753158 -201.2708595 0.0000000 -378.4261952 -213.1181119 0.0000000 -395.7391740 -205.7791745 0.0000000 -396.7763270 -218.6829649 0.0000000 -392.1432135 -217.2277145 0.0000000 -432.5586045 -241.7562180 0.0000000 -428.6713814 -238.6182465 0.0000000 -440.0397299 -232.3733601 0.0000000 -451.9282856 -240.6649657 0.0000000 -456.0881171 -243.4314022 0.0000000 -449.4430012 -253.4235209 0.0000000 -445.2831698 -250.6570844 0.0000000 -441.1233383 -247.8906479 0.0000000 -459.5831044 -258.4631942 0.0000000 -454.9627070 -256.8638075 0.0000000 -459.6109681 -245.7742240 0.0000000 -463.0300361 -246.9577611 0.0000000 -453.6028327 -256.1899574 0.0000000 -486.0808482 -250.3081569 0.0000000 -485.9052183 -262.3144844 0.0000000 -480.9564199 -262.0656678 0.0000000 -486.7578434 -262.2966690 0.0000000 -508.4161746 -260.0228019 0.0000000 -506.6562401 -260.4604481 0.0000000 -504.6401452 -248.5955080 0.0000000 -512.9876684 -258.1145446 0.0000000 -508.2124313 -247.1043453 0.0000000 -513.2893135 -257.9787486 0.0000000 -512.5606194 -245.0008299 0.0000000 -522.2835898 -253.6276030 0.0000000 -517.7864516 -255.8031758 0.0000000 -529.2601118 -236.4445681 0.0000000 -540.5952167 -242.4020911 0.0000000 -536.8736921 -245.7349012 0.0000000 -536.0345859 -246.3634085 0.0000000 -532.5896437 -233.4628069 0.0000000 -544.3167413 -239.0692809 0.0000000 -551.0376196 -216.8862976 0.0000000 -559.2115932 -225.6727536 0.0000000 -555.5192697 -229.0365676 0.0000000 -559.3929826 -225.5004465 0.0000000 -562.9424957 -221.9850055 0.0000000 -561.5972607 -206.4280194 0.0000000 -576.9671377 -208.0949875 0.0000000 -570.0415220 -214.9541236 0.0000000 -597.8852756 -183.5203106 0.0000000 -602.7765301 -182.5160081 0.0000000 -601.0582689 -195.1191538 0.0000000 -612.5935795 -180.5389215 0.0000000 -614.9626792 -192.3027375 0.0000000 -610.0652703 -193.2890203 0.0000000 -656.0572319 -196.9176858 0.0000000 -651.6411106 -195.5300004 0.0000000 -659.6545885 -185.4695844 0.0000000 -683.7107256 -193.3466269 0.0000000 -684.1418579 -193.5300802 0.0000000 -679.2277854 -204.4802792 0.0000000 -683.5328010 -206.5141635 0.0000000 -688.6588554 -195.6641144 0.0000000 -715.2081420 -212.5482524 0.0000000 -710.7221686 -224.7479823 0.0000000 -707.0561472 -221.3542152 0.0000000 -745.8895357 -299.9521857 0.0000000 -734.4737796 -292.8434702 0.0000000 -746.4590583 -293.4421774 0.0000000 -746.4654690 -293.2959538 0.0000000 -746.7813100 -283.3094770 0.0000000 -746.6233895 -288.3027154 0.0000000 -734.6293866 -287.9233826 0.0000000 -746.4477497 -272.6290912 0.0000000 -746.9154234 -277.5600481 0.0000000 -734.5398053 -274.1674801 0.0000000 -746.3164529 -271.8273196 0.0000000 -740.5364101 -247.4535068 0.0000000 -741.7399337 -252.2905092 0.0000000 -729.1283616 -251.3030585 0.0000000 -739.7716823 -245.6743514 0.0000000 -716.2701875 -231.1556632 0.0000000 -726.2270068 -224.4570736 0.0000000 -726.3336548 -224.6183871 0.0000000 -713.8937132 -227.6839946 0.0000000 -722.5401848 -219.3357867 0.0000000 -723.4152851 -220.3495746 0.0000000 -718.8741634 -215.9420195 0.0000000 -697.6928505 -199.9321827 0.0000000 -702.2098481 -202.0662168 0.0000000 -696.7295799 -212.7489193 0.0000000 -692.5667961 -210.7822318 0.0000000 -688.0497986 -208.6481977 0.0000000 -693.1758530 -197.7981485 0.0000000 -674.9528182 -202.8552785 0.0000000 -679.0516989 -191.5756374 0.0000000 -673.9525088 -189.9624446 0.0000000 -678.7184823 -191.4600646 0.0000000 -670.3551522 -201.4105460 0.0000000 -654.1781267 -183.7955199 0.0000000 -654.8886151 -183.9719644 0.0000000 -649.2680944 -182.8899947 0.0000000 -647.1197516 -194.6961556 0.0000000 -649.2119724 -182.8799200 0.0000000 -622.4419042 -178.6015573 0.0000000 -624.6056050 -178.5833051 0.0000000 -623.6249926 -190.5936430 0.0000000 -617.5439055 -179.5422290 0.0000000 -619.8336531 -191.3217783 0.0000000 -617.4909885 -179.5526386 0.0000000 -605.1789813 -194.2730638 0.0000000 -602.7987616 -182.5114872 0.0000000 -607.6961705 -181.5252043 0.0000000 -592.7980784 -199.2066379 0.0000000 -587.4759468 -188.4514106 0.0000000 -588.3205562 -201.4223012 0.0000000 -582.9984246 -190.6670738 0.0000000 -572.8425127 -195.8841222 0.0000000 -574.0433802 -195.0984004 0.0000000 -580.0132673 -205.5330915 0.0000000 -569.0564842 -199.0682977 0.0000000 -568.6962869 -199.3971375 0.0000000 -536.3111683 -230.1299968 0.0000000 -540.0326929 -226.7971867 0.0000000 -500.5789678 -248.9702728 0.0000000 -501.6816409 -260.9195034 0.0000000 -496.7070417 -261.3785586 0.0000000 -491.7324426 -261.8376138 0.0000000 -495.6043686 -249.4293280 0.0000000 -490.6297695 -249.8883832 0.0000000 -475.3449026 -261.1718737 0.0000000 -477.3145541 -249.3346243 0.0000000 -428.4344965 -223.0050034 0.0000000 -432.3217195 -226.1429749 0.0000000 -424.7841583 -235.4802749 0.0000000 -420.8969353 -232.3423034 0.0000000 -417.3824529 -229.5052277 0.0000000 -410.6763426 -211.9290958 0.0000000 -415.0310267 -214.3773799 0.0000000 -409.1501286 -224.8375442 0.0000000 -419.3857108 -216.8256640 0.0000000 -419.4255406 -216.8482575 0.0000000 -413.4848547 -227.2746075 0.0000000 -404.7954445 -222.3892601 0.0000000 -400.8636427 -220.1787283 0.0000000 -400.7693301 -207.3659259 0.0000000 -405.4431898 -209.0763364 0.0000000 -400.5053300 -207.2762133 0.0000000 -382.7327630 -214.2719133 0.0000000 -385.9616202 -202.7137648 0.0000000 -386.2068619 -202.7850969 0.0000000 -381.1495974 -201.4245435 0.0000000 -364.4640957 -211.2911877 0.0000000 -360.1148201 -211.4637732 0.0000000 -359.5230303 -199.4778123 0.0000000 -355.2501326 -211.8456964 0.0000000 -350.3810615 -212.2279637 0.0000000 -354.3109112 -199.8825085 0.0000000 -349.3305015 -200.2735170 0.0000000 -345.7003973 -212.7713357 0.0000000 -340.9420063 -213.5937961 0.0000000 -338.8981809 -201.7691279 0.0000000 -336.4540118 -214.3695199 0.0000000 -333.9754385 -202.6199954 0.0000000 -328.4546637 -204.3690518 0.0000000 -333.1216103 -202.8330667 0.0000000 -327.2275341 -204.9329281 0.0000000 -324.8815985 -220.3707408 0.0000000 -318.6758573 -210.0999678 0.0000000 -310.1241806 -215.2670076 0.0000000 -288.7395424 -228.1373107 0.0000000 -293.0238515 -225.5678625 0.0000000 -275.8866151 -235.8456554 0.0000000 -271.6023060 -238.4151036 0.0000000 -267.3179969 -240.9845518 0.0000000 -243.4997736 -269.2618095 0.0000000 -237.3278333 -258.9706894 0.0000000 -211.6219787 -274.3873787 0.0000000 -222.0782281 -282.1090506 0.0000000 -213.5096099 -287.2479470 0.0000000 -204.9409917 -292.3868435 0.0000000 -198.7690514 -282.0957234 0.0000000 -200.6566826 -294.9562917 0.0000000 -194.4847423 -284.6651716 0.0000000 -190.2004332 -287.2346198 0.0000000 -196.3723735 -297.5257399 0.0000000 -173.0631968 -297.5124127 0.0000000 -166.3822098 -315.5118775 0.0000000 -162.0979007 -318.0813257 0.0000000 -160.2102695 -305.2207574 0.0000000 -153.5292825 -323.2202221 0.0000000 -144.9606644 -328.3591186 0.0000000 -138.7887240 -318.0679985 0.0000000 -143.0730331 -315.4985503 0.0000000 -134.5044149 -320.6374467 0.0000000 -123.5391189 -341.2063597 0.0000000 -117.3671785 -330.9152396 0.0000000 -82.7255312 -349.2262823 0.0000000 -87.6339464 -360.1765088 0.0000000 -73.6081262 -353.3131392 0.0000000 -78.1668287 -351.2697108 0.0000000 -83.0752439 -362.2199372 0.0000000 -78.5165414 -364.2633657 0.0000000 -73.9578389 -366.3067942 0.0000000 -64.4907212 -357.3999962 0.0000000 -69.0494237 -355.3565677 0.0000000 -31.8701652 -364.4087942 0.0000000 -13.1481597 -364.8189541 0.0000000 -12.8701806 -376.8157340 0.0000000 1.8350237 -364.4717766 0.0000000 -3.1593707 -364.5875025 0.0000000 -2.8813916 -376.5842824 0.0000000 6.8294182 -364.3560508 0.0000000 25.3489668 -361.7012206 0.0000000 20.4739970 -362.7930255 0.0000000 37.7214752 -371.2275268 0.0000000 35.0989064 -359.5176108 0.0000000 58.3100323 -352.4197059 0.0000000 53.5878220 -354.0500735 0.0000000 62.2262550 -363.7626861 0.0000000 63.0322426 -350.7893383 0.0000000 81.1150962 -357.2412157 0.0000000 77.1988735 -345.8982355 0.0000000 72.4766632 -347.5286031 0.0000000 108.3881123 -325.1389621 0.0000000 104.4879695 -328.2608614 0.0000000 111.9869244 -337.6291951 0.0000000 112.2882550 -322.0170628 0.0000000 145.8375138 -291.4960092 0.0000000 134.0353915 -236.8842967 0.0000000 134.8273383 -241.8168609 0.0000000 145.9029684 -235.1023130 0.0000000 145.4323712 -231.1524753 0.0000000 146.1243457 -227.0820176 0.0000000 134.2940740 -225.0708810 0.0000000 135.9685915 -215.2207305 0.0000000 135.1313328 -220.1458058 0.0000000 146.9616045 -222.1569423 0.0000000 147.7988633 -217.2318671 0.0000000 148.6361221 -212.3067918 0.0000000 138.6292742 -202.9548551 0.0000000 137.6431091 -205.3705800 0.0000000 149.2493720 -208.6994222 0.0000000 141.3900428 -198.9774853 0.0000000 148.7073538 -190.9915305 0.0000000 154.1156257 -202.8113428 0.0000000 160.6239464 -195.7855930 0.0000000 156.5589789 -183.6070260 0.0000000 152.7047610 -186.7601695 0.0000000 164.0492492 -192.9833457 0.0000000 156.7792586 -183.4352173 0.0000000 157.5106097 -199.1464483 0.0000000 168.8083242 -174.4955362 0.0000000 180.8373898 -165.5558552 0.0000000 192.8664555 -156.6161741 0.0000000 153.6102365 -102.9880229 0.0000000 159.9658414 -92.8093056 0.0000000 143.0157832 -82.2256662 0.0000000 138.7782686 -79.5797563 0.0000000 136.6601783 -92.4043835 0.0000000 134.5407540 -76.9338465 0.0000000 128.1851491 -87.1125638 0.0000000 130.3032395 -74.2879367 0.0000000 123.9476346 -84.4666540 0.0000000 121.8282103 -68.9961170 0.0000000 115.4726054 -79.1748343 0.0000000 117.5906958 -66.3502071 0.0000000 109.1156666 -61.0583874 0.0000000 111.2350909 -76.5289244 0.0000000 98.5225472 -68.5911949 0.0000000 102.7600617 -71.2371048 0.0000000 94.2850326 -65.9452851 0.0000000 104.8781521 -58.4124776 0.0000000 81.5724889 -58.0075555 0.0000000 79.4530647 -42.5370185 0.0000000 68.8599452 -50.0698260 0.0000000 73.0974598 -52.7157359 0.0000000 60.3849161 -44.7780063 0.0000000 47.6723724 -36.8402768 0.0000000 51.9098869 -39.4861866 0.0000000 34.9598287 -28.9025473 0.0000000 26.4847995 -23.6107276 0.0000000 24.3653753 -8.1401906 0.0000000 13.7722558 -15.6729980 0.0000000 18.0097704 -18.3189079 0.0000000 5.2972267 -10.3811783 0.0000000 9.5347412 -13.0270882 0.0000000 -56.2093229 42.0494502 0.0000000 -62.5499466 31.8613939 0.0000000 -64.6921279 47.3287962 0.0000000 -81.6577378 57.8874882 0.0000000 -121.9295814 68.8168160 0.0000000 -151.6193988 87.2945270 0.0000000 -210.4867657 127.2562826 0.0000000 -225.7197660 129.4064211 0.0000000 -302.4943540 128.0605103 0.0000000 -299.5318674 116.4310667 0.0000000 -418.7585687 82.0772686 0.0000000 -414.6792539 70.7919157 0.0000000 -424.0756928 67.3953864 0.0000000 -435.5085624 65.9120977 0.0000000 -445.7585801 65.0729677 0.0000000 -495.6774563 80.9354884 0.0000000 -525.7788911 100.3229693 0.0000000 -545.2849554 131.6395042 0.0000000 -554.4750846 155.9312480 0.0000000 -552.6281322 157.8056054 0.0000000 -550.8609731 170.6760852 0.0000000 -555.6929904 169.4076307 0.0000000 -509.8960948 159.0714896 0.0000000 -504.3628506 170.8333167 0.0000000 -414.5315995 166.7671446 0.0000000 -385.1304683 153.4240283 0.0000000 -379.5972241 165.1858555 0.0000000 -310.2710924 150.0355516 0.0000000 -304.7378482 161.7973787 0.0000000 -245.3929666 147.0988717 0.0000000 -179.9722216 156.1499174 0.0000000 -165.5429656 143.4844965 0.0000000 -165.0003465 155.4722221 0.0000000 -130.0659710 153.8909329 0.0000000 -95.6742147 140.3219182 0.0000000 -95.1315956 152.3096438 0.0000000 -55.7492142 138.5147306 0.0000000 -40.2347199 149.8247608 0.0000000 158.9664537 130.2861994 0.0000000 213.8850486 128.3395267 0.0000000 218.8776481 128.1625565 0.0000000 384.0585241 134.3150067 0.0000000 433.5594282 120.5528359 0.0000000 478.9179153 130.9525720 0.0000000 498.8883134 130.2446911 0.0000000 508.4484213 117.8982822 0.0000000 533.8365102 129.0058993 0.0000000 553.3818171 116.3055500 0.0000000 553.8069083 128.2980183 0.0000000 563.7921074 127.9440779 0.0000000 638.2560093 113.2970558 0.0000000 678.1968056 111.8812938 0.0000000 698.9190639 123.0986088 0.0000000 743.6966908 119.0352376 0.0000000 759.3311034 87.7571910 0.0000000 753.8600443 -0.2184813 0.0000000 757.3617314 12.8581020 0.0000000 757.9702328 -20.4000810 0.0000000 737.7399511 -31.9782329 0.0000000 706.5321560 -62.3991874 0.0000000 708.5632165 -74.2334343 0.0000000 703.6130451 -74.9066147 0.0000000 693.6466192 -76.2615889 0.0000000 647.6963924 -74.4976137 0.0000000 617.4982176 -97.5957327 0.0000000 648.5770167 -176.5047602 0.0000000 652.8536874 -179.0869019 0.0000000 671.7189509 -178.9747489 0.0000000 679.4570467 -194.8291250 0.0000000 661.6641579 -205.2790277 0.0000000 616.2194189 -250.2083307 0.0000000 620.4282927 -247.5170950 0.0000000 571.8245981 -274.1293405 0.0000000 558.5902113 -281.1626416 0.0000000 536.5329000 -292.8848100 0.0000000 514.4755887 -304.6069785 0.0000000 403.0714943 -336.8407350 0.0000000 426.0186043 -340.9331720 0.0000000 383.8733196 -356.8408759 0.0000000 332.8290924 -362.6909810 0.0000000 351.6015530 -355.8417021 0.0000000 271.8185955 -384.9511375 0.0000000 173.2258917 -416.5942274 0.0000000 158.4360344 -419.0183642 0.0000000 160.3769995 -430.8603512 0.0000000 178.1558441 -415.7861818 0.0000000 155.4470471 -431.6683968 0.0000000 143.6461771 -421.4425011 0.0000000 130.7972849 -435.7086248 0.0000000 135.7272374 -434.9005792 0.0000000 44.2072761 -432.6593482 0.0000000 14.6457406 -427.7014368 0.0000000 -54.5049952 -395.6199775 0.0000000 -58.1421068 -407.0555109 0.0000000 -81.9239550 -398.8356573 0.0000000 -110.8777418 -375.8676847 0.0000000 -119.6214981 -385.4855896 0.0000000 -114.9173339 -387.1673173 0.0000000 -138.4381549 -378.7586790 0.0000000 -347.5565789 -349.3994404 0.0000000 -392.4146502 -350.9959834 0.0000000 -442.3509730 -352.4453011 0.0000000 -483.2440094 -364.6317576 0.0000000 -472.3127667 -353.3148917 0.0000000 -588.5149902 -330.9987176 0.0000000 -595.8892659 -341.7028021 0.0000000 -591.0019990 -342.7381719 0.0000000 -689.0931279 -325.2524023 0.0000000 -687.2865411 -337.1186587 0.0000000 -730.1242788 -309.4824096 0.0000000 -669.1240675 -320.8739362 0.0000000 -669.8448282 -320.9881581 0.0000000 -372.0919879 -362.4112055 0.0000000 -312.6163920 -347.9522360 0.0000000 -191.4391565 -348.3431565 0.0000000 -186.6765891 -349.8515732 0.0000000 -181.9140218 -351.3599900 0.0000000 -166.5342829 -368.8186149 0.0000000 -162.8637525 -357.3936571 0.0000000 -134.3985628 -367.4590465 0.0000000 -77.9330086 -387.5187519 0.0000000 46.1921337 -420.8246390 0.0000000 79.9995137 -423.8715222 0.0000000 104.9762998 -424.1787211 0.0000000 195.8385249 -424.6737469 0.0000000 285.3179016 -392.7995902 0.0000000 299.9772864 -374.6772191 0.0000000 304.0903622 -385.9503113 0.0000000 327.5559379 -377.3887127 0.0000000 355.7146288 -367.1147943 0.0000000 412.4072247 -333.2807332 0.0000000 435.3543347 -337.3731702 0.0000000 463.7537418 -313.7007233 0.0000000 490.9858737 -301.9881922 0.0000000 597.0733895 -247.1217565 0.0000000 613.9638128 -237.4071741 0.0000000 631.1054624 -165.6548435 0.0000000 631.3662404 -165.8392833 0.0000000 619.1040763 -156.6780372 0.0000000 626.4996208 -147.2242882 0.0000000 614.5952360 -115.2778005 0.0000000 602.6321497 -116.2230204 0.0000000 617.2701864 -75.4994408 0.0000000 628.8746931 -80.8571569 0.0000000 640.4475275 -75.3923150 0.0000000 636.1489183 -64.1870574 0.0000000 747.2505059 4.0482866 0.0000000 730.4760142 32.0363044 0.0000000 733.0754215 43.5941292 0.0000000 743.4311609 76.9957717 0.0000000 263.8110440 126.5698243 0.0000000 288.7740417 125.6849730 0.0000000 269.2287347 138.3853224 0.0000000 254.2509361 138.9162331 0.0000000 233.8554468 127.6316457 0.0000000 203.8998495 128.6934672 0.0000000 168.9516528 129.9322589 0.0000000 138.9960555 130.9940804 0.0000000 119.4507486 143.6944298 0.0000000 119.0256574 131.7019614 0.0000000 109.0404583 132.0559019 0.0000000 114.0330579 131.8789316 0.0000000 109.4655495 144.0483702 0.0000000 94.0626597 132.5868126 0.0000000 -115.6367150 141.2255120 0.0000000 -80.7023396 139.6442229 0.0000000 44.1366643 134.3565151 0.0000000 29.5839569 146.8798942 0.0000000 19.5987578 147.2338347 0.0000000 84.0774606 132.9407531 0.0000000 84.5025518 144.9332215 0.0000000 348.6852361 123.5613301 0.0000000 -259.8222226 159.7642926 0.0000000 -260.3648417 147.7765671 0.0000000 253.8258449 126.9237647 0.0000000 -305.2804673 149.8096531 0.0000000 -454.9992191 156.5866066 0.0000000 -494.9242196 158.3937942 0.0000000 -510.5626148 103.8293080 0.0000000 -468.8255362 81.6108159 0.0000000 -459.1378524 79.1657682 0.0000000 -359.8407548 107.9110142 0.0000000 -336.3829051 118.8618313 0.0000000 -235.6143560 130.7944279 0.0000000 -240.5616511 131.4884313 0.0000000 -186.1029823 105.2222266 0.0000000 -181.4868226 116.2988267 0.0000000 -172.3476693 99.4897166 0.0000000 -167.6528828 110.5335491 0.0000000 -153.7615801 102.7619293 0.0000000 -145.2787751 97.4825833 0.0000000 -115.5889577 79.0048723 0.0000000 -30.7609080 26.2114122 0.0000000 66.7405210 -34.5992890 0.0000000 20.1278607 -5.4942807 0.0000000 37.0779190 -16.0779201 0.0000000 43.4348578 -34.1943669 0.0000000 49.7904627 -24.0156496 0.0000000 174.7978094 -116.2175721 0.0000000 198.1034725 -116.6224942 0.0000000 200.8251385 -133.6930104 0.0000000 202.1433886 -140.0099844 0.0000000 214.0861323 -141.3623154 0.0000000 199.9231274 -147.2104407 0.0000000 210.6518575 -152.5894850 0.0000000 136.4112318 -251.6819891 0.0000000 134.6108298 -284.6485039 0.0000000 125.1962489 -310.3048842 0.0000000 120.0885405 -315.7732642 0.0000000 96.3863535 -350.1167923 0.0000000 76.3928859 -358.8715833 0.0000000 48.0596241 -368.6537888 0.0000000 23.0965658 -374.5029415 0.0000000 18.2215960 -375.5947464 0.0000000 -36.7626845 -363.5259497 0.0000000 -48.7263127 -373.5609423 0.0000000 -46.5953541 -361.7516656 0.0000000 -58.5589822 -371.7866582 0.0000000 -101.3100540 -354.0462233 0.0000000 -125.9357967 -325.7763432 0.0000000 -132.1077371 -336.0674632 0.0000000 -127.8234280 -338.6369115 0.0000000 -149.2449735 -325.7896703 0.0000000 -164.4945786 -302.6513092 0.0000000 -185.9161241 -289.8040681 0.0000000 -230.6468463 -276.9701541 0.0000000 -224.4749060 -266.6790341 0.0000000 -239.2154645 -271.8312577 0.0000000 -256.3527009 -261.5534648 0.0000000 -260.6370100 -258.9840166 0.0000000 -277.7742464 -248.7062237 0.0000000 -297.3050996 -223.0002501 0.0000000 -303.4801010 -233.2895344 0.0000000 -299.1957919 -235.8589826 0.0000000 -314.4000190 -212.6834877 0.0000000 -320.6057601 -222.9542607 0.0000000 -447.7684542 -237.8985292 0.0000000 -460.5609622 -258.7119095 0.0000000 -480.2728827 -261.9918618 0.0000000 -481.9028833 -250.0980964 0.0000000 -531.8286303 -248.9734338 0.0000000 -548.0382659 -235.7364708 0.0000000 -547.4566917 -220.1486270 0.0000000 -555.4813151 -229.0708506 0.0000000 -554.4982345 -213.4589014 0.0000000 -566.4920089 -218.4695646 0.0000000 -596.4309912 -184.0200840 0.0000000 -746.1802850 -298.4140940 0.0000000 -734.7873071 -282.9301442 0.0000000 -741.7593578 -252.3709381 0.0000000 -730.0849975 -255.1478108 0.0000000 -644.2906989 -182.0205970 0.0000000 -637.3052896 -192.9824137 0.0000000 -639.3694255 -181.1612740 0.0000000 -558.0477476 -209.9434604 0.0000000 -551.7597905 -232.4036607 0.0000000 -543.7542175 -223.4643765 0.0000000 -406.3216585 -209.4808117 0.0000000 -423.7587717 -219.3281932 0.0000000 -349.1082267 -200.2951365 0.0000000 -343.8209233 -200.9182604 0.0000000 -254.4650696 -248.6928965 0.0000000 -217.7939190 -284.6784988 0.0000000 -192.0880644 -300.0951881 0.0000000 -170.6665189 -312.9424292 0.0000000 -155.9259604 -307.7902056 0.0000000 -104.5142512 -338.6235843 0.0000000 2.1130029 -376.4685565 0.0000000 81.9210838 -344.2678679 0.0000000 115.8870671 -334.5072958 0.0000000 136.8058503 -210.2956552 0.0000000 160.7889471 -180.4553236 0.0000000 152.1023379 -187.3266360 0.0000000 100.6406375 -55.7665678 0.0000000 30.7223141 -26.2566374 0.0000000 -242.2286811 119.6047866 0.0000000 -419.3774733 69.0936510 0.0000000 -446.3075745 77.0612982 0.0000000 -533.7329525 106.3696528 0.0000000 -519.3347258 171.5110121 0.0000000 -429.5034747 167.4448400 0.0000000 -229.8784722 158.4089019 0.0000000 588.3300139 115.0667583 0.0000000 733.7461070 119.9382089 0.0000000 744.5371900 40.0405588 0.0000000 692.1287076 -64.3579317 0.0000000 693.7127024 -76.2529756 0.0000000 658.3951876 -63.1237288 0.0000000 664.2077636 -172.0393389 0.0000000 666.5386244 -193.3897729 0.0000000 671.3027268 -212.4273242 0.0000000 407.3471436 -348.0531756 0.0000000 393.3321294 -353.3892233 0.0000000 370.3740136 -348.9924232 0.0000000 153.5060820 -419.8264098 0.0000000 104.8287184 -436.1778135 0.0000000 74.8565751 -435.8091749 0.0000000 21.5575208 -416.6930462 0.0000000 19.5726631 -428.5277553 0.0000000 -387.0728847 -362.8460008 0.0000000 -437.0092076 -364.2953184 0.0000000 -561.5854588 -348.7665862 0.0000000 -686.7592013 -337.0262964 0.0000000 -741.2085777 -314.1896346 0.0000000 -167.6263199 -355.8852403 0.0000000 89.9902281 -423.9944017 0.0000000 323.4428621 -366.1156205 0.0000000 374.4870893 -360.2655154 0.0000000 445.0822810 -320.8207269 0.0000000 601.4848518 -244.7773228 0.0000000 649.8904095 -228.6784449 0.0000000 643.4259296 -218.5685240 0.0000000 602.6484612 -116.4106939 0.0000000 620.7979766 -71.9622011 0.0000000 745.2402708 19.4656849 0.0000000 313.7370393 124.8001218 0.0000000 234.2805379 139.6241141 0.0000000 219.3027393 140.1550248 0.0000000 139.4211467 142.9865488 0.0000000 -230.4210914 146.4211764 0.0000000 114.4581490 143.8714000 0.0000000 -180.5148408 144.1621919 0.0000000 64.1070625 133.6486341 0.0000000 -20.8148388 136.9334415 0.0000000 354.1029268 135.3768282 0.0000000 -425.0554688 155.2312159 0.0000000 -477.6922509 71.5867653 0.0000000 -355.3196596 110.0363535 0.0000000 -337.2352789 118.5377105 0.0000000 -210.8778810 127.3244110 0.0000000 54.0279773 -26.6615595 0.0000000 15.8903462 -2.8483709 0.0000000 149.6006422 -261.3410000 0.0000000 135.8555843 -315.8329821 0.0000000 52.7818344 -367.0234213 0.0000000 -436.9635069 -245.1242113 0.0000000 -443.7788039 -235.2452692 0.0000000 -525.7687039 -238.6111776 0.0000000 -531.2778661 -249.2764574 0.0000000 -669.1865354 -188.4648245 0.0000000 -665.5891788 -199.9129259 0.0000000 -583.8430340 -203.6379645 0.0000000 -578.5209024 -192.8827371 0.0000000 -387.3770575 -215.7306757 0.0000000 -390.9730179 -204.2821357 0.0000000 -359.2913210 -199.4915001 0.0000000 -344.1509506 -200.8706201 0.0000000 -121.6514876 -328.3457914 0.0000000 -8.1537652 -364.7032283 0.0000000 133.4568152 -229.9959563 0.0000000 133.4140884 -231.7113647 0.0000000 132.4226637 -89.7584737 0.0000000 90.0475180 -63.2993752 0.0000000 -445.4661489 65.0899379 0.0000000 438.9771190 132.3683340 0.0000000 748.2118070 -37.8382869 0.0000000 728.5851083 -62.4745189 0.0000000 663.3327891 -171.3962714 0.0000000 637.2637880 -236.7521521 0.0000000 257.7392501 -390.0880967 0.0000000 99.8333612 -436.1163737 0.0000000 -34.3309510 -414.6158756 0.0000000 -740.2811964 -315.9520831 0.0000000 -648.6420022 -332.4291946 0.0000000 -222.2735891 -356.2205730 0.0000000 647.6348034 -215.8772883 0.0000000 747.8693349 91.3107614 0.0000000 193.9146505 129.0474077 0.0000000 -290.3085921 149.1319578 0.0000000 -266.7313593 131.8821053 0.0000000 -172.2641961 112.4553083 0.0000000 172.6783851 -100.7470351 0.0000000 149.6135769 -259.9733784 0.0000000 137.9968400 -311.3194034 0.0000000 96.6876841 -334.5046600 0.0000000 48.8656117 -355.6804411 0.0000000 -436.6312405 -244.8865403 0.0000000 -734.9332458 -278.3157531 0.0000000 -642.2265631 -193.8417366 0.0000000 134.0016590 -236.6429894 0.0000000 -423.4567881 80.3790039 0.0000000 383.6334329 122.3225383 0.0000000 747.8180703 3.7845411 0.0000000 659.0561183 -168.8141296 0.0000000 180.0968092 -427.6281687 0.0000000 75.0041565 -423.8100824 0.0000000 -387.4210179 -350.8510517 0.0000000 -737.2628294 -319.9133955 0.0000000 298.7592407 125.3310325 0.0000000 -40.7773391 137.8370353 0.0000000 -265.6971544 119.9267542 0.0000000 -176.8803558 101.3787082 0.0000000 166.3227802 -110.9257524 0.0000000 57.5040447 -365.3930537 0.0000000 -33.9773083 -376.2223684 0.0000000 -432.6725607 -241.8459563 0.0000000 -746.9392305 -278.3162386 0.0000000 -424.5472734 -219.8670318 0.0000000 104.1866389 -343.8729937 0.0000000 602.7048339 -257.7183047 0.0000000 -382.0792524 -362.7010690 0.0000000 -677.0042476 -334.8651963 0.0000000 -130.6085902 141.9032074 0.0000000 157.8477511 -105.6339327 0.0000000 -672.1267708 -333.7846462 0.0000000 79.5099523 145.1101917 0.0000000 164.2033560 -95.4552154 0.0000000 742.5978231 27.3438512 0.0000000 275.9316713 -396.2242297 0.0000000 -674.7223050 -322.0687082 0.0000000 -734.0940669 -323.9180073 0.0000000 -430.0460938 155.4571144 0.0000000 -436.2089426 -229.2809465 0.0000000 -39.2437130 31.4907582 0.0000000 -564.0999920 -336.0137633 0.0000000 378.6408333 122.4995086 0.0000000 -703.3901258 -217.9604480 0.0000000 -711.5421206 -209.1544852 0.0000000 -700.1105540 -214.9244311 0.0000000 -707.8760991 -205.7607180 0.0000000 -707.0467890 -205.1180060 0.0000000 -702.8935081 -202.4455480 0.0000000 -382.4273856 -350.7061199 0.0000000 -297.1454182 -359.3217253 0.0000000 -292.6505709 -347.1252621 0.0000000 -190.2998800 -361.2914929 0.0000000 -115.5819060 -374.1859571 0.0000000 -517.0577575 -242.8252571 0.0000000 -96.0580202 -393.8512296 0.0000000 -92.0670738 -382.5343242 0.0000000 -63.7989435 -392.5031796 0.0000000 79.8519323 -435.8706147 0.0000000 -365.5147874 -199.3263770 0.0000000 -364.4984290 -199.2803813 0.0000000 183.0857965 -414.9781362 0.0000000 308.7834773 -384.2379916 0.0000000 -7.8757861 -376.7000082 0.0000000 454.4180114 -317.2607251 0.0000000 495.8583285 -312.9544671 0.0000000 108.0867817 -340.7510944 0.0000000 100.5878268 -331.3827607 0.0000000 127.1550031 -306.1760025 0.0000000 131.4375145 -297.1488450 0.0000000 149.0944123 -255.0359695 0.0000000 674.2744932 -208.4116085 0.0000000 664.6285476 -201.2732801 0.0000000 147.4675454 -244.8471301 0.0000000 135.6192850 -246.7494250 0.0000000 146.6755986 -239.9145659 0.0000000 646.2261062 -161.0677043 0.0000000 640.0236753 -171.3404766 0.0000000 619.9519550 -136.9833384 0.0000000 606.9718644 -137.8353112 0.0000000 607.1529303 -89.2995267 0.0000000 608.8324060 -84.7378798 0.0000000 610.2146060 -82.5739203 0.0000000 -227.3867961 117.5227765 0.0000000 -270.6743016 119.4962030 0.0000000 723.8632833 -50.3199193 0.0000000 -312.1466541 125.4793135 0.0000000 740.1795575 -27.6186814 0.0000000 -363.7777762 92.8004438 0.0000000 -377.3410618 86.4244260 0.0000000 -436.4959965 77.8714026 0.0000000 -462.0744145 67.5306230 0.0000000 -482.1894960 73.7029234 0.0000000 -526.4707376 115.9226751 0.0000000 -547.8140831 159.0693432 0.0000000 -552.8059527 140.4593993 0.0000000 -564.1223275 136.4666482 0.0000000</float_array><technique_common><accessor source="#positions-array" count="2144" stride="3"><param name="X" type="float" /><param name="Y" type="float" /><param name="Z" type="float" /></accessor></technique_common></source><source id="uv"><float_array id="uv-array" count="4288">-20.6714671 9.3315144 -18.5507659 8.0116779 -17.5011553 14.4255426 -22.7921684 10.6513509 -35.5163758 18.5703700 -33.3956746 17.2505335 -30.2253627 22.3445616 -43.9991808 23.8497160 -41.8784795 22.5298795 -38.7081677 27.6239076 -50.3612845 27.8092255 -47.1909727 32.9032536 -54.6026870 30.4488985 -52.4819857 29.1290620 -49.3116739 34.2230901 -51.4323751 35.5429266 -53.5530764 36.8627631 -58.8440895 33.0885715 -56.7233882 31.7687350 -59.9151801 40.8222726 -65.2061932 37.0480810 -63.0854920 35.7282445 -64.1565826 43.4619456 -69.4475957 39.6877540 -67.3268944 38.3679175 -68.3979851 46.1016186 -73.6889982 42.3274270 -71.5682969 41.0075905 -74.7600888 50.0611281 -80.0511019 46.2869365 -77.9304007 44.9671000 -79.0014913 52.7008011 -84.1223092 48.8206871 -82.1718031 47.6067730 -97.6603812 61.0320522 -99.9684611 55.4937521 -97.6628044 54.5328725 -99.9660379 61.9929318 -102.2741177 56.4546318 -111.2197505 58.4143865 -106.3707981 57.7341786 -110.3862355 64.3562089 -115.3335305 65.0502123 -118.6406931 59.4553916 -116.1670455 59.1083899 -122.7544730 66.0912173 -125.8034458 60.4601780 -123.5879881 60.1493950 -135.8542533 65.7257771 -138.3428269 65.5105015 -137.8257244 59.5328260 -140.8314005 65.2952259 -140.3142980 59.3175504 -154.5232868 56.9433325 -152.1102118 57.5886317 -153.6602520 63.3849560 -161.7625119 55.0074349 -159.3494369 55.6527341 -160.8994771 61.4490584 -163.3125521 60.8037591 -164.1379070 54.3722120 -191.2231153 48.6421589 -193.4836629 47.5794893 -190.9310785 42.1495434 -195.7442105 46.5168197 -193.1916261 41.0868738 -195.4521736 40.0242041 -198.0047581 45.4541500 -197.7127212 38.9615345 -200.1764721 44.4332405 -202.3702787 43.5721785 -200.2160413 37.9720962 -202.6414075 37.0942225 -200.2922978 37.9433548 -204.6810649 42.7368990 -204.9905172 36.2450902 -207.0301746 41.8877666 -197.8929282 38.8839106 -213.7970429 39.4417478 -215.0673057 33.1845185 -212.6132376 33.5521348 -215.8577714 39.1330532 -215.2648846 33.1615888 -225.1361503 38.4641080 -228.6152863 33.1540496 -226.1933654 32.5427877 -225.3585819 32.4532626 -243.4373195 38.1044900 -241.2366152 36.9228628 -238.4682772 42.2466412 -240.5989933 43.3906894 -245.0004020 45.7539437 -247.2011063 46.9355708 -250.0394324 41.6493713 -249.4018106 48.1171979 -251.4907520 49.2388160 -252.2401368 42.8309984 -254.6589021 44.1418643 -254.4408411 44.0126256 -256.7455699 45.5008665 -253.3796722 50.4690295 -258.9124149 47.1381429 -256.9238995 45.6264720 -265.2175413 59.4681867 -267.1089625 60.9219634 -268.8676515 54.7061745 -274.7487444 59.6713391 -272.8783126 58.0157947 -270.7720459 64.1642078 -271.0078808 56.3602504 -270.8477451 56.2281064 -268.9016141 62.5086634 -274.5129095 67.4752964 -278.4896080 62.9824277 -276.6191762 61.3268834 -281.1883245 65.8516560 -280.3600398 64.6379720 -275.8159176 68.6286064 -282.0446763 68.1871958 -283.8689413 74.0491729 -283.7041312 72.9511654 -277.8521040 74.3909229 -283.7800606 76.4413913 -277.7967733 75.8801445 -283.6797576 77.1070184 -277.0385180 78.7078236 -282.3858413 81.9322800 -283.0327995 79.5196492 -280.2678886 84.0521805 -281.2106046 83.6115585 -281.9460861 82.8754006 -277.8644487 84.6990429 -272.4223696 86.0657857 -273.0144779 85.9722699 -271.7823920 80.0924141 -269.9538820 86.2055729 -269.7672440 80.2065292 -269.6486130 86.2073029 -257.4433599 79.6486940 -254.6767378 85.5296076 -257.1720504 85.6425568 -249.9574223 79.3098463 -247.1908002 85.1907599 -249.6861128 85.3037091 -234.9855471 78.6321510 -232.2189251 84.5130646 -234.7142376 84.6260138 -229.9949221 78.4062525 -227.2283000 84.2871661 -229.7236125 84.4001153 -222.5089845 78.0674049 -219.7423624 83.9483184 -222.2376749 84.0612677 -210.0324218 77.5026587 -209.7611123 83.4965215 -212.2564248 83.6094708 -197.5558592 76.9379126 -192.2939246 82.7058770 -197.2845496 82.9317754 -185.0792965 76.3731665 -174.8267369 81.9152324 -184.8079870 82.3670293 -172.6027339 75.8084204 -169.8361118 81.6893339 -172.3314243 81.8022832 -160.1261712 75.2436742 -154.8642366 81.0116386 -159.8548617 81.2375370 -150.1449211 74.7918773 -147.3782990 80.6727909 -149.8736115 80.7857401 -140.1636710 74.3400804 -139.8923614 80.3339432 -144.8829865 80.5598417 -135.1730459 74.1141820 -132.4064238 79.9950955 -134.9017364 80.1080448 -127.6871083 73.7753343 -124.9204862 79.6562479 -127.4157988 79.7691971 -120.2011707 73.4364866 -119.9298612 79.4303494 -122.4251737 79.5432986 -110.2199206 72.9846897 -109.9486111 78.9785525 -112.4439236 79.0915017 -92.7527329 72.1940452 -92.4814233 78.1879079 -99.9673609 78.5267556 -85.2667953 71.8551975 -84.9954858 77.8490603 -87.4907983 77.9620095 -80.2761703 71.6292990 -77.5095482 77.5102126 -80.0048607 77.6231618 -67.7996076 71.0645529 -67.5282980 77.0584157 -72.5189231 77.2843141 -62.8089825 70.8386545 -57.5470479 76.6066188 -62.5376730 76.8325172 -55.3230450 70.4998068 -52.5564229 76.3807203 -55.0517354 76.4936696 -45.3417948 70.0480099 -42.5751727 75.9289234 -45.0704853 76.0418727 -37.8558572 69.7091622 -37.5845477 75.7030250 -40.0798602 75.8159742 -35.3605447 69.5962130 -32.5939226 75.4771265 -35.0892351 75.5900758 -30.3699197 69.3703145 -27.6032976 75.2512281 -30.0986101 75.3641773 -17.8933570 68.8055684 -10.1361098 74.4605835 -17.6220474 74.7994312 -7.9121069 68.3537715 -5.1454848 74.2346851 -7.6407973 74.3476343 -2.9214818 68.1278731 2.3345608 73.8961041 -2.6501723 74.1217358 74.4906273 65.3200700 76.9869271 65.2315848 77.1994727 71.2278190 84.6883720 70.9623636 82.1920722 71.0508488 81.9795266 65.0546146 92.1772713 70.6969083 89.6809715 70.7853934 89.4684259 64.7891592 104.6587701 70.2544827 102.1624704 70.3429678 104.4462245 64.2582485 119.4240231 63.7273377 121.9203229 63.6388526 122.1328685 69.6350868 189.5329623 67.2459885 187.0366625 67.3344736 186.8241169 61.3382394 197.0218616 66.9805331 194.5255618 67.0690182 194.3130162 61.0727841 199.5181613 66.8920480 196.8093160 60.9842989 204.5107609 66.7150777 199.3056157 60.8958138 204.2982153 60.7188436 206.7945150 60.6303584 207.0070606 66.6265926 209.2908148 60.5418733 209.5033604 66.5381075 216.9922597 66.2726521 211.9996602 66.4496224 211.7871146 60.4533882 219.2760139 60.1879328 221.7723137 60.0994477 221.9848593 66.0956819 226.9774588 65.9187116 224.4811590 66.0071968 224.2686134 60.0109626 226.7649132 59.9224775 229.2612130 59.8339923 229.4737586 65.8302265 234.2538125 59.6570221 234.4663581 65.6532563 236.7501123 59.5685370 236.9626579 65.5647711 239.2464120 59.4800518 241.7427118 59.3915667 241.9552574 65.3878009 246.7353113 59.2145965 249.2316111 59.1261113 246.9478569 65.2108306 251.7279109 59.0376262 251.9404565 65.0338604 256.9330560 64.8568902 254.4367562 64.9453753 256.7205104 58.8606560 259.2168102 58.7721709 261.7131100 58.6836857 259.4293558 64.7684050 264.4219553 64.5914348 261.9256556 64.6799199 264.2094097 58.5952006 266.7057095 58.5067155 269.2020093 58.4182304 269.4145549 64.4144645 271.9108546 64.3259794 271.6983090 58.3297452 279.1872083 58.0642899 281.6835081 57.9758047 279.3997539 64.0605241 284.1798079 57.8873196 286.6761076 57.7988345 284.3923535 63.8835538 289.3849530 63.7065836 286.8886532 63.7950687 289.1724074 57.7103494 294.3775525 63.5296133 291.8812528 63.6180984 291.6687072 57.6218643 296.6613067 57.4448940 299.1576065 57.3564089 296.8738523 63.4411282 301.8664519 63.2641579 299.3701521 63.3526431 301.6539063 57.2679238 304.1502060 57.1794386 306.6465058 57.0909535 304.3627516 63.1756728 309.3553512 62.9987026 306.8590514 63.0871877 309.1428056 57.0024684 311.8516509 62.9102175 311.6391053 56.9139833 314.3479507 62.8217323 314.1354051 56.8254981 319.3405502 62.6447621 316.8442505 62.7332472 316.6317049 56.7370130 321.6243044 56.5600428 324.1206042 56.4715577 321.8368500 62.5562770 326.8294495 62.3793067 324.3331498 62.4677918 326.6169039 56.3830725 329.1132037 56.2945874 331.6095035 56.2061023 329.3257493 62.2908216 334.1058032 56.1176172 331.8220491 62.2023365 336.8146486 62.0253662 334.3183488 62.1138513 336.6021030 56.0291320 341.8072481 61.8483960 339.3109484 61.9368811 341.5947026 55.8521618 346.7998477 61.6714257 344.3035479 61.7599109 346.5733276 55.6756869 349.3226258 61.5585769 346.8277914 61.6703048 348.9856336 55.5676549 353.8925784 55.1223714 354.4348238 61.0978187 356.3802244 54.8966286 358.8678703 54.6708857 356.9224697 60.8720759 361.8977616 60.4205902 359.4101157 60.6463330 361.3555163 54.4451429 363.8431622 54.2194001 366.3308081 53.9936572 364.3854076 60.1948473 368.8184541 53.7679144 370.7997341 53.5881220 369.3606994 59.7433616 374.9943717 58.2729568 372.8176589 59.2614365 372.1599873 52.9704095 375.6488806 57.8671804 373.5018378 51.8771206 378.1039611 55.7454434 377.5853649 56.2894064 374.2202616 50.9039790 380.0521408 52.5039915 379.4960909 53.8597328 374.4462292 49.3290118 380.4346802 49.7306618 380.4068885 50.0314429 374.5207616 47.5457824 380.4052474 46.2644271 380.5371883 47.2780992 372.4552761 40.8837175 378.1861604 39.1069323 378.9258560 41.4927639 370.9758848 36.1120543 376.7067690 34.3352691 377.4464647 36.7211007 368.7567978 28.9545594 374.4876820 27.1777742 375.2273777 29.5636058 368.0171021 26.5687278 373.0082907 22.4061110 373.7479863 24.7919426 378.4673700 6.5248644 376.2956552 7.3994107 376.1174669 1.0029384 376.7973652 0.6653605 382.4539258 3.1808094 380.8311137 5.3614264 381.9036605 4.4654585 382.8755681 0.7187859 376.9913056 -1.4763837 383.0235526 -2.0613570 382.9156081 0.3467259 380.2049196 -8.0202648 381.4247228 -5.8404891 374.9689916 -5.0902378 373.7491884 -7.2700135 372.5293852 -9.4497892 377.7653132 -12.3798163 367.6501723 -18.1688922 366.5139828 -20.1992512 372.8861003 -21.0989192 371.6662971 -23.2786949 370.0371730 -25.5738188 371.4826126 -23.5670449 365.3214114 -21.8549559 369.6971868 -25.9684627 357.8659255 -35.9975035 359.9605244 -34.6366223 354.9797332 -30.7175235 358.5611274 -28.3906569 362.0551233 -33.2757410 362.4757700 -32.9456133 356.6916212 -29.6052933 354.6897553 -37.0319855 357.0438741 -36.3697458 343.8802555 -32.4513130 341.3012743 -38.3060821 343.7945712 -38.4571214 344.3471846 -38.4395560 339.1707813 -32.1660217 338.8079774 -38.1550428 331.6908907 -31.7129037 331.3280868 -37.7019248 333.8213837 -37.8529641 326.7042969 -31.4108251 326.3414931 -37.3998462 328.8347900 -37.5508855 315.7567148 -33.0248736 315.9653686 -39.4073190 317.9938510 -38.5922089 302.3396622 -49.8741269 307.6193283 -53.6641755 308.1842186 -51.2310209 301.7747720 -52.3072815 307.1566700 -55.6569860 303.4915249 -68.9289516 304.6045242 -71.1651481 308.8657864 -66.2611148 311.9447205 -72.4471937 311.0889768 -70.7278657 305.7175235 -73.4013445 327.3897238 -83.1159939 325.2513885 -81.8249230 322.1501730 -86.9613092 329.9437187 -92.1200114 331.6344301 -93.7484289 334.0603838 -87.7545700 328.3318278 -90.6936305 333.9673382 -87.6686637 332.7681823 -94.9750199 335.9813891 -89.6118191 338.3309971 -92.6182839 337.6538273 -91.4212070 339.0297602 -95.0164232 333.7221039 -98.2488575 339.0892025 -101.2616882 339.7258585 -99.1021181 333.4842532 -99.0556596 338.6231298 -102.1979464 334.1509215 -108.2238057 335.6439661 -106.2236150 329.6699143 -104.1964338 333.3629524 -108.9567510 331.2585155 -110.3023688 325.9218386 -106.5930263 327.0496417 -112.9936046 329.1540786 -111.6479867 319.6085279 -110.6298799 320.7363309 -117.0304582 322.8407678 -115.6848403 309.0863433 -117.3579692 312.3185833 -122.4129296 314.4230202 -121.0673118 304.9107065 -120.0279525 302.8764552 -121.2545499 308.0426880 -125.1457888 303.5581481 -127.6869355 305.7638792 -126.5147187 305.9051167 -126.4346853 296.3309636 -124.7330951 296.9409547 -131.2035861 299.1466858 -130.0313692 291.9195014 -127.0775288 292.5294924 -133.5480197 294.7352236 -132.3758029 287.5080391 -129.4219625 288.1180302 -135.8924534 290.3237613 -134.7202366 278.6851146 -134.1108299 281.5008368 -139.4091040 283.7065679 -138.2368871 272.0679212 -137.6274804 274.8836434 -142.9257545 277.0893745 -141.7535376 269.8621900 -138.7996972 270.4721811 -145.2701882 272.6779123 -144.0979713 261.0392655 -143.4885646 263.8549877 -148.7868387 266.0607189 -147.6146219 256.6278033 -145.8329983 259.4435255 -151.1312724 261.6492566 -149.9590556 254.5009172 -146.9633136 254.8069446 -153.4211550 257.0777518 -152.3825290 252.3261235 -147.9580248 254.7772397 -153.4345469 206.0075044 -173.1365873 208.3414370 -172.2465869 203.8696798 -167.5303671 199.2018146 -169.3103680 196.8700581 -170.1995386 201.3396392 -174.9165882 217.8732753 -162.1903644 215.5393427 -163.0803648 220.0110999 -167.7965846 222.3450325 -166.9065842 224.6789651 -166.0165837 220.2072079 -161.3003639 199.0057066 -175.8065887 194.5550486 -171.0782083 199.0013530 -175.8082450 194.2832174 -177.5642781 196.6297750 -176.7081182 171.1076614 -179.6331708 168.7611038 -180.4893306 173.1641992 -185.2697169 166.1245265 -187.8381965 168.4710841 -186.9820366 164.0679886 -182.2016504 170.8176417 -186.1258767 180.4938916 -176.2085313 178.1473341 -177.0646912 180.2038720 -182.7012373 173.4542189 -178.7770109 159.3748735 -183.9139701 157.0283159 -184.7701300 159.0848538 -190.4066761 147.3520659 -194.6874754 149.6986235 -193.8313155 147.6420856 -188.1947694 142.9489705 -189.9070891 140.6024129 -190.7632490 145.0055084 -195.5436352 133.5627402 -193.3317286 131.2161826 -194.1878885 135.6192781 -198.9682747 130.9261629 -200.6805944 133.2727205 -199.8244346 128.5796054 -201.5367543 126.5322036 -195.8968748 126.2092913 -202.3842760 128.5613116 -201.5433618 123.8386108 -203.2183329 126.1949152 -202.3893747 124.1965224 -196.7319473 121.8474126 -197.5583745 119.4911082 -198.3873327 119.1260020 -204.8762494 121.4823064 -204.0472912 117.1348038 -199.2162909 112.0570888 -207.3631241 116.7696976 -205.7052076 114.7784994 -200.0452492 110.0658906 -201.7031656 107.7095862 -202.5321238 107.3444800 -209.0210405 109.7007844 -208.1920823 105.3532818 -203.3610821 84.1479696 -208.7011365 81.6829934 -209.1051593 85.1184522 -214.6221300 94.9783570 -213.0060388 95.1422145 -212.9744788 93.9255067 -207.0985458 92.5133808 -213.4100616 87.5834284 -214.2181072 82.6534760 -215.0261528 72.7935711 -216.6422440 75.2585473 -216.2382212 74.2880648 -210.3172277 57.4835071 -212.1508003 54.9120378 -218.1196266 57.4097164 -218.1503465 64.4791077 -211.9249683 62.2680172 -212.2096468 65.2964898 -217.8692557 62.8250576 -218.1874532 62.4050737 -218.2117863 59.9073951 -218.1810664 69.3581123 -211.1252733 66.8931361 -211.5292961 70.3285949 -217.0462668 35.0043996 -211.8743213 32.6288091 -211.8451030 34.9306089 -217.8738676 32.1892801 -217.8302281 32.4329303 -217.8431477 29.7096907 -217.5973282 30.3791274 -211.6337976 27.0305606 -217.1559926 29.4940219 -217.5691519 20.6326056 -209.9991602 17.1767155 -215.5033555 19.6401768 -215.9165148 15.7056830 -209.1728417 12.2497929 -214.6770370 14.7132542 -215.0901962 3.3883765 -207.1070453 2.3959477 -213.0243998 4.8594090 -213.4375591 1.0807868 -206.7200280 -0.3756471 -212.5427232 -0.0675136 -212.6112405 -2.7774981 -211.8742744 -1.1167609 -206.1084380 -5.2617673 -211.0875258 -2.8810257 -211.8434435 -5.8267579 -204.6129504 -10.0232506 -209.5756906 -7.6425090 -210.3316082 -10.5882412 -203.1011151 -14.7847339 -208.0638554 -12.4039922 -208.8197730 -20.1112077 -200.0774447 -21.9269588 -205.7961026 -19.5462171 -206.5520202 -34.2551493 -195.4208519 -36.2506225 -201.0793045 -33.8949449 -201.9100425 -29.5875616 -197.0668930 -31.5392674 -202.7407804 -31.4512761 -202.7702887 -24.8726910 -198.5656095 -26.6884420 -204.2842674 -24.3077004 -205.0401850 -41.3221818 -192.9286380 -45.6733326 -197.7563527 -43.3176550 -198.5870907 -50.7421514 -189.6066527 -53.0901285 -188.7735123 -52.7458445 -195.2622006 -55.0999028 -194.4269024 -55.1065849 -194.4245225 -52.7403652 -195.2641389 -60.1430351 -186.2521147 -64.5149132 -191.0610672 -62.1628312 -191.9019310 -71.9034456 -182.0477956 -73.9232416 -187.6976119 -71.5711595 -188.5384757 -74.2555277 -181.2069318 -80.9511057 -185.1851670 -76.2753237 -186.8567480 -86.1944436 -177.1884118 -88.0060890 -182.9083716 -85.6248054 -183.6625800 -88.5757272 -176.4342034 -92.7686563 -181.3999549 -90.3873727 -182.1541632 -98.1008619 -173.4173698 -99.9125073 -179.1373297 -97.5312237 -179.8915381 -161.0513473 -180.1777214 -158.5556196 -180.0743496 -158.8039236 -174.0794898 -163.5470749 -180.2810931 -161.2996513 -174.1828615 -163.7953789 -174.2862332 -166.2911065 -174.3896050 -166.0428026 -180.3844649 -173.5299855 -180.6945801 -171.0342578 -180.5912084 -171.2825618 -174.5963485 -176.0257131 -180.7979519 -176.2740171 -174.8030920 -201.0268908 -181.6403980 -196.0332585 -181.4954663 -201.2009574 -175.6429235 -203.6977735 -175.7153894 -206.1945897 -175.7878553 -203.5237069 -181.7128639 -216.0077876 -182.0751933 -213.5109715 -182.0027274 -216.1818542 -176.0777188 -208.6914058 -175.8603211 -206.0205231 -181.7853298 -211.1882220 -175.9327870 -213.6850381 -176.0052529 -211.0141554 -181.9302616 -208.5173392 -181.8577957 -218.6786704 -176.1501847 -223.4982361 -182.2925910 -221.0014199 -182.2201251 -223.6723027 -176.2951164 -226.1691188 -176.3675823 -228.6659349 -176.4400482 -225.9950522 -182.3650569 -231.1627511 -176.5125141 -228.4918684 -182.4375227 -233.4855006 -182.5824545 -230.9886845 -182.5099886 -233.6595672 -176.5849800 -238.4791329 -182.7273863 -235.9823168 -182.6549204 -238.3953517 -176.7224281 -238.9923213 -182.6982267 -241.4527079 -182.3451441 -240.5153302 -176.4181964 -250.2237822 -174.4521075 -253.8628562 -179.8369458 -251.4146859 -180.3327324 -264.9128039 -171.4773879 -268.5518779 -176.8622261 -266.1037076 -177.3580127 -289.3872097 -166.5209996 -290.5999976 -172.3971549 -290.5854106 -172.4001467 -293.0456526 -171.8892279 -291.8197159 -166.0158034 -293.0573660 -171.8867708 -283.2408997 -173.8875065 -304.0320289 -163.4286193 -310.1628003 -168.2629767 -305.2755333 -169.2983464 -311.3629293 -161.8755647 -319.6492659 -166.2532646 -312.6064337 -167.7452918 -339.7998909 -161.5746291 -342.2386293 -162.1149042 -340.9408622 -167.9728732 -346.4914509 -168.9030597 -346.1062372 -168.8782253 -346.6848582 -162.9030597 -354.6186198 -168.8353956 -353.9850535 -168.9030597 -353.6646571 -162.9030597 -355.2951517 -162.5507718 -359.9824036 -166.8276324 -357.7900364 -168.0246570 -356.9859468 -168.3239062 -361.1371186 -159.3610788 -365.0126601 -163.9592854 -364.3671381 -164.4335831 -366.7780031 -162.2557731 -365.6846071 -152.8479275 -366.4647667 -150.4750193 -371.3844485 -154.7219092 -367.1216480 -148.4770708 -372.1646082 -152.3490010 -362.4672039 -158.0775795 -363.8757631 -156.2982081 -368.5973928 -160.0005022 -357.1070919 -161.5614590 -333.8030974 -166.3915817 -331.6638756 -166.1848997 -332.0909124 -160.1982194 -331.7902761 -160.1843394 -324.2967348 -160.2146464 -326.7945819 -160.2045441 -326.8188482 -166.2044950 -321.8367117 -166.2246448 -321.7717733 -160.2249809 -321.7988877 -160.2247487 -318.6938298 -160.3225100 -319.2763344 -160.2576303 -308.9192959 -162.3932495 -302.8318999 -169.8160313 -296.7011285 -164.9816739 -301.5883955 -163.9463042 -273.4482185 -175.8706529 -272.2573148 -169.9900281 -279.6018257 -168.5026683 -271.0000482 -176.3664395 -267.3609742 -170.9816013 -269.8091445 -170.4858147 -252.6719525 -173.9563209 -186.2343332 -175.2085424 -188.7168767 -175.2805941 -188.5428101 -181.2780686 -186.0174531 -181.2046384 -183.5214739 -181.1084101 -183.5128960 -181.1080671 -183.7569113 -175.1130296 -178.7697447 -174.9064637 -178.5214407 -180.9013236 -156.0598920 -179.9709779 -153.5641644 -179.8676062 -153.8124684 -173.8727463 -148.8210131 -173.6660028 -146.0769815 -179.5574909 -143.5812538 -179.4541192 -143.8295578 -173.4592593 -141.0855262 -179.3507474 -141.3338302 -173.3558876 -136.3423749 -173.1491441 -138.8381025 -173.2525158 -138.5897986 -179.2473757 -136.0940709 -179.1440040 -131.1026156 -178.9372605 -131.3509196 -172.9424006 -128.6068880 -178.8338887 -126.1111604 -178.7305170 -128.8551920 -172.8390288 -116.3765538 -172.3221701 -126.3594644 -172.7356571 -116.1282498 -178.3170300 -113.6325222 -178.2136583 -113.8808262 -172.2187984 -103.8979156 -171.8053114 -106.3936433 -171.9086831 -104.1558813 -177.8211407 -102.9065734 -171.9308115 -100.5207780 -172.6512115 -102.2745150 -178.3892265 -100.4821455 -172.6631615 -111.3850985 -172.1154266 -106.1453393 -177.9035430 -78.9596919 -179.5252041 -79.0166545 -179.5054832 -81.3847636 -178.7121795 -69.5513635 -182.8886594 -62.4951172 -185.4112509 -48.3892144 -190.4364242 -50.3846876 -196.0948768 -43.6778594 -192.0979001 -38.6063000 -200.2485666 -36.6108268 -194.5901139 -22.4919493 -199.3215271 -15.3497244 -201.5892799 -17.7304661 -200.8333623 -12.9689828 -202.3451975 -8.2074995 -203.8570327 -3.4460163 -205.3688680 8.3152991 -207.9333638 5.8518378 -207.5202045 13.2422217 -208.7596824 18.1691443 -209.5860010 24.5670994 -216.7428334 28.0229895 -211.2386381 25.5595282 -210.8254788 42.4236448 -217.9660272 44.9213234 -217.9967471 42.4974354 -211.9664810 47.4190020 -218.0274670 49.9904713 -212.0586406 47.4927927 -212.0279208 54.9858285 -212.1200804 59.9811857 -212.1815202 97.5727621 -212.4358310 96.0983374 -206.6170121 98.2843686 -205.8479568 100.2755668 -211.5079152 102.9969774 -204.1900403 100.6406730 -205.0189985 102.6318712 -210.6789570 104.9881756 -209.8499987 138.2558553 -191.6194089 140.3123932 -197.2559550 145.2955281 -189.0509293 154.6817584 -185.6262898 152.3352008 -186.4824497 156.7382962 -191.2628359 161.4314114 -189.5505162 175.5107568 -184.4135570 182.5504295 -181.8450774 182.8404492 -175.3523715 184.8969871 -180.9889176 189.8801219 -172.7838919 187.5335644 -173.6400517 189.5901022 -179.2765978 192.2266795 -171.9277320 210.8714775 -164.8603657 208.5375449 -165.7503662 210.6753696 -171.3565864 213.2054101 -163.9703653 215.3432348 -169.5765855 227.0128977 -165.1265833 229.3468303 -164.2365828 224.8750731 -159.5203630 231.6807629 -163.3465824 229.5429383 -157.7403621 234.0146955 -162.4565819 236.3486281 -161.5665815 234.1616929 -155.9790886 236.4461632 -161.5274179 238.7467306 -160.5565269 238.7983969 -160.5341490 236.3878977 -155.0395803 238.6448614 -154.0367827 241.0810888 -159.5199202 240.9275532 -153.0225539 243.3637806 -158.5056913 245.6464724 -157.4914624 243.2102450 -152.0083250 250.0583205 -148.9656384 247.7756287 -149.9798672 250.2118560 -155.4630047 252.4945479 -154.4487758 258.8335344 -144.6607815 265.4507278 -141.1441309 263.2449967 -142.3163478 267.6564589 -139.9719141 276.4793834 -135.2830467 274.2736523 -136.4552635 283.0965768 -131.7663962 280.8908457 -132.9386130 285.3023080 -130.5941793 289.7137702 -128.2497456 294.1252325 -125.9053120 311.1907802 -116.0123513 316.5274571 -119.7216939 315.3996541 -113.3211156 313.2952172 -114.6667335 317.5040910 -111.9754977 328.0262755 -105.2474084 317.7576051 -84.3055206 317.8735023 -84.3791674 321.0335093 -79.2782781 311.5522692 -79.8351530 313.5525002 -81.3312874 317.1462881 -76.5266346 319.0825524 -77.9749231 315.1460571 -75.0305002 307.5184965 -76.5388773 309.3511791 -78.1747679 306.8305229 -75.6375410 302.0902030 -65.6596991 302.3831702 -66.6784920 308.0037309 -64.5107072 301.8348789 -63.1749150 307.8034517 -62.5616140 307.5481276 -60.0768299 301.5795548 -60.6901310 301.2098818 -54.7404361 301.1397177 -55.6316968 309.2716601 -46.5470784 303.4694427 -45.0078178 302.9045525 -47.4409723 309.8196685 -45.0586255 311.1195095 -43.7553026 306.8711981 -39.5183403 312.8834046 -41.9866828 312.8905258 -34.2456793 310.8561312 -35.6053748 313.4389705 -33.9562186 321.9300351 -37.1326082 320.5954466 -31.2546095 318.2521726 -32.0285488 321.7177032 -31.1087464 324.2110001 -31.2597858 336.6774844 -32.0149824 334.1841875 -31.8639430 336.3146806 -38.0040034 341.6640781 -32.3170610 349.3314369 -37.7898976 350.9980164 -31.5080304 348.5229307 -31.8446207 364.3317492 -31.1997300 366.1202284 -29.4559742 360.1625902 -26.8847734 367.9087076 -27.7122184 363.7201209 -23.4162038 375.3257067 -16.7393677 376.5455100 -14.5595920 371.3095820 -11.6295650 376.1887949 -2.9104620 382.6445261 -3.6607133 374.4445175 8.3801058 369.0464804 4.9131962 371.0529534 3.4254434 371.4353560 3.1843062 365.8866957 8.2144660 366.2953799 7.2008854 367.0400074 6.4009490 371.5381993 10.5350728 365.4225217 10.5031159 371.3550977 11.4378713 365.3008082 13.5210743 365.3636093 11.0239963 371.2436364 15.8697600 365.7086300 19.0414890 365.2822316 16.6122265 371.5853362 17.8164806 365.7980151 19.4112330 367.2774064 24.1828962 369.4964934 31.3403910 373.1949718 43.2695491 344.0910023 55.7636767 184.3278171 61.4267245 111.9351238 63.9927931 114.4314236 63.9043080 114.6439692 69.9005422 74.7031729 71.3163041 72.2068731 71.4047893 71.9943275 65.4085551 162.0736648 68.2193248 159.5773650 68.3078100 159.3648194 62.3115758 161.8611192 62.2230907 157.0810653 68.3962951 152.0884657 68.5732653 151.8759201 62.5770311 149.5921660 68.6617504 147.0958662 68.7502356 146.8833206 62.7540014 144.5995664 68.8387207 142.1032667 68.9272058 141.8907211 62.9309716 134.4018218 63.1964270 139.3944213 63.0194568 139.6069669 69.0156909 132.1180676 69.2811463 129.6217678 69.3696314 129.4092222 63.3733973 119.6365687 69.7235719 112.1476694 69.9890273 107.1550699 70.1659975 99.6661706 70.4314529 97.1698708 70.5199380 99.4536250 64.4352187 91.9647257 64.7006741 86.9721262 64.8776443 87.1846717 70.8738785 79.6957724 71.1393339 64.5054282 65.6740105 67.0017280 65.5855253 67.2142736 71.5817595 64.7179738 71.6702446 62.2216741 71.7587298 62.0091285 65.7624956 -112.7152332 73.0976390 -102.4626735 78.6397048 -102.7339830 72.6458421 -100.2386705 72.5328928 52.2364750 72.1126702 49.7401752 72.2011554 52.0239294 66.1164361 47.2438754 72.2896405 49.5276296 66.2049212 -87.7621079 71.9681467 44.7475757 72.3781256 44.5350301 66.3818914 37.0461308 66.6473468 39.5424305 66.5588617 37.2586764 72.6435810 34.5498310 66.7358319 34.7623766 72.7320661 32.2660768 72.8205512 -52.8277324 70.3868576 2.0809283 67.9014644 4.8155788 73.7935757 27.0609317 67.0012873 29.5572315 66.9128022 29.7697771 72.9090364 -42.8464823 69.9350607 27.2734773 72.9975215 24.7771775 73.0860066 24.5646319 67.0897724 22.2808778 73.1744917 -32.8652322 69.4832638 17.0757326 67.3552278 19.5720324 67.2667427 19.7845780 73.2629768 14.5794329 67.4437129 17.2882782 73.3514620 12.0831331 67.5321980 12.2956787 73.5284322 9.5868333 67.6206832 7.0905336 67.7091683 7.3030791 73.7054025 4.5942338 67.7976534 4.5766369 67.7983289 2.0691432 67.9019746 -5.4167943 68.2408223 -72.7902327 71.2904514 -75.0142356 77.3972634 -75.2855452 71.4034006 -77.7808577 71.5163498 169.5625641 67.9538695 164.5699646 68.1308397 164.3574190 62.1346055 172.0588639 67.8653843 169.3500185 61.9576353 174.5551636 67.7768992 171.8463183 61.8691502 176.8389178 61.6921799 179.3352176 61.6036948 179.5477632 67.5999290 182.0440630 67.5114438 181.8315174 61.5152097 -125.1917958 73.6623851 184.5403627 67.4229587 -132.6777334 74.0012328 -137.3970489 80.2209940 -137.6683585 74.2271312 -147.6496086 74.6789281 -162.3501742 81.3504863 -170.1074214 75.6954711 -162.6214838 75.3566235 -175.0980464 75.9213696 -187.3032995 82.4799785 -190.0699216 76.5990649 -187.5746091 76.4861157 -199.7798622 83.0447246 -207.5371093 77.3897095 -200.0511717 77.0508618 -220.0136720 77.9544556 -232.4902346 78.5192018 -244.6954877 85.0778107 -244.9667973 79.0839479 -252.4527349 79.4227956 -259.9386725 79.7616432 -267.1533005 86.0943537 -267.4246100 80.1004909 -277.2164046 72.5654888 -282.8826475 70.5922447 -268.8549916 54.6964973 -264.8779609 51.6731555 -259.2583381 54.9379958 -261.2468534 56.4496667 -238.3029701 35.5990973 -235.8810491 34.9878353 -236.5537283 41.3457589 -227.1470053 38.9716222 -186.7020202 50.7674982 -188.9625677 49.7048286 -186.4099833 44.2748827 -184.4414726 51.8301678 -184.1494357 45.3375523 -179.6283405 47.4628916 -177.3677929 48.5255612 -182.1809250 52.8928375 -175.1072453 49.5882308 -172.8466978 50.6509005 -175.3992822 56.0808464 -170.5861502 51.7135701 -173.1387346 57.1435160 -170.8781870 58.2061856 -168.3256026 52.7762397 -166.2719728 53.7416385 -165.8007124 60.1373312 -165.7256272 60.1584599 -148.6752008 64.5922336 -151.1087876 64.0637651 -147.5891538 58.6882346 -145.8085477 64.8646748 -148.2971213 64.6493993 -145.2914452 58.8869993 -143.3199741 65.0799504 -142.8028716 59.1022748 -128.2319806 66.3810315 -128.3885324 66.3716038 -127.9495827 60.3871676 -125.7468774 66.4655734 -125.2281205 66.4382190 -130.3600036 60.1786526 -130.8771061 66.1563282 -102.2716945 62.9538114 -102.8134193 63.1215084 -104.3168725 57.3059473 -95.3571478 53.5719929 -93.0490680 59.1102930 -95.3547246 60.0711726 -81.4751626 54.2088965 -83.7482955 55.2328975 -81.1221925 54.0206376 -70.5186863 47.4214551 -66.2772838 44.7817821 -62.0358814 42.1421091 -55.6737776 38.1825996 -16.4300646 6.6918414 -13.2597528 11.7858696 -14.3093634 5.3720049 -12.1886621 4.0521684 -11.1390515 10.4660331 -9.0183503 9.1461966 -4.7769478 6.5065236 -6.8976490 7.8263601 -10.0679609 2.7323319 -7.9472597 1.4124954 -5.8265584 0.0926589 -0.5355453 3.8668506 -2.6562466 5.1866871 -1.5870294 -2.5458481 5.8264158 -0.1012305 1.5889012 2.5446793 1.5851559 2.5470141 -3.7058572 -1.2271776 11.1236425 -10.4824089 16.4202022 -6.7160051 14.3014449 -5.3930502 19.5986716 -15.7742286 22.7764741 -10.6848699 20.6577168 -9.3619150 28.0737007 -21.0660482 31.2515032 -15.9766896 29.1327459 -14.6537347 32.3112153 -23.7119581 37.6077750 -19.9455543 35.4890178 -18.6225994 38.6674872 -27.6808228 43.9640469 -23.9144191 41.8452896 -22.5914642 42.9050017 -30.3267327 48.2015615 -26.5603290 46.0828042 -25.2373740 70.4488464 -47.5251467 72.5676037 -48.8481016 73.6266489 -42.4357880 77.8641634 -45.0816979 75.7454061 -43.7587429 74.6863610 -50.1710565 90.5767071 -53.0194274 88.4579498 -51.6964725 85.2801474 -56.7858311 91.6364192 -60.7546959 93.7551765 -62.0776508 94.8142217 -55.6653372 95.8739338 -63.4006057 96.9329790 -56.9882922 97.9926911 -64.7235607 101.1704936 -59.6342020 104.1344019 -61.7481574 103.2892508 -60.9571569 99.6111089 -65.7341029 105.5186579 -63.6694621 100.9815504 -68.3833765 106.7652257 -66.7240553 105.8979893 -64.3815688 107.0812249 -70.0098024 106.9472176 -67.5991178 106.4109609 -73.8478811 106.6227203 -73.1434029 100.7706528 -71.7683927 105.4122852 -76.1151162 104.0725228 -78.6803660 104.1694577 -78.5087697 98.8969035 -75.6434786 97.9692279 -77.1665727 102.0169972 -81.6338742 102.7897007 -80.7865536 100.0121530 -83.1238211 94.4283835 -79.7980339 93.9976201 -87.5936616 98.0073087 -84.6137679 88.4138507 -84.2678744 87.9830873 -92.0635021 91.9927759 -89.0836085 82.3993178 -88.7377149 83.9733988 -95.0433958 85.9782430 -93.5534490 72.6561849 -97.3282125 70.9586928 -99.1606598 75.5036926 -103.0833484 74.5257195 -127.3561292 74.1297461 -124.8898471 68.5886429 -128.2266413 68.8036949 -130.2718491 68.5380049 -132.4091021 74.4921736 -133.1492874 73.5677311 -140.5856498 74.1840261 -135.6280749 67.6135624 -139.8454645 68.2298574 -134.8878895 73.2595836 -143.0644373 67.0100661 -144.7000844 72.9514361 -145.5432247 66.6277170 -146.6584152 72.2103035 -148.8893336 72.4442494 -148.1783559 71.1396757 -151.1461230 66.3707892 -160.3234991 67.7190419 -158.2863740 61.6270370 -156.6196943 65.7438190 -161.0098493 63.7937477 -162.5707989 58.0941989 -159.4475817 59.8936049 -165.6926982 61.8436763 -164.1317486 46.3937707 -168.8132797 44.5090304 -170.3219345 50.1432481 -173.4974465 46.0419656 -176.5974450 48.0597009 -175.1592625 42.9121850 -171.4601191 45.2797584 -176.9902403 42.9186532 -177.8054241 33.8772264 -174.5794854 33.4742326 -181.0661592 35.8353378 -180.2509754 22.1697248 -178.6215610 19.9239747 -179.2270043 21.4234848 -185.0369641 23.8316608 -184.3877315 21.2982225 -185.0678609 15.1119683 -180.3047078 13.9857678 -186.7055683 16.4232527 -186.1596658 7.9751111 -181.9030881 6.2824064 -188.1042186 8.7561611 -187.8547553 3.5536987 -188.1764153 6.0508959 -188.1185524 5.7958738 -182.1228511 -9.0712771 -182.4673400 -11.5684743 -182.5252029 -8.9322875 -188.4657299 -13.9266820 -188.5814558 -11.4294848 -188.5235928 -13.7743983 -182.5763167 -14.5050840 -188.5387813 -16.9648217 -188.1153855 -21.9049889 -187.2240422 -19.4468216 -187.6676132 -20.8395097 -181.3194038 -25.7558444 -180.4322618 -28.1905302 -179.9929280 -26.8213237 -186.3369001 -31.7727457 -185.4027407 -29.3263840 -185.8844817 -30.2780108 -179.5818584 -32.4202169 -185.1968256 -34.6995682 -184.1751114 -54.3992802 -168.0270680 -57.4852503 -173.1726281 -55.3430958 -174.4573522 -53.0007923 -175.8519798 -50.7707594 -176.9682386 -50.2129527 -170.5377533 -53.2009412 -175.7420763 -45.9214681 -172.5697126 -48.1423674 -171.5741994 -48.3756757 -178.0448259 -65.1100529 -161.6034475 -70.3381776 -165.4642834 -68.1960231 -166.7490075 -73.6786711 -156.4645510 -75.8208257 -155.1798269 -78.9067958 -160.3253870 -91.7597231 -152.6170423 -89.6175686 -153.9017664 -88.6737529 -147.4714823 -101.5266802 -139.7631376 -103.6688348 -138.4784135 -104.6126504 -144.9086976 -107.9531439 -135.9089653 -110.0952984 -134.6242411 -113.1812686 -139.7698012 -114.3796075 -132.0547929 -116.5217621 -130.7700688 -117.4655777 -137.2003530 -120.8060712 -128.2006206 -122.9482257 -126.9158965 -123.8920413 -133.3461806 -125.0903803 -125.6311724 -126.0341959 -132.0614565 -134.6028141 -126.9225601 -132.4606595 -128.2072842 -129.3746894 -123.0617241 -136.7449686 -125.6378360 -131.5168439 -121.7770000 -140.0854621 -116.6381036 -143.1714323 -121.7836636 -141.0292777 -123.0683877 -152.9241711 -108.9252637 -158.1649609 -112.7688903 -156.0270417 -114.0606502 -150.7889454 -110.2153962 -153.8837323 -115.3556593 -151.7431104 -116.6429296 -153.8891225 -115.3524101 -147.4557414 -119.2142154 -145.3135868 -120.4989395 -142.2276167 -115.3533795 -161.4758479 -103.7582240 -166.4258213 -107.7775657 -164.5787184 -108.8936105 -186.9324462 -106.2606354 -184.4556914 -105.9365550 -185.2341484 -99.9872689 -187.7109032 -100.3113493 -190.1876579 -100.6354298 -189.2130976 -106.5590559 -197.8695870 -102.8895872 -198.3881635 -109.3414825 -196.0716068 -108.6138572 -216.2793022 -120.8781090 -214.3356907 -119.3091232 -220.0198650 -116.1866801 -225.9641428 -120.3324829 -228.0440585 -121.7157011 -224.7215006 -126.7117604 -222.6415849 -125.3285422 -220.5616692 -123.9453239 -229.7915522 -129.2315971 -227.4813535 -128.4319038 -229.8054841 -122.8871120 -231.5150180 -123.4788806 -226.8014163 -128.0949787 -243.0404241 -125.1540785 -242.9526092 -131.1572422 -240.4782100 -131.0328339 -243.3789217 -131.1483345 -254.2080873 -130.0114009 -253.3281200 -130.2302241 -252.3200726 -124.2977540 -256.4938342 -129.0572723 -254.1062156 -123.5521727 -256.6446567 -128.9893743 -256.2803097 -122.5004149 -261.1417949 -126.8138015 -258.8932258 -127.9015879 -264.6300559 -118.2222841 -270.2976084 -121.2010455 -268.4368461 -122.8674506 -268.0172930 -123.1817042 -266.2948219 -116.7314035 -272.1583706 -119.5346405 -275.5188098 -108.4431488 -279.6057966 -112.8363768 -277.7596349 -114.5182838 -279.6964913 -112.7502233 -281.4712479 -110.9925028 -280.7986304 -103.2140097 -288.4835689 -104.0474937 -285.0207610 -107.4770618 -298.9426378 -91.7601553 -301.3882650 -91.2580041 -300.5291345 -97.5595769 -306.2967898 -90.2694607 -307.4813396 -96.1513687 -305.0326351 -96.6445102 -328.0286159 -98.4588429 -325.8205553 -97.7650002 -329.8272943 -92.7347922 -341.8553628 -96.6733135 -342.0709289 -96.7650401 -339.6138927 -102.2401396 -341.7664005 -103.2570818 -344.3294277 -97.8320572 -357.6040710 -106.2741262 -355.3610843 -112.3739912 -353.5280736 -110.6771076 -372.9447678 -149.9760929 -367.2368898 -146.4217351 -373.2295292 -146.7210887 -373.2327345 -146.6479769 -373.3906550 -141.6547385 -373.3116948 -144.1513577 -367.3146933 -143.9616913 -373.2238748 -136.3145456 -373.4577117 -138.7800241 -367.2699027 -137.0837400 -373.1582265 -135.9136598 -370.2682050 -123.7267534 -370.8699669 -126.1452546 -364.5641808 -125.6515293 -369.8858411 -122.8371757 -358.1350938 -115.5778316 -363.1135034 -112.2285368 -363.1668274 -112.3091935 -356.9468566 -113.8419973 -361.2700924 -109.6678933 -361.7076425 -110.1747873 -359.4370817 -107.9710098 -348.8464253 -99.9660913 -351.1049240 -101.0331084 -348.3647900 -106.3744597 -346.2833981 -105.3911159 -344.0248993 -104.3240988 -346.5879265 -98.8990743 -337.4764091 -101.4276392 -339.5258494 -95.7878187 -336.9762544 -94.9812223 -339.3592411 -95.7300323 -335.1775761 -100.7052730 -327.0890633 -91.8977600 -327.4443075 -91.9859822 -324.6340472 -91.4449973 -323.5598758 -97.3480778 -324.6059862 -91.4399600 -311.2209521 -89.3007786 -312.3028025 -89.2916525 -311.8124963 -95.2968215 -308.7719527 -89.7711145 -309.9168266 -95.6608892 -308.7454943 -89.7763193 -302.5894906 -97.1365319 -301.3993808 -91.2557436 -303.8480853 -90.7626022 -296.3990392 -99.6033190 -293.7379734 -94.2257053 -294.1602781 -100.7111506 -291.4992123 -95.3335369 -286.4212563 -97.9420611 -287.0216901 -97.5492002 -290.0066336 -102.7665458 -284.5282421 -99.5341488 -284.3481435 -99.6985687 -268.1555841 -115.0649984 -270.0163464 -113.3985933 -250.2894839 -124.4851364 -250.8408205 -130.4597517 -248.3535209 -130.6892793 -245.8662213 -130.9188069 -247.8021843 -124.7146640 -245.3148847 -124.9441916 -237.6724513 -130.5859369 -238.6572770 -124.6673122 -214.2172482 -111.5025017 -216.1608598 -113.0714875 -212.3920792 -117.7401375 -210.4484676 -116.1711517 -208.6912265 -114.7526139 -205.3381713 -105.9645479 -207.5155134 -107.1886899 -204.5750643 -112.4187721 -209.6928554 -108.4128320 -209.7127703 -108.4241287 -206.7424273 -113.6373038 -202.3977222 -111.1946300 -200.4318213 -110.0893641 -200.3846650 -103.6829629 -202.7215949 -104.5381682 -200.2526650 -103.6381066 -191.3663815 -107.1359567 -192.9808101 -101.3568824 -193.1034309 -101.3925484 -190.5747987 -100.7122718 -182.2320478 -105.6455939 -180.0574100 -105.7318866 -179.7615151 -99.7389062 -177.6250663 -105.9228482 -175.1905307 -106.1139818 -177.1554556 -99.9412543 -174.6652508 -100.1367585 -172.8501986 -106.3856679 -170.4710032 -106.7968980 -169.4490905 -100.8845639 -168.2270059 -107.1847600 -166.9877192 -101.3099977 -164.2273319 -102.1845259 -166.5608051 -101.4165334 -163.6137670 -102.4664641 -162.4407992 -110.1853704 -159.3379287 -105.0499839 -155.0620903 -107.6335038 -144.3697712 -114.0686554 -146.5119258 -112.7839313 -137.9433076 -117.9228277 -135.8011530 -119.2075518 -133.6589985 -120.4922759 -121.7498868 -134.6309047 -118.6639166 -129.4853447 -105.8109893 -137.1936894 -111.0391141 -141.0545253 -106.7548050 -143.6239735 -102.4704959 -146.1934217 -99.3845257 -141.0478617 -100.3283413 -147.4781458 -97.2423711 -142.3325858 -95.1002166 -143.6173099 -98.1861868 -148.7628700 -86.5315984 -148.7562064 -83.1911049 -157.7559387 -81.0489504 -159.0406628 -80.1051347 -152.6103787 -76.7646413 -161.6101111 -72.4803322 -164.1795593 -69.3943620 -159.0339992 -71.5365166 -157.7492751 -67.2522075 -160.3187234 -61.7695594 -170.6031798 -58.6835893 -165.4576198 -41.3627656 -174.6131411 -43.8169732 -180.0882544 -36.8040631 -176.6565696 -39.0834143 -175.6348554 -41.5376220 -181.1099686 -39.2582707 -182.1316829 -36.9789194 -183.1533971 -32.2453606 -178.6999981 -34.5247118 -177.6782839 -15.9350826 -182.2043971 -6.5740798 -182.4094771 -6.4350903 -188.4078670 0.9175119 -182.2358883 -1.5796854 -182.2937512 -1.4406958 -188.2921412 3.4147091 -182.1780254 12.6744834 -180.8506103 10.2369985 -181.3965127 18.8607376 -185.6137634 17.5494532 -179.7588054 29.1550161 -176.2098529 26.7939110 -177.0250367 31.1131275 -181.8813430 31.5161213 -175.3946691 40.5575481 -178.6206079 38.5994367 -172.9491178 36.2383316 -173.7643016 54.1940561 -162.5694810 52.2439848 -164.1304307 55.9934622 -168.8145975 56.1441275 -161.0085314 72.9187569 -145.7480046 67.0176957 -118.4421484 67.4136691 -120.9084304 72.9514842 -117.5511565 72.7161856 -115.5762376 73.0621729 -113.5410088 67.1470370 -112.5354405 67.9842958 -107.6103653 67.5656664 -110.0729029 73.4808023 -111.0784712 73.8994317 -108.6159335 74.3180610 -106.1533959 69.3146371 -101.4774276 68.8215546 -102.6852900 74.6246860 -104.3497111 70.6950214 -99.4887426 74.3536769 -95.4957652 77.0578128 -101.4056714 80.3119732 -97.8927965 78.2794895 -91.8035130 76.3523805 -93.3800848 82.0246246 -96.4916729 78.3896293 -91.7176086 78.7553049 -99.5732242 84.4041621 -87.2477681 90.4186949 -82.7779276 96.4332277 -78.3080870 76.8051183 -51.4940114 79.9829207 -46.4046528 71.5078916 -41.1128331 69.3891343 -39.7898782 68.3300891 -46.2021918 67.2703770 -38.4669233 64.0925746 -43.5562819 65.1516197 -37.1439683 61.9738173 -42.2333270 60.9141052 -34.4980585 57.7363027 -39.5874171 58.7953479 -33.1751036 54.5578333 -30.5291937 55.6175454 -38.2644622 49.2612736 -34.2955975 51.3800309 -35.6185524 47.1425163 -32.9726425 52.4390760 -29.2062388 40.7862444 -29.0037778 39.7265323 -21.2685093 34.4299726 -25.0349130 36.5487299 -26.3578679 30.1924580 -22.3890032 23.8361862 -18.4201384 25.9549435 -19.7430933 17.4799143 -14.4512736 13.2423998 -11.8053638 12.1826876 -4.0700953 6.8861279 -7.8364990 9.0048852 -9.1594539 2.6486133 -5.1905892 4.7673706 -6.5135441 -28.1046615 21.0247251 -31.2749733 15.9306970 -32.3460640 23.6643981 -40.8288689 28.9437441 -60.9647907 34.4084080 -75.8096994 43.6472635 -105.2433829 63.6281413 -112.8598830 64.7032106 -151.2471770 64.0302552 -149.7659337 58.2155333 -209.3792844 41.0386343 -207.3396270 35.3959578 -212.0378464 33.6976932 -217.7542812 32.9560489 -222.8792900 32.5364838 -247.8387281 40.4677442 -262.8894455 50.1614846 -272.6424777 65.8197521 -277.2375423 77.9656240 -276.3140661 78.9028027 -275.4304865 85.3380426 -277.8464952 84.7038153 -254.9480474 79.5357448 -252.1814253 85.4166584 -207.2657997 83.3835723 -192.5652341 76.7120142 -189.7986120 82.5929277 -155.1355462 75.0177758 -152.3689241 80.8986893 -122.6964833 73.5494359 -89.9861108 78.0749587 -82.7714828 71.7422483 -82.5001732 77.7361110 -65.0329855 76.9454665 -47.8371074 70.1609591 -47.5657978 76.1548219 -27.8746071 69.2573653 -20.1173600 74.9123804 79.4832268 65.1430997 106.9425243 64.1697634 109.4388241 64.0812782 192.0292620 67.1575034 216.7797141 60.2764179 239.4589576 65.4762860 249.4441567 65.1223455 254.2242107 58.9491411 266.9182551 64.5029497 276.6909086 58.1527750 276.9034542 64.1490092 281.8960537 63.9720389 319.1280046 56.6485279 339.0984028 55.9406469 349.4595319 61.5493044 371.8483454 59.5176188 379.6655517 43.8785955 376.9300222 -0.1092406 378.6808657 6.4290510 378.9851164 -10.2000405 368.8699756 -15.9891165 353.2660780 -31.1995937 354.2816082 -37.1167171 351.8065226 -37.4533074 346.8233096 -38.1307944 323.8481962 -37.2488068 308.7491088 -48.7978663 324.2885084 -88.2523801 326.4268437 -89.5434510 335.8594755 -89.4873744 339.7285233 -97.4145625 330.8320789 -102.6395139 308.1097095 -125.1041654 310.2141464 -123.7585475 285.9122990 -137.0646703 279.2951057 -140.5813208 268.2664500 -146.4424050 257.2377943 -152.3034892 201.5357472 -168.4203675 213.0093022 -170.4665860 191.9366598 -178.4204380 166.4145462 -181.3454905 175.8007765 -177.9208510 135.9092978 -192.4755687 86.6129458 -208.2971137 79.2180172 -209.5091821 80.1884997 -215.4301756 89.0779220 -207.8930909 77.7235235 -215.8341984 71.8230886 -210.7212505 65.3986425 -217.8543124 67.8636187 -217.4502896 22.1036381 -216.3296741 7.3228703 -213.8507184 -27.2524976 -197.8099888 -29.0710534 -203.5277554 -40.9619775 -199.4178286 -55.4388709 -187.9338424 -59.8107491 -192.7427948 -57.4586670 -193.5836586 -69.2190774 -189.3793395 -173.7782895 -174.6997202 -196.2073251 -175.4979917 -221.1754865 -176.2226506 -241.6220047 -182.3158788 -236.1563834 -176.6574459 -294.2574951 -165.4993588 -297.9446329 -170.8514011 -295.5009995 -171.3690859 -344.5465640 -162.6262011 -343.6432705 -168.5593293 -365.0621394 -154.7412048 -334.5620337 -160.4369681 -334.9224141 -160.4940791 -186.0459939 -181.2056027 -156.3081960 -173.9761180 -95.7195782 -174.1715782 -93.3382946 -174.9257866 -90.9570109 -175.6799950 -83.2671414 -184.4093075 -81.4318763 -178.6968285 -67.1992814 -183.7295232 -38.9665043 -193.7593760 23.0960669 -210.4123195 39.9997568 -211.9357611 52.4881499 -212.0893605 97.9192624 -212.3368734 142.6589508 -196.3997951 149.9886432 -187.3386096 152.0451811 -192.9751557 163.7779690 -188.6943563 177.8573144 -183.5573971 206.2036123 -166.6403666 217.6771673 -168.6865851 231.8768709 -156.8503617 245.4929368 -150.9940961 298.5366948 -123.5608783 306.9819064 -118.7035871 315.5527312 -82.8274217 315.6831202 -82.9196417 309.5520382 -78.3390186 313.2498104 -73.6121441 307.2976180 -57.6389002 301.3160748 -58.1115102 308.6350932 -37.7497204 314.4373465 -40.4285785 320.2237638 -37.6961575 318.0744592 -32.0935287 373.6252530 2.0241433 365.2380071 16.0181522 366.5377108 21.7970646 371.7155804 38.4978859 131.9055220 63.2849121 144.3870208 62.8424865 134.6143674 69.1926612 127.1254680 69.4581166 116.9277234 63.8158229 101.9499248 64.3467336 84.4758264 64.9661295 69.4980278 65.4970402 59.7253743 71.8472149 59.5128287 65.8509807 54.5202292 66.0279509 57.0165289 65.9394658 54.7327748 72.0241851 47.0313299 66.2934063 -57.8183575 70.6127560 -40.3511698 69.8221114 22.0683322 67.1782575 14.7919785 73.4399471 9.7993789 73.6169173 42.0387303 66.4703766 42.2512759 72.4666107 174.3426181 61.7806650 -129.9111113 79.8821463 -130.1824209 73.8882835 126.9129224 63.4618824 -152.6402336 74.9048266 -227.4996096 78.2933033 -247.4621098 79.1968971 -255.2813074 51.9146540 -234.4127681 40.8054079 -229.5689262 39.5828841 -179.9203774 53.9555071 -168.1914525 59.4309157 -117.8071780 65.3972139 -120.2808255 65.7442156 -93.0514912 52.6111133 -90.7434113 58.1494134 -86.1738347 49.7448583 -83.8264414 55.2667746 -76.8807900 51.3809646 -72.6393876 48.7412916 -57.7944789 39.5024361 -15.3804540 13.1057061 33.3702605 -17.2996445 10.0639304 -2.7471404 18.5389595 -8.0389600 21.7174289 -17.0971835 24.8952313 -12.0078248 87.3989047 -58.1087861 99.0517363 -58.3112471 100.4125692 -66.8465052 101.0716943 -70.0049922 107.0430661 -70.6811577 99.9615637 -73.6052204 105.3259288 -76.2947425 68.2056159 -125.8409946 67.3054149 -142.3242519 62.5981244 -155.1524421 60.0442702 -157.8866321 48.1931767 -175.0583961 38.1964429 -179.4357917 24.0298120 -184.3268944 11.5482829 -187.2514707 9.1107980 -187.7973732 -18.3813423 -181.7629748 -24.3631563 -186.7804711 -23.2976770 -180.8758328 -29.2794911 -185.8933291 -50.6550270 -177.0231116 -62.9678984 -162.8881716 -66.0538685 -168.0337316 -63.9117140 -169.3184557 -74.6224867 -162.8948352 -82.2472893 -151.3256546 -92.9580620 -144.9020340 -115.3234232 -138.4850771 -112.2374530 -133.3395170 -119.6077323 -135.9156288 -128.1763504 -130.7767324 -130.3185050 -129.4920083 -138.8871232 -124.3531119 -148.6525498 -111.5001251 -151.7400505 -116.6447672 -149.5978959 -117.9294913 -157.2000095 -106.3417438 -160.3028800 -111.4771303 -223.8842271 -118.9492646 -230.2804811 -129.3559547 -240.1364413 -130.9959309 -240.9514417 -125.0490482 -265.9143152 -124.4867169 -274.0191329 -117.8682354 -273.7283458 -110.0743135 -277.7406575 -114.5354253 -277.2491173 -106.7294507 -283.2460044 -109.2347823 -298.2154956 -92.0100420 -373.0901425 -149.2070470 -367.3936535 -141.4650721 -370.8796789 -126.1854690 -365.0424987 -127.5739054 -322.1453495 -91.0102985 -318.6526448 -96.4912068 -319.6847127 -90.5806370 -279.0238738 -104.9717302 -275.8798952 -116.2018303 -271.8771087 -111.7321883 -203.1608293 -104.7404059 -211.8793858 -109.6640966 -174.5541134 -100.1475683 -171.9104617 -100.4591302 -127.2325348 -124.3464483 -108.8969595 -142.3392494 -96.0440322 -150.0475941 -85.3332595 -156.4712146 -77.9629802 -153.8951028 -52.2571256 -169.3117921 1.0565014 -188.2342783 40.9605419 -172.1339340 57.9435336 -167.2536479 68.4029252 -105.1478276 80.3944736 -90.2276618 76.0511689 -93.6633180 50.3203187 -27.8832839 15.3611570 -13.1283187 -121.1143406 59.8023933 -209.6887367 34.5468255 -223.1537873 38.5306491 -266.8664762 53.1848264 -259.6673629 85.7555060 -214.7517373 83.7224200 -114.9392361 79.2044510 294.1650069 57.5333791 366.8730535 59.9691045 372.2685950 20.0202794 346.0643538 -32.1789658 346.8563512 -38.1264878 329.1975938 -31.5618644 332.1038818 -86.0196694 333.2693122 -96.6948864 335.6513634 -106.2136621 203.6735718 -174.0265878 196.6660647 -176.6946116 185.1870068 -174.4962116 76.7530410 -209.9132049 52.4143592 -218.0889068 37.4282876 -217.9045874 10.7787604 -208.3465231 9.7863316 -214.2638777 -193.5364424 -181.4230004 -218.5046038 -182.1476592 -280.7927294 -174.3832931 -343.3796006 -168.5131482 -370.6042889 -157.0948173 -83.8131599 -177.9426201 44.9951141 -211.9972009 161.7214311 -183.0578102 187.2435447 -180.1327577 222.5411405 -160.4103635 300.7424259 -122.3886614 324.9452048 -114.3392224 321.7129648 -109.2842620 301.3242306 -58.2053470 310.3989883 -35.9811006 372.6201354 9.7328425 156.8685197 62.4000609 117.1402690 69.8120570 109.6513697 70.0775124 69.7105734 71.4932744 -115.2105457 73.2105882 57.2290745 71.9357000 -90.2574204 72.0810959 32.0535312 66.8243170 -10.4074194 68.4667207 177.0514634 67.6884141 -212.5277344 77.6156080 -238.8461255 35.7933827 -177.6598298 55.0181767 -168.6176394 59.2688553 -105.4389405 63.6622055 27.0139886 -13.3307797 7.9451731 -1.4241854 74.8003211 -130.6705000 67.9277922 -157.9164910 26.3909172 -183.5117106 -218.4817534 -122.5621057 -221.8894019 -117.6226346 -262.8843519 -119.3055888 -265.6389331 -124.6382287 -334.5932677 -94.2324123 -332.7945894 -99.9564630 -291.9215170 -101.8189822 -289.2604512 -96.4413686 -193.6885287 -107.8653378 -195.4865090 -102.1410678 -179.6456605 -99.7457501 -172.0754753 -100.4353100 -60.8257438 -164.1728957 -4.0768826 -182.3516142 66.7284076 -114.9979781 66.7070442 -115.8556823 66.2113318 -44.8792368 45.0237590 -31.6496876 -222.7330744 32.5449690 219.4885595 66.1841670 374.1059035 -18.9191435 364.2925541 -31.2372594 331.6663945 -85.6981357 318.6318940 -118.3760760 128.8696251 -195.0440483 49.9166806 -218.0581869 -17.1654755 -207.3079378 -370.1405982 -157.9760415 -324.3210011 -166.2145973 -111.1367946 -178.1102865 323.8174017 -107.9386441 373.9346674 45.6553807 96.9573252 64.5237039 -145.1542961 74.5659789 -133.3656797 65.9410526 -86.1320980 56.2276542 86.3391926 -50.3735175 74.8067885 -129.9866892 68.9984200 -155.6597017 48.3438420 -167.2523300 24.4328058 -177.8402205 -218.3156202 -122.4432701 -367.4666229 -139.1578765 -321.1132815 -96.9208683 67.0008295 -118.3214947 -211.7283941 40.1895020 191.8167164 61.1612692 373.9090352 1.8922706 329.5280592 -84.4070648 90.0484046 -213.8140844 37.5020782 -211.9050412 -193.7105090 -175.4255258 -368.6314147 -159.9566977 149.3796204 62.6655163 -20.3886695 68.9185176 -132.8485772 59.9633771 -88.4401779 50.6893541 83.1613901 -55.4628762 28.7520223 -182.6965268 -16.9886542 -188.1111842 -216.3362804 -120.9229781 -373.4696153 -139.1581193 -212.2736367 -109.9335159 52.0933195 -171.9364968 301.3524170 -128.8591524 -191.0396262 -181.3505345 -338.5021238 -167.4325981 -65.3042951 70.9516037 78.9238755 -52.8169664 -336.0633854 -166.8923231 39.7549761 72.5550959 82.1016780 -47.7276077 371.2989116 13.6719256 137.9658357 -198.1121148 -337.3611525 -161.0343541 -367.0470335 -161.9590036 -215.0230469 77.7285572 -218.1044713 -114.6404732 -19.6218565 15.7453791 -282.0499960 -168.0068817 189.3204167 61.2497543 -351.6950629 -108.9802240 -355.7710603 -104.5772426 -350.0552770 -107.4622156 -353.9380496 -102.8803590 -353.5233945 -102.5590030 -351.4467541 -101.2227740 -191.2136928 -175.3530600 -148.5727091 -179.6608627 -146.3252855 -173.5626310 -95.1499400 -180.6457465 -57.7909530 -187.0929785 -258.5288788 -121.4126285 -48.0290101 -196.9256148 -46.0335369 -191.2671621 -31.8994717 -196.2515898 39.9259662 -217.9353073 -182.7573937 -99.6631885 -182.2492145 -99.6401907 91.5428983 -207.4890681 154.3917387 -192.1189958 -3.9378930 -188.3500041 227.2090057 -158.6303626 247.9291642 -156.4772335 54.0433908 -170.3755472 50.2939134 -165.6913803 63.5775016 -153.0880012 65.7187572 -148.5744225 74.5472061 -127.5179848 337.1372466 -104.2058042 332.3142738 -100.6366401 73.7337727 -122.4235650 67.8096425 -123.3747125 73.3377993 -119.9572830 323.1130531 -80.5338521 320.0118376 -85.6702383 309.9759775 -68.4916692 303.4859322 -68.9176556 303.5764652 -44.6497634 304.4162030 -42.3689399 305.1073030 -41.2869602 -113.6933980 58.7613882 -135.3371508 59.7481015 361.9316417 -25.1599596 -156.0733271 62.7396568 370.0897788 -13.8093407 -181.8888881 46.4002219 -188.6705309 43.2122130 -218.2479982 38.9357013 -231.0372072 33.7653115 -241.0947480 36.8514617 -263.2353688 57.9613376 -273.9070416 79.5346716 -276.4029763 70.2296996 -282.0611637 68.2333241</float_array><technique_common><accessor source="#uv-array" count="2144" stride="2"><param name="S" type="float" /><param name="T" type="float" /></accessor></technique_common></source><source id="normals"><float_array id="normals-array" count="3">0.0000000 0.0000000 1.0000000</float_array><technique_common><accessor source="#normals-array" count="1" stride="3"><param name="X" type="float" /><param name="Y" type="float" /><param name="Z" type="float" /></accessor></technique_common></source><vertices id="road-vertices"><input semantic="POSITION" source="#positions" /></vertices><triangles count="2144" material="asphalt"><input semantic="VERTEX" source="#road-vertices" offset="0" /><input semantic="TEXCOORD" source="#uv" offset="1" set="0" /><input semantic="NORMAL" source="#normals" offset="2" /><p>0 0 0 1 1 0 2 2 0 3 3 0 0 0 0 2 2 0 4 4 0 5 5 0 6 6 0 7 7 0 8 8 0 9 9 0 10 10 0 7 7 0 11 11 0 12 12 0 13 13 0 14 14 0 15 15 0 16 16 0 12 12 0 16 16 0 17 17 0 18 18 0 19 19 0 20 20 0 21 21 0 22 22 0 23 23 0 24 24 0 25 25 0 26 26 0 27 27 0 28 28 0 29 29 0 30 30 0 31 31 0 32 32 0 33 33 0 34 34 0 35 35 0 36 36 0 37 37 0 38 38 0 35 35 0 39 39 0 40 40 0 41 41 0 42 42 0 43 43 0 44 44 0 45 45 0 46 46 0 47 47 0 48 48 0 49 49 0 50 50 0 51 51 0 52 52 0 50 50 0 53 53 0 54 54 0 55 55 0 56 56 0 57 57 0 58 58 0 59 59 0 60 60 0 56 56 0 61 61 0 62 62 0 63 63 0 62 62 0 64 64 0 65 65 0 66 66 0 65 65 0 67 67 0 68 68 0 66 66 0 69 69 0 69 69 0 70 70 0 71 71 0 72 72 0 73 73 0 70 70 0 70 70 0 74 74 0 72 72 0 75 75 0 72 72 0 76 76 0 71 71 0 77 77 0 69 69 0 78 78 0 79 79 0 80 80 0 81 81 0 82 82 0 79 79 0 83 83 0 84 84 0 85 85 0 83 83 0 85 85 0 86 86 0 87 87 0 88 88 0 89 89 0 89 89 0 90 90 0 87 87 0 91 91 0 92 92 0 93 93 0 94 94 0 95 95 0 96 96 0 97 97 0 98 98 0 95 95 0 95 95 0 99 99 0 97 97 0 100 100 0 101 101 0 102 102 0 103 103 0 104 104 0 105 105 0 106 106 0 107 107 0 108 108 0 104 104 0 109 109 0 110 110 0 111 111 0 108 108 0 107 107 0 112 112 0 113 113 0 114 114 0 115 115 0 116 116 0 117 117 0 117 117 0 118 118 0 115 115 0 119 119 0 120 120 0 121 121 0 121 121 0 122 122 0 119 119 0 123 123 0 124 124 0 122 122 0 125 125 0 126 126 0 127 127 0 128 128 0 129 129 0 130 130 0 125 125 0 131 131 0 128 128 0 132 132 0 133 133 0 134 134 0 134 134 0 135 135 0 132 132 0 136 136 0 137 137 0 135 135 0 138 138 0 139 139 0 140 140 0 141 141 0 142 142 0 143 143 0 144 144 0 145 145 0 146 146 0 147 147 0 148 148 0 149 149 0 150 150 0 151 151 0 152 152 0 153 153 0 154 154 0 155 155 0 156 156 0 157 157 0 158 158 0 159 159 0 160 160 0 161 161 0 162 162 0 163 163 0 164 164 0 165 165 0 166 166 0 167 167 0 168 168 0 169 169 0 170 170 0 171 171 0 172 172 0 173 173 0 174 174 0 175 175 0 176 176 0 177 177 0 178 178 0 179 179 0 180 180 0 181 181 0 182 182 0 183 183 0 184 184 0 185 185 0 186 186 0 187 187 0 188 188 0 189 189 0 190 190 0 191 191 0 192 192 0 193 193 0 194 194 0 195 195 0 196 196 0 197 197 0 198 198 0 199 199 0 200 200 0 201 201 0 202 202 0 203 203 0 204 204 0 205 205 0 206 206 0 207 207 0 208 208 0 209 209 0 210 210 0 211 211 0 212 212 0 213 213 0 214 214 0 215 215 0 216 216 0 217 217 0 218 218 0 219 219 0 220 220 0 221 221 0 222 222 0 223 223 0 224 224 0 225 225 0 226 226 0 227 227 0 228 228 0 229 229 0 230 230 0 231 231 0 232 232 0 233 233 0 234 234 0 235 235 0 236 236 0 237 237 0 238 238 0 239 239 0 240 240 0 241 241 0 242 242 0 243 243 0 244 244 0 245 245 0 246 246 0 243 243 0 247 247 0 248 248 0 246 246 0 249 249 0 250 250 0 251 251 0 252 252 0 251 251 0 253 253 0 254 254 0 255 255 0 256 256 0 257 257 0 258 258 0 259 259 0 260 260 0 261 261 0 262 262 0 263 263 0 264 264 0 265 265 0 266 266 0 265 265 0 267 267 0 268 268 0 267 267 0 269 269 0 270 270 0 271 271 0 272 272 0 273 273 0 274 274 0 275 275 0 276 276 0 275 275 0 277 277 0 278 278 0 279 279 0 280 280 0 281 281 0 282 282 0 283 283 0 284 284 0 285 285 0 286 286 0 287 287 0 288 288 0 289 289 0 290 290 0 291 291 0 290 290 0 292 292 0 293 293 0 294 294 0 295 295 0 296 296 0 297 297 0 298 298 0 299 299 0 300 300 0 301 301 0 302 302 0 303 303 0 304 304 0 305 305 0 306 306 0 307 307 0 308 308 0 309 309 0 310 310 0 311 311 0 312 312 0 313 313 0 314 314 0 315 315 0 316 316 0 317 317 0 314 314 0 318 318 0 319 319 0 317 317 0 320 320 0 321 321 0 322 322 0 323 323 0 324 324 0 325 325 0 326 326 0 327 327 0 328 328 0 329 329 0 330 330 0 331 331 0 332 332 0 331 331 0 333 333 0 334 334 0 335 335 0 336 336 0 337 337 0 338 338 0 339 339 0 340 340 0 341 341 0 342 342 0 343 343 0 344 344 0 345 345 0 346 346 0 346 346 0 347 347 0 348 348 0 349 349 0 350 350 0 351 351 0 351 351 0 348 348 0 349 349 0 352 352 0 353 353 0 354 354 0 355 355 0 356 356 0 357 357 0 358 358 0 359 359 0 360 360 0 359 359 0 361 361 0 362 362 0 363 363 0 364 364 0 361 361 0 365 365 0 366 366 0 367 367 0 368 368 0 369 369 0 370 370 0 371 371 0 372 372 0 373 373 0 374 374 0 375 375 0 376 376 0 377 377 0 378 378 0 379 379 0 380 380 0 381 381 0 382 382 0 383 383 0 384 384 0 385 385 0 386 386 0 387 387 0 388 388 0 389 389 0 390 390 0 391 391 0 392 392 0 393 393 0 394 394 0 393 393 0 395 395 0 394 394 0 392 392 0 396 396 0 393 393 0 397 397 0 398 398 0 399 399 0 400 400 0 401 401 0 402 402 0 403 403 0 404 404 0 405 405 0 406 406 0 407 407 0 408 408 0 409 409 0 408 408 0 407 407 0 410 410 0 411 411 0 412 412 0 412 412 0 413 413 0 410 410 0 414 414 0 415 415 0 416 416 0 417 417 0 418 418 0 419 419 0 420 420 0 416 416 0 415 415 0 416 416 0 421 421 0 422 422 0 417 417 0 420 420 0 415 415 0 415 415 0 418 418 0 417 417 0 423 423 0 424 424 0 425 425 0 423 423 0 425 425 0 426 426 0 427 427 0 428 428 0 424 424 0 429 429 0 430 430 0 431 431 0 432 432 0 433 433 0 434 434 0 435 435 0 436 436 0 437 437 0 438 438 0 439 439 0 440 440 0 441 441 0 442 442 0 439 439 0 443 443 0 444 444 0 445 445 0 446 446 0 447 447 0 448 448 0 449 449 0 450 450 0 451 451 0 452 452 0 453 453 0 454 454 0 455 455 0 452 452 0 456 456 0 454 454 0 456 456 0 452 452 0 453 453 0 457 457 0 458 458 0 457 457 0 459 459 0 460 460 0 457 457 0 461 461 0 459 459 0 462 462 0 463 463 0 464 464 0 465 465 0 466 466 0 463 463 0 467 467 0 468 468 0 469 469 0 469 469 0 470 470 0 467 467 0 469 469 0 471 471 0 470 470 0 472 472 0 473 473 0 474 474 0 475 475 0 476 476 0 477 477 0 478 478 0 479 479 0 480 480 0 481 481 0 482 482 0 483 483 0 482 482 0 484 484 0 485 485 0 482 482 0 485 485 0 486 486 0 487 487 0 488 488 0 489 489 0 490 490 0 491 491 0 492 492 0 493 493 0 494 494 0 495 495 0 496 496 0 497 497 0 498 498 0 499 499 0 500 500 0 501 501 0 502 502 0 503 503 0 504 504 0 505 505 0 506 506 0 507 507 0 508 508 0 509 509 0 510 510 0 511 511 0 512 512 0 513 513 0 514 514 0 515 515 0 512 512 0 516 516 0 517 517 0 518 518 0 519 519 0 520 520 0 521 521 0 522 522 0 523 523 0 524 524 0 525 525 0 526 526 0 527 527 0 524 524 0 525 525 0 527 527 0 528 528 0 521 521 0 520 520 0 520 520 0 529 529 0 530 530 0 531 531 0 532 532 0 529 529 0 533 533 0 534 534 0 535 535 0 536 536 0 537 537 0 538 538 0 539 539 0 535 535 0 534 534 0 540 540 0 541 541 0 542 542 0 543 543 0 533 533 0 535 535 0 544 544 0 545 545 0 546 546 0 547 547 0 548 548 0 549 549 0 550 550 0 551 551 0 552 552 0 553 553 0 554 554 0 555 555 0 556 556 0 557 557 0 554 554 0 558 558 0 556 556 0 559 559 0 560 560 0 561 561 0 559 559 0 562 562 0 563 563 0 564 564 0 565 565 0 566 566 0 562 562 0 567 567 0 568 568 0 569 569 0 570 570 0 571 571 0 572 572 0 572 572 0 573 573 0 570 570 0 573 573 0 574 574 0 570 570 0 575 575 0 576 576 0 577 577 0 578 578 0 579 579 0 580 580 0 581 581 0 582 582 0 583 583 0 584 584 0 581 581 0 583 583 0 580 580 0 585 585 0 578 578 0 586 586 0 580 580 0 579 579 0 587 587 0 588 588 0 589 589 0 590 590 0 591 591 0 592 592 0 593 593 0 594 594 0 595 595 0 596 596 0 595 595 0 594 594 0 594 594 0 597 597 0 596 596 0 590 590 0 592 592 0 598 598 0 599 599 0 600 600 0 601 601 0 602 602 0 603 603 0 604 604 0 605 605 0 606 606 0 603 603 0 603 603 0 607 607 0 605 605 0 608 608 0 609 609 0 610 610 0 611 611 0 612 612 0 613 613 0 614 614 0 615 615 0 616 616 0 617 617 0 618 618 0 619 619 0 620 620 0 621 621 0 622 622 0 620 620 0 623 623 0 621 621 0 624 624 0 625 625 0 626 626 0 627 627 0 628 628 0 629 629 0 630 630 0 631 631 0 632 632 0 633 633 0 634 634 0 635 635 0 636 636 0 637 637 0 638 638 0 639 639 0 640 640 0 641 641 0 639 639 0 638 638 0 640 640 0 642 642 0 643 643 0 644 644 0 645 645 0 646 646 0 647 647 0 648 648 0 649 649 0 650 650 0 651 651 0 650 650 0 649 649 0 649 649 0 652 652 0 651 651 0 650 650 0 653 653 0 648 648 0 654 654 0 655 655 0 656 656 0 657 657 0 658 658 0 659 659 0 660 660 0 661 661 0 662 662 0 663 663 0 664 664 0 665 665 0 666 666 0 667 667 0 668 668 0 669 669 0 670 670 0 671 671 0 672 672 0 673 673 0 674 674 0 675 675 0 672 672 0 676 676 0 677 677 0 678 678 0 679 679 0 680 680 0 681 681 0 682 682 0 683 683 0 680 680 0 684 684 0 685 685 0 686 686 0 687 687 0 687 687 0 688 688 0 685 685 0 688 688 0 689 689 0 690 690 0 691 691 0 692 692 0 693 693 0 689 689 0 694 694 0 695 695 0 696 696 0 697 697 0 698 698 0 698 698 0 699 699 0 696 696 0 697 697 0 693 693 0 692 692 0 693 693 0 700 700 0 691 691 0 701 701 0 702 702 0 703 703 0 704 704 0 705 705 0 706 706 0 705 705 0 707 707 0 708 708 0 709 709 0 710 710 0 711 711 0 712 712 0 713 713 0 714 714 0 715 715 0 712 712 0 714 714 0 714 714 0 716 716 0 715 715 0 716 716 0 714 714 0 717 717 0 718 718 0 719 719 0 720 720 0 721 721 0 722 722 0 723 723 0 724 724 0 725 725 0 726 726 0 724 724 0 727 727 0 725 725 0 728 728 0 729 729 0 727 727 0 724 724 0 726 726 0 730 730 0 731 731 0 732 732 0 733 733 0 734 734 0 735 735 0 736 736 0 737 737 0 738 738 0 739 739 0 740 740 0 741 741 0 742 742 0 743 743 0 744 744 0 745 745 0 744 744 0 740 740 0 745 745 0 746 746 0 747 747 0 748 748 0 746 746 0 748 748 0 749 749 0 750 750 0 751 751 0 752 752 0 750 750 0 753 753 0 751 751 0 754 754 0 755 755 0 756 756 0 755 755 0 757 757 0 758 758 0 759 759 0 760 760 0 761 761 0 747 747 0 746 746 0 762 762 0 763 763 0 764 764 0 765 765 0 766 766 0 765 765 0 764 764 0 767 767 0 768 768 0 769 769 0 770 770 0 771 771 0 772 772 0 735 735 0 773 773 0 774 774 0 735 735 0 734 734 0 773 773 0 732 732 0 731 731 0 775 775 0 776 776 0 777 777 0 778 778 0 779 779 0 780 780 0 781 781 0 782 782 0 783 783 0 784 784 0 719 719 0 785 785 0 721 721 0 786 786 0 787 787 0 788 788 0 789 789 0 790 790 0 786 786 0 790 790 0 791 791 0 792 792 0 793 793 0 792 792 0 794 794 0 684 684 0 793 793 0 794 794 0 795 795 0 796 796 0 797 797 0 798 798 0 797 797 0 796 796 0 799 799 0 800 800 0 801 801 0 800 800 0 802 802 0 803 803 0 804 804 0 805 805 0 806 806 0 806 806 0 807 807 0 804 804 0 807 807 0 808 808 0 809 809 0 810 810 0 811 811 0 812 812 0 813 813 0 814 814 0 815 815 0 815 815 0 816 816 0 817 817 0 818 818 0 819 819 0 820 820 0 821 821 0 818 818 0 820 820 0 820 820 0 822 822 0 821 821 0 823 823 0 824 824 0 822 822 0 819 819 0 825 825 0 826 826 0 664 664 0 663 663 0 666 666 0 661 661 0 827 827 0 828 828 0 661 661 0 828 828 0 829 829 0 661 661 0 660 660 0 827 827 0 659 659 0 830 830 0 657 657 0 655 655 0 654 654 0 831 831 0 832 832 0 648 648 0 833 833 0 646 646 0 645 645 0 834 834 0 835 835 0 636 636 0 836 836 0 644 644 0 633 633 0 837 837 0 635 635 0 838 838 0 839 839 0 631 631 0 630 630 0 840 840 0 628 628 0 627 627 0 841 841 0 625 625 0 624 624 0 842 842 0 619 619 0 843 843 0 844 844 0 615 615 0 614 614 0 845 845 0 612 612 0 611 611 0 846 846 0 847 847 0 848 848 0 849 849 0 850 850 0 851 851 0 852 852 0 853 853 0 854 854 0 855 855 0 591 591 0 590 590 0 856 856 0 598 598 0 594 594 0 857 857 0 582 582 0 858 858 0 859 859 0 860 860 0 859 859 0 861 861 0 862 862 0 863 863 0 864 864 0 577 577 0 862 862 0 865 865 0 551 551 0 866 866 0 867 867 0 552 552 0 547 547 0 868 868 0 869 869 0 870 870 0 871 871 0 546 546 0 872 872 0 544 544 0 535 535 0 873 873 0 543 543 0 542 542 0 874 874 0 540 540 0 875 875 0 540 540 0 876 876 0 877 877 0 878 878 0 879 879 0 529 529 0 880 880 0 531 531 0 881 881 0 882 882 0 883 883 0 523 523 0 884 884 0 885 885 0 886 886 0 887 887 0 888 888 0 887 887 0 889 889 0 890 890 0 891 891 0 892 892 0 893 893 0 894 894 0 895 895 0 893 893 0 895 895 0 896 896 0 897 897 0 898 898 0 897 897 0 899 899 0 900 900 0 898 898 0 901 901 0 901 901 0 902 902 0 903 903 0 904 904 0 905 905 0 906 906 0 514 514 0 904 904 0 907 907 0 510 510 0 505 505 0 908 908 0 507 507 0 909 909 0 910 910 0 503 503 0 502 502 0 911 911 0 501 501 0 912 912 0 913 913 0 498 498 0 914 914 0 915 915 0 494 494 0 493 493 0 916 916 0 491 491 0 490 490 0 917 917 0 488 488 0 487 487 0 918 918 0 480 480 0 919 919 0 478 478 0 920 920 0 921 921 0 922 922 0 476 476 0 475 475 0 923 923 0 471 471 0 924 924 0 472 472 0 925 925 0 926 926 0 927 927 0 928 928 0 929 929 0 930 930 0 931 931 0 930 930 0 929 929 0 930 930 0 932 932 0 928 928 0 933 933 0 934 934 0 446 446 0 446 446 0 935 935 0 933 933 0 936 936 0 937 937 0 938 938 0 939 939 0 936 936 0 938 938 0 938 938 0 940 940 0 939 939 0 940 940 0 941 941 0 942 942 0 442 442 0 441 441 0 943 943 0 442 442 0 943 943 0 944 944 0 439 439 0 438 438 0 441 441 0 945 945 0 946 946 0 947 947 0 948 948 0 949 949 0 950 950 0 949 949 0 951 951 0 950 950 0 952 952 0 953 953 0 436 436 0 436 436 0 954 954 0 952 952 0 436 436 0 435 435 0 954 954 0 955 955 0 956 956 0 957 957 0 955 955 0 958 958 0 956 956 0 433 433 0 432 432 0 959 959 0 960 960 0 961 961 0 962 962 0 428 428 0 427 427 0 960 960 0 424 424 0 423 423 0 963 963 0 964 964 0 965 965 0 966 966 0 967 967 0 968 968 0 969 969 0 970 970 0 412 412 0 971 971 0 972 972 0 973 973 0 974 974 0 404 404 0 974 974 0 973 973 0 397 397 0 975 975 0 401 401 0 976 976 0 398 398 0 397 397 0 977 977 0 978 978 0 979 979 0 977 977 0 979 979 0 980 980 0 981 981 0 982 982 0 983 983 0 984 984 0 985 985 0 981 981 0 986 986 0 987 987 0 988 988 0 989 989 0 990 990 0 991 991 0 992 992 0 993 993 0 990 990 0 387 387 0 386 386 0 994 994 0 385 385 0 380 380 0 995 995 0 379 379 0 996 996 0 377 377 0 350 350 0 354 354 0 353 353 0 342 342 0 338 338 0 997 997 0 333 333 0 337 337 0 336 336 0 998 998 0 242 242 0 241 241 0 999 999 0 1000 1000 0 1001 1001 0 1002 1002 0 1003 1003 0 1004 1004 0 1005 1005 0 1006 1006 0 1007 1007 0 1007 1007 0 1008 1008 0 1005 1005 0 1006 1006 0 1009 1009 0 1007 1007 0 1009 1009 0 1010 1010 0 1011 1011 0 1012 1012 0 1013 1013 0 1014 1014 0 1015 1015 0 1016 1016 0 1017 1017 0 1018 1018 0 1019 1019 0 1020 1020 0 1021 1021 0 1022 1022 0 1023 1023 0 239 239 0 1024 1024 0 237 237 0 1001 1001 0 1025 1025 0 999 999 0 1026 1026 0 234 234 0 236 236 0 1027 1027 0 1028 1028 0 1029 1029 0 1028 1028 0 231 231 0 1030 1030 0 1031 1031 0 233 233 0 1032 1032 0 229 229 0 1033 1033 0 230 230 0 1033 1033 0 227 227 0 226 226 0 1004 1004 0 225 225 0 1002 1002 0 1034 1034 0 1035 1035 0 1036 1036 0 1037 1037 0 1038 1038 0 1039 1039 0 185 185 0 1040 1040 0 183 183 0 1041 1041 0 183 183 0 1042 1042 0 1041 1041 0 1042 1042 0 1043 1043 0 1044 1044 0 1045 1045 0 1046 1046 0 1045 1045 0 1047 1047 0 1048 1048 0 191 191 0 1049 1049 0 189 189 0 1047 1047 0 1050 1050 0 1051 1051 0 1052 1052 0 1053 1053 0 1054 1054 0 1055 1055 0 1052 1052 0 1054 1054 0 1056 1056 0 1057 1057 0 1055 1055 0 202 202 0 201 201 0 1058 1058 0 1059 1059 0 1060 1060 0 223 223 0 1061 1061 0 1062 1062 0 1063 1063 0 205 205 0 204 204 0 1064 1064 0 1065 1065 0 1066 1066 0 1067 1067 0 1066 1066 0 1068 1068 0 1067 1067 0 211 211 0 210 210 0 1069 1069 0 211 211 0 1069 1069 0 213 213 0 1070 1070 0 1071 1071 0 1072 1072 0 1073 1073 0 1070 1070 0 1074 1074 0 1075 1075 0 1073 1073 0 1076 1076 0 1077 1077 0 1075 1075 0 1076 1076 0 1078 1078 0 1077 1077 0 1079 1079 0 1080 1080 0 1078 1078 0 1060 1060 0 1081 1081 0 1080 1080 0 1060 1060 0 1060 1060 0 1059 1059 0 1081 1081 0 223 223 0 222 222 0 1082 1082 0 220 220 0 219 219 0 1083 1083 0 1072 1072 0 1074 1074 0 1070 1070 0 197 197 0 1084 1084 0 195 195 0 1085 1085 0 1086 1086 0 1084 1084 0 1085 1085 0 1087 1087 0 1086 1086 0 193 193 0 192 192 0 1087 1087 0 1088 1088 0 1089 1089 0 1090 1090 0 1091 1091 0 1088 1088 0 1092 1092 0 1093 1093 0 1091 1091 0 1094 1094 0 1095 1095 0 1096 1096 0 1097 1097 0 1098 1098 0 1097 1097 0 1096 1096 0 1099 1099 0 998 998 0 1098 1098 0 178 178 0 177 177 0 1100 1100 0 241 241 0 1101 1101 0 998 998 0 175 175 0 174 174 0 1102 1102 0 1103 1103 0 171 171 0 1104 1104 0 169 169 0 168 168 0 1105 1105 0 1106 1106 0 1107 1107 0 1108 1108 0 160 160 0 159 159 0 1109 1109 0 1110 1110 0 1111 1111 0 1112 1112 0 1113 1113 0 1114 1114 0 1115 1115 0 151 151 0 150 150 0 1116 1116 0 145 145 0 1117 1117 0 147 147 0 1118 1118 0 1119 1119 0 144 144 0 143 143 0 1120 1120 0 141 141 0 140 140 0 1121 1121 0 138 138 0 1122 1122 0 136 136 0 1123 1123 0 1124 1124 0 121 121 0 1125 1125 0 104 104 0 111 111 0 107 107 0 105 105 0 1126 1126 0 103 103 0 1127 1127 0 1128 1128 0 1129 1129 0 1130 1130 0 1131 1131 0 1132 1132 0 84 84 0 83 83 0 1133 1133 0 1134 1134 0 1135 1135 0 1136 1136 0 1137 1137 0 1134 1134 0 1138 1138 0 1139 1139 0 1140 1140 0 1141 1141 0 1142 1142 0 1143 1143 0 1144 1144 0 1143 1143 0 1145 1145 0 1146 1146 0 1147 1147 0 1146 1146 0 1148 1148 0 1149 1149 0 60 60 0 1150 1150 0 60 60 0 1151 1151 0 1150 1150 0 1152 1152 0 1153 1153 0 1154 1154 0 1155 1155 0 1156 1156 0 1154 1154 0 1154 1154 0 1157 1157 0 1155 1155 0 51 51 0 1158 1158 0 1159 1159 0 1160 1160 0 1161 1161 0 1162 1162 0 1163 1163 0 1160 1160 0 46 46 0 46 46 0 1164 1164 0 1163 1163 0 1165 1165 0 1162 1162 0 1166 1166 0 1167 1167 0 1168 1168 0 1169 1169 0 37 37 0 1167 1167 0 1169 1169 0 1169 1169 0 38 38 0 37 37 0 1170 1170 0 1171 1171 0 1172 1172 0 1173 1173 0 1174 1174 0 32 32 0 32 32 0 1175 1175 0 1173 1173 0 32 32 0 31 31 0 1175 1175 0 26 26 0 25 25 0 1176 1176 0 23 23 0 22 22 0 1177 1177 0 20 20 0 19 19 0 1178 1178 0 17 17 0 16 16 0 1179 1179 0 1 1 0 1180 1180 0 1181 1181 0 1182 1182 0 1183 1183 0 1184 1184 0 1185 1185 0 1184 1184 0 1183 1183 0 1186 1186 0 1187 1187 0 1188 1188 0 1189 1189 0 1190 1190 0 1186 1186 0 1191 1191 0 1192 1192 0 1190 1190 0 1193 1193 0 1194 1194 0 1195 1195 0 1193 1193 0 1195 1195 0 1196 1196 0 1190 1190 0 1197 1197 0 1191 1191 0 1198 1198 0 1199 1199 0 1200 1200 0 1201 1201 0 1202 1202 0 1203 1203 0 1204 1204 0 1205 1205 0 1206 1206 0 1207 1207 0 1208 1208 0 1209 1209 0 1210 1210 0 1211 1211 0 1212 1212 0 1213 1213 0 1214 1214 0 1215 1215 0 1216 1216 0 1217 1217 0 1218 1218 0 1219 1219 0 1220 1220 0 1221 1221 0 1222 1222 0 1223 1223 0 1224 1224 0 1225 1225 0 1226 1226 0 1227 1227 0 1226 1226 0 1228 1228 0 1229 1229 0 1228 1228 0 1230 1230 0 1231 1231 0 1232 1232 0 1233 1233 0 1234 1234 0 1234 1234 0 1235 1235 0 1232 1232 0 1236 1236 0 1237 1237 0 1238 1238 0 1236 1236 0 1239 1239 0 1240 1240 0 1241 1241 0 1242 1242 0 1243 1243 0 1243 1243 0 1244 1244 0 1241 1241 0 1245 1245 0 1246 1246 0 1247 1247 0 1248 1248 0 1249 1249 0 1250 1250 0 1248 1248 0 1251 1251 0 1249 1249 0 1252 1252 0 1253 1253 0 1254 1254 0 1255 1255 0 1256 1256 0 1257 1257 0 1258 1258 0 1259 1259 0 1260 1260 0 1261 1261 0 1262 1262 0 1263 1263 0 1264 1264 0 1265 1265 0 1266 1266 0 1267 1267 0 1268 1268 0 1269 1269 0 1270 1270 0 1271 1271 0 1272 1272 0 1268 1268 0 1273 1273 0 1271 1271 0 1274 1274 0 1270 1270 0 1272 1272 0 1275 1275 0 1276 1276 0 1274 1274 0 1277 1277 0 1278 1278 0 1279 1279 0 1277 1277 0 1280 1280 0 1278 1278 0 1281 1281 0 1282 1282 0 1283 1283 0 1283 1283 0 1284 1284 0 1281 1281 0 1283 1283 0 1285 1285 0 1284 1284 0 1286 1286 0 1287 1287 0 1288 1288 0 1289 1289 0 1290 1290 0 1291 1291 0 1292 1292 0 1293 1293 0 1294 1294 0 1294 1294 0 1295 1295 0 1292 1292 0 1294 1294 0 1296 1296 0 1295 1295 0 1297 1297 0 1298 1298 0 1299 1299 0 1300 1300 0 1301 1301 0 1302 1302 0 1302 1302 0 1303 1303 0 1300 1300 0 1301 1301 0 1304 1304 0 1302 1302 0 1305 1305 0 1306 1306 0 1307 1307 0 1308 1308 0 1309 1309 0 1310 1310 0 1311 1311 0 1312 1312 0 1313 1313 0 1314 1314 0 1315 1315 0 1316 1316 0 1317 1317 0 1318 1318 0 1319 1319 0 1320 1320 0 1317 1317 0 1319 1319 0 1319 1319 0 1321 1321 0 1320 1320 0 1322 1322 0 1323 1323 0 1324 1324 0 1325 1325 0 1326 1326 0 1327 1327 0 1328 1328 0 1329 1329 0 1330 1330 0 1330 1330 0 1331 1331 0 1328 1328 0 1330 1330 0 1332 1332 0 1331 1331 0 1333 1333 0 1334 1334 0 1335 1335 0 1336 1336 0 1337 1337 0 1338 1338 0 1338 1338 0 1339 1339 0 1336 1336 0 1340 1340 0 1341 1341 0 1342 1342 0 1343 1343 0 1344 1344 0 1345 1345 0 1346 1346 0 1347 1347 0 1348 1348 0 1349 1349 0 1350 1350 0 1351 1351 0 1352 1352 0 1353 1353 0 1354 1354 0 1355 1355 0 1356 1356 0 1357 1357 0 1358 1358 0 1359 1359 0 1360 1360 0 1361 1361 0 1362 1362 0 1363 1363 0 1362 1362 0 1364 1364 0 1365 1365 0 1366 1366 0 1367 1367 0 1368 1368 0 1369 1369 0 1366 1366 0 1370 1370 0 1371 1371 0 1372 1372 0 1373 1373 0 1374 1374 0 1375 1375 0 1376 1376 0 1377 1377 0 1378 1378 0 1379 1379 0 1377 1377 0 1380 1380 0 1378 1378 0 1377 1377 0 1376 1376 0 1380 1380 0 1381 1381 0 1382 1382 0 1383 1383 0 1384 1384 0 1385 1385 0 1386 1386 0 1387 1387 0 1388 1388 0 1389 1389 0 1390 1390 0 1391 1391 0 1392 1392 0 1393 1393 0 1394 1394 0 1395 1395 0 1396 1396 0 1397 1397 0 1398 1398 0 1399 1399 0 1400 1400 0 1401 1401 0 1401 1401 0 1402 1402 0 1399 1399 0 1402 1402 0 1403 1403 0 1399 1399 0 1404 1404 0 1405 1405 0 1406 1406 0 1406 1406 0 1407 1407 0 1404 1404 0 1405 1405 0 1408 1408 0 1406 1406 0 1409 1409 0 1410 1410 0 1411 1411 0 1409 1409 0 1412 1412 0 1410 1410 0 1413 1413 0 1414 1414 0 1415 1415 0 1415 1415 0 1416 1416 0 1413 1413 0 1417 1417 0 1418 1418 0 1416 1416 0 1419 1419 0 1420 1420 0 1421 1421 0 1422 1422 0 1423 1423 0 1424 1424 0 1422 1422 0 1424 1424 0 1425 1425 0 1426 1426 0 1427 1427 0 1423 1423 0 1428 1428 0 1429 1429 0 1430 1430 0 1428 1428 0 1431 1431 0 1429 1429 0 1428 1428 0 1432 1432 0 1431 1431 0 1433 1433 0 1434 1434 0 1435 1435 0 1436 1436 0 1437 1437 0 1438 1438 0 1439 1439 0 1440 1440 0 1441 1441 0 1442 1442 0 1443 1443 0 1444 1444 0 1445 1445 0 1446 1446 0 1447 1447 0 1448 1448 0 1447 1447 0 1449 1449 0 1450 1450 0 1451 1451 0 1452 1452 0 1453 1453 0 758 758 0 757 757 0 758 758 0 756 756 0 755 755 0 757 757 0 1454 1454 0 1455 1455 0 1456 1456 0 1455 1455 0 1454 1454 0 1457 1457 0 1458 1458 0 1459 1459 0 1460 1460 0 1461 1461 0 1462 1462 0 1462 1462 0 1463 1463 0 1460 1460 0 1464 1464 0 1465 1465 0 1466 1466 0 1466 1466 0 1467 1467 0 1464 1464 0 1468 1468 0 1469 1469 0 1470 1470 0 1471 1471 0 1472 1472 0 1473 1473 0 1451 1451 0 1450 1450 0 1474 1474 0 1475 1475 0 1476 1476 0 1477 1477 0 1477 1477 0 1478 1478 0 1475 1475 0 1479 1479 0 1448 1448 0 1480 1480 0 1447 1447 0 1481 1481 0 1482 1482 0 1483 1483 0 1484 1484 0 1481 1481 0 1481 1481 0 1485 1485 0 1483 1483 0 1486 1486 0 1487 1487 0 1443 1443 0 1443 1443 0 1488 1488 0 1486 1486 0 1489 1489 0 1490 1490 0 1488 1488 0 1491 1491 0 1492 1492 0 1493 1493 0 1493 1493 0 1494 1494 0 1491 1491 0 1495 1495 0 1439 1439 0 1496 1496 0 1497 1497 0 1498 1498 0 1499 1499 0 1438 1438 0 1500 1500 0 1501 1501 0 1500 1500 0 1502 1502 0 1503 1503 0 1504 1504 0 1505 1505 0 1506 1506 0 1506 1506 0 1507 1507 0 1504 1504 0 1434 1434 0 1433 1433 0 1508 1508 0 1427 1427 0 1509 1509 0 1510 1510 0 1427 1427 0 1426 1426 0 1509 1509 0 1511 1511 0 1415 1415 0 1512 1512 0 1513 1513 0 1514 1514 0 1515 1515 0 1514 1514 0 1409 1409 0 1516 1516 0 1517 1517 0 1407 1407 0 1518 1518 0 1519 1519 0 1520 1520 0 1521 1521 0 1522 1522 0 1523 1523 0 1519 1519 0 1524 1524 0 1525 1525 0 1526 1526 0 1527 1527 0 1528 1528 0 1529 1529 0 1525 1525 0 1527 1527 0 1529 1529 0 1530 1530 0 1531 1531 0 1524 1524 0 1531 1531 0 1532 1532 0 1533 1533 0 1394 1394 0 1534 1534 0 1532 1532 0 1535 1535 0 1536 1536 0 1537 1537 0 1392 1392 0 1538 1538 0 1536 1536 0 1539 1539 0 1540 1540 0 1541 1541 0 1542 1542 0 1543 1543 0 1544 1544 0 1545 1545 0 1544 1544 0 1543 1543 0 1546 1546 0 1547 1547 0 1548 1548 0 1547 1547 0 1549 1549 0 1548 1548 0 1550 1550 0 1548 1548 0 1549 1549 0 1385 1385 0 1551 1551 0 1552 1552 0 1385 1385 0 1553 1553 0 1551 1551 0 1554 1554 0 1555 1555 0 1384 1384 0 1375 1375 0 1374 1374 0 1556 1556 0 1381 1381 0 1557 1557 0 1558 1558 0 1373 1373 0 1559 1559 0 1371 1371 0 1373 1373 0 1560 1560 0 1559 1559 0 1369 1369 0 1370 1370 0 1561 1561 0 1363 1363 0 1562 1562 0 1563 1563 0 1564 1564 0 1355 1355 0 1565 1565 0 1566 1566 0 1354 1354 0 1353 1353 0 1354 1354 0 1567 1567 0 1568 1568 0 1567 1567 0 1569 1569 0 1570 1570 0 1571 1571 0 1570 1570 0 1572 1572 0 1573 1573 0 1351 1351 0 1350 1350 0 1574 1574 0 1575 1575 0 1576 1576 0 1348 1348 0 1577 1577 0 1346 1346 0 1578 1578 0 1579 1579 0 1580 1580 0 1344 1344 0 1343 1343 0 1581 1581 0 1582 1582 0 1333 1333 0 1583 1583 0 1584 1584 0 1340 1340 0 1585 1585 0 1586 1586 0 1587 1587 0 1588 1588 0 1589 1589 0 1590 1590 0 1586 1586 0 1590 1590 0 1591 1591 0 1592 1592 0 1319 1319 0 1593 1593 0 1321 1321 0 1594 1594 0 1314 1314 0 1595 1595 0 1596 1596 0 1597 1597 0 1598 1598 0 1313 1313 0 1599 1599 0 1311 1311 0 1308 1308 0 1313 1313 0 1309 1309 0 1306 1306 0 1600 1600 0 1601 1601 0 1602 1602 0 1301 1301 0 1603 1603 0 1604 1604 0 1605 1605 0 1606 1606 0 1298 1298 0 1607 1607 0 1604 1604 0 1608 1608 0 1609 1609 0 1610 1610 0 1611 1611 0 1612 1612 0 1613 1613 0 1287 1287 0 1286 1286 0 1614 1614 0 1275 1275 0 1277 1277 0 1615 1615 0 1616 1616 0 1617 1617 0 1618 1618 0 1619 1619 0 1620 1620 0 1621 1621 0 1622 1622 0 1623 1623 0 1624 1624 0 1620 1620 0 1624 1624 0 1623 1623 0 1625 1625 0 1626 1626 0 1622 1622 0 1627 1627 0 1628 1628 0 1629 1629 0 1629 1629 0 1630 1630 0 1627 1627 0 1631 1631 0 1261 1261 0 1632 1632 0 1633 1633 0 1634 1634 0 1635 1635 0 1636 1636 0 1637 1637 0 1634 1634 0 1638 1638 0 1633 1633 0 1631 1631 0 1256 1256 0 1255 1255 0 1639 1639 0 1253 1253 0 1252 1252 0 1640 1640 0 1251 1251 0 1248 1248 0 1641 1641 0 1221 1221 0 1642 1642 0 1643 1643 0 1644 1644 0 1645 1645 0 1646 1646 0 1645 1645 0 1647 1647 0 1648 1648 0 1647 1647 0 1649 1649 0 1650 1650 0 1649 1649 0 1651 1651 0 1652 1652 0 1653 1653 0 1654 1654 0 1655 1655 0 1656 1656 0 1657 1657 0 1654 1654 0 1658 1658 0 1656 1656 0 1659 1659 0 1211 1211 0 1210 1210 0 1660 1660 0 1661 1661 0 1662 1662 0 1663 1663 0 1205 1205 0 1204 1204 0 1664 1664 0 1206 1206 0 1665 1665 0 1666 1666 0 1203 1203 0 1667 1667 0 1201 1201 0 1199 1199 0 1198 1198 0 1668 1668 0 1669 1669 0 1670 1670 0 1671 1671 0 1194 1194 0 1672 1672 0 1673 1673 0 1674 1674 0 6 6 0 1675 1675 0 6 6 0 1676 1676 0 4 4 0 1677 1677 0 11 11 0 7 7 0 14 14 0 15 15 0 12 12 0 19 19 0 21 21 0 1678 1678 0 1176 1176 0 1679 1679 0 26 26 0 40 40 0 1169 1169 0 1680 1680 0 1681 1681 0 42 42 0 44 44 0 1682 1682 0 55 55 0 1683 1683 0 65 65 0 63 63 0 62 62 0 67 67 0 69 69 0 66 66 0 76 76 0 1684 1684 0 1685 1685 0 74 74 0 76 76 0 72 72 0 1685 1685 0 75 75 0 76 76 0 80 80 0 1686 1686 0 78 78 0 81 81 0 1687 1687 0 82 82 0 86 86 0 1688 1688 0 83 83 0 93 93 0 1689 1689 0 91 91 0 1689 1689 0 87 87 0 91 91 0 98 98 0 96 96 0 95 95 0 1128 1128 0 1690 1690 0 101 101 0 107 107 0 109 109 0 104 104 0 108 108 0 1691 1691 0 114 114 0 116 116 0 113 113 0 117 117 0 1692 1692 0 125 125 0 127 127 0 123 123 0 1692 1692 0 127 127 0 130 130 0 126 126 0 128 128 0 1693 1693 0 1694 1694 0 1695 1695 0 134 134 0 133 133 0 1694 1694 0 1696 1696 0 1697 1697 0 139 139 0 144 144 0 146 146 0 1118 1118 0 150 150 0 152 152 0 148 148 0 153 153 0 1698 1698 0 154 154 0 1699 1699 0 1700 1700 0 157 157 0 1107 1107 0 1106 1106 0 163 163 0 1701 1701 0 1702 1702 0 166 166 0 171 171 0 1103 1103 0 172 172 0 1703 1703 0 182 182 0 178 178 0 183 183 0 1041 1041 0 184 184 0 186 186 0 1704 1704 0 187 187 0 1705 1705 0 1706 1706 0 190 190 0 195 195 0 1707 1707 0 196 196 0 1708 1708 0 1709 1709 0 202 202 0 210 210 0 212 212 0 208 208 0 1710 1710 0 1711 1711 0 214 214 0 219 219 0 221 221 0 217 217 0 226 226 0 1712 1712 0 1033 1033 0 1713 1713 0 1714 1714 0 1026 1026 0 244 244 0 1715 1715 0 245 245 0 249 249 0 250 250 0 248 248 0 256 256 0 254 254 0 253 253 0 257 257 0 1716 1716 0 255 255 0 262 262 0 260 260 0 263 263 0 268 268 0 266 266 0 265 265 0 1717 1717 0 270 270 0 269 269 0 273 273 0 1717 1717 0 271 271 0 278 278 0 1718 1718 0 275 275 0 1719 1719 0 281 281 0 280 280 0 283 283 0 287 287 0 286 286 0 290 290 0 1720 1720 0 288 288 0 292 292 0 1721 1721 0 291 291 0 295 295 0 1722 1722 0 293 293 0 298 298 0 1723 1723 0 296 296 0 303 303 0 299 299 0 304 304 0 307 307 0 302 302 0 305 305 0 313 313 0 308 308 0 311 311 0 320 320 0 323 323 0 319 319 0 323 323 0 1724 1724 0 321 321 0 328 328 0 326 326 0 325 325 0 329 329 0 330 330 0 327 327 0 334 334 0 332 332 0 331 331 0 337 337 0 1725 1725 0 335 335 0 340 340 0 997 997 0 338 338 0 1726 1726 0 344 344 0 346 346 0 347 347 0 349 349 0 348 348 0 354 354 0 355 355 0 352 352 0 356 356 0 358 358 0 360 360 0 362 362 0 1727 1727 0 359 359 0 363 363 0 367 367 0 364 364 0 368 368 0 373 373 0 369 369 0 374 374 0 1728 1728 0 375 375 0 386 386 0 388 388 0 384 384 0 1729 1729 0 399 399 0 396 396 0 394 394 0 1730 1730 0 392 392 0 405 405 0 1731 1731 0 403 403 0 1732 1732 0 406 406 0 408 408 0 407 407 0 412 412 0 411 411 0 412 412 0 970 970 0 413 413 0 422 422 0 414 414 0 416 416 0 1733 1733 0 1734 1734 0 421 421 0 1733 1733 0 1735 1735 0 1734 1734 0 423 423 0 426 426 0 1736 1736 0 959 959 0 1737 1737 0 433 433 0 438 438 0 440 440 0 1738 1738 0 448 448 0 935 935 0 446 446 0 1739 1739 0 1740 1740 0 449 449 0 1741 1741 0 454 454 0 453 453 0 458 458 0 1741 1741 0 453 453 0 462 462 0 1742 1742 0 461 461 0 462 462 0 464 464 0 1742 1742 0 1743 1743 0 469 469 0 468 468 0 472 472 0 474 474 0 471 471 0 919 919 0 480 480 0 920 920 0 1744 1744 0 1745 1745 0 481 481 0 486 486 0 483 483 0 482 482 0 490 490 0 492 492 0 488 488 0 914 914 0 498 498 0 1746 1746 0 912 912 0 501 501 0 1747 1747 0 909 909 0 1748 1748 0 503 503 0 511 511 0 1749 1749 0 509 509 0 511 511 0 513 513 0 1749 1749 0 518 518 0 1750 1750 0 516 516 0 527 527 0 522 522 0 524 524 0 883 883 0 1751 1751 0 881 881 0 530 530 0 528 528 0 520 520 0 879 879 0 1752 1752 0 877 877 0 1753 1753 0 538 538 0 537 537 0 537 537 0 539 539 0 534 534 0 1754 1754 0 543 543 0 873 873 0 1755 1755 0 553 553 0 555 555 0 563 563 0 560 560 0 564 564 0 566 566 0 569 569 0 568 568 0 569 569 0 572 572 0 571 571 0 576 576 0 570 570 0 574 574 0 1756 1756 0 578 578 0 585 585 0 579 579 0 1757 1757 0 1758 1758 0 1759 1759 0 1756 1756 0 585 585 0 1760 1760 0 1758 1758 0 1757 1757 0 589 589 0 1761 1761 0 587 587 0 1762 1762 0 1763 1763 0 593 593 0 595 595 0 1762 1762 0 593 593 0 594 594 0 598 598 0 597 597 0 601 601 0 587 587 0 599 599 0 849 849 0 1764 1764 0 847 847 0 608 608 0 610 610 0 607 607 0 848 848 0 847 847 0 609 609 0 607 607 0 603 603 0 608 608 0 843 843 0 619 619 0 1765 1765 0 620 620 0 622 622 0 618 618 0 627 627 0 629 629 0 625 625 0 1766 1766 0 1767 1767 0 643 643 0 639 639 0 641 641 0 1767 1767 0 645 645 0 647 647 0 1768 1768 0 1769 1769 0 1770 1770 0 1771 1771 0 649 649 0 1771 1771 0 652 652 0 831 831 0 1772 1772 0 655 655 0 660 660 0 662 662 0 658 658 0 666 666 0 668 668 0 664 664 0 669 669 0 823 823 0 670 670 0 674 674 0 676 676 0 672 672 0 679 679 0 675 675 0 677 677 0 1773 1773 0 684 684 0 680 680 0 1774 1774 0 687 687 0 686 686 0 695 695 0 690 690 0 689 689 0 694 694 0 696 696 0 699 699 0 692 692 0 698 698 0 697 697 0 1775 1775 0 703 703 0 702 702 0 707 707 0 711 711 0 710 710 0 717 717 0 1776 1776 0 716 716 0 711 711 0 1777 1777 0 709 709 0 1778 1778 0 1779 1779 0 1780 1780 0 728 728 0 1780 1780 0 729 729 0 731 731 0 733 733 0 776 776 0 1781 1781 0 742 742 0 1782 1782 0 742 742 0 745 745 0 740 740 0 749 749 0 743 743 0 746 746 0 750 750 0 752 752 0 747 747 0 1783 1783 0 754 754 0 756 756 0 764 764 0 769 769 0 768 768 0 770 770 0 772 772 0 767 767 0 735 735 0 774 774 0 771 771 0 1779 1779 0 1778 1778 0 777 777 0 1784 1784 0 1785 1785 0 763 763 0 719 719 0 718 718 0 785 785 0 1786 1786 0 789 789 0 786 786 0 794 794 0 683 683 0 684 684 0 797 797 0 1787 1787 0 795 795 0 802 802 0 806 806 0 805 805 0 808 808 0 810 810 0 812 812 0 817 817 0 813 813 0 815 815 0 671 671 0 1788 1788 0 669 669 0 823 823 0 669 669 0 824 824 0 671 671 0 1789 1789 0 1788 1788 0 667 667 0 666 666 0 1790 1790 0 1791 1791 0 829 829 0 1792 1792 0 658 658 0 657 657 0 660 660 0 1772 1772 0 831 831 0 1793 1793 0 1771 1771 0 649 649 0 1769 1769 0 1768 1768 0 1794 1794 0 645 645 0 631 631 0 840 840 0 838 838 0 619 619 0 844 844 0 617 617 0 612 612 0 846 846 0 614 614 0 1764 1764 0 849 849 0 1795 1795 0 852 852 0 1796 1796 0 850 850 0 851 851 0 853 853 0 855 855 0 591 591 0 856 856 0 1797 1797 0 859 859 0 583 583 0 582 582 0 1798 1798 0 861 861 0 859 859 0 863 863 0 860 860 0 864 864 0 1799 1799 0 552 552 0 551 551 0 1800 1800 0 549 549 0 1801 1801 0 872 872 0 1802 1802 0 544 544 0 873 873 0 1803 1803 0 1754 1754 0 874 874 0 876 876 0 540 540 0 880 880 0 877 877 0 1752 1752 0 882 882 0 1804 1804 0 517 517 0 885 885 0 1805 1805 0 523 523 0 526 526 0 886 886 0 888 888 0 893 893 0 1806 1806 0 891 891 0 899 899 0 901 901 0 898 898 0 905 905 0 1807 1807 0 906 906 0 507 507 0 910 910 0 505 505 0 504 504 0 499 499 0 502 502 0 498 498 0 915 915 0 496 496 0 491 491 0 917 917 0 493 493 0 489 489 0 1808 1808 0 487 487 0 1745 1745 0 478 478 0 1809 1809 0 476 476 0 923 923 0 921 921 0 471 471 0 469 469 0 924 924 0 1810 1810 0 1811 1811 0 931 931 0 929 929 0 1810 1810 0 931 931 0 1812 1812 0 928 928 0 1813 1813 0 934 934 0 1812 1812 0 1813 1813 0 941 941 0 1814 1814 0 942 942 0 942 942 0 939 939 0 940 940 0 442 442 0 944 944 0 1815 1815 0 1738 1738 0 947 947 0 438 438 0 1816 1816 0 950 950 0 951 951 0 1817 1817 0 436 436 0 953 953 0 1818 1818 0 957 957 0 1819 1819 0 955 955 0 959 959 0 958 958 0 424 424 0 963 963 0 427 427 0 975 975 0 402 402 0 401 401 0 980 980 0 1820 1820 0 977 977 0 984 984 0 983 983 0 978 978 0 986 986 0 988 988 0 985 985 0 991 991 0 1821 1821 0 989 989 0 387 387 0 994 994 0 1822 1822 0 382 382 0 1823 1823 0 380 380 0 357 357 0 352 352 0 355 355 0 1023 1023 0 1824 1824 0 1021 1021 0 1008 1008 0 1090 1090 0 1005 1005 0 1017 1017 0 1825 1825 0 1015 1015 0 1826 1826 0 1021 1021 0 1018 1018 0 1022 1022 0 1827 1827 0 1023 1023 0 1827 1827 0 239 239 0 238 238 0 1000 1000 0 1828 1828 0 1001 1001 0 1829 1829 0 236 236 0 235 235 0 1830 1830 0 1031 1031 0 228 228 0 1712 1712 0 230 230 0 1033 1033 0 1035 1035 0 1831 1831 0 1036 1036 0 1038 1038 0 1832 1832 0 1039 1039 0 1833 1833 0 1039 1039 0 1832 1832 0 1834 1834 0 1835 1835 0 1836 1836 0 188 188 0 1043 1043 0 186 186 0 1837 1837 0 1048 1048 0 1047 1047 0 1706 1706 0 1705 1705 0 192 192 0 199 199 0 198 198 0 1838 1838 0 202 202 0 1058 1058 0 1708 1708 0 205 205 0 1064 1064 0 1839 1839 0 208 208 0 207 207 0 210 210 0 1071 1071 0 1840 1840 0 1068 1068 0 1074 1074 0 1841 1841 0 1073 1073 0 1842 1842 0 1079 1079 0 1077 1077 0 223 223 0 1082 1082 0 1059 1059 0 220 220 0 1083 1083 0 222 222 0 214 214 0 213 213 0 1710 1710 0 1053 1053 0 1843 1843 0 1844 1844 0 1050 1050 0 1844 1844 0 1051 1051 0 1092 1092 0 1094 1094 0 1091 1091 0 1094 1094 0 1845 1845 0 1093 1093 0 1096 1096 0 1099 1099 0 1098 1098 0 178 178 0 1100 1100 0 1703 1703 0 1846 1846 0 1847 1847 0 177 177 0 1848 1848 0 1023 1023 0 1827 1827 0 1702 1702 0 1849 1849 0 168 168 0 163 163 0 162 162 0 1107 1107 0 1700 1700 0 1699 1699 0 1111 1111 0 1698 1698 0 153 153 0 1114 1114 0 148 148 0 1850 1850 0 150 150 0 1118 1118 0 1851 1851 0 1119 1119 0 139 139 0 138 138 0 1696 1696 0 135 135 0 134 134 0 136 136 0 114 114 0 1691 1691 0 112 112 0 101 101 0 1852 1852 0 1128 1128 0 1853 1853 0 1132 1132 0 1131 1131 0 1133 1133 0 1854 1854 0 84 84 0 1136 1136 0 1138 1138 0 1134 1134 0 1855 1855 0 1141 1141 0 1140 1140 0 1146 1146 0 1144 1144 0 1143 1143 0 1148 1148 0 1149 1149 0 1147 1147 0 1150 1150 0 1856 1856 0 1149 1149 0 60 60 0 59 59 0 1151 1151 0 1156 1156 0 1152 1152 0 1154 1154 0 1158 1158 0 1155 1155 0 1157 1157 0 43 43 0 1857 1857 0 1858 1858 0 1162 1162 0 46 46 0 1160 1160 0 46 46 0 45 45 0 1164 1164 0 43 43 0 42 42 0 1857 1857 0 1168 1168 0 1680 1680 0 1169 1169 0 35 35 0 34 34 0 37 37 0 1859 1859 0 1860 1860 0 1171 1171 0 1861 1861 0 1174 1174 0 1862 1862 0 29 29 0 1863 1863 0 31 31 0 1679 1679 0 1176 1176 0 1864 1864 0 1678 1678 0 1179 1179 0 1865 1865 0 1181 1181 0 1866 1866 0 1 1 0 1664 1664 0 1867 1867 0 1205 1205 0 1188 1188 0 1189 1189 0 1186 1186 0 1197 1197 0 1193 1193 0 1191 1191 0 1196 1196 0 1191 1191 0 1193 1193 0 1670 1670 0 1669 1669 0 1868 1868 0 1668 1668 0 1869 1869 0 1199 1199 0 1870 1870 0 1871 1871 0 1202 1202 0 1180 1180 0 1182 1182 0 1184 1184 0 1663 1663 0 1212 1212 0 1661 1661 0 1220 1220 0 1218 1218 0 1217 1217 0 1217 1217 0 1221 1221 0 1220 1220 0 1224 1224 0 1872 1872 0 1222 1222 0 1227 1227 0 1222 1222 0 1225 1225 0 1873 1873 0 1229 1229 0 1228 1228 0 1233 1233 0 1231 1231 0 1234 1234 0 1874 1874 0 1238 1238 0 1235 1235 0 1875 1875 0 1876 1876 0 1239 1239 0 1877 1877 0 1878 1878 0 1244 1244 0 1248 1248 0 1250 1250 0 1245 1245 0 1258 1258 0 1260 1260 0 1256 1256 0 1262 1262 0 1630 1630 0 1263 1263 0 1879 1879 0 1266 1266 0 1265 1265 0 1271 1271 0 1269 1269 0 1268 1268 0 1273 1273 0 1272 1272 0 1271 1271 0 1880 1880 0 1275 1275 0 1274 1274 0 1279 1279 0 1615 1615 0 1277 1277 0 1881 1881 0 1283 1283 0 1282 1282 0 1882 1882 0 1288 1288 0 1285 1285 0 1293 1293 0 1883 1883 0 1290 1290 0 1290 1290 0 1294 1294 0 1293 1293 0 1609 1609 0 1608 1608 0 1296 1296 0 1297 1297 0 1299 1299 0 1884 1884 0 1303 1303 0 1885 1885 0 1300 1300 0 1301 1301 0 1602 1602 0 1304 1304 0 1601 1601 0 1886 1886 0 1306 1306 0 1310 1310 0 1887 1887 0 1308 1308 0 1888 1888 0 1324 1324 0 1323 1323 0 1889 1889 0 1322 1322 0 1324 1324 0 1890 1890 0 1325 1325 0 1889 1889 0 1329 1329 0 1891 1891 0 1326 1326 0 1591 1591 0 1590 1590 0 1332 1332 0 1337 1337 0 1892 1892 0 1341 1341 0 1341 1341 0 1338 1338 0 1337 1337 0 1338 1338 0 1335 1335 0 1339 1339 0 1893 1893 0 1894 1894 0 1895 1895 0 1579 1579 0 1578 1578 0 1344 1344 0 1580 1580 0 1577 1577 0 1896 1896 0 1897 1897 0 1573 1573 0 1350 1350 0 1898 1898 0 1571 1571 0 1572 1572 0 1899 1899 0 1357 1357 0 1900 1900 0 1901 1901 0 1360 1360 0 1359 1359 0 1902 1902 0 1365 1365 0 1364 1364 0 1367 1367 0 1903 1903 0 1368 1368 0 1560 1560 0 1904 1904 0 1369 1369 0 1905 1905 0 1906 1906 0 1907 1907 0 1905 1905 0 1379 1379 0 1906 1906 0 1908 1908 0 1909 1909 0 1375 1375 0 1910 1910 0 1399 1399 0 1403 1403 0 1400 1400 0 1406 1406 0 1401 1401 0 1407 1407 0 1911 1911 0 1404 1404 0 1411 1411 0 1912 1912 0 1913 1913 0 1409 1409 0 1514 1514 0 1412 1412 0 1417 1417 0 1421 1421 0 1418 1418 0 1417 1417 0 1419 1419 0 1421 1421 0 1422 1422 0 1425 1425 0 1914 1914 0 1510 1510 0 1915 1915 0 1427 1427 0 1916 1916 0 1430 1430 0 1917 1917 0 1918 1918 0 1919 1919 0 1432 1432 0 1920 1920 0 1436 1436 0 1438 1438 0 1921 1921 0 1453 1453 0 757 757 0 1459 1459 0 1922 1922 0 1457 1457 0 1454 1454 0 1459 1459 0 1458 1458 0 1923 1923 0 1463 1463 0 1462 1462 0 1462 1462 0 1924 1924 0 1923 1923 0 1466 1466 0 1470 1470 0 1467 1467 0 1471 1471 0 1474 1474 0 1472 1472 0 1480 1480 0 1475 1475 0 1479 1479 0 1449 1449 0 1480 1480 0 1448 1448 0 1484 1484 0 1482 1482 0 1481 1481 0 1489 1489 0 1925 1925 0 1490 1490 0 1926 1926 0 1493 1493 0 1927 1927 0 1495 1495 0 1496 1496 0 1494 1494 0 1441 1441 0 1499 1499 0 1439 1439 0 1503 1503 0 1501 1501 0 1500 1500 0 1434 1434 0 1508 1508 0 1507 1507 0 1919 1919 0 1928 1928 0 1433 1433 0 1929 1929 0 1510 1510 0 1930 1930 0 1414 1414 0 1512 1512 0 1415 1415 0 1516 1516 0 1515 1515 0 1514 1514 0 1529 1529 0 1526 1526 0 1525 1525 0 1394 1394 0 1393 1393 0 1534 1534 0 1533 1533 0 1931 1931 0 1531 1531 0 1528 1528 0 1932 1932 0 1523 1523 0 1933 1933 0 1545 1545 0 1543 1543 0 1540 1540 0 1542 1542 0 1544 1544 0 1548 1548 0 1934 1934 0 1546 1546 0 1552 1552 0 1550 1550 0 1549 1549 0 1385 1385 0 1384 1384 0 1553 1553 0 1375 1375 0 1556 1556 0 1908 1908 0 1369 1369 0 1561 1561 0 1560 1560 0 1364 1364 0 1935 1935 0 1903 1903 0 1565 1565 0 1936 1936 0 1564 1564 0 1570 1570 0 1568 1568 0 1567 1567 0 1572 1572 0 1937 1937 0 1898 1898 0 1350 1350 0 1938 1938 0 1897 1897 0 1939 1939 0 1576 1576 0 1575 1575 0 1580 1580 0 1346 1346 0 1577 1577 0 1345 1345 0 1893 1893 0 1343 1343 0 1335 1335 0 1940 1940 0 1333 1333 0 1588 1588 0 1589 1589 0 1586 1586 0 1332 1332 0 1330 1330 0 1591 1591 0 1318 1318 0 1316 1316 0 1315 1315 0 1598 1598 0 1941 1941 0 1596 1596 0 1602 1602 0 1603 1603 0 1305 1305 0 1298 1298 0 1297 1297 0 1607 1607 0 1296 1296 0 1942 1942 0 1609 1609 0 1613 1613 0 1943 1943 0 1611 1611 0 1624 1624 0 1625 1625 0 1622 1622 0 1623 1623 0 1621 1621 0 1620 1620 0 1944 1944 0 1622 1622 0 1626 1626 0 1629 1629 0 1628 1628 0 1944 1944 0 1636 1636 0 1945 1945 0 1637 1637 0 1635 1635 0 1946 1946 0 1633 1633 0 1251 1251 0 1641 1641 0 1252 1252 0 1218 1218 0 1644 1644 0 1646 1646 0 1651 1651 0 1653 1653 0 1652 1652 0 1659 1659 0 1947 1947 0 1658 1658 0 1211 1211 0 1660 1660 0 1213 1213 0 1208 1208 0 1207 1207 0 1662 1662 0 1206 1206 0 1666 1666 0 1204 1204 0 1869 1869 0 1948 1948 0 1667 1667 0 1868 1868 0 1673 1673 0 1670 1670 0 1675 1675 0 3 3 0 1674 1674 0 11 11 0 14 14 0 10 10 0 13 13 0 10 10 0 14 14 0 1179 1179 0 1678 1678 0 17 17 0 25 25 0 27 27 0 23 23 0 1172 1172 0 36 36 0 1170 1170 0 1858 1858 0 1949 1949 0 43 43 0 1153 1153 0 1682 1682 0 1683 1683 0 77 77 0 68 68 0 69 69 0 73 73 0 71 71 0 70 70 0 1686 1686 0 1950 1950 0 78 78 0 1951 1951 0 83 83 0 1688 1688 0 96 96 0 93 93 0 92 92 0 92 92 0 94 94 0 96 96 0 1126 1126 0 1952 1952 0 103 103 0 114 114 0 106 106 0 108 108 0 127 127 0 124 124 0 123 123 0 1693 1693 0 1695 1695 0 131 131 0 1123 1123 0 1953 1953 0 1122 1122 0 1120 1120 0 143 143 0 1697 1697 0 1116 1116 0 1954 1954 0 151 151 0 1114 1114 0 1113 1113 0 1698 1698 0 1111 1111 0 1110 1110 0 1700 1700 0 1108 1108 0 167 167 0 1106 1106 0 168 168 0 170 170 0 1702 1702 0 1104 1104 0 176 176 0 1103 1103 0 180 180 0 1955 1955 0 181 181 0 1043 1043 0 188 188 0 1041 1041 0 192 192 0 194 194 0 1706 1706 0 198 198 0 200 200 0 1707 1707 0 204 204 0 206 206 0 1709 1709 0 216 216 0 218 218 0 1711 1711 0 1032 1032 0 228 228 0 1031 1031 0 247 247 0 249 249 0 246 246 0 253 253 0 257 257 0 256 256 0 259 259 0 263 263 0 260 260 0 266 266 0 261 261 0 264 264 0 269 269 0 271 271 0 1717 1717 0 1718 1718 0 276 276 0 275 275 0 277 277 0 1719 1719 0 280 280 0 286 286 0 284 284 0 283 283 0 1720 1720 0 285 285 0 288 288 0 1722 1722 0 291 291 0 1721 1721 0 294 294 0 296 296 0 1723 1723 0 301 301 0 304 304 0 299 299 0 1956 1956 0 305 305 0 302 302 0 315 315 0 313 313 0 312 312 0 318 318 0 320 320 0 317 317 0 326 326 0 321 321 0 324 324 0 332 332 0 327 327 0 330 330 0 997 997 0 343 343 0 342 342 0 343 343 0 346 346 0 345 345 0 1957 1957 0 357 357 0 356 356 0 1727 1727 0 360 360 0 359 359 0 376 376 0 372 372 0 374 374 0 1822 1822 0 1958 1958 0 387 387 0 391 391 0 392 392 0 1730 1730 0 973 973 0 405 405 0 404 404 0 411 411 0 409 409 0 407 407 0 965 965 0 964 964 0 1735 1735 0 1959 1959 0 1960 1960 0 964 964 0 434 434 0 430 430 0 1961 1961 0 456 456 0 1962 1962 0 455 455 0 457 457 0 1963 1963 0 461 461 0 468 468 0 1964 1964 0 1743 1743 0 1745 1745 0 479 479 0 478 478 0 493 493 0 495 495 0 491 491 0 499 499 0 504 504 0 500 500 0 505 505 0 510 510 0 506 506 0 1965 1965 0 516 516 0 1750 1750 0 517 517 0 883 883 0 882 882 0 1966 1966 0 530 530 0 529 529 0 1967 1967 0 875 875 0 876 876 0 534 534 0 1753 1753 0 537 537 0 870 870 0 1800 1800 0 1801 1801 0 557 557 0 555 555 0 554 554 0 559 559 0 564 564 0 560 560 0 568 568 0 562 562 0 566 566 0 571 571 0 567 567 0 569 569 0 1757 1757 0 1968 1968 0 1760 1760 0 1758 1758 0 586 586 0 579 579 0 1968 1968 0 589 589 0 1760 1760 0 600 600 0 593 593 0 1763 1763 0 1797 1797 0 1969 1969 0 591 591 0 604 604 0 1970 1970 0 602 602 0 606 606 0 604 604 0 603 603 0 1971 1971 0 1972 1972 0 615 615 0 843 843 0 1765 1765 0 1972 1972 0 630 630 0 632 632 0 628 628 0 636 636 0 835 835 0 637 637 0 836 836 0 1768 1768 0 835 835 0 654 654 0 656 656 0 1770 1770 0 681 681 0 679 679 0 678 678 0 682 682 0 1773 1773 0 680 680 0 686 686 0 1973 1973 0 1774 1774 0 700 700 0 1775 1775 0 1974 1974 0 699 699 0 695 695 0 694 694 0 690 690 0 685 685 0 688 688 0 710 710 0 708 708 0 707 707 0 717 717 0 720 720 0 1776 1776 0 721 721 0 723 723 0 719 719 0 777 777 0 776 776 0 1779 1779 0 781 781 0 730 730 0 1975 1975 0 1782 1782 0 1976 1976 0 1781 1781 0 745 745 0 746 746 0 743 743 0 756 756 0 1977 1977 0 1783 1783 0 768 768 0 766 766 0 764 764 0 732 732 0 775 775 0 734 734 0 776 776 0 778 778 0 731 731 0 722 722 0 721 721 0 783 783 0 788 788 0 1786 1786 0 786 786 0 791 791 0 794 794 0 792 792 0 1787 1787 0 674 674 0 795 795 0 805 805 0 803 803 0 802 802 0 812 812 0 809 809 0 808 808 0 811 811 0 815 815 0 814 814 0 826 826 0 820 820 0 819 819 0 667 667 0 1790 1790 0 1789 1789 0 1791 1791 0 1792 1792 0 1978 1978 0 1772 1772 0 1793 1793 0 830 830 0 1768 1768 0 836 836 0 1794 1794 0 628 628 0 841 841 0 630 630 0 1972 1972 0 1971 1971 0 843 843 0 1764 1764 0 1795 1795 0 611 611 0 855 855 0 1979 1979 0 851 851 0 864 864 0 865 865 0 862 862 0 548 548 0 1801 1801 0 549 549 0 1980 1980 0 544 544 0 1802 1802 0 876 876 0 1981 1981 0 1967 1967 0 1752 1752 0 531 531 0 880 880 0 1751 1751 0 885 885 0 881 881 0 1805 1805 0 524 524 0 523 523 0 888 888 0 1982 1982 0 526 526 0 1806 1806 0 890 890 0 891 891 0 896 896 0 899 899 0 897 897 0 497 497 0 496 496 0 912 912 0 484 484 0 1983 1983 0 1808 1808 0 1984 1984 0 1985 1985 0 475 475 0 1811 1811 0 925 925 0 931 931 0 932 932 0 1813 1813 0 928 928 0 1986 1986 0 942 942 0 1814 1814 0 1815 1815 0 1986 1986 0 1814 1814 0 1987 1987 0 1816 1816 0 1817 1817 0 1818 1818 0 1819 1819 0 435 435 0 1731 1731 0 400 400 0 402 402 0 977 977 0 1988 1988 0 978 978 0 992 992 0 1822 1822 0 993 993 0 384 384 0 383 383 0 386 386 0 378 378 0 377 377 0 1823 1823 0 348 348 0 1726 1726 0 346 346 0 1714 1714 0 999 999 0 1025 1025 0 1989 1989 0 1007 1007 0 1009 1009 0 1019 1019 0 1017 1017 0 1016 1016 0 1828 1828 0 237 237 0 1990 1990 0 1025 1025 0 1991 1991 0 1714 1714 0 1029 1029 0 1829 1829 0 235 235 0 230 230 0 1830 1830 0 228 228 0 1831 1831 0 1004 1004 0 1992 1992 0 1955 1955 0 1993 1993 0 1040 1040 0 1994 1994 0 1836 1836 0 1835 1835 0 1057 1057 0 1063 1063 0 1062 1062 0 1704 1704 0 1995 1995 0 1049 1049 0 1054 1054 0 1056 1056 0 1055 1055 0 1062 1062 0 1996 1996 0 1057 1057 0 1067 1067 0 1061 1061 0 1065 1065 0 1840 1840 0 1067 1067 0 1068 1068 0 1841 1841 0 1076 1076 0 1073 1073 0 1079 1079 0 1060 1060 0 1078 1078 0 217 217 0 1997 1997 0 219 219 0 1704 1704 0 186 186 0 1995 1995 0 1845 1845 0 1095 1095 0 1093 1093 0 1998 1998 0 1093 1093 0 1095 1095 0 1020 1020 0 1826 1826 0 1018 1018 0 1101 1101 0 1098 1098 0 998 998 0 176 176 0 1104 1104 0 174 174 0 1702 1702 0 1701 1701 0 1849 1849 0 157 157 0 156 156 0 1699 1699 0 155 155 0 1999 1999 0 153 153 0 148 148 0 147 147 0 1850 1850 0 1697 1697 0 1696 1696 0 1120 1120 0 110 110 0 105 105 0 104 104 0 2000 2000 0 1130 1130 0 1132 1132 0 1140 1140 0 1142 1142 0 2001 2001 0 2002 2002 0 1147 1147 0 1149 1149 0 1856 1856 0 2002 2002 0 1149 1149 0 1159 1159 0 52 52 0 51 51 0 1157 1157 0 1159 1159 0 1158 1158 0 1161 1161 0 1166 1166 0 1162 1162 0 47 47 0 1858 1858 0 45 45 0 1680 1680 0 2003 2003 0 40 40 0 36 36 0 1172 1172 0 34 34 0 29 29 0 28 28 0 1863 1863 0 1679 1679 0 1864 1864 0 28 28 0 1678 1678 0 1865 1865 0 19 19 0 1870 1870 0 2004 2004 0 1871 1871 0 1183 1183 0 1188 1188 0 1187 1187 0 1673 1673 0 2005 2005 0 1194 1194 0 1673 1673 0 1868 1868 0 2005 2005 0 1667 1667 0 1203 1203 0 1869 1869 0 1662 1662 0 1661 1661 0 1208 1208 0 1213 1213 0 1215 1215 0 1211 1211 0 1643 1643 0 1219 1219 0 1221 1221 0 1229 1229 0 1227 1227 0 1226 1226 0 1230 1230 0 1234 1234 0 1231 1231 0 1242 1242 0 1876 1876 0 1243 1243 0 1252 1252 0 1254 1254 0 1251 1251 0 1272 1272 0 1880 1880 0 1274 1274 0 1269 1269 0 2006 2006 0 1267 1267 0 1282 1282 0 2007 2007 0 1881 1881 0 1611 1611 0 1943 1943 0 1287 1287 0 1610 1610 0 1884 1884 0 1608 1608 0 1883 1883 0 1291 1291 0 1290 1290 0 1885 1885 0 2008 2008 0 1300 1300 0 1305 1305 0 1307 1307 0 1602 1602 0 1941 1941 0 1311 1311 0 1596 1596 0 1593 1593 0 1888 1888 0 1323 1323 0 1324 1324 0 1890 1890 0 1889 1889 0 1891 1891 0 1327 1327 0 1326 1326 0 1892 1892 0 1342 1342 0 1341 1341 0 1333 1333 0 1582 1582 0 1334 1334 0 1893 1893 0 1345 1345 0 1894 1894 0 1939 1939 0 1575 1575 0 1348 1348 0 1353 1353 0 1564 1564 0 1936 1936 0 1900 1900 0 1358 1358 0 1360 1360 0 1903 1903 0 1902 1902 0 1364 1364 0 1373 1373 0 1904 1904 0 1560 1560 0 1558 1558 0 1907 1907 0 1381 1381 0 1555 1555 0 1554 1554 0 1909 1909 0 1403 1403 0 2009 2009 0 2010 2010 0 1407 1407 0 1517 1517 0 1911 1911 0 1913 1913 0 1912 1912 0 1517 1517 0 1415 1415 0 1417 1417 0 1416 1416 0 2011 2011 0 1914 1914 0 2012 2012 0 1916 1916 0 1917 1917 0 1929 1929 0 1455 1455 0 1921 1921 0 757 757 0 1458 1458 0 1456 1456 0 1454 1454 0 1924 1924 0 1466 1466 0 1465 1465 0 1473 1473 0 1469 1469 0 1471 1471 0 1478 1478 0 1479 1479 0 1475 1475 0 2013 2013 0 1483 1483 0 2014 2014 0 1927 1927 0 1925 1925 0 1926 1926 0 1492 1492 0 1927 1927 0 1493 1493 0 2015 2015 0 1506 1506 0 2016 2016 0 1505 1505 0 2016 2016 0 1506 1506 0 1523 1523 0 1529 1529 0 1528 1528 0 1931 1931 0 1524 1524 0 1531 1531 0 2017 2017 0 2018 2018 0 1393 1393 0 1544 1544 0 2019 2019 0 1540 1540 0 1934 1934 0 2020 2020 0 1546 1546 0 1909 1909 0 1908 1908 0 1555 1555 0 1935 1935 0 1368 1368 0 1903 1903 0 1936 1936 0 1566 1566 0 1353 1353 0 1351 1351 0 1898 1898 0 1937 1937 0 1895 1895 0 2021 2021 0 1893 1893 0 1597 1597 0 2022 2022 0 1598 1598 0 1306 1306 0 1305 1305 0 1600 1600 0 1884 1884 0 1610 1610 0 1297 1297 0 1287 1287 0 1614 1614 0 1611 1611 0 1621 1621 0 2023 2023 0 1619 1619 0 2023 2023 0 2024 2024 0 1619 1619 0 1946 1946 0 1631 1631 0 1633 1633 0 1253 1253 0 1640 1640 0 1255 1255 0 2025 2025 0 1646 1646 0 1645 1645 0 1652 1652 0 1650 1650 0 1649 1649 0 1654 1654 0 1659 1659 0 1656 1656 0 1213 1213 0 2026 2026 0 1214 1214 0 2004 2004 0 1870 1870 0 1665 1665 0 1869 1869 0 1668 1668 0 1948 1948 0 5 5 0 1675 1675 0 6 6 0 9 9 0 1677 1677 0 7 7 0 22 22 0 24 24 0 20 20 0 64 64 0 67 67 0 65 65 0 2027 2027 0 1687 1687 0 1951 1951 0 90 90 0 91 91 0 87 87 0 1127 1127 0 1690 1690 0 1128 1128 0 136 136 0 1122 1122 0 137 137 0 1851 1851 0 1118 1118 0 142 142 0 1109 1109 0 164 164 0 160 160 0 1102 1102 0 1846 1846 0 175 175 0 1040 1040 0 185 185 0 1955 1955 0 1087 1087 0 1085 1085 0 193 193 0 213 213 0 215 215 0 211 211 0 235 235 0 1027 1027 0 1029 1029 0 2028 2028 0 255 255 0 1716 1716 0 263 263 0 264 264 0 261 261 0 276 276 0 273 273 0 272 272 0 280 280 0 278 278 0 277 277 0 287 287 0 288 288 0 285 285 0 1721 1721 0 293 293 0 1722 1722 0 304 304 0 1956 1956 0 302 302 0 312 312 0 316 316 0 315 315 0 322 322 0 319 319 0 323 323 0 336 336 0 334 334 0 333 333 0 339 339 0 335 335 0 1725 1725 0 353 353 0 351 351 0 350 350 0 996 996 0 379 379 0 1728 1728 0 1730 1730 0 389 389 0 391 391 0 408 408 0 2029 2029 0 1732 1732 0 419 419 0 2030 2030 0 417 417 0 429 429 0 1961 1961 0 430 430 0 1962 1962 0 2031 2031 0 455 455 0 1985 1985 0 1984 1984 0 473 473 0 921 921 0 920 920 0 2032 2032 0 912 912 0 1747 1747 0 497 497 0 909 909 0 507 507 0 1748 1748 0 1750 1750 0 519 519 0 521 521 0 538 538 0 1980 1980 0 1802 1802 0 868 868 0 550 550 0 552 552 0 2033 2033 0 559 559 0 556 556 0 564 564 0 565 565 0 562 562 0 588 588 0 1760 1760 0 589 589 0 1763 1763 0 601 601 0 600 600 0 854 854 0 2034 2034 0 1969 1969 0 611 611 0 613 613 0 1764 1764 0 614 614 0 616 616 0 612 612 0 838 838 0 2035 2035 0 631 631 0 633 633 0 644 644 0 634 634 0 653 653 0 833 833 0 648 648 0 678 678 0 682 682 0 681 681 0 1974 1974 0 691 691 0 700 700 0 713 713 0 709 709 0 1777 1777 0 783 783 0 782 782 0 722 722 0 781 781 0 1975 1975 0 779 779 0 1976 1976 0 739 739 0 1781 1781 0 1977 1977 0 2036 2036 0 1783 1783 0 767 767 0 2037 2037 0 770 770 0 769 769 0 2037 2037 0 767 767 0 792 792 0 786 786 0 790 790 0 673 673 0 795 795 0 674 674 0 814 814 0 812 812 0 811 811 0 2038 2038 0 826 826 0 825 825 0 665 665 0 1978 1978 0 663 663 0 615 615 0 845 845 0 1971 1971 0 1969 1969 0 1797 1797 0 854 854 0 861 861 0 864 864 0 860 860 0 1981 1981 0 879 879 0 1967 1967 0 1804 1804 0 518 518 0 517 517 0 1982 1982 0 527 527 0 526 526 0 892 892 0 894 894 0 893 893 0 903 903 0 900 900 0 901 901 0 501 501 0 913 913 0 499 499 0 473 473 0 2039 2039 0 1985 1985 0 934 934 0 1813 1813 0 446 446 0 1815 1815 0 1814 1814 0 442 442 0 953 953 0 1987 1987 0 1817 1817 0 978 978 0 1988 1988 0 984 984 0 1821 1821 0 987 987 0 989 989 0 1728 1728 0 2040 2040 0 996 996 0 345 345 0 341 341 0 343 343 0 1030 1030 0 2041 2041 0 1028 1028 0 1011 1011 0 1989 1989 0 1009 1009 0 1825 1825 0 1014 1014 0 1015 1015 0 1990 1990 0 1001 1001 0 1828 1828 0 2041 2041 0 1029 1029 0 1028 1028 0 227 227 0 1002 1002 0 225 225 0 1835 1835 0 1833 1833 0 1832 1832 0 1046 1046 0 1834 1834 0 1836 1836 0 190 190 0 189 189 0 1705 1705 0 1063 1063 0 1065 1065 0 1061 1061 0 1709 1709 0 1708 1708 0 204 204 0 1068 1068 0 1072 1072 0 1071 1071 0 1076 1076 0 1842 1842 0 1077 1077 0 217 217 0 216 216 0 1997 1997 0 1039 1039 0 1034 1034 0 1037 1037 0 1016 1016 0 1020 1020 0 1019 1019 0 182 182 0 1703 1703 0 180 180 0 173 173 0 2042 2042 0 171 171 0 166 166 0 165 165 0 1701 1701 0 158 158 0 1115 1115 0 156 156 0 1953 1953 0 1123 1123 0 1121 1121 0 1145 1145 0 1148 1148 0 1146 1146 0 50 50 0 49 49 0 51 51 0 1166 1166 0 2043 2043 0 1165 1165 0 2003 2003 0 41 41 0 40 40 0 1861 1861 0 1862 1862 0 2044 2044 0 20 20 0 1178 1178 0 22 22 0 1187 1187 0 1185 1185 0 1183 1183 0 1192 1192 0 1186 1186 0 1190 1190 0 1665 1665 0 1206 1206 0 2004 2004 0 1223 1223 0 2045 2045 0 1224 1224 0 1231 1231 0 1873 1873 0 1228 1228 0 1877 1877 0 1247 1247 0 1246 1246 0 2006 2006 0 2046 2046 0 1267 1267 0 2007 2007 0 2047 2047 0 1881 1881 0 2048 2048 0 1289 1289 0 1291 1291 0 2049 2049 0 1300 1300 0 2008 2008 0 2022 2022 0 1594 1594 0 1595 1595 0 1327 1327 0 1889 1889 0 1325 1325 0 1583 1583 0 1895 1895 0 1582 1582 0 1576 1576 0 1897 1897 0 1938 1938 0 1563 1563 0 1361 1361 0 1363 1363 0 1368 1368 0 1370 1370 0 1366 1366 0 1371 1371 0 1382 1382 0 1372 1372 0 2009 2009 0 2050 2050 0 2010 2010 0 1408 1408 0 1401 1401 0 1406 1406 0 2011 2011 0 2012 2012 0 1420 1420 0 1433 1433 0 1435 1435 0 1919 1919 0 1922 1922 0 2051 2051 0 1457 1457 0 1465 1465 0 1923 1923 0 1924 1924 0 1444 1444 0 2013 2013 0 2014 2014 0 2052 2052 0 1926 1926 0 1925 1925 0 2016 2016 0 1503 1503 0 2015 2015 0 1535 1535 0 1537 1537 0 2018 2018 0 1526 1526 0 1530 1530 0 1524 1524 0 2020 2020 0 1933 1933 0 1546 1546 0 1376 1376 0 1377 1377 0 1374 1374 0 1357 1357 0 1565 1565 0 1355 1355 0 1938 1938 0 1574 1574 0 1576 1576 0 1895 1895 0 1583 1583 0 2021 2021 0 1296 1296 0 1294 1294 0 1942 1942 0 2024 2024 0 2053 2053 0 1619 1619 0 1259 1259 0 1258 1258 0 1945 1945 0 1646 1646 0 1216 1216 0 1218 1218 0 1650 1650 0 1648 1648 0 1647 1647 0 1947 1947 0 1214 1214 0 1658 1658 0 1212 1212 0 1663 1663 0 1210 1210 0 1202 1202 0 1201 1201 0 1870 1870 0 1676 1676 0 9 9 0 8 8 0 1684 1684 0 2054 2054 0 1685 1685 0 102 102 0 99 99 0 100 100 0 1121 1121 0 140 140 0 1953 1953 0 1112 1112 0 161 161 0 1110 1110 0 177 177 0 179 179 0 1846 1846 0 1084 1084 0 197 197 0 1085 1085 0 1839 1839 0 209 209 0 205 205 0 2055 2055 0 245 245 0 1715 1715 0 260 260 0 2028 2028 0 258 258 0 272 272 0 274 274 0 276 276 0 1723 1723 0 295 295 0 294 294 0 306 306 0 310 310 0 309 309 0 316 316 0 318 318 0 314 314 0 325 325 0 329 329 0 328 328 0 1823 1823 0 382 382 0 378 378 0 2056 2056 0 391 391 0 390 390 0 1959 1959 0 1736 1736 0 1960 1960 0 2031 2031 0 2057 2057 0 455 455 0 475 475 0 477 477 0 1984 1984 0 914 914 0 1746 1746 0 494 494 0 521 521 0 1965 1965 0 1750 1750 0 1803 1803 0 542 542 0 1754 1754 0 561 561 0 558 558 0 559 559 0 585 585 0 2058 2058 0 1759 1759 0 854 854 0 853 853 0 2034 2034 0 1796 1796 0 2059 2059 0 1970 1970 0 838 838 0 635 635 0 2035 2035 0 830 830 0 659 659 0 1772 1772 0 2060 2060 0 1774 1774 0 1973 1973 0 702 702 0 1974 1974 0 1775 1775 0 708 708 0 706 706 0 705 705 0 784 784 0 779 779 0 782 782 0 738 738 0 1781 1781 0 739 739 0 2036 2036 0 2061 2061 0 1783 1783 0 765 765 0 1784 1784 0 763 763 0 809 809 0 804 804 0 807 807 0 825 825 0 817 817 0 2038 2038 0 865 865 0 575 575 0 577 577 0 878 878 0 1967 1967 0 879 879 0 494 494 0 916 916 0 914 914 0 434 434 0 1961 1961 0 432 432 0 385 385 0 995 995 0 383 383 0 1725 1725 0 340 340 0 339 339 0 1089 1089 0 1005 1005 0 1090 1090 0 1014 1014 0 2062 2062 0 1012 1012 0 1824 1824 0 1018 1018 0 1021 1021 0 1991 1991 0 1026 1026 0 1714 1714 0 233 233 0 1030 1030 0 231 231 0 1003 1003 0 1992 1992 0 1004 1004 0 1048 1048 0 1046 1046 0 1045 1045 0 1051 1051 0 1837 1837 0 1047 1047 0 1996 1996 0 1055 1055 0 1057 1057 0 1711 1711 0 2063 2063 0 216 216 0 1711 1711 0 1710 1710 0 2063 2063 0 1955 1955 0 180 180 0 1993 1993 0 161 161 0 1112 1112 0 159 159 0 142 142 0 141 141 0 1851 1851 0 1144 1144 0 2001 2001 0 1142 1142 0 2064 2064 0 1165 1165 0 2043 2043 0 2065 2065 0 2044 2044 0 1860 1860 0 1664 1664 0 1209 1209 0 1867 1867 0 1198 1198 0 1200 1200 0 1669 1669 0 2066 2066 0 1224 1224 0 2045 2045 0 1872 1872 0 1225 1225 0 1222 1222 0 1255 1255 0 1257 1257 0 1253 1253 0 1615 1615 0 1276 1276 0 1275 1275 0 2008 2008 0 2067 2067 0 1605 1605 0 1323 1323 0 2068 2068 0 1593 1593 0 1342 1342 0 1585 1585 0 1340 1340 0 1359 1359 0 1563 1563 0 1562 1562 0 1365 1365 0 1363 1363 0 1362 1362 0 2050 2050 0 2069 2069 0 2010 2010 0 1510 1510 0 1929 1929 0 1915 1915 0 2070 2070 0 1457 1457 0 2051 2051 0 1919 1919 0 1918 1918 0 1928 1928 0 2071 2071 0 1519 1519 0 1523 1523 0 1543 1543 0 1546 1546 0 1933 1933 0 1356 1356 0 1900 1900 0 1357 1357 0 1569 1569 0 1572 1572 0 1570 1570 0 1291 1291 0 2072 2072 0 2048 2048 0 1944 1944 0 1626 1626 0 1629 1629 0 1256 1256 0 1639 1639 0 1258 1258 0 1655 1655 0 1652 1652 0 1653 1653 0 2026 2026 0 1658 1658 0 1214 1214 0 1669 1669 0 1671 1671 0 1198 1198 0 18 18 0 12 12 0 16 16 0 1950 1950 0 1685 1685 0 2054 2054 0 147 147 0 149 149 0 145 145 0 1115 1115 0 158 158 0 1113 1113 0 201 201 0 203 203 0 199 199 0 245 245 0 247 247 0 243 243 0 1716 1716 0 258 258 0 2028 2028 0 281 281 0 282 282 0 279 279 0 300 300 0 298 298 0 297 297 0 310 310 0 311 311 0 308 308 0 380 380 0 385 385 0 381 381 0 1740 1740 0 455 455 0 2057 2057 0 921 921 0 2032 2032 0 476 476 0 1808 1808 0 489 489 0 2073 2073 0 532 532 0 1966 1966 0 529 529 0 554 554 0 2033 2033 0 556 556 0 2058 2058 0 584 584 0 1759 1759 0 624 624 0 626 626 0 623 623 0 1973 1973 0 2074 2074 0 2060 2060 0 706 706 0 701 701 0 704 704 0 739 739 0 2075 2075 0 737 737 0 760 760 0 1783 1783 0 2061 2061 0 771 771 0 770 770 0 735 735 0 503 503 0 911 911 0 909 909 0 372 372 0 371 371 0 374 374 0 1010 1010 0 1012 1012 0 2062 2062 0 232 232 0 1032 1032 0 233 233 0 1832 1832 0 1994 1994 0 1835 1835 0 1707 1707 0 195 195 0 2076 2076 0 199 199 0 1838 1838 0 201 201 0 209 209 0 1839 1839 0 207 207 0 1846 1846 0 1102 1102 0 1847 1847 0 164 164 0 1109 1109 0 162 162 0 2001 2001 0 1855 1855 0 1140 1140 0 23 23 0 1177 1177 0 25 25 0 1194 1194 0 1193 1193 0 1672 1672 0 2077 2077 0 2066 2066 0 2045 2045 0 1945 1945 0 1636 1636 0 1259 1259 0 1580 1580 0 1896 1896 0 1578 1578 0 1360 1360 0 1899 1899 0 1900 1900 0 1398 1398 0 2010 2010 0 2069 2069 0 1507 1507 0 1506 1506 0 1434 1434 0 1461 1461 0 2070 2070 0 2051 2051 0 1432 1432 0 1428 1428 0 1918 1918 0 1521 1521 0 1522 1522 0 1519 1519 0 1379 1379 0 1905 1905 0 1377 1377 0 1347 1347 0 1939 1939 0 1348 1348 0 1657 1657 0 1655 1655 0 1654 1654 0 1950 1950 0 2054 2054 0 78 78 0 1999 1999 0 155 155 0 1954 1954 0 252 252 0 248 248 0 250 250 0 289 289 0 292 292 0 290 290 0 309 309 0 307 307 0 306 306 0 1822 1822 0 992 992 0 1958 1958 0 1808 1808 0 2073 2073 0 484 484 0 1802 1802 0 536 536 0 538 538 0 734 734 0 736 736 0 732 732 0 2075 2075 0 2078 2078 0 737 737 0 2061 2061 0 761 761 0 760 760 0 1780 1780 0 728 728 0 1778 1778 0 1013 1013 0 1015 1015 0 1014 1014 0 236 236 0 1713 1713 0 1026 1026 0 2079 2079 0 1054 1054 0 1053 1053 0 1707 1707 0 2076 2076 0 198 198 0 169 169 0 1105 1105 0 2042 2042 0 167 167 0 1108 1108 0 165 165 0 1184 1184 0 1181 1181 0 1180 1180 0 2045 2045 0 2080 2080 0 2077 2077 0 1937 1937 0 1349 1349 0 1351 1351 0 2069 2069 0 1396 1396 0 1398 1398 0 2051 2051 0 1462 1462 0 1461 1461 0 1430 1430 0 1916 1916 0 1428 1428 0 1932 1932 0 2071 2071 0 1523 1523 0 1907 1907 0 1558 1558 0 1905 1905 0 1344 1344 0 1581 1581 0 1579 1579 0 1209 1209 0 1664 1664 0 1207 1207 0 2042 2042 0 173 173 0 169 169 0 254 254 0 252 252 0 251 251 0 284 284 0 279 279 0 282 282 0 297 297 0 301 301 0 300 300 0 2081 2081 0 989 989 0 987 987 0 555 555 0 2082 2082 0 1755 1755 0 2083 2083 0 737 737 0 2078 2078 0 761 761 0 2084 2084 0 759 759 0 727 727 0 724 724 0 728 728 0 1036 1036 0 1037 1037 0 1034 1034 0 1844 1844 0 2079 2079 0 1053 1053 0 1954 1954 0 1116 1116 0 2085 2085 0 1866 1866 0 2 2 0 1 1 0 1384 1384 0 1386 1386 0 1554 1554 0 2086 2086 0 1398 1398 0 1397 1397 0 1470 1470 0 1466 1466 0 1468 1468 0 1929 1929 0 1930 1930 0 1916 1916 0 2087 2087 0 1674 1674 0 3 3 0 1049 1049 0 191 191 0 1704 1704 0 270 270 0 268 268 0 267 267 0 2084 2084 0 753 753 0 759 759 0 730 730 0 2088 2088 0 724 724 0 238 238 0 1848 1848 0 1827 1827 0 1843 1843 0 1051 1051 0 1844 1844 0 2080 2080 0 1643 1643 0 2077 2077 0 1469 1469 0 1468 1468 0 1471 1471 0 1423 1423 0 1422 1422 0 1426 1426 0 222 222 0 224 224 0 220 220 0 2089 2089 0 2055 2055 0 1715 1715 0 753 753 0 750 750 0 759 759 0 730 730 0 781 781 0 2088 2088 0 2062 2062 0 1011 1011 0 1010 1010 0 1474 1474 0 1471 1471 0 1451 1451 0 1836 1836 0 1044 1044 0 1046 1046 0 1715 1715 0 240 240 0 2089 2089 0 747 747 0 762 762 0 750 750 0 1090 1090 0 1092 1092 0 1088 1088 0 1452 1452 0 2090 2090 0 1450 1450 0 242 242 0 2089 2089 0 240 240 0 741 741 0 1782 1782 0 742 742 0 1097 1097 0 1998 1998 0 1095 1095 0 2091 2091 0 1450 1450 0 2090 2090 0 2078 2078 0 763 763 0 2083 2083 0 1024 1024 0 1990 1990 0 237 237 0 2090 2090 0 2092 2092 0 2091 2091 0 1785 1785 0 2083 2083 0 763 763 0 145 145 0 144 144 0 1117 1117 0 2093 2093 0 2091 2091 0 2092 2092 0 779 779 0 784 784 0 780 780 0 2094 2094 0 2093 2093 0 2092 2092 0 720 720 0 717 717 0 718 718 0 2095 2095 0 2094 2094 0 2092 2092 0 1777 1777 0 714 714 0 713 713 0 2092 2092 0 1477 1477 0 2095 2095 0 703 703 0 704 704 0 701 701 0 1476 1476 0 2095 2095 0 1477 1477 0 2096 2096 0 2060 2060 0 2074 2074 0 1446 1446 0 1449 1449 0 1447 1447 0 2074 2074 0 788 788 0 2096 2096 0 1482 1482 0 1445 1445 0 1447 1447 0 787 787 0 2096 2096 0 788 788 0 1485 1485 0 2014 2014 0 1483 1483 0 676 676 0 677 677 0 675 675 0 2014 2014 0 1442 1442 0 1444 1444 0 796 796 0 2097 2097 0 798 798 0 1487 1487 0 1444 1444 0 1443 1443 0 2098 2098 0 798 798 0 2097 2097 0 1443 1443 0 1489 1489 0 1488 1488 0 2097 2097 0 799 799 0 2098 2098 0 1489 1489 0 2052 2052 0 1925 1925 0 801 801 0 2098 2098 0 799 799 0 1494 1494 0 1493 1493 0 1495 1495 0 803 803 0 801 801 0 800 800 0 1439 1439 0 1495 1495 0 1440 1440 0 816 816 0 2038 2038 0 817 817 0 1499 1499 0 1441 1441 0 1497 1497 0 822 822 0 820 820 0 823 823 0 1437 1437 0 1498 1498 0 1497 1497 0 1789 1789 0 671 671 0 2099 2099 0 1497 1497 0 1438 1438 0 1437 1437 0 1789 1789 0 2099 2099 0 667 667 0 1501 1501 0 1920 1920 0 1438 1438 0 1978 1978 0 665 665 0 1791 1791 0 1502 1502 0 2015 2015 0 1503 1503 0 829 829 0 1791 1791 0 661 661 0 1914 1914 0 2011 2011 0 1422 1422 0 1770 1770 0 2100 2100 0 654 654 0 1420 1420 0 2101 2101 0 2011 2011 0 1770 1770 0 1769 1769 0 2100 2100 0 1420 1420 0 1419 1419 0 2101 2101 0 833 833 0 2102 2102 0 832 832 0 1515 1515 0 1511 1511 0 1512 1512 0 2103 2103 0 832 832 0 2102 2102 0 1512 1512 0 1513 1513 0 1515 1515 0 2102 2102 0 646 646 0 2103 2103 0 1411 1411 0 1913 1913 0 1409 1409 0 834 834 0 2103 2103 0 646 646 0 1517 1517 0 1518 1518 0 1913 1913 0 638 638 0 2104 2104 0 636 636 0 2010 2010 0 1910 1910 0 1403 1403 0 638 638 0 639 639 0 2104 2104 0 1520 1520 0 2086 2086 0 1397 1397 0 1767 1767 0 1766 1766 0 639 639 0 1397 1397 0 1521 1521 0 1520 1520 0 643 643 0 642 642 0 1766 1766 0 1532 1532 0 1531 1531 0 1394 1394 0 644 644 0 837 837 0 642 642 0 1393 1393 0 1395 1395 0 2017 2017 0 635 635 0 839 839 0 633 633 0 2018 2018 0 2017 2017 0 1535 1535 0 625 625 0 842 842 0 627 627 0 1536 1536 0 1535 1535 0 1392 1392 0 623 623 0 620 620 0 624 624 0 1391 1391 0 1538 1538 0 1392 1392 0 618 618 0 617 617 0 620 620 0 1392 1392 0 1387 1387 0 1390 1390 0 609 609 0 608 608 0 848 848 0 1389 1389 0 1390 1390 0 1387 1387 0 2059 2059 0 602 602 0 1970 1970 0 1388 1388 0 1539 1539 0 1389 1389 0 1970 1970 0 2105 2105 0 1796 1796 0 2106 2106 0 1389 1389 0 1539 1539 0 2105 2105 0 850 850 0 1796 1796 0 2107 2107 0 2106 2106 0 1539 1539 0 1979 1979 0 852 852 0 851 851 0 1541 1541 0 2107 2107 0 1539 1539 0 598 598 0 857 857 0 590 590 0 2019 2019 0 1541 1541 0 1540 1540 0 1761 1761 0 599 599 0 587 587 0 1552 1552 0 1549 1549 0 1385 1385 0 2108 2108 0 1759 1759 0 584 584 0 1381 1381 0 1383 1383 0 1557 1557 0 583 583 0 2108 2108 0 584 584 0 1382 1382 0 1371 1371 0 1383 1383 0 858 858 0 1798 1798 0 859 859 0 1562 1562 0 1901 1901 0 1359 1359 0 574 574 0 577 577 0 576 576 0 1568 1568 0 1352 1352 0 1354 1354 0 2082 2082 0 867 867 0 1755 1755 0 1335 1335 0 1338 1338 0 1940 1940 0 866 866 0 1755 1755 0 867 867 0 1587 1587 0 1584 1584 0 1585 1585 0 867 867 0 1799 1799 0 551 551 0 1585 1585 0 1588 1588 0 1587 1587 0 549 549 0 868 868 0 547 547 0 1592 1592 0 1586 1586 0 1590 1590 0 1801 1801 0 2109 2109 0 870 870 0 1329 1329 0 1326 1326 0 1330 1330 0 2109 2109 0 871 871 0 870 870 0 2068 2068 0 1321 1321 0 1593 1593 0 871 871 0 546 546 0 869 869 0 1315 1315 0 1319 1319 0 1318 1318 0 545 545 0 869 869 0 546 546 0 1316 1316 0 1595 1595 0 1314 1314 0 541 541 0 1754 1754 0 542 542 0 1595 1595 0 2110 2110 0 2022 2022 0 884 884 0 881 881 0 885 885 0 2110 2110 0 1598 1598 0 2022 2022 0 2111 2111 0 888 888 0 887 887 0 1599 1599 0 1596 1596 0 1311 1311 0 890 890 0 2111 2111 0 887 887 0 1312 1312 0 1309 1309 0 1313 1313 0 889 889 0 891 891 0 890 890 0 1887 1887 0 1886 1886 0 1308 1308 0 897 897 0 893 893 0 895 895 0 1601 1601 0 1308 1308 0 1886 1886 0 1807 1807 0 903 903 0 902 902 0 1605 1605 0 2049 2049 0 2008 2008 0 902 902 0 2112 2112 0 1807 1807 0 2067 2067 0 1606 1606 0 1605 1605 0 2112 2112 0 906 906 0 1807 1807 0 1604 1604 0 1606 1606 0 1298 1298 0 906 906 0 907 907 0 904 904 0 2072 2072 0 2113 2113 0 2048 2048 0 907 907 0 515 515 0 514 514 0 2114 2114 0 2048 2048 0 2113 2113 0 512 512 0 511 511 0 514 514 0 1612 1612 0 2114 2114 0 2113 2113 0 509 509 0 508 508 0 511 511 0 2113 2113 0 1613 1613 0 1612 1612 0 510 510 0 908 908 0 508 508 0 1288 1288 0 1882 1882 0 1286 1286 0 488 488 0 918 918 0 490 490 0 1285 1285 0 1283 1283 0 1882 1882 0 484 484 0 482 482 0 1983 1983 0 2115 2115 0 1881 1881 0 2047 2047 0 483 483 0 1744 1744 0 481 481 0 2047 2047 0 1280 1280 0 2115 2115 0 1745 1745 0 1809 1809 0 481 481 0 2116 2116 0 2115 2115 0 1280 1280 0 920 920 0 922 922 0 919 919 0 1277 1277 0 2116 2116 0 1280 1280 0 473 473 0 472 472 0 2039 2039 0 2046 2046 0 2117 2117 0 1267 1267 0 1964 1964 0 2118 2118 0 1743 1743 0 1266 1266 0 1267 1267 0 2117 2117 0 2119 2119 0 1743 1743 0 2118 2118 0 2117 2117 0 1264 1264 0 1266 1266 0 465 465 0 2119 2119 0 2118 2118 0 1265 1265 0 2120 2120 0 1879 1879 0 2118 2118 0 466 466 0 465 465 0 2121 2121 0 1879 1879 0 2120 2120 0 463 463 0 462 462 0 465 465 0 1617 1617 0 2121 2121 0 2120 2120 0 461 461 0 1963 1963 0 462 462 0 2120 2120 0 2122 2122 0 1617 1617 0 460 460 0 458 458 0 457 457 0 2122 2122 0 1618 1618 0 1617 1617 0 2057 2057 0 449 449 0 1740 1740 0 2053 2053 0 1616 1616 0 1618 1618 0 451 451 0 1739 1739 0 449 449 0 1618 1618 0 1619 1619 0 2053 2053 0 450 450 0 2123 2123 0 451 451 0 1263 1263 0 1630 1630 0 1629 1629 0 2124 2124 0 451 451 0 2123 2123 0 1263 1263 0 1632 1632 0 1261 1261 0 2123 2123 0 927 927 0 2124 2124 0 1632 1632 0 1638 1638 0 1631 1631 0 926 926 0 2124 2124 0 927 927 0 1634 1634 0 1633 1633 0 1636 1636 0 927 927 0 931 931 0 925 925 0 1245 1245 0 1247 1247 0 1248 1248 0 444 444 0 448 448 0 447 447 0 1246 1246 0 1878 1878 0 1877 1877 0 447 447 0 2125 2125 0 444 444 0 1244 1244 0 1243 1243 0 1877 1877 0 2125 2125 0 445 445 0 444 444 0 1876 1876 0 1875 1875 0 1243 1243 0 2126 2126 0 443 443 0 445 445 0 1239 1239 0 1236 1236 0 1875 1875 0 445 445 0 938 938 0 2126 2126 0 1240 1240 0 1237 1237 0 1236 1236 0 937 937 0 2126 2126 0 938 938 0 1238 1238 0 1874 1874 0 1236 1236 0 947 947 0 1738 1738 0 945 945 0 1235 1235 0 1234 1234 0 1874 1874 0 2127 2127 0 946 946 0 945 945 0 1642 1642 0 2077 2077 0 1643 1643 0 945 945 0 948 948 0 2127 2127 0 1648 1648 0 2025 2025 0 1645 1645 0 2128 2128 0 2127 2127 0 948 948 0 2 2 0 2087 2087 0 3 3 0 2129 2129 0 2128 2128 0 948 948 0 8 8 0 4 4 0 1676 1676 0 950 950 0 2129 2129 0 948 948 0 28 28 0 30 30 0 1679 1679 0 951 951 0 1817 1817 0 1816 1816 0 31 31 0 33 33 0 29 29 0 435 435 0 437 437 0 1818 1818 0 1174 1174 0 1861 1861 0 32 32 0 957 957 0 1818 1818 0 955 955 0 2044 2044 0 2065 2065 0 1861 1861 0 959 959 0 955 955 0 1737 1737 0 1860 1860 0 1859 1859 0 2065 2065 0 431 431 0 961 961 0 429 429 0 1171 1171 0 1170 1170 0 1859 1859 0 431 431 0 962 962 0 961 961 0 41 41 0 1681 1681 0 39 39 0 960 960 0 962 962 0 428 428 0 2130 2130 0 39 39 0 1681 1681 0 1736 1736 0 1959 1959 0 423 423 0 44 44 0 2130 2130 0 1681 1681 0 964 964 0 966 966 0 1959 1959 0 1858 1858 0 47 47 0 1949 1949 0 1735 1735 0 1733 1733 0 965 965 0 2131 2131 0 2064 2064 0 2043 2043 0 421 421 0 416 416 0 1733 1733 0 2043 2043 0 48 48 0 2131 2131 0 969 969 0 417 417 0 2030 2030 0 50 50 0 2131 2131 0 48 48 0 2030 2030 0 967 967 0 969 969 0 1683 1683 0 1154 1154 0 1153 1153 0 2132 2132 0 969 969 0 968 968 0 54 54 0 1683 1683 0 55 55 0 968 968 0 970 970 0 2132 2132 0 55 55 0 2133 2133 0 53 53 0 971 971 0 2132 2132 0 970 970 0 57 57 0 53 53 0 2133 2133 0 2029 2029 0 972 972 0 1732 1732 0 2133 2133 0 58 58 0 57 57 0 2134 2134 0 1732 1732 0 972 972 0 58 58 0 59 59 0 56 56 0 974 974 0 2134 2134 0 972 972 0 2135 2135 0 1139 1139 0 1141 1141 0 402 402 0 403 403 0 1731 1731 0 1141 1141 0 1137 1137 0 2135 2135 0 401 401 0 976 976 0 397 397 0 1138 1138 0 2135 2135 0 1137 1137 0 399 399 0 1729 1729 0 397 397 0 1135 1135 0 61 61 0 1136 1136 0 396 396 0 392 392 0 1729 1729 0 2136 2136 0 1136 1136 0 61 61 0 1820 1820 0 2056 2056 0 390 390 0 63 63 0 2136 2136 0 61 61 0 390 390 0 977 977 0 1820 1820 0 79 79 0 78 78 0 81 81 0 983 983 0 984 984 0 981 981 0 1687 1687 0 81 81 0 2137 2137 0 984 984 0 986 986 0 985 985 0 1687 1687 0 2137 2137 0 1951 1951 0 986 986 0 2081 2081 0 987 987 0 1688 1688 0 2027 2027 0 1951 1951 0 990 990 0 989 989 0 992 992 0 2138 2138 0 84 84 0 1854 1854 0 1728 1728 0 374 374 0 2040 2040 0 1854 1854 0 1853 1853 0 2138 2138 0 373 373 0 368 368 0 371 371 0 1131 1131 0 2138 2138 0 1853 1853 0 370 370 0 366 366 0 368 368 0 2139 2139 0 2000 2000 0 1132 1132 0 366 366 0 365 365 0 368 368 0 1132 1132 0 89 89 0 2139 2139 0 367 367 0 363 363 0 365 365 0 88 88 0 2139 2139 0 89 89 0 361 361 0 359 359 0 363 363 0 95 95 0 100 100 0 99 99 0 360 360 0 1957 1957 0 356 356 0 101 101 0 100 100 0 1852 1852 0 1724 1724 0 324 324 0 321 321 0 1127 1127 0 1129 1129 0 2140 2140 0 1992 1992 0 1036 1036 0 1831 1831 0 1952 1952 0 1127 1127 0 2140 2140 0 1954 1954 0 2085 2085 0 1999 1999 0 2140 2140 0 103 103 0 1952 1952 0 1694 1694 0 2141 2141 0 134 134 0 113 113 0 112 112 0 117 117 0 1693 1693 0 2141 2141 0 1694 1694 0 2142 2142 0 118 118 0 117 117 0 131 131 0 125 125 0 1693 1693 0 2143 2143 0 118 118 0 2142 2142 0 128 128 0 126 126 0 125 125 0 1125 1125 0 2143 2143 0 2142 2142 0 122 122 0 121 121 0 123 123 0 2142 2142 0 1124 1124 0 1125 1125 0 120 120 0 1125 1125 0 121 121 0</p></triangles></mesh></geometry></library_geometries><library_visual_scenes><visual_scene id="Scene"><node id="road-node"><instance_geometry url="#road"><bind_material><technique_common><instance_material symbol="asphalt" target="#asphalt-material"><bind_vertex_input semantic="UVSET0" input_semantic="TEXCOORD" input_set="0" /></instance_material></technique_common></bind_material></instance_geometry></node></visual_scene></library_visual_scenes><scene><instance_visual_scene url="#Scene" /></scene></COLLADA>