# F1-derived approximate flat training road. Metres, Z up.
mtllib track.mtl
usemtl asphalt
v -66.2670212 -16.7739600 0.0000000
v -66.4092579 -16.7042579 0.0000000
v -67.1075008 -18.0325139 0.0000000
v -66.7944912 -16.4579386 0.0000000
v -67.0002408 -16.3263817 0.0000000
v -67.6025364 -17.7216881 0.0000000
v -67.8130604 -17.5870784 0.0000000
v -67.1953205 -16.1974531 0.0000000
v -67.8225625 -17.5809011 0.0000000
v -67.3914589 -16.0599190 0.0000000
v -68.2526488 -17.2880689 0.0000000
v -67.5960525 -15.9164562 0.0000000
v -67.8006460 -15.7729933 0.0000000
v -68.4572423 -17.1446060 0.0000000
v -68.8664294 -16.8576803 0.0000000
v -68.6618359 -17.0011432 0.0000000
v -68.0024068 -15.6315168 0.0000000
v -68.5185944 -15.2051532 0.0000000
v -68.7061620 -15.0400517 0.0000000
v -69.6972458 -16.1659971 0.0000000
v -69.5096782 -16.3310986 0.0000000
v -69.3221105 -16.4962000 0.0000000
v -69.8848134 -16.0008956 0.0000000
v -68.8218930 -14.9381826 0.0000000
v -70.1478752 -15.6552403 0.0000000
v -70.0103062 -15.8584178 0.0000000
v -68.8757940 -14.8585755 0.0000000
v -70.2012996 -15.5627773 0.0000000
v -69.0276575 -14.5463322 0.0000000
v -70.4819048 -14.9270800 0.0000000
v -70.4198828 -15.1133533 0.0000000
v -69.0537600 -14.4107215 0.0000000
v -70.5330147 -14.6596056 0.0000000
v -70.5289403 -14.6827155 0.0000000
v -69.1521573 -13.7399779 0.0000000
v -69.1619111 -13.5172117 0.0000000
v -70.6604753 -13.5828255 0.0000000
v -70.6714057 -13.3331845 0.0000000
v -69.1698014 -13.3370037 0.0000000
v -68.9884747 -13.0103550 0.0000000
v -70.2822300 -12.2512785 0.0000000
v -70.4086821 -12.4668010 0.0000000
v -69.1665047 -13.3137859 0.0000000
v -70.5351342 -12.6823236 0.0000000
v -70.6308085 -12.9564264 0.0000000
v -68.8620225 -12.7948325 0.0000000
v -70.0293257 -11.8202333 0.0000000
v -70.1557778 -12.0357559 0.0000000
v -68.6091183 -12.3637874 0.0000000
v -69.7790076 -11.3935961 0.0000000
v -69.9028736 -11.6047108 0.0000000
v -67.8638167 -11.0447058 0.0000000
v -69.1733261 -10.3131422 0.0000000
v -69.2951949 -10.5312892 0.0000000
v -70.6120758 -14.1661385 0.0000000
v -70.5725453 -14.4128721 0.0000000
v -69.1283894 -13.9449157 0.0000000
v -70.3105912 -15.3380653 0.0000000
v -68.9616730 -14.6820016 0.0000000
v -66.8847096 -18.1416912 0.0000000
v -66.0882509 -18.4207151 0.0000000
v -65.8518247 -18.5016023 0.0000000
v -65.3669164 -17.0821431 0.0000000
v -64.4973820 -17.5594540 0.0000000
v -64.6682866 -17.3665173 0.0000000
v -64.8944175 -17.2428335 0.0000000
v -65.8482961 -18.5028036 0.0000000
v -64.4847903 -19.1288509 0.0000000
v -64.3915253 -18.9422735 0.0000000
v -64.2797982 -18.7187625 0.0000000
v -64.2262114 -18.1892946 0.0000000
v -64.2044646 -18.4589412 0.0000000
v -65.9499976 -20.9840327 0.0000000
v -64.5112717 -20.5596889 0.0000000
v -64.5819618 -20.3200161 0.0000000
v -65.8793076 -21.2237055 0.0000000
v -64.3698916 -21.0390344 0.0000000
v -64.4405816 -20.7993616 0.0000000
v -61.5623068 -23.8823030 0.0000000
v -61.7573630 -23.7261198 0.0000000
v -62.6949114 -24.8970182 0.0000000
v -62.1097427 -25.3655678 0.0000000
v -61.9146865 -25.5217509 0.0000000
v -61.1721944 -24.1946694 0.0000000
v -60.1969133 -24.9755852 0.0000000
v -60.3919695 -24.8194021 0.0000000
v -61.1525263 -26.1320191 0.0000000
v -60.4897154 -27.0730860 0.0000000
v -59.0465359 -26.6205644 0.0000000
v -59.1277156 -26.4446305 0.0000000
v -59.2324080 -26.2177393 0.0000000
v -59.7759378 -25.3709496 0.0000000
v -59.9536623 -25.1952963 0.0000000
v -60.9967049 -26.2734049 0.0000000
v -60.8303634 -26.4378080 0.0000000
v -60.7459234 -26.5212639 0.0000000
v -59.5982133 -25.5466030 0.0000000
v -59.4484701 -25.7571845 0.0000000
v -59.3411443 -25.9822282 0.0000000
v -60.5870257 -24.6632189 0.0000000
v -61.5245741 -25.8341173 0.0000000
v -61.7196303 -25.6779341 0.0000000
v -60.7820819 -24.5070357 0.0000000
v -62.4998552 -25.0532014 0.0000000
v -55.5053412 -17.8575845 0.0000000
v -55.5534080 -18.1027981 0.0000000
v -54.0333544 -18.1461234 0.0000000
v -55.4572744 -17.6123709 0.0000000
v -53.9852876 -17.9009098 0.0000000
v -53.9372208 -17.6556963 0.0000000
v -53.8891540 -17.4104827 0.0000000
v -55.3611409 -17.1219438 0.0000000
v -53.8410872 -17.1652691 0.0000000
v -53.7930205 -16.9200555 0.0000000
v -55.2650073 -16.6315166 0.0000000
v -53.6968869 -16.4296284 0.0000000
v -55.1688738 -16.1410894 0.0000000
v -55.0727402 -15.6506623 0.0000000
v -55.1208070 -15.8958759 0.0000000
v -53.6488201 -16.1844148 0.0000000
v -53.6007534 -15.9392012 0.0000000
v -53.5526866 -15.6939876 0.0000000
v -54.9766874 -15.1606472 0.0000000
v -55.0246734 -15.4054487 0.0000000
v -53.5046198 -15.4487741 0.0000000
v -53.5044587 -15.4479499 0.0000000
v -53.4566666 -15.2026831 0.0000000
v -53.4562083 -15.2003105 0.0000000
v -54.9292067 -14.9169784 0.0000000
v -54.6474237 -13.4456453 0.0000000
v -53.1741980 -13.7277908 0.0000000
v -54.5534203 -12.9548054 0.0000000
v -54.6004220 -13.2002254 0.0000000
v -53.0801946 -13.2369509 0.0000000
v -53.0331929 -12.9915310 0.0000000
v -52.8451860 -12.0098512 0.0000000
v -54.5064185 -12.7093855 0.0000000
v -52.7981843 -11.7644312 0.0000000
v -54.2714100 -11.4822857 0.0000000
v -54.2244082 -11.2368658 0.0000000
v -52.7511826 -11.5190113 0.0000000
v -52.7041808 -11.2735913 0.0000000
v -54.1774065 -10.9914458 0.0000000
v -54.0834031 -10.5006059 0.0000000
v -54.1304048 -10.7460259 0.0000000
v -52.6571791 -11.0281714 0.0000000
v -52.6101774 -10.7827514 0.0000000
v -52.5631757 -10.5373315 0.0000000
v -53.8483945 -9.2735062 0.0000000
v -53.8953962 -9.5189261 0.0000000
v -52.3751688 -9.5556517 0.0000000
v -53.7002519 -8.5248064 0.0000000
v -53.7517022 -8.7692862 0.0000000
v -52.2339412 -8.8410165 0.0000000
v -52.1229911 -8.3613860 0.0000000
v -53.5844000 -8.0233268 0.0000000
v -52.0666749 -8.1179345 0.0000000
v -52.0103587 -7.8744831 0.0000000
v -53.5280838 -7.7798753 0.0000000
v -53.1549454 -6.2664792 0.0000000
v -53.2305842 -6.5045329 0.0000000
v -51.7918861 -6.9300399 0.0000000
v -51.9540425 -7.6310317 0.0000000
v -53.4154514 -7.2929725 0.0000000
v -51.7264907 -6.7242244 0.0000000
v -52.6066250 -4.5977157 0.0000000
v -52.6846325 -4.8351077 0.0000000
v -51.1815902 -5.0659846 0.0000000
v -52.9186547 -5.5472837 0.0000000
v -52.9966621 -5.7846757 0.0000000
v -51.5716273 -6.2529446 0.0000000
v -51.4936199 -6.0155526 0.0000000
v -51.3376051 -5.5407686 0.0000000
v -52.4506102 -4.1229318 0.0000000
v -52.5286176 -4.3603237 0.0000000
v -51.1035828 -4.8285927 0.0000000
v -52.3726028 -3.8855398 0.0000000
v -50.9548610 -4.3760029 0.0000000
v -50.9305349 -4.3150564 0.0000000
v -51.9161174 -3.1805370 0.0000000
v -52.0943438 -3.3556811 0.0000000
v -52.2652237 -3.6125907 0.0000000
v -50.7475974 -4.1520230 0.0000000
v -51.6177356 -2.9293460 0.0000000
v -51.6902735 -2.9843581 0.0000000
v -51.4098389 -2.7907130 0.0000000
v -51.1932545 -2.6499583 0.0000000
v -51.4022981 -2.7857498 0.0000000
v -50.5026341 -3.9900315 0.0000000
v -50.9183341 -2.5409124 0.0000000
v -50.0914896 -3.9322104 0.0000000
v -49.9784848 -3.9504416 0.0000000
v -49.6805783 -2.4791078 0.0000000
v -49.5648328 -2.5073673 0.0000000
v -49.3342621 -2.5835154 0.0000000
v -49.9327399 -3.9655493 0.0000000
v -49.1008676 -2.7100884 0.0000000
v -50.0775445 -2.4303686 0.0000000
v -50.3237560 -2.4404954 0.0000000
v -49.6637604 -4.1852760 0.0000000
v -48.6945186 -3.0404562 0.0000000
v -48.7044278 -3.0321399 0.0000000
v -49.0986430 -4.6679219 0.0000000
v -47.9344705 -3.6895854 0.0000000
v -48.1244825 -3.5273031 0.0000000
v -47.7687667 -5.8037204 0.0000000
v -46.7939827 -4.6636343 0.0000000
v -46.9844103 -4.5009968 0.0000000
v -47.5828544 -5.9627357 0.0000000
v -46.6040899 -4.8260543 0.0000000
v -46.5965873 -4.8325579 0.0000000
v -47.2111305 -6.2892998 0.0000000
v -46.2211336 -5.1623988 0.0000000
v -46.4088604 -4.9974783 0.0000000
v -46.4602232 -6.9489815 0.0000000
v -45.2824994 -5.9870009 0.0000000
v -45.4702262 -5.8220804 0.0000000
v -45.8970426 -7.4437428 0.0000000
v -44.9070457 -6.3168417 0.0000000
v -45.0947725 -6.1519213 0.0000000
v -45.5215889 -7.7735836 0.0000000
v -44.5315920 -6.6466826 0.0000000
v -44.7193188 -6.4817621 0.0000000
v -44.9584084 -8.2683449 0.0000000
v -43.7806846 -7.3063642 0.0000000
v -43.9684115 -7.1414438 0.0000000
v -44.2075010 -8.9280266 0.0000000
v -43.0297772 -7.9660459 0.0000000
v -43.2175041 -7.8011255 0.0000000
v -43.4565936 -9.5877083 0.0000000
v -42.2788699 -8.6257276 0.0000000
v -42.4665967 -8.4608072 0.0000000
v -41.9064883 -10.7401384 0.0000000
v -41.0164496 -9.5071456 0.0000000
v -41.2403364 -9.3961735 0.0000000
v -41.4587147 -10.9620826 0.0000000
v -40.6007971 -9.7131687 0.0000000
v -40.7925628 -9.6181177 0.0000000
v -40.6241989 -11.2789942 0.0000000
v -39.9910423 -9.8964050 0.0000000
v -40.2322407 -9.8311099 0.0000000
v -39.3007051 -11.5739023 0.0000000
v -39.0525756 -11.6034301 0.0000000
v -38.8753243 -10.1139396 0.0000000
v -30.5262721 -12.1328810 0.0000000
v -30.2767461 -12.1461807 0.0000000
v -30.1969091 -10.6483069 0.0000000
v -29.9473831 -10.6616067 0.0000000
v -28.2805380 -12.2525790 0.0000000
v -28.0310120 -12.2658788 0.0000000
v -27.9511750 -10.7680050 0.0000000
v -26.7833820 -12.3323778 0.0000000
v -26.5338560 -12.3456775 0.0000000
v -26.7035450 -10.8345039 0.0000000
v -26.2843300 -12.3589773 0.0000000
v -26.0348040 -12.3722771 0.0000000
v -25.9549670 -10.8744033 0.0000000
v -25.4559150 -10.9010029 0.0000000
v -25.7054410 -10.8877031 0.0000000
v -25.5357519 -12.3988767 0.0000000
v -25.0366999 -12.4254763 0.0000000
v -24.7871739 -12.4387761 0.0000000
v -24.9568629 -10.9276024 0.0000000
v -24.5376479 -12.4520758 0.0000000
v -24.4578109 -10.9542020 0.0000000
v -23.9587589 -10.9808016 0.0000000
v -24.2082849 -10.9675018 0.0000000
v -24.2881219 -12.4653756 0.0000000
v -24.0385959 -12.4786754 0.0000000
v -23.7893807 -12.4919586 0.0000000
v -23.4569788 -11.0077593 0.0000000
v -23.4590966 -11.0076417 0.0000000
v -23.5412360 -12.5053914 0.0000000
v -23.2928191 -12.5195436 0.0000000
v -23.0433434 -12.5337561 0.0000000
v -23.2075031 -11.0219718 0.0000000
v -22.4590760 -11.0646094 0.0000000
v -22.7085517 -11.0503969 0.0000000
v -22.7938677 -12.5479686 0.0000000
v -21.7106490 -11.1072470 0.0000000
v -22.2096003 -11.0788219 0.0000000
v -22.2949164 -12.5763937 0.0000000
v -21.7959650 -12.6048187 0.0000000
v -21.5464893 -12.6190313 0.0000000
v -21.0475379 -12.6474563 0.0000000
v -20.7980623 -12.6616688 0.0000000
v -20.9622219 -11.1498845 0.0000000
v -20.5485866 -12.6758813 0.0000000
v -20.7127462 -11.1640971 0.0000000
v -20.2991109 -12.6900939 0.0000000
v -20.2137949 -11.1925221 0.0000000
v -19.9643192 -11.2067346 0.0000000
v -20.0496352 -12.7043064 0.0000000
v -19.7148435 -11.2209472 0.0000000
v -19.5506838 -12.7327314 0.0000000
v -19.3012081 -12.7469440 0.0000000
v -19.4653678 -11.2351597 0.0000000
v -18.8022568 -12.7753690 0.0000000
v -18.7169407 -11.2777972 0.0000000
v -18.5527811 -12.7895815 0.0000000
v -18.4789197 -11.2913572 0.0000000
v -18.5298571 -12.7905360 0.0000000
v -18.2800786 -12.7971104 0.0000000
v -18.2771044 -12.7971828 0.0000000
v -18.0272866 -12.8027668 0.0000000
v -18.2420975 -11.2975906 0.0000000
v -17.7774688 -12.8083507 0.0000000
v -17.7439491 -11.3087253 0.0000000
v -17.2096463 -11.3320746 0.0000000
v -17.2130679 -11.3318451 0.0000000
v -17.3117589 -12.8285959 0.0000000
v -16.9603654 -11.3493702 0.0000000
v -17.1181265 -12.8420305 0.0000000
v -16.6831890 -11.3691253 0.0000000
v -16.7110845 -11.3666658 0.0000000
v -15.8802596 -11.7479730 0.0000000
v -16.4392409 -11.3952319 0.0000000
v -16.1187962 -11.5067035 0.0000000
v -15.6125252 -12.4905191 0.0000000
v -15.6449882 -12.2524634 0.0000000
v -15.6065827 -12.6293005 0.0000000
v -17.1043030 -13.3806063 0.0000000
v -15.5842217 -13.7154120 0.0000000
v -15.6064497 -13.3003846 0.0000000
v -16.8723405 -14.5787344 0.0000000
v -15.3819955 -14.2765556 0.0000000
v -15.4712173 -14.0431470 0.0000000
v -14.1798365 -15.0956045 0.0000000
v -14.4216047 -15.0324515 0.0000000
v -14.5589359 -16.5469086 0.0000000
v -13.9592537 -16.6597950 0.0000000
v -13.7107826 -16.6862946 0.0000000
v -13.7954628 -15.1687567 0.0000000
v -12.0608821 -15.3537510 0.0000000
v -12.3093532 -15.3272514 0.0000000
v -12.4684271 -16.8187927 0.0000000
v -12.2199560 -16.8452923 0.0000000
v -11.9714849 -16.8717919 0.0000000
v -11.2260716 -16.9512907 0.0000000
v -10.9776005 -16.9777903 0.0000000
v -11.0669977 -15.4597494 0.0000000
v -7.7474763 -17.3222853 0.0000000
v -7.4990052 -17.3487849 0.0000000
v -7.3441691 -15.8567917 0.0000000
v -7.4905249 -17.3496407 0.0000000
v -6.6307126 -15.9051571 0.0000000
v -6.8802183 -15.8914820 0.0000000
v -6.9623078 -17.3892341 0.0000000
v -6.4632964 -17.4165842 0.0000000
v -6.2137906 -17.4302592 0.0000000
v -6.1317012 -15.9325071 0.0000000
v -4.8841725 -16.0008822 0.0000000
v -5.1336783 -15.9872072 0.0000000
v -5.2157677 -17.4849593 0.0000000
v -4.6346668 -16.0145572 0.0000000
v -4.9662620 -17.4986343 0.0000000
v -3.3871382 -16.0829323 0.0000000
v -3.6366439 -16.0692573 0.0000000
v -3.7187334 -17.5670094 0.0000000
v -3.4692276 -17.5806844 0.0000000
v -3.2197219 -17.5943594 0.0000000
v -2.9702162 -17.6080345 0.0000000
v -2.8885074 -16.1102615 0.0000000
v -2.1418082 -16.1494032 0.0000000
v -2.6401349 -16.1236212 0.0000000
v -2.2193105 -17.6473997 0.0000000
v -1.9697640 -17.6603106 0.0000000
v -1.9212528 -16.1608142 0.0000000
v -0.7882290 -14.9989893 0.0000000
v -0.9251143 -15.2080408 0.0000000
v 0.3297960 -16.0297464 0.0000000
v 0.4666813 -15.8206949 0.0000000
v 0.6035666 -15.6116434 0.0000000
v -0.5144584 -14.5808864 0.0000000
v -0.6513437 -14.7899379 0.0000000
v 0.8773372 -15.1935404 0.0000000
v -0.2406878 -14.1627834 0.0000000
v -0.3775731 -14.3718349 0.0000000
v 1.1511078 -14.7754374 0.0000000
v 0.0330828 -13.7446804 0.0000000
v -0.1038025 -13.9537319 0.0000000
v 2.0188198 -13.4195523 0.0000000
v 0.7225598 -12.6484747 0.0000000
v 0.6773721 -12.7465088 0.0000000
v 2.2251126 -12.7841997 0.0000000
v 0.7917563 -12.3024043 0.0000000
v 0.7542272 -12.4900973 0.0000000
v 1.0355769 -2.1325407 0.0000000
v 1.0031411 -1.8847746 0.0000000
v -0.4841682 -2.0794827 0.0000000
v -0.5490398 -1.5839506 0.0000000
v -0.5166040 -1.8317167 0.0000000
v 0.9707052 -1.6370085 0.0000000
v 0.9058336 -1.1414764 0.0000000
v 0.8733978 -0.8937103 0.0000000
v -0.6139114 -1.0884184 0.0000000
v -0.6463472 -0.8406523 0.0000000
v 0.8409620 -0.6459442 0.0000000
v 0.8085262 -0.3981781 0.0000000
v -0.6787830 -0.5928862 0.0000000
v 0.7436546 0.0973541 0.0000000
v -0.7433002 -0.1000610 0.0000000
v 0.7429262 0.1027653 0.0000000
v 0.7086875 0.3502887 0.0000000
v 0.6744488 0.5978120 0.0000000
v -0.8114035 0.3922815 0.0000000
v 0.6402101 0.8453354 0.0000000
v -0.8456422 0.6398049 0.0000000
v -0.8798809 0.8873283 0.0000000
v 0.6059715 1.0928588 0.0000000
v -0.9483582 1.3823750 0.0000000
v -0.9141196 1.1348517 0.0000000
v 0.5717328 1.3403822 0.0000000
v -1.0168356 1.8774218 0.0000000
v -0.9825969 1.6298984 0.0000000
v 0.5032554 1.8354290 0.0000000
v -1.0853129 2.3724686 0.0000000
v -1.0510743 2.1249452 0.0000000
v 0.4005394 2.5779991 0.0000000
v -1.1537903 2.8675154 0.0000000
v -1.1195516 2.6199920 0.0000000
v 0.3320621 3.0730459 0.0000000
v 0.2978234 3.3205693 0.0000000
v 0.2635847 3.5680927 0.0000000
v -1.1880290 3.1150387 0.0000000
v 0.2293460 3.8156161 0.0000000
v -1.2565063 3.6100855 0.0000000
v 0.1951074 4.0631395 0.0000000
v 0.1608687 4.3106628 0.0000000
v -1.2907450 3.8576089 0.0000000
v -1.3592223 4.3526557 0.0000000
v -1.3249837 4.1051323 0.0000000
v 0.1266300 4.5581862 0.0000000
v -1.3934610 4.6001791 0.0000000
v -1.6673704 6.5803662 0.0000000
v -1.6331318 6.3328428 0.0000000
v -0.1815181 6.7858967 0.0000000
v -1.7358478 7.0754129 0.0000000
v -1.7016091 6.8278895 0.0000000
v -0.2499954 7.2809435 0.0000000
v -2.2713035 13.3217964 0.0000000
v -2.2524877 13.0916710 0.0000000
v -0.7574766 13.2139085 0.0000000
v -1.8248615 7.8616398 0.0000000
v -1.8044983 7.6125907 0.0000000
v -0.3106527 7.7490816 0.0000000
v -0.3705767 8.4819755 0.0000000
v -0.3909399 8.7310246 0.0000000
v -1.8655878 8.3597380 0.0000000
v -0.5945714 11.2215157 0.0000000
v -0.6149346 11.4705648 0.0000000
v -2.0895824 11.0992782 0.0000000
v -0.4316662 9.2291228 0.0000000
v -0.4520293 9.4781719 0.0000000
v -1.9266772 9.1068853 0.0000000
v -0.5131188 10.2253192 0.0000000
v -0.5334819 10.4743683 0.0000000
v -2.0081298 10.1030818 0.0000000
v -1.9674035 9.6049835 0.0000000
v -1.9470404 9.3559344 0.0000000
v -0.4723925 9.7272210 0.0000000
v -0.4927556 9.9762701 0.0000000
v -1.9877667 9.8540326 0.0000000
v -0.5742082 10.9724665 0.0000000
v -2.0692193 10.8502291 0.0000000
v -0.4113030 8.9800737 0.0000000
v -1.8859509 8.6087871 0.0000000
v -2.1710350 12.0954746 0.0000000
v -2.1506719 11.8464255 0.0000000
v -0.6760240 12.2177121 0.0000000
v -2.2321245 12.8426219 0.0000000
v -0.2157568 7.0334201 0.0000000
v -2.3969999 13.8982711 0.0000000
v -2.3468152 13.7035656 0.0000000
v -0.8942877 14.0779502 0.0000000
v -1.5646544 5.8377960 0.0000000
v -1.5304157 5.5902726 0.0000000
v -0.0788021 6.0433265 0.0000000
v -4.4624187 14.2510725 0.0000000
v -4.2215404 14.1846064 0.0000000
v -3.8734560 15.6446152 0.0000000
v -3.7658389 15.6306934 0.0000000
v -4.1182677 14.1637858 0.0000000
v -4.7032971 14.3175385 0.0000000
v -4.0634310 15.6970354 0.0000000
v -5.0244634 14.4111254 0.0000000
v -4.9441754 14.3840046 0.0000000
v -4.5042764 15.8186788 0.0000000
v -5.2553150 14.5039429 0.0000000
v -4.6694184 15.8850768 0.0000000
v -5.5312399 14.6375491 0.0000000
v -5.3071054 14.5270780 0.0000000
v -5.5023608 16.2956165 0.0000000
v -6.2036432 14.9689625 0.0000000
v -5.9795087 14.8584914 0.0000000
v -5.6341278 16.3802976 0.0000000
v -6.7555890 15.3640683 0.0000000
v -6.5646932 15.2028265 0.0000000
v -6.4862150 15.1448472 0.0000000
v -5.9196170 16.6214386 0.0000000
v -7.0530158 15.6358615 0.0000000
v -6.9464847 15.5253101 0.0000000
v -7.2064869 15.8318410 0.0000000
v -6.8259238 17.7619916 0.0000000
v -8.0063626 16.8338421 0.0000000
v -7.9605919 16.7809064 0.0000000
v -10.2331785 16.5448092 0.0000000
v -8.8574034 15.9471112 0.0000000
v -8.7578348 16.1762972 0.0000000
v -8.9385070 15.7604277 0.0000000
v -9.1159086 14.2140047 0.0000000
v -9.0913046 14.4626706 0.0000000
v -10.5840157 14.6103653 0.0000000
v -10.6332237 14.1130334 0.0000000
v -10.6578276 13.8643674 0.0000000
v -9.1651166 13.7166728 0.0000000
v -10.6824316 13.6157015 0.0000000
v -9.1897206 13.4680068 0.0000000
v -7.3383146 6.6441224 0.0000000
v -7.4230193 6.8792080 0.0000000
v -8.8342089 6.3707359 0.0000000
v -8.6647995 5.9005647 0.0000000
v -8.5800947 5.6654792 0.0000000
v -7.2536099 6.4090368 0.0000000
v -7.5924288 7.3493791 0.0000000
v -7.6771335 7.5844646 0.0000000
v -9.0036184 6.8409070 0.0000000
v -7.7618383 7.8195502 0.0000000
v -9.0883232 7.0759926 0.0000000
v -8.4953900 5.4303936 0.0000000
v -7.1689051 6.1739513 0.0000000
v -6.8300862 5.2336090 0.0000000
v -6.9147909 5.4686946 0.0000000
v -8.2575238 4.7702310 0.0000000
v -6.8034627 5.1417195 0.0000000
v -7.6461309 0.7353109 0.0000000
v -6.1497530 0.8394890 0.0000000
v -6.1671077 1.0887658 0.0000000
v -7.8873907 2.8764249 0.0000000
v -7.8401385 2.6310531 0.0000000
v -6.4144538 3.1600743 0.0000000
v -8.1709041 4.3486560 0.0000000
v -8.1236519 4.1032841 0.0000000
v -6.6507150 4.3869335 0.0000000
v -6.5089583 3.6508180 0.0000000
v -6.5562105 3.8961898 0.0000000
v -8.0291474 3.6125405 0.0000000
v -8.0763997 3.8579123 0.0000000
v -7.9818952 3.3671686 0.0000000
v -7.9346429 3.1217968 0.0000000
v -6.2726971 2.4239588 0.0000000
v -6.3199494 2.6693306 0.0000000
v -7.7521704 2.1742519 0.0000000
v -7.7321588 1.9709855 0.0000000
v -6.2191718 1.8365963 0.0000000
v -6.2365265 2.0858731 0.0000000
v -6.2383239 2.1072663 0.0000000
v -6.2627740 2.3556164 0.0000000
v -7.7928862 2.3856813 0.0000000
v -7.6156497 0.2974894 0.0000000
v -6.1150436 0.3409354 0.0000000
v -6.1323983 0.5902122 0.0000000
v -6.1164376 0.2195844 0.0000000
v -7.6934944 -0.2978495 0.0000000
v -7.7237261 -0.4060401 0.0000000
v -6.2359157 -0.6552971 0.0000000
v -6.6063732 -1.4889993 0.0000000
v -6.4864513 -1.2697760 0.0000000
v -7.8024217 -0.5498997 0.0000000
v -8.0155390 -0.9394889 0.0000000
v -8.0592780 -0.9971688 0.0000000
v -6.7866709 -1.8014544 0.0000000
v -6.9342230 -1.9960360 0.0000000
v -7.0992467 -2.1555402 0.0000000
v -8.5426624 -1.3384680 0.0000000
v -7.7116272 -2.5879186 0.0000000
v -7.5075003 -2.4437925 0.0000000
v -8.0004276 -2.7522922 0.0000000
v -7.7823661 -2.6321820 0.0000000
v -8.7021914 -1.4263380 0.0000000
v -8.2714711 -2.8806539 0.0000000
v -8.0450442 -2.7749612 0.0000000
v -9.3113809 -1.7106987 0.0000000
v -8.8217473 -3.1294996 0.0000000
v -8.7243250 -3.0920394 0.0000000
v -9.0589427 -3.2022089 0.0000000
v -9.4615860 -1.7567422 0.0000000
v -9.3790301 -3.2692878 0.0000000
v -9.1338573 -3.2210132 0.0000000
v -9.8489339 -1.8330112 0.0000000
v -10.0036959 -3.3360511 0.0000000
v -9.7555521 -3.3315692 0.0000000
v -10.0019025 -1.8357741 0.0000000
v -10.0614134 -3.3348714 0.0000000
v -17.2070124 -1.4106703 0.0000000
v -17.4564588 -1.3959528 0.0000000
v -17.2953592 -2.9080663 0.0000000
v -18.0436985 -2.8639140 0.0000000
v -17.7942521 -2.8786314 0.0000000
v -17.9553516 -1.3665180 0.0000000
v -18.5425913 -2.8344792 0.0000000
v -18.2931449 -2.8491966 0.0000000
v -18.2047980 -1.3518006 0.0000000
v -19.2909305 -2.7903269 0.0000000
v -19.0414841 -2.8050443 0.0000000
v -18.9531373 -1.3076483 0.0000000
v -19.2025837 -1.2929309 0.0000000
v -19.4520301 -1.2782135 0.0000000
v -19.7014765 -1.2634961 0.0000000
v -19.7898233 -2.7608921 0.0000000
v -20.9487085 -1.1899090 0.0000000
v -21.1981549 -1.1751916 0.0000000
v -21.0370554 -2.6873050 0.0000000
v -21.9464942 -1.1310393 0.0000000
v -22.1959406 -1.1163219 0.0000000
v -22.0348410 -2.6284353 0.0000000
v -22.5337338 -2.5990005 0.0000000
v -22.2842874 -2.6137179 0.0000000
v -22.4453870 -1.1016045 0.0000000
v -22.6948334 -1.0868870 0.0000000
v -22.7831803 -2.5842831 0.0000000
v -23.2820731 -2.5548482 0.0000000
v -23.0326267 -2.5695656 0.0000000
v -22.9442798 -1.0721696 0.0000000
v -23.1937262 -1.0574522 0.0000000
v -23.4431726 -1.0427348 0.0000000
v -23.5315195 -2.5401308 0.0000000
v -24.0304123 -2.5106960 0.0000000
v -23.7809659 -2.5254134 0.0000000
v -23.6926190 -1.0280174 0.0000000
v -24.1915119 -0.9985825 0.0000000
v -24.4409583 -0.9838651 0.0000000
v -24.5293051 -2.4812611 0.0000000
v -25.0281979 -2.4518263 0.0000000
v -24.7787515 -2.4665437 0.0000000
v -24.6904047 -0.9691477 0.0000000
v -24.9398511 -0.9544303 0.0000000
v -25.1892975 -0.9397129 0.0000000
v -25.5270908 -2.4223915 0.0000000
v -25.2776444 -2.4371089 0.0000000
v -25.4387439 -0.9249954 0.0000000
v -25.6881903 -0.9102780 0.0000000
v -25.7765372 -2.4076740 0.0000000
v -25.9376367 -0.8955606 0.0000000
v -26.0259836 -2.3929566 0.0000000
v -26.7743228 -2.3488044 0.0000000
v -26.5248764 -2.3635218 0.0000000
v -26.6859760 -0.8514083 0.0000000
v -27.7721084 -2.2899347 0.0000000
v -27.5226620 -2.3046521 0.0000000
v -27.4343152 -0.8072561 0.0000000
v -32.9124507 1.1815708 0.0000000
v -33.6636628 -0.1167668 0.0000000
v -33.4473769 -0.2419088 0.0000000
v -30.3529422 -0.1186485 0.0000000
v -30.8890518 -1.5195720 0.0000000
v -30.6556764 -1.6088808 0.0000000
v -27.8962851 -0.7799997 0.0000000
v -28.0963063 -0.7482365 0.0000000
v -28.3414696 -2.2280998 0.0000000
v -28.3612476 -2.2246872 0.0000000
v -29.0982003 -2.0873493 0.0000000
v -28.8525494 -2.1331286 0.0000000
v -28.5777419 -0.6585165 0.0000000
v -29.0690438 -0.5669579 0.0000000
v -29.2587427 -0.5316058 0.0000000
v -29.3438512 -2.0415700 0.0000000
v -29.9345891 -1.8844731 0.0000000
v -29.6991919 -1.9666124 0.0000000
v -29.4298644 -0.4718947 0.0000000
v -29.9555504 -1.8768071 0.0000000
v -29.6528161 -0.3865749 0.0000000
v -30.4223011 -1.6981895 0.0000000
v -30.1889257 -1.7874983 0.0000000
v -28.0950072 -2.2672380 0.0000000
v -31.4083106 0.3112824 0.0000000
v -32.5822333 -0.7424768 0.0000000
v -32.1496615 -0.9927608 0.0000000
v -31.2413192 0.2213183 0.0000000
v -31.9102133 -1.1221530 0.0000000
v -31.8225532 -1.1623369 0.0000000
v -32.1297703 -1.0038700 0.0000000
v -31.5891778 -1.2516456 0.0000000
v -32.2635930 0.8061448 0.0000000
v -33.2310910 -0.3670508 0.0000000
v -33.0148051 -0.4921928 0.0000000
v -27.6837616 -0.7925387 0.0000000
v -33.7775943 1.6821388 0.0000000
v -34.7450923 0.5089433 0.0000000
v -34.5288064 0.3838013 0.0000000
v -34.4264520 2.0575649 0.0000000
v -35.3939500 0.8843693 0.0000000
v -35.1776641 0.7592273 0.0000000
v -35.0753098 2.4329909 0.0000000
v -36.0428077 1.2597953 0.0000000
v -35.8265218 1.1346533 0.0000000
v -35.5078816 2.6832749 0.0000000
v -36.4753795 1.5100793 0.0000000
v -36.2590936 1.3849373 0.0000000
v -36.1567393 3.0587009 0.0000000
v -37.1242372 1.8855054 0.0000000
v -36.9079513 1.7603633 0.0000000
v -39.9359539 3.5123515 0.0000000
v -39.7196680 3.3872095 0.0000000
v -38.9684560 4.6855470 0.0000000
v -40.5848116 3.8877775 0.0000000
v -40.3685257 3.7626355 0.0000000
v -39.6173137 5.0609731 0.0000000
v -40.8010975 4.0129195 0.0000000
v -40.0498855 5.3112571 0.0000000
v -40.2661714 5.4363991 0.0000000
v -41.0173834 4.1380615 0.0000000
v -40.4824573 5.5615411 0.0000000
v -41.2336693 4.2632035 0.0000000
v -41.6662411 4.5134875 0.0000000
v -40.9150291 5.8118251 0.0000000
v -41.9964586 6.4375352 0.0000000
v -42.2127445 6.5626772 0.0000000
v -42.7476706 5.1391976 0.0000000
v -42.4290304 6.6878192 0.0000000
v -43.1802425 5.3894816 0.0000000
v -43.3965284 5.5146236 0.0000000
v -42.6453163 6.8129612 0.0000000
v -44.0453861 5.8900496 0.0000000
v -43.8291002 5.7649076 0.0000000
v -43.0778881 7.0632452 0.0000000
v -44.2616720 6.0151916 0.0000000
v -43.5104599 7.3135292 0.0000000
v -43.7267458 7.4386712 0.0000000
v -43.9426221 7.5635762 0.0000000
v -44.4779579 6.1403337 0.0000000
v -44.1565576 7.6877190 0.0000000
v -44.6950628 6.2659503 0.0000000
v -44.9147483 6.3934427 0.0000000
v -44.9111898 6.3913647 0.0000000
v -45.1257590 6.5174430 0.0000000
v -44.8898179 8.0769517 0.0000000
v -45.6900094 6.7914413 0.0000000
v -45.5009834 6.7071062 0.0000000
v -49.3555220 3.5882415 0.0000000
v -49.6096776 3.1579330 0.0000000
v -48.3104976 2.4080284 0.0000000
v -49.7501191 2.8977332 0.0000000
v -49.8637949 2.6752069 0.0000000
v -48.4179364 2.2082752 0.0000000
v -49.9774706 2.4526807 0.0000000
v -48.6416729 1.7702992 0.0000000
v -48.8690244 1.3252466 0.0000000
v -48.7553487 1.5477729 0.0000000
v -50.0911464 2.2301544 0.0000000
v -50.2048221 2.0076281 0.0000000
v -50.3184979 1.7851019 0.0000000
v -48.9827002 1.1027204 0.0000000
v -49.2100517 0.6576679 0.0000000
v -49.0963759 0.8801941 0.0000000
v -50.4321736 1.5625756 0.0000000
v -50.8868766 0.6724705 0.0000000
v -51.0005524 0.4499443 0.0000000
v -49.5510789 -0.0099109 0.0000000
v -51.1142281 0.2274180 0.0000000
v -51.2279038 0.0048918 0.0000000
v -49.7784304 -0.4549635 0.0000000
v -50.0057819 -0.9000160 0.0000000
v -49.8921061 -0.6774897 0.0000000
v -51.3415796 -0.2176345 0.0000000
v -51.4536443 -0.4370071 0.0000000
v -50.1227094 -1.1288343 0.0000000
v -50.1194576 -1.1225423 0.0000000
v -51.5375402 -0.5974788 0.0000000
v -50.3564118 -1.5737923 0.0000000
v -50.2398012 -1.3527898 0.0000000
v -50.9553879 -2.1726371 0.0000000
v -50.4730223 -1.7947947 0.0000000
v -50.6738592 -2.0352227 0.0000000
v -51.5208118 -2.2414074 0.0000000
v -51.1976135 -2.2328605 0.0000000
v -51.9516828 -2.1276481 0.0000000
v -51.7512489 -2.1968969 0.0000000
v -52.3290111 -1.9073803 0.0000000
v -52.1739562 -2.0134787 0.0000000
v -52.5590146 -1.6998428 0.0000000
v -52.5139748 -1.7432899 0.0000000
v -51.8183780 -0.3029828 0.0000000
v -53.0763609 -1.1573358 0.0000000
v -52.9039121 -1.3381715 0.0000000
v -52.5081731 0.4203599 0.0000000
v -53.7661560 -0.4339932 0.0000000
v -53.5937072 -0.6148288 0.0000000
v -52.8530706 0.7820312 0.0000000
v -54.1110535 -0.0723219 0.0000000
v -53.9386047 -0.2531575 0.0000000
v -53.3704169 1.3245382 0.0000000
v -54.6283998 0.4701851 0.0000000
v -54.4559511 0.2893495 0.0000000
v -54.0602120 2.0478808 0.0000000
v -55.3181949 1.1935277 0.0000000
v -55.1457461 1.0126921 0.0000000
v -54.9224559 2.9520591 0.0000000
v -56.1804388 2.0977060 0.0000000
v -56.0079900 1.9168704 0.0000000
v -55.7944117 3.8662340 0.0000000
v -56.9878474 2.9396962 0.0000000
v -56.8654243 2.8160052 0.0000000
v -56.4842732 4.4170033 0.0000000
v -56.6893009 4.5598450 0.0000000
v -57.5467619 3.3290889 0.0000000
v -56.8943287 4.7026867 0.0000000
v -57.9457134 3.6070361 0.0000000
v -57.7517897 3.4719305 0.0000000
v -57.7698767 5.2661467 0.0000000
v -58.6271902 4.0325339 0.0000000
v -58.5570638 3.9893004 0.0000000
v -60.2616781 4.9591871 0.0000000
v -60.4466769 4.7913003 0.0000000
v -59.2683876 3.8350114 0.0000000
v -60.6351477 4.6172129 0.0000000
v -60.8186853 4.4476427 0.0000000
v -59.8007763 3.3458890 0.0000000
v -62.9940268 -2.3147581 0.0000000
v -62.8724885 -2.0964268 0.0000000
v -64.3046429 -1.5851792 0.0000000
v -63.8184900 -0.7118538 0.0000000
v -63.9400282 -0.9301852 0.0000000
v -62.6294121 -1.6597641 0.0000000
v -62.5078739 -1.4414327 0.0000000
v -62.3863357 -1.2231014 0.0000000
v -64.0615664 -1.1485165 0.0000000
v -64.1831047 -1.3668478 0.0000000
v -63.1155650 -2.5330894 0.0000000
v -64.5477193 -2.0218419 0.0000000
v -64.6692575 -2.2401732 0.0000000
v -63.2371032 -2.7514208 0.0000000
v -64.7907957 -2.4585046 0.0000000
v -63.4801796 -3.1880835 0.0000000
v -63.9663325 -4.0614088 0.0000000
v -63.8447943 -3.8430775 0.0000000
v -65.1554104 -3.1134986 0.0000000
v -64.4524854 -4.9347342 0.0000000
v -64.3309471 -4.7164029 0.0000000
v -65.6415633 -3.9868240 0.0000000
v -64.5740236 -5.1530656 0.0000000
v -65.7631015 -4.2051553 0.0000000
v -65.8846397 -4.4234866 0.0000000
v -66.0061779 -4.6418180 0.0000000
v -64.6955618 -5.3713969 0.0000000
v -66.1277161 -4.8601493 0.0000000
v -66.2491677 -5.0783250 0.0000000
v -64.8171000 -5.5897283 0.0000000
v -65.1827024 -6.2454724 0.0000000
v -65.0608335 -6.0273254 0.0000000
v -66.3705330 -5.2961022 0.0000000
v -65.4264400 -6.6817663 0.0000000
v -65.3045712 -6.4636194 0.0000000
v -66.6140806 -5.7320558 0.0000000
v -65.6701777 -7.1180603 0.0000000
v -65.5483089 -6.8999133 0.0000000
v -66.8578182 -6.1683497 0.0000000
v -65.7920465 -7.3362073 0.0000000
v -66.9796871 -6.3864967 0.0000000
v -67.1015559 -6.6046437 0.0000000
v -65.9139154 -7.5543542 0.0000000
v -67.2234247 -6.8227907 0.0000000
v -67.3452936 -7.0409376 0.0000000
v -67.4671624 -7.2590846 0.0000000
v -66.0357842 -7.7725012 0.0000000
v -67.5890312 -7.4772316 0.0000000
v -66.2795219 -8.2087951 0.0000000
v -67.8327689 -7.9135255 0.0000000
v -66.5232595 -8.6450891 0.0000000
v -66.4013907 -8.4269421 0.0000000
v -68.3202442 -8.7861134 0.0000000
v -68.4421131 -9.0042604 0.0000000
v -67.0107349 -9.5176770 0.0000000
v -68.5639819 -9.2224073 0.0000000
v -67.2544726 -9.9539709 0.0000000
v -67.1326037 -9.7358239 0.0000000
v -68.8077196 -9.6587013 0.0000000
v -67.6200791 -10.6084118 0.0000000
v -67.4982102 -10.3902649 0.0000000
v -69.0514572 -10.0949952 0.0000000
v -67.7419479 -10.8265588 0.0000000
v -69.5389326 -10.9675831 0.0000000
v -68.2294232 -11.6991467 0.0000000
v -68.1075544 -11.4809997 0.0000000
v -69.6594281 -11.1832719 0.0000000
v -68.3512921 -11.9172937 0.0000000
v -68.4826661 -12.1482648 0.0000000
v -68.4775540 -12.1394142 0.0000000
v -68.7355704 -12.5793099 0.0000000
v -69.1149268 -13.2258776 0.0000000
v -70.6646755 -13.1949422 0.0000000
v -68.9295884 -9.8768483 0.0000000
v -67.3763414 -10.1721179 0.0000000
v -68.6858507 -9.4405543 0.0000000
v -67.9546377 -8.1316725 0.0000000
v -68.0765066 -8.3498195 0.0000000
v -66.7669972 -9.0813830 0.0000000
v -66.6451284 -8.8632361 0.0000000
v -64.0878707 -4.2797402 0.0000000
v -65.3984868 -3.5501613 0.0000000
v -64.9123340 -2.6768359 0.0000000
v -65.0338722 -2.8951672 0.0000000
v -63.6017178 -3.4064148 0.0000000
v -65.2769486 -3.3318299 0.0000000
v -63.4538754 -0.0568598 0.0000000
v -63.5754136 -0.2751911 0.0000000
v -62.1432592 -0.7864387 0.0000000
v -62.0217210 -0.5681074 0.0000000
v -61.9001828 -0.3497760 0.0000000
v -63.2107989 0.3798029 0.0000000
v -61.7786446 -0.1314447 0.0000000
v -61.6571064 0.0868867 0.0000000
v -62.9677225 0.8164656 0.0000000
v -62.7246461 1.2531283 0.0000000
v -62.8461843 1.0347969 0.0000000
v -61.5355682 0.3052180 0.0000000
v -62.4815696 1.6897910 0.0000000
v -62.6031078 1.4714596 0.0000000
v -61.2924917 0.7418807 0.0000000
v -62.3600314 1.9081223 0.0000000
v -61.0494153 1.1785434 0.0000000
v -60.9278771 1.3968747 0.0000000
v -62.2384932 2.1264537 0.0000000
v -62.1169550 2.3447850 0.0000000
v -60.8063389 1.6152061 0.0000000
v -60.6848006 1.8335374 0.0000000
v -60.6831332 1.8365490 0.0000000
v -61.9962539 2.5616125 0.0000000
v -61.8770974 2.7779964 0.0000000
v -60.5625992 2.0554344 0.0000000
v -60.5615079 2.0574234 0.0000000
v -60.4416357 2.2766739 0.0000000
v -61.6378973 3.2155021 0.0000000
v -61.7577694 2.9962516 0.0000000
v -61.5180251 3.4347526 0.0000000
v -60.3217636 2.4959244 0.0000000
v -60.0820193 2.9344254 0.0000000
v -59.9685566 3.1419526 0.0000000
v -61.3981530 3.6540031 0.0000000
v -61.2650483 3.8964644 0.0000000
v -61.2782808 3.8732536 0.0000000
v -59.9041609 3.2503721 0.0000000
v -61.0022229 4.2780725 0.0000000
v -61.1381027 4.1101953 0.0000000
v -59.2418601 5.4392895 0.0000000
v -59.4868854 5.3902719 0.0000000
v -59.1201633 3.9339142 0.0000000
v -59.8518113 5.2542216 0.0000000
v -60.0377876 5.1430270 0.0000000
v -59.1750052 3.9111202 0.0000000
v -59.6276131 5.3474055 0.0000000
v -57.9825825 5.3972816 0.0000000
v -58.2373615 5.4959002 0.0000000
v -58.4658720 5.5389379 0.0000000
v -57.1218362 4.8605949 0.0000000
v -57.3318081 4.9958982 0.0000000
v -57.0993564 4.8455284 0.0000000
v -56.0742178 4.1313200 0.0000000
v -56.2792455 4.2741616 0.0000000
v -55.9698932 4.0435329 0.0000000
v -55.7846997 3.8562374 0.0000000
v -56.5253363 2.4593774 0.0000000
v -55.4398022 3.4945660 0.0000000
v -55.6122509 3.6754017 0.0000000
v -56.3528875 2.2785417 0.0000000
v -55.0949046 3.1328947 0.0000000
v -55.2673534 3.3137304 0.0000000
v -55.8355412 1.7360347 0.0000000
v -54.7500071 2.7712234 0.0000000
v -55.4906437 1.3743634 0.0000000
v -54.2326608 2.2287164 0.0000000
v -54.4051095 2.4095521 0.0000000
v -54.9732974 0.8318564 0.0000000
v -53.8877632 1.8670451 0.0000000
v -54.8008486 0.6510208 0.0000000
v -53.5428657 1.5053738 0.0000000
v -53.7153145 1.6862095 0.0000000
v -54.2835023 0.1085138 0.0000000
v -53.1979681 1.1437025 0.0000000
v -52.6806218 0.6011955 0.0000000
v -53.4212584 -0.7956645 0.0000000
v -52.3357243 0.2395242 0.0000000
v -53.2488097 -0.9765001 0.0000000
v -51.9908267 -0.1221471 0.0000000
v -52.1632755 0.0586885 0.0000000
v -52.7314633 -1.5190071 0.0000000
v -51.6459292 -0.4838184 0.0000000
v -49.2284442 3.8033957 0.0000000
v -48.0639776 2.8254092 0.0000000
v -47.9368998 3.0405634 0.0000000
v -47.8098220 3.2557177 0.0000000
v -47.6827442 3.4708719 0.0000000
v -49.1013664 4.0185500 0.0000000
v -48.8472108 4.4488585 0.0000000
v -48.9742886 4.2337042 0.0000000
v -47.5556664 3.6860262 0.0000000
v -47.4285886 3.9011804 0.0000000
v -48.4659774 5.0943212 0.0000000
v -48.5930552 4.8791670 0.0000000
v -47.3015108 4.1163346 0.0000000
v -47.1744330 4.3314889 0.0000000
v -47.0473552 4.5466431 0.0000000
v -46.9202775 4.7617974 0.0000000
v -48.3388996 5.3094754 0.0000000
v -47.9576662 5.9549382 0.0000000
v -48.0847440 5.7397839 0.0000000
v -46.6661219 5.1921059 0.0000000
v -46.4119663 5.6224143 0.0000000
v -46.2848885 5.8375686 0.0000000
v -47.7035107 6.3852467 0.0000000
v -47.4493551 6.8155551 0.0000000
v -47.5764329 6.6004009 0.0000000
v -46.1578107 6.0527228 0.0000000
v -47.3160713 7.0410266 0.0000000
v -47.3222773 7.0307094 0.0000000
v -46.0337945 6.2626935 0.0000000
v -47.1685070 7.2806705 0.0000000
v -47.1856003 7.2540410 0.0000000
v -45.9147336 6.4570792 0.0000000
v -47.0291195 7.4880620 0.0000000
v -46.8897321 7.6954536 0.0000000
v -45.9999410 8.3005886 0.0000000
v -46.1412472 8.2642909 0.0000000
v -46.3760760 8.1788769 0.0000000
v -46.7199650 7.9237142 0.0000000
v -45.7668556 8.3367749 0.0000000
v -45.3462142 8.2805759 0.0000000
v -45.1180160 8.1787638 0.0000000
v -45.3063560 6.6202719 0.0000000
v -44.3791015 7.8184153 0.0000000
v -44.5961037 7.9419727 0.0000000
v -44.3702166 7.8132756 0.0000000
v -43.2941740 7.1883872 0.0000000
v -42.0988129 4.7637716 0.0000000
v -41.8825270 4.6386296 0.0000000
v -41.3476009 6.0621091 0.0000000
v -41.1313150 5.9369671 0.0000000
v -39.8335996 5.1861151 0.0000000
v -39.1847419 4.8106891 0.0000000
v -39.2870962 3.1369254 0.0000000
v -39.0708103 3.0117834 0.0000000
v -38.5358842 4.4352630 0.0000000
v -37.8870265 4.0598370 0.0000000
v -38.1033124 4.1849790 0.0000000
v -38.6382385 2.7614994 0.0000000
v -38.8545244 2.8866414 0.0000000
v -37.6707406 3.9346950 0.0000000
v -38.4219526 2.6363574 0.0000000
v -38.2056667 2.5112154 0.0000000
v -37.4544547 3.8095530 0.0000000
v -37.2381688 3.6844110 0.0000000
v -37.9893808 2.3860734 0.0000000
v -37.7730949 2.2609314 0.0000000
v -37.5568090 2.1357894 0.0000000
v -37.0218829 3.5592690 0.0000000
v -37.3405231 2.0106474 0.0000000
v -36.8055970 3.4341270 0.0000000
v -36.3730252 3.1838429 0.0000000
v -35.2915957 2.5581329 0.0000000
v -35.6102359 1.0095113 0.0000000
v -34.8590238 2.3078489 0.0000000
v -34.6427379 2.1827069 0.0000000
v -34.9613782 0.6340853 0.0000000
v -33.9938802 1.8072808 0.0000000
v -34.2101661 1.9324229 0.0000000
v -34.0962346 0.1335172 0.0000000
v -33.3450225 1.4318548 0.0000000
v -33.1287366 1.3067128 0.0000000
v -32.4798789 0.9312868 0.0000000
v -32.7985192 -0.6173348 0.0000000
v -31.8310212 0.5558608 0.0000000
v -32.0473071 0.6810028 0.0000000
v -31.1224271 -1.4302632 0.0000000
v -30.5863175 -0.0293398 0.0000000
v -29.8861915 -0.2972661 0.0000000
v -30.1195668 -0.2079573 0.0000000
v -23.9420655 -1.0133000 0.0000000
v -24.2798587 -2.4959786 0.0000000
v -20.6992621 -1.2046264 0.0000000
v -20.7876090 -2.7020224 0.0000000
v -20.2003693 -1.2340612 0.0000000
v -20.4498157 -1.2193438 0.0000000
v -20.2887162 -2.7314573 0.0000000
v -20.0392697 -2.7461747 0.0000000
v -18.4542444 -1.3370832 0.0000000
v -18.7036909 -1.3223657 0.0000000
v -17.5448057 -2.8933489 0.0000000
v -16.7964664 -2.9375011 0.0000000
v -16.5470200 -2.9522185 0.0000000
v -16.7081196 -1.4401051 0.0000000
v -16.2975736 -2.9669360 0.0000000
v -16.4586732 -1.4548225 0.0000000
v -16.0481272 -2.9816534 0.0000000
v -15.9597803 -1.4842574 0.0000000
v -15.4608875 -1.5136922 0.0000000
v -15.7103339 -1.4989748 0.0000000
v -15.5492344 -3.0110882 0.0000000
v -15.2997880 -3.0258056 0.0000000
v -15.2114411 -1.5284096 0.0000000
v -15.0503416 -3.0405230 0.0000000
v -14.9619947 -1.5431270 0.0000000
v -14.4631019 -1.5725619 0.0000000
v -14.7125483 -1.5578445 0.0000000
v -14.8008951 -3.0552405 0.0000000
v -14.5514487 -3.0699579 0.0000000
v -14.3020023 -3.0846753 0.0000000
v -14.2136555 -1.5872793 0.0000000
v -13.9642091 -1.6019967 0.0000000
v -14.0525559 -3.0993927 0.0000000
v -13.8031095 -3.1141101 0.0000000
v -13.5536631 -3.1288276 0.0000000
v -13.4653162 -1.6314315 0.0000000
v -13.2158698 -1.6461490 0.0000000
v -13.3042167 -3.1435450 0.0000000
v -12.8053239 -3.1729798 0.0000000
v -12.5558775 -3.1876972 0.0000000
v -12.7169770 -1.6755838 0.0000000
v -12.3064311 -3.2024147 0.0000000
v -12.2180842 -1.7050186 0.0000000
v -12.0569846 -3.2171321 0.0000000
v -11.8075382 -3.2318495 0.0000000
v -11.9686378 -1.7197361 0.0000000
v -11.5580918 -3.2465669 0.0000000
v -11.4697450 -1.7491709 0.0000000
v -11.3086454 -3.2612843 0.0000000
v -11.2202986 -1.7638883 0.0000000
v -10.7214057 -1.7933232 0.0000000
v -10.9708522 -1.7786057 0.0000000
v -11.0591990 -3.2760018 0.0000000
v -10.8097526 -3.2907192 0.0000000
v -10.5603062 -3.3054366 0.0000000
v -10.4719593 -1.8080406 0.0000000
v -10.3108598 -3.3201540 0.0000000
v -10.2225129 -1.8227580 0.0000000
v -8.4978980 -2.9863467 0.0000000
v -8.9059317 -1.5214410 0.0000000
v -9.1323586 -1.6271338 0.0000000
v -6.7262951 -1.7082226 0.0000000
v -7.6643967 -0.0980824 0.0000000
v -6.1800601 -0.3142884 0.0000000
v -7.6808403 1.2338645 0.0000000
v -7.6634856 0.9845877 0.0000000
v -6.1844624 1.3380427 0.0000000
v -7.6981950 1.4831414 0.0000000
v -8.9189137 6.6058214 0.0000000
v -7.5077241 7.1142935 0.0000000
v -9.2577326 7.5461637 0.0000000
v -9.1730279 7.3110781 0.0000000
v -9.3424374 7.7812492 0.0000000
v -7.9312477 8.2897213 0.0000000
v -8.0159525 8.5248069 0.0000000
v -9.4271421 8.0163348 0.0000000
v -8.3547714 9.4651491 0.0000000
v -8.3670923 9.4970447 0.0000000
v -9.7601642 8.9405888 0.0000000
v -8.4623408 9.7278239 0.0000000
v -8.4737860 9.7541177 0.0000000
v -8.5778779 9.9812850 0.0000000
v -9.8434173 9.1423044 0.0000000
v -8.6819698 10.2084524 0.0000000
v -8.7812165 10.4250458 0.0000000
v -10.0456271 9.5836016 0.0000000
v -10.1590791 9.8320618 0.0000000
v -10.1497190 9.8107689 0.0000000
v -10.2560155 10.0622021 0.0000000
v -8.8677048 10.6303809 0.0000000
v -10.4423724 10.5586976 0.0000000
v -10.3548377 10.3246511 0.0000000
v -9.0341022 11.0752870 0.0000000
v -10.4487828 10.5765201 0.0000000
v -10.5302047 10.8121963 0.0000000
v -9.0916325 11.2418089 0.0000000
v -10.6425516 11.4283668 0.0000000
v -10.5613525 10.9352469 0.0000000
v -9.1624828 11.6720808 0.0000000
v -9.2001337 11.9007338 0.0000000
v -10.6831511 11.6749267 0.0000000
v -9.2216640 12.0874319 0.0000000
v -10.7216640 12.0443293 0.0000000
v -10.7167261 11.9584078 0.0000000
v -9.2216640 13.0273385 0.0000000
v -10.7216640 13.0438501 0.0000000
v -9.2123081 13.2397211 0.0000000
v -10.7070356 13.3670355 0.0000000
v -10.7099534 13.3261954 0.0000000
v -10.5594117 14.8590313 0.0000000
v -9.0667007 14.7113366 0.0000000
v -10.4855998 15.6050291 0.0000000
v -10.5102037 15.3563632 0.0000000
v -8.9928887 15.4573345 0.0000000
v -8.9752396 15.6357097 0.0000000
v -10.3643043 16.2286685 0.0000000
v -10.4340850 15.9917420 0.0000000
v -10.3327471 16.3156233 0.0000000
v -8.6130606 16.5095370 0.0000000
v -9.7851625 17.4554707 0.0000000
v -9.9344727 17.2323671 0.0000000
v -9.6116150 17.6345459 0.0000000
v -9.1056149 18.1115804 0.0000000
v -9.2539533 17.9955033 0.0000000
v -8.2687974 16.8586355 0.0000000
v -8.9029807 18.2325186 0.0000000
v -8.5886343 18.3352239 0.0000000
v -8.2287314 16.8623927 0.0000000
v -8.2818580 18.3617332 0.0000000
v -8.3398455 18.3585538 0.0000000
v -8.1141999 16.8642309 0.0000000
v -7.8308990 18.3408745 0.0000000
v -8.0346705 18.3657005 0.0000000
v -7.2736196 18.1549976 0.0000000
v -7.4979840 18.2464436 0.0000000
v -6.9893597 17.9510123 0.0000000
v -6.6624880 17.5729709 0.0000000
v -7.6478336 16.4191876 0.0000000
v -6.3195011 17.1524311 0.0000000
v -6.4717873 17.3505204 0.0000000
v -7.5096125 16.2393937 0.0000000
v -6.3176787 17.1500507 0.0000000
v -7.3645810 16.0491723 0.0000000
v -6.0168620 16.7456185 0.0000000
v -6.1552320 16.9366177 0.0000000
v -5.0922297 16.0934716 0.0000000
v -5.3163642 16.2039427 0.0000000
v -3.2087482 14.1774246 0.0000000
v -2.9600200 14.2013908 0.0000000
v -3.1038858 15.6944757 0.0000000
v -2.2635001 15.6315074 0.0000000
v -2.4310495 15.6771750 0.0000000
v -2.7417373 14.2071019 0.0000000
v -2.0316434 15.5383271 0.0000000
v -2.5909938 14.1465199 0.0000000
v -1.5122699 15.2399500 0.0000000
v -1.7997867 15.4451467 0.0000000
v -2.5277552 14.1211051 0.0000000
v -1.3524746 15.0552478 0.0000000
v -2.4373016 13.9985218 0.0000000
v -1.1638241 14.7961486 0.0000000
v -1.3087988 14.9996737 0.0000000
v -0.9566552 14.3199221 0.0000000
v -0.7778398 13.4629576 0.0000000
v -0.7371135 12.9648594 0.0000000
v -2.2117613 12.5935728 0.0000000
v -0.7167503 12.7158103 0.0000000
v -0.3298504 7.9838773 0.0000000
v -0.3502136 8.2329264 0.0000000
v -1.7700865 7.3229363 0.0000000
v -0.2833226 7.5218772 0.0000000
v -1.5988931 6.0853194 0.0000000
v -0.1472794 6.5383733 0.0000000
v -0.0103247 5.5482798 0.0000000
v -0.0445634 5.7958032 0.0000000
v -1.4961770 5.3427492 0.0000000
v -1.2222676 3.3625621 0.0000000
v 0.3663007 2.8255225 0.0000000
v 0.0996763 -6.5392722 0.0000000
v 0.1321121 -6.7870383 0.0000000
v 1.5869855 -6.3445641 0.0000000
v 1.1977559 -3.3713711 0.0000000
v 1.1653201 -3.1236050 0.0000000
v -0.3219891 -3.3183132 0.0000000
v -0.2895533 -3.5660792 0.0000000
v -0.2571175 -3.8138453 0.0000000
v 1.2301917 -3.6191372 0.0000000
v -0.2246817 -4.0616114 0.0000000
v -0.1922459 -4.3093775 0.0000000
v 1.2626275 -3.8669033 0.0000000
v -0.1598101 -4.5571436 0.0000000
v 1.3274991 -4.3624354 0.0000000
v 1.3923707 -4.8579676 0.0000000
v 1.3599349 -4.6102015 0.0000000
v -0.1273743 -4.8049097 0.0000000
v -0.0949385 -5.0526757 0.0000000
v -0.0625027 -5.3004418 0.0000000
v 1.4896781 -5.6012659 0.0000000
v 1.4572423 -5.3534998 0.0000000
v -0.0300669 -5.5482079 0.0000000
v 0.0023689 -5.7959740 0.0000000
v 0.0348047 -6.0437401 0.0000000
v 0.0672405 -6.2915062 0.0000000
v 1.5221139 -5.8490319 0.0000000
v 1.4248065 -5.1057337 0.0000000
v -0.3868608 -2.8227810 0.0000000
v -0.3544250 -3.0705471 0.0000000
v 1.1328843 -2.8758389 0.0000000
v 1.6842930 -7.0878624 0.0000000
v 1.6518572 -6.8400963 0.0000000
v 0.1645479 -7.0348044 0.0000000
v 1.7167288 -7.3356284 0.0000000
v 0.1969837 -7.2825705 0.0000000
v 0.2294195 -7.5303366 0.0000000
v 1.7816004 -7.8311606 0.0000000
v 1.7491646 -7.5833945 0.0000000
v 0.2942911 -8.0258687 0.0000000
v 1.8464720 -8.3266928 0.0000000
v 1.8140362 -8.0789267 0.0000000
v 0.3267269 -8.2736348 0.0000000
v 1.8789078 -8.5744589 0.0000000
v 0.3591628 -8.5214009 0.0000000
v 0.3915986 -8.7691670 0.0000000
v 0.4240344 -9.0169331 0.0000000
v 1.9437794 -9.0699910 0.0000000
v 1.9113436 -8.8222249 0.0000000
v 1.9762152 -9.3177571 0.0000000
v 0.4889060 -9.5124652 0.0000000
v 0.5213418 -9.7602313 0.0000000
v 2.0086510 -9.5655232 0.0000000
v 0.5537776 -10.0079974 0.0000000
v 0.5862134 -10.2557635 0.0000000
v 2.0410868 -9.8132893 0.0000000
v 2.1059584 -10.3088214 0.0000000
v 2.0735226 -10.0610554 0.0000000
v 0.6186492 -10.5035296 0.0000000
v 2.1383942 -10.5565875 0.0000000
v 0.6508833 -10.7497549 0.0000000
v 2.1701983 -10.8075542 0.0000000
v 2.1387913 -10.5596700 0.0000000
v 0.6807959 -10.9858440 0.0000000
v 0.7043457 -11.2242285 0.0000000
v 2.1970793 -11.0767626 0.0000000
v 2.2216452 -11.3254323 0.0000000
v 0.7289115 -11.4728982 0.0000000
v 0.7534774 -11.7215679 0.0000000
v 0.7974317 -12.1664990 0.0000000
v 2.2983228 -12.1764675 0.0000000
v 2.2741061 -12.5391696 0.0000000
v 2.2880103 -12.4234115 0.0000000
v 2.1218013 -13.1961353 0.0000000
v 1.9714428 -13.5066736 0.0000000
v 0.4390764 -13.1230426 0.0000000
v 1.6993674 -13.9364837 0.0000000
v 1.7041856 -13.9289698 0.0000000
v 0.3061140 -13.3277065 0.0000000
v 1.5617637 -14.1482829 0.0000000
v 1.5632383 -14.1460220 0.0000000
v 1.2879931 -14.5663859 0.0000000
v 1.0142225 -14.9844889 0.0000000
v 0.7404519 -15.4025919 0.0000000
v -0.0808599 -16.6569009 0.0000000
v 0.0560254 -16.4478494 0.0000000
v -1.3274579 -15.8225007 0.0000000
v -1.4628280 -16.0120407 0.0000000
v -0.2432062 -16.8852680 0.0000000
v -0.2452648 -16.8881360 0.0000000
v -0.5867983 -17.2781297 0.0000000
v -0.3914492 -17.0907939 0.0000000
v -1.5274886 -16.1016807 0.0000000
v -0.7903735 -17.4123888 0.0000000
v -1.6162304 -16.1418721 0.0000000
v -1.3457387 -17.6203184 0.0000000
v -1.1633633 -17.5750087 0.0000000
v -1.5938842 -17.6497115 0.0000000
v -2.7199356 -17.6214971 0.0000000
v -2.7184034 -17.6215780 0.0000000
v -2.9694548 -17.6080758 0.0000000
v -4.2177448 -17.5396594 0.0000000
v -3.9682391 -17.5533344 0.0000000
v -3.8861496 -16.0555823 0.0000000
v -4.4672505 -17.5259843 0.0000000
v -4.1356554 -16.0419073 0.0000000
v -4.7167563 -17.5123093 0.0000000
v -5.8821954 -15.9461821 0.0000000
v -6.7128021 -17.4029091 0.0000000
v -8.7413607 -17.2162869 0.0000000
v -8.4928896 -17.2427865 0.0000000
v -8.5822868 -15.7247456 0.0000000
v -9.0792290 -15.6717463 0.0000000
v -9.3277001 -15.6452467 0.0000000
v -9.2383029 -17.1632876 0.0000000
v -8.8307579 -15.6982459 0.0000000
v -8.9898318 -17.1897873 0.0000000
v -8.3338157 -15.7512452 0.0000000
v -9.9837162 -17.0837888 0.0000000
v -9.7352451 -17.1102884 0.0000000
v -9.8246423 -15.5922475 0.0000000
v -10.2321873 -17.0572892 0.0000000
v -10.0731133 -15.5657479 0.0000000
v -10.4806584 -17.0307896 0.0000000
v -10.3215844 -15.5392483 0.0000000
v -11.3154688 -15.4332498 0.0000000
v -11.4745427 -16.9247911 0.0000000
v -11.5639399 -15.4067502 0.0000000
v -11.8124110 -15.3802506 0.0000000
v -12.5578243 -15.3007517 0.0000000
v -13.5517087 -15.1947533 0.0000000
v -13.9877095 -15.1457905 0.0000000
v -14.3171678 -16.6100616 0.0000000
v -14.2165822 -16.6291144 0.0000000
v -15.6838167 -16.1120489 0.0000000
v -15.4701343 -16.2415863 0.0000000
v -14.7413348 -14.9292954 0.0000000
v -15.3686253 -16.2930266 0.0000000
v -14.9062196 -14.8293398 0.0000000
v -15.0375277 -14.7497389 0.0000000
v -16.2203421 -15.6847542 0.0000000
v -16.0469547 -15.8634427 0.0000000
v -15.2665618 -14.5059720 0.0000000
v -16.4626776 -15.4123486 0.0000000
v -16.4036727 -15.4853546 0.0000000
v -15.3266948 -14.4212249 0.0000000
v -16.6050000 -15.2117698 0.0000000
v -16.6938969 -15.0455516 0.0000000
v -16.7831187 -14.8121430 0.0000000
v -17.0775752 -13.8796515 0.0000000
v -17.0500708 -14.0446014 0.0000000
v -15.6186906 -13.0718305 0.0000000
v -17.1187379 -13.0891168 0.0000000
v -22.9580274 -11.0361844 0.0000000
v -22.5443921 -12.5621812 0.0000000
v -26.4540190 -10.8478037 0.0000000
v -27.2025970 -10.8079043 0.0000000
v -27.4521230 -10.7946046 0.0000000
v -27.5319600 -12.2924784 0.0000000
v -27.7814860 -12.2791786 0.0000000
v -28.5300640 -12.2392793 0.0000000
v -28.2007011 -10.7547052 0.0000000
v -29.0291161 -12.2126797 0.0000000
v -28.7795901 -12.2259795 0.0000000
v -28.6997531 -10.7281056 0.0000000
v -29.5281681 -12.1860801 0.0000000
v -29.2786421 -12.1993799 0.0000000
v -29.4483311 -10.6882063 0.0000000
v -30.0272201 -12.1594805 0.0000000
v -30.9454872 -10.6084075 0.0000000
v -31.4445392 -10.5818080 0.0000000
v -31.5243762 -12.0796818 0.0000000
v -32.0234282 -12.0530822 0.0000000
v -31.7739022 -12.0663820 0.0000000
v -31.6940652 -10.5685082 0.0000000
v -32.1931172 -10.5419086 0.0000000
v -32.4426432 -10.5286088 0.0000000
v -32.2729542 -12.0397824 0.0000000
v -32.9416952 -10.5020092 0.0000000
v -33.1912212 -10.4887094 0.0000000
v -33.0215322 -11.9998831 0.0000000
v -33.4407473 -10.4754097 0.0000000
v -33.2710582 -11.9865833 0.0000000
v -33.6902733 -10.4621099 0.0000000
v -33.5205842 -11.9732835 0.0000000
v -34.0196363 -11.9466839 0.0000000
v -33.7701102 -11.9599837 0.0000000
v -33.9397993 -10.4488101 0.0000000
v -34.1893253 -10.4355103 0.0000000
v -34.4388513 -10.4222105 0.0000000
v -34.2691623 -11.9333841 0.0000000
v -34.5186883 -11.9200844 0.0000000
v -35.2672663 -11.8801850 0.0000000
v -35.0177403 -11.8934848 0.0000000
v -35.1874293 -10.3823112 0.0000000
v -35.6864813 -10.3557116 0.0000000
v -35.9360073 -10.3424118 0.0000000
v -35.7663183 -11.8535854 0.0000000
v -36.1855334 -10.3291120 0.0000000
v -37.6704204 -10.2499672 0.0000000
v -36.2653703 -11.8269858 0.0000000
v -37.7870364 -11.7454777 0.0000000
v -37.7625264 -11.7471871 0.0000000
v -37.8948849 -10.2306131 0.0000000
v -38.1309359 -10.2025227 0.0000000
v -38.3081872 -11.6920133 0.0000000
v -38.3790654 -10.1729950 0.0000000
v -38.6271948 -10.1434673 0.0000000
v -38.8044462 -11.6329578 0.0000000
v -38.5563167 -11.6624855 0.0000000
v -39.6067431 -11.5351752 0.0000000
v -39.5488345 -11.5443746 0.0000000
v -39.3424490 -10.0583511 0.0000000
v -39.8511589 -11.4864831 0.0000000
v -40.1418021 -11.4095843 0.0000000
v -39.9006037 -11.4748794 0.0000000
v -39.5331714 -10.0203557 0.0000000
v -40.4371145 -9.7756484 0.0000000
v -40.9368798 -11.1904455 0.0000000
v -40.8653973 -11.2136991 0.0000000
v -41.1692135 -11.1017608 0.0000000
v -41.2348279 -11.0730548 0.0000000
v -41.6043630 -9.2157395 0.0000000
v -42.5090061 -10.4158885 0.0000000
v -42.3542620 -10.5181942 0.0000000
v -41.7192588 -9.1173530 0.0000000
v -42.7056863 -10.2473900 0.0000000
v -42.6985079 -10.2536162 0.0000000
v -41.9034162 -8.9555685 0.0000000
v -43.0811400 -9.9175491 0.0000000
v -42.8934131 -10.0824695 0.0000000
v -43.2688668 -9.7526287 0.0000000
v -44.0197742 -9.0929470 0.0000000
v -44.7706816 -8.4332653 0.0000000
v -44.1561383 -6.9765234 0.0000000
v -45.1461352 -8.1034245 0.0000000
v -45.7093158 -7.6086632 0.0000000
v -46.2724963 -7.1139019 0.0000000
v -46.0847695 -7.2788224 0.0000000
v -45.6579531 -5.6571600 0.0000000
v -46.6479500 -6.7840611 0.0000000
v -47.3644344 -4.1764322 0.0000000
v -48.3385949 -5.3170510 0.0000000
v -48.1485829 -5.4793333 0.0000000
v -48.9086310 -4.8302042 0.0000000
v -48.5286069 -5.1547687 0.0000000
v -48.5045066 -3.2027385 0.0000000
v -49.4786671 -4.3433573 0.0000000
v -48.8971862 -2.8731793 0.0000000
v -49.8472654 -4.0339463 0.0000000
v -50.6724526 -2.4963881 0.0000000
v -52.7626399 -5.0724997 0.0000000
v -53.7543911 -8.7826663 0.0000000
v -52.2824490 -9.0715140 0.0000000
v -54.1294879 -18.6365506 0.0000000
v -54.0814211 -18.3913370 0.0000000
v -55.6014748 -18.3480116 0.0000000
v -55.6495415 -18.5932252 0.0000000
v -55.7456751 -19.0836524 0.0000000
v -55.8418086 -19.5740795 0.0000000
v -54.2736882 -19.3721913 0.0000000
v -54.8985563 -22.5599678 0.0000000
v -54.8504895 -22.3147542 0.0000000
v -56.3705432 -22.2714289 0.0000000
v -56.2744096 -21.7810017 0.0000000
v -56.3224764 -22.0262153 0.0000000
v -54.6101557 -21.0886863 0.0000000
v -54.5620889 -20.8434728 0.0000000
v -56.0821425 -20.8001474 0.0000000
v -56.0340757 -20.5549338 0.0000000
v -54.7062892 -21.5791135 0.0000000
v -54.6582224 -21.3338999 0.0000000
v -56.1782761 -21.2905746 0.0000000
v -55.8898754 -19.8192931 0.0000000
v -54.3698218 -19.8626185 0.0000000
v -56.5147435 -23.0070696 0.0000000
v -56.5628103 -23.2522832 0.0000000
v -55.0427566 -23.2956085 0.0000000
v -55.1388902 -23.7860357 0.0000000
v -55.0908234 -23.5408221 0.0000000
v -56.6108771 -23.4974968 0.0000000
v -56.6589438 -23.7427104 0.0000000
v -56.7550774 -24.2331375 0.0000000
v -56.8031442 -24.4783511 0.0000000
v -55.2830905 -24.5216764 0.0000000
v -56.8512109 -24.7235647 0.0000000
v -56.8992777 -24.9687782 0.0000000
v -55.4272909 -25.2573172 0.0000000
v -55.5234244 -25.7477443 0.0000000
v -55.4753576 -25.5025307 0.0000000
v -56.9473445 -25.2139918 0.0000000
v -55.5714912 -25.9929579 0.0000000
v -57.0434780 -25.7044190 0.0000000
v -57.0915448 -25.9496326 0.0000000
v -55.6195580 -26.2381715 0.0000000
v -57.1396116 -26.1948461 0.0000000
v -57.1876784 -26.4400597 0.0000000
v -55.7156915 -26.7285986 0.0000000
v -57.2357451 -26.6852733 0.0000000
v -57.3318787 -27.1757004 0.0000000
v -55.8598918 -27.4642394 0.0000000
v -55.9079586 -27.7094529 0.0000000
v -57.3799455 -27.4209140 0.0000000
v -57.4109455 -27.5790610 0.0000000
v -56.0100032 -28.1224142 0.0000000
v -55.9560254 -27.9546665 0.0000000
v -57.5160506 -27.7631238 0.0000000
v -57.5984393 -27.8456856 0.0000000
v -56.5787374 -28.9473911 0.0000000
v -56.6690035 -29.0245393 0.0000000
v -57.6631756 -27.8926835 0.0000000
v -57.2967815 -29.3535486 0.0000000
v -57.0646524 -29.2725173 0.0000000
v -56.8712138 -29.1713422 0.0000000
v -57.8613548 -27.9474576 0.0000000
v -58.0540201 -29.4435845 0.0000000
v -57.8042003 -29.4490765 0.0000000
v -57.6260537 -29.4316271 0.0000000
v -58.3064123 -29.4371111 0.0000000
v -58.0567812 -29.4435187 0.0000000
v -58.0768089 -27.9425106 0.0000000
v -58.5694695 -29.3822002 0.0000000
v -59.1073155 -29.0579932 0.0000000
v -58.8008981 -29.2881748 0.0000000
v -58.3913747 -27.5439593 0.0000000
v -59.5775851 -28.4620700 0.0000000
v -59.5717533 -28.4695558 0.0000000
v -58.5312133 -27.3621005 0.0000000
v -59.7298634 -28.2640336 0.0000000
v -59.8923473 -28.0345379 0.0000000
v -59.7484316 -28.2388131 0.0000000
v -60.3850230 -27.2999772 0.0000000
v -60.3306758 -27.3978252 0.0000000
v -60.6971056 -26.6236264 0.0000000
v -60.5944078 -26.8461948 0.0000000
v -62.4843774 -23.1209374 0.0000000
v -62.6678973 -22.9513480 0.0000000
v -63.5024016 -24.2225847 0.0000000
v -63.6859215 -24.0529953 0.0000000
v -64.0529613 -23.7138165 0.0000000
v -63.8694414 -23.8834059 0.0000000
v -62.8514172 -22.7817586 0.0000000
v -63.0349371 -22.6121692 0.0000000
v -64.4319262 -23.3621099 0.0000000
v -64.4213761 -23.3721233 0.0000000
v -63.3940297 -22.2791401 0.0000000
v -63.2174556 -22.4435052 0.0000000
v -64.2384805 -23.5423728 0.0000000
v -63.9101041 -21.7797217 0.0000000
v -64.0309303 -21.6466655 0.0000000
v -65.0042956 -22.8060408 0.0000000
v -65.1716322 -22.6217666 0.0000000
v -65.3725820 -22.3480617 0.0000000
v -65.2279074 -22.5518001 0.0000000
v -65.5726170 -22.0532910 0.0000000
v -65.5172567 -22.1443232 0.0000000
v -64.2633186 -21.3194042 0.0000000
v -65.7379274 -21.7030510 0.0000000
v -65.6854332 -21.8340788 0.0000000
v -64.3192561 -21.2107123 0.0000000
v -65.8086175 -21.4633782 0.0000000
v -66.0206877 -20.7443600 0.0000000
v -64.6527408 -20.0283336 0.0000000
v -66.1497382 -20.1582328 0.0000000
v -66.1140739 -20.4013653 0.0000000
v -66.1546505 -19.9820501 0.0000000
v -64.6189619 -19.6535990 0.0000000
v -66.0550950 -19.1703304 0.0000000
v -66.1003512 -19.4154935 0.0000000
v -64.6376514 -20.1312020 0.0000000
v -66.0913778 -20.5046872 0.0000000
v -64.5406627 -19.2802445 0.0000000
v -65.9899122 -18.8906926 0.0000000
v -66.0474222 -19.1338648 0.0000000
v -65.8777195 -18.5707711 0.0000000
v -65.9636586 -18.8036339 0.0000000
v -68.3310267 -15.3702547 0.0000000
v -70.6165267 -14.1338931 0.0000000
v -67.9856856 -11.2628527 0.0000000
v -69.4170637 -10.7494361 0.0000000
v -64.3737251 -17.7601377 0.0000000
v -64.2878014 -17.9594522 0.0000000
v -62.3047989 -25.2093846 0.0000000
v -59.9768978 -25.1732915 0.0000000
v -60.1617102 -25.0056005 0.0000000
v -59.3371004 -25.9908481 0.0000000
v -60.1937121 -27.6061089 0.0000000
v -58.9470139 -26.7719097 0.0000000
v -55.4092077 -17.3671573 0.0000000
v -55.3130741 -16.8767302 0.0000000
v -53.1271963 -13.4823709 0.0000000
v -54.3184117 -11.7277057 0.0000000
v -52.5161740 -10.2919115 0.0000000
v -52.4221705 -9.8010716 0.0000000
v -53.6970324 -8.5102296 0.0000000
v -53.2465028 -6.5626182 0.0000000
v -53.4717676 -7.5364239 0.0000000
v -50.8827016 -4.2680503 0.0000000
v -51.8790695 -3.1464958 0.0000000
v -52.3566495 -3.8416483 0.0000000
v -50.5813978 -4.0411951 0.0000000
v -48.9057633 -2.8662115 0.0000000
v -47.1744223 -4.3387145 0.0000000
v -47.5544464 -4.0141499 0.0000000
v -43.4052309 -7.6362051 0.0000000
v -42.8420504 -8.1309664 0.0000000
v -39.1234538 -10.0844118 0.0000000
v -29.7776941 -12.1727803 0.0000000
v -28.4502271 -10.7414054 0.0000000
v -26.2044930 -10.8611035 0.0000000
v -25.2063889 -10.9143026 0.0000000
v -23.7086112 -10.9941348 0.0000000
v -21.4611733 -11.1214595 0.0000000
v -20.4632705 -11.1783096 0.0000000
v -19.8001595 -12.7185189 0.0000000
v -19.2158921 -11.2493722 0.0000000
v -17.9937669 -11.3031413 0.0000000
v -17.5435307 -12.8135797 0.0000000
v -15.7493222 -11.9608005 0.0000000
v -10.8185266 -15.4862490 0.0000000
v -7.2418254 -17.3733094 0.0000000
v -7.1146956 -15.8786307 0.0000000
v -6.3812069 -15.9188321 0.0000000
v -5.9642849 -17.4439342 0.0000000
v -0.7771648 0.1447581 0.0000000
v 0.0923913 4.8057096 0.0000000
v -0.8147285 13.7476495 0.0000000
v -0.8319202 13.8359783 0.0000000
v -2.2956978 13.5052415 0.0000000
v -1.7717925 7.3361309 0.0000000
v -1.8452246 8.1106889 0.0000000
v -2.0284930 10.3521309 0.0000000
v -2.0488561 10.6011800 0.0000000
v -2.1303087 11.5973764 0.0000000
v -0.6556609 11.9686630 0.0000000
v -2.1913982 12.3445237 0.0000000
v -0.6963872 12.4667612 0.0000000
v -0.7818898 13.5007023 0.0000000
v -4.3043093 15.7635015 0.0000000
v -4.8680953 15.9830004 0.0000000
v -5.7553743 14.7480202 0.0000000
v -6.2775500 15.0107471 0.0000000
v -7.2233640 15.8542433 0.0000000
v -10.1336099 16.7739952 0.0000000
v -8.6582662 16.4054832 0.0000000
v -10.6086197 14.3616994 0.0000000
v -6.6979672 4.6323053 0.0000000
v -6.4617061 3.4054461 0.0000000
v -6.6034628 4.1415616 0.0000000
v -6.2018171 1.5873195 0.0000000
v -8.2161747 4.5837372 0.0000000
v -6.7494696 4.8981990 0.0000000
v -6.3665294 -1.0505527 0.0000000
v -6.3021849 -0.8924553 0.0000000
v -9.6242028 -3.3175624 0.0000000
v -17.7059052 -1.3812354 0.0000000
v -18.7920377 -2.8197618 0.0000000
v -19.5403769 -2.7756095 0.0000000
v -21.7853946 -2.6431527 0.0000000
v -21.5359482 -2.6578702 0.0000000
v -21.6970478 -1.1457567 0.0000000
v -26.2754300 -2.3782392 0.0000000
v -26.9354224 -0.8366909 0.0000000
v -27.0237692 -2.3340869 0.0000000
v -28.0215549 -2.2752173 0.0000000
v -28.8233928 -0.6127372 0.0000000
v -28.6068985 -2.1789079 0.0000000
v -29.5895021 -1.9957907 0.0000000
v -27.1848688 -0.8219735 0.0000000
v -27.2732156 -2.3193695 0.0000000
v -39.5033821 3.2620675 0.0000000
v -42.9639565 5.2643396 0.0000000
v -42.8616022 6.9381032 0.0000000
v -43.6128143 5.6397656 0.0000000
v -44.6942438 6.2654757 0.0000000
v -49.7427400 2.9118080 0.0000000
v -48.5279972 1.9928254 0.0000000
v -50.6595251 1.1175231 0.0000000
v -50.2384795 -1.3502732 0.0000000
v -56.6977851 2.6402130 0.0000000
v -57.5571710 5.1350117 0.0000000
v -58.3443581 3.8581654 0.0000000
v -59.4361576 3.6827598 0.0000000
v -62.7509503 -1.8780954 0.0000000
v -63.6969518 -0.4935225 0.0000000
v -65.0604536 -6.0266445 0.0000000
v -66.1576530 -7.9906482 0.0000000
v -66.7359494 -5.9502028 0.0000000
v -66.4922117 -5.5139088 0.0000000
v -67.7109001 -7.6953785 0.0000000
v -68.3540570 -11.9221996 0.0000000
v -63.7232561 -3.6247462 0.0000000
v -63.3323371 0.1614716 0.0000000
v -63.0892607 0.5981343 0.0000000
v -58.9476140 3.9684328 0.0000000
v -58.7518095 5.5373245 0.0000000
v -58.9968348 5.4883070 0.0000000
v -58.7025887 4.0174503 0.0000000
v -53.0255194 0.9628668 0.0000000
v -48.2118218 5.5246297 0.0000000
v -48.7201330 4.6640127 0.0000000
v -47.8305885 6.1700924 0.0000000
v -46.5390441 5.4072601 0.0000000
v -46.8675130 7.7267521 0.0000000
v -44.6616197 7.9751395 0.0000000
v -38.7521701 4.5604050 0.0000000
v -35.7241675 2.8084169 0.0000000
v -31.3558025 -1.3409544 0.0000000
v -30.8196929 0.0599690 0.0000000
v -20.5381626 -2.7167398 0.0000000
v -19.9509229 -1.2487787 0.0000000
v -17.0459128 -2.9227837 0.0000000
v -16.2092268 -1.4695399 0.0000000
v -15.7986808 -2.9963708 0.0000000
v -13.7147627 -1.6167141 0.0000000
v -12.4675306 -1.6903012 0.0000000
v -11.7191914 -1.7344535 0.0000000
v -7.8465430 8.0546358 0.0000000
v -8.2700667 9.2300636 0.0000000
v -9.9415352 9.3564342 0.0000000
v -8.9498852 10.8501112 0.0000000
v -10.7209373 13.0768572 0.0000000
v -9.0174927 15.2086685 0.0000000
v -10.4609958 15.8536951 0.0000000
v -10.0340413 17.0031812 0.0000000
v -7.5893223 18.2769932 0.0000000
v -6.4990521 17.3839502 0.0000000
v -6.1661763 16.9513421 0.0000000
v -2.5100074 14.1005910 0.0000000
v -1.9063141 8.8578362 0.0000000
v -1.8016250 7.5841387 0.0000000
v 0.0239140 5.3007564 0.0000000
v -1.4619384 5.0952258 0.0000000
v 1.2950633 -4.1146694 0.0000000
v 1.5545497 -6.0967980 0.0000000
v 1.6194213 -6.5923302 0.0000000
v 0.2618553 -7.7781027 0.0000000
v 2.1725135 -10.8280929 0.0000000
v 2.2462111 -11.5741021 0.0000000
v 2.2953428 -12.0714415 0.0000000
v 2.1761190 -13.0292298 0.0000000
v 1.8378142 -13.7178217 0.0000000
v -0.0979912 -16.6819436 0.0000000
v -1.5489857 -16.1158583 0.0000000
v -0.9326926 -17.4857731 0.0000000
v -5.6326897 -15.9598571 0.0000000
v -8.0853446 -15.7777448 0.0000000
v -9.5761712 -15.6187471 0.0000000
v -11.7230138 -16.8982915 0.0000000
v -12.7168982 -16.7922931 0.0000000
v -13.9686808 -16.6587292 0.0000000
v -15.1402120 -16.3877455 0.0000000
v -15.8974991 -15.9825115 0.0000000
v -15.1365241 -14.6477158 0.0000000
v -16.2347478 -15.6694863 0.0000000
v -16.9824229 -14.2825928 0.0000000
v -17.1176669 -13.1310838 0.0000000
v -27.2824340 -12.3057782 0.0000000
v -27.0329080 -12.3190780 0.0000000
v -26.9530710 -10.8212041 0.0000000
v -28.9492791 -10.7148058 0.0000000
v -31.0253241 -12.1062814 0.0000000
v -31.9435912 -10.5552084 0.0000000
v -34.6883773 -10.4089107 0.0000000
v -34.9379033 -10.3956109 0.0000000
v -36.0158443 -11.8402856 0.0000000
v -38.0358606 -11.7240232 0.0000000
v -39.7498439 -9.9617001 0.0000000
v -43.8320473 -9.2578674 0.0000000
v -43.5929578 -7.4712847 0.0000000
v -44.5829547 -8.5981857 0.0000000
v -54.1775547 -18.8817641 0.0000000
v -54.9946899 -23.0503950 0.0000000
v -54.9466231 -22.8051814 0.0000000
v -56.4186099 -22.5166425 0.0000000
v -54.8024228 -22.0695407 0.0000000
v -56.1302093 -21.0453610 0.0000000
v -54.4178886 -20.1078320 0.0000000
v -56.4666767 -22.7618560 0.0000000
v -55.1869570 -24.0312493 0.0000000
v -55.3792241 -25.0121036 0.0000000
v -56.9954113 -25.4592054 0.0000000
v -55.6676247 -26.4833851 0.0000000
v -57.7491054 -27.9226797 0.0000000
v -57.3822999 -29.3778211 0.0000000
v -56.4038859 -28.7721726 0.0000000
v -58.0196721 -27.9439772 0.0000000
v -59.2621281 -28.8618474 0.0000000
v -59.4169407 -28.6657016 0.0000000
v -60.1801789 -27.6259875 0.0000000
v -58.6661084 -27.1706294 0.0000000
v -60.0362631 -27.8302627 0.0000000
v -64.2364812 -23.5442271 0.0000000
v -64.9706240 -22.8407984 0.0000000
v -64.7910580 -23.0145689 0.0000000
v -64.1495652 -21.4795976 0.0000000
v -66.1322170 -19.7331789 0.0000000
v -64.5834000 -19.4609526 0.0000000
v -68.0309850 -17.4431543 0.0000000
v -68.0480552 -17.4315317 0.0000000
v -68.1719185 -15.5103055 0.0000000
v -60.9771382 -24.3508525 0.0000000
v -51.2595976 -5.3033766 0.0000000
v -49.9272687 -2.4393089 0.0000000
v -44.3952279 -8.7631062 0.0000000
v -42.0911430 -8.7906480 0.0000000
v -25.2862259 -12.4121765 0.0000000
v -17.4624012 -11.3156911 0.0000000
v -15.6181690 -12.8610864 0.0000000
v -12.8062954 -15.2742521 0.0000000
v -7.5884024 -15.8307440 0.0000000
v -8.2444185 -17.2692861 0.0000000
v -7.2118135 -17.3755591 0.0000000
v -0.6352977 11.7196139 0.0000000
v -0.1130407 6.2908499 0.0000000
v -7.0842004 5.9388657 0.0000000
v -8.4106853 5.1953081 0.0000000
v -7.6287762 0.4860341 0.0000000
v -7.9223436 -0.7691230 0.0000000
v -21.4476014 -1.1604741 0.0000000
v -28.3320910 -0.7042958 0.0000000
v -33.8799487 0.0083752 0.0000000
v -39.4010278 4.9358311 0.0000000
v -49.3237274 0.4351416 0.0000000
v -63.3586414 -2.9697521 0.0000000
v -64.9388117 -5.8083710 0.0000000
v -61.4140299 0.5235494 0.0000000
v -60.2018914 2.7151749 0.0000000
v -58.1380207 3.7309565 0.0000000
v -57.3444652 5.0038767 0.0000000
v -57.1367065 3.0434055 0.0000000
v -42.3150988 4.8889136 0.0000000
v -38.3195983 4.3101210 0.0000000
v -36.5893111 3.3089849 0.0000000
v -32.6961648 1.0564288 0.0000000
v -31.0530683 0.1492778 0.0000000
v -16.9575660 -1.4253877 0.0000000
v -9.6812563 8.7215915 0.0000000
v -9.0420967 14.9600025 0.0000000
v -8.0194460 16.8391746 0.0000000
v -2.6710988 15.7134706 0.0000000
v -2.8036285 14.2164598 0.0000000
v -0.5538451 10.7234174 0.0000000
v 1.1004485 -2.6280729 0.0000000
v 0.7780433 -11.9702376 0.0000000
v 2.2707769 -11.8227718 0.0000000
v -5.7147792 -17.4576092 0.0000000
v -9.4867740 -17.1367880 0.0000000
v -13.3032376 -15.2212529 0.0000000
v -13.4623115 -16.7127942 0.0000000
v -15.5486250 -13.8406447 0.0000000
v -16.9615623 -14.3453258 0.0000000
v -27.7016490 -10.7813048 0.0000000
v -34.7682143 -11.9067846 0.0000000
v -38.0600578 -11.7215410 0.0000000
v -40.3830005 -11.3442893 0.0000000
v -41.6826015 -10.8511105 0.0000000
v -53.1526770 -6.2594597 0.0000000
v -54.5140221 -20.5982592 0.0000000
v -55.9860090 -20.3097203 0.0000000
v -54.2256215 -19.1269777 0.0000000
v -55.6976083 -18.8384388 0.0000000
v -55.3311573 -24.7668900 0.0000000
v -55.7637583 -26.9738122 0.0000000
v -58.2395017 -27.7363807 0.0000000
v -63.5683691 -22.1104274 0.0000000
v -64.6114921 -23.1883394 0.0000000
v -66.1097835 -19.4843078 0.0000000
v -69.1345429 -16.6613015 0.0000000
v -69.0752430 -16.7084050 0.0000000
v -70.6495449 -13.8324666 0.0000000
v -65.1309911 -17.1623781 0.0000000
v -61.3295179 -25.9903005 0.0000000
v -51.0255754 -4.5912007 0.0000000
v -50.2103117 -3.9370976 0.0000000
v -17.4941313 -11.3143092 0.0000000
v -4.3851611 -16.0282322 0.0000000
v -6.3672016 2.9147024 0.0000000
v -6.7452195 4.8776772 0.0000000
v -6.2160772 -0.5615593 0.0000000
v -41.7801727 6.3123932 0.0000000
v -42.5313847 5.0140556 0.0000000
v -49.6647546 -0.2324372 0.0000000
v -54.5775583 2.5903878 0.0000000
v -55.6630925 1.5551991 0.0000000
v -64.4261811 -1.8035105 0.0000000
v -66.8888661 -9.2995300 0.0000000
v -68.1983754 -8.5679664 0.0000000
v -61.1709535 0.9602120 0.0000000
v -57.3417342 3.1862472 0.0000000
v -45.7841737 6.6513363 0.0000000
v -40.1522398 3.6374935 0.0000000
v -10.2673030 10.0906045 0.0000000
v -9.1405126 13.9653387 0.0000000
v -2.8551576 15.7184419 0.0000000
v -1.1988849 -15.6261438 0.0000000
v -1.9117528 -17.6610650 0.0000000
v -5.3831840 -15.9735322 0.0000000
v -13.0547665 -15.2477525 0.0000000
v -25.7852779 -12.3855769 0.0000000
v -56.3135249 -28.6625800 0.0000000
v -63.7479350 -21.9366569 0.0000000
v -68.8720765 -16.8536815 0.0000000
v -70.6452691 -13.8860628 0.0000000
v -53.9893997 -10.0097660 0.0000000
v 0.5374941 1.5879056 0.0000000
v 0.4347781 2.3304758 0.0000000
v -2.1099456 11.3483273 0.0000000
v -6.9994956 5.7037801 0.0000000
v -41.5638868 6.1872512 0.0000000
v -60.2314838 4.9851603 0.0000000
v -46.7931997 4.9769516 0.0000000
v -10.5348077 15.1076972 0.0000000
v 0.1929107 -16.2387979 0.0000000
v -13.2138404 -16.7392938 0.0000000
v -15.0424721 -16.4206027 0.0000000
v -14.6133708 -14.9823597 0.0000000
v -62.3179346 -23.2747460 0.0000000
v -65.8505287 -18.5020443 0.0000000
v -24.7073369 -10.9409022 0.0000000
v -8.3259805 4.9602225 0.0000000
v -65.5200250 -3.7684926 0.0000000
v 0.4564702 -9.2646992 0.0000000
v -14.8007040 -16.4837557 0.0000000
v -63.3188817 -24.3921741 0.0000000
v -69.0914342 -14.1755748 0.0000000
v -61.3672506 -24.0384862 0.0000000
v -54.0364014 -10.2551860 0.0000000
v 0.4690168 2.0829524 0.0000000
v -7.7971561 16.5918857 0.0000000
v -26.4365295 -0.8661258 0.0000000
v -5.7876742 16.5099919 0.0000000
v -3.3526140 15.6705096 0.0000000
v -29.1988051 -10.7015060 0.0000000
v -63.2837828 -24.4226475 0.0000000
v -65.6025824 -17.0015159 0.0000000
v -26.1870831 -0.8808432 0.0000000
v -64.2094089 -4.4980715 0.0000000
v -9.5965516 8.4865059 0.0000000
v -29.6978571 -10.6749065 0.0000000
v -32.5224802 -12.0264827 0.0000000
v -47.3988574 -6.1243794 0.0000000
v -63.0901628 -24.5804997 0.0000000
v -58.8100241 -26.9663541 0.0000000
v -62.2647975 -1.0047700 0.0000000
v -8.1853620 8.9949780 0.0000000
v -62.1448968 -23.4158182 0.0000000
v -66.7976774 -18.1777519 0.0000000
v -3.8743588 14.1322328 0.0000000
v -3.7062047 14.1294923 0.0000000
v -8.7495042 6.1356503 0.0000000
v -8.1006572 8.7598924 0.0000000
v -0.4517324 -2.3272488 0.0000000
v -63.0850238 -24.5846519 0.0000000
v -3.4574764 14.1534585 0.0000000
v -67.1814885 -17.9909075 0.0000000
v -3.6013423 15.6465434 0.0000000
v -30.6959611 -10.6217073 0.0000000
v -67.3920124 -17.8562978 0.0000000
v -59.6172387 3.5154592 0.0000000
v -30.7757981 -12.1195812 0.0000000
v -66.5839672 -16.5925482 0.0000000
v -58.0846891 -27.9325265 0.0000000
v -0.5814756 -1.3361845 0.0000000
v -60.4516101 4.7867831 0.0000000
v -64.6382742 -19.8678444 0.0000000
v -62.8899676 -24.7408351 0.0000000
v -61.9524193 -23.5699366 0.0000000
v -50.5458494 1.3400493 0.0000000
v -56.1741022 -28.4564406 0.0000000
v -49.6244251 3.1317824 0.0000000
v -57.4514690 -27.6676386 0.0000000
v -56.1133336 -28.3482766 0.0000000
v -50.4051785 -3.9723842 0.0000000
v -50.4265712 -2.4518637 0.0000000
v -21.2865018 -2.6725876 0.0000000
v -47.9585708 -5.6416156 0.0000000
v -9.6688166 -1.7975460 0.0000000
v -8.3726719 -1.2184443 0.0000000
v -30.4464351 -10.6350071 0.0000000
v -7.6311996 0.1298283 0.0000000
v -6.1440431 -0.0670176 0.0000000
v -6.1394163 -0.0281765 0.0000000
v -7.7155497 1.7324182 0.0000000
v -12.9653693 -16.7657934 0.0000000
v -9.5118468 8.2514204 0.0000000
v -10.6881788 11.7108622 0.0000000
v -5.4652735 -17.4712842 0.0000000
v -3.1376324 -16.0966074 0.0000000
v -1.7359611 -16.1560543 0.0000000
v -8.5373783 16.5876299 0.0000000
v -1.6628457 -17.6546709 0.0000000
v -9.6057456 17.6405348 0.0000000
v -9.4298494 17.8180190 0.0000000
v -8.3644335 16.7621360 0.0000000
v -1.0619996 -15.4170923 0.0000000
v 0.5703183 -12.9156658 0.0000000
v -1.0788174 14.6407633 0.0000000
v -0.9870444 14.4124772 0.0000000
v 0.9382694 -1.3892424 0.0000000
vt -33.1335106 -8.3869800
vt -33.2046290 -8.3521289
vt -33.5537504 -9.0162569
vt -33.3972456 -8.2289693
vt -33.5001204 -8.1631908
vt -33.8012682 -8.8608441
vt -33.9065302 -8.7935392
vt -33.5976602 -8.0987266
vt -33.9112813 -8.7904506
vt -33.6957295 -8.0299595
vt -34.1263244 -8.6440344
vt -33.7980262 -7.9582281
vt -33.9003230 -7.8864967
vt -34.2286212 -8.5723030
vt -34.4332147 -8.4288401
vt -34.3309179 -8.5005716
vt -34.0012034 -7.8157584
vt -34.2592972 -7.6025766
vt -34.3530810 -7.5200259
vt -34.8486229 -8.0829985
vt -34.7548391 -8.1655493
vt -34.6610553 -8.2481000
vt -34.9424067 -8.0004478
vt -34.4109465 -7.4690913
vt -35.0739376 -7.8276202
vt -35.0051531 -7.9292089
vt -34.4378970 -7.4292878
vt -35.1006498 -7.7813886
vt -34.5138288 -7.2731661
vt -35.2409524 -7.4635400
vt -35.2099414 -7.5566767
vt -34.5268800 -7.2053608
vt -35.2665073 -7.3298028
vt -35.2644701 -7.3413578
vt -34.5760787 -6.8699889
vt -34.5809555 -6.7586058
vt -35.3302377 -6.7914128
vt -35.3357029 -6.6665923
vt -34.5849007 -6.6685018
vt -34.4942373 -6.5051775
vt -35.1411150 -6.1256392
vt -35.2043410 -6.2334005
vt -34.5832523 -6.6568929
vt -35.2675671 -6.3411618
vt -35.3154043 -6.4782132
vt -34.4310113 -6.3974162
vt -35.0146628 -5.9101167
vt -35.0778889 -6.0178779
vt -34.3045591 -6.1818937
vt -34.8895038 -5.6967981
vt -34.9514368 -5.8023554
vt -33.9319084 -5.5223529
vt -34.5866630 -5.1565711
vt -34.6475975 -5.2656446
vt -35.3060379 -7.0830693
vt -35.2862726 -7.2064360
vt -34.5641947 -6.9724578
vt -35.1552956 -7.6690327
vt -34.4808365 -7.3410008
vt -33.4423548 -9.0708456
vt -33.0441254 -9.2103575
vt -32.9259124 -9.2508011
vt -32.6834582 -8.5410715
vt -32.2486910 -8.7797270
vt -32.3341433 -8.6832587
vt -32.4472088 -8.6214168
vt -32.9241480 -9.2514018
vt -32.2423951 -9.5644255
vt -32.1957626 -9.4711367
vt -32.1398991 -9.3593812
vt -32.1131057 -9.0946473
vt -32.1022323 -9.2294706
vt -32.9749988 -10.4920164
vt -32.2556359 -10.2798444
vt -32.2909809 -10.1600081
vt -32.9396538 -10.6118527
vt -32.1849458 -10.5195172
vt -32.2202908 -10.3996808
vt -30.7811534 -11.9411515
vt -30.8786815 -11.8630599
vt -31.3474557 -12.4485091
vt -31.0548714 -12.6827839
vt -30.9573433 -12.7608755
vt -30.5860972 -12.0973347
vt -30.0984566 -12.4877926
vt -30.1959848 -12.4097010
vt -30.5762631 -13.0660096
vt -30.2448577 -13.5365430
vt -29.5232680 -13.3102822
vt -29.5638578 -13.2223152
vt -29.6162040 -13.1088696
vt -29.8879689 -12.6854748
vt -29.9768311 -12.5976481
vt -30.4983525 -13.1367024
vt -30.4151817 -13.2189040
vt -30.3729617 -13.2606320
vt -29.7991066 -12.7733015
vt -29.7242350 -12.8785923
vt -29.6705721 -12.9911141
vt -30.2935129 -12.3316094
vt -30.7622870 -12.9170587
vt -30.8598151 -12.8389671
vt -30.3910410 -12.2535179
vt -31.2499276 -12.5266007
vt -27.7526706 -8.9287922
vt -27.7767040 -9.0513990
vt -27.0166772 -9.0730617
vt -27.7286372 -8.8061855
vt -26.9926438 -8.9504549
vt -26.9686104 -8.8278481
vt -26.9445770 -8.7052413
vt -27.6805704 -8.5609719
vt -26.9205436 -8.5826345
vt -26.8965102 -8.4600278
vt -27.6325037 -8.3157583
vt -26.8484435 -8.2148142
vt -27.5844369 -8.0705447
vt -27.5363701 -7.8253311
vt -27.5604035 -7.9479379
vt -26.8244101 -8.0922074
vt -26.8003767 -7.9696006
vt -26.7763433 -7.8469938
vt -27.4883437 -7.5803236
vt -27.5123367 -7.7027244
vt -26.7523099 -7.7243870
vt -26.7522294 -7.7239749
vt -26.7283333 -7.6013415
vt -26.7281042 -7.6001553
vt -27.4646034 -7.4584892
vt -27.3237118 -6.7228227
vt -26.5870990 -6.8638954
vt -27.2767101 -6.4774027
vt -27.3002110 -6.6001127
vt -26.5400973 -6.6184755
vt -26.5165964 -6.4957655
vt -26.4225930 -6.0049256
vt -27.2532093 -6.3546927
vt -26.3990921 -5.8822156
vt -27.1357050 -5.7411429
vt -27.1122041 -5.6184329
vt -26.3755913 -5.7595056
vt -26.3520904 -5.6367957
vt -27.0887033 -5.4957229
vt -27.0417015 -5.2503030
vt -27.0652024 -5.3730129
vt -26.3285896 -5.5140857
vt -26.3050887 -5.3913757
vt -26.2815878 -5.2686657
vt -26.9241973 -4.6367531
vt -26.9476981 -4.7594631
vt -26.1875844 -4.7778258
vt -26.8501259 -4.2624032
vt -26.8758511 -4.3846431
vt -26.1169706 -4.4205082
vt -26.0614955 -4.1806930
vt -26.7922000 -4.0116634
vt -26.0333374 -4.0589673
vt -26.0051793 -3.9372416
vt -26.7640419 -3.8899377
vt -26.5774727 -3.1332396
vt -26.6152921 -3.2522665
vt -25.8959431 -3.4650199
vt -25.9770212 -3.8155158
vt -26.7077257 -3.6464862
vt -25.8632453 -3.3621122
vt -26.3033125 -2.2988579
vt -26.3423162 -2.4175539
vt -25.5907951 -2.5329923
vt -26.4593274 -2.7736418
vt -26.4983311 -2.8923378
vt -25.7858137 -3.1264723
vt -25.7468099 -3.0077763
vt -25.6688025 -2.7703843
vt -26.2253051 -2.0614659
vt -26.2643088 -2.1801619
vt -25.5517914 -2.4142963
vt -26.1863014 -1.9427699
vt -25.4774305 -2.1880014
vt -25.4652674 -2.1575282
vt -25.9580587 -1.5902685
vt -26.0471719 -1.6778406
vt -26.1326118 -1.8062954
vt -25.3737987 -2.0760115
vt -25.8088678 -1.4646730
vt -25.8451368 -1.4921791
vt -25.7049195 -1.3953565
vt -25.5966272 -1.3249792
vt -25.7011490 -1.3928749
vt -25.2513171 -1.9950158
vt -25.4591670 -1.2704562
vt -25.0457448 -1.9661052
vt -24.9892424 -1.9752208
vt -24.8402892 -1.2395539
vt -24.7824164 -1.2536837
vt -24.6671310 -1.2917577
vt -24.9663699 -1.9827746
vt -24.5504338 -1.3550442
vt -25.0387723 -1.2151843
vt -25.1618780 -1.2202477
vt -24.8318802 -2.0926380
vt -24.3472593 -1.5202281
vt -24.3522139 -1.5160699
vt -24.5493215 -2.3339609
vt -23.9672352 -1.8447927
vt -24.0622413 -1.7636515
vt -23.8843833 -2.9018602
vt -23.3969913 -2.3318171
vt -23.4922051 -2.2504984
vt -23.7914272 -2.9813678
vt -23.3020449 -2.4130271
vt -23.2982936 -2.4162790
vt -23.6055653 -3.1446499
vt -23.1105668 -2.5811994
vt -23.2044302 -2.4987392
vt -23.2301116 -3.4744908
vt -22.6412497 -2.9935004
vt -22.7351131 -2.9110402
vt -22.9485213 -3.7218714
vt -22.4535228 -3.1584209
vt -22.5473863 -3.0759606
vt -22.7607945 -3.8867918
vt -22.2657960 -3.3233413
vt -22.3596594 -3.2408811
vt -22.4792042 -4.1341725
vt -21.8903423 -3.6531821
vt -21.9842057 -3.5707219
vt -22.1037505 -4.4640133
vt -21.5148886 -3.9830230
vt -21.6087520 -3.9005628
vt -21.7282968 -4.7938541
vt -21.1394349 -4.3128638
vt -21.2332984 -4.2304036
vt -20.9532442 -5.3700692
vt -20.5082248 -4.7535728
vt -20.6201682 -4.6980868
vt -20.7293574 -5.4810413
vt -20.3003986 -4.8565843
vt -20.3962814 -4.8090589
vt -20.3120995 -5.6394971
vt -19.9955212 -4.9482025
vt -20.1161204 -4.9155550
vt -19.6503525 -5.7869512
vt -19.5262878 -5.8017150
vt -19.4376621 -5.0569698
vt -15.2631361 -6.0664405
vt -15.1383731 -6.0730904
vt -15.0984546 -5.3241534
vt -14.9736916 -5.3308033
vt -14.1402690 -6.1262895
vt -14.0155060 -6.1329394
vt -13.9755875 -5.3840025
vt -13.3916910 -6.1661889
vt -13.2669280 -6.1728388
vt -13.3517725 -5.4172520
vt -13.1421650 -6.1794887
vt -13.0174020 -6.1861386
vt -12.9774835 -5.4372016
vt -12.7279575 -5.4505014
vt -12.8527205 -5.4438515
vt -12.7678760 -6.1994383
vt -12.5183500 -6.2127381
vt -12.3935870 -6.2193880
vt -12.4784315 -5.4638012
vt -12.2688239 -6.2260379
vt -12.2289055 -5.4771010
vt -11.9793794 -5.4904008
vt -12.1041425 -5.4837509
vt -12.1440609 -6.2326878
vt -12.0192979 -6.2393377
vt -11.8946904 -6.2459793
vt -11.7284894 -5.5038797
vt -11.7295483 -5.5038208
vt -11.7706180 -6.2526957
vt -11.6464096 -6.2597718
vt -11.5216717 -6.2668781
vt -11.6037515 -5.5109859
vt -11.2295380 -5.5323047
vt -11.3542759 -5.5251984
vt -11.3969339 -6.2739843
vt -10.8553245 -5.5536235
vt -11.1048002 -5.5394110
vt -11.1474582 -6.2881968
vt -10.8979825 -6.3024094
vt -10.7732447 -6.3095156
vt -10.5237690 -6.3237282
vt -10.3990311 -6.3308344
vt -10.4811110 -5.5749423
vt -10.2742933 -6.3379407
vt -10.3563731 -5.5820485
vt -10.1495554 -6.3450469
vt -10.1068974 -5.5962611
vt -9.9821596 -5.6033673
vt -10.0248176 -6.3521532
vt -9.8574217 -5.6104736
vt -9.7753419 -6.3663657
vt -9.6506041 -6.3734720
vt -9.7326839 -5.6175798
vt -9.4011284 -6.3876845
vt -9.3584704 -5.6388986
vt -9.2763905 -6.3947908
vt -9.2394599 -5.6456786
vt -9.2649286 -6.3952680
vt -9.1400393 -6.3985552
vt -9.1385522 -6.3985914
vt -9.0136433 -6.4013834
vt -9.1210488 -5.6487953
vt -8.8887344 -6.4041754
vt -8.8719745 -5.6543626
vt -8.6048232 -5.6660373
vt -8.6065340 -5.6659226
vt -8.6558795 -6.4142980
vt -8.4801827 -5.6746851
vt -8.5590632 -6.4210153
vt -8.3415945 -5.6845626
vt -8.3555423 -5.6833329
vt -7.9401298 -5.8739865
vt -8.2196204 -5.6976159
vt -8.0593981 -5.7533518
vt -7.8062626 -6.2452596
vt -7.8224941 -6.1262317
vt -7.8032913 -6.3146503
vt -8.5521515 -6.6903032
vt -7.7921109 -6.8577060
vt -7.8032249 -6.6501923
vt -8.4361702 -7.2893672
vt -7.6909978 -7.1382778
vt -7.7356087 -7.0215735
vt -7.0899183 -7.5478022
vt -7.2108023 -7.5162258
vt -7.2794679 -8.2734543
vt -6.9796268 -8.3298975
vt -6.8553913 -8.3431473
vt -6.8977314 -7.5843784
vt -6.0304410 -7.6768755
vt -6.1546766 -7.6636257
vt -6.2342135 -8.4093963
vt -6.1099780 -8.4226461
vt -5.9857425 -8.4358959
vt -5.6130358 -8.4756454
vt -5.4888003 -8.4888952
vt -5.5334989 -7.7298747
vt -3.8737382 -8.6611427
vt -3.7495026 -8.6743925
vt -3.6720845 -7.9283958
vt -3.7452624 -8.6748203
vt -3.3153563 -7.9525785
vt -3.4401092 -7.9457410
vt -3.4811539 -8.6946171
vt -3.2316482 -8.7082921
vt -3.1068953 -8.7151296
vt -3.0658506 -7.9662535
vt -2.4420863 -8.0004411
vt -2.5668391 -7.9936036
vt -2.6078839 -8.7424796
vt -2.3173334 -8.0072786
vt -2.4831310 -8.7493171
vt -1.6935691 -8.0414662
vt -1.8183220 -8.0346287
vt -1.8593667 -8.7835047
vt -1.7346138 -8.7903422
vt -1.6098610 -8.7971797
vt -1.4851081 -8.8040172
vt -1.4442537 -8.0551308
vt -1.0709041 -8.0747016
vt -1.3200675 -8.0618106
vt -1.1096552 -8.8236999
vt -0.9848820 -8.8301553
vt -0.9606264 -8.0804071
vt -0.3941145 -7.4994947
vt -0.4625572 -7.6040204
vt 0.1648980 -8.0148732
vt 0.2333407 -7.9103475
vt 0.3017833 -7.8058217
vt -0.2572292 -7.2904432
vt -0.3256719 -7.3949689
vt 0.4386686 -7.5967702
vt -0.1203439 -7.0813917
vt -0.1887866 -7.1859174
vt 0.5755539 -7.3877187
vt 0.0165414 -6.8723402
vt -0.0519013 -6.9768659
vt 1.0094099 -6.7097762
vt 0.3612799 -6.3242374
vt 0.3386861 -6.3732544
vt 1.1125563 -6.3920998
vt 0.3958781 -6.1512021
vt 0.3771136 -6.2450487
vt 0.5177884 -1.0662703
vt 0.5015705 -0.9423873
vt -0.2420841 -1.0397414
vt -0.2745199 -0.7919753
vt -0.2583020 -0.9158583
vt 0.4853526 -0.8185043
vt 0.4529168 -0.5707382
vt 0.4366989 -0.4468551
vt -0.3069557 -0.5442092
vt -0.3231736 -0.4203262
vt 0.4204810 -0.3229721
vt 0.4042631 -0.1990890
vt -0.3393915 -0.2964431
vt 0.3718273 0.0486770
vt -0.3716501 -0.0500305
vt 0.3714631 0.0513826
vt 0.3543437 0.1751443
vt 0.3372244 0.2989060
vt -0.4057018 0.1961407
vt 0.3201051 0.4226677
vt -0.4228211 0.3199024
vt -0.4399404 0.4436641
vt 0.3029857 0.5464294
vt -0.4741791 0.6911875
vt -0.4570598 0.5674258
vt 0.2858664 0.6701911
vt -0.5084178 0.9387109
vt -0.4912985 0.8149492
vt 0.2516277 0.9177145
vt -0.5426565 1.1862343
vt -0.5255371 1.0624726
vt 0.2002697 1.2889996
vt -0.5768951 1.4337577
vt -0.5597758 1.3099960
vt 0.1660310 1.5365230
vt 0.1489117 1.6602846
vt 0.1317924 1.7840463
vt -0.5940145 1.5575194
vt 0.1146730 1.9078080
vt -0.6282532 1.8050428
vt 0.0975537 2.0315697
vt 0.0804343 2.1553314
vt -0.6453725 1.9288045
vt -0.6796112 2.1763278
vt -0.6624918 2.0525661
vt 0.0633150 2.2790931
vt -0.6967305 2.3000895
vt -0.8336852 3.2901831
vt -0.8165659 3.1664214
vt -0.0907590 3.3929484
vt -0.8679239 3.5377065
vt -0.8508046 3.4139448
vt -0.1249977 3.6404717
vt -1.1356518 6.6608982
vt -1.1262438 6.5458355
vt -0.3787383 6.6069542
vt -0.9124307 3.9308199
vt -0.9022492 3.8062954
vt -0.1553263 3.8745408
vt -0.1852884 4.2409878
vt -0.1954699 4.3655123
vt -0.9327939 4.1798690
vt -0.2972857 5.6107578
vt -0.3074673 5.7352824
vt -1.0447912 5.5496391
vt -0.2158331 4.6145614
vt -0.2260147 4.7390860
vt -0.9633386 4.5534427
vt -0.2565594 5.1126596
vt -0.2667410 5.2371842
vt -1.0040649 5.0515409
vt -0.9837018 4.8024918
vt -0.9735202 4.6779672
vt -0.2361962 4.8636105
vt -0.2463778 4.9881351
vt -0.9938833 4.9270163
vt -0.2871041 5.4862333
vt -1.0346096 5.4251145
vt -0.2056515 4.4900369
vt -0.9429755 4.3043936
vt -1.0855175 6.0477373
vt -1.0753359 5.9232127
vt -0.3380120 6.1088560
vt -1.1160622 6.4213109
vt -0.1078784 3.5167100
vt -1.1985000 6.9491355
vt -1.1734076 6.8517828
vt -0.4471438 7.0389751
vt -0.7823272 2.9188980
vt -0.7652079 2.7951363
vt -0.0394010 3.0216633
vt -2.2312094 7.1255362
vt -2.1107702 7.0923032
vt -1.9367280 7.8223076
vt -1.8829194 7.8153467
vt -2.0591339 7.0818929
vt -2.3516485 7.1587693
vt -2.0317155 7.8485177
vt -2.5122317 7.2055627
vt -2.4720877 7.1920023
vt -2.2521382 7.9093394
vt -2.6276575 7.2519715
vt -2.3347092 7.9425384
vt -2.7656199 7.3187746
vt -2.6535527 7.2635390
vt -2.7511804 8.1478082
vt -3.1018216 7.4844812
vt -2.9897544 7.4292457
vt -2.8170639 8.1901488
vt -3.3777945 7.6820342
vt -3.2823466 7.6014132
vt -3.2431075 7.5724236
vt -2.9598085 8.3107193
vt -3.5265079 7.8179308
vt -3.4732424 7.7626551
vt -3.6032435 7.9159205
vt -3.4129619 8.8809958
vt -4.0031813 8.4169211
vt -3.9802960 8.3904532
vt -5.1165892 8.2724046
vt -4.4287017 7.9735556
vt -4.3789174 8.0881486
vt -4.4692535 7.8802139
vt -4.5579543 7.1070023
vt -4.5456523 7.2313353
vt -5.2920078 7.3051827
vt -5.3166118 7.0565167
vt -5.3289138 6.9321837
vt -4.5825583 6.8583364
vt -5.3412158 6.8078507
vt -4.5948603 6.7340034
vt -3.6691573 3.3220612
vt -3.7115097 3.4396040
vt -4.4171045 3.1853679
vt -4.3323997 2.9502824
vt -4.2900474 2.8327396
vt -3.6268049 3.2045184
vt -3.7962144 3.6746895
vt -3.8385668 3.7922323
vt -4.5018092 3.4204535
vt -3.8809191 3.9097751
vt -4.5441616 3.5379963
vt -4.2476950 2.7151968
vt -3.5844526 3.0869756
vt -3.4150431 2.6168045
vt -3.4573955 2.7343473
vt -4.1287619 2.3851155
vt -3.4017313 2.5708597
vt -3.8230655 0.3676555
vt -3.0748765 0.4197445
vt -3.0835539 0.5443829
vt -3.9436954 1.4382125
vt -3.9200692 1.3155266
vt -3.2072269 1.5800371
vt -4.0854521 2.1743280
vt -4.0618259 2.0516421
vt -3.3253575 2.1934667
vt -3.2544791 1.8254090
vt -3.2781053 1.9480949
vt -4.0145737 1.8062702
vt -4.0381998 1.9289562
vt -3.9909476 1.6835843
vt -3.9673215 1.5608984
vt -3.1363486 1.2119794
vt -3.1599747 1.3346653
vt -3.8760852 1.0871260
vt -3.8660794 0.9854927
vt -3.1095859 0.9182981
vt -3.1182633 1.0429365
vt -3.1191620 1.0536332
vt -3.1313870 1.1778082
vt -3.8964431 1.1928406
vt -3.8078249 0.1487447
vt -3.0575218 0.1704677
vt -3.0661992 0.2951061
vt -3.0582188 0.1097922
vt -3.8467472 -0.1489247
vt -3.8618631 -0.2030201
vt -3.1179578 -0.3276486
vt -3.3031866 -0.7444996
vt -3.2432257 -0.6348880
vt -3.9012109 -0.2749498
vt -4.0077695 -0.4697444
vt -4.0296390 -0.4985844
vt -3.3933354 -0.9007272
vt -3.4671115 -0.9980180
vt -3.5496233 -1.0777701
vt -4.2713312 -0.6692340
vt -3.8558136 -1.2939593
vt -3.7537502 -1.2218962
vt -4.0002138 -1.3761461
vt -3.8911830 -1.3160910
vt -4.3510957 -0.7131690
vt -4.1357356 -1.4403270
vt -4.0225221 -1.3874806
vt -4.6556904 -0.8553494
vt -4.4108737 -1.5647498
vt -4.3621625 -1.5460197
vt -4.5294713 -1.6011044
vt -4.7307930 -0.8783711
vt -4.6895150 -1.6346439
vt -4.5669287 -1.6105066
vt -4.9244670 -0.9165056
vt -5.0018480 -1.6680256
vt -4.8777760 -1.6657846
vt -5.0009513 -0.9178870
vt -5.0307067 -1.6674357
vt -8.6035062 -0.7053351
vt -8.7282294 -0.6979764
vt -8.6476796 -1.4540331
vt -9.0218492 -1.4319570
vt -8.8971260 -1.4393157
vt -8.9776758 -0.6832590
vt -9.2712956 -1.4172396
vt -9.1465724 -1.4245983
vt -9.1023990 -0.6759003
vt -9.6454653 -1.3951635
vt -9.5207421 -1.4025222
vt -9.4765686 -0.6538242
vt -9.6012918 -0.6464655
vt -9.7260150 -0.6391067
vt -9.8507382 -0.6317480
vt -9.8949117 -1.3804460
vt -10.4743543 -0.5949545
vt -10.5990775 -0.5875958
vt -10.5185277 -1.3436525
vt -10.9732471 -0.5655197
vt -11.0979703 -0.5581609
vt -11.0174205 -1.3142177
vt -11.2668669 -1.2995002
vt -11.1421437 -1.3068590
vt -11.2226935 -0.5508022
vt -11.3474167 -0.5434435
vt -11.3915901 -1.2921415
vt -11.6410365 -1.2774241
vt -11.5163133 -1.2847828
vt -11.4721399 -0.5360848
vt -11.5968631 -0.5287261
vt -11.7215863 -0.5213674
vt -11.7657597 -1.2700654
vt -12.0152062 -1.2553480
vt -11.8904829 -1.2627067
vt -11.8463095 -0.5140087
vt -12.0957559 -0.4992913
vt -12.2204791 -0.4919326
vt -12.2646526 -1.2406306
vt -12.5140990 -1.2259131
vt -12.3893758 -1.2332719
vt -12.3452023 -0.4845738
vt -12.4699255 -0.4772151
vt -12.5946488 -0.4698564
vt -12.7635454 -1.2111957
vt -12.6388222 -1.2185544
vt -12.7193720 -0.4624977
vt -12.8440952 -0.4551390
vt -12.8882686 -1.2038370
vt -12.9688184 -0.4477803
vt -13.0129918 -1.1964783
vt -13.3871614 -1.1744022
vt -13.2624382 -1.1817609
vt -13.3429880 -0.4257042
vt -13.8860542 -1.1449673
vt -13.7613310 -1.1523261
vt -13.7171576 -0.4036280
vt -16.4562254 0.5907854
vt -16.8318314 -0.0583834
vt -16.7236884 -0.1209544
vt -15.1764711 -0.0593243
vt -15.4445259 -0.7597860
vt -15.3278382 -0.8044404
vt -13.9481425 -0.3899999
vt -14.0481531 -0.3741182
vt -14.1707348 -1.1140499
vt -14.1806238 -1.1123436
vt -14.5491001 -1.0436747
vt -14.4262747 -1.0665643
vt -14.2888710 -0.3292583
vt -14.5345219 -0.2834790
vt -14.6293713 -0.2658029
vt -14.6719256 -1.0207850
vt -14.9672945 -0.9422365
vt -14.8495959 -0.9833062
vt -14.7149322 -0.2359474
vt -14.9777752 -0.9384036
vt -14.8264081 -0.1932874
vt -15.2111505 -0.8490948
vt -15.0944629 -0.8937492
vt -14.0475036 -1.1336190
vt -15.7041553 0.1556412
vt -16.2911166 -0.3712384
vt -16.0748307 -0.4963804
vt -15.6206596 0.1106591
vt -15.9551066 -0.5610765
vt -15.9112766 -0.5811684
vt -16.0648852 -0.5019350
vt -15.7945889 -0.6258228
vt -16.1317965 0.4030724
vt -16.6155455 -0.1835254
vt -16.5074025 -0.2460964
vt -13.8418808 -0.3962693
vt -16.8887972 0.8410694
vt -17.3725461 0.2544716
vt -17.2644032 0.1919006
vt -17.2132260 1.0287824
vt -17.6969750 0.4421846
vt -17.5888320 0.3796136
vt -17.5376549 1.2164954
vt -18.0214038 0.6298977
vt -17.9132609 0.5673267
vt -17.7539408 1.3416375
vt -18.2376897 0.7550397
vt -18.1295468 0.6924687
vt -18.0783696 1.5293505
vt -18.5621186 0.9427527
vt -18.4539756 0.8801817
vt -19.9679770 1.7561757
vt -19.8598340 1.6936047
vt -19.4842280 2.3427735
vt -20.2924058 1.9438887
vt -20.1842629 1.8813177
vt -19.8086568 2.5304865
vt -20.4005488 2.0064598
vt -20.0249427 2.6556285
vt -20.1330857 2.7181995
vt -20.5086917 2.0690308
vt -20.2412286 2.7807706
vt -20.6168347 2.1316018
vt -20.8331206 2.2567438
vt -20.4575145 2.9059126
vt -20.9982293 3.2187676
vt -21.1063723 3.2813386
vt -21.3738353 2.5695988
vt -21.2145152 3.3439096
vt -21.5901212 2.6947408
vt -21.6982642 2.7573118
vt -21.3226582 3.4064806
vt -22.0226930 2.9450248
vt -21.9145501 2.8824538
vt -21.5389441 3.5316226
vt -22.1308360 3.0075958
vt -21.7552300 3.6567646
vt -21.8633729 3.7193356
vt -21.9713110 3.7817881
vt -22.2389789 3.0701668
vt -22.0782788 3.8438595
vt -22.3475314 3.1329751
vt -22.4573742 3.1967214
vt -22.4555949 3.1956824
vt -22.5628795 3.2587215
vt -22.4449089 4.0384758
vt -22.8450047 3.3957207
vt -22.7504917 3.3535531
vt -24.6777610 1.7941207
vt -24.8048388 1.5789665
vt -24.1552488 1.2040142
vt -24.8750596 1.4488666
vt -24.9318974 1.3376035
vt -24.2089682 1.1041376
vt -24.9887353 1.2263403
vt -24.3208365 0.8851496
vt -24.4345122 0.6626233
vt -24.3776743 0.7738865
vt -25.0455732 1.1150772
vt -25.1024111 1.0038141
vt -25.1592489 0.8925509
vt -24.4913501 0.5513602
vt -24.6050258 0.3288339
vt -24.5481880 0.4400971
vt -25.2160868 0.7812878
vt -25.4434383 0.3362353
vt -25.5002762 0.2249721
vt -24.7755394 -0.0049555
vt -25.5571140 0.1137090
vt -25.6139519 0.0024459
vt -24.8892152 -0.2274817
vt -25.0028909 -0.4500080
vt -24.9460531 -0.3387449
vt -25.6707898 -0.1088173
vt -25.7268221 -0.2185035
vt -25.0613547 -0.5644172
vt -25.0597288 -0.5612711
vt -25.7687701 -0.2987394
vt -25.1782059 -0.7868961
vt -25.1199006 -0.6763949
vt -25.4776939 -1.0863185
vt -25.2365112 -0.8973974
vt -25.3369296 -1.0176114
vt -25.7604059 -1.1207037
vt -25.5988068 -1.1164302
vt -25.9758414 -1.0638241
vt -25.8756244 -1.0984484
vt -26.1645056 -0.9536901
vt -26.0869781 -1.0067394
vt -26.2795073 -0.8499214
vt -26.2569874 -0.8716449
vt -25.9091890 -0.1514914
vt -26.5381804 -0.5786679
vt -26.4519561 -0.6690857
vt -26.2540865 0.2101799
vt -26.8830780 -0.2169966
vt -26.7968536 -0.3074144
vt -26.4265353 0.3910156
vt -27.0555268 -0.0361609
vt -26.9693024 -0.1265788
vt -26.6852085 0.6622691
vt -27.3141999 0.2350926
vt -27.2279755 0.1446747
vt -27.0301060 1.0239404
vt -27.6590975 0.5967639
vt -27.5728731 0.5063460
vt -27.4612279 1.4760295
vt -28.0902194 1.0488530
vt -28.0039950 0.9584352
vt -27.8972059 1.9331170
vt -28.4939237 1.4698481
vt -28.4327121 1.4080026
vt -28.2421366 2.2085017
vt -28.3446505 2.2799225
vt -28.7733810 1.6645444
vt -28.4471643 2.3513433
vt -28.9728567 1.8035181
vt -28.8758948 1.7359653
vt -28.8849384 2.6330733
vt -29.3135951 2.0162669
vt -29.2785319 1.9946502
vt -30.1308390 2.4795935
vt -30.2233384 2.3956501
vt -29.6341938 1.9175057
vt -30.3175738 2.3086064
vt -30.4093427 2.2238213
vt -29.9003881 1.6729445
vt -31.4970134 -1.1573791
vt -31.4362443 -1.0482134
vt -32.1523214 -0.7925896
vt -31.9092450 -0.3559269
vt -31.9700141 -0.4650926
vt -31.3147061 -0.8298820
vt -31.2539369 -0.7207164
vt -31.1931678 -0.6115507
vt -32.0307832 -0.5742582
vt -32.0915523 -0.6834239
vt -31.5577825 -1.2665447
vt -32.2738597 -1.0109209
vt -32.3346288 -1.1200866
vt -31.6185516 -1.3757104
vt -32.3953979 -1.2292523
vt -31.7400898 -1.5940417
vt -31.9831662 -2.0307044
vt -31.9223971 -1.9215388
vt -32.5777052 -1.5567493
vt -32.2262427 -2.4673671
vt -32.1654736 -2.3582014
vt -32.8207816 -1.9934120
vt -32.2870118 -2.5765328
vt -32.8815507 -2.1025777
vt -32.9423198 -2.2117433
vt -33.0030890 -2.3209090
vt -32.3477809 -2.6856985
vt -33.0638581 -2.4300747
vt -33.1245838 -2.5391625
vt -32.4085500 -2.7948641
vt -32.5913512 -3.1227362
vt -32.5304168 -3.0136627
vt -33.1852665 -2.6480511
vt -32.7132200 -3.3408832
vt -32.6522856 -3.2318097
vt -33.3070403 -2.8660279
vt -32.8350889 -3.5590301
vt -32.7741544 -3.4499567
vt -33.4289091 -3.0841749
vt -32.8960233 -3.6681036
vt -33.4898435 -3.1932484
vt -33.5507779 -3.3023218
vt -32.9569577 -3.7771771
vt -33.6117124 -3.4113953
vt -33.6726468 -3.5204688
vt -33.7335812 -3.6295423
vt -33.0178921 -3.8862506
vt -33.7945156 -3.7386158
vt -33.1397609 -4.1043976
vt -33.9163845 -3.9567628
vt -33.2616298 -4.3225445
vt -33.2006954 -4.2134711
vt -34.1601221 -4.3930567
vt -34.2210565 -4.5021302
vt -33.5053674 -4.7588385
vt -34.2819910 -4.6112037
vt -33.6272363 -4.9769855
vt -33.5663019 -4.8679120
vt -34.4038598 -4.8293506
vt -33.8100395 -5.3042059
vt -33.7491051 -5.1951324
vt -34.5257286 -5.0474976
vt -33.8709739 -5.4132794
vt -34.7694663 -5.4837916
vt -34.1147116 -5.8495733
vt -34.0537772 -5.7404999
vt -34.8297141 -5.5916360
vt -34.1756460 -5.9586468
vt -34.2413331 -6.0741324
vt -34.2387770 -6.0697071
vt -34.3677852 -6.2896550
vt -34.5574634 -6.6129388
vt -35.3323378 -6.5974711
vt -34.4647942 -4.9384241
vt -33.6881707 -5.0860589
vt -34.3429254 -4.7202772
vt -33.9773189 -4.0658362
vt -34.0382533 -4.1749097
vt -33.3834986 -4.5406915
vt -33.3225642 -4.4316180
vt -32.0439354 -2.1398701
vt -32.6992434 -1.7750806
vt -32.4561670 -1.3384180
vt -32.5169361 -1.4475836
vt -31.8008589 -1.7032074
vt -32.6384743 -1.6659150
vt -31.7269377 -0.0284299
vt -31.7877068 -0.1375956
vt -31.0716296 -0.3932193
vt -31.0108605 -0.2840537
vt -30.9500914 -0.1748880
vt -31.6053995 0.1899015
vt -30.8893223 -0.0657223
vt -30.8285532 0.0434433
vt -31.4838612 0.4082328
vt -31.3623230 0.6265641
vt -31.4230921 0.5173985
vt -30.7677841 0.1526090
vt -31.2407848 0.8448955
vt -31.3015539 0.7357298
vt -30.6462459 0.3709404
vt -31.1800157 0.9540612
vt -30.5247076 0.5892717
vt -30.4639385 0.6984374
vt -31.1192466 1.0632268
vt -31.0584775 1.1723925
vt -30.4031694 0.8076030
vt -30.3424003 0.9167687
vt -30.3415666 0.9182745
vt -30.9981270 1.2808062
vt -30.9385487 1.3889982
vt -30.2812996 1.0277172
vt -30.2807539 1.0287117
vt -30.2208179 1.1383369
vt -30.8189486 1.6077511
vt -30.8788847 1.4981258
vt -30.7590126 1.7173763
vt -30.1608818 1.2479622
vt -30.0410096 1.4672127
vt -29.9842783 1.5709763
vt -30.6990765 1.8270016
vt -30.6325241 1.9482322
vt -30.6391404 1.9366268
vt -29.9520804 1.6251860
vt -30.5011115 2.1390362
vt -30.5690514 2.0550976
vt -29.6209301 2.7196447
vt -29.7434427 2.6951360
vt -29.5600816 1.9669571
vt -29.9259056 2.6271108
vt -30.0188938 2.5715135
vt -29.5875026 1.9555601
vt -29.8138066 2.6737028
vt -28.9912912 2.6986408
vt -29.1186807 2.7479501
vt -29.2329360 2.7694690
vt -28.5609181 2.4302975
vt -28.6659041 2.4979491
vt -28.5496782 2.4227642
vt -28.0371089 2.0656600
vt -28.1396227 2.1370808
vt -27.9849466 2.0217665
vt -27.8923499 1.9281187
vt -28.2626682 1.2296887
vt -27.7199011 1.7472830
vt -27.8061255 1.8377009
vt -28.1764438 1.1392708
vt -27.5474523 1.5664474
vt -27.6336767 1.6568652
vt -27.9177706 0.8680174
vt -27.3750035 1.3856117
vt -27.7453218 0.6871817
vt -27.1163304 1.1143582
vt -27.2025548 1.2047760
vt -27.4866487 0.4159282
vt -26.9438816 0.9335226
vt -27.4004243 0.3255104
vt -26.7714328 0.7526869
vt -26.8576572 0.8431047
vt -27.1417511 0.0542569
vt -26.5989841 0.5718512
vt -26.3403109 0.3005978
vt -26.7106292 -0.3978322
vt -26.1678621 0.1197621
vt -26.6244048 -0.4882501
vt -25.9954134 -0.0610736
vt -26.0816378 0.0293443
vt -26.3657317 -0.7595036
vt -25.8229646 -0.2419092
vt -24.6142221 1.9016979
vt -24.0319888 1.4127046
vt -23.9684499 1.5202817
vt -23.9049110 1.6278588
vt -23.8413721 1.7354360
vt -24.5506832 2.0092750
vt -24.4236054 2.2244292
vt -24.4871443 2.1168521
vt -23.7778332 1.8430131
vt -23.7142943 1.9505902
vt -24.2329887 2.5471606
vt -24.2965276 2.4395835
vt -23.6507554 2.0581673
vt -23.5872165 2.1657444
vt -23.5236776 2.2733216
vt -23.4601387 2.3808987
vt -24.1694498 2.6547377
vt -23.9788331 2.9774691
vt -24.0423720 2.8698920
vt -23.3330609 2.5960529
vt -23.2059831 2.8112072
vt -23.1424442 2.9187843
vt -23.8517553 3.1926233
vt -23.7246775 3.4077776
vt -23.7882164 3.3002004
vt -23.0789053 3.0263614
vt -23.6580357 3.5205133
vt -23.6611386 3.5153547
vt -23.0168972 3.1313468
vt -23.5842535 3.6403352
vt -23.5928001 3.6270205
vt -22.9573668 3.2285396
vt -23.5145598 3.7440310
vt -23.4448660 3.8477268
vt -22.9999705 4.1502943
vt -23.0706236 4.1321455
vt -23.1880380 4.0894385
vt -23.3599825 3.9618571
vt -22.8834278 4.1683875
vt -22.6731071 4.1402879
vt -22.5590080 4.0893819
vt -22.6531780 3.3101359
vt -22.1895507 3.9092076
vt -22.2980519 3.9709863
vt -22.1851083 3.9066378
vt -21.6470870 3.5941936
vt -21.0494065 2.3818858
vt -20.9412635 2.3193148
vt -20.6738005 3.0310546
vt -20.5656575 2.9684836
vt -19.9167998 2.5930575
vt -19.5923709 2.4053445
vt -19.6435481 1.5684627
vt -19.5354052 1.5058917
vt -19.2679421 2.2176315
vt -18.9435132 2.0299185
vt -19.0516562 2.0924895
vt -19.3191193 1.3807497
vt -19.4272622 1.4433207
vt -18.8353703 1.9673475
vt -19.2109763 1.3181787
vt -19.1028334 1.2556077
vt -18.7272273 1.9047765
vt -18.6190844 1.8422055
vt -18.9946904 1.1930367
vt -18.8865475 1.1304657
vt -18.7784045 1.0678947
vt -18.5109414 1.7796345
vt -18.6702616 1.0053237
vt -18.4027985 1.7170635
vt -18.1865126 1.5919215
vt -17.6457978 1.2790664
vt -17.8051179 0.5047556
vt -17.4295119 1.1539244
vt -17.3213690 1.0913534
vt -17.4806891 0.3170426
vt -16.9969401 0.9036404
vt -17.1050831 0.9662114
vt -17.0481173 0.0667586
vt -16.6725113 0.7159274
vt -16.5643683 0.6533564
vt -16.2399395 0.4656434
vt -16.3992596 -0.3086674
vt -15.9155106 0.2779304
vt -16.0236536 0.3405014
vt -15.5612136 -0.7151316
vt -15.2931588 -0.0146699
vt -14.9430957 -0.1486330
vt -15.0597834 -0.1039787
vt -11.9710327 -0.5066500
vt -12.1399294 -1.2479893
vt -10.3496311 -0.6023132
vt -10.3938045 -1.3510112
vt -10.1001847 -0.6170306
vt -10.2249079 -0.6096719
vt -10.1443581 -1.3657286
vt -10.0196349 -1.3730873
vt -9.2271222 -0.6685416
vt -9.3518454 -0.6611829
vt -8.7724028 -1.4466744
vt -8.3982332 -1.4687506
vt -8.2735100 -1.4761093
vt -8.3540598 -0.7200525
vt -8.1487868 -1.4834680
vt -8.2293366 -0.7274113
vt -8.0240636 -1.4908267
vt -7.9798902 -0.7421287
vt -7.7304438 -0.7568461
vt -7.8551670 -0.7494874
vt -7.7746172 -1.5055441
vt -7.6498940 -1.5129028
vt -7.6057206 -0.7642048
vt -7.5251708 -1.5202615
vt -7.4809974 -0.7715635
vt -7.2315509 -0.7862809
vt -7.3562741 -0.7789222
vt -7.4004476 -1.5276202
vt -7.2757244 -1.5349789
vt -7.1510012 -1.5423377
vt -7.1068277 -0.7936396
vt -6.9821045 -0.8009984
vt -7.0262780 -1.5496964
vt -6.9015548 -1.5570551
vt -6.7768315 -1.5644138
vt -6.7326581 -0.8157158
vt -6.6079349 -0.8230745
vt -6.6521083 -1.5717725
vt -6.4026619 -1.5864899
vt -6.2779387 -1.5938486
vt -6.3584885 -0.8377919
vt -6.1532155 -1.6012073
vt -6.1090421 -0.8525093
vt -6.0284923 -1.6085660
vt -5.9037691 -1.6159247
vt -5.9843189 -0.8598680
vt -5.7790459 -1.6232835
vt -5.7348725 -0.8745854
vt -5.6543227 -1.6306422
vt -5.6101493 -0.8819442
vt -5.3607029 -0.8966616
vt -5.4854261 -0.8893029
vt -5.5295995 -1.6380009
vt -5.4048763 -1.6453596
vt -5.2801531 -1.6527183
vt -5.2359797 -0.9040203
vt -5.1554299 -1.6600770
vt -5.1112565 -0.9113790
vt -4.2489490 -1.4931733
vt -4.4529659 -0.7607205
vt -4.5661793 -0.8135669
vt -3.3631476 -0.8541113
vt -3.8321983 -0.0490412
vt -3.0900301 -0.1571442
vt -3.8404202 0.6169323
vt -3.8317428 0.4922939
vt -3.0922312 0.6690213
vt -3.8490975 0.7415707
vt -4.4594568 3.3029107
vt -3.7538620 3.5571468
vt -4.6288663 3.7730818
vt -4.5865139 3.6555391
vt -4.6712187 3.8906246
vt -3.9656239 4.1448607
vt -4.0079762 4.2624034
vt -4.7135711 4.0081674
vt -4.1773857 4.7325746
vt -4.1835462 4.7485224
vt -4.8800821 4.4702944
vt -4.2311704 4.8639120
vt -4.2368930 4.8770589
vt -4.2889389 4.9906425
vt -4.9217087 4.5711522
vt -4.3409849 5.1042262
vt -4.3906083 5.2125229
vt -5.0228136 4.7918008
vt -5.0795395 4.9160309
vt -5.0748595 4.9053844
vt -5.1280077 5.0311011
vt -4.4338524 5.3151905
vt -5.2211862 5.2793488
vt -5.1774188 5.1623255
vt -4.5170511 5.5376435
vt -5.2243914 5.2882600
vt -5.2651024 5.4060982
vt -4.5458163 5.6209045
vt -5.3212758 5.7141834
vt -5.2806762 5.4676235
vt -4.5812414 5.8360404
vt -4.6000669 5.9503669
vt -5.3415756 5.8374633
vt -4.6108320 6.0437159
vt -5.3608320 6.0221646
vt -5.3583630 5.9792039
vt -4.6108320 6.5136692
vt -5.3608320 6.5219250
vt -4.6061540 6.6198605
vt -5.3535178 6.6835178
vt -5.3549767 6.6630977
vt -5.2797059 7.4295156
vt -4.5333503 7.3556683
vt -5.2427999 7.8025146
vt -5.2551019 7.6781816
vt -4.4964444 7.7286672
vt -4.4876198 7.8178549
vt -5.1821522 8.1143343
vt -5.2170425 7.9958710
vt -5.1663735 8.1578116
vt -4.3065303 8.2547685
vt -4.8925812 8.7277354
vt -4.9672364 8.6161836
vt -4.8058075 8.8172729
vt -4.5528075 9.0557902
vt -4.6269766 8.9977516
vt -4.1343987 8.4293178
vt -4.4514904 9.1162593
vt -4.2943171 9.1676120
vt -4.1143657 8.4311963
vt -4.1409290 9.1808666
vt -4.1699228 9.1792769
vt -4.0570999 8.4321154
vt -3.9154495 9.1704373
vt -4.0173353 9.1828502
vt -3.6368098 9.0774988
vt -3.7489920 9.1232218
vt -3.4946798 8.9755062
vt -3.3312440 8.7864854
vt -3.8239168 8.2095938
vt -3.1597506 8.5762155
vt -3.2358937 8.6752602
vt -3.7548062 8.1196968
vt -3.1588394 8.5750254
vt -3.6822905 8.0245862
vt -3.0084310 8.3728092
vt -3.0776160 8.4683088
vt -2.5461149 8.0467358
vt -2.6581821 8.1019714
vt -1.6043741 7.0887123
vt -1.4800100 7.1006954
vt -1.5519429 7.8472379
vt -1.1317501 7.8157537
vt -1.2155248 7.8385875
vt -1.3708687 7.1035509
vt -1.0158217 7.7691635
vt -1.2954969 7.0732600
vt -0.7561350 7.6199750
vt -0.8998934 7.7225733
vt -1.2638776 7.0605525
vt -0.6762373 7.5276239
vt -1.2186508 6.9992609
vt -0.5819120 7.3980743
vt -0.6543994 7.4998368
vt -0.4783276 7.1599610
vt -0.3889199 6.7314788
vt -0.3685567 6.4824297
vt -1.1058807 6.2967864
vt -0.3583752 6.3579051
vt -0.1649252 3.9919387
vt -0.1751068 4.1164632
vt -0.8850432 3.6614682
vt -0.1416613 3.7609386
vt -0.7994465 3.0426597
vt -0.0736397 3.2691867
vt -0.0051624 2.7741399
vt -0.0222817 2.8979016
vt -0.7480885 2.6713746
vt -0.6111338 1.6812811
vt 0.1831504 1.4127613
vt 0.0498382 -3.2696361
vt 0.0660561 -3.3935192
vt 0.7934928 -3.1722821
vt 0.5988779 -1.6856856
vt 0.5826600 -1.5618025
vt -0.1609946 -1.6591566
vt -0.1447767 -1.7830396
vt -0.1285588 -1.9069227
vt 0.6150958 -1.8095686
vt -0.1123409 -2.0308057
vt -0.0961230 -2.1546887
vt 0.6313137 -1.9334516
vt -0.0799051 -2.2785718
vt 0.6637496 -2.1812177
vt 0.6961854 -2.4289838
vt 0.6799675 -2.3051008
vt -0.0636872 -2.4024548
vt -0.0474693 -2.5263379
vt -0.0312514 -2.6502209
vt 0.7448391 -2.8006329
vt 0.7286212 -2.6767499
vt -0.0150335 -2.7741040
vt 0.0011844 -2.8979870
vt 0.0174024 -3.0218700
vt 0.0336203 -3.1457531
vt 0.7610570 -2.9245160
vt 0.7124033 -2.5528668
vt -0.1934304 -1.4113905
vt -0.1772125 -1.5352735
vt 0.5664421 -1.4379195
vt 0.8421465 -3.5439312
vt 0.8259286 -3.4200481
vt 0.0822740 -3.5174022
vt 0.8583644 -3.6678142
vt 0.0984919 -3.6412852
vt 0.1147098 -3.7651683
vt 0.8908002 -3.9155803
vt 0.8745823 -3.7916973
vt 0.1471456 -4.0129344
vt 0.9232360 -4.1633464
vt 0.9070181 -4.0394633
vt 0.1633635 -4.1368174
vt 0.9394539 -4.2872294
vt 0.1795814 -4.2607005
vt 0.1957993 -4.3845835
vt 0.2120172 -4.5084665
vt 0.9718897 -4.5349955
vt 0.9556718 -4.4111125
vt 0.9881076 -4.6588786
vt 0.2444530 -4.7562326
vt 0.2606709 -4.8801157
vt 1.0043255 -4.7827616
vt 0.2768888 -5.0039987
vt 0.2931067 -5.1278818
vt 1.0205434 -4.9066446
vt 1.0529792 -5.1544107
vt 1.0367613 -5.0305277
vt 0.3093246 -5.2517648
vt 1.0691971 -5.2782938
vt 0.3254416 -5.3748774
vt 1.0850991 -5.4037771
vt 1.0693956 -5.2798350
vt 0.3403979 -5.4929220
vt 0.3521728 -5.6121142
vt 1.0985397 -5.5383813
vt 1.1108226 -5.6627162
vt 0.3644558 -5.7364491
vt 0.3767387 -5.8607840
vt 0.3987159 -6.0832495
vt 1.1491614 -6.0882338
vt 1.1370531 -6.2695848
vt 1.1440052 -6.2117058
vt 1.0609006 -6.5980676
vt 0.9857214 -6.7533368
vt 0.2195382 -6.5615213
vt 0.8496837 -6.9682418
vt 0.8520928 -6.9644849
vt 0.1530570 -6.6638532
vt 0.7808819 -7.0741415
vt 0.7816192 -7.0730110
vt 0.6439966 -7.2831930
vt 0.5071113 -7.4922445
vt 0.3702260 -7.7012960
vt -0.0404299 -8.3284504
vt 0.0280127 -8.2239247
vt -0.6637289 -7.9112504
vt -0.7314140 -8.0060203
vt -0.1216031 -8.4426340
vt -0.1226324 -8.4440680
vt -0.2933991 -8.6390648
vt -0.1957246 -8.5453969
vt -0.7637443 -8.0508404
vt -0.3951868 -8.7061944
vt -0.8081152 -8.0709360
vt -0.6728694 -8.8101592
vt -0.5816816 -8.7875043
vt -0.7969421 -8.8248557
vt -1.3599678 -8.8107486
vt -1.3592017 -8.8107890
vt -1.4847274 -8.8040379
vt -2.1088724 -8.7698297
vt -1.9841195 -8.7766672
vt -1.9430748 -8.0277911
vt -2.2336253 -8.7629922
vt -2.0678277 -8.0209536
vt -2.3583781 -8.7561547
vt -2.9410977 -7.9730911
vt -3.3564010 -8.7014546
vt -4.3706803 -8.6081434
vt -4.2464448 -8.6213932
vt -4.2911434 -7.8623728
vt -4.5396145 -7.8358732
vt -4.6638500 -7.8226234
vt -4.6191514 -8.5816438
vt -4.4153789 -7.8491230
vt -4.4949159 -8.5948936
vt -4.1669078 -7.8756226
vt -4.9918581 -8.5418944
vt -4.8676225 -8.5551442
vt -4.9123211 -7.7961237
vt -5.1160936 -8.5286446
vt -5.0365567 -7.7828739
vt -5.2403292 -8.5153948
vt -5.1607922 -7.7696241
vt -5.6577344 -7.7166249
vt -5.7372714 -8.4623956
vt -5.7819700 -7.7033751
vt -5.9062055 -7.6901253
vt -6.2789121 -7.6503759
vt -6.7758543 -7.5973766
vt -6.9938548 -7.5728953
vt -7.1585839 -8.3050308
vt -7.1082911 -8.3145572
vt -7.8419083 -8.0560245
vt -7.7350671 -8.1207932
vt -7.3706674 -7.4646477
vt -7.6843126 -8.1465133
vt -7.4531098 -7.4146699
vt -7.5187639 -7.3748694
vt -8.1101711 -7.8423771
vt -8.0234774 -7.9317214
vt -7.6332809 -7.2529860
vt -8.2313388 -7.7061743
vt -8.2018364 -7.7426773
vt -7.6633474 -7.2106124
vt -8.3025000 -7.6058849
vt -8.3469484 -7.5227758
vt -8.3915593 -7.4060715
vt -8.5387876 -6.9398258
vt -8.5250354 -7.0223007
vt -7.8093453 -6.5359152
vt -8.5593690 -6.5445584
vt -11.4790137 -5.5180922
vt -11.2721960 -6.2810906
vt -13.2270095 -5.4239019
vt -13.6012985 -5.4039522
vt -13.7260615 -5.3973023
vt -13.7659800 -6.1462392
vt -13.8907430 -6.1395893
vt -14.2650320 -6.1196396
vt -14.1003505 -5.3773526
vt -14.5145580 -6.1063398
vt -14.3897950 -6.1129897
vt -14.3498765 -5.3640528
vt -14.7640840 -6.0930401
vt -14.6393210 -6.0996899
vt -14.7241656 -5.3441031
vt -15.0136101 -6.0797403
vt -15.4727436 -5.3042038
vt -15.7222696 -5.2909040
vt -15.7621881 -6.0398409
vt -16.0117141 -6.0265411
vt -15.8869511 -6.0331910
vt -15.8470326 -5.2842541
vt -16.0965586 -5.2709543
vt -16.2213216 -5.2643044
vt -16.1364771 -6.0198912
vt -16.4708476 -5.2510046
vt -16.5956106 -5.2443547
vt -16.5107661 -5.9999415
vt -16.7203736 -5.2377048
vt -16.6355291 -5.9932916
vt -16.8451366 -5.2310549
vt -16.7602921 -5.9866418
vt -17.0098181 -5.9733420
vt -16.8850551 -5.9799919
vt -16.9698996 -5.2244050
vt -17.0946626 -5.2177552
vt -17.2194256 -5.2111053
vt -17.1345811 -5.9666921
vt -17.2593441 -5.9600422
vt -17.6336331 -5.9400925
vt -17.5088701 -5.9467424
vt -17.5937147 -5.1911556
vt -17.8432407 -5.1778558
vt -17.9680037 -5.1712059
vt -17.8831592 -5.9267927
vt -18.0927667 -5.1645560
vt -18.8352102 -5.1249836
vt -18.1326852 -5.9134929
vt -18.8935182 -5.8727389
vt -18.8812632 -5.8735936
vt -18.9474425 -5.1153066
vt -19.0654680 -5.1012614
vt -19.1540936 -5.8460066
vt -19.1895327 -5.0864975
vt -19.3135974 -5.0717336
vt -19.4022231 -5.8164789
vt -19.2781583 -5.8312428
vt -19.8033716 -5.7675876
vt -19.7744173 -5.7721873
vt -19.6712245 -5.0291756
vt -19.9255794 -5.7432416
vt -20.0709011 -5.7047922
vt -19.9503019 -5.7374397
vt -19.7665857 -5.0101779
vt -20.2185573 -4.8878242
vt -20.4684399 -5.5952227
vt -20.4326987 -5.6068496
vt -20.5846068 -5.5508804
vt -20.6174140 -5.5365274
vt -20.8021815 -4.6078698
vt -21.2545030 -5.2079442
vt -21.1771310 -5.2590971
vt -20.8596294 -4.5586765
vt -21.3528431 -5.1236950
vt -21.3492539 -5.1268081
vt -20.9517081 -4.4777842
vt -21.5405700 -4.9587746
vt -21.4467066 -5.0412348
vt -21.6344334 -4.8763144
vt -22.0098871 -4.5464735
vt -22.3853408 -4.2166327
vt -22.0780692 -3.4882617
vt -22.5730676 -4.0517122
vt -22.8546579 -3.8043316
vt -23.1362482 -3.5569510
vt -23.0423847 -3.6394112
vt -22.8289765 -2.8285800
vt -23.3239750 -3.3920306
vt -23.6822172 -2.0882161
vt -24.1692975 -2.6585255
vt -24.0742914 -2.7396667
vt -24.4543155 -2.4151021
vt -24.2643035 -2.5773844
vt -24.2522533 -1.6013693
vt -24.7393336 -2.1716787
vt -24.4485931 -1.4365896
vt -24.9236327 -2.0169731
vt -25.3362263 -1.2481940
vt -26.3813199 -2.5362499
vt -26.8771955 -4.3913331
vt -26.1412245 -4.5357570
vt -27.0647440 -9.3182753
vt -27.0407106 -9.1956685
vt -27.8007374 -9.1740058
vt -27.8247708 -9.2966126
vt -27.8728375 -9.5418262
vt -27.9209043 -9.7870398
vt -27.1368441 -9.6860956
vt -27.4492782 -11.2799839
vt -27.4252448 -11.1573771
vt -28.1852716 -11.1357144
vt -28.1372048 -10.8905009
vt -28.1612382 -11.0131077
vt -27.3050778 -10.5443432
vt -27.2810444 -10.4217364
vt -28.0410713 -10.4000737
vt -28.0170379 -10.2774669
vt -27.3531446 -10.7895567
vt -27.3291112 -10.6669500
vt -28.0891380 -10.6452873
vt -27.9449377 -9.9096466
vt -27.1849109 -9.9313092
vt -28.2573717 -11.5035348
vt -28.2814051 -11.6261416
vt -27.5213783 -11.6478043
vt -27.5694451 -11.8930178
vt -27.5454117 -11.7704111
vt -28.3054385 -11.7487484
vt -28.3294719 -11.8713552
vt -28.3775387 -12.1165688
vt -28.4015721 -12.2391755
vt -27.6415453 -12.2608382
vt -28.4256055 -12.3617823
vt -28.4496389 -12.4843891
vt -27.7136454 -12.6286586
vt -27.7617122 -12.8738722
vt -27.7376788 -12.7512654
vt -28.4736722 -12.6069959
vt -27.7857456 -12.9964790
vt -28.5217390 -12.8522095
vt -28.5457724 -12.9748163
vt -27.8097790 -13.1190857
vt -28.5698058 -13.0974231
vt -28.5938392 -13.2200299
vt -27.8578458 -13.3642993
vt -28.6178726 -13.3426366
vt -28.6659393 -13.5878502
vt -27.9299459 -13.7321197
vt -27.9539793 -13.8547265
vt -28.6899727 -13.7104570
vt -28.7054727 -13.7895305
vt -28.0050016 -14.0612071
vt -27.9780127 -13.9773333
vt -28.7580253 -13.8815619
vt -28.7992197 -13.9228428
vt -28.2893687 -14.4736956
vt -28.3345017 -14.5122697
vt -28.8315878 -13.9463417
vt -28.6483908 -14.6767743
vt -28.5323262 -14.6362587
vt -28.4356069 -14.5856711
vt -28.9306774 -13.9737288
vt -29.0270101 -14.7217923
vt -28.9021001 -14.7245382
vt -28.8130268 -14.7158136
vt -29.1532061 -14.7185556
vt -29.0283906 -14.7217594
vt -29.0384045 -13.9712553
vt -29.2847348 -14.6911001
vt -29.5536578 -14.5289966
vt -29.4004491 -14.6440874
vt -29.1956873 -13.7719797
vt -29.7887926 -14.2310350
vt -29.7858767 -14.2347779
vt -29.2656067 -13.6810503
vt -29.8649317 -14.1320168
vt -29.9461737 -14.0172690
vt -29.8742158 -14.1194066
vt -30.1925115 -13.6499886
vt -30.1653379 -13.6989126
vt -30.3485528 -13.3118132
vt -30.2972039 -13.4230974
vt -31.2421887 -11.5604687
vt -31.3339486 -11.4756740
vt -31.7512008 -12.1112923
vt -31.8429607 -12.0264976
vt -32.0264806 -11.8569082
vt -31.9347207 -11.9417029
vt -31.4257086 -11.3908793
vt -31.5174685 -11.3060846
vt -32.2159631 -11.6810550
vt -32.2106881 -11.6860616
vt -31.6970148 -11.1395701
vt -31.6087278 -11.2217526
vt -32.1192403 -11.7711864
vt -31.9550521 -10.8898608
vt -32.0154652 -10.8233327
vt -32.5021478 -11.4030204
vt -32.5858161 -11.3108833
vt -32.6862910 -11.1740308
vt -32.6139537 -11.2759001
vt -32.7863085 -11.0266455
vt -32.7586284 -11.0721616
vt -32.1316593 -10.6597021
vt -32.8689637 -10.8515255
vt -32.8427166 -10.9170394
vt -32.1596281 -10.6053561
vt -32.9043087 -10.7316891
vt -33.0103439 -10.3721800
vt -32.3263704 -10.0141668
vt -33.0748691 -10.0791164
vt -33.0570370 -10.2006827
vt -33.0773253 -9.9910250
vt -32.3094809 -9.8267995
vt -33.0275475 -9.5851652
vt -33.0501756 -9.7077467
vt -32.3188257 -10.0656010
vt -33.0456889 -10.2523436
vt -32.2703314 -9.6401222
vt -32.9949561 -9.4453463
vt -33.0237111 -9.5669324
vt -32.9388598 -9.2853856
vt -32.9818293 -9.4018169
vt -34.1655134 -7.6851273
vt -35.3082633 -7.0669465
vt -33.9928428 -5.6314264
vt -34.7085319 -5.3747181
vt -32.1868626 -8.8800689
vt -32.1439007 -8.9797261
vt -31.1523995 -12.6046923
vt -29.9884489 -12.5866457
vt -30.0808551 -12.5028003
vt -29.6685502 -12.9954240
vt -30.0968560 -13.8030545
vt -29.4735070 -13.3859548
vt -27.7046038 -8.6835787
vt -27.6565371 -8.4383651
vt -26.5635981 -6.7411854
vt -27.1592058 -5.8638528
vt -26.2580870 -5.1459558
vt -26.2110853 -4.9005358
vt -26.8485162 -4.2551148
vt -26.6232514 -3.2813091
vt -26.7358838 -3.7682119
vt -25.4413508 -2.1340252
vt -25.9395347 -1.5732479
vt -26.1783248 -1.9208242
vt -25.2906989 -2.0205976
vt -24.4528817 -1.4331058
vt -23.5872112 -2.1693573
vt -23.7772232 -2.0070750
vt -21.7026155 -3.8181025
vt -21.4210252 -4.0654832
vt -19.5617269 -5.0422059
vt -14.8888470 -6.0863902
vt -14.2251135 -5.3707027
vt -13.1022465 -5.4305517
vt -12.6031945 -5.4571513
vt -11.8543056 -5.4970674
vt -10.7305866 -5.5607297
vt -10.2316353 -5.5891548
vt -9.9000798 -6.3592595
vt -9.6079461 -5.6246861
vt -8.9968834 -5.6515707
vt -8.7717653 -6.4067899
vt -7.8746611 -5.9804002
vt -5.4092633 -7.7431245
vt -3.6209127 -8.6866547
vt -3.5573478 -7.9393153
vt -3.1906034 -7.9594160
vt -2.9821425 -8.7219671
vt -0.3885824 0.0723791
vt 0.0461957 2.4028548
vt -0.4073642 6.8738247
vt -0.4159601 6.9179891
vt -1.1478489 6.7526207
vt -0.8858962 3.6680654
vt -0.9226123 4.0553445
vt -1.0142465 5.1760654
vt -1.0244281 5.3005900
vt -1.0651544 5.7986882
vt -0.3278304 5.9843315
vt -1.0956991 6.1722618
vt -0.3481936 6.2333806
vt -0.3909449 6.7503512
vt -2.1521547 7.8817507
vt -2.4340477 7.9915002
vt -2.8776871 7.3740101
vt -3.1387750 7.5053735
vt -3.6116820 7.9271217
vt -5.0668049 8.3869976
vt -4.3291331 8.2027416
vt -5.3043098 7.1808497
vt -3.3489836 2.3161527
vt -3.2308530 1.7027231
vt -3.3017314 2.0707808
vt -3.1009086 0.7936597
vt -4.1080873 2.2918686
vt -3.3747348 2.4490995
vt -3.1832647 -0.5252763
vt -3.1510924 -0.4462277
vt -4.8121014 -1.6587812
vt -8.8529526 -0.6906177
vt -9.3960189 -1.4098809
vt -9.7701885 -1.3878048
vt -10.8926973 -1.3215764
vt -10.7679741 -1.3289351
vt -10.8485239 -0.5728784
vt -13.1377150 -1.1891196
vt -13.4677112 -0.4183455
vt -13.5118846 -1.1670435
vt -14.0107774 -1.1376086
vt -14.4116964 -0.3063686
vt -14.3034492 -1.0894540
vt -14.7947511 -0.9978954
vt -13.5924344 -0.4109868
vt -13.6366078 -1.1596848
vt -19.7516911 1.6310337
vt -21.4819783 2.6321698
vt -21.4308011 3.4690516
vt -21.8064071 2.8198828
vt -22.3471219 3.1327378
vt -24.8713700 1.4559040
vt -24.2639986 0.9964127
vt -25.3297626 0.5587615
vt -25.1192397 -0.6751366
vt -28.3488925 1.3201065
vt -28.7785855 2.5675058
vt -29.1721790 1.9290827
vt -29.7180788 1.8413799
vt -31.3754752 -0.9390477
vt -31.8484759 -0.2467612
vt -32.5302268 -3.0133222
vt -33.0788265 -3.9953241
vt -33.3679747 -2.9751014
vt -33.2461059 -2.7569544
vt -33.8554500 -3.8476893
vt -34.1770285 -5.9610998
vt -31.8616280 -1.8123731
vt -31.6661686 0.0807358
vt -31.5446304 0.2990671
vt -29.4738070 1.9842164
vt -29.3759048 2.7686622
vt -29.4984174 2.7441535
vt -29.3512944 2.0087252
vt -26.5127597 0.4814334
vt -24.1059109 2.7623148
vt -24.3600665 2.3320064
vt -23.9152942 3.0850462
vt -23.2695220 2.7036301
vt -23.4337565 3.8633760
vt -22.3308098 3.9875698
vt -19.3760850 2.2802025
vt -17.8620837 1.4042085
vt -15.6779012 -0.6704772
vt -15.4098465 0.0299845
vt -10.2690813 -1.3583699
vt -9.9754614 -0.6243893
vt -8.5229564 -1.4613918
vt -8.1046134 -0.7347700
vt -7.8993404 -1.4981854
vt -6.8573813 -0.8083571
vt -6.2337653 -0.8451506
vt -5.8595957 -0.8672267
vt -3.9232715 4.0273179
vt -4.1350333 4.6150318
vt -4.9707676 4.6782171
vt -4.4749426 5.4250556
vt -5.3604687 6.5384286
vt -4.5087463 7.6043342
vt -5.2304979 7.9268475
vt -5.0170206 8.5015906
vt -3.7946612 9.1384966
vt -3.2495261 8.6919751
vt -3.0830881 8.4756710
vt -1.2550037 7.0502955
vt -0.9531570 4.4289181
vt -0.9008125 3.7920694
vt 0.0119570 2.6503782
vt -0.7309692 2.5476129
vt 0.6475316 -2.0573347
vt 0.7772749 -3.0483990
vt 0.8097107 -3.2961651
vt 0.1309277 -3.8890513
vt 1.0862567 -5.4140464
vt 1.1231055 -5.7870510
vt 1.1476714 -6.0357208
vt 1.0880595 -6.5146149
vt 0.9189071 -6.8589108
vt -0.0489956 -8.3409718
vt -0.7744929 -8.0579291
vt -0.4663463 -8.7428866
vt -2.8163449 -7.9799286
vt -4.0426723 -7.8888724
vt -4.7880856 -7.8093735
vt -5.8615069 -8.4491458
vt -6.3584491 -8.3961465
vt -6.9843404 -8.3293646
vt -7.5701060 -8.1938728
vt -7.9487496 -7.9912558
vt -7.5682620 -7.3238579
vt -8.1173739 -7.8347431
vt -8.4912115 -7.1412964
vt -8.5588334 -6.5655419
vt -13.6412170 -6.1528891
vt -13.5164540 -6.1595390
vt -13.4765355 -5.4106021
vt -14.4746395 -5.3574029
vt -15.5126621 -6.0531407
vt -15.9717956 -5.2776042
vt -17.3441886 -5.2044554
vt -17.4689517 -5.1978055
vt -18.0079222 -5.9201428
vt -19.0179303 -5.8620116
vt -19.8749220 -4.9808500
vt -21.9160237 -4.6289337
vt -21.7964789 -3.7356423
vt -22.2914774 -4.2990929
vt -27.0887773 -9.4408821
vt -27.4973449 -11.5251975
vt -27.4733115 -11.4025907
vt -28.2093050 -11.2583212
vt -27.4012114 -11.0347703
vt -28.0651046 -10.5226805
vt -27.2089443 -10.0539160
vt -28.2333384 -11.3809280
vt -27.5934785 -12.0156246
vt -27.6896120 -12.5060518
vt -28.4977056 -12.7296027
vt -27.8338124 -13.2416925
vt -28.8745527 -13.9613399
vt -28.6911500 -14.6889105
vt -28.2019430 -14.3860863
vt -29.0098360 -13.9719886
vt -29.6310641 -14.4309237
vt -29.7084704 -14.3328508
vt -30.0900894 -13.8129937
vt -29.3330542 -13.5853147
vt -30.0181315 -13.9151313
vt -32.1182406 -11.7721135
vt -32.4853120 -11.4203992
vt -32.3955290 -11.5072844
vt -32.0747826 -10.7397988
vt -33.0661085 -9.8665895
vt -32.2917000 -9.7304763
vt -34.0154925 -8.7215771
vt -34.0240276 -8.7157659
vt -34.0859592 -7.7551528
vt -30.4885691 -12.1754263
vt -25.6297988 -2.6516883
vt -24.9636344 -1.2196545
vt -22.1976139 -4.3815531
vt -21.0455715 -4.3953240
vt -12.6431130 -6.2060882
vt -8.7312006 -5.6578455
vt -7.8090845 -6.4305432
vt -6.4031477 -7.6371261
vt -3.7942012 -7.9153720
vt -4.1222093 -8.6346430
vt -3.6059068 -8.6877795
vt -0.3176489 5.8598069
vt -0.0565204 3.1454250
vt -3.5421002 2.9694329
vt -4.2053426 2.5976540
vt -3.8143881 0.2430171
vt -3.9611718 -0.3845615
vt -10.7238007 -0.5802371
vt -14.1660455 -0.3521479
vt -16.9399743 0.0041876
vt -19.7005139 2.4679155
vt -24.6618637 0.2175708
vt -31.6793207 -1.4848761
vt -32.4694058 -2.9041855
vt -30.7070150 0.2617747
vt -30.1009457 1.3575874
vt -29.0690103 1.8654783
vt -28.6722326 2.5019384
vt -28.5683532 1.5217027
vt -21.1575494 2.4444568
vt -19.1597991 2.1550605
vt -18.2946555 1.6544925
vt -16.3480824 0.5282144
vt -15.5265341 0.0746389
vt -8.4787830 -0.7126938
vt -4.8406282 4.3607957
vt -4.5210483 7.4800013
vt -4.0097230 8.4195873
vt -1.3355494 7.8567353
vt -1.4018143 7.1082299
vt -0.2769225 5.3617087
vt 0.5502242 -1.3140364
vt 0.3890216 -5.9851188
vt 1.1353885 -5.9113859
vt -2.8573896 -8.7288046
vt -4.7433870 -8.5683940
vt -6.6516188 -7.6106264
vt -6.7311557 -8.3563971
vt -7.7743125 -6.9203223
vt -8.4807811 -7.1726629
vt -13.8508245 -5.3906524
vt -17.3841071 -5.9533923
vt -19.0300289 -5.8607705
vt -20.1915003 -5.6721446
vt -20.8413008 -5.4255553
vt -26.5763385 -3.1297298
vt -27.2570111 -10.2991296
vt -27.9930045 -10.1548601
vt -27.1128107 -9.5634889
vt -27.8488042 -9.4192194
vt -27.6655787 -12.3834450
vt -27.8818791 -13.4869061
vt -29.1197508 -13.8681903
vt -31.7841845 -11.0552137
vt -32.3057461 -11.5941697
vt -33.0548918 -9.7421539
vt -34.5672714 -8.3306508
vt -34.5376215 -8.3542025
vt -35.3247725 -6.9162333
vt -32.5654955 -8.5811890
vt -30.6647589 -12.9951502
vt -25.5127877 -2.2956003
vt -25.1051559 -1.9685488
vt -8.7470656 -5.6571546
vt -2.1925805 -8.0141161
vt -3.1836008 1.4573512
vt -3.3726097 2.4388386
vt -3.1080386 -0.2807796
vt -20.8900864 3.1561966
vt -21.2656924 2.5070278
vt -24.8323773 -0.1162186
vt -27.2887792 1.2951939
vt -27.8315462 0.7775995
vt -32.2130905 -0.9017553
vt -33.4444330 -4.6497650
vt -34.0991877 -4.2839832
vt -30.5854768 0.4801060
vt -28.6708671 1.5931236
vt -22.8920868 3.3256682
vt -20.0761199 1.8187467
vt -5.1336515 5.0453023
vt -4.5702563 6.9826694
vt -1.4275788 7.8592209
vt -0.5994425 -7.8130719
vt -0.9558764 -8.8305325
vt -2.6915920 -7.9867661
vt -6.5273832 -7.6238763
vt -12.8926390 -6.1927885
vt -28.1567624 -14.3312900
vt -31.8739675 -10.9683284
vt -34.4360383 -8.4268408
vt -35.3226346 -6.9430314
vt -26.9946998 -5.0048830
vt 0.2687471 0.7939528
vt 0.2173890 1.1652379
vt -1.0549728 5.6741636
vt -3.4997478 2.8518901
vt -20.7819434 3.0936256
vt -30.1157419 2.4925802
vt -23.3965998 2.4884758
vt -5.2674039 7.5538486
vt 0.0964554 -8.1193989
vt -6.6069202 -8.3696469
vt -7.5212360 -8.2103014
vt -7.3066854 -7.4911799
vt -31.1589673 -11.6373730
vt -32.9252644 -9.2510222
vt -12.3536685 -5.4704511
vt -4.1629903 2.4801112
vt -32.7600125 -1.8842463
vt 0.2282351 -4.6323496
vt -7.4003520 -8.2418778
vt -31.6594409 -12.1960870
vt -34.5457171 -7.0877874
vt -30.6836253 -12.0192431
vt -27.0182007 -5.1275930
vt 0.2345084 1.0414762
vt -3.8985780 8.2959428
vt -13.2182648 -0.4330629
vt -2.8938371 8.2549960
vt -1.6763070 7.8352548
vt -14.5994025 -5.3507530
vt -31.6418914 -12.2113238
vt -32.8012912 -8.5007580
vt -13.0935416 -0.4404216
vt -32.1047045 -2.2490358
vt -4.7982758 4.2432530
vt -14.8489286 -5.3374532
vt -16.2612401 -6.0132413
vt -23.6994287 -3.0621897
vt -31.5450814 -12.2902499
vt -29.4050121 -13.4831771
vt -31.1323987 -0.5023850
vt -4.0926810 4.4974890
vt -31.0724484 -11.7079091
vt -33.3988387 -9.0888759
vt -1.9371794 7.0661164
vt -1.8531023 7.0647462
vt -4.3747521 3.0678252
vt -4.0503286 4.3799462
vt -0.2258662 -1.1636244
vt -31.5425119 -12.2923259
vt -1.7287382 7.0767292
vt -33.5907442 -8.9954537
vt -1.8006711 7.8232717
vt -15.3479806 -5.3108537
vt -33.6960062 -8.9281489
vt -29.8086193 1.7577296
vt -15.3878991 -6.0597906
vt -33.2919836 -8.2962741
vt -29.0423445 -13.9662632
vt -0.2907378 -0.6680922
vt -30.2258050 2.3933916
vt -32.3191371 -9.9339222
vt -31.4449838 -12.3704175
vt -30.9762096 -11.7849683
vt -25.2729247 0.6700247
vt -28.0870511 -14.2282203
vt -24.8122126 1.5658912
vt -28.7257345 -13.8338193
vt -28.0566668 -14.1741383
vt -25.2025893 -1.9861921
vt -25.2132856 -1.2259319
vt -10.6432509 -1.3362938
vt -23.9792854 -2.8208078
vt -4.8344083 -0.8987730
vt -4.1863359 -0.6092221
vt -15.2232176 -5.3175036
vt -3.8155998 0.0649141
vt -3.0720215 -0.0335088
vt -3.0697082 -0.0140883
vt -3.8577749 0.8662091
vt -6.4826846 -8.3828967
vt -4.7559234 4.1257102
vt -5.3440894 5.8554311
vt -2.7326367 -8.7356421
vt -1.5688162 -8.0483037
vt -0.8679805 -8.0780271
vt -4.2686892 8.2938149
vt -0.8314228 -8.8273354
vt -4.8028728 8.8202674
vt -4.7149247 8.9090095
vt -4.1822168 8.3810680
vt -0.5309998 -7.7085462
vt 0.2851591 -6.4578329
vt -0.5394087 7.3203817
vt -0.4935222 7.2062386
vt 0.4691347 -0.6946212
vn 0 0 1
f 1/1/1 2/2/1 3/3/1
f 4/4/1 5/5/1 6/6/1
f 7/7/1 6/6/1 5/5/1
f 5/5/1 8/8/1 9/9/1
f 8/8/1 10/10/1 11/11/1
f 12/12/1 13/13/1 14/14/1
f 15/15/1 16/16/1 17/17/1
f 18/18/1 19/19/1 20/20/1
f 21/21/1 22/22/1 18/18/1
f 20/20/1 21/21/1 18/18/1
f 23/23/1 20/20/1 24/24/1
f 24/24/1 25/25/1 26/26/1
f 27/27/1 28/28/1 25/25/1
f 29/29/1 30/30/1 31/31/1
f 32/32/1 33/33/1 34/34/1
f 35/35/1 36/36/1 37/37/1
f 38/38/1 37/37/1 39/39/1
f 40/40/1 41/41/1 42/42/1
f 43/43/1 42/42/1 44/44/1
f 43/43/1 44/44/1 45/45/1
f 46/46/1 47/47/1 48/48/1
f 49/49/1 50/50/1 51/51/1
f 52/52/1 53/53/1 54/54/1
f 55/55/1 56/56/1 57/57/1
f 58/58/1 27/27/1 59/59/1
f 3/3/1 60/60/1 1/1/1
f 61/61/1 62/62/1 63/63/1
f 64/64/1 65/65/1 66/66/1
f 67/67/1 68/68/1 69/69/1
f 67/67/1 70/70/1 71/71/1
f 71/71/1 70/70/1 72/72/1
f 73/73/1 74/74/1 75/75/1
f 76/76/1 77/77/1 78/78/1
f 79/79/1 80/80/1 81/81/1
f 82/82/1 83/83/1 84/84/1
f 85/85/1 86/86/1 87/87/1
f 88/88/1 89/89/1 90/90/1
f 88/88/1 90/90/1 91/91/1
f 92/92/1 93/93/1 94/94/1
f 95/95/1 96/96/1 92/92/1
f 97/97/1 92/92/1 96/96/1
f 98/98/1 97/97/1 96/96/1
f 96/96/1 99/99/1 98/98/1
f 86/86/1 100/100/1 101/101/1
f 102/102/1 101/101/1 103/103/1
f 81/81/1 104/104/1 79/79/1
f 105/105/1 106/106/1 107/107/1
f 108/108/1 105/105/1 109/109/1
f 110/110/1 111/111/1 112/112/1
f 111/111/1 113/113/1 112/112/1
f 113/113/1 114/114/1 115/115/1
f 114/114/1 116/116/1 117/117/1
f 118/118/1 119/119/1 120/120/1
f 121/121/1 122/122/1 118/118/1
f 123/123/1 124/124/1 122/122/1
f 125/125/1 126/126/1 123/123/1
f 127/127/1 128/128/1 129/129/1
f 130/130/1 129/129/1 131/131/1
f 132/132/1 133/133/1 134/134/1
f 135/135/1 136/136/1 137/137/1
f 136/136/1 138/138/1 139/139/1
f 140/140/1 139/139/1 141/141/1
f 141/141/1 142/142/1 143/143/1
f 144/144/1 145/145/1 146/146/1
f 147/147/1 148/148/1 144/144/1
f 149/149/1 150/150/1 151/151/1
f 152/152/1 153/153/1 154/154/1
f 154/154/1 155/155/1 156/156/1
f 157/157/1 158/158/1 159/159/1
f 160/160/1 161/161/1 162/162/1
f 158/158/1 163/163/1 164/164/1
f 162/162/1 165/165/1 160/160/1
f 166/166/1 167/167/1 168/168/1
f 169/169/1 170/170/1 171/171/1
f 172/172/1 173/173/1 169/169/1
f 174/174/1 175/175/1 176/176/1
f 177/177/1 174/174/1 178/178/1
f 179/179/1 180/180/1 181/181/1
f 179/179/1 181/181/1 182/182/1
f 183/183/1 184/184/1 185/185/1
f 183/183/1 186/186/1 184/184/1
f 187/187/1 188/188/1 189/189/1
f 189/189/1 190/190/1 187/187/1
f 191/191/1 192/192/1 193/193/1
f 194/194/1 193/193/1 192/192/1
f 195/195/1 194/194/1 196/196/1
f 196/196/1 197/197/1 195/195/1
f 198/198/1 199/199/1 191/191/1
f 200/200/1 201/201/1 202/202/1
f 203/203/1 204/204/1 205/205/1
f 206/206/1 207/207/1 208/208/1
f 209/209/1 210/210/1 207/207/1
f 209/209/1 211/211/1 210/210/1
f 212/212/1 213/213/1 214/214/1
f 215/215/1 216/216/1 217/217/1
f 218/218/1 219/219/1 220/220/1
f 221/221/1 222/222/1 223/223/1
f 224/224/1 225/225/1 226/226/1
f 227/227/1 228/228/1 229/229/1
f 230/230/1 231/231/1 232/232/1
f 233/233/1 234/234/1 235/235/1
f 236/236/1 237/237/1 238/238/1
f 239/239/1 240/240/1 241/241/1
f 242/242/1 243/243/1 244/244/1
f 245/245/1 246/246/1 247/247/1
f 248/248/1 247/247/1 246/246/1
f 249/249/1 250/250/1 251/251/1
f 252/252/1 253/253/1 254/254/1
f 255/255/1 256/256/1 257/257/1
f 258/258/1 259/259/1 260/260/1
f 261/261/1 262/262/1 263/263/1
f 262/262/1 264/264/1 265/265/1
f 266/266/1 267/267/1 268/268/1
f 269/269/1 270/270/1 266/266/1
f 271/271/1 272/272/1 273/273/1
f 274/274/1 275/275/1 276/276/1
f 277/277/1 278/278/1 279/279/1
f 280/280/1 281/281/1 282/282/1
f 283/283/1 284/284/1 280/280/1
f 285/285/1 286/286/1 287/287/1
f 286/286/1 288/288/1 289/289/1
f 288/288/1 290/290/1 291/291/1
f 292/292/1 291/291/1 293/293/1
f 294/294/1 292/292/1 293/293/1
f 295/295/1 296/296/1 297/297/1
f 296/296/1 298/298/1 299/299/1
f 298/298/1 300/300/1 301/301/1
f 302/302/1 303/303/1 301/301/1
f 304/304/1 305/305/1 306/306/1
f 305/305/1 307/307/1 308/308/1
f 309/309/1 310/310/1 311/311/1
f 312/312/1 309/309/1 313/313/1
f 314/314/1 315/315/1 313/313/1
f 313/313/1 316/316/1 317/317/1
f 317/317/1 316/316/1 318/318/1
f 313/313/1 319/319/1 320/320/1
f 313/313/1 321/321/1 319/319/1
f 322/322/1 323/323/1 324/324/1
f 325/325/1 326/326/1 327/327/1
f 328/328/1 329/329/1 330/330/1
f 331/331/1 332/332/1 333/333/1
f 334/334/1 335/335/1 336/336/1
f 337/337/1 338/338/1 334/334/1
f 339/339/1 340/340/1 341/341/1
f 342/342/1 343/343/1 344/344/1
f 343/343/1 345/345/1 344/344/1
f 346/346/1 347/347/1 348/348/1
f 349/349/1 350/350/1 351/351/1
f 352/352/1 353/353/1 354/354/1
f 355/355/1 352/352/1 356/356/1
f 357/357/1 358/358/1 359/359/1
f 359/359/1 360/360/1 357/357/1
f 361/361/1 362/362/1 363/363/1
f 364/364/1 365/365/1 366/366/1
f 366/366/1 367/367/1 368/368/1
f 369/369/1 370/370/1 371/371/1
f 371/371/1 372/372/1 369/369/1
f 373/373/1 374/374/1 375/375/1
f 376/376/1 377/377/1 378/378/1
f 379/379/1 380/380/1 381/381/1
f 382/382/1 383/383/1 384/384/1
f 385/385/1 386/386/1 387/387/1
f 388/388/1 389/389/1 390/390/1
f 391/391/1 392/392/1 393/393/1
f 394/394/1 395/395/1 396/396/1
f 397/397/1 396/396/1 398/398/1
f 398/398/1 399/399/1 400/400/1
f 399/399/1 401/401/1 402/402/1
f 401/401/1 403/403/1 402/402/1
f 404/404/1 405/405/1 406/406/1
f 405/405/1 407/407/1 408/408/1
f 409/409/1 408/408/1 410/410/1
f 411/411/1 412/412/1 413/413/1
f 414/414/1 415/415/1 416/416/1
f 417/417/1 418/418/1 419/419/1
f 420/420/1 421/421/1 422/422/1
f 423/423/1 424/424/1 425/425/1
f 424/424/1 426/426/1 427/427/1
f 428/428/1 429/429/1 430/430/1
f 431/431/1 432/432/1 433/433/1
f 434/434/1 431/431/1 433/433/1
f 435/435/1 436/436/1 437/437/1
f 438/438/1 439/439/1 440/440/1
f 441/441/1 442/442/1 443/443/1
f 444/444/1 445/445/1 446/446/1
f 447/447/1 448/448/1 449/449/1
f 450/450/1 451/451/1 452/452/1
f 453/453/1 454/454/1 455/455/1
f 456/456/1 457/457/1 458/458/1
f 459/459/1 460/460/1 461/461/1
f 461/461/1 462/462/1 459/459/1
f 463/463/1 459/459/1 462/462/1
f 462/462/1 456/456/1 458/458/1
f 464/464/1 450/450/1 465/465/1
f 448/448/1 466/466/1 467/467/1
f 468/468/1 469/469/1 470/470/1
f 442/442/1 471/471/1 443/443/1
f 472/472/1 440/440/1 439/439/1
f 473/473/1 474/474/1 475/475/1
f 476/476/1 477/477/1 478/478/1
f 479/479/1 480/480/1 481/481/1
f 482/482/1 481/481/1 483/483/1
f 480/480/1 483/483/1 481/481/1
f 484/484/1 479/479/1 485/485/1
f 486/486/1 487/487/1 488/488/1
f 488/488/1 489/489/1 486/486/1
f 490/490/1 491/491/1 492/492/1
f 493/493/1 494/494/1 495/495/1
f 496/496/1 497/497/1 498/498/1
f 496/496/1 498/498/1 499/499/1
f 500/500/1 501/501/1 502/502/1
f 500/500/1 503/503/1 501/501/1
f 500/500/1 502/502/1 497/497/1
f 504/504/1 505/505/1 506/506/1
f 507/507/1 508/508/1 509/509/1
f 507/507/1 510/510/1 508/508/1
f 511/511/1 512/512/1 513/513/1
f 514/514/1 515/515/1 516/516/1
f 515/515/1 517/517/1 518/518/1
f 519/519/1 520/520/1 521/521/1
f 522/522/1 523/523/1 524/524/1
f 525/525/1 526/526/1 527/527/1
f 526/526/1 528/528/1 529/529/1
f 523/523/1 530/530/1 531/531/1
f 532/532/1 533/533/1 534/534/1
f 535/535/1 532/532/1 534/534/1
f 536/536/1 537/537/1 538/538/1
f 539/539/1 540/540/1 541/541/1
f 542/542/1 543/543/1 544/544/1
f 545/545/1 546/546/1 547/547/1
f 548/548/1 547/547/1 546/546/1
f 547/547/1 549/549/1 545/545/1
f 550/550/1 539/539/1 541/541/1
f 551/551/1 552/552/1 553/553/1
f 554/554/1 555/555/1 556/556/1
f 553/553/1 557/557/1 558/558/1
f 554/554/1 556/556/1 557/557/1
f 540/540/1 559/559/1 552/552/1
f 560/560/1 561/561/1 562/562/1
f 560/560/1 563/563/1 561/561/1
f 564/564/1 565/565/1 566/566/1
f 567/567/1 568/568/1 569/569/1
f 565/565/1 569/569/1 568/568/1
f 570/570/1 571/571/1 572/572/1
f 573/573/1 572/572/1 571/571/1
f 571/571/1 574/574/1 573/573/1
f 575/575/1 576/576/1 577/577/1
f 575/575/1 578/578/1 579/579/1
f 580/580/1 581/581/1 582/582/1
f 583/583/1 584/584/1 585/585/1
f 583/583/1 586/586/1 584/584/1
f 587/587/1 588/588/1 589/589/1
f 590/590/1 591/591/1 592/592/1
f 593/593/1 594/594/1 591/591/1
f 595/595/1 596/596/1 597/597/1
f 598/598/1 599/599/1 600/600/1
f 601/601/1 602/602/1 603/603/1
f 604/604/1 605/605/1 606/606/1
f 607/607/1 608/608/1 604/604/1
f 608/608/1 609/609/1 610/610/1
f 611/611/1 612/612/1 613/613/1
f 614/614/1 615/615/1 616/616/1
f 617/617/1 618/618/1 615/615/1
f 619/619/1 620/620/1 621/621/1
f 622/622/1 623/623/1 624/624/1
f 625/625/1 626/626/1 627/627/1
f 628/628/1 629/629/1 630/630/1
f 631/631/1 632/632/1 633/633/1
f 634/634/1 635/635/1 636/636/1
f 637/637/1 638/638/1 634/634/1
f 639/639/1 640/640/1 638/638/1
f 641/641/1 642/642/1 643/643/1
f 642/642/1 644/644/1 645/645/1
f 646/646/1 647/647/1 648/648/1
f 649/649/1 650/650/1 651/651/1
f 652/652/1 653/653/1 654/654/1
f 655/655/1 656/656/1 657/657/1
f 658/658/1 659/659/1 660/660/1
f 661/661/1 660/660/1 659/659/1
f 662/662/1 663/663/1 664/664/1
f 665/665/1 666/666/1 667/667/1
f 666/666/1 668/668/1 669/669/1
f 670/670/1 671/671/1 668/668/1
f 672/672/1 673/673/1 674/674/1
f 660/660/1 675/675/1 658/658/1
f 676/676/1 677/677/1 678/678/1
f 679/679/1 680/680/1 681/681/1
f 679/679/1 682/682/1 680/680/1
f 679/679/1 681/681/1 683/683/1
f 684/684/1 685/685/1 686/686/1
f 651/651/1 687/687/1 649/649/1
f 688/688/1 689/689/1 690/690/1
f 691/691/1 692/692/1 693/693/1
f 694/694/1 695/695/1 696/696/1
f 697/697/1 698/698/1 699/699/1
f 700/700/1 701/701/1 702/702/1
f 703/703/1 704/704/1 705/705/1
f 706/706/1 707/707/1 708/708/1
f 709/709/1 706/706/1 710/710/1
f 710/710/1 711/711/1 712/712/1
f 711/711/1 713/713/1 714/714/1
f 715/715/1 714/714/1 716/716/1
f 717/717/1 718/718/1 719/719/1
f 718/718/1 720/720/1 721/721/1
f 722/722/1 721/721/1 723/723/1
f 724/724/1 725/725/1 726/726/1
f 727/727/1 724/724/1 728/728/1
f 729/729/1 730/730/1 731/731/1
f 730/730/1 732/732/1 733/733/1
f 734/734/1 735/735/1 732/732/1
f 732/732/1 736/736/1 734/734/1
f 737/737/1 738/738/1 739/739/1
f 740/740/1 741/741/1 742/742/1
f 743/743/1 744/744/1 745/745/1
f 744/744/1 746/746/1 747/747/1
f 748/748/1 749/749/1 750/750/1
f 751/751/1 752/752/1 753/753/1
f 754/754/1 755/755/1 756/756/1
f 757/757/1 758/758/1 759/759/1
f 760/760/1 761/761/1 762/762/1
f 763/763/1 764/764/1 761/761/1
f 765/765/1 766/766/1 763/763/1
f 767/767/1 768/768/1 766/766/1
f 766/766/1 769/769/1 767/767/1
f 770/770/1 771/771/1 769/769/1
f 772/772/1 773/773/1 769/769/1
f 773/773/1 772/772/1 774/774/1
f 769/769/1 775/775/1 776/776/1
f 769/769/1 777/777/1 778/778/1
f 769/769/1 779/779/1 780/780/1
f 769/769/1 781/781/1 782/782/1
f 783/783/1 784/784/1 785/785/1
f 786/786/1 787/787/1 788/788/1
f 789/789/1 790/790/1 791/791/1
f 792/792/1 793/793/1 794/794/1
f 795/795/1 796/796/1 797/797/1
f 798/798/1 799/799/1 800/800/1
f 801/801/1 802/802/1 803/803/1
f 804/804/1 805/805/1 806/806/1
f 807/807/1 808/808/1 809/809/1
f 810/810/1 811/811/1 812/812/1
f 813/813/1 814/814/1 815/815/1
f 816/816/1 817/817/1 818/818/1
f 819/819/1 820/820/1 821/821/1
f 822/822/1 823/823/1 824/824/1
f 824/824/1 825/825/1 822/822/1
f 825/825/1 826/826/1 822/822/1
f 827/827/1 828/828/1 820/820/1
f 829/829/1 819/819/1 821/821/1
f 830/830/1 831/831/1 832/832/1
f 831/831/1 833/833/1 834/834/1
f 835/835/1 836/836/1 837/837/1
f 838/838/1 839/839/1 840/840/1
f 841/841/1 838/838/1 842/842/1
f 843/843/1 844/844/1 841/841/1
f 845/845/1 841/841/1 844/844/1
f 846/846/1 847/847/1 848/848/1
f 849/849/1 850/850/1 851/851/1
f 852/852/1 853/853/1 854/854/1
f 855/855/1 856/856/1 857/857/1
f 858/858/1 855/855/1 859/859/1
f 859/859/1 860/860/1 858/858/1
f 861/861/1 858/858/1 862/862/1
f 863/863/1 864/864/1 865/865/1
f 864/864/1 866/866/1 867/867/1
f 868/868/1 869/869/1 870/870/1
f 871/871/1 872/872/1 873/873/1
f 874/874/1 875/875/1 876/876/1
f 877/877/1 878/878/1 879/879/1
f 880/880/1 52/52/1 881/881/1
f 882/882/1 883/883/1 884/884/1
f 885/885/1 886/886/1 883/883/1
f 50/50/1 49/49/1 887/887/1
f 50/50/1 887/887/1 888/888/1
f 47/47/1 46/46/1 889/889/1
f 42/42/1 43/43/1 890/890/1
f 891/891/1 38/38/1 39/39/1
f 878/878/1 877/877/1 892/892/1
f 893/893/1 874/874/1 894/894/1
f 895/895/1 896/896/1 897/897/1
f 897/897/1 898/898/1 895/895/1
f 899/899/1 835/835/1 900/900/1
f 901/901/1 902/902/1 903/903/1
f 904/904/1 900/900/1 835/835/1
f 833/833/1 901/901/1 834/834/1
f 905/905/1 906/906/1 907/907/1
f 908/908/1 909/909/1 910/910/1
f 911/911/1 912/912/1 913/913/1
f 914/914/1 915/915/1 916/916/1
f 917/917/1 918/918/1 919/919/1
f 920/920/1 917/917/1 921/921/1
f 921/921/1 922/922/1 923/923/1
f 924/924/1 923/923/1 925/925/1
f 926/926/1 927/927/1 928/928/1
f 929/929/1 928/928/1 930/930/1
f 931/931/1 932/932/1 929/929/1
f 933/933/1 934/934/1 932/932/1
f 935/935/1 933/933/1 936/936/1
f 937/937/1 938/938/1 939/939/1
f 940/940/1 941/941/1 938/938/1
f 942/942/1 943/943/1 944/944/1
f 942/942/1 817/817/1 943/943/1
f 945/945/1 946/946/1 947/947/1
f 948/948/1 949/949/1 950/950/1
f 950/950/1 951/951/1 948/948/1
f 947/947/1 946/946/1 951/951/1
f 811/811/1 952/952/1 953/953/1
f 811/811/1 953/953/1 954/954/1
f 811/811/1 810/810/1 952/952/1
f 808/808/1 955/955/1 956/956/1
f 808/808/1 957/957/1 955/955/1
f 958/958/1 959/959/1 802/802/1
f 802/802/1 801/801/1 960/960/1
f 803/803/1 961/961/1 801/801/1
f 962/962/1 963/963/1 964/964/1
f 965/965/1 966/966/1 967/967/1
f 968/968/1 969/969/1 798/798/1
f 970/970/1 971/971/1 972/972/1
f 973/973/1 974/974/1 795/795/1
f 975/975/1 976/976/1 977/977/1
f 978/978/1 979/979/1 792/792/1
f 787/787/1 980/980/1 789/789/1
f 981/981/1 982/982/1 786/786/1
f 983/983/1 984/984/1 985/985/1
f 986/986/1 987/987/1 783/783/1
f 988/988/1 740/740/1 989/989/1
f 989/989/1 990/990/1 988/988/1
f 991/991/1 992/992/1 993/993/1
f 994/994/1 995/995/1 992/992/1
f 996/996/1 997/997/1 994/994/1
f 998/998/1 999/999/1 1000/1000/1
f 1001/1001/1 1002/1002/1 998/998/1
f 1000/1000/1 1001/1001/1 998/998/1
f 1002/1002/1 1003/1003/1 1004/1004/1
f 1005/1005/1 1006/1006/1 1007/1007/1
f 1008/1008/1 1009/1009/1 1010/1010/1
f 1011/1011/1 1012/1012/1 1013/1013/1
f 1014/1014/1 1015/1015/1 1016/1016/1
f 1017/1017/1 1018/1018/1 1019/1019/1
f 1020/1020/1 1017/1017/1 1019/1019/1
f 1021/1021/1 1020/1020/1 738/738/1
f 1022/1022/1 1023/1023/1 738/738/1
f 738/738/1 1024/1024/1 1025/1025/1
f 1026/1026/1 1022/1022/1 738/738/1
f 738/738/1 1027/1027/1 1026/1026/1
f 738/738/1 737/737/1 1028/1028/1
f 1029/1029/1 1030/1030/1 1031/1031/1
f 736/736/1 1032/1032/1 1030/1030/1
f 1033/1033/1 728/728/1 724/724/1
f 1034/1034/1 1035/1035/1 1036/1036/1
f 716/716/1 1037/1037/1 1035/1035/1
f 1038/1038/1 710/710/1 706/706/1
f 705/705/1 1039/1039/1 703/703/1
f 1040/1040/1 1041/1041/1 1042/1042/1
f 1043/1043/1 1044/1044/1 1045/1045/1
f 1046/1046/1 1045/1045/1 1044/1044/1
f 1047/1047/1 1043/1043/1 1045/1045/1
f 1048/1048/1 1049/1049/1 1050/1050/1
f 1051/1051/1 1050/1050/1 1052/1052/1
f 1053/1053/1 1054/1054/1 1055/1055/1
f 1054/1054/1 1056/1056/1 1057/1057/1
f 701/701/1 700/700/1 1058/1058/1
f 695/695/1 1059/1059/1 697/697/1
f 1060/1060/1 1061/1061/1 694/694/1
f 692/692/1 691/691/1 1062/1062/1
f 1063/1063/1 1064/1064/1 1065/1065/1
f 1066/1066/1 1067/1067/1 688/688/1
f 653/653/1 652/652/1 1068/1068/1
f 685/685/1 684/684/1 1069/1069/1
f 1070/1070/1 1071/1071/1 1072/1072/1
f 1073/1073/1 655/655/1 1074/1074/1
f 673/673/1 1075/1075/1 1076/1076/1
f 674/674/1 670/670/1 672/672/1
f 643/643/1 639/639/1 641/641/1
f 1077/1077/1 631/631/1 1078/1078/1
f 1079/1079/1 611/611/1 613/613/1
f 613/613/1 1080/1080/1 1079/1079/1
f 1081/1081/1 1082/1082/1 1083/1083/1
f 1084/1084/1 610/610/1 609/609/1
f 1085/1085/1 1086/1086/1 601/601/1
f 1087/1087/1 597/597/1 596/596/1
f 1088/1088/1 1089/1089/1 1090/1090/1
f 1089/1089/1 1091/1091/1 1092/1092/1
f 1091/1091/1 1093/1093/1 1094/1094/1
f 1095/1095/1 1096/1096/1 1097/1097/1
f 1097/1097/1 1098/1098/1 1099/1099/1
f 1098/1098/1 1100/1100/1 1101/1101/1
f 1102/1102/1 1103/1103/1 1104/1104/1
f 1105/1105/1 1106/1106/1 1107/1107/1
f 1108/1108/1 1107/1107/1 1109/1109/1
f 1110/1110/1 1111/1111/1 1112/1112/1
f 1113/1113/1 1112/1112/1 1114/1114/1
f 1115/1115/1 1116/1116/1 1117/1117/1
f 1116/1116/1 1118/1118/1 1119/1119/1
f 1120/1120/1 1121/1121/1 1122/1122/1
f 1121/1121/1 1123/1123/1 1124/1124/1
f 1123/1123/1 1125/1125/1 1126/1126/1
f 1127/1127/1 1128/1128/1 1129/1129/1
f 1130/1130/1 1131/1131/1 1132/1132/1
f 1133/1133/1 593/593/1 1134/1134/1
f 1135/1135/1 1136/1136/1 1137/1137/1
f 572/572/1 1138/1138/1 570/570/1
f 1139/1139/1 564/564/1 1140/1140/1
f 538/538/1 1141/1141/1 1142/1142/1
f 1143/1143/1 1144/1144/1 1141/1141/1
f 527/527/1 1145/1145/1 1146/1146/1
f 1147/1147/1 1148/1148/1 528/528/1
f 1149/1149/1 1147/1147/1 1150/1150/1
f 1150/1150/1 1151/1151/1 1152/1152/1
f 1153/1153/1 1154/1154/1 1155/1155/1
f 1154/1154/1 1156/1156/1 1155/1155/1
f 1157/1157/1 1158/1158/1 1159/1159/1
f 1160/1160/1 1161/1161/1 1162/1162/1
f 1163/1163/1 1164/1164/1 1161/1161/1
f 1165/1165/1 1163/1163/1 1166/1166/1
f 1167/1167/1 1168/1168/1 1169/1169/1
f 1170/1170/1 1167/1167/1 1169/1169/1
f 1171/1171/1 1170/1170/1 1172/1172/1
f 1173/1173/1 1174/1174/1 1172/1172/1
f 1172/1172/1 1175/1175/1 1173/1173/1
f 1176/1176/1 1177/1177/1 1173/1173/1
f 1178/1178/1 1179/1179/1 1180/1180/1
f 1178/1178/1 1181/1181/1 1182/1182/1
f 1183/1183/1 1184/1184/1 1185/1185/1
f 1183/1183/1 517/517/1 1184/1184/1
f 1186/1186/1 513/513/1 1187/1187/1
f 1188/1188/1 1189/1189/1 1190/1190/1
f 1191/1191/1 1192/1192/1 1193/1193/1
f 510/510/1 1194/1194/1 1192/1192/1
f 1195/1195/1 1196/1196/1 1197/1197/1
f 1195/1195/1 1198/1198/1 1196/1196/1
f 1199/1199/1 1200/1200/1 1201/1201/1
f 1202/1202/1 1199/1199/1 1201/1201/1
f 1201/1201/1 1203/1203/1 1202/1202/1
f 1204/1204/1 1205/1205/1 1206/1206/1
f 1207/1207/1 1208/1208/1 1209/1209/1
f 505/505/1 1210/1210/1 1211/1211/1
f 505/505/1 1212/1212/1 1210/1210/1
f 506/506/1 1213/1213/1 504/504/1
f 1214/1214/1 1215/1215/1 1216/1216/1
f 1217/1217/1 1218/1218/1 1215/1215/1
f 1219/1219/1 1220/1220/1 1221/1221/1
f 495/495/1 1222/1222/1 1223/1223/1
f 1224/1224/1 1225/1225/1 1226/1226/1
f 1227/1227/1 1228/1228/1 1229/1229/1
f 1230/1230/1 1227/1227/1 1229/1229/1
f 1229/1229/1 1231/1231/1 1230/1230/1
f 1232/1232/1 1233/1233/1 1234/1234/1
f 1234/1234/1 1235/1235/1 1232/1232/1
f 1236/1236/1 1237/1237/1 1238/1238/1
f 475/475/1 1239/1239/1 473/473/1
f 443/443/1 1240/1240/1 441/441/1
f 1241/1241/1 443/443/1 471/471/1
f 471/471/1 1242/1242/1 1243/1243/1
f 452/452/1 465/465/1 450/450/1
f 460/460/1 455/455/1 454/454/1
f 1244/1244/1 1245/1245/1 444/444/1
f 1246/1246/1 438/438/1 1247/1247/1
f 436/436/1 1248/1248/1 1249/1249/1
f 1250/1250/1 1251/1251/1 1252/1252/1
f 432/432/1 430/430/1 429/429/1
f 1253/1253/1 425/425/1 424/424/1
f 421/421/1 417/417/1 1254/1254/1
f 1255/1255/1 1256/1256/1 1257/1257/1
f 1258/1258/1 1259/1259/1 1260/1260/1
f 1261/1261/1 1262/1262/1 1263/1263/1
f 1264/1264/1 1265/1265/1 1266/1266/1
f 1265/1265/1 1267/1267/1 1268/1268/1
f 1269/1269/1 1270/1270/1 1271/1271/1
f 1272/1272/1 1273/1273/1 1269/1269/1
f 1274/1274/1 1275/1275/1 1276/1276/1
f 1277/1277/1 1278/1278/1 1274/1274/1
f 1278/1278/1 1279/1279/1 1280/1280/1
f 1275/1275/1 1281/1281/1 1273/1273/1
f 1282/1282/1 1283/1283/1 1284/1284/1
f 1285/1285/1 1286/1286/1 1287/1287/1
f 1288/1288/1 1285/1285/1 1289/1289/1
f 1289/1289/1 1290/1290/1 1288/1288/1
f 1291/1291/1 1292/1292/1 1293/1293/1
f 1294/1294/1 1295/1295/1 1296/1296/1
f 1297/1297/1 1294/1294/1 1298/1298/1
f 1299/1299/1 1300/1300/1 1297/1297/1
f 1301/1301/1 1302/1302/1 1300/1300/1
f 1303/1303/1 1301/1301/1 1304/1304/1
f 1304/1304/1 1305/1305/1 1306/1306/1
f 1307/1307/1 1308/1308/1 1309/1309/1
f 1310/1310/1 1311/1311/1 1312/1312/1
f 1313/1313/1 1310/1310/1 1314/1314/1
f 1315/1315/1 1316/1316/1 1317/1317/1
f 1317/1317/1 1318/1318/1 1319/1319/1
f 1320/1320/1 1319/1319/1 1318/1318/1
f 1318/1318/1 1321/1321/1 1320/1320/1
f 1321/1321/1 1322/1322/1 1320/1320/1
f 1323/1323/1 386/386/1 1324/1324/1
f 386/386/1 1325/1325/1 1326/1326/1
f 386/386/1 385/385/1 1325/1325/1
f 383/383/1 382/382/1 1327/1327/1
f 384/384/1 1328/1328/1 382/382/1
f 1329/1329/1 1330/1330/1 1331/1331/1
f 1332/1332/1 1333/1333/1 1334/1334/1
f 380/380/1 379/379/1 1335/1335/1
f 377/377/1 376/376/1 1336/1336/1
f 374/374/1 373/373/1 1337/1337/1
f 1338/1338/1 1339/1339/1 1340/1340/1
f 1340/1340/1 1341/1341/1 1342/1342/1
f 1343/1343/1 1342/1342/1 1341/1341/1
f 1344/1344/1 1345/1345/1 1346/1346/1
f 1346/1346/1 1347/1347/1 1344/1344/1
f 1348/1348/1 1349/1349/1 1350/1350/1
f 1348/1348/1 1351/1351/1 1349/1349/1
f 1352/1352/1 1353/1353/1 365/365/1
f 362/362/1 1354/1354/1 363/363/1
f 1355/1355/1 1356/1356/1 1357/1357/1
f 1358/1358/1 1355/1355/1 1359/1359/1
f 356/356/1 1360/1360/1 355/355/1
f 1361/1361/1 351/351/1 350/350/1
f 348/348/1 1362/1362/1 346/346/1
f 1363/1363/1 1364/1364/1 1365/1365/1
f 1366/1366/1 1367/1367/1 1368/1368/1
f 1365/1365/1 1369/1369/1 1370/1370/1
f 1369/1369/1 1366/1366/1 1368/1368/1
f 1371/1371/1 1365/1365/1 1364/1364/1
f 1372/1372/1 1373/1373/1 1374/1374/1
f 1375/1375/1 1372/1372/1 1376/1376/1
f 1377/1377/1 1375/1375/1 1378/1378/1
f 341/341/1 1379/1379/1 1380/1380/1
f 1379/1379/1 1381/1381/1 1380/1380/1
f 1381/1381/1 1382/1382/1 338/338/1
f 335/335/1 1383/1383/1 336/336/1
f 1384/1384/1 333/333/1 332/332/1
f 1385/1385/1 330/330/1 1386/1386/1
f 1385/1385/1 1386/1386/1 1387/1387/1
f 1388/1388/1 1389/1389/1 1390/1390/1
f 1390/1390/1 1389/1389/1 1391/1391/1
f 1390/1390/1 1392/1392/1 1388/1388/1
f 1393/1393/1 1394/1394/1 1395/1395/1
f 1396/1396/1 1397/1397/1 1398/1398/1
f 1399/1399/1 1400/1400/1 1397/1397/1
f 1399/1399/1 1401/1401/1 1400/1400/1
f 326/326/1 325/325/1 1402/1402/1
f 323/323/1 322/322/1 1403/1403/1
f 323/323/1 1403/1403/1 1404/1404/1
f 1405/1405/1 313/313/1 1406/1406/1
f 278/278/1 1407/1407/1 275/275/1
f 1408/1408/1 282/282/1 277/277/1
f 289/289/1 287/287/1 286/286/1
f 264/264/1 268/268/1 267/267/1
f 1409/1409/1 254/254/1 253/253/1
f 1410/1410/1 1411/1411/1 1412/1412/1
f 250/250/1 1413/1413/1 251/251/1
f 1414/1414/1 249/249/1 1415/1415/1
f 1416/1416/1 1417/1417/1 1418/1418/1
f 1419/1419/1 1420/1420/1 1421/1421/1
f 246/246/1 1422/1422/1 248/248/1
f 1423/1423/1 1424/1424/1 1425/1425/1
f 1426/1426/1 1427/1427/1 1428/1428/1
f 1429/1429/1 1430/1430/1 1431/1431/1
f 1432/1432/1 1433/1433/1 1434/1434/1
f 1433/1433/1 1435/1435/1 1436/1436/1
f 1435/1435/1 1437/1437/1 1438/1438/1
f 1439/1439/1 1440/1440/1 1437/1437/1
f 1441/1441/1 1442/1442/1 1439/1439/1
f 1442/1442/1 1443/1443/1 1444/1444/1
f 1445/1445/1 1444/1444/1 1443/1443/1
f 1446/1446/1 1447/1447/1 1448/1448/1
f 1449/1449/1 1450/1450/1 1451/1451/1
f 1452/1452/1 1453/1453/1 1454/1454/1
f 1455/1455/1 1456/1456/1 1453/1453/1
f 1457/1457/1 1458/1458/1 1459/1459/1
f 1460/1460/1 1461/1461/1 1462/1462/1
f 1462/1462/1 1463/1463/1 1460/1460/1
f 1461/1461/1 244/244/1 1462/1462/1
f 1464/1464/1 1465/1465/1 1466/1466/1
f 1466/1466/1 1467/1467/1 1464/1464/1
f 1468/1468/1 1469/1469/1 1470/1470/1
f 1471/1471/1 1472/1472/1 1473/1473/1
f 1471/1471/1 1474/1474/1 1472/1472/1
f 237/237/1 1475/1475/1 1474/1474/1
f 1476/1476/1 1477/1477/1 1478/1478/1
f 1479/1479/1 1480/1480/1 1481/1481/1
f 1482/1482/1 1483/1483/1 1484/1484/1
f 231/231/1 230/230/1 1485/1485/1
f 228/228/1 227/227/1 1486/1486/1
f 225/225/1 224/224/1 1487/1487/1
f 1488/1488/1 221/221/1 1489/1489/1
f 223/223/1 218/218/1 1490/1490/1
f 220/220/1 1491/1491/1 1492/1492/1
f 1493/1493/1 212/212/1 1494/1494/1
f 207/207/1 206/206/1 209/209/1
f 1495/1495/1 1496/1496/1 1497/1497/1
f 204/204/1 1498/1498/1 1499/1499/1
f 1500/1500/1 1501/1501/1 203/203/1
f 1502/1502/1 1503/1503/1 200/200/1
f 1504/1504/1 190/190/1 189/189/1
f 1505/1505/1 169/169/1 173/173/1
f 163/163/1 162/162/1 164/164/1
f 153/153/1 1506/1506/1 1507/1507/1
f 1508/1508/1 1509/1509/1 106/106/1
f 1510/1510/1 1511/1511/1 1508/1508/1
f 1512/1512/1 1513/1513/1 1514/1514/1
f 1515/1515/1 1516/1516/1 1517/1517/1
f 1518/1518/1 1519/1519/1 1516/1516/1
f 1520/1520/1 1521/1521/1 1522/1522/1
f 1523/1523/1 1522/1522/1 1521/1521/1
f 1524/1524/1 1525/1525/1 1526/1526/1
f 1513/1513/1 1527/1527/1 1528/1528/1
f 1528/1528/1 1514/1514/1 1513/1513/1
f 1529/1529/1 1530/1530/1 1531/1531/1
f 1532/1532/1 1533/1533/1 1530/1530/1
f 1534/1534/1 1535/1535/1 1532/1532/1
f 1536/1536/1 1537/1537/1 1538/1538/1
f 1539/1539/1 1540/1540/1 1541/1541/1
f 1542/1542/1 1543/1543/1 1544/1544/1
f 1545/1545/1 1542/1542/1 1546/1546/1
f 1546/1546/1 1547/1547/1 1548/1548/1
f 1549/1549/1 1550/1550/1 1551/1551/1
f 1552/1552/1 1553/1553/1 1554/1554/1
f 1555/1555/1 1554/1554/1 1556/1556/1
f 1557/1557/1 1558/1558/1 1559/1559/1
f 1560/1560/1 1561/1561/1 1562/1562/1
f 1563/1563/1 1562/1562/1 1561/1561/1
f 1564/1564/1 1565/1565/1 1566/1566/1
f 1564/1564/1 1566/1566/1 1567/1567/1
f 1568/1568/1 1569/1569/1 1570/1570/1
f 1568/1568/1 1570/1570/1 1571/1571/1
f 1572/1572/1 1573/1573/1 1574/1574/1
f 1574/1574/1 1575/1575/1 1572/1572/1
f 1574/1574/1 1576/1576/1 1577/1577/1
f 1578/1578/1 1579/1579/1 1580/1580/1
f 1581/1581/1 1582/1582/1 1579/1579/1
f 1581/1581/1 1583/1583/1 1584/1584/1
f 89/89/1 88/88/1 1585/1585/1
f 89/89/1 1585/1585/1 1586/1586/1
f 91/91/1 1587/1587/1 1588/1588/1
f 1589/1589/1 1590/1590/1 1591/1591/1
f 1592/1592/1 1591/1591/1 1590/1590/1
f 1593/1593/1 1594/1594/1 1595/1595/1
f 1595/1595/1 1596/1596/1 1593/1593/1
f 1597/1597/1 1598/1598/1 1599/1599/1
f 1600/1600/1 1599/1599/1 1601/1601/1
f 1598/1598/1 1601/1601/1 1599/1599/1
f 1596/1596/1 1600/1600/1 1593/1593/1
f 1602/1602/1 1603/1603/1 1604/1604/1
f 1605/1605/1 1604/1604/1 1603/1603/1
f 1606/1606/1 1607/1607/1 1603/1603/1
f 1608/1608/1 1609/1609/1 1610/1610/1
f 1609/1609/1 1606/1606/1 1610/1610/1
f 1611/1611/1 1612/1612/1 1613/1613/1
f 1614/1614/1 1611/1611/1 1613/1613/1
f 1613/1613/1 77/77/1 1614/1614/1
f 75/75/1 1615/1615/1 73/73/1
f 1616/1616/1 1617/1617/1 1618/1618/1
f 1616/1616/1 1619/1619/1 1617/1617/1
f 1620/1620/1 1621/1621/1 1622/1622/1
f 1623/1623/1 1624/1624/1 1615/1615/1
f 1625/1625/1 1626/1626/1 1627/1627/1
f 1625/1625/1 1628/1628/1 1629/1629/1
f 13/13/1 17/17/1 16/16/1
f 9/9/1 7/7/1 5/5/1
f 14/14/1 11/11/1 10/10/1
f 16/16/1 14/14/1 13/13/1
f 1630/1630/1 18/18/1 22/22/1
f 19/19/1 24/24/1 20/20/1
f 26/26/1 23/23/1 24/24/1
f 29/29/1 31/31/1 58/58/1
f 57/57/1 35/35/1 1631/1631/1
f 36/36/1 39/39/1 37/37/1
f 45/45/1 891/891/1 43/43/1
f 1631/1631/1 55/55/1 57/57/1
f 1632/1632/1 54/54/1 1633/1633/1
f 67/67/1 1634/1634/1 64/64/1
f 71/71/1 1635/1635/1 67/67/1
f 67/67/1 69/69/1 70/70/1
f 76/76/1 78/78/1 74/74/1
f 104/104/1 1636/1636/1 79/79/1
f 1636/1636/1 82/82/1 84/84/1
f 1637/1637/1 1638/1638/1 87/87/1
f 87/87/1 94/94/1 1637/1637/1
f 1587/1587/1 91/91/1 1639/1639/1
f 1587/1587/1 1639/1639/1 99/99/1
f 1640/1640/1 1641/1641/1 89/89/1
f 1579/1579/1 1578/1578/1 1581/1581/1
f 1642/1642/1 108/108/1 109/109/1
f 115/115/1 1643/1643/1 113/113/1
f 116/116/1 120/120/1 117/117/1
f 124/124/1 118/118/1 122/122/1
f 129/129/1 123/123/1 126/126/1
f 131/131/1 1644/1644/1 130/130/1
f 137/137/1 132/132/1 134/134/1
f 1645/1645/1 137/137/1 136/136/1
f 138/138/1 141/141/1 139/139/1
f 142/142/1 146/146/1 143/143/1
f 1646/1646/1 1647/1647/1 150/150/1
f 156/156/1 1648/1648/1 154/154/1
f 159/159/1 156/156/1 155/155/1
f 1649/1649/1 164/164/1 162/162/1
f 164/164/1 1650/1650/1 158/158/1
f 175/175/1 166/166/1 168/168/1
f 165/165/1 171/171/1 170/170/1
f 168/168/1 176/176/1 175/175/1
f 1651/1651/1 1652/1652/1 180/180/1
f 182/182/1 1653/1653/1 179/179/1
f 1654/1654/1 188/188/1 186/186/1
f 1653/1653/1 177/177/1 178/178/1
f 1503/1503/1 1502/1502/1 1655/1655/1
f 192/192/1 196/196/1 194/194/1
f 196/196/1 1655/1655/1 197/197/1
f 200/200/1 1500/1500/1 201/201/1
f 1497/1497/1 208/208/1 1656/1656/1
f 212/212/1 1493/1493/1 213/213/1
f 209/209/1 214/214/1 211/211/1
f 1499/1499/1 1657/1657/1 204/204/1
f 224/224/1 226/226/1 1488/1488/1
f 227/227/1 229/229/1 1658/1658/1
f 230/230/1 232/232/1 1659/1659/1
f 236/236/1 238/238/1 234/234/1
f 244/244/1 1660/1660/1 242/242/1
f 1661/1661/1 1419/1419/1 1421/1421/1
f 1415/1415/1 1662/1662/1 1414/1414/1
f 1663/1663/1 1409/1409/1 253/253/1
f 257/257/1 1663/1663/1 255/255/1
f 263/263/1 1664/1664/1 261/261/1
f 267/267/1 265/265/1 264/264/1
f 272/272/1 1665/1665/1 273/273/1
f 275/275/1 279/279/1 278/278/1
f 1666/1666/1 280/280/1 284/284/1
f 287/287/1 1666/1666/1 284/284/1
f 291/291/1 1667/1667/1 288/288/1
f 290/290/1 293/293/1 291/291/1
f 293/293/1 1668/1668/1 294/294/1
f 1669/1669/1 297/297/1 296/296/1
f 306/306/1 301/301/1 303/303/1
f 1670/1670/1 306/306/1 305/305/1
f 1671/1671/1 311/311/1 310/310/1
f 315/315/1 312/312/1 313/313/1
f 317/317/1 314/314/1 313/313/1
f 320/320/1 1672/1672/1 313/313/1
f 1402/1402/1 1399/1399/1 326/326/1
f 336/336/1 337/337/1 334/334/1
f 1673/1673/1 341/341/1 340/340/1
f 345/345/1 1674/1674/1 1675/1675/1
f 1676/1676/1 346/346/1 1362/1362/1
f 350/350/1 1677/1677/1 1361/1361/1
f 354/354/1 356/356/1 352/352/1
f 358/358/1 1357/1357/1 359/359/1
f 368/368/1 364/364/1 366/366/1
f 372/372/1 373/373/1 369/369/1
f 376/376/1 378/378/1 374/374/1
f 392/392/1 390/390/1 393/393/1
f 402/402/1 400/400/1 399/399/1
f 403/403/1 404/404/1 402/402/1
f 406/406/1 1678/1678/1 404/404/1
f 407/407/1 410/410/1 408/408/1
f 412/412/1 409/409/1 413/413/1
f 419/419/1 1254/1254/1 417/417/1
f 422/422/1 423/423/1 425/425/1
f 426/426/1 428/428/1 430/430/1
f 433/433/1 1679/1679/1 434/434/1
f 437/437/1 472/472/1 435/435/1
f 1680/1680/1 1681/1681/1 1682/1682/1
f 1247/1247/1 446/446/1 1683/1683/1
f 446/446/1 1244/1244/1 444/444/1
f 449/449/1 1684/1684/1 1245/1245/1
f 1685/1685/1 458/458/1 457/457/1
f 458/458/1 463/463/1 462/462/1
f 465/465/1 1686/1686/1 464/464/1
f 469/469/1 1687/1687/1 1688/1688/1
f 1242/1242/1 1689/1689/1 1690/1690/1
f 1682/1682/1 441/441/1 1691/1691/1
f 485/485/1 1692/1692/1 484/484/1
f 481/481/1 485/485/1 479/479/1
f 490/490/1 492/492/1 489/489/1
f 1693/1693/1 1694/1694/1 491/491/1
f 496/496/1 499/499/1 1695/1695/1
f 1220/1220/1 1696/1696/1 503/503/1
f 1697/1697/1 509/509/1 1698/1698/1
f 513/513/1 1699/1699/1 511/511/1
f 1183/1183/1 518/518/1 517/517/1
f 1148/1148/1 529/529/1 528/528/1
f 529/529/1 527/527/1 526/526/1
f 544/544/1 1700/1700/1 542/542/1
f 1701/1701/1 545/545/1 550/550/1
f 546/546/1 1702/1702/1 548/548/1
f 1144/1144/1 1703/1703/1 555/555/1
f 558/558/1 551/551/1 553/553/1
f 559/559/1 553/553/1 552/552/1
f 534/534/1 1704/1704/1 1705/1705/1
f 1706/1706/1 1707/1707/1 565/565/1
f 568/568/1 1706/1706/1 565/565/1
f 1138/1138/1 567/567/1 570/570/1
f 571/571/1 577/577/1 574/574/1
f 580/580/1 582/582/1 578/578/1
f 587/587/1 589/589/1 586/586/1
f 590/590/1 592/592/1 1708/1708/1
f 593/593/1 1133/1133/1 594/594/1
f 1709/1709/1 600/600/1 599/599/1
f 600/600/1 603/603/1 598/598/1
f 1086/1086/1 606/606/1 1710/1710/1
f 1711/1711/1 604/604/1 608/608/1
f 1082/1082/1 1079/1079/1 1080/1080/1
f 1712/1712/1 1713/1713/1 1714/1714/1
f 1714/1714/1 614/614/1 616/616/1
f 615/615/1 619/619/1 617/617/1
f 620/620/1 624/624/1 621/621/1
f 624/624/1 625/625/1 622/622/1
f 629/629/1 627/627/1 626/626/1
f 1078/1078/1 628/628/1 1077/1077/1
f 635/635/1 633/633/1 632/632/1
f 632/632/1 636/636/1 635/635/1
f 638/638/1 641/641/1 639/639/1
f 1715/1715/1 645/645/1 644/644/1
f 648/648/1 1716/1716/1 1717/1717/1
f 675/675/1 1718/1718/1 658/658/1
f 1719/1719/1 665/665/1 662/662/1
f 663/663/1 1720/1720/1 664/664/1
f 664/664/1 1719/1719/1 662/662/1
f 669/669/1 1721/1721/1 666/666/1
f 670/670/1 674/674/1 671/671/1
f 1718/1718/1 649/649/1 658/658/1
f 676/676/1 678/678/1 682/682/1
f 1071/1071/1 1070/1070/1 677/677/1
f 1069/1069/1 654/654/1 685/685/1
f 687/687/1 658/658/1 649/649/1
f 1716/1716/1 1722/1722/1 1723/1723/1
f 694/694/1 696/696/1 1060/1060/1
f 1058/1058/1 1056/1056/1 701/701/1
f 704/704/1 1724/1724/1 705/705/1
f 708/708/1 1038/1038/1 706/706/1
f 712/712/1 709/709/1 710/710/1
f 713/713/1 716/716/1 714/714/1
f 1725/1725/1 719/719/1 718/718/1
f 723/723/1 1726/1726/1 1727/1727/1
f 1726/1726/1 726/726/1 725/725/1
f 1728/1728/1 731/731/1 730/730/1
f 735/735/1 733/733/1 732/732/1
f 1729/1729/1 743/743/1 745/745/1
f 747/747/1 1730/1730/1 744/744/1
f 749/749/1 747/747/1 750/750/1
f 753/753/1 748/748/1 751/751/1
f 755/755/1 753/753/1 756/756/1
f 1731/1731/1 757/757/1 759/759/1
f 764/764/1 762/762/1 761/761/1
f 768/768/1 763/763/1 766/766/1
f 773/773/1 770/770/1 769/769/1
f 769/769/1 776/776/1 772/772/1
f 769/769/1 780/780/1 777/777/1
f 771/771/1 1732/1732/1 769/769/1
f 786/786/1 788/788/1 981/981/1
f 792/792/1 794/794/1 978/978/1
f 795/795/1 797/797/1 973/973/1
f 966/966/1 965/965/1 799/799/1
f 964/964/1 803/803/1 1733/1733/1
f 1734/1734/1 812/812/1 1735/1735/1
f 1736/1736/1 815/815/1 814/814/1
f 817/817/1 942/942/1 818/818/1
f 820/820/1 1737/1737/1 827/827/1
f 1738/1738/1 822/822/1 826/826/1
f 828/828/1 821/821/1 820/820/1
f 837/837/1 904/904/1 835/835/1
f 848/848/1 845/845/1 844/844/1
f 844/844/1 846/846/1 848/848/1
f 850/850/1 1739/1739/1 851/851/1
f 1740/1740/1 865/865/1 864/864/1
f 1741/1741/1 857/857/1 856/856/1
f 857/857/1 859/859/1 855/855/1
f 1742/1742/1 854/854/1 853/853/1
f 870/870/1 867/867/1 1743/1743/1
f 874/874/1 893/893/1 875/875/1
f 1633/1633/1 884/884/1 1632/1632/1
f 50/50/1 888/888/1 1744/1744/1
f 48/48/1 40/40/1 46/46/1
f 42/42/1 890/890/1 40/40/1
f 876/876/1 872/872/1 874/874/1
f 898/898/1 869/869/1 868/868/1
f 836/836/1 1745/1745/1 902/902/1
f 910/910/1 1746/1746/1 908/908/1
f 913/913/1 1747/1747/1 911/911/1
f 915/915/1 913/913/1 916/916/1
f 918/918/1 914/914/1 919/919/1
f 923/923/1 920/920/1 921/921/1
f 928/928/1 924/924/1 925/925/1
f 930/930/1 931/931/1 929/929/1
f 941/941/1 939/939/1 938/938/1
f 942/942/1 944/944/1 940/940/1
f 950/950/1 947/947/1 951/951/1
f 947/947/1 1748/1748/1 945/945/1
f 1749/1749/1 1750/1750/1 811/811/1
f 954/954/1 1749/1749/1 811/811/1
f 1750/1750/1 945/945/1 1751/1751/1
f 808/808/1 807/807/1 957/957/1
f 960/960/1 958/958/1 802/802/1
f 803/803/1 964/964/1 961/961/1
f 799/799/1 798/798/1 966/966/1
f 796/796/1 795/795/1 971/971/1
f 793/793/1 792/792/1 976/976/1
f 790/790/1 789/789/1 1752/1752/1
f 784/784/1 783/783/1 984/984/1
f 1006/1006/1 1753/1753/1 1003/1003/1
f 1754/1754/1 994/994/1 997/997/1
f 999/999/1 1754/1754/1 1000/1000/1
f 1004/1004/1 998/998/1 1002/1002/1
f 1010/1010/1 1755/1755/1 1756/1756/1
f 1012/1012/1 1010/1010/1 1009/1009/1
f 1013/1013/1 1016/1016/1 1011/1011/1
f 1016/1016/1 1019/1019/1 1014/1014/1
f 1018/1018/1 1014/1014/1 1019/1019/1
f 1025/1025/1 1757/1757/1 738/738/1
f 738/738/1 1023/1023/1 1024/1024/1
f 738/738/1 1028/1028/1 1027/1027/1
f 1029/1029/1 1031/1031/1 1758/1758/1
f 1037/1037/1 1036/1036/1 1035/1035/1
f 1759/1759/1 705/705/1 1724/1724/1
f 1724/1724/1 1040/1040/1 1042/1042/1
f 1041/1041/1 1046/1046/1 1044/1044/1
f 1045/1045/1 1048/1048/1 1047/1047/1
f 1052/1052/1 1053/1053/1 1055/1055/1
f 698/698/1 1760/1760/1 700/700/1
f 692/692/1 1062/1062/1 1061/1061/1
f 689/689/1 688/688/1 1064/1064/1
f 1070/1070/1 1072/1072/1 684/684/1
f 1761/1761/1 1074/1074/1 1762/1762/1
f 673/673/1 672/672/1 1075/1075/1
f 636/636/1 637/637/1 634/634/1
f 1763/1763/1 1083/1083/1 1082/1082/1
f 1764/1764/1 1081/1081/1 1083/1083/1
f 609/609/1 1764/1764/1 1084/1084/1
f 602/602/1 598/598/1 603/603/1
f 599/599/1 1087/1087/1 596/596/1
f 1765/1765/1 1088/1088/1 1090/1090/1
f 1766/1766/1 1092/1092/1 1091/1091/1
f 1093/1093/1 1767/1767/1 1094/1094/1
f 1767/1767/1 1097/1097/1 1096/1096/1
f 1100/1100/1 1104/1104/1 1101/1101/1
f 1107/1107/1 1102/1102/1 1105/1105/1
f 1768/1768/1 1108/1108/1 1109/1109/1
f 1112/1112/1 1768/1768/1 1110/1110/1
f 1117/1117/1 1113/1113/1 1114/1114/1
f 1769/1769/1 1117/1117/1 1116/1116/1
f 1122/1122/1 1119/1119/1 1118/1118/1
f 1770/1770/1 1122/1122/1 1121/1121/1
f 1125/1125/1 1129/1129/1 1126/1126/1
f 1129/1129/1 1130/1130/1 1127/1127/1
f 1131/1131/1 1133/1133/1 1132/1132/1
f 538/538/1 1142/1142/1 536/536/1
f 1771/1771/1 1150/1150/1 1147/1147/1
f 1772/1772/1 1153/1153/1 1155/1155/1
f 1773/1773/1 1159/1159/1 1158/1158/1
f 1158/1158/1 1160/1160/1 1162/1162/1
f 1774/1774/1 1169/1169/1 1168/1168/1
f 1174/1174/1 1171/1171/1 1172/1172/1
f 1175/1175/1 1176/1176/1 1173/1173/1
f 1182/1182/1 1179/1179/1 1178/1178/1
f 1185/1185/1 1775/1775/1 1183/1183/1
f 1776/1776/1 1190/1190/1 1189/1189/1
f 1193/1193/1 1777/1777/1 1191/1191/1
f 510/510/1 507/507/1 1194/1194/1
f 1195/1195/1 1197/1197/1 1778/1778/1
f 1209/1209/1 1205/1205/1 1207/1207/1
f 1201/1201/1 1206/1206/1 1203/1203/1
f 1207/1207/1 1779/1779/1 1208/1208/1
f 505/505/1 504/504/1 1212/1212/1
f 1214/1214/1 1216/1216/1 1780/1780/1
f 1219/1219/1 1221/1221/1 1781/1781/1
f 491/491/1 490/490/1 1693/1693/1
f 1233/1233/1 1230/1230/1 1234/1234/1
f 1231/1231/1 1234/1234/1 1230/1230/1
f 1782/1782/1 1238/1238/1 1235/1235/1
f 1691/1691/1 1680/1680/1 1682/1682/1
f 1243/1243/1 1241/1241/1 471/471/1
f 1783/1783/1 467/467/1 466/466/1
f 1784/1784/1 1683/1683/1 446/446/1
f 1785/1785/1 1250/1250/1 1786/1786/1
f 430/430/1 427/427/1 426/426/1
f 1283/1283/1 1260/1260/1 1284/1284/1
f 1260/1260/1 1261/1261/1 1258/1258/1
f 1266/1266/1 1263/1263/1 1262/1262/1
f 1268/1268/1 1787/1787/1 1265/1265/1
f 1271/1271/1 1272/1272/1 1269/1269/1
f 1276/1276/1 1277/1277/1 1274/1274/1
f 1788/1788/1 1280/1280/1 1279/1279/1
f 1279/1279/1 1255/1255/1 1788/1788/1
f 1789/1789/1 1257/1257/1 1256/1256/1
f 1290/1290/1 1790/1790/1 1288/1288/1
f 1295/1295/1 1291/1291/1 1293/1293/1
f 1296/1296/1 1298/1298/1 1294/1294/1
f 1305/1305/1 1307/1307/1 1306/1306/1
f 1308/1308/1 1312/1312/1 1311/1311/1
f 1319/1319/1 1791/1791/1 1317/1317/1
f 1792/1792/1 1320/1320/1 1322/1322/1
f 1324/1324/1 1793/1793/1 1323/1323/1
f 1326/1326/1 1324/1324/1 386/386/1
f 1327/1327/1 1794/1794/1 383/383/1
f 1329/1329/1 1331/1331/1 1795/1795/1
f 1332/1332/1 1335/1335/1 1333/1333/1
f 374/374/1 1337/1337/1 376/376/1
f 1342/1342/1 1796/1796/1 1340/1340/1
f 1797/1797/1 1798/1798/1 1347/1347/1
f 1348/1348/1 1350/1350/1 1798/1798/1
f 365/365/1 363/363/1 1354/1354/1
f 1356/1356/1 359/359/1 1357/1357/1
f 1360/1360/1 1358/1358/1 355/355/1
f 1799/1799/1 1361/1361/1 1677/1677/1
f 1362/1362/1 349/349/1 1676/1676/1
f 1368/1368/1 1370/1370/1 1369/1369/1
f 1370/1370/1 1363/1363/1 1365/1365/1
f 1800/1800/1 1371/1371/1 1364/1364/1
f 1801/1801/1 1374/1374/1 1373/1373/1
f 1376/1376/1 1378/1378/1 1375/1375/1
f 1381/1381/1 1802/1802/1 1380/1380/1
f 1383/1383/1 1803/1803/1 336/336/1
f 1385/1385/1 328/328/1 330/330/1
f 1387/1387/1 1804/1804/1 1385/1385/1
f 1391/1391/1 1805/1805/1 1390/1390/1
f 1395/1395/1 1806/1806/1 1393/1393/1
f 1807/1807/1 1808/1808/1 1394/1394/1
f 1399/1399/1 1402/1402/1 1401/1401/1
f 323/323/1 1404/1404/1 1809/1809/1
f 1405/1405/1 1406/1406/1 1810/1810/1
f 1665/1665/1 266/266/1 270/270/1
f 284/284/1 285/285/1 287/287/1
f 1811/1811/1 1812/1812/1 1813/1813/1
f 1413/1413/1 1412/1412/1 1411/1411/1
f 1418/1418/1 1814/1814/1 1416/1416/1
f 1425/1425/1 1815/1815/1 1423/1423/1
f 1428/1428/1 1816/1816/1 1426/1426/1
f 1436/1436/1 1434/1434/1 1433/1433/1
f 1437/1437/1 1441/1441/1 1439/1439/1
f 1443/1443/1 1817/1817/1 1445/1445/1
f 1818/1818/1 1448/1448/1 1447/1447/1
f 1819/1819/1 1451/1451/1 1450/1450/1
f 1454/1454/1 1819/1819/1 1452/1452/1
f 1453/1453/1 1457/1457/1 1820/1820/1
f 1463/1463/1 1459/1459/1 1458/1458/1
f 243/243/1 1462/1462/1 244/244/1
f 1465/1465/1 242/242/1 1466/1466/1
f 1469/1469/1 1467/1467/1 1470/1470/1
f 1470/1470/1 1821/1821/1 1468/1468/1
f 1471/1471/1 1473/1473/1 239/239/1
f 237/237/1 236/236/1 1475/1475/1
f 1466/1466/1 1470/1470/1 1467/1467/1
f 1479/1479/1 1484/1484/1 1480/1480/1
f 228/228/1 1486/1486/1 1822/1822/1
f 1823/1823/1 1487/1487/1 1824/1824/1
f 223/223/1 1490/1490/1 221/221/1
f 216/216/1 215/215/1 1491/1491/1
f 1500/1500/1 200/200/1 1501/1501/1
f 161/161/1 1649/1649/1 162/162/1
f 1648/1648/1 152/152/1 154/154/1
f 1825/1825/1 1508/1508/1 1511/1511/1
f 1826/1826/1 1827/1827/1 1828/1828/1
f 1829/1829/1 1524/1524/1 1526/1526/1
f 1830/1830/1 1526/1526/1 1525/1525/1
f 1526/1526/1 1518/1518/1 1829/1829/1
f 1831/1831/1 1528/1528/1 1527/1527/1
f 1828/1828/1 1832/1832/1 1826/1826/1
f 1833/1833/1 1532/1532/1 1535/1535/1
f 1535/1535/1 1536/1536/1 1538/1538/1
f 1541/1541/1 1834/1834/1 1539/1539/1
f 1544/1544/1 1835/1835/1 1542/1542/1
f 1547/1547/1 1549/1549/1 1548/1548/1
f 1551/1551/1 1836/1836/1 1549/1549/1
f 1553/1553/1 1556/1556/1 1554/1554/1
f 1559/1559/1 1555/1555/1 1557/1557/1
f 1567/1567/1 1563/1563/1 1564/1564/1
f 1837/1837/1 1838/1838/1 1565/1565/1
f 1562/1562/1 1839/1839/1 1560/1560/1
f 1840/1840/1 1573/1573/1 1569/1569/1
f 1574/1574/1 1841/1841/1 1576/1576/1
f 1578/1578/1 1580/1580/1 1842/1842/1
f 1641/1641/1 1640/1640/1 1843/1843/1
f 89/89/1 1586/1586/1 1640/1640/1
f 1844/1844/1 1845/1845/1 1583/1583/1
f 1590/1590/1 1595/1595/1 1594/1594/1
f 1846/1846/1 1593/1593/1 1600/1600/1
f 1601/1601/1 1846/1846/1 1600/1600/1
f 1847/1847/1 1848/1848/1 1602/1602/1
f 1607/1607/1 1605/1605/1 1603/1603/1
f 1849/1849/1 1610/1610/1 1606/1606/1
f 1612/1612/1 1608/1608/1 1613/1613/1
f 74/74/1 73/73/1 76/76/1
f 1623/1623/1 1618/1618/1 1624/1624/1
f 1616/1616/1 1850/1850/1 1619/1619/1
f 1851/1851/1 1627/1627/1 1621/1621/1
f 68/68/1 67/67/1 1628/1628/1
f 1852/1852/1 9/9/1 8/8/1
f 11/11/1 1853/1853/1 8/8/1
f 1854/1854/1 1630/1630/1 22/22/1
f 27/27/1 58/58/1 28/28/1
f 40/40/1 48/48/1 41/41/1
f 39/39/1 43/43/1 891/891/1
f 884/884/1 1633/1633/1 882/882/1
f 64/64/1 66/66/1 67/67/1
f 1635/1635/1 1634/1634/1 67/67/1
f 93/93/1 1637/1637/1 94/94/1
f 94/94/1 95/95/1 92/92/1
f 1855/1855/1 84/84/1 83/83/1
f 112/112/1 1642/1642/1 110/110/1
f 117/117/1 115/115/1 114/114/1
f 120/120/1 121/121/1 118/118/1
f 128/128/1 131/131/1 129/129/1
f 134/134/1 135/135/1 137/137/1
f 151/151/1 1507/1507/1 149/149/1
f 1507/1507/1 154/154/1 153/153/1
f 1650/1650/1 159/159/1 158/158/1
f 1856/1856/1 168/168/1 167/167/1
f 167/167/1 1505/1505/1 173/173/1
f 183/183/1 185/185/1 1652/1652/1
f 178/178/1 179/179/1 1653/1653/1
f 1857/1857/1 198/198/1 191/191/1
f 200/200/1 202/202/1 1502/1502/1
f 1497/1497/1 1656/1656/1 1495/1495/1
f 1499/1499/1 1495/1495/1 1657/1657/1
f 221/221/1 1488/1488/1 222/222/1
f 1858/1858/1 1658/1658/1 1823/1823/1
f 1483/1483/1 1859/1859/1 231/231/1
f 1812/1812/1 252/252/1 254/254/1
f 253/253/1 255/255/1 1663/1663/1
f 1860/1860/1 261/261/1 1664/1664/1
f 270/270/1 273/273/1 1665/1665/1
f 1407/1407/1 276/276/1 275/275/1
f 282/282/1 283/283/1 280/280/1
f 1667/1667/1 289/289/1 288/288/1
f 1668/1668/1 295/295/1 297/297/1
f 300/300/1 302/302/1 301/301/1
f 310/310/1 1861/1861/1 1671/1671/1
f 311/311/1 313/313/1 309/309/1
f 313/313/1 1862/1862/1 321/321/1
f 1383/1383/1 1863/1863/1 1803/1803/1
f 1864/1864/1 1800/1800/1 1865/1865/1
f 1674/1674/1 1866/1866/1 1675/1675/1
f 351/351/1 1676/1676/1 349/349/1
f 1357/1357/1 1359/1359/1 1355/1355/1
f 1353/1353/1 366/366/1 365/365/1
f 375/375/1 369/369/1 373/373/1
f 1678/1678/1 402/402/1 404/404/1
f 410/410/1 413/413/1 409/409/1
f 1254/1254/1 422/422/1 421/421/1
f 429/429/1 433/433/1 432/432/1
f 1249/1249/1 437/437/1 436/436/1
f 440/440/1 1247/1247/1 438/438/1
f 1684/1684/1 444/444/1 1245/1245/1
f 454/454/1 461/461/1 460/460/1
f 1686/1686/1 1685/1685/1 457/457/1
f 1867/1867/1 1688/1688/1 1687/1687/1
f 470/470/1 1690/1690/1 1689/1689/1
f 1868/1868/1 1249/1249/1 1248/1248/1
f 1692/1692/1 488/488/1 484/484/1
f 487/487/1 484/484/1 488/488/1
f 493/493/1 1695/1695/1 494/494/1
f 1699/1699/1 514/514/1 511/511/1
f 518/518/1 516/516/1 515/515/1
f 1869/1869/1 531/531/1 530/530/1
f 530/530/1 1870/1870/1 1869/1869/1
f 1702/1702/1 544/544/1 548/548/1
f 549/549/1 550/550/1 545/545/1
f 1144/1144/1 1143/1143/1 1703/1703/1
f 1141/1141/1 538/538/1 1143/1143/1
f 1871/1871/1 562/562/1 537/537/1
f 1707/1707/1 566/566/1 565/565/1
f 569/569/1 1872/1872/1 567/567/1
f 590/590/1 1708/1708/1 588/588/1
f 583/583/1 585/585/1 1135/1135/1
f 1710/1710/1 601/601/1 1086/1086/1
f 606/606/1 607/607/1 604/604/1
f 1873/1873/1 1714/1714/1 1713/1713/1
f 618/618/1 616/616/1 615/615/1
f 630/630/1 1077/1077/1 628/628/1
f 640/640/1 634/634/1 638/638/1
f 645/645/1 643/643/1 642/642/1
f 650/650/1 1723/1723/1 1722/1722/1
f 1074/1074/1 1761/1761/1 1073/1073/1
f 667/667/1 662/662/1 665/665/1
f 1874/1874/1 664/664/1 1720/1720/1
f 1721/1721/1 667/667/1 666/666/1
f 1068/1068/1 1066/1066/1 1875/1875/1
f 684/684/1 686/686/1 1070/1070/1
f 688/688/1 690/690/1 1066/1066/1
f 697/697/1 699/699/1 695/695/1
f 1876/1876/1 708/708/1 707/707/1
f 714/714/1 712/712/1 711/711/1
f 721/721/1 1725/1725/1 718/718/1
f 726/726/1 1033/1033/1 724/724/1
f 731/731/1 727/727/1 728/728/1
f 750/750/1 751/751/1 748/748/1
f 759/759/1 1877/1877/1 1731/1731/1
f 761/761/1 765/765/1 763/763/1
f 769/769/1 778/778/1 775/775/1
f 769/769/1 782/782/1 779/779/1
f 789/789/1 791/791/1 787/787/1
f 976/976/1 975/975/1 793/793/1
f 798/798/1 800/800/1 968/968/1
f 1737/1737/1 824/824/1 827/827/1
f 834/834/1 1878/1878/1 831/831/1
f 1745/1745/1 903/903/1 902/902/1
f 1879/1879/1 848/848/1 847/847/1
f 853/853/1 849/849/1 1742/1742/1
f 865/865/1 861/861/1 862/862/1
f 860/860/1 862/862/1 858/858/1
f 851/851/1 1742/1742/1 849/849/1
f 866/866/1 1743/1743/1 867/867/1
f 876/876/1 873/873/1 872/872/1
f 54/54/1 1632/1632/1 52/52/1
f 885/885/1 1744/1744/1 886/886/1
f 47/47/1 889/889/1 49/49/1
f 893/893/1 894/894/1 877/877/1
f 870/870/1 1743/1743/1 868/868/1
f 903/903/1 834/834/1 901/901/1
f 909/909/1 911/911/1 910/910/1
f 912/912/1 916/916/1 913/913/1
f 1880/1880/1 919/919/1 914/914/1
f 922/922/1 925/925/1 923/923/1
f 934/934/1 929/929/1 932/932/1
f 1881/1881/1 937/937/1 939/939/1
f 812/812/1 1734/1734/1 810/810/1
f 1751/1751/1 811/811/1 1750/1750/1
f 1882/1882/1 1883/1883/1 1734/1734/1
f 1884/1884/1 802/802/1 959/959/1
f 965/965/1 967/967/1 963/963/1
f 787/787/1 786/786/1 980/980/1
f 986/986/1 769/769/1 987/987/1
f 993/993/1 988/988/1 991/991/1
f 992/992/1 996/996/1 994/994/1
f 997/997/1 1000/1000/1 1754/1754/1
f 1009/1009/1 1013/1013/1 1012/1012/1
f 1015/1015/1 1011/1011/1 1016/1016/1
f 1757/1757/1 1021/1021/1 738/738/1
f 1029/1029/1 1758/1758/1 737/737/1
f 1885/1885/1 1034/1034/1 1036/1036/1
f 1039/1039/1 1876/1876/1 703/703/1
f 1044/1044/1 1886/1886/1 1041/1041/1
f 1057/1057/1 1055/1055/1 1054/1054/1
f 1058/1058/1 1887/1887/1 1056/1056/1
f 695/695/1 694/694/1 1059/1059/1
f 1066/1066/1 1068/1068/1 1067/1067/1
f 654/654/1 1069/1069/1 1888/1888/1
f 1761/1761/1 1762/1762/1 1889/1889/1
f 1083/1083/1 1084/1084/1 1764/1764/1
f 1090/1090/1 1890/1890/1 1765/1765/1
f 1094/1094/1 1766/1766/1 1091/1091/1
f 1099/1099/1 1095/1095/1 1097/1097/1
f 1103/1103/1 1101/1101/1 1104/1104/1
f 1109/1109/1 1110/1110/1 1768/1768/1
f 1119/1119/1 1769/1769/1 1116/1116/1
f 1126/1126/1 1124/1124/1 1123/1123/1
f 537/537/1 536/536/1 1871/1871/1
f 1152/1152/1 1149/1149/1 1150/1150/1
f 1155/1155/1 1891/1891/1 1772/1772/1
f 1156/1156/1 1157/1157/1 1159/1159/1
f 1164/1164/1 1162/1162/1 1161/1161/1
f 1166/1166/1 1774/1774/1 1168/1168/1
f 1169/1169/1 1172/1172/1 1170/1170/1
f 1181/1181/1 1183/1183/1 1775/1775/1
f 1892/1892/1 1776/1776/1 1189/1189/1
f 1777/1777/1 1188/1188/1 1191/1191/1
f 1698/1698/1 1778/1778/1 1697/1697/1
f 1204/1204/1 1207/1207/1 1205/1205/1
f 1893/1893/1 1211/1211/1 1779/1779/1
f 1219/1219/1 1781/1781/1 1218/1218/1
f 1228/1228/1 1894/1894/1 1895/1895/1
f 1895/1895/1 1229/1229/1 1228/1228/1
f 1690/1690/1 1243/1243/1 1242/1242/1
f 457/457/1 1896/1896/1 1686/1686/1
f 439/439/1 435/435/1 472/472/1
f 1679/1679/1 1785/1785/1 434/434/1
f 1262/1262/1 1264/1264/1 1266/1266/1
f 1267/1267/1 1271/1271/1 1268/1268/1
f 1281/1281/1 1269/1269/1 1273/1273/1
f 1280/1280/1 1274/1274/1 1278/1278/1
f 1257/1257/1 1788/1788/1 1255/1255/1
f 1284/1284/1 1897/1897/1 1282/1282/1
f 1292/1292/1 1288/1288/1 1790/1790/1
f 1298/1298/1 1299/1299/1 1297/1297/1
f 1309/1309/1 1306/1306/1 1307/1307/1
f 1312/1312/1 1314/1314/1 1310/1310/1
f 1791/1791/1 1315/1315/1 1317/1317/1
f 1898/1898/1 1323/1323/1 1899/1899/1
f 384/384/1 1795/1795/1 1328/1328/1
f 377/377/1 1336/1336/1 379/379/1
f 1796/1796/1 1338/1338/1 1340/1340/1
f 1347/1347/1 1346/1346/1 1797/1797/1
f 360/360/1 361/361/1 357/357/1
f 1677/1677/1 1900/1900/1 1799/1799/1
f 1901/1901/1 1368/1368/1 1367/1367/1
f 1374/1374/1 1376/1376/1 1372/1372/1
f 1382/1382/1 334/334/1 338/338/1
f 1902/1902/1 1384/1384/1 1903/1903/1
f 1392/1392/1 1393/1393/1 1388/1388/1
f 1904/1904/1 1905/1905/1 325/325/1
f 1396/1396/1 1398/1398/1 1808/1808/1
f 1808/1808/1 1807/1807/1 1396/1396/1
f 1405/1405/1 1810/1810/1 322/322/1
f 260/260/1 1860/1860/1 1664/1664/1
f 1906/1906/1 251/251/1 1413/1413/1
f 1417/1417/1 1414/1414/1 1662/1662/1
f 1427/1427/1 1425/1425/1 1424/1424/1
f 1440/1440/1 1438/1438/1 1437/1437/1
f 1907/1907/1 1445/1445/1 1817/1817/1
f 1451/1451/1 1446/1446/1 1449/1449/1
f 1450/1450/1 1452/1452/1 1819/1819/1
f 1459/1459/1 1908/1908/1 1457/1457/1
f 1476/1476/1 1478/1478/1 233/233/1
f 240/240/1 1909/1909/1 1468/1468/1
f 234/234/1 1910/1910/1 236/236/1
f 234/234/1 233/233/1 1910/1910/1
f 231/231/1 1485/1485/1 1483/1483/1
f 1658/1658/1 1858/1858/1 227/227/1
f 1488/1488/1 1489/1489/1 224/224/1
f 1911/1911/1 160/160/1 165/165/1
f 1521/1521/1 1912/1912/1 1913/1913/1
f 1519/1519/1 1517/1517/1 1516/1516/1
f 1516/1516/1 1829/1829/1 1518/1518/1
f 1517/1517/1 1828/1828/1 1827/1827/1
f 1514/1514/1 1914/1914/1 1915/1915/1
f 1916/1916/1 1538/1538/1 1537/1537/1
f 1834/1834/1 1916/1916/1 1539/1539/1
f 1835/1835/1 1546/1546/1 1542/1542/1
f 1550/1550/1 1552/1552/1 1551/1551/1
f 1554/1554/1 1917/1917/1 1552/1552/1
f 1556/1556/1 1557/1557/1 1555/1555/1
f 1561/1561/1 1564/1564/1 1563/1563/1
f 1568/1568/1 1571/1571/1 1838/1838/1
f 1918/1918/1 1842/1842/1 1841/1841/1
f 91/91/1 1588/1588/1 88/88/1
f 1599/1599/1 1919/1919/1 1920/1920/1
f 1920/1920/1 1597/1597/1 1599/1599/1
f 77/77/1 76/76/1 1614/1614/1
f 1610/1610/1 1613/1613/1 1608/1608/1
f 1620/1620/1 1921/1921/1 1850/1850/1
f 1620/1620/1 1622/1622/1 1921/1921/1
f 1922/1922/1 1923/1923/1 1854/1854/1
f 22/22/1 1922/1922/1 1854/1854/1
f 37/37/1 1924/1924/1 35/35/1
f 883/883/1 882/882/1 885/885/1
f 66/66/1 1925/1925/1 67/67/1
f 1925/1925/1 63/63/1 67/67/1
f 1926/1926/1 87/87/1 86/86/1
f 1643/1643/1 112/112/1 113/113/1
f 126/126/1 127/127/1 129/129/1
f 133/133/1 130/130/1 1644/1644/1
f 1506/1506/1 149/149/1 1507/1507/1
f 171/171/1 172/172/1 169/169/1
f 1927/1927/1 178/178/1 174/174/1
f 1928/1928/1 191/191/1 199/199/1
f 215/215/1 217/217/1 1493/1493/1
f 218/218/1 223/223/1 219/219/1
f 254/254/1 1813/1813/1 1812/1812/1
f 1664/1664/1 258/258/1 260/260/1
f 276/276/1 271/271/1 273/273/1
f 279/279/1 1408/1408/1 277/277/1
f 281/281/1 277/277/1 282/282/1
f 299/299/1 1669/1669/1 296/296/1
f 303/303/1 304/304/1 306/306/1
f 1861/1861/1 1929/1929/1 1671/1671/1
f 313/313/1 1405/1405/1 1862/1862/1
f 1380/1380/1 339/339/1 341/341/1
f 1675/1675/1 344/344/1 345/345/1
f 1930/1930/1 355/355/1 1358/1358/1
f 1354/1354/1 1352/1352/1 365/365/1
f 1335/1335/1 1332/1332/1 380/380/1
f 408/408/1 406/406/1 405/405/1
f 427/427/1 1253/1253/1 424/424/1
f 1681/1681/1 475/475/1 1682/1682/1
f 445/445/1 1784/1784/1 446/446/1
f 455/455/1 1783/1783/1 453/453/1
f 1896/1896/1 464/464/1 1686/1686/1
f 467/467/1 449/449/1 448/448/1
f 1683/1683/1 1246/1246/1 1247/1247/1
f 1222/1222/1 495/495/1 1694/1694/1
f 1220/1220/1 1219/1219/1 1696/1696/1
f 531/531/1 524/524/1 523/523/1
f 543/543/1 548/548/1 544/544/1
f 541/541/1 1701/1701/1 550/550/1
f 552/552/1 1931/1931/1 540/540/1
f 1932/1932/1 1705/1705/1 1704/1704/1
f 566/566/1 1933/1933/1 564/564/1
f 1136/1136/1 1135/1135/1 581/581/1
f 605/605/1 1710/1710/1 606/606/1
f 621/621/1 617/617/1 619/619/1
f 626/626/1 630/630/1 629/629/1
f 691/691/1 693/693/1 1063/1063/1
f 655/655/1 1073/1073/1 656/656/1
f 659/659/1 1874/1874/1 1720/1720/1
f 1076/1076/1 657/657/1 673/673/1
f 1068/1068/1 1875/1875/1 653/653/1
f 700/700/1 702/702/1 698/698/1
f 1934/1934/1 717/717/1 1935/1935/1
f 1727/1727/1 722/722/1 723/723/1
f 725/725/1 1727/1727/1 1726/1726/1
f 752/752/1 756/756/1 753/753/1
f 762/762/1 1936/1936/1 758/758/1
f 758/758/1 760/760/1 762/762/1
f 769/769/1 986/986/1 781/781/1
f 982/982/1 981/981/1 983/983/1
f 1937/1937/1 1938/1938/1 970/970/1
f 969/969/1 968/968/1 1938/1938/1
f 823/823/1 827/827/1 824/824/1
f 1939/1939/1 830/830/1 829/829/1
f 842/842/1 843/843/1 841/841/1
f 856/856/1 852/852/1 1741/1741/1
f 862/862/1 863/863/1 865/865/1
f 873/873/1 1940/1940/1 1941/1941/1
f 877/877/1 879/879/1 893/893/1
f 880/880/1 881/881/1 878/878/1
f 52/52/1 880/880/1 53/53/1
f 867/867/1 1740/1740/1 864/864/1
f 832/832/1 829/829/1 830/830/1
f 916/916/1 1880/1880/1 914/914/1
f 919/919/1 1942/1942/1 917/917/1
f 925/925/1 926/926/1 928/928/1
f 939/939/1 935/935/1 1881/1881/1
f 1882/1882/1 956/956/1 1883/1883/1
f 1748/1748/1 1751/1751/1 945/945/1
f 1943/1943/1 1884/1884/1 959/959/1
f 790/790/1 1752/1752/1 979/979/1
f 995/995/1 993/993/1 992/992/1
f 1753/1753/1 1004/1004/1 1003/1003/1
f 1756/1756/1 1008/1008/1 1010/1010/1
f 1944/1944/1 738/738/1 1020/1020/1
f 707/707/1 1945/1945/1 1876/1876/1
f 1042/1042/1 1759/1759/1 1724/1724/1
f 1050/1050/1 1047/1047/1 1048/1048/1
f 1055/1055/1 1051/1051/1 1052/1052/1
f 698/698/1 697/697/1 1760/1760/1
f 654/654/1 1888/1888/1 652/652/1
f 610/610/1 1711/1711/1 608/608/1
f 1890/1890/1 595/595/1 1765/1765/1
f 1096/1096/1 1094/1094/1 1767/1767/1
f 1104/1104/1 1105/1105/1 1102/1102/1
f 1114/1114/1 1115/1115/1 1117/1117/1
f 1128/1128/1 1126/1126/1 1129/1129/1
f 1162/1162/1 1773/1773/1 1158/1158/1
f 1168/1168/1 1946/1946/1 1166/1166/1
f 1947/1947/1 511/511/1 514/514/1
f 1190/1190/1 1191/1191/1 1188/1188/1
f 509/509/1 1697/1697/1 507/507/1
f 1201/1201/1 1204/1204/1 1206/1206/1
f 1894/1894/1 1948/1948/1 1895/1895/1
f 1688/1688/1 470/470/1 469/469/1
f 1245/1245/1 447/447/1 449/449/1
f 1263/1263/1 1258/1258/1 1261/1261/1
f 1273/1273/1 1276/1276/1 1275/1275/1
f 1790/1790/1 1293/1293/1 1292/1292/1
f 1302/1302/1 1297/1297/1 1300/1300/1
f 1306/1306/1 1303/1303/1 1304/1304/1
f 1314/1314/1 1317/1317/1 1316/1316/1
f 1322/1322/1 1898/1898/1 1792/1792/1
f 1329/1329/1 1332/1332/1 1334/1334/1
f 1949/1949/1 1340/1340/1 1339/1339/1
f 367/367/1 1950/1950/1 368/368/1
f 1951/1951/1 1799/1799/1 1900/1900/1
f 1373/1373/1 1901/1901/1 1367/1367/1
f 1367/1367/1 1801/1801/1 1373/1373/1
f 1952/1952/1 1902/1902/1 1903/1903/1
f 1904/1904/1 1809/1809/1 1905/1905/1
f 1806/1806/1 1388/1388/1 1393/1393/1
f 1953/1953/1 260/260/1 259/259/1
f 1447/1447/1 1907/1907/1 1818/1818/1
f 1448/1448/1 1449/1449/1 1446/1446/1
f 1908/1908/1 1820/1820/1 1457/1457/1
f 1821/1821/1 240/240/1 1468/1468/1
f 239/239/1 1909/1909/1 240/240/1
f 1659/1659/1 1822/1822/1 230/230/1
f 1913/1913/1 1523/1523/1 1521/1521/1
f 1522/1522/1 1830/1830/1 1525/1525/1
f 1531/1531/1 1826/1826/1 1529/1529/1
f 1538/1538/1 1833/1833/1 1535/1535/1
f 1543/1543/1 1541/1541/1 1544/1544/1
f 1836/1836/1 1548/1548/1 1549/1549/1
f 1917/1917/1 1551/1551/1 1552/1552/1
f 1839/1839/1 1954/1954/1 1560/1560/1
f 1581/1581/1 1584/1584/1 1582/1582/1
f 1594/1594/1 1592/1592/1 1590/1590/1
f 1603/1603/1 1849/1849/1 1606/1606/1
f 1955/1955/1 1602/1602/1 1848/1848/1
f 1923/1923/1 1956/1956/1 1854/1854/1
f 1957/1957/1 1631/1631/1 35/35/1
f 1744/1744/1 885/885/1 50/50/1
f 1628/1628/1 1625/1625/1 68/68/1
f 100/100/1 103/103/1 101/101/1
f 122/122/1 125/125/1 123/123/1
f 150/150/1 1958/1958/1 1646/1646/1
f 170/170/1 1911/1911/1 165/165/1
f 203/203/1 205/205/1 1500/1500/1
f 1487/1487/1 1823/1823/1 225/225/1
f 256/256/1 1953/1953/1 259/259/1
f 268/268/1 269/269/1 266/266/1
f 273/273/1 274/274/1 276/276/1
f 301/301/1 299/299/1 298/298/1
f 1929/1929/1 308/308/1 1671/1671/1
f 322/322/1 324/324/1 1405/1405/1
f 1959/1959/1 416/416/1 411/411/1
f 418/418/1 414/414/1 1960/1960/1
f 474/474/1 1682/1682/1 475/475/1
f 466/466/1 453/453/1 1783/1783/1
f 1961/1961/1 452/452/1 451/451/1
f 489/489/1 488/488/1 490/490/1
f 1218/1218/1 1217/1217/1 1219/1219/1
f 533/533/1 1962/1962/1 1870/1870/1
f 1931/1931/1 541/541/1 540/540/1
f 1705/1705/1 535/535/1 534/534/1
f 579/579/1 576/576/1 575/575/1
f 603/603/1 1085/1085/1 601/601/1
f 627/627/1 622/622/1 625/625/1
f 1723/1723/1 1717/1717/1 1716/1716/1
f 1720/1720/1 661/661/1 659/659/1
f 1889/1889/1 683/683/1 1761/1761/1
f 1963/1963/1 1934/1934/1 1935/1935/1
f 720/720/1 723/723/1 721/721/1
f 1936/1936/1 759/759/1 758/758/1
f 783/783/1 785/785/1 986/986/1
f 971/971/1 970/970/1 796/796/1
f 906/906/1 1738/1738/1 826/826/1
f 840/840/1 842/842/1 838/838/1
f 854/854/1 1741/1741/1 852/852/1
f 1941/1941/1 871/871/1 873/873/1
f 878/878/1 892/892/1 880/880/1
f 821/821/1 1939/1939/1 829/829/1
f 1747/1747/1 910/910/1 911/911/1
f 927/927/1 930/930/1 928/928/1
f 936/936/1 1881/1881/1 935/935/1
f 949/949/1 1964/1964/1 950/950/1
f 1938/1938/1 1937/1937/1 969/969/1
f 975/975/1 977/977/1 974/974/1
f 1003/1003/1 1965/1965/1 1006/1006/1
f 1755/1755/1 1005/1005/1 1756/1756/1
f 736/736/1 732/732/1 1032/1032/1
f 1945/1945/1 703/703/1 1876/1876/1
f 1049/1049/1 1052/1052/1 1050/1050/1
f 1080/1080/1 1763/1763/1 1082/1082/1
f 1106/1106/1 1109/1109/1 1107/1107/1
f 1124/1124/1 1770/1770/1 1121/1121/1
f 1946/1946/1 1165/1165/1 1166/1166/1
f 1187/1187/1 1892/1892/1 1966/1966/1
f 1214/1214/1 1780/1780/1 1213/1213/1
f 1948/1948/1 1226/1226/1 1895/1895/1
f 1687/1687/1 1961/1961/1 451/451/1
f 1787/1787/1 1266/1266/1 1265/1265/1
f 1270/1270/1 1268/1268/1 1271/1271/1
f 1899/1899/1 1792/1792/1 1898/1898/1
f 1311/1311/1 1309/1309/1 1308/1308/1
f 1316/1316/1 1313/1313/1 1314/1314/1
f 1339/1339/1 1967/1967/1 1949/1949/1
f 1359/1359/1 1930/1930/1 1358/1358/1
f 1364/1364/1 1865/1865/1 1800/1800/1
f 1903/1903/1 1968/1968/1 1952/1952/1
f 1805/1805/1 1969/1969/1 1970/1970/1
f 1813/1813/1 1410/1410/1 1811/1811/1
f 1817/1817/1 1818/1818/1 1907/1907/1
f 1820/1820/1 1455/1455/1 1453/1453/1
f 1660/1660/1 1466/1466/1 242/242/1
f 1823/1823/1 1824/1824/1 1858/1858/1
f 1525/1525/1 1520/1520/1 1522/1522/1
f 1827/1827/1 1515/1515/1 1517/1517/1
f 1533/1533/1 1531/1531/1 1530/1530/1
f 1540/1540/1 1544/1544/1 1541/1541/1
f 1548/1548/1 1545/1545/1 1546/1546/1
f 1641/1641/1 1843/1843/1 1845/1845/1
f 1971/1971/1 1589/1589/1 1591/1591/1
f 1919/1919/1 1955/1955/1 1848/1848/1
f 49/49/1 51/51/1 47/47/1
f 1924/1924/1 1957/1957/1 35/35/1
f 1972/1972/1 67/67/1 63/63/1
f 83/83/1 102/102/1 103/103/1
f 148/148/1 1646/1646/1 1958/1958/1
f 1491/1491/1 220/220/1 216/216/1
f 265/265/1 1973/1973/1 262/262/1
f 308/308/1 1670/1670/1 305/305/1
f 307/307/1 1671/1671/1 308/308/1
f 415/415/1 411/411/1 416/416/1
f 451/451/1 1867/1867/1 1687/1687/1
f 1689/1689/1 468/468/1 470/470/1
f 1215/1215/1 1214/1214/1 1217/1217/1
f 1870/1870/1 1974/1974/1 533/533/1
f 1704/1704/1 542/542/1 1700/1700/1
f 612/612/1 1873/1873/1 1713/1713/1
f 1717/1717/1 646/646/1 648/648/1
f 1722/1722/1 651/651/1 650/650/1
f 1935/1935/1 1885/1885/1 1963/1963/1
f 719/719/1 1935/1935/1 717/717/1
f 984/984/1 983/983/1 784/784/1
f 1975/1975/1 840/840/1 839/839/1
f 1739/1739/1 1879/1879/1 851/851/1
f 1940/1940/1 897/897/1 1941/1941/1
f 896/896/1 1941/1941/1 897/897/1
f 907/907/1 908/908/1 1746/1746/1
f 932/932/1 936/936/1 933/933/1
f 970/970/1 972/972/1 1937/1937/1
f 1965/1965/1 1007/1007/1 1006/1006/1
f 733/733/1 1728/1728/1 730/730/1
f 1887/1887/1 1057/1057/1 1056/1056/1
f 597/597/1 1765/1765/1 595/595/1
f 1111/1111/1 1114/1114/1 1112/1112/1
f 1161/1161/1 1166/1166/1 1163/1163/1
f 1192/1192/1 1191/1191/1 510/510/1
f 503/503/1 500/500/1 1220/1220/1
f 1225/1225/1 1895/1895/1 1226/1226/1
f 478/478/1 1868/1868/1 476/476/1
f 1259/1259/1 1284/1284/1 1260/1260/1
f 1976/1976/1 1304/1304/1 1301/1301/1
f 1866/1866/1 348/348/1 1675/1675/1
f 1378/1378/1 1673/1673/1 340/340/1
f 1969/1969/1 1977/1977/1 1970/1970/1
f 251/251/1 1415/1415/1 249/249/1
f 1444/1444/1 1439/1439/1 1442/1442/1
f 1456/1456/1 1454/1454/1 1453/1453/1
f 220/220/1 1492/1492/1 218/218/1
f 1527/1527/1 1913/1913/1 1912/1912/1
f 1537/1537/1 1539/1539/1 1916/1916/1
f 99/99/1 96/96/1 1587/1587/1
f 1591/1591/1 1978/1978/1 1971/1971/1
f 1979/1979/1 57/57/1 56/56/1
f 62/62/1 1972/1972/1 63/63/1
f 1980/1980/1 79/79/1 1636/1636/1
f 1958/1958/1 1981/1981/1 148/148/1
f 1822/1822/1 1659/1659/1 228/228/1
f 1973/1973/1 263/263/1 262/262/1
f 297/297/1 294/294/1 1668/1668/1
f 1982/1982/1 1960/1960/1 414/414/1
f 1248/1248/1 476/476/1 1868/1868/1
f 1240/1240/1 1691/1691/1 441/441/1
f 1213/1213/1 1983/1983/1 1214/1214/1
f 1974/1974/1 534/534/1 533/533/1
f 1700/1700/1 1932/1932/1 1704/1704/1
f 1984/1984/1 648/648/1 647/647/1
f 1064/1064/1 1063/1063/1 689/689/1
f 1036/1036/1 1963/1963/1 1885/1885/1
f 847/847/1 851/851/1 1879/1879/1
f 868/868/1 895/895/1 898/898/1
f 1942/1942/1 921/921/1 917/917/1
f 983/983/1 985/985/1 982/982/1
f 1007/1007/1 1756/1756/1 1005/1005/1
f 728/728/1 729/729/1 731/731/1
f 1061/1061/1 1060/1060/1 692/692/1
f 1118/1118/1 1120/1120/1 1122/1122/1
f 1159/1159/1 1155/1155/1 1156/1156/1
f 497/497/1 1985/1985/1 500/500/1
f 1226/1226/1 1986/1986/1 1224/1224/1
f 425/425/1 420/420/1 422/422/1
f 1256/1256/1 1287/1287/1 1789/1789/1
f 1300/1300/1 1976/1976/1 1301/1301/1
f 1865/1865/1 342/342/1 1864/1864/1
f 1814/1814/1 1987/1987/1 1420/1420/1
f 1438/1438/1 1436/1436/1 1435/1435/1
f 1493/1493/1 1494/1494/1 215/215/1
f 1912/1912/1 1831/1831/1 1527/1527/1
f 1530/1530/1 1534/1534/1 1532/1532/1
f 1978/1978/1 1988/1988/1 1971/1971/1
f 32/32/1 1979/1979/1 56/56/1
f 63/63/1 1989/1989/1 61/61/1
f 84/84/1 1980/1980/1 1636/1636/1
f 1981/1981/1 144/144/1 148/148/1
f 1483/1483/1 1482/1482/1 1859/1859/1
f 259/259/1 257/257/1 256/256/1
f 1251/1251/1 478/478/1 477/477/1
f 1213/1213/1 506/506/1 1983/1983/1
f 1962/1962/1 1869/1869/1 1870/1870/1
f 1990/1990/1 1984/1984/1 647/647/1
f 839/839/1 1991/1991/1 1975/1975/1
f 1746/1746/1 905/905/1 907/907/1
f 1101/1101/1 1099/1099/1 1098/1098/1
f 1891/1891/1 1992/1992/1 1772/1772/1
f 497/497/1 496/496/1 1985/1985/1
f 1960/1960/1 419/419/1 418/418/1
f 1287/1287/1 1289/1289/1 1285/1285/1
f 1293/1293/1 1296/1296/1 1295/1295/1
f 1421/1421/1 1993/1993/1 1661/1661/1
f 1434/1434/1 1994/1994/1 1432/1432/1
f 214/214/1 1995/1995/1 212/212/1
f 1915/1915/1 1512/1512/1 1514/1514/1
f 1988/1988/1 1996/1996/1 1971/1971/1
f 56/56/1 33/33/1 32/32/1
f 1989/1989/1 1/1/1 61/61/1
f 1845/1845/1 1997/1997/1 1641/1641/1
f 146/146/1 147/147/1 144/144/1
f 1481/1481/1 1476/1476/1 1479/1479/1
f 1412/1412/1 1811/1811/1 1410/1410/1
f 477/477/1 1252/1252/1 1251/1251/1
f 1694/1694/1 1693/1693/1 1222/1222/1
f 524/524/1 519/519/1 522/522/1
f 1991/1991/1 899/899/1 1975/1975/1
f 1998/1998/1 907/907/1 906/906/1
f 1999/1999/1 1772/1772/1 1992/1992/1
f 1695/1695/1 493/493/1 496/496/1
f 416/416/1 1982/1982/1 414/414/1
f 1286/1286/1 1789/1789/1 1287/1287/1
f 1422/1422/1 1661/1661/1 1993/1993/1
f 1430/1430/1 1432/1432/1 1994/1994/1
f 1832/1832/1 1529/1529/1 1826/1826/1
f 2000/2000/1 1971/1971/1 1996/1996/1
f 34/34/1 29/29/1 32/32/1
f 2001/2001/1 61/61/1 1/1/1
f 103/103/1 1855/1855/1 83/83/1
f 145/145/1 143/143/1 146/146/1
f 1481/1481/1 1477/1477/1 1476/1476/1
f 1411/1411/1 1906/1906/1 1413/1413/1
f 1252/1252/1 1786/1786/1 1250/1250/1
f 2002/2002/1 2003/2003/1 482/482/1
f 2004/2004/1 522/522/1 519/519/1
f 900/900/1 1975/1975/1 899/899/1
f 826/826/1 1998/1998/1 906/906/1
f 2005/2005/1 1999/1999/1 1992/1992/1
f 495/495/1 1223/1223/1 493/493/1
f 1897/1897/1 388/388/1 2006/2006/1
f 1424/1424/1 1428/1428/1 1427/1427/1
f 1994/1994/1 1431/1431/1 1430/1430/1
f 1996/1996/1 2007/2007/1 2000/2000/1
f 34/34/1 30/30/1 29/29/1
f 60/60/1 2001/2001/1 1/1/1
f 1845/1845/1 1844/1844/1 1997/1997/1
f 143/143/1 140/140/1 141/141/1
f 1786/1786/1 434/434/1 1785/1785/1
f 2003/2003/1 2008/2008/1 482/482/1
f 902/902/1 837/837/1 836/836/1
f 940/940/1 938/938/1 942/942/1
f 483/483/1 2002/2002/1 482/482/1
f 1816/1816/1 1429/1429/1 1426/1426/1
f 1431/1431/1 1426/1426/1 1429/1429/1
f 58/58/1 59/59/1 29/29/1
f 2009/2009/1 3/3/1 2/2/1
f 1583/1583/1 1581/1581/1 1844/1844/1
f 139/139/1 1645/1645/1 136/136/1
f 413/413/1 1959/1959/1 411/411/1
f 1878/1878/1 832/832/1 831/831/1
f 2008/2008/1 1224/1224/1 2010/2010/1
f 2011/2011/1 1423/1423/1 1815/1815/1
f 25/25/1 24/24/1 27/27/1
f 2012/2012/1 2009/2009/1 2/2/1
f 101/101/1 1926/1926/1 86/86/1
f 119/119/1 117/117/1 120/120/1
f 400/400/1 397/397/1 398/398/1
f 818/818/1 2013/2013/1 816/816/1
f 1815/1815/1 2014/2014/1 2011/2011/1
f 17/17/1 1854/1854/1 1956/1956/1
f 2/2/1 2015/2015/1 2012/2012/1
f 1842/1842/1 1918/1918/1 1578/1578/1
f 109/109/1 110/110/1 1642/1642/1
f 395/395/1 398/398/1 396/396/1
f 2013/2013/1 1736/1736/1 816/816/1
f 2014/2014/1 245/245/1 2011/2011/1
f 1956/1956/1 15/15/1 17/17/1
f 6/6/1 2012/2012/1 2015/2015/1
f 1841/1841/1 2016/2016/1 1918/1918/1
f 1644/1644/1 134/134/1 133/133/1
f 396/396/1 2017/2017/1 394/394/1
f 2018/2018/1 816/816/1 1736/1736/1
f 10/10/1 12/12/1 14/14/1
f 2015/2015/1 4/4/1 6/6/1
f 1577/1577/1 1575/1575/1 1574/1574/1
f 2017/2017/1 391/391/1 394/394/1
f 814/814/1 2018/2018/1 1736/1736/1
f 1853/1853/1 1852/1852/1 8/8/1
f 1574/1574/1 2016/2016/1 1841/1841/1
f 1964/1964/1 813/813/1 815/815/1
f 1629/1629/1 1626/1626/1 1625/1625/1
f 815/815/1 950/950/1 1964/1964/1
f 1627/1627/1 1851/1851/1 1625/1625/1
f 1734/1734/1 1735/1735/1 1882/1882/1
f 1621/1621/1 1620/1620/1 1851/1851/1
f 956/956/1 1882/1882/1 808/808/1
f 1850/1850/1 2019/2019/1 1620/1620/1
f 809/809/1 806/806/1 807/807/1
f 1850/1850/1 1616/1616/1 2019/2019/1
f 805/805/1 807/807/1 806/806/1
f 1618/1618/1 1623/1623/1 1616/1616/1
f 806/806/1 1943/1943/1 804/804/1
f 1615/1615/1 75/75/1 1623/1623/1
f 959/959/1 804/804/1 1943/1943/1
f 1604/1604/1 1847/1847/1 1602/1602/1
f 964/964/1 1733/1733/1 962/962/1
f 1848/1848/1 1920/1920/1 1919/1919/1
f 963/963/1 962/962/1 965/965/1
f 2007/2007/1 2020/2020/1 2000/2000/1
f 974/974/1 973/973/1 975/975/1
f 2021/2021/1 2000/2000/1 2020/2020/1
f 979/979/1 978/978/1 790/790/1
f 2020/2020/1 81/81/1 2021/2021/1
f 1732/1732/1 767/767/1 769/769/1
f 80/80/1 2021/2021/1 81/81/1
f 1877/1877/1 754/754/1 1731/1731/1
f 1638/1638/1 85/85/1 87/87/1
f 2022/2022/1 1731/1731/1 754/754/1
f 1840/1840/1 1574/1574/1 1573/1573/1
f 756/756/1 2022/2022/1 754/754/1
f 1569/1569/1 1568/1568/1 1840/1840/1
f 746/746/1 750/750/1 747/747/1
f 1838/1838/1 1837/1837/1 1568/1568/1
f 1730/1730/1 745/745/1 744/744/1
f 1565/1565/1 1564/1564/1 1837/1837/1
f 745/745/1 742/742/1 1729/1729/1
f 1954/1954/1 2023/2023/1 1560/1560/1
f 2024/2024/1 1729/1729/1 742/742/1
f 2025/2025/1 1560/1560/1 2023/2023/1
f 741/741/1 2024/2024/1 742/742/1
f 2023/2023/1 2026/2026/1 2025/2025/1
f 742/742/1 989/989/1 740/740/1
f 1557/1557/1 2025/2025/1 2026/2026/1
f 990/990/1 991/991/1 988/988/1
f 2026/2026/1 1558/1558/1 1557/1557/1
f 1019/1019/1 1944/1944/1 1020/1020/1
f 1914/1914/1 1825/1825/1 1915/1915/1
f 737/737/1 739/739/1 1029/1029/1
f 1511/1511/1 1915/1915/1 1825/1825/1
f 1030/1030/1 1029/1029/1 736/736/1
f 106/106/1 1510/1510/1 1508/1508/1
f 1035/1035/1 715/715/1 716/716/1
f 1509/1509/1 107/107/1 106/106/1
f 1886/1886/1 1042/1042/1 1041/1041/1
f 107/107/1 109/109/1 105/105/1
f 1063/1063/1 1065/1065/1 691/691/1
f 1647/1647/1 151/151/1 150/150/1
f 677/677/1 676/676/1 1071/1071/1
f 155/155/1 157/157/1 159/159/1
f 682/682/1 679/679/1 676/676/1
f 173/173/1 1856/1856/1 167/167/1
f 683/683/1 1889/1889/1 679/679/1
f 176/176/1 1927/1927/1 174/174/1
f 657/657/1 1076/1076/1 655/655/1
f 180/180/1 179/179/1 1651/1651/1
f 668/668/1 666/666/1 670/670/1
f 1652/1652/1 1651/1651/1 183/183/1
f 647/647/1 1715/1715/1 1990/1990/1
f 186/186/1 183/183/1 1654/1654/1
f 644/644/1 1990/1990/1 1715/1715/1
f 188/188/1 1654/1654/1 189/189/1
f 633/633/1 1078/1078/1 631/631/1
f 189/189/1 2027/2027/1 1504/1504/1
f 623/623/1 621/621/1 624/624/1
f 2027/2027/1 1928/1928/1 1504/1504/1
f 616/616/1 1712/1712/1 1714/1714/1
f 2028/2028/1 1504/1504/1 1928/1928/1
f 1713/1713/1 2029/2029/1 612/612/1
f 199/199/1 2028/2028/1 1928/1928/1
f 2029/2029/1 613/613/1 612/612/1
f 193/193/1 1857/1857/1 191/191/1
f 596/596/1 1709/1709/1 599/599/1
f 1655/1655/1 196/196/1 1503/1503/1
f 1092/1092/1 1090/1090/1 1089/1089/1
f 204/204/1 203/203/1 1498/1498/1
f 1132/1132/1 1127/1127/1 1130/1130/1
f 1495/1495/1 1499/1499/1 1496/1496/1
f 1134/1134/1 1132/1132/1 1133/1133/1
f 208/208/1 1497/1497/1 2030/2030/1
f 591/591/1 590/590/1 593/593/1
f 208/208/1 2030/2030/1 206/206/1
f 588/588/1 2031/2031/1 590/590/1
f 214/214/1 209/209/1 1995/1995/1
f 588/588/1 587/587/1 2031/2031/1
f 1484/1484/1 1479/1479/1 1482/1482/1
f 586/586/1 583/583/1 587/587/1
f 233/233/1 235/235/1 1476/1476/1
f 1135/1135/1 1137/1137/1 583/583/1
f 1474/1474/1 1471/1471/1 237/237/1
f 581/581/1 580/580/1 1136/1136/1
f 239/239/1 241/241/1 1471/1471/1
f 578/578/1 575/575/1 580/580/1
f 1458/1458/1 1460/1460/1 1463/1463/1
f 577/577/1 2032/2032/1 575/575/1
f 2033/2033/1 2011/2011/1 245/245/1
f 577/577/1 571/571/1 2032/2032/1
f 247/247/1 2033/2033/1 245/245/1
f 567/567/1 1872/1872/1 570/570/1
f 1993/1993/1 248/248/1 1422/1422/1
f 1933/1933/1 1140/1140/1 564/564/1
f 1987/1987/1 1421/1421/1 1420/1420/1
f 2034/2034/1 1139/1139/1 1140/1140/1
f 1420/1420/1 1416/1416/1 1814/1814/1
f 1140/1140/1 2035/2035/1 2034/2034/1
f 1662/1662/1 1418/1418/1 1417/1417/1
f 2035/2035/1 2036/2036/1 2034/2034/1
f 1672/1672/1 316/316/1 313/313/1
f 560/560/1 2034/2034/1 2036/2036/1
f 1809/1809/1 1904/1904/1 323/323/1
f 2036/2036/1 563/563/1 560/560/1
f 325/325/1 327/327/1 1904/1904/1
f 562/562/1 1871/1871/1 560/560/1
f 1397/1397/1 1396/1396/1 1399/1399/1
f 555/555/1 2037/2037/1 1144/1144/1
f 1394/1394/1 1393/1393/1 1807/1807/1
f 555/555/1 554/554/1 2037/2037/1
f 1970/1970/1 1390/1390/1 1805/1805/1
f 557/557/1 553/553/1 554/554/1
f 329/329/1 1970/1970/1 1977/1977/1
f 521/521/1 2004/2004/1 519/519/1
f 1977/1977/1 330/330/1 329/329/1
f 520/520/1 1146/1146/1 521/521/1
f 333/333/1 1385/1385/1 1804/1804/1
f 1145/1145/1 521/521/1 1146/1146/1
f 1804/1804/1 331/331/1 333/333/1
f 1146/1146/1 525/525/1 527/527/1
f 332/332/1 1903/1903/1 1384/1384/1
f 528/528/1 1771/1771/1 1147/1147/1
f 1968/1968/1 2038/2038/1 1952/1952/1
f 1151/1151/1 2005/2005/1 1152/1152/1
f 1863/1863/1 1952/1952/1 2038/2038/1
f 2039/2039/1 1152/1152/1 2005/2005/1
f 2038/2038/1 1803/1803/1 1863/1863/1
f 1992/1992/1 2039/2039/1 2005/2005/1
f 338/338/1 1802/1802/1 1381/1381/1
f 2040/2040/1 1177/1177/1 1176/1176/1
f 340/340/1 1377/1377/1 1378/1378/1
f 1176/1176/1 1178/1178/1 2040/2040/1
f 344/344/1 1864/1864/1 342/342/1
f 1180/1180/1 2040/2040/1 1178/1178/1
f 347/347/1 1675/1675/1 348/348/1
f 1775/1775/1 1182/1182/1 1181/1181/1
f 1900/1900/1 2041/2041/1 1951/1951/1
f 516/516/1 1947/1947/1 514/514/1
f 2041/2041/1 354/354/1 1951/1951/1
f 512/512/1 1187/1187/1 513/513/1
f 353/353/1 1951/1951/1 354/354/1
f 1966/1966/1 1186/1186/1 1187/1187/1
f 2042/2042/1 357/357/1 361/361/1
f 1189/1189/1 1966/1966/1 1892/1892/1
f 363/363/1 2042/2042/1 361/361/1
f 1778/1778/1 1698/1698/1 1195/1195/1
f 2043/2043/1 368/368/1 1950/1950/1
f 2044/2044/1 1198/1198/1 1195/1195/1
f 1950/1950/1 2045/2045/1 2043/2043/1
f 2046/2046/1 1198/1198/1 2044/2044/1
f 2045/2045/1 1351/1351/1 2043/2043/1
f 2047/2047/1 2046/2046/1 2044/2044/1
f 1348/1348/1 2043/2043/1 1351/1351/1
f 2044/2044/1 2048/2048/1 2047/2047/1
f 1798/1798/1 1797/1797/1 1348/1348/1
f 2048/2048/1 1201/1201/1 2047/2047/1
f 1345/1345/1 1343/1343/1 1346/1346/1
f 1200/1200/1 2047/2047/1 1201/1201/1
f 1341/1341/1 1346/1346/1 1343/1343/1
f 1779/1779/1 1207/1207/1 1893/1893/1
f 2049/2049/1 1949/1949/1 1967/1967/1
f 1211/1211/1 1893/1893/1 505/505/1
f 1967/1967/1 371/371/1 2049/2049/1
f 2010/2010/1 482/482/1 2008/2008/1
f 370/370/1 2049/2049/1 371/371/1
f 1986/1986/1 2010/2010/1 1224/1224/1
f 379/379/1 381/381/1 377/377/1
f 1235/1235/1 1234/1234/1 1782/1782/1
f 1334/1334/1 1330/1330/1 1329/1329/1
f 1238/1238/1 1782/1782/1 1236/1236/1
f 1795/1795/1 2050/2050/1 1329/1329/1
f 2051/2051/1 1237/1237/1 1236/1236/1
f 1795/1795/1 384/384/1 2050/2050/1
f 2052/2052/1 2051/2051/1 1236/1236/1
f 1794/1794/1 385/385/1 383/383/1
f 1236/1236/1 473/473/1 2052/2052/1
f 387/387/1 383/383/1 385/385/1
f 1239/1239/1 2052/2052/1 473/473/1
f 1793/1793/1 1899/1899/1 1323/1323/1
f 2053/2053/1 394/394/1 391/391/1
f 2006/2006/1 1282/1282/1 1897/1897/1
f 393/393/1 2053/2053/1 391/391/1
f 390/390/1 2006/2006/1 388/388/1
f 389/389/1 393/393/1 390/390/1
