<?xml version='1.0' encoding='utf-8'?>
<COLLADA xmlns="http://www.collada.org/2005/11/COLLADASchema" version="1.4.1"><asset><created>2026-09-12T00:00:00Z</created><modified>2026-09-12T00:00:00Z</modified><unit name="meter" meter="1" /><up_axis>Z_UP</up_axis></asset><library_images><image id="asphalt-image"><init_from>textures/asphalt.png</init_from></image></library_images><library_effects><effect id="asphalt-effect"><profile_COMMON><newparam sid="surface"><surface type="2D"><init_from>asphalt-image</init_from></surface></newparam><newparam sid="sampler"><sampler2D><source>surface</source></sampler2D></newparam><technique sid="common"><phong><diffuse><texture texture="sampler" texcoord="UVSET0" /></diffuse><specular><color>0.02 0.02 0.02 1</color></specular></phong></technique></profile_COMMON></effect></library_effects><library_materials><material id="asphalt-material"><instance_effect url="#asphalt-effect" /></material></library_materials><library_geometries><geometry id="road"><mesh><source id="positions"><float_array id="positions-array" count="6222">2.0782018 289.9715012 0.0000000 1.9389626 284.9748742 0.0000000 13.9343060 284.6406043 0.0000000 3.3313546 334.9411443 0.0000000 15.3261298 334.5864845 0.0000000 3.5058353 339.9773893 0.0000000 3.3326296 334.9819197 0.0000000 15.4980458 339.5447569 0.0000000 3.9095301 350.0000391 0.0000000 3.7083127 345.0055240 0.0000000 15.8998034 349.5169789 0.0000000 4.3119649 359.9890692 0.0000000 4.1107475 354.9945541 0.0000000 16.3022381 359.5060090 0.0000000 4.5131823 364.9835842 0.0000000 16.5034555 364.5005240 0.0000000 16.7046729 369.4950391 0.0000000 16.9058903 374.4895541 0.0000000 4.7143996 369.9780993 0.0000000 17.1071077 379.4840692 0.0000000 4.9156170 374.9726143 0.0000000 17.3083250 384.4785842 0.0000000 5.1168344 379.9671294 0.0000000 17.5095424 389.4730993 0.0000000 5.3180518 384.9616444 0.0000000 5.7204865 394.9506745 0.0000000 5.5192692 389.9561594 0.0000000 17.7107598 394.4676143 0.0000000 6.3241387 409.9342196 0.0000000 5.9217039 399.9451895 0.0000000 18.3144119 409.4511594 0.0000000 6.9277908 424.9177648 0.0000000 6.7265734 419.9232497 0.0000000 18.9180641 424.4347046 0.0000000 19.5217162 439.4182497 0.0000000 19.7229336 444.4127648 0.0000000 7.5314429 439.9013099 0.0000000 7.3302256 434.9067949 0.0000000 17.9119772 399.4621293 0.0000000 7.1290082 429.9122798 0.0000000 19.1192814 429.4292196 0.0000000 8.5375298 464.8738851 0.0000000 8.3363125 459.8793701 0.0000000 20.5278031 464.3908249 0.0000000 9.1411820 479.8574303 0.0000000 8.9399646 474.8629152 0.0000000 21.1314552 479.3743701 0.0000000 9.3423994 484.8519453 0.0000000 21.3326726 484.3688851 0.0000000 9.5436167 489.8464604 0.0000000 21.5338900 489.3634002 0.0000000 10.1472689 504.8300055 0.0000000 9.7448341 494.8409754 0.0000000 22.1375421 504.3469453 0.0000000 22.3387595 509.3414604 0.0000000 22.5399769 514.3359754 0.0000000 10.5497036 514.8190356 0.0000000 22.7411943 519.3304905 0.0000000 10.7509210 519.8135506 0.0000000 22.9424117 524.3250055 0.0000000 23.3448464 534.3140356 0.0000000 11.3545732 534.7970958 0.0000000 23.5460638 539.3085506 0.0000000 11.5557905 539.7916108 0.0000000 11.9582253 549.7806409 0.0000000 11.7570079 544.7861259 0.0000000 23.7472812 544.3030657 0.0000000 23.9484985 549.2975807 0.0000000 24.1342860 553.9091014 0.0000000 12.2389128 555.5360678 0.0000000 12.1594427 554.7751560 0.0000000 24.7755562 557.6934008 0.0000000 13.0616366 560.3911715 0.0000000 26.2329475 561.1303589 0.0000000 27.0581207 562.3680037 0.0000000 15.9365255 567.3190769 0.0000000 22.4419095 573.7373255 0.0000000 18.4957979 571.1576289 0.0000000 20.2048649 572.8512956 0.0000000 28.9144653 562.6966746 0.0000000 28.4554401 574.7004978 0.0000000 27.3639246 574.6087818 0.0000000 32.4755280 562.6696881 0.0000000 34.8529802 574.4570635 0.0000000 33.3374789 574.6635006 0.0000000 36.0705968 561.7010339 0.0000000 40.6244693 572.8148322 0.0000000 39.6794218 573.1566286 0.0000000 39.5184635 560.1161008 0.0000000 46.1414339 570.1417506 0.0000000 45.0886686 570.7627061 0.0000000 42.7869069 557.7082043 0.0000000 50.6661973 566.7648124 0.0000000 50.1658121 567.1769490 0.0000000 46.1114982 554.6539855 0.0000000 54.5479808 563.1890397 0.0000000 54.3375315 563.3920497 0.0000000 60.0563602 540.5300799 0.0000000 68.5955934 548.9610642 0.0000000 58.0598840 559.6320458 0.0000000 81.1277790 519.1881167 0.0000000 89.6670122 527.6191011 0.0000000 86.1551090 531.1760949 0.0000000 89.6401395 510.9730723 0.0000000 93.9859950 508.6997752 0.0000000 96.0325136 521.1718704 0.0000000 171.4729723 534.7981116 0.0000000 166.7180306 533.2566195 0.0000000 170.4186727 521.8414870 0.0000000 175.1736144 523.3829792 0.0000000 198.5553687 530.9630492 0.0000000 200.9466294 543.5766789 0.0000000 196.0473405 542.7052993 0.0000000 202.8553552 531.7278379 0.0000000 201.3336462 543.6325709 0.0000000 217.1154713 533.3148505 0.0000000 222.1232946 545.1261973 0.0000000 217.1380620 545.3233362 0.0000000 221.5739164 533.1385433 0.0000000 222.2736244 545.1183628 0.0000000 237.5159506 543.8637741 0.0000000 232.5610092 544.4445817 0.0000000 235.8966340 531.9714280 0.0000000 237.9579270 543.7951818 0.0000000 240.5843575 531.0638216 0.0000000 247.7727919 541.8948917 0.0000000 242.8653594 542.8450367 0.0000000 255.3066549 528.2133865 0.0000000 262.4950893 539.0444567 0.0000000 257.5876568 539.9946017 0.0000000 270.0289523 525.3629515 0.0000000 277.2173867 536.1940216 0.0000000 272.3099542 537.1441666 0.0000000 279.8438172 523.4626614 0.0000000 287.0322516 534.2937316 0.0000000 282.1248192 535.2438766 0.0000000 289.6586822 521.5623714 0.0000000 296.8471166 532.3934415 0.0000000 291.9396841 533.3435865 0.0000000 304.3809796 518.7119363 0.0000000 311.5694140 529.5430065 0.0000000 306.6619815 530.4931515 0.0000000 314.1958445 516.8116463 0.0000000 321.3842789 527.6427164 0.0000000 316.4768464 528.5928614 0.0000000 324.0107095 514.9113563 0.0000000 331.1991438 525.7424264 0.0000000 326.2917114 526.6925714 0.0000000 338.7330069 512.0609212 0.0000000 345.9214412 522.8919913 0.0000000 341.0140088 523.8421363 0.0000000 365.5511711 519.0914112 0.0000000 360.6437386 520.0415563 0.0000000 358.3627367 508.2603411 0.0000000 409.7180633 510.5401061 0.0000000 404.8106309 511.4902511 0.0000000 407.4370614 498.7588909 0.0000000 439.1626581 504.8392360 0.0000000 434.2552257 505.7893810 0.0000000 431.9742237 494.0081658 0.0000000 451.6039536 490.2075858 0.0000000 456.5113861 489.2574407 0.0000000 458.7923880 501.0386559 0.0000000 461.4188185 488.3072957 0.0000000 466.3262510 487.3571507 0.0000000 463.6998205 500.0885109 0.0000000 481.0485484 484.5067156 0.0000000 485.9559809 483.5565706 0.0000000 488.2369828 495.3377858 0.0000000 495.7708458 481.6562806 0.0000000 500.6782783 480.7061356 0.0000000 498.0518477 493.4374957 0.0000000 515.4005757 477.8557005 0.0000000 520.3080081 476.9055555 0.0000000 517.6815776 489.6369156 0.0000000 544.8451705 472.1548304 0.0000000 549.7526029 471.2046854 0.0000000 547.1261724 483.9360455 0.0000000 571.6633347 479.1853204 0.0000000 566.7559023 480.1354655 0.0000000 569.3823328 467.4041053 0.0000000 579.1971978 465.5038153 0.0000000 584.1046302 464.5536702 0.0000000 581.4781997 477.2850304 0.0000000 603.7343601 460.7530902 0.0000000 608.6417926 459.8029451 0.0000000 610.9227945 471.5841603 0.0000000 613.5492250 458.8528001 0.0000000 618.4566575 457.9026551 0.0000000 620.7376594 469.6838702 0.0000000 630.5525243 467.7835802 0.0000000 625.6450919 468.7337252 0.0000000 623.3640900 456.9525101 0.0000000 635.4599568 466.8334352 0.0000000 628.2715224 456.0023651 0.0000000 664.9045516 461.1325651 0.0000000 659.9971192 462.0827101 0.0000000 662.6235497 449.3513499 0.0000000 669.8119841 460.1824200 0.0000000 674.7194166 459.2322750 0.0000000 672.4384146 447.4510599 0.0000000 677.3458471 446.5009149 0.0000000 679.6268490 458.2821300 0.0000000 682.2532796 445.5507698 0.0000000 687.1607120 444.6006248 0.0000000 684.5342815 457.3319850 0.0000000 694.3491464 455.4316949 0.0000000 689.4417140 456.3818400 0.0000000 692.0681445 443.6504798 0.0000000 701.8830094 441.7501898 0.0000000 706.7904419 440.8000447 0.0000000 709.0714438 452.5812599 0.0000000 713.9788763 451.6311149 0.0000000 711.6978744 439.8498997 0.0000000 733.6086062 447.8305348 0.0000000 728.7011737 448.7806798 0.0000000 726.4201718 436.9994647 0.0000000 731.3276042 436.0493196 0.0000000 736.2350367 435.0991746 0.0000000 743.4234711 445.9302448 0.0000000 738.5160386 446.8803898 0.0000000 753.5152220 443.9695285 0.0000000 753.2383360 444.0299547 0.0000000 750.8181774 432.2756822 0.0000000 758.3668855 442.7900310 0.0000000 755.3941275 431.1632139 0.0000000 768.2326953 439.8979013 0.0000000 763.4369039 441.3071754 0.0000000 760.0536761 429.7939756 0.0000000 764.8494676 428.3847015 0.0000000 773.0284867 438.4886272 0.0000000 768.4362358 427.3307066 0.0000000 778.9404832 434.1733660 0.0000000 775.2014495 437.3216948 0.0000000 770.9668904 425.1998532 0.0000000 779.4061179 433.7369225 0.0000000 776.2762728 419.5426746 0.0000000 786.3123598 426.3425079 0.0000000 782.9751857 430.0126883 0.0000000 787.7768796 423.3763175 0.0000000 788.9736586 401.7069839 0.0000000 789.7139805 406.6504232 0.0000000 777.7689278 407.9108976 0.0000000 789.7782627 407.6896373 0.0000000 777.1107406 403.5159065 0.0000000 776.4437853 399.3650734 0.0000000 787.7507957 395.2757295 0.0000000 788.1719117 396.7151171 0.0000000 785.7586524 390.6912956 0.0000000 772.7875337 390.9510981 0.0000000 783.7114898 385.9840355 0.0000000 783.7665092 386.1068617 0.0000000 771.0474594 387.1804542 0.0000000 780.8188369 380.1730139 0.0000000 781.6229966 381.4583872 0.0000000 770.9223377 368.1243589 0.0000000 771.3229176 368.5670441 0.0000000 762.2247434 376.3972775 0.0000000 767.4027287 364.6039225 0.0000000 759.0914614 373.2632589 0.0000000 763.2256116 361.0370114 0.0000000 767.0388817 364.2688282 0.0000000 751.6690286 366.9726100 0.0000000 759.3817122 357.7794107 0.0000000 759.4123415 357.8051945 0.0000000 747.9440963 363.8581310 0.0000000 755.3564811 354.4203588 0.0000000 755.5474839 354.5735476 0.0000000 732.2166534 351.7632790 0.0000000 739.5069966 342.2316533 0.0000000 743.4693677 345.2788297 0.0000000 739.4568418 342.1935003 0.0000000 728.2612216 348.7870243 0.0000000 735.4358882 339.1680617 0.0000000 735.4628032 339.1881960 0.0000000 720.2528475 342.8311137 0.0000000 727.4140284 333.2021216 0.0000000 731.4249583 336.1850917 0.0000000 716.2419176 339.8481437 0.0000000 719.3921685 327.2361816 0.0000000 723.4030984 330.2191516 0.0000000 704.2091278 330.8992336 0.0000000 711.3703087 321.2702415 0.0000000 715.3812386 324.2532116 0.0000000 696.1872680 324.9332936 0.0000000 703.3484488 315.3043015 0.0000000 707.3593788 318.2872715 0.0000000 688.1654081 318.9673535 0.0000000 695.3265890 309.3383614 0.0000000 699.3375189 312.3213315 0.0000000 684.1544782 315.9843835 0.0000000 687.3047292 303.3724214 0.0000000 691.3156591 306.3553914 0.0000000 676.1326184 310.0184434 0.0000000 679.2960614 297.4162924 0.0000000 683.2937992 300.3894514 0.0000000 648.3186539 266.2332964 0.0000000 651.7831445 269.8364858 0.0000000 639.6685197 274.5504580 0.0000000 644.8541633 262.6301070 0.0000000 636.2040291 270.9472686 0.0000000 641.3896727 259.0269176 0.0000000 632.7395385 267.3440792 0.0000000 629.2750479 263.7408898 0.0000000 625.8105573 260.1377004 0.0000000 637.9251821 255.4237282 0.0000000 618.9132704 252.9642848 0.0000000 627.4678230 244.5487206 0.0000000 627.5317103 244.6141600 0.0000000 615.4593072 249.4799363 0.0000000 623.9492271 240.9991709 0.0000000 623.8838491 240.9342230 0.0000000 630.9962009 248.2173494 0.0000000 594.3918358 192.1149210 0.0000000 596.4104204 196.6877741 0.0000000 585.4324261 201.5337663 0.0000000 588.3360820 178.3963618 0.0000000 590.3546666 182.9692149 0.0000000 577.3580877 183.2423540 0.0000000 586.3174974 173.8235087 0.0000000 575.3395031 178.6695009 0.0000000 573.3209185 174.0966478 0.0000000 582.2803283 164.6778026 0.0000000 584.2989128 169.2506557 0.0000000 571.5167613 170.0095534 0.0000000 581.7694980 163.7514922 0.0000000 578.9835849 159.6107124 0.0000000 566.3676645 162.5054355 0.0000000 576.0600225 155.4258123 0.0000000 578.9234122 159.5229660 0.0000000 563.9475694 159.5939880 0.0000000 560.5181516 157.3489235 0.0000000 567.0907884 147.3089810 0.0000000 556.4180788 154.6648155 0.0000000 552.3738414 152.2021854 0.0000000 548.1130491 149.9116313 0.0000000 553.7950944 139.3421298 0.0000000 544.4235890 147.9282190 0.0000000 543.0913659 135.3131691 0.0000000 547.8897986 136.4112266 0.0000000 540.7469355 147.0868657 0.0000000 542.4200554 135.1991848 0.0000000 526.0299106 133.5510194 0.0000000 527.5173335 133.5318811 0.0000000 526.9280149 145.5408167 0.0000000 521.0953230 134.2320631 0.0000000 522.8179597 146.1080632 0.0000000 516.0007458 135.0767253 0.0000000 520.9316336 134.2569607 0.0000000 503.1760812 149.3735431 0.0000000 496.2771943 138.3557834 0.0000000 501.2080822 137.5360188 0.0000000 493.3143055 151.0130721 0.0000000 486.4154186 139.9953124 0.0000000 491.3463065 139.1755479 0.0000000 483.4525297 152.6526011 0.0000000 476.5536429 141.6348414 0.0000000 481.4845307 140.8150769 0.0000000 405.3680288 109.1571061 0.0000000 408.4647524 113.0808761 0.0000000 395.9482803 116.5913739 0.0000000 355.8204505 46.3767847 0.0000000 358.9171742 50.3005548 0.0000000 349.4974257 57.7348227 0.0000000 340.2072548 45.9635124 0.0000000 337.1105311 42.0397424 0.0000000 349.6270032 38.5292446 0.0000000 340.3368323 26.7579343 0.0000000 343.4335559 30.6817044 0.0000000 334.0138075 38.1159723 0.0000000 327.8203602 30.2684321 0.0000000 324.7236365 26.3446620 0.0000000 337.2401087 22.8341643 0.0000000 321.6269129 22.4208919 0.0000000 331.0466614 14.9866241 0.0000000 318.5301892 18.4971219 0.0000000 315.4334656 14.5733518 0.0000000 327.9499377 11.0628540 0.0000000 318.6597668 -0.7084562 0.0000000 321.7564904 3.2153138 0.0000000 312.3367420 10.6495817 0.0000000 309.2400183 6.7258116 0.0000000 306.1432947 2.8020415 0.0000000 299.9498474 -5.0454986 0.0000000 309.3695959 -12.4797665 0.0000000 303.1761486 -20.3273067 0.0000000 306.2728722 -16.4035366 0.0000000 296.8531237 -8.9692687 0.0000000 293.7564001 -12.8930388 0.0000000 290.8233825 -16.6093816 0.0000000 292.2264169 -31.9612252 0.0000000 295.9523694 -28.6291167 0.0000000 287.7628638 -19.8543191 0.0000000 284.2270634 -23.0163751 0.0000000 288.5004644 -35.2933337 0.0000000 281.1511840 -25.7671251 0.0000000 282.7242989 -38.2940608 0.0000000 287.0617122 -36.2469261 0.0000000 278.3735665 -27.0780809 0.0000000 281.1112007 -38.7927058 0.0000000 269.9680309 -28.4227969 0.0000000 271.2395939 -40.3719636 0.0000000 276.1753973 -39.5823347 0.0000000 267.8162957 -28.3123903 0.0000000 261.9331976 -38.9408526 0.0000000 265.3130808 -40.1997352 0.0000000 263.5263083 -39.8302682 0.0000000 252.2124251 -30.4114399 0.0000000 254.0467346 -32.7970445 0.0000000 262.6475704 -24.2857872 0.0000000 250.3450240 -26.0192920 0.0000000 261.5978588 -21.8168540 0.0000000 248.9063087 -20.1306217 0.0000000 250.0165476 -25.0043306 0.0000000 247.1754924 -9.5963538 0.0000000 247.6769402 -14.5308458 0.0000000 259.1523432 -8.7603948 0.0000000 247.1466179 -8.8400403 0.0000000 259.2676058 -4.1424536 0.0000000 247.3960661 1.1539805 0.0000000 247.2713420 -3.8430299 0.0000000 247.6881598 11.7277971 0.0000000 247.6455143 11.1480013 0.0000000 259.6345166 10.5576454 0.0000000 248.2946063 16.6786483 0.0000000 260.1894478 15.0879410 0.0000000 249.1591458 21.8709586 0.0000000 248.3326746 16.9411904 0.0000000 261.8204532 24.8166273 0.0000000 250.8120881 31.7304950 0.0000000 249.9856169 26.8007268 0.0000000 265.9528089 49.4654682 0.0000000 254.9444438 56.3793359 0.0000000 254.1179726 51.4495677 0.0000000 269.2586934 69.1845410 0.0000000 258.2503283 76.0984087 0.0000000 257.4238572 71.1686405 0.0000000 272.5645780 88.9036138 0.0000000 261.5562129 95.8174815 0.0000000 260.7297417 90.8877133 0.0000000 275.8704625 108.6226866 0.0000000 264.8620974 115.5365543 0.0000000 264.0356263 110.6067861 0.0000000 279.1763471 128.3417593 0.0000000 268.1679820 135.2556270 0.0000000 267.3415109 130.3258588 0.0000000 282.4822317 148.0608321 0.0000000 271.4738666 154.9746998 0.0000000 270.6473954 150.0449316 0.0000000 284.9616451 162.8501367 0.0000000 273.1268088 164.8342362 0.0000000 272.3003377 159.9044680 0.0000000 285.7881162 167.7799049 0.0000000 274.7792382 174.6907130 0.0000000 273.9532800 169.7640044 0.0000000 290.4935715 197.4795786 0.0000000 278.6335503 199.3071168 0.0000000 277.8722943 194.3668579 0.0000000 292.7773395 212.3003554 0.0000000 280.9173182 214.1278936 0.0000000 280.1560623 209.1876347 0.0000000 295.8223634 232.0613911 0.0000000 283.9623422 233.8889293 0.0000000 283.2010862 228.9486704 0.0000000 298.1061314 246.8821679 0.0000000 286.2461101 248.7097061 0.0000000 285.4848541 243.7694472 0.0000000 300.3898993 261.7029447 0.0000000 288.5298781 263.5304829 0.0000000 287.7686221 258.5902240 0.0000000 302.6762358 276.5405487 0.0000000 291.5433068 283.1775651 0.0000000 290.8123498 278.3428479 0.0000000 305.1956514 296.5749780 0.0000000 293.7669537 302.1502914 0.0000000 293.2772302 297.9718442 0.0000000 303.4384154 318.0842493 0.0000000 290.8135530 320.6122315 0.0000000 291.6098141 316.0627402 0.0000000 261.9614512 361.1041457 0.0000000 265.7437524 357.8361392 0.0000000 273.5892171 366.9162649 0.0000000 254.3968488 367.6401588 0.0000000 262.2423135 376.7202845 0.0000000 258.4600123 379.9882911 0.0000000 250.6145476 370.9081653 0.0000000 254.6777112 383.2562976 0.0000000 239.2676441 380.7121850 0.0000000 246.8322465 374.1761719 0.0000000 212.2733539 376.2105300 0.0000000 223.5014027 369.6594545 0.0000000 224.1666161 374.6135599 0.0000000 208.9472866 351.4400031 0.0000000 220.8405488 349.8430330 0.0000000 221.5057623 354.7971384 0.0000000 206.2864327 331.6235816 0.0000000 216.1840546 315.1642954 0.0000000 218.1796950 330.0266115 0.0000000 200.9647250 291.9907387 0.0000000 211.5275603 280.4855578 0.0000000 212.8579872 290.3937686 0.0000000 191.8561792 176.9880897 0.0000000 191.5817254 171.9970634 0.0000000 203.5637606 171.3406796 0.0000000 203.0240957 161.3615246 0.0000000 203.2936220 166.3523696 0.0000000 191.0415562 162.0086314 0.0000000 190.5024552 152.0260443 0.0000000 190.2329046 147.0347507 0.0000000 202.2154441 146.3876439 0.0000000 189.9633541 142.0434571 0.0000000 189.4242530 132.0608700 0.0000000 201.4067925 131.4137632 0.0000000 200.8676915 121.4311761 0.0000000 201.1372420 126.4224697 0.0000000 188.8851520 122.0782829 0.0000000 188.0765004 107.1044022 0.0000000 187.8069498 102.1131086 0.0000000 200.0590399 106.4572954 0.0000000 187.2678488 92.1305215 0.0000000 199.7894893 101.4660018 0.0000000 186.9982982 87.1392279 0.0000000 199.2503883 91.4834147 0.0000000 182.4928772 -2.8232560 0.0000000 182.3093583 -7.8184526 0.0000000 194.3012679 -8.2590244 0.0000000 193.3836731 -33.2350078 0.0000000 193.5671921 -28.2398111 0.0000000 181.3917635 -32.7944360 0.0000000 193.0166352 -43.2254011 0.0000000 193.2001541 -38.2302045 0.0000000 181.0247256 -42.7848293 0.0000000 180.8412066 -47.7800260 0.0000000 180.6576876 -52.7752227 0.0000000 192.8331162 -48.2205978 0.0000000 192.2825593 -63.2061878 0.0000000 192.6495973 -53.2157945 0.0000000 192.0990404 -68.2013845 0.0000000 180.2906497 -62.7656160 0.0000000 179.9236118 -72.7560094 0.0000000 179.7400928 -77.7512060 0.0000000 191.9155214 -73.1965812 0.0000000 179.3730549 -87.7415994 0.0000000 179.1895360 -92.7367960 0.0000000 191.3649645 -88.1821712 0.0000000 190.9979266 -98.1725645 0.0000000 191.1814456 -93.1773678 0.0000000 190.8144077 -103.1677612 0.0000000 179.0060170 -97.7319927 0.0000000 190.4473697 -113.1581545 0.0000000 190.6308887 -108.1629578 0.0000000 178.6389791 -107.7223860 0.0000000 190.0803318 -123.1485478 0.0000000 190.2638508 -118.1533512 0.0000000 178.2719412 -117.7127794 0.0000000 189.8968129 -128.1437445 0.0000000 177.9049032 -127.7031727 0.0000000 173.4657094 -237.5563457 0.0000000 173.2609476 -242.5507167 0.0000000 185.2508750 -243.0422859 0.0000000 188.5270640 -163.1323501 0.0000000 188.7318258 -158.1379791 0.0000000 176.5371366 -162.6407809 0.0000000 186.0699223 -223.0648020 0.0000000 186.2746841 -218.0704310 0.0000000 174.2847566 -217.5788617 0.0000000 186.6842077 -208.0816890 0.0000000 186.8889695 -203.0873180 0.0000000 187.2984931 -193.0985761 0.0000000 174.8990421 -202.5957488 0.0000000 175.5133275 -187.6126358 0.0000000 175.3085657 -192.6070068 0.0000000 187.5032549 -188.1042051 0.0000000 174.6942803 -207.5901198 0.0000000 188.3223022 -168.1267211 0.0000000 177.3547961 -142.6765203 0.0000000 177.1514012 -147.6581758 0.0000000 189.1413910 -148.1482213 0.0000000 185.0461132 -248.0366569 0.0000000 173.0561858 -247.5450877 0.0000000 184.8413514 -253.0310279 0.0000000 172.8514240 -252.5394587 0.0000000 178.4554601 -112.7175827 0.0000000 171.7169172 -293.3222606 0.0000000 172.2135003 -298.2960996 0.0000000 183.6708221 -292.2630178 0.0000000 185.1473028 -307.0516365 0.0000000 184.6507198 -302.0777975 0.0000000 173.2066663 -308.2437776 0.0000000 179.8960906 -324.3868011 0.0000000 192.2950774 -321.3507429 0.0000000 189.8796501 -317.7288329 0.0000000 210.5564252 -330.5747455 0.0000000 206.4223062 -329.7301407 0.0000000 208.1544286 -342.3318886 0.0000000 213.0518339 -343.3324336 0.0000000 217.9492392 -344.3329786 0.0000000 215.4538305 -331.5752906 0.0000000 252.6609426 -330.6062324 0.0000000 247.9002518 -331.5423783 0.0000000 254.9762918 -342.3807455 0.0000000 284.9760928 -333.4955586 0.0000000 284.2787278 -320.5148286 0.0000000 279.7742251 -322.6816522 0.0000000 293.9850982 -329.1619115 0.0000000 288.7832305 -318.3480051 0.0000000 316.0513375 -315.5818076 0.0000000 313.2099899 -302.8966820 0.0000000 309.1274165 -305.7808220 0.0000000 350.5811389 -283.3035991 0.0000000 353.1730003 -279.0295000 0.0000000 340.6571491 -276.5259665 0.0000000 358.3567232 -270.4813018 0.0000000 348.0959440 -264.2590506 0.0000000 345.5040826 -268.5331497 0.0000000 380.3257246 -219.0680942 0.0000000 382.1185341 -214.4020999 0.0000000 369.1241271 -214.7641176 0.0000000 385.7041531 -205.0701112 0.0000000 387.4969626 -200.4041169 0.0000000 376.2953651 -196.1001403 0.0000000 378.0881746 -191.4341460 0.0000000 389.2196740 -195.9205610 0.0000000 391.1776070 -191.6733901 0.0000000 380.3300367 -186.5406921 0.0000000 387.2516501 -172.9683905 0.0000000 384.9793393 -177.4206116 0.0000000 395.6677339 -182.8757213 0.0000000 397.9400447 -178.4235002 0.0000000 400.2123554 -173.9712791 0.0000000 402.3694196 -169.7448648 0.0000000 389.5239609 -168.5161694 0.0000000 394.6695262 -159.4033601 0.0000000 392.0454020 -163.6228610 0.0000000 404.6366448 -166.0992451 0.0000000 395.1635874 -158.7209314 0.0000000 407.5739046 -162.5900006 0.0000000 401.5801987 -151.0547867 0.0000000 398.3718930 -154.8878591 0.0000000 416.8745514 -151.6561341 0.0000000 412.7247785 -139.5219837 0.0000000 408.8695835 -142.7036719 0.0000000 408.1883789 -143.3629744 0.0000000 464.9112765 -122.7624197 0.0000000 466.8725916 -109.9117811 0.0000000 462.0211621 -111.1156503 0.0000000 431.7607746 -139.3705506 0.0000000 435.4902945 -136.7222068 0.0000000 428.7015678 -126.8251757 0.0000000 433.2814586 -123.9866222 0.0000000 429.0265794 -126.6099163 0.0000000 451.9276656 -126.5879455 0.0000000 451.4828335 -113.7970708 0.0000000 446.9144250 -115.6743567 0.0000000 455.6362048 -125.0640037 0.0000000 452.3183032 -113.5233885 0.0000000 474.6141355 -120.3546814 0.0000000 471.7240211 -108.7079120 0.0000000 479.1827678 -119.2209876 0.0000000 477.1465140 -107.3914243 0.0000000 476.5754506 -107.5040428 0.0000000 483.4252112 -118.5963469 0.0000000 482.0608238 -106.6678606 0.0000000 487.8299374 -106.5191723 0.0000000 482.8321032 -106.6047431 0.0000000 514.1774664 -106.2232965 0.0000000 512.8191083 -106.0913181 0.0000000 512.3378043 -118.1013175 0.0000000 519.0561681 -107.2674012 0.0000000 516.4966950 -118.9913734 0.0000000 519.1523641 -107.2888160 0.0000000 530.9364105 -122.3305949 0.0000000 535.1061032 -123.4806851 0.0000000 534.0060088 -110.7291575 0.0000000 544.3061769 -114.5736837 0.0000000 539.7945143 -112.4218080 0.0000000 538.8068780 -112.0533396 0.0000000 557.1868453 -134.0122816 0.0000000 562.3528277 -123.1811863 0.0000000 557.8411650 -121.0293106 0.0000000 561.6823808 -136.1564653 0.0000000 566.8966985 -125.3485417 0.0000000 566.8644904 -125.3330619 0.0000000 566.1377963 -138.3141788 0.0000000 571.3953304 -127.5271845 0.0000000 589.3560431 -136.4489776 0.0000000 584.8793992 -134.2251681 0.0000000 579.5407259 -144.9721940 0.0000000 598.3093307 -140.8965967 0.0000000 593.8326869 -138.6727872 0.0000000 588.4940136 -149.4198131 0.0000000 601.9239451 -156.0912418 0.0000000 606.4005889 -158.3150514 0.0000000 607.2626184 -145.3442159 0.0000000 633.2604519 -171.6579087 0.0000000 637.7370958 -173.8817183 0.0000000 638.5991253 -160.9108828 0.0000000 647.5524129 -165.3585019 0.0000000 643.0757691 -163.1346923 0.0000000 642.0899572 -176.0440379 0.0000000 652.1540356 -167.9077716 0.0000000 647.7970151 -165.4871163 0.0000000 646.0006611 -178.2167304 0.0000000 652.7801724 -168.3083059 0.0000000 656.8159853 -171.2575232 0.0000000 657.7480563 -186.8012762 0.0000000 664.8876113 -177.1559578 0.0000000 660.8517983 -174.2067405 0.0000000 661.3422873 -189.5655116 0.0000000 669.5363467 -180.7903184 0.0000000 668.9614208 -180.2867492 0.0000000 668.1564137 -196.3479037 0.0000000 676.6218674 -187.8428409 0.0000000 674.3674125 -202.7922984 0.0000000 683.7133722 -195.2288305 0.0000000 680.3535443 -191.5658882 0.0000000 684.5697185 -196.4310123 0.0000000 680.1646277 -191.3691021 0.0000000 671.6024785 -199.7779197 0.0000000 700.1102354 -224.5288259 0.0000000 699.3099244 -222.2377881 0.0000000 688.3789191 -227.3415362 0.0000000 700.7524464 -229.3497561 0.0000000 688.8049853 -230.5399176 0.0000000 700.8049853 -230.1420357 0.0000000 696.7412298 -217.9497259 0.0000000 688.6013241 -238.4295763 0.0000000 699.8322965 -242.8483783 0.0000000 700.5050437 -240.4200564 0.0000000 684.5933991 -246.0939803 0.0000000 695.1996917 -251.7073652 0.0000000 697.5159941 -247.2778717 0.0000000 682.6647674 -249.6106774 0.0000000 691.6505820 -257.6162483 0.0000000 692.7472212 -256.1816861 0.0000000 684.4531517 -264.5545242 0.0000000 669.1777173 -262.5185974 0.0000000 672.6621794 -274.9177314 0.0000000 676.6546043 -271.9100391 0.0000000 677.1452496 -271.4975420 0.0000000 653.5419368 -274.2978089 0.0000000 660.5279281 -284.0551321 0.0000000 660.6849049 -283.9408083 0.0000000 649.7927282 -276.9365161 0.0000000 656.4470575 -286.9272642 0.0000000 655.9256848 -287.2555272 0.0000000 661.4492233 -268.3408565 0.0000000 664.6773298 -280.9331160 0.0000000 668.6697546 -277.9254237 0.0000000 346.2846422 -460.6775040 0.0000000 350.6457836 -458.2349410 0.0000000 344.7819513 -447.7652002 0.0000000 340.4208099 -450.2077633 0.0000000 336.0596685 -452.6503263 0.0000000 341.9235007 -463.1200671 0.0000000 337.5623593 -465.5626301 0.0000000 331.6985270 -455.0928894 0.0000000 322.9762441 -459.9780155 0.0000000 318.6151027 -462.4205785 0.0000000 324.4789349 -472.8903193 0.0000000 314.2539612 -464.8631416 0.0000000 309.8928198 -467.3057046 0.0000000 320.1177935 -475.3328823 0.0000000 307.0343692 -482.6605715 0.0000000 311.3955106 -480.2180084 0.0000000 301.1705369 -472.1908308 0.0000000 298.3120863 -487.5456976 0.0000000 302.6732277 -485.1031345 0.0000000 296.8093954 -474.6333938 0.0000000 292.4482540 -477.0759569 0.0000000 288.0871126 -479.5185199 0.0000000 289.5898034 -492.4308237 0.0000000 293.9509448 -489.9882607 0.0000000 285.2286619 -494.8733868 0.0000000 279.3648297 -484.4036460 0.0000000 275.0036882 -486.8462091 0.0000000 280.8675205 -497.3159498 0.0000000 266.2814053 -491.7313352 0.0000000 261.9202639 -494.1738982 0.0000000 267.7840961 -504.6436390 0.0000000 241.6172475 -519.2990173 0.0000000 245.9783889 -516.8564542 0.0000000 235.7534152 -508.8292766 0.0000000 231.3922738 -511.2718396 0.0000000 227.0311323 -513.7144027 0.0000000 237.2561060 -521.7415804 0.0000000 228.5338231 -526.6267065 0.0000000 232.8949646 -524.1841434 0.0000000 224.1726817 -529.0692695 0.0000000 222.6699909 -516.1569657 0.0000000 218.3088494 -518.5995288 0.0000000 213.9477080 -521.0420918 0.0000000 215.4503988 -533.9543956 0.0000000 219.8115402 -531.5118326 0.0000000 209.5865665 -523.4846549 0.0000000 205.2254251 -525.9272179 0.0000000 211.0892573 -536.3969587 0.0000000 202.3669745 -541.2820848 0.0000000 206.7281159 -538.8395217 0.0000000 196.5031422 -530.8123440 0.0000000 192.1420007 -533.2549071 0.0000000 198.0058330 -543.7246478 0.0000000 187.7808593 -535.6974701 0.0000000 183.4197179 -538.1400332 0.0000000 193.6446916 -546.1672109 0.0000000 184.9224087 -551.0523370 0.0000000 189.2835501 -548.6097739 0.0000000 180.5612672 -553.4949000 0.0000000 179.0585764 -540.5825963 0.0000000 176.2001258 -555.9374631 0.0000000 170.3362935 -545.4677224 0.0000000 171.8389843 -558.3800262 0.0000000 165.9751521 -547.9102854 0.0000000 163.1167014 -563.2651523 0.0000000 167.4778429 -560.8225892 0.0000000 161.6140106 -550.3528485 0.0000000 157.2528692 -552.7954115 0.0000000 152.8917277 -555.2379746 0.0000000 148.5305863 -557.6805376 0.0000000 154.3944186 -568.1502784 0.0000000 144.1694448 -560.1231007 0.0000000 150.0332771 -570.5928414 0.0000000 145.6721357 -573.0354045 0.0000000 139.8083034 -562.5656637 0.0000000 141.3109942 -575.4779675 0.0000000 135.4471620 -565.0082268 0.0000000 131.0860205 -567.4507898 0.0000000 126.7248791 -569.8933529 0.0000000 136.9498528 -577.9205306 0.0000000 122.3637376 -572.3359160 0.0000000 128.2275699 -582.8056567 0.0000000 115.1441455 -590.1333459 0.0000000 119.5052870 -587.6907828 0.0000000 109.2803133 -579.6636051 0.0000000 106.4218627 -595.0184720 0.0000000 110.7830041 -592.5759089 0.0000000 104.9191718 -582.1061682 0.0000000 102.0607212 -597.4610350 0.0000000 96.1968889 -586.9912943 0.0000000 93.3384383 -602.3461611 0.0000000 97.6995798 -599.9035981 0.0000000 91.8357475 -589.4338573 0.0000000 83.1134646 -594.3189834 0.0000000 78.7523232 -596.7615465 0.0000000 88.9772969 -604.7887242 0.0000000 75.8938725 -612.1164133 0.0000000 84.6161554 -607.2312872 0.0000000 71.5327311 -614.5589764 0.0000000 65.6688988 -604.0892356 0.0000000 62.8104482 -619.4441025 0.0000000 67.1715896 -617.0015394 0.0000000 61.3077574 -606.5317987 0.0000000 54.0881653 -624.3292286 0.0000000 58.4493068 -621.8866656 0.0000000 52.5854745 -611.4169248 0.0000000 49.7270239 -626.7717917 0.0000000 48.2243330 -613.8594879 0.0000000 45.3658824 -629.2143547 0.0000000 39.5442820 -618.7209610 0.0000000 40.8816819 -631.6325251 0.0000000 45.2810427 -629.2609762 0.0000000 35.2337124 -621.0446456 0.0000000 40.7888870 -631.6815054 0.0000000 29.4444006 -636.9331078 0.0000000 31.9073135 -636.2706587 0.0000000 27.5581634 -625.0106400 0.0000000 24.4705149 -637.1749321 0.0000000 14.9462690 -625.4677117 0.0000000 12.8220585 -624.8524337 0.0000000 12.5176071 -637.2574956 0.0000000 8.0735118 -635.9702624 0.0000000 5.6013726 -634.5486446 0.0000000 10.4845972 -622.6226898 0.0000000 1.5717741 -630.6633197 0.0000000 1.9844964 -631.0984453 0.0000000 7.9977921 -619.7235075 0.0000000 -2.5129227 -625.5701662 0.0000000 -1.6388466 -626.9202942 0.0000000 -15.2904710 -598.4368225 0.0000000 -13.1608796 -602.9590464 0.0000000 -2.3044300 -597.8465616 0.0000000 -12.9523869 -575.2354418 0.0000000 -15.0819782 -570.7132178 0.0000000 -23.8088365 -580.3479266 0.0000000 -16.9910375 -566.6592977 0.0000000 -25.9384279 -575.8257027 0.0000000 -28.0680192 -571.3034787 0.0000000 -29.7305675 -565.5838299 0.0000000 -28.4256190 -570.3360202 0.0000000 -18.0281947 -562.8823147 0.0000000 -29.9124454 -564.6167601 0.0000000 -19.0129338 -553.4300125 0.0000000 -31.4662851 -549.7017810 0.0000000 -30.9483385 -554.6734407 0.0000000 -20.0165515 -543.7964973 0.0000000 -32.0168863 -539.1138646 0.0000000 -32.0165292 -544.1088361 0.0000000 -8.6932041 -584.2798897 0.0000000 -10.8227955 -579.7576657 0.0000000 -19.5496537 -589.3923745 0.0000000 -19.7417918 -519.2037924 0.0000000 -31.6717350 -514.0402545 0.0000000 -31.7406512 -519.0383461 0.0000000 -19.4503219 -499.2773201 0.0000000 -31.4477770 -499.0260856 0.0000000 -31.5335887 -504.0237883 0.0000000 -31.4455424 -498.9356584 0.0000000 -31.2843940 -493.9396900 0.0000000 -18.6460385 -474.3426833 0.0000000 -30.4786524 -468.9598480 0.0000000 -30.6398008 -473.9558164 0.0000000 -18.1625935 -459.3547781 0.0000000 -29.9952075 -453.9719428 0.0000000 -30.1563558 -458.9679112 0.0000000 -17.1957036 -429.3789677 0.0000000 -29.0283176 -423.9961325 0.0000000 -29.1894659 -428.9921009 0.0000000 -17.0345553 -424.3829993 0.0000000 -28.8671693 -419.0001641 0.0000000 -16.2288137 -399.4031574 0.0000000 -28.0614277 -394.0203221 0.0000000 -28.2225760 -399.0162905 0.0000000 -15.9065171 -389.4112206 0.0000000 -27.7391310 -384.0283853 0.0000000 -27.9002794 -389.0243537 0.0000000 -14.9396271 -359.4354102 0.0000000 -26.7722411 -354.0525749 0.0000000 -26.9333894 -359.0485433 0.0000000 -13.6504406 -319.4676631 0.0000000 -25.4830546 -314.0848278 0.0000000 -25.6442029 -319.0807962 0.0000000 -13.3281440 -309.4757263 0.0000000 -24.5161647 -284.1090174 0.0000000 -25.3219063 -309.0888594 0.0000000 -10.2921694 -239.7854303 0.0000000 -21.9253870 -233.9842306 0.0000000 -22.2645192 -238.9712797 0.0000000 -10.6313016 -244.7724793 0.0000000 -22.6036514 -243.9583287 0.0000000 -23.2819157 -253.9324269 0.0000000 -11.6446486 -259.6740774 0.0000000 -23.6279614 -259.0386429 0.0000000 -23.8677787 -264.0306689 0.0000000 -23.6210479 -258.9194759 0.0000000 -14.2950339 -339.4515366 0.0000000 -26.1276479 -334.0687014 0.0000000 -26.2887962 -339.0646698 0.0000000 -8.9356407 -219.8372340 0.0000000 -20.9079905 -219.0230834 0.0000000 -21.2471227 -224.0101325 0.0000000 -8.2573764 -209.8631359 0.0000000 -20.2297261 -209.0489853 0.0000000 -20.5688583 -214.0360344 0.0000000 -20.0168834 -539.1545847 0.0000000 -19.5308803 -548.4583528 0.0000000 -4.4340213 -593.3243376 0.0000000 -6.5636127 -588.8021136 0.0000000 -11.0312882 -607.4812704 0.0000000 -0.1748386 -602.3687855 0.0000000 -8.9016968 -612.0034943 0.0000000 -4.6425141 -621.0479423 0.0000000 6.2139355 -615.9354574 0.0000000 257.5591224 -496.6164613 0.0000000 263.4229547 -507.0862020 0.0000000 276.5063790 -499.7585129 0.0000000 270.6425468 -489.2887721 0.0000000 315.7566520 -477.7754454 0.0000000 327.3373856 -457.5354524 0.0000000 333.2012178 -468.0051932 0.0000000 362.2265171 -437.9949480 0.0000000 357.8653757 -440.4375111 0.0000000 363.7292079 -450.9072518 0.0000000 366.5876586 -435.5523850 0.0000000 368.0903494 -448.4646887 0.0000000 370.9488000 -433.1098219 0.0000000 376.8126323 -443.5795626 0.0000000 385.5349152 -438.6944365 0.0000000 389.8960566 -436.2518735 0.0000000 384.0322244 -425.7821327 0.0000000 394.2571981 -433.8093104 0.0000000 398.6183395 -431.3667474 0.0000000 388.3933658 -423.3395697 0.0000000 402.9794810 -428.9241843 0.0000000 407.3406224 -426.4816213 0.0000000 397.1156487 -418.4544436 0.0000000 416.0629053 -421.5964952 0.0000000 410.1990730 -411.1267544 0.0000000 420.4240467 -419.1539321 0.0000000 424.7851882 -416.7113690 0.0000000 418.9213559 -406.2416283 0.0000000 423.2824974 -403.7990653 0.0000000 429.1463296 -414.2688060 0.0000000 436.3659217 -396.4713761 0.0000000 432.0047803 -398.9139391 0.0000000 442.2297540 -406.9411168 0.0000000 446.5908954 -404.4985538 0.0000000 440.7270631 -394.0288130 0.0000000 453.8104875 -386.7011239 0.0000000 449.4493460 -389.1436869 0.0000000 455.3131783 -399.6134277 0.0000000 464.0354612 -394.7283016 0.0000000 468.3966026 -392.2857385 0.0000000 458.1716289 -384.2585608 0.0000000 472.7577441 -389.8431755 0.0000000 462.5327704 -381.8159978 0.0000000 477.1188855 -387.4006124 0.0000000 481.4800270 -384.9580494 0.0000000 471.2550533 -376.9308717 0.0000000 485.8411684 -382.5154863 0.0000000 490.2023099 -380.0729232 0.0000000 484.3384776 -369.6031825 0.0000000 503.2857342 -372.7452341 0.0000000 507.6468756 -370.3026710 0.0000000 497.4219019 -362.2754933 0.0000000 519.2276092 -350.0626781 0.0000000 506.1441848 -357.3903672 0.0000000 512.0080171 -367.8601080 0.0000000 532.3110335 -342.7349889 0.0000000 523.5887506 -347.6201150 0.0000000 529.4525829 -358.0898558 0.0000000 538.1748658 -353.2047297 0.0000000 542.5360072 -350.7621666 0.0000000 546.8971487 -348.3196035 0.0000000 541.0333164 -337.8498628 0.0000000 551.2582901 -345.8770405 0.0000000 555.6194316 -343.4344774 0.0000000 545.3944578 -335.4072998 0.0000000 568.7028559 -336.1067883 0.0000000 573.0639973 -333.6642252 0.0000000 562.8390236 -325.6370475 0.0000000 577.4251388 -331.2216622 0.0000000 567.2001651 -323.1944845 0.0000000 581.7862802 -328.7790991 0.0000000 575.9224480 -318.3093584 0.0000000 584.6447309 -313.4242323 0.0000000 580.2835894 -315.8667953 0.0000000 586.1474217 -326.3365361 0.0000000 590.5085631 -323.8939730 0.0000000 594.8697046 -321.4514100 0.0000000 593.3670137 -308.5391062 0.0000000 589.0058723 -310.9816692 0.0000000 599.2308460 -319.0088469 0.0000000 606.4504381 -301.2114170 0.0000000 602.0892966 -303.6539801 0.0000000 607.9531289 -314.1237208 0.0000000 612.3142703 -311.6811577 0.0000000 616.6754118 -309.2385947 0.0000000 625.3976947 -304.3534686 0.0000000 619.5338624 -293.8837278 0.0000000 628.2561453 -288.9986017 0.0000000 623.8950039 -291.4411648 0.0000000 629.7588361 -301.9109055 0.0000000 634.1199776 -299.4683425 0.0000000 638.4811190 -297.0257794 0.0000000 641.3395696 -281.6709126 0.0000000 632.6172868 -286.5560387 0.0000000 657.4567984 -271.3485488 0.0000000 665.4416481 -265.3331643 0.0000000 681.2005955 -215.3506132 0.0000000 681.3095404 -215.5402365 0.0000000 691.6600411 -209.4674204 0.0000000 678.7902097 -210.9723978 0.0000000 689.3134235 -205.2050331 0.0000000 678.7683150 -210.9322672 0.0000000 665.0053366 -177.2442214 0.0000000 649.7358342 -180.9462517 0.0000000 620.6925499 -152.0156445 0.0000000 616.2159061 -149.7918350 0.0000000 615.3538766 -162.7626705 0.0000000 611.7392622 -147.5680254 0.0000000 602.7859746 -143.1204063 0.0000000 597.4473012 -153.8674323 0.0000000 580.4027554 -132.0013585 0.0000000 575.0640821 -142.7483845 0.0000000 570.5874382 -140.5245749 0.0000000 575.9261116 -129.7775490 0.0000000 571.4494677 -127.5537394 0.0000000 539.1401945 -125.4047790 0.0000000 493.0332005 -118.4318429 0.0000000 503.0288689 -118.2607012 0.0000000 502.8234399 -106.2624598 0.0000000 492.8277716 -106.4336014 0.0000000 488.0353663 -118.5174138 0.0000000 469.7627060 -121.5585506 0.0000000 457.1697326 -112.3195194 0.0000000 460.0598471 -123.9662888 0.0000000 424.6356174 -129.7124200 0.0000000 424.2903638 -129.9769191 0.0000000 420.4351687 -133.1586073 0.0000000 416.5799736 -136.3402955 0.0000000 424.2182149 -145.5954168 0.0000000 370.9169366 -210.0981233 0.0000000 365.5385081 -224.0961063 0.0000000 363.7456986 -228.7621006 0.0000000 376.7401056 -228.4000829 0.0000000 373.1544866 -237.7320715 0.0000000 374.9472961 -233.0660772 0.0000000 369.5688676 -247.0640602 0.0000000 371.3616771 -242.3980659 0.0000000 360.1600796 -238.0940893 0.0000000 358.3672701 -242.7600836 0.0000000 356.5744606 -247.4260779 0.0000000 367.7760581 -251.7300545 0.0000000 363.9203716 -261.1960943 0.0000000 365.8927649 -256.6181768 0.0000000 353.0641804 -256.0661996 0.0000000 363.5404462 -261.9331036 0.0000000 360.9485847 -266.2072027 0.0000000 346.3014406 -288.0001924 0.0000000 346.3548199 -287.9448335 0.0000000 337.6898085 -279.6430833 0.0000000 339.3162623 -295.1521125 0.0000000 330.7314973 -286.7674950 0.0000000 328.4337524 -306.2578322 0.0000000 328.8384950 -305.8799926 0.0000000 320.4473749 -297.2971077 0.0000000 324.6421636 -309.4831830 0.0000000 317.0722995 -300.1681476 0.0000000 324.2164842 -309.8135275 0.0000000 293.2328848 -316.2075655 0.0000000 298.4896009 -326.9950880 0.0000000 297.2390411 -314.1793827 0.0000000 298.5987512 -326.9412127 0.0000000 303.0517412 -324.6868130 0.0000000 275.2697224 -324.8484757 0.0000000 280.4715901 -335.6623821 0.0000000 271.3332261 -326.7420683 0.0000000 274.7866946 -338.2516661 0.0000000 275.9670873 -337.8292057 0.0000000 269.9530804 -339.4295457 0.0000000 249.7825397 -343.3947416 0.0000000 250.0716511 -343.3451978 0.0000000 239.4292695 -344.5289344 0.0000000 244.4145167 -344.1642707 0.0000000 243.3227992 -332.2120668 0.0000000 234.4440224 -344.8935980 0.0000000 238.5538259 -332.5609104 0.0000000 233.5685787 -332.9255740 0.0000000 224.2655013 -345.4509956 0.0000000 229.2389119 -345.2702931 0.0000000 224.5462309 -333.4328774 0.0000000 222.8466445 -345.3335236 0.0000000 201.7955843 -340.8297068 0.0000000 203.2570233 -341.3313436 0.0000000 197.3304659 -338.6187635 0.0000000 202.7218983 -327.8978507 0.0000000 197.1981865 -338.5512128 0.0000000 194.6999480 -323.6753121 0.0000000 183.4912250 -329.5304960 0.0000000 186.9764630 -332.8993578 0.0000000 182.6694488 -328.5454251 0.0000000 187.2222159 -313.7440358 0.0000000 176.9032569 -319.8728806 0.0000000 177.1227325 -320.2281771 0.0000000 185.5171392 -310.7559645 0.0000000 173.7032494 -313.2176165 0.0000000 174.4623123 -315.5952336 0.0000000 172.7100833 -303.2699386 0.0000000 171.8276149 -277.5113136 0.0000000 171.6228531 -282.5056846 0.0000000 183.6127805 -282.9972539 0.0000000 183.8175423 -278.0028829 0.0000000 184.6365896 -258.0253989 0.0000000 174.0799948 -222.5732327 0.0000000 189.3453064 -143.1538174 0.0000000 189.3462560 -143.1293345 0.0000000 178.0884222 -122.7079761 0.0000000 191.7320025 -78.1917778 0.0000000 182.6763962 2.1719407 0.0000000 194.6683058 1.7313689 0.0000000 194.8518248 6.7265656 0.0000000 182.8599152 7.1671374 0.0000000 183.0434341 12.1623340 0.0000000 195.0353437 11.7217622 0.0000000 183.2311875 17.2523424 0.0000000 183.2269531 17.1575307 0.0000000 195.2171204 16.6695363 0.0000000 183.4941413 22.2524115 0.0000000 183.4936906 22.2439557 0.0000000 195.4769091 21.6095324 0.0000000 195.7462313 26.5965983 0.0000000 183.7636918 27.2437051 0.0000000 184.0332424 32.2349986 0.0000000 196.0157819 31.5878918 0.0000000 184.3027929 37.2262922 0.0000000 196.2853324 36.5791854 0.0000000 196.5548829 41.5704790 0.0000000 184.5723434 42.2175858 0.0000000 197.3635345 56.5443597 0.0000000 197.6330851 61.5356533 0.0000000 185.3809950 57.1914665 0.0000000 185.9200961 67.1740536 0.0000000 185.6505456 62.1827600 0.0000000 184.8418940 47.2088793 0.0000000 196.8244335 46.5617726 0.0000000 186.1896466 72.1653472 0.0000000 198.1721861 71.5182404 0.0000000 198.9808377 86.4921211 0.0000000 201.9458936 141.3963504 0.0000000 202.4849946 151.3789375 0.0000000 202.7545452 156.3702311 0.0000000 190.7720057 157.0173378 0.0000000 204.1125309 181.3202382 0.0000000 204.6614384 191.3022909 0.0000000 192.6795404 191.9611688 0.0000000 193.2284479 201.9432215 0.0000000 192.9539942 196.9521952 0.0000000 205.2103459 201.2843437 0.0000000 205.4847997 206.2753700 0.0000000 193.5029017 206.9342479 0.0000000 209.6125000 356.3941085 0.0000000 194.6007167 226.8983533 0.0000000 194.3262629 221.9073270 0.0000000 206.3081609 221.2484491 0.0000000 194.0518092 216.9163006 0.0000000 206.5826147 226.2394754 0.0000000 206.8570684 231.2305018 0.0000000 215.5188411 310.2101901 0.0000000 203.6255789 311.8071602 0.0000000 201.6299385 296.9448440 0.0000000 195.6985317 246.8624588 0.0000000 195.4240779 241.8714324 0.0000000 207.6804297 246.2035809 0.0000000 207.9543385 251.1846975 0.0000000 208.2315440 255.9388324 0.0000000 195.9741081 251.8733027 0.0000000 196.2650355 256.8627726 0.0000000 196.3082308 257.3120011 0.0000000 199.6342981 282.0825279 0.0000000 198.9690846 277.1284226 0.0000000 207.1315222 236.2215282 0.0000000 194.8751704 231.8893797 0.0000000 211.6081404 371.2564246 0.0000000 224.8009744 379.3378743 0.0000000 212.9385673 381.1646353 0.0000000 213.0179186 381.6211509 0.0000000 218.7412215 394.3520020 0.0000000 217.1158874 392.4867376 0.0000000 226.9778678 385.5340759 0.0000000 222.4276289 397.1333465 0.0000000 228.6689816 386.8099984 0.0000000 224.6135801 398.1713240 0.0000000 233.4301451 398.9288651 0.0000000 231.4555723 399.4864346 0.0000000 229.4085913 399.3461134 0.0000000 230.1787314 387.1798908 0.0000000 237.9375150 396.7680121 0.0000000 232.3096258 386.1583306 0.0000000 242.8426186 393.4400016 0.0000000 238.7782912 396.2773645 0.0000000 235.7196404 383.7777525 0.0000000 247.1131088 389.7923107 0.0000000 243.3308076 393.0603173 0.0000000 281.1538194 360.3802518 0.0000000 277.3715182 363.6482584 0.0000000 269.5260535 354.5681326 0.0000000 273.3083547 351.3001261 0.0000000 277.0249047 348.0889303 0.0000000 279.9661106 345.3950089 0.0000000 285.0659503 356.9967435 0.0000000 289.8573087 352.2489780 0.0000000 288.7360208 353.6352375 0.0000000 286.7944965 333.7671161 0.0000000 299.5612614 333.5062283 0.0000000 297.9562331 338.2154013 0.0000000 288.1581943 329.7660098 0.0000000 299.6445097 333.2421760 0.0000000 302.5774084 323.0036704 0.0000000 303.4542167 317.9895078 0.0000000 305.7547679 303.1088391 0.0000000 305.0303834 308.0469115 0.0000000 305.7775122 301.5395633 0.0000000 304.6137907 291.6103927 0.0000000 303.4234377 281.4827134 0.0000000 303.4500692 281.6812222 0.0000000 301.9124113 271.5834625 0.0000000 302.6736672 276.5237215 0.0000000 298.8673873 251.8224268 0.0000000 299.6286433 256.7626857 0.0000000 296.5836194 237.0016500 0.0000000 297.3448754 241.9419089 0.0000000 294.2998514 222.1808732 0.0000000 295.0611074 227.1211322 0.0000000 291.2548275 202.4198375 0.0000000 292.0160835 207.3600964 0.0000000 276.3497824 184.4863400 0.0000000 288.2098036 182.6588018 0.0000000 288.9710596 187.5990607 0.0000000 275.5940915 179.5821968 0.0000000 287.4369778 177.6463818 0.0000000 287.4485476 177.7185428 0.0000000 286.6156101 172.7157927 0.0000000 289.7323156 192.5393196 0.0000000 279.3948063 204.2473757 0.0000000 280.0028182 133.2715275 0.0000000 276.6969337 113.5524547 0.0000000 273.3910491 93.8333820 0.0000000 270.0851646 74.1143092 0.0000000 266.7792800 54.3952364 0.0000000 251.6385592 36.6602632 0.0000000 262.6469243 29.7463955 0.0000000 263.4733954 34.6761637 0.0000000 259.3923299 0.8545568 0.0000000 260.6065642 -17.4652844 0.0000000 269.9843088 -40.4394184 0.0000000 300.0794249 -24.2510767 0.0000000 362.0138978 54.2243249 0.0000000 365.1106214 58.1480950 0.0000000 368.2073451 62.0718651 0.0000000 355.6908730 65.5823629 0.0000000 371.3040687 65.9956352 0.0000000 358.7875966 69.5061329 0.0000000 374.4007924 69.9194052 0.0000000 364.9810439 77.3536731 0.0000000 371.1744912 85.2012133 0.0000000 368.0777675 81.2774432 0.0000000 380.5942397 77.7669454 0.0000000 383.6909633 81.6907155 0.0000000 386.7876869 85.6144856 0.0000000 377.3679385 93.0487534 0.0000000 389.8844106 89.5382556 0.0000000 392.9811342 93.4620257 0.0000000 380.4646621 96.9725235 0.0000000 386.6581094 104.8200637 0.0000000 383.5613858 100.8962936 0.0000000 396.0778579 97.3857958 0.0000000 399.1745815 101.3095659 0.0000000 402.2713052 105.2333360 0.0000000 392.8515567 112.6676038 0.0000000 411.4958272 116.9214644 0.0000000 399.0450040 120.5151440 0.0000000 402.2759217 124.6029077 0.0000000 402.1417276 124.4389141 0.0000000 406.0063250 128.9325443 0.0000000 405.5023300 128.4067024 0.0000000 414.4176809 120.3662024 0.0000000 409.6777468 132.3246426 0.0000000 417.8211171 123.5107036 0.0000000 420.6920123 142.5009374 0.0000000 417.0205905 139.1088391 0.0000000 428.3021116 133.1942989 0.0000000 426.2209963 145.7555424 0.0000000 421.8606816 143.3449201 0.0000000 431.9563620 135.2145700 0.0000000 426.3633540 145.8317627 0.0000000 440.0362267 139.4017339 0.0000000 436.7624259 150.9753300 0.0000000 435.2394296 150.4315407 0.0000000 453.5162569 142.1035138 0.0000000 458.0144739 142.4713626 0.0000000 457.1724219 154.4425600 0.0000000 452.2031652 154.0361912 0.0000000 451.5382470 153.9441420 0.0000000 462.8734136 142.6469317 0.0000000 462.4400978 154.6391057 0.0000000 467.4882948 142.8136822 0.0000000 473.1496348 154.3487577 0.0000000 468.1949428 154.7989048 0.0000000 471.8422646 142.4181123 0.0000000 473.5907540 154.2921302 0.0000000 478.5216419 153.4723657 0.0000000 488.3834176 151.8328366 0.0000000 498.2451933 150.1933076 0.0000000 511.0698579 135.8964898 0.0000000 517.9687448 146.9142495 0.0000000 513.0378569 147.7340140 0.0000000 537.4524814 134.6434169 0.0000000 536.1182559 146.5690130 0.0000000 589.4695953 210.6794724 0.0000000 587.4510107 206.1066193 0.0000000 598.4290050 201.2606272 0.0000000 600.4475896 205.8334802 0.0000000 602.4661742 210.4063333 0.0000000 604.3577762 214.6915230 0.0000000 591.4881799 215.2523255 0.0000000 596.2897931 224.7470470 0.0000000 596.2749741 224.7213378 0.0000000 606.6789140 218.7415174 0.0000000 598.7967267 229.0715068 0.0000000 609.1784064 223.0531409 0.0000000 603.8105940 237.7204265 0.0000000 601.3036604 233.3959667 0.0000000 613.7946010 231.0160755 0.0000000 608.3108677 242.4864934 0.0000000 604.7704852 238.9655441 0.0000000 616.7552628 233.9604861 0.0000000 608.3460145 242.5211608 0.0000000 650.0619915 285.3600262 0.0000000 646.5975009 281.7568368 0.0000000 658.7121257 277.0428645 0.0000000 656.9909727 292.5664050 0.0000000 653.5264821 288.9632156 0.0000000 665.6411069 284.2492433 0.0000000 669.1055975 287.8524327 0.0000000 672.5700881 291.4556221 0.0000000 660.4554633 296.1695944 0.0000000 675.7010210 294.7119000 0.0000000 663.9199539 299.7727838 0.0000000 668.1025910 304.0121941 0.0000000 667.3844445 303.3759732 0.0000000 672.0953582 307.0157791 0.0000000 672.1216884 307.0354734 0.0000000 680.1435483 313.0014135 0.0000000 692.1763380 321.9503235 0.0000000 708.2200577 333.8822036 0.0000000 712.2309876 336.8651737 0.0000000 724.2637774 345.8140837 0.0000000 751.3941100 351.3731824 0.0000000 744.0787896 360.8856000 0.0000000 777.6535305 376.3043573 0.0000000 768.3660922 383.9032711 0.0000000 777.6699130 411.8551765 0.0000000 789.6544983 412.6198183 0.0000000 741.1424692 434.1490296 0.0000000 704.1640114 453.5314049 0.0000000 638.0863874 454.1020750 0.0000000 652.8086848 451.2516400 0.0000000 655.0896867 463.0328551 0.0000000 633.1789549 455.0522200 0.0000000 598.8269276 461.7032352 0.0000000 606.0153620 472.5343053 0.0000000 593.9194952 462.6533802 0.0000000 601.1079295 473.4844503 0.0000000 596.2004971 474.4345953 0.0000000 591.2930646 475.3847404 0.0000000 586.3856321 476.3348854 0.0000000 559.5674679 469.3043953 0.0000000 564.4749004 468.3542503 0.0000000 561.8484698 481.0856105 0.0000000 556.9410373 482.0357555 0.0000000 554.6600354 470.2545403 0.0000000 539.9377380 473.1049754 0.0000000 542.2187399 484.8861905 0.0000000 537.3113075 485.8363356 0.0000000 535.0303055 474.0551204 0.0000000 530.1228731 475.0052654 0.0000000 532.4038750 486.7864806 0.0000000 527.4964425 487.7366256 0.0000000 512.7741451 490.5870607 0.0000000 510.4931432 478.8058455 0.0000000 505.5857107 479.7559905 0.0000000 507.8667127 491.5372057 0.0000000 493.1444153 494.3876407 0.0000000 490.8634133 482.6064256 0.0000000 483.3295503 496.2879308 0.0000000 478.4221179 497.2380758 0.0000000 476.1411159 485.4568607 0.0000000 471.2336835 486.4070057 0.0000000 473.5146854 498.1882208 0.0000000 453.8849555 501.9888009 0.0000000 448.9775231 502.9389459 0.0000000 441.7890887 492.1078758 0.0000000 446.6965211 491.1577308 0.0000000 417.2519263 496.8586009 0.0000000 419.5329283 508.6398160 0.0000000 397.6221965 500.6591810 0.0000000 402.5296289 499.7090360 0.0000000 387.8073315 502.5594710 0.0000000 399.9031984 512.4403961 0.0000000 390.0883334 514.3406862 0.0000000 385.1809010 515.2908312 0.0000000 380.2734685 516.2409762 0.0000000 382.8998991 503.5096160 0.0000000 368.1776017 506.3600511 0.0000000 377.9924666 504.4597610 0.0000000 355.7363062 520.9917013 0.0000000 348.5478718 510.1606312 0.0000000 353.4553043 509.2104861 0.0000000 343.6404393 511.1107762 0.0000000 333.8255744 513.0110662 0.0000000 319.1032770 515.8615013 0.0000000 309.2884121 517.7617913 0.0000000 294.5661146 520.6122264 0.0000000 284.7512497 522.5125164 0.0000000 274.9363848 524.4128065 0.0000000 265.1215198 526.3130965 0.0000000 250.3992224 529.1635316 0.0000000 137.1340806 511.0510418 0.0000000 141.8890223 512.5925340 0.0000000 133.4334385 522.4661742 0.0000000 121.9462275 506.2062206 0.0000000 122.8692554 506.4265653 0.0000000 119.6213874 517.9884814 0.0000000 115.4271937 517.3323907 0.0000000 117.0396221 505.4386886 0.0000000 106.5828925 504.6485255 0.0000000 116.5530234 505.3828056 0.0000000 106.9324146 516.7067672 0.0000000 99.4873886 506.5813266 0.0000000 104.1852325 504.9604337 0.0000000 99.2248143 519.5019925 0.0000000 94.6507165 508.4019585 0.0000000 99.3280133 506.6388466 0.0000000 88.1515853 512.0741290 0.0000000 84.6396822 515.6311228 0.0000000 67.0801665 533.4160922 0.0000000 77.6158759 522.7451106 0.0000000 63.5682634 536.9730860 0.0000000 7.9338777 449.8903400 0.0000000 7.7326603 444.8958249 0.0000000 19.9241510 449.4072798 0.0000000 13.2381100 259.6574693 0.0000000 13.3773492 264.6540963 0.0000000 1.3820058 264.9883662 0.0000000 1.2427666 259.9917392 0.0000000 1.1035274 254.9951122 0.0000000 13.0988708 254.6608423 0.0000000 12.8203924 244.6675883 0.0000000 0.8250490 245.0018582 0.0000000 12.6811532 239.6709613 0.0000000 0.6858098 240.0052312 0.0000000 11.8457180 209.6911993 0.0000000 12.5419140 234.6743343 0.0000000 -0.1496254 210.0254692 0.0000000 11.7064789 204.6945722 0.0000000 -0.2888646 205.0288421 0.0000000 -0.8458214 185.0423341 0.0000000 -0.9850606 180.0457071 0.0000000 11.1495221 184.7080642 0.0000000 10.8710437 174.7148102 0.0000000 11.0102829 179.7114372 0.0000000 -1.1242998 175.0490801 0.0000000 9.8963693 139.7384212 0.0000000 10.0356085 144.7350482 0.0000000 -2.0989741 140.0726911 0.0000000 9.7571301 134.7417942 0.0000000 -2.2382133 135.0760641 0.0000000 9.4786517 124.7485402 0.0000000 9.6178909 129.7451672 0.0000000 -2.5166917 125.0828101 0.0000000 -4.6052797 50.1334050 0.0000000 -4.7445189 45.1367780 0.0000000 7.3900637 49.7991351 0.0000000 -13.4470827 -109.3080041 0.0000000 -1.4747329 -110.1221547 0.0000000 -1.1356008 -105.1351056 0.0000000 -12.4296862 -94.3468569 0.0000000 -0.4573364 -95.1610075 0.0000000 -0.1182042 -90.1739584 0.0000000 -4.8837581 40.1401510 0.0000000 -5.0229973 35.1435240 0.0000000 7.1115853 39.8058811 0.0000000 6.9723461 34.8092541 0.0000000 6.8331069 29.8126271 0.0000000 -5.1622365 30.1468970 0.0000000 -10.3948931 -64.4245625 0.0000000 1.5774566 -65.2387131 0.0000000 1.9165888 -60.2516640 0.0000000 -5.3014757 25.1502700 0.0000000 6.6938677 24.8160001 0.0000000 -9.0383644 -44.4763663 0.0000000 2.9339853 -45.2905169 0.0000000 3.2731175 -40.3034678 0.0000000 -5.4407149 20.1536430 0.0000000 -5.5799541 15.1570160 0.0000000 6.4153893 14.8227461 0.0000000 -8.3601001 -34.5022681 0.0000000 3.6122497 -35.3164187 0.0000000 4.2905140 -25.3423206 0.0000000 -7.6818357 -24.5281700 0.0000000 4.6296462 -20.3552715 0.0000000 -7.0035714 -14.5540719 0.0000000 4.9687784 -15.3682225 0.0000000 5.9861749 -0.4070753 0.0000000 5.9976717 -0.1671349 0.0000000 -5.9943253 0.2872202 0.0000000 5.6470427 -5.3941244 0.0000000 -4.1875621 65.1232860 0.0000000 -4.3268013 60.1266590 0.0000000 7.6685421 59.7923891 0.0000000 -14.4644792 -124.2691513 0.0000000 -2.4921294 -125.0833019 0.0000000 -2.1529973 -120.0962528 0.0000000 -15.4818757 -139.2302984 0.0000000 -3.5095260 -140.0444490 0.0000000 -3.1703938 -135.0574000 0.0000000 7.8077813 64.7890161 0.0000000 7.9470205 69.7856431 0.0000000 -4.0483229 70.1199130 0.0000000 -16.4992722 -154.1914456 0.0000000 -4.5269225 -155.0055962 0.0000000 -4.1877903 -150.0185472 0.0000000 8.0862597 74.7822701 0.0000000 8.3647381 84.7755241 0.0000000 -3.6306053 85.1097940 0.0000000 8.5039773 89.7721511 0.0000000 -3.4913661 90.1064210 0.0000000 8.6432165 94.7687781 0.0000000 -3.3521269 95.1030480 0.0000000 -3.2128877 100.0996750 0.0000000 -3.0736485 105.0963020 0.0000000 8.7824557 99.7654051 0.0000000 -2.7951701 115.0895561 0.0000000 8.9216949 104.7620322 0.0000000 -18.5340653 -184.1137400 0.0000000 -6.5617155 -184.9278906 0.0000000 -6.2225833 -179.9408415 0.0000000 -18.8731975 -189.1007891 0.0000000 -7.2399799 -194.9019887 0.0000000 -6.9008477 -189.9149397 0.0000000 -19.8905940 -204.0619362 0.0000000 -7.9182442 -204.8760868 0.0000000 -7.5791120 -199.8890378 0.0000000 -8.5965086 -214.8501850 0.0000000 -21.5862548 -228.9971816 0.0000000 -9.6139051 -229.8113322 0.0000000 -9.2747729 -224.8242831 0.0000000 9.2001733 114.7552862 0.0000000 9.3394125 119.7519132 0.0000000 -2.6559309 120.0861831 0.0000000 -11.3095659 -254.7465775 0.0000000 -24.0327197 -269.1211122 0.0000000 -12.3612541 -279.4999159 0.0000000 -12.0389574 -269.5079791 0.0000000 -13.4892923 -314.4716947 0.0000000 -14.1338856 -334.4555682 0.0000000 -26.4499445 -344.0606382 0.0000000 -14.6173305 -349.4434734 0.0000000 -14.4561822 -344.4475050 0.0000000 -26.6110928 -349.0566066 0.0000000 -14.7784788 -354.4394418 0.0000000 -15.7453687 -384.4152522 0.0000000 -16.0676654 -394.4071890 0.0000000 -16.8734070 -419.3870309 0.0000000 -17.3568519 -434.3749361 0.0000000 -18.0014452 -454.3588097 0.0000000 -31.1232457 -488.9437216 0.0000000 -19.2906317 -494.3265569 0.0000000 -19.1294834 -489.3305885 0.0000000 -19.8107080 -524.2018840 0.0000000 -31.8784837 -529.0345293 0.0000000 -19.9485404 -534.1980672 0.0000000 -19.8796242 -529.1999756 0.0000000 -31.9473999 -534.0326208 0.0000000 -19.5514618 -199.0748872 0.0000000 -19.2123296 -194.0878381 0.0000000 -18.1949331 -179.1266909 0.0000000 -16.8384044 -159.1784947 0.0000000 -3.8486581 -145.0314981 0.0000000 -15.8210079 -144.2173475 0.0000000 -2.8312616 -130.0703509 0.0000000 -14.8036114 -129.2562003 0.0000000 -15.1427436 -134.2432494 0.0000000 -13.7862149 -114.2950531 0.0000000 -14.1253470 -119.2821022 0.0000000 -13.1079505 -104.3209550 0.0000000 -0.7964686 -100.1480565 0.0000000 -12.7688183 -99.3339059 0.0000000 0.5600601 -80.1998603 0.0000000 -11.4122896 -79.3857097 0.0000000 -11.7514218 -84.3727588 0.0000000 -10.7340253 -69.4116116 0.0000000 -9.7166288 -54.4504644 0.0000000 -10.0557610 -59.4375134 0.0000000 -9.3774966 -49.4634153 0.0000000 -8.6992323 -39.4893172 0.0000000 -7.3427036 -19.5411209 0.0000000 5.3079105 -10.3811734 0.0000000 -6.3253071 -4.5799738 0.0000000 -6.6644392 -9.5670228 0.0000000 14.0735452 289.6372313 0.0000000 3.5070954 340.0110090 0.0000000 16.1010208 354.5114939 0.0000000 18.7168467 419.4401895 0.0000000 19.3204988 434.4237347 0.0000000 20.3265857 459.3963099 0.0000000 20.9302379 474.3798550 0.0000000 21.7351074 494.3579152 0.0000000 10.9521384 524.8080657 0.0000000 93.1789153 524.0621072 0.0000000 195.2476810 542.5055725 0.0000000 216.2373353 545.2912070 0.0000000 231.3191481 532.5079911 0.0000000 232.2498965 544.4728614 0.0000000 252.6802244 540.9447467 0.0000000 336.1065763 524.7922814 0.0000000 444.0700906 503.8890909 0.0000000 468.6072529 499.1383658 0.0000000 525.2154406 475.9554105 0.0000000 574.2897653 466.4539603 0.0000000 667.5309822 448.4012049 0.0000000 748.3309036 444.9800997 0.0000000 774.1504259 421.8806532 0.0000000 782.8661458 430.1294475 0.0000000 788.9638446 401.6437551 0.0000000 740.1164185 357.8384236 0.0000000 747.4317388 348.3260060 0.0000000 634.4606915 251.8205388 0.0000000 611.9191300 246.0166600 0.0000000 620.3107336 237.4387238 0.0000000 583.4138415 196.9609132 0.0000000 581.3952569 192.3880601 0.0000000 569.0569483 166.3534653 0.0000000 562.9086783 144.5711674 0.0000000 558.1977909 141.7089700 0.0000000 549.3923979 136.9752897 0.0000000 508.1069691 148.5537785 0.0000000 506.1389701 136.7162543 0.0000000 343.3039784 49.8872825 0.0000000 352.7237269 42.4530147 0.0000000 346.5302796 34.6054745 0.0000000 330.9170838 34.1922022 0.0000000 334.1433850 18.9103942 0.0000000 324.8532141 7.1390839 0.0000000 296.3175535 -28.2734854 0.0000000 257.9899661 -35.8689485 0.0000000 259.5781914 -12.9509499 0.0000000 265.1263377 44.5357001 0.0000000 253.2915015 46.5197996 0.0000000 268.4322223 64.2547728 0.0000000 256.5973860 66.2388723 0.0000000 271.7381068 83.9738456 0.0000000 259.9032706 85.9579451 0.0000000 275.0439914 103.6929184 0.0000000 263.2091552 105.6770179 0.0000000 266.5150397 125.3960906 0.0000000 269.8209243 145.1151634 0.0000000 282.4398302 224.0084115 0.0000000 284.7235981 238.8291883 0.0000000 301.1511553 266.6432036 0.0000000 289.2911340 268.4707418 0.0000000 290.0523900 273.4110008 0.0000000 269.8069159 370.1842715 0.0000000 210.8623469 275.5314525 0.0000000 191.3111553 167.0008221 0.0000000 188.3460509 112.0956957 0.0000000 186.7287477 82.1479343 0.0000000 193.9342300 -18.2494178 0.0000000 181.9423204 -17.8088460 0.0000000 179.5565739 -82.7464027 0.0000000 173.8752330 -227.5676037 0.0000000 187.7080168 -183.1098341 0.0000000 176.3323748 -167.6351518 0.0000000 175.7180893 -182.6182648 0.0000000 185.4556368 -238.0479150 0.0000000 172.6466621 -257.5338297 0.0000000 264.7855733 -340.4518409 0.0000000 305.0448432 -308.6649621 0.0000000 349.7965111 -284.3294233 0.0000000 355.7648618 -274.7554009 0.0000000 367.3313176 -219.4301120 0.0000000 380.4347178 -186.3250539 0.0000000 404.8891849 -147.1045270 0.0000000 420.3630199 -148.7771050 0.0000000 446.0460963 -116.1167400 0.0000000 524.0224072 -108.4150260 0.0000000 507.8212741 -106.1768889 0.0000000 548.1635199 -129.7085303 0.0000000 553.3295023 -118.8774350 0.0000000 584.0173697 -147.1960036 0.0000000 592.9706574 -151.6436227 0.0000000 700.8049853 -235.1406024 0.0000000 688.8049853 -234.9644317 0.0000000 700.7946489 -235.4926404 0.0000000 695.1435739 -251.8121396 0.0000000 680.7911883 -268.0837521 0.0000000 651.5645434 -289.6980903 0.0000000 305.5316783 -469.7482677 0.0000000 283.7259711 -481.9610830 0.0000000 272.1452376 -502.2010759 0.0000000 200.8642836 -528.3697810 0.0000000 174.6974350 -543.0251593 0.0000000 158.7555600 -565.7077153 0.0000000 132.5887113 -580.3630936 0.0000000 113.6414547 -577.2210421 0.0000000 100.5580304 -584.5487312 0.0000000 87.4746061 -591.8764204 0.0000000 70.0300403 -601.6466726 0.0000000 56.9466159 -608.9743618 0.0000000 43.8631916 -616.3020509 0.0000000 23.9397059 -625.1865650 0.0000000 24.3666227 -637.1790812 0.0000000 -18.4949872 -558.4016722 0.0000000 -30.4303919 -559.6451004 0.0000000 -21.6792451 -584.8701506 0.0000000 -32.0163161 -539.0307124 0.0000000 -19.5351830 -504.2196594 0.0000000 -31.5339026 -504.0440713 0.0000000 -31.6028188 -509.0421629 0.0000000 -29.8340592 -448.9759744 0.0000000 -29.3506142 -433.9880693 0.0000000 -13.8115889 -324.4636314 0.0000000 -25.8053512 -324.0767646 0.0000000 -24.3550163 -279.1130490 0.0000000 -11.8793333 -264.5592631 0.0000000 -23.8715714 -264.1251438 0.0000000 4.0843442 -611.4132334 0.0000000 328.8400764 -470.4477562 0.0000000 355.0069251 -455.7923779 0.0000000 359.3680665 -453.3498149 0.0000000 353.5042342 -442.8800741 0.0000000 372.4514908 -446.0221257 0.0000000 392.7545072 -420.8970066 0.0000000 414.5602145 -408.6841914 0.0000000 437.8686125 -409.3836799 0.0000000 498.9245928 -375.1877971 0.0000000 525.0914414 -360.5324188 0.0000000 536.6721750 -340.2924259 0.0000000 571.5613065 -320.7519214 0.0000000 610.8115795 -298.7688539 0.0000000 647.2034019 -292.1406533 0.0000000 645.7007111 -279.2283495 0.0000000 676.3910271 -206.5352032 0.0000000 653.7716472 -183.8954690 0.0000000 610.8772327 -160.5388609 0.0000000 543.6518572 -127.5566546 0.0000000 508.0267031 -118.1751304 0.0000000 428.0734100 -142.4137285 0.0000000 378.5329151 -223.7340885 0.0000000 361.9528891 -233.4280949 0.0000000 354.8246726 -251.9801038 0.0000000 350.6878055 -259.9849515 0.0000000 335.8236732 -298.7280725 0.0000000 327.2389082 -290.3434551 0.0000000 320.1339109 -312.6976675 0.0000000 303.8036175 -324.2342278 0.0000000 307.8861908 -321.3500877 0.0000000 289.4805955 -331.3287351 0.0000000 244.8453581 -344.1170590 0.0000000 228.6931528 -333.2822044 0.0000000 188.3517498 -333.8946868 0.0000000 192.7749682 -336.2229498 0.0000000 198.3644016 -325.6041818 0.0000000 183.4198220 -287.7037280 0.0000000 172.4419003 -262.5282006 0.0000000 189.5297749 -138.1341379 0.0000000 189.7132939 -133.1389412 0.0000000 177.7213843 -132.6983694 0.0000000 191.5484835 -83.1869745 0.0000000 197.9026356 66.5269468 0.0000000 200.3285904 111.4485889 0.0000000 192.1306329 181.9791161 0.0000000 205.7592534 211.2663964 0.0000000 206.9516462 336.5776870 0.0000000 206.0337072 216.2574227 0.0000000 195.1496242 236.8804060 0.0000000 208.8667065 260.6691363 0.0000000 196.9734442 262.2661064 0.0000000 207.4059759 241.2125545 0.0000000 204.2907923 316.7612655 0.0000000 204.9358922 196.2933173 0.0000000 284.9361206 357.1122453 0.0000000 297.4508851 339.3180608 0.0000000 301.0371019 328.4415140 0.0000000 302.4296940 323.6408519 0.0000000 293.1625031 306.2707836 0.0000000 304.0319299 286.6458074 0.0000000 284.1351740 157.9203685 0.0000000 286.6145874 172.7096731 0.0000000 278.3498760 123.4119911 0.0000000 277.5234048 118.4822229 0.0000000 259.5170540 5.8515672 0.0000000 361.8843203 73.4299030 0.0000000 377.4975160 73.8431753 0.0000000 374.2712148 89.1249833 0.0000000 389.7548330 108.7438338 0.0000000 425.1639607 130.2949001 0.0000000 430.8013918 148.1316517 0.0000000 457.4447910 154.4586092 0.0000000 467.4354046 154.8196022 0.0000000 531.1506820 146.0132451 0.0000000 611.6853400 227.3776007 0.0000000 700.1981979 327.9162636 0.0000000 662.1766163 280.6460539 0.0000000 657.7161172 450.3014949 0.0000000 589.0120627 463.6035252 0.0000000 370.4586036 518.1412662 0.0000000 350.8288737 521.9418463 0.0000000 328.9181419 513.9612112 0.0000000 260.2140874 527.2632415 0.0000000 245.4917900 530.1136766 0.0000000 132.3791388 509.5095496 0.0000000 103.4814136 517.8974630 0.0000000 49.5206508 551.2010615 0.0000000 1.5212450 269.9849932 0.0000000 0.5465706 235.0086042 0.0000000 -1.9597349 145.0693181 0.0000000 -2.3774525 130.0794371 0.0000000 7.2508245 44.8025081 0.0000000 -11.0731575 -74.3986606 0.0000000 0.8991923 -75.2128112 0.0000000 1.2383245 -70.2257622 0.0000000 2.2557210 -55.2646150 0.0000000 2.5948531 -50.2775659 0.0000000 -5.7191933 10.1603890 0.0000000 6.2761501 9.8261191 0.0000000 -16.1601401 -149.2043966 0.0000000 -3.9090837 75.1165400 0.0000000 -17.5166688 -169.1525928 0.0000000 -5.5443190 -169.9667434 0.0000000 -5.2051868 -164.9796944 0.0000000 -9.9530373 -234.7983812 0.0000000 -17.8402969 -449.3628413 0.0000000 -19.6728756 -514.2057008 0.0000000 -31.8095675 -524.0364377 0.0000000 -4.8660547 -159.9926453 0.0000000 -17.1775366 -164.1655438 0.0000000 15.6985860 344.5224638 0.0000000 10.3484863 509.8245205 0.0000000 72.1074965 545.4040704 0.0000000 267.4025218 538.0943116 0.0000000 436.8816562 493.0580208 0.0000000 502.9592802 492.4873507 0.0000000 552.0336049 482.9859005 0.0000000 758.6411124 442.7164495 0.0000000 774.4882240 372.4357007 0.0000000 622.3460667 256.5345110 0.0000000 562.7428925 144.4664654 0.0000000 532.4849074 134.0876490 0.0000000 315.5630432 -4.6322263 0.0000000 247.7960699 -15.2569127 0.0000000 247.5207902 6.1509909 0.0000000 265.6885686 120.4663224 0.0000000 293.5385955 217.2406143 0.0000000 281.6785742 219.0681525 0.0000000 287.0073661 253.6499650 0.0000000 218.8449084 334.9807169 0.0000000 213.5232007 295.3478739 0.0000000 189.1547025 127.0695764 0.0000000 180.1071308 -67.7608127 0.0000000 178.8224980 -102.7271894 0.0000000 185.8651604 -228.0591730 0.0000000 176.7418984 -157.6464099 0.0000000 177.5378653 -137.6935661 0.0000000 184.4318278 -263.0197699 0.0000000 374.5025556 -200.7661346 0.0000000 378.2400950 -191.0742177 0.0000000 391.7962716 -164.0639483 0.0000000 413.9409301 -154.9830977 0.0000000 439.5791696 -134.2012605 0.0000000 441.7912171 -118.7400341 0.0000000 521.3187280 -120.1064810 0.0000000 528.8924503 -109.5412361 0.0000000 548.8178396 -116.7255593 0.0000000 628.7838081 -169.4340992 0.0000000 634.1224814 -158.6870732 0.0000000 686.9470065 -200.8280762 0.0000000 686.4469297 -224.1163608 0.0000000 672.5575237 -259.3539944 0.0000000 680.8544366 -268.0236622 0.0000000 244.4756981 -503.9441505 0.0000000 240.1145566 -506.3867135 0.0000000 36.3481003 -633.9760821 0.0000000 14.3743707 -637.4914522 0.0000000 -31.9842316 -544.7301213 0.0000000 -13.9727372 -329.4595998 0.0000000 -25.9664995 -329.0727330 0.0000000 -12.5224024 -284.4958843 0.0000000 -6.7721055 -616.5257183 0.0000000 349.1430928 -445.3226372 0.0000000 459.6743197 -397.1708646 0.0000000 475.6161947 -374.4883086 0.0000000 479.9773362 -372.0457456 0.0000000 493.0607605 -364.7180564 0.0000000 549.7555993 -332.9647367 0.0000000 365.9832486 -256.3960488 0.0000000 323.7463191 -293.9194151 0.0000000 300.9622699 -311.5491022 0.0000000 229.4587752 -345.2582616 0.0000000 184.1541367 -297.1039586 0.0000000 193.7773554 211.9252742 0.0000000 195.9729854 251.8534851 0.0000000 214.6795849 388.1220956 0.0000000 305.0198791 308.1157356 0.0000000 304.2370479 313.0526217 0.0000000 413.3491687 135.7167409 0.0000000 593.7901028 220.3856562 0.0000000 593.5067645 219.8251786 0.0000000 128.6784968 520.9246821 0.0000000 0.2209279 -85.1869094 0.0000000 6.5546285 19.8193731 0.0000000 -18.4848902 -469.3467149 0.0000000 -19.6039594 -509.2076092 0.0000000 -12.0905540 -89.3598078 0.0000000 15.4047824 566.3329908 0.0000000 75.6193996 541.8470765 0.0000000 363.2701692 507.3101961 0.0000000 522.5890101 488.6867706 0.0000000 576.5707672 478.2351754 0.0000000 640.3673893 465.8832902 0.0000000 721.5127393 437.9496097 0.0000000 723.7937412 449.7308248 0.0000000 579.3766723 187.8152071 0.0000000 558.4773010 141.8690475 0.0000000 299.7344115 -24.6507365 0.0000000 182.1258393 -12.8136493 0.0000000 448.0889281 -128.9546724 0.0000000 533.7624934 -110.6674461 0.0000000 683.8782350 -219.8282986 0.0000000 19.3704967 -637.3352667 0.0000000 466.8939118 -379.3734347 0.0000000 501.7830434 -359.8329303 0.0000000 552.6751826 -131.8604059 0.0000000 332.3310841 -302.3040325 0.0000000 311.9687642 -318.4659477 0.0000000 171.4180913 -287.5000556 0.0000000 292.1135087 288.0426737 0.0000000 283.3087028 152.9906003 0.0000000 421.4925389 126.9028018 0.0000000 446.6329963 152.9827967 0.0000000 615.8302269 470.6340153 0.0000000 11.2887613 189.7046912 0.0000000 -0.7065822 190.0389611 0.0000000 718.8863088 450.6809698 0.0000000 181.5752824 -27.7992393 0.0000000 372.7097461 -205.4321290 0.0000000 526.1887712 -121.2326911 0.0000000 624.3071643 -167.2102896 0.0000000 694.1725351 -213.6616638 0.0000000 1.9547528 -606.8910095 0.0000000 379.6710829 -428.2246958 0.0000000 401.4767901 -416.0118805 0.0000000 716.6053068 438.8997547 0.0000000 181.2082445 -37.7896327 0.0000000 383.9113436 -209.7361056 0.0000000 643.1330103 278.1536474 0.0000000 346.4007020 53.8110526 0.0000000 281.6557605 143.1310639 0.0000000 171.4221267 -288.0756555 0.0000000 194.4847869 -3.2638278 0.0000000 655.2476351 273.4396751 0.0000000 171.6963072 -293.0560054 0.0000000 250.3395304 -514.4138912 0.0000000 -1.8138651 -115.1092037 0.0000000 259.0618132 -509.5287651 0.0000000 194.1177489 -13.2542211 0.0000000 352.5941493 61.6585928 0.0000000 736.1540474 354.7912472 0.0000000 198.7112872 81.5008275 0.0000000 260.9939820 19.8868591 0.0000000 -17.4200624 -593.9145985 0.0000000 755.4670270 370.1914838 0.0000000 13.5165884 269.6507233 0.0000000 18.9955440 -625.3411260 0.0000000 30.8395372 -623.3151378 0.0000000 13.4534010 561.7310587 0.0000000 253.1979810 -499.0590243 0.0000000 676.1248332 -255.9151313 0.0000000 138.1883802 524.0076664 0.0000000 686.8821615 -241.7171520 0.0000000 211.2694389 544.7383283 0.0000000 212.5967283 532.8119582 0.0000000 629.6458376 -156.4632636 0.0000000 746.0499016 433.1988846 0.0000000 788.6685193 418.4579186 0.0000000 776.8609772 416.3173697 0.0000000 789.5601590 413.5395197 0.0000000 774.7528561 395.4738104 0.0000000 765.2007858 380.0346145 0.0000000 404.7885044 -147.2217143 0.0000000 410.7822102 -158.7569282 0.0000000 592.3732512 187.5420679 0.0000000 575.7561155 155.0274774 0.0000000 572.6006674 151.2313782 0.0000000 571.2728986 150.0467947 0.0000000 342.9122211 -272.8072488 0.0000000 448.9408868 141.2068194 0.0000000 444.0775551 140.2536894 0.0000000 441.7277456 152.0214513 0.0000000 441.6440290 152.0044245 0.0000000 267.2427827 -327.7388482 0.0000000 436.3227081 137.4773067 0.0000000 269.6902140 -339.4873886 0.0000000 262.4702240 -328.6773278 0.0000000 220.3512358 -332.5758356 0.0000000 274.2797445 -27.7330098 0.0000000 265.3646498 -26.4024793 0.0000000 277.1110383 189.4265989 0.0000000 292.6953694 293.0072590 0.0000000 203.8380772 176.3292119 0.0000000 292.3851238 311.1732881 0.0000000 289.5122092 325.0983345 0.0000000 225.5972972 383.0607803 0.0000000 214.0513771 386.4526950 0.0000000</float_array><technique_common><accessor source="#positions-array" count="2074" stride="3"><param name="X" type="float" /><param name="Y" type="float" /><param name="Z" type="float" /></accessor></technique_common></source><source id="uv"><float_array id="uv-array" count="4148">1.0391009 144.9857506 0.9694813 142.4874371 6.9671530 142.3203022 1.6656773 167.4705721 7.6630649 167.2932422 1.7529176 169.9886946 1.6663148 167.4909598 7.7490229 169.7723784 1.9547651 175.0000195 1.8541564 172.5027620 7.9499017 174.7584894 2.1559824 179.9945346 2.0553737 177.4972771 8.1511191 179.7530045 2.2565911 182.4917921 8.2517278 182.2502620 8.3523364 184.7475195 8.4529451 187.2447771 2.3571998 184.9890496 8.5535538 189.7420346 2.4578085 187.4863072 8.6541625 192.2392921 2.5584172 189.9835647 8.7547712 194.7365496 2.6590259 192.4808222 2.8602433 197.4753372 2.7596346 194.9780797 8.8553799 197.2338072 3.1620693 204.9671098 2.9608520 199.9725948 9.1572060 204.7255797 3.4638954 212.4588824 3.3632867 209.9616249 9.4590320 212.2173523 9.7608581 219.7091249 9.8614668 222.2063824 3.7657215 219.9506550 3.6651128 217.4533974 8.9559886 199.7310647 3.5645041 214.9561399 9.5596407 214.7146098 4.2687649 232.4369426 4.1681562 229.9396850 10.2639016 232.1954125 4.5705910 239.9287151 4.4699823 237.4314576 10.5657276 239.6871850 4.6711997 242.4259727 10.6663363 242.1844426 4.7718084 244.9232302 10.7669450 244.6817001 5.0736344 252.4150028 4.8724171 247.4204877 11.0687711 252.1734727 11.1693798 254.6707302 11.2699884 257.1679877 5.2748518 257.4095178 11.3705971 259.6652452 5.3754605 259.9067753 11.4712058 262.1625028 11.6724232 267.1570178 5.6772866 267.3985479 11.7730319 269.6542753 5.7778953 269.8958054 5.9791126 274.8903205 5.8785040 272.3930629 11.8736406 272.1515328 11.9742493 274.6487904 12.0671430 276.9545507 6.1194564 277.7680339 6.0797213 277.3875780 12.3877781 278.8467004 6.5308183 280.1955858 13.1164737 280.5651794 13.5290604 281.1840018 7.9682627 283.6595385 11.2209547 286.8686627 9.2478989 285.5788145 10.1024325 286.4256478 14.4572326 281.3483373 14.2277200 287.3502489 13.6819623 287.3043909 16.2377640 281.3348440 17.4264901 287.2285317 16.6687395 287.3317503 18.0352984 280.8505169 20.3122347 286.4074161 19.8397109 286.5783143 19.7592317 280.0580504 23.0707169 285.0708753 22.5443343 285.3813531 21.3934535 278.8541021 25.3330986 283.3824062 25.0829061 283.5884745 23.0557491 277.3269928 27.2739904 281.5945198 27.1687657 281.6960248 30.0281801 270.2650399 34.2977967 274.4805321 29.0299420 279.8160229 40.5638895 259.5940584 44.8335061 263.8095505 43.0775545 265.5880475 44.8200698 255.4865361 46.9929975 254.3498876 48.0162568 260.5859352 85.7364862 267.3990558 83.3590153 266.6283097 85.2093363 260.9207435 87.5868072 261.6914896 99.2776843 265.4815246 100.4733147 271.7883394 98.0236702 271.3526496 101.4276776 265.8639189 100.6668231 271.8162855 108.5577356 266.6574253 111.0616473 272.5630987 108.5690310 272.6616681 110.7869582 266.5692716 111.1368122 272.5591814 118.7579753 271.9318870 116.2805046 272.2222908 117.9483170 265.9857140 118.9789635 271.8975909 120.2921788 265.5319108 123.8863959 270.9474459 121.4326797 271.4225184 127.6533275 264.1066933 131.2475446 269.5222283 128.7938284 269.9973008 135.0144762 262.6814757 138.6086934 268.0970108 136.1549771 268.5720833 139.9219086 261.7313307 143.5161258 267.1468658 141.0624096 267.6219383 144.8293411 260.7811857 148.4235583 266.1967208 145.9698421 266.6717933 152.1904898 259.3559682 155.7847070 264.7715032 153.3309908 265.2465757 157.0979223 258.4058232 160.6921395 263.8213582 158.2384232 264.2964307 162.0053547 257.4556781 165.5995719 262.8712132 163.1458557 263.3462857 169.3665034 256.0304606 172.9607206 261.4459957 170.5070044 261.9210682 182.7755856 259.5457056 180.3218693 260.0207781 179.1813684 254.1301706 204.8590317 255.2700530 202.4053154 255.7451255 203.7185307 249.3794455 219.5813291 252.4196180 217.1276128 252.8946905 215.9871119 247.0040829 225.8019768 245.1037929 228.2556930 244.6287204 229.3961940 250.5193279 230.7094093 244.1536479 233.1631255 243.6785753 231.8499102 250.0442554 240.5242742 242.2533578 242.9779904 241.7782853 244.1184914 247.6688929 247.8854229 240.8281403 250.3391391 240.3530678 249.0259239 246.7187479 257.7002878 238.9278503 260.1540041 238.4527777 258.8407888 244.8184578 272.4225852 236.0774152 274.8763015 235.6023427 273.5630862 241.9680228 285.8316674 239.5926602 283.3779511 240.0677327 284.6911664 233.7020526 289.5985989 232.7519076 292.0523151 232.2768351 290.7390998 238.6425152 301.8671800 230.3765451 304.3208963 229.9014726 305.4613972 235.7920801 306.7746125 229.4264001 309.2283287 228.9513275 310.3688297 234.8419351 315.2762622 233.8917901 312.8225459 234.3668626 311.6820450 228.4762550 317.7299784 233.4167176 314.1357612 228.0011825 332.4522758 230.5662825 329.9985596 231.0413550 331.3117748 224.6756750 334.9059920 230.0912100 337.3597083 229.6161375 336.2192073 223.7255299 338.6729235 223.2504574 339.8134245 229.1410650 341.1266398 222.7753849 343.5803560 222.3003124 342.2671407 228.6659925 347.1745732 227.7158475 344.7208570 228.1909200 346.0340723 221.8252399 350.9415047 220.8750949 353.3952210 220.4000224 354.5357219 226.2906299 356.9894381 225.8155574 355.8489372 219.9249499 366.8043031 223.9152674 364.3505868 224.3903399 363.2100859 218.4997323 365.6638021 218.0246598 368.1175184 217.5495873 371.7117355 222.9651224 369.2580193 223.4401949 376.7576110 221.9847642 376.6191680 222.0149774 375.4090887 216.1378411 379.1834428 221.3950155 377.6970637 215.5816070 384.1163477 219.9489507 381.7184519 220.6535877 380.0268381 214.8969878 382.4247338 214.1923507 386.5142434 219.2443136 384.2181179 213.6653533 389.4702416 217.0866830 387.6007247 218.6608474 385.4834452 212.5999266 389.7030590 216.8684613 388.1381364 209.7713373 393.1561799 213.1712539 391.4875929 215.0063442 393.8884398 211.6881587 394.4868293 200.8534919 394.8569903 203.3252116 388.8844639 203.9554488 394.8891313 203.8448186 388.5553703 201.7579533 388.2218927 199.6825367 393.8753978 197.6378648 394.0859558 198.3575586 392.8793262 195.3456478 386.3937668 195.4755491 391.8557449 192.9920178 391.8832546 193.0534309 385.5237297 193.5902271 390.4094185 190.0865070 390.8114983 190.7291936 385.4611689 184.0621795 385.6614588 184.2835220 381.1123717 188.1986388 383.7013643 182.3019612 379.5457307 186.6316295 381.6128058 180.5185057 383.5194408 182.1344141 375.8345143 183.4863050 379.6908561 178.8897054 379.7061707 178.9025973 373.9720481 181.9290655 377.6782406 177.2101794 377.7737420 177.2867738 366.1083267 175.8816395 369.7534983 171.1158266 371.7346839 172.6394148 369.7284209 171.0967502 364.1306108 174.3935121 367.7179441 169.5840308 367.7314016 169.5940980 360.1264237 171.4155569 363.7070142 166.6010608 365.7124791 168.0925458 358.1209588 169.9240718 359.6960843 163.6180908 361.7015492 165.1095758 352.1045639 165.4496168 355.6851543 160.6351208 357.6906193 162.1266058 348.0936340 162.4666468 351.6742244 157.6521507 353.6796894 159.1436358 344.0827041 159.4836768 347.6632945 154.6691807 349.6687595 156.1606657 342.0772391 157.9921917 343.6523646 151.6862107 345.6578295 153.1776957 338.0663092 155.0092217 339.6480307 148.7081462 341.6468996 150.1947257 324.1593270 133.1166482 325.8915723 134.9182429 319.8342599 137.2752290 322.4270817 131.3150535 318.1020146 135.4736343 320.6948364 129.5134588 316.3697693 133.6720396 314.6375240 131.8704449 312.9052787 130.0688502 318.9625911 127.7118641 309.4566352 126.4821424 313.7339115 122.2743603 313.7658552 122.3070800 307.7296536 124.7399681 311.9746136 120.4995854 311.9419246 120.4671115 315.4981005 124.1086747 297.1959179 96.0574605 298.2052102 98.3438870 292.7162130 100.7668831 294.1680410 89.1981809 295.1773333 91.4846074 288.6790438 91.6211770 293.1587487 86.9117544 287.6697516 89.3347505 286.6604593 87.0483239 291.1401641 82.3389013 292.1494564 84.6253278 285.7583806 85.0047767 290.8847490 81.8757461 289.4917924 79.8053562 283.1838323 81.2527177 288.0300113 77.7129061 289.4617061 79.7614830 281.9737847 79.7969940 280.2590758 78.6744618 283.5453942 73.6544905 278.2090394 77.3324078 276.1869207 76.1010927 274.0565246 74.9558157 276.8975472 69.6710649 272.2117945 73.9641095 271.5456830 67.6565845 273.9448993 68.2056133 270.3734677 73.5434329 271.2100277 67.5995924 263.0149553 66.7755097 263.7586667 66.7659405 263.4640074 72.7704084 260.5476615 67.1160316 261.4089799 73.0540316 258.0003729 67.5383626 260.4658168 67.1284804 251.5880406 74.6867715 248.1385972 69.1778917 250.6040411 68.7680094 246.6571527 75.5065361 243.2077093 69.9976562 245.6731532 69.5877739 241.7262649 76.3263006 238.2768214 70.8174207 240.7422654 70.4075385 202.6840144 54.5785530 204.2323762 56.5404381 197.9741402 58.2956870 177.9102253 23.1883924 179.4585871 25.1502774 174.7487128 28.8674113 170.1036274 22.9817562 168.5552656 21.0198712 174.8135016 19.2646223 170.1684161 13.3789672 171.7167780 15.3408522 167.0069037 19.0579861 163.9101801 15.1342161 162.3618183 13.1723310 168.6200543 11.4170821 160.8134564 11.2104460 165.5233307 7.4933120 159.2650946 9.2485609 157.7167328 7.2866759 163.9749689 5.5314270 159.3298834 -0.3542281 160.8782452 1.6076569 156.1683710 5.3247909 154.6200092 3.3629058 153.0716473 1.4010208 149.9749237 -2.5227493 154.6847979 -6.2398832 151.5880743 -10.1636533 153.1364361 -8.2017683 148.4265619 -4.4846344 146.8782001 -6.4465194 145.4116912 -8.3046908 146.1132085 -15.9806126 147.9761847 -14.3145584 143.8814319 -9.9271596 142.1135317 -11.5081876 144.2502322 -17.6466669 140.5755920 -12.8835626 141.3621494 -19.1470304 143.5308561 -18.1234631 139.1867832 -13.5390405 140.5556004 -19.3963529 134.9840155 -14.2113985 135.6197970 -20.1859818 138.0876987 -19.7911673 133.9081479 -14.1561951 130.9665988 -19.4704263 132.6565404 -20.0998676 131.7631541 -19.9151341 126.1062126 -15.2057199 127.0233673 -16.3985223 131.3237852 -12.1428936 125.1725120 -13.0096460 130.7989294 -10.9084270 124.4531544 -10.0653108 125.0082738 -12.5021653 123.5877462 -4.7981769 123.8384701 -7.2654229 129.5761716 -4.3801974 123.5733090 -4.4200201 129.6338029 -2.0712268 123.6980331 0.5769903 123.6356710 -1.9215149 123.8440799 5.8638986 123.8227572 5.5740006 129.8172583 5.2788227 124.1473032 8.3393242 130.0947239 7.5439705 124.5795729 10.9354793 124.1663373 8.4705952 130.9102266 12.4083136 125.4060440 15.8652475 124.9928085 13.4003634 132.9764044 24.7327341 127.4722219 28.1896680 127.0589863 25.7247839 134.6293467 34.5922705 129.1251642 38.0492044 128.7119286 35.5843203 136.2822890 44.4518069 130.7781064 47.9087407 130.3648709 45.4438566 137.9352313 54.3113433 132.4310487 57.7682771 132.0178131 55.3033930 139.5881736 64.1708797 134.0839910 67.6278135 133.6707554 65.1629294 141.2411158 74.0304160 135.7369333 77.4873499 135.3236977 75.0224658 142.4808225 81.4250683 136.5634044 82.4171181 136.1501688 79.9522340 142.8940581 83.8899524 137.3896191 87.3453565 136.9766400 84.8820022 145.2467858 98.7397893 139.3167751 99.6535584 138.9361472 97.1834289 146.3886697 106.1501777 140.4586591 107.0639468 140.0780311 104.5938173 147.9111817 116.0306955 141.9811711 116.9444647 141.6005431 114.4743352 149.0530657 123.4410839 143.1230551 124.3548531 142.7424271 121.8847236 150.1949496 130.8514723 144.2649390 131.7652415 143.8843110 129.2951120 151.3381179 138.2702743 145.7716534 141.5887825 145.4061749 139.1714240 152.5978257 148.2874890 146.8834769 151.0751457 146.6386151 148.9859221 151.7192077 159.0421246 145.4067765 160.3061157 145.8049071 158.0313701 130.9807256 180.5520729 132.8718762 178.9180696 136.7946085 183.4581325 127.1984244 183.8200794 131.1211568 188.3601423 129.2300062 189.9941455 125.3072738 185.4540827 127.3388556 191.6281488 119.6338221 190.3560925 123.4161232 187.0880859 106.1366769 188.1052650 111.7507013 184.8297273 112.0833081 187.3067799 104.4736433 175.7200016 110.4202744 174.9215165 110.7528811 177.3985692 103.1432164 165.8117908 108.0920273 157.5821477 109.0898475 165.0133058 100.4823625 145.9953693 105.7637802 140.2427789 106.4289936 145.1968843 95.9280896 88.4940449 95.7908627 85.9985317 101.7818803 85.6703398 101.5120479 80.6807623 101.6468110 83.1761848 95.5207781 81.0043157 95.2512276 76.0130221 95.1164523 73.5173754 101.1077221 73.1938220 94.9816770 71.0217286 94.7121265 66.0304350 100.7033963 65.7068816 100.4338457 60.7155880 100.5686210 63.2112348 94.4425760 61.0391414 94.0382502 53.5522011 93.9034749 51.0565543 100.0295199 53.2286477 93.6339244 46.0652607 99.8947447 50.7330009 93.4991491 43.5696139 99.6251941 45.7417073 91.2464386 -1.4116280 91.1546791 -3.9092263 97.1506340 -4.1295122 96.6918366 -16.6175039 96.7835960 -14.1199056 90.6958817 -16.3972180 96.5083176 -21.6127006 96.6000771 -19.1151022 90.5123628 -21.3924147 90.4206033 -23.8900130 90.3288438 -26.3876113 96.4165581 -24.1102989 96.1412797 -31.6030939 96.3247986 -26.6078972 96.0495202 -34.1006922 90.1453249 -31.3828080 89.9618059 -36.3780047 89.8700464 -38.8756030 95.9577607 -36.5982906 89.6865275 -43.8707997 89.5947680 -46.3683980 95.6824823 -44.0910856 95.4989633 -49.0862823 95.5907228 -46.5886839 95.4072038 -51.5838806 89.5030085 -48.8659964 95.2236849 -56.5790773 95.3154444 -54.0814789 89.3194895 -53.8611930 95.0401659 -61.5742739 95.1319254 -59.0766756 89.1359706 -58.8563897 94.9484064 -64.0718723 88.9524516 -63.8515864 86.7328547 -118.7781728 86.6304738 -121.2753583 92.6254375 -121.5211430 94.2635320 -81.5661751 94.3659129 -79.0689896 88.2685683 -81.3203904 93.0349611 -111.5324010 93.1373420 -109.0352155 87.1423783 -108.7894309 93.3421038 -104.0408445 93.4444848 -101.5436590 93.6492466 -96.5492880 87.4495210 -101.2978744 87.7566638 -93.8063179 87.6542829 -96.3035034 93.7516275 -94.0521025 87.3471401 -103.7950599 94.1611511 -84.0633606 88.6773981 -71.3382602 88.5757006 -73.8290879 94.5706955 -74.0741107 92.5230566 -124.0183285 86.5280929 -123.7725438 92.4206757 -126.5155140 86.4257120 -126.2697293 89.2277301 -56.3587914 85.8584586 -146.6611303 86.1067501 -149.1480498 91.8354111 -146.1315089 92.5736514 -153.5258183 92.3253599 -151.0388988 86.6033332 -154.1218888 89.9480453 -162.1934005 96.1475387 -160.6753715 94.9398251 -158.8644165 105.2782126 -165.2873728 103.2111531 -164.8650704 104.0772143 -171.1659443 106.5259170 -171.6662168 108.9746196 -172.1664893 107.7269153 -165.7876453 126.3304713 -165.3031162 123.9501259 -165.7711891 127.4881459 -171.1903727 142.4880464 -166.7477793 142.1393639 -160.2574143 139.8871125 -161.3408261 146.9925491 -164.5809558 144.3916153 -159.1740025 158.0256688 -157.7909038 156.6049949 -151.4483410 154.5637083 -152.8904110 175.2905694 -141.6517995 176.5865002 -139.5147500 170.3285746 -138.2629833 179.1783616 -135.2406509 174.0479720 -132.1295253 172.7520413 -134.2665748 190.1628623 -109.5340471 191.0592670 -107.2010499 184.5620636 -107.3820588 192.8520765 -102.5350556 193.7484813 -100.2020585 188.1476826 -98.0500702 189.0440873 -95.7170730 194.6098370 -97.9602805 195.5888035 -95.8366950 190.1650184 -93.2703460 193.6258250 -86.4841953 192.4896697 -88.7103058 197.8338670 -91.4378606 198.9700223 -89.2117501 200.1061777 -86.9856395 201.1847098 -84.8724324 194.7619804 -84.2580847 197.3347631 -79.7016800 196.0227010 -81.8114305 202.3183224 -83.0496226 197.5817937 -79.3604657 203.7869523 -81.2950003 200.7900993 -75.5273933 199.1859465 -77.4439295 208.4372757 -75.8280671 206.3623893 -69.7609919 204.4347917 -71.3518360 204.0941894 -71.6814872 232.4556383 -61.3812099 233.4362958 -54.9558906 231.0105811 -55.5578251 215.8803873 -69.6852753 217.7451472 -68.3611034 214.3507839 -63.4125879 216.6407293 -61.9933111 214.5132897 -63.3049581 225.9638328 -63.2939727 225.7414168 -56.8985354 223.4572125 -57.8371784 227.8181024 -62.5320019 226.1591516 -56.7616943 237.3070678 -60.1773407 235.8620106 -54.3539560 239.5913839 -59.6104938 238.5732570 -53.6957121 238.2877253 -53.7520214 241.7126056 -59.2981735 241.0304119 -53.3339303 243.9149687 -53.2595861 241.4160516 -53.3023716 257.0887332 -53.1116482 256.4095542 -53.0456590 256.1689021 -59.0506588 259.5280841 -53.6337006 258.2483475 -59.4956867 259.5761820 -53.6444080 265.4682052 -61.1652975 267.5530516 -61.7403425 267.0030044 -55.3645787 272.1530885 -57.2868418 269.8972571 -56.2109040 269.4034390 -56.0266698 278.5934226 -67.0061408 281.1764138 -61.5905931 278.9205825 -60.5146553 280.8411904 -68.0782326 283.4483492 -62.6742709 283.4322452 -62.6665310 283.0688982 -69.1570894 285.6976652 -63.7635923 294.6780215 -68.2244888 292.4396996 -67.1125840 289.7703629 -72.4860970 299.1546654 -70.4482984 296.9163434 -69.3363936 294.2470068 -74.7099066 300.9619725 -78.0456209 303.2002945 -79.1575257 303.6313092 -72.6721079 316.6302260 -85.8289544 318.8685479 -86.9408591 319.2995626 -80.4554414 323.7762065 -82.6792509 321.5378845 -81.5673462 321.0449786 -88.0220189 326.0770178 -83.9538858 323.8985075 -82.7435582 323.0003306 -89.1083652 326.3900862 -84.1541529 328.4079927 -85.6287616 328.8740282 -93.4006381 332.4438056 -88.5779789 330.4258992 -87.1033702 330.6711437 -94.7827558 334.7681734 -90.3951592 334.4807104 -90.1433746 334.0782069 -98.1739519 338.3109337 -93.9214204 337.1837063 -101.3961492 341.8566861 -97.6144153 340.1767721 -95.7829441 342.2848593 -98.2155061 340.0823139 -95.6845510 335.8012392 -99.8889599 350.0551177 -112.2644129 349.6549622 -111.1188940 344.1894595 -113.6707681 350.3762232 -114.6748780 344.4024927 -115.2699588 350.4024927 -115.0710179 348.3706149 -108.9748630 344.3006620 -119.2147881 349.9161482 -121.4241891 350.2525218 -120.2100282 342.2966996 -123.0469902 347.5998459 -125.8536826 348.7579970 -123.6389359 341.3323837 -124.8053387 345.8252910 -128.8081242 346.3736106 -128.0908430 342.2265759 -132.2772621 334.5888587 -131.2592987 336.3310897 -137.4588657 338.3273021 -135.9550196 338.5726248 -135.7487710 326.7709684 -137.1489044 330.2639640 -142.0275660 330.3424525 -141.9704041 324.8963641 -138.4682580 328.2235288 -143.4636321 327.9628424 -143.6277636 330.7246116 -134.1704283 332.3386649 -140.4665580 334.3348773 -138.9627118 173.1423211 -230.3387520 175.3228918 -229.1174705 172.3909757 -223.8826001 170.2104049 -225.1038816 168.0298342 -226.3251632 170.9617504 -231.5600335 168.7811796 -232.7813151 165.8492635 -227.5464447 161.4881221 -229.9890077 159.3075513 -231.2102893 162.2394675 -236.4451596 157.1269806 -232.4315708 154.9464099 -233.6528523 160.0588967 -237.6664412 153.5171846 -241.3302857 155.6977553 -240.1090042 150.5852684 -236.0954154 149.1560431 -243.7728488 151.3366139 -242.5515673 148.4046977 -237.3166969 146.2241270 -238.5379784 144.0435563 -239.7592600 144.7949017 -246.2154119 146.9754724 -244.9941303 142.6143310 -247.4366934 139.6824148 -242.2018230 137.5018441 -243.4231045 140.4337602 -248.6579749 133.1407027 -245.8656676 130.9601319 -247.0869491 133.8920481 -252.3218195 120.8086237 -259.6495086 122.9891945 -258.4282271 117.8767076 -254.4146383 115.6961369 -255.6359198 113.5155662 -256.8572013 118.6280530 -260.8707902 114.2669116 -263.3133532 116.4474823 -262.0920717 112.0863408 -264.5346348 111.3349954 -258.0784829 109.1544247 -259.2997644 106.9738540 -260.5210459 107.7251994 -266.9771978 109.9057701 -265.7559163 104.7932833 -261.7423274 102.6127125 -262.9636090 105.5446287 -268.1984793 101.1834872 -270.6410424 103.3640580 -269.4197609 98.2515711 -265.4061720 96.0710004 -266.6274535 99.0029165 -271.8623239 93.8904297 -267.8487351 91.7098589 -269.0700166 96.8223458 -273.0836054 92.4612043 -275.5261685 94.6417751 -274.3048870 90.2806336 -276.7474500 89.5292882 -270.2912981 88.1000629 -277.9687316 85.1681468 -272.7338612 85.9194922 -279.1900131 82.9875760 -273.9551427 81.5583507 -281.6325761 83.7389214 -280.4112946 80.8070053 -275.1764242 78.6264346 -276.3977058 76.4458639 -277.6189873 74.2652931 -278.8402688 77.1972093 -284.0751392 72.0847224 -280.0615503 75.0166386 -285.2964207 72.8360678 -286.5177022 69.9041517 -281.2828319 70.6554971 -287.7389838 67.7235810 -282.5041134 65.5430103 -283.7253949 63.3624395 -284.9466764 68.4749264 -288.9602653 61.1818688 -286.1679580 64.1137849 -291.4028283 57.5720728 -295.0666729 59.7526435 -293.8453914 54.6401566 -289.8318026 53.2109313 -297.5092360 55.3915020 -296.2879545 52.4595859 -291.0530841 51.0303606 -298.7305175 48.0984445 -293.4956471 46.6692192 -301.1730806 48.8497899 -299.9517990 45.9178737 -294.7169287 41.5567323 -297.1594917 39.3761616 -298.3807732 44.4886484 -302.3943621 37.9469363 -306.0582067 42.3080777 -303.6156436 35.7663655 -307.2794882 32.8344494 -302.0446178 31.4052241 -309.7220512 33.5857948 -308.5007697 30.6538787 -303.2658994 27.0440827 -312.1646143 29.2246534 -310.9433328 26.2927372 -305.7084624 24.8635119 -313.3858958 24.1121665 -306.9297439 22.6829412 -314.6071774 19.7721410 -309.3604805 20.4408409 -315.8162625 22.6405213 -314.6304881 17.6168562 -310.5223228 20.3944435 -315.8407527 14.7222003 -318.4665539 15.9536568 -318.1353294 13.7790817 -312.5053200 12.2352575 -318.5874660 7.4731345 -312.7338559 6.4110292 -312.4262168 6.2588036 -318.6287478 4.0367559 -317.9851312 2.8006863 -317.2743223 5.2422986 -311.3113449 0.7858870 -315.3316598 0.9922482 -315.5492226 3.9988960 -309.8617537 -1.2564614 -312.7850831 -0.8194233 -313.4601471 -7.6452355 -299.2184112 -6.5804398 -301.4795232 -1.1522150 -298.9232808 -6.4761934 -287.6177209 -7.5409891 -285.3566089 -11.9044182 -290.1739633 -8.4955187 -283.3296488 -12.9692139 -287.9128513 -14.0340096 -285.6517394 -14.8652838 -282.7919150 -14.2128095 -285.1680101 -9.0140974 -281.4411573 -14.9562227 -282.3083801 -9.5064669 -276.7150062 -15.7331425 -274.8508905 -15.4741692 -277.3367204 -10.0082758 -271.8982486 -16.0084432 -269.5569323 -16.0082646 -272.0544181 -4.3466021 -292.1399448 -5.4113977 -289.8788329 -9.7748269 -294.6961873 -9.8708959 -259.6018962 -15.8358675 -257.0201272 -15.8703256 -259.5191730 -9.7251610 -249.6386600 -15.7238885 -249.5130428 -15.7667943 -252.0118941 -15.7227712 -249.4678292 -15.6421970 -246.9698450 -9.3230192 -237.1713416 -15.2393262 -234.4799240 -15.3199004 -236.9779082 -9.0812968 -229.6773890 -14.9976037 -226.9859714 -15.0781779 -229.4839556 -8.5978518 -214.6894839 -14.5141588 -211.9980662 -14.5947330 -214.4960504 -8.5172776 -212.1914997 -14.4335846 -209.5000820 -8.1144068 -199.7015787 -14.0307138 -197.0101611 -14.1112880 -199.5081452 -7.9532585 -194.7056103 -13.8695655 -192.0141927 -13.9501397 -194.5121769 -7.4698136 -179.7177051 -13.3861206 -177.0262875 -13.4666947 -179.5242717 -6.8252203 -159.7338315 -12.7415273 -157.0424139 -12.8221014 -159.5403981 -6.6640720 -154.7378631 -12.2580823 -142.0545087 -12.6609531 -154.5444297 -5.1460847 -119.8927151 -10.9626935 -116.9921153 -11.1322596 -119.4856398 -5.3156508 -122.3862397 -11.3018257 -121.9791644 -11.6409579 -126.9662134 -5.8223243 -129.8370387 -11.8139807 -129.5193214 -11.9338893 -132.0153345 -11.8105239 -129.4597380 -7.1475169 -169.7257683 -13.0638239 -167.0343507 -13.1443981 -169.5323349 -4.4678204 -109.9186170 -10.4539952 -109.5115417 -10.6235613 -112.0050662 -4.1286882 -104.9315680 -10.1148631 -104.5244927 -10.2844292 -107.0180172 -10.0084417 -269.5772923 -9.7654402 -274.2291764 -2.2170107 -296.6621688 -3.2818064 -294.4010568 -5.5156441 -303.7406352 -0.0874193 -301.1843928 -4.4508484 -306.0017472 -2.3212570 -310.5239711 3.1069678 -307.9677287 128.7795612 -248.3082306 131.7114773 -253.5431010 138.2531895 -249.8792564 135.3212734 -244.6443861 157.8783260 -238.8877227 163.6686928 -228.7677262 166.6006089 -234.0025966 181.1132586 -218.9974740 178.9326878 -220.2187555 181.8646040 -225.4536259 183.2938293 -217.7761925 184.0451747 -224.2323444 185.4744000 -216.5549109 188.4063161 -221.7897813 192.7674576 -219.3472183 194.9480283 -218.1259367 192.0161122 -212.8910664 197.1285990 -216.9046552 199.3091698 -215.6833737 194.1966829 -211.6697848 201.4897405 -214.4620922 203.6703112 -213.2408106 198.5578243 -209.2272218 208.0314526 -210.7982476 205.0995365 -205.5633772 210.2120234 -209.5769661 212.3925941 -208.3556845 209.4606780 -203.1208142 211.6412487 -201.8995326 214.5731648 -207.1344030 218.1829609 -198.2356880 216.0023901 -199.4569696 221.1148770 -203.4705584 223.2954477 -202.2492769 220.3635316 -197.0144065 226.9052437 -193.3505619 224.7246730 -194.5718435 227.6565892 -199.8067138 232.0177306 -197.3641508 234.1983013 -196.1428693 229.0858145 -192.1292804 236.3788720 -194.9215877 231.2663852 -190.9079989 238.5594428 -193.7003062 240.7400135 -192.4790247 235.6275266 -188.4654358 242.9205842 -191.2577431 245.1011549 -190.0364616 242.1692388 -184.8015913 251.6428671 -186.3726170 253.8234378 -185.1513355 248.7109510 -181.1377467 259.6138046 -175.0313390 253.0720924 -178.6951836 256.0040085 -183.9300540 266.1555168 -171.3674945 261.7943753 -173.8100575 264.7262914 -179.0449279 269.0874329 -176.6023648 271.2680036 -175.3810833 273.4485743 -174.1598018 270.5166582 -168.9249314 275.6291451 -172.9385202 277.8097158 -171.7172387 272.6972289 -167.7036499 284.3514279 -168.0533941 286.5319987 -166.8321126 281.4195118 -162.8185238 288.7125694 -165.6108311 283.6000825 -161.5972422 290.8931401 -164.3895496 287.9612240 -159.1546792 292.3223654 -156.7121161 290.1417947 -157.9333977 293.0737108 -163.1682680 295.2542816 -161.9469865 297.4348523 -160.7257050 296.6835069 -154.2695531 294.5029361 -155.4908346 299.6154230 -159.5044235 303.2252190 -150.6057085 301.0446483 -151.8269900 303.9765644 -157.0618604 306.1571352 -155.8405789 308.3377059 -154.6192973 312.6988473 -152.1767343 309.7669312 -146.9418639 314.1280727 -144.4993009 311.9475019 -145.7205824 314.8794181 -150.9554528 317.0599888 -149.7341712 319.2405595 -148.5128897 320.6697848 -140.8354563 316.3086434 -143.2780193 328.7283992 -135.6742744 332.7208240 -132.6665821 340.6002977 -107.6753066 340.6547702 -107.7701183 345.8300206 -104.7337102 339.3951049 -105.4861989 344.6567117 -102.6025165 339.3841575 -105.4661336 332.5026683 -88.6221107 324.8679171 -90.4731258 310.3462750 -76.0078223 308.1079530 -74.8959175 307.6769383 -81.3813352 305.8696311 -73.7840127 301.3929873 -71.5602031 298.7236506 -76.9337161 290.2013777 -66.0006793 287.5320410 -71.3741922 285.2937191 -70.2622875 287.9630558 -64.8887745 285.7247339 -63.7768697 269.5700973 -62.7023895 246.5166002 -59.2159215 251.5144344 -59.1303506 251.4117200 -53.1312299 246.4138858 -53.2168007 244.0176831 -59.2587069 234.8813530 -60.7792753 228.5848663 -56.1597597 230.0299235 -61.9831444 212.3178087 -64.8562100 212.1451819 -64.9884595 210.2175843 -66.5793036 208.2899868 -68.1701477 212.1091075 -72.7977084 185.4584683 -105.0490617 182.7692541 -112.0480531 181.8728493 -114.3810503 188.3700528 -114.2000414 186.5772433 -118.8660358 187.4736480 -116.5330386 184.7844338 -123.5320301 185.6808385 -121.1990329 180.0800398 -119.0470446 179.1836351 -121.3800418 178.2872303 -123.7130390 183.8880290 -125.8650273 181.9601858 -130.5980471 182.9463824 -128.3090884 176.5320902 -128.0330998 181.7702231 -130.9665518 180.4742924 -133.1036013 173.1507203 -144.0000962 173.1774100 -143.9724167 168.8449042 -139.8215417 169.6581312 -147.5760562 165.3657486 -143.3837475 164.2168762 -153.1289161 164.4192475 -152.9399963 160.2236875 -148.6485538 162.3210818 -154.7415915 158.5361497 -150.0840738 162.1082421 -154.9067637 146.6164424 -158.1037828 149.2448005 -163.4975440 148.6195205 -157.0896914 149.2993756 -163.4706064 151.5258706 -162.3434065 137.6348612 -162.4242378 140.2357950 -167.8311911 135.6666130 -163.3710341 137.3933473 -169.1258330 137.9835437 -168.9146028 134.9765402 -169.7147728 124.8912699 -171.6973708 125.0358255 -171.6725989 119.7146348 -172.2644672 122.2072584 -172.0821354 121.6613996 -166.1060334 117.2220112 -172.4467990 119.2769129 -166.2804552 116.7842893 -166.4627870 112.1327507 -172.7254978 114.6194559 -172.6351466 112.2731154 -166.7164387 111.4233223 -172.6667618 100.8977922 -170.4148534 101.6285117 -170.6656718 98.6652330 -169.3093818 101.3609492 -163.9489253 98.5990933 -169.2756064 97.3499740 -161.8376560 91.7456125 -164.7652480 93.4882315 -166.4496789 91.3347244 -164.2727125 93.6111080 -156.8720179 88.4516284 -159.9364403 88.5613662 -160.1140885 92.7585696 -155.3779823 86.8516247 -156.6088083 87.2311561 -157.7976168 86.3550416 -151.6349693 85.9138075 -138.7556568 85.8114265 -141.2528423 91.8063903 -141.4986269 91.9087712 -139.0014414 92.3182948 -129.0126995 87.0399974 -111.2866164 94.6726532 -71.5769087 94.6731280 -71.5646673 89.0442111 -61.3539880 95.8660012 -39.0958889 91.3381981 1.0859703 97.3341529 0.8656844 97.4259124 3.3632828 91.4299576 3.5835687 91.5217171 6.0811670 97.5176719 5.8608811 91.6155937 8.6261712 91.6134765 8.5787654 97.6085602 8.3347681 91.7470706 11.1262057 91.7468453 11.1219779 97.7384546 10.8047662 97.8731157 13.2982991 91.8818459 13.6218525 92.0166212 16.1174993 98.0078909 15.7939459 92.1513964 18.6131461 98.1426662 18.2895927 98.2774415 20.7852395 92.2861717 21.1087929 98.6817673 28.2721798 98.8165425 30.7678266 92.6904975 28.5957332 92.9600480 33.5870268 92.8252728 31.0913800 92.4209470 23.6044397 98.4122167 23.2808863 93.0948233 36.0826736 99.0860931 35.7591202 99.4904189 43.2460606 100.9729468 70.6981752 101.2424973 75.6894687 101.3772726 78.1851155 95.3860028 78.5086689 102.0562655 90.6601191 102.3307192 95.6511455 96.3397702 95.9805844 96.6142240 100.9716108 96.4769971 98.4760976 102.6051730 100.6421718 102.7423998 103.1376850 96.7514508 103.4671239 104.8062500 178.1970542 97.3003583 113.4491767 97.1631315 110.9536635 103.1540805 110.6242245 97.0259046 108.4581503 103.2913073 113.1197377 103.4285342 115.6152509 107.7594205 155.1050950 101.8127894 155.9035801 100.8149692 148.4724220 97.8492658 123.4312294 97.7120390 120.9357162 103.8402148 123.1017904 103.9771693 125.5923488 104.1157720 127.9694162 97.9870540 125.9366514 98.1325178 128.4313863 98.1541154 128.6560005 99.8171490 141.0412640 99.4845423 138.5642113 103.5657611 118.1107641 97.4375852 115.9446898 105.8040702 185.6282123 112.4004872 189.6689372 106.4692837 190.5823177 106.5089593 190.8105755 109.3706108 197.1760010 108.5579437 196.2433688 113.4889339 192.7670379 111.2138145 198.5666733 114.3344908 193.4049992 112.3067901 199.0856620 116.7150726 199.4644325 115.7277862 199.7432173 114.7042956 199.6730567 115.0893657 193.5899454 118.9687575 198.3840061 116.1548129 193.0791653 121.4213093 196.7200008 119.3891456 198.1386822 117.8598202 191.8888762 123.5565544 194.8961554 121.6654038 196.5301586 140.5769097 180.1901259 138.6857591 181.8241292 134.7630268 177.2840663 136.6541774 175.6500630 138.5124523 174.0444651 139.9830553 172.6975045 142.5329751 178.4983717 144.9286544 176.1244890 144.3680104 176.8176188 143.3972483 166.8835580 149.7806307 166.7531142 148.9781166 169.1077007 144.0790972 164.8830049 149.8222549 166.6210880 151.2887042 161.5018352 151.7271084 158.9947539 152.8773840 151.5544196 152.5151917 154.0234558 152.8887561 150.7697817 152.3068953 145.8051964 151.7117188 140.7413567 151.7250346 140.8406111 150.9562056 135.7917313 151.3368336 138.2618607 149.4336937 125.9112134 149.8143217 128.3813429 148.2918097 118.5008250 148.6724377 120.9709545 147.1499257 111.0904366 147.5305537 113.5605661 145.6274138 101.2099187 146.0080418 103.6800482 138.1748912 92.2431700 144.1049018 91.3294009 144.4855298 93.7995303 137.7970458 89.7910984 143.7184889 88.8231909 143.7242738 88.8592714 143.3078050 86.3578963 144.8661578 96.2696598 139.6974031 102.1236879 140.0014091 66.6357638 138.3484668 56.7762274 136.6955246 46.9166910 135.0425823 37.0571546 133.3896400 27.1976182 125.8192796 18.3301316 131.3234622 14.8731977 131.7366977 17.3380818 129.6961650 0.4272784 130.3032821 -8.7326422 134.9921544 -20.2197092 150.0397125 -12.1255384 181.0069489 27.1121625 182.5553107 29.0740475 184.1036725 31.0359325 177.8454365 32.7911814 185.6520344 32.9978176 179.3937983 34.7530665 187.2003962 34.9597026 182.4905219 38.6768366 185.5872456 42.6006066 184.0388838 40.6387216 190.2971198 38.8834727 191.8454817 40.8453577 193.3938435 42.8072428 188.6839692 46.5243767 194.9422053 44.7691278 196.4905671 46.7310129 190.2323311 48.4862618 193.3290547 52.4100318 191.7806929 50.4481468 198.0389289 48.6928979 199.5872908 50.6547829 201.1356526 52.6166680 196.4257783 56.3338019 205.7479136 58.4607322 199.5225020 60.2575720 201.1379609 62.3014539 201.0708638 62.2194570 203.0031625 64.4662722 202.7511650 64.2033512 207.2088404 60.1831012 204.8388734 66.1623213 208.9105585 61.7553518 210.3460062 71.2504687 208.5102952 69.5544196 214.1510558 66.5971494 213.1104981 72.8777712 210.9303408 71.6724601 215.9781810 67.6072850 213.1816770 72.9158814 220.0181133 69.7008669 218.3812129 75.4876650 217.6197148 75.2157703 226.7581285 71.0517569 229.0072369 71.2356813 228.5862109 77.2212800 226.1015826 77.0180956 225.7691235 76.9720710 231.4367068 71.3234658 231.2200489 77.3195528 233.7441474 71.4068411 236.5748174 77.1743788 234.0974714 77.3994524 235.9211323 71.2090561 236.7953770 77.1460651 239.2608209 76.7361828 244.1917088 75.9164183 249.1225967 75.0966538 255.5349290 67.9482449 258.9843724 73.4571248 256.5189285 73.8670070 268.7262407 67.3217085 268.0591280 73.2845065 294.7347976 105.3397362 293.7255053 103.0533097 299.2145025 100.6303136 300.2237948 102.9167401 301.2330871 105.2031666 302.1788881 107.3457615 295.7440899 107.6261627 298.1448966 112.3735235 298.1374870 112.3606689 303.3394570 109.3707587 299.3983634 114.5357534 304.5892032 111.5265705 301.9052970 118.8602132 300.6518302 116.6979833 306.8973005 115.5080377 304.1554338 121.2432467 302.3852426 119.4827721 308.3776314 116.9802430 304.1730073 121.2605804 325.0309958 142.6800131 323.2987505 140.8784184 329.3560629 138.5214323 328.4954864 146.2832025 326.7632411 144.4816078 332.8205535 142.1246217 334.5527988 143.9262164 336.2850441 145.7278111 330.2277317 148.0847972 337.8505105 147.3559500 331.9599770 149.8863919 334.0512955 152.0060970 333.6922223 151.6879866 336.0476791 153.5078896 336.0608442 153.5177367 340.0717741 156.5007067 346.0881690 160.9751618 354.1100289 166.9411018 356.1154938 168.4325868 362.1318887 172.9070419 375.6970550 175.6865912 372.0393948 180.4428000 388.8267652 188.1521787 384.1830461 191.9516355 388.8349565 205.9275883 394.8272492 206.3099091 370.5712346 217.0745148 352.0820057 226.7657025 319.0431937 227.0510375 326.4043424 225.6258200 327.5448433 231.5164276 316.5894774 227.5261100 299.4134638 230.8516176 303.0076810 236.2671526 296.9597476 231.3266901 300.5539648 236.7422252 298.1002485 237.2172977 295.6465323 237.6923702 293.1928161 238.1674427 279.7837339 234.6521977 282.2374502 234.1771252 280.9242349 240.5428052 278.4705187 241.0178777 277.3300177 235.1272702 269.9688690 236.5524877 271.1093700 242.4430953 268.6556537 242.9181678 267.5151528 237.0275602 265.0614365 237.5026327 266.2019375 243.3932403 263.7482213 243.8683128 256.3870726 245.2935303 255.2465716 239.4029228 252.7928554 239.8779953 253.9333563 245.7686028 246.5722076 247.1938204 245.4317067 241.3032128 241.6647752 248.1439654 239.2110589 248.6190379 238.0705580 242.7284303 235.6168417 243.2035028 236.7573427 249.0941104 226.9424778 250.9944004 224.4887615 251.4694730 220.8945443 246.0539379 223.3482606 245.5788654 208.6259632 248.4293004 209.7664641 254.3199080 198.8110982 250.3295905 201.2648145 249.8545180 193.9036658 251.2797355 199.9515992 256.2201981 195.0441667 257.1703431 192.5904505 257.6454156 190.1367343 258.1204881 191.4499495 251.7548080 184.0888008 253.1800255 188.9962333 252.2298805 177.8681531 260.4958506 174.2739359 255.0803156 176.7276521 254.6052431 171.8202197 255.5553881 166.9127872 256.5055331 159.5516385 257.9307506 154.6442060 258.8808957 147.2830573 260.3061132 142.3756249 261.2562582 137.4681924 262.2064032 132.5607599 263.1565482 125.1996112 264.5817658 68.5670403 255.5255209 70.9445111 256.2962670 66.7167192 261.2330871 60.9731138 253.1031103 61.4346277 253.2132826 59.8106937 258.9942407 57.7135969 258.6661953 58.5198111 252.7193443 53.2914463 252.3242627 58.2765117 252.6914028 53.4662073 258.3533836 49.7436943 253.2906633 52.0926163 252.4802169 49.6124072 259.7509963 47.3253582 254.2009792 49.6640066 253.3194233 44.0757927 256.0370645 42.3198411 257.8155614 33.5400833 266.7080461 38.8079380 261.3725553 31.7841317 268.4865430 3.9669389 224.9451700 3.8663302 222.4479125 9.9620755 224.7036399 6.6190550 129.8287346 6.6886746 132.3270482 0.6910029 132.4941831 0.6213833 129.9958696 0.5517637 127.4975561 6.5494354 127.3304211 6.4101962 122.3337941 0.4125245 122.5009291 6.3405766 119.8354806 0.3429049 120.0026156 5.9228590 104.8455996 6.2709570 117.3371671 -0.0748127 105.0127346 5.8532394 102.3472861 -0.1444323 102.5144211 -0.4229107 92.5211671 -0.4925303 90.0228536 5.5747610 92.3540321 5.4355218 87.3574051 5.5051414 89.8557186 -0.5621499 87.5245401 4.9481846 69.8692106 5.0178042 72.3675241 -1.0494871 70.0363455 4.8785650 67.3708971 -1.1191067 67.5380320 4.7393258 62.3742701 4.8089454 64.8725836 -1.2583459 62.5414050 -2.3026399 25.0667025 -2.3722595 22.5683890 3.6950318 24.8995675 -6.7235413 -54.6540020 -0.7373665 -55.0610773 -0.5678004 -52.5675528 -6.2148431 -47.1734284 -0.2286682 -47.5805037 -0.0591021 -45.0869792 -2.4418791 20.0700755 -2.5114987 17.5717620 3.5557926 19.9029405 3.4861730 17.4046270 3.4165534 14.9063135 -2.5811183 15.0734485 -5.1974466 -32.2122813 0.7887283 -32.6193566 0.9582944 -30.1258320 -2.6507379 12.5751350 3.3469339 12.4080000 -4.5191822 -22.2381831 1.4669927 -22.6452584 1.6365587 -20.1517339 -2.7203575 10.0768215 -2.7899771 7.5785080 3.2076947 7.4113730 -4.1800500 -17.2511341 1.8061248 -17.6582094 2.1452570 -12.6711603 -3.8409179 -12.2640850 2.3148231 -10.1776358 -3.5017857 -7.2770359 2.4843892 -7.6841112 2.9930874 -0.2035377 2.9988359 -0.0835675 -2.9971627 0.1436101 2.8235214 -2.6970622 -2.0937811 32.5616430 -2.1634007 30.0633295 3.8342710 29.8961946 -7.2322396 -62.1345756 -1.2460647 -62.5416509 -1.0764986 -60.0481264 -7.7409379 -69.6151492 -1.7547630 -70.0222245 -1.5851969 -67.5287000 3.9038906 32.3945081 3.9735102 34.8928216 -2.0241615 35.0599565 -8.2496361 -77.0957228 -2.2634612 -77.5027981 -2.0938952 -75.0092736 4.0431298 37.3911351 4.1823690 42.3877621 -1.8153027 42.5548970 4.2519886 44.8860756 -1.7456831 45.0532105 4.3216082 47.3843891 -1.6760635 47.5515240 -1.6064439 50.0498375 -1.5368243 52.5481510 4.3912278 49.8827026 -1.3975851 57.5447780 4.4608474 52.3810161 -9.2670326 -92.0568700 -3.2808578 -92.4639453 -3.1112917 -89.9704208 -9.4365987 -94.5503945 -3.6199899 -97.4509944 -3.4504238 -94.9574698 -9.9452970 -102.0309681 -3.9591221 -102.4380434 -3.7895560 -99.9445189 -4.2982543 -107.4250925 -10.7931274 -114.4985908 -4.8069525 -114.9056661 -4.6373865 -112.4121415 4.6000866 57.3776431 4.6697062 59.8759566 -1.3279655 60.0430915 -5.6547830 -127.3732887 -12.0163599 -134.5605561 -6.1806270 -139.7499579 -6.0194787 -134.7539896 -6.7446461 -157.2358473 -7.0669428 -167.2277841 -13.2249722 -172.0303191 -7.3086653 -174.7217367 -7.2280911 -172.2237525 -13.3055464 -174.5283033 -7.3892394 -177.2197209 -7.8726844 -192.2076261 -8.0338327 -197.2035945 -8.4367035 -209.6935155 -8.6784260 -217.1874681 -9.0007226 -227.1794049 -15.5616229 -244.4718608 -9.6453159 -247.1632784 -9.5647417 -244.6652942 -9.9053540 -262.1009420 -15.9392418 -264.5172646 -9.9742702 -267.0990336 -9.9398121 -264.5999878 -15.9736999 -267.0163104 -9.7757309 -99.5374436 -9.6061648 -97.0439191 -9.0974666 -89.5633455 -8.4192022 -79.5892473 -1.9243291 -72.5157491 -7.9105039 -72.1086738 -1.4156308 -65.0351755 -7.4018057 -64.6281002 -7.5713718 -67.1216247 -6.8931074 -57.1475266 -7.0626735 -59.6410511 -6.5539753 -52.1604775 -0.3982343 -50.0740283 -6.3844092 -49.6669530 0.2800301 -40.0999301 -5.7061448 -39.6928548 -5.8757109 -42.1863794 -5.3670127 -34.7058058 -4.8583144 -27.2252322 -5.0278805 -29.7187567 -4.6887483 -24.7317077 -4.3496161 -19.7446586 -3.6713518 -9.7705605 2.6539553 -5.1905867 -3.1626535 -2.2899869 -3.3322196 -4.7835114 7.0367726 144.8186157 1.7535477 170.0055045 8.0505104 177.2557470 9.3584233 209.7200948 9.6602494 217.2118673 10.1632929 229.6981550 10.4651189 237.1899275 10.8675537 247.1789576 5.4760692 262.4040328 46.5894577 262.0310536 97.6238405 271.2527863 108.1186676 272.6456035 115.6595741 266.2539955 116.1249482 272.2364307 126.3401122 270.4723733 168.0532882 262.3961407 222.0350453 251.9445455 234.3036265 249.5691829 262.6077203 237.9777052 287.1448826 233.2269801 333.7654911 224.2006025 374.1654518 222.4900499 387.0752129 210.9403266 391.4330729 215.0647238 394.4819223 200.8218776 370.0582092 178.9192118 373.7158694 174.1630030 317.2303458 125.9102694 305.9595650 123.0083300 310.1553668 118.7193619 291.7069207 98.4804566 290.6976284 96.1940301 284.5284742 83.1767327 281.4543391 72.2855837 279.0988954 70.8544850 274.6961989 68.4876448 254.0534845 74.2768893 253.0694850 68.3581272 171.6519892 24.9436413 176.3618634 21.2265073 173.2651398 17.3027372 165.4585419 17.0961011 167.0716925 9.4551971 162.4266070 3.5695420 148.1587767 -14.1367427 128.9949830 -17.9344743 129.7890957 -6.4754749 132.5631689 22.2678500 126.6457507 23.2598998 134.2161111 32.1273864 128.2986930 33.1194362 135.8690534 41.9869228 129.9516353 42.9789725 137.5219957 51.8464592 131.6045776 52.8385089 133.2575199 62.6980453 134.9104621 72.5575817 141.2199151 112.0042057 142.3617991 119.4145941 150.5755776 133.3216018 144.6455670 134.2353709 145.0261950 136.7055004 134.9034579 185.0921357 105.4311734 137.7657262 95.6555776 83.5004111 94.1730254 56.0478479 93.3643738 41.0739672 96.9671150 -9.1247089 90.9711602 -8.9044230 89.7782869 -41.3732013 86.9376165 -113.7838019 93.8540084 -91.5549170 88.1661874 -83.8175759 87.8590447 -91.3091324 92.7278184 -119.0239575 86.3233311 -128.7669148 132.3927866 -170.2259204 152.5224216 -154.3324810 174.8982556 -142.1647117 177.8824309 -137.3777004 183.6656588 -109.7150560 190.2173589 -93.1625269 202.4445924 -73.5522635 210.1815099 -74.3885525 223.0230481 -58.0583700 262.0112036 -54.2075130 253.9106371 -53.0884445 274.0817599 -64.8542651 276.6647512 -59.4387175 292.0086849 -73.5980018 296.4853287 -75.8218114 350.4024927 -117.5703012 344.4024927 -117.4822158 350.3973244 -117.7463202 347.5717869 -125.9060698 340.3955942 -134.0418761 325.7822717 -144.8490451 152.7658392 -234.8741339 141.8629856 -240.9805415 136.0726188 -251.1005380 100.4321418 -264.1848905 87.3487175 -271.5125797 79.3777800 -282.8538577 66.2943557 -290.1815468 56.8207274 -288.6105210 50.2790152 -292.2743656 43.7373030 -295.9382102 35.0150201 -300.8233363 28.4733080 -304.4871809 21.9315958 -308.1510255 11.9698530 -312.5932825 12.1833114 -318.5895406 -9.2474936 -279.2008361 -15.2151960 -279.8225502 -10.8396226 -292.4350753 -16.0081580 -269.5153562 -9.7675915 -252.1098297 -15.7669513 -252.0220357 -15.8014094 -254.5210815 -14.9170296 -224.4879872 -14.6753071 -216.9940346 -6.9057945 -162.2318157 -12.9026756 -162.0383823 -12.1775082 -139.5565245 -5.9396666 -132.2796316 -11.9357857 -132.0625719 2.0421721 -305.7066167 164.4200382 -235.2238781 177.5034625 -227.8961890 179.6840332 -226.6749074 176.7521171 -221.4400371 186.2257454 -223.0110628 196.3772536 -210.4485033 207.2801072 -204.3420957 218.9343063 -204.6918399 249.4622964 -187.5938986 262.5457207 -180.2662094 268.3360875 -170.1462129 285.7806533 -160.3759607 305.4057898 -149.3844270 323.6017010 -146.0703267 322.8503555 -139.6141748 338.1955135 -103.2676016 326.8858236 -91.9477345 305.4386164 -80.2694305 271.8259286 -63.7783273 254.0133515 -59.0875652 214.0367050 -71.2068643 189.2664575 -111.8670443 180.9764446 -116.7140475 177.4123363 -125.9900519 175.3439027 -129.9924757 167.9118366 -149.3640362 163.6194541 -145.1717275 160.0669554 -156.3488338 151.9018088 -162.1171139 153.9430954 -160.6750439 144.7402977 -165.6643675 122.4226791 -172.0585295 114.3465764 -166.6411022 94.1758749 -166.9473434 96.3874841 -168.1114749 99.1822008 -162.8020909 91.7099110 -143.8518640 86.2209502 -131.2641003 94.7648875 -69.0670689 94.8566470 -66.5694706 88.8606921 -66.3491847 95.7742418 -41.5934872 98.9513178 33.2634734 100.1642952 55.7242945 96.0653165 90.9895580 102.8796267 105.6331982 103.4758231 168.2888435 103.0168536 108.1287114 97.5748121 118.4402030 104.4333532 130.3345682 98.4867221 131.1330532 103.7029880 120.6062773 102.1453962 158.3806328 102.4679461 98.1466586 142.4680603 178.5561226 148.7254426 169.6590304 150.5185509 164.2207570 151.2148470 161.8204260 146.5812516 153.1353918 152.0159650 143.3229037 142.0675870 78.9601842 143.3072937 86.3548365 139.1749380 61.7059956 138.7617024 59.2411115 129.7585270 2.9257836 180.9421601 36.7149515 188.7487580 36.9215877 187.1356074 44.5624917 194.8774165 54.3719169 212.5819804 65.1474501 215.4006959 74.0658258 228.7223955 77.2293046 233.7177023 77.4098011 265.5753410 73.0066226 305.8426700 113.6888004 350.0990989 163.9581318 331.0883082 140.3230270 328.8580586 225.1507475 294.5060313 231.8017626 185.2293018 259.0706331 175.4144369 260.9709232 164.4590710 256.9806056 130.1070437 263.6316208 122.7458950 265.0568383 66.1895694 254.7547748 51.7407068 258.9487315 24.7603254 275.6005307 0.7606225 134.9924966 0.2732853 117.5043021 -0.9798675 72.5346590 -1.1887263 65.0397185 3.6254122 22.4012540 -5.5365787 -37.1993303 0.4495961 -37.6064056 0.6191622 -35.1128811 1.1278605 -27.6323075 1.2974266 -25.1387830 -2.8595967 5.0801945 3.1380751 4.9130595 -8.0800700 -74.6021983 -1.9545419 37.5582700 -8.7583344 -84.5762964 -2.7721595 -84.9833717 -2.6025934 -82.4898472 -4.9765186 -117.3991906 -8.9201484 -224.6814207 -9.8364378 -257.1028504 -15.9047837 -262.0182188 -2.4330273 -79.9963226 -8.5887683 -82.0827719 7.8492930 172.2612319 5.1742431 254.9122603 36.0537483 272.7020352 133.7012609 269.0471558 218.4408281 246.5290104 251.4796401 246.2436754 276.0168024 241.4929503 379.3205562 221.3582248 387.2441120 186.2178503 311.1730334 128.2672555 281.3714463 72.2332327 266.2424537 67.0438245 157.7815216 -2.3161132 123.8980350 -7.6284564 123.7603951 3.0754954 132.8442843 60.2331612 146.7692977 108.6203071 140.8392871 109.5340763 143.5036830 126.8249825 109.4224542 167.4903585 106.7616004 147.6739370 94.5773512 63.5347882 90.0535654 -33.8804063 89.4112490 -51.3635947 92.9325802 -114.0295865 88.3709492 -78.8232049 88.7689327 -68.8467830 92.2159139 -131.5098850 187.2512778 -100.3830673 189.1200475 -95.5371089 195.8981358 -82.0319742 206.9704650 -77.4915488 219.7895848 -67.1006303 220.8956085 -59.3700170 260.6593640 -60.0532405 264.4462252 -54.7706180 274.4089198 -58.3627797 314.3919040 -84.7170496 317.0612407 -79.3435366 343.4735032 -100.4140381 343.2234648 -112.0581804 336.2787619 -129.6769972 340.4272183 -134.0118311 122.2378490 -251.9720752 120.0572783 -253.1933568 18.1740501 -316.9880410 7.1871853 -318.7457261 -15.9921158 -272.3650606 -6.9863686 -164.7297999 -12.9832498 -164.5363665 -6.2612012 -142.2479421 -3.3860527 -308.2628592 174.5715464 -222.6613186 229.8371599 -198.5854323 237.8080974 -187.2441543 239.9886681 -186.0228728 246.5303802 -182.3590282 274.8777996 -166.4823683 182.9916243 -128.1980244 161.8731595 -146.9597076 150.4811349 -155.7745511 114.7293876 -172.6291308 92.0770684 -148.5519793 96.8886777 105.9626371 97.9864927 125.9267426 107.3397924 194.0610478 152.5099395 154.0578678 152.1185240 156.5263108 206.6745843 67.8583704 296.8950514 110.1928281 296.7533822 109.9125893 64.3392484 260.4623410 0.1104640 -42.5934547 3.2773143 9.9096865 -9.2424451 -234.6733574 -9.8019797 -254.6038046 -6.0452770 -44.6799039 7.7023912 283.1664954 37.8096998 270.9235383 181.6350846 253.6550981 261.2945050 244.3433853 288.2853836 239.1175877 320.1836946 232.9416451 360.7563697 218.9748048 361.8968706 224.8654124 289.6883361 93.9076035 279.2386505 70.9345238 149.8672057 -12.3253682 91.0629197 -6.4068247 224.0444640 -64.4773362 266.8812467 -55.3337231 341.9391175 -109.9141493 9.6852483 -318.6676334 233.4469559 -189.6867174 250.8915217 -179.9164651 276.3375913 -65.9302030 166.1655420 -151.1520163 155.9843821 -159.2329738 85.7090456 -143.7500278 146.0567543 144.0213368 141.6543514 76.4953001 210.7462695 63.4514009 223.3164982 76.4913983 307.9151135 235.3170076 5.6443806 94.8523456 -0.3532911 95.0194806 359.4431544 225.3404849 90.7876412 -13.8996197 186.3548731 -102.7160645 263.0943856 -60.6163455 312.1535821 -83.6051448 347.0862676 -106.8308319 0.9773764 -303.4455047 189.8355415 -214.1123479 200.7383951 -208.0059403 358.3026534 219.4498774 90.6041223 -18.8948163 191.9556718 -104.8680528 321.5665052 139.0768237 173.2003510 26.9055263 140.8278803 71.5655320 85.7110633 -144.0378278 97.2423934 -1.6319139 327.6238176 136.7198376 85.8481536 -146.5280027 125.1697652 -257.2069456 -0.9069325 -57.5546019 129.5309066 -254.7643825 97.0588745 -6.6271106 176.2970747 30.8292964 368.0770237 177.3956236 99.3556436 40.7504138 130.4969910 9.9434295 -8.7100312 -296.9572993 377.7335135 185.0957419 6.7582942 134.8253617 9.4977720 -312.6705630 15.4197686 -311.6575689 6.7267005 280.8655293 126.5989905 -249.5295122 338.0624166 -127.9575657 69.0941901 262.0038332 343.4410807 -120.8585760 105.6347195 272.3691642 106.2983642 266.4059791 314.8229188 -78.2316318 373.0249508 216.5994423 394.3342597 209.2289593 388.4304886 208.1586848 394.7800795 206.7697599 387.3764281 197.7369052 382.6003929 190.0173072 202.3942522 -73.6108572 205.3911051 -79.3784641 296.1866256 93.7710340 287.8780577 77.5137387 286.3003337 75.6156891 285.6364493 75.0233973 171.4561106 -136.4036244 224.4704434 70.6034097 222.0387775 70.1268447 220.8638728 76.0107256 220.8220145 76.0022122 133.6213913 -163.8694241 218.1613540 68.7386534 134.8451070 -169.7436943 131.2351120 -164.3386639 110.1756179 -166.2879178 137.1398723 -13.8665049 132.6823249 -13.2012397 138.5555192 94.7132995 146.3476847 146.5036295 101.9190386 88.1646059 146.1925619 155.5866441 144.7561046 162.5491672 112.7986486 191.5303901 107.0256886 193.2263475</float_array><technique_common><accessor source="#uv-array" count="2074" stride="2"><param name="S" type="float" /><param name="T" type="float" /></accessor></technique_common></source><source id="normals"><float_array id="normals-array" count="3">0.0000000 0.0000000 1.0000000</float_array><technique_common><accessor source="#normals-array" count="1" stride="3"><param name="X" type="float" /><param name="Y" type="float" /><param name="Z" type="float" /></accessor></technique_common></source><vertices id="road-vertices"><input semantic="POSITION" source="#positions" /></vertices><triangles count="2074" material="asphalt"><input semantic="VERTEX" source="#road-vertices" offset="0" /><input semantic="TEXCOORD" source="#uv" offset="1" set="0" /><input semantic="NORMAL" source="#normals" offset="2" /><p>0 0 0 1 1 0 2 2 0 3 3 0 0 0 0 4 4 0 5 5 0 6 6 0 4 4 0 4 4 0 7 7 0 5 5 0 8 8 0 9 9 0 10 10 0 11 11 0 12 12 0 13 13 0 14 14 0 11 11 0 15 15 0 16 16 0 17 17 0 18 18 0 17 17 0 19 19 0 20 20 0 19 19 0 21 21 0 22 22 0 21 21 0 23 23 0 24 24 0 25 25 0 26 26 0 27 27 0 28 28 0 29 29 0 30 30 0 31 31 0 32 32 0 33 33 0 34 34 0 35 35 0 36 36 0 36 36 0 37 37 0 34 34 0 23 23 0 27 27 0 26 26 0 38 38 0 30 30 0 29 29 0 39 39 0 31 31 0 40 40 0 41 41 0 42 42 0 43 43 0 44 44 0 45 45 0 46 46 0 47 47 0 44 44 0 48 48 0 49 49 0 47 47 0 50 50 0 51 51 0 52 52 0 53 53 0 54 54 0 55 55 0 56 56 0 55 55 0 57 57 0 58 58 0 59 59 0 60 60 0 61 61 0 60 60 0 62 62 0 63 63 0 64 64 0 65 65 0 66 66 0 67 67 0 68 68 0 64 64 0 69 69 0 70 70 0 68 68 0 71 71 0 72 72 0 69 69 0 73 73 0 74 74 0 75 75 0 74 74 0 76 76 0 77 77 0 77 77 0 76 76 0 78 78 0 79 79 0 80 80 0 81 81 0 82 82 0 83 83 0 84 84 0 85 85 0 86 86 0 87 87 0 88 88 0 89 89 0 90 90 0 91 91 0 92 92 0 93 93 0 94 94 0 95 95 0 96 96 0 97 97 0 98 98 0 99 99 0 100 100 0 101 101 0 102 102 0 103 103 0 104 104 0 105 105 0 106 106 0 107 107 0 108 108 0 109 109 0 110 110 0 106 106 0 110 110 0 111 111 0 112 112 0 113 113 0 114 114 0 111 111 0 115 115 0 116 116 0 117 117 0 118 118 0 119 119 0 116 116 0 120 120 0 121 121 0 122 122 0 122 122 0 123 123 0 120 120 0 124 124 0 125 125 0 126 126 0 127 127 0 128 128 0 129 129 0 130 130 0 131 131 0 132 132 0 133 133 0 134 134 0 135 135 0 136 136 0 137 137 0 138 138 0 139 139 0 140 140 0 141 141 0 142 142 0 143 143 0 144 144 0 145 145 0 146 146 0 147 147 0 148 148 0 149 149 0 150 150 0 151 151 0 152 152 0 153 153 0 154 154 0 155 155 0 156 156 0 157 157 0 158 158 0 159 159 0 160 160 0 161 161 0 162 162 0 163 163 0 164 164 0 165 165 0 166 166 0 167 167 0 168 168 0 169 169 0 170 170 0 171 171 0 172 172 0 173 173 0 174 174 0 175 175 0 176 176 0 177 177 0 178 178 0 179 179 0 180 180 0 181 181 0 182 182 0 183 183 0 184 184 0 185 185 0 186 186 0 187 187 0 188 188 0 189 189 0 190 190 0 191 191 0 192 192 0 193 193 0 190 190 0 194 194 0 195 195 0 196 196 0 197 197 0 198 198 0 195 195 0 197 197 0 199 199 0 198 198 0 200 200 0 200 200 0 201 201 0 202 202 0 203 203 0 204 204 0 205 205 0 206 206 0 207 207 0 204 204 0 208 208 0 209 209 0 206 206 0 209 209 0 210 210 0 211 211 0 212 212 0 211 211 0 213 213 0 214 214 0 215 215 0 216 216 0 217 217 0 218 218 0 214 214 0 219 219 0 220 220 0 218 218 0 221 221 0 222 222 0 223 223 0 224 224 0 221 221 0 225 225 0 226 226 0 227 227 0 228 228 0 228 228 0 229 229 0 226 226 0 230 230 0 226 226 0 231 231 0 231 231 0 232 232 0 233 233 0 234 234 0 235 235 0 232 232 0 236 236 0 237 237 0 238 238 0 236 236 0 239 239 0 237 237 0 240 240 0 241 241 0 242 242 0 242 242 0 241 241 0 243 243 0 242 242 0 244 244 0 240 240 0 245 245 0 246 246 0 247 247 0 245 245 0 248 248 0 246 246 0 249 249 0 250 250 0 251 251 0 252 252 0 253 253 0 254 254 0 255 255 0 256 256 0 257 257 0 257 257 0 258 258 0 255 255 0 259 259 0 260 260 0 261 261 0 262 262 0 263 263 0 264 264 0 265 265 0 266 266 0 267 267 0 268 268 0 269 269 0 270 270 0 268 268 0 271 271 0 269 269 0 272 272 0 273 273 0 274 274 0 275 275 0 276 276 0 277 277 0 278 278 0 279 279 0 280 280 0 281 281 0 282 282 0 283 283 0 284 284 0 285 285 0 286 286 0 287 287 0 288 288 0 289 289 0 290 290 0 291 291 0 292 292 0 293 293 0 294 294 0 295 295 0 296 296 0 297 297 0 298 298 0 299 299 0 296 296 0 300 300 0 301 301 0 299 299 0 300 300 0 302 302 0 303 303 0 301 301 0 303 303 0 304 304 0 305 305 0 306 306 0 307 307 0 308 308 0 309 309 0 310 310 0 307 307 0 309 309 0 311 311 0 310 310 0 306 306 0 308 308 0 312 312 0 313 313 0 314 314 0 315 315 0 316 316 0 317 317 0 318 318 0 319 319 0 316 316 0 318 318 0 320 320 0 321 321 0 319 319 0 322 322 0 323 323 0 324 324 0 325 325 0 322 322 0 324 324 0 324 324 0 326 326 0 325 325 0 327 327 0 328 328 0 329 329 0 330 330 0 331 331 0 332 332 0 331 331 0 333 333 0 332 332 0 334 334 0 335 335 0 336 336 0 335 335 0 337 337 0 336 336 0 337 337 0 338 338 0 339 339 0 340 340 0 341 341 0 338 338 0 342 342 0 343 343 0 344 344 0 344 344 0 345 345 0 342 342 0 346 346 0 347 347 0 348 348 0 349 349 0 350 350 0 351 351 0 352 352 0 353 353 0 354 354 0 355 355 0 356 356 0 357 357 0 358 358 0 359 359 0 360 360 0 361 361 0 362 362 0 363 363 0 364 364 0 365 365 0 366 366 0 367 367 0 368 368 0 369 369 0 370 370 0 371 371 0 372 372 0 371 371 0 373 373 0 374 374 0 375 375 0 376 376 0 377 377 0 378 378 0 379 379 0 380 380 0 380 380 0 381 381 0 378 378 0 382 382 0 383 383 0 384 384 0 385 385 0 386 386 0 387 387 0 388 388 0 389 389 0 385 385 0 390 390 0 391 391 0 392 392 0 392 392 0 393 393 0 390 390 0 394 394 0 390 390 0 395 395 0 395 395 0 396 396 0 397 397 0 398 398 0 399 399 0 396 396 0 400 400 0 401 401 0 402 402 0 403 403 0 404 404 0 405 405 0 405 405 0 404 404 0 406 406 0 407 407 0 408 408 0 409 409 0 409 409 0 410 410 0 407 407 0 411 411 0 412 412 0 413 413 0 414 414 0 415 415 0 416 416 0 416 416 0 417 417 0 414 414 0 418 418 0 419 419 0 420 420 0 421 421 0 422 422 0 423 423 0 423 423 0 424 424 0 421 421 0 425 425 0 426 426 0 427 427 0 428 428 0 429 429 0 430 430 0 431 431 0 432 432 0 433 433 0 434 434 0 435 435 0 436 436 0 437 437 0 438 438 0 439 439 0 440 440 0 441 441 0 442 442 0 443 443 0 444 444 0 445 445 0 446 446 0 447 447 0 448 448 0 449 449 0 450 450 0 451 451 0 452 452 0 453 453 0 454 454 0 455 455 0 456 456 0 457 457 0 458 458 0 459 459 0 460 460 0 461 461 0 462 462 0 463 463 0 464 464 0 465 465 0 466 466 0 467 467 0 468 468 0 469 469 0 470 470 0 471 471 0 472 472 0 473 473 0 474 474 0 475 475 0 476 476 0 477 477 0 478 478 0 479 479 0 480 480 0 481 481 0 482 482 0 479 479 0 483 483 0 483 483 0 484 484 0 485 485 0 486 486 0 487 487 0 488 488 0 489 489 0 490 490 0 491 491 0 492 492 0 493 493 0 494 494 0 495 495 0 496 496 0 497 497 0 498 498 0 499 499 0 500 500 0 501 501 0 502 502 0 503 503 0 504 504 0 505 505 0 506 506 0 507 507 0 508 508 0 509 509 0 510 510 0 511 511 0 512 512 0 513 513 0 514 514 0 515 515 0 516 516 0 517 517 0 518 518 0 517 517 0 519 519 0 520 520 0 519 519 0 521 521 0 522 522 0 523 523 0 524 524 0 525 525 0 526 526 0 527 527 0 528 528 0 529 529 0 530 530 0 531 531 0 532 532 0 533 533 0 534 534 0 535 535 0 536 536 0 533 533 0 537 537 0 535 535 0 538 538 0 539 539 0 540 540 0 541 541 0 542 542 0 543 543 0 544 544 0 545 545 0 546 546 0 543 543 0 547 547 0 545 545 0 548 548 0 549 549 0 550 550 0 551 551 0 552 552 0 553 553 0 554 554 0 555 555 0 552 552 0 556 556 0 557 557 0 558 558 0 559 559 0 560 560 0 561 561 0 562 562 0 563 563 0 564 564 0 565 565 0 564 564 0 566 566 0 565 565 0 567 567 0 568 568 0 569 569 0 570 570 0 571 571 0 572 572 0 569 569 0 573 573 0 567 567 0 574 574 0 560 560 0 562 562 0 575 575 0 576 576 0 577 577 0 578 578 0 559 559 0 579 579 0 580 580 0 578 578 0 581 581 0 551 551 0 582 582 0 549 549 0 583 583 0 584 584 0 585 585 0 586 586 0 587 587 0 588 588 0 589 589 0 590 590 0 591 591 0 592 592 0 593 593 0 594 594 0 595 595 0 596 596 0 597 597 0 598 598 0 599 599 0 600 600 0 601 601 0 602 602 0 603 603 0 604 604 0 605 605 0 602 602 0 606 606 0 607 607 0 608 608 0 609 609 0 610 610 0 611 611 0 612 612 0 613 613 0 614 614 0 615 615 0 616 616 0 617 617 0 618 618 0 619 619 0 620 620 0 621 621 0 620 620 0 622 622 0 622 622 0 623 623 0 624 624 0 625 625 0 626 626 0 627 627 0 627 627 0 628 628 0 625 625 0 629 629 0 630 630 0 631 631 0 632 632 0 633 633 0 634 634 0 634 634 0 635 635 0 632 632 0 636 636 0 637 637 0 638 638 0 639 639 0 640 640 0 641 641 0 639 639 0 641 641 0 642 642 0 643 643 0 644 644 0 645 645 0 646 646 0 647 647 0 648 648 0 649 649 0 650 650 0 647 647 0 651 651 0 652 652 0 653 653 0 654 654 0 655 655 0 652 652 0 656 656 0 657 657 0 644 644 0 658 658 0 659 659 0 660 660 0 661 661 0 662 662 0 659 659 0 661 661 0 663 663 0 664 664 0 665 665 0 666 666 0 667 667 0 667 667 0 668 668 0 665 665 0 669 669 0 670 670 0 668 668 0 671 671 0 672 672 0 673 673 0 672 672 0 674 674 0 675 675 0 672 672 0 675 675 0 676 676 0 677 677 0 678 678 0 679 679 0 680 680 0 681 681 0 682 682 0 683 683 0 684 684 0 681 681 0 685 685 0 686 686 0 687 687 0 688 688 0 689 689 0 690 690 0 691 691 0 692 692 0 693 693 0 694 694 0 695 695 0 696 696 0 697 697 0 698 698 0 699 699 0 700 700 0 701 701 0 702 702 0 702 702 0 703 703 0 700 700 0 702 702 0 704 704 0 703 703 0 705 705 0 706 706 0 707 707 0 708 708 0 709 709 0 710 710 0 708 708 0 711 711 0 712 712 0 713 713 0 714 714 0 715 715 0 713 713 0 716 716 0 714 714 0 717 717 0 712 712 0 718 718 0 719 719 0 720 720 0 721 721 0 721 721 0 722 722 0 719 719 0 723 723 0 724 724 0 722 722 0 720 720 0 725 725 0 721 721 0 726 726 0 727 727 0 728 728 0 729 729 0 730 730 0 731 731 0 732 732 0 733 733 0 734 734 0 732 732 0 735 735 0 733 733 0 736 736 0 737 737 0 738 738 0 736 736 0 738 738 0 739 739 0 740 740 0 741 741 0 742 742 0 743 743 0 744 744 0 741 741 0 743 743 0 745 745 0 744 744 0 746 746 0 747 747 0 748 748 0 749 749 0 750 750 0 751 751 0 752 752 0 753 753 0 754 754 0 755 755 0 754 754 0 756 756 0 757 757 0 758 758 0 759 759 0 760 760 0 761 761 0 762 762 0 763 763 0 764 764 0 765 765 0 766 766 0 767 767 0 768 768 0 769 769 0 770 770 0 766 766 0 771 771 0 772 772 0 770 770 0 773 773 0 771 771 0 774 774 0 774 774 0 775 775 0 776 776 0 777 777 0 778 778 0 779 779 0 780 780 0 781 781 0 782 782 0 783 783 0 784 784 0 785 785 0 786 786 0 787 787 0 784 784 0 788 788 0 786 786 0 789 789 0 790 790 0 791 791 0 788 788 0 792 792 0 793 793 0 791 791 0 794 794 0 795 795 0 796 796 0 797 797 0 798 798 0 799 799 0 799 799 0 800 800 0 801 801 0 802 802 0 803 803 0 804 804 0 805 805 0 806 806 0 803 803 0 807 807 0 805 805 0 808 808 0 809 809 0 807 807 0 810 810 0 811 811 0 809 809 0 812 812 0 813 813 0 814 814 0 815 815 0 816 816 0 817 817 0 813 813 0 817 817 0 818 818 0 819 819 0 818 818 0 820 820 0 821 821 0 822 822 0 821 821 0 823 823 0 824 824 0 822 822 0 825 825 0 826 826 0 827 827 0 828 828 0 827 827 0 829 829 0 830 830 0 831 831 0 832 832 0 833 833 0 834 834 0 835 835 0 836 836 0 837 837 0 834 834 0 838 838 0 839 839 0 840 840 0 841 841 0 842 842 0 843 843 0 844 844 0 845 845 0 846 846 0 843 843 0 847 847 0 845 845 0 848 848 0 849 849 0 850 850 0 851 851 0 852 852 0 853 853 0 854 854 0 855 855 0 852 852 0 856 856 0 857 857 0 855 855 0 858 858 0 859 859 0 860 860 0 861 861 0 861 861 0 862 862 0 859 859 0 863 863 0 864 864 0 865 865 0 865 865 0 866 866 0 863 863 0 867 867 0 868 868 0 869 869 0 870 870 0 869 869 0 868 868 0 868 868 0 871 871 0 870 870 0 872 872 0 873 873 0 874 874 0 875 875 0 876 876 0 877 877 0 878 878 0 879 879 0 880 880 0 881 881 0 882 882 0 883 883 0 882 882 0 884 884 0 885 885 0 886 886 0 885 885 0 884 884 0 884 884 0 887 887 0 888 888 0 889 889 0 890 890 0 887 887 0 891 891 0 892 892 0 893 893 0 894 894 0 895 895 0 896 896 0 897 897 0 898 898 0 899 899 0 900 900 0 901 901 0 902 902 0 903 903 0 904 904 0 905 905 0 903 903 0 906 906 0 904 904 0 903 903 0 907 907 0 906 906 0 908 908 0 909 909 0 910 910 0 911 911 0 912 912 0 913 913 0 914 914 0 915 915 0 916 916 0 917 917 0 918 918 0 915 915 0 919 919 0 920 920 0 921 921 0 922 922 0 923 923 0 924 924 0 925 925 0 926 926 0 927 927 0 928 928 0 929 929 0 930 930 0 931 931 0 932 932 0 933 933 0 934 934 0 935 935 0 936 936 0 937 937 0 938 938 0 939 939 0 940 940 0 941 941 0 942 942 0 940 940 0 943 943 0 941 941 0 940 940 0 939 939 0 943 943 0 944 944 0 945 945 0 946 946 0 947 947 0 948 948 0 949 949 0 950 950 0 951 951 0 952 952 0 895 895 0 894 894 0 953 953 0 892 892 0 891 891 0 954 954 0 955 955 0 956 956 0 878 878 0 880 880 0 955 955 0 878 878 0 879 879 0 957 957 0 958 958 0 957 957 0 959 959 0 958 958 0 960 960 0 875 875 0 961 961 0 778 778 0 962 962 0 779 779 0 963 963 0 779 779 0 962 962 0 964 964 0 776 776 0 965 965 0 764 764 0 966 966 0 761 761 0 967 967 0 757 757 0 968 968 0 754 754 0 749 749 0 752 752 0 969 969 0 970 970 0 971 971 0 972 972 0 969 969 0 973 973 0 974 974 0 972 972 0 975 975 0 976 976 0 977 977 0 978 978 0 979 979 0 980 980 0 981 981 0 982 982 0 983 983 0 984 984 0 983 983 0 985 985 0 986 986 0 987 987 0 988 988 0 989 989 0 990 990 0 989 989 0 991 991 0 992 992 0 993 993 0 994 994 0 994 994 0 995 995 0 996 996 0 997 997 0 998 998 0 999 999 0 1000 1000 0 1001 1001 0 1002 1002 0 1001 1001 0 1003 1003 0 1004 1004 0 1005 1005 0 1006 1006 0 1007 1007 0 1008 1008 0 1009 1009 0 1010 1010 0 1011 1011 0 1012 1012 0 1013 1013 0 1014 1014 0 1015 1015 0 1016 1016 0 1017 1017 0 1018 1018 0 1019 1019 0 1020 1020 0 1021 1021 0 1017 1017 0 1021 1021 0 1022 1022 0 1023 1023 0 1024 1024 0 1025 1025 0 1026 1026 0 1027 1027 0 1028 1028 0 1029 1029 0 1028 1028 0 1030 1030 0 1031 1031 0 1030 1030 0 1032 1032 0 1033 1033 0 1034 1034 0 1035 1035 0 1036 1036 0 1037 1037 0 1038 1038 0 1034 1034 0 1039 1039 0 1040 1040 0 1041 1041 0 1042 1042 0 1043 1043 0 1044 1044 0 1045 1045 0 1046 1046 0 1042 1042 0 1046 1046 0 1047 1047 0 1048 1048 0 1049 1049 0 1050 1050 0 1051 1051 0 1052 1052 0 1053 1053 0 1049 1049 0 1053 1053 0 1054 1054 0 1055 1055 0 747 747 0 746 746 0 1056 1056 0 737 737 0 736 736 0 1057 1057 0 1058 1058 0 1059 1059 0 1060 1060 0 1060 1060 0 1061 1061 0 1058 1058 0 1062 1062 0 1063 1063 0 1061 1061 0 705 705 0 708 708 0 1064 1064 0 704 704 0 702 702 0 1065 1065 0 1066 1066 0 1067 1067 0 1068 1068 0 1069 1069 0 693 693 0 692 692 0 1070 1070 0 688 688 0 1071 1071 0 686 686 0 1072 1072 0 1073 1073 0 1074 1074 0 1073 1073 0 1075 1075 0 1076 1076 0 684 684 0 683 683 0 674 674 0 672 672 0 1077 1077 0 668 668 0 667 667 0 669 669 0 1078 1078 0 1079 1079 0 1080 1080 0 1081 1081 0 1082 1082 0 1078 1078 0 644 644 0 1083 1083 0 656 656 0 1084 1084 0 654 654 0 1085 1085 0 1086 1086 0 1087 1087 0 646 646 0 1088 1088 0 1089 1089 0 1090 1090 0 1091 1091 0 617 617 0 616 616 0 1092 1092 0 1093 1093 0 1094 1094 0 1095 1095 0 1096 1096 0 1093 1093 0 1097 1097 0 1098 1098 0 1099 1099 0 1100 1100 0 1101 1101 0 1097 1097 0 1102 1102 0 1097 1097 0 1101 1101 0 1103 1103 0 1104 1104 0 1105 1105 0 1105 1105 0 1106 1106 0 1103 1103 0 1105 1105 0 1107 1107 0 1106 1106 0 1108 1108 0 1109 1109 0 1110 1110 0 1111 1111 0 1108 1108 0 1110 1110 0 1110 1110 0 1112 1112 0 1111 1111 0 1113 1113 0 1114 1114 0 1115 1115 0 1115 1115 0 1116 1116 0 1113 1113 0 1117 1117 0 1118 1118 0 1116 1116 0 1119 1119 0 604 604 0 1120 1120 0 1121 1121 0 1122 1122 0 1123 1123 0 1119 1119 0 1120 1120 0 1122 1122 0 1124 1124 0 1125 1125 0 601 601 0 1126 1126 0 1127 1127 0 1128 1128 0 1126 1126 0 1129 1129 0 1127 1127 0 1130 1130 0 1131 1131 0 599 599 0 1132 1132 0 1133 1133 0 1134 1134 0 1135 1135 0 1132 1132 0 1136 1136 0 1136 1136 0 1137 1137 0 1135 1135 0 1138 1138 0 1139 1139 0 1140 1140 0 1140 1140 0 1141 1141 0 1138 1138 0 1142 1142 0 1143 1143 0 593 593 0 593 593 0 1144 1144 0 1142 1142 0 1145 1145 0 1146 1146 0 1144 1144 0 1147 1147 0 1148 1148 0 1149 1149 0 590 590 0 1150 1150 0 1148 1148 0 1151 1151 0 1152 1152 0 1153 1153 0 1154 1154 0 1155 1155 0 1156 1156 0 584 584 0 1157 1157 0 587 587 0 1158 1158 0 1159 1159 0 1160 1160 0 1160 1160 0 1161 1161 0 1158 1158 0 1162 1162 0 580 580 0 581 581 0 565 565 0 1163 1163 0 563 563 0 568 568 0 572 572 0 571 571 0 1164 1164 0 1165 1165 0 575 575 0 1166 1166 0 556 556 0 552 552 0 1167 1167 0 541 541 0 540 540 0 534 534 0 529 529 0 531 531 0 1168 1168 0 523 523 0 1169 1169 0 1169 1169 0 1170 1170 0 1171 1171 0 1172 1172 0 1171 1171 0 1173 1173 0 1174 1174 0 1175 1175 0 1176 1176 0 1177 1177 0 1178 1178 0 1179 1179 0 1179 1179 0 1180 1180 0 1181 1181 0 1182 1182 0 1181 1181 0 1183 1183 0 1184 1184 0 1182 1182 0 1185 1185 0 1185 1185 0 1186 1186 0 1187 1187 0 1188 1188 0 1189 1189 0 1190 1190 0 1191 1191 0 1192 1192 0 1189 1189 0 1190 1190 0 1193 1193 0 1194 1194 0 1194 1194 0 1188 1188 0 1190 1190 0 1195 1195 0 1191 1191 0 1196 1196 0 1197 1197 0 522 522 0 521 521 0 1198 1198 0 509 509 0 508 508 0 1199 1199 0 1200 1200 0 1201 1201 0 506 506 0 1201 1201 0 1200 1200 0 1202 1202 0 1203 1203 0 1204 1204 0 1205 1205 0 1206 1206 0 1207 1207 0 1207 1207 0 1208 1208 0 1209 1209 0 494 494 0 1210 1210 0 492 492 0 1211 1211 0 1212 1212 0 1213 1213 0 1212 1212 0 1214 1214 0 1213 1213 0 1215 1215 0 1216 1216 0 1211 1211 0 1217 1217 0 1218 1218 0 1219 1219 0 1220 1220 0 1221 1221 0 1222 1222 0 1223 1223 0 1224 1224 0 1225 1225 0 1226 1226 0 1225 1225 0 1224 1224 0 1224 1224 0 1227 1227 0 1226 1226 0 499 499 0 1228 1228 0 1229 1229 0 1216 1216 0 1230 1230 0 1231 1231 0 490 490 0 1232 1232 0 1210 1210 0 1233 1233 0 1234 1234 0 489 489 0 1233 1233 0 1235 1235 0 1234 1234 0 1236 1236 0 1237 1237 0 1238 1238 0 1238 1238 0 1239 1239 0 1236 1236 0 1240 1240 0 1241 1241 0 1239 1239 0 1242 1242 0 1243 1243 0 1244 1244 0 1245 1245 0 1246 1246 0 1242 1242 0 1247 1247 0 1248 1248 0 1249 1249 0 1250 1250 0 1251 1251 0 1252 1252 0 1253 1253 0 1254 1254 0 1255 1255 0 1256 1256 0 1257 1257 0 1253 1253 0 1257 1257 0 1258 1258 0 1259 1259 0 1258 1258 0 1260 1260 0 1261 1261 0 1262 1262 0 1263 1263 0 1264 1264 0 1265 1265 0 1266 1266 0 1263 1263 0 477 477 0 476 476 0 1267 1267 0 478 478 0 1268 1268 0 476 476 0 1269 1269 0 1270 1270 0 474 474 0 474 474 0 1271 1271 0 1269 1269 0 475 475 0 1272 1272 0 473 473 0 471 471 0 1273 1273 0 1274 1274 0 471 471 0 470 470 0 1273 1273 0 472 472 0 1275 1275 0 1276 1276 0 469 469 0 1277 1277 0 1278 1278 0 466 466 0 1279 1279 0 1280 1280 0 463 463 0 1281 1281 0 1282 1282 0 460 460 0 1283 1283 0 1284 1284 0 1285 1285 0 1286 1286 0 1287 1287 0 1288 1288 0 1289 1289 0 1290 1290 0 1288 1288 0 1291 1291 0 1289 1289 0 1288 1288 0 1290 1290 0 1286 1286 0 457 457 0 1292 1292 0 455 455 0 1293 1293 0 455 455 0 1283 1283 0 444 444 0 443 443 0 1294 1294 0 441 441 0 440 440 0 1295 1295 0 438 438 0 437 437 0 1296 1296 0 435 435 0 434 434 0 1297 1297 0 432 432 0 431 431 0 1298 1298 0 1299 1299 0 1300 1300 0 1301 1301 0 424 424 0 423 423 0 425 425 0 419 419 0 418 418 0 1302 1302 0 412 412 0 411 411 0 1303 1303 0 400 400 0 403 403 0 1304 1304 0 1305 1305 0 385 385 0 389 389 0 362 362 0 1306 1306 0 363 363 0 1307 1307 0 1308 1308 0 1309 1309 0 1308 1308 0 1310 1310 0 1311 1311 0 1310 1310 0 1312 1312 0 1313 1313 0 1314 1314 0 1315 1315 0 1316 1316 0 1317 1317 0 1318 1318 0 1319 1319 0 1320 1320 0 1321 1321 0 1322 1322 0 1323 1323 0 1324 1324 0 1325 1325 0 1326 1326 0 1327 1327 0 1328 1328 0 359 359 0 1329 1329 0 1330 1330 0 1331 1331 0 1332 1332 0 1329 1329 0 1333 1333 0 1334 1334 0 1335 1335 0 1336 1336 0 1333 1333 0 1335 1335 0 1335 1335 0 1337 1337 0 1336 1336 0 1338 1338 0 1339 1339 0 1340 1340 0 1340 1340 0 1341 1341 0 1342 1342 0 1343 1343 0 1344 1344 0 1341 1341 0 1345 1345 0 1346 1346 0 1347 1347 0 1348 1348 0 1349 1349 0 1350 1350 0 1351 1351 0 1352 1352 0 1348 1348 0 1348 1348 0 1350 1350 0 1351 1351 0 1349 1349 0 1353 1353 0 1354 1354 0 1355 1355 0 1356 1356 0 1357 1357 0 1358 1358 0 1359 1359 0 1356 1356 0 356 356 0 355 355 0 1360 1360 0 353 353 0 352 352 0 1361 1361 0 350 350 0 349 349 0 1362 1362 0 1363 1363 0 1364 1364 0 1365 1365 0 1366 1366 0 340 340 0 1367 1367 0 1368 1368 0 1369 1369 0 1370 1370 0 1371 1371 0 1372 1372 0 1368 1368 0 1372 1372 0 1373 1373 0 1374 1374 0 1375 1375 0 1376 1376 0 1377 1377 0 1378 1378 0 1375 1375 0 1377 1377 0 1377 1377 0 1379 1379 0 1378 1378 0 1380 1380 0 1381 1381 0 1382 1382 0 1382 1382 0 1383 1383 0 1384 1384 0 1385 1385 0 1386 1386 0 1383 1383 0 1373 1373 0 1377 1377 0 1376 1376 0 1387 1387 0 1388 1388 0 1389 1389 0 1390 1390 0 1391 1391 0 1392 1392 0 1392 1392 0 1393 1393 0 1390 1390 0 1393 1393 0 1394 1394 0 1395 1395 0 1394 1394 0 1396 1396 0 1397 1397 0 1398 1398 0 1399 1399 0 1396 1396 0 1396 1396 0 1400 1400 0 1398 1398 0 294 294 0 1401 1401 0 1400 1400 0 291 291 0 1402 1402 0 293 293 0 289 289 0 284 284 0 1403 1403 0 283 283 0 1404 1404 0 281 281 0 279 279 0 278 278 0 1405 1405 0 277 277 0 272 272 0 1406 1406 0 1407 1407 0 265 265 0 1408 1408 0 1409 1409 0 252 252 0 1410 1410 0 1411 1411 0 242 242 0 1412 1412 0 218 218 0 1413 1413 0 219 219 0 1414 1414 0 206 206 0 209 209 0 1415 1415 0 1416 1416 0 1417 1417 0 194 194 0 1418 1418 0 193 193 0 1419 1419 0 184 184 0 1420 1420 0 1421 1421 0 1419 1419 0 1422 1422 0 1423 1423 0 1424 1424 0 1421 1421 0 1425 1425 0 183 183 0 182 182 0 1426 1426 0 1427 1427 0 179 179 0 1428 1428 0 1429 1429 0 1426 1426 0 176 176 0 1430 1430 0 1429 1429 0 1431 1431 0 175 175 0 1432 1432 0 1432 1432 0 1433 1433 0 1434 1434 0 1435 1435 0 1434 1434 0 1436 1436 0 1436 1436 0 1437 1437 0 1435 1435 0 174 174 0 1438 1438 0 1439 1439 0 1440 1440 0 1439 1439 0 1441 1441 0 171 171 0 1442 1442 0 1443 1443 0 1444 1444 0 1445 1445 0 1446 1446 0 1447 1447 0 1446 1446 0 1448 1448 0 1449 1449 0 1450 1450 0 160 160 0 1451 1451 0 1452 1452 0 1450 1450 0 1453 1453 0 159 159 0 1454 1454 0 1455 1455 0 1456 1456 0 155 155 0 1457 1457 0 1455 1455 0 1458 1458 0 1459 1459 0 1460 1460 0 1457 1457 0 1460 1460 0 1461 1461 0 1462 1462 0 1463 1463 0 1464 1464 0 1461 1461 0 152 152 0 1465 1465 0 153 153 0 1466 1466 0 1467 1467 0 1465 1465 0 149 149 0 1468 1468 0 1466 1466 0 150 150 0 1469 1469 0 148 148 0 143 143 0 1470 1470 0 145 145 0 140 140 0 1471 1471 0 142 142 0 137 137 0 1472 1472 0 139 139 0 134 134 0 1473 1473 0 136 136 0 131 131 0 1474 1474 0 133 133 0 132 132 0 1475 1475 0 130 130 0 129 129 0 1476 1476 0 127 127 0 126 126 0 122 122 0 124 124 0 1477 1477 0 1478 1478 0 1479 1479 0 1480 1480 0 1481 1481 0 1482 1482 0 1482 1482 0 1483 1483 0 1484 1484 0 1485 1485 0 1486 1486 0 1487 1487 0 1487 1487 0 1488 1488 0 1489 1489 0 1490 1490 0 1491 1491 0 1492 1492 0 1490 1490 0 104 104 0 1491 1491 0 105 105 0 1493 1493 0 103 103 0 101 101 0 100 100 0 1494 1494 0 102 102 0 1495 1495 0 1496 1496 0 98 98 0 97 97 0 1497 1497 0 91 91 0 94 94 0 96 96 0 1498 1498 0 1499 1499 0 1500 1500 0 1501 1501 0 1502 1502 0 1503 1503 0 1504 1504 0 1505 1505 0 1506 1506 0 1507 1507 0 1506 1506 0 1508 1508 0 1509 1509 0 1507 1507 0 1510 1510 0 1511 1511 0 1512 1512 0 1513 1513 0 1514 1514 0 1511 1511 0 1515 1515 0 1516 1516 0 1517 1517 0 1518 1518 0 1519 1519 0 1520 1520 0 1521 1521 0 1522 1522 0 1523 1523 0 1524 1524 0 1525 1525 0 1522 1522 0 1526 1526 0 1527 1527 0 1528 1528 0 1529 1529 0 1530 1530 0 1531 1531 0 1532 1532 0 1533 1533 0 1534 1534 0 1535 1535 0 1536 1536 0 1537 1537 0 1538 1538 0 1539 1539 0 1540 1540 0 1541 1541 0 1542 1542 0 1541 1541 0 1540 1540 0 1543 1543 0 1542 1542 0 1544 1544 0 1545 1545 0 1546 1546 0 1547 1547 0 1544 1544 0 1548 1548 0 1549 1549 0 1550 1550 0 1551 1551 0 1552 1552 0 1553 1553 0 1554 1554 0 1555 1555 0 1556 1556 0 1557 1557 0 1558 1558 0 1559 1559 0 1558 1558 0 1560 1560 0 1561 1561 0 1560 1560 0 1562 1562 0 1563 1563 0 1564 1564 0 1565 1565 0 1565 1565 0 1566 1566 0 1563 1563 0 1567 1567 0 1568 1568 0 1569 1569 0 1570 1570 0 1571 1571 0 1572 1572 0 1573 1573 0 1574 1574 0 1575 1575 0 1576 1576 0 1577 1577 0 1578 1578 0 1579 1579 0 1580 1580 0 1581 1581 0 1582 1582 0 1583 1583 0 1584 1584 0 1583 1583 0 1585 1585 0 1586 1586 0 1585 1585 0 1587 1587 0 1588 1588 0 1589 1589 0 1588 1588 0 1587 1587 0 1590 1590 0 1589 1589 0 1591 1591 0 1592 1592 0 1590 1590 0 1593 1593 0 1594 1594 0 1595 1595 0 1596 1596 0 1597 1597 0 1598 1598 0 1599 1599 0 1600 1600 0 1601 1601 0 1602 1602 0 948 948 0 947 947 0 1603 1603 0 1604 1604 0 1605 1605 0 1606 1606 0 1607 1607 0 1608 1608 0 1609 1609 0 939 939 0 940 940 0 1610 1610 0 1611 1611 0 1612 1612 0 1613 1613 0 929 929 0 928 928 0 1614 1614 0 945 945 0 944 944 0 1615 1615 0 1616 1616 0 1617 1617 0 1618 1618 0 1619 1619 0 1620 1620 0 1617 1617 0 923 923 0 922 922 0 1621 1621 0 920 920 0 919 919 0 1622 1622 0 918 918 0 917 917 0 1623 1623 0 916 916 0 1624 1624 0 914 914 0 912 912 0 911 911 0 1625 1625 0 1626 1626 0 1627 1627 0 1628 1628 0 902 902 0 1629 1629 0 900 900 0 1630 1630 0 1631 1631 0 1632 1632 0 1633 1633 0 953 953 0 1631 1631 0 1602 1602 0 1634 1634 0 1600 1600 0 1598 1598 0 1597 1597 0 1635 1635 0 1596 1596 0 1636 1636 0 1594 1594 0 1580 1580 0 1579 1579 0 1637 1637 0 1638 1638 0 1573 1573 0 1639 1639 0 1640 1640 0 1641 1641 0 1642 1642 0 1572 1572 0 1643 1643 0 1644 1644 0 1535 1535 0 1645 1645 0 1533 1533 0 1646 1646 0 1536 1536 0 1647 1647 0 1648 1648 0 1649 1649 0 1650 1650 0 1546 1546 0 1545 1545 0 1651 1651 0 1547 1547 0 1652 1652 0 1653 1653 0 1551 1551 0 1550 1550 0 1654 1654 0 1557 1557 0 1556 1556 0 1655 1655 0 1560 1560 0 1561 1561 0 1656 1656 0 1657 1657 0 1658 1658 0 1659 1659 0 1660 1660 0 4 4 0 0 0 0 9 9 0 1661 1661 0 7 7 0 10 10 0 1662 1662 0 8 8 0 13 13 0 15 15 0 11 11 0 22 22 0 20 20 0 19 19 0 29 29 0 25 25 0 38 38 0 1663 1663 0 33 33 0 32 32 0 1664 1664 0 34 34 0 37 37 0 27 27 0 38 38 0 25 25 0 33 33 0 40 40 0 31 31 0 1665 1665 0 43 43 0 42 42 0 1666 1666 0 46 46 0 45 45 0 1667 1667 0 53 53 0 52 52 0 1668 1668 0 58 58 0 57 57 0 61 61 0 1668 1668 0 59 59 0 62 62 0 66 66 0 65 65 0 70 70 0 64 64 0 68 68 0 77 77 0 75 75 0 74 74 0 74 74 0 81 81 0 76 76 0 82 82 0 87 87 0 83 83 0 88 88 0 93 93 0 89 89 0 94 94 0 99 99 0 95 95 0 1494 1494 0 105 105 0 1669 1669 0 1670 1670 0 106 106 0 110 110 0 112 112 0 1670 1670 0 110 110 0 117 117 0 1671 1671 0 115 115 0 1672 1672 0 1673 1673 0 119 119 0 122 122 0 126 126 0 123 123 0 1476 1476 0 129 129 0 1674 1674 0 133 133 0 135 135 0 131 131 0 142 142 0 144 144 0 140 140 0 1469 1469 0 150 150 0 1675 1675 0 1450 1450 0 1676 1676 0 1451 1451 0 1677 1677 0 165 165 0 164 164 0 1442 1442 0 168 168 0 1443 1443 0 1678 1678 0 1435 1435 0 1437 1437 0 1679 1679 0 181 181 0 183 183 0 188 188 0 192 192 0 191 191 0 1680 1680 0 200 200 0 198 198 0 201 201 0 203 203 0 205 205 0 211 211 0 1414 1414 0 209 209 0 216 216 0 217 217 0 214 214 0 222 222 0 1681 1681 0 223 223 0 225 225 0 228 228 0 227 227 0 229 229 0 231 231 0 226 226 0 233 233 0 230 230 0 231 231 0 1682 1682 0 238 238 0 1683 1683 0 243 243 0 1412 1412 0 242 242 0 245 245 0 247 247 0 1684 1684 0 249 249 0 251 251 0 248 248 0 252 252 0 1409 1409 0 253 253 0 259 259 0 261 261 0 258 258 0 262 262 0 264 264 0 260 260 0 265 265 0 1407 1407 0 266 266 0 1685 1685 0 270 270 0 1686 1686 0 272 272 0 277 277 0 273 273 0 1404 1404 0 283 283 0 279 279 0 287 287 0 292 292 0 288 288 0 1687 1687 0 305 305 0 304 304 0 1688 1688 0 1385 1385 0 1689 1689 0 309 309 0 1689 1689 0 311 311 0 1690 1690 0 1691 1691 0 313 313 0 318 318 0 320 320 0 319 319 0 324 324 0 1692 1692 0 326 326 0 1692 1692 0 329 329 0 326 326 0 1693 1693 0 332 332 0 333 333 0 336 336 0 1694 1694 0 334 334 0 339 339 0 1695 1695 0 337 337 0 340 340 0 1366 1366 0 341 341 0 346 346 0 348 348 0 345 345 0 1364 1364 0 1363 1363 0 347 347 0 1696 1696 0 351 351 0 1697 1697 0 355 355 0 357 357 0 353 353 0 1329 1329 0 1335 1335 0 1331 1331 0 1698 1698 0 364 364 0 1699 1699 0 1700 1700 0 366 366 0 365 365 0 369 369 0 1701 1701 0 367 367 0 1702 1702 0 372 372 0 371 371 0 374 374 0 1702 1702 0 371 371 0 373 373 0 375 375 0 377 377 0 379 379 0 1703 1703 0 380 380 0 383 383 0 387 387 0 384 384 0 387 387 0 388 388 0 385 385 0 391 391 0 1704 1704 0 392 392 0 397 397 0 394 394 0 395 395 0 398 398 0 402 402 0 399 399 0 403 403 0 1705 1705 0 404 404 0 408 408 0 1705 1705 0 409 409 0 1706 1706 0 416 416 0 415 415 0 416 416 0 420 420 0 417 417 0 425 425 0 427 427 0 424 424 0 428 428 0 430 430 0 426 426 0 1707 1707 0 433 433 0 1708 1708 0 1709 1709 0 436 436 0 1710 1710 0 1711 1711 0 439 439 0 1712 1712 0 1713 1713 0 442 442 0 1714 1714 0 443 443 0 445 445 0 1715 1715 0 446 446 0 448 448 0 1716 1716 0 452 452 0 454 454 0 450 450 0 1283 1283 0 460 460 0 1293 1293 0 1281 1281 0 463 463 0 1717 1717 0 1279 1279 0 466 466 0 1718 1718 0 1719 1719 0 1720 1720 0 468 468 0 1275 1275 0 472 472 0 1721 1721 0 1722 1722 0 483 483 0 479 479 0 1250 1250 0 487 487 0 1251 1251 0 1210 1210 0 494 494 0 490 490 0 1218 1218 0 1217 1217 0 496 496 0 1229 1229 0 1723 1723 0 499 499 0 505 505 0 503 503 0 1724 1724 0 1201 1201 0 507 507 0 1199 1199 0 514 514 0 512 512 0 511 511 0 515 515 0 1725 1725 0 513 513 0 520 520 0 518 518 0 517 517 0 521 521 0 1726 1726 0 1197 1197 0 527 527 0 1727 1727 0 1728 1728 0 530 530 0 526 526 0 528 528 0 533 533 0 538 538 0 535 535 0 1729 1729 0 542 542 0 544 544 0 543 543 0 548 548 0 545 545 0 554 554 0 1166 1166 0 552 552 0 577 577 0 1164 1164 0 575 575 0 1163 1163 0 1730 1730 0 563 563 0 571 571 0 569 569 0 568 568 0 572 572 0 1731 1731 0 570 570 0 1732 1732 0 1733 1733 0 574 574 0 559 559 0 1734 1734 0 557 557 0 558 558 0 579 579 0 559 559 0 581 581 0 1735 1735 0 1162 1162 0 1154 1154 0 586 586 0 588 588 0 600 600 0 1736 1736 0 598 598 0 601 601 0 603 603 0 1124 1124 0 606 606 0 608 608 0 1737 1737 0 1738 1738 0 609 609 0 611 611 0 1739 1739 0 612 612 0 614 614 0 617 617 0 1740 1740 0 615 615 0 619 619 0 622 622 0 620 620 0 1741 1741 0 624 624 0 623 623 0 623 623 0 627 627 0 626 626 0 628 628 0 629 629 0 625 625 0 630 630 0 634 634 0 633 633 0 634 634 0 638 638 0 635 635 0 642 642 0 1742 1742 0 639 639 0 1743 1743 0 1089 1089 0 640 640 0 648 648 0 1086 1086 0 646 646 0 653 653 0 1744 1744 0 651 651 0 654 654 0 1084 1084 0 655 655 0 658 658 0 660 660 0 657 657 0 1082 1082 0 1081 1081 0 663 663 0 669 669 0 1745 1745 0 670 670 0 666 666 0 1746 1746 0 667 667 0 676 676 0 673 673 0 672 672 0 1747 1747 0 679 679 0 1748 1748 0 680 680 0 682 682 0 678 678 0 687 687 0 1749 1749 0 685 685 0 690 690 0 1750 1750 0 688 688 0 1071 1071 0 691 691 0 693 693 0 698 698 0 696 696 0 695 695 0 699 699 0 702 702 0 701 701 0 1065 1065 0 707 707 0 704 704 0 712 712 0 709 709 0 708 708 0 715 715 0 717 717 0 718 718 0 723 723 0 1751 1751 0 724 724 0 1752 1752 0 1753 1753 0 1751 1751 0 726 726 0 731 731 0 727 727 0 734 734 0 1754 1754 0 732 732 0 736 736 0 739 739 0 1755 1755 0 740 740 0 742 742 0 747 747 0 743 743 0 1756 1756 0 745 745 0 751 751 0 752 752 0 749 749 0 756 756 0 967 967 0 968 968 0 762 762 0 759 759 0 758 758 0 1757 1757 0 765 765 0 764 764 0 765 765 0 768 768 0 767 767 0 1758 1758 0 774 774 0 771 771 0 779 779 0 1759 1759 0 777 777 0 785 785 0 780 780 0 782 782 0 784 784 0 789 789 0 786 786 0 796 796 0 792 792 0 794 794 0 1760 1760 0 799 799 0 798 798 0 800 800 0 802 802 0 804 804 0 808 808 0 1761 1761 0 807 807 0 814 814 0 811 811 0 812 812 0 815 815 0 816 816 0 813 813 0 819 819 0 1762 1762 0 817 817 0 825 825 0 826 826 0 828 828 0 830 830 0 1763 1763 0 827 827 0 1764 1764 0 833 833 0 832 832 0 833 833 0 836 836 0 835 835 0 1765 1765 0 838 838 0 834 834 0 841 841 0 1766 1766 0 839 839 0 844 844 0 839 839 0 842 842 0 843 843 0 1767 1767 0 845 845 0 850 850 0 847 847 0 848 848 0 851 851 0 1768 1768 0 849 849 0 853 853 0 849 849 0 854 854 0 856 856 0 1769 1769 0 855 855 0 860 860 0 857 857 0 858 858 0 858 858 0 861 861 0 860 860 0 1770 1770 0 1771 1771 0 866 866 0 875 875 0 877 877 0 873 873 0 868 868 0 874 874 0 871 871 0 875 875 0 960 960 0 876 876 0 898 898 0 881 881 0 883 883 0 1772 1772 0 893 893 0 1773 1773 0 888 888 0 886 886 0 884 884 0 889 889 0 1773 1773 0 890 890 0 1774 1774 0 899 899 0 898 898 0 953 953 0 1633 1633 0 1775 1775 0 1776 1776 0 1777 1777 0 1778 1778 0 1776 1776 0 905 905 0 1777 1777 0 1627 1627 0 1626 1626 0 907 907 0 1625 1625 0 1779 1779 0 912 912 0 1624 1624 0 916 916 0 1780 1780 0 1622 1622 0 924 924 0 920 920 0 1781 1781 0 930 930 0 1782 1782 0 1612 1612 0 1611 1611 0 1783 1783 0 1784 1784 0 1785 1785 0 1611 1611 0 1784 1784 0 942 942 0 1785 1785 0 1618 1618 0 946 946 0 1616 1616 0 1606 1606 0 949 949 0 1604 1604 0 1603 1603 0 952 952 0 948 948 0 958 958 0 880 880 0 879 879 0 961 961 0 1786 1786 0 960 960 0 1759 1759 0 964 964 0 777 777 0 775 775 0 965 965 0 776 776 0 1787 1787 0 968 968 0 757 757 0 968 968 0 755 755 0 756 756 0 1788 1788 0 1789 1789 0 1790 1790 0 970 970 0 1790 1790 0 971 971 0 973 973 0 1791 1791 0 972 972 0 975 975 0 976 976 0 974 974 0 981 981 0 978 978 0 977 977 0 1792 1792 0 981 981 0 980 980 0 980 980 0 982 982 0 984 984 0 985 985 0 987 987 0 986 986 0 989 989 0 1793 1793 0 987 987 0 993 993 0 990 990 0 991 991 0 1794 1794 0 994 994 0 993 993 0 998 998 0 996 996 0 999 999 0 1004 1004 0 1002 1002 0 1001 1001 0 1003 1003 0 1005 1005 0 1007 1007 0 1009 1009 0 1795 1795 0 1010 1010 0 1795 1795 0 1011 1011 0 1013 1013 0 1016 1016 0 1796 1796 0 1014 1014 0 1018 1018 0 1014 1014 0 1019 1019 0 1797 1797 0 1017 1017 0 1021 1021 0 1026 1026 0 1023 1023 0 1024 1024 0 1031 1031 0 1029 1029 0 1028 1028 0 1033 1033 0 1798 1798 0 1030 1030 0 1036 1036 0 1037 1037 0 1034 1034 0 1038 1038 0 1041 1041 0 1040 1040 0 1041 1041 0 1044 1044 0 1043 1043 0 1048 1048 0 1799 1799 0 1046 1046 0 1051 1051 0 1052 1052 0 1049 1049 0 1800 1800 0 1801 1801 0 1054 1054 0 1062 1062 0 1802 1802 0 1063 1063 0 1061 1061 0 1060 1060 0 1062 1062 0 707 707 0 1065 1065 0 1803 1803 0 692 692 0 1804 1804 0 1067 1067 0 1067 1067 0 1069 1069 0 692 692 0 1072 1072 0 1075 1075 0 1073 1073 0 1075 1075 0 1076 1076 0 683 683 0 674 674 0 1077 1077 0 1805 1805 0 1079 1079 0 1806 1806 0 1746 1746 0 661 661 0 1082 1082 0 663 663 0 1084 1084 0 1085 1085 0 643 643 0 1807 1807 0 646 646 0 1088 1088 0 640 640 0 639 639 0 1743 1743 0 1808 1808 0 615 615 0 1740 1740 0 1093 1093 0 1809 1809 0 1095 1095 0 1098 1098 0 1095 1095 0 1099 1099 0 1101 1101 0 1810 1810 0 1102 1102 0 1810 1810 0 1105 1105 0 1104 1104 0 1811 1811 0 612 612 0 1107 1107 0 1812 1812 0 1111 1111 0 1112 1112 0 1112 1112 0 1813 1813 0 1812 1812 0 1115 1115 0 1117 1117 0 1116 1116 0 1117 1117 0 1814 1814 0 1118 1118 0 1815 1815 0 1816 1816 0 1121 1121 0 1123 1123 0 1815 1815 0 1121 1121 0 601 601 0 1817 1817 0 602 602 0 1126 1126 0 1128 1128 0 1125 1125 0 1818 1818 0 1130 1130 0 1134 1134 0 1134 1134 0 1136 1136 0 1132 1132 0 1819 1819 0 1140 1140 0 1139 1139 0 1140 1140 0 596 596 0 1141 1141 0 1820 1820 0 1821 1821 0 1147 1147 0 1151 1151 0 1153 1153 0 589 589 0 1149 1149 0 1820 1820 0 1147 1147 0 1822 1822 0 1147 1147 0 1821 1821 0 1154 1154 0 588 588 0 1155 1155 0 1823 1823 0 1160 1160 0 1159 1159 0 1824 1824 0 1158 1158 0 1161 1161 0 566 566 0 567 567 0 573 573 0 1825 1825 0 1826 1826 0 1827 1827 0 582 582 0 554 554 0 549 549 0 544 544 0 1828 1828 0 1729 1729 0 1170 1170 0 1173 1173 0 1171 1171 0 1178 1178 0 1174 1174 0 1176 1176 0 1181 1181 0 1177 1177 0 1179 1179 0 1187 1187 0 1184 1184 0 1185 1185 0 1189 1189 0 1829 1829 0 1191 1191 0 1829 1829 0 1196 1196 0 1191 1191 0 518 518 0 1830 1830 0 516 516 0 1204 1204 0 1831 1831 0 1202 1202 0 1209 1209 0 1205 1205 0 1207 1207 0 1208 1208 0 1832 1832 0 1209 1209 0 493 493 0 492 492 0 1833 1833 0 1834 1834 0 1213 1213 0 1214 1214 0 1231 1231 0 1211 1211 0 1216 1216 0 1221 1221 0 1835 1835 0 1230 1230 0 1224 1224 0 1836 1836 0 1837 1837 0 1723 1723 0 1229 1229 0 1837 1837 0 1224 1224 0 1837 1837 0 1227 1227 0 1838 1838 0 1222 1222 0 1221 1221 0 496 496 0 1839 1839 0 1218 1218 0 1203 1203 0 1840 1840 0 1204 1204 0 502 502 0 1724 1724 0 503 503 0 1245 1245 0 1244 1244 0 1241 1241 0 1239 1239 0 1238 1238 0 1240 1240 0 1247 1247 0 1249 1249 0 1246 1246 0 487 487 0 486 486 0 1251 1251 0 1841 1841 0 1253 1253 0 1257 1257 0 1259 1259 0 1841 1841 0 1257 1257 0 1258 1258 0 1842 1842 0 1260 1260 0 1265 1265 0 1843 1843 0 1266 1266 0 1267 1267 0 1844 1844 0 477 477 0 1845 1845 0 474 474 0 1270 1270 0 474 474 0 473 473 0 1271 1271 0 471 471 0 1274 1274 0 1846 1846 0 1721 1721 0 1719 1719 0 1275 1275 0 469 469 0 1278 1278 0 467 467 0 466 466 0 1280 1280 0 464 464 0 463 463 0 1282 1282 0 461 461 0 460 460 0 1284 1284 0 458 458 0 451 451 0 1847 1847 0 449 449 0 453 453 0 1848 1848 0 1291 1291 0 450 450 0 449 449 0 452 452 0 1715 1715 0 1849 1849 0 443 443 0 441 441 0 1295 1295 0 1850 1850 0 439 439 0 1711 1711 0 437 437 0 436 436 0 1709 1709 0 434 434 0 433 433 0 1707 1707 0 431 431 0 429 429 0 428 428 0 1300 1300 0 1302 1302 0 1851 1851 0 419 419 0 1306 1306 0 1307 1307 0 1309 1309 0 1313 1313 0 1852 1852 0 1310 1310 0 1853 1853 0 1316 1316 0 1315 1315 0 1319 1319 0 1854 1854 0 1317 1317 0 1321 1321 0 1325 1325 0 1324 1324 0 1328 1328 0 1855 1855 0 1326 1326 0 1330 1330 0 360 360 0 359 359 0 1334 1334 0 1331 1331 0 1335 1335 0 1856 1856 0 1340 1340 0 1339 1339 0 1342 1342 0 1338 1338 0 1340 1340 0 1345 1345 0 1347 1347 0 1857 1857 0 1354 1354 0 1858 1858 0 1349 1349 0 1349 1349 0 1858 1858 0 1350 1350 0 1355 1355 0 1357 1357 0 1859 1859 0 350 350 0 1362 1362 0 352 352 0 1363 1363 0 1365 1365 0 1696 1696 0 1367 1367 0 1860 1860 0 1366 1366 0 1370 1370 0 1371 1371 0 1368 1368 0 1381 1381 0 1378 1378 0 1379 1379 0 1379 1379 0 1861 1861 0 1381 1381 0 1861 1861 0 1382 1382 0 1381 1381 0 1384 1384 0 1380 1380 0 1382 1382 0 282 282 0 281 281 0 1862 1862 0 1399 1399 0 1397 1397 0 1396 1396 0 294 294 0 293 293 0 1401 1401 0 1391 1391 0 1387 1387 0 1863 1863 0 280 280 0 275 275 0 278 278 0 1407 1407 0 1408 1408 0 1685 1685 0 196 196 0 1417 1417 0 1864 1864 0 1418 1418 0 1415 1415 0 193 193 0 1865 1865 0 1421 1421 0 1424 1424 0 1427 1427 0 180 180 0 179 179 0 177 177 0 1432 1432 0 175 175 0 173 173 0 1678 1678 0 1437 1437 0 1439 1439 0 172 172 0 174 174 0 1443 1443 0 169 169 0 171 171 0 1446 1446 0 166 166 0 1444 1444 0 162 162 0 1449 1449 0 160 160 0 158 158 0 1454 1454 0 159 159 0 1456 1456 0 156 156 0 155 155 0 1462 1462 0 1457 1457 0 1460 1460 0 1461 1461 0 1866 1866 0 1463 1463 0 1465 1465 0 1867 1867 0 1466 1466 0 146 146 0 145 145 0 1868 1868 0 140 140 0 139 139 0 1471 1471 0 134 134 0 133 133 0 1473 1473 0 128 128 0 127 127 0 1869 1869 0 125 125 0 124 124 0 1870 1870 0 1481 1481 0 1871 1871 0 1482 1482 0 1486 1486 0 1484 1484 0 1483 1483 0 1489 1489 0 1485 1485 0 1487 1487 0 1872 1872 0 1492 1492 0 1488 1488 0 105 105 0 1494 1494 0 1493 1493 0 99 99 0 1873 1873 0 97 97 0 1874 1874 0 1503 1503 0 1502 1502 0 1505 1505 0 1508 1508 0 1506 1506 0 1510 1510 0 1875 1875 0 1509 1509 0 1875 1875 0 1513 1513 0 1512 1512 0 1520 1520 0 1518 1518 0 1517 1517 0 1876 1876 0 1524 1524 0 1523 1523 0 1526 1526 0 1877 1877 0 1525 1525 0 1877 1877 0 1529 1529 0 1528 1528 0 1645 1645 0 1535 1535 0 1646 1646 0 1541 1541 0 1878 1878 0 1539 1539 0 1879 1879 0 1648 1648 0 1880 1880 0 1651 1651 0 1881 1881 0 1546 1546 0 1652 1652 0 1882 1882 0 1883 1883 0 1655 1655 0 1552 1552 0 1557 1557 0 1884 1884 0 1565 1565 0 1885 1885 0 1658 1658 0 1657 1657 0 1566 1566 0 1641 1641 0 1640 1640 0 1571 1571 0 1578 1578 0 1567 1567 0 1576 1576 0 1886 1886 0 1581 1581 0 1638 1638 0 1584 1584 0 1887 1887 0 1582 1582 0 1588 1588 0 1586 1586 0 1585 1585 0 1888 1888 0 1889 1889 0 1890 1890 0 1597 1597 0 1599 1599 0 1595 1595 0 949 949 0 1606 1606 0 947 947 0 935 935 0 934 934 0 1891 1891 0 933 933 0 1614 1614 0 931 931 0 946 946 0 1618 1618 0 944 944 0 927 927 0 1621 1621 0 925 925 0 921 921 0 1623 1623 0 919 919 0 1779 1779 0 1625 1625 0 1892 1892 0 910 910 0 1628 1628 0 908 908 0 901 901 0 900 900 0 1893 1893 0 1894 1894 0 1632 1632 0 1629 1629 0 1598 1598 0 1635 1635 0 1634 1634 0 1889 1889 0 1888 1888 0 1636 1636 0 1895 1895 0 1637 1637 0 1896 1896 0 1571 1571 0 1570 1570 0 1641 1641 0 1646 1646 0 1647 1647 0 1645 1645 0 1648 1648 0 1879 1879 0 1649 1649 0 1547 1547 0 1653 1653 0 1545 1545 0 1552 1552 0 1655 1655 0 1550 1550 0 1657 1657 0 1659 1659 0 1561 1561 0 6 6 0 3 3 0 4 4 0 7 7 0 1897 1897 0 9 9 0 12 12 0 8 8 0 1662 1662 0 15 15 0 16 16 0 14 14 0 24 24 0 22 22 0 21 21 0 32 32 0 28 28 0 1663 1663 0 1499 1499 0 36 36 0 35 35 0 45 45 0 41 41 0 1666 1666 0 56 56 0 1898 1898 0 54 54 0 63 63 0 61 61 0 60 60 0 66 66 0 67 67 0 64 64 0 82 82 0 84 84 0 80 80 0 90 90 0 86 86 0 88 88 0 1497 1497 0 1899 1899 0 98 98 0 1494 1494 0 1669 1669 0 101 101 0 108 108 0 109 109 0 106 106 0 1672 1672 0 121 121 0 1673 1673 0 1476 1476 0 1674 1674 0 125 125 0 1475 1475 0 132 132 0 1900 1900 0 145 145 0 147 147 0 143 143 0 1466 1466 0 1867 1867 0 149 149 0 1901 1901 0 1451 1451 0 157 157 0 164 164 0 1447 1447 0 1448 1448 0 1902 1902 0 171 171 0 170 170 0 1903 1903 0 177 177 0 176 176 0 182 182 0 1865 1865 0 1424 1424 0 192 192 0 194 194 0 190 190 0 202 202 0 199 199 0 200 200 0 207 207 0 205 205 0 204 204 0 210 210 0 213 213 0 211 211 0 220 220 0 214 214 0 218 218 0 223 223 0 225 225 0 221 221 0 227 227 0 1904 1904 0 225 225 0 234 234 0 1683 1683 0 235 235 0 1684 1684 0 240 240 0 244 244 0 252 252 0 254 254 0 250 250 0 256 256 0 1905 1905 0 257 257 0 1685 1685 0 1686 1686 0 1407 1407 0 275 275 0 280 280 0 276 276 0 305 305 0 301 301 0 303 303 0 312 312 0 1687 1687 0 1906 1906 0 323 323 0 319 319 0 321 321 0 321 321 0 324 324 0 323 323 0 333 333 0 334 334 0 1907 1907 0 1695 1695 0 336 336 0 337 337 0 343 343 0 1908 1908 0 344 344 0 366 366 0 1699 1699 0 364 364 0 365 365 0 369 369 0 368 368 0 372 372 0 367 367 0 370 370 0 1703 1703 0 377 377 0 376 376 0 384 384 0 1909 1909 0 382 382 0 389 389 0 392 392 0 1704 1704 0 393 393 0 395 395 0 390 390 0 405 405 0 1304 1304 0 403 403 0 1706 1706 0 1910 1910 0 412 412 0 422 422 0 1911 1911 0 423 423 0 1709 1709 0 1710 1710 0 432 432 0 1849 1849 0 1715 1715 0 1912 1912 0 1913 1913 0 1717 1717 0 1914 1914 0 1277 1277 0 469 469 0 1915 1915 0 1833 1833 0 1916 1916 0 493 493 0 1219 1219 0 1917 1917 0 1217 1217 0 1837 1837 0 1836 1836 0 1723 1723 0 1724 1724 0 506 506 0 505 505 0 1918 1918 0 515 515 0 514 514 0 522 522 0 520 520 0 519 519 0 538 538 0 1919 1919 0 537 537 0 548 548 0 1920 1920 0 547 547 0 556 556 0 1827 1827 0 1826 1826 0 1921 1921 0 563 563 0 1730 1730 0 1733 1733 0 570 570 0 1731 1731 0 1922 1922 0 562 562 0 561 561 0 1923 1923 0 575 575 0 1825 1825 0 1924 1924 0 1162 1162 0 1735 1735 0 620 620 0 1925 1925 0 618 618 0 624 624 0 1926 1926 0 622 622 0 631 631 0 625 625 0 629 629 0 633 633 0 1927 1927 0 630 630 0 1928 1928 0 639 639 0 1742 1742 0 647 647 0 1929 1929 0 649 649 0 643 643 0 645 645 0 1084 1084 0 1930 1930 0 649 649 0 1929 1929 0 1931 1931 0 1932 1932 0 1745 1745 0 1805 1805 0 1933 1933 0 674 674 0 1747 1747 0 1748 1748 0 1933 1933 0 689 689 0 685 685 0 690 690 0 1934 1934 0 694 694 0 1935 1935 0 695 695 0 699 699 0 698 698 0 701 701 0 697 697 0 699 699 0 713 713 0 1936 1936 0 716 716 0 1937 1937 0 721 721 0 725 725 0 1754 1754 0 730 730 0 729 729 0 1938 1938 0 1755 1755 0 1939 1939 0 1801 1801 0 1800 1800 0 1756 1756 0 759 759 0 1787 1787 0 757 757 0 758 758 0 760 760 0 762 762 0 768 768 0 769 769 0 766 766 0 776 776 0 773 773 0 774 774 0 1940 1940 0 1941 1941 0 781 781 0 782 782 0 783 783 0 785 785 0 789 789 0 790 790 0 788 788 0 791 791 0 794 794 0 792 792 0 795 795 0 1760 1760 0 798 798 0 804 804 0 801 801 0 800 800 0 803 803 0 808 808 0 805 805 0 812 812 0 815 815 0 814 814 0 821 821 0 819 819 0 818 818 0 828 828 0 824 824 0 825 825 0 832 832 0 830 830 0 829 829 0 836 836 0 1765 1765 0 834 834 0 840 840 0 837 837 0 838 838 0 846 846 0 844 844 0 843 843 0 1768 1768 0 854 854 0 849 849 0 1769 1769 0 858 858 0 855 855 0 864 864 0 1942 1942 0 865 865 0 869 869 0 1943 1943 0 867 867 0 883 883 0 1774 1774 0 898 898 0 885 885 0 883 883 0 882 882 0 894 894 0 1944 1944 0 892 892 0 1631 1631 0 1630 1630 0 1633 1633 0 1893 1893 0 1778 1778 0 901 901 0 1628 1628 0 910 910 0 1626 1626 0 1623 1623 0 921 921 0 918 918 0 1945 1945 0 1782 1782 0 1946 1946 0 1947 1947 0 1783 1783 0 932 932 0 934 934 0 936 936 0 938 938 0 1617 1617 0 1616 1616 0 1619 1619 0 1605 1605 0 1604 1604 0 935 935 0 1948 1948 0 960 960 0 1786 1786 0 965 965 0 777 777 0 964 964 0 1790 1790 0 1949 1949 0 1788 1788 0 1791 1791 0 975 975 0 972 972 0 984 984 0 1792 1792 0 980 980 0 1793 1793 0 986 986 0 987 987 0 996 996 0 992 992 0 994 994 0 999 999 0 1950 1950 0 997 997 0 1002 1002 0 997 997 0 1000 1000 0 1951 1951 0 1007 1007 0 1006 1006 0 1010 1010 0 1952 1952 0 1008 1008 0 1013 1013 0 1953 1953 0 1795 1795 0 1012 1012 0 1016 1016 0 1015 1015 0 1023 1023 0 1797 1797 0 1021 1021 0 1954 1954 0 1026 1026 0 1025 1025 0 1032 1032 0 1036 1036 0 1033 1033 0 1040 1040 0 1034 1034 0 1038 1038 0 1044 1044 0 1045 1045 0 1042 1042 0 1050 1050 0 1048 1048 0 1051 1051 0 1756 1756 0 743 743 0 1801 1801 0 1936 1936 0 713 713 0 1802 1802 0 1073 1073 0 687 687 0 686 686 0 1933 1933 0 1805 1805 0 1747 1747 0 644 644 0 643 643 0 1083 1083 0 1099 1099 0 1100 1100 0 1097 1097 0 1955 1955 0 1102 1102 0 1810 1810 0 1813 1813 0 1956 1956 0 1812 1812 0 607 607 0 606 606 0 1814 1814 0 602 602 0 1817 1817 0 604 604 0 1957 1957 0 1121 1121 0 1816 1816 0 1137 1137 0 1819 1819 0 1135 1135 0 1958 1958 0 1135 1135 0 1819 1819 0 1145 1145 0 1822 1822 0 1821 1821 0 590 590 0 589 589 0 1150 1150 0 1959 1959 0 585 585 0 584 584 0 1735 1735 0 1824 1824 0 1924 1924 0 573 573 0 565 565 0 566 566 0 1920 1920 0 551 551 0 547 547 0 1919 1919 0 539 539 0 537 537 0 1173 1173 0 1176 1176 0 1172 1172 0 1180 1180 0 1183 1183 0 1181 1181 0 1186 1186 0 1194 1194 0 1187 1187 0 1192 1192 0 1190 1190 0 1189 1189 0 512 512 0 1198 1198 0 510 510 0 1206 1206 0 1204 1204 0 1840 1840 0 490 490 0 489 489 0 1232 1232 0 1832 1832 0 1834 1834 0 1960 1960 0 1230 1230 0 1838 1838 0 1221 1221 0 1961 1961 0 1220 1220 0 1223 1223 0 1222 1222 0 1223 1223 0 1220 1220 0 1916 1916 0 1833 1833 0 495 495 0 1214 1214 0 1960 1960 0 1834 1834 0 1237 1237 0 1962 1962 0 1238 1238 0 1250 1250 0 1252 1252 0 1248 1248 0 1261 1261 0 1259 1259 0 1258 1258 0 1262 1262 0 1264 1264 0 1842 1842 0 1270 1270 0 1963 1963 0 1845 1845 0 1963 1963 0 1964 1964 0 1845 1845 0 468 468 0 467 467 0 1719 1719 0 1717 1717 0 1913 1913 0 1281 1281 0 457 457 0 1287 1287 0 1292 1292 0 453 453 0 452 452 0 1848 1848 0 442 442 0 1713 1713 0 440 440 0 432 432 0 1298 1298 0 1709 1709 0 420 420 0 416 416 0 418 418 0 1315 1315 0 1313 1313 0 1312 1312 0 1316 1316 0 1317 1317 0 1314 1314 0 1322 1322 0 1319 1319 0 1318 1318 0 1855 1855 0 1323 1323 0 1325 1325 0 360 360 0 1328 1328 0 1327 1327 0 1332 1332 0 1330 1330 0 1329 1329 0 1339 1339 0 1965 1965 0 1856 1856 0 1343 1343 0 1857 1857 0 1344 1344 0 1355 1355 0 1859 1859 0 1354 1354 0 1358 1358 0 1360 1360 0 1359 1359 0 351 351 0 1696 1696 0 349 349 0 1966 1966 0 1967 1967 0 1373 1373 0 1689 1689 0 309 309 0 1688 1688 0 1385 1385 0 1688 1688 0 1386 1386 0 1397 1397 0 1395 1395 0 1394 1394 0 291 291 0 290 290 0 1402 1402 0 1389 1389 0 1863 1863 0 1387 1387 0 1416 1416 0 1864 1864 0 1417 1417 0 186 186 0 1420 1420 0 184 184 0 1424 1424 0 1425 1425 0 182 182 0 179 179 0 1428 1428 0 1426 1426 0 1434 1434 0 1431 1431 0 1432 1432 0 1438 1438 0 1441 1441 0 1439 1439 0 1445 1445 0 1448 1448 0 1446 1446 0 165 165 0 162 162 0 163 163 0 155 155 0 1458 1458 0 1455 1455 0 1866 1866 0 151 151 0 1463 1463 0 1467 1467 0 153 153 0 1465 1465 0 143 143 0 142 142 0 1470 1470 0 131 131 0 130 130 0 1474 1474 0 1968 1968 0 1482 1482 0 1871 1871 0 1483 1483 0 1487 1487 0 1486 1486 0 102 102 0 1496 1496 0 100 100 0 1506 1506 0 1501 1501 0 1504 1504 0 1513 1513 0 1515 1515 0 1511 1511 0 1517 1517 0 1521 1521 0 1520 1520 0 1523 1523 0 1519 1519 0 1876 1876 0 1528 1528 0 1525 1525 0 1877 1877 0 1531 1531 0 1539 1539 0 1878 1878 0 1650 1650 0 1969 1969 0 1648 1648 0 1970 1970 0 1549 1549 0 1548 1548 0 1885 1885 0 1555 1555 0 1884 1884 0 1564 1564 0 1885 1885 0 1565 1565 0 1642 1642 0 1575 1575 0 1640 1640 0 1577 1577 0 1582 1582 0 1887 1887 0 1587 1587 0 1591 1591 0 1589 1589 0 1634 1634 0 1602 1602 0 1598 1598 0 935 935 0 1891 1891 0 1605 1605 0 1946 1946 0 1615 1615 0 1945 1945 0 913 913 0 1971 1971 0 911 911 0 1778 1778 0 1893 1893 0 1972 1972 0 1581 1581 0 1886 1886 0 1579 1579 0 1572 1572 0 1644 1644 0 1570 1570 0 1538 1538 0 1973 1973 0 1536 1536 0 1558 1558 0 1559 1559 0 1556 1556 0 1661 1661 0 5 5 0 7 7 0 1662 1662 0 13 13 0 12 12 0 20 20 0 18 18 0 17 17 0 30 30 0 1663 1663 0 28 28 0 35 35 0 1500 1500 0 1499 1499 0 46 46 0 48 48 0 44 44 0 1898 1898 0 51 51 0 54 54 0 57 57 0 59 59 0 1668 1668 0 65 65 0 63 63 0 62 62 0 75 75 0 1974 1974 0 73 73 0 1495 1495 0 102 102 0 1975 1975 0 111 111 0 110 110 0 113 113 0 116 116 0 115 115 0 118 118 0 136 136 0 138 138 0 134 134 0 1976 1976 0 1463 1463 0 151 151 0 159 159 0 1901 1901 0 157 157 0 168 168 0 1444 1444 0 166 166 0 1977 1977 0 174 174 0 173 173 0 1978 1978 0 178 178 0 1679 1679 0 1417 1417 0 1979 1979 0 1415 1415 0 205 205 0 202 202 0 201 201 0 204 204 0 208 208 0 206 206 0 1980 1980 0 216 216 0 1981 1981 0 1681 1681 0 219 219 0 1413 1413 0 1904 1904 0 224 224 0 225 225 0 250 250 0 249 249 0 252 252 0 265 265 0 267 267 0 263 263 0 1862 1862 0 286 286 0 282 282 0 300 300 0 302 302 0 301 301 0 1383 1383 0 1382 1382 0 1385 1385 0 1982 1982 0 318 318 0 317 317 0 1694 1694 0 1983 1983 0 334 334 0 1696 1696 0 1697 1697 0 1363 1363 0 1701 1701 0 370 370 0 367 367 0 376 376 0 380 380 0 1703 1703 0 386 386 0 384 384 0 387 387 0 1984 1984 0 1305 1305 0 389 389 0 411 411 0 413 413 0 410 410 0 1300 1300 0 1299 1299 0 429 429 0 1850 1850 0 1912 1912 0 441 441 0 1279 1279 0 1718 1718 0 462 462 0 1719 1719 0 1721 1721 0 1720 1720 0 1985 1985 0 1728 1728 0 1727 1727 0 541 541 0 537 537 0 539 539 0 550 550 0 547 547 0 551 551 0 576 576 0 1922 1922 0 561 561 0 1731 1731 0 574 574 0 1733 1733 0 1734 1734 0 1921 1921 0 1730 1730 0 1161 1161 0 1924 1924 0 1824 1824 0 1926 1926 0 621 621 0 622 622 0 626 626 0 1741 1741 0 623 623 0 1986 1986 0 651 651 0 1930 1930 0 1744 1744 0 1930 1930 0 651 651 0 673 673 0 1987 1987 0 671 671 0 1987 1987 0 1932 1932 0 671 671 0 693 693 0 1070 1070 0 1071 1071 0 696 696 0 1935 1935 0 694 694 0 1802 1802 0 1062 1062 0 1936 1936 0 1988 1988 0 1937 1937 0 725 725 0 1938 1938 0 1939 1939 0 735 735 0 1054 1054 0 1053 1053 0 1800 1800 0 761 761 0 1757 1757 0 764 764 0 770 770 0 1758 1758 0 771 771 0 787 787 0 785 785 0 784 784 0 1761 1761 0 810 810 0 807 807 0 1762 1762 0 813 813 0 817 817 0 1763 1763 0 828 828 0 827 827 0 835 835 0 831 831 0 833 833 0 1766 1766 0 842 842 0 839 839 0 848 848 0 851 851 0 850 850 0 854 854 0 856 856 0 852 852 0 1943 1943 0 1989 1989 0 867 867 0 894 894 0 896 896 0 1944 1944 0 953 953 0 1775 1775 0 895 895 0 1629 1629 0 902 902 0 1894 1894 0 1892 1892 0 1780 1780 0 1779 1779 0 1614 1614 0 933 933 0 929 929 0 1615 1615 0 1946 1946 0 945 945 0 959 959 0 1948 1948 0 1786 1786 0 1949 1949 0 751 751 0 1788 1788 0 971 971 0 973 973 0 969 969 0 977 977 0 979 979 0 981 981 0 988 988 0 991 991 0 989 989 0 1950 1950 0 1000 1000 0 997 997 0 1007 1007 0 1990 1990 0 1003 1003 0 1952 1952 0 1951 1951 0 1008 1008 0 1015 1015 0 1991 1991 0 1012 1012 0 1029 1029 0 1954 1954 0 1025 1025 0 1798 1798 0 1031 1031 0 1030 1030 0 1047 1047 0 1051 1051 0 1048 1048 0 715 715 0 718 718 0 713 713 0 1749 1749 0 690 690 0 685 685 0 679 679 0 1747 1747 0 1992 1992 0 1809 1809 0 1099 1099 0 1095 1095 0 1956 1956 0 1115 1115 0 1993 1993 0 1994 1994 0 606 606 0 1737 1737 0 1139 1139 0 1958 1958 0 1819 1819 0 1821 1821 0 1146 1146 0 1145 1145 0 1159 1159 0 1995 1995 0 1823 1823 0 1826 1826 0 555 555 0 556 556 0 1175 1175 0 1172 1172 0 1176 1176 0 1183 1183 0 1185 1185 0 1182 1182 0 1193 1193 0 1187 1187 0 1194 1194 0 1840 1840 0 1207 1207 0 1206 1206 0 1960 1960 0 1209 1209 0 1832 1832 0 1917 1917 0 1219 1219 0 498 498 0 499 499 0 498 498 0 1228 1228 0 1213 1213 0 1215 1215 0 1211 1211 0 485 485 0 484 484 0 486 486 0 1255 1255 0 1256 1256 0 1253 1253 0 1996 1996 0 1846 1846 0 1272 1272 0 465 465 0 464 464 0 1277 1277 0 447 447 0 446 446 0 1997 1997 0 447 447 0 1997 1997 0 1847 1847 0 1912 1912 0 1850 1850 0 1849 1849 0 435 435 0 1297 1297 0 1711 1711 0 1854 1854 0 1314 1314 0 1317 1317 0 1327 1327 0 358 358 0 360 360 0 1337 1337 0 1998 1998 0 1336 1336 0 1352 1352 0 1999 1999 0 1348 1348 0 312 312 0 1906 1906 0 306 306 0 307 307 0 306 306 0 309 309 0 1395 1395 0 1390 1390 0 1393 1393 0 292 292 0 287 287 0 290 290 0 1863 1863 0 1392 1392 0 1391 1391 0 2000 2000 0 186 186 0 187 187 0 1422 1422 0 1423 1423 0 1421 1421 0 1430 1430 0 1426 1426 0 1429 1429 0 1437 1437 0 1977 1977 0 173 173 0 1452 1452 0 160 160 0 1450 1450 0 153 153 0 1976 1976 0 151 151 0 1871 1871 0 1477 1477 0 1479 1479 0 1899 1899 0 1497 1497 0 1495 1495 0 1508 1508 0 1510 1510 0 1507 1507 0 2001 2001 0 1514 1514 0 2002 2002 0 1518 1518 0 2001 2001 0 1516 1516 0 1608 1608 0 1527 1527 0 1529 1529 0 1536 1536 0 1646 1646 0 1537 1537 0 1879 1879 0 1880 1880 0 1881 1881 0 1652 1652 0 1547 1547 0 1882 1882 0 1554 1554 0 1884 1884 0 1555 1555 0 1561 1561 0 1562 1562 0 1657 1657 0 1569 1569 0 1576 1576 0 1567 1567 0 1887 1887 0 1578 1578 0 1577 1577 0 1591 1591 0 1593 1593 0 1590 1590 0 1609 1609 0 1592 1592 0 1607 1607 0 952 952 0 1603 1603 0 950 950 0 1782 1782 0 1945 1945 0 1781 1781 0 1780 1780 0 1892 1892 0 1624 1624 0 1778 1778 0 1972 1972 0 1776 1776 0 1890 1890 0 1896 1896 0 1888 1888 0 1969 1969 0 1650 1650 0 1973 1973 0 1560 1560 0 1656 1656 0 1559 1559 0 26 26 0 24 24 0 23 23 0 37 37 0 39 39 0 1664 1664 0 48 48 0 50 50 0 47 47 0 53 53 0 54 54 0 51 51 0 58 58 0 56 56 0 55 55 0 1475 1475 0 1900 1900 0 128 128 0 1469 1469 0 1675 1675 0 146 146 0 170 170 0 1440 1440 0 1902 1902 0 185 185 0 187 187 0 186 186 0 1981 1981 0 2003 2003 0 1980 1980 0 215 215 0 1981 1981 0 216 216 0 268 268 0 274 274 0 271 271 0 304 304 0 1906 1906 0 1687 1687 0 329 329 0 1692 1692 0 327 327 0 352 352 0 354 354 0 350 350 0 368 368 0 1700 1700 0 365 365 0 381 381 0 382 382 0 378 378 0 1707 1707 0 1708 1708 0 1299 1299 0 1713 1713 0 1714 1714 0 438 438 0 1277 1277 0 1915 1915 0 465 465 0 1728 1728 0 2004 2004 0 527 527 0 546 546 0 544 544 0 543 543 0 1165 1165 0 1825 1825 0 575 575 0 579 579 0 581 581 0 578 578 0 1925 1925 0 2005 2005 0 618 618 0 1929 1929 0 1986 1986 0 1930 1930 0 2006 2006 0 671 671 0 1932 1932 0 2007 2007 0 1934 1934 0 1935 1935 0 725 725 0 2008 2008 0 1988 1988 0 746 746 0 748 748 0 737 737 0 772 772 0 766 766 0 770 770 0 793 793 0 788 788 0 791 791 0 806 806 0 804 804 0 803 803 0 820 820 0 823 823 0 821 821 0 838 838 0 841 841 0 840 840 0 1767 1767 0 848 848 0 845 845 0 887 887 0 884 884 0 889 889 0 1971 1971 0 913 913 0 909 909 0 1620 1620 0 1619 1619 0 926 926 0 1786 1786 0 2009 2009 0 959 959 0 750 750 0 1788 1788 0 751 751 0 2010 2010 0 974 974 0 976 976 0 2011 2011 0 984 984 0 983 983 0 991 991 0 1794 1794 0 993 993 0 1990 1990 0 1004 1004 0 1003 1003 0 1953 1953 0 1010 1010 0 1795 1795 0 1796 1796 0 1019 1019 0 1014 1014 0 1025 1025 0 1027 1027 0 1029 1029 0 1799 1799 0 1042 1042 0 1046 1046 0 1104 1104 0 1955 1955 0 1810 1810 0 1114 1114 0 1993 1993 0 1115 1115 0 1730 1730 0 557 557 0 1734 1734 0 1176 1176 0 1179 1179 0 1178 1178 0 1200 1200 0 504 504 0 506 506 0 1835 1835 0 1231 1231 0 1230 1230 0 480 480 0 1255 1255 0 1254 1254 0 472 472 0 1276 1276 0 470 470 0 1914 1914 0 458 458 0 1913 1913 0 1312 1312 0 1853 1853 0 1315 1315 0 1325 1325 0 1326 1326 0 1855 1855 0 353 353 0 1361 1361 0 355 355 0 1376 1376 0 1966 1966 0 1373 1373 0 286 286 0 1862 1862 0 284 284 0 289 289 0 1403 1403 0 287 287 0 1429 1429 0 1903 1903 0 176 176 0 1441 1441 0 1902 1902 0 1440 1440 0 1676 1676 0 157 157 0 1451 1451 0 149 149 0 148 148 0 1468 1468 0 1503 1503 0 1504 1504 0 1501 1501 0 2002 2002 0 1516 1516 0 2001 2001 0 1521 1521 0 1876 1876 0 1519 1519 0 1878 1878 0 1532 1532 0 1531 1531 0 1654 1654 0 1883 1883 0 1551 1551 0 1555 1555 0 1970 1970 0 1553 1553 0 1637 1637 0 1895 1895 0 1580 1580 0 1593 1593 0 1607 1607 0 1592 1592 0 915 915 0 914 914 0 917 917 0 905 905 0 1776 1776 0 903 903 0 1638 1638 0 1639 1639 0 1886 1886 0 1534 1534 0 1533 1533 0 1643 1643 0 1883 1883 0 1654 1654 0 1652 1652 0 18 18 0 14 14 0 16 16 0 40 40 0 1664 1664 0 39 39 0 52 52 0 49 49 0 1667 1667 0 139 139 0 141 141 0 137 137 0 161 161 0 163 163 0 162 162 0 189 189 0 2000 2000 0 187 187 0 2012 2012 0 1980 1980 0 2003 2003 0 284 284 0 289 289 0 285 285 0 298 298 0 300 300 0 296 296 0 1356 1356 0 1355 1355 0 1358 1358 0 377 377 0 374 374 0 373 373 0 1711 1711 0 1712 1712 0 435 435 0 528 528 0 2013 2013 0 530 530 0 553 553 0 549 549 0 554 554 0 1827 1827 0 1923 1923 0 1825 1825 0 2014 2014 0 618 618 0 2005 2005 0 767 767 0 763 763 0 765 765 0 801 801 0 797 797 0 799 799 0 823 823 0 825 825 0 822 822 0 829 829 0 1764 1764 0 832 832 0 1621 1621 0 927 927 0 923 923 0 978 978 0 2010 2010 0 976 976 0 1006 1006 0 1008 1008 0 1951 1951 0 1991 1991 0 1013 1013 0 1012 1012 0 1022 1022 0 1024 1024 0 1023 1023 0 562 562 0 1732 1732 0 574 574 0 1171 1171 0 1168 1168 0 1169 1169 0 509 509 0 1199 1199 0 507 507 0 496 496 0 495 495 0 1839 1839 0 462 462 0 461 461 0 1279 1279 0 1318 1318 0 1320 1320 0 1322 1322 0 1324 1324 0 1322 1322 0 1321 1321 0 347 347 0 346 346 0 1364 1364 0 1967 1967 0 1374 1374 0 1373 1373 0 279 279 0 1405 1405 0 1404 1404 0 277 277 0 1406 1406 0 275 275 0 167 167 0 1443 1443 0 168 168 0 156 156 0 1453 1453 0 1454 1454 0 1515 1515 0 2002 2002 0 1514 1514 0 1973 1973 0 1538 1538 0 1969 1969 0 1549 1549 0 1543 1543 0 1544 1544 0 1548 1548 0 1553 1553 0 1970 1970 0 1896 1896 0 1890 1890 0 1895 1895 0 924 924 0 1622 1622 0 922 922 0 907 907 0 903 903 0 1627 1627 0 1881 1881 0 1651 1651 0 1879 1879 0 1897 1897 0 10 10 0 9 9 0 50 50 0 1667 1667 0 49 49 0 1454 1454 0 154 154 0 156 156 0 1979 1979 0 193 193 0 1415 1415 0 213 213 0 2012 2012 0 2003 2003 0 293 293 0 295 295 0 291 291 0 2015 2015 0 298 298 0 297 297 0 2016 2016 0 1698 1698 0 1699 1699 0 2017 2017 0 1716 1716 0 444 444 0 1995 1995 0 2018 2018 0 1823 1823 0 966 966 0 762 762 0 761 761 0 798 798 0 796 796 0 795 795 0 810 810 0 812 812 0 809 809 0 1632 1632 0 1894 1894 0 1630 1630 0 995 995 0 999 999 0 996 996 0 1019 1019 0 1020 1020 0 1017 1017 0 561 561 0 577 577 0 576 576 0 2019 2019 0 1169 1169 0 523 523 0 511 511 0 1918 1918 0 514 514 0 1716 1716 0 2017 2017 0 446 446 0 1852 1852 0 1311 1311 0 1310 1310 0 1860 1860 0 344 344 0 1908 1908 0 1374 1374 0 1368 1368 0 1372 1372 0 2020 2020 0 1389 1389 0 1388 1388 0 1458 1458 0 1459 1459 0 1457 1457 0 1512 1512 0 1509 1509 0 1875 1875 0 1540 1540 0 1544 1544 0 1542 1542 0 1636 1636 0 1596 1596 0 1889 1889 0 926 926 0 925 925 0 1620 1620 0 909 909 0 908 908 0 1971 1971 0 1500 1500 0 1665 1665 0 1498 1498 0 180 180 0 1679 1679 0 178 178 0 1388 1388 0 2015 2015 0 2020 2020 0 1699 1699 0 361 361 0 2016 2016 0 1847 1847 0 451 451 0 447 447 0 2018 2018 0 2021 2021 0 1823 1823 0 781 781 0 2022 2022 0 1940 1940 0 1941 1941 0 782 782 0 781 781 0 892 892 0 954 954 0 894 894 0 986 986 0 2011 2011 0 983 983 0 2013 2013 0 531 531 0 530 530 0 525 525 0 2019 2019 0 523 523 0 1830 1830 0 513 513 0 1725 1725 0 444 444 0 1294 1294 0 2017 2017 0 1311 1311 0 1309 1309 0 1308 1308 0 274 274 0 268 268 0 272 272 0 1448 1448 0 1677 1677 0 164 164 0 1643 1643 0 2023 2023 0 1534 1534 0 1529 1529 0 1609 1609 0 1608 1608 0 930 930 0 1781 1781 0 928 928 0 42 42 0 1498 1498 0 1665 1665 0 1291 1291 0 1288 1288 0 453 453 0 585 585 0 1823 1823 0 2021 2021 0 2022 2022 0 2024 2024 0 1940 1940 0 893 893 0 1772 1772 0 891 891 0 2004 2004 0 528 528 0 527 527 0 2025 2025 0 525 525 0 1985 1985 0 438 438 0 1296 1296 0 1713 1713 0 1309 1309 0 2026 2026 0 1306 1306 0 270 270 0 2027 2027 0 268 268 0 1464 1464 0 1462 1462 0 1461 1461 0 1643 1643 0 1572 1572 0 2023 2023 0 932 932 0 931 931 0 1947 1947 0 43 43 0 1666 1666 0 41 41 0 2021 2021 0 583 583 0 585 585 0 1773 1773 0 889 889 0 1772 1772 0 1727 1727 0 2025 2025 0 1985 1985 0 1299 1299 0 1301 1301 0 1707 1707 0 270 270 0 1685 1685 0 2027 2027 0 146 146 0 1868 1868 0 1469 1469 0 1532 1532 0 1569 1569 0 1530 1530 0 1783 1783 0 1947 1947 0 1612 1612 0 956 956 0 897 897 0 899 899 0 2028 2028 0 1197 1197 0 1726 1726 0 426 426 0 2029 2029 0 428 428 0 263 263 0 262 262 0 265 265 0 1433 1433 0 1436 1436 0 1434 1434 0 1568 1568 0 1530 1530 0 1569 1569 0 1611 1611 0 1613 1613 0 1784 1784 0 899 899 0 2030 2030 0 956 956 0 260 260 0 2031 2031 0 262 262 0 183 183 0 1978 1978 0 1679 1679 0 1573 1573 0 1638 1638 0 1574 1574 0 942 942 0 1784 1784 0 940 940 0 2030 2030 0 878 878 0 956 956 0 258 258 0 257 257 0 259 259 0 1586 1586 0 1584 1584 0 1583 1583 0 939 939 0 1610 1610 0 937 937 0 2009 2009 0 958 958 0 959 959 0 951 951 0 950 950 0 1601 1601 0 938 938 0 937 937 0 934 934 0 873 873 0 872 872 0 875 875 0 1524 1524 0 1526 1526 0 1522 1522 0 1601 1601 0 1600 1600 0 951 951 0 874 874 0 868 868 0 872 872 0 1502 1502 0 2032 2032 0 1874 1874 0 1595 1595 0 1594 1594 0 1597 1597 0 2033 2033 0 867 867 0 1989 1989 0 1 1 0 1874 1874 0 2032 2032 0 1575 1575 0 1642 1642 0 1573 1573 0 1770 1770 0 2033 2033 0 1989 1989 0 1566 1566 0 1565 1565 0 1658 1658 0 1989 1989 0 1771 1771 0 1770 1770 0 2032 2032 0 2 2 0 1 1 0 866 866 0 865 865 0 1770 1770 0 2 2 0 1660 1660 0 0 0 0 2034 2034 0 865 865 0 1942 1942 0 69 69 0 68 68 0 71 71 0 861 861 0 2034 2034 0 1942 1942 0 2035 2035 0 72 72 0 71 71 0 1942 1942 0 862 862 0 861 861 0 1974 1974 0 2035 2035 0 71 71 0 2036 2036 0 1940 1940 0 2024 2024 0 71 71 0 73 73 0 1974 1974 0 962 962 0 2036 2036 0 2024 2024 0 81 81 0 74 74 0 79 79 0 2024 2024 0 963 963 0 962 962 0 80 80 0 79 79 0 82 82 0 753 753 0 756 756 0 754 754 0 87 87 0 82 82 0 85 85 0 1789 1789 0 971 971 0 1790 1790 0 86 86 0 85 85 0 88 88 0 1035 1035 0 1033 1033 0 1036 1036 0 93 93 0 88 88 0 91 91 0 1043 1043 0 1039 1039 0 1041 1041 0 96 96 0 92 92 0 91 91 0 1055 1055 0 1049 1049 0 1053 1053 0 94 94 0 1873 1873 0 99 99 0 741 741 0 740 740 0 743 743 0 1495 1495 0 1975 1975 0 1899 1899 0 747 747 0 1056 1056 0 740 740 0 104 104 0 1490 1490 0 105 105 0 737 737 0 1057 1057 0 746 746 0 1492 1492 0 1872 1872 0 1490 1490 0 1755 1755 0 1938 1938 0 736 736 0 1488 1488 0 1487 1487 0 1872 1872 0 735 735 0 2037 2037 0 1938 1938 0 1484 1484 0 1480 1480 0 1482 1482 0 735 735 0 732 732 0 2037 2037 0 1479 1479 0 1968 1968 0 1871 1871 0 1754 1754 0 729 729 0 732 732 0 2038 2038 0 1479 1479 0 1478 1478 0 731 731 0 2039 2039 0 729 729 0 1478 1478 0 108 108 0 2038 2038 0 731 731 0 726 726 0 2039 2039 0 107 107 0 2038 2038 0 108 108 0 728 728 0 1753 1753 0 726 726 0 2040 2040 0 114 114 0 113 113 0 1753 1753 0 1752 1752 0 726 726 0 113 113 0 2041 2041 0 2040 2040 0 1751 1751 0 723 723 0 1752 1752 0 2041 2041 0 115 115 0 2040 2040 0 722 722 0 721 721 0 723 723 0 1671 1671 0 2040 2040 0 115 115 0 2008 2008 0 1060 1060 0 1988 1988 0 119 119 0 118 118 0 1672 1672 0 1059 1059 0 1988 1988 0 1060 1060 0 121 121 0 1672 1672 0 122 122 0 711 711 0 718 718 0 712 712 0 125 125 0 1870 1870 0 1476 1476 0 710 710 0 1064 1064 0 708 708 0 128 128 0 1869 1869 0 1475 1475 0 1064 1064 0 706 706 0 705 705 0 137 137 0 136 136 0 1472 1472 0 707 707 0 1803 1803 0 705 705 0 1420 1420 0 1422 1422 0 1419 1419 0 1935 1935 0 2042 2042 0 2007 2007 0 191 191 0 189 189 0 188 188 0 2042 2042 0 1066 1066 0 2007 2007 0 1864 1864 0 197 197 0 196 196 0 1068 1068 0 2007 2007 0 1066 1066 0 197 197 0 1680 1680 0 198 198 0 1804 1804 0 1068 1068 0 1067 1067 0 2003 2003 0 212 212 0 213 213 0 1750 1750 0 1071 1071 0 688 688 0 1413 1413 0 2043 2043 0 1681 1681 0 683 683 0 1074 1074 0 1075 1075 0 2043 2043 0 223 223 0 1681 1681 0 681 681 0 680 680 0 683 683 0 232 232 0 231 231 0 234 234 0 678 678 0 677 677 0 680 680 0 1683 1683 0 234 234 0 1682 1682 0 679 679 0 1992 1992 0 677 677 0 238 238 0 1682 1682 0 236 236 0 1931 1931 0 2006 2006 0 1932 1932 0 2044 2044 0 239 239 0 236 236 0 1745 1745 0 669 669 0 1931 1931 0 236 236 0 2045 2045 0 2044 2044 0 1806 1806 0 667 667 0 1746 1746 0 2045 2045 0 1411 1411 0 2044 2044 0 1746 1746 0 1080 1080 0 1079 1079 0 2046 2046 0 2044 2044 0 1411 1411 0 1080 1080 0 1081 1081 0 1078 1078 0 1412 1412 0 2046 2046 0 1411 1411 0 664 664 0 662 662 0 661 661 0 1684 1684 0 244 244 0 245 245 0 659 659 0 658 658 0 661 661 0 248 248 0 245 245 0 2047 2047 0 657 657 0 656 656 0 658 658 0 248 248 0 2047 2047 0 249 249 0 652 652 0 651 651 0 654 654 0 1410 1410 0 2048 2048 0 1409 1409 0 650 650 0 648 648 0 647 647 0 1905 1905 0 1409 1409 0 2048 2048 0 1087 1087 0 1088 1088 0 646 646 0 2048 2048 0 257 257 0 1905 1905 0 1090 1090 0 1807 1807 0 1088 1088 0 260 260 0 259 259 0 2031 2031 0 1743 1743 0 1090 1090 0 1089 1089 0 1400 1400 0 1396 1396 0 294 294 0 1742 1742 0 2049 2049 0 1928 1928 0 297 297 0 2020 2020 0 2015 2015 0 2049 2049 0 637 637 0 1928 1928 0 1369 1369 0 315 315 0 1370 1370 0 637 637 0 2050 2050 0 1928 1928 0 314 314 0 1370 1370 0 315 315 0 637 637 0 636 636 0 2050 2050 0 315 315 0 1690 1690 0 313 313 0 638 638 0 634 634 0 636 636 0 2051 2051 0 313 313 0 1691 1691 0 1927 1927 0 631 631 0 630 630 0 317 317 0 2051 2051 0 1691 1691 0 616 616 0 2014 2014 0 2005 2005 0 1691 1691 0 1982 1982 0 317 317 0 2005 2005 0 1091 1091 0 616 616 0 2052 2052 0 328 328 0 327 327 0 1094 1094 0 1808 1808 0 1740 1740 0 327 327 0 330 330 0 2052 2052 0 1740 1740 0 1092 1092 0 1094 1094 0 2053 2053 0 2052 2052 0 330 330 0 1096 1096 0 1094 1094 0 1093 1093 0 2054 2054 0 2053 2053 0 330 330 0 1107 1107 0 1105 1105 0 1811 1811 0 332 332 0 2054 2054 0 330 330 0 613 613 0 612 612 0 1811 1811 0 1907 1907 0 1693 1693 0 333 333 0 610 610 0 1739 1739 0 614 614 0 1983 1983 0 1907 1907 0 334 334 0 614 614 0 2055 2055 0 610 610 0 338 338 0 337 337 0 340 340 0 2055 2055 0 611 611 0 610 610 0 1908 1908 0 1366 1366 0 1860 1860 0 1109 1109 0 1738 1738 0 611 611 0 345 345 0 344 344 0 346 346 0 611 611 0 1110 1110 0 1109 1109 0 1360 1360 0 1358 1358 0 356 356 0 1993 1993 0 1812 1812 0 1956 1956 0 1354 1354 0 1353 1353 0 1355 1355 0 1814 1814 0 1117 1117 0 607 607 0 2056 2056 0 1348 1348 0 1999 1999 0 1994 1994 0 1737 1737 0 1957 1957 0 2057 2057 0 2056 2056 0 1999 1999 0 1816 1816 0 1994 1994 0 1957 1957 0 1999 1999 0 2058 2058 0 2057 2057 0 1122 1122 0 1121 1121 0 1119 1119 0 2058 2058 0 2059 2059 0 2057 2057 0 604 604 0 1119 1119 0 605 605 0 1345 1345 0 2057 2057 0 2059 2059 0 1125 1125 0 1124 1124 0 1126 1126 0 2059 2059 0 1346 1346 0 1345 1345 0 2060 2060 0 1129 1129 0 1126 1126 0 1857 1857 0 2061 2061 0 1345 1345 0 2062 2062 0 1129 1129 0 2060 2060 0 1857 1857 0 1343 1343 0 2061 2061 0 1736 1736 0 2062 2062 0 2060 2060 0 1341 1341 0 1340 1340 0 1343 1343 0 2060 2060 0 2063 2063 0 1736 1736 0 1998 1998 0 1856 1856 0 1965 1965 0 2063 2063 0 598 598 0 1736 1736 0 1965 1965 0 1336 1336 0 1998 1998 0 1131 1131 0 600 600 0 599 599 0 2026 2026 0 363 363 0 1306 1306 0 599 599 0 1134 1134 0 1130 1130 0 363 363 0 2016 2016 0 361 361 0 1133 1133 0 1818 1818 0 1134 1134 0 1909 1909 0 378 378 0 382 382 0 2064 2064 0 596 596 0 1140 1140 0 1704 1704 0 1984 1984 0 389 389 0 597 597 0 596 596 0 2064 2064 0 396 396 0 395 395 0 398 398 0 594 594 0 595 595 0 597 597 0 402 402 0 398 398 0 2065 2065 0 597 597 0 592 592 0 594 594 0 402 402 0 2065 2065 0 400 400 0 1143 1143 0 594 594 0 593 593 0 1304 1304 0 401 401 0 400 400 0 1144 1144 0 593 593 0 1145 1145 0 403 403 0 2066 2066 0 1705 1705 0 1148 1148 0 1147 1147 0 590 590 0 1705 1705 0 2066 2066 0 409 409 0 589 589 0 591 591 0 1151 1151 0 410 410 0 409 409 0 411 411 0 1154 1154 0 1152 1152 0 1151 1151 0 412 412 0 1303 1303 0 1706 1706 0 1156 1156 0 1152 1152 0 1154 1154 0 415 415 0 1910 1910 0 1706 1706 0 1157 1157 0 588 588 0 587 587 0 1911 1911 0 419 419 0 1851 1851 0 587 587 0 1959 1959 0 584 584 0 1851 1851 0 423 423 0 1911 1911 0 540 540 0 1729 1729 0 1828 1828 0 426 426 0 425 425 0 2029 2029 0 1828 1828 0 1167 1167 0 540 540 0 1286 1286 0 1285 1285 0 1288 1288 0 536 536 0 534 534 0 533 533 0 1287 1287 0 2067 2067 0 1285 1285 0 531 531 0 532 532 0 534 534 0 1287 1287 0 457 457 0 2067 2067 0 524 524 0 1985 1985 0 525 525 0 455 455 0 1293 1293 0 456 456 0 1196 1196 0 2028 2028 0 1195 1195 0 458 458 0 1914 1914 0 459 459 0 1726 1726 0 1195 1195 0 2028 2028 0 1846 1846 0 1996 1996 0 471 471 0 1725 1725 0 516 516 0 1830 1830 0 1272 1272 0 2068 2068 0 1996 1996 0 508 508 0 510 510 0 1198 1198 0 1272 1272 0 475 475 0 2068 2068 0 503 503 0 2069 2069 0 501 501 0 2070 2070 0 1845 1845 0 1964 1964 0 2069 2069 0 1202 1202 0 501 501 0 478 478 0 2070 2070 0 1964 1964 0 1831 1831 0 501 501 0 1202 1202 0 1964 1964 0 1268 1268 0 478 478 0 1225 1225 0 1961 1961 0 1223 1223 0 1844 1844 0 1843 1843 0 477 477 0 498 498 0 500 500 0 1917 1917 0 1843 1843 0 2071 2071 0 477 477 0 495 495 0 497 497 0 1916 1916 0 1843 1843 0 1265 1265 0 2071 2071 0 489 489 0 491 491 0 1233 1233 0 1263 1263 0 1262 1262 0 1265 1265 0 2072 2072 0 1235 1235 0 1233 1233 0 1842 1842 0 1258 1258 0 1262 1262 0 2073 2073 0 1235 1235 0 2072 2072 0 1254 1254 0 481 481 0 480 480 0 1962 1962 0 2073 2073 0 2072 2072 0 481 481 0 1722 1722 0 479 479 0 2072 2072 0 1238 1238 0 1962 1962 0 485 485 0 482 482 0 483 483 0 1241 1241 0 1240 1240 0 1245 1245 0 486 486 0 488 488 0 485 485 0 1244 1244 0 1245 1245 0 1242 1242 0 1248 1248 0 1247 1247 0 1250 1250 0 1245 1245 0 1247 1247 0 1246 1246 0</p></triangles></mesh></geometry></library_geometries><library_visual_scenes><visual_scene id="Scene"><node id="road-node"><instance_geometry url="#road"><bind_material><technique_common><instance_material symbol="asphalt" target="#asphalt-material"><bind_vertex_input semantic="UVSET0" input_semantic="TEXCOORD" input_set="0" /></instance_material></technique_common></bind_material></instance_geometry></node></visual_scene></library_visual_scenes><scene><instance_visual_scene url="#Scene" /></scene></COLLADA>