# F1-derived approximate flat training road. Metres, Z up.
mtllib track.mtl
usemtl asphalt
v -54.7874670 -7.5547280 0.0000000
v -59.6354566 -8.7705907 0.0000000
v -51.8683061 -19.1942512 0.0000000
v -64.4834463 -9.9864534 0.0000000
v -56.7162957 -20.4101139 0.0000000
v -61.5642854 -21.6259765 0.0000000
v -76.1082545 -25.2735646 0.0000000
v -71.2602648 -24.0577019 0.0000000
v -74.1794257 -12.4181788 0.0000000
v -79.0274154 -13.6340414 0.0000000
v -83.8754051 -14.8499041 0.0000000
v -80.9562442 -26.4894273 0.0000000
v -88.7233947 -16.0657668 0.0000000
v -93.1341686 -17.1719770 0.0000000
v -85.8042338 -27.7052900 0.0000000
v -91.5381307 -29.0739030 0.0000000
v -90.6522235 -28.9211527 0.0000000
v -96.5120877 -29.5516629 0.0000000
v -97.6492301 -17.6056589 0.0000000
v -101.5093375 -30.0144674 0.0000000
v -96.5324995 -29.5535883 0.0000000
v -107.4271592 -18.5111421 0.0000000
v -111.8074616 -30.6812147 0.0000000
v -106.8178493 -30.4968160 0.0000000
v -112.1398811 -18.6853078 0.0000000
v -112.0290494 -30.6853078 0.0000000
v -126.5078423 -18.6853078 0.0000000
v -132.9135281 -29.7547353 0.0000000
v -128.0470947 -30.5973416 0.0000000
v -130.4557422 -18.0017424 0.0000000
v -133.7207447 -29.5565385 0.0000000
v -144.1417056 -13.6163965 0.0000000
v -148.3883391 -24.8417566 0.0000000
v -148.0000012 -24.9810857 0.0000000
v -153.0285853 -22.9944818 0.0000000
v -148.5301079 -11.8693804 0.0000000
v -157.7509709 -20.9970781 0.0000000
v -153.1481991 -22.9453640 0.0000000
v -157.1440043 -8.1586695 0.0000000
v -163.2177516 -18.5186012 0.0000000
v -162.3958291 -18.9585273 0.0000000
v -167.4278223 -15.8247877 0.0000000
v -169.2992471 -0.3811379 0.0000000
v -175.8479635 -10.4371606 0.0000000
v -171.6378929 -13.1309742 0.0000000
v -173.0110211 2.1654038 0.0000000
v -180.7333222 -7.0279733 0.0000000
v -180.1213740 -7.5090470 0.0000000
v -184.4539947 -3.6906207 0.0000000
v -186.0702403 15.0726172 0.0000000
v -189.0624398 19.0552425 0.0000000
v -195.6641887 7.8645556 0.0000000
v -183.4092647 11.5308520 0.0000000
v -191.6840097 22.5853334 0.0000000
v -201.6647500 15.8977964 0.0000000
v -198.6864263 11.8873165 0.0000000
v -202.2621773 16.8896597 0.0000000
v -197.8127260 35.4202672 0.0000000
v -208.8756986 30.7676766 0.0000000
v -208.7232426 30.4206083 0.0000000
v -210.7398451 35.4039315 0.0000000
v -202.9389928 48.3465393 0.0000000
v -214.4178298 44.7456478 0.0000000
v -212.5868633 40.0949610 0.0000000
v -214.8094680 46.3915621 0.0000000
v -203.3016596 52.2713743 0.0000000
v -215.2869935 51.6561551 0.0000000
v -215.2657967 51.3300200 0.0000000
v -203.6654702 61.9261395 0.0000000
v -215.5697200 66.9828016 0.0000000
v -215.6665340 61.9875265 0.0000000
v -203.5727556 66.7098975 0.0000000
v -215.5676116 67.0635362 0.0000000
v -202.8869357 81.0751855 0.0000000
v -202.0789302 85.7263726 0.0000000
v -213.9018558 87.7802544 0.0000000
v -201.2678542 90.3952351 0.0000000
v -212.9357326 93.2108826 0.0000000
v -213.0463914 92.7046332 0.0000000
v -200.0915605 94.8457255 0.0000000
v -211.6608747 98.0342895 0.0000000
v -198.6595178 99.4666544 0.0000000
v -197.3930899 103.3950928 0.0000000
v -210.0911453 103.1161817 0.0000000
v -207.8471075 109.3449146 0.0000000
v -208.5599933 107.8657898 0.0000000
v -205.0814122 113.5081171 0.0000000
v -190.9647563 129.4151379 0.0000000
v -198.2844956 122.6072953 0.0000000
v -183.2503926 120.2021048 0.0000000
v -189.7991150 114.1113591 0.0000000
v -185.7436603 132.7053204 0.0000000
v -189.9705154 130.1635974 0.0000000
v -179.8870698 122.2245623 0.0000000
v -185.0665523 133.0559475 0.0000000
v -175.6613532 124.0824556 0.0000000
v -175.9156863 137.0792491 0.0000000
v -180.4911193 135.0675983 0.0000000
v -162.7395244 129.7637120 0.0000000
v -160.2170201 142.1683761 0.0000000
v -165.0882378 141.5643822 0.0000000
v -159.1081613 130.2139733 0.0000000
v -159.4787196 142.2139733 0.0000000
v -145.0780021 130.2139733 0.0000000
v -138.4886748 141.1343914 0.0000000
v -143.3084762 142.0976273 0.0000000
v -141.3383615 129.4666072 0.0000000
v -137.5164997 140.8530585 0.0000000
v -132.5520177 126.0977791 0.0000000
v -128.0371662 137.2163339 0.0000000
v -128.1827856 137.2743597 0.0000000
v -129.2590299 124.7354902 0.0000000
v -123.4452637 135.3166919 0.0000000
v -117.9390589 130.1515145 0.0000000
v -121.3207463 133.8319379 0.0000000
v -121.8996260 115.3369217 0.0000000
v -120.5288645 112.1827444 0.0000000
v -111.0300966 120.4329920 0.0000000
v -111.3369537 121.0418805 0.0000000
v -108.5879844 113.8119452 0.0000000
v -109.0795939 115.9448070 0.0000000
v -108.3725773 108.8184568 0.0000000
v -120.2179258 104.0975577 0.0000000
v -108.1998882 103.7751478 0.0000000
v -108.3705071 108.7649144 0.0000000
v -109.3634992 97.4362193 0.0000000
v -108.3268545 102.3256665 0.0000000
v -123.1398798 90.3158453 0.0000000
v -112.8353195 82.5006447 0.0000000
v -111.5184611 87.3203991 0.0000000
v -124.4016243 85.6978103 0.0000000
v -112.8545463 82.4318857 0.0000000
v -105.6607566 25.0166813 0.0000000
v -97.3713544 34.6991307 0.0000000
v -101.3865134 36.2296579 0.0000000
v -71.7618580 28.4708090 0.0000000
v -67.5695793 31.1922288 0.0000000
v -74.6384963 40.9101173 0.0000000
v -46.1645762 69.3104041 0.0000000
v -44.7873276 74.0984471 0.0000000
v -57.6159139 72.9094096 0.0000000
v -44.6912982 74.4786537 0.0000000
v -43.6263618 79.3620170 0.0000000
v -56.3739506 77.2271294 0.0000000
v -41.0259034 100.0426536 0.0000000
v -52.7223393 105.1926480 0.0000000
v -53.0016604 100.8050478 0.0000000
v -50.6322762 136.3530066 0.0000000
v -63.5166113 134.9787247 0.0000000
v -61.2027719 130.6728113 0.0000000
v -161.7857635 272.1207904 0.0000000
v -164.8261794 276.0878041 0.0000000
v -174.2512792 268.6585286 0.0000000
v -204.4157380 301.4796635 0.0000000
v -194.2238574 290.4815953 0.0000000
v -195.5988539 309.6198754 0.0000000
v -165.0316573 276.3413154 0.0000000
v -168.2798012 280.1331310 0.0000000
v -171.3101540 264.8210655 0.0000000
v -168.2697381 260.8540518 0.0000000
v -159.1484905 248.9530109 0.0000000
v -156.1080746 244.9859972 0.0000000
v -149.6240999 256.2527358 0.0000000
v -153.0676587 241.0189836 0.0000000
v -150.0272428 237.0519700 0.0000000
v -143.5432681 248.3187085 0.0000000
v -146.9868269 233.0849563 0.0000000
v -140.5028522 244.3516949 0.0000000
v -184.0319768 279.4835270 0.0000000
v -180.6346833 275.8175043 0.0000000
v -171.8329409 283.9740556 0.0000000
v -175.2302344 287.6400784 0.0000000
v -182.0248214 294.9721239 0.0000000
v -190.8265639 286.8155725 0.0000000
v -185.4221150 298.6381466 0.0000000
v -207.8848579 305.2804833 0.0000000
v -207.8156616 305.2033656 0.0000000
v -198.9186649 313.2560753 0.0000000
v -214.4963326 312.7780633 0.0000000
v -211.1905953 309.0292733 0.0000000
v -205.4958744 320.7147977 0.0000000
v -224.4135446 324.0244334 0.0000000
v -221.1078073 320.2756434 0.0000000
v -212.1073491 328.2123778 0.0000000
v -227.7192820 327.7732234 0.0000000
v -215.4130865 331.9611678 0.0000000
v -218.7188238 335.7099578 0.0000000
v -222.0245612 339.4587479 0.0000000
v -208.8016118 324.4635878 0.0000000
v -217.8020700 316.5268534 0.0000000
v -240.9422314 342.7683835 0.0000000
v -237.6364940 339.0195935 0.0000000
v -228.6360359 346.9563279 0.0000000
v -254.5737001 392.2485831 0.0000000
v -265.8668794 388.1904023 0.0000000
v -264.1498920 383.4970292 0.0000000
v -242.6292058 366.1203749 0.0000000
v -252.9757706 360.0418390 0.0000000
v -250.4439934 355.7323808 0.0000000
v -237.7386635 357.7959505 0.0000000
v -240.0974286 361.8109167 0.0000000
v -247.9122162 351.4229226 0.0000000
v -247.5551503 374.5050589 0.0000000
v -258.2928144 369.1406978 0.0000000
v -258.0393250 368.6607555 0.0000000
v -260.4170462 373.6449005 0.0000000
v -249.4606717 378.5455101 0.0000000
v -262.3673041 378.7656238 0.0000000
v -260.6048833 374.0885308 0.0000000
v -269.1309250 397.7841339 0.0000000
v -265.9126474 388.3200971 0.0000000
v -244.5426957 346.8788252 0.0000000
v -244.2479687 346.5171736 0.0000000
v -235.0931116 354.2788156 0.0000000
v -257.7698369 401.6475102 0.0000000
v -270.7400639 402.5161524 0.0000000
v -260.9881145 411.1115471 0.0000000
v -273.9583415 411.9801892 0.0000000
v -272.3492027 407.2481708 0.0000000
v -289.9526130 496.2878787 0.0000000
v -291.5617518 501.0198971 0.0000000
v -302.9228400 497.1565208 0.0000000
v -293.1708906 505.7519155 0.0000000
v -293.1766592 505.7687969 0.0000000
v -304.5291070 501.8800942 0.0000000
v -294.7998209 510.4958944 0.0000000
v -306.1333423 506.5520727 0.0000000
v -307.8172985 511.2055293 0.0000000
v -296.5333975 515.2888586 0.0000000
v -298.2341492 519.9887277 0.0000000
v -309.5180502 515.9053984 0.0000000
v -312.9195535 525.3051367 0.0000000
v -301.6356525 529.3884660 0.0000000
v -303.3364041 534.0883351 0.0000000
v -314.6203052 530.0050058 0.0000000
v -314.3376883 567.0512375 0.0000000
v -317.3353691 576.4499682 0.0000000
v -325.7702730 563.4048685 0.0000000
v -308.2781594 548.0525905 0.0000000
v -311.3001825 557.5276424 0.0000000
v -322.7327672 553.8812735 0.0000000
v -324.2515201 558.6430710 0.0000000
v -312.8189354 562.2894400 0.0000000
v -328.8819382 573.1798123 0.0000000
v -328.8077787 572.9284636 0.0000000
v -318.6765876 584.1401306 0.0000000
v -318.1446402 586.8072760 0.0000000
v -330.5987359 585.7154712 0.0000000
v -329.6723262 590.3604218 0.0000000
v -328.7361865 592.5806229 0.0000000
v -316.6237470 589.0246837 0.0000000
v -324.4159746 598.2141586 0.0000000
v -325.9091141 596.7023928 0.0000000
v -314.1194641 590.7883861 0.0000000
v -319.3372148 601.6148524 0.0000000
v -320.4884739 600.9801970 0.0000000
v -272.2520862 444.2356760 0.0000000
v -273.8612250 448.9676945 0.0000000
v -283.6131743 440.3722997 0.0000000
v -281.9069190 472.6277866 0.0000000
v -283.5160578 477.3598050 0.0000000
v -293.2680071 468.7644103 0.0000000
v -285.1251966 482.0918234 0.0000000
v -286.7343354 486.8238418 0.0000000
v -296.4862847 478.2284471 0.0000000
v -299.7045624 487.6924840 0.0000000
v -298.0954236 482.9604655 0.0000000
v -294.8771459 473.4964287 0.0000000
v -291.6588683 464.0323918 0.0000000
v -280.2977802 467.8957681 0.0000000
v -285.2223131 445.1043182 0.0000000
v -269.0338086 434.7716392 0.0000000
v -270.6429474 439.5036576 0.0000000
v -282.0040355 435.6402813 0.0000000
v -265.8155309 425.3076023 0.0000000
v -267.4246697 430.0396208 0.0000000
v -278.7857579 426.1762445 0.0000000
v -275.5674803 416.7122076 0.0000000
v -262.5972533 415.8435655 0.0000000
v -264.2063921 420.5755839 0.0000000
v -251.1380863 382.9970144 0.0000000
v -231.9417732 350.7051179 0.0000000
v -143.9464110 229.1179427 0.0000000
v -140.9059951 225.1509290 0.0000000
v -134.4220205 236.4176676 0.0000000
v -137.8655792 221.1839154 0.0000000
v -137.5417912 220.7963850 0.0000000
v -128.4949213 228.6842245 0.0000000
v -130.7117261 213.3899892 0.0000000
v -127.2984085 209.7388813 0.0000000
v -118.5324750 217.9339048 0.0000000
v -120.4717733 202.4366654 0.0000000
v -117.0584557 198.7855575 0.0000000
v -108.2925222 206.9805810 0.0000000
v -110.2318205 191.4833417 0.0000000
v -103.4051853 184.1811259 0.0000000
v -101.4658870 199.6783652 0.0000000
v -152.6645158 260.2197495 0.0000000
v -162.1889064 252.9200245 0.0000000
v -155.7049317 264.1867631 0.0000000
v -158.7453476 268.1537768 0.0000000
v -165.2293223 256.8870382 0.0000000
v -134.1250437 217.0410971 0.0000000
v -125.3311852 225.2062501 0.0000000
v -111.7058398 210.6316889 0.0000000
v -113.6451381 195.1344496 0.0000000
v -93.1652325 173.2278021 0.0000000
v -89.8001103 169.6282471 0.0000000
v -84.3992990 181.4228256 0.0000000
v -80.8908166 177.6674925 0.0000000
v -80.9859814 177.7717177 0.0000000
v -86.6043309 166.0444522 0.0000000
v -80.3420378 158.4118336 0.0000000
v -77.1717509 154.5478192 0.0000000
v -67.8946510 162.1593511 0.0000000
v -71.0649379 166.0233654 0.0000000
v -74.2352248 169.8873798 0.0000000
v -83.5123247 162.2758480 0.0000000
v -61.2640721 154.0474485 0.0000000
v -61.5540772 154.4313223 0.0000000
v -70.9838810 147.0059093 0.0000000
v -58.4219468 149.9539322 0.0000000
v -68.4046919 143.2911004 0.0000000
v -55.6425162 145.2797287 0.0000000
v -58.1842844 149.5833017 0.0000000
v -52.9981401 140.7557346 0.0000000
v -53.1057001 140.9473935 0.0000000
v -54.9955861 118.3958684 0.0000000
v -54.1936874 114.1397282 0.0000000
v -42.4011691 116.3615548 0.0000000
v -43.3265844 121.2732686 0.0000000
v -53.2960066 109.3752173 0.0000000
v -40.7518882 106.2271924 0.0000000
v -41.4276648 111.1542346 0.0000000
v -40.7083578 105.0306883 0.0000000
v -41.3434490 95.0546188 0.0000000
v -53.6191102 91.1060914 0.0000000
v -42.4965743 84.5911720 0.0000000
v -41.7217963 89.5151717 0.0000000
v -54.3233736 86.6302379 0.0000000
v -42.5614254 84.2453802 0.0000000
v -61.1506539 64.0012513 0.0000000
v -63.0405501 59.7404382 0.0000000
v -50.1329481 59.2447428 0.0000000
v -50.0406340 59.4645484 0.0000000
v -52.1566526 54.6822560 0.0000000
v -65.2839377 55.5112731 0.0000000
v -54.6830654 49.8879729 0.0000000
v -67.5637314 51.2134762 0.0000000
v -70.0296334 47.0248062 0.0000000
v -59.6907156 40.9332714 0.0000000
v -59.6950358 40.9259448 0.0000000
v -66.5844363 31.9916499 0.0000000
v -72.2460670 28.1877393 0.0000000
v -78.0602243 38.6889009 0.0000000
v -83.0938935 24.3363336 0.0000000
v -78.1970315 25.3373674 0.0000000
v -81.4306636 36.9245047 0.0000000
v -85.4972724 36.0931942 0.0000000
v -94.8761599 22.2645149 0.0000000
v -92.8876175 22.3342661 0.0000000
v -94.3025892 34.2931803 0.0000000
v -99.6401596 22.8947188 0.0000000
v -100.9904283 23.2364119 0.0000000
v -105.9433288 37.9666577 0.0000000
v -110.3310850 26.7969508 0.0000000
v -109.1855438 39.3553345 0.0000000
v -117.1887253 30.3190764 0.0000000
v -115.1103985 28.8386349 0.0000000
v -123.9111270 37.7173613 0.0000000
v -117.1563935 48.6633969 0.0000000
v -128.0077558 43.4782248 0.0000000
v -127.2323964 42.0974057 0.0000000
v -129.8583767 48.1211257 0.0000000
v -119.6777671 55.4892651 0.0000000
v -131.7598243 56.0264864 0.0000000
v -131.5365514 53.1156713 0.0000000
v -130.9182100 60.9532512 0.0000000
v -118.2694436 63.5020661 0.0000000
v -129.8901632 66.5105487 0.0000000
v -130.0272181 65.9200880 0.0000000
v -128.5155740 71.3159446 0.0000000
v -110.4001440 92.5467721 0.0000000
v -121.1025576 99.9250964 0.0000000
v -122.1392023 95.0356492 0.0000000
v -132.8496426 139.0637091 0.0000000
v -137.1456860 127.8590667 0.0000000
v -171.3402533 139.0908999 0.0000000
v -171.0859202 126.0941065 0.0000000
v -210.1116497 103.0513206 0.0000000
v -215.6634053 61.6453301 0.0000000
v -215.4751994 56.6507426 0.0000000
v -204.4158657 21.3999759 0.0000000
v -193.5870618 26.5707597 0.0000000
v -180.1475144 8.5666646 0.0000000
v -188.2036088 -0.3271379 0.0000000
v -176.0085509 -10.3307370 0.0000000
v 232.0320001 61.2709240 0.0000000
v 227.1691178 60.1160639 0.0000000
v 234.8047001 49.5956452 0.0000000
v 222.3062355 58.9612038 0.0000000
v 217.4433532 57.8063437 0.0000000
v 220.2160532 46.1310649 0.0000000
v 188.2660595 50.8771831 0.0000000
v 178.5402949 48.5674629 0.0000000
v 191.0387594 39.2019043 0.0000000
v 161.8614657 32.2727437 0.0000000
v 166.7243480 33.4276038 0.0000000
v 159.0887657 43.9480225 0.0000000
v 142.4099365 27.6533034 0.0000000
v 147.2728188 28.8081635 0.0000000
v 144.5001188 40.4834423 0.0000000
v 50.0151729 5.7109616 0.0000000
v 54.8780552 6.8658217 0.0000000
v 52.1053552 18.5411004 0.0000000
v 47.2424730 17.3862403 0.0000000
v 42.3795907 16.2313803 0.0000000
v 45.1522906 4.5561015 0.0000000
v 263.9819939 56.5248058 0.0000000
v 268.8448761 57.6796658 0.0000000
v 266.0721762 69.3549446 0.0000000
v 261.2092939 68.2000845 0.0000000
v 280.6608231 72.8195249 0.0000000
v 275.7979408 71.6646648 0.0000000
v 283.4335230 61.1442461 0.0000000
v 300.1123522 77.4389653 0.0000000
v 295.2494699 76.2841052 0.0000000
v 302.8850522 65.7636865 0.0000000
v 317.4736991 69.2282668 0.0000000
v 322.3365814 70.3831269 0.0000000
v 314.7009991 80.9035456 0.0000000
v 329.2896460 84.3681259 0.0000000
v 324.4267637 83.2132658 0.0000000
v 327.1994637 71.5379870 0.0000000
v 351.5138751 77.3122875 0.0000000
v 356.3767574 78.4671476 0.0000000
v 353.6040575 90.1424264 0.0000000
v 363.3298221 92.4521465 0.0000000
v 358.4669398 91.2972864 0.0000000
v 361.2396397 79.6220077 0.0000000
v 368.1927044 93.6070066 0.0000000
v 370.9654043 81.9317278 0.0000000
v 387.6442335 98.2264470 0.0000000
v 382.7813512 97.0715869 0.0000000
v 390.4169335 86.5511682 0.0000000
v 402.2328804 101.6910273 0.0000000
v 392.5071158 99.3813071 0.0000000
v 395.2798158 87.7060283 0.0000000
v 407.0957627 102.8458874 0.0000000
v 409.8684627 91.1706086 0.0000000
v 414.7313450 92.3254687 0.0000000
v 424.4571096 94.6351889 0.0000000
v 421.6844096 106.3104677 0.0000000
v 426.5472919 107.4653278 0.0000000
v 429.3199918 95.7900490 0.0000000
v 434.1811618 96.9445024 0.0000000
v 439.0420775 98.0958834 0.0000000
v 431.4135991 108.6210002 0.0000000
v 436.2790181 109.7734475 0.0000000
v 443.9050730 99.2461206 0.0000000
v 441.1429439 110.9239047 0.0000000
v 448.7689988 100.3965778 0.0000000
v 453.6329246 101.5470350 0.0000000
v 446.0068697 112.0743619 0.0000000
v 460.5986471 115.5257336 0.0000000
v 450.8707955 113.2248192 0.0000000
v 463.3607762 103.8479495 0.0000000
v 468.2247020 104.9984067 0.0000000
v 470.3264987 117.8266481 0.0000000
v 465.4625729 116.6761908 0.0000000
v 473.0886279 106.1488639 0.0000000
v 480.0543503 120.1275625 0.0000000
v 475.1904245 118.9771053 0.0000000
v 477.9525537 107.2993211 0.0000000
v 489.7822019 122.4284769 0.0000000
v 492.5443311 110.7506928 0.0000000
v 497.4082569 111.9011500 0.0000000
v 494.6461277 123.5789342 0.0000000
v 507.1361085 114.2020645 0.0000000
v 512.0000343 115.3525217 0.0000000
v 504.3739794 125.8798486 0.0000000
v 514.1018310 128.1807631 0.0000000
v 509.2379052 127.0303058 0.0000000
v 518.9657568 129.3312203 0.0000000
v 521.7278859 117.6534361 0.0000000
v 541.1835891 122.2552650 0.0000000
v 546.0475149 123.4057222 0.0000000
v 538.4214600 133.9330492 0.0000000
v 536.3196633 121.1048078 0.0000000
v 533.5575342 132.7825920 0.0000000
v 550.9114407 124.5561795 0.0000000
v 543.2853858 135.0835064 0.0000000
v 548.1493116 136.2339636 0.0000000
v 560.6392923 126.8570939 0.0000000
v 570.3671439 129.1580084 0.0000000
v 557.8771632 138.5348781 0.0000000
v 575.2310697 130.3084656 0.0000000
v 567.6050148 140.8357925 0.0000000
v 580.0949955 131.4589228 0.0000000
v 584.9589213 132.6093800 0.0000000
v 577.3328664 143.1367070 0.0000000
v 591.9246438 146.5880786 0.0000000
v 587.0607180 145.4376214 0.0000000
v 589.8228471 133.7598373 0.0000000
v 594.6867729 134.9102945 0.0000000
v 599.5506987 136.0607517 0.0000000
v 601.6524954 148.8889931 0.0000000
v 596.7885696 147.7385359 0.0000000
v 604.4146245 137.2112089 0.0000000
v 611.3803470 151.1899075 0.0000000
v 606.5164212 150.0394503 0.0000000
v 609.2785504 138.3616661 0.0000000
v 614.1424762 139.5121234 0.0000000
v 619.0064020 140.6625806 0.0000000
v 623.8703278 141.8130378 0.0000000
v 616.2442728 152.3403647 0.0000000
v 628.7342536 142.9634950 0.0000000
v 621.1081986 153.4908220 0.0000000
v 635.6999760 156.9421936 0.0000000
v 630.8360502 155.7917364 0.0000000
v 638.2638882 145.2175255 0.0000000
v 642.2186620 145.8735739 0.0000000
v 636.0991331 157.0224111 0.0000000
v 642.4634925 157.8941065 0.0000000
v 640.9885582 157.8335066 0.0000000
v 647.4447222 157.4834043 0.0000000
v 650.7811625 145.1675961 0.0000000
v 658.3782494 155.3710175 0.0000000
v 653.7158042 156.8219842 0.0000000
v 654.2065463 144.1016066 0.0000000
v 659.5372836 154.8712848 0.0000000
v 657.0698742 142.4907354 0.0000000
v 668.7193977 147.3035475 0.0000000
v 665.5298794 151.0692410 0.0000000
v 659.4252294 139.7098936 0.0000000
v 668.9822364 146.9699736 0.0000000
v 665.2047091 131.8155818 0.0000000
v 677.8397255 134.8713447 0.0000000
v 674.8872291 138.9042210 0.0000000
v 671.1097018 123.7498292 0.0000000
v 683.7447182 126.8055921 0.0000000
v 680.7922218 130.8384684 0.0000000
v 694.7296728 91.4868188 0.0000000
v 707.3646891 94.5425817 0.0000000
v 704.4121928 98.5754580 0.0000000
v 700.6346655 83.4210662 0.0000000
v 713.2696819 86.4768291 0.0000000
v 710.3171855 90.5097054 0.0000000
v 706.5396582 75.3553136 0.0000000
v 719.1746746 78.4110765 0.0000000
v 716.2221782 82.4439528 0.0000000
v 712.4446510 67.2895610 0.0000000
v 728.0321637 66.3124476 0.0000000
v 722.1271710 74.3782002 0.0000000
v 736.0646219 35.0265506 0.0000000
v 745.7471419 42.1151898 0.0000000
v 742.7946455 46.1480661 0.0000000
v 730.1596292 43.0923032 0.0000000
v 739.8421492 50.1809424 0.0000000
v 741.9696146 26.9607980 0.0000000
v 744.9221110 22.9279217 0.0000000
v 754.6046310 30.0165609 0.0000000
v 747.8746074 18.8950454 0.0000000
v 757.5571274 25.9836846 0.0000000
v 762.6370892 -1.2693361 0.0000000
v 765.5895856 -5.3022124 0.0000000
v 772.3196092 5.8193031 0.0000000
v 787.0820910 -14.3450784 0.0000000
v 784.1295947 -10.3122021 0.0000000
v 774.4470746 -17.4008413 0.0000000
v 780.3520674 -25.4665939 0.0000000
v 783.3045637 -29.4994702 0.0000000
v 792.9870838 -22.4108310 0.0000000
v 789.2095565 -37.5652228 0.0000000
v 801.8445729 -34.5094599 0.0000000
v 798.8920765 -30.4765836 0.0000000
v 807.7495656 -42.5752125 0.0000000
v 804.7970692 -38.5423362 0.0000000
v 795.1145492 -45.6309754 0.0000000
v 809.8770310 -65.7953569 0.0000000
v 819.5595511 -58.7067177 0.0000000
v 816.6070547 -54.6738414 0.0000000
v 822.5120474 -62.7395940 0.0000000
v 827.0802095 -86.1188244 0.0000000
v 838.1962388 -79.3797431 0.0000000
v 834.1609587 -76.4305330 0.0000000
v 861.2585056 -108.7429963 0.0000000
v 865.7688294 -110.8966686 0.0000000
v 870.9395746 -100.0678462 0.0000000
v 881.5403758 -117.3205548 0.0000000
v 886.5205594 -117.7437541 0.0000000
v 883.2650215 -105.4238612 0.0000000
v 891.5007430 -118.1669534 0.0000000
v 889.7800850 -105.9774894 0.0000000
v 824.0057936 9.7436000 0.0000000
v 826.8264467 5.6174344 0.0000000
v 833.9122914 16.5156972 0.0000000
v 831.0916383 20.6418627 0.0000000
v 828.2709852 24.7680282 0.0000000
v 821.1851404 13.8697655 0.0000000
v 816.9883728 41.2726904 0.0000000
v 814.1820657 45.3778700 0.0000000
v 807.0818749 34.5005932 0.0000000
v 811.4124508 49.5039901 0.0000000
v 808.6331066 53.6542201 0.0000000
v 798.6624119 46.9770015 0.0000000
v 793.1001417 55.2828099 0.0000000
v 795.8812768 51.1299057 0.0000000
v 803.0708363 61.9600285 0.0000000
v 751.3831146 117.5763731 0.0000000
v 754.1642497 113.4234688 0.0000000
v 764.1349443 120.1006874 0.0000000
v 787.5378714 63.5886183 0.0000000
v 790.3190065 59.4357141 0.0000000
v 800.2897012 66.1129327 0.0000000
v 765.2887903 96.8118520 0.0000000
v 768.0699254 92.6589478 0.0000000
v 775.2594849 103.4890706 0.0000000
v 784.7567362 67.7415225 0.0000000
v 794.7274309 74.4187411 0.0000000
v 780.8217552 95.1832622 0.0000000
v 778.0406200 99.3361664 0.0000000
v 776.4133308 80.2002352 0.0000000
v 779.1944660 76.0473310 0.0000000
v 789.1651606 82.7245496 0.0000000
v 781.9756011 71.8944267 0.0000000
v 791.9462957 78.5716453 0.0000000
v 770.8510605 88.5060436 0.0000000
v 687.8163967 237.2490598 0.0000000
v 675.0146259 234.9916298 0.0000000
v 677.7084172 230.7815449 0.0000000
v 743.0397091 130.0350857 0.0000000
v 745.8208443 125.8821815 0.0000000
v 755.7915389 132.5594001 0.0000000
v 753.0104038 136.7123043 0.0000000
v 750.2292686 140.8652085 0.0000000
v 740.2585740 134.1879899 0.0000000
v 734.6963037 142.4937983 0.0000000
v 744.6669984 149.1710169 0.0000000
v 741.8858632 153.3239211 0.0000000
v 731.9151686 146.6467025 0.0000000
v 728.2232656 174.0977866 0.0000000
v 715.4214948 171.8403566 0.0000000
v 718.1152861 167.6302717 0.0000000
v 733.5772259 165.7307166 0.0000000
v 720.8090773 163.4201868 0.0000000
v 723.5033157 159.2099623 0.0000000
v 723.5717632 159.1054152 0.0000000
v 730.9169594 169.8878541 0.0000000
v 714.7543093 195.1482110 0.0000000
v 704.6463298 188.6806961 0.0000000
v 707.3401210 184.4706112 0.0000000
v 729.1340334 150.7996067 0.0000000
v 761.3538092 124.2535917 0.0000000
v 677.0412317 254.0893994 0.0000000
v 664.2498622 251.8157133 0.0000000
v 666.9332522 247.6218844 0.0000000
v 825.4503321 28.8941938 0.0000000
v 822.6296790 33.0203593 0.0000000
v 815.5438342 22.1220966 0.0000000
v 818.3644873 17.9959311 0.0000000
v 666.0789564 270.9065384 0.0000000
v 653.3094224 268.4733663 0.0000000
v 656.0608251 264.3007042 0.0000000
v 660.5761509 279.2518626 0.0000000
v 647.8066169 276.8186906 0.0000000
v 650.5580196 272.6460285 0.0000000
v 655.0733455 287.5971868 0.0000000
v 642.3038114 285.1640148 0.0000000
v 645.0552142 280.9913527 0.0000000
v 646.8191373 300.1151731 0.0000000
v 636.8010059 293.5093390 0.0000000
v 639.5524087 289.3366769 0.0000000
v 641.3163318 308.4604973 0.0000000
v 631.2982005 301.8546632 0.0000000
v 634.0496032 297.6820011 0.0000000
v 638.5649291 312.6331595 0.0000000
v 625.7953950 310.1999874 0.0000000
v 628.5467977 306.0273253 0.0000000
v 633.0621236 320.9784837 0.0000000
v 620.2925895 318.5453116 0.0000000
v 623.0439923 314.3726495 0.0000000
v 627.5593181 329.3238079 0.0000000
v 614.7897841 326.8906358 0.0000000
v 617.5411868 322.7179737 0.0000000
v 622.0565127 337.6691321 0.0000000
v 609.2869786 335.2359600 0.0000000
v 612.0383813 331.0632979 0.0000000
v 613.8023044 350.1871184 0.0000000
v 603.7841731 343.5812842 0.0000000
v 606.5355759 339.4086221 0.0000000
v 608.2994990 358.5324426 0.0000000
v 595.5310066 356.0976908 0.0000000
v 598.2813677 351.9266084 0.0000000
v 536.5677525 466.9060335 0.0000000
v 523.8027743 464.4490724 0.0000000
v 526.5619471 460.2815442 0.0000000
v 533.8085796 471.0735617 0.0000000
v 521.0436014 468.6166006 0.0000000
v 531.0494068 475.2410899 0.0000000
v 518.2844286 472.7841288 0.0000000
v 412.9721767 654.7731254 0.0000000
v 402.9253581 648.2110042 0.0000000
v 405.6585539 644.0263935 0.0000000
v 525.5310611 483.5761463 0.0000000
v 512.7660830 481.1191852 0.0000000
v 515.5252558 476.9516570 0.0000000
v 423.9049600 638.0346827 0.0000000
v 411.1249456 635.6571721 0.0000000
v 413.8581414 631.4725614 0.0000000
v 416.5913373 627.2879507 0.0000000
v 429.3713517 629.6654613 0.0000000
v 419.3245331 623.1033401 0.0000000
v 503.4576785 516.9163720 0.0000000
v 493.4518732 510.2918826 0.0000000
v 496.2110460 506.1243544 0.0000000
v 497.9393329 525.2514284 0.0000000
v 487.9335275 518.6269391 0.0000000
v 490.6927004 514.4594108 0.0000000
v 443.0373309 608.7424079 0.0000000
v 432.9905123 602.1802867 0.0000000
v 435.7237081 597.9956760 0.0000000
v 448.5037226 600.3731866 0.0000000
v 438.4569040 593.8110653 0.0000000
v 486.9026416 541.9215412 0.0000000
v 476.8968362 535.2970519 0.0000000
v 479.6560090 531.1295237 0.0000000
v 481.3842959 550.2565976 0.0000000
v 471.3784906 543.6321083 0.0000000
v 474.1376634 539.4645801 0.0000000
v 478.6251231 554.4241259 0.0000000
v 468.6193177 547.7996365 0.0000000
v 464.9028976 575.2655225 0.0000000
v 454.8560790 568.7034012 0.0000000
v 457.5892748 564.5187905 0.0000000
v 470.3595472 566.9112165 0.0000000
v 460.3224707 560.3341798 0.0000000
v 460.3420431 560.3044072 0.0000000
v 459.4365059 583.6347438 0.0000000
v 446.6564915 581.2572332 0.0000000
v 449.3896873 577.0726226 0.0000000
v 542.0860981 458.5709771 0.0000000
v 529.3211199 456.1140159 0.0000000
v 532.0802928 451.9464877 0.0000000
v 544.8452709 454.4034489 0.0000000
v 534.8394656 447.7789595 0.0000000
v 537.5986384 443.6114313 0.0000000
v 393.8398058 684.0654002 0.0000000
v 381.0597914 681.6878896 0.0000000
v 383.7929872 677.5032789 0.0000000
v 388.3734142 692.4346216 0.0000000
v 378.3265956 685.8725003 0.0000000
v 550.3636166 446.0683925 0.0000000
v 540.3578112 439.4439031 0.0000000
v 543.1169841 435.2763749 0.0000000
v 382.9070225 700.8038429 0.0000000
v 372.8602039 694.2417217 0.0000000
v 375.5933997 690.0571110 0.0000000
v 561.4003079 429.3982797 0.0000000
v 548.6353297 426.9413185 0.0000000
v 551.3945025 422.7737903 0.0000000
v 554.1536754 418.6062621 0.0000000
v 566.9186536 421.0632232 0.0000000
v 556.9128482 414.4387339 0.0000000
v 575.1961720 408.5606386 0.0000000
v 562.4311939 406.1036775 0.0000000
v 565.1903667 401.9361493 0.0000000
v 580.7145177 400.2255822 0.0000000
v 567.9495395 397.7686211 0.0000000
v 570.7087123 393.6010928 0.0000000
v 586.2328633 391.8905258 0.0000000
v 573.4678852 389.4335646 0.0000000
v 576.2270580 385.2660364 0.0000000
v 591.7512090 383.5554694 0.0000000
v 578.9862308 381.0985082 0.0000000
v 581.7454036 376.9309800 0.0000000
v 594.5103818 379.3879412 0.0000000
v 584.5045765 372.7634518 0.0000000
v 363.7746516 730.0961177 0.0000000
v 353.7278330 723.5339964 0.0000000
v 356.4610289 719.3493858 0.0000000
v 358.3082600 738.4653391 0.0000000
v 345.5282455 736.0878285 0.0000000
v 348.2614413 731.9032178 0.0000000
v 352.8418683 746.8345604 0.0000000
v 340.0618538 744.4570498 0.0000000
v 342.7950497 740.2724392 0.0000000
v 344.6422808 759.3883925 0.0000000
v 334.5954622 752.8262712 0.0000000
v 337.3286580 748.6416605 0.0000000
v 341.9090849 763.5730032 0.0000000
v 331.8622663 757.0108819 0.0000000
v 339.1758891 767.7576139 0.0000000
v 326.3958746 765.3801033 0.0000000
v 329.1290705 761.1954926 0.0000000
v 333.7094974 776.1268352 0.0000000
v 320.9294830 773.7493246 0.0000000
v 323.6626788 769.5647139 0.0000000
v 325.5099099 788.6806673 0.0000000
v 312.7298955 786.3031567 0.0000000
v 315.4630913 782.1185460 0.0000000
v 320.0435182 797.0498886 0.0000000
v 307.2635038 794.6723780 0.0000000
v 309.9966996 790.4877673 0.0000000
v 314.5771266 805.4191100 0.0000000
v 301.7971121 803.0415994 0.0000000
v 304.5303080 798.8569887 0.0000000
v 309.1107349 813.7883314 0.0000000
v 296.3307204 811.4108208 0.0000000
v 299.0639163 807.2262101 0.0000000
v 298.1779515 830.5267741 0.0000000
v 288.1311329 823.9646528 0.0000000
v 290.8643288 819.7800421 0.0000000
v 292.7115599 838.8959954 0.0000000
v 282.6647413 832.3338742 0.0000000
v 285.3979371 828.1492635 0.0000000
v 289.9783640 843.0806061 0.0000000
v 277.1983496 840.7030955 0.0000000
v 279.9315454 836.5184849 0.0000000
v 284.5119724 851.4498275 0.0000000
v 271.7319579 849.0723169 0.0000000
v 274.4651537 844.8877062 0.0000000
v 279.0455807 859.8190489 0.0000000
v 266.2655662 857.4415383 0.0000000
v 268.9987621 853.2569276 0.0000000
v 270.8459932 872.3728809 0.0000000
v 260.7991746 865.8107596 0.0000000
v 263.5323704 861.6261489 0.0000000
v 262.6464057 884.9267130 0.0000000
v 252.5995871 878.3645917 0.0000000
v 255.3327829 874.1799810 0.0000000
v 259.9132098 889.1113236 0.0000000
v 247.1908747 886.6455041 0.0000000
v 249.8663912 882.5492024 0.0000000
v 232.8064272 906.9216605 0.0000000
v 235.7016664 902.8474838 0.0000000
v 245.4833444 909.7986545 0.0000000
v 242.5881052 913.8728312 0.0000000
v 229.9363287 910.9604593 0.0000000
v 225.0177595 933.1308315 0.0000000
v 216.8098900 924.3769251 0.0000000
v 220.4559885 920.9582570 0.0000000
v 217.7255625 939.9681678 0.0000000
v 209.5176930 931.2142613 0.0000000
v 213.1637915 927.7955932 0.0000000
v 175.2580628 961.6751688 0.0000000
v 170.3975998 962.8401690 0.0000000
v 172.3464830 950.0331511 0.0000000
v 153.4468694 954.5631833 0.0000000
v 157.8796285 953.5006991 0.0000000
v 160.6766738 965.1701694 0.0000000
v 108.5361850 963.8983722 0.0000000
v 106.2330460 951.1316255 0.0000000
v 111.0523939 952.1651419 0.0000000
v 65.3147978 942.1145680 0.0000000
v 62.2223877 938.2037965 0.0000000
v 74.2740290 934.0979053 0.0000000
v 41.5999646 879.6457672 0.0000000
v 53.2580484 874.3546128 0.0000000
v 53.5705035 878.8054112 0.0000000
v 42.4535625 863.5630872 0.0000000
v 54.9631540 860.3215991 0.0000000
v 54.3574626 865.0787267 0.0000000
v 58.9936209 824.3052784 0.0000000
v 59.2313639 824.0245418 0.0000000
v 68.2699641 831.9199564 0.0000000
v 62.5768374 820.3111697 0.0000000
v 65.9223110 816.5977975 0.0000000
v 71.4922609 828.3433066 0.0000000
v 69.2677845 812.8844254 0.0000000
v 69.4267177 812.7147439 0.0000000
v 78.1053855 821.0029429 0.0000000
v 109.6984233 797.9219043 0.0000000
v 109.7845532 797.9492382 0.0000000
v 106.1116068 809.3734015 0.0000000
v 135.2680896 818.3196917 0.0000000
v 138.4155786 822.0259443 0.0000000
v 129.3093374 829.8413318 0.0000000
v 136.0193267 837.4187095 0.0000000
v 132.7052953 833.6772496 0.0000000
v 144.9199943 829.3692695 0.0000000
v 136.1874725 837.6008204 0.0000000
v 139.6470678 841.1958323 0.0000000
v 148.1151368 832.6894774 0.0000000
v 143.7807535 844.8421497 0.0000000
v 140.0192960 841.5508333 0.0000000
v 151.6828647 835.8112783 0.0000000
v 154.4686819 838.2488988 0.0000000
v 149.7589165 849.3618993 0.0000000
v 147.5422109 848.1334662 0.0000000
v 154.5100073 850.7964820 0.0000000
v 161.0009256 840.1111968 0.0000000
v 159.5280907 852.1376976 0.0000000
v 154.6986590 850.8500968 0.0000000
v 167.5088845 850.7125155 0.0000000
v 162.7546771 852.0999548 0.0000000
v 175.5864290 846.6988367 0.0000000
v 172.4464943 849.0972664 0.0000000
v 166.7202360 838.3461054 0.0000000
v 174.2195527 848.1639307 0.0000000
v 168.2178214 836.0750398 0.0000000
v 178.4261696 842.3840385 0.0000000
v 178.3005601 842.5828979 0.0000000
v 173.3286481 827.6212278 0.0000000
v 183.5978517 833.8295655 0.0000000
v 181.0120107 838.1068020 0.0000000
v 181.0861713 814.7895183 0.0000000
v 191.3553749 820.9978560 0.0000000
v 188.7695338 825.2750925 0.0000000
v 188.8436944 801.9578088 0.0000000
v 201.6987392 803.8889100 0.0000000
v 199.1128981 808.1661465 0.0000000
v 196.6012176 789.1260993 0.0000000
v 206.8704213 795.3344370 0.0000000
v 204.2845802 799.6116735 0.0000000
v 206.9445819 772.0171534 0.0000000
v 217.2137855 778.2254910 0.0000000
v 214.6279445 782.5027275 0.0000000
v 212.1162640 763.4626804 0.0000000
v 224.9713087 765.3937815 0.0000000
v 222.3854677 769.6710180 0.0000000
v 222.4596283 746.3537344 0.0000000
v 232.7288319 752.5620721 0.0000000
v 230.1429908 756.8393086 0.0000000
v 225.0454693 742.0764979 0.0000000
v 237.9005140 744.0075991 0.0000000
v 235.3146730 748.2848356 0.0000000
v 232.8029925 729.2447884 0.0000000
v 243.0721962 735.4531261 0.0000000
v 240.4863551 739.7303626 0.0000000
v 240.6772568 716.4135686 0.0000000
v 253.5121824 718.4741539 0.0000000
v 250.8833571 722.7251071 0.0000000
v 251.1925582 699.4097557 0.0000000
v 264.0274838 701.4703410 0.0000000
v 261.3986584 705.7212942 0.0000000
v 264.3366849 678.1549896 0.0000000
v 274.5427852 684.4665281 0.0000000
v 271.9139598 688.7174813 0.0000000
v 269.5943356 669.6530831 0.0000000
v 282.4292612 671.7136684 0.0000000
v 279.8004359 675.9646216 0.0000000
v 274.8519863 661.1511767 0.0000000
v 285.0580865 667.4627152 0.0000000
v 277.4808117 656.9002234 0.0000000
v 290.3157372 658.9608087 0.0000000
v 287.6869119 663.2117619 0.0000000
v 287.9961131 639.8964105 0.0000000
v 298.2022133 646.2079490 0.0000000
v 295.5733879 650.4589022 0.0000000
v 293.2537637 631.3945041 0.0000000
v 306.0886893 633.4550893 0.0000000
v 303.4598640 637.7060426 0.0000000
v 298.4831024 622.9383797 0.0000000
v 308.7733128 629.1120712 0.0000000
v 308.7175147 629.2041361 0.0000000
v 311.3253511 624.8147969 0.0000000
v 301.0012986 618.6980907 0.0000000
v 311.3380185 624.7933655 0.0000000
v 303.5292676 614.4008329 0.0000000
v 316.4065795 616.1773924 0.0000000
v 313.8722990 620.4853789 0.0000000
v 311.1321091 601.4768731 0.0000000
v 324.0094210 603.2534326 0.0000000
v 321.4751405 607.5614192 0.0000000
v 243.3060822 712.1626154 0.0000000
v 256.1410077 714.2232007 0.0000000
v 323.8035115 579.9369402 0.0000000
v 334.1465430 586.0214862 0.0000000
v 331.6122625 590.3294728 0.0000000
v 326.3377920 575.6289536 0.0000000
v 339.2151039 577.4055131 0.0000000
v 336.6808234 581.7134996 0.0000000
v 331.4063530 567.0129804 0.0000000
v 344.2836649 568.7895399 0.0000000
v 341.7493844 573.0975265 0.0000000
v 336.4749140 558.3970072 0.0000000
v 349.3522259 560.1735667 0.0000000
v 346.8179454 564.4815533 0.0000000
v 344.0777554 545.4730475 0.0000000
v 356.9550674 547.2496069 0.0000000
v 354.4207869 551.5575935 0.0000000
v 351.6805969 532.5490877 0.0000000
v 364.5579088 534.3256472 0.0000000
v 362.0236284 538.6336338 0.0000000
v 356.7491579 523.9331145 0.0000000
v 369.6264698 525.7096740 0.0000000
v 367.0921893 530.0176606 0.0000000
v 364.3519994 511.0091548 0.0000000
v 374.6950308 517.0937008 0.0000000
v 372.1607503 521.4016874 0.0000000
v 369.4205603 502.3931816 0.0000000
v 379.7635918 508.4777277 0.0000000
v 377.2293113 512.7857142 0.0000000
v 379.5576823 485.1612353 0.0000000
v 389.9007137 491.2457813 0.0000000
v 387.3664333 495.5537679 0.0000000
v 382.0919628 480.8532487 0.0000000
v 394.9692747 482.6298081 0.0000000
v 392.4349942 486.9377947 0.0000000
v 394.7633653 459.3133157 0.0000000
v 407.6406772 461.0898752 0.0000000
v 405.1063967 465.3978618 0.0000000
v 399.6233317 451.0519293 0.0000000
v 412.4557342 451.4547090 0.0000000
v 410.5417974 456.0475625 0.0000000
v 402.6761475 443.0022248 0.0000000
v 414.2110596 446.3568612 0.0000000
v 412.5951541 451.0865732 0.0000000
v 414.4704805 445.2829024 0.0000000
v 415.0218113 432.9179364 0.0000000
v 415.2449480 434.5390010 0.0000000
v 403.2449480 435.3648905 0.0000000
v 413.7077207 428.2350126 0.0000000
v 402.3144028 432.0487780 0.0000000
v 413.2779812 427.1342640 0.0000000
v 400.3422695 428.1744338 0.0000000
v 410.9579572 422.5788618 0.0000000
v 411.0106508 422.6799920 0.0000000
v 398.2435805 424.2383427 0.0000000
v 408.1021818 417.3803766 0.0000000
v 408.6099039 418.1750880 0.0000000
v 395.5151795 420.6282528 0.0000000
v 402.0750096 409.4055100 0.0000000
v 405.0885957 413.3929433 0.0000000
v 386.4744211 408.6659527 0.0000000
v 393.0342512 397.4432099 0.0000000
v 396.0478373 401.4306433 0.0000000
v 377.9663205 377.5060432 0.0000000
v 380.9799067 381.4934765 0.0000000
v 368.3929044 384.7413526 0.0000000
v 371.9391483 369.5311765 0.0000000
v 374.9527344 373.5186098 0.0000000
v 365.3793182 380.7539193 0.0000000
v 362.3657321 376.7664860 0.0000000
v 359.6506408 373.1740068 0.0000000
v 364.7559430 361.4771005 0.0000000
v 368.2678741 364.8081011 0.0000000
v 357.3439022 370.9861085 0.0000000
v 362.8249940 360.2475231 0.0000000
v 349.6790514 367.9683284 0.0000000
v 352.3888253 356.2632678 0.0000000
v 353.5236795 356.5854398 0.0000000
v 340.8612501 354.4328846 0.0000000
v 342.5467455 354.4944132 0.0000000
v 341.2662105 366.4562581 0.0000000
v 336.0191728 354.9408779 0.0000000
v 333.6016289 368.0720595 0.0000000
v 330.4184212 369.0642262 0.0000000
v 330.0687819 356.6038176 0.0000000
v 322.6907098 359.7441944 0.0000000
v 325.3139709 358.0858336 0.0000000
v 319.3004415 363.4167149 0.0000000
v 324.7429087 375.2122457 0.0000000
v 315.8795144 367.1226996 0.0000000
v 315.9101731 367.0892354 0.0000000
v 321.9311102 378.3047465 0.0000000
v 311.6262747 372.1050942 0.0000000
v 312.5204729 370.8170747 0.0000000
v 320.0038885 382.0447579 0.0000000
v 307.0473884 380.9909878 0.0000000
v 309.3368316 376.5480410 0.0000000
v 313.1355591 395.3735982 0.0000000
v 300.1790590 394.3198282 0.0000000
v 302.4685021 389.8768814 0.0000000
v 308.5566728 404.2594918 0.0000000
v 295.6001727 403.2057218 0.0000000
v 297.8896159 398.7627750 0.0000000
v 303.9777865 413.1453854 0.0000000
v 291.0212864 412.0916153 0.0000000
v 293.3107296 407.6486685 0.0000000
v 297.1094571 426.4742257 0.0000000
v 286.4424002 420.9775089 0.0000000
v 288.7318433 416.5345621 0.0000000
v 292.5305708 435.3601193 0.0000000
v 279.5740707 434.3063493 0.0000000
v 281.8635139 429.8634025 0.0000000
v 287.9516846 444.2460129 0.0000000
v 274.9951845 443.1922428 0.0000000
v 277.2846276 438.7492961 0.0000000
v 273.5112842 466.5864359 0.0000000
v 270.0148548 470.1413988 0.0000000
v 261.6703621 461.5123822 0.0000000
v 253.0582142 482.9029617 0.0000000
v 242.6192501 475.4131613 0.0000000
v 246.4509019 472.8858053 0.0000000
v 175.9795665 486.9814064 0.0000000
v 176.3319248 474.0572015 0.0000000
v 180.7480587 475.9695272 0.0000000
v 157.4071313 477.1202611 0.0000000
v 160.3949941 464.6911290 0.0000000
v 163.9307400 467.0471702 0.0000000
v 140.3217961 439.1904981 0.0000000
v 142.7381968 443.0595631 0.0000000
v 132.6012070 449.4819809 0.0000000
v 114.8757494 385.2939180 0.0000000
v 116.9930798 389.8011811 0.0000000
v 106.1344879 394.9091182 0.0000000
v 104.0093761 390.3852907 0.0000000
v 103.9992510 390.3636246 0.0000000
v 108.5595731 371.7079178 0.0000000
v 110.6666455 376.2401989 0.0000000
v 99.7851061 381.2990625 0.0000000
v 97.6780337 376.7667814 0.0000000
v 95.5709613 372.2345003 0.0000000
v 106.4525007 367.1756368 0.0000000
v 93.2540154 344.3113340 0.0000000
v 96.4883622 348.1218886 0.0000000
v 87.1279077 355.6377998 0.0000000
v 84.1052668 352.0766672 0.0000000
v 90.0196685 340.5007794 0.0000000
v 80.8709200 348.2661125 0.0000000
v 82.8361763 332.1684631 0.0000000
v 83.5509748 332.8796701 0.0000000
v 74.7296386 341.0307451 0.0000000
v 79.0137615 328.9570340 0.0000000
v 71.3258267 338.1710082 0.0000000
v 78.9509744 328.9050067 0.0000000
v 45.9300215 305.1832549 0.0000000
v 54.4006652 310.4911264 0.0000000
v 39.6608542 315.4161537 0.0000000
v 52.2539182 323.3072147 0.0000000
v 48.0288392 320.6596972 0.0000000
v 41.3982165 302.5865772 0.0000000
v 45.7221911 305.0587954 0.0000000
v 35.8894623 313.2598729 0.0000000
v 40.4663245 302.1550116 0.0000000
v 20.8925386 295.1124082 0.0000000
v 21.6723122 295.3369239 0.0000000
v 17.9622094 306.7562281 0.0000000
v 16.0127624 294.0586973 0.0000000
v 13.5309105 305.7993588 0.0000000
v 11.0074834 293.0677059 0.0000000
v 15.9106144 294.0375677 0.0000000
v 0.4534837 291.0284140 0.0000000
v 1.2012213 291.1279823 0.0000000
v -0.7565838 302.9732269 0.0000000
v -4.5108091 290.6829497 0.0000000
v -26.0349398 290.7729997 0.0000000
v -24.9198697 290.6684741 0.0000000
v -24.3574355 302.6684741 0.0000000
v -30.9396932 291.7006848 0.0000000
v -40.8161344 293.7087460 0.0000000
v -35.9182687 292.7126350 0.0000000
v -38.4245747 305.4680165 0.0000000
v -46.4335391 294.8984080 0.0000000
v -45.7140002 294.7048570 0.0000000
v -42.9566503 306.3897343 0.0000000
v -51.1611065 296.4908569 0.0000000
v -47.2429163 307.8335339 0.0000000
v -56.0205277 298.2930997 0.0000000
v -51.3352621 296.5525215 0.0000000
v -60.9822007 312.9376842 0.0000000
v -65.1191923 314.8722130 0.0000000
v -70.3599856 304.0757142 0.0000000
v -75.0680267 306.6083004 0.0000000
v -70.6708130 304.2322032 0.0000000
v -84.3828255 311.6768118 0.0000000
v -83.8624540 311.3604948 0.0000000
v -77.8894674 321.7728136 0.0000000
v -81.3091008 324.0970493 0.0000000
v -92.8714296 318.5825196 0.0000000
v -89.2770891 315.1094745 0.0000000
v -88.4806312 314.4619836 0.0000000
v -88.1273468 330.6852055 0.0000000
v -96.4657700 322.0555648 0.0000000
v -95.0911033 337.4139618 0.0000000
v -107.2940001 333.2861906 0.0000000
v -104.0804836 329.4585316 0.0000000
v -98.1007973 340.9988452 0.0000000
v -107.2994242 333.2926606 0.0000000
v -107.5865153 352.3297393 0.0000000
v -120.1097872 349.1693791 0.0000000
v -117.1859186 345.1257972 0.0000000
v -110.3044301 356.0884960 0.0000000
v -120.2669300 349.3976215 0.0000000
v -112.9670290 360.1536789 0.0000000
v -125.7439987 357.7598594 0.0000000
v -123.0054644 353.5787404 0.0000000
v -123.6456459 376.7194179 0.0000000
v -133.9281594 370.5323427 0.0000000
v -131.3169920 366.2734353 0.0000000
v -134.0297517 370.7044092 0.0000000
v -131.0036764 389.6695035 0.0000000
v -135.9419390 398.3608133 0.0000000
v -141.4371456 383.7413739 0.0000000
v -148.8445396 396.7783386 0.0000000
v -146.3754082 392.4326837 0.0000000
v -140.8802017 407.0521231 0.0000000
v -153.7828022 405.4696484 0.0000000
v -151.3136709 401.1239935 0.0000000
v -148.2875956 420.0890879 0.0000000
v -161.1901961 418.5066132 0.0000000
v -158.7210648 414.1609583 0.0000000
v -158.1641209 437.4717075 0.0000000
v -168.5975901 431.5435779 0.0000000
v -166.1284587 427.1979230 0.0000000
v -171.0667214 435.8892328 0.0000000
v -177.9784830 472.2199795 0.0000000
v -188.3964873 466.2647142 0.0000000
v -183.4356200 457.5862869 0.0000000
v -180.4589166 476.5591932 0.0000000
v -193.3573546 474.9431414 0.0000000
v -190.8769210 470.6039278 0.0000000
v -187.9002176 489.5768341 0.0000000
v -198.3182219 483.6215687 0.0000000
v -195.8377883 479.2823551 0.0000000
v -200.7368941 511.5514230 0.0000000
v -203.5468668 515.6848695 0.0000000
v -210.7173970 504.8881152 0.0000000
v -206.3568395 519.8183159 0.0000000
v -221.9007635 521.3387541 0.0000000
v -216.2808181 513.0718613 0.0000000
v -242.4821996 562.2556783 0.0000000
v -254.6526887 557.6978923 0.0000000
v -251.2371222 554.0488881 0.0000000
v -239.0933607 558.6562597 0.0000000
v -251.2251837 554.0361708 0.0000000
v -247.7990991 550.3971920 0.0000000
v -252.9271785 573.4041670 0.0000000
v -264.6981807 568.1020252 0.0000000
v -261.3842263 564.8894983 0.0000000
v -275.9360014 577.4526829 0.0000000
v -272.2072562 574.3501045 0.0000000
v -264.5319210 583.5744868 0.0000000
v -277.0371595 592.9233328 0.0000000
v -281.1980936 595.6924397 0.0000000
v -287.8464338 585.7024661 0.0000000
v -307.7613150 592.6548293 0.0000000
v -303.8600248 591.9310038 0.0000000
v -301.6709643 603.7296484 0.0000000
v -318.4460721 580.5416632 0.0000000
v -330.3828288 579.1704392 0.0000000
v -306.5852298 604.6414162 0.0000000
v -308.6158520 604.6686217 0.0000000
v -295.0894221 590.3037508 0.0000000
v -291.8424333 601.9061127 0.0000000
v -296.7566988 602.8178805 0.0000000
v -289.8607069 601.1581635 0.0000000
v -291.8853218 588.3903512 0.0000000
v -285.3590277 598.4615467 0.0000000
v -285.6069412 598.6179330 0.0000000
v -279.6686391 580.2601333 0.0000000
v -272.8762254 590.1542258 0.0000000
v -268.6050944 586.9542371 0.0000000
v -272.5938445 589.9543187 0.0000000
v -268.3739779 586.7713485 0.0000000
v -256.5092729 576.8766272 0.0000000
v -256.8478072 577.1807634 0.0000000
v -252.7229391 573.1963235 0.0000000
v -221.7039405 540.7399732 0.0000000
v -221.7196755 540.7562461 0.0000000
v -230.3384923 532.4066279 0.0000000
v -218.2375177 537.1414713 0.0000000
v -227.2338761 529.1837184 0.0000000
v -217.5967303 536.3521016 0.0000000
v -233.8117002 535.9850552 0.0000000
v -225.2007662 544.3427950 0.0000000
v -197.9587340 507.1611425 0.0000000
v -200.6266630 511.3832823 0.0000000
v -208.1740817 500.8631832 0.0000000
v -197.8219522 506.9336886 0.0000000
v -195.3415186 502.5944749 0.0000000
v -203.2790892 492.2999960 0.0000000
v -190.3806512 493.9160477 0.0000000
v -192.8610849 498.2552613 0.0000000
v -185.4197839 485.2376204 0.0000000
v -182.9393503 480.8984068 0.0000000
v -178.4757581 448.9096185 0.0000000
v -165.5772375 450.5187217 0.0000000
v -168.0567483 454.8631250 0.0000000
v -176.0021275 444.5755152 0.0000000
v -165.5715148 450.5086722 0.0000000
v -160.6332522 441.8173624 0.0000000
v -163.6593274 422.8522681 0.0000000
v -150.7567269 424.4347428 0.0000000
v -153.2258582 428.7803977 0.0000000
v -138.4110704 402.7064682 0.0000000
v -138.9680143 379.3957190 0.0000000
v -136.4988830 375.0500641 0.0000000
v -126.0654138 380.9781937 0.0000000
v -115.7055633 364.3347979 0.0000000
v -84.5330064 327.2121603 0.0000000
v -79.4652403 308.9843976 0.0000000
v -73.7604760 319.5416541 0.0000000
v -65.8431392 301.9635587 0.0000000
v -65.3910588 301.7742562 0.0000000
v -60.7057932 300.0336780 0.0000000
v -51.8415788 309.5419391 0.0000000
v -28.6691437 303.4839906 0.0000000
v 8.6789453 304.8396178 0.0000000
v 3.7758142 303.8697560 0.0000000
v 31.0693184 298.7459677 0.0000000
v 31.6754402 311.7311109 0.0000000
v 26.9769371 310.0265890 0.0000000
v 63.6171213 331.8711912 0.0000000
v 56.1591268 325.7762637 0.0000000
v 71.2106987 322.5793893 0.0000000
v 104.3454283 362.6433557 0.0000000
v 93.4638889 367.7022192 0.0000000
v 112.5439393 408.4786244 0.0000000
v 110.4092576 403.9592815 0.0000000
v 121.2597338 398.8341310 0.0000000
v 116.8133026 417.5173102 0.0000000
v 114.6786209 412.9979673 0.0000000
v 127.6637787 412.3921597 0.0000000
v 123.3944154 403.3534739 0.0000000
v 125.5290971 407.8728168 0.0000000
v 123.2173475 431.0753389 0.0000000
v 121.0826658 426.5559960 0.0000000
v 131.9331420 421.4308456 0.0000000
v 125.3520291 435.5946818 0.0000000
v 136.2025053 430.4695314 0.0000000
v 138.3371869 434.9888743 0.0000000
v 127.4867108 440.1140247 0.0000000
v 129.6213924 444.6333676 0.0000000
v 129.9575976 445.2491166 0.0000000
v 148.2080077 451.3337526 0.0000000
v 150.6414005 455.0147488 0.0000000
v 138.1976177 457.9513120 0.0000000
v 153.7021685 458.1169513 0.0000000
v 157.2343170 461.5864832 0.0000000
v 148.8252565 470.1473069 0.0000000
v 145.1930414 466.5784503 0.0000000
v 145.2595791 466.6448405 0.0000000
v 153.2683607 474.3623948 0.0000000
v 152.3909339 473.6497732 0.0000000
v 161.9712052 479.8376901 0.0000000
v 157.6726987 477.2873630 0.0000000
v 172.2251783 471.9683051 0.0000000
v 171.0570183 484.8372691 0.0000000
v 166.6110226 482.5758136 0.0000000
v 171.3929974 484.9952768 0.0000000
v 193.6129186 481.5404188 0.0000000
v 191.6056251 493.4114625 0.0000000
v 189.7392735 492.9397951 0.0000000
v 196.5791149 493.8423612 0.0000000
v 197.5927736 481.8852298 0.0000000
v 201.6059252 494.2405682 0.0000000
v 196.6233890 493.8460319 0.0000000
v 207.5197147 482.6712829 0.0000000
v 206.6204430 494.6375508 0.0000000
v 206.5884614 494.6351044 0.0000000
v 227.5258512 493.6213452 0.0000000
v 217.5717011 494.5379687 0.0000000
v 225.9082386 481.7195324 0.0000000
v 233.8924943 491.9586995 0.0000000
v 233.3275106 492.1422155 0.0000000
v 229.9028615 480.6374245 0.0000000
v 238.5638801 490.1812067 0.0000000
v 234.2963034 478.9656912 0.0000000
v 238.7328527 477.2775552 0.0000000
v 248.8859582 485.6549801 0.0000000
v 248.1774702 486.0561248 0.0000000
v 250.5818963 470.1610030 0.0000000
v 257.3125395 480.0958349 0.0000000
v 257.2304703 480.1509433 0.0000000
v 269.5726022 470.5481493 0.0000000
v 264.8560672 458.2733455 0.0000000
v 268.0217053 454.7336254 0.0000000
v 277.0378135 462.6533003 0.0000000
v 277.1776309 462.4912334 0.0000000
v 280.3620211 458.6641585 0.0000000
v 270.7173121 451.4939817 0.0000000
v 281.0833551 457.5748532 0.0000000
v 285.6622414 448.6889597 0.0000000
v 283.3727983 453.1319065 0.0000000
v 290.2411277 439.8030661 0.0000000
v 284.1529570 425.4204557 0.0000000
v 294.8200140 430.9171725 0.0000000
v 306.2672297 408.7024386 0.0000000
v 304.7579453 385.4339346 0.0000000
v 315.4250022 390.9306514 0.0000000
v 317.7144454 386.4877046 0.0000000
v 328.1177843 371.5563994 0.0000000
v 358.1743368 358.4164815 0.0000000
v 383.9934928 385.4809099 0.0000000
v 374.4200766 392.7162193 0.0000000
v 387.0070789 389.4683432 0.0000000
v 390.0206650 393.4557766 0.0000000
v 380.4472489 400.6910860 0.0000000
v 392.5015934 416.6408194 0.0000000
v 397.2976457 455.0053291 0.0000000
v 400.0378357 474.0138350 0.0000000
v 387.1605238 472.2372755 0.0000000
v 389.6948043 467.9292889 0.0000000
v 384.6262433 476.5452621 0.0000000
v 374.4891213 493.7772084 0.0000000
v 377.0234018 489.4692218 0.0000000
v 382.2978723 504.1697411 0.0000000
v 371.9548408 498.0851950 0.0000000
v 361.8177189 515.3171414 0.0000000
v 359.2834384 519.6251280 0.0000000
v 354.2148774 528.2411011 0.0000000
v 346.6120359 541.1650609 0.0000000
v 339.0091945 554.0890207 0.0000000
v 333.9406335 562.7049938 0.0000000
v 328.8720725 571.3209670 0.0000000
v 318.7349505 588.5529134 0.0000000
v 321.2692310 584.2449268 0.0000000
v 313.6663896 597.1688865 0.0000000
v 306.0635481 610.0928463 0.0000000
v 300.8310386 641.9569958 0.0000000
v 290.6249384 635.6454573 0.0000000
v 282.7384624 648.3983170 0.0000000
v 285.3672877 644.1473637 0.0000000
v 266.9655103 673.9040363 0.0000000
v 227.5571498 761.1165450 0.0000000
v 217.2879461 754.9082074 0.0000000
v 219.8737872 750.6309709 0.0000000
v 248.2548200 726.9755941 0.0000000
v 238.0484315 720.6645218 0.0000000
v 245.6426750 731.2013002 0.0000000
v 235.4198088 724.9168840 0.0000000
v 235.3888336 724.9675519 0.0000000
v 245.9349075 707.9116622 0.0000000
v 266.6563091 697.2193878 0.0000000
v 253.8213836 695.1588025 0.0000000
v 256.4502089 690.9078493 0.0000000
v 209.5304229 767.7399169 0.0000000
v 219.7996266 773.9482545 0.0000000
v 209.4562623 791.0572005 0.0000000
v 199.1870587 784.8488629 0.0000000
v 191.4295355 797.6805723 0.0000000
v 196.5270570 812.4433830 0.0000000
v 183.6720123 810.5122818 0.0000000
v 186.2578534 806.2350453 0.0000000
v 193.9412160 816.7206195 0.0000000
v 186.1836928 829.5523290 0.0000000
v 175.9144891 823.3439913 0.0000000
v 125.9829743 825.9217843 0.0000000
v 122.8399216 822.0355849 0.0000000
v 120.1571643 802.9825386 0.0000000
v 124.3145503 805.7569697 0.0000000
v 117.0702058 815.3492118 0.0000000
v 113.4960414 812.9639936 0.0000000
v 110.0257824 810.6481165 0.0000000
v 115.9997783 800.2081076 0.0000000
v 103.6532681 796.1993844 0.0000000
v 104.9231912 796.4459355 0.0000000
v 102.0011366 808.1029030 0.0000000
v 97.2943905 795.8576036 0.0000000
v 98.8082751 795.7926743 0.0000000
v 98.5655474 807.8145044 0.0000000
v 94.3918301 808.5286915 0.0000000
v 92.3678634 796.7006081 0.0000000
v 91.0849798 809.0945444 0.0000000
v 80.7846884 802.0988075 0.0000000
v 84.5692119 798.8845035 0.0000000
v 88.6079014 811.1983979 0.0000000
v 80.6758325 802.1935387 0.0000000
v 72.9087732 809.1386618 0.0000000
v 73.2145881 808.8459922 0.0000000
v 81.3585880 817.6618935 0.0000000
v 55.8976097 828.1970826 0.0000000
v 65.5946270 835.2829573 0.0000000
v 63.4007047 839.2192850 0.0000000
v 61.0270812 843.4780322 0.0000000
v 52.9188236 833.3771820 0.0000000
v 48.1227774 842.4108676 0.0000000
v 50.3705926 837.9594928 0.0000000
v 58.9857811 847.5204428 0.0000000
v 47.8545998 843.0249549 0.0000000
v 55.7892907 856.1200386 0.0000000
v 43.1495203 858.2052096 0.0000000
v 44.1085566 853.3277489 0.0000000
v 43.0848431 858.6049817 0.0000000
v 41.2703248 873.5916016 0.0000000
v 41.8093404 868.6308863 0.0000000
v 41.2499470 874.6599059 0.0000000
v 54.2512130 888.5018480 0.0000000
v 42.3638389 890.1651257 0.0000000
v 42.2999997 889.6174900 0.0000000
v 43.1693909 895.0937807 0.0000000
v 48.1904556 915.4296828 0.0000000
v 46.5690724 910.7018458 0.0000000
v 57.9714436 906.9587242 0.0000000
v 59.5415045 911.5369088 0.0000000
v 60.9935071 915.7708439 0.0000000
v 50.2333698 921.1086405 0.0000000
v 49.8118389 920.1575197 0.0000000
v 62.9148871 919.2548442 0.0000000
v 52.6168140 925.4304929 0.0000000
v 53.0893133 926.1575281 0.0000000
v 65.6716262 922.8915322 0.0000000
v 56.1086376 930.1406183 0.0000000
v 71.6732197 930.8088296 0.0000000
v 62.1472861 938.1067986 0.0000000
v 77.6469957 936.7112361 0.0000000
v 81.5980021 939.7724246 0.0000000
v 74.2484043 949.2583833 0.0000000
v 79.2061316 952.9507305 0.0000000
v 78.1994107 952.3195718 0.0000000
v 85.0770502 942.4679460 0.0000000
v 83.9147276 955.2811608 0.0000000
v 83.6622545 955.1630449 0.0000000
v 88.8735460 944.3527778 0.0000000
v 88.4898962 957.2934129 0.0000000
v 98.6627428 961.6616964 0.0000000
v 97.6402334 961.3179170 0.0000000
v 101.9757034 950.1153728 0.0000000
v 103.5141743 962.8197616 0.0000000
v 103.6491653 962.8503434 0.0000000
v 120.5186597 954.1951968 0.0000000
v 123.8997124 966.6246660 0.0000000
v 118.9309886 966.0938682 0.0000000
v 125.1614579 954.6911767 0.0000000
v 123.9255886 966.6273736 0.0000000
v 134.6708507 955.6653575 0.0000000
v 134.7154642 967.6727663 0.0000000
v 133.8698081 967.6460998 0.0000000
v 139.7045157 967.4778851 0.0000000
v 139.1913390 955.4887792 0.0000000
v 144.7849210 967.2040289 0.0000000
v 139.7940700 967.4737166 0.0000000
v 154.9504255 966.4767369 0.0000000
v 149.9847633 966.9193842 0.0000000
v 155.8162108 966.3351697 0.0000000
v 165.5371368 964.0051692 0.0000000
v 176.6505568 948.8210601 0.0000000
v 185.6205739 958.0253544 0.0000000
v 181.0293268 960.0006458 0.0000000
v 180.2845174 960.2644465 0.0000000
v 195.2016136 953.8856514 0.0000000
v 194.8030682 954.0747718 0.0000000
v 189.8578462 943.1388906 0.0000000
v 199.6322507 951.5799598 0.0000000
v 194.0426041 940.9611539 0.0000000
v 198.3825189 938.5978396 0.0000000
v 204.1214218 949.1365774 0.0000000
v 202.7224231 936.2345311 0.0000000
v 208.6095976 946.6913167 0.0000000
v 208.5109222 946.7462610 0.0000000
v 206.3899119 934.1469427 0.0000000
v 214.0794639 943.3868359 0.0000000
v 212.9436560 944.2243072 0.0000000
v 221.3716610 936.5494997 0.0000000
v 236.6921688 922.0438478 0.0000000
v 235.9560551 922.8748272 0.0000000
v 227.3415258 914.5022145 0.0000000
v 239.6420755 918.0173964 0.0000000
v 239.6928660 917.9470079 0.0000000
v 254.1832053 897.5561356 0.0000000
v 254.1690620 897.5761243 0.0000000
v 244.3802919 890.6349335 0.0000000
v 257.0615870 893.4704703 0.0000000
v 257.1800140 893.2959343 0.0000000
v 265.3796015 880.7421023 0.0000000
v 268.1127973 876.5574916 0.0000000
v 276.3123849 864.0036595 0.0000000
v 273.5791890 868.1882702 0.0000000
v 281.7787765 855.6344382 0.0000000
v 287.2451682 847.2652168 0.0000000
v 295.4447557 834.7113848 0.0000000
v 293.5975246 815.5954314 0.0000000
v 303.6443432 822.1575527 0.0000000
v 300.9111474 826.3421634 0.0000000
v 306.3775391 817.9729420 0.0000000
v 311.8439307 809.6037207 0.0000000
v 317.3103224 801.2344993 0.0000000
v 322.7767141 792.8652779 0.0000000
v 318.1962871 777.9339353 0.0000000
v 330.9763016 780.3114459 0.0000000
v 328.2431058 784.4960566 0.0000000
v 336.4426933 771.9422245 0.0000000
v 350.1086724 751.0191711 0.0000000
v 347.3754766 755.2037818 0.0000000
v 355.5750641 742.6499498 0.0000000
v 350.9946372 727.7186071 0.0000000
v 361.0414558 734.2807284 0.0000000
v 366.5078475 725.9115070 0.0000000
v 359.1942247 715.1647751 0.0000000
v 371.9742391 717.5422857 0.0000000
v 369.2410433 721.7268964 0.0000000
v 364.6606164 706.7955537 0.0000000
v 377.4406308 709.1730643 0.0000000
v 374.7074350 713.3576750 0.0000000
v 370.1270080 698.4263323 0.0000000
v 380.1738267 704.9884536 0.0000000
v 385.6402183 696.6192323 0.0000000
v 391.1066100 688.2500109 0.0000000
v 386.5261831 673.3186682 0.0000000
v 399.3061975 675.6961788 0.0000000
v 396.5730017 679.8807895 0.0000000
v 394.7257706 660.7648362 0.0000000
v 404.7725892 667.3269575 0.0000000
v 402.0393934 671.5115682 0.0000000
v 400.1921622 652.3956148 0.0000000
v 410.2389809 658.9577361 0.0000000
v 407.5057850 663.1423468 0.0000000
v 415.7053725 650.5885148 0.0000000
v 421.1717642 642.2192934 0.0000000
v 418.4385684 646.4039041 0.0000000
v 426.6381559 633.8500720 0.0000000
v 424.7909248 614.7341187 0.0000000
v 434.8377434 621.2962400 0.0000000
v 432.1045476 625.4808507 0.0000000
v 430.2573165 606.3648973 0.0000000
v 440.3041351 612.9270186 0.0000000
v 437.5709392 617.1116293 0.0000000
v 445.7705267 604.5577973 0.0000000
v 441.1900998 589.6264546 0.0000000
v 451.2369184 596.1885759 0.0000000
v 456.7033101 587.8193545 0.0000000
v 453.9701143 592.0039652 0.0000000
v 452.1228831 572.8880119 0.0000000
v 462.1697018 579.4501332 0.0000000
v 467.6360934 571.0809118 0.0000000
v 489.6618144 537.7540130 0.0000000
v 498.9702188 501.9568262 0.0000000
v 511.7351970 504.4137874 0.0000000
v 508.9760242 508.5813156 0.0000000
v 522.7718883 487.7436745 0.0000000
v 528.2902340 479.4086181 0.0000000
v 547.6044438 450.2359207 0.0000000
v 545.8761569 431.1088467 0.0000000
v 558.6411351 433.5658079 0.0000000
v 555.8819622 437.7333361 0.0000000
v 569.6778264 416.8956950 0.0000000
v 583.4736905 396.0580540 0.0000000
v 588.9920362 387.7229976 0.0000000
v 619.3051099 341.8417942 0.0000000
v 635.8135263 316.8058216 0.0000000
v 590.0229221 364.4283954 0.0000000
v 600.0287275 371.0528848 0.0000000
v 597.2695547 375.2204130 0.0000000
v 592.7800537 360.2639504 0.0000000
v 605.5460120 362.7082634 0.0000000
v 602.7919790 366.8791877 0.0000000
v 691.1773735 209.7311205 0.0000000
v 701.2853530 216.1986354 0.0000000
v 698.5915618 220.4087203 0.0000000
v 685.7897910 218.1512903 0.0000000
v 695.8977705 224.6188052 0.0000000
v 683.0959997 222.3613751 0.0000000
v 693.2039793 228.8288901 0.0000000
v 680.4022085 226.5714600 0.0000000
v 690.5101880 233.0389750 0.0000000
v 657.8247482 283.4245247 0.0000000
v 685.1226055 241.4591447 0.0000000
v 682.4288142 245.6692296 0.0000000
v 669.6270434 243.4117995 0.0000000
v 679.7350230 249.8793145 0.0000000
v 661.5515548 255.9736936 0.0000000
v 671.6057791 262.5244994 0.0000000
v 671.5817619 262.5612142 0.0000000
v 674.3265335 258.3319290 0.0000000
v 674.3474405 258.2994842 0.0000000
v 506.2168514 512.7488438 0.0000000
v 492.4209872 533.5864848 0.0000000
v 484.1434687 546.0890694 0.0000000
v 710.0339123 180.2605263 0.0000000
v 722.8356831 182.5179564 0.0000000
v 720.1418918 186.7280413 0.0000000
v 769.6972146 111.7948790 0.0000000
v 766.9160795 115.9477832 0.0000000
v 756.9453848 109.2705646 0.0000000
v 805.8519714 57.8071243 0.0000000
v 804.2612218 38.6267588 0.0000000
v 812.7231811 26.2482621 0.0000000
v 829.6470998 1.4912689 0.0000000
v 839.5535976 8.2633661 0.0000000
v 832.4677529 -2.6348966 0.0000000
v 835.2884060 -6.7610622 0.0000000
v 842.3742507 4.1372005 0.0000000
v 838.1090591 -10.8872277 0.0000000
v 840.9297122 -15.0133933 0.0000000
v 848.0155570 -4.1151306 0.0000000
v 856.4775163 -16.4936272 0.0000000
v 853.6568632 -12.3674616 0.0000000
v 843.7503653 -19.1395588 0.0000000
v 859.2981694 -20.6197927 0.0000000
v 849.3916715 -27.3918899 0.0000000
v 864.9394756 -28.8721238 0.0000000
v 862.1188225 -24.7459583 0.0000000
v 855.0329778 -35.6442210 0.0000000
v 867.7601287 -32.9982893 0.0000000
v 857.8536309 -39.7703865 0.0000000
v 860.6742840 -43.8965521 0.0000000
v 870.5807818 -37.1244549 0.0000000
v 863.4949371 -48.0227176 0.0000000
v 866.3155902 -52.1488831 0.0000000
v 873.4014350 -41.2506204 0.0000000
v 879.0427412 -49.5029515 0.0000000
v 876.2220881 -45.3767860 0.0000000
v 881.8633943 -53.6291171 0.0000000
v 871.9568964 -60.4012142 0.0000000
v 887.5047005 -61.8814481 0.0000000
v 884.6840474 -57.7552826 0.0000000
v 874.7775495 -64.5273798 0.0000000
v 890.3253536 -66.0076137 0.0000000
v 880.4188558 -72.7797109 0.0000000
v 883.2395089 -76.9058764 0.0000000
v 893.1460067 -70.1337792 0.0000000
v 886.0601620 -81.0320419 0.0000000
v 888.7052808 -84.9014288 0.0000000
v 895.9666598 -74.2599448 0.0000000
v 899.1108890 -78.9164421 0.0000000
v 898.7873129 -78.3861103 0.0000000
v 893.6746123 -99.8057194 0.0000000
v 893.3708025 -102.4153414 0.0000000
v 905.6154279 -101.0102572 0.0000000
v 905.6467824 -100.6430552 0.0000000
v 905.9188695 -95.6523343 0.0000000
v 893.8711434 -96.2008735 0.0000000
v 905.0496429 -105.8701553 0.0000000
v 903.3400113 -109.4114780 0.0000000
v 904.4931878 -107.7848552 0.0000000
v 899.8120370 -112.9519191 0.0000000
v 896.2019601 -116.4800232 0.0000000
v 894.0352302 -117.8359300 0.0000000
v 875.4833532 -115.4836552 0.0000000
v 880.1569082 -117.0361544 0.0000000
v 879.6220180 -104.2136989 0.0000000
v 874.7894772 -115.2040133 0.0000000
v 856.4863390 -106.4563298 0.0000000
v 856.7481817 -106.5893240 0.0000000
v 862.0514760 -95.8237936 0.0000000
v 858.1232126 -93.7060644 0.0000000
v 852.1001841 -104.0917509 0.0000000
v 851.4674805 -103.6980906 0.0000000
v 846.2377162 -85.2439895 0.0000000
v 839.2023898 -94.9653651 0.0000000
v 839.2526534 -95.0015434 0.0000000
v 831.1154896 -89.0680345 0.0000000
v 835.1507698 -92.0172446 0.0000000
v 842.2264268 -82.3252315 0.0000000
v 830.8372980 -74.0014145 0.0000000
v 823.0449293 -83.1696143 0.0000000
v 818.7918100 -77.9709407 0.0000000
v 821.8013337 -81.9467431 0.0000000
v 828.3887029 -70.7666401 0.0000000
v 818.7345201 -77.8939858 0.0000000
v 806.9245347 -61.7624806 0.0000000
v 798.0670456 -49.6638517 0.0000000
v 792.1620528 -41.5980991 0.0000000
v 795.9395801 -26.4437073 0.0000000
v 790.0345874 -18.3779547 0.0000000
v 777.3995710 -21.4337176 0.0000000
v 781.1770983 -6.2793258 0.0000000
v 775.2721056 1.7864268 0.0000000
v 771.4945783 -13.3679650 0.0000000
v 763.4621201 17.9179320 0.0000000
v 760.5096237 21.9508083 0.0000000
v 750.8271037 14.8621691 0.0000000
v 751.6521346 34.0494372 0.0000000
v 748.6996383 38.0823135 0.0000000
v 739.0171183 30.9936743 0.0000000
v 733.1121255 39.0594269 0.0000000
v 736.8896528 54.2138187 0.0000000
v 727.2071328 47.1251795 0.0000000
v 709.4921546 71.3224373 0.0000000
v 703.5871619 79.3881899 0.0000000
v 697.6821691 87.4539425 0.0000000
v 695.5547037 110.6740869 0.0000000
v 685.8721837 103.5854477 0.0000000
v 689.6497109 118.7398395 0.0000000
v 677.0146946 115.6840766 0.0000000
v 679.9671909 111.6512003 0.0000000
v 674.0621982 119.7169529 0.0000000
v 671.9347327 142.9370973 0.0000000
v 662.2522127 135.8484581 0.0000000
v 366.1025220 80.7768678 0.0000000
v 346.6509928 76.1574274 0.0000000
v 348.7411752 88.9875663 0.0000000
v 343.8782929 87.8327062 0.0000000
v 339.0154106 86.6778461 0.0000000
v 336.9252283 73.8477072 0.0000000
v 341.7881106 75.0025673 0.0000000
v 334.1525283 85.5229860 0.0000000
v 312.6108168 68.0734067 0.0000000
v 309.8381168 79.7486855 0.0000000
v 278.5706407 59.9893860 0.0000000
v 273.7077584 58.8345259 0.0000000
v 254.2562293 54.2150856 0.0000000
v 259.1191116 55.3699457 0.0000000
v 251.4835293 65.8903644 0.0000000
v 241.7577647 63.5806442 0.0000000
v 236.8948824 62.4257841 0.0000000
v 239.6675824 50.7505053 0.0000000
v 229.9418178 48.4407851 0.0000000
v 225.0789355 47.2859250 0.0000000
v 215.3531709 44.9762048 0.0000000
v 212.5804709 56.6514836 0.0000000
v 207.7175887 55.4966235 0.0000000
v 210.4902886 43.8213447 0.0000000
v 200.7645240 41.5116245 0.0000000
v 205.6274063 42.6664846 0.0000000
v 197.9918241 53.1869033 0.0000000
v 173.6774126 47.4126028 0.0000000
v 181.3129949 36.8921841 0.0000000
v 168.8145303 46.2577427 0.0000000
v 171.5872303 34.5824639 0.0000000
v 156.9985834 31.1178837 0.0000000
v 152.1357011 29.9630236 0.0000000
v 149.3630011 41.6383024 0.0000000
v 132.6841719 25.3435832 0.0000000
v 139.6372365 39.3285822 0.0000000
v 122.9584073 23.0338630 0.0000000
v 127.8212896 24.1887231 0.0000000
v 125.0485897 35.8640019 0.0000000
v 108.3697604 19.5692827 0.0000000
v 113.2326427 20.7241428 0.0000000
v 105.5970605 31.2445615 0.0000000
v 100.7341782 30.0897014 0.0000000
v 91.0084136 27.7799812 0.0000000
v 93.7811136 16.1047024 0.0000000
v 88.9182313 14.9498423 0.0000000
v 86.1455313 26.6251211 0.0000000
v 74.3295844 11.4852620 0.0000000
v 84.0553490 13.7949822 0.0000000
v 81.2826490 25.4702610 0.0000000
v 71.5568844 23.1605408 0.0000000
v 66.6940021 22.0056807 0.0000000
v 64.6038198 9.1755418 0.0000000
v 69.4667021 10.3304019 0.0000000
v 59.7409375 8.0206817 0.0000000
v 61.8311198 20.8508206 0.0000000
v 56.9682375 19.6959605 0.0000000
v 40.2894083 3.4012414 0.0000000
v 37.5167084 15.0765202 0.0000000
v 35.4265260 2.2463813 0.0000000
v 32.6538261 13.9216601 0.0000000
v 27.7909438 12.7668000 0.0000000
v 22.9280615 11.6119399 0.0000000
v 30.5636437 1.0915212 0.0000000
v 20.8378792 -1.2181990 0.0000000
v 25.7007615 -0.0633389 0.0000000
v 15.9749969 -2.3730591 0.0000000
v 13.2022969 9.3022197 0.0000000
v 6.2492323 -4.6827793 0.0000000
v 11.1121146 -3.5279192 0.0000000
v 3.4765323 6.9924995 0.0000000
v -1.3863500 5.8376394 0.0000000
v -1.4595805 5.8197616 0.0000000
v 1.4230214 -5.8289305 0.0000000
v -13.0843886 -9.4673497 0.0000000
v -8.2363989 -8.2514870 0.0000000
v -11.1555598 3.3880362 0.0000000
v -16.0035495 2.1721735 0.0000000
v -20.8515392 0.9563108 0.0000000
v -22.7803680 -11.8990750 0.0000000
v -17.9323783 -10.6832123 0.0000000
v -25.6995289 -0.2595519 0.0000000
v -32.4763473 -14.3308004 0.0000000
v -27.6283576 -13.1149377 0.0000000
v -35.3955082 -2.6912772 0.0000000
v -37.3243370 -15.5466631 0.0000000
v -40.2434979 -3.9071399 0.0000000
v -42.1723267 -16.7625258 0.0000000
v -45.0914876 -5.1230026 0.0000000
v -47.0203164 -17.9783885 0.0000000
v -49.9394773 -6.3388653 0.0000000
v -69.3314360 -11.2023161 0.0000000
v -106.4861755 -30.4753465 0.0000000
v -127.0234462 -30.6853078 0.0000000
v -138.4804968 -28.0313876 0.0000000
v -143.2402490 -26.5062366 0.0000000
v -139.5785189 -15.0785626 0.0000000
v -157.8240159 -20.9655867 0.0000000
v -165.1703245 -3.0230288 0.0000000
v -192.6619516 3.8685703 0.0000000
v -198.6664259 11.8605409 0.0000000
v -199.5980303 39.8604363 0.0000000
v -210.7558968 35.4442742 0.0000000
v -214.7573202 82.8558756 0.0000000
v -211.5911708 98.2771879 0.0000000
v -198.8659232 121.9838178 0.0000000
v -144.4843228 142.2139733 0.0000000
v -166.7648203 141.1025508 0.0000000
v -113.8362993 125.3702286 0.0000000
v -123.9189314 118.8339395 0.0000000
v -120.3625824 108.3280531 0.0000000
v -111.4367887 87.6573250 0.0000000
v -48.2664122 131.9502787 0.0000000
v -146.5836840 252.2857222 0.0000000
v -202.1901371 316.9660077 0.0000000
v -231.0250193 331.5220135 0.0000000
v -225.3302985 343.2075379 0.0000000
v -247.5338898 350.8554750 0.0000000
v -275.4703638 453.6997129 0.0000000
v -277.0795026 458.4317313 0.0000000
v -288.4405907 454.5683550 0.0000000
v -294.8326459 510.5889895 0.0000000
v -319.6952615 544.3576784 0.0000000
v -306.7159768 543.4274700 0.0000000
v -319.6634741 544.2608621 0.0000000
v -330.7023510 584.1583477 0.0000000
v -280.3948967 430.9082629 0.0000000
v -288.3434742 491.5558603 0.0000000
v -301.3137012 492.4245024 0.0000000
v -121.9457926 221.5850127 0.0000000
v -104.8792046 203.3294731 0.0000000
v -131.3816046 232.4506540 0.0000000
v -77.5659301 173.9389148 0.0000000
v -55.6310457 145.2602237 0.0000000
v -77.4055117 173.7513942 0.0000000
v -43.7146003 122.5412746 0.0000000
v -41.6609946 90.0665840 0.0000000
v -48.1972050 64.1103094 0.0000000
v -52.3408988 54.3033530 0.0000000
v -57.0252319 45.4725927 0.0000000
v -57.1551304 45.2403078 0.0000000
v -72.1863260 43.3732207 0.0000000
v -76.6160058 25.9001137 0.0000000
v -87.9907555 23.3352999 0.0000000
v -114.8409547 45.5793514 0.0000000
v -118.6479293 52.4054127 0.0000000
v -129.9758678 48.4422001 0.0000000
v -124.2687008 38.1499156 0.0000000
v -206.5695542 25.9102921 0.0000000
v -195.7407502 31.0810759 0.0000000
v 202.8547064 54.3417634 0.0000000
v 290.3865876 75.1292451 0.0000000
v 298.0221699 64.6088264 0.0000000
v 293.1592876 63.4539663 0.0000000
v 373.0555866 94.7618667 0.0000000
v 375.8282866 83.0865879 0.0000000
v 385.5540512 85.3963081 0.0000000
v 405.0055804 90.0157485 0.0000000
v 411.9586450 104.0007475 0.0000000
v 482.8164795 108.4497784 0.0000000
v 502.2721827 113.0516072 0.0000000
v 553.0132374 137.3844208 0.0000000
v 555.7753665 125.7066367 0.0000000
v 528.6936084 131.6321347 0.0000000
v 572.4689406 141.9862497 0.0000000
v 582.1967922 144.2871642 0.0000000
v 652.4259519 157.0727022 0.0000000
v 663.8933714 152.4206062 0.0000000
v 786.2570601 -33.5323465 0.0000000
v 801.0195419 -53.6967280 0.0000000
v 801.4435471 42.8240973 0.0000000
v 672.3208347 239.2017147 0.0000000
v 797.5085660 70.2658369 0.0000000
v 773.6321957 84.3531394 0.0000000
v 783.6028903 91.0303580 0.0000000
v 688.4835822 213.9412054 0.0000000
v 703.9791443 211.9885506 0.0000000
v 693.8711647 205.5210356 0.0000000
v 736.3235929 161.6297295 0.0000000
v 726.3528983 154.9525109 0.0000000
v 725.5294743 178.3078715 0.0000000
v 712.7277036 176.0504414 0.0000000
v 701.9525385 192.8907810 0.0000000
v 809.9025280 30.3744277 0.0000000
v 668.8303591 266.7338763 0.0000000
v 658.8122278 260.1280421 0.0000000
v 644.0677345 304.2878352 0.0000000
v 630.3107209 325.1511458 0.0000000
v 611.0509017 354.3597805 0.0000000
v 601.0327704 347.7539463 0.0000000
v 391.9925747 664.9494469 0.0000000
v 397.4589664 656.5802255 0.0000000
v 517.2535427 496.0787310 0.0000000
v 507.2477373 489.4542416 0.0000000
v 510.0069101 485.2867134 0.0000000
v 501.7293917 497.7892980 0.0000000
v 504.4885645 493.6217698 0.0000000
v 422.0577289 618.9187294 0.0000000
v 427.5241206 610.5495080 0.0000000
v 485.1743547 522.7944673 0.0000000
v 482.4151819 526.9619955 0.0000000
v 443.9232956 585.4418439 0.0000000
v 473.1072446 562.7584766 0.0000000
v 463.1000379 556.1361043 0.0000000
v 465.8601449 551.9671647 0.0000000
v 587.2637493 368.5959236 0.0000000
v 232.3099565 926.2934953 0.0000000
v 224.1020871 917.5395889 0.0000000
v 115.9394136 953.2131706 0.0000000
v 66.3463916 943.1360064 0.0000000
v 53.9205210 883.7912725 0.0000000
v 157.8848197 839.2803950 0.0000000
v 167.6970541 850.6542327 0.0000000
v 194.0153766 793.4033358 0.0000000
v 204.3587408 776.2943899 0.0000000
v 212.0421034 786.7799640 0.0000000
v 248.5637329 703.6607089 0.0000000
v 258.7698331 709.9722474 0.0000000
v 259.0790342 686.6568960 0.0000000
v 269.2851345 692.9684345 0.0000000
v 277.1716105 680.2155748 0.0000000
v 292.9445626 654.7098555 0.0000000
v 351.8865064 555.8655801 0.0000000
v 359.4893479 542.9416204 0.0000000
v 384.8321528 499.8617545 0.0000000
v 397.5035552 478.3218215 0.0000000
v 392.2290848 463.6213023 0.0000000
v 402.5721162 469.7058484 0.0000000
v 410.1749577 456.7818886 0.0000000
v 401.3032719 447.0205950 0.0000000
v 415.2449480 439.5371332 0.0000000
v 368.9255621 365.5437432 0.0000000
v 347.4663419 355.3769648 0.0000000
v 337.8228621 366.8175075 0.0000000
v 334.9359012 355.1567578 0.0000000
v 106.1398943 394.9205956 0.0000000
v 96.8833997 348.6422722 0.0000000
v 77.6365731 344.4555579 0.0000000
v 86.7853217 336.6902247 0.0000000
v 75.0808366 325.7421980 0.0000000
v 58.6359870 313.1450621 0.0000000
v 35.7678215 300.4504897 0.0000000
v 26.3708153 297.0414458 0.0000000
v -5.1358580 302.6684741 0.0000000
v -4.9273407 290.6684741 0.0000000
v -69.3632623 317.1655568 0.0000000
v -100.0601105 325.5286100 0.0000000
v -103.6544509 329.0016551 0.0000000
v -116.9245121 344.7900350 0.0000000
v -121.1335397 372.6220830 0.0000000
v -131.2210674 366.1220973 0.0000000
v -128.4825330 361.9409784 0.0000000
v -200.7986556 487.9607823 0.0000000
v -205.7595229 496.6392096 0.0000000
v -247.7360633 550.3312509 0.0000000
v -244.2549725 546.7447019 0.0000000
v -313.3546445 603.9201320 0.0000000
v -298.9457593 591.0192360 0.0000000
v -249.3073726 569.5473193 0.0000000
v -260.6898641 580.3776251 0.0000000
v -211.9767849 528.0852088 0.0000000
v -214.7867576 532.2186552 0.0000000
v -170.5371820 459.2023387 0.0000000
v -173.0176156 463.5415523 0.0000000
v -143.3493330 411.3977780 0.0000000
v -128.5345451 385.3238486 0.0000000
v -118.4440977 368.5159168 0.0000000
v 134.0678236 425.9501885 0.0000000
v 141.6880311 463.0259917 0.0000000
v 140.9539041 462.1207498 0.0000000
v 166.2697117 482.3880171 0.0000000
v 228.5444763 493.4378970 0.0000000
v 243.6966457 488.2056791 0.0000000
v 301.6883434 417.5883322 0.0000000
v 310.8461160 399.8165450 0.0000000
v 377.4336627 396.7036527 0.0000000
v 366.8862799 506.7011682 0.0000000
v 349.1463164 536.8570743 0.0000000
v 341.5434750 549.7810341 0.0000000
v 326.5437015 598.9454460 0.0000000
v 316.2006700 592.8608999 0.0000000
v 318.9408600 611.8694058 0.0000000
v 308.5978286 605.7848597 0.0000000
v 272.2231610 665.4021299 0.0000000
v 227.6313104 737.7992614 0.0000000
v 230.2171514 733.5220249 0.0000000
v 214.7021051 759.1854439 0.0000000
v 201.7728998 780.5716264 0.0000000
v 295.8825891 627.1435508 0.0000000
v 125.3755364 806.6593833 0.0000000
v 87.4413362 797.5436125 0.0000000
v 76.9452103 805.5197655 0.0000000
v 55.3521239 829.0113630 0.0000000
v 44.3717806 852.3948682 0.0000000
v 46.1131902 847.7099116 0.0000000
v 53.7331577 869.9820451 0.0000000
v 41.8222820 868.5211928 0.0000000
v 41.9499821 884.6316286 0.0000000
v 68.6909504 926.8746223 0.0000000
v 59.1279619 934.1237084 0.0000000
v 93.0650648 959.3056650 0.0000000
v 118.3102245 965.9944296 0.0000000
v 128.8976983 967.1367367 0.0000000
v 149.0236534 954.9574761 0.0000000
v 149.7757721 966.9343411 0.0000000
v 175.4859661 961.6157898 0.0000000
v 199.7319214 951.5268937 0.0000000
v 389.2593789 669.1340576 0.0000000
v 500.6985057 521.0839002 0.0000000
v 520.0127155 491.9112028 0.0000000
v 539.3269253 462.7385053 0.0000000
v 564.1594807 425.2307514 0.0000000
v 616.5537072 346.0144563 0.0000000
v 624.8079154 333.4964700 0.0000000
v 696.5649560 201.3109507 0.0000000
v 709.3667268 203.5683808 0.0000000
v 706.6729355 207.7784657 0.0000000
v 602.7879003 366.8853565 0.0000000
v 663.3275537 275.0792005 0.0000000
v 759.7265200 105.1176604 0.0000000
v 762.5076551 100.9647562 0.0000000
v 772.4783498 107.6419748 0.0000000
v 819.8090259 37.1465249 0.0000000
v 845.1949039 0.0110350 0.0000000
v 850.8362101 -8.2412961 0.0000000
v 852.2123247 -31.5180554 0.0000000
v 869.1362433 -56.2750487 0.0000000
v 877.5982026 -68.6535453 0.0000000
v 905.5813414 -93.3164567 0.0000000
v 899.7551083 -113.0082912 0.0000000
v 870.2791533 -113.0503410 0.0000000
v 812.8295274 -69.8282332 0.0000000
v 766.4146165 13.8850557 0.0000000
v 756.7320965 6.7964165 0.0000000
v 721.3021401 55.1909321 0.0000000
v 682.9196873 107.6183240 0.0000000
v 668.1572055 127.7827055 0.0000000
v 319.5638814 82.0584057 0.0000000
v 256.3464116 67.0452244 0.0000000
v 176.4501126 35.7373240 0.0000000
v 163.9516480 45.1028826 0.0000000
v 154.2258834 42.7931624 0.0000000
v 129.9114720 37.0188620 0.0000000
v 103.5068782 18.4144226 0.0000000
v 8.3394146 8.1473596 0.0000000
v -30.5475185 -1.4754146 0.0000000
v -66.4122751 -22.8418392 0.0000000
v -153.0367106 -9.9618014 0.0000000
v -188.1746671 -0.3532680 0.0000000
v -214.8268391 82.3062794 0.0000000
v -215.2236185 77.3347565 0.0000000
v -192.4748498 110.7985221 0.0000000
v -201.9856665 118.1212523 0.0000000
v -115.6037247 72.8210937 0.0000000
v -252.8902924 387.6469999 0.0000000
v -264.1297249 383.4427168 0.0000000
v -255.5075478 364.3512973 0.0000000
v -245.1609830 370.4298332 0.0000000
v -330.1855537 577.9821733 0.0000000
v -277.1766191 421.4442260 0.0000000
v -137.4624363 240.3846813 0.0000000
v -134.1804842 217.1012159 0.0000000
v -64.7243641 158.2953367 0.0000000
v -65.9807047 139.1869472 0.0000000
v -41.4757538 111.4498410 0.0000000
v -90.3941344 35.0921604 0.0000000
v -119.0937739 58.9079300 0.0000000
v -130.9095679 61.0025995 0.0000000
v 120.1857074 34.7091418 0.0000000
v 531.4557375 119.9543506 0.0000000
v 633.5981794 144.1139523 0.0000000
v 692.6022073 114.7069632 0.0000000
v 730.9846601 62.2795713 0.0000000
v 810.7020620 -46.6080888 0.0000000
v 801.4471318 42.8187507 0.0000000
v 786.3840255 86.8774538 0.0000000
v 712.0605181 199.3582959 0.0000000
v 699.2587473 197.1008658 0.0000000
v 804.2327081 38.6688515 0.0000000
v 408.3917498 639.8417828 0.0000000
v 258.0659787 869.9953703 0.0000000
v 141.6881546 825.7206021 0.0000000
v 164.0525451 839.2206305 0.0000000
v 178.5003302 819.0667548 0.0000000
v 403.2449480 439.1019293 0.0000000
v 330.1448829 356.5806502 0.0000000
v 299.3989003 422.0312789 0.0000000
v 89.4521075 359.0729378 0.0000000
v 58.6564467 313.1579400 0.0000000
v 22.2784340 308.3220671 0.0000000
v -258.0682552 561.3468964 0.0000000
v -310.7756822 592.1787116 0.0000000
v -283.6854997 582.9333592 0.0000000
v -245.8918061 565.8983151 0.0000000
v -155.6949895 433.1260526 0.0000000
v 118.9479842 422.0366531 0.0000000
v 185.3346277 477.9556568 0.0000000
v 185.1527045 490.9536655 0.0000000
v 180.5661355 488.9675359 0.0000000
v 243.2352659 488.4037140 0.0000000
v 273.7059497 466.3788888 0.0000000
v 383.4608350 404.6785194 0.0000000
v 280.1096370 652.6492702 0.0000000
v 128.7535983 810.2879990 0.0000000
v 50.4855233 837.7430010 0.0000000
v 93.3211059 946.3089050 0.0000000
v 97.8962745 948.3211571 0.0000000
v 180.8781032 947.0022436 0.0000000
v 185.4693503 945.0269523 0.0000000
v 190.2118210 956.0500631 0.0000000
v 228.6638580 929.7121634 0.0000000
v 251.2738228 901.6503010 0.0000000
v 553.1227894 441.9008643 0.0000000
v 559.6720210 410.2712057 0.0000000
v 572.4369992 412.7281668 0.0000000
v 649.5705400 295.9425110 0.0000000
v 652.3219427 291.7698489 0.0000000
v 495.1801601 529.4189566 0.0000000
v 836.7329445 12.3895316 0.0000000
v 903.9366990 -88.6888076 0.0000000
v 891.3400793 -104.4532405 0.0000000
v 875.4498984 -102.2215186 0.0000000
v 866.4292507 -97.9141739 0.0000000
v 718.3496437 59.2238084 0.0000000
v 686.6972146 122.7727158 0.0000000
v 244.5304647 51.9053654 0.0000000
v 18.0651792 10.4570798 0.0000000
v -134.8187668 -16.6037136 0.0000000
v -203.2504826 76.5200549 0.0000000
v -202.3157169 117.6713197 0.0000000
v -114.5576317 126.3671070 0.0000000
v -116.9783139 68.0156977 0.0000000
v -168.4356473 280.3080329 0.0000000
v -177.3170204 272.2374110 0.0000000
v -234.3307567 335.2708035 0.0000000
v -318.0643630 539.5264080 0.0000000
v -94.6392518 192.3761494 0.0000000
v -74.0014640 150.6838049 0.0000000
v -59.3511981 68.5361924 0.0000000
v 110.4599428 32.3994216 0.0000000
v 516.8639601 116.5029789 0.0000000
v 625.9721244 154.6412792 0.0000000
v 753.7796001 10.8292928 0.0000000
v 739.1047281 157.4768253 0.0000000
v 99.6599255 352.7459423 0.0000000
v -33.5267089 304.4719055 0.0000000
v -235.6440385 555.1024418 0.0000000
v -268.3651993 571.1532428 0.0000000
v -228.6818570 547.9293440 0.0000000
v 129.7984604 416.9115027 0.0000000
v 119.8281997 818.3117684 0.0000000
v 57.3612878 851.8908564 0.0000000
v 113.4232047 964.9464009 0.0000000
v 241.4921448 894.6991303 0.0000000
v 577.9553449 404.3931104 0.0000000
v 475.8659503 558.5916541 0.0000000
v 892.7174104 -92.9545314 0.0000000
v 835.1609620 -92.0246772 0.0000000
v -191.9002388 3.0322559 0.0000000
v -318.0218085 539.4047441 0.0000000
v -286.8314519 449.8363366 0.0000000
v -91.2259342 188.7250414 0.0000000
v 332.0623460 72.6928471 0.0000000
v 717.4481006 190.9381262 0.0000000
v 367.3938122 702.6109430 0.0000000
v 361.9274205 710.9801644 0.0000000
v 129.3912640 829.9357897 0.0000000
v 371.4064905 388.7287860 0.0000000
v 100.1312835 353.5787935 0.0000000
v -314.7221262 603.5337800 0.0000000
v -240.7738818 543.1581530 0.0000000
v -237.2927910 539.5716041 0.0000000
v 168.0942774 469.5174194 0.0000000
v 261.7078596 682.4059428 0.0000000
v 129.0272326 810.6032401 0.0000000
v 270.9350585 70.5098047 0.0000000
v -99.9918677 180.5300180 0.0000000
v -232.1629478 551.5158929 0.0000000
v 132.1702854 814.4894394 0.0000000
v 499.5100535 124.7293914 0.0000000
v 272.7057413 447.6351896 0.0000000
v 329.0779820 594.6374594 0.0000000
v 514.4943698 500.2462592 0.0000000
v -259.3789757 406.3795287 0.0000000
v 170.7428070 831.8984643 0.0000000
v 248.3785836 905.7244777 0.0000000
v -224.7107362 525.4722006 0.0000000
v -213.4708454 508.9384148 0.0000000
v -204.4458996 301.5124542 0.0000000
v -180.9551863 453.2470733 0.0000000
v -58.8369079 126.2700833 0.0000000
v -56.5923941 122.0931805 0.0000000
v -45.9005482 127.5475507 0.0000000
v -45.6775529 127.0863722 0.0000000
v -91.7216873 334.1582507 0.0000000
v -53.3192060 95.8170130 0.0000000
v -56.5268444 311.2825173 0.0000000
v -55.3508132 81.9188194 0.0000000
v -46.3537760 68.7560705 0.0000000
v -31.0204029 291.7165240 0.0000000
v 6.1043523 292.0978441 0.0000000
v -62.2368040 36.6223718 0.0000000
v -63.1509543 35.4404401 0.0000000
v 62.8800069 315.8282654 0.0000000
v 63.4704229 316.2537719 0.0000000
v -110.5562663 26.8880493 0.0000000
v 67.4872591 335.0339999 0.0000000
v 102.2383559 358.1110746 0.0000000
v 91.3568165 363.1699381 0.0000000
v -127.1409848 76.1213406 0.0000000
v -117.8825911 130.0891871 0.0000000
v 108.2745760 399.4399385 0.0000000
v -126.8038282 122.0633976 0.0000000
v 119.1250521 394.3147881 0.0000000
v 132.6850449 449.6124365 0.0000000
v 135.4413313 453.7818742 0.0000000
v 145.4517213 447.1643149 0.0000000
v -166.5104872 128.1057573 0.0000000
v -195.0859923 106.8679680 0.0000000
v 189.9211967 479.9417864 0.0000000
v 202.5531660 482.2780126 0.0000000
v -215.2394019 77.0544111 0.0000000
v 211.9898027 483.0012053 0.0000000
v -215.4035067 72.0589736 0.0000000
v 211.6028076 495.0052826 0.0000000
v -203.4099766 71.6649748 0.0000000
v 212.5946260 494.9962804 0.0000000
v 216.4713419 482.5885248 0.0000000
v -203.4837099 57.1026055 0.0000000
v 254.4313990 467.5298456 0.0000000
v -201.4210440 44.4909227 0.0000000
v 261.4356945 477.2776345 0.0000000
v 261.8854279 476.9381928 0.0000000
v -176.4413553 5.2423301 0.0000000
v -160.9602539 -5.7168423 0.0000000
v 345.3455468 367.1880711 0.0000000
v 353.7781946 369.5822298 0.0000000
v -102.6158606 -18.0655927 0.0000000
v 415.1821443 440.4029856 0.0000000
v 193.1289418 52.0320432 0.0000000
v 195.9016417 40.3567644 0.0000000
v 126.0748001 826.0325773 0.0000000
v 646.4586687 145.5239855 0.0000000
v 114.5271711 799.4937490 0.0000000
v 84.9311376 814.4766045 0.0000000
v 74.8377345 824.6299345 0.0000000
v 887.5366172 -105.7868471 0.0000000
v 903.7397320 -88.2029775 0.0000000
v 901.6612743 -83.6575029 0.0000000
v 55.0036586 893.1055791 0.0000000
v 890.8318915 -88.8310034 0.0000000
v 43.1875087 895.1987679 0.0000000
v 901.4814914 -83.2968673 0.0000000
v 44.0811756 900.1163573 0.0000000
v 55.8878005 897.9707553 0.0000000
v 56.7289202 902.5991927 0.0000000
v 846.5710184 -23.2657244 0.0000000
v 44.9748425 905.0339467 0.0000000
v 45.1079437 905.6057313 0.0000000
v 46.4743855 910.4000444 0.0000000
v 70.2973980 946.1971948 0.0000000
v 238.5969056 898.7733071 0.0000000
v 130.1206266 955.1992141 0.0000000
v 144.1374285 955.2215102 0.0000000
v 167.6005544 951.1706987 0.0000000
v 162.7400914 952.3356989 0.0000000
vt -27.3937335 -3.7773640
vt -29.8177283 -4.3852953
vt -25.9341530 -9.5971256
vt -32.2417232 -4.9932267
vt -28.3581479 -10.2050569
vt -30.7821427 -10.8129883
vt -38.0541272 -12.6367823
vt -35.6301324 -12.0288510
vt -37.0897128 -6.2090894
vt -39.5137077 -6.8170207
vt -41.9377025 -7.4249521
vt -40.4781221 -13.2447137
vt -44.3616974 -8.0328834
vt -46.5670843 -8.5859885
vt -42.9021169 -13.8526450
vt -45.7690653 -14.5369515
vt -45.3261118 -14.4605763
vt -48.2560439 -14.7758314
vt -48.8246151 -8.8028294
vt -50.7546687 -15.0072337
vt -48.2662497 -14.7767941
vt -53.7135796 -9.2555710
vt -55.9037308 -15.3406073
vt -53.4089246 -15.2484080
vt -56.0699406 -9.3426539
vt -56.0145247 -15.3426539
vt -63.2539212 -9.3426539
vt -66.4567640 -14.8773677
vt -64.0235473 -15.2986708
vt -65.2278711 -9.0008712
vt -66.8603723 -14.7782692
vt -72.0708528 -6.8081983
vt -74.1941695 -12.4208783
vt -74.0000006 -12.4905429
vt -76.5142927 -11.4972409
vt -74.2650539 -5.9346902
vt -78.8754855 -10.4985391
vt -76.5740996 -11.4726820
vt -78.5720021 -4.0793347
vt -81.6088758 -9.2593006
vt -81.1979146 -9.4792636
vt -83.7139111 -7.9123938
vt -84.6496235 -0.1905689
vt -87.9239818 -5.2185803
vt -85.8189464 -6.5654871
vt -86.5055105 1.0827019
vt -90.3666611 -3.5139867
vt -90.0606870 -3.7545235
vt -92.2269973 -1.8453103
vt -93.0351201 7.5363086
vt -94.5312199 9.5276213
vt -97.8320944 3.9322778
vt -91.7046324 5.7654260
vt -95.8420049 11.2926667
vt -100.8323750 7.9488982
vt -99.3432132 5.9436583
vt -101.1310886 8.4448299
vt -98.9063630 17.7101336
vt -104.4378493 15.3838383
vt -104.3616213 15.2103041
vt -105.3699225 17.7019657
vt -101.4694964 24.1732696
vt -107.2089149 22.3728239
vt -106.2934316 20.0474805
vt -107.4047340 23.1957811
vt -101.6508298 26.1356872
vt -107.6434968 25.8280775
vt -107.6328983 25.6650100
vt -101.8327351 30.9630698
vt -107.7848600 33.4914008
vt -107.8332670 30.9937632
vt -101.7863778 33.3549487
vt -107.7838058 33.5317681
vt -101.4434678 40.5375927
vt -101.0394651 42.8631863
vt -106.9509279 43.8901272
vt -100.6339271 45.1976175
vt -106.4678663 46.6054413
vt -106.5231957 46.3523166
vt -100.0457803 47.4228627
vt -105.8304374 49.0171447
vt -99.3297589 49.7333272
vt -98.6965449 51.6975464
vt -105.0455727 51.5580908
vt -103.9235537 54.6724573
vt -104.2799966 53.9328949
vt -102.5407061 56.7540586
vt -95.4823781 64.7075689
vt -99.1422478 61.3036477
vt -91.6251963 60.1010524
vt -94.8995575 57.0556795
vt -92.8718301 66.3526602
vt -94.9852577 65.0817987
vt -89.9435349 61.1122812
vt -92.5332761 66.5279737
vt -87.8306766 62.0412278
vt -87.9578431 68.5396246
vt -90.2455596 67.5337991
vt -81.3697622 64.8818560
vt -80.1085100 71.0841880
vt -82.5441189 70.7821911
vt -79.5540806 65.1069866
vt -79.7393598 71.1069866
vt -72.5390011 65.1069866
vt -69.2443374 70.5671957
vt -71.6542381 71.0488137
vt -70.6691808 64.7333036
vt -68.7582498 70.4265293
vt -66.2760088 63.0488895
vt -64.0185831 68.6081669
vt -64.0913928 68.6371799
vt -64.6295149 62.3677451
vt -61.7226319 67.6583460
vt -58.9695295 65.0757572
vt -60.6603732 66.9159689
vt -60.9498130 57.6684608
vt -60.2644323 56.0913722
vt -55.5150483 60.2164960
vt -55.6684768 60.5209403
vt -54.2939922 56.9059726
vt -54.5397970 57.9724035
vt -54.1862886 54.4092284
vt -60.1089629 52.0487788
vt -54.0999441 51.8875739
vt -54.1852535 54.3824572
vt -54.6817496 48.7181097
vt -54.1634272 51.1628332
vt -61.5699399 45.1579226
vt -56.4176598 41.2503224
vt -55.7592305 43.6601995
vt -62.2008122 42.8489051
vt -56.4272731 41.2159428
vt -52.8303783 12.5083407
vt -48.6856772 17.3495654
vt -50.6932567 18.1148290
vt -35.8809290 14.2354045
vt -33.7847897 15.5961144
vt -37.3192482 20.4550586
vt -23.0822881 34.6552020
vt -22.3936638 37.0492236
vt -28.8079569 36.4547048
vt -22.3456491 37.2393269
vt -21.8131809 39.6810085
vt -28.1869753 38.6135647
vt -20.5129517 50.0213268
vt -26.3611697 52.5963240
vt -26.5008302 50.4025239
vt -25.3161381 68.1765033
vt -31.7583057 67.4893623
vt -30.6013860 65.3364056
vt -80.8928817 136.0603952
vt -82.4130897 138.0439020
vt -87.1256396 134.3292643
vt -102.2078690 150.7398317
vt -97.1119287 145.2407976
vt -97.7994269 154.8099377
vt -82.5158286 138.1706577
vt -84.1399006 140.0665655
vt -85.6550770 132.4105327
vt -84.1348691 130.4270259
vt -79.5742452 124.4765054
vt -78.0540373 122.4929986
vt -74.8120500 128.1263679
vt -76.5338293 120.5094918
vt -75.0136214 118.5259850
vt -71.7716341 124.1593543
vt -73.4934135 116.5424782
vt -70.2514261 122.1758474
vt -92.0159884 139.7417635
vt -90.3173417 137.9087522
vt -85.9164704 141.9870278
vt -87.6151172 143.8200392
vt -91.0124107 147.4860619
vt -95.4132819 143.4077863
vt -92.7110575 149.3190733
vt -103.9424290 152.6402417
vt -103.9078308 152.6016828
vt -99.4593325 156.6280376
vt -107.2481663 156.3890317
vt -105.5952976 154.5146367
vt -102.7479372 160.3573989
vt -112.2067723 162.0122167
vt -110.5539037 160.1378217
vt -106.0536746 164.1061889
vt -113.8596410 163.8866117
vt -107.7065432 165.9805839
vt -109.3594119 167.8549789
vt -111.0122806 169.7293739
vt -104.4008059 162.2317939
vt -108.9010350 158.2634267
vt -120.4711157 171.3841918
vt -118.8182470 169.5097968
vt -114.3180179 173.4781640
vt -127.2868500 196.1242915
vt -132.9334397 194.0952012
vt -132.0749460 191.7485146
vt -121.3146029 183.0601875
vt -126.4878853 180.0209195
vt -125.2219967 177.8661904
vt -118.8693317 178.8979752
vt -120.0487143 180.9054584
vt -123.9561081 175.7114613
vt -123.7775751 187.2525295
vt -129.1464072 184.5703489
vt -129.0196625 184.3303778
vt -130.2085231 186.8224502
vt -124.7303359 189.2727550
vt -131.1836521 189.3828119
vt -130.3024417 187.0442654
vt -134.5654625 198.8920670
vt -132.9563237 194.1600485
vt -122.2713478 173.4394126
vt -122.1239844 173.2585868
vt -117.5465558 177.1394078
vt -128.8849185 200.8237551
vt -135.3700319 201.2580762
vt -130.4940573 205.5557735
vt -136.9791707 205.9900946
vt -136.1746013 203.6240854
vt -144.9763065 248.1439393
vt -145.7808759 250.5099485
vt -151.4614200 248.5782604
vt -146.5854453 252.8759578
vt -146.5883296 252.8843985
vt -152.2645535 250.9400471
vt -147.3999105 255.2479472
vt -153.0666711 253.2760363
vt -153.9086493 255.6027646
vt -148.2666988 257.6444293
vt -149.1170746 259.9943639
vt -154.7590251 257.9526992
vt -156.4597768 262.6525683
vt -150.8178262 264.6942330
vt -151.6682021 267.0441676
vt -157.3101526 265.0025029
vt -157.1688441 283.5256188
vt -158.6676845 288.2249841
vt -162.8851365 281.7024343
vt -154.1390797 274.0262952
vt -155.6500913 278.7638212
vt -161.3663836 276.9406367
vt -162.1257601 279.3215355
vt -156.4094677 281.1447200
vt -164.4409691 286.5899062
vt -164.4038894 286.4642318
vt -159.3382938 292.0700653
vt -159.0723201 293.4036380
vt -165.2993679 292.8577356
vt -164.8361631 295.1802109
vt -164.3680933 296.2903114
vt -158.3118735 294.5123418
vt -162.2079873 299.1070793
vt -162.9545570 298.3511964
vt -157.0597320 295.3941931
vt -159.6686074 300.8074262
vt -160.2442369 300.4900985
vt -136.1260431 222.1178380
vt -136.9306125 224.4838472
vt -141.8065872 220.1861499
vt -140.9534595 236.3138933
vt -141.7580289 238.6799025
vt -146.6340036 234.3822051
vt -142.5625983 241.0459117
vt -143.3671677 243.4119209
vt -148.2431424 239.1142236
vt -149.8522812 243.8462420
vt -149.0477118 241.4802328
vt -147.4385730 236.7482143
vt -145.8294342 232.0161959
vt -140.1488901 233.9478841
vt -142.6111566 222.5521591
vt -134.5169043 217.3858196
vt -135.3214737 219.7518288
vt -141.0020177 217.8201407
vt -132.9077655 212.6538012
vt -133.7123349 215.0198104
vt -139.3928789 213.0881222
vt -137.7837401 208.3561038
vt -131.2986267 207.9217827
vt -132.1031961 210.2877920
vt -125.5690431 191.4985072
vt -115.9708866 175.3525590
vt -71.9732055 114.5589713
vt -70.4529976 112.5754645
vt -67.2110102 118.2088338
vt -68.9327896 110.5919577
vt -68.7708956 110.3981925
vt -64.2474606 114.3421123
vt -65.3558631 106.6949946
vt -63.6492043 104.8694406
vt -59.2662375 108.9669524
vt -60.2358867 101.2183327
vt -58.5292279 99.3927788
vt -54.1462611 103.4902905
vt -55.1159103 95.7416708
vt -51.7025927 92.0905629
vt -50.7329435 99.8391826
vt -76.3322579 130.1098747
vt -81.0944532 126.4600123
vt -77.8524658 132.0933816
vt -79.3726738 134.0768884
vt -82.6146611 128.4435191
vt -67.0625219 108.5205485
vt -62.6655926 112.6031250
vt -55.8529199 105.3158445
vt -56.8225691 97.5672248
vt -46.5826163 86.6139011
vt -44.9000551 84.8141236
vt -42.1996495 90.7114128
vt -40.4454083 88.8337463
vt -40.4929907 88.8858589
vt -43.3021655 83.0222261
vt -40.1710189 79.2059168
vt -38.5858754 77.2739096
vt -33.9473255 81.0796755
vt -35.5324689 83.0116827
vt -37.1176124 84.9436899
vt -41.7561623 81.1379240
vt -30.6320361 77.0237243
vt -30.7770386 77.2156612
vt -35.4919405 73.5029546
vt -29.2109734 74.9769661
vt -34.2023459 71.6455502
vt -27.8212581 72.6398644
vt -29.0921422 74.7916509
vt -26.4990701 70.3778673
vt -26.5528501 70.4736968
vt -27.4977930 59.1979342
vt -27.0968437 57.0698641
vt -21.2005846 58.1807774
vt -21.6632922 60.6366343
vt -26.6480033 54.6876087
vt -20.3759441 53.1135962
vt -20.7138324 55.5771173
vt -20.3541789 52.5153442
vt -20.6717245 47.5273094
vt -26.8095551 45.5530457
vt -21.2482871 42.2955860
vt -20.8608981 44.7575858
vt -27.1616868 43.3151189
vt -21.2807127 42.1226901
vt -30.5753269 32.0006257
vt -31.5202751 29.8702191
vt -25.0664741 29.6223714
vt -25.0203170 29.7322742
vt -26.0783263 27.3411280
vt -32.6419689 27.7556365
vt -27.3415327 24.9439864
vt -33.7818657 25.6067381
vt -35.0148167 23.5124031
vt -29.8453578 20.4666357
vt -29.8475179 20.4629724
vt -33.2922181 15.9958249
vt -36.1230335 14.0938697
vt -39.0301121 19.3444504
vt -41.5469468 12.1681668
vt -39.0985158 12.6686837
vt -40.7153318 18.4622524
vt -42.7486362 18.0465971
vt -47.4380799 11.1322574
vt -46.4438087 11.1671330
vt -47.1512946 17.1465901
vt -49.8200798 11.4473594
vt -50.4952142 11.6182060
vt -52.9716644 18.9833289
vt -55.1655425 13.3984754
vt -54.5927719 19.6776673
vt -58.5943627 15.1595382
vt -57.5551993 14.4193174
vt -61.9555635 18.8586807
vt -58.5781968 24.3316985
vt -64.0038779 21.7391124
vt -63.6161982 21.0487029
vt -64.9291883 24.0605628
vt -59.8388836 27.7446325
vt -65.8799121 28.0132432
vt -65.7682757 26.5578357
vt -65.4591050 30.4766256
vt -59.1347218 31.7510330
vt -64.9450816 33.2552743
vt -65.0136090 32.9600440
vt -64.2577870 35.6579723
vt -55.2000720 46.2733861
vt -60.5512788 49.9625482
vt -61.0696012 47.5178246
vt -66.4248213 69.5318546
vt -68.5728430 63.9295334
vt -85.6701267 69.5454500
vt -85.5429601 63.0470532
vt -105.0558249 51.5256603
vt -107.8317027 30.8226651
vt -107.7375997 28.3253713
vt -102.2079329 10.6999880
vt -96.7935309 13.2853799
vt -90.0737572 4.2833323
vt -94.1018044 -0.1635689
vt -88.0042754 -5.1653685
vt 116.0160001 30.6354620
vt 113.5845589 30.0580319
vt 117.4023500 24.7978226
vt 111.1531178 29.4806019
vt 108.7216766 28.9031718
vt 110.1080266 23.0655324
vt 94.1330297 25.4385916
vt 89.2701474 24.2837315
vt 95.5193797 19.6009522
vt 80.9307328 16.1363719
vt 83.3621740 16.7138019
vt 79.5443829 21.9740113
vt 71.2049683 13.8266517
vt 73.6364094 14.4040817
vt 72.2500594 20.2417211
vt 25.0075865 2.8554808
vt 27.4390276 3.4329108
vt 26.0526776 9.2705502
vt 23.6212365 8.6931202
vt 21.1897953 8.1156901
vt 22.5761453 2.2780507
vt 131.9909969 28.2624029
vt 134.4224381 28.8398329
vt 133.0360881 34.6774723
vt 130.6046469 34.1000423
vt 140.3304115 36.4097625
vt 137.8989704 35.8323324
vt 141.7167615 30.5721231
vt 150.0561761 38.7194827
vt 147.6247350 38.1420526
vt 151.4425261 32.8818433
vt 158.7368495 34.6141334
vt 161.1682907 35.1915634
vt 157.3504996 40.4517728
vt 164.6448230 42.1840629
vt 162.2133819 41.6066329
vt 163.5997318 35.7689935
vt 175.7569376 38.6561437
vt 178.1883787 39.2335738
vt 176.8020287 45.0712132
vt 181.6649110 46.2260733
vt 179.2334699 45.6486432
vt 180.6198199 39.8110038
vt 184.0963522 46.8035033
vt 185.4827022 40.9658639
vt 193.8221168 49.1132235
vt 191.3906756 48.5357935
vt 195.2084667 43.2755841
vt 201.1164402 50.8455137
vt 196.2535579 49.6906536
vt 197.6399079 43.8530142
vt 203.5478814 51.4229437
vt 204.9342313 45.5853043
vt 207.3656725 46.1627344
vt 212.2285548 47.3175944
vt 210.8422048 53.1552338
vt 213.2736459 53.7326639
vt 214.6599959 47.8950245
vt 217.0905809 48.4722512
vt 219.5210388 49.0479417
vt 215.7067996 54.3105001
vt 218.1395091 54.8867237
vt 221.9525365 49.6230603
vt 220.5714720 55.4619524
vt 224.3844994 50.1982889
vt 226.8164623 50.7735175
vt 223.0034349 56.0371810
vt 230.2993236 57.7628668
vt 225.4353978 56.6124096
vt 231.6803881 51.9239747
vt 234.1123510 52.4992033
vt 235.1632494 58.9133240
vt 232.7312865 58.3380954
vt 236.5443139 53.0744320
vt 240.0271752 60.0637813
vt 237.5952123 59.4885526
vt 238.9762768 53.6496606
vt 244.8911010 61.2142385
vt 246.2721655 55.3753464
vt 248.7041284 55.9505750
vt 247.3230639 61.7894671
vt 253.5680542 57.1010322
vt 256.0000171 57.6762608
vt 252.1869897 62.9399243
vt 257.0509155 64.0903815
vt 254.6189526 63.5151529
vt 259.4828784 64.6656101
vt 260.8639429 58.8267181
vt 270.5917946 61.1276325
vt 273.0237575 61.7028611
vt 269.2107300 66.9665246
vt 268.1598316 60.5524039
vt 266.7787671 66.3912960
vt 275.4557204 62.2780897
vt 271.6426929 67.5417532
vt 274.0746558 68.1169818
vt 280.3196462 63.4285470
vt 285.1835720 64.5790042
vt 278.9385816 69.2674390
vt 287.6155349 65.1542328
vt 283.8025074 70.4178963
vt 290.0474978 65.7294614
vt 292.4794607 66.3046900
vt 288.6664332 71.5683535
vt 295.9623219 73.2940393
vt 293.5303590 72.7188107
vt 294.9114236 66.8799186
vt 297.3433865 67.4551472
vt 299.7753494 68.0303758
vt 300.8262477 74.4444965
vt 298.3942848 73.8692679
vt 302.2073123 68.6056045
vt 305.6901735 75.5949538
vt 303.2582106 75.0197251
vt 304.6392752 69.1808331
vt 307.0712381 69.7560617
vt 309.5032010 70.3312903
vt 311.9351639 70.9065189
vt 308.1221364 76.1701824
vt 314.3671268 71.4817475
vt 310.5540993 76.7454110
vt 317.8499880 78.4710968
vt 315.4180251 77.8958682
vt 319.1319441 72.6087628
vt 321.1093310 72.9367869
vt 318.0495666 78.5112055
vt 321.2317462 78.9470532
vt 320.4942791 78.9167533
vt 323.7223611 78.7417022
vt 325.3905813 72.5837981
vt 329.1891247 77.6855087
vt 326.8579021 78.4109921
vt 327.1032732 72.0508033
vt 329.7686418 77.4356424
vt 328.5349371 71.2453677
vt 334.3596988 73.6517738
vt 332.7649397 75.5346205
vt 329.7126147 69.8549468
vt 334.4911182 73.4849868
vt 332.6023545 65.9077909
vt 338.9198627 67.4356724
vt 337.4436146 69.4521105
vt 335.5548509 61.8749146
vt 341.8723591 63.4027961
vt 340.3961109 65.4192342
vt 347.3648364 45.7434094
vt 353.6823446 47.2712909
vt 352.2060964 49.2877290
vt 350.3173327 41.7105331
vt 356.6348409 43.2384146
vt 355.1585928 45.2548527
vt 353.2698291 37.6776568
vt 359.5873373 39.2055383
vt 358.1110891 41.2219764
vt 356.2223255 33.6447805
vt 364.0160819 33.1562238
vt 361.0635855 37.1891001
vt 368.0323109 17.5132753
vt 372.8735710 21.0575949
vt 371.3973228 23.0740331
vt 365.0798146 21.5461516
vt 369.9210746 25.0904712
vt 370.9848073 13.4803990
vt 372.4610555 11.4639608
vt 377.3023155 15.0082805
vt 373.9373037 9.4475227
vt 378.7785637 12.9918423
vt 381.3185446 -0.6346681
vt 382.7947928 -2.6511062
vt 386.1598046 2.9096516
vt 393.5410455 -7.1725392
vt 392.0647973 -5.1561010
vt 387.2235373 -8.7004207
vt 390.1760337 -12.7332970
vt 391.6522819 -14.7497351
vt 396.4935419 -11.2054155
vt 394.6047782 -18.7826114
vt 400.9222864 -17.2547299
vt 399.4460382 -15.2382918
vt 403.8747828 -21.2876062
vt 402.3985346 -19.2711681
vt 397.5572746 -22.8154877
vt 404.9385155 -32.8976785
vt 409.7797755 -29.3533588
vt 408.3035273 -27.3369207
vt 411.2560237 -31.3697970
vt 413.5401047 -43.0594122
vt 419.0981194 -39.6898715
vt 417.0804793 -38.2152665
vt 430.6292528 -54.3714982
vt 432.8844147 -55.4483343
vt 435.4697873 -50.0339231
vt 440.7701879 -58.6602774
vt 443.2602797 -58.8718771
vt 441.6325108 -52.7119306
vt 445.7503715 -59.0834767
vt 444.8900425 -52.9887447
vt 412.0028968 4.8718000
vt 413.4132233 2.8087172
vt 416.9561457 8.2578486
vt 415.5458192 10.3209313
vt 414.1354926 12.3840141
vt 410.5925702 6.9348828
vt 408.4941864 20.6363452
vt 407.0910328 22.6889350
vt 403.5409374 17.2502966
vt 405.7062254 24.7519951
vt 404.3165533 26.8271100
vt 399.3312060 23.4885007
vt 396.5500708 27.6414050
vt 397.9406384 25.5649528
vt 401.5354182 30.9800143
vt 375.6915573 58.7881865
vt 377.0821248 56.7117344
vt 382.0674722 60.0503437
vt 393.7689357 31.7943092
vt 395.1595033 29.7178571
vt 400.1448506 33.0564664
vt 382.6443951 48.4059260
vt 384.0349627 46.3294739
vt 387.6297425 51.7445353
vt 392.3783681 33.8707613
vt 397.3637154 37.2093706
vt 390.4108776 47.5916311
vt 389.0203100 49.6680832
vt 388.2066654 40.1001176
vt 389.5972330 38.0236655
vt 394.5825803 41.3622748
vt 390.9878006 35.9472134
vt 395.9731479 39.2858227
vt 385.4255303 44.2530218
vt 343.9081984 118.6245299
vt 337.5073130 117.4958149
vt 338.8542086 115.3907724
vt 371.5198546 65.0175428
vt 372.9104221 62.9410907
vt 377.8957695 66.2797000
vt 376.5052019 68.3561521
vt 375.1146343 70.4326042
vt 370.1292870 67.0939949
vt 367.3481519 71.2468992
vt 372.3334992 74.5855085
vt 370.9429316 76.6619606
vt 365.9575843 73.3233513
vt 364.1116328 87.0488933
vt 357.7107474 85.9201783
vt 359.0576430 83.8151358
vt 366.7886130 82.8653583
vt 360.4045387 81.7100934
vt 361.7516578 79.6049811
vt 361.7858816 79.5527076
vt 365.4584797 84.9439271
vt 357.3771547 97.5741055
vt 352.3231649 94.3403480
vt 353.6700605 92.2353056
vt 364.5670167 75.3998034
vt 380.6769046 62.1267958
vt 338.5206159 127.0446997
vt 332.1249311 125.9078566
vt 333.4666261 123.8109422
vt 412.7251660 14.4470969
vt 411.3148395 16.5101797
vt 407.7719171 11.0610483
vt 409.1822437 8.9979655
vt 333.0394782 135.4532692
vt 326.6547112 134.2366832
vt 328.0304125 132.1503521
vt 330.2880755 139.6259313
vt 323.9033084 138.4093453
vt 325.2790098 136.3230142
vt 327.5366727 143.7985934
vt 321.1519057 142.5820074
vt 322.5276071 140.4956763
vt 323.4095686 150.0575866
vt 318.4005030 146.7546695
vt 319.7762043 144.6683384
vt 320.6581659 154.2302487
vt 315.6491002 150.9273316
vt 317.0248016 148.8410005
vt 319.2824645 156.3165797
vt 312.8976975 155.0999937
vt 314.2733989 153.0136626
vt 316.5310618 160.4892418
vt 310.1462948 159.2726558
vt 311.5219961 157.1863247
vt 313.7796591 164.6619039
vt 307.3948920 163.4453179
vt 308.7705934 161.3589869
vt 311.0282563 168.8345660
vt 304.6434893 167.6179800
vt 306.0191907 165.5316490
vt 306.9011522 175.0935592
vt 301.8920866 171.7906421
vt 303.2677879 169.7043111
vt 304.1497495 179.2662213
vt 297.7655033 178.0488454
vt 299.1406838 175.9633042
vt 268.2838762 233.4530168
vt 261.9013871 232.2245362
vt 263.2809736 230.1407721
vt 266.9042898 235.5367809
vt 260.5218007 234.3083003
vt 265.5247034 237.6205450
vt 259.1422143 236.3920644
vt 206.4860883 327.3865627
vt 201.4626790 324.1055021
vt 202.8292770 322.0131967
vt 262.7655306 241.7880732
vt 256.3830415 240.5595926
vt 257.7626279 238.4758285
vt 211.9524800 319.0173414
vt 205.5624728 317.8285861
vt 206.9290707 315.7362807
vt 208.2956686 313.6439754
vt 214.6856759 314.8327307
vt 209.6622666 311.5516700
vt 251.7288393 258.4581860
vt 246.7259366 255.1459413
vt 248.1055230 253.0621772
vt 248.9696664 262.6257142
vt 243.9667638 259.3134695
vt 245.3463502 257.2297054
vt 221.5186655 304.3712040
vt 216.4952561 301.0901433
vt 217.8618541 298.9978380
vt 224.2518613 300.1865933
vt 219.2284520 296.9055326
vt 243.4513208 270.9607706
vt 238.4484181 267.6485259
vt 239.8280045 265.5647618
vt 240.6921480 275.1282988
vt 235.6892453 271.8160541
vt 237.0688317 269.7322900
vt 239.3125615 277.2120629
vt 234.3096589 273.8998182
vt 232.4514488 287.6327612
vt 227.4280395 284.3517006
vt 228.7946374 282.2593953
vt 235.1797736 283.4556082
vt 230.1612353 280.1670899
vt 230.1710216 280.1522036
vt 229.7182530 291.8173719
vt 223.3282457 290.6286166
vt 224.6948437 288.5363113
vt 271.0430491 229.2854885
vt 264.6605600 228.0570080
vt 266.0401464 225.9732439
vt 272.4226355 227.2017244
vt 267.4197328 223.8894798
vt 268.7993192 221.8057157
vt 196.9199029 342.0327001
vt 190.5298957 340.8439448
vt 191.8964936 338.7516395
vt 194.1867071 346.2173108
vt 189.1632978 342.9362501
vt 275.1818083 223.0341962
vt 270.1789056 219.7219516
vt 271.5584920 217.6381875
vt 191.4535112 350.4019215
vt 186.4301019 347.1208608
vt 187.7966999 345.0285555
vt 280.7001540 214.6991398
vt 274.3176649 213.4706593
vt 275.6972513 211.3868951
vt 277.0768377 209.3031310
vt 283.4593268 210.5316116
vt 278.4564241 207.2193669
vt 287.5980860 204.2803193
vt 281.2155969 203.0518387
vt 282.5951833 200.9680746
vt 290.3572588 200.1127911
vt 283.9747698 198.8843105
vt 285.3543562 196.8005464
vt 293.1164317 195.9452629
vt 286.7339426 194.7167823
vt 288.1135290 192.6330182
vt 295.8756045 191.7777347
vt 289.4931154 190.5492541
vt 290.8727018 188.4654900
vt 297.2551909 189.6939706
vt 292.2522882 186.3817259
vt 181.8873258 365.0480589
vt 176.8639165 361.7669982
vt 178.2305144 359.6746929
vt 179.1541300 369.2326695
vt 172.7641228 368.0439142
vt 174.1307207 365.9516089
vt 176.4209341 373.4172802
vt 170.0309269 372.2285249
vt 171.3975248 370.1362196
vt 172.3211404 379.6941962
vt 167.2977311 376.4131356
vt 168.6643290 374.3208303
vt 170.9545425 381.7865016
vt 165.9311332 378.5054409
vt 169.5879446 383.8788069
vt 163.1979373 382.6900516
vt 164.5645352 380.5977463
vt 166.8547487 388.0634176
vt 160.4647415 386.8746623
vt 161.8313394 384.7823570
vt 162.7549550 394.3403336
vt 156.3649477 393.1515783
vt 157.7315457 391.0592730
vt 160.0217591 398.5249443
vt 153.6317519 397.3361890
vt 154.9983498 395.2438837
vt 157.2885633 402.7095550
vt 150.8985561 401.5207997
vt 152.2651540 399.4284944
vt 154.5553674 406.8941657
vt 148.1653602 405.7054104
vt 149.5319581 403.6131050
vt 149.0889758 415.2633870
vt 144.0655665 411.9823264
vt 145.4321644 409.8900211
vt 146.3557799 419.4479977
vt 141.3323706 416.1669371
vt 142.6989685 414.0746317
vt 144.9891820 421.5403031
vt 138.5991748 420.3515478
vt 139.9657727 418.2592424
vt 142.2559862 425.7249137
vt 135.8659790 424.5361584
vt 137.2325769 422.4438531
vt 139.5227903 429.9095244
vt 133.1327831 428.7207691
vt 134.4993810 426.6284638
vt 135.4229966 436.1864405
vt 130.3995873 432.9053798
vt 131.7661852 430.8130745
vt 131.3232028 442.4633565
vt 126.2997935 439.1822958
vt 127.6663914 437.0899905
vt 129.9566049 444.5556618
vt 123.5954374 443.3227520
vt 124.9331956 441.2746012
vt 116.4032136 453.4608303
vt 117.8508332 451.4237419
vt 122.7416722 454.8993272
vt 121.2940526 456.9364156
vt 114.9681643 455.4802296
vt 112.5088798 466.5654158
vt 108.4049450 462.1884625
vt 110.2279943 460.4791285
vt 108.8627812 469.9840839
vt 104.7588465 465.6071307
vt 106.5818957 463.8977966
vt 87.6290314 480.8375844
vt 85.1987999 481.4200845
vt 86.1732415 475.0165756
vt 76.7234347 477.2815917
vt 78.9398142 476.7503496
vt 80.3383369 482.5850847
vt 54.2680925 481.9491861
vt 53.1165230 475.5658127
vt 55.5261969 476.0825709
vt 32.6573989 471.0572840
vt 31.1111938 469.1018982
vt 37.1370145 467.0489526
vt 20.7999823 439.8228836
vt 26.6290242 437.1773064
vt 26.7852517 439.4027056
vt 21.2267813 431.7815436
vt 27.4815770 430.1607995
vt 27.1787313 432.5393633
vt 29.4968104 412.1526392
vt 29.6156819 412.0122709
vt 34.1349821 415.9599782
vt 31.2884187 410.1555848
vt 32.9611555 408.2988988
vt 35.7461305 414.1716533
vt 34.6338923 406.4422127
vt 34.7133588 406.3573719
vt 39.0526927 410.5014715
vt 54.8492117 398.9609521
vt 54.8922766 398.9746191
vt 53.0558034 404.6867008
vt 67.6340448 409.1598458
vt 69.2077893 411.0129722
vt 64.6546687 414.9206659
vt 68.0096634 418.7093547
vt 66.3526477 416.8386248
vt 72.4599971 414.6846348
vt 68.0937363 418.8004102
vt 69.8235339 420.5979162
vt 74.0575684 416.3447387
vt 71.8903767 422.4210749
vt 70.0096480 420.7754166
vt 75.8414324 417.9056392
vt 77.2343409 419.1244494
vt 74.8794582 424.6809497
vt 73.7711055 424.0667331
vt 77.2550036 425.3982410
vt 80.5004628 420.0555984
vt 79.7640454 426.0688488
vt 77.3493295 425.4250484
vt 83.7544423 425.3562578
vt 81.3773386 426.0499774
vt 87.7932145 423.3494183
vt 86.2232472 424.5486332
vt 83.3601180 419.1730527
vt 87.1097764 424.0819654
vt 84.1089107 418.0375199
vt 89.2130848 421.1920192
vt 89.1502801 421.2914489
vt 86.6643240 413.8106139
vt 91.7989259 416.9147827
vt 90.5060053 419.0534010
vt 90.5430856 407.3947592
vt 95.6776875 410.4989280
vt 94.3847669 412.6375462
vt 94.4218472 400.9789044
vt 100.8493696 401.9444550
vt 99.5564490 404.0830733
vt 98.3006088 394.5630497
vt 103.4352106 397.6672185
vt 102.1422901 399.8058368
vt 103.4722909 386.0085767
vt 108.6068928 389.1127455
vt 107.3139722 391.2513638
vt 106.0581320 381.7313402
vt 112.4856544 382.6968908
vt 111.1927338 384.8355090
vt 111.2298141 373.1768672
vt 116.3644160 376.2810360
vt 115.0714954 378.4196543
vt 112.5227347 371.0382489
vt 118.9502570 372.0037995
vt 117.6573365 374.1424178
vt 116.4014963 364.6223942
vt 121.5360981 367.7265630
vt 120.2431775 369.8651813
vt 120.3386284 358.2067843
vt 126.7560912 359.2370769
vt 125.4416785 361.3625536
vt 125.5962791 349.7048779
vt 132.0137419 350.7351705
vt 130.6993292 352.8606471
vt 132.1683425 339.0774948
vt 137.2713926 342.2332640
vt 135.9569799 344.3587406
vt 134.7971678 334.8265416
vt 141.2146306 335.8568342
vt 139.9002179 337.9823108
vt 137.4259932 330.5755883
vt 142.5290433 333.7313576
vt 138.7404058 328.4501117
vt 145.1578686 329.4804044
vt 143.8434559 331.6058810
vt 143.9980565 319.9482053
vt 149.1011066 323.1039745
vt 147.7866940 325.2294511
vt 146.6268819 315.6972520
vt 153.0443447 316.7275447
vt 151.7299320 318.8530213
vt 149.2415512 311.4691899
vt 154.3866564 314.5560356
vt 154.3587573 314.6020681
vt 155.6626755 312.4073984
vt 150.5006493 309.3490453
vt 155.6690093 312.3966828
vt 151.7646338 307.2004164
vt 158.2032898 308.0886962
vt 156.9361495 310.2426895
vt 155.5660545 300.7384366
vt 162.0047105 301.6267163
vt 160.7375703 303.7807096
vt 121.6530411 356.0813077
vt 128.0705039 357.1116003
vt 161.9017558 289.9684701
vt 167.0732715 293.0107431
vt 165.8061312 295.1647364
vt 163.1688960 287.8144768
vt 169.6075520 288.7027565
vt 168.3404117 290.8567498
vt 165.7031765 283.5064902
vt 172.1418325 284.3947699
vt 170.8746922 286.5487632
vt 168.2374570 279.1985036
vt 174.6761130 280.0867834
vt 173.4089727 282.2407766
vt 172.0388777 272.7365237
vt 178.4775337 273.6248035
vt 177.2103934 275.7787968
vt 175.8402985 266.2745439
vt 182.2789544 267.1628236
vt 181.0118142 269.3168169
vt 178.3745789 261.9665573
vt 184.8132349 262.8548370
vt 183.5460947 265.0088303
vt 182.1759997 255.5045774
vt 187.3475154 258.5468504
vt 186.0803752 260.7008437
vt 184.7102802 251.1965908
vt 189.8817959 254.2388638
vt 188.6146556 256.3928571
vt 189.7788412 242.5806176
vt 194.9503569 245.6228907
vt 193.6832166 247.7768839
vt 191.0459814 240.4266243
vt 197.4846374 241.3149041
vt 196.2174971 243.4688974
vt 197.3816826 229.6566579
vt 203.8203386 230.5449376
vt 202.5531983 232.6989309
vt 199.8116659 225.5259647
vt 206.2278671 225.7273545
vt 205.2708987 228.0237813
vt 201.3380738 221.5011124
vt 207.1055298 223.1784306
vt 206.2975770 225.5432866
vt 207.2352403 222.6414512
vt 207.5109057 216.4589682
vt 207.6224740 217.2695005
vt 201.6224740 217.6824452
vt 206.8538603 214.1175063
vt 201.1572014 216.0243890
vt 206.6389906 213.5671320
vt 200.1711347 214.0872169
vt 205.4789786 211.2894309
vt 205.5053254 211.3399960
vt 199.1217902 212.1191713
vt 204.0510909 208.6901883
vt 204.3049519 209.0875440
vt 197.7575898 210.3141264
vt 201.0375048 204.7027550
vt 202.5442978 206.6964717
vt 193.2372106 204.3329764
vt 196.5171256 198.7216050
vt 198.0239186 200.7153216
vt 188.9831603 188.7530216
vt 190.4899533 190.7467383
vt 184.1964522 192.3706763
vt 185.9695741 184.7655882
vt 187.4763672 186.7593049
vt 182.6896591 190.3769596
vt 181.1828660 188.3832430
vt 179.8253204 186.5870034
vt 182.3779715 180.7385502
vt 184.1339371 182.4040505
vt 178.6719511 185.4930543
vt 181.4124970 180.1237616
vt 174.8395257 183.9841642
vt 176.1944127 178.1316339
vt 176.7618398 178.2927199
vt 170.4306250 177.2164423
vt 171.2733728 177.2472066
vt 170.6331052 183.2281290
vt 168.0095864 177.4704389
vt 166.8008144 184.0360298
vt 165.2092106 184.5321131
vt 165.0343909 178.3019088
vt 161.3453549 179.8720972
vt 162.6569854 179.0429168
vt 159.6502207 181.7083574
vt 162.3714543 187.6061229
vt 157.9397572 183.5613498
vt 157.9550866 183.5446177
vt 160.9655551 189.1523733
vt 155.8131373 186.0525471
vt 156.2602365 185.4085373
vt 160.0019443 191.0223789
vt 153.5236942 190.4954939
vt 154.6684158 188.2740205
vt 156.5677795 197.6867991
vt 150.0895295 197.1599141
vt 151.2342511 194.9384407
vt 154.2783364 202.1297459
vt 147.8000864 201.6028609
vt 148.9448079 199.3813875
vt 151.9888933 206.5726927
vt 145.5106432 206.0458077
vt 146.6553648 203.8243343
vt 148.5547286 213.2371129
vt 143.2212001 210.4887545
vt 144.3659216 208.2672811
vt 146.2652854 217.6800597
vt 139.7870354 217.1531746
vt 140.9317569 214.9317012
vt 143.9758423 222.1230064
vt 137.4975922 221.5961214
vt 138.6423138 219.3746480
vt 136.7556421 233.2932179
vt 135.0074274 235.0706994
vt 130.8351810 230.7561911
vt 126.5291071 241.4514809
vt 121.3096250 237.7065806
vt 123.2254509 236.4429026
vt 87.9897832 243.4907032
vt 88.1659624 237.0286007
vt 90.3740293 237.9847636
vt 78.7035656 238.5601305
vt 80.1974971 232.3455645
vt 81.9653700 233.5235851
vt 70.1608980 219.5952491
vt 71.3690984 221.5297816
vt 66.3006035 224.7409905
vt 57.4378747 192.6469590
vt 58.4965399 194.9005905
vt 53.0672439 197.4545591
vt 52.0046881 195.1926453
vt 51.9996255 195.1818123
vt 54.2797866 185.8539589
vt 55.3333228 188.1200995
vt 49.8925531 190.6495312
vt 48.8390169 188.3833907
vt 47.7854807 186.1172501
vt 53.2262504 183.5878184
vt 46.6270077 172.1556670
vt 48.2441811 174.0609443
vt 43.5639539 177.8188999
vt 42.0526334 176.0383336
vt 45.0098343 170.2503897
vt 40.4354600 174.1330563
vt 41.4180882 166.0842315
vt 41.7754874 166.4398351
vt 37.3648193 170.5153726
vt 39.5068808 164.4785170
vt 35.6629134 169.0855041
vt 39.4754872 164.4525033
vt 22.9650108 152.5916274
vt 27.2003326 155.2455632
vt 19.8304271 157.7080768
vt 26.1269591 161.6536073
vt 24.0144196 160.3298486
vt 20.6991083 151.2932886
vt 22.8610956 152.5293977
vt 17.9447312 156.6299365
vt 20.2331623 151.0775058
vt 10.4462693 147.5562041
vt 10.8361561 147.6684620
vt 8.9811047 153.3781140
vt 8.0063812 147.0293487
vt 6.7654553 152.8996794
vt 5.5037417 146.5338530
vt 7.9553072 147.0187838
vt 0.2267419 145.5142070
vt 0.6006106 145.5639912
vt -0.3782919 151.4866135
vt -2.2554046 145.3414749
vt -13.0174699 145.3864998
vt -12.4599348 145.3342370
vt -12.1787178 151.3342370
vt -15.4698466 145.8503424
vt -20.4080672 146.8543730
vt -17.9591343 146.3563175
vt -19.2122873 152.7340082
vt -23.2167695 147.4492040
vt -22.8570001 147.3524285
vt -21.4783251 153.1948672
vt -25.5805532 148.2454285
vt -23.6214582 153.9167669
vt -28.0102638 149.1465499
vt -25.6676311 148.2762607
vt -30.4911004 156.4688421
vt -32.5595962 157.4361065
vt -35.1799928 152.0378571
vt -37.5340133 153.3041502
vt -35.3354065 152.1161016
vt -42.1914128 155.8384059
vt -41.9312270 155.6802474
vt -38.9447337 160.8864068
vt -40.6545504 162.0485246
vt -46.4357148 159.2912598
vt -44.6385446 157.5547372
vt -44.2403156 157.2309918
vt -44.0636734 165.3426028
vt -48.2328850 161.0277824
vt -47.5455517 168.7069809
vt -53.6470000 166.6430953
vt -52.0402418 164.7292658
vt -49.0503987 170.4994226
vt -53.6497121 166.6463303
vt -53.7932577 176.1648696
vt -60.0548936 174.5846895
vt -58.5929593 172.5628986
vt -55.1522150 178.0442480
vt -60.1334650 174.6988107
vt -56.4835145 180.0768395
vt -62.8719993 178.8799297
vt -61.5027322 176.7893702
vt -61.8228229 188.3597090
vt -66.9640797 185.2661713
vt -65.6584960 183.1367176
vt -67.0148758 185.3522046
vt -65.5018382 194.8347517
vt -67.9709695 199.1804067
vt -70.7185728 191.8706869
vt -74.4222698 198.3891693
vt -73.1877041 196.2163419
vt -70.4401008 203.5260616
vt -76.8914011 202.7348242
vt -75.6568354 200.5619968
vt -74.1437978 210.0445439
vt -80.5950981 209.2533066
vt -79.3605324 207.0804791
vt -79.0820604 218.7358538
vt -84.2987950 215.7717890
vt -83.0642294 213.5989615
vt -85.5333607 217.9446164
vt -88.9892415 236.1099898
vt -94.1982437 233.1323571
vt -91.7178100 228.7931435
vt -90.2294583 238.2795966
vt -96.6786773 237.4715707
vt -95.4384605 235.3019639
vt -93.9501088 244.7884170
vt -99.1591110 241.8107843
vt -97.9188941 239.6411775
vt -100.3684471 255.7757115
vt -101.7734334 257.8424347
vt -105.3586985 252.4440576
vt -103.1784198 259.9091579
vt -110.9503817 260.6693771
vt -108.1404090 256.5359306
vt -121.2410998 281.1278392
vt -127.3263444 278.8489461
vt -125.6185611 277.0244440
vt -119.5466804 279.3281299
vt -125.6125919 277.0180854
vt -123.8995496 275.1985960
vt -126.4635893 286.7020835
vt -132.3490904 284.0510126
vt -130.6921132 282.4447491
vt -137.9680007 288.7263414
vt -136.1036281 287.1750522
vt -132.2659605 291.7872434
vt -138.5185798 296.4616664
vt -140.5990468 297.8462199
vt -143.9232169 292.8512331
vt -153.8806575 296.3274147
vt -151.9300124 295.9655019
vt -150.8354822 301.8648242
vt -159.2230361 290.2708316
vt -165.1914144 289.5852196
vt -153.2926149 302.3207081
vt -154.3079260 302.3343109
vt -147.5447110 295.1518754
vt -145.9212167 300.9530564
vt -148.3783494 301.4089403
vt -144.9303535 300.5790818
vt -145.9426609 294.1951756
vt -142.6795139 299.2307733
vt -142.8034706 299.3089665
vt -139.8343196 290.1300666
vt -136.4381127 295.0771129
vt -134.3025472 293.4771185
vt -136.2969222 294.9771594
vt -134.1869889 293.3856743
vt -128.2546365 288.4383136
vt -128.4239036 288.5903817
vt -126.3614696 286.5981617
vt -110.8519703 270.3699866
vt -110.8598377 270.3781231
vt -115.1692461 266.2033139
vt -109.1187588 268.5707357
vt -113.6169381 264.5918592
vt -108.7983652 268.1760508
vt -116.9058501 267.9925276
vt -112.6003831 272.1713975
vt -98.9793670 253.5805713
vt -100.3133315 255.6916412
vt -104.0870408 250.4315916
vt -98.9109761 253.4668443
vt -97.6707593 251.2972375
vt -101.6395446 246.1499980
vt -95.1903256 246.9580238
vt -96.4305425 249.1276307
vt -92.7098920 242.6188102
vt -91.4696751 240.4492034
vt -89.2378791 224.4548093
vt -82.7886188 225.2593608
vt -84.0283742 227.4315625
vt -88.0010637 222.2877576
vt -82.7857574 225.2543361
vt -80.3166261 220.9086812
vt -81.8296637 211.4261340
vt -75.3783635 212.2173714
vt -76.6129291 214.3901988
vt -69.2055352 201.3532341
vt -69.4840072 189.6978595
vt -68.2494415 187.5250320
vt -63.0327069 190.4890968
vt -57.8527817 182.1673989
vt -42.2665032 163.6060802
vt -39.7326202 154.4921988
vt -36.8802380 159.7708270
vt -32.9215696 150.9817793
vt -32.6955294 150.8871281
vt -30.3528966 150.0168390
vt -25.9207894 154.7709695
vt -14.3345719 151.7419953
vt 4.3394726 152.4198089
vt 1.8879071 151.9348780
vt 15.5346592 149.3729839
vt 15.8377201 155.8655554
vt 13.4884685 155.0132945
vt 31.8085606 165.9355956
vt 28.0795634 162.8881319
vt 35.6053493 161.2896947
vt 52.1727142 181.3216778
vt 46.7319445 183.8511096
vt 56.2719696 204.2393122
vt 55.2046288 201.9796407
vt 60.6298669 199.4170655
vt 58.4066513 208.7586551
vt 57.3393105 206.4989836
vt 63.8318894 206.1960799
vt 61.6972077 201.6767370
vt 62.7645485 203.9364084
vt 61.6086737 215.5376695
vt 60.5413329 213.2779980
vt 65.9665710 210.7154228
vt 62.6760146 217.7973409
vt 68.1012526 215.2347657
vt 69.1685935 217.4944371
vt 63.7433554 220.0570124
vt 64.8106962 222.3166838
vt 64.9787988 222.6245583
vt 74.1040038 225.6668763
vt 75.3207002 227.5073744
vt 69.0988088 228.9756560
vt 76.8510843 229.0584757
vt 78.6171585 230.7932416
vt 74.4126283 235.0736534
vt 72.5965207 233.2892251
vt 72.6297896 233.3224202
vt 76.6341803 237.1811974
vt 76.1954670 236.8248866
vt 80.9856026 239.9188450
vt 78.8363494 238.6436815
vt 86.1125892 235.9841526
vt 85.5285092 242.4186345
vt 83.3055113 241.2879068
vt 85.6964987 242.4976384
vt 96.8064593 240.7702094
vt 95.8028126 246.7057312
vt 94.8696368 246.4698975
vt 98.2895574 246.9211806
vt 98.7963868 240.9426149
vt 100.8029626 247.1202841
vt 98.3116945 246.9230160
vt 103.7598573 241.3356415
vt 103.3102215 247.3187754
vt 103.2942307 247.3175522
vt 113.7629256 246.8106726
vt 108.7858505 247.2689843
vt 112.9541193 240.8597662
vt 116.9462471 245.9793497
vt 116.6637553 246.0711077
vt 114.9514307 240.3187122
vt 119.2819401 245.0906034
vt 117.1481517 239.4828456
vt 119.3664264 238.6387776
vt 124.4429791 242.8274901
vt 124.0887351 243.0280624
vt 125.2909482 235.0805015
vt 128.6562698 240.0479175
vt 128.6152352 240.0754717
vt 134.7863011 235.2740747
vt 132.4280336 229.1366727
vt 134.0108526 227.3668127
vt 138.5189067 231.3266501
vt 138.5888155 231.2456167
vt 140.1810105 229.3320793
vt 135.3586561 225.7469909
vt 140.5416776 228.7874266
vt 142.8311207 224.3444798
vt 141.6863991 226.5659532
vt 145.1205638 219.9015330
vt 142.0764785 212.7102278
vt 147.4100070 215.4585863
vt 153.1336148 204.3512193
vt 152.3789726 192.7169673
vt 157.7125011 195.4653257
vt 158.8572227 193.2438523
vt 164.0588922 185.7781997
vt 179.0871684 179.2082407
vt 191.9967464 192.7404549
vt 187.2100383 196.3581097
vt 193.5035395 194.7341716
vt 195.0103325 196.7278883
vt 190.2236244 200.3455430
vt 196.2507967 208.3204097
vt 198.6488229 227.5026646
vt 200.0189179 237.0069175
vt 193.5802619 236.1186377
vt 194.8474021 233.9646445
vt 192.3131216 238.2726310
vt 187.2445607 246.8886042
vt 188.5117009 244.7346109
vt 191.1489361 252.0848705
vt 185.9774204 249.0425975
vt 180.9088594 257.6585707
vt 179.6417192 259.8125640
vt 177.1074387 264.1205506
vt 173.3060180 270.5825304
vt 169.5045972 277.0445103
vt 166.9703167 281.3524969
vt 164.4360363 285.6604835
vt 159.3674753 294.2764567
vt 160.6346155 292.1224634
vt 156.8331948 298.5844433
vt 153.0317740 305.0464231
vt 150.4155193 320.9784979
vt 145.3124692 317.8227286
vt 141.3692312 324.1991585
vt 142.6836439 322.0736819
vt 133.4827551 336.9520182
vt 113.7785749 380.5582725
vt 108.6439731 377.4541037
vt 109.9368936 375.3154854
vt 124.1274100 363.4877971
vt 119.0242157 360.3322609
vt 122.8213375 365.6006501
vt 117.7099044 362.4584420
vt 117.6944168 362.4837760
vt 122.9674538 353.9558311
vt 133.3281546 348.6096939
vt 126.9106918 347.5794012
vt 128.2251045 345.4539246
vt 104.7652115 383.8699584
vt 109.8998133 386.9741273
vt 104.7281312 395.5286003
vt 99.5935293 392.4244314
vt 95.7147678 398.8402862
vt 98.2635285 406.2216915
vt 91.8360062 405.2561409
vt 93.1289267 403.1175227
vt 96.9706080 408.3603097
vt 93.0918464 414.7761645
vt 87.9572446 411.6719957
vt 62.9914872 412.9608921
vt 61.4199608 411.0177925
vt 60.0785821 401.4912693
vt 62.1572751 402.8784849
vt 58.5351029 407.6746059
vt 56.7480207 406.4819968
vt 55.0128912 405.3240583
vt 57.9998892 400.1040538
vt 51.8266341 398.0996922
vt 52.4615956 398.2229678
vt 51.0005683 404.0514515
vt 48.6471952 397.9288018
vt 49.4041376 397.8963371
vt 49.2827737 403.9072522
vt 47.1959150 404.2643458
vt 46.1839317 398.3503040
vt 45.5424899 404.5472722
vt 40.3923442 401.0494038
vt 42.2846060 399.4422518
vt 44.3039507 405.5991990
vt 40.3379162 401.0967694
vt 36.4543866 404.5693309
vt 36.6072941 404.4229961
vt 40.6792940 408.8309468
vt 27.9488048 414.0985413
vt 32.7973135 417.6414786
vt 31.7003524 419.6096425
vt 30.5135406 421.7390161
vt 26.4594118 416.6885910
vt 24.0613887 421.2054338
vt 25.1852963 418.9797464
vt 29.4928905 423.7602214
vt 23.9272999 421.5124775
vt 27.8946453 428.0600193
vt 21.5747601 429.1026048
vt 22.0542783 426.6638744
vt 21.5424215 429.3024908
vt 20.6351624 436.7958008
vt 20.9046702 434.3154432
vt 20.6249735 437.3299529
vt 27.1256065 444.2509240
vt 21.1819194 445.0825629
vt 21.1499999 444.8087450
vt 21.5846954 447.5468903
vt 24.0952278 457.7148414
vt 23.2845362 455.3509229
vt 28.9857218 453.4793621
vt 29.7707523 455.7684544
vt 30.4967536 457.8854219
vt 25.1166849 460.5543203
vt 24.9059195 460.0787599
vt 31.4574436 459.6274221
vt 26.3084070 462.7152464
vt 26.5446567 463.0787641
vt 32.8358131 461.4457661
vt 28.0543188 465.0703091
vt 35.8366099 465.4044148
vt 31.0736431 469.0533993
vt 38.8234979 468.3556181
vt 40.7990010 469.8862123
vt 37.1242022 474.6291917
vt 39.6030658 476.4753652
vt 39.0997053 476.1597859
vt 42.5385251 471.2339730
vt 41.9573638 477.6405804
vt 41.8311273 477.5815225
vt 44.4367730 472.1763889
vt 44.2449481 478.6467064
vt 49.3313714 480.8308482
vt 48.8201167 480.6589585
vt 50.9878517 475.0576864
vt 51.7570871 481.4098808
vt 51.8245826 481.4251717
vt 60.2593298 477.0975984
vt 61.9498562 483.3123330
vt 59.4654943 483.0469341
vt 62.5807290 477.3455883
vt 61.9627943 483.3136868
vt 67.3354253 477.8326788
vt 67.3577321 483.8363831
vt 66.9349040 483.8230499
vt 69.8522579 483.7389425
vt 69.5956695 477.7443896
vt 72.3924605 483.6020144
vt 69.8970350 483.7368583
vt 77.4752128 483.2383685
vt 74.9923816 483.4596921
vt 77.9081054 483.1675848
vt 82.7685684 482.0025846
vt 88.3252784 474.4105300
vt 92.8102870 479.0126772
vt 90.5146634 480.0003229
vt 90.1422587 480.1322233
vt 97.6008068 476.9428257
vt 97.4015341 477.0373859
vt 94.9289231 471.5694453
vt 99.8161254 475.7899799
vt 97.0213021 470.4805769
vt 99.1912595 469.2989198
vt 102.0607109 474.5682887
vt 101.3612115 468.1172655
vt 104.3047988 473.3456584
vt 104.2554611 473.3731305
vt 103.1949559 467.0734714
vt 107.0397320 471.6934179
vt 106.4718280 472.1121536
vt 110.6858305 468.2747498
vt 118.3460844 461.0219239
vt 117.9780275 461.4374136
vt 113.6707629 457.2511073
vt 119.8210377 459.0086982
vt 119.8464330 458.9735040
vt 127.0916027 448.7780678
vt 127.0845310 448.7880621
vt 122.1901460 445.3174668
vt 128.5307935 446.7352352
vt 128.5900070 446.6479672
vt 132.6898008 440.3710511
vt 134.0563987 438.2787458
vt 138.1561924 432.0018298
vt 136.7895945 434.0941351
vt 140.8893883 427.8172191
vt 143.6225841 423.6326084
vt 147.7223779 417.3556924
vt 146.7987623 407.7977157
vt 151.8221716 411.0787764
vt 150.4555737 413.1710817
vt 153.1887695 408.9864710
vt 155.9219654 404.8018603
vt 158.6551612 400.6172497
vt 161.3883570 396.4326390
vt 159.0981436 388.9669677
vt 165.4881508 390.1557230
vt 164.1215529 392.2480283
vt 168.2213466 385.9711123
vt 175.0543362 375.5095856
vt 173.6877383 377.6018909
vt 177.7875321 371.3249749
vt 175.4973186 363.8593036
vt 180.5207279 367.1403642
vt 183.2539237 362.9557535
vt 179.5971123 357.5823875
vt 185.9871196 358.7711428
vt 184.6205217 360.8634482
vt 182.3303082 353.3977769
vt 188.7203154 354.5865322
vt 187.3537175 356.6788375
vt 185.0635040 349.2131662
vt 190.0869133 352.4942268
vt 192.8201092 348.3096161
vt 195.5533050 344.1250054
vt 193.2630915 336.6593341
vt 199.6530988 337.8480894
vt 198.2865008 339.9403948
vt 197.3628853 330.3824181
vt 202.3862946 333.6634787
vt 201.0196967 335.7557841
vt 200.0960811 326.1978074
vt 205.1194904 329.4788681
vt 203.7528925 331.5711734
vt 207.8526863 325.2942574
vt 210.5858821 321.1096467
vt 209.2192842 323.2019520
vt 213.3190779 316.9250360
vt 212.3954624 307.3670593
vt 217.4188717 310.6481200
vt 216.0522738 312.7404253
vt 215.1286582 303.1824487
vt 220.1520675 306.4635093
vt 218.7854696 308.5558146
vt 222.8852634 302.2788986
vt 220.5950499 294.8132273
vt 225.6184592 298.0942879
vt 228.3516550 293.9096773
vt 226.9850571 296.0019826
vt 226.0614416 286.4440059
vt 231.0848509 289.7250666
vt 233.8180467 285.5404559
vt 244.8309072 268.8770065
vt 249.4851094 250.9784131
vt 255.8675985 252.2068937
vt 254.4880121 254.2906578
vt 261.3859442 243.8718373
vt 264.1451170 239.7043091
vt 273.8022219 225.1179603
vt 272.9380784 215.5544234
vt 279.3205675 216.7829039
vt 277.9409811 218.8666680
vt 284.8389132 208.4478475
vt 291.7368453 198.0290270
vt 294.4960181 193.8614988
vt 309.6525550 170.9208971
vt 317.9067632 158.4029108
vt 295.0114611 182.2141977
vt 300.0143637 185.5264424
vt 298.6347773 187.6102065
vt 296.3900268 180.1319752
vt 302.7730060 181.3541317
vt 301.3959895 183.4395938
vt 345.5886867 104.8655602
vt 350.6426765 108.0993177
vt 349.2957809 110.2043602
vt 342.8948955 109.0756451
vt 347.9488853 112.3094026
vt 341.5479999 111.1806876
vt 346.6019896 114.4144450
vt 340.2011042 113.2857300
vt 345.2550940 116.5194875
vt 328.9123741 141.7122624
vt 342.5613027 120.7295724
vt 341.2144071 122.8346148
vt 334.8135217 121.7058998
vt 339.8675115 124.9396572
vt 330.7757774 127.9868468
vt 335.8028895 131.2622497
vt 335.7908809 131.2806071
vt 337.1632668 129.1659645
vt 337.1737202 129.1497421
vt 253.1084257 256.3744219
vt 246.2104936 266.7932424
vt 242.0717344 273.0445347
vt 355.0169561 90.1302632
vt 361.4178415 91.2589782
vt 360.0709459 93.3640206
vt 384.8486073 55.8974395
vt 383.4580397 57.9738916
vt 378.4726924 54.6352823
vt 402.9259857 28.9035621
vt 402.1306109 19.3133794
vt 406.3615906 13.1241311
vt 414.8235499 0.7456344
vt 419.7767988 4.1316830
vt 416.2338764 -1.3174483
vt 417.6442030 -3.3805311
vt 421.1871254 2.0686003
vt 419.0545296 -5.4436139
vt 420.4648561 -7.5066966
vt 424.0077785 -2.0575653
vt 428.2387581 -8.2468136
vt 426.8284316 -6.1837308
vt 421.8751827 -9.5697794
vt 429.6490847 -10.3098964
vt 424.6958358 -13.6959449
vt 432.4697378 -14.4360619
vt 431.0594113 -12.3729791
vt 427.5164889 -17.8221105
vt 433.8800644 -16.4991447
vt 428.9268154 -19.8851933
vt 430.3371420 -21.9482760
vt 435.2903909 -18.5622274
vt 431.7474685 -24.0113588
vt 433.1577951 -26.0744416
vt 436.7007175 -20.6253102
vt 439.5213706 -24.7514758
vt 438.1110440 -22.6883930
vt 440.9316971 -26.8145585
vt 435.9784482 -30.2006071
vt 443.7523503 -30.9407241
vt 442.3420237 -28.8776413
vt 437.3887748 -32.2636899
vt 445.1626768 -33.0038068
vt 440.2094279 -36.3898554
vt 441.6197544 -38.4529382
vt 446.5730034 -35.0668896
vt 443.0300810 -40.5160210
vt 444.3526404 -42.4507144
vt 447.9833299 -37.1299724
vt 449.5554445 -39.4582210
vt 449.3936565 -39.1930552
vt 446.8373062 -49.9028597
vt 446.6854012 -51.2076707
vt 452.8077139 -50.5051286
vt 452.8233912 -50.3215276
vt 452.9594347 -47.8261672
vt 446.9355717 -48.1004368
vt 452.5248214 -52.9350777
vt 451.6700057 -54.7057390
vt 452.2465939 -53.8924276
vt 449.9060185 -56.4759596
vt 448.1009801 -58.2400116
vt 447.0176151 -58.9179650
vt 437.7416766 -57.7418276
vt 440.0784541 -58.5180772
vt 439.8110090 -52.1068494
vt 437.3947386 -57.6020067
vt 428.2431695 -53.2281649
vt 428.3740908 -53.2946620
vt 431.0257380 -47.9118968
vt 429.0616063 -46.8530322
vt 426.0500921 -52.0458755
vt 425.7337403 -51.8490453
vt 423.1188581 -42.6219948
vt 419.6011949 -47.4826825
vt 419.6263267 -47.5007717
vt 415.5577448 -44.5340172
vt 417.5753849 -46.0086223
vt 421.1132134 -41.1626158
vt 415.4186490 -37.0007073
vt 411.5224647 -41.5848072
vt 409.3959050 -38.9854704
vt 410.9006669 -40.9733716
vt 414.1943514 -35.3833200
vt 409.3672601 -38.9469929
vt 403.4622673 -30.8812403
vt 399.0335228 -24.8319259
vt 396.0810264 -20.7990496
vt 397.9697901 -13.2218536
vt 395.0172937 -9.1889773
vt 388.6997855 -10.7168588
vt 390.5885491 -3.1396629
vt 387.6360528 0.8932134
vt 385.7472891 -6.6839825
vt 381.7310601 8.9589660
vt 380.2548119 10.9754042
vt 375.4135519 7.4310845
vt 375.8260673 17.0247186
vt 374.3498191 19.0411568
vt 369.5085591 15.4968371
vt 366.5560628 19.5297134
vt 368.4448264 27.1069094
vt 363.6035664 23.5625897
vt 354.7460773 35.6612186
vt 351.7935809 39.6940949
vt 348.8410846 43.7269712
vt 347.7773518 55.3370435
vt 342.9360918 51.7927238
vt 344.8248555 59.3699198
vt 338.5073473 57.8420383
vt 339.9835955 55.8256001
vt 337.0310991 59.8584764
vt 335.9673664 71.4685487
vt 331.1261064 67.9242290
vt 183.0512610 40.3884339
vt 173.3254964 38.0787137
vt 174.3705876 44.4937831
vt 171.9391464 43.9163531
vt 169.5077053 43.3389230
vt 168.4626141 36.9238536
vt 170.8940553 37.5012836
vt 167.0762641 42.7614930
vt 156.3054084 34.0367034
vt 154.9190584 39.8743427
vt 139.2853204 29.9946930
vt 136.8538792 29.4172630
vt 127.1281146 27.1075428
vt 129.5595558 27.6849728
vt 125.7417646 32.9451822
vt 120.8788824 31.7903221
vt 118.4474412 31.2128920
vt 119.8337912 25.3752526
vt 114.9709089 24.2203925
vt 112.5394678 23.6429625
vt 107.6765855 22.4881024
vt 106.2902355 28.3257418
vt 103.8587943 27.7483117
vt 105.2451443 21.9106724
vt 100.3822620 20.7558123
vt 102.8137032 21.3332423
vt 98.9959120 26.5934517
vt 86.8387063 23.7063014
vt 90.6564974 18.4460921
vt 84.4072652 23.1288714
vt 85.7936151 17.2912320
vt 78.4992917 15.5589418
vt 76.0678505 14.9815118
vt 74.6815006 20.8191512
vt 66.3420860 12.6717916
vt 69.8186183 19.6642911
vt 61.4792037 11.5169315
vt 63.9106448 12.0943615
vt 62.5242948 17.9320009
vt 54.1848802 9.7846414
vt 56.6163214 10.3620714
vt 52.7985302 15.6222807
vt 50.3670891 15.0448507
vt 45.5042068 13.8899906
vt 46.8905568 8.0523512
vt 44.4591156 7.4749212
vt 43.0727657 13.3125606
vt 37.1647922 5.7426310
vt 42.0276745 6.8974911
vt 40.6413245 12.7351305
vt 35.7784422 11.5802704
vt 33.3470011 11.0028404
vt 32.3019099 4.5877709
vt 34.7333510 5.1652010
vt 29.8704688 4.0103409
vt 30.9155599 10.4254103
vt 28.4841188 9.8479803
vt 20.1447042 1.7006207
vt 18.7583542 7.5382601
vt 17.7132630 1.1231906
vt 16.3269130 6.9608300
vt 13.8954719 6.3834000
vt 11.4640307 5.8059699
vt 15.2818219 0.5457606
vt 10.4189396 -0.6090995
vt 12.8503807 -0.0316695
vt 7.9874984 -1.1865296
vt 6.6011484 4.6511098
vt 3.1246161 -2.3413897
vt 5.5560573 -1.7639596
vt 1.7382662 3.4962497
vt -0.6931750 2.9188197
vt -0.7297902 2.9098808
vt 0.7115107 -2.9144653
vt -6.5421943 -4.7336748
vt -4.1181995 -4.1257435
vt -5.5777799 1.6940181
vt -8.0017748 1.0860868
vt -10.4257696 0.4781554
vt -11.3901840 -5.9495375
vt -8.9661891 -5.3416062
vt -12.8497644 -0.1297759
vt -16.2381737 -7.1654002
vt -13.8141788 -6.5574689
vt -17.6977541 -1.3456386
vt -18.6621685 -7.7733316
vt -20.1217490 -1.9535700
vt -21.0861633 -8.3812629
vt -22.5457438 -2.5615013
vt -23.5101582 -8.9891942
vt -24.9697386 -3.1694327
vt -34.6657180 -5.6011580
vt -53.2430877 -15.2376732
vt -63.5117231 -15.3426539
vt -69.2402484 -14.0156938
vt -71.6201245 -13.2531183
vt -69.7892595 -7.5392813
vt -78.9120079 -10.4827933
vt -82.5851622 -1.5115144
vt -96.3309758 1.9342852
vt -99.3332129 5.9302704
vt -99.7990152 19.9302182
vt -105.3779484 17.7221371
vt -107.3786601 41.4279378
vt -105.7955854 49.1385940
vt -99.4329616 60.9919089
vt -72.2421614 71.1069866
vt -83.3824102 70.5512754
vt -56.9181497 62.6851143
vt -61.9594657 59.4169697
vt -60.1812912 54.1640265
vt -55.7183944 43.8286625
vt -24.1332061 65.9751393
vt -73.2918420 126.1428611
vt -101.0950685 158.4830039
vt -115.5125097 165.7610067
vt -112.6651493 171.6037689
vt -123.7669449 175.4277375
vt -137.7351819 226.8498564
vt -138.5397513 229.2158656
vt -144.2202954 227.2841775
vt -147.4163229 255.2944947
vt -159.8476307 272.1788392
vt -153.3579884 271.7137350
vt -159.8317371 272.1304311
vt -165.3511755 292.0791739
vt -140.1974483 215.4541314
vt -144.1717371 245.7779301
vt -150.6568506 246.2122512
vt -60.9728963 110.7925063
vt -52.4396023 101.6647365
vt -65.6908023 116.2253270
vt -38.7829650 86.9694574
vt -27.8155229 72.6301119
vt -38.7027558 86.8756971
vt -21.8573001 61.2706373
vt -20.8304973 45.0332920
vt -24.0986025 32.0551547
vt -26.1704494 27.1516765
vt -28.5126159 22.7362963
vt -28.5775652 22.6201539
vt -36.0931630 21.6866104
vt -38.3080029 12.9500569
vt -43.9953778 11.6676499
vt -57.4204773 22.7896757
vt -59.3239646 26.2027064
vt -64.9879339 24.2211000
vt -62.1343504 19.0749578
vt -103.2847771 12.9551461
vt -97.8703751 15.5405379
vt 101.4273532 27.1708817
vt 145.1932938 37.5646226
vt 149.0110850 32.3044132
vt 146.5796438 31.7269832
vt 186.5277933 47.3809334
vt 187.9141433 41.5432940
vt 192.7770256 42.6981541
vt 202.5027902 45.0078743
vt 205.9793225 52.0003737
vt 241.4082397 54.2248892
vt 251.1360913 56.5258036
vt 276.5066187 68.6922104
vt 277.8876833 62.8533183
vt 264.3468042 65.8160674
vt 286.2344703 70.9931249
vt 291.0983961 72.1435821
vt 326.2129760 78.5363511
vt 331.9466857 76.2103031
vt 393.1285301 -16.7661733
vt 400.5097710 -26.8483640
vt 400.7217735 21.4120486
vt 336.1604173 119.6008573
vt 398.7542830 35.1329185
vt 386.8160978 42.1765697
vt 391.8014452 45.5151790
vt 344.2417911 106.9706027
vt 351.9895721 105.9942753
vt 346.9355824 102.7605178
vt 368.1617965 80.8148648
vt 363.1764491 77.4762555
vt 362.7647372 89.1539358
vt 356.3638518 88.0252207
vt 350.9762693 96.4453905
vt 404.9512640 15.1872138
vt 334.4151796 133.3669382
vt 329.4061139 130.0640211
vt 322.0338673 152.1439176
vt 315.1553604 162.5755729
vt 305.5254509 177.1798902
vt 300.5163852 173.8769732
vt 195.9962874 332.4747234
vt 198.7294832 328.2901128
vt 258.6267713 248.0393655
vt 253.6238687 244.7271208
vt 255.0034551 242.6433567
vt 250.8646958 248.8946490
vt 252.2442822 246.8108849
vt 211.0288645 309.4593647
vt 213.7620603 305.2747540
vt 242.5871773 261.3972336
vt 241.2075909 263.4809977
vt 221.9616478 292.7209220
vt 236.5536223 281.3792383
vt 231.5500190 278.0680522
vt 232.9300725 275.9835824
vt 293.6318746 184.2979618
vt 116.1549783 463.1467477
vt 112.0510435 458.7697944
vt 57.9697068 476.6065853
vt 33.1731958 471.5680032
vt 26.9602605 441.8956363
vt 78.9424099 419.6401975
vt 83.8485271 425.3271163
vt 97.0076883 396.7016679
vt 102.1793704 388.1471949
vt 106.0210517 393.3899820
vt 124.2818664 351.8303545
vt 129.3849165 354.9861237
vt 129.5395171 343.3284480
vt 134.6425672 346.4842173
vt 138.5858053 340.1077874
vt 146.4722813 327.3549277
vt 175.9432532 277.9327901
vt 179.7446739 271.4708102
vt 192.4160764 249.9308772
vt 198.7517776 239.1609108
vt 196.1145424 231.8106512
vt 201.2860581 234.8529242
vt 205.0874788 228.3909443
vt 200.6516360 223.5102975
vt 207.6224740 219.7685666
vt 184.4627811 182.7718716
vt 173.7331710 177.6884824
vt 168.9114310 183.4087538
vt 167.4679506 177.5783789
vt 53.0699472 197.4602978
vt 48.4416999 174.3211361
vt 38.8182866 172.2277790
vt 43.3926608 168.3451124
vt 37.5404183 162.8710990
vt 29.3179935 156.5725311
vt 17.8839107 150.2252448
vt 13.1854077 148.5207229
vt -2.5679290 151.3342370
vt -2.4636703 145.3342370
vt -34.6816312 158.5827784
vt -50.0300552 162.7643050
vt -51.8272255 164.5008276
vt -58.4622560 172.3950175
vt -60.5667699 186.3110415
vt -65.6105337 183.0610487
vt -64.2412665 180.9704892
vt -100.3993278 243.9803912
vt -102.8797615 248.3196048
vt -123.8680316 275.1656254
vt -122.1274863 273.3723510
vt -156.6773222 301.9600660
vt -149.4728797 295.5096180
vt -124.6536863 284.7736597
vt -130.3449320 290.1888125
vt -105.9883925 264.0426044
vt -107.3933788 266.1093276
vt -85.2685910 229.6011693
vt -86.5088078 231.7707761
vt -71.6746665 205.6988890
vt -64.2672726 192.6619243
vt -59.2220488 184.2579584
vt 67.0339118 212.9750942
vt 70.8440155 231.5129958
vt 70.4769520 231.0603749
vt 83.1348559 241.1940085
vt 114.2722382 246.7189485
vt 121.8483229 244.1028396
vt 150.8441717 208.7941661
vt 155.4230580 199.9082725
vt 188.7168314 198.3518263
vt 183.4431399 253.3505841
vt 174.5731582 268.4285372
vt 170.7717375 274.8905170
vt 163.2718507 299.4727230
vt 158.1003350 296.4304500
vt 159.4704300 305.9347029
vt 154.2989143 302.8924299
vt 136.1115805 332.7010649
vt 113.8156552 368.8996307
vt 115.1085757 366.7610125
vt 107.3510525 379.5927219
vt 100.8864499 390.2858132
vt 147.9412945 313.5717754
vt 62.6877682 403.3296917
vt 43.7206681 398.7718063
vt 38.4726051 402.7598827
vt 27.6760619 414.5056815
vt 22.1858903 426.1974341
vt 23.0565951 423.8549558
vt 26.8665789 434.9910225
vt 20.9111410 434.2605964
vt 20.9749911 442.3158143
vt 34.3454752 463.4373112
vt 29.5639809 467.0618542
vt 46.5325324 479.6528325
vt 59.1551122 482.9972148
vt 64.4488492 483.5683684
vt 74.5118267 477.4787380
vt 74.8878861 483.4671706
vt 87.7429831 480.8078949
vt 99.8659607 475.7634468
vt 194.6296894 334.5670288
vt 250.3492529 260.5419501
vt 260.0063577 245.9556014
vt 269.6634626 231.3692527
vt 282.0797404 212.6153757
vt 308.2768536 173.0072281
vt 312.4039577 166.7482350
vt 348.2824780 100.6554754
vt 354.6833634 101.7841904
vt 353.3364678 103.8892328
vt 301.3939502 183.4426783
vt 331.6637768 137.5396003
vt 379.8632600 52.5588302
vt 381.2538276 50.4823781
vt 386.2391749 53.8209874
vt 409.9045129 18.5732624
vt 422.5974519 0.0055175
vt 425.4181050 -4.1206480
vt 426.1061623 -15.7590277
vt 434.5681217 -28.1375243
vt 438.7991013 -34.3267727
vt 452.7906707 -46.6582283
vt 449.8775541 -56.5041456
vt 435.1395767 -56.5251705
vt 406.4147637 -34.9141166
vt 383.2073082 6.9425279
vt 378.3660482 3.3982082
vt 360.6510700 27.5954660
vt 341.4598436 53.8091620
vt 334.0786027 63.8913527
vt 159.7819407 41.0292028
vt 128.1732058 33.5226122
vt 88.2250563 17.8686620
vt 81.9758240 22.5514413
vt 77.1129417 21.3965812
vt 64.9557360 18.5094310
vt 51.7534391 9.2072113
vt 4.1697073 4.0736798
vt -15.2737593 -0.7377073
vt -33.2061376 -11.4209196
vt -76.5183553 -4.9809007
vt -94.0873336 -0.1766340
vt -107.4134196 41.1531397
vt -107.6118093 38.6673782
vt -96.2374249 55.3992611
vt -100.9928332 59.0606262
vt -57.8018623 36.4105469
vt -126.4451462 193.8235000
vt -132.0648625 191.7213584
vt -127.7537739 182.1756486
vt -122.5804915 185.2149166
vt -165.0927768 288.9910867
vt -138.5883095 210.7221130
vt -68.7312182 120.1923406
vt -67.0902421 108.5506080
vt -32.3621820 79.1476683
vt -32.9903523 69.5934736
vt -20.7378769 55.7249205
vt -45.1970672 17.5460802
vt -59.5468870 29.4539650
vt -65.4547839 30.5012998
vt 60.0928537 17.3545709
vt 265.7278687 59.9771753
vt 316.7990897 72.0569761
vt 346.3011037 57.3534816
vt 365.4923300 31.1397857
vt 405.3510310 -23.3040444
vt 400.7235659 21.4093753
vt 393.1920127 43.4387269
vt 356.0302590 99.6791480
vt 349.6293736 98.5504329
vt 402.1163540 19.3344257
vt 204.1958749 319.9208914
vt 129.0329894 434.9976852
vt 70.8440773 412.8603010
vt 82.0262726 419.6103153
vt 89.2501651 409.5333774
vt 201.6224740 219.5509647
vt 165.0724414 178.2903251
vt 149.6994501 211.0156395
vt 44.7260538 179.5364689
vt 29.3282234 156.5789700
vt 11.1392170 154.1610335
vt -129.0341276 280.6734482
vt -155.3878411 296.0893558
vt -141.8427499 291.4666796
vt -122.9459030 282.9491576
vt -77.8474948 216.5630263
vt 59.4739921 211.0183265
vt 92.6673139 238.9778284
vt 92.5763522 245.4768327
vt 90.2830677 244.4837680
vt 121.6176330 244.2018570
vt 136.8529749 233.1894444
vt 191.7304175 202.3392597
vt 140.0548185 326.3246351
vt 64.3767991 405.1439995
vt 25.2427616 418.8715005
vt 46.6605529 473.1544525
vt 48.9481372 474.1605785
vt 90.4390516 473.5011218
vt 92.7346752 472.5134762
vt 95.1059105 478.0250316
vt 114.3319290 464.8560817
vt 125.6369114 450.8251505
vt 276.5613947 220.9504321
vt 279.8360105 205.1356028
vt 286.2184996 206.3640834
vt 324.7852700 147.9712555
vt 326.1609714 145.8849245
vt 247.5900800 264.7094783
vt 418.3664723 6.1947658
vt 451.9683495 -44.3444038
vt 445.6700396 -52.2266202
vt 437.7249492 -51.1107593
vt 433.2146253 -48.9570869
vt 359.1748218 29.6119042
vt 343.3486073 61.3863579
vt 122.2652323 25.9526827
vt 9.0325896 5.2285399
vt -67.4093834 -8.3018568
vt -101.6252413 38.2600275
vt -101.1578584 58.8356598
vt -57.2788159 63.1835535
vt -58.4891569 34.0078489
vt -84.2178237 140.1540165
vt -88.6585102 136.1187055
vt -117.1653783 167.6354017
vt -159.0321815 269.7632040
vt -47.3196259 96.1880747
vt -37.0007320 75.3419024
vt -29.6755990 34.2680962
vt 55.2299714 16.1997108
vt 258.4319800 58.2514895
vt 312.9860622 77.3206396
vt 376.8898000 5.4146464
vt 369.5523640 78.7384127
vt 49.8299628 176.3729711
vt -16.7633545 152.2359527
vt -117.8220193 277.5512209
vt -134.1825997 285.5766214
vt -114.3409285 273.9646720
vt 64.8992302 208.4557513
vt 59.9140998 409.1558842
vt 28.6806439 425.9454282
vt 56.7116024 482.4732004
vt 120.7460724 447.3495652
vt 288.9776724 202.1965552
vt 237.9329751 279.2958270
vt 446.3587052 -46.4772657
vt 417.5804810 -46.0123386
vt -95.9501194 1.5161280
vt -159.0109042 269.7023720
vt -143.4157260 224.9181683
vt -45.6129671 94.3625207
vt 166.0311730 36.3464235
vt 358.7240503 95.4690631
vt 183.6969061 351.3054715
vt 180.9637103 355.4900822
vt 64.6956320 414.9678949
vt 185.7032452 194.3643930
vt 50.0656417 176.7893967
vt -157.3610631 301.7668900
vt -120.3869409 271.5790765
vt -118.6463955 269.7858021
vt 84.0471387 234.7587097
vt 130.8539298 341.2029714
vt 64.5136163 405.3016200
vt 135.4675292 35.2549024
vt -49.9959339 90.2650090
vt -116.0814739 275.7579464
vt 66.0851427 407.2447197
vt 249.7550268 62.3646957
vt 136.3528707 223.8175948
vt 164.5389910 297.3187297
vt 257.2471849 250.1231296
vt -129.6894879 203.1897643
vt 85.3714035 415.9492322
vt 124.1892918 452.8622389
vt -112.3553681 262.7361003
vt -106.7354227 254.4692074
vt -102.2229498 150.7562271
vt -90.4775932 226.6235366
vt -29.4184540 63.1350416
vt -28.2961971 61.0465903
vt -22.9502741 63.7737753
vt -22.8387764 63.5431861
vt -45.8608436 167.0791253
vt -26.6596030 47.9085065
vt -28.2634222 155.6412587
vt -27.6754066 40.9594097
vt -23.1768880 34.3780352
vt -15.5102015 145.8582620
vt 3.0521762 146.0489221
vt -31.1184020 18.3111859
vt -31.5754772 17.7202201
vt 31.4400034 157.9141327
vt 31.7352114 158.1268860
vt -55.2781332 13.4440246
vt 33.7436296 167.5169999
vt 51.1191779 179.0555373
vt 45.6784082 181.5849691
vt -63.5704924 38.0606703
vt -58.9412956 65.0445936
vt 54.1372880 199.7199693
vt -63.4019141 61.0316988
vt 59.5625261 197.1573941
vt 66.3425224 224.8062182
vt 67.7206656 226.8909371
vt 72.7258606 223.5821574
vt -83.2552436 64.0528786
vt -97.5429961 53.4339840
vt 94.9605984 239.9708932
vt 101.2765830 241.1390063
vt -107.6197009 38.5272056
vt 105.9949013 241.5006026
vt -107.7017534 36.0294868
vt 105.8014038 247.5026413
vt -101.7049883 35.8324874
vt 106.2973130 247.4981402
vt 108.2356709 241.2942624
vt -101.7418550 28.5513028
vt 127.2156995 233.7649228
vt -100.7105220 22.2454614
vt 130.7178472 238.6388173
vt 130.9427140 238.4690964
vt -88.2206776 2.6211650
vt -80.4801269 -2.8584212
vt 172.6727734 183.5940356
vt 176.8890973 184.7911149
vt -51.3079303 -9.0327964
vt 207.5910722 220.2014928
vt 96.5644709 26.0160216
vt 97.9508209 20.1783822
vt 63.0374001 413.0162887
vt 323.2293344 72.7619928
vt 57.2635855 399.7468745
vt 42.4655688 407.2383023
vt 37.4188672 412.3149672
vt 443.7683086 -52.8934235
vt 451.8698660 -44.1014888
vt 450.8306372 -41.8287514
vt 27.5018293 446.5527896
vt 445.4159457 -44.4155017
vt 21.5937544 447.5993840
vt 450.7407457 -41.6484336
vt 22.0405878 450.0581787
vt 27.9439003 448.9853777
vt 28.3644601 451.2995963
vt 423.2855092 -11.6328622
vt 22.4874212 452.5169734
vt 22.5539718 452.8028657
vt 23.2371928 455.2000222
vt 35.1486990 473.0985974
vt 119.2984528 449.3866535
vt 65.0603133 477.5996070
vt 72.0687143 477.6107551
vt 83.8002772 475.5853493
vt 81.3700457 476.1678495
vn 0 0 1
f 1/1/1 2/2/1 3/3/1
f 2/2/1 4/4/1 5/5/1
f 6/6/1 5/5/1 4/4/1
f 7/7/1 8/8/1 9/9/1
f 10/10/1 11/11/1 12/12/1
f 13/13/1 14/14/1 15/15/1
f 16/16/1 17/17/1 14/14/1
f 14/14/1 18/18/1 16/16/1
f 19/19/1 20/20/1 21/21/1
f 22/22/1 23/23/1 24/24/1
f 25/25/1 26/26/1 23/23/1
f 27/27/1 28/28/1 29/29/1
f 30/30/1 31/31/1 28/28/1
f 32/32/1 33/33/1 34/34/1
f 32/32/1 35/35/1 33/33/1
f 36/36/1 37/37/1 38/38/1
f 39/39/1 40/40/1 41/41/1
f 39/39/1 42/42/1 40/40/1
f 43/43/1 44/44/1 45/45/1
f 46/46/1 47/47/1 48/48/1
f 46/46/1 49/49/1 47/47/1
f 50/50/1 51/51/1 52/52/1
f 53/53/1 50/50/1 52/52/1
f 54/54/1 55/55/1 56/56/1
f 54/54/1 57/57/1 55/55/1
f 58/58/1 59/59/1 60/60/1
f 58/58/1 61/61/1 59/59/1
f 62/62/1 63/63/1 64/64/1
f 62/62/1 65/65/1 63/63/1
f 66/66/1 67/67/1 68/68/1
f 69/69/1 70/70/1 71/71/1
f 72/72/1 73/73/1 70/70/1
f 74/74/1 75/75/1 76/76/1
f 75/75/1 77/77/1 76/76/1
f 78/78/1 79/79/1 77/77/1
f 77/77/1 80/80/1 81/81/1
f 82/82/1 83/83/1 84/84/1
f 83/83/1 85/85/1 86/86/1
f 83/83/1 87/87/1 85/85/1
f 88/88/1 89/89/1 90/90/1
f 91/91/1 90/90/1 89/89/1
f 90/90/1 92/92/1 93/93/1
f 94/94/1 95/95/1 92/92/1
f 96/96/1 97/97/1 98/98/1
f 99/99/1 100/100/1 101/101/1
f 102/102/1 103/103/1 100/100/1
f 104/104/1 105/105/1 106/106/1
f 107/107/1 108/108/1 105/105/1
f 109/109/1 110/110/1 111/111/1
f 112/112/1 113/113/1 110/110/1
f 112/112/1 114/114/1 115/115/1
f 116/116/1 117/117/1 118/118/1
f 118/118/1 119/119/1 116/116/1
f 117/117/1 120/120/1 121/121/1
f 117/117/1 122/122/1 120/120/1
f 123/123/1 124/124/1 125/125/1
f 123/123/1 126/126/1 127/127/1
f 128/128/1 129/129/1 130/130/1
f 131/131/1 132/132/1 129/129/1
f 133/133/1 134/134/1 135/135/1
f 136/136/1 137/137/1 138/138/1
f 139/139/1 140/140/1 141/141/1
f 142/142/1 143/143/1 144/144/1
f 145/145/1 146/146/1 147/147/1
f 148/148/1 149/149/1 150/150/1
f 151/151/1 152/152/1 153/153/1
f 154/154/1 155/155/1 156/156/1
f 157/157/1 158/158/1 153/153/1
f 159/159/1 160/160/1 151/151/1
f 161/161/1 162/162/1 163/163/1
f 164/164/1 165/165/1 166/166/1
f 165/165/1 167/167/1 168/168/1
f 168/168/1 166/166/1 165/165/1
f 169/169/1 170/170/1 171/171/1
f 172/172/1 173/173/1 174/174/1
f 173/173/1 175/175/1 155/155/1
f 176/176/1 177/177/1 178/178/1
f 179/179/1 180/180/1 181/181/1
f 182/182/1 183/183/1 184/184/1
f 185/185/1 182/182/1 186/186/1
f 186/186/1 187/187/1 185/185/1
f 187/187/1 188/188/1 185/185/1
f 189/189/1 184/184/1 190/190/1
f 191/191/1 192/192/1 193/193/1
f 194/194/1 195/195/1 196/196/1
f 197/197/1 198/198/1 199/199/1
f 200/200/1 201/201/1 199/199/1
f 199/199/1 202/202/1 200/200/1
f 203/203/1 204/204/1 205/205/1
f 203/203/1 206/206/1 204/204/1
f 207/207/1 208/208/1 209/209/1
f 194/194/1 210/210/1 211/211/1
f 212/212/1 213/213/1 214/214/1
f 215/215/1 216/216/1 210/210/1
f 217/217/1 218/218/1 219/219/1
f 220/220/1 221/221/1 222/222/1
f 223/223/1 224/224/1 225/225/1
f 224/224/1 226/226/1 227/227/1
f 228/228/1 227/227/1 229/229/1
f 229/229/1 230/230/1 231/231/1
f 232/232/1 231/231/1 233/233/1
f 233/233/1 234/234/1 235/235/1
f 236/236/1 237/237/1 238/238/1
f 239/239/1 240/240/1 241/241/1
f 242/242/1 241/241/1 240/240/1
f 240/240/1 243/243/1 242/242/1
f 238/238/1 242/242/1 236/236/1
f 237/237/1 244/244/1 245/245/1
f 246/246/1 247/247/1 248/248/1
f 249/249/1 248/248/1 247/247/1
f 247/247/1 250/250/1 249/249/1
f 251/251/1 252/252/1 253/253/1
f 254/254/1 255/255/1 256/256/1
f 257/257/1 258/258/1 259/259/1
f 260/260/1 261/261/1 262/262/1
f 263/263/1 264/264/1 265/265/1
f 266/266/1 267/267/1 264/264/1
f 267/267/1 265/265/1 264/264/1
f 268/268/1 262/262/1 261/261/1
f 262/262/1 269/269/1 270/270/1
f 271/271/1 259/259/1 258/258/1
f 272/272/1 273/273/1 274/274/1
f 275/275/1 276/276/1 277/277/1
f 278/278/1 279/279/1 280/280/1
f 208/208/1 207/207/1 281/281/1
f 199/199/1 201/201/1 197/197/1
f 282/282/1 214/214/1 191/191/1
f 283/283/1 284/284/1 285/285/1
f 286/286/1 287/287/1 288/288/1
f 289/289/1 290/290/1 291/291/1
f 292/292/1 293/293/1 294/294/1
f 295/295/1 296/296/1 297/297/1
f 163/163/1 298/298/1 299/299/1
f 300/300/1 301/301/1 160/160/1
f 160/160/1 302/302/1 300/300/1
f 302/302/1 299/299/1 300/300/1
f 284/284/1 286/286/1 288/288/1
f 303/303/1 289/289/1 304/304/1
f 294/294/1 305/305/1 292/292/1
f 306/306/1 295/295/1 297/297/1
f 307/307/1 308/308/1 309/309/1
f 310/310/1 311/311/1 308/308/1
f 308/308/1 312/312/1 310/310/1
f 313/313/1 314/314/1 315/315/1
f 316/316/1 317/317/1 318/318/1
f 318/318/1 313/313/1 316/316/1
f 315/315/1 316/316/1 313/313/1
f 319/319/1 320/320/1 321/321/1
f 321/321/1 322/322/1 319/319/1
f 323/323/1 324/324/1 325/325/1
f 149/149/1 326/326/1 327/327/1
f 322/322/1 321/321/1 323/323/1
f 328/328/1 329/329/1 330/330/1
f 330/330/1 331/331/1 328/328/1
f 329/329/1 332/332/1 330/330/1
f 333/333/1 334/334/1 146/146/1
f 146/146/1 335/335/1 333/333/1
f 147/147/1 336/336/1 145/145/1
f 337/337/1 338/338/1 339/339/1
f 340/340/1 341/341/1 338/338/1
f 342/342/1 343/343/1 344/344/1
f 344/344/1 345/345/1 342/342/1
f 346/346/1 344/344/1 343/343/1
f 343/343/1 347/347/1 348/348/1
f 347/347/1 349/349/1 348/348/1
f 349/349/1 350/350/1 351/351/1
f 350/350/1 352/352/1 351/351/1
f 137/137/1 353/353/1 138/138/1
f 354/354/1 136/136/1 355/355/1
f 356/356/1 357/357/1 358/358/1
f 358/358/1 359/359/1 356/356/1
f 360/360/1 361/361/1 362/362/1
f 362/362/1 363/363/1 360/360/1
f 134/134/1 364/364/1 363/363/1
f 365/365/1 366/366/1 133/133/1
f 367/367/1 368/368/1 369/369/1
f 367/367/1 370/370/1 368/368/1
f 371/371/1 372/372/1 373/373/1
f 371/371/1 374/374/1 372/372/1
f 375/375/1 376/376/1 377/377/1
f 375/375/1 378/378/1 376/376/1
f 379/379/1 380/380/1 381/381/1
f 379/379/1 382/382/1 380/380/1
f 129/129/1 128/128/1 131/131/1
f 383/383/1 384/384/1 385/385/1
f 386/386/1 107/107/1 387/387/1
f 388/388/1 97/97/1 389/389/1
f 98/98/1 94/94/1 96/96/1
f 80/80/1 82/82/1 390/390/1
f 391/391/1 392/392/1 69/69/1
f 393/393/1 54/54/1 394/394/1
f 395/395/1 53/53/1 396/396/1
f 397/397/1 43/43/1 46/46/1
f 25/25/1 27/27/1 26/26/1
f 21/21/1 18/18/1 19/19/1
f 398/398/1 399/399/1 400/400/1
f 401/401/1 402/402/1 403/403/1
f 404/404/1 405/405/1 406/406/1
f 407/407/1 408/408/1 409/409/1
f 410/410/1 411/411/1 412/412/1
f 413/413/1 414/414/1 415/415/1
f 416/416/1 417/417/1 418/418/1
f 419/419/1 420/420/1 421/421/1
f 421/421/1 422/422/1 419/419/1
f 423/423/1 424/424/1 425/425/1
f 426/426/1 427/427/1 428/428/1
f 429/429/1 430/430/1 431/431/1
f 432/432/1 433/433/1 434/434/1
f 435/435/1 436/436/1 437/437/1
f 438/438/1 439/439/1 440/440/1
f 441/441/1 438/438/1 442/442/1
f 443/443/1 444/444/1 445/445/1
f 446/446/1 447/447/1 448/448/1
f 449/449/1 446/446/1 450/450/1
f 451/451/1 452/452/1 453/453/1
f 454/454/1 453/453/1 455/455/1
f 456/456/1 457/457/1 458/458/1
f 459/459/1 458/458/1 457/457/1
f 457/457/1 460/460/1 461/461/1
f 462/462/1 463/463/1 464/464/1
f 465/465/1 466/466/1 463/463/1
f 467/467/1 468/468/1 465/465/1
f 469/469/1 470/470/1 471/471/1
f 472/472/1 473/473/1 474/474/1
f 475/475/1 472/472/1 476/476/1
f 476/476/1 477/477/1 478/478/1
f 479/479/1 480/480/1 481/481/1
f 482/482/1 483/483/1 480/480/1
f 484/484/1 482/482/1 485/485/1
f 486/486/1 487/487/1 488/488/1
f 489/489/1 486/486/1 490/490/1
f 488/488/1 490/490/1 486/486/1
f 487/487/1 491/491/1 492/492/1
f 493/493/1 492/492/1 491/491/1
f 494/494/1 495/495/1 496/496/1
f 495/495/1 497/497/1 498/498/1
f 499/499/1 500/500/1 501/501/1
f 502/502/1 503/503/1 504/504/1
f 505/505/1 506/506/1 502/502/1
f 507/507/1 508/508/1 509/509/1
f 510/510/1 511/511/1 512/512/1
f 513/513/1 514/514/1 510/510/1
f 514/514/1 515/515/1 516/516/1
f 515/515/1 517/517/1 518/518/1
f 519/519/1 520/520/1 521/521/1
f 521/521/1 522/522/1 523/523/1
f 522/522/1 524/524/1 525/525/1
f 522/522/1 526/526/1 524/524/1
f 527/527/1 528/528/1 529/529/1
f 530/530/1 531/531/1 528/528/1
f 532/532/1 533/533/1 534/534/1
f 535/535/1 536/536/1 533/533/1
f 537/537/1 538/538/1 539/539/1
f 540/540/1 541/541/1 542/542/1
f 543/543/1 544/544/1 545/545/1
f 546/546/1 547/547/1 548/548/1
f 549/549/1 550/550/1 551/551/1
f 552/552/1 553/553/1 554/554/1
f 555/555/1 556/556/1 557/557/1
f 558/558/1 557/557/1 559/559/1
f 560/560/1 561/561/1 562/562/1
f 561/561/1 563/563/1 564/564/1
f 565/565/1 566/566/1 567/567/1
f 568/568/1 569/569/1 570/570/1
f 571/571/1 572/572/1 573/573/1
f 574/574/1 575/575/1 576/576/1
f 577/577/1 578/578/1 579/579/1
f 580/580/1 581/581/1 582/582/1
f 580/580/1 583/583/1 581/581/1
f 584/584/1 585/585/1 586/586/1
f 587/587/1 588/588/1 589/589/1
f 590/590/1 591/591/1 592/592/1
f 591/591/1 593/593/1 594/594/1
f 595/595/1 596/596/1 597/597/1
f 598/598/1 599/599/1 600/600/1
f 601/601/1 602/602/1 603/603/1
f 604/604/1 605/605/1 606/606/1
f 607/607/1 608/608/1 609/609/1
f 610/610/1 611/611/1 612/612/1
f 613/613/1 614/614/1 615/615/1
f 616/616/1 617/617/1 618/618/1
f 619/619/1 613/613/1 620/620/1
f 621/621/1 622/622/1 617/617/1
f 623/623/1 624/624/1 625/625/1
f 624/624/1 626/626/1 627/627/1
f 627/627/1 625/625/1 624/624/1
f 617/617/1 628/628/1 621/621/1
f 629/629/1 630/630/1 631/631/1
f 632/632/1 633/633/1 634/634/1
f 635/635/1 636/636/1 637/637/1
f 638/638/1 637/637/1 639/639/1
f 639/639/1 640/640/1 641/641/1
f 642/642/1 643/643/1 644/644/1
f 645/645/1 646/646/1 647/647/1
f 645/645/1 647/647/1 648/648/1
f 649/649/1 644/644/1 646/646/1
f 650/650/1 651/651/1 652/652/1
f 653/653/1 641/641/1 640/640/1
f 636/636/1 639/639/1 637/637/1
f 612/612/1 654/654/1 610/610/1
f 655/655/1 656/656/1 657/657/1
f 658/658/1 659/659/1 660/660/1
f 661/661/1 600/600/1 599/599/1
f 662/662/1 663/663/1 664/664/1
f 665/665/1 666/666/1 667/667/1
f 668/668/1 669/669/1 670/670/1
f 671/671/1 672/672/1 673/673/1
f 674/674/1 675/675/1 676/676/1
f 677/677/1 678/678/1 679/679/1
f 680/680/1 681/681/1 682/682/1
f 683/683/1 684/684/1 685/685/1
f 686/686/1 687/687/1 688/688/1
f 689/689/1 690/690/1 691/691/1
f 692/692/1 693/693/1 694/694/1
f 695/695/1 696/696/1 697/697/1
f 698/698/1 699/699/1 696/696/1
f 700/700/1 701/701/1 699/699/1
f 702/702/1 703/703/1 704/704/1
f 705/705/1 706/706/1 707/707/1
f 708/708/1 709/709/1 710/710/1
f 708/708/1 710/710/1 711/711/1
f 712/712/1 711/711/1 713/713/1
f 714/714/1 715/715/1 716/716/1
f 717/717/1 718/718/1 719/719/1
f 720/720/1 721/721/1 722/722/1
f 723/723/1 722/722/1 724/724/1
f 725/725/1 726/726/1 727/727/1
f 728/728/1 729/729/1 730/730/1
f 731/731/1 732/732/1 729/729/1
f 733/733/1 734/734/1 735/735/1
f 736/736/1 735/735/1 737/737/1
f 736/736/1 737/737/1 738/738/1
f 739/739/1 740/740/1 741/741/1
f 742/742/1 743/743/1 744/744/1
f 745/745/1 744/744/1 746/746/1
f 745/745/1 746/746/1 747/747/1
f 748/748/1 749/749/1 750/750/1
f 751/751/1 752/752/1 749/749/1
f 753/753/1 754/754/1 755/755/1
f 756/756/1 757/757/1 758/758/1
f 759/759/1 760/760/1 761/761/1
f 759/759/1 761/761/1 762/762/1
f 763/763/1 762/762/1 764/764/1
f 765/765/1 766/766/1 767/767/1
f 768/768/1 769/769/1 770/770/1
f 771/771/1 772/772/1 773/773/1
f 774/774/1 775/775/1 776/776/1
f 777/777/1 776/776/1 778/778/1
f 779/779/1 780/780/1 781/781/1
f 782/782/1 783/783/1 784/784/1
f 785/785/1 786/786/1 787/787/1
f 788/788/1 789/789/1 790/790/1
f 791/791/1 792/792/1 789/789/1
f 793/793/1 794/794/1 795/795/1
f 796/796/1 797/797/1 798/798/1
f 799/799/1 800/800/1 801/801/1
f 802/802/1 803/803/1 804/804/1
f 805/805/1 806/806/1 807/807/1
f 808/808/1 809/809/1 810/810/1
f 811/811/1 812/812/1 813/813/1
f 814/814/1 815/815/1 816/816/1
f 817/817/1 818/818/1 819/819/1
f 820/820/1 821/821/1 822/822/1
f 823/823/1 824/824/1 825/825/1
f 826/826/1 827/827/1 828/828/1
f 829/829/1 830/830/1 831/831/1
f 832/832/1 833/833/1 834/834/1
f 835/835/1 836/836/1 837/837/1
f 838/838/1 839/839/1 835/835/1
f 840/840/1 841/841/1 842/842/1
f 843/843/1 844/844/1 845/845/1
f 846/846/1 847/847/1 848/848/1
f 849/849/1 850/850/1 851/851/1
f 852/852/1 853/853/1 854/854/1
f 855/855/1 856/856/1 857/857/1
f 858/858/1 859/859/1 860/860/1
f 861/861/1 862/862/1 863/863/1
f 864/864/1 865/865/1 866/866/1
f 867/867/1 868/868/1 869/869/1
f 870/870/1 871/871/1 872/872/1
f 873/873/1 874/874/1 875/875/1
f 876/876/1 877/877/1 878/878/1
f 879/879/1 880/880/1 881/881/1
f 882/882/1 879/879/1 881/881/1
f 883/883/1 882/882/1 884/884/1
f 885/885/1 886/886/1 884/884/1
f 887/887/1 888/888/1 885/885/1
f 889/889/1 890/890/1 888/888/1
f 888/888/1 891/891/1 889/889/1
f 892/892/1 893/893/1 894/894/1
f 892/892/1 895/895/1 896/896/1
f 897/897/1 898/898/1 899/899/1
f 898/898/1 897/897/1 900/900/1
f 901/901/1 902/902/1 903/903/1
f 904/904/1 905/905/1 906/906/1
f 907/907/1 908/908/1 909/909/1
f 910/910/1 911/911/1 912/912/1
f 913/913/1 914/914/1 915/915/1
f 916/916/1 917/917/1 918/918/1
f 919/919/1 920/920/1 921/921/1
f 922/922/1 923/923/1 924/924/1
f 925/925/1 926/926/1 927/927/1
f 928/928/1 929/929/1 930/930/1
f 931/931/1 932/932/1 933/933/1
f 934/934/1 935/935/1 936/936/1
f 937/937/1 938/938/1 939/939/1
f 940/940/1 941/941/1 942/942/1
f 943/943/1 944/944/1 941/941/1
f 945/945/1 946/946/1 947/947/1
f 948/948/1 949/949/1 950/950/1
f 951/951/1 952/952/1 953/953/1
f 954/954/1 955/955/1 956/956/1
f 954/954/1 957/957/1 955/955/1
f 958/958/1 959/959/1 957/957/1
f 960/960/1 961/961/1 962/962/1
f 963/963/1 964/964/1 965/965/1
f 966/966/1 967/967/1 932/932/1
f 968/968/1 969/969/1 970/970/1
f 971/971/1 972/972/1 973/973/1
f 974/974/1 975/975/1 976/976/1
f 977/977/1 978/978/1 979/979/1
f 980/980/1 981/981/1 982/982/1
f 983/983/1 984/984/1 985/985/1
f 986/986/1 987/987/1 988/988/1
f 989/989/1 990/990/1 991/991/1
f 992/992/1 993/993/1 994/994/1
f 995/995/1 996/996/1 997/997/1
f 998/998/1 999/999/1 1000/1000/1
f 1001/1001/1 1002/1002/1 1003/1003/1
f 1004/1004/1 1005/1005/1 1006/1006/1
f 1007/1007/1 1008/1008/1 1009/1009/1
f 1007/1007/1 1010/1010/1 1008/1008/1
f 1011/1011/1 1012/1012/1 1013/1013/1
f 1013/1013/1 1014/1014/1 1011/1011/1
f 1015/1015/1 1016/1016/1 1014/1014/1
f 1017/1017/1 1018/1018/1 1019/1019/1
f 1020/1020/1 1021/1021/1 1022/1022/1
f 1023/1023/1 1024/1024/1 1025/1025/1
f 1026/1026/1 1027/1027/1 1028/1028/1
f 1029/1029/1 1030/1030/1 1031/1031/1
f 1032/1032/1 1033/1033/1 1034/1034/1
f 1035/1035/1 1036/1036/1 1032/1032/1
f 1037/1037/1 1038/1038/1 1039/1039/1
f 1039/1039/1 1040/1040/1 1037/1037/1
f 1041/1041/1 1042/1042/1 1043/1043/1
f 1044/1044/1 1045/1045/1 1046/1046/1
f 1046/1046/1 1047/1047/1 1044/1044/1
f 1048/1048/1 1049/1049/1 1050/1050/1
f 1049/1049/1 1051/1051/1 1052/1052/1
f 1049/1049/1 1053/1053/1 1051/1051/1
f 1054/1054/1 1055/1055/1 1056/1056/1
f 1057/1057/1 1058/1058/1 1059/1059/1
f 1060/1060/1 1061/1061/1 1062/1062/1
f 1063/1063/1 1064/1064/1 1065/1065/1
f 1066/1066/1 1067/1067/1 1068/1068/1
f 1069/1069/1 1070/1070/1 1071/1071/1
f 1072/1072/1 1073/1073/1 1074/1074/1
f 1075/1075/1 1076/1076/1 1077/1077/1
f 1078/1078/1 1079/1079/1 1080/1080/1
f 1081/1081/1 1082/1082/1 1083/1083/1
f 1084/1084/1 1085/1085/1 1086/1086/1
f 1087/1087/1 1088/1088/1 1089/1089/1
f 1090/1090/1 1091/1091/1 1092/1092/1
f 1093/1093/1 1094/1094/1 1095/1095/1
f 1096/1096/1 1097/1097/1 1098/1098/1
f 1099/1099/1 1100/1100/1 1096/1096/1
f 1101/1101/1 1102/1102/1 1103/1103/1
f 1104/1104/1 1105/1105/1 1106/1106/1
f 1107/1107/1 1108/1108/1 1109/1109/1
f 1109/1109/1 1110/1110/1 1107/1107/1
f 1111/1111/1 1107/1107/1 1112/1112/1
f 1113/1113/1 1114/1114/1 1115/1115/1
f 1115/1115/1 1116/1116/1 1113/1113/1
f 1117/1117/1 1118/1118/1 1116/1116/1
f 1119/1119/1 1120/1120/1 1121/1121/1
f 1122/1122/1 1123/1123/1 1120/1120/1
f 1123/1123/1 1121/1121/1 1120/1120/1
f 1124/1124/1 1125/1125/1 1126/1126/1
f 1126/1126/1 1127/1127/1 1124/1124/1
f 1128/1128/1 1129/1129/1 1130/1130/1
f 1130/1130/1 1131/1131/1 1128/1128/1
f 1132/1132/1 1133/1133/1 1134/1134/1
f 1135/1135/1 1136/1136/1 1137/1137/1
f 1137/1137/1 1138/1138/1 1135/1135/1
f 1139/1139/1 1140/1140/1 1141/1141/1
f 1141/1141/1 1142/1142/1 1139/1139/1
f 1143/1143/1 1144/1144/1 1145/1145/1
f 1146/1146/1 1147/1147/1 1148/1148/1
f 1148/1148/1 1149/1149/1 1146/1146/1
f 1150/1150/1 1151/1151/1 1152/1152/1
f 1153/1153/1 1154/1154/1 1155/1155/1
f 1156/1156/1 1157/1157/1 1154/1154/1
f 1158/1158/1 1159/1159/1 1160/1160/1
f 1161/1161/1 1162/1162/1 1163/1163/1
f 1161/1161/1 1163/1163/1 1164/1164/1
f 1165/1165/1 1166/1166/1 1162/1162/1
f 1167/1167/1 1168/1168/1 1169/1169/1
f 1170/1170/1 1171/1171/1 1168/1168/1
f 1172/1172/1 1173/1173/1 1174/1174/1
f 1175/1175/1 1176/1176/1 1173/1173/1
f 1177/1177/1 1178/1178/1 1179/1179/1
f 1180/1180/1 1181/1181/1 1182/1182/1
f 1180/1180/1 1183/1183/1 1181/1181/1
f 1184/1184/1 1185/1185/1 1186/1186/1
f 1185/1185/1 1187/1187/1 1188/1188/1
f 1189/1189/1 1190/1190/1 1191/1191/1
f 1192/1192/1 1193/1193/1 1194/1194/1
f 1195/1195/1 1196/1196/1 1197/1197/1
f 1195/1195/1 1198/1198/1 1196/1196/1
f 1199/1199/1 1200/1200/1 1201/1201/1
f 1202/1202/1 1203/1203/1 1204/1204/1
f 1205/1205/1 1206/1206/1 1207/1207/1
f 1208/1208/1 1209/1209/1 1210/1210/1
f 1211/1211/1 1212/1212/1 1213/1213/1
f 1214/1214/1 1215/1215/1 1216/1216/1
f 1217/1217/1 1218/1218/1 1219/1219/1
f 1214/1214/1 1216/1216/1 1218/1218/1
f 1220/1220/1 1221/1221/1 1222/1222/1
f 1223/1223/1 1224/1224/1 1225/1225/1
f 1226/1226/1 1227/1227/1 1228/1228/1
f 1229/1229/1 1230/1230/1 1231/1231/1
f 1232/1232/1 246/246/1 1233/1233/1
f 1229/1229/1 1231/1231/1 1234/1234/1
f 1229/1229/1 1234/1234/1 1235/1235/1
f 1236/1236/1 1237/1237/1 1238/1238/1
f 1236/1236/1 1239/1239/1 1237/1237/1
f 1240/1240/1 1241/1241/1 1242/1242/1
f 1243/1243/1 1244/1244/1 1226/1226/1
f 1243/1243/1 1245/1245/1 1246/1246/1
f 1223/1223/1 1247/1247/1 1245/1245/1
f 1248/1248/1 1249/1249/1 1221/1221/1
f 1221/1221/1 1220/1220/1 1248/1248/1
f 1222/1222/1 1250/1250/1 1220/1220/1
f 1251/1251/1 1252/1252/1 1253/1253/1
f 1254/1254/1 1251/1251/1 1255/1255/1
f 1255/1255/1 1256/1256/1 1254/1254/1
f 1257/1257/1 1253/1253/1 1258/1258/1
f 1259/1259/1 1260/1260/1 1261/1261/1
f 1261/1261/1 1262/1262/1 1259/1259/1
f 1261/1261/1 1263/1263/1 1262/1262/1
f 1264/1264/1 1265/1265/1 1266/1266/1
f 1207/1207/1 1267/1267/1 1205/1205/1
f 1203/1203/1 1202/1202/1 1268/1268/1
f 1269/1269/1 1270/1270/1 1271/1271/1
f 1272/1272/1 1273/1273/1 1270/1270/1
f 1272/1272/1 1274/1274/1 1273/1273/1
f 1275/1275/1 1276/1276/1 1277/1277/1
f 1193/1193/1 1192/1192/1 1276/1276/1
f 1191/1191/1 1278/1278/1 1189/1189/1
f 1187/1187/1 1185/1185/1 1278/1278/1
f 1279/1279/1 1280/1280/1 1281/1281/1
f 1280/1280/1 1180/1180/1 1281/1281/1
f 1178/1178/1 1177/1177/1 1282/1282/1
f 1162/1162/1 1283/1283/1 1165/1165/1
f 1284/1284/1 1156/1156/1 1285/1285/1
f 1286/1286/1 1287/1287/1 1153/1153/1
f 1288/1288/1 1151/1151/1 1289/1289/1
f 1141/1141/1 1290/1290/1 1142/1142/1
f 1133/1133/1 1291/1291/1 1292/1292/1
f 1293/1293/1 1294/1294/1 1295/1295/1
f 1296/1296/1 1297/1297/1 1298/1298/1
f 1299/1299/1 1106/1106/1 1300/1300/1
f 1301/1301/1 1302/1302/1 1303/1303/1
f 1304/1304/1 1305/1305/1 1306/1306/1
f 1307/1307/1 1308/1308/1 1305/1305/1
f 1308/1308/1 1306/1306/1 1305/1305/1
f 1309/1309/1 1310/1310/1 1311/1311/1
f 1312/1312/1 1309/1309/1 1313/1313/1
f 1313/1313/1 1314/1314/1 1315/1315/1
f 1316/1316/1 1315/1315/1 1093/1093/1
f 1093/1093/1 1317/1317/1 1316/1316/1
f 1318/1318/1 1319/1319/1 1320/1320/1
f 1321/1321/1 1322/1322/1 1323/1323/1
f 1319/1319/1 1321/1321/1 1324/1324/1
f 1323/1323/1 1325/1325/1 1321/1321/1
f 1091/1091/1 1326/1326/1 1327/1327/1
f 1091/1091/1 1090/1090/1 1326/1326/1
f 1092/1092/1 1328/1328/1 1329/1329/1
f 1330/1330/1 1331/1331/1 1332/1332/1
f 1088/1088/1 1333/1333/1 1331/1331/1
f 1334/1334/1 1335/1335/1 1336/1336/1
f 1334/1334/1 1337/1337/1 1335/1335/1
f 1338/1338/1 1339/1339/1 1340/1340/1
f 1341/1341/1 1342/1342/1 1343/1343/1
f 1344/1344/1 1345/1345/1 1346/1346/1
f 1347/1347/1 1348/1348/1 1349/1349/1
f 1350/1350/1 1347/1347/1 1349/1349/1
f 1351/1351/1 1352/1352/1 1350/1350/1
f 1085/1085/1 1084/1084/1 1353/1353/1
f 1085/1085/1 1353/1353/1 1354/1354/1
f 1355/1355/1 1356/1356/1 1357/1357/1
f 1082/1082/1 1358/1358/1 1083/1083/1
f 1359/1359/1 1360/1360/1 1361/1361/1
f 1362/1362/1 1361/1361/1 1360/1360/1
f 1363/1363/1 1362/1362/1 1364/1364/1
f 1364/1364/1 1365/1365/1 1363/1363/1
f 1079/1079/1 1366/1366/1 1367/1367/1
f 1076/1076/1 1075/1075/1 1368/1368/1
f 1369/1369/1 1072/1072/1 1370/1370/1
f 1067/1067/1 1371/1371/1 1069/1069/1
f 1372/1372/1 1373/1373/1 1063/1063/1
f 1061/1061/1 1374/1374/1 1373/1373/1
f 1059/1059/1 1055/1055/1 1057/1057/1
f 1053/1053/1 1049/1049/1 1375/1375/1
f 1376/1376/1 1040/1040/1 1039/1039/1
f 1030/1030/1 1377/1377/1 1378/1378/1
f 1379/1379/1 1380/1380/1 1381/1381/1
f 1028/1028/1 1382/1382/1 1026/1026/1
f 1002/1002/1 1001/1001/1 1383/1383/1
f 1384/1384/1 1385/1385/1 1386/1386/1
f 999/999/1 998/998/1 1387/1387/1
f 997/997/1 1388/1388/1 1389/1389/1
f 1390/1390/1 992/992/1 1391/1391/1
f 991/991/1 1392/1392/1 989/989/1
f 987/987/1 986/986/1 1393/1393/1
f 984/984/1 983/983/1 1394/1394/1
f 981/981/1 980/980/1 1395/1395/1
f 978/978/1 977/977/1 1396/1396/1
f 975/975/1 974/974/1 1397/1397/1
f 972/972/1 971/971/1 1398/1398/1
f 970/970/1 1399/1399/1 1400/1400/1
f 964/964/1 963/963/1 1401/1401/1
f 961/961/1 960/960/1 1402/1402/1
f 1403/1403/1 1404/1404/1 951/951/1
f 950/950/1 1405/1405/1 1406/1406/1
f 947/947/1 943/943/1 945/945/1
f 938/938/1 937/937/1 1407/1407/1
f 1408/1408/1 1409/1409/1 1410/1410/1
f 924/924/1 1410/1410/1 922/922/1
f 1411/1411/1 1412/1412/1 931/931/1
f 1413/1413/1 1414/1414/1 1412/1412/1
f 1413/1413/1 928/928/1 1415/1415/1
f 967/967/1 966/966/1 1416/1416/1
f 927/927/1 922/922/1 925/925/1
f 1417/1417/1 1418/1418/1 1419/1419/1
f 921/921/1 1420/1420/1 919/919/1
f 1421/1421/1 916/916/1 1420/1420/1
f 1422/1422/1 913/913/1 1423/1423/1
f 911/911/1 910/910/1 1424/1424/1
f 1425/1425/1 1426/1426/1 1427/1427/1
f 1428/1428/1 907/907/1 1426/1426/1
f 1429/1429/1 904/904/1 1430/1430/1
f 903/903/1 899/899/1 901/901/1
f 1431/1431/1 1432/1432/1 876/876/1
f 1433/1433/1 1434/1434/1 1435/1435/1
f 1435/1435/1 1436/1436/1 1433/1433/1
f 1437/1437/1 1438/1438/1 1433/1433/1
f 1439/1439/1 1440/1440/1 1441/1441/1
f 1442/1442/1 1443/1443/1 1444/1444/1
f 1444/1444/1 1445/1445/1 1446/1446/1
f 1445/1445/1 1447/1447/1 1446/1446/1
f 1447/1447/1 1448/1448/1 1449/1449/1
f 1450/1450/1 1451/1451/1 1448/1448/1
f 1452/1452/1 1453/1453/1 1454/1454/1
f 1454/1454/1 871/871/1 1452/1452/1
f 1455/1455/1 864/864/1 1456/1456/1
f 1457/1457/1 1458/1458/1 1459/1459/1
f 1456/1456/1 1457/1457/1 1459/1459/1
f 1460/1460/1 1461/1461/1 1462/1462/1
f 1462/1462/1 1463/1463/1 1460/1460/1
f 1464/1464/1 1465/1465/1 1466/1466/1
f 862/862/1 1467/1467/1 1465/1465/1
f 859/859/1 1468/1468/1 1469/1469/1
f 859/859/1 1470/1470/1 1468/1468/1
f 1471/1471/1 1472/1472/1 1473/1473/1
f 1471/1471/1 1474/1474/1 1472/1472/1
f 1475/1475/1 1476/1476/1 1477/1477/1
f 1478/1478/1 1479/1479/1 1475/1475/1
f 1480/1480/1 1481/1481/1 1479/1479/1
f 1479/1479/1 1482/1482/1 1483/1483/1
f 1484/1484/1 1483/1483/1 1482/1482/1
f 1482/1482/1 1485/1485/1 1486/1486/1
f 1487/1487/1 856/856/1 1488/1488/1
f 1489/1489/1 1490/1490/1 1491/1491/1
f 1492/1492/1 1493/1493/1 1494/1494/1
f 1495/1495/1 1496/1496/1 1497/1497/1
f 1498/1498/1 1495/1495/1 1497/1497/1
f 1499/1499/1 1500/1500/1 1501/1501/1
f 1501/1501/1 1502/1502/1 1499/1499/1
f 853/853/1 1503/1503/1 1502/1502/1
f 1504/1504/1 1505/1505/1 1506/1506/1
f 1507/1507/1 1508/1508/1 1505/1505/1
f 1509/1509/1 1510/1510/1 1511/1511/1
f 1509/1509/1 1512/1512/1 1510/1510/1
f 1513/1513/1 1514/1514/1 1515/1515/1
f 1516/1516/1 1517/1517/1 849/849/1
f 849/849/1 1518/1518/1 1516/1516/1
f 850/850/1 1519/1519/1 851/851/1
f 1520/1520/1 1521/1521/1 1522/1522/1
f 1520/1520/1 1522/1522/1 1523/1523/1
f 1524/1524/1 1525/1525/1 1526/1526/1
f 1526/1526/1 1527/1527/1 1524/1524/1
f 1528/1528/1 1529/1529/1 1530/1530/1
f 1531/1531/1 1532/1532/1 1533/1533/1
f 1534/1534/1 1535/1535/1 1536/1536/1
f 1534/1534/1 843/843/1 1535/1535/1
f 845/845/1 840/840/1 1537/1537/1
f 1538/1538/1 1539/1539/1 1540/1540/1
f 1540/1540/1 1541/1541/1 1538/1538/1
f 839/839/1 1542/1542/1 1541/1541/1
f 1543/1543/1 1544/1544/1 1545/1545/1
f 1546/1546/1 1543/1543/1 833/833/1
f 833/833/1 1547/1547/1 1546/1546/1
f 833/833/1 832/832/1 1547/1547/1
f 831/831/1 1548/1548/1 829/829/1
f 827/827/1 826/826/1 1549/1549/1
f 824/824/1 1550/1550/1 1551/1551/1
f 821/821/1 1552/1552/1 823/823/1
f 818/818/1 1553/1553/1 820/820/1
f 815/815/1 814/814/1 817/817/1
f 812/812/1 811/811/1 1554/1554/1
f 1555/1555/1 1556/1556/1 1557/1557/1
f 809/809/1 808/808/1 1558/1558/1
f 806/806/1 805/805/1 1559/1559/1
f 803/803/1 802/802/1 1560/1560/1
f 800/800/1 799/799/1 1561/1561/1
f 1562/1562/1 1563/1563/1 1564/1564/1
f 794/794/1 1565/1565/1 796/796/1
f 789/789/1 788/788/1 791/791/1
f 786/786/1 1566/1566/1 1567/1567/1
f 783/783/1 1568/1568/1 785/785/1
f 1569/1569/1 1570/1570/1 782/782/1
f 781/781/1 1571/1571/1 779/779/1
f 1572/1572/1 1573/1573/1 1574/1574/1
f 1575/1575/1 1576/1576/1 1577/1577/1
f 1578/1578/1 756/756/1 1579/1579/1
f 758/758/1 751/751/1 1580/1580/1
f 749/749/1 748/748/1 1581/1581/1
f 1582/1582/1 1583/1583/1 1584/1584/1
f 1585/1585/1 1586/1586/1 1587/1587/1
f 1588/1588/1 1589/1589/1 1590/1590/1
f 704/704/1 1591/1591/1 702/702/1
f 709/709/1 1592/1592/1 1593/1593/1
f 711/711/1 712/712/1 1594/1594/1
f 1595/1595/1 1596/1596/1 1597/1597/1
f 1598/1598/1 1599/1599/1 1600/1600/1
f 722/722/1 1601/1601/1 720/720/1
f 1602/1602/1 1603/1603/1 723/723/1
f 740/740/1 1604/1604/1 1605/1605/1
f 1606/1606/1 1607/1607/1 739/739/1
f 735/735/1 1608/1608/1 733/733/1
f 727/727/1 1609/1609/1 725/725/1
f 1610/1610/1 1611/1611/1 1612/1612/1
f 706/706/1 705/705/1 1613/1613/1
f 701/701/1 700/700/1 1614/1614/1
f 744/744/1 745/745/1 742/742/1
f 747/747/1 753/753/1 1615/1615/1
f 1616/1616/1 1617/1617/1 1618/1618/1
f 764/764/1 1619/1619/1 763/763/1
f 770/770/1 1620/1620/1 768/768/1
f 775/775/1 774/774/1 1621/1621/1
f 687/687/1 686/686/1 1622/1622/1
f 675/675/1 674/674/1 677/677/1
f 678/678/1 677/677/1 1623/1623/1
f 678/678/1 1623/1623/1 680/680/1
f 1624/1624/1 1625/1625/1 1626/1626/1
f 1627/1627/1 1628/1628/1 1629/1629/1
f 693/693/1 692/692/1 1628/1628/1
f 772/772/1 771/771/1 1620/1620/1
f 1630/1630/1 1631/1631/1 1632/1632/1
f 1633/1633/1 1632/1632/1 1634/1634/1
f 1635/1635/1 1634/1634/1 1636/1636/1
f 1637/1637/1 1636/1636/1 1638/1638/1
f 666/666/1 665/665/1 1639/1639/1
f 630/630/1 1640/1640/1 1641/1641/1
f 1642/1642/1 1641/1641/1 1643/1643/1
f 1644/1644/1 1645/1645/1 1646/1646/1
f 1644/1644/1 1647/1647/1 1645/1645/1
f 656/656/1 1648/1648/1 1647/1647/1
f 657/657/1 1643/1643/1 655/655/1
f 716/716/1 1612/1612/1 1649/1649/1
f 727/727/1 1650/1650/1 1609/1609/1
f 730/730/1 725/725/1 1651/1651/1
f 729/729/1 728/728/1 731/731/1
f 1652/1652/1 1653/1653/1 1654/1654/1
f 646/646/1 645/645/1 649/649/1
f 1655/1655/1 1656/1656/1 1657/1657/1
f 605/605/1 1658/1658/1 606/606/1
f 1659/1659/1 603/603/1 602/602/1
f 1660/1660/1 660/660/1 659/659/1
f 596/596/1 1661/1661/1 1662/1662/1
f 1663/1663/1 1664/1664/1 1665/1665/1
f 1666/1666/1 1667/1667/1 1668/1668/1
f 1669/1669/1 1670/1670/1 1671/1671/1
f 1672/1672/1 1669/1669/1 1673/1673/1
f 1674/1674/1 1675/1675/1 1676/1676/1
f 1677/1677/1 1674/1674/1 1678/1678/1
f 1678/1678/1 1679/1679/1 1680/1680/1
f 1681/1681/1 1682/1682/1 1683/1683/1
f 1684/1684/1 1685/1685/1 1682/1682/1
f 1686/1686/1 1684/1684/1 1687/1687/1
f 1688/1688/1 1689/1689/1 1690/1690/1
f 1691/1691/1 1688/1688/1 1692/1692/1
f 1692/1692/1 1693/1693/1 1694/1694/1
f 1695/1695/1 1696/1696/1 1697/1697/1
f 1696/1696/1 1698/1698/1 1699/1699/1
f 1700/1700/1 1701/1701/1 1702/1702/1
f 1703/1703/1 1704/1704/1 1705/1705/1
f 1705/1705/1 1700/1700/1 1703/1703/1
f 1706/1706/1 1702/1702/1 1701/1701/1
f 1707/1707/1 1708/1708/1 1706/1706/1
f 1701/1701/1 1709/1709/1 1707/1707/1
f 594/594/1 593/593/1 1710/1710/1
f 1710/1710/1 593/593/1 1711/1711/1
f 592/592/1 1712/1712/1 1713/1713/1
f 1714/1714/1 1715/1715/1 1712/1712/1
f 1716/1716/1 1717/1717/1 1718/1718/1
f 1719/1719/1 1720/1720/1 1716/1716/1
f 1719/1719/1 1721/1721/1 1720/1720/1
f 1722/1722/1 1723/1723/1 1724/1724/1
f 1725/1725/1 1726/1726/1 1727/1727/1
f 1728/1728/1 1729/1729/1 584/584/1
f 1728/1728/1 1730/1730/1 1731/1731/1
f 1732/1732/1 1733/1733/1 1730/1730/1
f 582/582/1 1734/1734/1 580/580/1
f 577/577/1 579/579/1 1735/1735/1
f 575/575/1 574/574/1 1736/1736/1
f 1737/1737/1 573/573/1 572/572/1
f 1738/1738/1 1739/1739/1 571/571/1
f 1740/1740/1 1741/1741/1 1742/1742/1
f 1743/1743/1 1744/1744/1 1745/1745/1
f 1746/1746/1 1747/1747/1 560/560/1
f 555/555/1 1748/1748/1 1747/1747/1
f 557/557/1 1749/1749/1 555/555/1
f 1750/1750/1 1751/1751/1 558/558/1
f 554/554/1 1752/1752/1 552/552/1
f 547/547/1 1753/1753/1 549/549/1
f 544/544/1 1754/1754/1 546/546/1
f 1755/1755/1 1756/1756/1 543/543/1
f 1757/1757/1 1758/1758/1 1759/1759/1
f 541/541/1 540/540/1 1760/1760/1
f 1761/1761/1 1762/1762/1 537/537/1
f 533/533/1 532/532/1 535/535/1
f 440/440/1 1763/1763/1 438/438/1
f 1764/1764/1 435/435/1 1765/1765/1
f 1766/1766/1 1767/1767/1 1764/1764/1
f 1768/1768/1 1769/1769/1 1767/1767/1
f 1767/1767/1 1770/1770/1 1768/1768/1
f 428/428/1 1771/1771/1 1772/1772/1
f 1773/1773/1 425/425/1 424/424/1
f 420/420/1 1774/1774/1 421/421/1
f 1775/1775/1 1776/1776/1 1777/1777/1
f 1778/1778/1 1779/1779/1 1780/1780/1
f 1781/1781/1 400/400/1 399/399/1
f 1782/1782/1 1781/1781/1 401/401/1
f 1783/1783/1 403/403/1 1784/1784/1
f 1784/1784/1 1785/1785/1 1786/1786/1
f 1787/1787/1 1788/1788/1 1789/1789/1
f 405/405/1 1790/1790/1 1791/1791/1
f 1790/1790/1 1792/1792/1 1793/1793/1
f 1794/1794/1 407/407/1 409/409/1
f 1795/1795/1 1794/1794/1 1796/1796/1
f 1797/1797/1 410/410/1 1798/1798/1
f 1799/1799/1 1800/1800/1 1801/1801/1
f 1802/1802/1 1803/1803/1 1804/1804/1
f 1805/1805/1 1806/1806/1 1807/1807/1
f 1808/1808/1 1807/1807/1 1809/1809/1
f 1810/1810/1 1811/1811/1 1812/1812/1
f 1813/1813/1 1814/1814/1 1810/1810/1
f 1815/1815/1 1816/1816/1 1814/1814/1
f 1817/1817/1 1815/1815/1 1818/1818/1
f 1819/1819/1 415/415/1 1817/1817/1
f 418/418/1 413/413/1 416/416/1
f 1820/1820/1 418/418/1 1821/1821/1
f 1822/1822/1 1820/1820/1 1823/1823/1
f 1824/1824/1 1825/1825/1 1826/1826/1
f 1827/1827/1 1828/1828/1 1825/1825/1
f 1829/1829/1 1827/1827/1 1830/1830/1
f 1831/1831/1 1832/1832/1 1833/1833/1
f 1834/1834/1 1835/1835/1 1836/1836/1
f 1837/1837/1 1838/1838/1 1839/1839/1
f 1840/1840/1 1841/1841/1 1837/1837/1
f 1842/1842/1 1843/1843/1 1844/1844/1
f 1845/1845/1 1846/1846/1 1847/1847/1
f 1848/1848/1 1845/1845/1 1849/1849/1
f 1850/1850/1 1848/1848/1 1851/1851/1
f 1852/1852/1 1850/1850/1 1853/1853/1
f 4/4/1 1854/1854/1 6/6/1
f 9/9/1 10/10/1 7/7/1
f 15/15/1 12/12/1 13/13/1
f 17/17/1 15/15/1 14/14/1
f 24/24/1 1855/1855/1 22/22/1
f 29/29/1 1856/1856/1 27/27/1
f 30/30/1 1857/1857/1 31/31/1
f 1858/1858/1 1859/1859/1 32/32/1
f 41/41/1 1860/1860/1 39/39/1
f 1861/1861/1 45/45/1 42/42/1
f 48/48/1 397/397/1 46/46/1
f 52/52/1 1862/1862/1 53/53/1
f 56/56/1 1863/1863/1 51/51/1
f 54/54/1 393/393/1 57/57/1
f 1864/1864/1 1865/1865/1 61/61/1
f 1864/1864/1 64/64/1 1865/1865/1
f 66/66/1 392/392/1 67/67/1
f 71/71/1 391/391/1 69/69/1
f 76/76/1 1866/1866/1 74/74/1
f 79/79/1 76/76/1 77/77/1
f 80/80/1 1867/1867/1 81/81/1
f 86/86/1 84/84/1 83/83/1
f 89/89/1 1868/1868/1 91/91/1
f 93/93/1 88/88/1 90/90/1
f 104/104/1 1869/1869/1 103/103/1
f 101/101/1 1870/1870/1 99/99/1
f 107/107/1 386/386/1 108/108/1
f 103/103/1 102/102/1 104/104/1
f 119/119/1 1871/1871/1 1872/1872/1
f 121/121/1 118/118/1 117/117/1
f 1873/1873/1 125/125/1 122/122/1
f 384/384/1 383/383/1 126/126/1
f 130/130/1 1874/1874/1 128/128/1
f 1875/1875/1 148/148/1 150/150/1
f 152/152/1 157/157/1 153/153/1
f 1876/1876/1 163/163/1 162/162/1
f 166/166/1 1876/1876/1 164/164/1
f 174/174/1 169/169/1 172/172/1
f 1877/1877/1 181/181/1 180/180/1
f 184/184/1 186/186/1 182/182/1
f 1878/1878/1 185/185/1 188/188/1
f 1879/1879/1 193/193/1 192/192/1
f 214/214/1 200/200/1 212/212/1
f 202/202/1 1880/1880/1 200/200/1
f 207/207/1 209/209/1 206/206/1
f 194/194/1 211/211/1 195/195/1
f 193/193/1 282/282/1 191/191/1
f 1881/1881/1 1882/1882/1 1883/1883/1
f 221/221/1 223/223/1 225/225/1
f 226/226/1 1884/1884/1 227/227/1
f 231/231/1 228/228/1 229/229/1
f 235/235/1 232/232/1 233/233/1
f 241/241/1 1885/1885/1 239/239/1
f 243/243/1 236/236/1 242/242/1
f 1886/1886/1 239/239/1 1887/1887/1
f 248/248/1 1888/1888/1 246/246/1
f 247/247/1 253/253/1 250/250/1
f 251/251/1 256/256/1 252/252/1
f 1889/1889/1 277/277/1 276/276/1
f 1890/1890/1 220/220/1 266/266/1
f 264/264/1 1890/1890/1 266/266/1
f 222/222/1 1891/1891/1 220/220/1
f 259/259/1 274/274/1 273/273/1
f 280/280/1 275/275/1 278/278/1
f 1892/1892/1 304/304/1 289/289/1
f 297/297/1 1893/1893/1 306/306/1
f 299/299/1 161/161/1 163/163/1
f 298/298/1 300/300/1 299/299/1
f 288/288/1 1894/1894/1 284/284/1
f 1895/1895/1 310/310/1 312/312/1
f 312/312/1 318/318/1 317/317/1
f 149/149/1 148/148/1 326/326/1
f 149/149/1 327/327/1 1896/1896/1
f 323/323/1 325/325/1 322/322/1
f 1897/1897/1 1895/1895/1 312/312/1
f 331/331/1 1898/1898/1 328/328/1
f 332/332/1 146/146/1 334/334/1
f 146/146/1 145/145/1 335/335/1
f 339/339/1 1899/1899/1 337/337/1
f 345/345/1 1900/1900/1 342/342/1
f 348/348/1 1901/1901/1 343/343/1
f 1902/1902/1 348/348/1 349/349/1
f 351/351/1 1903/1903/1 349/349/1
f 1904/1904/1 138/138/1 353/353/1
f 357/357/1 1905/1905/1 358/358/1
f 361/361/1 1906/1906/1 362/362/1
f 134/134/1 133/133/1 364/364/1
f 367/367/1 1907/1907/1 370/370/1
f 1908/1908/1 1909/1909/1 374/374/1
f 375/375/1 377/377/1 1909/1909/1
f 1907/1907/1 371/371/1 1910/1910/1
f 126/126/1 123/123/1 384/384/1
f 98/98/1 95/95/1 94/94/1
f 1911/1911/1 394/394/1 1912/1912/1
f 400/400/1 1780/1780/1 398/398/1
f 1788/1788/1 1786/1786/1 1913/1913/1
f 411/411/1 1795/1795/1 412/412/1
f 1809/1809/1 1812/1812/1 1811/1811/1
f 427/427/1 1914/1914/1 1915/1915/1
f 1916/1916/1 1915/1915/1 1914/1914/1
f 1771/1771/1 429/429/1 431/431/1
f 1770/1770/1 432/432/1 1768/1768/1
f 439/439/1 437/437/1 440/440/1
f 444/444/1 1917/1917/1 1918/1918/1
f 1919/1919/1 445/445/1 444/444/1
f 447/447/1 443/443/1 448/448/1
f 1920/1920/1 450/450/1 446/446/1
f 453/453/1 1921/1921/1 451/451/1
f 458/458/1 454/454/1 456/456/1
f 466/466/1 464/464/1 463/463/1
f 470/470/1 465/465/1 468/468/1
f 471/471/1 474/474/1 469/469/1
f 474/474/1 1922/1922/1 472/472/1
f 477/477/1 1923/1923/1 478/478/1
f 483/483/1 481/481/1 480/480/1
f 1924/1924/1 493/493/1 1925/1925/1
f 492/492/1 488/488/1 487/487/1
f 490/490/1 1926/1926/1 489/489/1
f 491/491/1 1925/1925/1 493/493/1
f 496/496/1 1924/1924/1 494/494/1
f 501/501/1 1927/1927/1 499/499/1
f 503/503/1 1928/1928/1 504/504/1
f 508/508/1 502/502/1 506/506/1
f 509/509/1 512/512/1 507/507/1
f 512/512/1 513/513/1 510/510/1
f 518/518/1 516/516/1 515/515/1
f 523/523/1 519/519/1 521/521/1
f 525/525/1 523/523/1 522/522/1
f 529/529/1 1929/1929/1 527/527/1
f 534/534/1 1930/1930/1 532/532/1
f 540/540/1 542/542/1 538/538/1
f 543/543/1 545/545/1 1755/1755/1
f 549/549/1 551/551/1 547/547/1
f 558/558/1 559/559/1 1750/1750/1
f 563/563/1 1745/1745/1 1744/1744/1
f 1741/1741/1 567/567/1 566/566/1
f 1742/1742/1 570/570/1 569/569/1
f 1931/1931/1 574/574/1 1737/1737/1
f 576/576/1 1737/1737/1 574/574/1
f 1932/1932/1 1734/1734/1 582/582/1
f 1712/1712/1 592/592/1 1714/1714/1
f 597/597/1 598/598/1 600/600/1
f 606/606/1 1933/1933/1 604/604/1
f 1658/1658/1 609/609/1 608/608/1
f 1641/1641/1 1642/1642/1 1934/1934/1
f 615/615/1 1935/1935/1 613/613/1
f 622/622/1 618/618/1 617/617/1
f 620/620/1 627/627/1 619/619/1
f 626/626/1 619/619/1 627/627/1
f 1936/1936/1 623/623/1 1937/1937/1
f 628/628/1 1936/1936/1 1937/1937/1
f 614/614/1 607/607/1 609/609/1
f 1634/1634/1 1635/1635/1 1633/1633/1
f 1632/1632/1 1633/1633/1 1938/1938/1
f 1939/1939/1 1630/1630/1 1940/1940/1
f 1941/1941/1 645/645/1 1942/1942/1
f 648/648/1 1942/1942/1 645/645/1
f 1943/1943/1 1944/1944/1 643/643/1
f 650/650/1 1945/1945/1 651/651/1
f 608/608/1 606/606/1 1658/1658/1
f 1946/1946/1 1660/1660/1 659/659/1
f 1947/1947/1 664/664/1 1948/1948/1
f 1949/1949/1 676/676/1 672/672/1
f 1950/1950/1 685/685/1 681/681/1
f 1951/1951/1 1952/1952/1 690/690/1
f 1587/1587/1 1953/1953/1 1585/1585/1
f 1590/1590/1 1954/1954/1 1588/1588/1
f 705/705/1 707/707/1 701/701/1
f 1955/1955/1 1956/1956/1 1957/1957/1
f 1611/1611/1 1958/1958/1 1959/1959/1
f 1597/1597/1 1960/1960/1 1595/1595/1
f 1600/1600/1 1961/1961/1 1598/1598/1
f 717/717/1 1962/1962/1 718/718/1
f 1650/1650/1 727/727/1 1963/1963/1
f 1605/1605/1 1602/1602/1 1964/1964/1
f 1605/1605/1 1964/1964/1 740/740/1
f 1965/1965/1 1966/1966/1 1967/1967/1
f 736/736/1 738/738/1 1966/1966/1
f 753/753/1 747/747/1 754/754/1
f 1618/1618/1 755/755/1 1616/1616/1
f 765/765/1 767/767/1 769/769/1
f 779/779/1 1569/1569/1 780/780/1
f 1626/1626/1 1968/1968/1 1624/1624/1
f 799/799/1 801/801/1 1562/1562/1
f 1558/1558/1 1555/1555/1 809/809/1
f 1554/1554/1 816/816/1 812/812/1
f 829/829/1 834/834/1 830/830/1
f 837/837/1 838/838/1 835/835/1
f 1969/1969/1 842/842/1 1970/1970/1
f 852/852/1 854/854/1 1971/1971/1
f 1972/1972/1 855/855/1 857/857/1
f 858/858/1 860/860/1 1973/1973/1
f 881/881/1 884/884/1 882/882/1
f 886/886/1 883/883/1 884/884/1
f 890/890/1 885/885/1 888/888/1
f 1974/1974/1 894/894/1 891/891/1
f 898/898/1 1975/1975/1 899/899/1
f 899/899/1 903/903/1 897/897/1
f 907/907/1 1428/1428/1 908/908/1
f 1976/1976/1 915/915/1 911/911/1
f 1977/1977/1 918/918/1 1978/1978/1
f 1410/1410/1 924/924/1 1408/1408/1
f 928/928/1 1413/1413/1 929/929/1
f 1979/1979/1 1980/1980/1 967/967/1
f 1981/1981/1 1982/1982/1 1417/1417/1
f 940/940/1 942/942/1 1983/1983/1
f 1405/1405/1 1984/1984/1 946/946/1
f 954/954/1 956/956/1 952/952/1
f 958/958/1 962/962/1 959/959/1
f 948/948/1 1403/1403/1 949/949/1
f 971/971/1 973/973/1 969/969/1
f 980/980/1 982/982/1 1985/1985/1
f 983/983/1 985/985/1 1986/1986/1
f 1388/1388/1 997/997/1 1987/1987/1
f 1385/1385/1 1988/1988/1 999/999/1
f 1989/1989/1 1003/1003/1 1990/1990/1
f 1004/1004/1 1006/1006/1 1991/1991/1
f 1992/1992/1 1009/1009/1 1005/1005/1
f 1015/1015/1 1019/1019/1 1016/1016/1
f 1012/1012/1 1993/1993/1 1013/1013/1
f 1020/1020/1 1025/1025/1 1021/1021/1
f 1033/1033/1 1029/1029/1 1031/1031/1
f 1994/1994/1 1032/1032/1 1036/1036/1
f 1038/1038/1 1994/1994/1 1036/1036/1
f 1041/1041/1 1995/1995/1 1042/1042/1
f 1996/1996/1 1997/1997/1 1047/1047/1
f 1052/1052/1 1050/1050/1 1049/1049/1
f 1054/1054/1 1056/1056/1 1053/1053/1
f 1057/1057/1 1062/1062/1 1058/1058/1
f 1063/1063/1 1065/1065/1 1372/1372/1
f 1072/1072/1 1369/1369/1 1073/1073/1
f 1078/1078/1 1080/1080/1 1076/1076/1
f 1998/1998/1 1098/1098/1 1097/1097/1
f 1102/1102/1 1096/1096/1 1103/1103/1
f 1108/1108/1 1999/1999/1 1109/1109/1
f 1112/1112/1 2000/2000/1 1111/1111/1
f 1114/1114/1 2001/2001/1 1115/1115/1
f 1117/1117/1 2002/2002/1 1118/1118/1
f 1120/1120/1 2003/2003/1 1122/1122/1
f 1121/1121/1 1126/1126/1 1125/1125/1
f 1126/1126/1 2004/2004/1 1127/1127/1
f 1129/1129/1 2005/2005/1 1130/1130/1
f 1132/1132/1 1134/1134/1 1131/1131/1
f 2006/2006/1 2007/2007/1 1138/1138/1
f 1140/1140/1 2007/2007/1 1141/1141/1
f 1145/1145/1 1148/1148/1 1143/1143/1
f 1150/1150/1 1152/1152/1 1149/1149/1
f 1155/1155/1 1286/1286/1 1153/1153/1
f 2008/2008/1 1285/1285/1 1156/1156/1
f 1164/1164/1 1158/1158/1 1161/1161/1
f 1165/1165/1 2009/2009/1 1166/1166/1
f 1167/1167/1 1169/1169/1 2010/2010/1
f 1172/1172/1 1174/1174/1 2011/2011/1
f 2012/2012/1 2013/2013/1 2014/2014/1
f 2012/2012/1 1182/1182/1 2013/2013/1
f 1188/1188/1 1186/1186/1 1185/1185/1
f 1192/1192/1 1194/1194/1 1190/1190/1
f 1277/1277/1 1197/1197/1 1275/1275/1
f 1267/1267/1 1207/1207/1 1203/1203/1
f 1265/1265/1 2015/2015/1 1206/1206/1
f 1263/1263/1 1261/1261/1 2016/2016/1
f 2017/2017/1 2018/2018/1 1217/1217/1
f 1219/1219/1 2017/2017/1 1217/1217/1
f 253/253/1 247/247/1 251/251/1
f 1235/1235/1 2019/2019/1 1229/1229/1
f 1230/1230/1 2020/2020/1 1238/1238/1
f 1240/1240/1 1227/1227/1 1241/1241/1
f 1243/1243/1 1246/1246/1 1244/1244/1
f 1222/1222/1 2021/2021/1 1250/1250/1
f 1249/1249/1 2022/2022/1 1221/1221/1
f 1212/1212/1 1211/1211/1 2023/2023/1
f 1253/1253/1 1255/1255/1 1251/1251/1
f 1255/1255/1 2024/2024/1 1256/1256/1
f 1210/1210/1 1261/1261/1 1260/1260/1
f 1264/1264/1 1266/1266/1 1263/1263/1
f 1201/1201/1 2025/2025/1 2026/2026/1
f 1269/1269/1 1271/1271/1 2025/2025/1
f 1198/1198/1 1195/1195/1 1274/1274/1
f 1200/1200/1 1199/1199/1 1202/1202/1
f 1190/1190/1 1189/1189/1 2027/2027/1
f 1281/1281/1 2028/2028/1 1279/1279/1
f 2014/2014/1 1282/1282/1 2029/2029/1
f 1125/1125/1 1119/1119/1 1121/1121/1
f 1105/1105/1 1300/1300/1 1106/1106/1
f 1303/1303/1 1307/1307/1 1301/1301/1
f 1305/1305/1 1301/1301/1 1307/1307/1
f 2030/2030/1 1313/1313/1 1309/1309/1
f 1314/1314/1 1093/1093/1 1315/1315/1
f 2031/2031/1 2032/2032/1 1319/1319/1
f 1324/1324/1 2031/2031/1 1319/1319/1
f 1092/1092/1 1329/1329/1 1090/1090/1
f 1332/1332/1 2033/2033/1 1330/1330/1
f 1088/1088/1 1087/1087/1 1333/1333/1
f 1338/1338/1 1340/1340/1 1337/1337/1
f 1341/1341/1 1343/1343/1 1339/1339/1
f 1348/1348/1 2034/2034/1 1346/1346/1
f 1349/1349/1 1351/1351/1 1350/1350/1
f 1085/1085/1 1354/1354/1 2035/2035/1
f 1355/1355/1 1357/1357/1 1084/1084/1
f 1083/1083/1 1359/1359/1 1081/1081/1
f 1360/1360/1 1364/1364/1 1362/1362/1
f 1364/1364/1 1367/1367/1 1365/1365/1
f 1076/1076/1 1368/1368/1 1078/1078/1
f 1070/1070/1 1069/1069/1 2036/2036/1
f 1064/1064/1 1063/1063/1 2037/2037/1
f 1057/1057/1 1060/1060/1 1062/1062/1
f 1377/1377/1 1379/1379/1 2038/2038/1
f 1380/1380/1 1027/1027/1 1381/1381/1
f 1024/1024/1 1023/1023/1 1382/1382/1
f 1003/1003/1 1989/1989/1 1001/1001/1
f 1000/1000/1 995/995/1 998/998/1
f 994/994/1 2039/2039/1 992/992/1
f 994/994/1 989/989/1 2039/2039/1
f 1986/1986/1 1395/1395/1 2040/2040/1
f 978/978/1 1396/1396/1 2041/2041/1
f 969/969/1 968/968/1 971/971/1
f 2042/2042/1 2043/2043/1 1399/1399/1
f 2044/2044/1 1402/1402/1 2045/2045/1
f 1403/1403/1 948/948/1 1404/1404/1
f 941/941/1 2046/2046/1 943/943/1
f 935/935/1 934/934/1 1418/1418/1
f 967/967/1 1416/1416/1 1979/1979/1
f 926/926/1 2047/2047/1 2048/2048/1
f 1413/1413/1 1415/1415/1 1414/1414/1
f 926/926/1 925/925/1 2047/2047/1
f 1408/1408/1 2049/2049/1 1409/1409/1
f 1978/1978/1 1423/1423/1 2050/2050/1
f 1425/1425/1 1427/1427/1 910/910/1
f 952/952/1 951/951/1 2051/2051/1
f 1434/1434/1 2052/2052/1 1435/1435/1
f 1436/1436/1 1437/1437/1 1433/1433/1
f 1443/1443/1 1439/1439/1 1444/1444/1
f 1446/1446/1 1442/1442/1 1444/1444/1
f 1449/1449/1 2053/2053/1 1447/1447/1
f 1453/1453/1 2054/2054/1 1454/1454/1
f 2055/2055/1 1455/1455/1 1456/1456/1
f 1459/1459/1 2055/2055/1 1456/1456/1
f 1464/1464/1 2056/2056/1 2057/2057/1
f 1462/1462/1 2057/2057/1 1463/1463/1
f 1464/1464/1 1466/1466/1 2056/2056/1
f 2058/2058/1 1469/1469/1 2059/2059/1
f 859/859/1 858/858/1 1470/1470/1
f 1471/1471/1 1473/1473/1 2060/2060/1
f 1477/1477/1 1478/1478/1 1475/1475/1
f 1483/1483/1 1480/1480/1 1479/1479/1
f 1486/1486/1 1484/1484/1 1482/1482/1
f 1485/1485/1 2061/2061/1 2062/2062/1
f 1493/1493/1 1491/1491/1 1494/1494/1
f 1494/1494/1 1497/1497/1 1496/1496/1
f 853/853/1 852/852/1 1503/1503/1
f 1500/1500/1 2063/2063/1 1501/1501/1
f 1504/1504/1 1506/1506/1 2064/2064/1
f 1509/1509/1 1511/1511/1 2065/2065/1
f 1513/1513/1 1515/1515/1 1512/1512/1
f 2066/2066/1 1517/1517/1 2067/2067/1
f 848/848/1 1520/1520/1 2068/2068/1
f 1523/1523/1 2068/2068/1 1520/1520/1
f 1530/1530/1 2069/2069/1 1528/1528/1
f 1531/1531/1 1533/1533/1 1530/1530/1
f 1534/1534/1 1536/1536/1 1532/1532/1
f 839/839/1 838/838/1 1542/1542/1
f 1539/1539/1 1969/1969/1 1540/1540/1
f 1545/1545/1 833/833/1 1543/1543/1
f 834/834/1 829/829/1 832/832/1
f 824/824/1 823/823/1 1550/1550/1
f 813/813/1 1557/1557/1 811/811/1
f 806/806/1 1559/1559/1 808/808/1
f 797/797/1 796/796/1 1563/1563/1
f 792/792/1 791/791/1 793/793/1
f 1578/1578/1 1579/1579/1 1576/1576/1
f 2070/2070/1 1587/1587/1 1583/1583/1
f 711/711/1 1594/1594/1 708/708/1
f 1595/1595/1 1600/1600/1 1596/1596/1
f 722/722/1 723/723/1 1601/1601/1
f 719/719/1 2071/2071/1 717/717/1
f 1957/1957/1 1613/1613/1 2072/2072/1
f 699/699/1 698/698/1 700/700/1
f 743/743/1 742/742/1 2073/2073/1
f 760/760/1 759/759/1 1617/1617/1
f 762/762/1 763/763/1 2074/2074/1
f 687/687/1 1622/1622/1 2075/2075/1
f 688/688/1 2076/2076/1 686/686/1
f 681/681/1 680/680/1 1950/1950/1
f 2077/2077/1 2078/2078/1 2079/2079/1
f 1627/1627/1 2080/2080/1 1625/1625/1
f 1627/1627/1 1629/1629/1 2080/2080/1
f 672/672/1 671/671/1 1949/1949/1
f 670/670/1 1639/1639/1 668/668/1
f 667/667/1 2081/2081/1 665/665/1
f 1644/1644/1 1646/1646/1 1947/1947/1
f 656/656/1 655/655/1 1648/1648/1
f 716/716/1 1649/1649/1 714/714/1
f 730/730/1 1651/1651/1 728/728/1
f 1944/1944/1 1943/1943/1 1653/1653/1
f 1657/1657/1 2082/2082/1 1655/1655/1
f 2083/2083/1 616/616/1 2084/2084/1
f 659/659/1 2085/2085/1 1946/1946/1
f 1661/1661/1 1663/1663/1 1662/1662/1
f 2086/2086/1 1665/1665/1 1664/1664/1
f 2087/2087/1 1668/1668/1 1667/1667/1
f 1673/1673/1 2088/2088/1 1675/1675/1
f 1676/1676/1 1678/1678/1 1674/1674/1
f 1683/1683/1 1680/1680/1 1681/1681/1
f 1682/1682/1 2089/2089/1 1684/1684/1
f 1687/1687/1 1690/1690/1 1689/1689/1
f 2090/2090/1 1692/1692/1 1688/1688/1
f 1693/1693/1 1695/1695/1 1694/1694/1
f 1699/1699/1 1697/1697/1 1696/1696/1
f 1704/1704/1 2091/2091/1 1705/1705/1
f 1702/1702/1 1703/1703/1 1700/1700/1
f 1701/1701/1 1707/1707/1 1706/1706/1
f 594/594/1 1710/1710/1 2092/2092/1
f 1713/1713/1 590/590/1 592/592/1
f 1714/1714/1 2093/2093/1 1715/1715/1
f 1717/1717/1 587/587/1 1718/1718/1
f 1719/1719/1 1724/1724/1 1721/1721/1
f 585/585/1 584/584/1 1725/1725/1
f 1728/1728/1 1731/1731/1 1729/1729/1
f 583/583/1 580/580/1 2094/2094/1
f 578/578/1 575/575/1 1736/1736/1
f 573/573/1 1738/1738/1 571/571/1
f 567/567/1 2095/2095/1 2096/2096/1
f 1748/1748/1 560/560/1 1747/1747/1
f 1747/1747/1 556/556/1 555/555/1
f 1750/1750/1 2097/2097/1 1751/1751/1
f 550/550/1 549/549/1 1752/1752/1
f 1755/1755/1 2098/2098/1 1756/1756/1
f 538/538/1 2099/2099/1 540/540/1
f 437/437/1 1765/1765/1 435/435/1
f 1769/1769/1 1764/1764/1 1767/1767/1
f 2100/2100/1 431/431/1 430/430/1
f 1774/1774/1 1773/1773/1 424/424/1
f 422/422/1 2101/2101/1 419/419/1
f 2101/2101/1 1777/1777/1 1776/1776/1
f 1779/1779/1 398/398/1 1780/1780/1
f 403/403/1 1782/1782/1 401/401/1
f 1793/1793/1 2102/2102/1 1790/1790/1
f 408/408/1 1793/1793/1 2103/2103/1
f 2104/2104/1 1796/1796/1 1794/1794/1
f 1798/1798/1 2105/2105/1 1797/1797/1
f 1800/1800/1 1797/1797/1 1801/1801/1
f 2106/2106/1 1802/1802/1 1804/1804/1
f 1811/1811/1 1808/1808/1 1809/1809/1
f 1816/1816/1 1810/1810/1 1814/1814/1
f 1818/1818/1 1819/1819/1 1817/1817/1
f 415/415/1 416/416/1 413/413/1
f 1821/1821/1 1823/1823/1 1820/1820/1
f 1823/1823/1 1824/1824/1 1826/1826/1
f 1832/1832/1 1829/1829/1 1830/1830/1
f 2107/2107/1 1833/1833/1 1832/1832/1
f 1833/1833/1 1834/1834/1 1836/1836/1
f 1838/1838/1 1836/1836/1 1839/1839/1
f 1843/1843/1 1837/1837/1 1841/1841/1
f 1844/1844/1 2108/2108/1 1842/1842/1
f 1847/1847/1 1849/1849/1 1845/1845/1
f 1851/1851/1 1853/1853/1 1850/1850/1
f 2109/2109/1 6/6/1 1854/1854/1
f 12/12/1 7/7/1 10/10/1
f 11/11/1 13/13/1 12/12/1
f 1859/1859/1 1858/1858/1 1857/1857/1
f 32/32/1 34/34/1 1858/1858/1
f 2110/2110/1 39/39/1 1860/1860/1
f 395/395/1 2111/2111/1 49/49/1
f 394/394/1 1911/1911/1 393/393/1
f 58/58/1 60/60/1 1911/1911/1
f 2112/2112/1 2113/2113/1 74/74/1
f 1866/1866/1 2112/2112/1 74/74/1
f 2114/2114/1 91/91/1 2115/2115/1
f 1868/1868/1 2115/2115/1 91/91/1
f 100/100/1 99/99/1 102/102/1
f 106/106/1 1869/1869/1 104/104/1
f 1872/1872/1 116/116/1 119/119/1
f 123/123/1 127/127/1 124/124/1
f 131/131/1 2116/2116/1 132/132/1
f 153/153/1 159/159/1 151/151/1
f 162/162/1 164/164/1 1876/1876/1
f 155/155/1 174/174/1 173/173/1
f 183/183/1 190/190/1 184/184/1
f 2117/2117/1 2118/2118/1 208/208/1
f 1880/1880/1 212/212/1 200/200/1
f 203/203/1 205/205/1 2119/2119/1
f 198/198/1 197/197/1 2120/2120/1
f 225/225/1 222/222/1 221/221/1
f 230/230/1 233/233/1 231/231/1
f 1885/1885/1 1887/1887/1 239/239/1
f 245/245/1 238/238/1 237/237/1
f 1888/1888/1 1233/1233/1 246/246/1
f 1233/1233/1 2121/2121/1 1232/1232/1
f 261/261/1 263/263/1 265/265/1
f 270/270/1 260/260/1 262/262/1
f 273/273/1 257/257/1 259/259/1
f 2122/2122/1 278/278/1 275/275/1
f 305/305/1 291/291/1 292/292/1
f 285/285/1 2123/2123/1 283/283/1
f 1894/1894/1 285/285/1 284/284/1
f 2124/2124/1 303/303/1 304/304/1
f 317/317/1 1897/1897/1 312/312/1
f 320/320/1 2125/2125/1 321/321/1
f 2126/2126/1 1896/1896/1 324/324/1
f 334/334/1 2127/2127/1 332/332/1
f 1899/1899/1 336/336/1 337/337/1
f 1901/1901/1 346/346/1 343/343/1
f 1903/1903/1 1902/1902/1 349/349/1
f 1905/1905/1 354/354/1 358/358/1
f 2128/2128/1 362/362/1 1906/1906/1
f 373/373/1 1910/1910/1 371/371/1
f 2129/2129/1 2130/2130/1 378/378/1
f 402/402/1 1784/1784/1 403/403/1
f 1791/1791/1 406/406/1 405/405/1
f 1803/1803/1 1799/1799/1 2131/2131/1
f 1915/1915/1 428/428/1 427/427/1
f 433/433/1 2100/2100/1 430/430/1
f 1917/1917/1 441/441/1 1918/1918/1
f 445/445/1 448/448/1 443/443/1
f 450/450/1 451/451/1 449/449/1
f 452/452/1 455/455/1 453/453/1
f 460/460/1 462/462/1 464/464/1
f 1922/1922/1 476/476/1 472/472/1
f 1927/1927/1 498/498/1 497/497/1
f 2132/2132/1 489/489/1 1926/1926/1
f 1926/1926/1 484/484/1 2132/2132/1
f 497/497/1 499/499/1 1927/1927/1
f 500/500/1 504/504/1 1928/1928/1
f 506/506/1 509/509/1 508/508/1
f 2133/2133/1 521/521/1 520/520/1
f 527/527/1 1929/1929/1 526/526/1
f 535/535/1 1761/1761/1 536/536/1
f 2098/2098/1 1755/1755/1 2134/2134/1
f 2097/2097/1 1750/1750/1 2135/2135/1
f 569/569/1 1740/1740/1 1742/1742/1
f 582/582/1 2136/2136/1 1932/1932/1
f 600/600/1 595/595/1 597/597/1
f 1933/1933/1 2137/2137/1 604/604/1
f 611/611/1 1657/1657/1 612/612/1
f 618/618/1 2084/2084/1 616/616/1
f 2138/2138/1 1937/1937/1 623/623/1
f 1937/1937/1 621/621/1 628/628/1
f 633/633/1 610/610/1 634/634/1
f 1632/1632/1 1938/1938/1 1630/1630/1
f 641/641/1 638/638/1 639/639/1
f 1942/1942/1 653/653/1 1941/1941/1
f 1653/1653/1 1652/1652/1 1944/1944/1
f 2139/2139/1 2140/2140/1 1945/1945/1
f 2137/2137/1 2141/2141/1 602/602/1
f 660/660/1 661/661/1 599/599/1
f 2081/2081/1 667/667/1 663/663/1
f 677/677/1 679/679/1 675/675/1
f 2075/2075/1 691/691/1 687/687/1
f 692/692/1 694/694/1 1952/1952/1
f 702/702/1 1588/1588/1 703/703/1
f 1593/1593/1 2142/2142/1 709/709/1
f 1612/1612/1 716/716/1 1610/1610/1
f 2071/2071/1 719/719/1 715/715/1
f 725/725/1 730/730/1 726/726/1
f 733/733/1 1606/1606/1 734/734/1
f 751/751/1 758/758/1 752/752/1
f 1620/1620/1 770/770/1 772/772/1
f 782/782/1 784/784/1 1569/1569/1
f 793/793/1 795/795/1 792/792/1
f 802/802/1 804/804/1 800/800/1
f 808/808/1 810/810/1 806/806/1
f 817/817/1 819/819/1 815/815/1
f 1549/1549/1 831/831/1 2143/2143/1
f 840/840/1 845/845/1 841/841/1
f 2144/2144/1 881/881/1 880/880/1
f 884/884/1 887/887/1 885/885/1
f 2145/2145/1 899/899/1 1975/1975/1
f 2146/2146/1 909/909/1 1429/1429/1
f 910/910/1 912/912/1 1425/1425/1
f 1423/1423/1 1978/1978/1 1422/1422/1
f 922/922/1 927/927/1 923/923/1
f 1418/1418/1 1417/1417/1 935/935/1
f 1405/1405/1 950/950/1 1984/1984/1
f 1402/1402/1 2044/2044/1 961/961/1
f 951/951/1 953/953/1 1403/1403/1
f 974/974/1 976/976/1 972/972/1
f 986/986/1 988/988/1 984/984/1
f 1388/1388/1 1987/1987/1 1390/1390/1
f 1989/1989/1 1990/1990/1 1384/1384/1
f 1004/1004/1 1991/1991/1 1002/1002/1
f 2147/2147/1 1013/1013/1 1993/1993/1
f 1382/1382/1 1028/1028/1 1024/1024/1
f 1034/1034/1 1035/1035/1 1032/1032/1
f 2148/2148/1 1997/1997/1 1996/1996/1
f 1050/1050/1 2148/2148/1 1048/1048/1
f 1373/1373/1 1372/1372/1 1061/1061/1
f 2149/2149/1 1074/1074/1 1070/1070/1
f 2150/2150/1 1109/1109/1 1999/1999/1
f 2001/2001/1 1111/1111/1 2000/2000/1
f 2003/2003/1 2151/2151/1 1122/1122/1
f 1294/1294/1 1293/1293/1 2004/2004/1
f 2152/2152/1 2005/2005/1 1293/1293/1
f 1138/1138/1 1137/1137/1 2006/2006/1
f 1147/1147/1 1143/1143/1 1148/1148/1
f 1159/1159/1 1284/1284/1 1160/1160/1
f 1160/1160/1 1161/1161/1 1158/1158/1
f 1172/1172/1 2011/2011/1 1171/1171/1
f 1282/1282/1 2014/2014/1 1178/1178/1
f 1276/1276/1 1275/1275/1 1193/1193/1
f 1265/1265/1 1264/1264/1 2015/2015/1
f 2021/2021/1 2153/2153/1 1215/1215/1
f 256/256/1 251/251/1 254/254/1
f 2154/2154/1 1229/1229/1 2019/2019/1
f 1228/1228/1 2155/2155/1 1226/1226/1
f 1215/1215/1 2156/2156/1 2021/2021/1
f 1252/1252/1 1258/1258/1 1253/1253/1
f 1212/1212/1 2023/2023/1 2024/2024/1
f 1260/1260/1 1208/1208/1 1210/1210/1
f 1197/1197/1 2157/2157/1 1195/1195/1
f 1197/1197/1 1277/1277/1 2157/2157/1
f 1186/1186/1 1279/1279/1 2028/2028/1
f 1179/1179/1 1175/1175/1 1177/1177/1
f 2158/2158/1 1304/1304/1 1306/1306/1
f 1315/1315/1 1312/1312/1 1313/1313/1
f 1091/1091/1 1327/1327/1 1323/1323/1
f 1325/1325/1 1324/1324/1 1321/1321/1
f 2159/2159/1 2160/2160/1 2161/2161/1
f 1334/1334/1 1336/1336/1 2160/2160/1
f 2162/2162/1 1350/1350/1 1352/1352/1
f 2035/2035/1 2162/2162/1 1352/1352/1
f 2163/2163/1 1081/1081/1 1359/1359/1
f 1079/1079/1 1078/1078/1 1366/1366/1
f 1070/1070/1 2036/2036/1 2149/2149/1
f 1027/1027/1 2164/2164/1 1381/1381/1
f 1025/1025/1 1020/1020/1 1023/1023/1
f 999/999/1 1387/1387/1 1385/1385/1
f 1390/1390/1 1391/1391/1 1388/1388/1
f 975/975/1 1397/1397/1 977/977/1
f 972/972/1 1398/1398/1 974/974/1
f 964/964/1 1401/1401/1 2043/2043/1
f 950/950/1 1406/1406/1 948/948/1
f 941/941/1 940/940/1 2046/2046/1
f 920/920/1 919/919/1 2049/2049/1
f 930/930/1 2048/2048/1 928/928/1
f 1417/1417/1 1419/1419/1 1981/1981/1
f 1978/1978/1 2050/2050/1 1977/1977/1
f 946/946/1 2165/2165/1 1405/1405/1
f 2052/2052/1 2166/2166/1 1435/1435/1
f 2053/2053/1 1446/1446/1 1447/1447/1
f 1450/1450/1 2054/2054/1 1451/1451/1
f 1458/1458/1 1462/1462/1 1461/1461/1
f 1461/1461/1 2167/2167/1 1458/1458/1
f 862/862/1 861/861/1 1467/1467/1
f 1973/1973/1 2060/2060/1 858/858/1
f 1485/1485/1 2062/2062/1 1486/1486/1
f 1481/1481/1 1475/1475/1 1479/1479/1
f 1497/1497/1 2168/2168/1 1498/1498/1
f 2169/2169/1 1501/1501/1 2063/2063/1
f 1507/1507/1 2065/2065/1 1508/1508/1
f 2066/2066/1 2067/2067/1 1514/1514/1
f 2170/2170/1 2171/2171/1 2172/2172/1
f 2172/2172/1 1521/1521/1 2170/2170/1
f 845/845/1 1537/1537/1 843/843/1
f 842/842/1 1969/1969/1 2173/2173/1
f 1544/1544/1 2174/2174/1 1545/1545/1
f 831/831/1 1549/1549/1 1548/1548/1
f 821/821/1 820/820/1 1552/1552/1
f 803/803/1 1560/1560/1 805/805/1
f 794/794/1 793/793/1 1565/1565/1
f 1575/1575/1 1577/1577/1 1573/1573/1
f 1585/1585/1 1590/1590/1 1586/1586/1
f 1602/1602/1 1605/1605/1 1603/1603/1
f 1957/1957/1 2072/2072/1 1955/1955/1
f 696/696/1 695/695/1 698/698/1
f 747/747/1 1615/1615/1 745/745/1
f 755/755/1 1618/1618/1 2175/2175/1
f 2176/2176/1 2177/2177/1 1619/1619/1
f 778/778/1 1626/1626/1 777/777/1
f 1630/1630/1 1939/1939/1 1631/1631/1
f 676/676/1 1949/1949/1 674/674/1
f 690/690/1 689/689/1 1951/1951/1
f 1952/1952/1 1951/1951/1 692/692/1
f 673/673/1 2178/2178/1 671/671/1
f 669/669/1 668/668/1 2179/2179/1
f 663/663/1 662/662/1 2081/2081/1
f 664/664/1 1947/1947/1 662/662/1
f 1962/1962/1 717/717/1 2180/2180/1
f 1945/1945/1 650/650/1 2139/2139/1
f 643/643/1 642/642/1 1943/1943/1
f 603/603/1 1946/1946/1 2085/2085/1
f 1662/1662/1 2181/2181/1 596/596/1
f 1668/1668/1 2086/2086/1 1664/1664/1
f 1670/1670/1 2087/2087/1 1667/1667/1
f 1679/1679/1 1681/1681/1 1680/1680/1
f 2089/2089/1 1687/1687/1 1684/1684/1
f 1694/1694/1 1691/1691/1 1692/1692/1
f 1697/1697/1 1694/1694/1 1695/1695/1
f 2091/2091/1 2182/2182/1 1705/1705/1
f 2183/2183/1 2092/2092/1 1709/1709/1
f 1714/1714/1 2184/2184/1 2093/2093/1
f 589/589/1 2185/2185/1 587/587/1
f 1732/1732/1 2094/2094/1 1733/1733/1
f 2096/2096/1 565/565/1 567/567/1
f 562/562/1 1746/1746/1 560/560/1
f 2135/2135/1 2186/2186/1 2097/2097/1
f 547/547/1 546/546/1 1753/1753/1
f 2187/2187/1 1760/1760/1 1758/1758/1
f 1765/1765/1 1766/1766/1 1764/1764/1
f 1772/1772/1 426/426/1 428/428/1
f 1780/1780/1 2188/2188/1 1778/1778/1
f 1786/1786/1 1783/1783/1 1784/1784/1
f 1796/1796/1 412/412/1 1795/1795/1
f 1801/1801/1 2131/2131/1 1799/1799/1
f 1804/1804/1 1805/1805/1 2106/2106/1
f 1806/1806/1 1809/1809/1 1807/1807/1
f 414/414/1 1817/1817/1 415/415/1
f 1828/1828/1 1826/1826/1 1825/1825/1
f 2189/2189/1 1830/1830/1 1827/1827/1
f 1839/1839/1 1840/1840/1 1837/1837/1
f 1846/1846/1 1842/1842/1 2108/2108/1
f 1854/1854/1 9/9/1 8/8/1
f 1857/1857/1 2190/2190/1 1859/1859/1
f 43/43/1 397/397/1 44/44/1
f 1863/1863/1 52/52/1 51/51/1
f 2191/2191/1 74/74/1 2113/2113/1
f 2115/2115/1 2192/2192/1 2114/2114/1
f 109/109/1 111/111/1 386/386/1
f 1871/1871/1 2193/2193/1 1872/1872/1
f 382/382/1 2194/2194/1 2116/2116/1
f 158/158/1 2195/2195/1 2196/2196/1
f 2197/2197/1 1878/1878/1 188/188/1
f 2119/2119/1 198/198/1 2120/2120/1
f 2117/2117/1 196/196/1 2118/2118/1
f 1884/1884/1 229/229/1 227/227/1
f 1887/1887/1 2198/2198/1 1886/1886/1
f 2121/2121/1 244/244/1 1232/1232/1
f 1891/1891/1 266/266/1 220/220/1
f 276/276/1 272/272/1 1889/1889/1
f 2199/2199/1 297/297/1 296/296/1
f 304/304/1 288/288/1 2124/2124/1
f 290/290/1 292/292/1 291/291/1
f 311/311/1 309/309/1 308/308/1
f 2200/2200/1 321/321/1 2125/2125/1
f 2127/2127/1 330/330/1 332/332/1
f 2201/2201/1 342/342/1 1900/1900/1
f 1906/1906/1 356/356/1 2128/2128/1
f 379/379/1 381/381/1 2130/2130/1
f 2103/2103/1 409/409/1 408/408/1
f 2131/2131/1 2202/2202/1 1803/1803/1
f 1914/1914/1 423/423/1 1916/1916/1
f 1918/1918/1 1919/1919/1 444/444/1
f 442/442/1 1918/1918/1 441/441/1
f 448/448/1 1920/1920/1 446/446/1
f 464/464/1 461/461/1 460/460/1
f 478/478/1 475/475/1 476/476/1
f 2203/2203/1 485/485/1 482/482/1
f 485/485/1 2132/2132/1 484/484/1
f 511/511/1 507/507/1 512/512/1
f 2204/2204/1 518/518/1 517/517/1
f 537/537/1 539/539/1 1761/1761/1
f 546/546/1 548/548/1 544/544/1
f 2186/2186/1 2135/2135/1 553/553/1
f 2205/2205/1 2096/2096/1 2095/2095/1
f 2136/2136/1 577/577/1 1735/1735/1
f 2084/2084/1 1655/1655/1 2082/2082/1
f 1935/1935/1 620/620/1 613/613/1
f 625/625/1 2138/2138/1 623/623/1
f 1636/1636/1 1637/1637/1 1635/1635/1
f 1939/1939/1 1940/1940/1 2077/2077/1
f 640/640/1 2206/2206/1 653/653/1
f 2078/2078/1 2077/2077/1 2140/2140/1
f 2085/2085/1 601/601/1 603/603/1
f 2076/2076/1 688/688/1 684/684/1
f 1613/1613/1 1957/1957/1 706/706/1
f 712/712/1 713/713/1 1960/1960/1
f 723/723/1 724/724/1 1602/1602/1
f 731/731/1 1967/1967/1 732/732/1
f 756/756/1 1578/1578/1 757/757/1
f 771/771/1 773/773/1 775/775/1
f 785/785/1 787/787/1 783/783/1
f 796/796/1 798/798/1 794/794/1
f 805/805/1 807/807/1 803/803/1
f 820/820/1 822/822/1 818/818/1
f 877/877/1 2144/2144/1 880/880/1
f 901/901/1 906/906/1 902/902/1
f 913/913/1 1422/1422/1 914/914/1
f 2049/2049/1 1408/1408/1 920/920/1
f 1981/1981/1 939/939/1 1982/1982/1
f 943/943/1 947/947/1 944/944/1
f 963/963/1 965/965/1 2044/2044/1
f 2041/2041/1 1985/1985/1 978/978/1
f 1392/1392/1 991/991/1 987/987/1
f 995/995/1 1000/1000/1 996/996/1
f 1385/1385/1 1384/1384/1 1988/1988/1
f 1020/1020/1 1022/1022/1 1018/1018/1
f 1031/1031/1 1034/1034/1 1033/1033/1
f 1045/1045/1 1995/1995/1 1046/1046/1
f 1066/1066/1 1068/1068/1 1064/1064/1
f 1999/1999/1 2207/2207/1 2150/2150/1
f 2000/2000/1 1115/1115/1 2001/2001/1
f 2004/2004/1 1126/1126/1 1294/1294/1
f 2208/2208/1 1145/1145/1 1144/1144/1
f 1167/1167/1 2010/2010/1 2009/2009/1
f 1175/1175/1 1179/1179/1 1176/1176/1
f 1278/1278/1 1191/1191/1 1187/1187/1
f 1202/1202/1 1204/1204/1 1200/1200/1
f 2209/2209/1 1217/1217/1 2018/2018/1
f 2154/2154/1 255/255/1 254/254/1
f 1242/1242/1 1239/1239/1 1236/1236/1
f 2210/2210/1 1221/1221/1 2022/2022/1
f 1258/1258/1 2211/2211/1 1257/1257/1
f 1206/1206/1 1205/1205/1 1265/1265/1
f 1201/1201/1 2026/2026/1 1199/1199/1
f 1306/1306/1 2212/2212/1 2158/2158/1
f 1311/1311/1 2030/2030/1 1309/1309/1
f 1330/1330/1 2033/2033/1 1328/1328/1
f 2159/2159/1 2161/2161/1 1087/1087/1
f 2035/2035/1 1352/1352/1 1085/1085/1
f 1361/1361/1 2163/2163/1 1359/1359/1
f 1064/1064/1 2037/2037/1 1066/1066/1
f 1018/1018/1 1017/1017/1 1020/1020/1
f 997/997/1 1389/1389/1 995/995/1
f 1985/1985/1 2041/2041/1 980/980/1
f 2044/2044/1 2045/2045/1 963/963/1
f 911/911/1 1424/1424/1 1976/1976/1
f 1980/1980/1 1979/1979/1 934/934/1
f 932/932/1 931/931/1 966/966/1
f 918/918/1 1977/1977/1 916/916/1
f 2213/2213/1 1435/1435/1 2166/2166/1
f 1441/1441/1 1444/1444/1 1439/1439/1
f 2057/2057/1 2214/2214/1 1464/1464/1
f 2058/2058/1 2059/2059/1 861/861/1
f 1487/1487/1 1488/1488/1 2062/2062/1
f 2063/2063/1 1498/1498/1 2168/2168/1
f 1504/1504/1 2064/2064/1 2215/2215/1
f 1525/1525/1 2172/2172/1 1526/1526/1
f 842/842/1 2173/2173/1 840/840/1
f 2216/2216/1 1545/1545/1 2174/2174/1
f 818/818/1 817/817/1 1553/1553/1
f 800/800/1 1561/1561/1 802/802/1
f 790/790/1 1567/1567/1 788/788/1
f 758/758/1 1580/1580/1 756/756/1
f 1588/1588/1 702/702/1 1589/1589/1
f 740/740/1 739/739/1 1604/1604/1
f 743/743/1 2073/2073/1 695/695/1
f 755/755/1 2175/2175/1 753/753/1
f 769/769/1 768/768/1 2217/2217/1
f 776/776/1 777/777/1 774/774/1
f 2077/2077/1 2079/2079/1 1939/1939/1
f 685/685/1 1950/1950/1 683/683/1
f 631/631/1 1638/1638/1 629/629/1
f 630/630/1 629/629/1 1640/1640/1
f 1962/1962/1 2180/2180/1 1650/1650/1
f 1967/1967/1 731/731/1 2218/2218/1
f 1967/1967/1 2218/2218/1 1965/1965/1
f 602/602/1 604/604/1 2137/2137/1
f 1664/1664/1 1666/1666/1 1668/1668/1
f 1689/1689/1 1686/1686/1 1687/1687/1
f 1690/1690/1 2090/2090/1 1688/1688/1
f 2219/2219/1 1705/1705/1 2182/2182/1
f 589/589/1 588/588/1 2093/2093/1
f 1726/1726/1 2220/2220/1 1727/1727/1
f 566/566/1 1742/1742/1 1741/1741/1
f 1744/1744/1 564/564/1 563/563/1
f 538/538/1 537/537/1 2099/2099/1
f 425/425/1 1916/1916/1 423/423/1
f 412/412/1 1798/1798/1 410/410/1
f 2202/2202/1 1804/1804/1 1803/1803/1
f 1812/1812/1 1813/1813/1 1810/1810/1
f 1826/1826/1 1822/1822/1 1823/1823/1
f 1835/1835/1 1839/1839/1 1836/1836/1
f 2108/2108/1 1847/1847/1 1846/1846/1
f 8/8/1 2109/2109/1 1854/1854/1
f 1862/1862/1 2221/2221/1 53/53/1
f 382/382/1 379/379/1 2194/2194/1
f 2195/2195/1 171/171/1 2196/2196/1
f 188/188/1 1879/1879/1 2197/2197/1
f 192/192/1 2197/2197/1 1879/1879/1
f 2198/2198/1 2222/2222/1 1886/1886/1
f 244/244/1 237/237/1 1232/1232/1
f 265/265/1 268/268/1 261/261/1
f 258/258/1 1881/1881/1 2223/2223/1
f 287/287/1 2124/2124/1 288/288/1
f 1893/1893/1 294/294/1 306/306/1
f 309/309/1 2224/2224/1 307/307/1
f 1913/1913/1 1789/1789/1 1788/1788/1
f 431/431/1 1772/1772/1 1771/1771/1
f 434/434/1 2225/2225/1 432/432/1
f 461/461/1 459/459/1 457/457/1
f 473/473/1 469/469/1 474/474/1
f 1925/1925/1 494/494/1 1924/1924/1
f 516/516/1 510/510/1 514/514/1
f 1760/1760/1 2187/2187/1 541/541/1
f 1759/1759/1 2134/2134/1 1757/1757/1
f 2095/2095/1 1743/1743/1 2205/2205/1
f 1736/1736/1 579/579/1 578/578/1
f 609/609/1 615/615/1 614/614/1
f 1641/1641/1 1934/1934/1 630/630/1
f 637/637/1 632/632/1 635/635/1
f 2226/2226/1 652/652/1 1652/1652/1
f 680/680/1 682/682/1 678/678/1
f 1611/1611/1 1610/1610/1 1958/1958/1
f 1600/1600/1 1595/1595/1 1961/1961/1
f 1650/1650/1 1963/1963/1 1962/1962/1
f 739/739/1 741/741/1 1606/1606/1
f 1576/1576/1 2227/2227/1 1578/1578/1
f 1573/1573/1 1572/1572/1 2228/2228/1
f 1567/1567/1 790/790/1 786/786/1
f 823/823/1 825/825/1 821/821/1
f 880/880/1 2229/2229/1 877/877/1
f 904/904/1 1429/1429/1 905/905/1
f 2048/2048/1 930/930/1 926/926/1
f 1407/1407/1 1983/1983/1 938/938/1
f 989/989/1 994/994/1 990/990/1
f 992/992/1 1390/1390/1 993/993/1
f 2230/2230/1 1031/1031/1 1030/1030/1
f 1069/1069/1 1071/1071/1 1067/1067/1
f 2207/2207/1 2231/2231/1 2150/2150/1
f 1297/1297/1 1122/1122/1 2151/2151/1
f 1285/1285/1 1160/1160/1 1284/1284/1
f 1270/1270/1 1269/1269/1 1272/1272/1
f 2021/2021/1 1222/1222/1 2153/2153/1
f 2232/2232/1 255/255/1 2154/2154/1
f 1215/1215/1 1214/1214/1 2156/2156/1
f 2233/2233/1 2234/2234/1 2211/2211/1
f 1203/1203/1 1268/1268/1 1267/1267/1
f 2212/2212/1 1311/1311/1 2158/2158/1
f 1310/1310/1 2158/2158/1 1311/1311/1
f 1328/1328/1 2235/2235/1 1330/1330/1
f 1369/1369/1 1370/1370/1 1075/1075/1
f 1986/1986/1 2040/2040/1 983/983/1
f 1983/1983/1 1407/1407/1 940/940/1
f 939/939/1 1981/1981/1 2236/2236/1
f 915/915/1 1976/1976/1 913/913/1
f 2166/2166/1 2237/2237/1 2213/2213/1
f 2057/2057/1 1462/1462/1 2214/2214/1
f 1971/1971/1 2215/2215/1 852/852/1
f 1532/1532/1 1531/1531/1 1534/1534/1
f 828/828/1 1551/1551/1 826/826/1
f 1555/1555/1 1558/1558/1 1556/1556/1
f 786/786/1 785/785/1 1566/1566/1
f 749/749/1 1581/1581/1 751/751/1
f 704/704/1 1593/1593/1 1591/1591/1
f 1606/1606/1 733/733/1 1607/1607/1
f 701/701/1 1614/1614/1 705/705/1
f 684/684/1 683/683/1 2076/2076/1
f 669/669/1 2179/2179/1 2178/2178/1
f 2140/2140/1 2139/2139/1 2078/2078/1
f 1667/1667/1 1671/1671/1 1670/1670/1
f 1685/1685/1 1683/1683/1 1682/1682/1
f 1722/1722/1 1727/1727/1 2220/2220/1
f 570/570/1 1739/1739/1 568/568/1
f 557/557/1 558/558/1 1749/1749/1
f 2134/2134/1 1759/1759/1 2098/2098/1
f 424/424/1 2238/2238/1 1774/1774/1
f 409/409/1 2104/2104/1 1794/1794/1
f 1825/1825/1 2189/2189/1 1827/1827/1
f 1836/1836/1 1831/1831/1 1833/1833/1
f 5/5/1 3/3/1 2/2/1
f 170/170/1 2196/2196/1 171/171/1
f 181/181/1 189/189/1 190/190/1
f 2222/2222/1 235/235/1 1886/1886/1
f 1882/1882/1 270/270/1 1883/1883/1
f 293/293/1 306/306/1 294/294/1
f 2239/2239/1 307/307/1 2224/2224/1
f 1777/1777/1 1778/1778/1 1775/1775/1
f 455/455/1 456/456/1 454/454/1
f 468/468/1 471/471/1 470/470/1
f 480/480/1 2203/2203/1 482/482/1
f 504/504/1 505/505/1 502/502/1
f 1758/1758/1 1757/1757/1 2187/2187/1
f 1638/1638/1 631/631/1 1637/1637/1
f 1643/1643/1 657/657/1 1642/1642/1
f 2178/2178/1 673/673/1 669/669/1
f 1955/1955/1 1959/1959/1 1956/1956/1
f 1599/1599/1 1598/1598/1 721/721/1
f 1576/1576/1 1575/1575/1 2227/2227/1
f 1574/1574/1 781/781/1 1572/1572/1
f 1625/1625/1 1624/1624/1 1627/1627/1
f 1426/1426/1 1425/1425/1 1428/1428/1
f 1420/1420/1 921/921/1 1421/1421/1
f 934/934/1 936/936/1 1980/1980/1
f 1395/1395/1 1986/1986/1 981/981/1
f 1075/1075/1 1077/1077/1 1369/1369/1
f 1180/1180/1 1280/1280/1 1183/1183/1
f 2240/2240/1 2209/2209/1 2018/2018/1
f 2019/2019/1 2232/2232/1 2154/2154/1
f 1218/1218/1 1217/1217/1 1214/1214/1
f 1190/1190/1 2027/2027/1 1192/1192/1
f 1095/1095/1 1317/1317/1 1093/1093/1
f 1074/1074/1 2149/2149/1 1072/1072/1
f 984/984/1 1394/1394/1 986/986/1
f 946/946/1 945/945/1 2165/2165/1
f 939/939/1 2236/2236/1 937/937/1
f 2237/2237/1 2241/2241/1 2213/2213/1
f 816/816/1 1554/1554/1 814/814/1
f 783/783/1 782/782/1 1568/1568/1
f 1582/1582/1 1584/1584/1 748/748/1
f 721/721/1 720/720/1 1599/1599/1
f 769/769/1 2217/2217/1 765/765/1
f 775/775/1 1621/1621/1 771/771/1
f 691/691/1 2075/2075/1 689/689/1
f 1680/1680/1 1677/1677/1 1678/1678/1
f 553/553/1 552/552/1 2186/2186/1
f 1776/1776/1 419/419/1 2101/2101/1
f 1792/1792/1 2103/2103/1 1793/1793/1
f 417/417/1 1821/1821/1 418/418/1
f 1853/1853/1 1/1/1 3/3/1
f 171/171/1 172/172/1 169/169/1
f 190/190/1 179/179/1 181/181/1
f 234/234/1 1886/1886/1 235/235/1
f 1883/1883/1 2223/2223/1 1881/1881/1
f 291/291/1 1892/1892/1 289/289/1
f 296/296/1 2239/2239/1 2224/2224/1
f 2188/2188/1 1775/1775/1 1778/1778/1
f 2242/2242/1 478/478/1 1923/1923/1
f 498/498/1 496/496/1 495/495/1
f 1928/1928/1 501/501/1 500/500/1
f 1752/1752/1 554/554/1 550/550/1
f 654/654/1 634/634/1 610/610/1
f 1593/1593/1 704/704/1 2142/2142/1
f 2177/2177/1 2176/2176/1 766/766/1
f 1626/1626/1 778/778/1 1968/1968/1
f 916/916/1 1421/1421/1 917/917/1
f 2043/2043/1 2042/2042/1 964/964/1
f 977/977/1 979/979/1 975/975/1
f 1367/1367/1 2243/2243/1 1079/1079/1
f 2018/2018/1 2233/2233/1 2240/2240/1
f 1238/1238/1 1231/1231/1 1230/1230/1
f 1061/1061/1 1060/1060/1 1374/1374/1
f 909/909/1 2146/2146/1 907/907/1
f 1432/1432/1 2213/2213/1 2241/2241/1
f 1562/1562/1 1564/1564/1 799/799/1
f 1960/1960/1 1597/1597/1 712/712/1
f 762/762/1 2074/2074/1 759/759/1
f 766/766/1 765/765/1 2177/2177/1
f 2088/2088/1 1676/1676/1 1675/1675/1
f 544/544/1 543/543/1 1754/1754/1
f 399/399/1 401/401/1 1781/1781/1
f 2105/2105/1 1801/1801/1 1797/1797/1
f 175/175/1 156/156/1 155/155/1
f 178/178/1 1877/1877/1 180/180/1
f 227/227/1 225/225/1 224/224/1
f 218/218/1 217/217/1 279/279/1
f 167/167/1 283/283/1 2123/2123/1
f 2238/2238/1 421/421/1 1774/1774/1
f 481/481/1 2242/2242/1 1923/1923/1
f 1923/1923/1 479/479/1 481/481/1
f 564/564/1 562/562/1 561/561/1
f 2141/2141/1 1659/1659/1 602/602/1
f 1590/1590/1 1585/1585/1 1954/1954/1
f 1619/1619/1 764/764/1 2176/2176/1
f 1412/1412/1 1411/1411/1 1413/1413/1
f 1399/1399/1 2244/2244/1 2042/2042/1
f 1238/1238/1 2020/2020/1 1236/1236/1
f 1429/1429/1 1430/1430/1 2146/2146/1
f 1569/1569/1 779/779/1 1570/1570/1
f 709/709/1 708/708/1 1592/1592/1
f 1959/1959/1 1955/1955/1 2245/2245/1
f 1675/1675/1 1672/1672/1 1673/1673/1
f 269/269/1 1883/1883/1 270/270/1
f 216/216/1 2246/2246/1 217/217/1
f 2123/2123/1 168/168/1 167/167/1
f 430/430/1 434/434/1 433/433/1
f 1738/1738/1 568/568/1 1739/1739/1
f 1647/1647/1 1644/1644/1 656/656/1
f 695/695/1 697/697/1 743/743/1
f 1573/1573/1 2228/2228/1 1575/1575/1
f 931/931/1 933/933/1 1411/1411/1
f 1242/1242/1 1236/1236/1 1240/1240/1
f 906/906/1 2247/2247/1 904/904/1
f 781/781/1 1574/1574/1 1571/1571/1
f 1959/1959/1 2245/2245/1 1611/1611/1
f 2223/2223/1 271/271/1 258/258/1
f 216/216/1 215/215/1 2246/2246/1
f 2125/2125/1 315/315/1 314/314/1
f 517/517/1 2133/2133/1 2204/2204/1
f 2094/2094/1 1732/1732/1 583/583/1
f 2181/2181/1 597/597/1 596/596/1
f 1587/1587/1 2070/2070/1 1953/1953/1
f 1399/1399/1 970/970/1 2244/2244/1
f 1227/1227/1 1240/1240/1 1228/1228/1
f 735/735/1 736/736/1 1608/1608/1
f 715/715/1 714/714/1 2071/2071/1
f 274/274/1 1889/1889/1 272/272/1
f 210/210/1 194/194/1 215/215/1
f 1947/1947/1 1948/1948/1 1644/1644/1
f 1583/1583/1 1582/1582/1 2070/2070/1
f 1226/1226/1 2155/2155/1 1243/1243/1
f 652/652/1 2226/2226/1 650/650/1
f 277/277/1 2122/2122/1 275/275/1
f 1639/1639/1 670/670/1 666/666/1
f 748/748/1 750/750/1 1582/1582/1
f 1245/1245/1 1243/1243/1 1223/1223/1
f 1652/1652/1 1654/1654/1 2226/2226/1
f 278/278/1 218/218/1 279/279/1
f 1628/1628/1 1627/1627/1 693/693/1
f 1617/1617/1 1616/1616/1 760/760/1
f 1225/1225/1 1247/1247/1 1223/1223/1
f 2206/2206/1 1941/1941/1 653/653/1
f 217/217/1 219/219/1 216/216/1
f 1563/1563/1 1562/1562/1 797/797/1
f 2022/2022/1 1225/1225/1 1224/1224/1
f 644/644/1 649/649/1 642/642/1
f 196/196/1 2117/2117/1 194/194/1
f 1557/1557/1 813/813/1 1555/1555/1
f 1224/1224/1 2210/2210/1 2022/2022/1
f 208/208/1 281/281/1 2117/2117/1
f 1551/1551/1 828/828/1 824/824/1
f 2211/2211/1 2240/2240/1 2233/2233/1
f 206/206/1 203/203/1 207/207/1
f 2174/2174/1 2248/2248/1 2216/2216/1
f 2234/2234/1 1257/1257/1 2211/2211/1
f 2119/2119/1 2120/2120/1 203/203/1
f 2024/2024/1 1255/1255/1 2249/2249/1
f 213/213/1 191/191/1 214/214/1
f 2024/2024/1 2249/2249/1 1212/1212/1
f 180/180/1 176/176/1 178/178/1
f 1213/1213/1 2250/2250/1 1211/1211/1
f 177/177/1 2251/2251/1 178/178/1
f 1209/1209/1 1211/1211/1 2250/2250/1
f 156/156/1 178/178/1 2251/2251/1
f 2250/2250/1 1210/1210/1 1209/1209/1
f 2251/2251/1 154/154/1 156/156/1
f 1263/1263/1 2016/2016/1 1264/1264/1
f 2196/2196/1 153/153/1 158/158/1
f 2025/2025/1 1201/1201/1 2252/2252/1
f 301/301/1 151/151/1 160/160/1
f 2025/2025/1 2252/2252/1 1269/1269/1
f 2224/2224/1 2199/2199/1 296/296/1
f 1274/1274/1 1272/1272/1 1198/1198/1
f 314/314/1 2200/2200/1 2125/2125/1
f 2028/2028/1 1184/1184/1 1186/1186/1
f 324/324/1 323/323/1 2126/2126/1
f 1182/1182/1 2012/2012/1 1180/1180/1
f 1896/1896/1 2126/2126/1 149/149/1
f 2014/2014/1 2029/2029/1 2012/2012/1
f 150/150/1 2253/2253/1 1875/1875/1
f 1173/1173/1 1172/1172/1 1175/1175/1
f 2253/2253/1 2254/2254/1 1875/1875/1
f 1171/1171/1 1170/1170/1 1172/1172/1
f 2255/2255/1 1875/1875/1 2254/2254/1
f 1168/1168/1 1167/1167/1 1170/1170/1
f 2256/2256/1 2255/2255/1 2254/2254/1
f 2009/2009/1 2257/2257/1 1167/1167/1
f 2254/2254/1 328/328/1 2256/2256/1
f 2009/2009/1 1165/1165/1 2257/2257/1
f 1898/1898/1 2256/2256/1 328/328/1
f 1162/1162/1 1161/1161/1 1283/1283/1
f 147/147/1 2258/2258/1 336/336/1
f 1154/1154/1 2008/2008/1 1156/1156/1
f 336/336/1 2258/2258/1 337/337/1
f 1157/1157/1 1155/1155/1 1154/1154/1
f 338/338/1 337/337/1 340/340/1
f 1287/1287/1 1288/1288/1 1153/1153/1
f 143/143/1 341/341/1 340/340/1
f 2259/2259/1 1153/1153/1 1288/1288/1
f 340/340/1 2260/2260/1 143/143/1
f 1289/1289/1 2259/2259/1 1288/1288/1
f 2260/2260/1 144/144/1 143/143/1
f 1151/1151/1 1150/1150/1 1289/1289/1
f 140/140/1 142/142/1 144/144/1
f 1149/1149/1 1148/1148/1 1150/1150/1
f 144/144/1 141/141/1 140/140/1
f 1290/1290/1 2208/2208/1 1144/1144/1
f 2261/2261/1 139/139/1 141/141/1
f 1144/1144/1 2262/2262/1 1290/1290/1
f 1900/1900/1 2261/2261/1 141/141/1
f 2262/2262/1 1142/1142/1 1290/1290/1
f 141/141/1 2201/2201/1 1900/1900/1
f 2007/2007/1 2006/2006/1 1141/1141/1
f 350/350/1 1904/1904/1 352/352/1
f 1136/1136/1 2263/2263/1 1137/1137/1
f 2264/2264/1 352/352/1 1904/1904/1
f 1292/1292/1 1137/1137/1 2263/2263/1
f 2265/2265/1 2264/2264/1 1904/1904/1
f 2263/2263/1 1133/1133/1 1292/1292/1
f 353/353/1 2265/2265/1 1904/1904/1
f 1133/1133/1 1132/1132/1 1291/1291/1
f 138/138/1 355/355/1 136/136/1
f 1131/1131/1 1130/1130/1 1132/1132/1
f 355/355/1 358/358/1 354/354/1
f 2005/2005/1 2152/2152/1 1130/1130/1
f 359/359/1 2128/2128/1 356/356/1
f 1293/1293/1 1295/1295/1 2152/2152/1
f 363/363/1 362/362/1 134/134/1
f 2151/2151/1 2266/2266/1 1297/1297/1
f 133/133/1 135/135/1 365/365/1
f 2266/2266/1 2267/2267/1 1297/1297/1
f 2268/2268/1 366/366/1 365/365/1
f 2267/2267/1 1298/1298/1 1297/1297/1
f 365/365/1 367/367/1 2268/2268/1
f 1298/1298/1 2002/2002/1 1296/1296/1
f 369/369/1 2268/2268/1 367/367/1
f 2269/2269/1 1296/1296/1 2002/2002/1
f 1910/1910/1 370/370/1 1907/1907/1
f 1117/1117/1 2269/2269/1 2002/2002/1
f 374/374/1 371/371/1 1908/1908/1
f 1116/1116/1 1115/1115/1 1117/1117/1
f 1909/1909/1 1908/1908/1 375/375/1
f 1110/1110/1 1112/1112/1 1107/1107/1
f 378/378/1 375/375/1 2129/2129/1
f 2231/2231/1 2270/2270/1 2150/2150/1
f 2130/2130/1 2129/2129/1 379/379/1
f 2271/2271/1 2150/2150/1 2270/2270/1
f 2116/2116/1 2272/2272/1 382/382/1
f 1300/1300/1 2271/2271/1 2270/2270/1
f 2116/2116/1 131/131/1 2272/2272/1
f 2270/2270/1 1299/1299/1 1300/1300/1
f 1874/1874/1 383/383/1 128/128/1
f 1106/1106/1 1101/1101/1 1104/1104/1
f 385/385/1 128/128/1 383/383/1
f 1103/1103/1 1104/1104/1 1101/1101/1
f 125/125/1 1873/1873/1 123/123/1
f 1100/1100/1 1103/1103/1 1096/1096/1
f 122/122/1 117/117/1 1873/1873/1
f 1098/1098/1 1099/1099/1 1096/1096/1
f 2193/2193/1 2273/2273/1 1872/1872/1
f 2274/2274/1 1998/1998/1 1097/1097/1
f 2275/2275/1 1872/1872/1 2273/2273/1
f 1097/1097/1 2276/2276/1 2274/2274/1
f 2273/2273/1 114/114/1 2275/2275/1
f 2276/2276/1 1303/1303/1 2274/2274/1
f 112/112/1 2275/2275/1 114/114/1
f 1302/1302/1 2274/2274/1 1303/1303/1
f 115/115/1 113/113/1 112/112/1
f 2277/2277/1 1095/1095/1 1094/1094/1
f 110/110/1 109/109/1 112/112/1
f 2278/2278/1 2277/2277/1 1094/1094/1
f 386/386/1 387/387/1 109/109/1
f 1094/1094/1 2279/2279/1 2278/2278/1
f 105/105/1 104/104/1 107/107/1
f 2279/2279/1 1318/1318/1 2278/2278/1
f 1870/1870/1 388/388/1 99/99/1
f 1320/1320/1 2278/2278/1 1318/1318/1
f 2280/2280/1 99/99/1 388/388/1
f 2032/2032/1 1320/1320/1 1319/1319/1
f 389/389/1 2280/2280/1 388/388/1
f 1323/1323/1 1322/1322/1 1091/1091/1
f 96/96/1 389/389/1 97/97/1
f 1328/1328/1 1092/1092/1 2235/2235/1
f 92/92/1 90/90/1 94/94/1
f 1331/1331/1 1330/1330/1 1088/1088/1
f 2192/2192/1 87/87/1 2114/2114/1
f 1087/1087/1 1089/1089/1 2159/2159/1
f 2281/2281/1 2114/2114/1 87/87/1
f 2160/2160/1 2159/2159/1 2282/2282/1
f 83/83/1 2281/2281/1 87/87/1
f 2160/2160/1 2282/2282/1 1334/1334/1
f 84/84/1 390/390/1 82/82/1
f 1337/1337/1 1334/1334/1 1338/1338/1
f 390/390/1 1867/1867/1 80/80/1
f 1339/1339/1 1338/1338/1 2283/2283/1
f 81/81/1 78/78/1 77/77/1
f 1339/1339/1 2283/2283/1 1341/1341/1
f 2113/2113/1 2284/2284/1 2191/2191/1
f 2285/2285/1 1342/1342/1 1341/1341/1
f 2284/2284/1 2286/2286/1 2191/2191/1
f 2287/2287/1 1342/1342/1 2285/2285/1
f 2288/2288/1 2191/2191/1 2286/2286/1
f 2289/2289/1 2287/2287/1 2285/2285/1
f 72/72/1 2288/2288/1 2286/2286/1
f 1345/1345/1 2289/2289/1 2285/2285/1
f 2286/2286/1 73/73/1 72/72/1
f 2285/2285/1 2290/2290/1 1345/1345/1
f 70/70/1 69/69/1 72/72/1
f 2290/2290/1 1346/1346/1 1345/1345/1
f 2291/2291/1 69/69/1 392/392/1
f 2034/2034/1 1344/1344/1 1346/1346/1
f 66/66/1 2291/2291/1 392/392/1
f 1346/1346/1 1349/1349/1 1348/1348/1
f 68/68/1 62/62/1 66/66/1
f 1084/1084/1 1086/1086/1 1355/1355/1
f 68/68/1 65/65/1 62/62/1
f 2292/2292/1 1356/1356/1 1355/1355/1
f 64/64/1 2293/2293/1 62/62/1
f 2294/2294/1 1356/1356/1 2292/2292/1
f 64/64/1 1864/1864/1 2293/2293/1
f 2295/2295/1 2294/2294/1 2292/2292/1
f 61/61/1 58/58/1 1864/1864/1
f 2292/2292/1 1083/1083/1 2295/2295/1
f 1911/1911/1 1912/1912/1 58/58/1
f 1358/1358/1 2295/2295/1 1083/1083/1
f 56/56/1 51/51/1 54/54/1
f 1367/1367/1 1364/1364/1 2243/2243/1
f 2221/2221/1 396/396/1 53/53/1
f 1067/1067/1 1066/1066/1 1371/1371/1
f 396/396/1 2111/2111/1 395/395/1
f 1055/1055/1 1054/1054/1 1057/1057/1
f 49/49/1 2296/2296/1 395/395/1
f 1053/1053/1 1375/1375/1 1054/1054/1
f 49/49/1 46/46/1 2296/2296/1
f 1996/1996/1 1048/1048/1 2148/2148/1
f 45/45/1 1861/1861/1 43/43/1
f 1047/1047/1 1046/1046/1 1996/1996/1
f 42/42/1 2297/2297/1 1861/1861/1
f 2298/2298/1 1046/1046/1 1995/1995/1
f 42/42/1 39/39/1 2297/2297/1
f 1041/1041/1 2298/2298/1 1995/1995/1
f 1860/1860/1 37/37/1 2110/2110/1
f 1043/1043/1 1376/1376/1 1041/1041/1
f 36/36/1 2110/2110/1 37/37/1
f 2299/2299/1 1041/1041/1 1376/1376/1
f 38/38/1 35/35/1 36/36/1
f 1039/1039/1 2299/2299/1 1376/1376/1
f 35/35/1 32/32/1 36/36/1
f 1038/1038/1 1036/1036/1 1039/1039/1
f 1857/1857/1 30/30/1 2190/2190/1
f 1378/1378/1 2230/2230/1 1030/1030/1
f 28/28/1 27/27/1 30/30/1
f 2038/2038/1 1378/1378/1 1377/1377/1
f 1856/1856/1 26/26/1 27/27/1
f 1381/1381/1 2038/2038/1 1379/1379/1
f 22/22/1 25/25/1 23/23/1
f 1026/1026/1 2164/2164/1 1027/1027/1
f 1855/1855/1 20/20/1 22/22/1
f 1019/1019/1 1015/1015/1 1017/1017/1
f 2300/2300/1 22/22/1 20/20/1
f 1014/1014/1 1013/1013/1 1015/1015/1
f 19/19/1 2300/2300/1 20/20/1
f 1993/1993/1 2301/2301/1 2147/2147/1
f 18/18/1 14/14/1 19/19/1
f 1007/1007/1 2147/2147/1 2301/2301/1
f 3/3/1 1852/1852/1 1853/1853/1
f 2301/2301/1 1010/1010/1 1007/1007/1
f 1849/1849/1 1851/1851/1 1848/1848/1
f 1009/1009/1 1992/1992/1 1007/1007/1
f 1841/1841/1 1844/1844/1 1843/1843/1
f 1005/1005/1 1004/1004/1 1992/1992/1
f 1830/1830/1 2107/2107/1 1832/1832/1
f 1002/1002/1 1383/1383/1 1004/1004/1
f 1814/1814/1 1818/1818/1 1815/1815/1
f 1384/1384/1 1386/1386/1 1989/1989/1
f 1807/1807/1 2106/2106/1 1805/1805/1
f 987/987/1 1393/1393/1 1392/1392/1
f 2102/2102/1 1791/1791/1 1790/1790/1
f 970/970/1 1400/1400/1 968/968/1
f 2302/2302/1 404/404/1 406/406/1
f 962/962/1 958/958/1 960/960/1
f 406/406/1 2303/2303/1 2302/2302/1
f 957/957/1 954/954/1 958/958/1
f 2303/2303/1 1787/1787/1 2302/2302/1
f 952/952/1 2051/2051/1 954/954/1
f 1789/1789/1 2302/2302/1 1787/1787/1
f 906/906/1 901/901/1 2247/2247/1
f 1785/1785/1 1913/1913/1 1786/1786/1
f 1975/1975/1 895/895/1 2145/2145/1
f 2225/2225/1 1768/1768/1 432/432/1
f 892/892/1 2145/2145/1 895/895/1
f 436/436/1 440/440/1 437/437/1
f 896/896/1 893/893/1 892/892/1
f 1763/1763/1 442/442/1 438/438/1
f 894/894/1 1974/1974/1 892/892/1
f 1921/1921/1 449/449/1 451/451/1
f 891/891/1 888/888/1 1974/1974/1
f 463/463/1 467/467/1 465/465/1
f 2229/2229/1 878/878/1 877/877/1
f 520/520/1 2204/2204/1 2133/2133/1
f 878/878/1 2304/2304/1 876/876/1
f 526/526/1 522/522/1 2305/2305/1
f 2304/2304/1 1431/1431/1 876/876/1
f 526/526/1 2305/2305/1 527/527/1
f 2241/2241/1 876/876/1 1432/1432/1
f 528/528/1 527/527/1 530/530/1
f 2306/2306/1 1438/1438/1 1437/1437/1
f 532/532/1 531/531/1 530/530/1
f 874/874/1 2306/2306/1 1437/1437/1
f 1930/1930/1 531/531/1 532/532/1
f 1437/1437/1 875/875/1 874/874/1
f 1761/1761/1 535/535/1 1762/1762/1
f 875/875/1 1441/1441/1 873/873/1
f 1745/1745/1 2205/2205/1 1743/1743/1
f 1440/1440/1 873/873/1 1441/1441/1
f 572/572/1 1931/1931/1 1737/1737/1
f 1448/1448/1 1447/1447/1 1450/1450/1
f 1735/1735/1 1932/1932/1 2136/2136/1
f 2054/2054/1 1450/1450/1 2307/2307/1
f 1730/1730/1 1728/1728/1 1732/1732/1
f 2054/2054/1 2307/2307/1 1454/1454/1
f 584/584/1 586/586/1 1728/1728/1
f 872/872/1 871/871/1 1454/1454/1
f 1725/1725/1 1727/1727/1 585/585/1
f 868/868/1 870/870/1 872/872/1
f 2220/2220/1 1723/1723/1 1722/1722/1
f 872/872/1 2308/2308/1 868/868/1
f 1724/1724/1 1719/1719/1 1722/1722/1
f 2308/2308/1 869/869/1 868/868/1
f 1716/1716/1 1718/1718/1 1719/1719/1
f 869/869/1 866/866/1 867/867/1
f 587/587/1 2185/2185/1 1718/1718/1
f 865/865/1 867/867/1 866/866/1
f 2093/2093/1 2184/2184/1 589/589/1
f 866/866/1 1456/1456/1 864/864/1
f 2309/2309/1 592/592/1 591/591/1
f 2167/2167/1 1459/1459/1 1458/1458/1
f 594/594/1 2309/2309/1 591/591/1
f 1465/1465/1 1464/1464/1 862/862/1
f 2092/2092/1 2183/2183/1 594/594/1
f 861/861/1 863/863/1 2058/2058/1
f 1709/1709/1 1701/1701/1 2183/2183/1
f 1469/1469/1 2058/2058/1 859/859/1
f 2182/2182/1 2310/2310/1 2219/2219/1
f 2060/2060/1 1973/1973/1 1471/1471/1
f 2310/2310/1 2311/2311/1 2219/2219/1
f 2312/2312/1 1474/1474/1 1471/1471/1
f 2313/2313/1 2219/2219/1 2311/2311/1
f 2314/2314/1 1474/1474/1 2312/2312/1
f 2311/2311/1 2315/2315/1 2313/2313/1
f 2316/2316/1 2314/2314/1 2312/2312/1
f 1696/1696/1 2313/2313/1 2315/2315/1
f 2312/2312/1 2317/2317/1 2316/2316/1
f 2315/2315/1 1698/1698/1 1696/1696/1
f 2317/2317/1 2318/2318/1 2316/2316/1
f 2319/2319/1 1673/1673/1 1669/1669/1
f 2320/2320/1 2316/2316/1 2318/2318/1
f 1671/1671/1 2319/2319/1 1669/1669/1
f 2321/2321/1 2320/2320/1 2318/2318/1
f 1665/1665/1 1662/1662/1 1663/1663/1
f 2322/2322/1 2321/2321/1 2318/2318/1
f 599/599/1 658/658/1 660/660/1
f 2318/2318/1 1477/1477/1 2322/2322/1
f 2082/2082/1 2083/2083/1 2084/2084/1
f 1476/1476/1 2322/2322/1 1477/1477/1
f 1656/1656/1 612/612/1 1657/1657/1
f 2062/2062/1 2061/2061/1 1487/1487/1
f 634/634/1 635/635/1 632/632/1
f 1487/1487/1 857/857/1 856/856/1
f 1966/1966/1 1965/1965/1 736/736/1
f 2323/2323/1 1972/1972/1 857/857/1
f 1549/1549/1 2143/2143/1 827/827/1
f 857/857/1 1489/1489/1 2323/2323/1
f 2324/2324/1 2216/2216/1 2248/2248/1
f 1491/1491/1 2323/2323/1 1489/1489/1
f 836/836/1 2324/2324/1 2248/2248/1
f 1490/1490/1 1494/1494/1 1491/1491/1
f 2248/2248/1 837/837/1 836/836/1
f 1496/1496/1 1492/1492/1 1494/1494/1
f 1541/1541/1 1540/1540/1 839/839/1
f 2168/2168/1 2169/2169/1 2063/2063/1
f 1969/1969/1 1970/1970/1 1540/1540/1
f 1502/1502/1 1501/1501/1 853/853/1
f 843/843/1 1534/1534/1 844/844/1
f 2215/2215/1 1971/1971/1 1504/1504/1
f 1530/1530/1 1529/1529/1 1531/1531/1
f 1505/1505/1 1504/1504/1 1507/1507/1
f 2069/2069/1 1527/1527/1 1528/1528/1
f 2065/2065/1 1507/1507/1 2325/2325/1
f 1527/1527/1 1526/1526/1 1528/1528/1
f 2065/2065/1 2325/2325/1 1509/1509/1
f 2171/2171/1 1526/1526/1 2172/2172/1
f 1512/1512/1 1509/1509/1 1513/1513/1
f 1520/1520/1 2170/2170/1 1521/1521/1
f 1514/1514/1 1513/1513/1 2326/2326/1
f 2068/2068/1 846/846/1 848/848/1
f 1514/1514/1 2326/2326/1 2066/2066/1
f 2327/2327/1 848/848/1 847/847/1
f 1517/1517/1 2066/2066/1 849/849/1
f 847/847/1 1519/1519/1 2327/2327/1
f 851/851/1 1518/1518/1 849/849/1
f 2328/2328/1 2327/2327/1 1519/1519/1
f 850/850/1 2328/2328/1 1519/1519/1
