<?xml version='1.0' encoding='utf-8'?>
<COLLADA xmlns="http://www.collada.org/2005/11/COLLADASchema" version="1.4.1"><asset><created>2026-09-12T00:00:00Z</created><modified>2026-09-12T00:00:00Z</modified><unit name="meter" meter="1" /><up_axis>Z_UP</up_axis></asset><library_images><image id="asphalt-image"><init_from>textures/asphalt.png</init_from></image></library_images><library_effects><effect id="asphalt-effect"><profile_COMMON><newparam sid="surface"><surface type="2D"><init_from>asphalt-image</init_from></surface></newparam><newparam sid="sampler"><sampler2D><source>surface</source></sampler2D></newparam><technique sid="common"><phong><diffuse><texture texture="sampler" texcoord="UVSET0" /></diffuse><specular><color>0.02 0.02 0.02 1</color></specular></phong></technique></profile_COMMON></effect></library_effects><library_materials><material id="asphalt-material"><instance_effect url="#asphalt-effect" /></material></library_materials><library_geometries><geometry id="road"><mesh><source id="positions"><float_array id="positions-array" count="8574">-69.7472361 109.8228103 0.0000000 -67.2649521 105.4842543 0.0000000 -56.8492513 111.4435476 0.0000000 -59.3315353 115.7821037 0.0000000 -61.8138194 120.1206597 0.0000000 -77.1940883 122.8384784 0.0000000 -74.7118043 118.4999224 0.0000000 -66.7783875 128.7977718 0.0000000 -82.1586565 131.5155905 0.0000000 -79.6763724 127.1770345 0.0000000 -69.2606716 133.1363278 0.0000000 -71.7429557 137.4748838 0.0000000 -74.2252397 141.8134399 0.0000000 -87.1232246 140.1927026 0.0000000 -84.6409405 135.8541465 0.0000000 -76.7075238 146.1519959 0.0000000 -79.1898079 150.4905520 0.0000000 -92.0877927 148.8698147 0.0000000 -89.6055087 144.5312586 0.0000000 -94.5700768 153.2083707 0.0000000 -84.1543760 159.1676640 0.0000000 -86.6366601 163.5062201 0.0000000 -89.1189441 167.8447761 0.0000000 -97.0523609 157.5469267 0.0000000 -102.0169290 166.2240388 0.0000000 -99.5346449 161.8854828 0.0000000 -91.6012282 172.1833321 0.0000000 -94.0835123 176.5218882 0.0000000 -96.5657963 180.8604442 0.0000000 -104.4992131 170.5625948 0.0000000 -109.4637812 179.2397069 0.0000000 -106.9814971 174.9011509 0.0000000 -116.9106334 192.2553750 0.0000000 -106.3074336 197.8869561 0.0000000 -117.2430714 192.9317187 0.0000000 -120.0888137 206.1544680 0.0000000 -120.2064846 203.9240588 0.0000000 -108.1624525 204.4069535 0.0000000 -118.9730399 210.7153731 0.0000000 -106.1260710 209.1411640 0.0000000 -115.5208527 216.7286512 0.0000000 -118.2058096 212.5125144 0.0000000 -113.6470982 218.5892344 0.0000000 -102.1496530 223.6660487 0.0000000 -103.6989238 223.3446488 0.0000000 -100.4866647 211.7550694 0.0000000 -97.3878603 224.0109806 0.0000000 -97.5530504 211.9675728 0.0000000 -95.3581167 223.8104283 0.0000000 -93.7398828 210.9151814 0.0000000 -90.5245860 222.4764066 0.0000000 -90.5397754 222.4806202 0.0000000 -89.4979553 209.7324552 0.0000000 -84.6238898 220.7136393 0.0000000 -85.7109893 221.1342887 0.0000000 -81.0921848 205.4996237 0.0000000 -71.2307005 213.9693302 0.0000000 -75.6950969 216.2174332 0.0000000 -67.6989955 198.7553146 0.0000000 -57.8375111 207.2250212 0.0000000 -62.3019076 209.4731242 0.0000000 14.0611726 172.4652285 0.0000000 5.0488471 176.7915665 0.0000000 8.8679883 161.6471493 0.0000000 43.9819812 143.9308700 0.0000000 48.2390519 141.3112991 0.0000000 54.5279338 151.5313756 0.0000000 23.0734981 168.1388905 0.0000000 18.5673353 170.3020595 0.0000000 17.8803138 157.3208114 0.0000000 26.8926393 152.9944734 0.0000000 32.0858235 163.8125526 0.0000000 31.3988020 150.8313044 0.0000000 35.7485610 148.7432165 0.0000000 36.5919863 161.6493836 0.0000000 41.4063569 159.3271404 0.0000000 41.0981490 159.4862146 0.0000000 50.2708631 154.1509465 0.0000000 46.0137923 156.7705174 0.0000000 39.8431126 146.4777057 0.0000000 45.7741514 156.9104446 0.0000000 84.3274288 133.1943794 0.0000000 71.5562166 141.0530921 0.0000000 77.9669645 123.0183508 0.0000000 81.9294981 120.4242541 0.0000000 88.6479546 130.3687348 0.0000000 84.4693316 133.1042958 0.0000000 88.9337094 130.1695801 0.0000000 85.8056242 117.5521364 0.0000000 96.9659334 124.2178923 0.0000000 92.9498214 127.1937362 0.0000000 121.9447690 90.7738857 0.0000000 129.1065454 100.4024376 0.0000000 129.0948294 100.4111409 0.0000000 125.8107171 87.8947163 0.0000000 133.3826892 97.2056951 0.0000000 133.1151296 97.4170398 0.0000000 137.2154836 93.9971923 0.0000000 137.1783241 78.3786831 0.0000000 148.7138667 84.3716840 0.0000000 144.8810723 87.5801868 0.0000000 177.2059512 41.9965294 0.0000000 186.0505405 50.1065997 0.0000000 182.6723718 53.7907249 0.0000000 163.8756953 56.0298219 0.0000000 167.2221128 52.8845916 0.0000000 171.9684399 64.8919437 0.0000000 179.2942031 57.4748502 0.0000000 175.9160343 61.1589754 0.0000000 175.6029208 61.4759684 0.0000000 160.1750903 59.1276665 0.0000000 167.8778385 68.3291702 0.0000000 180.5841199 38.3124041 0.0000000 192.8068779 42.7383492 0.0000000 189.4287092 46.4224744 0.0000000 187.3404574 30.9441536 0.0000000 199.5632154 35.3700987 0.0000000 196.1850466 39.0542240 0.0000000 197.3941668 19.9798922 0.0000000 206.4775721 27.8224710 0.0000000 206.3195528 28.0018482 0.0000000 209.7060161 24.0070447 0.0000000 200.5366808 16.2660196 0.0000000 212.9349396 20.1561866 0.0000000 209.7233850 23.9864242 0.0000000 213.3742378 0.9553991 0.0000000 225.7811579 4.8352363 0.0000000 222.5696033 8.6654739 0.0000000 219.7973470 -6.7050761 0.0000000 232.2042671 -2.8252388 0.0000000 228.9927125 1.0049987 0.0000000 226.2204562 -14.3655512 0.0000000 238.6273762 -10.4857140 0.0000000 235.4158217 -6.6554764 0.0000000 232.6435653 -22.0260263 0.0000000 245.0504854 -18.1461891 0.0000000 241.8389308 -14.3159515 0.0000000 242.2782291 -33.5167390 0.0000000 254.6851492 -29.6369018 0.0000000 251.4735946 -25.8066642 0.0000000 248.7013383 -41.1772142 0.0000000 261.1082583 -37.2973770 0.0000000 257.8967037 -33.4671394 0.0000000 255.1244474 -48.8376893 0.0000000 267.5313675 -44.9578521 0.0000000 264.3198129 -41.1276145 0.0000000 267.9706658 -64.1586396 0.0000000 280.3775858 -60.2788024 0.0000000 277.1660312 -56.4485648 0.0000000 274.3937749 -71.8191147 0.0000000 286.8006950 -67.9392775 0.0000000 283.5891404 -64.1090399 0.0000000 280.8168841 -79.4795899 0.0000000 293.2238042 -75.5997526 0.0000000 290.0122496 -71.7695151 0.0000000 287.2399933 -87.1400650 0.0000000 299.6469133 -83.2602278 0.0000000 296.4353587 -79.4299902 0.0000000 306.5093208 -110.1214904 0.0000000 315.7046862 -102.4114156 0.0000000 312.4931317 -98.5811781 0.0000000 312.9324299 -117.7819656 0.0000000 325.3393500 -113.9021283 0.0000000 322.1277954 -110.0718908 0.0000000 322.5670937 -129.2726783 0.0000000 334.9740137 -125.3928411 0.0000000 331.7624592 -121.5626035 0.0000000 332.2017574 -140.7633910 0.0000000 344.6086775 -136.8835538 0.0000000 341.3971229 -133.0533162 0.0000000 345.0479758 -156.0843413 0.0000000 357.4548958 -152.2045040 0.0000000 354.2433412 -148.3742665 0.0000000 351.4710849 -163.7448164 0.0000000 363.8780050 -159.8649792 0.0000000 360.6664504 -156.0347416 0.0000000 357.8941941 -171.4052916 0.0000000 370.3011142 -167.5254543 0.0000000 367.0895596 -163.6952167 0.0000000 367.5288578 -182.8960043 0.0000000 379.7192364 -178.7579104 0.0000000 376.7242233 -175.1859295 0.0000000 420.7381320 -222.5836396 0.0000000 429.1330902 -228.0117043 0.0000000 427.2537904 -212.5066264 0.0000000 423.0563113 -209.7925940 0.0000000 418.8588322 -207.0785616 0.0000000 416.5406528 -219.8696072 0.0000000 412.3431737 -217.1555748 0.0000000 433.3305693 -230.7257367 0.0000000 437.5280484 -233.4397691 0.0000000 444.0437068 -223.3627559 0.0000000 441.2981856 -235.8774881 0.0000000 452.7116792 -230.0686335 0.0000000 449.0432290 -226.6974406 0.0000000 444.5070509 -238.8263366 0.0000000 452.8783877 -230.2278478 0.0000000 457.8701569 -252.3693441 0.0000000 467.0810542 -244.6582457 0.0000000 463.7148910 -240.9918869 0.0000000 467.7443376 -245.5281292 0.0000000 470.4001611 -249.7626780 0.0000000 462.8899769 -260.3731415 0.0000000 475.7118081 -258.2317758 0.0000000 473.0559846 -253.9972269 0.0000000 470.6243577 -272.7104834 0.0000000 474.4936843 -281.4598225 0.0000000 485.4683744 -276.6063518 0.0000000 487.4900391 -281.1777493 0.0000000 489.7274653 -286.3118606 0.0000000 489.5117038 -285.7491467 0.0000000 478.4149848 -290.3266852 0.0000000 491.2756671 -291.0486947 0.0000000 479.8135455 -294.6056814 0.0000000 492.6424686 -296.2295221 0.0000000 491.3771316 -291.3938499 0.0000000 484.7283794 -313.3884447 0.0000000 496.5884419 -311.5181583 0.0000000 496.4384796 -310.7365384 0.0000000 497.2025228 -316.4779187 0.0000000 485.2925142 -317.9448048 0.0000000 497.8058964 -321.4552897 0.0000000 497.2043869 -316.4931340 0.0000000 487.6976301 -337.7858186 0.0000000 500.2119347 -341.3039123 0.0000000 499.6104251 -336.3417567 0.0000000 512.6292322 -410.1907058 0.0000000 515.2782086 -414.4295413 0.0000000 525.4545074 -408.0700648 0.0000000 536.0504129 -425.0254070 0.0000000 533.4014366 -420.7865714 0.0000000 523.2251377 -427.1460480 0.0000000 543.9973421 -437.7419136 0.0000000 541.3483657 -433.5030781 0.0000000 531.1720669 -439.8625546 0.0000000 533.8210432 -444.1013902 0.0000000 544.4169487 -461.0567324 0.0000000 554.5932476 -454.6972558 0.0000000 551.9442712 -450.4584203 0.0000000 549.7149015 -469.5344035 0.0000000 559.8912003 -463.1749269 0.0000000 557.2422240 -458.9360914 0.0000000 557.6618306 -482.2509101 0.0000000 570.4871059 -480.1302691 0.0000000 567.8381295 -475.8914336 0.0000000 568.2577361 -499.2062523 0.0000000 578.4340350 -492.8467758 0.0000000 575.7850586 -488.6079403 0.0000000 602.7109955 -554.3074237 0.0000000 605.3639673 -558.5437597 0.0000000 615.5342656 -552.1746913 0.0000000 608.0169390 -562.7800958 0.0000000 623.4931809 -564.8836996 0.0000000 620.8402091 -560.6473635 0.0000000 610.6699108 -567.0164319 0.0000000 613.3228826 -571.2527680 0.0000000 626.1461527 -569.1200357 0.0000000 615.9758544 -575.4891041 0.0000000 623.9347697 -588.1981123 0.0000000 626.5877415 -592.4344484 0.0000000 634.1050680 -581.8290439 0.0000000 629.2407133 -596.6707845 0.0000000 639.4110116 -590.3017161 0.0000000 644.7169551 -598.7743883 0.0000000 642.0639833 -594.5380522 0.0000000 634.5466568 -605.1434567 0.0000000 639.8526004 -613.6161288 0.0000000 650.0228987 -607.2470604 0.0000000 642.5055721 -617.8524649 0.0000000 645.1585439 -622.0888010 0.0000000 652.6758704 -611.4833965 0.0000000 658.2964620 -620.5248447 0.0000000 657.9818140 -619.9560687 0.0000000 647.6387645 -626.0492835 0.0000000 660.4736803 -625.0193492 0.0000000 655.9498993 -643.7625939 0.0000000 658.0557491 -648.2958266 0.0000000 666.8329662 -638.7070174 0.0000000 673.2449049 -652.5207274 0.0000000 673.1505158 -652.3067156 0.0000000 662.2181682 -657.2562063 0.0000000 675.1718592 -657.1311425 0.0000000 664.0813372 -661.7140093 0.0000000 677.0613495 -661.8631924 0.0000000 675.2084891 -657.2208104 0.0000000 682.7216988 -676.0645536 0.0000000 682.6199306 -675.7903386 0.0000000 671.4205986 -680.1026889 0.0000000 684.3442581 -680.7863096 0.0000000 672.9498518 -684.5529177 0.0000000 685.8303426 -685.8528359 0.0000000 684.4294895 -681.0546682 0.0000000 678.5137980 -703.6104089 0.0000000 690.0329021 -700.2473389 0.0000000 688.6320490 -695.4491712 0.0000000 682.7145723 -717.9987976 0.0000000 694.2390188 -714.6540744 0.0000000 694.2354616 -714.6418420 0.0000000 684.1010274 -722.7854027 0.0000000 695.6296771 -719.4551906 0.0000000 695.6345148 -719.4719839 0.0000000 667.7691049 -670.9537916 0.0000000 669.6219653 -675.5961736 0.0000000 678.9142099 -666.5055745 0.0000000 688.2286382 -737.1924866 0.0000000 702.5178772 -743.4977907 0.0000000 699.7645323 -733.8874680 0.0000000 692.3586556 -751.6079706 0.0000000 705.2712221 -753.1081134 0.0000000 703.8945497 -748.3029520 0.0000000 695.1120006 -761.2182933 0.0000000 708.0245671 -762.7184361 0.0000000 706.6478946 -757.9132747 0.0000000 700.6186904 -780.4389387 0.0000000 713.5312570 -781.9390815 0.0000000 712.1545845 -777.1339201 0.0000000 703.3720354 -790.0492614 0.0000000 716.2846019 -791.5494041 0.0000000 714.9079294 -786.7442428 0.0000000 706.1253803 -799.6595841 0.0000000 719.0379469 -801.1597268 0.0000000 717.6612744 -796.3545655 0.0000000 708.8787253 -809.2699068 0.0000000 723.1679643 -815.5752109 0.0000000 720.4146193 -805.9648882 0.0000000 714.3854151 -828.4905522 0.0000000 725.9213092 -825.1855336 0.0000000 724.5446367 -820.3803722 0.0000000 718.5154326 -842.9060363 0.0000000 731.4279991 -844.4061790 0.0000000 730.0513266 -839.6010176 0.0000000 721.2687775 -852.5163590 0.0000000 734.1813440 -854.0165017 0.0000000 732.8046716 -849.2113403 0.0000000 724.0221224 -862.1266817 0.0000000 736.9346890 -863.6268244 0.0000000 735.5580165 -858.8216630 0.0000000 726.7754674 -871.7370044 0.0000000 739.6880339 -873.2371471 0.0000000 738.3113614 -868.4319857 0.0000000 729.5288123 -881.3473271 0.0000000 742.4413789 -882.8474698 0.0000000 741.0647064 -878.0423084 0.0000000 732.2821573 -890.9576498 0.0000000 745.1947238 -892.4577925 0.0000000 743.8180513 -887.6526311 0.0000000 735.0355022 -900.5679725 0.0000000 749.3247412 -906.8732765 0.0000000 746.5713963 -897.2629538 0.0000000 739.1655196 -914.9834565 0.0000000 752.0780862 -916.4835992 0.0000000 750.7014137 -911.6784379 0.0000000 741.9188646 -924.5937792 0.0000000 754.8314311 -926.0939219 0.0000000 753.4547586 -921.2887606 0.0000000 744.6722095 -934.2041019 0.0000000 758.9614485 -940.5094060 0.0000000 756.2081036 -930.8990833 0.0000000 750.1788994 -953.4247473 0.0000000 763.0897416 -954.9188715 0.0000000 761.7147935 -950.1197287 0.0000000 788.0943466 -1041.3370431 0.0000000 785.3154525 -1031.7340769 0.0000000 773.7883890 -1035.0697638 0.0000000 808.5245648 -1155.1068405 0.0000000 809.9140118 -1159.9083235 0.0000000 821.4410753 -1156.5726367 0.0000000 824.2199693 -1166.1756028 0.0000000 822.8305223 -1161.3741197 0.0000000 811.3034588 -1164.7098066 0.0000000 814.0823529 -1174.3127727 0.0000000 816.8612469 -1183.9157389 0.0000000 825.6094164 -1170.9770859 0.0000000 818.2506940 -1188.7172219 0.0000000 829.7777575 -1185.3815350 0.0000000 821.0295880 -1198.3201881 0.0000000 822.4190350 -1203.1216711 0.0000000 832.5566515 -1194.9845012 0.0000000 823.8084821 -1207.9231542 0.0000000 835.3355456 -1204.5874673 0.0000000 836.7249926 -1209.3889504 0.0000000 825.1979291 -1212.7246373 0.0000000 840.8933337 -1223.7933996 0.0000000 838.1144396 -1214.1904334 0.0000000 826.5873761 -1217.5261203 0.0000000 843.6722278 -1233.3963657 0.0000000 842.2827807 -1228.5948826 0.0000000 830.7557172 -1231.9305695 0.0000000 832.1451643 -1236.7320526 0.0000000 833.5346113 -1241.5335357 0.0000000 846.4511218 -1242.9993318 0.0000000 845.0616748 -1238.1978488 0.0000000 834.9240583 -1246.3350187 0.0000000 850.6194629 -1257.4037810 0.0000000 849.2300159 -1252.6022980 0.0000000 839.0923994 -1260.7394679 0.0000000 853.3983570 -1267.0067472 0.0000000 852.0089099 -1262.2052641 0.0000000 840.4818464 -1265.5409510 0.0000000 860.3455921 -1291.0141625 0.0000000 858.9561451 -1286.2126794 0.0000000 847.4290816 -1289.5483663 0.0000000 848.8185286 -1294.3498494 0.0000000 850.2079756 -1299.1513325 0.0000000 852.9868697 -1308.7542986 0.0000000 854.3763167 -1313.5557817 0.0000000 864.5139332 -1305.4186117 0.0000000 855.7628921 -1318.3473413 0.0000000 857.1278453 -1323.1257434 0.0000000 867.2985363 -1315.0414345 0.0000000 871.3677821 -1329.5126467 0.0000000 870.0246486 -1324.6980028 0.0000000 859.8091231 -1332.7371471 0.0000000 875.3971824 -1343.9565782 0.0000000 874.0540489 -1339.1419343 0.0000000 863.8385234 -1347.1810786 0.0000000 861.1522566 -1337.5517910 0.0000000 872.7109155 -1334.3272905 0.0000000 862.4953900 -1342.3664348 0.0000000 879.4265827 -1358.4005097 0.0000000 878.0834492 -1353.5858658 0.0000000 867.8679237 -1361.6250101 0.0000000 869.2110572 -1366.4396540 0.0000000 880.7697161 -1363.2151535 0.0000000 884.7991164 -1377.6590850 0.0000000 883.4559830 -1372.8444412 0.0000000 871.8973240 -1376.0689417 0.0000000 875.9267243 -1390.5128732 0.0000000 877.2698578 -1395.3275170 0.0000000 887.4853833 -1387.2883727 0.0000000 890.1716501 -1396.9176604 0.0000000 888.8285167 -1392.1030165 0.0000000 879.9159866 -1404.8129245 0.0000000 880.8937282 -1409.1391186 0.0000000 891.5878503 -1402.0218835 0.0000000 892.6861136 -1406.8813478 0.0000000 892.8094256 -1407.6646561 0.0000000 891.5147836 -1401.7323042 0.0000000 881.6440256 -1422.5758647 0.0000000 880.9100463 -1427.0900334 0.0000000 892.7545017 -1429.0158775 0.0000000 891.9523106 -1433.9495670 0.0000000 880.1604949 -1431.6999748 0.0000000 879.1917114 -1435.1948898 0.0000000 886.9462064 -1445.2048181 0.0000000 889.7140800 -1441.0426458 0.0000000 890.4999255 -1439.3229382 0.0000000 871.7743907 -1445.8649157 0.0000000 880.9433312 -1453.6309516 0.0000000 883.9537371 -1449.6821827 0.0000000 880.1030400 -1454.5260002 0.0000000 864.6958580 -1452.0041719 0.0000000 872.5508379 -1461.0760730 0.0000000 876.3269390 -1457.8010366 0.0000000 861.4146944 -1454.8309803 0.0000000 867.6758085 -1465.0890775 0.0000000 868.7502754 -1464.3504004 0.0000000 863.2735164 -1467.4564869 0.0000000 834.9444782 -1504.6972545 0.0000000 835.8831807 -1500.9557934 0.0000000 824.2895211 -1497.8538304 0.0000000 848.6729578 -1576.3179838 0.0000000 847.5834268 -1571.4396927 0.0000000 835.8719678 -1574.0553624 0.0000000 836.9614988 -1578.9336535 0.0000000 839.1405610 -1588.6902359 0.0000000 840.2300920 -1593.5685271 0.0000000 851.9415510 -1590.9528573 0.0000000 841.3196231 -1598.4468182 0.0000000 842.4091542 -1603.3251094 0.0000000 853.0310821 -1595.8311485 0.0000000 855.2101443 -1605.5877308 0.0000000 854.1206132 -1600.7094397 0.0000000 843.4986853 -1608.2034006 0.0000000 856.4422204 -1611.6299760 0.0000000 856.2996753 -1610.4660220 0.0000000 844.4597990 -1612.5067131 0.0000000 856.5614958 -1616.6024684 0.0000000 844.5613382 -1616.7397993 0.0000000 856.4303969 -1621.9000909 0.0000000 856.5611675 -1616.9033218 0.0000000 844.3121798 -1626.2601871 0.0000000 856.2481533 -1627.5395463 0.0000000 856.2996262 -1626.8968600 0.0000000 832.1539599 -1654.3513180 0.0000000 841.7216981 -1661.6097992 0.0000000 844.5823431 -1657.5108343 0.0000000 841.7143025 -1639.4851540 0.0000000 850.8374712 -1648.3796632 0.0000000 852.8821000 -1643.9200543 0.0000000 840.1542311 -1642.8878785 0.0000000 850.3036330 -1649.3129046 0.0000000 841.1178759 -1662.3435251 0.0000000 837.6781901 -1665.9060954 0.0000000 829.2898376 -1657.3177625 0.0000000 833.2926559 -1669.5475226 0.0000000 837.1612334 -1666.3822563 0.0000000 818.1401966 -1666.3924284 0.0000000 821.0329658 -1678.9810359 0.0000000 825.1445511 -1676.1385600 0.0000000 825.4956475 -1675.8763836 0.0000000 814.2089494 -1669.1102305 0.0000000 816.9213805 -1681.8235117 0.0000000 797.7626081 -1680.4801338 0.0000000 804.5866246 -1690.3509392 0.0000000 808.6982099 -1687.5084634 0.0000000 793.6510228 -1683.3226097 0.0000000 796.3634540 -1696.0358909 0.0000000 800.4750393 -1693.1934151 0.0000000 707.3077313 -1743.0146023 0.0000000 703.1961460 -1745.8570782 0.0000000 710.0201624 -1755.7278836 0.0000000 699.0845606 -1748.6995540 0.0000000 694.9729753 -1751.5420299 0.0000000 701.7969918 -1761.4128353 0.0000000 690.8613900 -1754.3845057 0.0000000 697.6854065 -1764.2553111 0.0000000 677.1274799 -1778.4676903 0.0000000 685.3506506 -1772.7827386 0.0000000 678.5266341 -1762.9119332 0.0000000 664.7927240 -1786.9951178 0.0000000 673.0158946 -1781.3101661 0.0000000 666.1918782 -1771.4393608 0.0000000 657.9687075 -1777.1243124 0.0000000 653.8571222 -1779.9667883 0.0000000 660.6811387 -1789.8375937 0.0000000 640.1232121 -1804.0499729 0.0000000 644.2347974 -1801.2074970 0.0000000 637.4107810 -1791.3366916 0.0000000 636.0116268 -1806.8924487 0.0000000 633.2991957 -1794.1791675 0.0000000 629.1876104 -1797.0216433 0.0000000 620.9644397 -1802.7065950 0.0000000 627.7884562 -1812.5774004 0.0000000 623.6768709 -1815.4198762 0.0000000 616.8528544 -1805.5490708 0.0000000 612.7412691 -1808.3915467 0.0000000 619.5652856 -1818.2623521 0.0000000 611.3421150 -1823.9473038 0.0000000 615.4537003 -1821.1048279 0.0000000 604.5180985 -1814.0764984 0.0000000 600.4065132 -1816.9189742 0.0000000 607.2305296 -1826.7897796 0.0000000 596.2949279 -1819.7614501 0.0000000 603.1189443 -1829.6322555 0.0000000 571.7175025 -1834.4037980 0.0000000 567.8614030 -1836.0241928 0.0000000 576.3663238 -1845.4667298 0.0000000 580.3617914 -1830.7713292 0.0000000 585.5826312 -1841.5938897 0.0000000 586.6653748 -1841.0011787 0.0000000 565.3048327 -1848.4503442 0.0000000 570.1969872 -1847.8229429 0.0000000 564.0704312 -1836.5103713 0.0000000 564.7184613 -1848.4964781 0.0000000 555.0488616 -1836.7764070 0.0000000 553.3849560 -1848.6797586 0.0000000 554.7258450 -1848.7911488 0.0000000 548.5309623 -1847.7198188 0.0000000 551.1237485 -1836.0001653 0.0000000 543.2106256 -1846.1855692 0.0000000 548.0072894 -1847.5915630 0.0000000 533.1589561 -1842.4992660 0.0000000 537.6619732 -1844.5034242 0.0000000 538.6127798 -1831.7917385 0.0000000 532.0755668 -1841.8744060 0.0000000 528.1480097 -1823.9174693 0.0000000 515.9008139 -1827.2403264 0.0000000 518.7075144 -1831.3764158 0.0000000 519.8705776 -1832.6491903 0.0000000 509.5258088 -1817.3902019 0.0000000 510.2874130 -1818.9681477 0.0000000 520.7142944 -1812.9627876 0.0000000 508.0414242 -1812.6444474 0.0000000 513.0941134 -1823.1042371 0.0000000 517.1332961 -1800.2595261 0.0000000 505.3743739 -1802.7264545 0.0000000 506.6415953 -1807.5558639 0.0000000 504.6101448 -1791.5701578 0.0000000 504.8990407 -1796.5602823 0.0000000 516.5974097 -1791.0031119 0.0000000 504.5234699 -1786.3551926 0.0000000 504.6008445 -1791.3169315 0.0000000 516.5380810 -1787.1985879 0.0000000 504.8361271 -1784.3478913 0.0000000 519.3528965 -1778.8344911 0.0000000 508.0247363 -1774.8730835 0.0000000 506.4304317 -1779.6104874 0.0000000 520.9326168 -1774.7822816 0.0000000 510.3561597 -1769.0921602 0.0000000 509.9297045 -1769.9682556 0.0000000 512.9015516 -1764.7903253 0.0000000 527.8045460 -1763.1683905 0.0000000 523.0828734 -1751.4438793 0.0000000 519.2801548 -1754.6619898 0.0000000 530.7890028 -1760.6427469 0.0000000 523.1751881 -1751.3673266 0.0000000 538.2599253 -1754.5724050 0.0000000 535.6139862 -1741.9663776 0.0000000 531.4352325 -1744.6971753 0.0000000 542.1148173 -1752.0532495 0.0000000 535.7424119 -1741.8847570 0.0000000 546.3023307 -1749.4658464 0.0000000 544.2468994 -1736.6299591 0.0000000 539.9946557 -1739.2573580 0.0000000 559.0590621 -1741.5836495 0.0000000 557.0036308 -1728.7477621 0.0000000 552.7513870 -1731.3751611 0.0000000 571.8157934 -1733.7014525 0.0000000 569.7603622 -1720.8655651 0.0000000 565.5081184 -1723.4929641 0.0000000 584.5725248 -1725.8192555 0.0000000 582.5170935 -1712.9833681 0.0000000 578.2648497 -1715.6107671 0.0000000 593.0770124 -1720.5644575 0.0000000 591.0215811 -1707.7285701 0.0000000 586.7693373 -1710.3559691 0.0000000 605.8337437 -1712.6822605 0.0000000 603.7783124 -1699.8463732 0.0000000 599.5260687 -1702.4737722 0.0000000 618.5904751 -1704.8000636 0.0000000 616.5350438 -1691.9641762 0.0000000 612.2828000 -1694.5915752 0.0000000 631.3472064 -1696.9178666 0.0000000 629.2917752 -1684.0819792 0.0000000 625.0395314 -1686.7093782 0.0000000 648.5405706 -1684.3180392 0.0000000 643.4567040 -1672.3600947 0.0000000 639.9688874 -1675.9200485 0.0000000 663.6770747 -1660.6711739 0.0000000 664.6002146 -1655.7586781 0.0000000 651.9882883 -1657.8973303 0.0000000 621.9891003 -1541.9239308 0.0000000 623.6000780 -1546.6556909 0.0000000 633.3487777 -1538.0564085 0.0000000 631.7378000 -1533.3246485 0.0000000 618.7671448 -1532.4604107 0.0000000 620.3781225 -1537.1921707 0.0000000 630.1268222 -1528.5928884 0.0000000 628.5158445 -1523.8611283 0.0000000 626.9048667 -1519.1293682 0.0000000 617.1561670 -1527.7286506 0.0000000 615.5451893 -1522.9968905 0.0000000 625.2938890 -1514.3976082 0.0000000 623.6829112 -1509.6658481 0.0000000 613.9342115 -1518.2651305 0.0000000 610.6504444 -1508.6095298 0.0000000 610.7122560 -1508.8016103 0.0000000 622.1044544 -1505.0296085 0.0000000 609.1327997 -1503.5884204 0.0000000 609.2005039 -1503.8296342 0.0000000 620.7201752 -1500.4661729 0.0000000 619.5014998 -1495.7478297 0.0000000 617.0014819 -1486.0685156 0.0000000 607.8827908 -1498.7487633 0.0000000 604.1327641 -1484.2297922 0.0000000 605.3827730 -1489.0694492 0.0000000 615.7514730 -1481.2288585 0.0000000 613.2514552 -1471.5495444 0.0000000 601.6327462 -1474.5504781 0.0000000 597.8827195 -1460.0315069 0.0000000 600.3827373 -1469.7108210 0.0000000 609.5014284 -1457.0305733 0.0000000 596.6327106 -1455.1918499 0.0000000 608.2867814 -1452.3278270 0.0000000 596.5684756 -1454.9165145 0.0000000 595.5482424 -1450.0252590 0.0000000 607.3055929 -1447.6237615 0.0000000 594.5894637 -1445.0181244 0.0000000 595.5287103 -1449.9275662 0.0000000 604.4972138 -1432.9443637 0.0000000 591.7717240 -1430.2897991 0.0000000 592.7109706 -1435.1992409 0.0000000 602.6187207 -1423.1254801 0.0000000 589.8932309 -1420.4709155 0.0000000 590.8324775 -1425.3803573 0.0000000 599.8009810 -1408.3971548 0.0000000 587.0754913 -1405.7425902 0.0000000 588.0147378 -1410.6520320 0.0000000 597.9224879 -1398.5782712 0.0000000 585.1969981 -1395.9237066 0.0000000 586.1362447 -1400.8331484 0.0000000 596.0439948 -1388.7593876 0.0000000 583.3185050 -1386.1048231 0.0000000 584.2577516 -1391.0142648 0.0000000 593.2262551 -1374.0310623 0.0000000 580.5007654 -1371.3764977 0.0000000 581.4400119 -1376.2859395 0.0000000 591.3477620 -1364.2121787 0.0000000 578.6222723 -1361.5576142 0.0000000 579.5615188 -1366.4670559 0.0000000 589.4692689 -1354.3932952 0.0000000 576.7437791 -1351.7387306 0.0000000 577.6830257 -1356.6481724 0.0000000 584.7730361 -1329.8460863 0.0000000 572.9867929 -1332.1009635 0.0000000 573.9260395 -1337.0104053 0.0000000 582.8945430 -1320.0272027 0.0000000 571.1082998 -1322.2820799 0.0000000 572.0475464 -1327.1915217 0.0000000 579.1375568 -1300.3894356 0.0000000 567.3513136 -1302.6443128 0.0000000 568.2905601 -1307.5537546 0.0000000 578.2008055 -1295.4930368 0.0000000 566.4120670 -1297.7348710 0.0000000 577.2977005 -1290.6566063 0.0000000 565.4896724 -1292.7954583 0.0000000 566.4071342 -1297.7087741 0.0000000 565.4672182 -1292.6675524 0.0000000 575.6863357 -1280.8561660 0.0000000 563.8453184 -1282.8030376 0.0000000 564.6562683 -1287.7352950 0.0000000 581.0160499 -1310.2083192 0.0000000 569.2298067 -1312.4631964 0.0000000 570.1690533 -1317.3726381 0.0000000 573.2534860 -1266.0593938 0.0000000 560.6015188 -1263.0740080 0.0000000 561.4124687 -1268.0062654 0.0000000 570.8206363 -1251.2626217 0.0000000 558.9796190 -1253.2094932 0.0000000 559.7905689 -1258.1417506 0.0000000 569.1987365 -1241.3981069 0.0000000 556.5467693 -1238.4127211 0.0000000 557.3577192 -1243.3449785 0.0000000 565.1439870 -1216.7368199 0.0000000 553.3029697 -1218.6836915 0.0000000 554.1139196 -1223.6159489 0.0000000 563.5220872 -1206.8723052 0.0000000 551.6810699 -1208.8191767 0.0000000 552.4920198 -1213.7514341 0.0000000 560.6814478 -1191.8701816 0.0000000 547.9537376 -1189.7016768 0.0000000 548.9430078 -1194.3619735 0.0000000 553.7226965 -1171.8783616 0.0000000 542.7848130 -1176.8142207 0.0000000 544.8407958 -1181.3702867 0.0000000 512.6270179 -1142.0496077 0.0000000 516.3601234 -1144.4983015 0.0000000 519.2087219 -1132.0156069 0.0000000 510.7923820 -1126.4954548 0.0000000 506.5864932 -1123.8044890 0.0000000 500.6004735 -1134.2205336 0.0000000 464.3718520 -1124.4234289 0.0000000 469.0421726 -1125.0989432 0.0000000 470.8075988 -1113.2294198 0.0000000 459.6126395 -1124.1014500 0.0000000 460.4226339 -1112.1288183 0.0000000 450.4484738 -1111.4540282 0.0000000 445.4613938 -1111.1166331 0.0000000 449.6384795 -1123.4266599 0.0000000 439.6643194 -1122.7518698 0.0000000 444.6513994 -1123.0892648 0.0000000 430.5001537 -1110.1044480 0.0000000 419.7159993 -1121.4022895 0.0000000 429.6901593 -1122.0770796 0.0000000 415.5389136 -1109.0922628 0.0000000 409.7418392 -1120.7274994 0.0000000 414.7289192 -1121.0648945 0.0000000 358.4379309 -1129.4080704 0.0000000 362.8234738 -1127.9708474 0.0000000 359.1964186 -1116.5315349 0.0000000 354.0786165 -1131.2670308 0.0000000 349.3715239 -1120.2287665 0.0000000 344.7736452 -1122.1894589 0.0000000 335.5778879 -1126.1108436 0.0000000 340.5386004 -1137.0409557 0.0000000 301.9284317 -1150.9818858 0.0000000 306.3948507 -1163.1899120 0.0000000 310.0677627 -1159.7995551 0.0000000 271.5194756 -1192.6956292 0.0000000 269.1880645 -1197.1170911 0.0000000 279.8027998 -1202.7141791 0.0000000 275.2041183 -1211.4354618 0.0000000 256.5795256 -1257.2749526 0.0000000 258.4351683 -1252.6336820 0.0000000 245.4370890 -1252.8200558 0.0000000 215.7468055 -1327.0803855 0.0000000 213.8911628 -1331.7216561 0.0000000 226.8892422 -1331.5352822 0.0000000 208.3041153 -1377.9463507 0.0000000 210.1668375 -1373.3079168 0.0000000 197.1684888 -1373.4744580 0.0000000 206.4413931 -1382.5847845 0.0000000 204.5786709 -1387.2232184 0.0000000 195.3057667 -1378.1128919 0.0000000 200.8532265 -1396.5000861 0.0000000 189.7176001 -1392.0281935 0.0000000 187.8548779 -1396.6666273 0.0000000 185.9921557 -1401.3050612 0.0000000 198.9905043 -1401.1385200 0.0000000 195.2650599 -1410.4153877 0.0000000 197.1277821 -1405.7769539 0.0000000 193.4023378 -1415.0538216 0.0000000 184.1294335 -1405.9434951 0.0000000 182.2667113 -1410.5819289 0.0000000 180.4039891 -1415.2203628 0.0000000 174.8158226 -1429.1356644 0.0000000 172.9531004 -1433.7740983 0.0000000 184.0887268 -1438.2459909 0.0000000 178.5412670 -1419.8587967 0.0000000 189.6768934 -1424.3306893 0.0000000 187.8141712 -1428.9691232 0.0000000 185.9514490 -1433.6075571 0.0000000 180.3632824 -1447.5228587 0.0000000 182.2260046 -1442.8844248 0.0000000 169.2276560 -1443.0509660 0.0000000 167.3649338 -1447.6893998 0.0000000 178.5005603 -1452.1612925 0.0000000 165.5022116 -1452.3278337 0.0000000 176.6378381 -1456.7997264 0.0000000 163.6394895 -1456.9662676 0.0000000 161.7767673 -1461.6047014 0.0000000 172.9123937 -1466.0765941 0.0000000 159.9140451 -1466.2431353 0.0000000 171.0496715 -1470.7150280 0.0000000 158.0513229 -1470.8815692 0.0000000 156.1886007 -1475.5200030 0.0000000 167.3242271 -1479.9918957 0.0000000 154.3258785 -1480.1584369 0.0000000 165.4615049 -1484.6303296 0.0000000 152.4926781 -1484.7233575 0.0000000 150.6583136 -1488.9638439 0.0000000 163.5378086 -1489.4149850 0.0000000 161.2979177 -1494.5212203 0.0000000 161.5558260 -1493.9967187 0.0000000 158.8764295 -1498.8939995 0.0000000 141.3108802 -1505.8436549 0.0000000 148.2072996 -1516.6679565 0.0000000 151.1723150 -1512.6932604 0.0000000 138.8000135 -1509.2095505 0.0000000 147.7529675 -1517.2076419 0.0000000 132.5570559 -1531.7238834 0.0000000 136.5787357 -1528.8408537 0.0000000 129.1218551 -1519.4215787 0.0000000 125.8232603 -1521.7862490 0.0000000 127.6766745 -1534.5330041 0.0000000 132.0235034 -1532.0652356 0.0000000 109.4396171 -1530.6115119 0.0000000 113.9244079 -1541.7502412 0.0000000 118.4594911 -1539.7327997 0.0000000 113.1183201 -1542.0418130 0.0000000 97.8835603 -1546.2911486 0.0000000 98.6886798 -1546.1220954 0.0000000 95.8202125 -1534.4626832 0.0000000 92.9687837 -1546.9755095 0.0000000 91.6288327 -1535.0463143 0.0000000 87.3400031 -1547.1917743 0.0000000 92.3358545 -1547.0296898 0.0000000 77.1690765 -1547.3578210 0.0000000 82.1505631 -1547.3570140 0.0000000 77.8002558 -1535.3577186 0.0000000 75.9167525 -1547.2258802 0.0000000 73.5308938 -1534.4472856 0.0000000 66.1396270 -1545.1409275 0.0000000 71.0281897 -1546.1834039 0.0000000 64.1569412 -1532.4483087 0.0000000 55.7879547 -1542.1809323 0.0000000 60.4602657 -1543.8721666 0.0000000 60.1152835 -1530.9853516 0.0000000 55.3103647 -1541.9844223 0.0000000 51.4247816 -1526.9639105 0.0000000 45.9463645 -1537.6416164 0.0000000 46.2376825 -1537.7861312 0.0000000 47.3950685 -1524.8268997 0.0000000 41.5408854 -1535.3053319 0.0000000 36.8940016 -1532.3205908 0.0000000 41.0883968 -1535.0393868 0.0000000 35.0323056 -1516.8133893 0.0000000 24.3108159 -1524.1642030 0.0000000 28.5052111 -1526.8829989 0.0000000 -10.4775829 -1511.9409523 0.0000000 -5.7077797 -1512.7119746 0.0000000 -3.7928773 -1500.8657453 0.0000000 -20.2491751 -1500.0527936 0.0000000 -25.2178539 -1500.5978017 0.0000000 -23.9094366 -1512.5262569 0.0000000 -56.4916852 -1510.0214413 0.0000000 -60.5859069 -1512.8888707 0.0000000 -49.8833393 -1520.0435648 0.0000000 -64.6801286 -1515.7563000 0.0000000 -68.7743504 -1518.6237294 0.0000000 -61.2292263 -1527.9897707 0.0000000 -137.8829725 -1643.0871493 0.0000000 -135.1980156 -1638.8710126 0.0000000 -145.3198207 -1632.4251564 0.0000000 -148.0047777 -1636.6412932 0.0000000 -150.6897346 -1640.8574299 0.0000000 -145.9378433 -1655.7355595 0.0000000 -143.2528864 -1651.5194228 0.0000000 -153.3746915 -1645.0735666 0.0000000 -148.6228003 -1659.9516962 0.0000000 -158.7446054 -1653.5058401 0.0000000 -161.4295623 -1657.7219769 0.0000000 -164.1145192 -1661.9381136 0.0000000 -151.3077572 -1664.1678330 0.0000000 -156.6776710 -1672.6001064 0.0000000 -153.9927141 -1668.3839697 0.0000000 -159.3626280 -1676.8162432 0.0000000 -166.7994762 -1666.1542503 0.0000000 -169.4844331 -1670.3703871 0.0000000 -172.1693900 -1674.5865238 0.0000000 -162.0475849 -1681.0323799 0.0000000 -164.7325418 -1685.2485167 0.0000000 -174.8543470 -1678.8026605 0.0000000 -170.1024557 -1693.6807901 0.0000000 -180.2242608 -1687.2349340 0.0000000 -182.9092177 -1691.4510707 0.0000000 -172.7874126 -1697.8969269 0.0000000 -178.9253397 -1707.2980620 0.0000000 -178.1573265 -1706.3292003 0.0000000 -187.9453021 -1699.3591381 0.0000000 -182.3988317 -1710.8553293 0.0000000 -190.8765216 -1702.3610541 0.0000000 -186.2923401 -1714.4625970 0.0000000 -182.6205705 -1711.0710029 0.0000000 -197.5602765 -1708.2819696 0.0000000 -190.2903279 -1717.8494707 0.0000000 -186.4902774 -1714.6375150 0.0000000 -195.7156219 -1720.9205753 0.0000000 -191.3159485 -1718.5483028 0.0000000 -205.4379696 -1712.5295655 0.0000000 -205.5283368 -1725.3546388 0.0000000 -200.8848234 -1723.6402795 0.0000000 -209.2945735 -1713.9534022 0.0000000 -206.3242447 -1725.5873990 0.0000000 -218.1725164 -1715.8954132 0.0000000 -217.0651978 -1727.8544001 0.0000000 -216.0902841 -1727.7236772 0.0000000 -222.0105003 -1728.1079677 0.0000000 -222.2831896 -1716.1061856 0.0000000 -227.6825185 -1727.7906953 0.0000000 -222.6938695 -1728.1040385 0.0000000 -238.3451402 -1726.3453645 0.0000000 -233.5329797 -1727.3600564 0.0000000 -235.2134123 -1714.7418501 0.0000000 -239.6101573 -1725.9274614 0.0000000 -253.4397448 -1719.1744301 0.0000000 -249.0764050 -1721.5657585 0.0000000 -247.3336419 -1708.8368867 0.0000000 -254.0908050 -1718.7611017 0.0000000 -258.1298215 -1715.8164203 0.0000000 -271.2555196 -1691.3964261 0.0000000 -275.2945361 -1688.4517447 0.0000000 -278.3249039 -1701.0930134 0.0000000 -295.4896185 -1673.7283378 0.0000000 -299.5286350 -1670.7836564 0.0000000 -302.5590029 -1683.4249250 0.0000000 -307.6056479 -1664.8950373 0.0000000 -311.6369107 -1661.9534099 0.0000000 -314.6760523 -1674.5908809 0.0000000 -323.7246941 -1653.0908568 0.0000000 -327.7557830 -1650.1353324 0.0000000 -334.8511987 -1659.8128877 0.0000000 -338.8822876 -1656.8573632 0.0000000 -331.7868720 -1647.1798079 0.0000000 -346.9444655 -1650.9463143 0.0000000 -342.9133765 -1653.9018387 0.0000000 -335.8179609 -1644.2242834 0.0000000 -350.3403749 -1632.7133326 0.0000000 -362.6982079 -1636.3162122 0.0000000 -359.6575196 -1640.2834552 0.0000000 -347.4969358 -1635.6614616 0.0000000 -359.2140065 -1640.7987889 0.0000000 -355.7775617 -1644.3617569 0.0000000 -358.9516444 -1621.2378453 0.0000000 -368.7644701 -1628.1460171 0.0000000 -365.8481603 -1632.2018081 0.0000000 -368.9005606 -1627.9485422 0.0000000 -361.6391520 -1617.1663000 0.0000000 -374.4077186 -1619.6052563 0.0000000 -371.6541396 -1623.7768993 0.0000000 -383.4938470 -1600.5402813 0.0000000 -381.6357374 -1605.1805649 0.0000000 -372.2540164 -1596.3286033 0.0000000 -373.5622263 -1591.9682573 0.0000000 -385.1036038 -1595.2582381 0.0000000 -383.6707327 -1600.0340875 0.0000000 -364.3927310 -1612.9946570 0.0000000 -353.1739293 -1629.0163411 0.0000000 -315.6625163 -1659.0019058 0.0000000 -322.7579320 -1668.6794610 0.0000000 -318.7158673 -1671.6430136 0.0000000 -294.4809699 -1689.3142878 0.0000000 -290.4419534 -1692.2589692 0.0000000 -287.4115855 -1679.6177005 0.0000000 -270.2468709 -1706.9823761 0.0000000 -266.2078545 -1709.9270575 0.0000000 -263.1774866 -1697.2857889 0.0000000 -255.0994536 -1703.1751516 0.0000000 -259.1384701 -1700.2304702 0.0000000 -251.0604371 -1706.1198330 0.0000000 -248.6957285 -1721.7571369 0.0000000 -244.1529429 -1723.8422992 0.0000000 -243.4960795 -1710.9400628 0.0000000 -200.1152953 -1723.2928478 0.0000000 -121.7732310 -1617.7903289 0.0000000 -119.0882740 -1613.5741922 0.0000000 -131.8950361 -1611.3444728 0.0000000 -116.4033171 -1609.3580554 0.0000000 -113.7183602 -1605.1419187 0.0000000 -123.8401653 -1598.6960626 0.0000000 -111.0334033 -1600.9257819 0.0000000 -118.4702514 -1590.2637891 0.0000000 -121.1552084 -1594.4799258 0.0000000 -115.7852945 -1586.0476524 0.0000000 -108.3484463 -1596.7096452 0.0000000 -110.4153807 -1577.6153789 0.0000000 -100.2935755 -1584.0612350 0.0000000 -107.7304237 -1573.3992421 0.0000000 -97.6086186 -1579.8450983 0.0000000 -94.9236617 -1575.6289615 0.0000000 -105.0454668 -1569.1831054 0.0000000 -92.2387047 -1571.4128248 0.0000000 -89.5537478 -1567.1966881 0.0000000 -99.6755529 -1560.7508319 0.0000000 -84.1980608 -1558.7867548 0.0000000 -81.5740439 -1554.7455039 0.0000000 -94.2769886 -1552.2740045 0.0000000 -88.4516278 -1543.7827114 0.0000000 -91.3830930 -1547.8313302 0.0000000 -78.7319880 -1550.8203675 0.0000000 -85.5201625 -1539.7340926 0.0000000 -75.8005227 -1546.7717487 0.0000000 -72.8810241 -1542.7396570 0.0000000 -70.0099432 -1538.8306818 0.0000000 -76.3240491 -1527.5231344 0.0000000 -79.4511676 -1531.4226130 0.0000000 -79.6061447 -1531.6244957 0.0000000 -63.8661891 -1531.1694952 0.0000000 -73.1345970 -1523.5472221 0.0000000 -69.9508523 -1519.7081726 0.0000000 -53.7019838 -1522.7179908 0.0000000 -41.0269208 -1503.7966951 0.0000000 -45.7853458 -1505.3271179 0.0000000 -42.1112142 -1516.7508107 0.0000000 -46.3318233 -1518.1082591 0.0000000 -35.4817809 -1502.0707705 0.0000000 -36.2684958 -1502.2662723 0.0000000 -32.9811031 -1513.8143496 0.0000000 -30.5826749 -1501.1996892 0.0000000 -28.6790953 -1513.0494348 0.0000000 -30.1865327 -1501.1428098 0.0000000 -14.6125148 -1511.5064893 0.0000000 -9.0577800 -1500.0240748 0.0000000 -13.9993108 -1499.5048613 0.0000000 -8.7273057 -1500.0681119 0.0000000 6.0759795 -1502.4610121 0.0000000 1.1415511 -1501.6633787 0.0000000 3.5201458 -1514.2036371 0.0000000 11.9570452 -1504.6323491 0.0000000 7.3208442 -1502.8029258 0.0000000 7.4780610 -1515.7654119 0.0000000 12.1049423 -1504.6929977 0.0000000 20.3666222 -1521.6075870 0.0000000 26.1282657 -1511.0770425 0.0000000 21.7011508 -1508.7958212 0.0000000 26.6435152 -1511.3757974 0.0000000 43.4210961 -1522.2509812 0.0000000 39.2267008 -1519.5321853 0.0000000 68.6423311 -1533.4048092 0.0000000 103.4985599 -1544.7620013 0.0000000 121.7522291 -1524.0974424 0.0000000 151.6119651 -1512.0123371 0.0000000 154.0334533 -1507.6395579 0.0000000 156.4549414 -1503.2667787 0.0000000 148.3785682 -1493.0806607 0.0000000 145.9570801 -1497.4534399 0.0000000 206.4685920 -1350.2867385 0.0000000 204.6139229 -1354.9255738 0.0000000 217.6110286 -1354.7416352 0.0000000 219.4666713 -1350.1003646 0.0000000 221.3223141 -1345.4590940 0.0000000 208.3242347 -1345.6454679 0.0000000 212.0355201 -1336.3629267 0.0000000 210.1798774 -1341.0041973 0.0000000 223.1779568 -1340.8178234 0.0000000 225.0335995 -1336.1765528 0.0000000 217.6024483 -1322.4391149 0.0000000 228.7448849 -1326.8940116 0.0000000 230.6005276 -1322.2527410 0.0000000 232.4561703 -1317.6114704 0.0000000 219.4580910 -1317.7978443 0.0000000 223.1693764 -1308.5153031 0.0000000 221.3137337 -1313.1565737 0.0000000 234.3118131 -1312.9701998 0.0000000 236.1674558 -1308.3289292 0.0000000 225.0250191 -1303.8740325 0.0000000 239.8787412 -1299.0463880 0.0000000 241.7343839 -1294.4051174 0.0000000 228.7363045 -1294.5914913 0.0000000 243.5900266 -1289.7638468 0.0000000 247.3013121 -1280.4813056 0.0000000 232.4475900 -1285.3089501 0.0000000 238.0145181 -1271.3851382 0.0000000 236.1588754 -1276.0264088 0.0000000 241.7258035 -1262.1025970 0.0000000 239.8701608 -1266.7438676 0.0000000 252.8682402 -1266.5574938 0.0000000 254.7238829 -1261.9162232 0.0000000 260.2908110 -1247.9924114 0.0000000 249.1483744 -1243.5375146 0.0000000 252.8596598 -1234.2549734 0.0000000 251.0040171 -1238.8962440 0.0000000 264.0020965 -1238.7098702 0.0000000 256.5709452 -1224.9724322 0.0000000 267.7133819 -1229.4273290 0.0000000 260.2822307 -1215.6898910 0.0000000 258.4265880 -1220.3311616 0.0000000 271.4246673 -1220.1447878 0.0000000 262.1378734 -1211.0486204 0.0000000 273.2145059 -1215.6681043 0.0000000 264.4026013 -1206.2061079 0.0000000 273.8508867 -1188.2741673 0.0000000 284.4656220 -1193.8712554 0.0000000 276.1822978 -1183.8527055 0.0000000 286.7507893 -1189.5374935 0.0000000 320.7926479 -1149.8997293 0.0000000 312.9471677 -1140.8108150 0.0000000 309.2742557 -1144.2011719 0.0000000 281.8714129 -1174.7913099 0.0000000 279.0278400 -1178.9021366 0.0000000 289.0451639 -1185.5143386 0.0000000 278.7503242 -1179.3430933 0.0000000 291.7403971 -1181.6179600 0.0000000 290.8678641 -1161.8683830 0.0000000 290.4021315 -1162.4588298 0.0000000 300.0567869 -1169.5953254 0.0000000 302.9310938 -1166.3872041 0.0000000 294.1835138 -1158.1676625 0.0000000 294.5826077 -1157.7625997 0.0000000 298.2555197 -1154.3722428 0.0000000 317.4135867 -1153.0188412 0.0000000 305.6013437 -1147.5915289 0.0000000 317.6528640 -1137.4408403 0.0000000 313.5682674 -1140.3097216 0.0000000 324.4980344 -1147.2971924 0.0000000 317.7575474 -1137.3689565 0.0000000 336.6561931 -1139.1364157 0.0000000 330.7023751 -1128.7135799 0.0000000 330.2082910 -1129.0117916 0.0000000 335.0816358 -1126.3499522 0.0000000 354.4544195 -1118.0855751 0.0000000 364.2241573 -1115.0914436 0.0000000 359.4177342 -1116.4637045 0.0000000 367.5185848 -1126.6303668 0.0000000 372.3250079 -1125.2581060 0.0000000 377.0578590 -1123.9068503 0.0000000 369.0305804 -1113.7191828 0.0000000 378.8157882 -1111.0597943 0.0000000 373.9846591 -1112.3067944 0.0000000 381.4039571 -1122.7850453 0.0000000 379.6485224 -1110.9065530 0.0000000 404.8663719 -1108.4109657 0.0000000 399.8920208 -1108.6544899 0.0000000 405.1037603 -1120.4137156 0.0000000 405.5647535 -1108.4174727 0.0000000 410.5518336 -1108.7548678 0.0000000 420.5259936 -1109.4296579 0.0000000 440.4743138 -1110.7792381 0.0000000 435.4872337 -1110.4418430 0.0000000 473.9295529 -1125.8860776 0.0000000 475.8376186 -1114.0387452 0.0000000 478.8644408 -1126.6808633 0.0000000 483.2060879 -1127.3801049 0.0000000 480.7725065 -1114.8335309 0.0000000 487.2573306 -1128.9018264 0.0000000 491.5330571 -1117.6892548 0.0000000 491.6449341 -1117.7325590 0.0000000 491.8448033 -1130.7304379 0.0000000 496.4879981 -1132.5812607 0.0000000 496.2881289 -1119.5833818 0.0000000 505.5745184 -1123.2850275 0.0000000 500.9313236 -1121.4342047 0.0000000 504.2963944 -1136.5852173 0.0000000 526.7028171 -1154.4784703 0.0000000 530.0300637 -1157.7163200 0.0000000 535.0717785 -1145.8784421 0.0000000 519.5678301 -1147.5351871 0.0000000 523.1205614 -1150.9924631 0.0000000 531.4895228 -1142.3924349 0.0000000 542.2693820 -1153.7634153 0.0000000 539.1329347 -1149.8891652 0.0000000 532.8546724 -1161.2053760 0.0000000 542.4401227 -1153.9846641 0.0000000 540.9052209 -1172.6490370 0.0000000 551.6667137 -1167.3222956 0.0000000 551.2601343 -1166.5695904 0.0000000 546.7278842 -1185.5520821 0.0000000 558.1198881 -1181.7585546 0.0000000 557.8346621 -1180.9904936 0.0000000 559.5284646 -1186.5266791 0.0000000 559.6435168 -1186.9806518 0.0000000 549.9685780 -1199.1932735 0.0000000 561.7429427 -1196.8764049 0.0000000 561.7193788 -1196.7597114 0.0000000 550.8829555 -1203.9649855 0.0000000 562.7111373 -1201.9400478 0.0000000 562.6834126 -1201.7842811 0.0000000 564.3330371 -1211.8045625 0.0000000 568.3877866 -1236.4658495 0.0000000 570.0096864 -1246.3303643 0.0000000 563.0343685 -1277.8707802 0.0000000 574.8753858 -1275.9239086 0.0000000 574.0644359 -1270.9916512 0.0000000 576.4972856 -1285.7884234 0.0000000 580.0768033 -1305.2988774 0.0000000 581.9552965 -1315.1177609 0.0000000 583.8337896 -1324.9366445 0.0000000 586.6515292 -1339.6649698 0.0000000 585.7122827 -1334.7555281 0.0000000 575.8045326 -1346.8292888 0.0000000 588.5300223 -1349.4838534 0.0000000 587.5907758 -1344.5744116 0.0000000 592.2870086 -1369.1216205 0.0000000 582.3792585 -1381.1953813 0.0000000 594.1655017 -1378.9405041 0.0000000 595.1047482 -1383.8499459 0.0000000 598.8617345 -1403.4877130 0.0000000 588.9539844 -1415.5614737 0.0000000 600.7402276 -1413.3065965 0.0000000 601.6794741 -1418.2160383 0.0000000 593.6502171 -1440.1086826 0.0000000 605.4364603 -1437.8538054 0.0000000 606.3757069 -1442.7632472 0.0000000 626.8220335 -1556.1192110 0.0000000 628.4330113 -1560.8509711 0.0000000 638.1817110 -1552.2516887 0.0000000 630.0439890 -1565.5827312 0.0000000 639.7926887 -1556.9834488 0.0000000 643.0146442 -1566.4469690 0.0000000 641.4036665 -1561.7152089 0.0000000 633.2659445 -1575.0462513 0.0000000 634.8769223 -1579.7780114 0.0000000 644.6256220 -1571.1787290 0.0000000 636.4879000 -1584.5097715 0.0000000 638.0988778 -1589.2415315 0.0000000 647.8475775 -1580.6422492 0.0000000 639.7098555 -1593.9732916 0.0000000 641.3208333 -1598.7050517 0.0000000 651.0695329 -1590.1057693 0.0000000 654.2914884 -1599.5692895 0.0000000 652.6805107 -1594.8375294 0.0000000 655.9024662 -1604.3010495 0.0000000 644.5427888 -1608.1685718 0.0000000 646.1537665 -1612.9003319 0.0000000 647.7647443 -1617.6320920 0.0000000 657.5134439 -1609.0328096 0.0000000 660.7353994 -1618.4963297 0.0000000 659.1244217 -1613.7645697 0.0000000 649.3757220 -1622.3638520 0.0000000 662.3463772 -1623.2280898 0.0000000 650.9866998 -1627.0956121 0.0000000 664.2180004 -1629.0506117 0.0000000 663.9573549 -1627.9598499 0.0000000 652.4161616 -1631.2942242 0.0000000 664.9159999 -1633.9693051 0.0000000 653.0075408 -1635.4615804 0.0000000 665.3366643 -1639.3422703 0.0000000 664.9583016 -1634.3581310 0.0000000 652.8066394 -1653.5424687 0.0000000 653.6384664 -1649.1158950 0.0000000 650.5204439 -1661.6337978 0.0000000 661.5578097 -1666.3567528 0.0000000 661.2552322 -1667.0091181 0.0000000 648.3201940 -1665.7169919 0.0000000 646.3443904 -1669.3836617 0.0000000 658.8841114 -1671.4094123 0.0000000 652.0591830 -1680.7265498 0.0000000 655.5373869 -1677.1414512 0.0000000 652.0386696 -1680.7475903 0.0000000 636.8502742 -1679.1031628 0.0000000 640.1614313 -1691.4581764 0.0000000 644.2202047 -1688.5888448 0.0000000 633.3859783 -1681.5522312 0.0000000 639.8516940 -1691.6630686 0.0000000 620.7872876 -1689.3367772 0.0000000 622.8427189 -1702.1726646 0.0000000 627.0949627 -1699.5452656 0.0000000 608.0305562 -1697.2189742 0.0000000 610.0859875 -1710.0548615 0.0000000 614.3382313 -1707.4274626 0.0000000 597.3292562 -1717.9370585 0.0000000 588.8247686 -1723.1918565 0.0000000 574.0126059 -1718.2381661 0.0000000 576.0680372 -1731.0740535 0.0000000 580.3202810 -1728.4466545 0.0000000 561.2558746 -1726.1203631 0.0000000 563.3113059 -1738.9562505 0.0000000 567.5635497 -1736.3288515 0.0000000 548.4991432 -1734.0025601 0.0000000 550.5545745 -1746.8384474 0.0000000 554.8068183 -1744.2110485 0.0000000 523.2290947 -1770.9011235 0.0000000 518.2401316 -1804.4777014 0.0000000 525.8304469 -1820.5021969 0.0000000 523.0237464 -1816.3661076 0.0000000 538.4139618 -1844.7795753 0.0000000 542.1746056 -1833.3770005 0.0000000 649.7455369 -1782.8092641 0.0000000 656.5695534 -1792.6800695 0.0000000 689.4622359 -1769.9402628 0.0000000 693.5738212 -1767.0977869 0.0000000 686.7498047 -1757.2269815 0.0000000 705.9085771 -1758.5703594 0.0000000 723.7540725 -1731.6446990 0.0000000 719.6424872 -1734.4871748 0.0000000 726.4665037 -1744.3579802 0.0000000 727.8656578 -1728.8022231 0.0000000 730.5780890 -1741.5155044 0.0000000 731.9772431 -1725.9597473 0.0000000 734.6896743 -1738.6730285 0.0000000 736.0888284 -1723.1172714 0.0000000 738.8012596 -1735.8305527 0.0000000 742.9128449 -1732.9880768 0.0000000 747.0244302 -1730.1456010 0.0000000 740.2004138 -1720.2747956 0.0000000 755.2476008 -1724.4606493 0.0000000 759.3591862 -1721.6181735 0.0000000 748.4235844 -1714.5898439 0.0000000 756.6467550 -1708.9048922 0.0000000 752.5351697 -1711.7473681 0.0000000 760.7583403 -1706.0624164 0.0000000 763.4707715 -1718.7756976 0.0000000 764.8699256 -1703.2199406 0.0000000 771.6939421 -1713.0907460 0.0000000 779.9171127 -1707.4057943 0.0000000 773.0930962 -1697.5349889 0.0000000 781.3162669 -1691.8500372 0.0000000 777.2046816 -1694.6925130 0.0000000 784.0286980 -1704.5633184 0.0000000 785.4278522 -1689.0075614 0.0000000 788.1402833 -1701.7208426 0.0000000 810.0973641 -1671.9527063 0.0000000 801.8741934 -1677.6376580 0.0000000 844.4345043 -1621.5861459 0.0000000 844.3148336 -1556.8048192 0.0000000 843.2253025 -1551.9265280 0.0000000 831.5138435 -1554.5421977 0.0000000 829.3347814 -1544.7856154 0.0000000 830.4243124 -1549.6639065 0.0000000 841.0462404 -1542.1699457 0.0000000 839.9567093 -1537.2916545 0.0000000 838.8671782 -1532.4133633 0.0000000 828.2452503 -1539.9073242 0.0000000 826.0661882 -1530.1507419 0.0000000 827.1557192 -1535.0290330 0.0000000 823.7535109 -1519.4437467 0.0000000 823.8871260 -1520.3941595 0.0000000 835.7035217 -1518.2483358 0.0000000 823.4558802 -1514.4563290 0.0000000 822.9129947 -1504.4413100 0.0000000 823.4540178 -1514.4236195 0.0000000 823.0845702 -1502.6564985 0.0000000 829.7431240 -1482.7818332 0.0000000 827.6832151 -1487.2985051 0.0000000 838.7504353 -1491.9510030 0.0000000 830.0639405 -1482.1734056 0.0000000 840.5183091 -1488.0746635 0.0000000 842.8940335 -1484.1345269 0.0000000 832.6449315 -1477.8928346 0.0000000 845.1283006 -1480.5729690 0.0000000 839.8588284 -1468.9777189 0.0000000 836.2643688 -1472.4511413 0.0000000 835.3510797 -1473.5773044 0.0000000 851.4905175 -1474.4249887 0.0000000 844.0939202 -1464.9663336 0.0000000 843.4532879 -1465.5042965 0.0000000 848.0984351 -1462.0543227 0.0000000 854.8270550 -1471.9987189 0.0000000 853.1877141 -1459.2551825 0.0000000 848.7854220 -1461.6225919 0.0000000 868.4644615 -1448.7356382 0.0000000 893.5566928 -1424.0821880 0.0000000 881.7270439 -1418.3715940 0.0000000 893.7312123 -1418.2789587 0.0000000 873.2404575 -1380.8835855 0.0000000 882.1128495 -1368.0297974 0.0000000 876.7403158 -1348.7712220 0.0000000 867.2928272 -1315.0215778 0.0000000 863.1244862 -1300.6171286 0.0000000 851.5974227 -1303.9528155 0.0000000 856.1772510 -1276.6097133 0.0000000 844.6501875 -1279.9454002 0.0000000 815.8832872 -1137.3667044 0.0000000 814.4938401 -1132.5652213 0.0000000 802.9667766 -1135.9009082 0.0000000 813.1043931 -1127.7637383 0.0000000 811.7149461 -1122.9622552 0.0000000 800.1878826 -1126.2979421 0.0000000 810.3254991 -1118.1607721 0.0000000 798.7984356 -1121.4964590 0.0000000 808.9360520 -1113.3592891 0.0000000 797.4089885 -1116.6949760 0.0000000 807.5466050 -1108.5578060 0.0000000 804.7677109 -1098.9548399 0.0000000 796.0195415 -1111.8934929 0.0000000 793.2406474 -1102.2905268 0.0000000 730.9054848 -886.1524884 0.0000000 803.3782639 -1094.1533568 0.0000000 800.5993699 -1084.5503907 0.0000000 789.0723064 -1087.8860776 0.0000000 787.6828593 -1083.0845945 0.0000000 799.2099228 -1079.7489076 0.0000000 797.8204758 -1074.9474245 0.0000000 786.2934123 -1078.2831114 0.0000000 784.9039653 -1073.4816284 0.0000000 796.4310288 -1070.1459415 0.0000000 783.5145182 -1068.6801453 0.0000000 795.0415817 -1065.3444584 0.0000000 793.6521347 -1060.5429753 0.0000000 790.8732406 -1050.9400092 0.0000000 782.1250712 -1063.8786622 0.0000000 777.9567301 -1049.4742130 0.0000000 779.3461771 -1054.2756961 0.0000000 789.4837936 -1046.1385261 0.0000000 783.9260055 -1026.9325939 0.0000000 769.6200479 -1020.6653146 0.0000000 771.0094950 -1025.4667977 0.0000000 781.1471114 -1017.3296277 0.0000000 779.7576644 -1012.5281447 0.0000000 778.3682174 -1007.7266616 0.0000000 768.2306009 -1015.8638316 0.0000000 776.9787704 -1002.9251785 0.0000000 775.5893233 -998.1236955 0.0000000 765.4517069 -1006.2608654 0.0000000 771.4209822 -983.7192463 0.0000000 770.0315352 -978.9177632 0.0000000 759.8939187 -987.0549332 0.0000000 758.5044717 -982.2534501 0.0000000 737.7888472 -910.1782952 0.0000000 768.6420882 -974.1162801 0.0000000 757.1150247 -977.4519670 0.0000000 767.2526412 -969.3147971 0.0000000 764.4742246 -959.7134812 0.0000000 755.7255777 -972.6504840 0.0000000 752.9457295 -963.0442171 0.0000000 751.5590330 -958.2419421 0.0000000 751.5555719 -958.2299086 0.0000000 747.4255545 -943.8144246 0.0000000 748.8022269 -948.6195859 0.0000000 743.2955370 -929.3989405 0.0000000 740.5421921 -919.7886179 0.0000000 761.2833658 -991.8564162 0.0000000 772.8104293 -988.5207293 0.0000000 817.2727342 -1142.1681875 0.0000000 805.7456707 -1145.5038743 0.0000000 804.3562237 -1140.7023913 0.0000000 807.1351177 -1150.3053574 0.0000000 818.6621812 -1146.9696705 0.0000000 728.6746542 -834.7958563 0.0000000 717.1387601 -838.1008749 0.0000000 820.0516283 -1151.7711536 0.0000000 707.5020528 -804.4647455 0.0000000 704.7487078 -794.8544228 0.0000000 701.9953629 -785.2441001 0.0000000 710.7779120 -772.3287588 0.0000000 696.4886730 -766.0234547 0.0000000 699.2420180 -775.6337774 0.0000000 693.7353281 -756.4131320 0.0000000 690.9819831 -746.8028093 0.0000000 677.1129448 -698.8122412 0.0000000 674.3112385 -689.2159058 0.0000000 675.7120916 -694.0140735 0.0000000 660.1615990 -652.8290594 0.0000000 671.0446659 -647.7734828 0.0000000 668.9388161 -643.2402501 0.0000000 649.6528610 -630.2070500 0.0000000 651.7381996 -634.6961284 0.0000000 662.6212665 -629.6405519 0.0000000 570.9067125 -503.4450879 0.0000000 581.0830114 -497.0856114 0.0000000 576.2046653 -511.9227590 0.0000000 586.3809641 -505.5632825 0.0000000 583.7319877 -501.3244469 0.0000000 573.5556889 -507.6839234 0.0000000 589.0299405 -509.8021180 0.0000000 578.8536417 -516.1615945 0.0000000 591.6789169 -514.0409536 0.0000000 581.5026180 -520.4004301 0.0000000 594.7502658 -541.5955163 0.0000000 597.4050519 -545.8347515 0.0000000 604.9232861 -535.2307963 0.0000000 589.4495472 -533.1169368 0.0000000 592.0985236 -537.3557723 0.0000000 602.2742296 -530.9953472 0.0000000 599.6258460 -526.7574602 0.0000000 594.3278933 -518.2797891 0.0000000 584.1515944 -524.6392656 0.0000000 607.5753502 -539.4656831 0.0000000 610.2283220 -543.7020191 0.0000000 600.0580237 -550.0710876 0.0000000 560.3108070 -486.4897457 0.0000000 562.5401767 -467.4137625 0.0000000 552.3638779 -473.7732390 0.0000000 541.7679724 -456.8178968 0.0000000 549.2952948 -446.2195847 0.0000000 539.1189960 -452.5790613 0.0000000 528.1034838 -412.3089003 0.0000000 517.9271850 -418.6683769 0.0000000 520.1875462 -399.6419857 0.0000000 517.7188824 -395.5148066 0.0000000 509.9192452 -405.8520916 0.0000000 502.4681525 -392.5489046 0.0000000 504.8476130 -396.9446947 0.0000000 515.4007172 -391.2322528 0.0000000 500.0886919 -388.1531145 0.0000000 510.6952009 -382.5393321 0.0000000 513.0212567 -386.8364628 0.0000000 497.7764323 -383.4809013 0.0000000 499.9856079 -387.9538684 0.0000000 508.6737684 -378.4464927 0.0000000 497.5300214 -382.9090151 0.0000000 495.7929757 -378.2220678 0.0000000 504.0567014 -365.2225358 0.0000000 491.3734190 -362.9436055 0.0000000 492.3433402 -367.8470793 0.0000000 492.4898549 -368.4317604 0.0000000 501.3981689 -351.0897565 0.0000000 489.5421449 -352.9482905 0.0000000 490.3730443 -357.8739082 0.0000000 489.5021588 -352.6722856 0.0000000 488.2991397 -342.7479743 0.0000000 485.8931014 -322.8993516 0.0000000 486.4946110 -327.8615073 0.0000000 476.5153490 -286.0312199 0.0000000 468.2006329 -268.8406593 0.0000000 478.3676316 -262.4663247 0.0000000 465.5458004 -264.6076904 0.0000000 460.2341534 -256.1385926 0.0000000 459.9739635 -237.2700077 0.0000000 447.9730141 -242.2662078 0.0000000 451.5208019 -245.7872878 0.0000000 410.3645290 -201.6170893 0.0000000 406.1216163 -198.9746483 0.0000000 403.9902928 -211.7842128 0.0000000 395.5349167 -206.5182942 0.0000000 399.7778294 -209.1607352 0.0000000 401.8787036 -196.3322073 0.0000000 397.6357909 -193.6897662 0.0000000 382.0765333 -197.5519664 0.0000000 382.6623394 -198.0412310 0.0000000 390.0618004 -188.5863801 0.0000000 378.4516829 -194.1102717 0.0000000 386.7142619 -185.4079853 0.0000000 371.2010551 -187.2168804 0.0000000 374.8210819 -190.6631097 0.0000000 370.7404124 -186.7262418 0.0000000 361.1057487 -175.2355291 0.0000000 364.3173033 -179.0657667 0.0000000 354.6826395 -167.5750540 0.0000000 348.2595303 -159.9145788 0.0000000 414.6360868 -204.3482820 0.0000000 410.4251985 -201.6553790 0.0000000 338.1855683 -129.2230786 0.0000000 325.7786483 -133.1029159 0.0000000 328.9902028 -136.9331534 0.0000000 328.5509046 -117.7323659 0.0000000 316.1439845 -121.6122031 0.0000000 319.3555391 -125.4424407 0.0000000 318.9162408 -106.2416532 0.0000000 309.7208753 -113.9517280 0.0000000 300.0862116 -102.4610153 0.0000000 303.2977662 -106.2912529 0.0000000 290.4515478 -90.9703026 0.0000000 277.6053295 -75.6493523 0.0000000 258.3360020 -52.6679269 0.0000000 261.5475566 -56.4981645 0.0000000 245.4897837 -37.3469766 0.0000000 248.2620400 -21.9764267 0.0000000 239.0666745 -29.6865015 0.0000000 229.4320108 -18.1957888 0.0000000 216.5857924 -2.8748385 0.0000000 183.9622887 34.6282789 0.0000000 170.4496138 49.3647798 0.0000000 156.3794554 77.9546785 0.0000000 152.5466611 81.1631812 0.0000000 144.8439129 71.9616776 0.0000000 141.0111185 75.1701803 0.0000000 129.5127354 84.7956886 0.0000000 133.3455297 81.5871859 0.0000000 125.0787174 103.3869848 0.0000000 113.9184082 96.7212290 0.0000000 117.9345202 93.7453851 0.0000000 113.0303814 112.3145166 0.0000000 93.8378482 111.6004486 0.0000000 105.8861842 102.6729168 0.0000000 89.8217362 114.5762925 0.0000000 0.5426844 178.9547355 0.0000000 -4.6504999 168.1366563 0.0000000 -27.1813136 178.9525013 0.0000000 -22.6751508 176.7893323 0.0000000 -17.4819666 187.6074114 0.0000000 -21.9881293 189.7705804 0.0000000 -26.4942920 191.9337494 0.0000000 -36.1936390 183.2788392 0.0000000 -31.6874763 181.1156702 0.0000000 -31.0004548 194.0969184 0.0000000 -76.6277883 203.2515206 0.0000000 -72.1633919 201.0034176 0.0000000 -44.5012429 200.5779285 0.0000000 -48.9419198 202.7455342 0.0000000 -49.7474714 189.7854556 0.0000000 -63.2345990 196.5072116 0.0000000 -54.3058062 192.0110056 0.0000000 -54.2391985 191.9779802 0.0000000 -80.1594933 218.4655362 0.0000000 -85.5565812 207.7477267 0.0000000 -49.4023991 98.4278795 0.0000000 -51.8846831 102.7664355 0.0000000 -62.3003839 96.8071422 0.0000000 -59.8180999 92.4685862 0.0000000 -54.8535317 83.7914741 0.0000000 -44.4378309 89.7507674 0.0000000 -52.3712477 79.4529180 0.0000000 -49.8889636 75.1143620 0.0000000 -41.9555469 85.4122114 0.0000000 -47.4066795 70.7758060 0.0000000 -36.9909787 76.7350993 0.0000000 -34.5086947 72.3965433 0.0000000 -44.9243955 66.4372499 0.0000000 -42.4421114 62.0986939 0.0000000 -39.9598273 57.7601379 0.0000000 -32.0264106 68.0579872 0.0000000 -27.0618425 59.3808752 0.0000000 -29.5441265 63.7194312 0.0000000 -37.4775433 53.4215818 0.0000000 -34.9952592 49.0830258 0.0000000 -24.5795584 55.0423191 0.0000000 -32.5129751 44.7444697 0.0000000 -30.0306911 40.4059137 0.0000000 -22.0972743 50.7037631 0.0000000 -25.0661229 31.7288016 0.0000000 -14.6504221 37.6880950 0.0000000 -20.1015548 23.0516896 0.0000000 -17.6192707 18.7131335 0.0000000 -9.6858540 29.0109829 0.0000000 -15.1369867 14.3745775 0.0000000 -4.7212859 20.3338708 0.0000000 0.2432823 11.6567587 0.0000000 -2.2390018 15.9953148 0.0000000 -10.1724185 5.6974654 0.0000000 -5.2108708 -2.9743677 0.0000000 5.2138804 2.9690825 0.0000000 5.2078504 2.9796467 0.0000000 10.1608470 -5.7180765 0.0000000 -19.6149903 46.3652070 0.0000000 17.0474693 -42.0612982 0.0000000 29.9487134 -40.4667127 0.0000000 27.4752301 -36.1231331 0.0000000 24.4679192 -55.0920368 0.0000000 37.3691633 -53.4974512 0.0000000 34.8956800 -49.1538717 0.0000000 29.4148858 -63.7791958 0.0000000 42.3161299 -62.1846103 0.0000000 39.8426466 -57.8410308 0.0000000 39.3088190 -81.1535139 0.0000000 49.7365798 -75.2153488 0.0000000 44.7896132 -66.5281898 0.0000000 41.7823023 -85.4970934 0.0000000 54.6835464 -83.9025079 0.0000000 52.2100631 -79.5589284 0.0000000 46.7292689 -94.1842525 0.0000000 59.6305130 -92.5896669 0.0000000 57.1570297 -88.2460874 0.0000000 54.1497188 -107.2149910 0.0000000 64.5774796 -101.2768260 0.0000000 62.1039963 -96.9332464 0.0000000 56.6232021 -111.5585706 0.0000000 69.5244462 -109.9639850 0.0000000 67.0509629 -105.6204055 0.0000000 64.0436520 -124.5893091 0.0000000 76.9448961 -122.9947236 0.0000000 74.4714128 -118.6511440 0.0000000 78.8845517 -150.6507862 0.0000000 89.3123126 -144.7126212 0.0000000 86.8388293 -140.3690416 0.0000000 83.8315183 -159.3379453 0.0000000 94.2592792 -153.3997802 0.0000000 91.7857959 -149.0562007 0.0000000 93.7254515 -176.7122634 0.0000000 104.1532123 -170.7740983 0.0000000 101.6797290 -166.4305188 0.0000000 98.6724181 -185.3994224 0.0000000 109.1001789 -179.4612573 0.0000000 106.6266956 -175.1176778 0.0000000 137.4940294 -226.3275244 0.0000000 134.8884805 -222.0618570 0.0000000 124.6477658 -228.3170759 0.0000000 142.7051271 -234.8588590 0.0000000 140.0995782 -230.5931917 0.0000000 132.4644124 -241.1140778 0.0000000 137.6755101 -249.6454125 0.0000000 147.9162248 -243.3901937 0.0000000 153.1273225 -251.9215284 0.0000000 150.5217737 -247.6558610 0.0000000 140.2810590 -253.9110798 0.0000000 155.7328714 -256.1871957 0.0000000 145.4921567 -262.4424145 0.0000000 160.9439691 -264.7185304 0.0000000 158.3384203 -260.4528630 0.0000000 148.0977056 -266.7080818 0.0000000 163.9983661 -269.8793307 0.0000000 163.5495180 -268.9841977 0.0000000 153.0469005 -274.8106431 0.0000000 165.8553158 -274.5117356 0.0000000 154.6962349 -278.9251242 0.0000000 156.1202139 -282.6771355 0.0000000 168.0505613 -281.0861255 0.0000000 167.6693034 -279.2884730 0.0000000 166.0883411 -294.7614646 0.0000000 167.2059904 -292.3088033 0.0000000 155.7238164 -288.5574907 0.0000000 163.1043343 -298.6533785 0.0000000 159.4289864 -302.7360023 0.0000000 162.7870841 -299.0335730 0.0000000 151.6612918 -293.4383512 0.0000000 156.7102814 -304.4515750 0.0000000 145.6601249 -307.1319981 0.0000000 146.6508452 -307.0087138 0.0000000 144.6736374 -295.1621292 0.0000000 140.6826103 -307.3337450 0.0000000 140.3180747 -295.3386674 0.0000000 140.4396198 -307.3386674 0.0000000 130.8221732 -295.3386674 0.0000000 124.7346036 -306.6618750 0.0000000 129.6866573 -307.2908486 0.0000000 126.3091752 -294.7654595 0.0000000 124.6096510 -306.6446680 0.0000000 97.3040310 -365.6991555 0.0000000 97.6421677 -370.6861853 0.0000000 109.6146788 -369.8744105 0.0000000 97.9803044 -375.6732151 0.0000000 98.3184411 -380.6602449 0.0000000 109.9528155 -374.8614403 0.0000000 98.6565778 -385.6472747 0.0000000 110.6290888 -384.8354999 0.0000000 98.9947144 -390.6343045 0.0000000 110.9672255 -389.8225297 0.0000000 111.6434989 -399.7965893 0.0000000 111.3053622 -394.8095595 0.0000000 99.3328511 -395.6213343 0.0000000 111.9816356 -404.7836191 0.0000000 99.6709878 -400.6083641 0.0000000 100.3472612 -410.5824238 0.0000000 112.3197723 -409.7706489 0.0000000 101.0235345 -420.5564834 0.0000000 113.3341823 -424.7317383 0.0000000 112.9960456 -419.7447085 0.0000000 101.6998079 -430.5305430 0.0000000 114.0104557 -434.7057980 0.0000000 113.6723190 -429.7187682 0.0000000 102.7142180 -445.4916324 0.0000000 115.0211854 -449.6126087 0.0000000 114.6867290 -444.6798576 0.0000000 105.5129608 -475.5490458 0.0000000 117.9495913 -479.2524061 0.0000000 117.4518441 -474.3394739 0.0000000 107.9614189 -495.5797780 0.0000000 119.8565182 -493.9965492 0.0000000 119.1970400 -489.0417645 0.0000000 109.9398532 -510.4441320 0.0000000 121.8349525 -508.8609032 0.0000000 121.1754744 -503.9061186 0.0000000 113.5165967 -530.5109600 0.0000000 126.2675179 -533.0405473 0.0000000 125.2801501 -528.1405568 0.0000000 115.4913322 -540.3109411 0.0000000 128.2422534 -542.8405285 0.0000000 127.2548856 -537.9405379 0.0000000 131.1674608 -599.0944317 0.0000000 132.9124061 -603.7784437 0.0000000 144.1574533 -599.5893014 0.0000000 186.4784816 -711.7715790 0.0000000 184.6850010 -707.1059355 0.0000000 173.4840514 -711.4115978 0.0000000 188.2719622 -716.4372226 0.0000000 177.0710126 -720.7428849 0.0000000 178.8644932 -725.4085285 0.0000000 180.6579738 -730.0741721 0.0000000 190.0654428 -721.1028662 0.0000000 182.4520936 -734.7414778 0.0000000 193.6520845 -730.4333223 0.0000000 184.2469579 -739.4065864 0.0000000 184.2545760 -739.4262833 0.0000000 195.4428374 -735.0877447 0.0000000 186.0658503 -744.0850479 0.0000000 189.6883989 -753.4025772 0.0000000 197.2502854 -739.7366677 0.0000000 191.4996732 -758.0613419 0.0000000 200.8728341 -749.0541970 0.0000000 193.3109476 -762.7201065 0.0000000 204.4953827 -758.3717263 0.0000000 206.3066570 -763.0304909 0.0000000 195.1222219 -767.3788711 0.0000000 213.5517543 -781.6655495 0.0000000 211.7404800 -777.0067848 0.0000000 202.3673192 -786.0139297 0.0000000 204.1785935 -790.6726944 0.0000000 205.9898678 -795.3314590 0.0000000 215.3630286 -786.3243141 0.0000000 218.9855773 -795.6418434 0.0000000 217.1743029 -790.9830788 0.0000000 207.6088089 -799.4955247 0.0000000 220.2440958 -801.5535026 0.0000000 219.2804124 -796.6573230 0.0000000 210.1936920 -813.6028384 0.0000000 211.0539002 -818.4564473 0.0000000 222.0095545 -811.5087056 0.0000000 223.6613265 -821.4972897 0.0000000 222.9044322 -816.5670868 0.0000000 211.7172040 -822.7770276 0.0000000 211.5851460 -827.2260161 0.0000000 223.5798631 -827.5820517 0.0000000 223.7281662 -822.5857722 0.0000000 211.4368430 -832.2222956 0.0000000 223.2832571 -837.5746107 0.0000000 223.4315601 -832.5783312 0.0000000 211.0050526 -846.7691679 0.0000000 222.0181923 -853.3563775 0.0000000 222.8957670 -848.4444047 0.0000000 210.2177575 -851.1758266 0.0000000 221.9915060 -853.4961518 0.0000000 218.8769191 -868.7037855 0.0000000 219.0048466 -868.1911540 0.0000000 207.2979374 -865.5419652 0.0000000 217.4580864 -873.4828020 0.0000000 206.0059573 -869.8937075 0.0000000 217.3445048 -873.8269252 0.0000000 210.2851349 -892.7376269 0.0000000 212.1463034 -888.1021052 0.0000000 199.1939521 -888.1550406 0.0000000 210.1911823 -892.9587225 0.0000000 206.0980194 -902.0793162 0.0000000 180.8239086 -929.0881046 0.0000000 178.7773271 -933.6484014 0.0000000 189.7253676 -938.5616906 0.0000000 170.5910012 -951.8895886 0.0000000 168.5444197 -956.4498854 0.0000000 179.4924602 -961.3631746 0.0000000 164.4512568 -965.5704791 0.0000000 162.4046753 -970.1307759 0.0000000 173.3527157 -975.0440650 0.0000000 163.0282871 -997.8347002 0.0000000 167.1636318 -988.7331545 0.0000000 152.1031110 -992.8707776 0.0000000 158.8929424 -1006.9362460 0.0000000 160.9606148 -1002.3854731 0.0000000 150.0354387 -997.4215505 0.0000000 147.9677663 -1001.9723234 0.0000000 156.8252701 -1011.4870188 0.0000000 145.9000940 -1006.5230962 0.0000000 154.7575977 -1016.0377917 0.0000000 143.8558759 -1011.0222482 0.0000000 152.4181332 -1020.9229077 0.0000000 152.5574552 -1020.6492845 0.0000000 141.7941981 -1015.3411886 0.0000000 150.0368791 -1025.3177264 0.0000000 139.4861068 -1019.6009787 0.0000000 129.9610903 -1037.1802535 0.0000000 140.5118625 -1042.8970013 0.0000000 142.8931167 -1038.5021826 0.0000000 133.3681001 -1056.0814574 0.0000000 135.7493543 -1051.6866387 0.0000000 122.8397995 -1050.3232363 0.0000000 120.6018821 -1054.3028341 0.0000000 130.8748937 -1060.5165384 0.0000000 133.3225077 -1056.1640456 0.0000000 130.4613102 -1061.1538607 0.0000000 127.4803130 -1065.1661491 0.0000000 99.8101309 -1081.5274464 0.0000000 96.6049926 -1085.3630548 0.0000000 109.0183902 -1089.2221174 0.0000000 105.8132519 -1093.0577257 0.0000000 90.2276999 -1092.9947996 0.0000000 87.1940325 -1096.5012335 0.0000000 99.3363359 -1100.8073150 0.0000000 92.0076699 -1108.4531269 0.0000000 95.6457611 -1105.0254316 0.0000000 83.7786997 -1099.7190528 0.0000000 80.1406085 -1103.1467480 0.0000000 88.3695786 -1111.8808221 0.0000000 76.5025172 -1106.5744433 0.0000000 84.7314874 -1115.3085174 0.0000000 65.7505351 -1116.4034448 0.0000000 73.4583141 -1125.6017973 0.0000000 77.2477636 -1122.3505276 0.0000000 73.2419716 -1125.7788341 0.0000000 46.3647548 -1131.5270593 0.0000000 53.1047143 -1141.4589956 0.0000000 53.5367404 -1141.1516650 0.0000000 48.9103551 -1144.1718915 0.0000000 42.4301022 -1134.0719780 0.0000000 48.8362144 -1144.2190789 0.0000000 38.2309572 -1136.7015446 0.0000000 40.3634383 -1149.5248564 0.0000000 44.5998263 -1146.8719677 0.0000000 21.4901772 -1147.0413236 0.0000000 27.4597212 -1157.4523737 0.0000000 31.7596216 -1154.9103798 0.0000000 27.1811181 -1157.6072410 0.0000000 22.7492785 -1159.9188638 0.0000000 12.7678570 -1151.5908371 0.0000000 9.4537595 -1166.8537323 0.0000000 18.3174388 -1162.2304866 0.0000000 -0.5276619 -1158.5257056 0.0000000 -3.8417594 -1173.7886008 0.0000000 5.0219199 -1169.1653551 0.0000000 -27.1186998 -1172.3954425 0.0000000 -31.5505394 -1174.7070653 0.0000000 -21.5691180 -1183.0350920 0.0000000 -30.4327973 -1187.6583377 0.0000000 -26.0009576 -1185.3467149 0.0000000 -40.4142187 -1179.3303110 0.0000000 -43.7283162 -1194.5932061 0.0000000 -34.8646369 -1189.9699605 0.0000000 -53.7097376 -1186.2651794 0.0000000 -57.0238351 -1201.5280746 0.0000000 -48.1601558 -1196.9048290 0.0000000 -67.0052566 -1193.2000479 0.0000000 -70.3193540 -1208.4629431 0.0000000 -61.4556748 -1203.8396974 0.0000000 -84.7326151 -1202.4465392 0.0000000 -83.6148730 -1215.3978115 0.0000000 -79.1830333 -1213.0861887 0.0000000 -89.1644548 -1204.7581620 0.0000000 -88.0467126 -1217.7094343 0.0000000 -106.8918133 -1214.0046533 0.0000000 -110.2059108 -1229.2675485 0.0000000 -101.3422315 -1224.6443028 0.0000000 -120.1873323 -1220.9395218 0.0000000 -119.0695901 -1233.8907941 0.0000000 -114.6377505 -1231.5791713 0.0000000 -146.8195174 -1235.3238278 0.0000000 -145.0885607 -1248.2074838 0.0000000 -140.7713869 -1245.6881955 0.0000000 -164.0882124 -1245.4009809 0.0000000 -162.1715179 -1258.1762495 0.0000000 -158.0400819 -1255.7653486 0.0000000 -209.0886240 -1279.3763084 0.0000000 -212.6655323 -1282.8678022 0.0000000 -200.9038240 -1288.1561200 0.0000000 -216.2424406 -1286.3592961 0.0000000 -204.2833989 -1291.4549927 0.0000000 -219.8193489 -1289.8507900 0.0000000 -207.8603072 -1294.9464865 0.0000000 -261.4245485 -1347.2316456 0.0000000 -257.9370237 -1343.8274009 0.0000000 -266.3191572 -1335.2402105 0.0000000 -273.6151472 -1342.6734214 0.0000000 -276.9366477 -1346.4087175 0.0000000 -264.7055750 -1350.7125199 0.0000000 -280.2581482 -1350.1440135 0.0000000 -267.9692111 -1354.3827428 0.0000000 -283.5796488 -1353.8793096 0.0000000 -286.9011493 -1357.6146057 0.0000000 -274.6122121 -1361.8533350 0.0000000 -281.2552132 -1369.3239271 0.0000000 -277.9337127 -1365.5886311 0.0000000 -290.2226498 -1361.3499018 0.0000000 -293.5441504 -1365.0851979 0.0000000 -296.8656509 -1368.8204940 0.0000000 -284.5767137 -1373.0592232 0.0000000 -300.8025720 -1391.5012390 0.0000000 -297.8072900 -1387.9380767 0.0000000 -306.9392502 -1380.1525607 0.0000000 -310.4620705 -1384.3767207 0.0000000 -313.3431537 -1388.4613458 0.0000000 -316.2242369 -1392.5459709 0.0000000 -321.9864033 -1400.7152211 0.0000000 -306.4181557 -1399.4626732 0.0000000 -324.8674865 -1404.7998462 0.0000000 -315.0614053 -1411.7165485 0.0000000 -330.6296529 -1412.9690964 0.0000000 -320.8235717 -1419.8857987 0.0000000 -343.7640868 -1434.9309468 0.0000000 -335.7334660 -1445.1531742 0.0000000 -333.2923961 -1440.7912961 0.0000000 -373.1402969 -1536.5958503 0.0000000 -371.4195788 -1531.9028840 0.0000000 -382.6861227 -1527.7719048 0.0000000 -379.2362577 -1518.3811088 0.0000000 -380.9628239 -1523.0719138 0.0000000 -367.9788942 -1522.5370566 0.0000000 -380.9654046 -1523.0789386 0.0000000 -369.7001489 -1527.2134310 0.0000000 -375.7386774 -1508.9911171 0.0000000 -377.4834274 -1513.6752018 0.0000000 -366.2382055 -1517.8638752 0.0000000 -386.4103349 -1538.2231385 0.0000000 -387.2410383 -1543.1366940 0.0000000 -374.6704957 -1540.7692074 0.0000000 -376.0492682 -1549.8946214 0.0000000 -375.3924320 -1545.0394133 0.0000000 -387.9409409 -1548.2858582 0.0000000 -388.6683047 -1580.3004447 0.0000000 -387.5433440 -1585.1664635 0.0000000 -376.8550806 -1578.1234779 0.0000000 -385.1898788 -1594.9389582 0.0000000 -386.3603028 -1590.0794407 0.0000000 -387.5307267 -1585.2199232 0.0000000 -375.8579072 -1582.4367525 0.0000000 -377.0677915 -1573.6699335 0.0000000 -377.3062578 -1568.6771451 0.0000000 -389.2925938 -1569.2496383 0.0000000 -377.5320595 -1563.9495169 0.0000000 -389.2811694 -1558.1925730 0.0000000 -389.3303633 -1558.7527982 0.0000000 -377.3517578 -1559.5223776 0.0000000 -388.6110552 -1553.2392156 0.0000000 -379.2281774 -1518.3592866 0.0000000 -361.0039555 -1503.8116208 0.0000000 -361.0010674 -1503.8038507 0.0000000 -372.2506242 -1499.6268316 0.0000000 -359.2627967 -1499.1173767 0.0000000 -359.2520728 -1499.0882332 0.0000000 -370.5191946 -1494.9588015 0.0000000 -365.3825249 -1480.8871128 0.0000000 -367.0965229 -1485.5825376 0.0000000 -354.1100788 -1485.0019589 0.0000000 -348.9680848 -1470.9156847 0.0000000 -347.3545548 -1466.4954879 0.0000000 -360.2405309 -1466.8008386 0.0000000 -358.5265329 -1462.1054139 0.0000000 -356.1425401 -1457.0737312 0.0000000 -358.2992589 -1461.5660563 0.0000000 -345.4059728 -1462.4367003 0.0000000 -355.9694363 -1456.7403372 0.0000000 -361.9545289 -1471.4962634 0.0000000 -326.0233356 -1427.8024195 0.0000000 -336.4408771 -1421.8453126 0.0000000 -338.8819470 -1426.2071906 0.0000000 -323.5885167 -1423.8057702 0.0000000 -333.7317045 -1417.3904494 0.0000000 -336.3290407 -1421.6538639 0.0000000 -333.5107361 -1417.0537215 0.0000000 -287.8982142 -1376.7945193 0.0000000 -243.6293904 -1329.8614254 0.0000000 -240.0524821 -1326.3699315 0.0000000 -252.0115239 -1321.2742349 0.0000000 -236.4755738 -1322.8784376 0.0000000 -232.8986655 -1319.3869437 0.0000000 -244.8577072 -1314.2912472 0.0000000 -255.5884322 -1324.7657288 0.0000000 -259.1653405 -1328.2572227 0.0000000 -247.2062988 -1333.3529192 0.0000000 -250.7832071 -1336.8444131 0.0000000 -229.3217571 -1315.8954498 0.0000000 -237.7038906 -1307.3082594 0.0000000 -222.1679405 -1308.9124621 0.0000000 -218.5910322 -1305.4209682 0.0000000 -230.5500739 -1300.3252717 0.0000000 -215.0141238 -1301.9294743 0.0000000 -211.4372155 -1298.4379804 0.0000000 -223.3962573 -1293.3422839 0.0000000 -200.7706761 -1272.7185883 0.0000000 -204.7108051 -1275.7943299 0.0000000 -197.2826802 -1285.2190894 0.0000000 -193.3866516 -1282.1777734 0.0000000 -189.4465226 -1279.1020318 0.0000000 -196.8305471 -1269.6428467 0.0000000 -185.0101601 -1260.4156220 0.0000000 -192.8904181 -1266.5671052 0.0000000 -177.6261357 -1269.8748071 0.0000000 -169.7458777 -1263.7233239 0.0000000 -165.9545966 -1260.7637759 0.0000000 -177.1299022 -1254.2641388 0.0000000 -172.8850656 -1250.9655997 0.0000000 -173.1897732 -1251.1883973 0.0000000 -168.4053862 -1247.9202692 0.0000000 -168.7686255 -1248.1500630 0.0000000 -149.4057344 -1250.7267720 0.0000000 -151.1366911 -1237.8431161 0.0000000 -155.4538649 -1240.3624043 0.0000000 -136.4769512 -1243.1821760 0.0000000 -142.5023436 -1232.8045395 0.0000000 -132.2621911 -1240.7719811 0.0000000 -138.1183735 -1230.2973164 0.0000000 -142.4567519 -1232.7782019 0.0000000 -137.9146908 -1230.1860130 0.0000000 -127.9332694 -1238.5140397 0.0000000 -129.0510115 -1225.5627674 0.0000000 -133.4828512 -1227.8743902 0.0000000 -115.7554926 -1218.6278989 0.0000000 -96.9103919 -1222.3326800 0.0000000 -93.5962944 -1207.0697848 0.0000000 -102.4599737 -1211.6930305 0.0000000 -74.7511937 -1210.7745659 0.0000000 -75.8689358 -1197.8232935 0.0000000 -80.3007755 -1200.1349164 0.0000000 -62.5734169 -1190.8884251 0.0000000 -49.2778980 -1183.9535566 0.0000000 -35.9823791 -1177.0186882 0.0000000 -17.1372783 -1180.7234692 0.0000000 -12.7054387 -1178.4118464 0.0000000 -22.6868601 -1170.0838197 0.0000000 -13.8231808 -1165.4605741 0.0000000 -18.2550205 -1167.7721969 0.0000000 -9.3913412 -1163.1489512 0.0000000 3.9041777 -1156.2140828 0.0000000 69.3009254 -1128.8534003 0.0000000 61.9197227 -1119.3920131 0.0000000 54.0376302 -1125.5411455 0.0000000 112.2235284 -1085.3865090 0.0000000 112.3052026 -1085.2866050 0.0000000 102.9738949 -1077.7413509 0.0000000 115.5563241 -1081.2153028 0.0000000 118.5373213 -1077.2030144 0.0000000 105.9876014 -1073.9729997 0.0000000 121.5183185 -1073.1907260 0.0000000 114.8668954 -1062.0218687 0.0000000 111.8858982 -1066.0341571 0.0000000 117.8478926 -1058.0095803 0.0000000 138.1306084 -1047.2918200 0.0000000 127.5798362 -1041.5750722 0.0000000 147.6556249 -1029.7125451 0.0000000 137.1048527 -1023.9957974 0.0000000 132.3423444 -1032.7854348 0.0000000 160.3626281 -974.6809691 0.0000000 176.7307456 -938.2086982 0.0000000 174.6841642 -942.7689950 0.0000000 187.6787861 -943.1219874 0.0000000 186.9636530 -915.4072142 0.0000000 182.8704901 -924.5278078 0.0000000 193.8185305 -929.4410970 0.0000000 189.0102345 -910.8469174 0.0000000 197.9116935 -920.3205034 0.0000000 199.9582750 -915.7602066 0.0000000 204.0514379 -906.6396130 0.0000000 195.1499789 -897.1660270 0.0000000 193.1033975 -901.7263238 0.0000000 212.2166097 -887.9183381 0.0000000 213.9259081 -883.2212004 0.0000000 200.9736978 -883.7223145 0.0000000 215.6352064 -878.5240628 0.0000000 204.3586481 -874.4204993 0.0000000 220.0003998 -863.2928199 0.0000000 220.9959529 -858.3944859 0.0000000 209.2363763 -856.0044318 0.0000000 211.2885399 -837.2185752 0.0000000 221.1372645 -806.5869262 0.0000000 209.3214019 -808.6810590 0.0000000 208.4590227 -803.8152005 0.0000000 181.0980399 -697.7746483 0.0000000 179.3045593 -693.1090047 0.0000000 169.8970903 -702.0803106 0.0000000 164.5166485 -688.0833798 0.0000000 168.1036097 -697.4146670 0.0000000 162.7231679 -683.4177362 0.0000000 173.9241175 -679.1120739 0.0000000 159.1362067 -674.0864491 0.0000000 170.3419833 -669.7933440 0.0000000 157.3540921 -669.3877358 0.0000000 159.1266091 -674.0613132 0.0000000 168.5805114 -665.1488890 0.0000000 157.3416410 -669.3546117 0.0000000 166.8417428 -660.4814574 0.0000000 155.5966956 -664.6705997 0.0000000 163.3518521 -651.1134334 0.0000000 159.8619614 -641.7454094 0.0000000 152.1068049 -655.3025757 0.0000000 152.8821801 -623.0093614 0.0000000 151.1372347 -618.3253494 0.0000000 141.6371328 -627.1985037 0.0000000 158.1170161 -637.0613974 0.0000000 154.6271254 -627.6933734 0.0000000 143.3820782 -631.8825157 0.0000000 138.1472421 -617.8304797 0.0000000 139.8921875 -622.5144917 0.0000000 148.6169142 -645.9345517 0.0000000 114.5039645 -535.4109505 0.0000000 137.5330432 -581.2163736 0.0000000 135.1076403 -571.7118157 0.0000000 123.4802488 -574.6789300 0.0000000 138.9688810 -585.6614526 0.0000000 127.5905710 -589.4761117 0.0000000 126.0562654 -584.7261954 0.0000000 125.9520923 -584.3654774 0.0000000 131.3998750 -557.1819947 0.0000000 119.7724835 -560.1491089 0.0000000 121.0084052 -564.9923826 0.0000000 130.1995083 -552.4780527 0.0000000 117.4697539 -550.1290710 0.0000000 118.4721669 -555.0256285 0.0000000 129.2277920 -547.7314418 0.0000000 117.4660677 -550.1109222 0.0000000 133.8717185 -566.8685421 0.0000000 132.6357967 -562.0252684 0.0000000 123.3187110 -518.4065611 0.0000000 111.5418612 -520.7109788 0.0000000 112.5292290 -525.6109694 0.0000000 122.4769793 -513.6845724 0.0000000 110.6399953 -515.6602513 0.0000000 111.5167522 -520.5787262 0.0000000 110.5993314 -515.3989167 0.0000000 116.9480090 -469.3664513 0.0000000 105.0091257 -470.5760233 0.0000000 106.0167959 -480.5220683 0.0000000 106.0301802 -480.6421142 0.0000000 115.4410807 -454.4925602 0.0000000 103.4891507 -455.5665390 0.0000000 103.4976204 -455.6569558 0.0000000 103.0523546 -450.4786622 0.0000000 103.0606988 -450.5871439 0.0000000 102.0379446 -435.5175728 0.0000000 101.3616712 -425.5435132 0.0000000 112.6579089 -414.7576787 0.0000000 100.6853979 -415.5694536 0.0000000 96.9658943 -360.7121257 0.0000000 108.9384054 -359.9003509 0.0000000 108.6002687 -354.9133211 0.0000000 108.2621321 -349.9262913 0.0000000 96.6277577 -355.7250959 0.0000000 107.9239954 -344.9392615 0.0000000 95.9514843 -345.7510363 0.0000000 95.2752109 -335.7769767 0.0000000 95.6133476 -340.7640065 0.0000000 107.5858587 -339.9522317 0.0000000 94.5989376 -325.8029171 0.0000000 94.9370742 -330.7899469 0.0000000 106.5714486 -324.9911423 0.0000000 106.2452572 -320.1802874 0.0000000 106.2080771 -315.9824632 0.0000000 94.2472917 -320.4631398 0.0000000 94.3096338 -314.3148694 0.0000000 94.2032795 -315.4939372 0.0000000 106.9115583 -312.3002525 0.0000000 108.1993647 -309.3061475 0.0000000 95.6292451 -308.1604183 0.0000000 97.5392239 -303.7197841 0.0000000 109.9416044 -307.2809406 0.0000000 101.7623331 -298.3882660 0.0000000 98.5025236 -302.1775199 0.0000000 103.9763308 -296.7740071 0.0000000 115.8829194 -305.3493198 0.0000000 121.4272527 -294.0408137 0.0000000 116.4829444 -293.3069077 0.0000000 114.1799132 -293.4128425 0.0000000 119.6653427 -305.9107620 0.0000000 132.2829316 -217.7961897 0.0000000 129.6773828 -213.5305224 0.0000000 122.0422169 -224.0514085 0.0000000 127.0718339 -209.2648550 0.0000000 119.4366681 -219.7857412 0.0000000 116.8311192 -215.5200739 0.0000000 81.3580350 -154.9943658 0.0000000 103.8033749 -194.1917372 0.0000000 106.4089237 -198.4574045 0.0000000 114.0592000 -187.9612564 0.0000000 111.5424635 -183.7500500 0.0000000 103.7733937 -194.1421163 0.0000000 101.2094434 -189.8519079 0.0000000 101.1459014 -189.7430019 0.0000000 96.1989348 -181.0558429 0.0000000 121.8607362 -200.7335204 0.0000000 119.2551873 -196.4678530 0.0000000 109.0144726 -202.7230719 0.0000000 111.6200215 -206.9887392 0.0000000 114.2255703 -211.2544065 0.0000000 81.8918627 -131.6818826 0.0000000 71.4641018 -137.6200477 0.0000000 76.4110684 -146.3072067 0.0000000 66.5171353 -128.9328886 0.0000000 68.9906186 -133.2764682 0.0000000 71.9979295 -114.3075645 0.0000000 59.0966854 -115.9021501 0.0000000 61.5701687 -120.2457296 0.0000000 51.6762355 -102.8714115 0.0000000 49.2027522 -98.5278320 0.0000000 44.2557856 -89.8406730 0.0000000 34.3618524 -72.4663549 0.0000000 31.8883691 -68.1227753 0.0000000 26.9414025 -59.4356163 0.0000000 19.5209526 -46.4048777 0.0000000 25.0017468 -31.7795536 0.0000000 12.1005027 -33.3741392 0.0000000 14.5739860 -37.7177187 0.0000000 17.5812969 -18.7488151 0.0000000 4.6800528 -20.3434006 0.0000000 7.1535361 -24.6869801 0.0000000 12.6343303 -10.0616560 0.0000000 -0.2669138 -11.6562416 0.0000000 2.2065695 -15.9998211 0.0000000 -54.3669672 107.1049916 0.0000000 -64.2961035 124.4592157 0.0000000 -81.6720919 154.8291080 0.0000000 -99.0480804 185.1990003 0.0000000 -107.5520880 206.9019166 0.0000000 -66.7663040 211.7212272 0.0000000 13.3741511 159.4839803 0.0000000 65.2673347 130.8330156 0.0000000 67.2991459 143.6726630 0.0000000 141.0482780 90.7886895 0.0000000 121.0626054 106.3628288 0.0000000 156.3422960 62.3361693 0.0000000 203.7395741 12.4461118 0.0000000 216.1464942 16.3259490 0.0000000 271.1822203 -67.9888772 0.0000000 302.8584679 -87.0904654 0.0000000 309.2815771 -94.7509405 0.0000000 373.5126687 -171.3556919 0.0000000 439.8462277 -220.6487235 0.0000000 435.6487486 -217.9346911 0.0000000 448.2411859 -226.0767883 0.0000000 454.9696883 -249.2102108 0.0000000 463.5217513 -240.7910876 0.0000000 495.1731426 -305.9008663 0.0000000 520.5761613 -422.9072124 0.0000000 525.8741141 -431.3848835 0.0000000 547.0659251 -465.2955679 0.0000000 618.1872373 -556.4110274 0.0000000 618.6288262 -579.7254402 0.0000000 636.7580398 -586.0653800 0.0000000 631.8936850 -600.9071206 0.0000000 655.3288422 -615.7197326 0.0000000 691.4337553 -705.0455066 0.0000000 680.7670702 -671.1479566 0.0000000 687.2311958 -690.6510036 0.0000000 685.4752933 -727.5821639 0.0000000 698.3878598 -729.0823066 0.0000000 697.0111873 -724.2771453 0.0000000 760.3381210 -945.3145673 0.0000000 772.3989420 -1030.2682808 0.0000000 812.6929058 -1169.5112897 0.0000000 828.3883104 -1180.5800520 0.0000000 819.6401410 -1193.5187050 0.0000000 847.8405688 -1247.8008149 0.0000000 837.7029524 -1255.9379849 0.0000000 857.5666980 -1281.4111964 0.0000000 868.6714265 -1319.8476224 0.0000000 865.1816569 -1351.9957225 0.0000000 886.1422498 -1382.4737289 0.0000000 893.7080899 -1417.6211421 0.0000000 893.2587577 -1412.6428991 0.0000000 891.8120540 -1434.5893957 0.0000000 884.1783327 -1449.3669904 0.0000000 874.2932940 -1442.5608538 0.0000000 872.5358212 -1461.0890536 0.0000000 850.8520200 -1586.0745662 0.0000000 853.2794662 -1642.7462936 0.0000000 821.8432566 -1663.4105479 0.0000000 829.3877084 -1672.7423106 0.0000000 829.4240784 -1672.7127889 0.0000000 670.3034635 -1768.5968849 0.0000000 641.5223663 -1788.4942158 0.0000000 608.6296838 -1811.2340225 0.0000000 571.7581702 -1847.4031498 0.0000000 559.7221531 -1848.6438135 0.0000000 528.0295173 -1838.9393956 0.0000000 523.7047981 -1835.7894886 0.0000000 519.5259067 -1809.1633705 0.0000000 507.9817345 -1812.4410711 0.0000000 506.6590178 -1807.6207783 0.0000000 508.1211229 -1774.6075271 0.0000000 517.9923354 -1756.1866557 0.0000000 530.9338583 -1745.0631813 0.0000000 527.0545232 -1748.2152540 0.0000000 595.2738249 -1705.1011711 0.0000000 601.5814999 -1715.3096595 0.0000000 634.9597555 -1542.7881686 0.0000000 612.3232338 -1513.5333704 0.0000000 603.5579672 -1428.0349219 0.0000000 571.6315862 -1256.1948790 0.0000000 574.8652860 -1341.9198470 0.0000000 510.8495964 -1126.5325209 0.0000000 434.6772394 -1122.4144747 0.0000000 313.7406747 -1156.4091982 0.0000000 282.1342109 -1198.2927173 0.0000000 247.2927317 -1248.1787852 0.0000000 200.8939332 -1364.1975903 0.0000000 199.0312110 -1368.8360241 0.0000000 193.4430445 -1382.7513257 0.0000000 191.5396156 -1419.6922555 0.0000000 176.6785448 -1424.4972305 0.0000000 171.0903782 -1438.4125321 0.0000000 174.7751159 -1461.4381603 0.0000000 169.1869493 -1475.3534619 0.0000000 144.3146146 -1520.8356623 0.0000000 123.3298456 -1537.0007726 0.0000000 118.9830167 -1539.4685411 0.0000000 113.3138693 -1528.8880425 0.0000000 82.0517994 -1535.3570299 0.0000000 61.2510642 -1544.0984511 0.0000000 50.7740236 -1539.8852767 0.0000000 32.6996064 -1529.6017949 0.0000000 30.8379104 -1514.0945934 0.0000000 -57.7962056 -1525.5854202 0.0000000 -140.5679295 -1647.3032860 0.0000000 -156.0596484 -1649.2897034 0.0000000 -194.3375982 -1705.5580321 0.0000000 -211.2072644 -1726.6555381 0.0000000 -231.4837470 -1715.5282872 0.0000000 -262.1688380 -1712.8717389 0.0000000 -303.5676515 -1667.8389750 0.0000000 -310.6370359 -1677.5355623 0.0000000 -330.8201098 -1662.7684121 0.0000000 -350.9755544 -1647.9907898 0.0000000 -339.8490498 -1641.2687590 0.0000000 -355.0066433 -1645.0352653 0.0000000 -318.7268431 -1671.6349855 0.0000000 -306.5980194 -1680.4802436 0.0000000 -124.4581879 -1622.0064656 0.0000000 -102.3605099 -1564.9669687 0.0000000 -94.3056391 -1552.3185585 0.0000000 -82.5886972 -1535.6854739 0.0000000 -82.5646517 -1535.6525015 0.0000000 -73.1969307 -1523.6236558 0.0000000 -50.5437709 -1506.8575407 0.0000000 -51.5776627 -1507.3008387 0.0000000 -15.2804963 -1499.5077854 0.0000000 16.4001686 -1519.5637371 0.0000000 21.3030660 -1508.6088285 0.0000000 143.5355919 -1501.8262191 0.0000000 226.8806618 -1299.2327619 0.0000000 249.1569548 -1275.8400350 0.0000000 243.5814462 -1257.4613264 0.0000000 262.1464538 -1243.3511408 0.0000000 269.5690246 -1224.7860584 0.0000000 262.2790830 -1210.7236178 0.0000000 276.2776575 -1183.6788812 0.0000000 287.5585586 -1166.5696565 0.0000000 321.9077953 -1134.5832349 0.0000000 384.6160371 -1110.3510354 0.0000000 400.6659779 -1120.6309716 0.0000000 399.5185814 -1108.6844824 0.0000000 485.7073943 -1115.6283166 0.0000000 486.8631472 -1115.9351506 0.0000000 527.9072670 -1138.9064277 0.0000000 527.8478263 -1138.8493733 0.0000000 535.7326866 -1165.1199730 0.0000000 545.4009301 -1158.0118743 0.0000000 548.5899781 -1162.3724991 0.0000000 566.7658868 -1226.6013347 0.0000000 596.9832413 -1393.6688294 0.0000000 642.9318110 -1603.4368117 0.0000000 665.5233544 -1650.8461822 0.0000000 663.3648233 -1661.7569142 0.0000000 656.5129906 -1675.8097065 0.0000000 645.0424715 -1687.8884881 0.0000000 682.6382194 -1760.0694574 0.0000000 715.5309019 -1737.3296507 0.0000000 722.3549184 -1747.2004561 0.0000000 767.5823568 -1715.9332218 0.0000000 792.2518687 -1698.8783668 0.0000000 789.5394375 -1686.1650855 0.0000000 842.1357714 -1547.0482368 0.0000000 837.7776472 -1527.5350721 0.0000000 835.4355453 -1513.7578371 0.0000000 824.9766571 -1525.2724507 0.0000000 832.7005153 -1477.8024656 0.0000000 858.8712243 -1469.8238963 0.0000000 857.5900061 -1456.8877731 0.0000000 870.5541906 -1371.2542978 0.0000000 858.4659897 -1327.9225033 0.0000000 865.9033802 -1310.2200948 0.0000000 846.0396345 -1284.7468833 0.0000000 801.5773296 -1131.0994251 0.0000000 725.3987949 -866.9318430 0.0000000 728.1521399 -876.5421657 0.0000000 776.5672831 -1044.6727300 0.0000000 766.8411539 -1011.0623485 0.0000000 762.6728128 -996.6578993 0.0000000 764.0622598 -1001.4593824 0.0000000 719.8921050 -847.7111976 0.0000000 713.0087427 -823.6853909 0.0000000 711.6320702 -818.8802295 0.0000000 660.5154166 -625.1073192 0.0000000 596.9768696 -522.5186247 0.0000000 586.8005708 -528.8781012 0.0000000 565.6087598 -494.9674168 0.0000000 612.8812938 -547.9383552 0.0000000 509.9802558 -405.9518702 0.0000000 507.0450699 -374.0518906 0.0000000 493.9425340 -373.1989722 0.0000000 502.1918110 -355.7945103 0.0000000 490.4034979 -358.0401316 0.0000000 505.3696933 -369.5313405 0.0000000 481.0333264 -299.2672543 0.0000000 456.4261756 -233.7489277 0.0000000 386.6755014 -200.9807765 0.0000000 383.0922886 -181.9690223 0.0000000 374.8268325 -190.6685770 0.0000000 284.0284387 -83.3098275 0.0000000 270.7429221 -48.7880897 0.0000000 264.7591112 -60.3284020 0.0000000 235.8551199 -25.8562639 0.0000000 223.0089016 -10.5353136 0.0000000 190.7186261 27.2600284 0.0000000 173.8277825 45.6806546 0.0000000 148.6767072 68.7531748 0.0000000 -3.9634783 181.1179045 0.0000000 -35.5066175 196.2600874 0.0000000 -40.0127802 198.4232564 0.0000000 -45.2059645 187.6051772 0.0000000 -49.7121272 189.7683462 0.0000000 -8.4696411 183.2810735 0.0000000 -12.9758038 185.4442425 0.0000000 -18.1689881 174.6261633 0.0000000 -39.4732628 81.0736554 0.0000000 -7.2035699 24.6724269 0.0000000 22.5282635 -27.4359741 0.0000000 32.4221967 -44.8102922 0.0000000 88.7784849 -168.0251043 0.0000000 99.2062458 -162.0869392 0.0000000 96.7327625 -157.7433597 0.0000000 129.8588635 -236.8484105 0.0000000 142.8866078 -258.1767472 0.0000000 150.7032544 -270.9737492 0.0000000 165.8956977 -274.6152380 0.0000000 168.2040926 -287.4109880 0.0000000 153.7320757 -291.1552339 0.0000000 151.5425189 -305.9809340 0.0000000 130.4426597 -307.3386674 0.0000000 100.0091245 -405.5953939 0.0000000 114.3485924 -439.6928278 0.0000000 109.2803751 -505.4893473 0.0000000 120.5159963 -498.9513339 0.0000000 116.4787000 -545.2109317 0.0000000 134.6573515 -608.4624557 0.0000000 175.2775320 -716.0772413 0.0000000 202.6841084 -753.7129616 0.0000000 200.5560449 -781.3551651 0.0000000 222.8818446 -816.4304850 0.0000000 222.9866510 -847.5671697 0.0000000 181.5390417 -956.8028778 0.0000000 158.3049636 -979.2210217 0.0000000 156.2384557 -983.7692319 0.0000000 154.7097178 -1016.1405811 0.0000000 124.4993158 -1069.1784375 0.0000000 99.4029754 -1100.7289424 0.0000000 96.0687662 -1104.5841026 0.0000000 69.3279345 -1113.3341097 0.0000000 77.4553048 -1122.1639079 0.0000000 57.4777866 -1138.0770988 0.0000000 25.5868035 -1144.6195003 0.0000000 31.8906621 -1154.8306339 0.0000000 17.1996966 -1149.2792143 0.0000000 -159.7710386 -1242.8816926 0.0000000 -153.7229082 -1253.2460603 0.0000000 -273.4975542 -1342.5449815 0.0000000 -271.2907116 -1358.1180389 0.0000000 -294.5412153 -1384.2651115 0.0000000 -303.5086520 -1376.2910862 0.0000000 -303.5370725 -1395.3780481 0.0000000 -346.2051567 -1439.2928249 0.0000000 -338.1745359 -1449.5150522 0.0000000 -384.4068408 -1532.4648710 0.0000000 -364.4934555 -1513.1797904 0.0000000 -362.7487055 -1508.4957056 0.0000000 -386.1275589 -1537.1578373 0.0000000 -388.8156612 -1579.2352152 0.0000000 -374.6939143 -1587.2695691 0.0000000 -389.0541275 -1574.2424267 0.0000000 -389.5310602 -1564.2568498 0.0000000 -389.5329224 -1563.7264468 0.0000000 -373.9939274 -1504.3070323 0.0000000 -368.8105209 -1490.2779623 0.0000000 -357.5380748 -1494.3928084 0.0000000 -343.0566757 -1458.2388084 0.0000000 -351.0872965 -1448.0165810 0.0000000 -353.5283664 -1452.3784591 0.0000000 -350.6820828 -1475.6111094 0.0000000 -330.8513262 -1436.4294180 0.0000000 -341.3230169 -1430.5690687 0.0000000 -248.4346155 -1317.7827411 0.0000000 -262.7422488 -1331.7487166 0.0000000 -241.2807989 -1310.7997533 0.0000000 -226.9731656 -1296.8337778 0.0000000 -185.5063936 -1276.0262902 0.0000000 -181.0700312 -1257.3398804 0.0000000 -8.2735990 -1176.1002236 0.0000000 33.9945692 -1139.3544333 0.0000000 108.9049010 -1070.0464455 0.0000000 175.3992972 -970.4837682 0.0000000 172.6375827 -947.3292918 0.0000000 183.5856231 -952.2425810 0.0000000 185.6322046 -947.6822842 0.0000000 220.2649744 -801.6651468 0.0000000 165.0967975 -655.7974454 0.0000000 153.8517503 -659.9865877 0.0000000 175.7175981 -683.7777175 0.0000000 146.8719689 -641.2505397 0.0000000 136.4022968 -613.1464677 0.0000000 147.6473440 -608.9573254 0.0000000 122.2443270 -569.8356563 0.0000000 118.5365617 -555.3058352 0.0000000 106.6339550 -485.6034260 0.0000000 102.3760813 -440.5046026 0.0000000 96.2896210 -350.7380661 0.0000000 94.2608009 -320.8158873 0.0000000 95.2476218 -309.4051870 0.0000000 109.3317999 -294.5956080 0.0000000 91.2519682 -172.3686838 0.0000000 124.4662850 -204.9991877 0.0000000 21.9944359 -50.7484573 0.0000000 20.0547802 -23.0923946 0.0000000 9.6270194 -29.0305597 0.0000000 -64.7826680 101.1456982 0.0000000 -72.2295202 114.1613664 0.0000000 -108.4165894 221.6928515 0.0000000 100.9820454 121.2420484 0.0000000 171.7106329 65.1206674 0.0000000 194.0967948 23.5759032 0.0000000 202.9413841 31.6859735 0.0000000 273.9544767 -52.6183272 0.0000000 335.4133120 -144.5936286 0.0000000 347.8202321 -140.7137913 0.0000000 483.5640004 -308.9385986 0.0000000 681.3155043 -713.2067442 0.0000000 692.8346084 -709.8436743 0.0000000 833.9460985 -1199.7859842 0.0000000 829.3662702 -1227.1290865 0.0000000 836.3135053 -1251.1365018 0.0000000 874.5835909 -1385.6982293 0.0000000 878.6129912 -1400.1421608 0.0000000 855.4901537 -1632.9968284 0.0000000 592.1833425 -1822.6039259 0.0000000 599.0073590 -1832.4747313 0.0000000 590.7841884 -1838.1596830 0.0000000 523.9834678 -1836.0043851 0.0000000 531.1721221 -1826.3942740 0.0000000 525.7744866 -1766.5992887 0.0000000 515.4469435 -1760.4884905 0.0000000 562.2234186 -1272.9385228 0.0000000 558.1686691 -1248.2772359 0.0000000 565.9549369 -1221.6690773 0.0000000 554.9248695 -1228.5482063 0.0000000 212.0295596 -1368.6694829 0.0000000 163.5987827 -1489.2687635 0.0000000 137.4379089 -1528.0917032 0.0000000 140.8762618 -1524.4636828 0.0000000 82.3441517 -1547.3538588 0.0000000 -232.6711675 -1727.4773520 0.0000000 -356.1588616 -1625.1218441 0.0000000 -365.7388962 -1632.3489692 0.0000000 -370.4956704 -1600.7197459 0.0000000 -129.2100792 -1607.1283360 0.0000000 -126.5251222 -1602.9121993 0.0000000 -105.6634894 -1592.4935085 0.0000000 -91.5555253 -1548.0826762 0.0000000 -37.3527892 -1515.2203879 0.0000000 16.7040042 -1506.6509131 0.0000000 251.0125975 -1271.1987644 0.0000000 297.4275428 -1173.3963066 0.0000000 385.9496849 -1122.2766961 0.0000000 390.9171997 -1121.7211784 0.0000000 389.5835519 -1109.7955177 0.0000000 538.6540343 -1149.3644493 0.0000000 538.5737574 -1168.9843206 0.0000000 548.3617376 -1162.0390845 0.0000000 555.7786793 -1176.4344276 0.0000000 646.2365997 -1575.9104891 0.0000000 665.6252042 -1649.8659450 0.0000000 635.5994502 -1694.2904676 0.0000000 836.6881161 -1522.6567810 0.0000000 733.6588297 -895.7628111 0.0000000 774.1998763 -993.3222124 0.0000000 686.8519657 -732.3873252 0.0000000 499.0089156 -331.3796010 0.0000000 487.0961205 -332.8236629 0.0000000 494.0559301 -373.5351205 0.0000000 393.5844239 -191.1666178 0.0000000 251.9128928 -45.0074518 0.0000000 164.0450442 71.5376729 0.0000000 160.2122498 74.7461757 0.0000000 -40.6998018 185.4420082 0.0000000 -13.6628254 172.4629943 0.0000000 15.1078136 -14.4052355 0.0000000 -12.6547026 10.0360214 0.0000000 156.2913922 -285.7723237 0.0000000 148.8265202 -294.2895752 0.0000000 108.4193864 -294.8974276 0.0000000 112.6442838 -306.1394305 0.0000000 110.2909522 -379.8484701 0.0000000 191.8589234 -725.7685098 0.0000000 223.1349540 -842.5708902 0.0000000 208.2408232 -860.9027659 0.0000000 169.2313041 -984.1823816 0.0000000 125.1985820 -1045.9698909 0.0000000 81.0933961 -1118.7362126 0.0000000 36.1270502 -1152.1777452 0.0000000 -310.1518459 -1383.9742376 0.0000000 -340.6156058 -1453.8769303 0.0000000 -348.6462266 -1443.6547030 0.0000000 -363.6685269 -1476.1916881 0.0000000 -270.0711241 -1338.9098470 0.0000000 -254.3601154 -1340.3359070 0.0000000 -173.6860067 -1266.7990655 0.0000000 -123.5014297 -1236.2024169 0.0000000 -124.6191719 -1223.2511446 0.0000000 191.7719490 -934.0013938 0.0000000 149.3922894 -613.6413374 0.0000000 107.3019408 -490.6249933 0.0000000 118.5420031 -484.1203472 0.0000000 106.6424627 -485.6702086 0.0000000 104.5052906 -465.6030008 0.0000000 116.6496384 -192.2021857 0.0000000 86.3050016 -163.6815248 0.0000000 79.4183794 -127.3383031 0.0000000 61.0102640 133.4525865 0.0000000 408.1583074 -214.4496977 0.0000000 861.7350391 -1295.8156456 0.0000000 843.7279528 -1630.6046526 0.0000000 583.9625981 -1828.2872003 0.0000000 516.8789812 -1795.8667213 0.0000000 612.0014463 -1466.7098874 0.0000000 132.1663650 -1516.2091266 0.0000000 -326.7890209 -1665.7239366 0.0000000 -343.8801387 -1638.3132345 0.0000000 -368.6867799 -1605.2371140 0.0000000 -0.7733513 -1513.5096080 0.0000000 238.0230985 -1303.6876586 0.0000000 294.5839699 -1177.5071333 0.0000000 284.7149857 -1170.6804832 0.0000000 572.4425361 -1261.1271364 0.0000000 590.4085155 -1359.3027370 0.0000000 649.4585552 -1585.3740092 0.0000000 714.1317477 -1752.8854077 0.0000000 868.6815152 -1319.8833590 0.0000000 791.8512004 -1097.4890437 0.0000000 782.5365585 -1022.1311108 0.0000000 507.2270735 -401.3404847 0.0000000 387.0490913 -201.2334122 0.0000000 293.6631024 -94.8005402 0.0000000 196.9334962 -772.0376358 0.0000000 61.4188329 -1135.0025327 0.0000000 116.4441739 -464.3934288 0.0000000 106.9095853 -329.9781721 0.0000000 117.0464934 109.3386727 0.0000000 498.4074060 -326.4174453 0.0000000 665.9162445 -666.3114095 0.0000000 831.1672045 -1190.1830181 0.0000000 866.5247903 -1356.8103663 0.0000000 648.3463828 -1798.3650212 0.0000000 -319.6936052 -1656.0463813 0.0000000 -379.7776279 -1609.8208485 0.0000000 264.5252424 -1205.9600148 0.0000000 827.4251084 -1487.9677794 0.0000000 530.7524602 -416.5477359 0.0000000 507.3544656 -401.5642234 0.0000000 391.2920040 -203.8758532 0.0000000 206.9511287 8.6158742 0.0000000 209.9292057 -772.3480202 0.0000000 211.1402369 -842.2148547 0.0000000 -376.7193824 -1554.8479788 0.0000000 -355.8240768 -1489.6973837 0.0000000 124.2927824 -523.2405662 0.0000000 108.6208970 -500.5345626 0.0000000 107.2477220 -334.9652019 0.0000000 628.7991245 -573.3563717 0.0000000 833.6929056 -1564.2987800 0.0000000 652.4579681 -1795.5225454 0.0000000 202.7559270 -1359.5609703 0.0000000 -132.5130587 -1634.6548758 0.0000000 -379.6738155 -1610.0643885 0.0000000 127.2533147 -232.5827432 0.0000000 198.7447705 -776.6964004 0.0000000 171.2970284 -979.6245520 0.0000000 29.7581811 -1142.0073221 0.0000000 -387.2708267 -1543.3325008 0.0000000 -352.3960808 -1480.3065342 0.0000000 -204.7983562 -1275.8639975 0.0000000 145.9023987 -604.2733134 0.0000000 848.1975770 -1477.6070451 0.0000000 845.4043646 -1561.6831103 0.0000000 636.5707332 -1547.5199287 0.0000000 213.8937375 -1364.0274207 0.0000000 -142.6348638 -1628.2090197 0.0000000 -366.8839522 -1609.2204834 0.0000000 55.8135049 -1528.9947474 0.0000000 832.6033746 -1559.4204889 0.0000000 841.8712935 -1270.3424341 0.0000000 -139.9499069 -1623.9928830 0.0000000 -377.6200250 -1614.6022632 0.0000000 -377.1612977 -1615.4336133 0.0000000 722.6454500 -857.3215203 0.0000000 503.1453348 -360.6150869 0.0000000 338.6248666 -148.4238661 0.0000000 -328.4102563 -1432.0675399 0.0000000 -283.3725690 -1682.5623819 0.0000000 -312.1803221 -1407.6319234 0.0000000 -282.3639204 -1698.1483320 0.0000000 -306.8301525 -1380.0263823 0.0000000 -239.1470318 -1712.9362983 0.0000000 -269.8960655 -1338.7317043 0.0000000 -226.9302661 -1715.8142970 0.0000000 -213.7715778 -1714.9327272 0.0000000 -208.6771206 -1279.0099786 0.0000000 -201.4108072 -1710.3581482 0.0000000 -129.8281018 -1630.4387391 0.0000000 -127.1431448 -1626.2226024 0.0000000 -137.2649499 -1619.7767462 0.0000000 -134.5799930 -1615.5606095 0.0000000 -66.9624547 -1535.0305008 0.0000000 50.0965840 -1128.6157117 0.0000000 72.8644260 -1110.0021385 0.0000000 -55.9206812 -1509.6674530 0.0000000 -18.9407578 -1511.9812488 0.0000000 115.4259178 -1081.3844498 0.0000000 12.0035782 -1517.6920179 0.0000000 171.3061343 -979.6043618 0.0000000 86.9508820 -1535.1980849 0.0000000 100.2333414 -1533.2147788 0.0000000 202.6493498 -879.1176370 0.0000000 117.4054003 -1526.5652109 0.0000000 135.6047179 -1512.5811061 0.0000000 208.1179313 -767.6892555 0.0000000 215.7553859 -1359.3829059 0.0000000 230.5919472 -1289.9502207 0.0000000 142.4125080 -594.9052894 0.0000000 127.6775701 -589.7264077 0.0000000 328.5955602 -1144.5468587 0.0000000 349.4807378 -1133.2277232 0.0000000 109.2765421 -364.8873807 0.0000000 353.9694025 -1118.2680742 0.0000000 373.8370034 -1112.3469220 0.0000000 152.0343693 -305.8556559 0.0000000 465.4097139 -1112.4662134 0.0000000 465.8636178 -1112.5143233 0.0000000 168.3157722 -285.8815796 0.0000000 470.9027307 -1113.2439595 0.0000000 523.3882847 -1134.7571499 0.0000000 524.2224727 -1135.4170819 0.0000000 -107.7495476 201.3557691 0.0000000 -119.1306543 197.4720480 0.0000000 -119.5361698 198.9707285 0.0000000 -109.6209780 221.1134426 0.0000000 -103.8164081 210.5892256 0.0000000 -9.1566626 170.2998253 0.0000000 -0.1443371 165.9734873 0.0000000 625.2110558 -1551.3874510 0.0000000 109.9022962 99.6970729 0.0000000 631.6549668 -1570.3144912 0.0000000 152.5095016 65.5446720 0.0000000 653.3710926 -1640.2506170 0.0000000 653.7273922 -1644.9441209 0.0000000 665.7150270 -1644.3264095 0.0000000 665.7308785 -1644.9084503 0.0000000 534.6217980 -1757.5284893 0.0000000 414.6613531 -204.3645292 0.0000000 517.8036584 -1783.4379819 0.0000000 505.1879366 -1801.5504067 0.0000000 481.0226847 -266.7054955 0.0000000 481.4250450 -267.4635569 0.0000000 535.0756844 -1829.2259240 0.0000000 546.5860369 -1834.6700753 0.0000000 522.8055310 -403.8312292 0.0000000 559.3684408 -1836.6490276 0.0000000 645.6339516 -1785.6517400 0.0000000 679.9146511 -708.4085765 0.0000000 825.6937067 -1660.2601133 0.0000000 834.7418359 -1650.6431987 0.0000000 855.5851691 -1632.4696714 0.0000000 881.3073414 -1413.7216242 0.0000000 893.6332957 -1423.2377200 0.0000000 876.9539552 -1438.5599014 0.0000000 825.9085453 -1492.7306398 0.0000000 824.3919822 -1497.4935002 0.0000000 837.3428862 -1496.3714981 0.0000000</float_array><technique_common><accessor source="#positions-array" count="2858" stride="3"><param name="X" type="float" /><param name="Y" type="float" /><param name="Z" type="float" /></accessor></technique_common></source><source id="uv"><float_array id="uv-array" count="5716">-34.8736181 54.9114052 -33.6324760 52.7421271 -28.4246256 55.7217738 -29.6657677 57.8910518 -30.9069097 60.0603298 -38.5970442 61.4192392 -37.3559021 59.2499612 -33.3891938 64.3988859 -41.0793282 65.7577953 -39.8381862 63.5885172 -34.6303358 66.5681639 -35.8714778 68.7374419 -37.1126199 70.9067199 -43.5616123 70.0963513 -42.3204703 67.9270733 -38.3537619 73.0759980 -39.5949039 75.2452760 -46.0438964 74.4349073 -44.8027543 72.2656293 -47.2850384 76.6041853 -42.0771880 79.5838320 -43.3183300 81.7531100 -44.5594721 83.9223881 -48.5261804 78.7734634 -51.0084645 83.1120194 -49.7673225 80.9427414 -45.8006141 86.0916661 -47.0417561 88.2609441 -48.2828982 90.4302221 -52.2496065 85.2812974 -54.7318906 89.6198535 -53.4907486 87.4505754 -58.4553167 96.1276875 -53.1537168 98.9434781 -58.6215357 96.4658594 -60.0444068 103.0772340 -60.1032423 101.9620294 -54.0812262 102.2034768 -59.4865199 105.3576865 -53.0630355 104.5705820 -57.7604263 108.3643256 -59.1029048 106.2562572 -56.8235491 109.2946172 -51.0748265 111.8330244 -51.8494619 111.6723244 -50.2433323 105.8775347 -48.6939302 112.0054903 -48.7765252 105.9837864 -47.6790584 111.9052141 -46.8699414 105.4575907 -45.2622930 111.2382033 -45.2698877 111.2403101 -44.7489777 104.8662276 -42.3119449 110.3568196 -42.8554947 110.5671443 -40.5460924 102.7498118 -35.6153502 106.9846651 -37.8475484 108.1087166 -33.8494977 99.3776573 -28.9187556 103.6125106 -31.1509538 104.7365621 7.0305863 86.2326143 2.5244236 88.3957832 4.4339942 80.8235747 21.9909906 71.9654350 24.1195259 70.6556496 27.2639669 75.7656878 11.5367490 84.0694453 9.2836677 85.1510298 8.9401569 78.6604057 13.4463196 76.4972367 16.0429118 81.9062763 15.6994010 75.4156522 17.8742805 74.3716083 18.2959931 80.8246918 20.7031784 79.6635702 20.5490745 79.7431073 25.1354315 77.0754733 23.0068962 78.3852587 19.9215563 73.2388528 22.8870757 78.4552223 42.1637144 66.5971897 35.7781083 70.5265461 38.9834822 61.5091754 40.9647490 60.2121271 44.3239773 65.1843674 42.2346658 66.5521479 44.4668547 65.0847901 42.9028121 58.7760682 48.4829667 62.1089461 46.4749107 63.5968681 60.9723845 45.3869428 64.5532727 50.2012188 64.5474147 50.2055705 62.9053585 43.9473582 66.6913446 48.6028475 66.5575648 48.7085199 68.6077418 46.9985961 68.5891621 39.1893415 74.3569333 42.1858420 72.4405362 43.7900934 88.6029756 20.9982647 93.0252702 25.0532998 91.3361859 26.8953625 81.9378477 28.0149109 83.6110564 26.4422958 85.9842200 32.4459719 89.6471015 28.7374251 87.9580172 30.5794877 87.8014604 30.7379842 80.0875452 29.5638332 83.9389193 34.1645851 90.2920600 19.1562021 96.4034390 21.3691746 94.7143546 23.2112372 93.6702287 15.4720768 99.7816077 17.6850494 98.0925233 19.5271120 98.6970834 9.9899461 103.2387860 13.9112355 103.1597764 14.0009241 104.8530081 12.0035224 100.2683404 8.1330098 106.4674698 10.0780933 104.8616925 11.9932121 106.6871189 0.4776995 112.8905790 2.4176182 111.2848017 4.3327369 109.8986735 -3.3525380 116.1021335 -1.4126194 114.4963562 0.5024994 113.1102281 -7.1827756 119.3136881 -5.2428570 117.7079108 -3.3277382 116.3217827 -11.0130132 122.5252427 -9.0730946 120.9194654 -7.1579758 121.1391145 -16.7583695 127.3425746 -14.8184509 125.7367973 -12.9033321 124.3506691 -20.5886071 130.5541292 -18.6486885 128.9483519 -16.7335697 127.5622237 -24.4188447 133.7656837 -22.4789260 132.1599065 -20.5638073 133.9853329 -32.0793198 140.1887929 -30.1394012 138.5830156 -28.2242824 137.1968875 -35.9095574 143.4003475 -33.9696388 141.7945702 -32.0545200 140.4084420 -39.7397949 146.6119021 -37.7998763 145.0061248 -35.8847575 143.6199966 -43.5700325 149.8234567 -41.6301139 148.2176794 -39.7149951 153.2546604 -55.0607452 157.8523431 -51.2057078 156.2465658 -49.2905890 156.4662150 -58.8909828 162.6696750 -56.9510642 161.0638977 -55.0359454 161.2835468 -64.6363391 167.4870069 -62.6964205 165.8812296 -60.7813017 166.1008787 -70.3816955 172.3043387 -68.4417769 170.6985615 -66.5266581 172.5239879 -78.0421706 178.7274479 -76.1022520 177.1216706 -74.1871332 175.7355425 -81.8724082 181.9390025 -79.9324896 180.3332252 -78.0173708 178.9470970 -85.7026458 185.1505571 -83.7627272 183.5447798 -81.8476084 183.7644289 -91.4480021 189.8596182 -89.3789552 188.3621117 -87.5929647 210.3690660 -111.2918198 214.5665451 -114.0058522 213.6268952 -106.2533132 211.5281556 -104.8962970 209.4294161 -103.5392808 208.2703264 -109.9348036 206.1715869 -108.5777874 216.6652846 -115.3628684 218.7640242 -116.7198846 222.0218534 -111.6813780 220.6490928 -117.9387440 226.3558396 -115.0343168 224.5216145 -113.3487203 222.2535254 -119.4131683 226.4391939 -115.1139239 228.9350784 -126.1846721 233.5405271 -122.3291229 231.8574455 -120.4959435 233.8721688 -122.7640646 235.2000806 -124.8813390 231.4449884 -130.1865708 237.8559040 -129.1158879 236.5279923 -126.9986135 235.3121788 -136.3552417 237.2468422 -140.7299112 242.7341872 -138.3031759 243.7450195 -140.5888746 244.8637326 -143.1559303 244.7558519 -142.8745734 239.2074924 -145.1633426 245.6378335 -145.5243473 239.9067728 -147.3028407 246.3212343 -148.1147610 245.6885658 -145.6969250 242.3641897 -156.6942224 248.2942210 -155.7590792 248.2192398 -155.3682692 248.6012614 -158.2389593 242.6462571 -158.9724024 248.9029482 -160.7276448 248.6021934 -158.2465670 243.8488151 -168.8929093 250.1059673 -170.6519562 249.8052126 -168.1708783 256.3146161 -205.0953529 257.6391043 -207.2147707 262.7272537 -204.0350324 268.0252065 -212.5127035 266.7007183 -210.3932857 261.6125689 -213.5730240 271.9986710 -218.8709568 270.6741828 -216.7515390 265.5860334 -219.9312773 266.9105216 -222.0506951 272.2084744 -230.5283662 277.2966238 -227.3486279 275.9721356 -225.2292101 274.8574508 -234.7672017 279.9456002 -231.5874635 278.6211120 -229.4680457 278.8309153 -241.1254551 285.2435529 -240.0651346 283.9190647 -237.9457168 284.1288681 -249.6031262 289.2170175 -246.4233879 287.8925293 -244.3039701 301.3554977 -277.1537118 302.6819836 -279.2718799 307.7671328 -276.0873457 304.0084695 -281.3900479 311.7465904 -282.4418498 310.4201046 -280.3236817 305.3349554 -283.5082160 306.6614413 -285.6263840 313.0730763 -284.5600178 307.9879272 -287.7445520 311.9673849 -294.0990562 313.2938707 -296.2172242 317.0525340 -290.9145220 314.6203566 -298.3353923 319.7055058 -295.1508580 322.3584776 -299.3871941 321.0319917 -297.2690261 317.2733284 -302.5717283 319.9263002 -306.8080644 325.0114493 -303.6235302 321.2527861 -308.9262325 322.5792720 -311.0444005 326.3379352 -305.7416983 329.1482310 -310.2624223 328.9909070 -309.9780343 323.8193823 -313.0246417 330.2368401 -312.5096746 327.9749496 -321.8812969 329.0278746 -324.1479133 333.4164831 -319.3535087 336.6224524 -326.2603637 336.5752579 -326.1533578 331.1090841 -328.6281031 337.5859296 -328.5655712 332.0406686 -330.8570046 338.5306748 -330.9315962 337.6042446 -328.6104052 341.3608494 -338.0322768 341.3099653 -337.8951693 335.7102993 -340.0513444 342.1721290 -340.3931548 336.4749259 -342.2764588 342.9151713 -342.9264179 342.2147447 -340.5273341 339.2568990 -351.8052044 345.0164511 -350.1236695 344.3160245 -347.7245856 341.3572862 -358.9993988 347.1195094 -357.3270372 347.1177308 -357.3209210 342.0505137 -361.3927014 347.8148386 -359.7275953 347.8172574 -359.7359920 333.8845524 -335.4768958 334.8109826 -337.7980868 339.4571049 -333.2527873 344.1143191 -368.5962433 351.2589386 -371.7488953 349.8822661 -366.9437340 346.1793278 -375.8039853 352.6356111 -376.5540567 351.9472748 -374.1514760 347.5560003 -380.6091467 354.0122835 -381.3592180 353.3239473 -378.9566374 350.3093452 -390.2194694 356.7656285 -390.9695407 356.0772922 -388.5669601 351.6860177 -395.0246307 358.1423010 -395.7747021 357.4539647 -393.3721214 353.0626902 -399.8297921 359.5189734 -400.5798634 358.8306372 -398.1772827 354.4393626 -404.6349534 361.5839821 -407.7876054 360.2073097 -402.9824441 357.1927076 -414.2452761 362.9606546 -412.5927668 362.2723184 -410.1901861 359.2577163 -421.4530181 365.7139995 -422.2030895 365.0256633 -419.8005088 360.6343888 -426.2581795 367.0906720 -427.0082508 366.4023358 -424.6056702 362.0110612 -431.0633408 368.4673445 -431.8134122 367.7790083 -429.4108315 363.3877337 -435.8685022 369.8440170 -436.6185735 369.1556807 -434.2159929 364.7644062 -440.6736635 371.2206894 -441.4237349 370.5323532 -439.0211542 366.1410786 -445.4788249 372.5973619 -446.2288962 371.9090257 -443.8263156 367.5177511 -450.2839862 374.6623706 -453.4366383 373.2856981 -448.6314769 369.5827598 -457.4917283 376.0390431 -458.2417996 375.3507068 -455.8392189 370.9594323 -462.2968896 377.4157156 -463.0469610 376.7273793 -460.6443803 372.3361048 -467.1020509 379.4807243 -470.2547030 378.1040518 -465.4495416 375.0894497 -476.7123736 381.5448708 -477.4594357 380.8573967 -475.0598643 394.0471733 -520.6685215 392.6577263 -515.8670385 386.8941945 -517.5348819 404.2622824 -577.5534202 404.9570059 -579.9541618 410.7205376 -578.2863183 412.1099847 -583.0878014 411.4152612 -580.6870599 405.6517294 -582.3549033 407.0411764 -587.1563864 408.4306235 -591.9578694 412.8047082 -585.4885429 409.1253470 -594.3586110 414.8888787 -592.6907675 410.5147940 -599.1600940 411.2095175 -601.5608356 416.2783258 -597.4922506 411.9042410 -603.9615771 417.6677728 -602.2937337 418.3624963 -604.6944752 412.5989646 -606.3623186 420.4466668 -611.8966998 419.0572198 -607.0952167 413.2936881 -608.7630602 421.8361139 -616.6981829 421.1413904 -614.2974413 415.3778586 -615.9652848 416.0725821 -618.3660263 416.7673056 -620.7667678 423.2255609 -621.4996659 422.5308374 -619.0989244 417.4620292 -623.1675094 425.3097314 -628.7018905 424.6150079 -626.3011490 419.5461997 -630.3697340 426.6991785 -633.5033736 426.0044550 -631.1026321 420.2409232 -632.7704755 430.1727961 -645.5070813 429.4780725 -643.1063397 423.7145408 -644.7741832 424.4092643 -647.1749247 425.1039878 -649.5756662 426.4934348 -654.3771493 427.1881584 -656.7778908 432.2569666 -652.7093059 427.8814461 -659.1736707 428.5639227 -661.5628717 433.6492681 -657.5207172 435.6838910 -664.7563233 435.0123243 -662.3490014 429.9045616 -666.3685736 437.6985912 -671.9782891 437.0270245 -669.5709672 431.9192617 -673.5905393 430.5761283 -668.7758955 436.3554578 -667.1636453 431.2476950 -671.1832174 439.7132913 -679.2002548 439.0417246 -676.7929329 433.9339619 -680.8125051 434.6055286 -683.2198270 440.3848581 -681.6075768 442.3995582 -688.8295425 441.7279915 -686.4222206 435.9486620 -688.0344708 437.9633622 -695.2564366 438.6349289 -697.6637585 443.7426916 -693.6441863 445.0858251 -698.4588302 444.4142584 -696.0515083 439.9579933 -702.4064623 440.4468641 -704.5695593 445.7939252 -701.0109418 446.3430568 -703.4406739 446.4047128 -703.8323281 445.7573918 -700.8661521 440.8220128 -711.2879323 440.4550231 -713.5450167 446.3772509 -714.5079387 445.9761553 -716.9747835 440.0802474 -715.8499874 439.5958557 -717.5974449 443.4731032 -722.6024090 444.8570400 -720.5213229 445.2499628 -719.6614691 435.8871953 -722.9324578 440.4716656 -726.8154758 441.9768686 -724.8410913 440.0515200 -727.2630001 432.3479290 -726.0020860 436.2754189 -730.5380365 438.1634695 -728.9005183 430.7073472 -727.4154901 433.8379042 -732.5445388 434.3751377 -732.1752002 431.6367582 -733.7282434 417.4722391 -752.3486272 417.9415904 -750.4778967 412.1447605 -748.9269152 424.3364789 -788.1589919 423.7917134 -785.7198463 417.9359839 -787.0276812 418.4807494 -789.4668268 419.5702805 -794.3451179 420.1150460 -796.7842635 425.9707755 -795.4764287 420.6598116 -799.2234091 421.2045771 -801.6625547 426.5155411 -797.9155743 427.6050721 -802.7938654 427.0603066 -800.3547198 421.7493426 -804.1017003 428.2211102 -805.8149880 428.1498377 -805.2330110 422.2298995 -806.2533565 428.2807479 -808.3012342 422.2806691 -808.3698997 428.2151984 -810.9500454 428.2805838 -808.4516609 422.1560899 -813.1300935 428.1240767 -813.7697731 428.1498131 -813.4484300 416.0769800 -827.1756590 420.8608491 -830.8048996 422.2911715 -828.7554172 420.8571513 -819.7425770 425.4187356 -824.1898316 426.4410500 -821.9600271 420.0771156 -821.4439392 425.1518165 -824.6564523 420.5589379 -831.1717626 418.8390950 -832.9530477 414.6449188 -828.6588813 416.6463279 -834.7737613 418.5806167 -833.1911281 409.0700983 -833.1962142 410.5164829 -839.4905179 412.5722756 -838.0692800 412.7478238 -837.9381918 407.1044747 -834.5551152 408.4606903 -840.9117559 398.8813041 -840.2400669 402.2933123 -845.1754696 404.3491049 -843.7542317 396.8255114 -841.6613048 398.1817270 -848.0179455 400.2375196 -846.5967075 353.6538656 -871.5073012 351.5980730 -872.9285391 355.0100812 -877.8639418 349.5422803 -874.3497770 347.4864877 -875.7710149 350.8984959 -880.7064176 345.4306950 -877.1922529 348.8427032 -882.1276556 338.5637400 -889.2338452 342.6753253 -886.3913693 339.2633170 -881.4559666 332.3963620 -893.4975589 336.5079473 -890.6550831 333.0959391 -885.7196804 328.9843538 -888.5621562 326.9285611 -889.9833941 330.3405693 -894.9187968 320.0616061 -902.0249864 322.1173987 -900.6037485 318.7053905 -895.6683458 318.0058134 -903.4462244 316.6495978 -897.0895837 314.5938052 -898.5108217 310.4822199 -901.3532975 313.8942281 -906.2887002 311.8384354 -907.7099381 308.4264272 -902.7745354 306.3706346 -904.1957733 309.7826428 -909.1311760 305.6710575 -911.9736519 307.7268501 -910.5524140 302.2590492 -907.0382492 300.2032566 -908.4594871 303.6152648 -913.3948898 298.1474639 -909.8807250 301.5594722 -914.8161277 285.8587513 -917.2018990 283.9307015 -918.0120964 288.1831619 -922.7333649 290.1808957 -915.3856646 292.7913156 -920.7969449 293.3326874 -920.5005893 282.6524163 -924.2251721 285.0984936 -923.9114715 282.0352156 -918.2551857 282.3592306 -924.2482391 277.5244308 -918.3882035 276.6924780 -924.3398793 277.3629225 -924.3955744 274.2654811 -923.8599094 275.5618742 -918.0000827 271.6053128 -923.0927846 274.0036447 -923.7957815 266.5794780 -921.2496330 268.8309866 -922.2517121 269.3063899 -915.8958692 266.0377834 -920.9372030 264.0740048 -911.9587346 257.9504070 -913.6201632 259.3537572 -915.6882079 259.9352888 -916.3245952 254.7629044 -908.6951009 255.1437065 -909.4840739 260.3571472 -906.4813938 254.0207121 -906.3222237 256.5470567 -911.5521185 258.5666480 -900.1297631 252.6871869 -901.3632273 253.3207977 -903.7779319 252.3050724 -895.7850789 252.4495204 -898.2801411 258.2987048 -895.5015559 252.2617349 -893.1775963 252.3004222 -895.6584657 258.2690405 -893.5992940 252.4180636 -892.1739456 259.6764482 -889.4172456 254.0123681 -887.4365418 253.2152159 -889.8052437 260.4663084 -887.3911408 255.1780799 -884.5460801 254.9648522 -884.9841278 256.4507758 -882.3951627 263.9022730 -881.5841952 261.5414367 -875.7219396 259.6400774 -877.3309949 265.3945014 -880.3213735 261.5875941 -875.6836633 269.1299627 -877.2862025 267.8069931 -870.9831888 265.7176163 -872.3485877 271.0574086 -876.0266247 267.8712059 -870.9423785 273.1511654 -874.7329232 272.1234497 -868.3149795 269.9973278 -869.6286790 279.5295310 -870.7918247 278.5018154 -864.3738810 276.3756935 -865.6875805 285.9078967 -866.8507262 284.8801811 -860.4327825 282.7540592 -861.7464820 292.2862624 -862.9096278 291.2585468 -856.4916841 289.1324249 -857.8053836 296.5385062 -860.2822288 295.5107905 -853.8642851 293.3846686 -855.1779846 302.9168719 -856.3411303 301.8891562 -849.9231866 299.7630343 -851.2368861 309.2952375 -852.4000318 308.2675219 -845.9820881 306.1414000 -847.2957876 315.6736032 -848.4589333 314.6458876 -842.0409896 312.5197657 -843.3546891 324.2702853 -842.1590196 321.7283520 -836.1800474 319.9844437 -837.9600243 331.8385374 -830.3355870 332.3001073 -827.8793390 325.9941441 -828.9486651 310.9945501 -770.9619654 311.8000390 -773.3278454 316.6743889 -769.0282043 315.8689000 -766.6623242 309.3835724 -766.2302053 310.1890613 -768.5960854 315.0634111 -764.2964442 314.2579222 -761.9305642 313.4524334 -759.5646841 308.5780835 -763.8643253 307.7725946 -761.4984453 312.6469445 -757.1988041 311.8414556 -754.8329240 306.9671058 -759.1325652 305.3252222 -754.3047649 305.3561280 -754.4008052 311.0522272 -752.5148043 304.5663999 -751.7942102 304.6002519 -751.9148171 310.3600876 -750.2330865 309.7507499 -747.8739148 308.5007410 -743.0342578 303.9413954 -749.3743817 302.0663820 -742.1148961 302.6913865 -744.5347246 307.8757365 -740.6144293 306.6257276 -735.7747722 300.8163731 -737.2752390 298.9413597 -730.0157535 300.1913687 -734.8554105 304.7507142 -728.5152866 298.3163553 -727.5959249 304.1433907 -726.1639135 298.2842378 -727.4582572 297.7741212 -725.0126295 303.6527965 -723.8118807 297.2947318 -722.5090622 297.7643551 -724.9637831 302.2486069 -716.4721818 295.8858620 -715.1448995 296.3554853 -717.5996204 301.3093603 -711.5627400 294.9466155 -710.2354578 295.4162387 -712.6901786 299.9004905 -704.1985774 293.5377456 -702.8712951 294.0073689 -705.3260160 298.9612440 -699.2891356 292.5984991 -697.9618533 293.0681223 -700.4165742 298.0219974 -694.3796938 291.6592525 -693.0524115 292.1288758 -695.5071324 296.6131276 -687.0155311 290.2503827 -685.6882489 290.7200060 -688.1429697 295.6738810 -682.1060894 289.3111361 -680.7788071 289.7807594 -683.2335280 294.7346345 -677.1966476 288.3718896 -675.8693653 288.8415129 -678.3240862 292.3865181 -664.9230431 286.4933965 -666.0504817 286.9630197 -668.5052026 291.4472715 -660.0136014 285.5541499 -661.1410400 286.0237732 -663.5957608 289.5687784 -650.1947178 283.6756568 -651.3221564 284.1452801 -653.7768773 289.1004028 -647.7465184 283.2060335 -648.8674355 288.6488503 -645.3283031 282.7448362 -646.3977291 283.2035671 -648.8543871 282.7336091 -646.3337762 287.8431678 -640.4280830 281.9226592 -641.4015188 282.3281341 -643.8676475 290.5080250 -655.1041596 284.6149034 -656.2315982 285.0845266 -658.6863191 286.6267430 -633.0296969 280.3007594 -631.5370040 280.7062343 -634.0031327 285.4103182 -625.6313108 279.4898095 -626.6047466 279.8952844 -629.0708753 284.5993683 -620.6990534 278.2733846 -619.2063605 278.6788596 -621.6724892 282.5719935 -608.3684100 276.6514849 -609.3418458 277.0569598 -611.8079745 281.7610436 -603.4361526 275.8405350 -604.4095884 276.2460099 -606.8757171 280.3407239 -595.9350908 273.9768688 -594.8508384 274.4715039 -597.1809867 276.8613482 -585.9391808 271.3924065 -588.4071104 272.4203979 -590.6851434 256.3135090 -571.0248039 258.1800617 -572.2491507 259.6043610 -566.0078035 255.3961910 -563.2477274 253.2932466 -561.9022445 250.3002368 -567.1102668 232.1859260 -562.2117145 234.5210863 -562.5494716 235.4037994 -556.6147099 229.8063198 -562.0507250 230.2113170 -556.0644092 225.2242369 -555.7270141 222.7306969 -555.5583166 224.8192397 -561.7133299 219.8321597 -561.3759349 222.3256997 -561.5446324 215.2500769 -555.0522240 209.8579996 -560.7011448 214.8450797 -561.0385398 207.7694568 -554.5461314 204.8709196 -560.3637497 207.3644596 -560.5324472 179.2189654 -564.7040352 181.4117369 -563.9854237 179.5982093 -558.2657674 177.0393082 -565.6335154 174.6857619 -560.1143833 172.3868226 -561.0947294 167.7889439 -563.0554218 170.2693002 -568.5204779 150.9642159 -575.4909429 153.1974253 -581.5949560 155.0338813 -579.8997776 135.7597378 -596.3478146 134.5940323 -598.5585455 139.9013999 -601.3570896 137.6020591 -605.7177309 128.2897628 -628.6374763 129.2175842 -626.3168410 122.7185445 -626.4100279 107.8734028 -663.5401927 106.9455814 -665.8608280 113.4446211 -665.7676411 104.1520576 -688.9731753 105.0834187 -686.6539584 98.5842444 -686.7372290 103.2206965 -691.2923923 102.2893354 -693.6116092 97.6528833 -689.0564459 100.4266133 -698.2500431 94.8588000 -696.0140967 93.9274390 -698.3333137 92.9960779 -700.6525306 99.4952522 -700.5692600 97.6325300 -705.2076939 98.5638911 -702.8884769 96.7011689 -707.5269108 92.0647168 -702.9717475 91.1333557 -705.2909645 90.2019946 -707.6101814 87.4079113 -714.5678322 86.4765502 -716.8870491 92.0443634 -719.1229955 89.2706335 -709.9293983 94.8384467 -712.1653447 93.9070856 -714.4845616 92.9757245 -716.8037785 90.1816412 -723.7614293 91.1130023 -721.4422124 84.6138280 -721.5254830 83.6824669 -723.8446999 89.2502801 -726.0806463 82.7511058 -726.1639169 88.3189190 -728.3998632 81.8197447 -728.4831338 80.8883836 -730.8023507 86.4561968 -733.0382971 79.9570225 -733.1215677 85.5248358 -735.3575140 79.0256614 -735.4407846 78.0943003 -737.7600015 83.6621136 -739.9959479 77.1629393 -740.0792185 82.7307525 -742.3151648 76.2463390 -742.3616787 75.3291568 -744.4819219 81.7689043 -744.7074925 80.6489588 -747.2606101 80.7779130 -746.9983594 79.4382148 -749.4469997 70.6554401 -752.9218275 74.1036498 -758.3339782 75.5861575 -756.3466302 69.4000068 -754.6047753 73.8764838 -758.6038209 66.2785279 -765.8619417 68.2893678 -764.4204269 64.5609276 -759.7107894 62.9116302 -760.8931245 63.8383372 -767.2665021 66.0117517 -766.0326178 54.7198085 -765.3057560 56.9622040 -770.8751206 59.2297456 -769.8663999 56.5591601 -771.0209065 48.9417802 -773.1455743 49.3443399 -773.0610477 47.9101063 -767.2313416 46.4843919 -773.4877548 45.8144164 -767.5231572 43.6700016 -773.5958871 46.1679273 -773.5148449 38.5845383 -773.6789105 41.0752816 -773.6785070 38.9001279 -767.6788593 37.9583762 -773.6129401 36.7654469 -767.2236428 33.0698135 -772.5704637 35.5140949 -773.0917019 32.0784706 -766.2241543 27.8939773 -771.0904661 30.2301328 -771.9360833 30.0576417 -765.4926758 27.6551823 -770.9922111 25.7123908 -763.4819553 22.9731823 -768.8208082 23.1188412 -768.8930656 23.6975342 -762.4134499 20.7704427 -767.6526659 18.4470008 -766.1602954 20.5441984 -767.5196934 17.5161528 -758.4066947 12.1554080 -762.0821015 14.2526056 -763.4414995 -5.2387914 -755.9704761 -2.8538898 -756.3559873 -1.8964387 -750.4328726 -10.1245876 -750.0263968 -12.6089269 -750.2989009 -11.9547183 -756.2631285 -28.2458426 -755.0107207 -30.2929535 -756.4444353 -24.9416697 -760.0217824 -32.3400643 -757.8781500 -34.3871752 -759.3118647 -30.6146131 -763.9948854 -68.9414863 -821.5435746 -67.5990078 -819.4355063 -72.6599104 -816.2125782 -74.0023888 -818.3206466 -75.3448673 -820.4287150 -72.9689217 -827.8677798 -71.6264432 -825.7597114 -76.6873458 -822.5367833 -74.3114001 -829.9758481 -79.3723027 -826.7529201 -80.7147812 -828.8609884 -82.0572596 -830.9690568 -75.6538786 -832.0839165 -78.3388355 -836.3000532 -76.9963571 -834.1919849 -79.6813140 -838.4081216 -83.3997381 -833.0771252 -84.7422165 -835.1851935 -86.0846950 -837.2932619 -81.0237925 -840.5161900 -82.3662709 -842.6242583 -87.4271735 -839.4013303 -85.0512278 -846.8403951 -90.1121304 -843.6174670 -91.4546089 -845.7255354 -86.3937063 -848.9484634 -89.4626699 -853.6490310 -89.0786632 -853.1646002 -93.9726511 -849.6795691 -91.1994158 -855.4276646 -95.4382608 -851.1805270 -93.1461701 -857.2312985 -91.3102853 -855.5355015 -98.7801382 -854.1409848 -95.1451640 -858.9247353 -93.2451387 -857.3187575 -97.8578110 -860.4602876 -95.6579743 -859.2741514 -102.7189848 -856.2647827 -102.7641684 -862.6773194 -100.4424117 -861.8201398 -104.6472868 -856.9767011 -103.1621223 -862.7936995 -109.0862582 -857.9477066 -108.5325989 -863.9272000 -108.0451420 -863.8618386 -111.0052502 -864.0539838 -111.1415948 -858.0530928 -113.8412592 -863.8953476 -111.3469348 -864.0520192 -119.1725701 -863.1726823 -116.7664899 -863.6800282 -117.6067062 -857.3709251 -119.8050787 -862.9637307 -126.7198724 -859.5872150 -124.5382025 -860.7828793 -123.6668209 -854.4184433 -127.0454025 -859.3805508 -129.0649107 -857.9082101 -135.6277598 -845.6982130 -137.6472680 -844.2258723 -139.1624520 -850.5465067 -147.7448093 -836.8641689 -149.7643175 -835.3918282 -151.2795014 -841.7124625 -153.8028239 -832.4475187 -155.8184554 -830.9767050 -157.3380262 -837.2954404 -161.8623471 -826.5454284 -163.8778915 -825.0676662 -167.4255994 -829.9064438 -169.4411438 -828.4286816 -165.8934360 -823.5899040 -173.4722327 -825.4731571 -171.4566883 -826.9509194 -167.9089804 -822.1121417 -175.1701875 -816.3566663 -181.3491040 -818.1581061 -179.8287598 -820.1417276 -173.7484679 -817.8307308 -179.6070033 -820.3993945 -177.8887808 -822.1808785 -179.4758222 -810.6189227 -184.3822351 -814.0730085 -182.9240802 -816.1009041 -184.4502803 -813.9742711 -180.8195760 -808.5831500 -187.2038593 -809.8026281 -185.8270698 -811.8884496 -191.7469235 -800.2701407 -190.8178687 -802.5902825 -186.1270082 -798.1643017 -186.7811132 -795.9841286 -192.5518019 -797.6291190 -191.8353663 -800.0170438 -182.1963655 -806.4973285 -176.5869647 -814.5081706 -157.8312582 -829.5009529 -161.3789660 -834.3397305 -159.3579336 -835.8215068 -147.2404849 -844.6571439 -145.2209767 -846.1294846 -143.7057928 -839.8088503 -135.1234355 -853.4911881 -133.1039272 -854.9635288 -131.5887433 -848.6428944 -127.5497268 -851.5875758 -129.5692350 -850.1152351 -125.5302186 -853.0599165 -124.3478643 -860.8785685 -122.0764715 -861.9211496 -121.7480397 -855.4700314 -100.0576477 -861.6464239 -60.8866155 -808.8951644 -59.5441370 -806.7870961 -65.9475180 -805.6722364 -58.2016586 -804.6790277 -56.8591801 -802.5709593 -61.9200826 -799.3480313 -55.5167016 -800.4628910 -59.2351257 -795.1318945 -60.5776042 -797.2399629 -57.8926473 -793.0238262 -54.1742232 -798.3548226 -55.2076903 -788.8076894 -50.1467878 -792.0306175 -53.8652119 -786.6996211 -48.8043093 -789.9225491 -47.4618308 -787.8144808 -52.5227334 -784.5915527 -46.1193524 -785.7064124 -44.7768739 -783.5983440 -49.8377765 -780.3754160 -42.0990304 -779.3933774 -40.7870220 -777.3727519 -47.1384943 -776.1370023 -44.2258139 -771.8913557 -45.6915465 -773.9156651 -39.3659940 -775.4101837 -42.7600812 -769.8670463 -37.9002614 -773.3858743 -36.4405121 -771.3698285 -35.0049716 -769.4153409 -38.1620246 -763.7615672 -39.7255838 -765.7113065 -39.8030724 -765.8122479 -31.9330945 -765.5847476 -36.5672985 -761.7736111 -34.9754262 -759.8540863 -26.8509919 -761.3589954 -20.5134604 -751.8983476 -22.8926729 -752.6635589 -21.0556071 -758.3754053 -23.1659117 -759.0541295 -17.7408904 -751.0353852 -18.1342479 -751.1331362 -16.4905515 -756.9071748 -15.2913375 -750.5998446 -14.3395476 -756.5247174 -15.0932663 -750.5714049 -7.3062574 -755.7532446 -4.5288900 -750.0120374 -6.9996554 -749.7524307 -4.3636529 -750.0340559 3.0379897 -751.2305061 0.5707755 -750.8316894 1.7600729 -757.1018186 5.9785226 -752.3161745 3.6604221 -751.4014629 3.7390305 -757.8827060 6.0524712 -752.3464988 10.1833111 -760.8037935 13.0641328 -755.5385212 10.8505754 -754.3979106 13.3217576 -755.6878987 21.7105480 -761.1254906 19.6133504 -759.7660926 34.3211655 -766.7024046 51.7492800 -772.3810006 60.8761146 -762.0487212 75.8059826 -756.0061685 77.0167266 -753.8197789 78.2274707 -751.6333893 74.1892841 -746.5403304 72.9785400 -748.7267200 103.2342960 -675.1433692 102.3069614 -677.4627869 108.8055143 -677.3708176 109.7333357 -675.0501823 110.6611570 -672.7295470 104.1621173 -672.8227339 106.0177601 -668.1814633 105.0899387 -670.5020986 111.5889784 -670.4089117 112.5167997 -668.0882764 108.8012241 -661.2195574 114.3724425 -663.4470058 115.3002638 -661.1263705 116.2280852 -658.8057352 109.7290455 -658.8989221 111.5846882 -654.2576515 110.6568668 -656.5782868 117.1559065 -656.4850999 118.0837279 -654.1644646 112.5125096 -651.9370162 119.9393706 -649.5231940 120.8671920 -647.2025587 114.3681523 -647.2957456 121.7950133 -644.8819234 123.6506560 -640.2406528 116.2237950 -642.6544750 119.0072591 -635.6925691 118.0794377 -638.0132044 120.8629018 -631.0512985 119.9350804 -633.3719338 126.4341201 -633.2787469 127.3619415 -630.9581116 130.1454055 -623.9962057 124.5741872 -621.7687573 126.4298299 -617.1274867 125.5020085 -619.4481220 132.0010482 -619.3549351 128.2854726 -612.4862161 133.8566910 -614.7136645 130.1411153 -607.8449455 129.2132940 -610.1655808 135.7123337 -610.0723939 131.0689367 -605.5243102 136.6072529 -607.8340522 132.2013007 -603.1030539 136.9254433 -594.1370837 142.2328110 -596.9356277 138.0911489 -591.9263527 143.3753947 -594.7687468 160.3963239 -574.9498646 156.4735839 -570.4054075 154.6371279 -572.1005860 140.9357064 -587.3956550 139.5139200 -589.4510683 144.5225819 -592.7571693 139.3751621 -589.6715467 145.8701985 -590.8089800 145.4339321 -580.9341915 145.2010657 -581.2294149 150.0283934 -584.7976627 151.4655469 -583.1936020 147.0917569 -579.0838312 147.2913039 -578.8812998 149.1277599 -577.1861214 158.7067933 -576.5094206 152.8006719 -573.7957644 158.8264320 -568.7204202 156.7841337 -570.1548608 162.2490172 -573.6485962 158.8787737 -568.6844783 168.3280966 -569.5682079 165.3511876 -564.3567900 165.1041455 -564.5058958 167.5408179 -563.1749761 177.2272098 -559.0427876 182.1120786 -557.5457218 179.7088671 -558.2318522 183.7592924 -563.3151834 186.1625039 -562.6290530 188.5289295 -561.9534252 184.5152902 -556.8595914 189.4078941 -555.5298971 186.9923296 -556.1533972 190.7019785 -561.3925226 189.8242612 -555.4532765 202.4331859 -554.2054829 199.9460104 -554.3272450 202.5518802 -560.2068578 202.7823768 -554.2087364 205.2759168 -554.3774339 210.2629968 -554.7148289 220.2371569 -555.3896190 217.7436169 -555.2209215 236.9647764 -562.9430388 237.9188093 -557.0193726 239.4322204 -563.3404316 241.6030439 -563.6900525 240.3862532 -557.4167654 243.6286653 -564.4509132 245.7665285 -558.8446274 245.8224671 -558.8662795 245.9224017 -565.3652189 248.2439990 -566.2906303 248.1440644 -559.7916909 252.7872592 -561.6425138 250.4656618 -560.7171023 252.1481972 -568.2926087 263.3514086 -577.2392351 265.0150319 -578.8581600 267.5358893 -572.9392211 259.7839150 -573.7675935 261.5602807 -575.4962315 265.7447614 -571.1962174 271.1346910 -576.8817077 269.5664674 -574.9445826 266.4273362 -580.6026880 271.2200613 -576.9923321 270.4526104 -586.3245185 275.8333569 -583.6611478 275.6300671 -583.2847952 273.3639421 -592.7760410 279.0599441 -590.8792773 278.9173310 -590.4952468 279.7642323 -593.2633396 279.8217584 -593.4903259 274.9842890 -599.5966367 280.8714713 -598.4382025 280.8596894 -598.3798557 275.4414777 -601.9824927 281.3555687 -600.9700239 281.3417063 -600.8921406 282.1665186 -605.9022813 284.1938933 -618.2329247 285.0048432 -623.1651821 281.5171842 -638.9353901 287.4376929 -637.9619543 287.0322179 -635.4958256 288.2486428 -642.8942117 290.0384017 -652.6494387 290.9776482 -657.5588805 291.9168948 -662.4683223 293.3257646 -669.8324849 292.8561413 -667.3777640 287.9022663 -673.4146444 294.2650112 -674.7419267 293.7953879 -672.2872058 296.1435043 -684.5608103 291.1896292 -690.5976906 297.0827508 -689.4702520 297.5523741 -691.9249729 299.4308672 -701.7438565 294.4769922 -707.7807369 300.3701138 -706.6532983 300.8397371 -709.1080192 296.8251086 -720.0543413 302.7182302 -718.9269027 303.1878535 -721.3816236 313.4110168 -778.0596055 314.2165056 -780.4254856 319.0908555 -776.1258444 315.0219945 -782.7913656 319.8963444 -778.4917244 321.5073221 -783.2234845 320.7018332 -780.8576044 316.6329723 -787.5231257 317.4384611 -789.8890057 322.3128110 -785.5893645 318.2439500 -792.2548857 319.0494389 -794.6207658 323.9237887 -790.3211246 319.8549278 -796.9866458 320.6604166 -799.3525258 325.5347665 -795.0528847 327.1457442 -799.7846447 326.3402553 -797.4187647 327.9512331 -802.1505248 322.2713944 -804.0842859 323.0768833 -806.4501659 323.8823721 -808.8160460 328.7567220 -804.5164048 330.3676997 -809.2481649 329.5622108 -806.8822848 324.6878610 -811.1819260 331.1731886 -811.6140449 325.4933499 -813.5478061 332.1090002 -814.5253059 331.9786775 -813.9799249 326.2080808 -815.6471121 332.4579999 -816.9846525 326.5037704 -817.7307902 332.6683322 -819.6711351 332.4791508 -817.1790655 326.4033197 -826.7712343 326.8192332 -824.5579475 325.2602219 -830.8168989 330.7789049 -833.1783764 330.6276161 -833.5045591 324.1600970 -832.8584960 323.1721952 -834.6918309 329.4420557 -835.7047061 326.0295915 -840.3632749 327.7686934 -838.5707256 326.0193348 -840.3737951 318.4251371 -839.5515814 320.0807156 -845.7290882 322.1101024 -844.2944224 316.6929892 -840.7761156 319.9258470 -845.8315343 310.3936438 -844.6683886 311.4213594 -851.0863323 313.5474813 -849.7726328 304.0152781 -848.6094871 305.0429938 -855.0274308 307.1691156 -853.7137313 298.6646281 -858.9685293 294.4123843 -861.5959283 287.0063030 -859.1190831 288.0340186 -865.5370267 290.1601405 -864.2233272 280.6279373 -863.0601815 281.6556529 -869.4781252 283.7817748 -868.1644257 274.2495716 -867.0012800 275.2772873 -873.4192237 277.4034091 -872.1055242 261.6145473 -885.4505617 259.1200658 -902.2388507 262.9152234 -910.2510985 261.5118732 -908.1830538 269.2069809 -922.3897877 271.0873028 -916.6885003 324.8727685 -891.4046321 328.2847767 -896.3400348 344.7311179 -884.9701314 346.7869106 -883.5488935 343.3749024 -878.6134908 352.9542886 -879.2851797 361.8770363 -865.8223495 359.8212436 -867.2435874 363.2332518 -872.1789901 363.9328289 -864.4011116 365.2890445 -870.7577522 365.9886216 -862.9798736 367.3448371 -869.3365143 368.0444142 -861.5586357 369.4006298 -867.9152763 371.4564225 -866.4940384 373.5122151 -865.0728005 370.1002069 -860.1373978 377.6238004 -862.2303247 379.6795931 -860.8090867 374.2117922 -857.2949220 378.3233775 -854.4524461 376.2675848 -855.8736840 380.3791702 -853.0312082 381.7353857 -859.3878488 382.4349628 -851.6099703 385.8469710 -856.5453730 389.9585564 -853.7028971 386.5465481 -848.7674944 390.6581334 -845.9250186 388.6023408 -847.3462565 392.0143490 -852.2816592 392.7139261 -844.5037807 394.0701417 -850.8604213 405.0486820 -835.9763532 400.9370967 -838.8188290 422.2172521 -810.7930729 422.1574168 -778.4024096 421.6126513 -775.9632640 415.7569217 -777.2710988 414.6673907 -772.3928077 415.2121562 -774.8319533 420.5231202 -771.0849728 419.9783546 -768.6458272 419.4335891 -766.2066817 414.1226251 -769.9536621 413.0330941 -765.0753709 413.5778596 -767.5145165 411.8767554 -759.7218733 411.9435630 -760.1970798 417.8517609 -759.1241679 411.7279401 -757.2281645 411.4564973 -752.2206550 411.7270089 -757.2118098 411.5422851 -751.3282493 414.8715620 -741.3909166 413.8416076 -743.6492526 419.3752176 -745.9755015 415.0319703 -741.0867028 420.2591546 -744.0373317 421.4470168 -742.0672635 416.3224658 -738.9464173 422.5641503 -740.2864845 419.9294142 -734.4888595 418.1321844 -736.2255707 417.6755399 -736.7886522 425.7452588 -737.2124943 422.0469601 -732.4831668 421.7266440 -732.7521483 424.0492175 -731.0271614 427.4135275 -735.9993595 426.5938570 -729.6275912 424.3927110 -730.8112959 434.2322307 -724.3678191 446.7783464 -712.0410940 440.8635220 -709.1857970 446.8656062 -709.1394794 436.6202287 -690.4417927 441.0564248 -684.0148987 438.3701579 -674.3856110 433.6464136 -657.5107889 431.5622431 -650.3085643 425.7987113 -651.9764078 428.0886255 -638.3048567 422.3250938 -639.9727001 407.9416436 -568.6833522 407.2469201 -566.2826107 401.4833883 -567.9504541 406.5521966 -563.8818691 405.8574730 -561.4811276 400.0939413 -563.1489710 405.1627495 -559.0803861 399.3992178 -560.7482295 404.4680260 -556.6796445 398.7044943 -558.3474880 403.7733025 -554.2789030 402.3838555 -549.4774199 398.0097707 -555.9467464 396.6203237 -551.1452634 365.4527424 -443.0762442 401.6891320 -547.0766784 400.2996849 -542.2751953 394.5361532 -543.9430388 393.8414297 -541.5422972 399.6049614 -539.8744538 398.9102379 -537.4737123 393.1467061 -539.1415557 392.4519826 -536.7408142 398.2155144 -535.0729707 391.7572591 -534.3400726 397.5207909 -532.6722292 396.8260674 -530.2714877 395.4366203 -525.4700046 391.0625356 -531.9393311 388.9783651 -524.7371065 389.6730886 -527.1378480 394.7418968 -523.0692631 391.9630028 -513.4662969 384.8100240 -510.3326573 385.5047475 -512.7333988 390.5735557 -508.6648139 389.8788322 -506.2640723 389.1841087 -503.8633308 384.1153005 -507.9319158 388.4893852 -501.4625893 387.7946617 -499.0618477 382.7258534 -503.1304327 385.7104911 -491.8596231 385.0157676 -489.4588816 379.9469594 -493.5274666 379.2522359 -491.1267250 368.8944236 -455.0891476 384.3210441 -487.0581401 378.5575123 -488.7259835 383.6263206 -484.6573985 382.2371123 -479.8567406 377.8627888 -486.3252420 376.4728647 -481.5221086 375.7795165 -479.1209710 375.7777859 -479.1149543 373.7127772 -471.9072123 374.4011135 -474.3097930 371.6477685 -464.6994703 370.2710960 -459.8943089 380.6416829 -495.9282081 386.4052146 -494.2603647 408.6363671 -571.0840937 402.8728354 -572.7519372 402.1781118 -570.3511956 403.5675589 -575.1526787 409.3310906 -573.4848353 364.3373271 -417.3979281 358.5693800 -419.0504375 410.0258141 -575.8855768 353.7510264 -402.2323727 352.3743539 -397.4272114 350.9976815 -392.6220500 355.3889560 -386.1643794 348.2443365 -383.0117273 349.6210090 -387.8168887 346.8676640 -378.2065660 345.4909916 -373.4014046 338.5564724 -349.4061206 337.1556192 -344.6079529 337.8560458 -347.0070367 330.0807995 -326.4145297 335.5223330 -323.8867414 334.4694080 -321.6201251 324.8264305 -315.1035250 325.8690998 -317.3480642 331.3106332 -314.8202759 285.4533563 -251.7225439 290.5415057 -248.5428057 288.1023326 -255.9613795 293.1904821 -252.7816412 291.8659939 -250.6622235 286.7778445 -253.8419617 294.5149703 -254.9010590 289.4268208 -258.0807973 295.8394584 -257.0204768 290.7513090 -260.2002150 297.3751329 -270.7977582 298.7025260 -272.9173757 302.4616430 -267.6153981 294.7247736 -266.5584684 296.0492618 -268.6778862 301.1371148 -265.4976736 299.8129230 -263.3787301 297.1639466 -259.1398946 292.0757972 -262.3196328 303.7876751 -269.7328415 305.1141610 -271.8510096 300.0290119 -275.0355438 280.1554035 -243.2448728 281.2700884 -233.7068812 276.1819389 -236.8866195 270.8839862 -228.4089484 274.6476474 -223.1097924 269.5594980 -226.2895306 264.0517419 -206.1544502 258.9635925 -209.3341884 260.0937731 -199.8209928 258.8594412 -197.7574033 254.9596226 -202.9260458 251.2340762 -196.2744523 252.4238065 -198.4723473 257.7003586 -195.6161264 250.0443460 -194.0765573 255.3476004 -191.2696660 256.5106283 -193.4182314 248.8882161 -191.7404506 249.9928039 -193.9769342 254.3368842 -189.2232464 248.7650107 -191.4545076 247.8964879 -189.1110339 252.0283507 -182.6112679 245.6867095 -181.4718027 246.1716701 -183.9235397 246.2449275 -184.2158802 250.6990845 -175.5448782 244.7710724 -176.4741453 245.1865222 -178.9369541 244.7510794 -176.3361428 244.1495698 -171.3739871 242.9465507 -161.4496758 243.2473055 -163.9307536 238.2576745 -143.0156100 234.1003165 -134.4203297 239.1838158 -131.2331623 232.7729002 -132.3038452 230.1170767 -128.0692963 229.9869817 -118.6350038 223.9865070 -121.1331039 225.7604010 -122.8936439 205.1822645 -100.8085447 203.0608082 -99.4873242 201.9951464 -105.8921064 197.7674583 -103.2591471 199.8889147 -104.5803676 200.9393518 -98.1661036 198.8178955 -96.8448831 191.0382666 -98.7759832 191.3311697 -99.0206155 195.0309002 -94.2931900 189.2258414 -97.0551358 193.3571309 -92.7039927 185.6005275 -93.6084402 187.4105410 -95.3315549 185.3702062 -93.3631209 180.5528743 -87.6177646 182.1586516 -89.5328833 177.3413198 -83.7875270 174.1297652 -79.9572894 207.3180434 -102.1741410 205.2125993 -100.8276895 169.0927842 -64.6115393 162.8893241 -66.5514579 164.4951014 -68.4665767 164.2754523 -58.8661830 158.0719923 -60.8061016 159.6777695 -62.7212204 159.4581204 -53.1208266 154.8604377 -56.9758640 150.0431058 -51.2305077 151.6488831 -53.1456264 145.2257739 -45.4851513 138.8026648 -37.8246762 129.1680010 -26.3339634 130.7737783 -28.2490822 122.7448918 -18.6734883 124.1310200 -10.9882133 119.5333373 -14.8432507 114.7160054 -9.0978944 108.2928962 -1.4374192 91.9811443 17.3141394 85.2248069 24.6823899 78.1897277 38.9773392 76.2733305 40.5815906 72.4219564 35.9808388 70.5055592 37.5850902 64.7563677 42.3978443 66.6727649 40.7935929 62.5393587 51.6934924 56.9592041 48.3606145 58.9672601 46.8726925 56.5151907 56.1572583 46.9189241 55.8002243 52.9430921 51.3364584 44.9108681 57.2881462 0.2713422 89.4773677 -2.3252499 84.0683282 -13.5906568 89.4762506 -11.3375754 88.3946661 -8.7409833 93.8037057 -10.9940646 94.8852902 -13.2471460 95.9668747 -18.0968195 91.6394196 -15.8437381 90.5578351 -15.5002274 97.0484592 -38.3138942 101.6257603 -36.0816960 100.5017088 -22.2506214 100.2889643 -24.4709599 101.3727671 -24.8737357 94.8927278 -31.6172995 98.2536058 -27.1529031 96.0055028 -27.1195993 95.9889901 -40.0797467 109.2327681 -42.7782906 103.8738633 -24.7011995 49.2139398 -25.9423416 51.3832178 -31.1501920 48.4035711 -29.9090499 46.2342931 -27.4267659 41.8957370 -22.2189155 44.8753837 -26.1856238 39.7264590 -24.9444818 37.5571810 -20.9777734 42.7061057 -23.7033398 35.3879030 -18.4954894 38.3675497 -17.2543473 36.1982716 -22.4621977 33.2186250 -21.2210557 31.0493469 -19.9799137 28.8800689 -16.0132053 34.0289936 -13.5309212 29.6904376 -14.7720633 31.8597156 -18.7387716 26.7107909 -17.4976296 24.5415129 -12.2897792 27.5211596 -16.2564876 22.3722349 -15.0153455 20.2029569 -11.0486372 25.3518815 -12.5330615 15.8644008 -7.3252111 18.8440475 -10.0507774 11.5258448 -8.8096354 9.3565668 -4.8429270 14.5054914 -7.5684933 7.1872887 -2.3606429 10.1669354 0.1216411 5.8283794 -1.1195009 7.9976574 -5.0862093 2.8487327 -2.6054354 -1.4871838 2.6069402 1.4845413 2.6039252 1.4898233 5.0804235 -2.8590383 -9.8074951 23.1826035 8.5237346 -21.0306491 14.9743567 -20.2333563 13.7376150 -18.0615666 12.2339596 -27.5460184 18.6845816 -26.7487256 17.4478400 -24.5769359 14.7074429 -31.8895979 21.1580649 -31.0923051 19.9213233 -28.9205154 19.6544095 -40.5767570 24.8682899 -37.6076744 22.3948066 -33.2640949 20.8911511 -42.7485467 27.3417732 -41.9512539 26.1050315 -39.7794642 23.3646344 -47.0921262 29.8152565 -46.2948335 28.5785148 -44.1230437 27.0748594 -53.6074955 32.2887398 -50.6384130 31.0519981 -48.4666232 28.3116010 -55.7792853 34.7622231 -54.9819925 33.5254814 -52.8102027 32.0218260 -62.2946546 38.4724480 -61.4973618 37.2357064 -59.3255720 39.4422759 -75.3253931 44.6561563 -72.3563106 43.4194146 -70.1845208 41.9157592 -79.6689726 47.1296396 -76.6998901 45.8928979 -74.5281003 46.8627258 -88.3561317 52.0766062 -85.3870491 50.8398645 -83.2152594 49.3362091 -92.6997112 54.5500895 -89.7306287 53.3133478 -87.5588389 68.7470147 -113.1637622 67.4442402 -111.0309285 62.3238829 -114.1585379 71.3525635 -117.4294295 70.0497891 -115.2965958 66.2322062 -120.5570389 68.8377551 -124.8227063 73.9581124 -121.6950968 76.5636613 -125.9607642 75.2608868 -123.8279305 70.1405295 -126.9555399 77.8664357 -128.0935978 72.7460784 -131.2212073 80.4719846 -132.3592652 79.1692101 -130.2264315 74.0488528 -133.3540409 81.9991830 -134.9396653 81.7747590 -134.4920988 76.5234503 -137.4053215 82.9276579 -137.2558678 77.3481175 -139.4625621 78.0601070 -141.3385677 84.0252807 -140.5430627 83.8346517 -139.6442365 83.0441706 -147.3807323 83.6029952 -146.1544017 77.8619082 -144.2787454 81.5521671 -149.3266893 79.7144932 -151.3680011 81.3935420 -149.5167865 75.8306459 -146.7191756 78.3551407 -152.2257875 72.8300624 -153.5659990 73.3254226 -153.5043569 72.3368187 -147.5810646 70.3413051 -153.6668725 70.1590373 -147.6693337 70.2198099 -153.6693337 65.4110866 -147.6693337 62.3673018 -153.3309375 64.8433286 -153.6454243 63.1545876 -147.3827298 62.3048255 -153.3223340 48.6520155 -182.8495778 48.8210839 -185.3430927 54.8073394 -184.9372053 48.9901522 -187.8366076 49.1592205 -190.3301225 54.9764077 -187.4307202 49.3282889 -192.8236374 55.3145444 -192.4177500 49.4973572 -195.3171523 55.4836128 -194.9112649 55.8217494 -199.8982947 55.6526811 -197.4047798 49.6664256 -197.8106672 55.9908178 -202.3918096 49.8354939 -200.3041821 50.1736306 -205.2912119 56.1598861 -204.8853245 50.5117673 -210.2782417 56.6670912 -212.3658692 56.4980228 -209.8723543 50.8499040 -215.2652715 57.0052278 -217.3528990 56.8361595 -214.8593841 51.3571090 -222.7458162 57.5105927 -224.8063043 57.3433645 -222.3399288 52.7564804 -237.7745229 58.9747956 -239.6262030 58.7259221 -237.1697369 53.9807094 -247.7898890 59.9282591 -246.9982746 59.5985200 -244.5208822 54.9699266 -255.2220660 60.9174763 -254.4304516 60.5877372 -251.9530593 56.7582984 -265.2554800 63.1337589 -266.5202737 62.6400751 -264.0702784 57.7456661 -270.1554706 64.1211267 -271.4202642 63.6274428 -268.9702690 65.5837304 -299.5472158 66.4562031 -301.8892218 72.0787267 -299.7946507 93.2392408 -355.8857895 92.3425005 -353.5529677 86.7420257 -355.7057989 94.1359811 -358.2186113 88.5355063 -360.3714425 89.4322466 -362.7042643 90.3289869 -365.0370860 95.0327214 -360.5514331 91.2260468 -367.3707389 96.8260422 -365.2166611 92.1234790 -369.7032932 92.1272880 -369.7131416 97.7214187 -367.5438724 93.0329251 -372.0425240 94.8441995 -376.7012886 98.6251427 -369.8683338 95.7498366 -379.0306709 100.4364170 -374.5270985 96.6554738 -381.3600533 102.2476913 -379.1858631 103.1533285 -381.5152455 97.5611109 -383.6894356 106.7758772 -390.8327747 105.8702400 -388.5033924 101.1836596 -393.0069649 102.0892967 -395.3363472 102.9949339 -397.6657295 107.6815143 -393.1621571 109.4927886 -397.8209217 108.5871515 -395.4915394 103.8044044 -399.7477624 110.1220479 -400.7767513 109.6402062 -398.3286615 105.0968460 -406.8014192 105.5269501 -409.2282237 111.0047773 -405.7543528 111.8306632 -410.7486449 111.4522161 -408.2835434 105.8586020 -411.3885138 105.7925730 -413.6130081 111.7899316 -413.7910258 111.8640831 -411.2928861 105.7184215 -416.1111478 111.6416285 -418.7873053 111.7157800 -416.2891656 105.5025263 -423.3845839 111.0090961 -426.6781887 111.4478835 -424.2222023 105.1088787 -425.5879133 110.9957530 -426.7480759 109.4384596 -434.3518928 109.5024233 -434.0955770 103.6489687 -432.7709826 108.7290432 -436.7414010 103.0029786 -434.9468538 108.6722524 -436.9134626 105.1425675 -446.3688134 106.0731517 -444.0510526 99.5969760 -444.0775203 105.0955912 -446.4793613 103.0490097 -451.0396581 90.4119543 -464.5440523 89.3886636 -466.8242007 94.8626838 -469.2808453 85.2955006 -475.9447943 84.2722099 -478.2249427 89.7462301 -480.6815873 82.2256284 -482.7852395 81.2023376 -485.0653879 86.6763579 -487.5220325 81.5141435 -498.9173501 83.5818159 -494.3665772 76.0515555 -496.4353888 79.4464712 -503.4681230 80.4803074 -501.1927365 75.0177193 -498.7107752 73.9838832 -500.9861617 78.4126350 -505.7435094 72.9500470 -503.2615481 77.3787989 -508.0188959 71.9279380 -505.5111241 76.2090666 -510.4614539 76.2787276 -510.3246422 70.8970991 -507.6705943 75.0184395 -512.6588632 69.7430534 -509.8004893 64.9805451 -518.5901267 70.2559313 -521.4485006 71.4465583 -519.2510913 66.6840501 -528.0407287 67.8746771 -525.8433193 61.4198997 -525.1616181 60.3009410 -527.1514170 65.4374468 -530.2582692 66.6612538 -528.0820228 65.2306551 -530.5769304 63.7401565 -532.5830746 49.9050654 -540.7637232 48.3024963 -542.6815274 54.5091951 -544.6110587 52.9066260 -546.5288629 45.1138500 -546.4973998 43.5970163 -548.2506168 49.6681679 -550.4036575 46.0038349 -554.2265634 47.8228806 -552.5127158 41.8893499 -549.8595264 40.0703042 -551.5733740 44.1847893 -555.9404111 38.2512586 -553.2872216 42.3657437 -557.6542587 32.8752675 -558.2017224 36.7291571 -562.8008987 38.6238818 -561.1752638 36.6209858 -562.8894171 23.1823774 -565.7635296 26.5523572 -570.7294978 26.7683702 -570.5758325 24.4551776 -572.0859458 21.2150511 -567.0359890 24.4181072 -572.1095395 19.1154786 -568.3507723 20.1817191 -574.7624282 22.2999132 -573.4359838 10.7450886 -573.5206618 13.7298606 -578.7261868 15.8798108 -577.4551899 13.5905590 -578.8036205 11.3746392 -579.9594319 6.3839285 -575.7954186 4.7268798 -583.4268661 9.1587194 -581.1152433 -0.2638310 -579.2628528 -1.9208797 -586.8943004 2.5109599 -584.5826776 -13.5593499 -586.1977213 -15.7752697 -587.3535327 -10.7845590 -591.5175460 -15.2163986 -593.8291688 -13.0004788 -592.6733574 -20.2071094 -589.6651555 -21.8641581 -597.2966031 -17.4323184 -594.9849802 -26.8548688 -593.1325897 -28.5119176 -600.7640373 -24.0800779 -598.4524145 -33.5026283 -596.6000240 -35.1596770 -604.2314715 -30.7278374 -601.9198487 -42.3663076 -601.2232696 -41.8074365 -607.6989058 -39.5915167 -606.5430944 -44.5822274 -602.3790810 -44.0233563 -608.8547172 -53.4459067 -607.0023266 -55.1029554 -614.6337742 -50.6711158 -612.3221514 -60.0936661 -610.4697609 -59.5347951 -616.9453970 -57.3188752 -615.7895856 -73.4097587 -617.6619139 -72.5442803 -624.1037419 -70.3856935 -622.8440977 -82.0441062 -622.7004904 -81.0857590 -629.0881248 -79.0200410 -627.8826743 -104.5443120 -639.6881542 -106.3327661 -641.4339011 -100.4519120 -644.0780600 -108.1212203 -643.1796481 -102.1416994 -645.7274963 -109.9096745 -644.9253950 -103.9301536 -647.4732433 -130.7122742 -673.6158228 -128.9685119 -671.9137004 -133.1595786 -667.6201052 -136.8075736 -671.3367107 -138.4683239 -673.2043587 -132.3527875 -675.3562600 -140.1290741 -675.0720068 -133.9846055 -677.1913714 -141.7898244 -676.9396548 -143.4505747 -678.8073029 -137.3061061 -680.9266675 -140.6276066 -684.6619636 -138.9668563 -682.7943155 -145.1113249 -680.6749509 -146.7720752 -682.5425990 -148.4328255 -684.4102470 -142.2883569 -686.5296116 -150.4012860 -695.7506195 -148.9036450 -693.9690384 -153.4696251 -690.0762803 -155.2310353 -692.1883603 -156.6715769 -694.2306729 -158.1121185 -696.2729855 -160.9932017 -700.3576106 -153.2090779 -699.7313366 -162.4337433 -702.3999231 -157.5307027 -705.8582743 -165.3148265 -706.4845482 -160.4117859 -709.9428994 -171.8820434 -717.4654734 -167.8667330 -722.5765871 -166.6461980 -720.3956480 -186.5701484 -768.2979251 -185.7097894 -765.9514420 -191.3430613 -763.8859524 -189.6181289 -759.1905544 -190.4814119 -761.5359569 -183.9894471 -761.2685283 -190.4827023 -761.5394693 -184.8500744 -763.6067155 -187.8693387 -754.4955585 -188.7417137 -756.8376009 -183.1191028 -758.9319376 -193.2051674 -769.1115693 -193.6205191 -771.5683470 -187.3352478 -770.3846037 -188.0246341 -774.9473107 -187.6962160 -772.5197066 -193.9704705 -774.1429291 -194.3341523 -790.1502223 -193.7716720 -792.5832317 -188.4275403 -789.0617389 -192.5949394 -797.4694791 -193.1801514 -795.0397204 -193.7653634 -792.6099616 -187.9289536 -791.2183763 -188.5338957 -786.8349668 -188.6531289 -784.3385725 -194.6462969 -784.6248191 -188.7660298 -781.9747585 -194.6405847 -779.0962865 -194.6651816 -779.3763991 -188.6758789 -779.7611888 -194.3055276 -776.6196078 -189.6140887 -759.1796433 -180.5019778 -751.9058104 -180.5005337 -751.9019254 -186.1253121 -749.8134158 -179.6313984 -749.5586883 -179.6260364 -749.5441166 -185.2595973 -747.4794007 -182.6912625 -740.4435564 -183.5482615 -742.7912688 -177.0550394 -742.5009795 -174.4840424 -735.4578423 -173.6772774 -733.2477439 -180.1202654 -733.4004193 -179.2632664 -731.0527069 -178.0712700 -728.5368656 -179.1496295 -730.7830281 -172.7029864 -731.2183501 -177.9847182 -728.3701686 -180.9772644 -735.7481317 -163.0116678 -713.9012098 -168.2204385 -710.9226563 -169.4409735 -713.1035953 -161.7942584 -711.9028851 -166.8658523 -708.6952247 -168.1645203 -710.8269320 -166.7553681 -708.5268608 -143.9491071 -688.3972597 -121.8146952 -664.9307127 -120.0262411 -663.1849657 -126.0057619 -660.6371175 -118.2377869 -661.4392188 -116.4493327 -659.6934719 -122.4288536 -657.1456236 -127.7942161 -662.3828644 -129.5826703 -664.1286113 -123.6031494 -666.6764596 -125.3916035 -668.4222066 -114.6608786 -657.9477249 -118.8519453 -653.6541297 -111.0839702 -654.4562310 -109.2955161 -652.7104841 -115.2750370 -650.1626358 -107.5070619 -650.9647372 -105.7186078 -649.2189902 -111.6981286 -646.6711419 -100.3853380 -636.3592942 -102.3554025 -637.8971650 -98.6413401 -642.6095447 -96.6933258 -641.0888867 -94.7232613 -639.5510159 -98.4152735 -634.8214234 -92.5050801 -630.2078110 -96.4452091 -633.2835526 -88.8130678 -634.9374035 -84.8729388 -631.8616620 -82.9772983 -630.3818880 -88.5649511 -627.1320694 -86.4425328 -625.4827999 -86.5948866 -625.5941986 -84.2026931 -623.9601346 -84.3843128 -624.0750315 -74.7028672 -625.3633860 -75.5683456 -618.9215580 -77.7269324 -620.1812022 -68.2384756 -621.5910880 -71.2511718 -616.4022697 -66.1310955 -620.3859906 -69.0591867 -615.1486582 -71.2283760 -616.3891010 -68.9573454 -615.0930065 -63.9666347 -619.2570199 -64.5255058 -612.7813837 -66.7414256 -613.9371951 -57.8777463 -609.3139495 -48.4551959 -611.1663400 -46.7981472 -603.5348924 -51.2299868 -605.8465152 -37.3755968 -605.3872829 -37.9344679 -598.9116468 -40.1503877 -600.0674582 -31.2867085 -595.4442125 -24.6389490 -591.9767783 -17.9911895 -588.5093441 -8.5686392 -590.3617346 -6.3527193 -589.2059232 -11.3434301 -585.0419098 -6.9115904 -582.7302870 -9.1275102 -583.8860984 -4.6956706 -581.5744756 1.9520889 -578.1070414 34.6504627 -564.4267002 30.9598614 -559.6960066 27.0188151 -562.7705727 56.1117642 -542.6932545 56.1526013 -542.6433025 51.4869474 -538.8706755 57.7781621 -540.6076514 59.2686607 -538.6015072 52.9938007 -536.9864999 60.7591593 -536.5953630 57.4334477 -531.0109343 55.9429491 -533.0170786 58.9239463 -529.0047901 69.0653042 -523.6459100 63.7899181 -520.7875361 73.8278125 -514.8562726 68.5524263 -511.9978987 66.1711722 -516.3927174 80.1813140 -487.3404846 88.3653728 -469.1043491 87.3420821 -471.3844975 93.8393930 -471.5609937 93.4818265 -457.7036071 91.4352450 -462.2639039 96.9092653 -464.7205485 94.5051173 -455.4234587 98.9558467 -460.1602517 99.9791375 -457.8801033 102.0257190 -453.3198065 97.5749895 -448.5830135 96.5516987 -450.8631619 106.1083049 -443.9591690 106.9629540 -441.6106002 100.4868489 -441.8611573 107.8176032 -439.2620314 102.1793241 -437.2102497 110.0001999 -431.6464100 110.4979764 -429.1972429 104.6181881 -428.0022159 105.6442700 -418.6092876 110.5686322 -403.2934631 104.6607010 -404.3405295 104.2295114 -401.9076002 90.5490199 -348.8873241 89.6522796 -346.5545023 84.9485451 -351.0401553 82.2583242 -344.0416899 84.0518048 -348.7073335 81.3615839 -341.7088681 86.9620588 -339.5560370 79.5681034 -337.0432245 85.1709917 -334.8966720 78.6770461 -334.6938679 79.5633045 -337.0306566 84.2902557 -332.5744445 78.6708205 -334.6773058 83.4208714 -330.2407287 77.7983478 -332.3352998 81.6759261 -325.5567167 79.9309807 -320.8727047 76.0534025 -327.6512878 76.4410900 -311.5046807 75.5686174 -309.1626747 70.8185664 -313.5992518 79.0585080 -318.5306987 77.3135627 -313.8466867 71.6910391 -315.9412578 69.0736211 -308.9152398 69.9460937 -311.2572458 74.3084571 -322.9672758 57.2519822 -267.7054753 68.7665216 -290.6081868 67.5538201 -285.8559079 61.7401244 -287.3394650 69.4844405 -292.8307263 63.7952855 -294.7380558 63.0281327 -292.3630977 62.9760462 -292.1827387 65.6999375 -278.5909973 59.8862417 -280.0745545 60.5042026 -282.4961913 65.0997541 -276.2390263 58.7348770 -275.0645355 59.2360835 -277.5128142 64.6138960 -273.8657209 58.7330339 -275.0554611 66.9358593 -283.4342710 66.3178984 -281.0126342 61.6593555 -259.2032806 55.7709306 -260.3554894 56.2646145 -262.8054847 61.2384896 -256.8422862 55.3199977 -257.8301256 55.7583761 -260.2893631 55.2996657 -257.6994584 58.4740045 -234.6832257 52.5045628 -235.2880116 53.0083979 -240.2610342 53.0150901 -240.3210571 57.7205403 -227.2462801 51.7445753 -227.7832695 51.7488102 -227.8284779 51.5261773 -225.2393311 51.5303494 -225.2935720 51.0189723 -217.7587864 50.6808356 -212.7717566 56.3289545 -207.3788394 50.3426989 -207.7847268 48.4829472 -180.3560629 54.4692027 -179.9501754 54.3001344 -177.4566605 54.1310660 -174.9631456 48.3138788 -177.8625480 53.9619977 -172.4696307 47.9757421 -172.8755182 47.6376055 -167.8884883 47.8066738 -170.3820032 53.7929293 -169.9761158 47.2994688 -162.9014585 47.4685371 -165.3949734 53.2857243 -162.4955711 53.1226286 -160.0901437 53.1040385 -157.9912316 47.1236459 -160.2315699 47.1548169 -157.1574347 47.1016398 -157.7469686 53.4557792 -156.1501262 54.0996823 -154.6530738 47.8146225 -154.0802091 48.7696120 -151.8598920 54.9708022 -153.6404703 50.8811665 -149.1941330 49.2512618 -151.0887599 51.9881654 -148.3870035 57.9414597 -152.6746599 60.7136264 -147.0204069 58.2414722 -146.6534538 57.0899566 -146.7064213 59.8326713 -152.9553810 66.1414658 -108.8980949 64.8386914 -106.7652612 61.0211085 -112.0257043 63.5359169 -104.6324275 59.7183340 -109.8928706 58.4155596 -107.7600369 40.6790175 -77.4971829 51.9016874 -97.0958686 53.2044619 -99.2287023 57.0296000 -93.9806282 55.7712317 -91.8750250 51.8866969 -97.0710582 50.6047217 -94.9259540 50.5729507 -94.8715010 48.0994674 -90.5279214 60.9303681 -100.3667602 59.6275936 -98.2339265 54.5072363 -101.3615359 55.8100107 -103.4943696 57.1127852 -105.6272033 40.9459313 -65.8409413 35.7320509 -68.8100238 38.2055342 -73.1536034 33.2585676 -64.4664443 34.4953093 -66.6382341 35.9989647 -57.1537823 29.5483427 -57.9510750 30.7850843 -60.1228648 25.8381177 -51.4357058 24.6013761 -49.2639160 22.1278928 -44.9203365 17.1809262 -36.2331774 15.9441845 -34.0613877 13.4707012 -29.7178082 9.7604763 -23.2024389 12.5008734 -15.8897768 6.0502513 -16.6870696 7.2869930 -18.8588594 8.7906484 -9.3744075 2.3400264 -10.1717003 3.5767680 -12.3434901 6.3171652 -5.0308280 -0.1334569 -5.8281208 1.1032847 -7.9999105 -27.1834836 53.5524958 -32.1480517 62.2296079 -40.8360460 77.4145540 -49.5240402 92.5995001 -53.7760440 103.4509583 -33.3831520 105.8606136 6.6870755 79.7419902 32.6336674 65.4165078 33.6495730 71.8363315 70.5241390 45.3943448 60.5313027 53.1814144 78.1711480 31.1680846 101.8697870 6.2230559 108.0732471 8.1629745 135.5911102 -33.9944386 151.4292340 -43.5452327 154.6407885 -47.3754702 186.7563344 -85.6778459 219.9231139 -110.3243618 217.8243743 -108.9673456 224.1205930 -113.0383942 227.4848442 -124.6051054 231.7608757 -120.3955438 247.5865713 -152.9504332 260.2880807 -211.4536062 262.9370570 -215.6924418 273.5329626 -232.6477840 309.0936187 -278.2055137 309.3144131 -289.8627201 318.3790199 -293.0326900 315.9468425 -300.4535603 327.6644211 -307.8598663 345.7168776 -352.5227533 340.3835351 -335.5739783 343.6155979 -345.3255018 342.7376466 -363.7910819 349.1939299 -364.5411533 348.5055937 -362.1385726 380.1690605 -472.6572837 386.1994710 -515.1341404 406.3464529 -584.7556448 414.1941552 -590.2900260 409.8200705 -596.7593525 423.9202844 -623.9004075 418.8514762 -627.9689924 428.7833490 -640.7055982 434.3357133 -659.9238112 432.5908284 -675.9978612 443.0711249 -691.2368644 446.8540450 -708.8105711 446.6293789 -706.3214496 445.9060270 -717.2946979 442.0891664 -724.6834952 437.1466470 -721.2804269 436.2679106 -730.5445268 425.4260100 -793.0372831 426.6397331 -821.3731468 410.9216283 -831.7052739 414.6938542 -836.3711553 414.7120392 -836.3563945 335.1517317 -884.2984425 320.7611831 -894.2471079 304.3148419 -905.6170113 285.8790851 -923.7015749 279.8610766 -924.3219067 264.0147587 -919.4696978 261.8523991 -917.8947443 259.7629534 -904.5816852 253.9908672 -906.2205356 253.3295089 -903.8103891 254.0605614 -887.3037635 258.9961677 -878.0933278 265.4669292 -872.5315907 263.5272616 -874.1076270 297.6369124 -852.5505856 300.7907500 -857.6548298 317.4798777 -771.3940843 306.1616169 -756.7666852 301.7789836 -714.0174609 285.8157931 -628.0974395 287.4326430 -670.9599235 255.4247982 -563.2662605 217.3386197 -561.2072374 156.8703373 -578.2045991 141.0671054 -599.1463586 123.6463658 -624.0893926 100.4469666 -682.0987951 99.5156055 -684.4180121 96.7215222 -691.3756629 95.7698078 -709.8461277 88.3392724 -712.2486153 85.5451891 -719.2062661 87.3875579 -730.7190801 84.5934747 -737.6767309 72.1573073 -760.4178312 61.6649228 -768.5003863 59.4915084 -769.7342705 56.6569346 -764.4440212 41.0258997 -767.6785149 30.6255321 -772.0492256 25.3870118 -769.9426384 16.3498032 -764.8008974 15.4189552 -757.0472967 -28.8981028 -762.7927101 -70.2839647 -823.6516430 -78.0298242 -824.6448517 -97.1687991 -852.7790161 -105.6036322 -863.3277691 -115.7418735 -857.7641436 -131.0844190 -856.4358694 -151.7838257 -833.9194875 -155.3185179 -838.7677811 -165.4100549 -831.3842061 -175.4877772 -823.9953949 -169.9245249 -820.6343795 -177.5033216 -822.5176327 -159.3634215 -835.8174928 -153.2990097 -840.2401218 -62.2290939 -811.0032328 -51.1802549 -782.4834843 -47.1528195 -776.1592792 -41.2943486 -767.8427369 -41.2823259 -767.8262507 -36.5984654 -761.8118279 -25.2718854 -753.4287703 -25.7888313 -753.6504193 -7.6402482 -749.7538927 8.2000843 -759.7818686 10.6515330 -754.3044143 71.7677960 -750.9131096 113.4403309 -649.6163809 124.5784774 -637.9200175 121.7907231 -628.7306632 131.0732269 -621.6755704 134.7845123 -612.3930292 131.1395415 -605.3618089 138.1388287 -591.8394406 143.7792793 -583.2848283 160.9538976 -567.2916174 192.3080186 -555.1755177 200.3329889 -560.3154858 199.7592907 -554.3422412 242.8536972 -557.8141583 243.4315736 -557.9675753 263.9536335 -569.4532138 263.9239131 -569.4246867 267.8663433 -582.5599865 272.7004651 -579.0059372 274.2949891 -581.1862496 283.3829434 -613.3006674 298.4916207 -696.8344147 321.4659055 -801.7184059 332.7616772 -825.4230911 331.6824117 -830.8784571 328.2564953 -837.9048532 322.5212357 -843.9442441 341.3191097 -880.0347287 357.7654509 -868.6648253 361.1774592 -873.6002280 383.7911784 -857.9666109 396.1259343 -849.4391834 394.7697187 -843.0825428 421.0678857 -773.5241184 418.8888236 -763.7675361 417.7177727 -756.8789186 412.4883285 -762.6362253 416.3502577 -738.9012328 429.4356122 -734.9119481 428.7950031 -728.4438866 435.2770953 -685.6271489 429.2329948 -663.9612516 432.9516901 -655.1100474 423.0198173 -642.3734416 400.7886648 -565.5497126 362.6993975 -433.4659215 364.0760699 -438.2710829 388.2836415 -522.3363650 383.4205769 -505.5311742 381.3364064 -498.3289496 382.0311299 -500.7296912 359.9460525 -423.8555988 356.5043713 -411.8426954 355.8160351 -409.4401148 330.2577083 -312.5536596 298.4884348 -261.2593123 293.4002854 -264.4390506 282.8043799 -247.4837084 306.4406469 -273.9691776 254.9901279 -202.9759351 253.5225349 -187.0259453 246.9712670 -186.5994861 251.0959055 -177.8972552 245.2017489 -179.0200658 252.6848466 -184.7656702 240.5166632 -149.6336271 228.2130878 -116.8744639 193.3377507 -100.4903883 191.5461443 -90.9845112 187.4134162 -95.3342885 142.0142193 -41.6549137 135.3714610 -24.3940448 132.3795556 -30.1642010 117.9275600 -12.9281320 111.5044508 -5.2676568 95.3593130 13.6300142 86.9138913 22.8403273 74.3383536 34.3765874 -1.9817392 90.5589522 -17.7533087 98.1300437 -20.0063901 99.2116282 -22.6029822 93.8025886 -24.8560636 94.8841731 -4.2348205 91.6405367 -6.4879019 92.7221212 -9.0844940 87.3130816 -19.7366314 40.5368277 -3.6017850 12.3362134 11.2641317 -13.7179871 16.2110983 -22.4051461 44.3892425 -84.0125522 49.6031229 -81.0434696 48.3663812 -78.8716799 64.9294318 -118.4242053 71.4433039 -129.0883736 75.3516272 -135.4868746 82.9478489 -137.3076190 84.1020463 -143.7054940 76.8660379 -145.5776169 75.7712594 -152.9904670 65.2213298 -153.6693337 50.0045622 -202.7976970 57.1742962 -219.8464139 54.6401876 -252.7446737 60.2579981 -249.4756669 58.2393500 -272.6054658 67.3286757 -304.2312278 87.6387660 -358.0386207 101.3420542 -376.8564808 100.2780224 -390.6775825 111.4409223 -408.2152425 111.4933255 -423.7835848 90.7695208 -478.4014389 79.1524818 -489.6105108 78.1192278 -491.8846159 77.3548589 -508.0702905 62.2496579 -534.5892188 49.7014877 -550.3644712 48.0343831 -552.2920513 34.6639672 -556.6670548 38.7276524 -561.0819539 28.7388933 -569.0385494 12.7934018 -572.3097501 15.9453311 -577.4153170 8.5998483 -574.6396072 -79.8855193 -621.4408463 -76.8614541 -626.6230302 -136.7487771 -671.2724908 -135.6453558 -679.0590194 -147.2706077 -692.1325558 -151.7543260 -688.1455431 -151.7685363 -697.6890241 -173.1025783 -719.6464124 -169.0872679 -724.7575261 -192.2034204 -766.2324355 -182.2467278 -756.5898952 -181.3743528 -754.2478528 -193.0637794 -768.5789186 -194.4078306 -789.6176076 -187.3469571 -793.6347845 -194.5270638 -787.1212134 -194.7655301 -782.1284249 -194.7664612 -781.8632234 -186.9969637 -752.1535161 -184.4052605 -745.1389812 -178.7690374 -747.1964042 -171.5283378 -729.1194042 -175.5436483 -724.0082905 -176.7641832 -726.1892296 -175.3410414 -737.8055547 -165.4256631 -718.2147090 -170.6615084 -715.2845344 -124.2173078 -658.8913705 -131.3711244 -665.8743583 -120.6403994 -655.3998766 -113.4865828 -648.4168889 -92.7531968 -638.0131451 -90.5350156 -628.6699402 -4.1367995 -588.0501118 16.9972846 -569.6772167 54.4524505 -535.0232228 87.6996486 -485.2418841 86.3187913 -473.6646459 91.7928116 -476.1212905 92.8161023 -473.8411421 110.1324872 -400.8325734 82.5483987 -327.8987227 76.9258751 -329.9932938 87.8587990 -341.8888588 73.4359844 -320.6252698 68.2011484 -306.5732338 73.8236720 -304.4786627 61.1221635 -284.9178281 59.2682808 -277.6529176 53.3169775 -242.8017130 51.1880406 -220.2523013 48.1448105 -175.3690331 47.1304004 -160.4079436 47.6238109 -154.7025935 54.6659000 -147.2978040 45.6259841 -86.1843419 62.2331425 -102.4995939 10.9972179 -25.3742286 10.0273901 -11.5461973 4.8135097 -14.5152798 -32.3913340 50.5728491 -36.1147601 57.0806832 -54.2082947 110.8464257 50.4910227 60.6210242 85.8553165 32.5603337 97.0483974 11.7879516 101.4706920 15.8429867 136.9772383 -26.3091636 167.7066560 -72.2968143 173.9101160 -70.3568957 241.7820002 -154.4692993 340.6577521 -356.6033721 346.4173042 -354.9218371 416.9730493 -599.8929921 414.6831351 -613.5645432 418.1567527 -625.5682509 437.2917954 -692.8491147 439.3064956 -700.0710804 427.7450768 -816.4984142 296.0916713 -911.3019629 299.5036795 -916.2373656 295.3920942 -919.0798415 261.9917339 -918.0021925 265.5860611 -913.1971370 262.8872433 -883.2996443 257.7234717 -880.2442453 281.1117093 -636.4692614 279.0843345 -624.1386179 282.9774685 -610.8345387 277.4624348 -614.2741032 106.0147798 -684.3347415 81.7993914 -744.6343817 68.7189545 -764.0458516 70.4381309 -762.2318414 41.1720759 -773.6769294 -116.3355837 -863.7386760 -178.0794308 -812.5609220 -182.8694481 -816.1744846 -185.2478352 -800.3598730 -64.6050396 -803.5641680 -63.2625611 -801.4560996 -52.8317447 -796.2467542 -45.7777626 -774.0413381 -18.6763946 -757.6101939 8.3520021 -753.3254566 125.5062987 -635.5993822 148.7137714 -586.6981533 192.9748425 -561.1383480 195.4585998 -560.8605892 194.7917759 -554.8977589 269.3270172 -574.6822247 269.2868787 -584.4921603 274.1808688 -581.0195422 277.8893396 -588.2172138 323.1182999 -787.9552445 332.8126021 -824.9329725 317.7997251 -847.1452338 418.3440580 -761.3283905 366.8294149 -447.8814056 387.0999382 -496.6611062 343.4259829 -366.1936626 249.5044578 -165.6898005 243.5480603 -166.4118315 247.0279651 -186.7675602 196.7922119 -95.5833089 125.9564464 -22.5037259 82.0225221 35.7688365 80.1061249 37.3730879 -20.3499009 92.7210041 -6.8314127 86.2314971 7.5539068 -7.2026178 -6.3273513 5.0180107 78.1456961 -142.8861619 74.4132601 -147.1447876 54.2096932 -147.4487138 56.3221419 -153.0697153 55.1454761 -189.9242351 95.9294617 -362.8842549 111.5674770 -421.2854451 104.1204116 -430.4513829 84.6156521 -492.0911908 62.5992910 -522.9849455 40.5466980 -559.3681063 18.0635251 -576.0888726 -155.0759230 -691.9871188 -170.3078029 -726.9384652 -174.3231133 -721.8273515 -181.8342634 -738.0958440 -135.0355621 -669.4549235 -127.1800577 -670.1679535 -86.8430033 -633.3995328 -61.7507149 -618.1012085 -62.3095860 -611.6255723 95.8859745 -467.0006969 74.6961447 -306.8206687 53.6509704 -245.3124966 59.2710015 -242.0601736 53.3212313 -242.8351043 52.2526453 -232.8015004 58.3248192 -96.1010929 43.1525008 -81.8407624 39.7091897 -63.6691515 30.5051320 66.7262932 204.0791537 -107.2248488 430.8675196 -647.9078228 421.8639764 -815.3023263 291.9812990 -914.1436001 258.4394906 -897.9333607 306.0007231 -733.3549437 66.0831825 -758.1045633 -163.3945104 -832.8619683 -171.9400694 -819.1566173 -184.3433899 -802.6185570 -0.3866756 -756.7548040 119.0115492 -651.8438293 147.2919850 -588.7535667 142.3574929 -585.3402416 286.2212680 -630.5635682 295.2042577 -679.6513685 324.7292776 -792.6870046 357.0658739 -876.4427039 434.3407576 -659.9416795 395.9256002 -548.7445218 391.2682792 -511.0655554 253.6135368 -200.6702424 193.5245457 -100.6167061 146.8315512 -47.4002701 98.4667481 -386.0188179 30.7094164 -567.5012663 58.2220870 -232.1967144 53.4547927 -164.9890860 58.5232467 54.6693363 249.2037030 -163.2087227 332.9581223 -333.1557048 415.5836022 -595.0915091 433.2623951 -678.4051832 324.1731914 -899.1825106 -159.8468026 -828.0231906 -189.8888139 -804.9104242 132.2626212 -602.9800074 413.7125542 -743.9838897 265.3762301 -208.2738679 253.6772328 -200.7821117 195.6460020 -101.9379266 103.4755643 4.3079371 104.9646028 -386.1740101 105.5701185 -421.1074273 -188.3596912 -777.4239894 -177.9120384 -744.8486918 62.1463912 -261.6202831 54.3104485 -250.2672813 53.6238610 -167.4826009 314.3995622 -286.6781859 416.8464528 -782.1493900 326.2289840 -897.7612727 101.3779635 -679.7804852 -66.2565293 -817.3274379 -189.8369078 -805.0321942 63.6266573 -116.2913716 99.3723853 -388.3482002 85.6485142 -489.8122760 14.8790905 -571.0036610 -193.6354133 -771.6662504 -176.1980404 -740.1532671 -102.3991781 -637.9319987 72.9511993 -302.1366567 424.0987885 -738.8035226 422.7021823 -780.8415552 318.2853666 -773.7599643 106.9468688 -682.0137104 -71.3174319 -814.1045099 -183.4419761 -804.6102417 27.9067524 -764.4973737 416.3016873 -779.7102444 420.9356467 -635.1712170 -69.9749534 -811.9964415 -188.8100125 -807.3011316 -188.5806488 -807.7168066 361.3227250 -428.6607602 251.5726674 -180.3075434 169.3124333 -74.2119331 -164.2051281 -716.0337700 -141.6862845 -841.2811910 -156.0901611 -703.8159617 -141.1819602 -849.0741660 -153.4150762 -690.0131911 -119.5735159 -856.4681492 -134.9480327 -669.3658522 -113.4651330 -857.9071485 -106.8857889 -857.4663636 -104.3385603 -639.5049893 -100.7054036 -855.1790741 -64.9140509 -815.2193695 -63.5715724 -813.1113012 -68.6324750 -809.8883731 -67.2899965 -807.7803048 -33.4812274 -767.5152504 25.0482920 -564.3078558 36.4322130 -555.0010693 -27.9603406 -754.8337265 -9.4703789 -755.9906244 57.7129589 -540.6922249 6.0017891 -758.8460090 85.6530671 -489.8021809 43.4754410 -767.5990425 50.1166707 -766.6073894 101.3246749 -439.5588185 58.7027001 -763.2826055 67.8023589 -756.2905531 104.0589657 -383.8446278 107.8776930 -679.6914529 115.2959736 -644.9751103 71.2062540 -297.4526447 63.8387850 -294.8632038 164.2977801 -572.2734293 174.7403689 -566.6138616 54.6382711 -182.4436904 176.9847013 -559.1340371 186.9185017 -556.1734610 76.0171846 -152.9278280 232.7048570 -556.2331067 232.9318089 -556.2571617 84.1578861 -142.9407898 235.4513653 -556.6219798 261.6941423 -567.3785750 262.1112363 -567.7085410 -53.8747738 100.6778845 -59.5653272 98.7360240 -59.7680849 99.4853643 -54.8104890 110.5567213 -51.9082040 105.2946128 -4.5783313 85.1499126 -0.0721686 82.9867437 312.6055279 -775.6937255 54.9511481 49.8485364 315.8274834 -785.1572456 76.2547508 32.7723360 326.6855463 -820.1253085 326.8636961 -822.4720604 332.8575135 -822.1632048 332.8654393 -822.4542252 267.3108990 -878.7642447 207.3306765 -102.1822646 258.9018292 -891.7189910 252.5939683 -900.7752033 240.5113423 -133.3527477 240.7125225 -133.7317785 267.5378422 -914.6129620 273.2930185 -917.3350377 261.4027655 -201.9156146 279.6842204 -918.3245138 322.8169758 -892.8258700 339.9573256 -354.2042883 412.8468533 -830.1300567 417.3709180 -825.3215993 427.7925846 -816.2348357 440.6536707 -706.8608121 446.8166479 -711.6188600 438.4769776 -719.2799507 412.9542727 -746.3653199 412.1959911 -748.7467501 418.6714431 -748.1857490</float_array><technique_common><accessor source="#uv-array" count="2858" stride="2"><param name="S" type="float" /><param name="T" type="float" /></accessor></technique_common></source><source id="normals"><float_array id="normals-array" count="3">0.0000000 0.0000000 1.0000000</float_array><technique_common><accessor source="#normals-array" count="1" stride="3"><param name="X" type="float" /><param name="Y" type="float" /><param name="Z" type="float" /></accessor></technique_common></source><vertices id="road-vertices"><input semantic="POSITION" source="#positions" /></vertices><triangles count="2858" material="asphalt"><input semantic="VERTEX" source="#road-vertices" offset="0" /><input semantic="TEXCOORD" source="#uv" offset="1" set="0" /><input semantic="NORMAL" source="#normals" offset="2" /><p>0 0 0 1 1 0 2 2 0 3 3 0 4 4 0 0 0 0 5 5 0 6 6 0 7 7 0 8 8 0 9 9 0 10 10 0 11 11 0 12 12 0 8 8 0 13 13 0 14 14 0 12 12 0 15 15 0 16 16 0 13 13 0 17 17 0 18 18 0 16 16 0 19 19 0 17 17 0 20 20 0 21 21 0 22 22 0 23 23 0 24 24 0 25 25 0 22 22 0 26 26 0 27 27 0 24 24 0 27 27 0 28 28 0 29 29 0 30 30 0 31 31 0 28 28 0 32 32 0 30 30 0 33 33 0 33 33 0 34 34 0 32 32 0 35 35 0 36 36 0 37 37 0 37 37 0 38 38 0 35 35 0 39 39 0 40 40 0 41 41 0 39 39 0 42 42 0 40 40 0 43 43 0 44 44 0 45 45 0 46 46 0 43 43 0 47 47 0 47 47 0 48 48 0 46 46 0 49 49 0 50 50 0 51 51 0 52 52 0 53 53 0 54 54 0 55 55 0 56 56 0 57 57 0 58 58 0 59 59 0 60 60 0 61 61 0 62 62 0 63 63 0 64 64 0 65 65 0 66 66 0 67 67 0 68 68 0 69 69 0 69 69 0 70 70 0 71 71 0 72 72 0 73 73 0 74 74 0 75 75 0 76 76 0 73 73 0 77 77 0 78 78 0 79 79 0 73 73 0 79 79 0 80 80 0 78 78 0 80 80 0 79 79 0 66 66 0 77 77 0 64 64 0 81 81 0 82 82 0 83 83 0 84 84 0 85 85 0 86 86 0 84 84 0 87 87 0 85 85 0 88 88 0 89 89 0 90 90 0 68 68 0 61 61 0 63 63 0 91 91 0 92 92 0 93 93 0 94 94 0 95 95 0 96 96 0 94 94 0 97 97 0 95 95 0 98 98 0 99 99 0 100 100 0 101 101 0 102 102 0 103 103 0 104 104 0 105 105 0 106 106 0 105 105 0 107 107 0 108 108 0 105 105 0 108 108 0 109 109 0 110 110 0 104 104 0 111 111 0 112 112 0 113 113 0 114 114 0 115 115 0 116 116 0 117 117 0 118 118 0 119 119 0 120 120 0 118 118 0 121 121 0 119 119 0 122 122 0 123 123 0 124 124 0 125 125 0 126 126 0 127 127 0 128 128 0 129 129 0 130 130 0 131 131 0 132 132 0 133 133 0 134 134 0 135 135 0 136 136 0 137 137 0 138 138 0 139 139 0 140 140 0 141 141 0 142 142 0 143 143 0 144 144 0 145 145 0 146 146 0 147 147 0 148 148 0 149 149 0 150 150 0 151 151 0 152 152 0 153 153 0 154 154 0 155 155 0 156 156 0 157 157 0 158 158 0 159 159 0 160 160 0 161 161 0 162 162 0 163 163 0 164 164 0 165 165 0 166 166 0 167 167 0 168 168 0 169 169 0 170 170 0 171 171 0 172 172 0 173 173 0 174 174 0 175 175 0 176 176 0 177 177 0 178 178 0 179 179 0 180 180 0 181 181 0 182 182 0 183 183 0 184 184 0 185 185 0 186 186 0 187 187 0 188 188 0 187 187 0 186 186 0 187 187 0 182 182 0 184 184 0 189 189 0 190 190 0 191 191 0 190 190 0 192 192 0 191 191 0 192 192 0 193 193 0 194 194 0 195 195 0 196 196 0 193 193 0 197 197 0 198 198 0 199 199 0 197 197 0 200 200 0 198 198 0 197 197 0 201 201 0 200 200 0 202 202 0 203 203 0 204 204 0 205 205 0 206 206 0 207 207 0 208 208 0 207 207 0 206 206 0 209 209 0 210 210 0 211 211 0 211 211 0 212 212 0 209 209 0 213 213 0 214 214 0 215 215 0 216 216 0 217 217 0 218 218 0 216 216 0 219 219 0 217 217 0 220 220 0 221 221 0 222 222 0 223 223 0 224 224 0 225 225 0 226 226 0 227 227 0 228 228 0 229 229 0 230 230 0 231 231 0 232 232 0 233 233 0 234 234 0 234 234 0 235 235 0 232 232 0 236 236 0 237 237 0 238 238 0 239 239 0 240 240 0 241 241 0 242 242 0 243 243 0 244 244 0 245 245 0 246 246 0 247 247 0 248 248 0 249 249 0 250 250 0 249 249 0 251 251 0 250 250 0 252 252 0 253 253 0 254 254 0 254 254 0 255 255 0 252 252 0 256 256 0 252 252 0 257 257 0 258 258 0 259 259 0 260 260 0 259 259 0 261 261 0 262 262 0 263 263 0 264 264 0 265 265 0 265 265 0 266 266 0 267 267 0 268 268 0 269 269 0 270 270 0 271 271 0 272 272 0 273 273 0 273 273 0 274 274 0 271 271 0 275 275 0 276 276 0 277 277 0 278 278 0 279 279 0 280 280 0 281 281 0 278 278 0 280 280 0 280 280 0 282 282 0 281 281 0 282 282 0 283 283 0 284 284 0 285 285 0 286 286 0 287 287 0 287 287 0 288 288 0 285 285 0 289 289 0 290 290 0 291 291 0 292 292 0 293 293 0 294 294 0 295 295 0 296 296 0 297 297 0 298 298 0 299 299 0 296 296 0 298 298 0 300 300 0 299 299 0 301 301 0 302 302 0 303 303 0 304 304 0 305 305 0 306 306 0 307 307 0 308 308 0 309 309 0 310 310 0 311 311 0 312 312 0 313 313 0 314 314 0 315 315 0 316 316 0 317 317 0 318 318 0 319 319 0 320 320 0 321 321 0 322 322 0 323 323 0 324 324 0 325 325 0 326 326 0 327 327 0 328 328 0 329 329 0 330 330 0 331 331 0 332 332 0 333 333 0 334 334 0 335 335 0 336 336 0 337 337 0 338 338 0 339 339 0 340 340 0 341 341 0 342 342 0 343 343 0 344 344 0 345 345 0 346 346 0 347 347 0 348 348 0 349 349 0 350 350 0 351 351 0 352 352 0 353 353 0 354 354 0 355 355 0 356 356 0 357 357 0 358 358 0 359 359 0 360 360 0 361 361 0 362 362 0 363 363 0 364 364 0 365 365 0 366 366 0 367 367 0 368 368 0 369 369 0 370 370 0 371 371 0 372 372 0 371 371 0 373 373 0 374 374 0 375 375 0 376 376 0 377 377 0 376 376 0 378 378 0 379 379 0 380 380 0 379 379 0 381 381 0 382 382 0 383 383 0 384 384 0 385 385 0 386 386 0 387 387 0 388 388 0 389 389 0 385 385 0 390 390 0 391 391 0 392 392 0 393 393 0 394 394 0 395 395 0 396 396 0 397 397 0 398 398 0 399 399 0 400 400 0 401 401 0 402 402 0 403 403 0 399 399 0 404 404 0 405 405 0 406 406 0 407 407 0 408 408 0 409 409 0 410 410 0 411 411 0 412 412 0 413 413 0 414 414 0 415 415 0 412 412 0 416 416 0 410 410 0 414 414 0 417 417 0 416 416 0 416 416 0 418 418 0 414 414 0 419 419 0 420 420 0 421 421 0 421 421 0 422 422 0 423 423 0 424 424 0 425 425 0 426 426 0 427 427 0 428 428 0 429 429 0 430 430 0 431 431 0 428 428 0 432 432 0 433 433 0 434 434 0 435 435 0 434 434 0 433 433 0 433 433 0 436 436 0 435 435 0 434 434 0 437 437 0 432 432 0 438 438 0 439 439 0 440 440 0 441 441 0 440 440 0 442 442 0 443 443 0 444 444 0 445 445 0 443 443 0 445 445 0 446 446 0 447 447 0 448 448 0 449 449 0 447 447 0 450 450 0 448 448 0 451 451 0 452 452 0 453 453 0 454 454 0 455 455 0 456 456 0 454 454 0 457 457 0 455 455 0 458 458 0 459 459 0 460 460 0 461 461 0 462 462 0 463 463 0 464 464 0 465 465 0 461 461 0 465 465 0 466 466 0 467 467 0 468 468 0 469 469 0 470 470 0 471 471 0 472 472 0 473 473 0 474 474 0 475 475 0 476 476 0 476 476 0 477 477 0 474 474 0 478 478 0 479 479 0 480 480 0 481 481 0 482 482 0 483 483 0 484 484 0 485 485 0 486 486 0 487 487 0 488 488 0 489 489 0 490 490 0 491 491 0 488 488 0 484 484 0 492 492 0 485 485 0 484 484 0 493 493 0 492 492 0 494 494 0 495 495 0 496 496 0 497 497 0 498 498 0 499 499 0 497 497 0 499 499 0 500 500 0 501 501 0 502 502 0 498 498 0 503 503 0 504 504 0 505 505 0 506 506 0 507 507 0 508 508 0 509 509 0 510 510 0 511 511 0 512 512 0 513 513 0 514 514 0 513 513 0 515 515 0 516 516 0 517 517 0 518 518 0 519 519 0 520 520 0 521 521 0 522 522 0 523 523 0 524 524 0 520 520 0 525 525 0 520 520 0 524 524 0 526 526 0 527 527 0 528 528 0 529 529 0 526 526 0 530 530 0 531 531 0 532 532 0 533 533 0 534 534 0 533 533 0 535 535 0 535 535 0 536 536 0 537 537 0 538 538 0 539 539 0 540 540 0 540 540 0 541 541 0 542 542 0 541 541 0 543 543 0 544 544 0 545 545 0 546 546 0 547 547 0 548 548 0 549 549 0 550 550 0 548 548 0 545 545 0 547 547 0 546 546 0 551 551 0 552 552 0 553 553 0 554 554 0 551 551 0 555 555 0 556 556 0 557 557 0 555 555 0 558 558 0 556 556 0 559 559 0 560 560 0 561 561 0 562 562 0 563 563 0 564 564 0 564 564 0 565 565 0 562 562 0 566 566 0 567 567 0 568 568 0 566 566 0 568 568 0 569 569 0 570 570 0 571 571 0 572 572 0 572 572 0 573 573 0 570 570 0 571 571 0 574 574 0 572 572 0 575 575 0 576 576 0 577 577 0 578 578 0 579 579 0 580 580 0 581 581 0 582 582 0 583 583 0 583 583 0 584 584 0 581 581 0 585 585 0 586 586 0 587 587 0 588 588 0 589 589 0 590 590 0 588 588 0 591 591 0 589 589 0 592 592 0 593 593 0 594 594 0 595 595 0 596 596 0 593 593 0 597 597 0 598 598 0 599 599 0 600 600 0 601 601 0 598 598 0 602 602 0 603 603 0 604 604 0 605 605 0 606 606 0 607 607 0 608 608 0 609 609 0 610 610 0 611 611 0 612 612 0 613 613 0 614 614 0 615 615 0 616 616 0 617 617 0 618 618 0 619 619 0 620 620 0 621 621 0 622 622 0 623 623 0 624 624 0 625 625 0 626 626 0 627 627 0 628 628 0 629 629 0 630 630 0 631 631 0 632 632 0 633 633 0 634 634 0 634 634 0 635 635 0 632 632 0 636 636 0 637 637 0 638 638 0 639 639 0 640 640 0 641 641 0 642 642 0 641 641 0 640 640 0 643 643 0 644 644 0 645 645 0 646 646 0 647 647 0 648 648 0 649 649 0 650 650 0 651 651 0 652 652 0 653 653 0 654 654 0 655 655 0 656 656 0 653 653 0 657 657 0 658 658 0 655 655 0 659 659 0 655 655 0 658 658 0 660 660 0 661 661 0 662 662 0 663 663 0 660 660 0 664 664 0 665 665 0 663 663 0 664 664 0 664 664 0 666 666 0 665 665 0 667 667 0 668 668 0 669 669 0 670 670 0 671 671 0 672 672 0 673 673 0 674 674 0 675 675 0 676 676 0 677 677 0 678 678 0 679 679 0 680 680 0 681 681 0 682 682 0 683 683 0 684 684 0 685 685 0 686 686 0 687 687 0 688 688 0 689 689 0 690 690 0 691 691 0 692 692 0 693 693 0 694 694 0 695 695 0 696 696 0 697 697 0 698 698 0 699 699 0 700 700 0 701 701 0 702 702 0 703 703 0 704 704 0 701 701 0 705 705 0 706 706 0 707 707 0 705 705 0 708 708 0 706 706 0 709 709 0 710 710 0 711 711 0 712 712 0 713 713 0 714 714 0 715 715 0 716 716 0 717 717 0 718 718 0 719 719 0 720 720 0 721 721 0 722 722 0 723 723 0 724 724 0 725 725 0 726 726 0 727 727 0 728 728 0 729 729 0 730 730 0 731 731 0 732 732 0 733 733 0 734 734 0 735 735 0 736 736 0 737 737 0 738 738 0 739 739 0 740 740 0 741 741 0 742 742 0 743 743 0 744 744 0 745 745 0 742 742 0 746 746 0 747 747 0 748 748 0 749 749 0 748 748 0 750 750 0 751 751 0 752 752 0 753 753 0 754 754 0 755 755 0 756 756 0 757 757 0 758 758 0 759 759 0 760 760 0 761 761 0 758 758 0 762 762 0 763 763 0 764 764 0 765 765 0 766 766 0 767 767 0 768 768 0 769 769 0 770 770 0 771 771 0 772 772 0 771 771 0 770 770 0 773 773 0 774 774 0 775 775 0 776 776 0 777 777 0 778 778 0 779 779 0 780 780 0 781 781 0 782 782 0 779 779 0 781 781 0 783 783 0 782 782 0 784 784 0 785 785 0 783 783 0 786 786 0 787 787 0 788 788 0 789 789 0 790 790 0 791 791 0 788 788 0 792 792 0 790 790 0 793 793 0 794 794 0 795 795 0 792 792 0 796 796 0 797 797 0 798 798 0 795 795 0 799 799 0 800 800 0 801 801 0 800 800 0 799 799 0 802 802 0 801 801 0 796 796 0 803 803 0 804 804 0 805 805 0 805 805 0 806 806 0 807 807 0 806 806 0 808 808 0 809 809 0 810 810 0 811 811 0 812 812 0 811 811 0 813 813 0 814 814 0 815 815 0 816 816 0 817 817 0 816 816 0 818 818 0 819 819 0 820 820 0 821 821 0 822 822 0 821 821 0 823 823 0 824 824 0 821 821 0 825 825 0 823 823 0 826 826 0 827 827 0 828 828 0 829 829 0 830 830 0 827 827 0 831 831 0 832 832 0 833 833 0 833 833 0 834 834 0 831 831 0 834 834 0 835 835 0 836 836 0 837 837 0 838 838 0 839 839 0 837 837 0 840 840 0 838 838 0 841 841 0 842 842 0 843 843 0 843 843 0 844 844 0 841 841 0 845 845 0 846 846 0 847 847 0 848 848 0 849 849 0 850 850 0 850 850 0 851 851 0 848 848 0 852 852 0 853 853 0 854 854 0 855 855 0 856 856 0 857 857 0 858 858 0 859 859 0 856 856 0 860 860 0 861 861 0 862 862 0 863 863 0 864 864 0 861 861 0 863 863 0 865 865 0 866 866 0 867 867 0 868 868 0 869 869 0 870 870 0 871 871 0 872 872 0 873 873 0 874 874 0 875 875 0 876 876 0 877 877 0 878 878 0 879 879 0 880 880 0 881 881 0 882 882 0 883 883 0 884 884 0 885 885 0 886 886 0 882 882 0 887 887 0 888 888 0 889 889 0 890 890 0 887 887 0 891 891 0 892 892 0 893 893 0 894 894 0 895 895 0 896 896 0 893 893 0 897 897 0 895 895 0 898 898 0 899 899 0 900 900 0 901 901 0 902 902 0 901 901 0 903 903 0 904 904 0 902 902 0 905 905 0 905 905 0 906 906 0 907 907 0 908 908 0 909 909 0 910 910 0 910 910 0 911 911 0 908 908 0 912 912 0 913 913 0 914 914 0 915 915 0 916 916 0 917 917 0 915 915 0 918 918 0 919 919 0 920 920 0 921 921 0 922 922 0 923 923 0 924 924 0 921 921 0 925 925 0 926 926 0 927 927 0 925 925 0 928 928 0 926 926 0 929 929 0 930 930 0 931 931 0 932 932 0 933 933 0 934 934 0 934 934 0 935 935 0 932 932 0 936 936 0 937 937 0 938 938 0 938 938 0 939 939 0 936 936 0 938 938 0 940 940 0 939 939 0 941 941 0 942 942 0 943 943 0 944 944 0 945 945 0 946 946 0 947 947 0 948 948 0 949 949 0 950 950 0 951 951 0 952 952 0 953 953 0 952 952 0 951 951 0 951 951 0 954 954 0 953 953 0 955 955 0 956 956 0 957 957 0 958 958 0 959 959 0 960 960 0 961 961 0 962 962 0 963 963 0 958 958 0 960 960 0 962 962 0 964 964 0 965 965 0 966 966 0 964 964 0 967 967 0 965 965 0 968 968 0 969 969 0 970 970 0 971 971 0 972 972 0 973 973 0 973 973 0 974 974 0 975 975 0 975 975 0 976 976 0 973 973 0 969 969 0 968 968 0 977 977 0 959 959 0 958 958 0 978 978 0 948 948 0 979 979 0 980 980 0 981 981 0 949 949 0 948 948 0 982 982 0 983 983 0 984 984 0 943 943 0 985 985 0 941 941 0 985 985 0 986 986 0 987 987 0 988 988 0 989 989 0 986 986 0 940 940 0 990 990 0 988 988 0 991 991 0 992 992 0 993 993 0 994 994 0 918 918 0 920 920 0 995 995 0 996 996 0 997 997 0 998 998 0 999 999 0 1000 1000 0 999 999 0 1001 1001 0 1000 1000 0 1002 1002 0 1003 1003 0 1001 1001 0 1004 1004 0 1002 1002 0 1005 1005 0 1006 1006 0 1004 1004 0 1007 1007 0 1008 1008 0 1006 1006 0 1009 1009 0 1009 1009 0 1010 1010 0 1011 1011 0 1012 1012 0 1013 1013 0 1014 1014 0 1015 1015 0 1016 1016 0 1017 1017 0 1018 1018 0 1019 1019 0 1016 1016 0 1016 1016 0 1020 1020 0 1018 1018 0 1021 1021 0 1018 1018 0 1020 1020 0 1022 1022 0 1023 1023 0 1021 1021 0 1024 1024 0 1025 1025 0 1026 1026 0 1024 1024 0 1026 1026 0 1027 1027 0 1028 1028 0 881 881 0 1029 1029 0 881 881 0 1030 1030 0 1029 1029 0 1031 1031 0 878 878 0 877 877 0 1032 1032 0 1033 1033 0 1034 1034 0 1035 1035 0 1034 1034 0 1033 1033 0 1036 1036 0 1037 1037 0 1038 1038 0 1038 1038 0 1039 1039 0 1036 1036 0 1040 1040 0 1041 1041 0 1039 1039 0 1042 1042 0 1043 1043 0 1044 1044 0 870 870 0 1045 1045 0 1043 1043 0 1046 1046 0 1047 1047 0 1048 1048 0 1048 1048 0 1049 1049 0 1050 1050 0 1051 1051 0 1052 1052 0 1049 1049 0 1053 1053 0 1054 1054 0 1055 1055 0 1053 1053 0 1056 1056 0 1054 1054 0 865 865 0 1057 1057 0 1058 1058 0 853 853 0 852 852 0 1059 1059 0 842 842 0 1060 1060 0 843 843 0 835 835 0 834 834 0 1061 1061 0 1062 1062 0 1063 1063 0 826 826 0 1064 1064 0 1065 1065 0 1066 1066 0 1067 1067 0 1068 1068 0 1069 1069 0 1070 1070 0 1071 1071 0 1072 1072 0 1073 1073 0 1074 1074 0 1075 1075 0 1076 1076 0 778 778 0 777 777 0 1077 1077 0 776 776 0 1078 1078 0 1079 1079 0 1080 1080 0 1081 1081 0 1082 1082 0 1083 1083 0 1084 1084 0 1084 1084 0 1085 1085 0 1086 1086 0 1087 1087 0 1088 1088 0 1089 1089 0 1090 1090 0 1091 1091 0 1092 1092 0 1093 1093 0 1094 1094 0 1091 1091 0 1095 1095 0 1096 1096 0 1097 1097 0 1097 1097 0 1098 1098 0 1095 1095 0 774 774 0 1099 1099 0 1100 1100 0 1101 1101 0 1102 1102 0 1103 1103 0 1104 1104 0 1101 1101 0 1105 1105 0 1106 1106 0 1107 1107 0 1108 1108 0 1109 1109 0 1106 1106 0 1110 1110 0 1110 1110 0 772 772 0 1111 1111 0 1112 1112 0 769 769 0 1113 1113 0 1114 1114 0 1112 1112 0 1115 1115 0 1116 1116 0 1117 1117 0 1118 1118 0 1119 1119 0 1120 1120 0 1121 1121 0 1121 1121 0 1120 1120 0 1122 1122 0 1121 1121 0 1123 1123 0 1119 1119 0 1124 1124 0 1125 1125 0 1126 1126 0 1126 1126 0 1127 1127 0 1128 1128 0 1127 1127 0 1129 1129 0 1128 1128 0 767 767 0 766 766 0 1130 1130 0 1131 1131 0 1118 1118 0 1132 1132 0 1116 1116 0 1133 1133 0 1134 1134 0 1135 1135 0 1136 1136 0 1133 1133 0 1137 1137 0 1138 1138 0 1139 1139 0 1137 1137 0 1140 1140 0 1138 1138 0 760 760 0 1141 1141 0 758 758 0 1142 1142 0 1143 1143 0 759 759 0 759 759 0 1144 1144 0 1142 1142 0 1145 1145 0 1146 1146 0 1147 1147 0 1148 1148 0 1149 1149 0 1150 1150 0 1150 1150 0 1151 1151 0 1148 1148 0 1152 1152 0 1153 1153 0 1154 1154 0 1154 1154 0 1155 1155 0 1152 1152 0 1154 1154 0 1156 1156 0 1155 1155 0 753 753 0 752 752 0 1157 1157 0 750 750 0 1158 1158 0 1159 1159 0 743 743 0 1160 1160 0 1161 1161 0 1160 1160 0 1162 1162 0 1161 1161 0 1162 1162 0 1163 1163 0 1164 1164 0 1163 1163 0 1165 1165 0 1166 1166 0 1167 1167 0 1166 1166 0 1165 1165 0 1168 1168 0 1169 1169 0 1170 1170 0 741 741 0 1171 1171 0 1172 1172 0 1173 1173 0 736 736 0 738 738 0 1174 1174 0 1175 1175 0 1176 1176 0 1177 1177 0 1178 1178 0 1179 1179 0 1178 1178 0 1174 1174 0 1176 1176 0 1180 1180 0 1181 1181 0 1175 1175 0 1175 1175 0 1182 1182 0 1180 1180 0 1182 1182 0 1183 1183 0 1180 1180 0 1184 1184 0 733 733 0 1185 1185 0 1184 1184 0 1185 1185 0 1186 1186 0 1187 1187 0 1188 1188 0 1189 1189 0 1187 1187 0 1190 1190 0 1188 1188 0 731 731 0 730 730 0 1191 1191 0 1192 1192 0 1193 1193 0 1194 1194 0 1195 1195 0 1196 1196 0 1197 1197 0 729 729 0 1198 1198 0 727 727 0 722 722 0 721 721 0 1199 1199 0 719 719 0 718 718 0 1200 1200 0 1201 1201 0 1202 1202 0 1203 1203 0 711 711 0 1204 1204 0 709 709 0 702 702 0 1205 1205 0 700 700 0 714 714 0 697 697 0 1206 1206 0 699 699 0 694 694 0 1207 1207 0 696 696 0 1208 1208 0 1209 1209 0 1210 1210 0 1211 1211 0 1212 1212 0 686 686 0 1213 1213 0 688 688 0 1214 1214 0 1215 1215 0 685 685 0 683 683 0 682 682 0 1216 1216 0 677 677 0 1217 1217 0 679 679 0 1218 1218 0 1219 1219 0 676 676 0 674 674 0 673 673 0 1220 1220 0 1221 1221 0 1222 1222 0 670 670 0 668 668 0 667 667 0 1223 1223 0 1224 1224 0 1225 1225 0 1226 1226 0 1225 1225 0 1227 1227 0 1228 1228 0 1229 1229 0 1230 1230 0 1227 1227 0 1231 1231 0 1232 1232 0 1233 1233 0 1234 1234 0 1235 1235 0 1236 1236 0 1237 1237 0 1238 1238 0 1239 1239 0 1240 1240 0 1241 1241 0 1238 1238 0 1242 1242 0 1240 1240 0 1243 1243 0 1244 1244 0 1245 1245 0 1246 1246 0 1247 1247 0 1248 1248 0 1249 1249 0 1250 1250 0 1247 1247 0 1251 1251 0 1252 1252 0 1253 1253 0 1254 1254 0 1254 1254 0 1255 1255 0 1252 1252 0 1256 1256 0 1257 1257 0 1258 1258 0 1259 1259 0 631 631 0 630 630 0 1260 1260 0 1259 1259 0 630 630 0 631 631 0 1261 1261 0 1262 1262 0 1263 1263 0 1262 1262 0 1261 1261 0 1264 1264 0 1265 1265 0 1266 1266 0 1265 1265 0 1267 1267 0 1268 1268 0 627 627 0 1269 1269 0 1267 1267 0 1270 1270 0 1271 1271 0 1272 1272 0 1273 1273 0 1274 1274 0 1271 1271 0 1275 1275 0 1276 1276 0 1277 1277 0 1278 1278 0 1279 1279 0 1280 1280 0 615 615 0 614 614 0 1281 1281 0 616 616 0 1282 1282 0 614 614 0 1283 1283 0 1284 1284 0 1285 1285 0 1286 1286 0 1287 1287 0 1288 1288 0 1289 1289 0 1290 1290 0 1291 1291 0 588 588 0 1292 1292 0 591 591 0 577 577 0 1293 1293 0 575 575 0 567 567 0 1294 1294 0 1295 1295 0 1296 1296 0 560 560 0 1297 1297 0 561 561 0 558 558 0 559 559 0 524 524 0 1298 1298 0 1299 1299 0 1300 1300 0 1301 1301 0 1302 1302 0 1301 1301 0 516 516 0 515 515 0 1303 1303 0 511 511 0 510 510 0 1304 1304 0 1305 1305 0 1306 1306 0 1307 1307 0 1304 1304 0 1308 1308 0 1309 1309 0 1307 1307 0 1310 1310 0 1311 1311 0 1309 1309 0 1312 1312 0 1313 1313 0 1314 1314 0 1315 1315 0 1316 1316 0 1317 1317 0 1318 1318 0 1319 1319 0 1320 1320 0 1317 1317 0 1321 1321 0 1319 1319 0 1322 1322 0 1323 1323 0 1321 1321 0 1324 1324 0 1324 1324 0 1325 1325 0 1326 1326 0 1327 1327 0 1328 1328 0 1329 1329 0 1330 1330 0 1327 1327 0 1331 1331 0 508 508 0 503 503 0 506 506 0 505 505 0 1332 1332 0 1333 1333 0 488 488 0 487 487 0 490 490 0 479 479 0 478 478 0 1334 1334 0 1335 1335 0 1336 1336 0 1337 1337 0 1338 1338 0 1339 1339 0 1340 1340 0 1341 1341 0 1342 1342 0 1343 1343 0 1344 1344 0 1345 1345 0 1342 1342 0 1346 1346 0 1347 1347 0 1348 1348 0 1348 1348 0 1349 1349 0 1346 1346 0 1350 1350 0 1351 1351 0 458 458 0 458 458 0 1352 1352 0 1350 1350 0 1353 1353 0 1354 1354 0 1355 1355 0 1356 1356 0 1353 1353 0 1357 1357 0 1357 1357 0 1358 1358 0 1359 1359 0 1360 1360 0 1361 1361 0 1362 1362 0 1360 1360 0 1362 1362 0 1363 1363 0 1364 1364 0 1365 1365 0 1366 1366 0 1364 1364 0 1367 1367 0 1365 1365 0 1368 1368 0 1369 1369 0 1370 1370 0 453 453 0 447 447 0 1371 1371 0 440 440 0 1372 1372 0 438 438 0 1373 1373 0 438 438 0 1374 1374 0 426 426 0 1375 1375 0 424 424 0 1376 1376 0 423 423 0 422 422 0 1377 1377 0 413 413 0 415 415 0 409 409 0 1378 1378 0 407 407 0 406 406 0 1379 1379 0 1380 1380 0 1381 1381 0 396 396 0 1382 1382 0 1383 1383 0 1384 1384 0 1385 1385 0 1384 1384 0 1386 1386 0 1385 1385 0 1386 1386 0 1387 1387 0 1388 1388 0 1387 1387 0 1389 1389 0 1388 1388 0 1390 1390 0 1388 1388 0 1389 1389 0 1389 1389 0 1391 1391 0 1390 1390 0 1392 1392 0 1390 1390 0 1391 1391 0 1393 1393 0 1394 1394 0 1395 1395 0 1396 1396 0 1395 1395 0 1394 1394 0 341 341 0 1397 1397 0 343 343 0 1398 1398 0 1399 1399 0 1400 1400 0 1401 1401 0 1400 1400 0 1402 1402 0 1402 1402 0 1403 1403 0 1404 1404 0 1405 1405 0 1404 1404 0 1406 1406 0 1407 1407 0 1405 1405 0 1408 1408 0 1409 1409 0 1410 1410 0 1411 1411 0 1412 1412 0 1413 1413 0 1414 1414 0 362 362 0 1415 1415 0 363 363 0 1416 1416 0 1417 1417 0 1418 1418 0 1419 1419 0 1420 1420 0 1421 1421 0 1422 1422 0 1423 1423 0 1424 1424 0 1425 1425 0 1426 1426 0 1427 1427 0 1428 1428 0 1427 1427 0 1426 1426 0 347 347 0 1429 1429 0 349 349 0 1426 1426 0 1430 1430 0 1431 1431 0 1432 1432 0 1433 1433 0 1434 1434 0 1433 1433 0 359 359 0 1435 1435 0 1436 1436 0 1435 1435 0 359 359 0 359 359 0 1437 1437 0 1436 1436 0 356 356 0 1438 1438 0 1439 1439 0 353 353 0 352 352 0 1440 1440 0 350 350 0 349 349 0 1441 1441 0 1427 1427 0 1442 1442 0 1443 1443 0 1444 1444 0 1383 1383 0 1445 1445 0 1446 1446 0 1445 1445 0 1383 1383 0 1445 1445 0 1447 1447 0 1448 1448 0 1449 1449 0 1450 1450 0 328 328 0 366 366 0 1451 1451 0 364 364 0 320 320 0 1452 1452 0 322 322 0 317 317 0 316 316 0 1453 1453 0 314 314 0 313 313 0 1454 1454 0 1455 1455 0 1456 1456 0 1457 1457 0 308 308 0 307 307 0 1458 1458 0 305 305 0 304 304 0 1459 1459 0 294 294 0 1460 1460 0 292 292 0 290 290 0 1461 1461 0 1462 1462 0 1463 1463 0 280 280 0 1464 1464 0 276 276 0 1463 1463 0 1465 1465 0 1466 1466 0 1467 1467 0 1468 1468 0 1469 1469 0 1470 1470 0 246 246 0 1471 1471 0 1472 1472 0 1473 1473 0 1473 1473 0 1474 1474 0 1471 1471 0 1475 1475 0 1471 1471 0 1476 1476 0 1477 1477 0 1476 1476 0 1478 1478 0 1479 1479 0 1480 1480 0 1481 1481 0 1482 1482 0 1483 1483 0 1484 1484 0 1484 1484 0 1485 1485 0 1482 1482 0 1486 1486 0 1478 1478 0 1487 1487 0 1488 1488 0 1481 1481 0 1480 1480 0 1489 1489 0 1488 1488 0 1490 1490 0 243 243 0 242 242 0 1491 1491 0 1492 1492 0 239 239 0 1493 1493 0 238 238 0 1494 1494 0 236 236 0 1495 1495 0 235 235 0 1496 1496 0 1497 1497 0 228 228 0 1498 1498 0 1499 1499 0 1500 1500 0 1501 1501 0 1502 1502 0 1503 1503 0 1504 1504 0 1505 1505 0 1502 1502 0 1506 1506 0 1504 1504 0 1507 1507 0 1502 1502 0 1508 1508 0 1509 1509 0 1510 1510 0 1511 1511 0 1508 1508 0 1510 1510 0 1512 1512 0 1511 1511 0 1510 1510 0 1513 1513 0 1514 1514 0 1515 1515 0 1513 1513 0 1515 1515 0 1516 1516 0 1517 1517 0 1518 1518 0 1519 1519 0 1517 1517 0 1520 1520 0 1518 1518 0 1517 1517 0 1521 1521 0 1520 1520 0 221 221 0 1522 1522 0 1523 1523 0 221 221 0 220 220 0 1522 1522 0 1524 1524 0 211 211 0 208 208 0 1525 1525 0 205 205 0 1526 1526 0 203 203 0 202 202 0 1527 1527 0 201 201 0 197 197 0 1528 1528 0 1529 1529 0 1530 1530 0 1531 1531 0 1532 1532 0 1533 1533 0 1534 1534 0 1535 1535 0 1536 1536 0 1533 1533 0 1537 1537 0 1538 1538 0 1535 1535 0 1539 1539 0 1540 1540 0 1541 1541 0 1542 1542 0 1539 1539 0 1541 1541 0 1541 1541 0 1543 1543 0 1542 1542 0 180 180 0 1544 1544 0 1545 1545 0 180 180 0 1546 1546 0 1544 1544 0 177 177 0 1547 1547 0 1548 1548 0 174 174 0 173 173 0 1549 1549 0 171 171 0 170 170 0 1550 1550 0 1551 1551 0 1552 1552 0 1534 1534 0 1553 1553 0 1554 1554 0 1555 1555 0 1556 1556 0 1557 1557 0 1558 1558 0 1559 1559 0 158 158 0 1560 1560 0 160 160 0 1561 1561 0 1562 1562 0 156 156 0 155 155 0 1563 1563 0 150 150 0 1564 1564 0 152 152 0 150 150 0 149 149 0 1564 1564 0 144 144 0 1565 1565 0 1566 1566 0 144 144 0 143 143 0 1565 1565 0 138 138 0 1567 1567 0 140 140 0 1568 1568 0 1569 1569 0 137 137 0 136 136 0 1570 1570 0 134 134 0 126 126 0 1571 1571 0 128 128 0 113 113 0 1572 1572 0 115 115 0 114 114 0 101 101 0 112 112 0 107 107 0 105 105 0 1573 1573 0 1574 1574 0 1575 1575 0 1576 1576 0 99 99 0 1577 1577 0 1576 1576 0 97 97 0 1578 1578 0 1579 1579 0 1580 1580 0 1581 1581 0 1582 1582 0 1583 1583 0 1584 1584 0 1585 1585 0 89 89 0 88 88 0 1586 1586 0 62 62 0 1587 1587 0 1588 1588 0 1589 1589 0 1590 1590 0 1591 1591 0 1592 1592 0 1593 1593 0 1589 1589 0 1594 1594 0 1595 1595 0 1593 1593 0 1593 1593 0 1596 1596 0 1594 1594 0 56 56 0 1597 1597 0 1598 1598 0 1599 1599 0 1600 1600 0 1601 1601 0 1600 1600 0 1602 1602 0 1603 1603 0 1600 1600 0 1603 1603 0 1604 1604 0 60 60 0 1598 1598 0 58 58 0 56 56 0 55 55 0 1597 1597 0 1605 1605 0 52 52 0 1606 1606 0 1607 1607 0 1608 1608 0 1609 1609 0 1609 1609 0 1610 1610 0 1607 1607 0 1610 1610 0 1611 1611 0 1607 1607 0 1612 1612 0 1607 1607 0 1611 1611 0 1613 1613 0 1614 1614 0 1615 1615 0 1614 1614 0 1616 1616 0 1617 1617 0 1618 1618 0 1617 1617 0 1619 1619 0 1620 1620 0 1621 1621 0 1622 1622 0 1623 1623 0 1624 1624 0 1625 1625 0 1625 1625 0 1626 1626 0 1627 1627 0 1628 1628 0 1629 1629 0 1630 1630 0 1629 1629 0 1631 1631 0 1632 1632 0 1633 1633 0 1634 1634 0 1635 1635 0 1634 1634 0 1636 1636 0 1637 1637 0 1638 1638 0 1639 1639 0 1640 1640 0 1640 1640 0 1641 1641 0 1638 1638 0 1642 1642 0 1643 1643 0 1641 1641 0 1641 1641 0 1644 1644 0 1642 1642 0 1626 1626 0 1628 1628 0 1630 1630 0 1632 1632 0 1645 1645 0 1629 1629 0 1646 1646 0 1647 1647 0 1648 1648 0 1649 1649 0 1650 1650 0 1651 1651 0 1652 1652 0 1653 1653 0 1654 1654 0 1655 1655 0 1656 1656 0 1657 1657 0 1658 1658 0 1659 1659 0 1660 1660 0 1661 1661 0 1662 1662 0 1663 1663 0 1664 1664 0 1665 1665 0 1666 1666 0 1667 1667 0 1668 1668 0 1669 1669 0 1670 1670 0 1671 1671 0 1672 1672 0 1673 1673 0 1674 1674 0 1675 1675 0 1676 1676 0 1677 1677 0 1678 1678 0 1679 1679 0 1680 1680 0 1681 1681 0 1682 1682 0 1683 1683 0 1684 1684 0 1685 1685 0 1686 1686 0 1687 1687 0 1688 1688 0 1689 1689 0 1690 1690 0 1690 1690 0 1691 1691 0 1692 1692 0 1693 1693 0 1694 1694 0 1695 1695 0 1696 1696 0 1693 1693 0 1697 1697 0 1698 1698 0 1699 1699 0 1700 1700 0 1701 1701 0 1702 1702 0 1703 1703 0 1703 1703 0 1704 1704 0 1701 1701 0 1703 1703 0 1705 1705 0 1704 1704 0 1706 1706 0 1707 1707 0 1708 1708 0 1709 1709 0 1710 1710 0 1711 1711 0 1711 1711 0 1712 1712 0 1709 1709 0 1713 1713 0 1714 1714 0 1715 1715 0 1715 1715 0 1716 1716 0 1713 1713 0 1717 1717 0 1718 1718 0 1719 1719 0 1719 1719 0 1720 1720 0 1717 1717 0 1721 1721 0 1722 1722 0 1720 1720 0 1723 1723 0 1724 1724 0 1725 1725 0 1726 1726 0 1727 1727 0 1724 1724 0 1728 1728 0 1729 1729 0 1730 1730 0 1731 1731 0 1732 1732 0 1733 1733 0 1732 1732 0 1734 1734 0 1735 1735 0 1734 1734 0 1736 1736 0 1737 1737 0 1738 1738 0 1739 1739 0 1740 1740 0 1741 1741 0 1738 1738 0 1742 1742 0 1743 1743 0 1744 1744 0 1741 1741 0 1745 1745 0 1746 1746 0 1747 1747 0 1748 1748 0 1749 1749 0 1750 1750 0 1751 1751 0 1752 1752 0 1753 1753 0 1754 1754 0 1755 1755 0 1756 1756 0 1757 1757 0 1758 1758 0 1759 1759 0 1760 1760 0 1761 1761 0 1762 1762 0 1763 1763 0 1764 1764 0 1765 1765 0 1766 1766 0 1767 1767 0 1768 1768 0 1769 1769 0 1770 1770 0 1771 1771 0 1772 1772 0 1773 1773 0 1774 1774 0 1775 1775 0 1772 1772 0 1776 1776 0 1777 1777 0 1778 1778 0 1779 1779 0 1778 1778 0 1780 1780 0 1781 1781 0 1782 1782 0 1783 1783 0 1784 1784 0 1785 1785 0 1786 1786 0 1787 1787 0 1786 1786 0 1788 1788 0 1789 1789 0 1788 1788 0 1790 1790 0 1791 1791 0 1792 1792 0 1791 1791 0 1793 1793 0 1794 1794 0 1795 1795 0 1796 1796 0 1797 1797 0 1798 1798 0 1799 1799 0 1800 1800 0 1801 1801 0 1802 1802 0 1803 1803 0 1804 1804 0 1802 1802 0 1805 1805 0 1806 1806 0 1807 1807 0 1808 1808 0 1809 1809 0 1810 1810 0 1810 1810 0 1811 1811 0 1812 1812 0 1812 1812 0 1813 1813 0 1810 1810 0 1814 1814 0 1815 1815 0 1816 1816 0 1817 1817 0 1818 1818 0 1819 1819 0 1820 1820 0 1821 1821 0 1818 1818 0 1822 1822 0 1823 1823 0 1824 1824 0 1824 1824 0 1825 1825 0 1822 1822 0 1826 1826 0 1827 1827 0 1825 1825 0 1828 1828 0 1829 1829 0 1830 1830 0 1830 1830 0 1831 1831 0 1828 1828 0 1830 1830 0 1832 1832 0 1831 1831 0 1833 1833 0 1834 1834 0 1835 1835 0 1836 1836 0 1837 1837 0 1838 1838 0 1839 1839 0 1840 1840 0 1841 1841 0 1842 1842 0 1843 1843 0 1844 1844 0 1845 1845 0 1846 1846 0 1847 1847 0 1847 1847 0 1848 1848 0 1845 1845 0 1849 1849 0 1845 1845 0 1850 1850 0 1851 1851 0 1849 1849 0 1852 1852 0 1853 1853 0 1854 1854 0 1855 1855 0 1856 1856 0 1853 1853 0 1855 1855 0 1855 1855 0 1857 1857 0 1856 1856 0 1858 1858 0 1859 1859 0 1860 1860 0 1861 1861 0 1862 1862 0 1863 1863 0 1864 1864 0 1865 1865 0 1866 1866 0 1864 1864 0 1867 1867 0 1865 1865 0 1864 1864 0 1868 1868 0 1867 1867 0 1869 1869 0 1870 1870 0 1871 1871 0 1872 1872 0 1871 1871 0 1870 1870 0 1873 1873 0 1874 1874 0 1875 1875 0 1876 1876 0 1877 1877 0 1874 1874 0 1878 1878 0 1879 1879 0 1876 1876 0 1880 1880 0 1876 1876 0 1879 1879 0 1879 1879 0 1881 1881 0 1882 1882 0 1883 1883 0 1884 1884 0 1885 1885 0 1883 1883 0 1886 1886 0 1884 1884 0 1887 1887 0 1888 1888 0 1889 1889 0 1887 1887 0 1890 1890 0 1888 1888 0 1891 1891 0 1892 1892 0 1890 1890 0 1893 1893 0 1894 1894 0 1895 1895 0 1896 1896 0 1897 1897 0 1898 1898 0 1896 1896 0 1899 1899 0 1897 1897 0 1896 1896 0 1900 1900 0 1899 1899 0 1901 1901 0 1902 1902 0 1903 1903 0 1904 1904 0 1905 1905 0 1906 1906 0 1907 1907 0 1908 1908 0 1909 1909 0 1908 1908 0 1910 1910 0 1911 1911 0 1912 1912 0 1913 1913 0 1914 1914 0 1915 1915 0 1916 1916 0 1917 1917 0 1918 1918 0 1919 1919 0 1920 1920 0 1921 1921 0 1922 1922 0 1923 1923 0 1924 1924 0 1925 1925 0 1922 1922 0 1926 1926 0 1927 1927 0 1928 1928 0 1929 1929 0 1930 1930 0 1931 1931 0 1932 1932 0 1933 1933 0 1934 1934 0 1935 1935 0 1936 1936 0 1937 1937 0 1938 1938 0 1939 1939 0 1940 1940 0 1939 1939 0 1941 1941 0 1942 1942 0 1941 1941 0 1943 1943 0 1944 1944 0 1945 1945 0 1946 1946 0 1947 1947 0 1948 1948 0 1949 1949 0 1950 1950 0 1949 1949 0 1951 1951 0 1952 1952 0 1953 1953 0 1954 1954 0 1955 1955 0 1956 1956 0 1957 1957 0 1958 1958 0 1959 1959 0 1960 1960 0 1961 1961 0 1962 1962 0 1963 1963 0 1964 1964 0 1965 1965 0 1966 1966 0 1962 1962 0 1967 1967 0 1968 1968 0 1969 1969 0 1968 1968 0 1970 1970 0 1971 1971 0 1970 1970 0 1972 1972 0 1973 1973 0 1974 1974 0 1975 1975 0 1976 1976 0 1977 1977 0 1978 1978 0 1979 1979 0 1980 1980 0 1981 1981 0 1982 1982 0 1981 1981 0 1983 1983 0 1984 1984 0 1985 1985 0 1986 1986 0 1987 1987 0 1988 1988 0 1989 1989 0 1990 1990 0 1991 1991 0 1992 1992 0 1993 1993 0 1994 1994 0 1995 1995 0 1996 1996 0 1997 1997 0 975 975 0 974 974 0 1998 1998 0 1997 1997 0 974 974 0 1999 1999 0 1998 1998 0 2000 2000 0 1995 1995 0 1999 1999 0 2000 2000 0 2001 2001 0 2002 2002 0 2003 2003 0 2002 2002 0 2004 2004 0 2003 2003 0 2005 2005 0 2006 2006 0 2007 2007 0 2008 2008 0 2005 2005 0 2007 2007 0 1992 1992 0 1990 1990 0 1989 1989 0 2009 2009 0 1980 1980 0 1982 1982 0 1978 1978 0 1984 1984 0 1979 1979 0 1983 1983 0 1979 1979 0 1984 1984 0 2010 2010 0 2011 2011 0 2012 2012 0 2013 2013 0 2014 2014 0 2015 2015 0 2016 2016 0 2017 2017 0 2018 2018 0 2019 2019 0 2020 2020 0 2021 2021 0 2022 2022 0 2021 2021 0 2020 2020 0 2020 2020 0 2023 2023 0 2024 2024 0 2025 2025 0 2026 2026 0 2023 2023 0 2021 2021 0 2027 2027 0 2019 2019 0 2028 2028 0 2029 2029 0 2030 2030 0 2031 2031 0 2032 2032 0 2033 2033 0 2031 2031 0 2034 2034 0 2032 2032 0 1954 1954 0 1958 1958 0 1957 1957 0 2035 2035 0 1961 1961 0 1960 1960 0 1961 1961 0 1956 1956 0 1958 1958 0 2036 2036 0 2037 2037 0 2038 2038 0 2039 2039 0 2040 2040 0 2041 2041 0 2042 2042 0 2043 2043 0 2044 2044 0 2045 2045 0 2044 2044 0 2043 2043 0 2038 2038 0 2042 2042 0 2044 2044 0 2040 2040 0 2046 2046 0 2047 2047 0 2048 2048 0 2049 2049 0 2050 2050 0 2051 2051 0 2052 2052 0 2053 2053 0 2054 2054 0 2055 2055 0 2056 2056 0 2057 2057 0 2058 2058 0 2059 2059 0 2059 2059 0 2054 2054 0 2057 2057 0 2060 2060 0 2061 2061 0 2062 2062 0 2063 2063 0 2064 2064 0 2065 2065 0 2066 2066 0 2067 2067 0 2064 2064 0 1936 1936 0 1935 1935 0 2068 2068 0 1936 1936 0 2068 2068 0 2069 2069 0 2070 2070 0 2071 2071 0 2072 2072 0 2073 2073 0 2074 2074 0 1932 1932 0 2075 2075 0 2076 2076 0 2077 2077 0 2075 2075 0 2078 2078 0 2076 2076 0 2079 2079 0 2080 2080 0 2081 2081 0 1927 1927 0 1926 1926 0 2082 2082 0 2083 2083 0 2084 2084 0 2085 2085 0 1922 1922 0 1921 1921 0 1924 1924 0 2086 2086 0 2087 2087 0 2088 2088 0 1916 1916 0 1915 1915 0 2089 2089 0 1913 1913 0 1912 1912 0 2090 2090 0 1910 1910 0 1908 1908 0 2091 2091 0 2092 2092 0 2093 2093 0 2094 2094 0 2093 2093 0 2095 2095 0 2096 2096 0 1905 1905 0 1904 1904 0 2097 2097 0 1902 1902 0 1901 1901 0 2098 2098 0 1895 1895 0 1891 1891 0 1893 1893 0 2099 2099 0 2100 2100 0 2101 2101 0 1870 1870 0 1873 1873 0 1872 1872 0 2102 2102 0 2103 2103 0 2104 2104 0 2105 2105 0 2106 2106 0 2107 2107 0 2108 2108 0 2109 2109 0 2110 2110 0 1868 1868 0 1864 1864 0 2111 2111 0 2112 2112 0 1858 1858 0 2113 2113 0 2114 2114 0 2115 2115 0 2116 2116 0 1844 1844 0 1847 1847 0 1842 1842 0 1840 1840 0 2117 2117 0 1841 1841 0 1837 1837 0 1839 1839 0 1838 1838 0 2118 2118 0 2119 2119 0 2120 2120 0 1834 1834 0 2118 2118 0 1835 1835 0 2121 2121 0 2122 2122 0 2123 2123 0 2124 2124 0 2121 2121 0 2125 2125 0 2126 2126 0 2127 2127 0 2124 2124 0 2128 2128 0 2129 2129 0 2127 2127 0 2130 2130 0 2131 2131 0 2132 2132 0 2133 2133 0 1826 1826 0 2134 2134 0 2135 2135 0 2136 2136 0 2137 2137 0 1814 1814 0 2138 2138 0 1815 1815 0 1807 1807 0 2139 2139 0 2140 2140 0 1802 1802 0 2141 2141 0 1803 1803 0 2142 2142 0 2143 2143 0 2144 2144 0 2145 2145 0 2146 2146 0 2143 2143 0 2147 2147 0 2145 2145 0 2148 2148 0 2149 2149 0 2147 2147 0 2150 2150 0 2151 2151 0 2152 2152 0 2153 2153 0 2154 2154 0 2151 2151 0 2153 2153 0 2153 2153 0 2155 2155 0 2156 2156 0 2157 2157 0 2158 2158 0 2159 2159 0 2160 2160 0 2161 2161 0 2162 2162 0 2163 2163 0 2164 2164 0 2165 2165 0 2164 2164 0 2160 2160 0 2165 2165 0 2162 2162 0 2165 2165 0 2160 2160 0 2166 2166 0 2167 2167 0 2161 2161 0 2168 2168 0 2159 2159 0 2158 2158 0 1764 1764 0 1763 1763 0 2169 2169 0 2170 2170 0 2171 2171 0 2172 2172 0 2173 2173 0 2170 2170 0 2174 2174 0 2175 2175 0 2174 2174 0 2170 2170 0 2170 2170 0 2176 2176 0 2175 2175 0 2177 2177 0 2178 2178 0 2179 2179 0 2180 2180 0 2181 2181 0 2182 2182 0 2183 2183 0 2184 2184 0 2181 2181 0 2179 2179 0 2185 2185 0 2186 2186 0 2187 2187 0 2188 2188 0 2189 2189 0 2190 2190 0 2191 2191 0 2192 2192 0 2190 2190 0 2193 2193 0 2191 2191 0 2190 2190 0 1760 1760 0 2193 2193 0 2194 2194 0 2195 2195 0 1754 1754 0 1755 1755 0 1754 1754 0 2196 2196 0 1755 1755 0 2196 2196 0 2197 2197 0 2198 2198 0 2199 2199 0 2200 2200 0 1752 1752 0 2201 2201 0 2202 2202 0 1752 1752 0 1751 1751 0 2201 2201 0 1749 1749 0 1748 1748 0 2203 2203 0 1746 1746 0 1745 1745 0 2204 2204 0 2205 2205 0 1743 1743 0 2206 2206 0 2207 2207 0 1728 1728 0 2208 2208 0 2209 2209 0 2210 2210 0 2211 2211 0 2210 2210 0 2212 2212 0 2213 2213 0 2214 2214 0 2215 2215 0 2216 2216 0 2217 2217 0 2218 2218 0 2219 2219 0 2220 2220 0 2221 2221 0 2222 2222 0 2223 2223 0 2224 2224 0 2221 2221 0 2225 2225 0 2226 2226 0 2227 2227 0 2228 2228 0 2227 2227 0 2226 2226 0 2229 2229 0 2230 2230 0 2231 2231 0 2229 2229 0 2232 2232 0 2230 2230 0 2233 2233 0 2234 2234 0 2235 2235 0 2233 2233 0 2235 2235 0 2236 2236 0 2237 2237 0 1726 1726 0 2234 2234 0 2238 2238 0 2239 2239 0 2240 2240 0 2239 2239 0 2241 2241 0 2242 2242 0 2243 2243 0 2242 2242 0 2241 2241 0 1678 1678 0 2244 2244 0 1676 1676 0 2245 2245 0 2246 2246 0 2247 2247 0 2247 2247 0 2248 2248 0 2249 2249 0 2250 2250 0 2249 2249 0 2248 2248 0 2248 2248 0 2251 2251 0 2250 2250 0 1684 1684 0 1679 1679 0 2252 2252 0 2253 2253 0 2254 2254 0 2255 2255 0 2256 2256 0 2257 2257 0 2253 2253 0 2258 2258 0 2259 2259 0 2260 2260 0 1671 1671 0 2261 2261 0 2262 2262 0 2263 2263 0 2264 2264 0 2265 2265 0 1668 1668 0 1667 1667 0 2264 2264 0 1666 1666 0 2266 2266 0 1664 1664 0 1662 1662 0 1661 1661 0 2267 2267 0 1659 1659 0 1658 1658 0 2268 2268 0 1657 1657 0 2269 2269 0 1655 1655 0 1653 1653 0 1652 1652 0 2270 2270 0 1650 1650 0 1649 1649 0 2271 2271 0 1647 1647 0 1646 1646 0 2272 2272 0 2273 2273 0 2274 2274 0 2275 2275 0 2276 2276 0 2277 2277 0 2278 2278 0 2279 2279 0 2280 2280 0 2281 2281 0 2282 2282 0 2 2 0 1 1 0 4 4 0 2283 2283 0 6 6 0 2283 2283 0 7 7 0 6 6 0 9 9 0 5 5 0 10 10 0 16 16 0 2284 2284 0 17 17 0 20 20 0 21 21 0 19 19 0 25 25 0 23 23 0 22 22 0 31 31 0 29 29 0 28 28 0 2285 2285 0 33 33 0 30 30 0 2286 2286 0 41 41 0 38 38 0 38 38 0 37 37 0 2286 2286 0 45 45 0 47 47 0 43 43 0 47 47 0 51 51 0 48 48 0 52 52 0 1605 1605 0 53 53 0 1598 1598 0 60 60 0 2287 2287 0 63 63 0 2288 2288 0 68 68 0 71 71 0 67 67 0 69 69 0 74 74 0 71 71 0 72 72 0 80 80 0 75 75 0 73 73 0 79 79 0 64 64 0 77 77 0 2289 2289 0 82 82 0 2290 2290 0 86 86 0 81 81 0 83 83 0 84 84 0 90 90 0 87 87 0 2290 2290 0 66 66 0 65 65 0 1579 1579 0 2291 2291 0 97 97 0 94 94 0 96 96 0 92 92 0 1581 1581 0 1580 1580 0 2292 2292 0 1573 1573 0 103 103 0 107 107 0 109 109 0 106 106 0 105 105 0 2293 2293 0 110 110 0 111 111 0 115 115 0 117 117 0 113 113 0 122 122 0 124 124 0 121 121 0 2294 2294 0 2295 2295 0 123 123 0 1569 1569 0 1568 1568 0 135 135 0 1570 1570 0 136 136 0 132 132 0 140 140 0 142 142 0 138 138 0 2296 2296 0 151 151 0 147 147 0 1563 1563 0 2297 2297 0 156 156 0 1561 1561 0 160 160 0 2298 2298 0 1557 1557 0 1556 1556 0 162 162 0 167 167 0 169 169 0 1553 1553 0 179 179 0 181 181 0 2299 2299 0 184 184 0 185 185 0 187 187 0 2300 2300 0 2301 2301 0 183 183 0 2302 2302 0 191 191 0 192 192 0 194 194 0 2302 2302 0 192 192 0 2303 2303 0 199 199 0 2304 2304 0 202 202 0 204 204 0 201 201 0 206 206 0 1524 1524 0 208 208 0 213 213 0 215 215 0 212 212 0 216 216 0 218 218 0 2305 2305 0 220 220 0 222 222 0 219 219 0 1498 1498 0 2306 2306 0 1497 1497 0 2307 2307 0 234 234 0 229 229 0 233 233 0 229 229 0 234 234 0 2308 2308 0 241 241 0 237 237 0 1491 1491 0 247 247 0 243 243 0 2309 2309 0 250 250 0 251 251 0 251 251 0 254 254 0 253 253 0 257 257 0 2310 2310 0 256 256 0 2311 2311 0 260 260 0 259 259 0 261 261 0 2312 2312 0 262 262 0 2312 2312 0 265 265 0 264 264 0 266 266 0 268 268 0 270 270 0 272 272 0 2313 2313 0 273 273 0 292 292 0 2314 2314 0 293 293 0 282 282 0 284 284 0 281 281 0 286 286 0 2315 2315 0 287 287 0 289 289 0 291 291 0 288 288 0 1462 1462 0 2316 2316 0 290 290 0 2317 2317 0 2318 2318 0 2319 2319 0 298 298 0 2319 2319 0 300 300 0 1456 1456 0 1455 1455 0 311 311 0 316 316 0 318 318 0 314 314 0 322 322 0 324 324 0 320 320 0 325 325 0 1449 1449 0 326 326 0 337 337 0 339 339 0 335 335 0 343 343 0 345 345 0 341 341 0 349 349 0 351 351 0 347 347 0 355 355 0 357 357 0 353 353 0 358 358 0 360 360 0 2320 2320 0 2321 2321 0 363 363 0 1415 1415 0 369 369 0 2322 2322 0 367 367 0 2323 2323 0 372 372 0 371 371 0 2324 2324 0 375 375 0 377 377 0 378 378 0 381 381 0 379 379 0 383 383 0 380 380 0 384 384 0 386 386 0 382 382 0 387 387 0 391 391 0 385 385 0 389 389 0 2325 2325 0 390 390 0 392 392 0 2326 2326 0 395 395 0 394 394 0 397 397 0 393 393 0 398 398 0 400 400 0 2327 2327 0 401 401 0 2328 2328 0 409 409 0 408 408 0 420 420 0 1377 1377 0 2329 2329 0 417 417 0 410 410 0 416 416 0 423 423 0 419 419 0 421 421 0 2330 2330 0 424 424 0 1375 1375 0 431 431 0 429 429 0 428 428 0 1373 1373 0 2331 2331 0 2332 2332 0 433 433 0 2332 2332 0 436 436 0 439 439 0 442 442 0 440 440 0 446 446 0 2333 2333 0 443 443 0 449 449 0 2334 2334 0 2335 2335 0 447 447 0 453 453 0 450 450 0 454 454 0 456 456 0 2336 2336 0 463 463 0 464 464 0 461 461 0 467 467 0 2337 2337 0 465 465 0 466 466 0 468 468 0 470 470 0 469 469 0 473 473 0 472 472 0 478 478 0 480 480 0 477 477 0 481 481 0 483 483 0 479 479 0 489 489 0 2338 2338 0 487 487 0 490 490 0 486 486 0 491 491 0 494 494 0 496 496 0 493 493 0 2339 2339 0 2340 2340 0 2341 2341 0 503 503 0 508 508 0 504 504 0 510 510 0 512 512 0 1303 1303 0 516 516 0 514 514 0 513 513 0 519 519 0 2342 2342 0 517 517 0 521 521 0 517 517 0 522 522 0 1299 1299 0 525 525 0 524 524 0 2343 2343 0 528 528 0 527 527 0 537 537 0 534 534 0 535 535 0 2344 2344 0 540 540 0 539 539 0 544 544 0 542 542 0 541 541 0 547 547 0 549 549 0 548 548 0 2345 2345 0 547 547 0 546 546 0 552 552 0 2345 2345 0 546 546 0 555 555 0 557 557 0 2346 2346 0 1297 1297 0 564 564 0 563 563 0 564 564 0 2347 2347 0 565 565 0 569 569 0 2348 2348 0 566 566 0 2349 2349 0 2350 2350 0 573 573 0 1293 1293 0 577 577 0 2351 2351 0 580 580 0 583 583 0 582 582 0 583 583 0 587 587 0 584 584 0 590 590 0 2352 2352 0 588 588 0 594 594 0 2353 2353 0 592 592 0 597 597 0 2354 2354 0 2355 2355 0 597 597 0 599 599 0 2354 2354 0 1291 1291 0 607 607 0 1289 1289 0 1288 1288 0 610 610 0 1286 1286 0 1281 1281 0 2356 2356 0 615 615 0 2357 2357 0 619 619 0 2356 2356 0 1276 1276 0 1275 1275 0 621 621 0 2358 2358 0 634 634 0 633 633 0 638 638 0 639 639 0 636 636 0 645 645 0 642 642 0 640 640 0 2359 2359 0 645 645 0 644 644 0 650 650 0 646 646 0 651 651 0 656 656 0 654 654 0 653 653 0 653 653 0 657 657 0 655 655 0 667 667 0 669 669 0 666 666 0 1223 1223 0 1221 1221 0 668 668 0 2360 2360 0 675 675 0 671 671 0 679 679 0 681 681 0 677 677 0 685 685 0 687 687 0 1214 1214 0 1211 1211 0 1210 1210 0 692 692 0 694 694 0 699 699 0 695 695 0 703 703 0 707 707 0 704 704 0 705 705 0 711 711 0 708 708 0 2361 2361 0 720 720 0 716 716 0 1208 1208 0 696 696 0 2362 2362 0 1198 1198 0 729 729 0 725 725 0 738 738 0 2363 2363 0 1173 1173 0 1159 1159 0 2364 2364 0 750 750 0 764 764 0 1140 1140 0 765 765 0 766 766 0 768 768 0 2365 2365 0 771 771 0 2366 2366 0 769 769 0 2367 2367 0 775 775 0 774 774 0 2368 2368 0 2369 2369 0 780 780 0 2369 2369 0 781 781 0 780 780 0 784 784 0 2370 2370 0 783 783 0 789 789 0 785 785 0 786 786 0 788 788 0 793 793 0 790 790 0 800 800 0 2371 2371 0 795 795 0 798 798 0 802 802 0 796 796 0 2372 2372 0 796 796 0 801 801 0 799 799 0 2372 2372 0 801 801 0 2373 2373 0 805 805 0 804 804 0 808 808 0 810 810 0 809 809 0 812 812 0 2374 2374 0 810 810 0 813 813 0 815 815 0 814 814 0 817 817 0 2375 2375 0 815 815 0 818 818 0 820 820 0 819 819 0 1065 1065 0 1064 1064 0 825 825 0 824 824 0 822 822 0 821 821 0 828 828 0 1062 1062 0 826 826 0 829 829 0 2376 2376 0 830 830 0 834 834 0 836 836 0 831 831 0 1061 1061 0 2377 2377 0 835 835 0 839 839 0 2378 2378 0 2379 2379 0 845 845 0 847 847 0 844 844 0 2380 2380 0 850 850 0 849 849 0 850 850 0 854 854 0 851 851 0 857 857 0 2381 2381 0 855 855 0 860 860 0 862 862 0 2382 2382 0 1058 1058 0 2383 2383 0 865 865 0 2384 2384 0 1053 1053 0 868 868 0 874 874 0 1040 1040 0 875 875 0 2385 2385 0 1031 1031 0 877 877 0 2386 2386 0 882 882 0 886 886 0 886 886 0 889 889 0 888 888 0 2387 2387 0 891 891 0 887 887 0 894 894 0 890 890 0 892 892 0 898 898 0 899 899 0 897 897 0 900 900 0 903 903 0 901 901 0 906 906 0 910 910 0 907 907 0 912 912 0 914 914 0 911 911 0 2388 2388 0 917 917 0 913 913 0 922 922 0 994 994 0 920 920 0 923 923 0 2389 2389 0 924 924 0 929 929 0 931 931 0 928 928 0 2390 2390 0 934 934 0 933 933 0 993 993 0 938 938 0 937 937 0 988 988 0 2391 2391 0 940 940 0 2392 2392 0 947 947 0 2393 2393 0 952 952 0 2394 2394 0 950 950 0 954 954 0 957 957 0 953 953 0 2395 2395 0 955 955 0 2396 2396 0 2397 2397 0 2395 2395 0 961 961 0 963 963 0 2397 2397 0 961 961 0 964 964 0 970 970 0 967 967 0 962 962 0 961 961 0 958 958 0 976 976 0 971 971 0 973 973 0 2398 2398 0 981 981 0 948 948 0 2393 2393 0 2399 2399 0 945 945 0 984 984 0 944 944 0 982 982 0 987 987 0 941 941 0 985 985 0 2400 2400 0 995 995 0 997 997 0 1003 1003 0 1000 1000 0 1001 1001 0 1001 1001 0 1005 1005 0 1002 1002 0 2401 2401 0 1011 1011 0 1010 1010 0 1017 1017 0 2402 2402 0 1015 1015 0 2403 2403 0 1021 1021 0 1023 1023 0 1020 1020 0 1022 1022 0 1021 1021 0 1024 1024 0 1027 1027 0 2404 2404 0 1028 1028 0 2405 2405 0 1025 1025 0 2406 2406 0 2407 2407 0 1035 1035 0 1033 1033 0 2406 2406 0 1035 1035 0 1040 1040 0 874 874 0 1041 1041 0 1037 1037 0 1032 1032 0 1038 1038 0 1044 1044 0 2408 2408 0 1042 1042 0 870 870 0 872 872 0 1045 1045 0 1050 1050 0 1046 1046 0 1048 1048 0 2409 2409 0 1055 1055 0 2410 2410 0 1053 1053 0 2384 2384 0 1056 1056 0 2383 2383 0 1058 1058 0 867 867 0 1066 1066 0 2411 2411 0 1064 1064 0 1072 1072 0 1067 1067 0 1070 1070 0 1071 1071 0 1075 1075 0 1074 1074 0 1075 1075 0 1076 1076 0 777 777 0 778 778 0 1078 1078 0 776 776 0 1081 1081 0 1077 1077 0 1079 1079 0 1080 1080 0 1084 1084 0 1083 1083 0 1089 1089 0 2412 2412 0 1087 1087 0 1091 1091 0 2413 2413 0 1093 1093 0 2414 2414 0 1095 1095 0 1098 1098 0 1099 1099 0 2415 2415 0 1100 1100 0 2415 2415 0 1103 1103 0 1102 1102 0 1105 1105 0 2416 2416 0 1104 1104 0 2416 2416 0 1108 1108 0 1107 1107 0 1111 1111 0 2417 2417 0 1110 1110 0 2366 2366 0 1113 1113 0 769 769 0 1122 1122 0 2418 2418 0 1121 1121 0 1125 1125 0 2419 2419 0 1126 1126 0 1128 1128 0 1124 1124 0 1126 1126 0 2365 2365 0 1132 1132 0 766 766 0 1116 1116 0 1134 1134 0 1117 1117 0 1137 1137 0 1139 1139 0 2420 2420 0 1144 1144 0 1145 1145 0 1147 1147 0 1147 1147 0 1142 1142 0 1144 1144 0 1146 1146 0 1150 1150 0 1149 1149 0 1150 1150 0 2421 2421 0 1151 1151 0 2422 2422 0 1153 1153 0 2423 2423 0 756 756 0 755 755 0 1156 1156 0 750 750 0 748 748 0 1158 1158 0 2424 2424 0 1164 1164 0 1163 1163 0 2425 2425 0 2424 2424 0 1163 1163 0 1165 1165 0 1168 1168 0 1170 1170 0 1169 1169 0 1172 1172 0 1170 1170 0 2426 2426 0 2427 2427 0 1177 1177 0 1179 1179 0 2426 2426 0 1177 1177 0 1182 1182 0 2428 2428 0 2429 2429 0 2429 2429 0 1183 1183 0 1182 1182 0 1184 1184 0 1186 1186 0 2430 2430 0 731 731 0 1191 1191 0 1190 1190 0 1192 1192 0 1194 1194 0 730 730 0 1195 1195 0 727 727 0 1196 1196 0 722 722 0 1199 1199 0 2431 2431 0 720 720 0 2361 2361 0 718 718 0 710 710 0 709 709 0 1202 1202 0 702 702 0 712 712 0 1205 1205 0 1210 1210 0 1212 1212 0 1208 1208 0 692 692 0 691 691 0 1211 1211 0 680 680 0 2432 2432 0 682 682 0 1218 1218 0 1220 1220 0 1219 1219 0 675 675 0 2360 2360 0 673 673 0 1232 1232 0 1234 1234 0 1236 1236 0 1241 1241 0 1239 1239 0 1238 1238 0 2433 2433 0 1243 1243 0 1240 1240 0 1246 1246 0 1242 1242 0 1244 1244 0 1249 1249 0 1251 1251 0 1247 1247 0 1253 1253 0 1250 1250 0 1254 1254 0 1256 1256 0 1258 1258 0 1255 1255 0 630 630 0 2434 2434 0 1260 1260 0 1262 1262 0 2435 2435 0 631 631 0 1268 1268 0 2436 2436 0 1265 1265 0 627 627 0 626 626 0 1269 1269 0 1272 1272 0 2437 2437 0 1270 1270 0 625 625 0 1277 1277 0 623 623 0 1278 1278 0 1280 1280 0 620 620 0 2356 2356 0 1281 1281 0 2357 2357 0 609 609 0 608 608 0 1284 1284 0 610 610 0 1288 1288 0 608 608 0 607 607 0 1291 1291 0 605 605 0 585 585 0 588 588 0 2352 2352 0 567 567 0 566 566 0 1294 1294 0 1302 1302 0 2438 2438 0 1300 1300 0 2439 2439 0 509 509 0 2440 2440 0 2440 2440 0 1306 1306 0 1305 1305 0 1312 1312 0 1313 1313 0 1311 1311 0 1320 1320 0 1318 1318 0 1317 1317 0 2441 2441 0 1324 1324 0 1321 1321 0 1328 1328 0 1326 1326 0 1325 1325 0 1331 1331 0 2442 2442 0 1330 1330 0 507 507 0 506 506 0 2443 2443 0 502 502 0 501 501 0 1332 1332 0 1339 1339 0 1337 1337 0 1336 1336 0 2444 2444 0 1340 1340 0 1339 1339 0 1340 1340 0 1341 1341 0 1343 1343 0 1342 1342 0 2445 2445 0 1344 1344 0 2446 2446 0 1351 1351 0 1349 1349 0 1347 1347 0 2447 2447 0 1348 1348 0 1359 1359 0 1356 1356 0 1357 1357 0 1355 1355 0 1357 1357 0 1353 1353 0 1363 1363 0 2448 2448 0 1360 1360 0 1368 1368 0 1370 1370 0 1367 1367 0 2449 2449 0 2450 2450 0 1369 1369 0 422 422 0 2451 2451 0 1376 1376 0 2452 2452 0 412 412 0 411 411 0 405 405 0 407 407 0 2453 2453 0 2454 2454 0 401 401 0 2327 2327 0 2455 2455 0 1385 1385 0 1386 1386 0 335 335 0 334 334 0 2456 2456 0 338 338 0 337 337 0 2457 2457 0 1395 1395 0 1392 1392 0 1391 1391 0 1394 1394 0 1398 1398 0 1396 1396 0 1399 1399 0 1402 1402 0 1400 1400 0 1403 1403 0 1406 1406 0 1404 1404 0 2458 2458 0 1412 1412 0 361 361 0 1417 1417 0 2321 2321 0 1415 1415 0 1424 1424 0 2459 2459 0 1420 1420 0 2460 2460 0 2461 2461 0 1423 1423 0 1431 1431 0 1428 1428 0 1426 1426 0 1435 1435 0 1434 1434 0 1433 1433 0 359 359 0 358 358 0 1437 1437 0 356 356 0 355 355 0 1438 1438 0 350 350 0 1441 1441 0 352 352 0 329 329 0 2462 2462 0 331 331 0 327 327 0 2463 2463 0 325 325 0 323 323 0 322 322 0 2464 2464 0 317 317 0 1453 1453 0 319 319 0 1455 1455 0 1457 1457 0 313 313 0 305 305 0 1459 1459 0 307 307 0 290 290 0 289 289 0 1461 1461 0 1464 1464 0 1465 1465 0 1463 1463 0 1468 1468 0 2465 2465 0 1466 1466 0 246 246 0 245 245 0 1469 1469 0 1475 1475 0 1472 1472 0 1471 1471 0 2466 2466 0 1486 1486 0 1487 1487 0 2466 2466 0 2467 2467 0 1482 1482 0 1483 1483 0 1479 1479 0 1484 1484 0 1476 1476 0 1477 1477 0 1475 1475 0 247 247 0 1491 1491 0 2468 2468 0 2469 2469 0 1489 1489 0 1490 1490 0 1495 1495 0 1496 1496 0 1494 1494 0 1501 1501 0 2470 2470 0 1499 1499 0 224 224 0 223 223 0 1521 1521 0 1509 1509 0 1505 1505 0 1506 1506 0 1506 1506 0 1510 1510 0 1509 1509 0 1510 1510 0 2471 2471 0 1512 1512 0 1516 1516 0 2472 2472 0 1513 1513 0 2473 2473 0 1519 1519 0 2474 2474 0 1512 1512 0 2471 2471 0 2475 2475 0 214 214 0 213 213 0 2476 2476 0 2477 2477 0 195 195 0 1530 1530 0 1540 1540 0 2478 2478 0 1541 1541 0 2479 2479 0 1545 1545 0 2480 2480 0 180 180 0 179 179 0 1546 1546 0 174 174 0 1549 1549 0 176 176 0 1553 1553 0 1555 1555 0 167 167 0 1556 1556 0 1558 1558 0 164 164 0 160 160 0 1562 1562 0 158 158 0 153 153 0 152 152 0 2481 2481 0 2482 2482 0 1566 1566 0 2483 2483 0 138 138 0 137 137 0 1567 1567 0 135 135 0 134 134 0 2484 2484 0 129 129 0 128 128 0 2485 2485 0 116 116 0 115 115 0 2486 2486 0 103 103 0 1573 1573 0 2487 2487 0 1576 1576 0 2488 2488 0 1574 1574 0 2291 2291 0 1579 1579 0 98 98 0 90 90 0 84 84 0 88 88 0 1587 1587 0 2489 2489 0 1588 1588 0 1596 1596 0 2490 2490 0 1594 1594 0 2491 2491 0 1599 1599 0 2492 2492 0 1601 1601 0 2493 2493 0 1599 1599 0 1604 1604 0 1601 1601 0 1600 1600 0 2494 2494 0 2495 2495 0 2496 2496 0 1615 1615 0 1612 1612 0 1611 1611 0 1617 1617 0 2497 2497 0 1614 1614 0 1622 1622 0 1618 1618 0 1619 1619 0 1621 1621 0 1625 1625 0 1624 1624 0 1630 1630 0 1627 1627 0 1626 1626 0 2498 2498 0 1635 1635 0 1634 1634 0 1643 1643 0 1638 1638 0 1641 1641 0 2280 2280 0 2279 2279 0 1644 1644 0 2274 2274 0 2273 2273 0 2499 2499 0 2272 2272 0 2500 2500 0 1647 1647 0 1658 1658 0 1660 1660 0 1656 1656 0 1667 1667 0 1669 1669 0 1665 1665 0 1670 1670 0 1672 1672 0 2263 2263 0 2501 2501 0 2502 2502 0 2503 2503 0 1679 1679 0 1684 1684 0 1680 1680 0 2504 2504 0 1690 1690 0 1689 1689 0 1691 1691 0 1695 1695 0 1692 1692 0 1695 1695 0 2505 2505 0 1693 1693 0 1699 1699 0 1696 1696 0 1697 1697 0 1700 1700 0 2506 2506 0 1698 1698 0 1705 1705 0 2507 2507 0 1704 1704 0 1706 1706 0 1708 1708 0 2507 2507 0 1710 1710 0 2508 2508 0 1711 1711 0 2509 2509 0 1714 1714 0 1712 1712 0 1718 1718 0 2510 2510 0 1719 1719 0 1725 1725 0 2511 2511 0 1723 1723 0 1726 1726 0 2237 2237 0 1727 1727 0 1729 1729 0 1731 1731 0 1733 1733 0 1739 1739 0 1737 1737 0 1740 1740 0 1742 1742 0 2512 2512 0 1741 1741 0 1743 1743 0 2205 2205 0 1744 1744 0 1751 1751 0 1753 1753 0 2513 2513 0 1754 1754 0 1756 1756 0 2194 2194 0 2514 2514 0 1762 1762 0 2515 2515 0 2516 2516 0 2183 2183 0 1767 1767 0 1770 1770 0 2517 2517 0 1771 1771 0 2518 2518 0 1776 1776 0 1772 1772 0 1776 1776 0 1777 1777 0 1779 1779 0 1784 1784 0 1781 1781 0 1780 1780 0 1789 1789 0 1787 1787 0 1786 1786 0 1791 1791 0 2519 2519 0 1788 1788 0 2519 2519 0 1789 1789 0 1788 1788 0 2520 2520 0 1796 1796 0 1795 1795 0 1799 1799 0 1794 1794 0 1797 1797 0 1798 1798 0 1802 1802 0 1801 1801 0 1804 1804 0 1800 1800 0 1802 1802 0 2521 2521 0 1807 1807 0 1806 1806 0 1813 1813 0 1808 1808 0 1810 1810 0 1820 1820 0 2136 2136 0 1821 1821 0 1819 1819 0 2522 2522 0 1817 1817 0 1823 1823 0 2135 2135 0 1824 1824 0 1826 1826 0 2133 2133 0 1827 1827 0 2132 2132 0 1830 1830 0 1829 1829 0 2128 2128 0 2127 2127 0 1832 1832 0 1838 1838 0 2523 2523 0 1836 1836 0 2524 2524 0 2525 2525 0 1843 1843 0 1846 1846 0 1842 1842 0 1847 1847 0 1850 1850 0 1852 1852 0 1849 1849 0 1854 1854 0 2526 2526 0 1855 1855 0 2115 2115 0 2114 2114 0 1856 1856 0 1866 1866 0 1861 1861 0 1863 1863 0 2109 2109 0 2527 2527 0 1868 1868 0 2528 2528 0 1872 1872 0 1873 1873 0 1877 1877 0 2529 2529 0 1874 1874 0 1874 1874 0 1878 1878 0 1876 1876 0 2530 2530 0 1885 1885 0 2531 2531 0 1883 1883 0 2099 2099 0 1886 1886 0 1891 1891 0 1895 1895 0 1892 1892 0 1887 1887 0 1889 1889 0 2532 2532 0 2533 2533 0 1898 1898 0 2534 2534 0 2535 2535 0 1903 1903 0 1900 1900 0 2094 2094 0 1907 1907 0 1909 1909 0 2091 2091 0 1914 1914 0 1910 1910 0 2089 2089 0 1920 1920 0 1916 1916 0 1921 1921 0 1923 1923 0 2086 2086 0 2071 2071 0 2070 2070 0 1933 1933 0 2536 2536 0 1937 1937 0 2537 2537 0 1950 1950 0 1945 1945 0 2538 2538 0 2539 2539 0 1952 1952 0 1951 1951 0 1957 1957 0 1955 1955 0 1954 1954 0 2540 2540 0 2035 2035 0 2541 2541 0 2542 2542 0 1962 1962 0 1966 1966 0 1966 1966 0 1967 1967 0 1969 1969 0 1973 1973 0 1971 1971 0 1970 1970 0 2543 2543 0 2544 2544 0 1975 1975 0 1986 1986 0 2009 2009 0 1982 1982 0 1979 1979 0 2545 2545 0 1977 1977 0 2546 2546 0 2547 2547 0 1985 1985 0 2548 2548 0 1988 1988 0 1990 1990 0 2549 2549 0 1994 1994 0 1996 1996 0 974 974 0 2550 2550 0 1998 1998 0 2550 2550 0 2000 2000 0 1998 1998 0 2551 2551 0 2549 2549 0 1996 1996 0 2552 2552 0 2003 2003 0 2004 2004 0 2006 2006 0 2553 2553 0 2007 2007 0 2554 2554 0 1985 1985 0 2547 2547 0 1984 1984 0 1982 1982 0 1981 1981 0 2015 2015 0 2012 2012 0 2011 2011 0 2555 2555 0 2015 2015 0 2556 2556 0 2557 2557 0 2558 2558 0 2559 2559 0 2024 2024 0 2022 2022 0 2020 2020 0 2025 2025 0 2559 2559 0 2026 2026 0 2560 2560 0 2019 2019 0 2027 2027 0 2561 2561 0 2030 2030 0 2562 2562 0 2028 2028 0 2033 2033 0 2029 2029 0 1951 1951 0 1953 1953 0 1955 1955 0 1960 1960 0 2541 2541 0 2035 2035 0 2538 2538 0 1948 1948 0 1950 1950 0 2044 2044 0 2036 2036 0 2038 2038 0 2041 2041 0 2563 2563 0 2039 2039 0 2043 2043 0 2564 2564 0 2045 2045 0 2047 2047 0 2565 2565 0 2040 2040 0 2566 2566 0 2050 2050 0 2049 2049 0 2049 2049 0 2051 2051 0 2053 2053 0 2056 2056 0 2057 2057 0 2054 2054 0 2567 2567 0 2062 2062 0 2061 2061 0 2568 2568 0 2060 2060 0 2062 2062 0 1937 1937 0 2536 2536 0 1935 1935 0 1936 1936 0 2069 2069 0 2066 2066 0 2073 2073 0 2077 2077 0 2074 2074 0 2075 2075 0 2081 2081 0 2078 2078 0 1919 1919 0 1918 1918 0 2087 2087 0 2093 2093 0 2569 2569 0 2095 2095 0 1894 1894 0 1893 1893 0 2570 2570 0 2099 2099 0 1883 1883 0 2100 2100 0 1871 1871 0 2102 2102 0 2104 2104 0 2110 2110 0 2571 2571 0 2108 2108 0 1860 1860 0 2116 2116 0 1858 1858 0 2572 2572 0 1838 1838 0 1839 1839 0 2573 2573 0 1836 1836 0 2574 2574 0 2575 2575 0 2120 2120 0 2119 2119 0 2123 2123 0 2125 2125 0 2121 2121 0 1832 1832 0 1830 1830 0 2128 2128 0 1818 1818 0 1817 1817 0 1820 1820 0 1809 1809 0 2521 2521 0 1806 1806 0 2576 2576 0 1803 1803 0 2141 2141 0 2155 2155 0 2577 2577 0 2578 2578 0 2579 2579 0 2148 2148 0 2145 2145 0 2152 2152 0 2149 2149 0 2150 2150 0 2156 2156 0 2154 2154 0 2153 2153 0 2578 2578 0 2156 2156 0 2155 2155 0 2158 2158 0 2163 2163 0 2168 2168 0 2165 2165 0 2580 2580 0 2163 2163 0 2167 2167 0 2162 2162 0 2161 2161 0 2517 2517 0 2581 2581 0 2582 2582 0 2185 2185 0 2179 2179 0 2583 2583 0 2171 2171 0 2583 2583 0 2172 2172 0 2170 2170 0 2172 2172 0 2176 2176 0 2180 2180 0 2182 2182 0 2584 2584 0 2183 2183 0 2516 2516 0 2184 2184 0 2187 2187 0 2192 2192 0 2188 2188 0 2178 2178 0 2177 2177 0 2180 2180 0 2181 2181 0 2180 2180 0 2183 2183 0 1755 1755 0 2197 2197 0 2585 2585 0 2513 2513 0 2586 2586 0 1751 1751 0 1752 1752 0 2202 2202 0 2199 2199 0 2513 2513 0 2203 2203 0 2586 2586 0 2211 2211 0 2207 2207 0 2208 2208 0 2208 2208 0 2209 2209 0 2211 2211 0 2213 2213 0 2587 2587 0 2210 2210 0 2222 2222 0 2588 2588 0 2220 2220 0 2224 2224 0 2222 2222 0 2221 2221 0 2227 2227 0 2589 2589 0 2225 2225 0 2231 2231 0 2228 2228 0 2226 2226 0 2236 2236 0 2590 2590 0 2233 2233 0 1686 1686 0 2238 2238 0 2240 2240 0 2257 2257 0 2243 2243 0 2241 2241 0 1681 1681 0 2501 2501 0 2591 2591 0 2249 2249 0 2245 2245 0 2247 2247 0 1684 1684 0 2252 2252 0 1682 1682 0 2248 2248 0 1682 1682 0 2251 2251 0 1678 1678 0 1673 1673 0 2244 2244 0 2592 2592 0 2253 2253 0 2257 2257 0 2263 2263 0 2265 2265 0 1670 1670 0 1659 1659 0 2268 2268 0 1661 1661 0 2500 2500 0 2272 2272 0 2593 2593 0 2594 2594 0 2595 2595 0 2274 2274 0 1644 1644 0 1641 1641 0 2280 2280 0 1 1 0 2596 2596 0 2282 2282 0 6 6 0 2597 2597 0 4 4 0 10 10 0 11 11 0 8 8 0 23 23 0 19 19 0 21 21 0 29 29 0 24 24 0 27 27 0 28 28 0 2285 2285 0 30 30 0 41 41 0 2286 2286 0 39 39 0 44 44 0 2598 2598 0 45 45 0 55 55 0 57 57 0 1605 1605 0 70 70 0 72 72 0 71 71 0 76 76 0 74 74 0 73 73 0 1584 1584 0 2599 2599 0 89 89 0 1584 1584 0 1583 1583 0 2599 2599 0 91 91 0 93 93 0 1580 1580 0 106 106 0 2600 2600 0 104 104 0 2601 2601 0 2602 2602 0 116 116 0 118 118 0 120 120 0 2602 2602 0 137 137 0 139 139 0 1568 1568 0 143 143 0 145 145 0 141 141 0 146 146 0 148 148 0 2603 2603 0 1561 1561 0 2298 2298 0 2297 2297 0 2604 2604 0 2605 2605 0 168 168 0 2301 2301 0 184 184 0 183 183 0 183 183 0 189 189 0 2300 2300 0 195 195 0 2477 2477 0 196 196 0 2303 2303 0 2304 2304 0 1529 1529 0 211 211 0 213 213 0 212 212 0 2606 2606 0 2305 2305 0 214 214 0 1495 1495 0 232 232 0 235 235 0 250 250 0 2469 2469 0 248 248 0 262 262 0 2311 2311 0 259 259 0 270 270 0 267 267 0 266 266 0 2313 2313 0 270 270 0 269 269 0 302 302 0 287 287 0 2315 2315 0 1462 1462 0 294 294 0 2316 2316 0 2607 2607 0 2608 2608 0 2314 2314 0 295 295 0 297 297 0 2608 2608 0 313 313 0 315 315 0 1455 1455 0 328 328 0 330 330 0 1449 1449 0 346 346 0 348 348 0 344 344 0 1410 1410 0 1414 1414 0 1413 1413 0 368 368 0 366 366 0 369 369 0 374 374 0 2323 2323 0 371 371 0 379 379 0 2609 2609 0 376 376 0 2610 2610 0 387 387 0 382 382 0 392 392 0 2611 2611 0 2325 2325 0 394 394 0 2325 2325 0 2326 2326 0 401 401 0 402 402 0 399 399 0 1378 1378 0 2453 2453 0 407 407 0 415 415 0 2329 2329 0 1377 1377 0 2451 2451 0 426 426 0 1376 1376 0 1375 1375 0 2612 2612 0 2330 2330 0 428 428 0 2613 2613 0 430 430 0 442 442 0 443 443 0 2333 2333 0 2335 2335 0 2334 2334 0 444 444 0 2450 2450 0 2449 2449 0 457 457 0 2337 2337 0 461 461 0 465 465 0 473 473 0 476 476 0 471 471 0 475 475 0 471 471 0 476 476 0 2338 2338 0 2614 2614 0 487 487 0 2339 2339 0 2341 2341 0 495 495 0 1332 1332 0 505 505 0 502 502 0 514 514 0 1303 1303 0 512 512 0 522 522 0 523 523 0 520 520 0 528 528 0 530 530 0 526 526 0 539 539 0 537 537 0 536 536 0 543 543 0 2615 2615 0 2616 2616 0 550 550 0 2617 2617 0 548 548 0 553 553 0 2346 2346 0 554 554 0 2348 2348 0 2618 2618 0 2619 2619 0 2619 2619 0 566 566 0 2348 2348 0 2349 2349 0 2351 2351 0 2350 2350 0 582 582 0 578 578 0 580 580 0 595 595 0 2355 2355 0 596 596 0 2620 2620 0 592 592 0 2621 2621 0 1290 1290 0 1289 1289 0 603 603 0 1282 1282 0 616 616 0 612 612 0 1277 1277 0 625 625 0 1275 1275 0 641 641 0 636 636 0 639 639 0 648 648 0 651 651 0 646 646 0 651 651 0 652 652 0 654 654 0 662 662 0 664 664 0 660 660 0 670 670 0 672 672 0 1221 1221 0 682 682 0 684 684 0 680 680 0 691 691 0 693 693 0 689 689 0 1203 1203 0 2622 2622 0 1201 1201 0 1202 1202 0 1201 1201 0 710 710 0 712 712 0 702 702 0 713 713 0 1200 1200 0 2623 2623 0 719 719 0 2624 2624 0 726 726 0 2625 2625 0 751 751 0 749 749 0 748 748 0 780 780 0 2626 2626 0 2368 2368 0 2370 2370 0 786 786 0 783 783 0 791 791 0 789 789 0 788 788 0 2371 2371 0 792 792 0 795 795 0 804 804 0 798 798 0 797 797 0 807 807 0 803 803 0 805 805 0 2374 2374 0 809 809 0 810 810 0 2375 2375 0 814 814 0 815 815 0 2627 2627 0 819 819 0 820 820 0 822 822 0 2627 2627 0 820 820 0 2628 2628 0 2629 2629 0 833 833 0 832 832 0 2628 2628 0 833 833 0 837 837 0 1060 1060 0 840 840 0 849 849 0 2630 2630 0 2380 2380 0 858 858 0 2382 2382 0 859 859 0 867 867 0 869 869 0 2383 2383 0 884 884 0 885 885 0 882 882 0 889 889 0 2387 2387 0 887 887 0 896 896 0 894 894 0 893 893 0 901 901 0 897 897 0 899 899 0 907 907 0 904 904 0 905 905 0 909 909 0 907 907 0 910 910 0 925 925 0 927 927 0 2389 2389 0 2390 2390 0 2631 2631 0 930 930 0 937 937 0 991 991 0 993 993 0 949 949 0 2393 2393 0 947 947 0 957 957 0 2396 2396 0 955 955 0 956 956 0 953 953 0 957 957 0 2632 2632 0 2633 2633 0 959 959 0 2632 2632 0 966 966 0 2633 2633 0 2634 2634 0 973 973 0 972 972 0 989 989 0 987 987 0 986 986 0 2635 2635 0 997 997 0 996 996 0 1000 1000 0 2636 2636 0 998 998 0 2637 2637 0 1007 1007 0 1004 1004 0 1011 1011 0 1008 1008 0 1009 1009 0 2402 2402 0 1014 1014 0 1015 1015 0 1019 1019 0 2638 2638 0 1016 1016 0 2404 2404 0 2403 2403 0 1023 1023 0 1034 1034 0 2639 2639 0 1032 1032 0 2639 2639 0 1038 1038 0 1032 1032 0 1042 1042 0 870 870 0 1043 1043 0 1051 1051 0 2640 2640 0 1052 1052 0 868 868 0 867 867 0 2384 2384 0 1074 1074 0 1072 1072 0 1071 1071 0 777 777 0 1073 1073 0 1075 1075 0 1078 1078 0 1079 1079 0 1077 1077 0 1086 1086 0 1082 1082 0 1084 1084 0 2413 2413 0 2641 2641 0 1093 1093 0 1098 1098 0 773 773 0 2414 2414 0 1102 1102 0 1100 1100 0 2415 2415 0 1107 1107 0 1104 1104 0 2416 2416 0 2417 2417 0 1109 1109 0 1110 1110 0 2418 2418 0 1114 1114 0 1115 1115 0 2642 2642 0 1126 1126 0 2419 2419 0 1127 1127 0 1130 1130 0 1129 1129 0 1135 1135 0 2420 2420 0 1136 1136 0 2421 2421 0 2643 2643 0 2644 2644 0 2644 2644 0 2645 2645 0 2421 2421 0 2422 2422 0 2423 2423 0 2645 2645 0 2364 2364 0 1159 1159 0 752 752 0 1166 1166 0 2425 2425 0 1163 1163 0 1170 1170 0 1167 1167 0 1165 1165 0 1176 1176 0 1179 1179 0 1178 1178 0 1181 1181 0 2646 2646 0 1175 1175 0 2647 2647 0 2430 2430 0 2648 2648 0 1187 1187 0 1189 1189 0 2649 2649 0 725 725 0 724 724 0 1198 1198 0 2625 2625 0 2431 2431 0 2624 2624 0 2622 2622 0 1203 1203 0 715 715 0 699 699 0 1207 1207 0 697 697 0 696 696 0 1209 1209 0 694 694 0 683 683 0 1216 1216 0 1215 1215 0 677 677 0 676 676 0 1217 1217 0 1236 1236 0 2650 2650 0 1232 1232 0 1238 1238 0 2433 2433 0 1240 1240 0 1245 1245 0 1249 1249 0 1248 1248 0 1251 1251 0 1254 1254 0 1250 1250 0 2434 2434 0 2651 2651 0 1260 1260 0 2436 2436 0 1266 1266 0 1265 1265 0 1273 1273 0 2652 2652 0 1274 1274 0 618 618 0 617 617 0 1279 1279 0 1283 1283 0 1285 1285 0 611 611 0 2438 2438 0 519 519 0 1300 1300 0 1305 1305 0 2439 2439 0 2440 2440 0 1310 1310 0 1312 1312 0 1309 1309 0 1314 1314 0 1316 1316 0 1318 1318 0 1326 1326 0 1323 1323 0 1324 1324 0 507 507 0 2443 2443 0 1330 1330 0 2445 2445 0 2653 2653 0 1344 1344 0 2447 2447 0 1344 1344 0 2653 2653 0 2448 2448 0 1359 1359 0 1358 1358 0 1364 1364 0 1366 1366 0 1361 1361 0 457 457 0 454 454 0 2450 2450 0 1380 1380 0 404 404 0 406 406 0 1388 1388 0 2455 2455 0 1386 1386 0 338 338 0 2457 2457 0 340 340 0 341 341 0 340 340 0 1397 1397 0 344 344 0 343 343 0 2654 2654 0 1406 1406 0 1408 1408 0 1405 1405 0 1413 1413 0 1411 1411 0 1410 1410 0 1421 1421 0 1416 1416 0 1418 1418 0 1423 1423 0 2655 2655 0 2460 2460 0 1434 1434 0 1431 1431 0 1430 1430 0 1430 1430 0 1432 1432 0 1434 1434 0 2320 2320 0 1439 1439 0 358 358 0 1448 1448 0 1444 1444 0 1445 1445 0 323 323 0 2464 2464 0 2463 2463 0 320 320 0 319 319 0 1452 1452 0 2318 2318 0 2317 2317 0 2656 2656 0 288 288 0 287 287 0 289 289 0 277 277 0 1468 1468 0 1467 1467 0 1478 1478 0 1486 1486 0 1477 1477 0 1482 1482 0 1485 1485 0 2466 2466 0 1481 1481 0 1484 1484 0 1479 1479 0 247 247 0 2468 2468 0 245 245 0 1490 1490 0 248 248 0 2469 2469 0 2657 2657 0 2658 2658 0 223 223 0 1507 1507 0 1506 1506 0 1502 1502 0 2472 2472 0 2659 2659 0 2475 2475 0 2473 2473 0 2474 2474 0 1514 1514 0 2660 2660 0 1541 1541 0 2478 2478 0 2299 2299 0 1548 1548 0 179 179 0 177 177 0 176 176 0 1547 1547 0 165 165 0 164 164 0 1554 1554 0 1559 1559 0 1560 1560 0 161 161 0 151 151 0 2296 2296 0 149 149 0 141 141 0 2661 2661 0 143 143 0 126 126 0 125 125 0 1571 1571 0 2662 2662 0 2663 2663 0 2293 2293 0 98 98 0 1577 1577 0 99 99 0 2492 2492 0 2664 2664 0 2490 2490 0 59 59 0 58 58 0 1602 1602 0 2496 2496 0 2665 2665 0 2494 2494 0 2277 2277 0 2276 2276 0 2666 2666 0 1624 1624 0 1622 1622 0 1621 1621 0 1645 1645 0 1630 1630 0 1629 1629 0 2667 2667 0 1640 1640 0 1639 1639 0 2277 2277 0 2666 2666 0 2279 2279 0 2596 2596 0 1609 1609 0 2282 2282 0 1649 1649 0 1651 1651 0 2500 2500 0 1661 1661 0 1663 1663 0 1659 1659 0 2264 2264 0 2263 2263 0 1668 1668 0 2501 2501 0 1681 1681 0 2502 2502 0 1694 1694 0 1692 1692 0 1695 1695 0 1697 1697 0 1700 1700 0 1699 1699 0 2506 2506 0 1703 1703 0 1698 1698 0 2668 2668 0 1711 1711 0 2508 2508 0 2669 2669 0 1719 1719 0 2510 2510 0 2590 2590 0 2670 2670 0 2671 2671 0 1735 1735 0 2672 2672 0 1732 1732 0 1745 1745 0 1747 1747 0 2205 2205 0 2203 2203 0 2513 2513 0 1749 1749 0 1779 1779 0 1775 1775 0 1776 1776 0 1781 1781 0 2673 2673 0 1778 1778 0 1790 1790 0 1793 1793 0 1791 1791 0 1801 1801 0 1799 1799 0 1798 1798 0 1814 1814 0 1816 1816 0 1812 1812 0 2522 2522 0 2674 2674 0 1817 1817 0 2137 2137 0 2675 2675 0 2135 2135 0 1829 1829 0 2130 2130 0 2132 2132 0 1843 1843 0 2676 2676 0 2524 2524 0 2525 2525 0 1844 1844 0 1843 1843 0 2116 2116 0 1860 1860 0 2114 2114 0 1852 1852 0 1855 1855 0 2526 2526 0 2109 2109 0 2108 2108 0 2527 2527 0 2677 2677 0 1863 1863 0 1862 1862 0 2529 2529 0 1875 1875 0 1874 1874 0 1882 1882 0 1880 1880 0 1879 1879 0 2530 2530 0 2531 2531 0 2678 2678 0 1875 1875 0 2528 2528 0 1873 1873 0 2533 2533 0 2534 2534 0 2679 2679 0 2090 2090 0 1917 1917 0 1913 1913 0 2084 2084 0 2083 2083 0 1925 1925 0 2536 2536 0 2537 2537 0 2070 2070 0 1952 1952 0 1950 1950 0 1949 1949 0 2680 2680 0 1965 1965 0 1962 1962 0 1969 1969 0 2542 2542 0 1966 1966 0 1974 1974 0 1976 1976 0 2561 2561 0 1982 1982 0 1987 1987 0 1986 1986 0 2011 2011 0 2013 2013 0 2015 2015 0 2000 2000 0 1996 1996 0 1995 1995 0 2553 2553 0 2552 2552 0 2004 2004 0 2004 2004 0 2007 2007 0 2553 2553 0 1987 1987 0 2546 2546 0 1985 1985 0 2012 2012 0 2554 2554 0 2547 2547 0 2681 2681 0 2682 2682 0 2558 2558 0 2023 2023 0 2020 2020 0 2025 2025 0 2027 2027 0 2683 2683 0 2560 2560 0 2684 2684 0 2538 2538 0 1945 1945 0 2685 2685 0 2045 2045 0 2564 2564 0 2037 2037 0 2039 2039 0 2563 2563 0 2046 2046 0 2048 2048 0 2047 2047 0 2061 2061 0 2059 2059 0 2058 2058 0 2058 2058 0 2567 2567 0 2061 2061 0 2067 2067 0 2065 2065 0 2064 2064 0 2686 2686 0 2063 2063 0 2568 2568 0 2687 2687 0 2688 2688 0 2080 2080 0 1920 1920 0 2089 2089 0 1918 1918 0 2097 2097 0 2095 2095 0 2569 2569 0 1856 1856 0 1857 1857 0 2115 2115 0 1835 1835 0 2689 2689 0 1833 1833 0 2129 2129 0 2124 2124 0 2127 2127 0 2148 2148 0 2150 2150 0 2147 2147 0 2150 2150 0 2153 2153 0 2152 2152 0 2580 2580 0 2168 2168 0 2163 2163 0 2161 2161 0 2690 2690 0 2166 2166 0 2583 2583 0 2171 2171 0 2185 2185 0 1767 1767 0 1766 1766 0 2516 2516 0 2180 2180 0 2584 2584 0 2178 2178 0 1762 1762 0 2514 2514 0 1760 1760 0 1759 1759 0 2691 2691 0 1757 1757 0 2692 2692 0 2585 2585 0 2693 2693 0 2198 2198 0 2200 2200 0 2694 2694 0 1746 1746 0 2204 2204 0 1748 1748 0 2215 2215 0 2213 2213 0 2216 2216 0 2219 2219 0 2220 2220 0 2217 2217 0 2221 2221 0 2225 2225 0 2223 2223 0 2671 2671 0 2233 2233 0 2590 2590 0 2242 2242 0 2240 2240 0 2239 2239 0 2246 2246 0 2255 2255 0 2695 2695 0 1681 1681 0 2591 2591 0 1679 1679 0 2503 2503 0 2696 2696 0 2501 2501 0 2697 2697 0 2262 2262 0 2259 2259 0 1665 1665 0 1664 1664 0 1667 1667 0 2500 2500 0 2593 2593 0 1649 1649 0 2597 2597 0 0 0 0 4 4 0 14 14 0 8 8 0 12 12 0 2284 2284 0 20 20 0 17 17 0 22 22 0 26 26 0 24 24 0 52 52 0 54 54 0 50 50 0 2288 2288 0 69 69 0 68 68 0 65 65 0 2698 2698 0 2290 2290 0 98 98 0 100 100 0 2291 2291 0 2600 2600 0 111 111 0 104 104 0 101 101 0 114 114 0 102 102 0 131 131 0 133 133 0 129 129 0 2483 2483 0 2603 2603 0 2482 2482 0 155 155 0 157 157 0 153 153 0 170 170 0 172 172 0 2605 2605 0 2699 2699 0 188 188 0 186 186 0 1530 1530 0 1529 1529 0 2477 2477 0 210 210 0 208 208 0 211 211 0 231 231 0 2307 2307 0 229 229 0 264 264 0 262 262 0 2312 2312 0 267 267 0 263 263 0 265 265 0 2315 2315 0 303 303 0 302 302 0 303 303 0 283 283 0 301 301 0 310 310 0 312 312 0 308 308 0 340 340 0 342 342 0 338 338 0 365 365 0 369 369 0 366 366 0 372 372 0 367 367 0 370 370 0 2609 2609 0 377 377 0 376 376 0 384 384 0 2610 2610 0 382 382 0 389 389 0 392 392 0 391 391 0 395 395 0 398 398 0 393 393 0 1379 1379 0 2700 2700 0 1380 1380 0 408 408 0 2452 2452 0 411 411 0 418 418 0 415 415 0 414 414 0 425 425 0 1376 1376 0 426 426 0 2333 2333 0 441 441 0 442 442 0 1369 1369 0 1368 1368 0 2449 2449 0 472 472 0 470 470 0 469 469 0 2701 2701 0 487 487 0 2614 2614 0 1330 1330 0 2442 2442 0 507 507 0 2342 2342 0 522 522 0 517 517 0 532 532 0 535 535 0 533 533 0 2616 2616 0 544 544 0 543 543 0 2615 2615 0 2702 2702 0 2616 2616 0 2618 2618 0 2347 2347 0 2619 2619 0 2703 2703 0 580 580 0 579 579 0 2353 2353 0 2621 2621 0 592 592 0 1287 1287 0 1286 1286 0 606 606 0 611 611 0 613 613 0 1283 1283 0 620 620 0 622 622 0 1278 1278 0 635 635 0 638 638 0 637 637 0 647 647 0 2359 2359 0 648 648 0 654 654 0 649 649 0 651 651 0 2704 2704 0 662 662 0 661 661 0 1220 1220 0 1218 1218 0 674 674 0 1215 1215 0 1214 1214 0 683 683 0 715 715 0 717 717 0 2622 2622 0 697 697 0 714 714 0 698 698 0 752 752 0 754 754 0 2364 2364 0 786 786 0 787 787 0 789 789 0 793 793 0 794 794 0 792 792 0 819 819 0 817 817 0 816 816 0 2705 2705 0 833 833 0 2629 2629 0 2630 2630 0 846 846 0 2380 2380 0 863 863 0 866 866 0 864 864 0 888 888 0 2386 2386 0 886 886 0 893 893 0 898 898 0 895 895 0 903 903 0 905 905 0 902 902 0 928 928 0 925 925 0 929 929 0 946 946 0 982 982 0 944 944 0 2394 2394 0 2706 2706 0 950 950 0 2707 2707 0 961 961 0 2395 2395 0 2708 2708 0 2634 2634 0 972 972 0 996 996 0 998 998 0 2635 2635 0 1010 1010 0 1012 1012 0 2401 2401 0 1013 1013 0 1015 1015 0 1014 1014 0 2638 2638 0 1017 1017 0 1016 1016 0 1039 1039 0 1038 1038 0 1040 1040 0 2709 2709 0 1048 1048 0 1047 1047 0 865 865 0 863 863 0 1057 1057 0 2710 2710 0 1087 1087 0 2412 2412 0 1108 1108 0 1110 1110 0 1106 1106 0 2711 2711 0 2642 2642 0 2419 2419 0 2419 2419 0 2712 2712 0 2711 2711 0 753 753 0 1157 1157 0 755 755 0 1150 1150 0 2643 2643 0 2421 2421 0 1172 1172 0 1169 1169 0 741 741 0 2647 2647 0 2648 2648 0 2429 2429 0 735 735 0 2649 2649 0 733 733 0 726 726 0 2624 2624 0 724 724 0 716 716 0 715 715 0 2713 2713 0 689 689 0 2714 2714 0 691 691 0 671 671 0 670 670 0 2360 2360 0 2715 2715 0 1236 1236 0 1235 1235 0 1235 1235 0 1237 1237 0 1239 1239 0 1248 1248 0 1246 1246 0 1245 1245 0 1261 1261 0 1264 1264 0 1266 1266 0 624 624 0 623 623 0 2652 2652 0 619 619 0 2357 2357 0 617 617 0 606 606 0 605 605 0 1287 1287 0 515 515 0 1302 1302 0 1301 1301 0 2716 2716 0 2440 2440 0 509 509 0 1308 1308 0 1310 1310 0 1307 1307 0 1318 1318 0 1315 1315 0 1314 1314 0 1322 1322 0 2441 2441 0 1321 1321 0 1329 1329 0 1331 1331 0 1327 1327 0 1345 1345 0 1343 1343 0 1342 1342 0 1358 1358 0 1360 1360 0 2448 2448 0 2717 2717 0 2328 2328 0 408 408 0 335 335 0 2456 2456 0 337 337 0 2718 2718 0 1396 1396 0 1398 1398 0 1404 1404 0 1401 1401 0 1402 1402 0 1420 1420 0 1422 1422 0 1424 1424 0 347 347 0 346 346 0 1429 1429 0 353 353 0 1440 1440 0 355 355 0 329 329 0 328 328 0 2462 2462 0 1449 1449 0 325 325 0 1450 1450 0 2719 2719 0 1418 1418 0 1417 1417 0 308 308 0 1458 1458 0 310 310 0 294 294 0 1462 1462 0 1460 1460 0 1470 1470 0 1469 1469 0 1474 1474 0 2466 2466 0 1487 1487 0 2467 2467 0 1492 1492 0 1493 1493 0 242 242 0 237 237 0 236 236 0 2308 2308 0 1503 1503 0 2720 2720 0 1500 1500 0 2475 2475 0 2659 2659 0 1512 1512 0 2478 2478 0 2721 2721 0 2660 2660 0 2479 2479 0 2480 2480 0 1542 1542 0 2297 2297 0 1563 1563 0 2722 2722 0 147 147 0 146 146 0 2296 2296 0 141 141 0 140 140 0 2661 2661 0 129 129 0 2485 2485 0 131 131 0 103 103 0 2487 2487 0 101 101 0 1575 1575 0 99 99 0 1576 1576 0 2490 2490 0 2491 2491 0 2492 2492 0 2493 2493 0 2492 2492 0 1599 1599 0 2497 2497 0 1615 1615 0 1614 1614 0 1627 1627 0 1623 1623 0 1625 1625 0 1636 1636 0 2667 2667 0 1639 1639 0 1646 1646 0 1648 1648 0 2273 2273 0 2266 2266 0 1666 1666 0 1662 1662 0 1682 1682 0 2248 2248 0 1683 1683 0 1692 1692 0 1688 1688 0 1690 1690 0 2505 2505 0 1697 1697 0 1693 1693 0 2511 2511 0 1722 1722 0 1723 1723 0 2672 2672 0 1733 1733 0 1732 1732 0 2512 2512 0 1743 1743 0 1741 1741 0 2673 2673 0 1779 1779 0 1778 1778 0 1793 1793 0 2723 2723 0 1792 1792 0 1796 1796 0 1797 1797 0 1794 1794 0 1806 1806 0 1810 1810 0 1809 1809 0 1820 1820 0 2137 2137 0 2136 2136 0 2689 2689 0 2123 2123 0 1833 1833 0 2117 2117 0 2524 2524 0 2676 2676 0 2526 2526 0 1851 1851 0 1852 1852 0 2112 2112 0 1859 1859 0 1858 1858 0 2678 2678 0 1882 1882 0 1881 1881 0 2101 2101 0 2724 2724 0 2099 2099 0 2098 2098 0 1906 1906 0 1902 1902 0 1911 1911 0 1909 1909 0 1908 1908 0 2085 2085 0 1928 1928 0 2083 2083 0 1955 1955 0 2539 2539 0 1951 1951 0 1964 1964 0 2680 2680 0 1962 1962 0 1990 1990 0 1977 1977 0 2545 2545 0 1996 1996 0 2001 2001 0 2551 2551 0 2003 2003 0 2551 2551 0 2001 2001 0 2547 2547 0 2010 2010 0 2012 2012 0 2544 2544 0 2543 2543 0 2682 2682 0 1975 1975 0 1974 1974 0 2543 2543 0 1946 1946 0 2685 2685 0 2564 2564 0 2565 2565 0 2041 2041 0 2040 2040 0 2050 2050 0 2047 2047 0 2048 2048 0 2062 2062 0 2686 2686 0 2568 2568 0 2070 2070 0 2072 2072 0 2536 2536 0 1930 1930 0 1929 1929 0 2688 2688 0 1917 1917 0 2090 2090 0 1915 1915 0 1906 1906 0 2098 2098 0 1904 1904 0 2122 2122 0 1833 1833 0 2123 2123 0 2143 2143 0 2579 2579 0 2145 2145 0 2690 2690 0 2582 2582 0 2166 2166 0 2581 2581 0 2166 2166 0 2582 2582 0 1764 1764 0 2169 2169 0 1766 1766 0 2179 2179 0 2186 2186 0 2177 2177 0 2692 2692 0 2693 2693 0 2691 2691 0 2725 2725 0 2694 2694 0 2195 2195 0 2212 2212 0 2216 2216 0 2213 2213 0 2726 2726 0 2219 2219 0 2218 2218 0 1724 1724 0 1723 1723 0 1726 1726 0 2254 2254 0 2695 2695 0 2255 2255 0 2695 2695 0 2247 2247 0 2246 2246 0 1677 1677 0 1676 1676 0 2696 2696 0 1662 1662 0 2267 2267 0 2266 2266 0 1650 1650 0 2271 2271 0 1652 1652 0 12 12 0 15 15 0 13 13 0 18 18 0 13 13 0 16 16 0 1598 1598 0 2287 2287 0 56 56 0 1585 1585 0 2727 2727 0 1583 1583 0 1581 1581 0 2292 2292 0 2727 2727 0 111 111 0 2662 2662 0 2293 2293 0 128 128 0 130 130 0 126 126 0 158 158 0 1559 1559 0 159 159 0 1554 1554 0 1553 1553 0 165 165 0 191 191 0 2300 2300 0 189 189 0 1523 1523 0 2728 2728 0 221 221 0 239 239 0 1492 1492 0 240 240 0 2310 2310 0 258 258 0 260 260 0 2729 2729 0 301 301 0 283 283 0 334 334 0 336 336 0 332 332 0 1408 1408 0 1409 1409 0 1411 1411 0 2730 2730 0 374 374 0 2324 2324 0 381 381 0 384 384 0 380 380 0 2611 2611 0 2326 2326 0 2325 2325 0 2700 2700 0 399 399 0 403 403 0 411 411 0 2717 2717 0 408 408 0 2329 2329 0 2731 2731 0 420 420 0 451 451 0 2336 2336 0 452 452 0 470 470 0 467 467 0 466 466 0 497 497 0 500 500 0 2340 2340 0 527 527 0 2732 2732 0 2343 2343 0 533 533 0 529 529 0 531 531 0 542 542 0 538 538 0 540 540 0 600 600 0 604 604 0 601 601 0 640 640 0 643 643 0 645 645 0 644 644 0 648 648 0 2359 2359 0 658 658 0 2704 2704 0 661 661 0 688 688 0 690 690 0 686 686 0 721 721 0 723 723 0 2623 2623 0 781 781 0 784 784 0 782 782 0 814 814 0 812 812 0 811 811 0 1055 1055 0 2409 2409 0 1053 1053 0 891 891 0 892 892 0 890 890 0 2733 2733 0 950 950 0 2706 2706 0 972 972 0 2734 2734 0 2708 2708 0 1007 1007 0 1009 1009 0 1006 1006 0 1014 1014 0 2401 2401 0 1012 1012 0 2409 2409 0 2410 2410 0 2640 2640 0 2412 2412 0 1086 1086 0 2710 2710 0 2735 2735 0 1111 1111 0 772 772 0 2712 2712 0 1119 1119 0 2711 2711 0 1143 1143 0 760 760 0 759 759 0 2429 2429 0 2428 2428 0 2647 2647 0 2623 2623 0 1200 1200 0 721 721 0 686 686 0 685 685 0 1213 1213 0 1221 1221 0 1223 1223 0 1222 1222 0 1239 1239 0 2715 2715 0 1235 1235 0 1243 1243 0 1244 1244 0 1242 1242 0 621 621 0 620 620 0 1276 1276 0 1315 1315 0 1311 1311 0 1313 1313 0 1343 1343 0 1338 1338 0 1340 1340 0 1354 1354 0 2736 2736 0 1355 1355 0 2731 2731 0 421 421 0 420 420 0 1411 1411 0 1407 1407 0 1408 1408 0 1415 1415 0 2719 2719 0 1417 1417 0 1443 1443 0 1425 1425 0 1427 1427 0 344 344 0 2654 2654 0 346 346 0 1451 1451 0 1448 1448 0 364 364 0 311 311 0 310 310 0 1456 1456 0 1474 1474 0 1473 1473 0 1470 1470 0 2737 2737 0 1497 1497 0 2306 2306 0 2738 2738 0 1501 1501 0 1500 1500 0 2721 2721 0 2739 2739 0 2660 2660 0 171 171 0 1550 1550 0 173 173 0 2297 2297 0 2722 2722 0 1561 1561 0 135 135 0 2484 2484 0 1569 1569 0 2295 2295 0 2740 2740 0 125 125 0 1595 1595 0 1589 1589 0 1593 1593 0 1611 1611 0 1613 1613 0 1615 1615 0 1619 1619 0 1620 1620 0 1622 1622 0 1631 1631 0 1633 1633 0 1632 1632 0 2262 2262 0 2697 2697 0 1671 1671 0 2696 2696 0 2503 2503 0 1677 1677 0 1689 1689 0 1685 1685 0 2504 2504 0 1733 1733 0 1730 1730 0 1729 1729 0 1748 1748 0 1750 1750 0 1746 1746 0 1795 1795 0 2741 2741 0 2520 2520 0 2138 2138 0 2742 2742 0 2674 2674 0 2119 2119 0 2573 2573 0 2574 2574 0 1848 1848 0 1850 1850 0 1845 1845 0 2101 2101 0 2532 2532 0 2724 2724 0 2097 2097 0 2569 2569 0 1905 1905 0 2082 2082 0 1931 1931 0 1927 1927 0 2545 2545 0 2548 2548 0 1990 1990 0 2007 2007 0 2743 2743 0 2008 2008 0 2556 2556 0 2744 2744 0 2555 2555 0 2561 2561 0 2562 2562 0 1974 1974 0 2564 2564 0 1947 1947 0 1946 1946 0 2053 2053 0 2566 2566 0 2049 2049 0 2065 2065 0 2568 2568 0 2063 2063 0 1933 1933 0 1932 1932 0 2071 2071 0 1914 1914 0 2091 2091 0 1912 1912 0 2125 2125 0 2126 2126 0 2124 2124 0 2577 2577 0 2157 2157 0 2578 2578 0 2159 2159 0 2578 2578 0 2157 2157 0 2745 2745 0 2189 2189 0 1763 1763 0 1758 1758 0 1757 1757 0 2746 2746 0 2216 2216 0 2747 2747 0 2214 2214 0 2218 2218 0 2214 2214 0 2747 2747 0 1720 1720 0 1719 1719 0 1721 1721 0 2255 2255 0 2256 2256 0 2253 2253 0 1675 1675 0 2260 2260 0 1673 1673 0 1671 1671 0 1670 1670 0 2261 2261 0 2273 2273 0 2275 2275 0 1646 1646 0 7 7 0 10 10 0 5 5 0 1602 1602 0 1600 1600 0 59 59 0 82 82 0 2289 2289 0 83 83 0 125 125 0 127 127 0 2295 2295 0 152 152 0 154 154 0 150 150 0 173 173 0 175 175 0 171 171 0 193 193 0 192 192 0 195 195 0 1523 1523 0 2657 2657 0 2728 2728 0 260 260 0 2748 2748 0 2310 2310 0 304 304 0 306 306 0 2318 2318 0 331 331 0 333 333 0 329 329 0 373 373 0 2324 2324 0 374 374 0 2327 2327 0 1381 1381 0 2454 2454 0 2453 2453 0 406 406 0 405 405 0 1367 1367 0 1364 1364 0 1368 1368 0 2749 2749 0 463 463 0 462 462 0 2732 2732 0 2750 2750 0 2343 2343 0 1284 1284 0 1283 1283 0 609 609 0 637 637 0 632 632 0 635 635 0 676 676 0 678 678 0 1218 1218 0 2431 2431 0 2625 2625 0 722 722 0 2751 2751 0 2368 2368 0 2626 2626 0 809 809 0 807 807 0 806 806 0 883 883 0 2752 2752 0 884 884 0 2706 2706 0 980 980 0 2733 2733 0 2734 2734 0 2753 2753 0 2708 2708 0 1005 1005 0 2637 2637 0 1004 1004 0 861 861 0 860 860 0 863 863 0 1085 1085 0 2710 2710 0 1086 1086 0 716 716 0 2713 2713 0 2361 2361 0 2650 2650 0 1233 1233 0 1232 1232 0 612 612 0 611 611 0 1282 1282 0 1317 1317 0 1322 1322 0 1319 1319 0 1336 1336 0 2444 2444 0 1339 1339 0 2336 2336 0 451 451 0 454 454 0 363 363 0 2458 2458 0 361 361 0 1442 1442 0 2460 2460 0 1443 1443 0 1414 1414 0 361 361 0 1412 1412 0 2461 2461 0 1424 1424 0 1423 1423 0 1480 1480 0 1490 1490 0 1488 1488 0 2657 2657 0 1523 1523 0 2658 2658 0 2739 2739 0 1535 1535 0 1538 1538 0 2603 2603 0 2483 2483 0 146 146 0 1591 1591 0 1592 1592 0 1589 1589 0 1616 1616 0 1619 1619 0 1617 1617 0 2260 2260 0 1675 1675 0 2258 2258 0 1673 1673 0 1678 1678 0 1674 1674 0 2754 2754 0 2504 2504 0 1685 1685 0 1740 1740 0 1742 1742 0 1738 1738 0 2755 2755 0 2520 2520 0 2741 2741 0 2676 2676 0 2756 2756 0 2117 2117 0 2757 2757 0 2679 2679 0 1894 1894 0 2688 2688 0 2687 2687 0 1930 1930 0 1989 1989 0 2758 2758 0 1992 1992 0 2743 2743 0 1991 1991 0 2008 2008 0 2744 2744 0 2018 2018 0 2017 2017 0 2759 2759 0 2560 2560 0 2683 2683 0 1943 1943 0 2053 2053 0 2052 2052 0 2055 2055 0 2760 2760 0 2056 2056 0 2582 2582 0 2761 2761 0 2517 2517 0 2515 2515 0 2746 2746 0 2514 2514 0 2747 2747 0 2726 2726 0 2218 2218 0 2241 2241 0 2592 2592 0 2257 2257 0 1656 1656 0 1655 1655 0 1658 1658 0 2276 2276 0 2278 2278 0 2595 2595 0 2 2 0 3 3 0 0 0 0 2664 2664 0 1594 1594 0 2490 2490 0 1566 1566 0 2482 2482 0 144 144 0 164 164 0 166 166 0 1556 1556 0 223 223 0 225 225 0 2657 2657 0 2748 2748 0 256 256 0 2310 2310 0 307 307 0 309 309 0 305 305 0 2463 2463 0 327 327 0 323 323 0 377 377 0 2730 2730 0 2324 2324 0 1382 1382 0 2454 2454 0 1381 1381 0 1361 1361 0 2762 2762 0 1364 1364 0 462 462 0 2763 2763 0 2749 2749 0 1279 1279 0 1278 1278 0 618 618 0 2764 2764 0 2358 2358 0 633 633 0 1208 1208 0 2362 2362 0 1210 1210 0 2626 2626 0 2765 2765 0 2751 2751 0 797 797 0 2373 2373 0 804 804 0 2766 2766 0 884 884 0 2752 2752 0 2767 2767 0 2708 2708 0 2753 2753 0 2636 2636 0 2635 2635 0 998 998 0 2382 2382 0 2768 2768 0 860 860 0 707 707 0 703 703 0 705 705 0 1233 1233 0 1229 1229 0 1231 1231 0 603 603 0 602 602 0 1290 1290 0 1325 1325 0 1329 1329 0 1328 1328 0 1337 1337 0 2769 2769 0 1335 1335 0 453 453 0 1371 1371 0 451 451 0 1400 1400 0 2718 2718 0 1398 1398 0 241 241 0 2308 2308 0 239 239 0 2470 2470 0 226 226 0 1499 1499 0 1533 1533 0 1537 1537 0 1535 1535 0 1590 1590 0 2496 2496 0 1591 1591 0 2595 2595 0 2594 2594 0 2276 2276 0 2259 2259 0 2258 2258 0 2697 2697 0 1736 1736 0 1740 1740 0 1737 1737 0 1993 1993 0 2008 2008 0 1991 1991 0 2683 2683 0 2016 2016 0 2018 2018 0 1931 1931 0 2082 2082 0 1929 1929 0 2205 2205 0 2206 2206 0 1745 1745 0 2240 2240 0 1687 1687 0 1686 1686 0 161 161 0 163 163 0 1559 1559 0 1521 1521 0 1517 1517 0 224 224 0 255 255 0 257 257 0 252 252 0 319 319 0 321 321 0 317 317 0 387 387 0 388 388 0 385 385 0 398 398 0 2770 2770 0 396 396 0 1361 1361 0 1360 1360 0 2762 2762 0 2652 2652 0 1273 1273 0 624 624 0 727 727 0 1195 1195 0 728 728 0 1068 1068 0 2751 2751 0 2765 2765 0 2771 2771 0 2766 2766 0 2752 2752 0 2753 2753 0 2772 2772 0 2767 2767 0 2404 2404 0 1023 1023 0 1024 1024 0 2382 2382 0 858 858 0 2768 2768 0 604 604 0 600 600 0 602 602 0 2447 2447 0 2653 2653 0 1348 1348 0 1391 1391 0 1393 1393 0 1395 1395 0 1536 1536 0 1534 1534 0 1533 1533 0 2495 2495 0 1591 1591 0 2496 2496 0 1608 1608 0 2282 2282 0 1609 1609 0 2269 2269 0 1657 1657 0 1653 1653 0 1737 1737 0 1735 1735 0 1734 1734 0 2758 2758 0 1993 1993 0 1992 1992 0 1928 1928 0 2085 2085 0 1926 1926 0 1653 1653 0 2270 2270 0 2269 2269 0 176 176 0 178 178 0 174 174 0 1519 1519 0 2473 2473 0 1517 1517 0 253 253 0 2309 2309 0 251 251 0 352 352 0 354 354 0 350 350 0 2322 2322 0 370 370 0 367 367 0 2437 2437 0 626 626 0 1270 1270 0 1193 1193 0 1192 1192 0 1195 1195 0 2772 2772 0 2773 2773 0 2767 2767 0 856 856 0 855 855 0 858 858 0 332 332 0 2774 2774 0 334 334 0 1552 1552 0 1532 1532 0 1534 1534 0 1605 1605 0 1606 1606 0 55 55 0 2274 2274 0 2499 2499 0 2594 2594 0 2014 2014 0 2556 2556 0 2015 2015 0 1925 1925 0 1924 1924 0 2084 2084 0 2279 2279 0 2281 2281 0 2277 2277 0 1548 1548 0 2299 2299 0 177 177 0 1514 1514 0 2775 2775 0 2473 2473 0 242 242 0 244 244 0 1492 1492 0 1439 1439 0 2320 2320 0 356 356 0 1418 1418 0 1419 1419 0 1421 1421 0 2773 2773 0 969 969 0 2767 2767 0 1385 1385 0 1446 1446 0 1383 1383 0 2605 2605 0 2776 2776 0 170 170 0 1635 1635 0 1632 1632 0 1633 1633 0 2017 2017 0 2555 2555 0 2744 2744 0 2086 2086 0 2088 2088 0 1921 1921 0 1637 1637 0 2498 2498 0 1634 1634 0 1514 1514 0 1513 1513 0 2775 2775 0 2313 2313 0 269 269 0 273 273 0 2459 2459 0 1421 1421 0 1420 1420 0 977 977 0 2767 2767 0 969 969 0 332 332 0 331 331 0 2774 2774 0 2605 2605 0 2604 2604 0 2776 2776 0 2018 2018 0 2759 2759 0 2683 2683 0 970 970 0 964 964 0 968 968 0 1447 1447 0 364 364 0 1448 1448 0 2559 2559 0 2025 2025 0 2557 2557 0 966 966 0 2632 2632 0 964 964 0 314 314 0 1454 1454 0 316 316 0 2558 2558 0 2557 2557 0 2681 2681 0 959 959 0 978 978 0 2632 2632 0 2319 2319 0 298 298 0 2317 2317 0 2682 2682 0 2681 2681 0 2544 2544 0 2396 2396 0 2707 2707 0 2395 2395 0 296 296 0 295 295 0 298 298 0 2030 2030 0 2561 2561 0 2777 2777 0 979 979 0 2733 2733 0 980 980 0 2030 2030 0 2777 2777 0 2028 2028 0 980 980 0 2398 2398 0 948 948 0 2033 2033 0 2028 2028 0 2031 2031 0 945 945 0 2392 2392 0 2393 2393 0 1972 1972 0 2034 2034 0 2031 2031 0 2399 2399 0 946 946 0 945 945 0 2031 2031 0 1973 1973 0 1972 1972 0 2778 2778 0 984 984 0 983 983 0 1971 1971 0 2779 2779 0 1968 1968 0 983 983 0 2780 2780 0 2778 2778 0 2779 2779 0 1969 1969 0 1968 1968 0 942 942 0 2778 2778 0 2780 2780 0 2781 2781 0 1964 1964 0 1963 1963 0 2780 2780 0 943 943 0 942 942 0 2541 2541 0 2781 2781 0 1963 1963 0 986 986 0 2391 2391 0 988 988 0 1963 1963 0 2540 2540 0 2541 2541 0 940 940 0 938 938 0 990 990 0 1958 1958 0 1959 1959 0 1961 1961 0 2782 2782 0 993 993 0 992 992 0 2783 2783 0 2684 2684 0 1945 1945 0 934 934 0 2782 2782 0 992 992 0 1947 1947 0 2783 2783 0 1945 1945 0 992 992 0 935 935 0 934 934 0 2563 2563 0 2038 2038 0 2037 2037 0 933 933 0 2631 2631 0 2390 2390 0 2052 2052 0 1944 1944 0 1943 1943 0 930 930 0 2784 2784 0 2390 2390 0 1944 1944 0 1942 1942 0 1941 1941 0 930 930 0 929 929 0 2784 2784 0 1942 1942 0 1940 1940 0 1939 1939 0 2389 2389 0 2785 2785 0 925 925 0 2786 2786 0 1938 1938 0 1940 1940 0 923 923 0 2785 2785 0 2389 2389 0 2760 2760 0 2786 2786 0 1940 1940 0 921 921 0 920 920 0 923 923 0 1940 1940 0 2056 2056 0 2760 2760 0 2787 2787 0 920 920 0 918 918 0 2066 2066 0 2064 2064 0 1936 1936 0 915 915 0 2787 2787 0 918 918 0 1932 1932 0 1934 1934 0 2073 2073 0 919 919 0 916 916 0 915 915 0 2077 2077 0 2073 2073 0 2075 2075 0 917 917 0 2388 2388 0 915 915 0 2081 2081 0 2075 2075 0 2079 2079 0 913 913 0 912 912 0 2388 2388 0 2080 2080 0 2079 2079 0 2687 2687 0 911 911 0 910 910 0 912 912 0 2087 2087 0 2086 2086 0 1919 1919 0 2752 2752 0 2788 2788 0 2771 2771 0 1909 1909 0 2092 2092 0 2094 2094 0 2788 2788 0 2789 2789 0 2771 2771 0 2096 2096 0 2094 2094 0 2093 2093 0 2790 2790 0 2771 2771 0 2789 2789 0 1903 1903 0 2535 2535 0 1901 1901 0 2791 2791 0 2790 2790 0 2789 2789 0 1900 1900 0 1896 1896 0 2535 2535 0 2789 2789 0 2400 2400 0 2791 2791 0 1898 1898 0 2533 2533 0 1896 1896 0 997 997 0 2791 2791 0 2400 2400 0 2679 2679 0 2757 2757 0 2533 2533 0 1025 1025 0 1024 1024 0 2792 2792 0 1894 1894 0 2570 2570 0 2757 2757 0 1025 1025 0 2792 2792 0 1028 1028 0 1890 1890 0 1887 1887 0 1891 1891 0 1029 1029 0 2405 2405 0 1028 1028 0 2532 2532 0 2793 2793 0 1887 1887 0 880 880 0 1030 1030 0 881 881 0 2532 2532 0 2101 2101 0 2793 2793 0 881 881 0 2385 2385 0 879 879 0 1885 1885 0 2530 2530 0 1883 1883 0 877 877 0 879 879 0 2385 2385 0 2678 2678 0 2794 2794 0 2530 2530 0 2795 2795 0 876 876 0 878 878 0 2678 2678 0 1881 1881 0 2794 2794 0 878 878 0 1035 1035 0 2795 2795 0 2104 2104 0 1869 1869 0 1871 1871 0 2407 2407 0 2795 2795 0 1035 1035 0 2107 2107 0 2104 2104 0 2103 2103 0 875 875 0 2796 2796 0 873 873 0 2103 2103 0 2797 2797 0 2107 2107 0 2796 2796 0 1042 1042 0 873 873 0 2797 2797 0 2105 2105 0 2107 2107 0 2408 2408 0 873 873 0 1042 1042 0 2571 2571 0 2107 2107 0 2106 2106 0 1047 1047 0 872 872 0 871 871 0 2106 2106 0 2108 2108 0 2571 2571 0 871 871 0 2709 2709 0 1047 1047 0 1868 1868 0 2111 2111 0 2109 2109 0 1049 1049 0 1048 1048 0 1051 1051 0 1866 1866 0 1863 1863 0 1864 1864 0 2640 2640 0 1051 1051 0 2798 2798 0 1862 1862 0 2112 2112 0 2677 2677 0 2640 2640 0 2798 2798 0 2409 2409 0 2112 2112 0 2113 2113 0 2677 2677 0 2381 2381 0 853 853 0 855 855 0 2756 2756 0 2799 2799 0 2117 2117 0 1059 1059 0 855 855 0 853 853 0 2799 2799 0 1841 1841 0 2117 2117 0 854 854 0 850 850 0 852 852 0 1841 1841 0 2572 2572 0 1839 1839 0 2800 2800 0 2380 2380 0 846 846 0 2523 2523 0 2574 2574 0 1836 1836 0 845 845 0 2800 2800 0 846 846 0 2574 2574 0 2575 2575 0 2119 2119 0 844 844 0 843 843 0 845 845 0 2120 2120 0 1835 1835 0 2118 2118 0 2801 2801 0 843 843 0 1060 1060 0 2802 2802 0 2132 2132 0 2131 2131 0 837 837 0 2801 2801 0 1060 1060 0 2131 2131 0 2133 2133 0 2802 2802 0 839 839 0 2379 2379 0 837 837 0 2134 2134 0 2802 2802 0 2133 2133 0 2378 2378 0 2377 2377 0 2379 2379 0 1825 1825 0 1824 1824 0 1826 1826 0 2377 2377 0 2803 2803 0 2379 2379 0 2135 2135 0 2675 2675 0 1824 1824 0 1061 1061 0 2803 2803 0 2377 2377 0 2742 2742 0 1817 1817 0 2674 2674 0 2804 2804 0 2705 2705 0 2629 2629 0 2674 2674 0 1815 1815 0 2138 2138 0 2629 2629 0 2376 2376 0 2804 2804 0 1812 1812 0 1811 1811 0 1814 1814 0 829 829 0 2804 2804 0 2376 2376 0 2140 2140 0 1805 1805 0 1807 1807 0 827 827 0 826 826 0 829 829 0 2141 2141 0 2140 2140 0 2139 2139 0 2411 2411 0 826 826 0 1063 1063 0 2139 2139 0 2576 2576 0 2141 2141 0 1063 1063 0 1064 1064 0 2411 2411 0 2741 2741 0 2805 2805 0 2755 2755 0 825 825 0 821 821 0 1065 1065 0 2723 2723 0 2755 2755 0 2805 2805 0 2765 2765 0 2806 2806 0 1068 1068 0 2805 2805 0 1792 1792 0 2723 2723 0 2806 2806 0 1069 1069 0 1068 1068 0 1787 1787 0 1784 1784 0 1785 1785 0 1069 1069 0 1070 1070 0 1067 1067 0 1783 1783 0 1785 1785 0 1784 1784 0 1083 1083 0 1081 1081 0 1080 1080 0 1780 1780 0 1782 1782 0 1784 1784 0 2807 2807 0 1089 1089 0 1088 1088 0 1774 1774 0 2518 2518 0 1772 1772 0 1088 1088 0 1090 1090 0 2807 2807 0 2144 2144 0 1774 1774 0 1773 1773 0 1092 1092 0 2807 2807 0 1090 1090 0 1773 1773 0 2142 2142 0 2144 2144 0 1094 1094 0 1092 1092 0 1091 1091 0 2146 2146 0 2144 2144 0 2143 2143 0 1096 1096 0 1093 1093 0 2641 2641 0 2761 2761 0 1771 1771 0 2517 2517 0 2641 2641 0 1097 1097 0 1096 1096 0 1771 1771 0 2808 2808 0 1769 1769 0 775 775 0 2414 2414 0 773 773 0 2808 2808 0 2173 2173 0 1769 1769 0 1100 1100 0 2367 2367 0 774 774 0 2809 2809 0 1769 1769 0 2173 2173 0 1103 1103 0 1105 1105 0 1101 1101 0 2174 2174 0 2809 2809 0 2173 2173 0 770 770 0 2735 2735 0 772 772 0 1766 1766 0 1768 1768 0 1764 1764 0 1113 1113 0 1115 1115 0 1112 1112 0 1763 1763 0 1765 1765 0 2745 2745 0 1115 1115 0 1121 1121 0 2418 2418 0 2189 2189 0 2745 2745 0 2187 2187 0 1123 1123 0 2711 2711 0 1119 1119 0 2192 2192 0 2187 2187 0 2190 2190 0 1130 1130 0 1127 1127 0 767 767 0 1760 1760 0 2190 2190 0 1761 1761 0 1132 1132 0 2365 2365 0 1131 1131 0 2746 2746 0 2515 2515 0 1758 1758 0 1118 1118 0 1131 1131 0 1116 1116 0 2691 2691 0 1759 1759 0 2692 2692 0 1133 1133 0 1116 1116 0 1135 1135 0 2585 2585 0 2692 2692 0 1755 1755 0 2420 2420 0 1135 1135 0 2810 2810 0 2195 2195 0 2194 2194 0 2725 2725 0 2420 2420 0 2810 2810 0 1137 1137 0 2694 2694 0 2725 2725 0 2198 2198 0 765 765 0 1140 1140 0 1137 1137 0 2199 2199 0 2198 2198 0 1752 1752 0 765 765 0 2811 2811 0 763 763 0 1730 1730 0 2812 2812 0 1728 1728 0 2811 2811 0 761 761 0 763 763 0 2812 2812 0 2208 2208 0 1728 1728 0 762 762 0 763 763 0 761 761 0 2587 2587 0 2211 2211 0 2210 2210 0 2813 2813 0 762 762 0 758 758 0 2588 2588 0 2217 2217 0 2220 2220 0 1141 1141 0 2813 2813 0 758 758 0 2589 2589 0 2223 2223 0 2225 2225 0 2814 2814 0 1147 1147 0 1146 1146 0 2231 2231 0 2226 2226 0 2229 2229 0 1149 1149 0 2814 2814 0 1146 1146 0 2670 2670 0 2232 2232 0 2229 2229 0 2645 2645 0 2644 2644 0 2422 2422 0 2229 2229 0 2671 2671 0 2670 2670 0 1153 1153 0 2422 2422 0 1154 1154 0 2233 2233 0 2237 2237 0 2234 2234 0 1156 1156 0 1154 1154 0 756 756 0 1722 1722 0 1721 1721 0 1723 1723 0 755 755 0 757 757 0 753 753 0 2510 2510 0 2815 2815 0 2669 2669 0 746 746 0 747 747 0 749 749 0 1715 1715 0 2669 2669 0 2815 2815 0 749 749 0 745 745 0 746 746 0 2815 2815 0 1716 1716 0 1715 1715 0 2816 2816 0 746 746 0 742 742 0 2509 2509 0 1715 1715 0 1714 1714 0 2817 2817 0 2816 2816 0 742 742 0 1712 1712 0 1711 1711 0 2509 2509 0 744 744 0 2817 2817 0 742 742 0 2508 2508 0 2818 2818 0 2668 2668 0 2819 2819 0 744 744 0 743 743 0 1706 1706 0 2668 2668 0 2818 2818 0 1161 1161 0 2819 2819 0 743 743 0 2818 2818 0 1707 1707 0 1706 1706 0 1164 1164 0 1161 1161 0 1162 1162 0 2507 2507 0 1705 1705 0 1706 1706 0 740 740 0 1171 1171 0 741 741 0 1702 1702 0 1698 1698 0 1703 1703 0 741 741 0 1173 1173 0 739 739 0 1687 1687 0 2754 2754 0 1685 1685 0 2363 2363 0 739 739 0 1173 1173 0 1652 1652 0 1654 1654 0 1650 1650 0 2820 2820 0 738 738 0 737 737 0 1639 1639 0 1637 1637 0 1636 1636 0 2821 2821 0 2820 2820 0 737 737 0 2822 2822 0 34 34 0 33 33 0 2427 2427 0 2821 2821 0 737 737 0 2823 2823 0 34 34 0 2822 2822 0 737 737 0 1177 1177 0 2427 2427 0 2824 2824 0 2823 2823 0 2822 2822 0 2646 2646 0 1176 1176 0 1175 1175 0 2822 2822 0 37 37 0 2824 2824 0 2430 2430 0 2647 2647 0 1184 1184 0 36 36 0 2824 2824 0 37 37 0 733 733 0 1184 1184 0 734 734 0 2825 2825 0 42 42 0 39 39 0 2649 2649 0 735 735 0 1187 1187 0 39 39 0 2826 2826 0 2825 2825 0 1190 1190 0 1187 1187 0 731 731 0 2598 2598 0 2825 2825 0 2826 2826 0 730 730 0 732 732 0 1192 1192 0 2826 2826 0 45 45 0 2598 2598 0 1197 1197 0 1193 1193 0 1195 1195 0 51 51 0 47 47 0 49 49 0 711 711 0 705 705 0 1204 1204 0 50 50 0 49 49 0 52 52 0 701 701 0 700 700 0 703 703 0 2665 2665 0 2827 2827 0 2494 2494 0 714 714 0 1206 1206 0 712 712 0 2489 2489 0 2494 2494 0 2827 2827 0 689 689 0 688 688 0 2714 2714 0 2827 2827 0 1588 1588 0 2489 2489 0 680 680 0 679 679 0 2432 2432 0 1588 1588 0 2828 2828 0 62 62 0 666 666 0 664 664 0 667 667 0 2828 2828 0 63 63 0 62 62 0 661 661 0 659 659 0 658 658 0 2290 2290 0 2698 2698 0 2289 2289 0 633 633 0 2829 2829 0 2764 2764 0 86 86 0 83 83 0 84 84 0 2829 2829 0 1224 1224 0 2764 2764 0 89 89 0 1586 1586 0 1584 1584 0 1226 1226 0 2764 2764 0 1224 1224 0 2727 2727 0 1585 1585 0 2830 2830 0 1228 1228 0 1226 1226 0 1225 1225 0 2727 2727 0 2830 2830 0 1581 1581 0 1230 1230 0 1228 1228 0 1227 1227 0 1580 1580 0 1582 1582 0 91 91 0 1227 1227 0 2831 2831 0 1229 1229 0 92 92 0 91 91 0 94 94 0 2831 2831 0 1231 1231 0 1229 1229 0 97 97 0 94 94 0 1578 1578 0 1255 1255 0 1254 1254 0 1256 1256 0 2488 2488 0 2832 2832 0 1574 1574 0 2833 2833 0 1257 1257 0 1256 1256 0 2663 2663 0 1574 1574 0 2832 2832 0 2834 2834 0 1257 1257 0 2833 2833 0 2832 2832 0 2293 2293 0 2663 2663 0 2835 2835 0 1257 1257 0 2834 2834 0 113 113 0 112 112 0 1572 1572 0 2836 2836 0 2835 2835 0 2834 2834 0 116 116 0 2486 2486 0 2601 2601 0 2834 2834 0 1260 1260 0 2836 2836 0 2602 2602 0 2601 2601 0 118 118 0 2651 2651 0 2836 2836 0 1260 1260 0 121 121 0 118 118 0 122 122 0 2435 2435 0 629 629 0 631 631 0 123 123 0 122 122 0 2294 2294 0 1266 1266 0 1263 1263 0 1261 1261 0 2295 2295 0 2294 2294 0 2740 2740 0 1267 1267 0 1265 1265 0 627 627 0 132 132 0 131 131 0 1570 1570 0 628 628 0 1270 1270 0 626 626 0 153 153 0 2481 2481 0 155 155 0 1271 1271 0 1270 1270 0 1273 1273 0 162 162 0 161 161 0 1557 1557 0 598 598 0 597 597 0 600 600 0 168 168 0 167 167 0 2604 2604 0 2355 2355 0 2837 2837 0 597 597 0 1545 1545 0 2479 2479 0 180 180 0 2355 2355 0 595 595 0 2837 2837 0 1542 1542 0 1543 1543 0 2479 2479 0 593 593 0 592 592 0 595 595 0 1538 1538 0 2660 2660 0 2739 2739 0 2621 2621 0 591 591 0 2620 2620 0 1534 1534 0 2699 2699 0 1551 1551 0 1292 1292 0 2620 2620 0 591 591 0 2838 2838 0 1551 1551 0 2699 2699 0 2352 2352 0 586 586 0 585 585 0 186 186 0 2838 2838 0 2699 2699 0 587 587 0 2839 2839 0 585 585 0 1529 1529 0 1531 1531 0 2303 2303 0 587 587 0 583 583 0 2839 2839 0 199 199 0 2303 2303 0 197 197 0 575 575 0 2703 2703 0 579 579 0 201 201 0 1528 1528 0 202 202 0 579 579 0 2840 2840 0 575 575 0 1527 1527 0 1525 1525 0 203 203 0 2840 2840 0 576 576 0 575 575 0 1526 1526 0 203 203 0 1525 1525 0 2351 2351 0 2349 2349 0 1293 1293 0 2841 2841 0 1526 1526 0 205 205 0 573 573 0 572 572 0 2349 2349 0 2842 2842 0 2841 2841 0 205 205 0 1295 1295 0 572 572 0 574 574 0 207 207 0 2842 2842 0 205 205 0 574 574 0 567 567 0 1295 1295 0 214 214 0 2476 2476 0 2606 2606 0 2843 2843 0 2619 2619 0 2347 2347 0 2305 2305 0 2606 2606 0 216 216 0 564 564 0 2843 2843 0 2347 2347 0 219 219 0 216 216 0 220 220 0 563 563 0 1296 1296 0 1297 1297 0 2472 2472 0 2475 2475 0 1513 1513 0 2844 2844 0 1297 1297 0 560 560 0 1500 1500 0 1504 1504 0 1503 1503 0 559 559 0 2844 2844 0 560 560 0 2720 2720 0 2738 2738 0 1500 1500 0 558 558 0 555 555 0 559 559 0 2845 2845 0 1499 1499 0 226 226 0 2346 2346 0 2846 2846 0 555 555 0 228 228 0 2845 2845 0 226 226 0 2346 2346 0 553 553 0 2846 2846 0 227 227 0 1498 1498 0 228 228 0 551 551 0 546 546 0 553 553 0 2306 2306 0 231 231 0 2737 2737 0 2702 2702 0 548 548 0 2617 2617 0 230 230 0 2737 2737 0 231 231 0 2617 2617 0 2616 2616 0 2702 2702 0 1494 1494 0 238 238 0 1495 1495 0 536 536 0 2344 2344 0 539 539 0 1466 1466 0 274 274 0 273 273 0 530 530 0 531 531 0 529 529 0 2465 2465 0 274 274 0 1466 1466 0 2847 2847 0 2343 2343 0 2750 2750 0 1467 1467 0 275 275 0 277 277 0 1298 1298 0 2847 2847 0 2750 2750 0 1465 1465 0 277 277 0 276 276 0 2750 2750 0 1299 1299 0 1298 1298 0 279 279 0 1464 1464 0 280 280 0 518 518 0 1300 1300 0 519 519 0 282 282 0 2729 2729 0 283 283 0 511 511 0 2716 2716 0 509 509 0 2314 2314 0 292 292 0 2848 2848 0 1306 1306 0 1308 1308 0 1304 1304 0 2314 2314 0 2848 2848 0 2607 2607 0 505 505 0 1333 1333 0 503 503 0 2608 2608 0 2607 2607 0 295 295 0 498 498 0 497 497 0 501 501 0 2318 2318 0 2656 2656 0 304 304 0 2340 2340 0 2339 2339 0 497 497 0 2655 2655 0 1443 1443 0 2460 2460 0 495 495 0 2849 2849 0 2339 2339 0 2770 2770 0 1382 1382 0 396 396 0 495 495 0 494 494 0 2849 2849 0 403 403 0 1380 1380 0 2700 2700 0 493 493 0 484 484 0 494 494 0 429 429 0 2330 2330 0 2612 2612 0 486 486 0 2850 2850 0 484 484 0 2612 2612 0 427 427 0 429 429 0 486 486 0 490 490 0 2850 2850 0 430 430 0 2613 2613 0 432 432 0 2614 2614 0 2851 2851 0 2701 2701 0 437 437 0 430 430 0 432 432 0 481 481 0 2701 2701 0 2851 2851 0 2332 2332 0 433 433 0 2852 2852 0 2851 2851 0 482 482 0 481 481 0 2332 2332 0 2852 2852 0 1373 1373 0 479 479 0 1334 1334 0 481 481 0 1374 1374 0 2331 2331 0 1373 1373 0 477 477 0 476 476 0 478 478 0 2853 2853 0 1374 1374 0 438 438 0 2763 2763 0 1335 1335 0 2749 2749 0 1372 1372 0 2853 2853 0 438 438 0 2769 2769 0 2749 2749 0 1335 1335 0 444 444 0 443 443 0 2854 2854 0 1349 1349 0 1348 1348 0 2446 2446 0 444 444 0 2854 2854 0 2335 2335 0 1351 1351 0 2446 2446 0 458 458 0 449 449 0 2335 2335 0 447 447 0 460 460 0 1352 1352 0 458 458 0 2736 2736 0 2855 2855 0 1355 1355 0 2856 2856 0 460 460 0 459 459 0 2857 2857 0 1355 1355 0 2855 2855 0 2855 2855 0 2856 2856 0 459 459 0 459 459 0 2857 2857 0 2855 2855 0</p></triangles></mesh></geometry></library_geometries><library_visual_scenes><visual_scene id="Scene"><node id="road-node"><instance_geometry url="#road"><bind_material><technique_common><instance_material symbol="asphalt" target="#asphalt-material"><bind_vertex_input semantic="UVSET0" input_semantic="TEXCOORD" input_set="0" /></instance_material></technique_common></bind_material></instance_geometry></node></visual_scene></library_visual_scenes><scene><instance_visual_scene url="#Scene" /></scene></COLLADA>