<?xml version='1.0' encoding='utf-8'?>
<COLLADA xmlns="http://www.collada.org/2005/11/COLLADASchema" version="1.4.1"><asset><created>2026-09-12T00:00:00Z</created><modified>2026-09-12T00:00:00Z</modified><unit name="meter" meter="1" /><up_axis>Z_UP</up_axis></asset><library_images><image id="asphalt-image"><init_from>textures/asphalt.png</init_from></image></library_images><library_effects><effect id="asphalt-effect"><profile_COMMON><newparam sid="surface"><surface type="2D"><init_from>asphalt-image</init_from></surface></newparam><newparam sid="sampler"><sampler2D><source>surface</source></sampler2D></newparam><technique sid="common"><phong><diffuse><texture texture="sampler" texcoord="UVSET0" /></diffuse><specular><color>0.02 0.02 0.02 1</color></specular></phong></technique></profile_COMMON></effect></library_effects><library_materials><material id="asphalt-material"><instance_effect url="#asphalt-effect" /></material></library_materials><library_geometries><geometry id="road"><mesh><source id="positions"><float_array id="positions-array" count="7083">19.0063146 294.2797058 0.0000000 18.5828446 289.3005321 0.0000000 30.9631494 293.2627979 0.0000000 20.2767247 309.2172271 0.0000000 19.8532547 304.2380533 0.0000000 32.2335595 308.2003192 0.0000000 20.7001948 314.1964009 0.0000000 32.6570296 313.1794929 0.0000000 21.5471349 324.1547484 0.0000000 33.5039696 323.1378405 0.0000000 21.9706049 329.1339221 0.0000000 33.9274397 328.1170142 0.0000000 22.3940749 334.1130959 0.0000000 34.3509097 333.0961880 0.0000000 22.8175450 339.0922697 0.0000000 34.7743798 338.0753617 0.0000000 24.5114251 359.0089647 0.0000000 24.0879551 354.0297909 0.0000000 36.4682599 357.9920568 0.0000000 25.7818352 373.9464860 0.0000000 37.7386700 372.9295781 0.0000000 26.2053052 378.9256598 0.0000000 38.1621400 377.9087518 0.0000000 38.5856101 382.8879256 0.0000000 39.0090801 387.8670993 0.0000000 26.6287753 383.9048335 0.0000000 27.4757153 393.8631810 0.0000000 27.0522453 388.8840073 0.0000000 39.4325501 392.8462731 0.0000000 28.3226554 403.8215286 0.0000000 27.8991854 398.8423548 0.0000000 39.8560202 397.8254469 0.0000000 40.2794902 402.8046206 0.0000000 40.7029602 407.7837944 0.0000000 29.5930655 418.7590498 0.0000000 28.7461254 408.8007023 0.0000000 41.5499003 417.7421419 0.0000000 30.0165355 423.7382236 0.0000000 41.9733703 422.7213157 0.0000000 30.4400056 428.7173974 0.0000000 42.3952941 427.6823080 0.0000000 42.8471252 432.6378002 0.0000000 30.8969545 433.7302422 0.0000000 43.3053217 437.6110470 0.0000000 31.3559299 438.7119717 0.0000000 32.2728439 448.6641202 0.0000000 44.2222358 447.5631956 0.0000000 44.6806928 452.5392699 0.0000000 45.1391498 457.5153442 0.0000000 32.7313010 453.6401945 0.0000000 45.5976069 462.4914185 0.0000000 33.1897580 458.6162688 0.0000000 34.1066721 468.5684174 0.0000000 33.6482150 463.5923431 0.0000000 46.0560639 467.4674928 0.0000000 46.5145209 472.4435671 0.0000000 46.9729780 477.4196414 0.0000000 34.5651291 473.5444917 0.0000000 47.4314350 482.3957157 0.0000000 48.3483490 492.3478642 0.0000000 35.4820432 483.4966403 0.0000000 48.8068061 497.3239385 0.0000000 49.2652631 502.3000128 0.0000000 36.8574143 498.4248632 0.0000000 50.1821772 512.2521614 0.0000000 38.2327853 513.3530860 0.0000000 36.3989572 493.4487889 0.0000000 50.6406342 517.2282357 0.0000000 51.0990912 522.2043100 0.0000000 39.1496994 523.3052346 0.0000000 51.5575483 527.1803843 0.0000000 39.6081564 528.2813089 0.0000000 40.9835275 543.2095318 0.0000000 40.5250705 538.2334575 0.0000000 52.4744623 537.1325329 0.0000000 52.9329194 542.1086072 0.0000000 53.3913764 547.0846815 0.0000000 41.4419846 548.1856061 0.0000000 53.8498334 552.0607557 0.0000000 41.9004416 553.1616804 0.0000000 54.3082904 557.0368300 0.0000000 55.2252045 566.9889786 0.0000000 43.2758127 568.0899032 0.0000000 44.1927267 578.0420518 0.0000000 43.7342697 573.0659775 0.0000000 55.6836615 571.9650529 0.0000000 56.1421186 576.9411272 0.0000000 56.6005756 581.9172015 0.0000000 44.6511838 583.0181261 0.0000000 57.5174897 591.8693501 0.0000000 45.5680978 592.9702747 0.0000000 57.9759467 596.8454244 0.0000000 46.0265549 597.9463490 0.0000000 58.4344037 601.8214987 0.0000000 46.4850119 602.9224233 0.0000000 58.8631634 606.4752389 0.0000000 47.0373701 608.5380997 0.0000000 46.9434689 607.8984976 0.0000000 59.6825695 610.5243970 0.0000000 48.0264197 613.4255638 0.0000000 60.6900652 613.0733939 0.0000000 51.8666418 621.3529033 0.0000000 50.0999853 618.9260244 0.0000000 55.7247441 624.5288354 0.0000000 62.2267777 614.3383926 0.0000000 63.0910917 626.8006975 0.0000000 58.2731192 625.7616211 0.0000000 64.9558679 614.9269666 0.0000000 69.3853436 626.8686619 0.0000000 64.4364402 626.9350085 0.0000000 68.8862949 614.8742740 0.0000000 74.8649228 626.2127290 0.0000000 70.0590663 626.8216168 0.0000000 74.4583442 703.6844460 0.0000000 75.7306200 698.8519712 0.0000000 86.0629005 706.7396501 0.0000000 71.9137924 713.3493955 0.0000000 73.1860683 708.5169207 0.0000000 84.7906246 711.5721249 0.0000000 83.5183488 716.4045996 0.0000000 82.2460729 721.2370744 0.0000000 68.0969648 727.8468198 0.0000000 69.3692407 723.0143450 0.0000000 80.9737970 726.0695492 0.0000000 66.8246889 732.6792945 0.0000000 78.4661929 735.5941607 0.0000000 65.6471380 738.2723842 0.0000000 65.7222890 737.8413041 0.0000000 77.5064206 740.1177433 0.0000000 76.8579980 744.8517547 0.0000000 64.9690049 743.2233067 0.0000000 76.1798649 749.8026772 0.0000000 64.2908718 748.1742292 0.0000000 63.6127387 753.1251517 0.0000000 61.0504039 783.5816398 0.0000000 61.0566251 783.4490662 0.0000000 73.0403239 784.0778486 0.0000000 72.8753885 788.6789454 0.0000000 62.3010356 809.1485386 0.0000000 61.9464934 804.1639826 0.0000000 74.2707950 808.2971519 0.0000000 62.6555777 814.1330945 0.0000000 74.6245136 813.2701294 0.0000000 73.9162528 803.3125959 0.0000000 62.6572696 814.1562481 0.0000000 74.9973819 818.2405121 0.0000000 75.3730925 823.2223253 0.0000000 63.4070735 824.1247599 0.0000000 64.1586735 834.0907566 0.0000000 63.7828735 829.1077582 0.0000000 76.1246925 833.1883220 0.0000000 64.5344735 839.0737549 0.0000000 76.5004925 838.1713203 0.0000000 67.9166736 883.9207401 0.0000000 67.5408736 878.9377417 0.0000000 79.8826926 883.0183055 0.0000000 80.2584926 888.0013038 0.0000000 80.6342926 892.9843022 0.0000000 68.2924736 888.9037384 0.0000000 81.0100927 897.9673005 0.0000000 81.3858927 902.9502989 0.0000000 69.0440736 898.8697351 0.0000000 70.1714736 913.8187302 0.0000000 69.7956736 908.8357318 0.0000000 82.1374927 912.9162956 0.0000000 82.8890927 922.8822923 0.0000000 83.2648927 927.8652906 0.0000000 70.9230737 923.7847269 0.0000000 83.6406927 932.8482890 0.0000000 84.0108894 937.7569882 0.0000000 71.6746737 933.7507236 0.0000000 72.0635238 938.8821580 0.0000000 72.0504737 938.7337219 0.0000000 84.4794143 942.4214746 0.0000000 76.1397894 963.9819860 0.0000000 75.2613107 959.0626595 0.0000000 87.9240985 961.7111015 0.0000000 90.1787853 971.2778969 0.0000000 91.3256912 976.1416511 0.0000000 79.6460213 978.8957956 0.0000000 80.9359882 984.2657636 0.0000000 80.7929272 983.7595499 0.0000000 92.4121726 980.7491597 0.0000000 85.6468516 998.5006859 0.0000000 82.5044659 989.0102702 0.0000000 93.8975696 985.2423543 0.0000000 97.0386214 994.7287392 0.0000000 98.5725469 999.3613938 0.0000000 87.2176000 1003.2445502 0.0000000 89.0493458 1008.1418845 0.0000000 87.2955585 1003.4654474 0.0000000 89.1090801 1008.2947708 0.0000000 100.2563771 1003.8512916 0.0000000 105.8716351 1017.6628140 0.0000000 107.7040529 1022.1699051 0.0000000 94.7552510 1022.1823277 0.0000000 98.8246045 1031.5937068 0.0000000 96.7418998 1027.0534049 0.0000000 109.7095660 1026.5419291 0.0000000 98.8699408 1031.6902657 0.0000000 116.1782832 1040.0068015 0.0000000 105.3617553 1045.2032161 0.0000000 103.1978171 1040.6988993 0.0000000 118.2172204 1044.2509244 0.0000000 107.8000962 1050.2147192 0.0000000 107.5256934 1049.7075329 0.0000000 110.3838968 1054.4862788 0.0000000 148.9605255 1088.2136428 0.0000000 152.1414535 1091.7298583 0.0000000 143.2790052 1099.8205919 0.0000000 133.4715990 1087.9766340 0.0000000 130.3710873 1084.0576641 0.0000000 142.8824929 1080.5311604 0.0000000 136.5721108 1091.8956039 0.0000000 139.6726225 1095.8145738 0.0000000 146.7717864 1103.5449933 0.0000000 143.3527250 1099.9006117 0.0000000 155.5232923 1095.3345642 0.0000000 150.1908479 1107.1893748 0.0000000 158.9423537 1098.9789457 0.0000000 162.3614152 1102.6233273 0.0000000 169.1090040 1109.8155901 0.0000000 172.4647543 1113.0903705 0.0000000 160.6332666 1118.3114352 0.0000000 164.2052079 1121.7971902 0.0000000 164.4546983 1122.0272502 0.0000000 160.4480322 1118.1225195 0.0000000 157.0289708 1114.4781379 0.0000000 191.1330229 1129.3523243 0.0000000 183.3830229 1138.5142494 0.0000000 183.2947421 1138.4388377 0.0000000 194.7434563 1132.3765182 0.0000000 187.2110503 1141.7207056 0.0000000 187.5676344 1141.9972541 0.0000000 198.6211025 1135.1567614 0.0000000 207.8733429 1156.5562945 0.0000000 191.6287761 1144.9090622 0.0000000 235.6721568 1159.5057162 0.0000000 239.9981588 1162.0071567 0.0000000 229.6652745 1169.8940445 0.0000000 238.3172786 1174.8969255 0.0000000 233.9912765 1172.3954850 0.0000000 244.2817869 1164.4840951 0.0000000 247.4861812 1179.7302926 0.0000000 243.0123200 1177.5040705 0.0000000 248.4824487 1166.8224545 0.0000000 252.8321624 1168.9869000 0.0000000 257.3060236 1171.2131220 0.0000000 251.9600423 1181.9565146 0.0000000 261.7798847 1173.4393441 0.0000000 256.4339035 1184.1827367 0.0000000 275.1434134 1180.0891219 0.0000000 279.3099189 1182.0512257 0.0000000 269.9722072 1190.9179183 0.0000000 279.8042707 1194.9205969 0.0000000 275.0819187 1193.2863110 0.0000000 274.4879104 1193.0444673 0.0000000 307.2699264 1191.7274732 0.0000000 303.5578730 1203.1391447 0.0000000 303.4160303 1203.0920265 0.0000000 311.8649251 1193.1905781 0.0000000 308.3175293 1204.6546785 0.0000000 308.5053373 1204.7111157 0.0000000 331.0049551 1198.6028288 0.0000000 332.5483314 1211.5097839 0.0000000 327.7397326 1210.1500502 0.0000000 345.1032532 1202.5119955 0.0000000 342.2752395 1214.1769401 0.0000000 337.4489732 1212.8947557 0.0000000 342.7863824 1214.2891218 0.0000000 347.7094326 1215.1464872 0.0000000 354.6913337 1204.1817914 0.0000000 357.5555328 1216.8612181 0.0000000 352.6324827 1216.0038526 0.0000000 374.3835343 1207.6112531 0.0000000 372.3246833 1219.4333143 0.0000000 367.4016331 1218.5759489 0.0000000 379.2790989 1208.4638318 0.0000000 377.3027477 1220.2999973 0.0000000 377.2477334 1220.2906798 0.0000000 383.9650815 1209.2350828 0.0000000 382.2318882 1221.1112689 0.0000000 403.6545753 1211.0181535 0.0000000 408.6313586 1211.4688485 0.0000000 402.5722901 1222.9692479 0.0000000 462.3372739 1228.1975483 0.0000000 452.3796677 1227.3419370 0.0000000 453.4069871 1215.3859922 0.0000000 467.3160770 1228.6253540 0.0000000 468.3433964 1216.6694093 0.0000000 472.2948801 1229.0531597 0.0000000 477.2736833 1229.4809654 0.0000000 473.3221996 1217.0972149 0.0000000 657.5264211 1230.9391368 0.0000000 656.8099547 1242.9177292 0.0000000 651.8217205 1242.6193718 0.0000000 662.5146554 1231.2374943 0.0000000 661.7981890 1243.2160867 0.0000000 632.5852498 1229.4473497 0.0000000 631.8687834 1241.4259421 0.0000000 626.8805492 1241.1275847 0.0000000 622.6087813 1228.8506348 0.0000000 621.8923149 1240.8292272 0.0000000 616.9040807 1240.5308698 0.0000000 617.6205470 1228.5522774 0.0000000 611.9158464 1240.2325124 0.0000000 602.6558442 1227.6572051 0.0000000 606.9276121 1239.9341549 0.0000000 601.9393779 1239.6357975 0.0000000 597.6676100 1227.3588477 0.0000000 596.9511436 1239.3374401 0.0000000 581.8716155 1238.4343938 0.0000000 576.8903469 1238.0404288 0.0000000 582.7603581 1226.4672117 0.0000000 581.9864408 1238.4423678 0.0000000 586.9746751 1238.7407252 0.0000000 591.9629093 1239.0390827 0.0000000 647.5499526 1230.3424220 0.0000000 646.8334862 1242.3210144 0.0000000 641.8452520 1242.0226570 0.0000000 672.4911239 1231.8342091 0.0000000 671.7746575 1243.8128015 0.0000000 666.7864233 1243.5144441 0.0000000 537.0193207 1234.6146335 0.0000000 532.0405176 1234.1868279 0.0000000 538.0466401 1222.6586888 0.0000000 533.0678370 1222.2308831 0.0000000 518.1314276 1220.9474661 0.0000000 523.1102308 1221.3752717 0.0000000 517.1041082 1232.9034108 0.0000000 687.4558267 1232.7292814 0.0000000 686.7393603 1244.7078738 0.0000000 681.7511261 1244.4095164 0.0000000 692.4440609 1233.0276389 0.0000000 696.7158288 1245.3045887 0.0000000 691.7275946 1245.0062313 0.0000000 502.1676989 1231.6199938 0.0000000 503.1950183 1219.6640490 0.0000000 712.3969980 1234.2210686 0.0000000 711.6805316 1246.1996610 0.0000000 706.6922974 1245.9013036 0.0000000 717.3852322 1234.5194260 0.0000000 716.6687659 1246.4980184 0.0000000 722.3734665 1234.8177834 0.0000000 726.6452344 1247.0947333 0.0000000 721.6570001 1246.7963758 0.0000000 747.3146378 1236.3095706 0.0000000 751.5864057 1248.5865204 0.0000000 746.5981715 1248.2881630 0.0000000 757.2911063 1236.9062854 0.0000000 756.5746400 1248.8848779 0.0000000 761.5628742 1249.1832353 0.0000000 777.3201237 1238.1725645 0.0000000 776.4013578 1250.1374087 0.0000000 771.4988101 1249.7775258 0.0000000 821.8934264 1283.4826833 0.0000000 819.0439083 1295.1418643 0.0000000 814.2245754 1293.8625793 0.0000000 802.1456643 1286.3775558 0.0000000 799.5869122 1282.1871751 0.0000000 811.9057525 1279.3352311 0.0000000 807.0694546 1291.0389465 0.0000000 803.3236027 1287.7732618 0.0000000 814.0330724 1281.1898576 0.0000000 809.1547795 1292.2215748 0.0000000 813.9064208 1293.7686375 0.0000000 799.1255587 1281.2601931 0.0000000 797.2976690 1276.6220155 0.0000000 810.0993273 1276.3769105 0.0000000 824.4224941 1296.1421112 0.0000000 819.5064798 1295.2452826 0.0000000 986.3355249 1343.8110879 0.0000000 981.5989441 1342.2185112 0.0000000 985.4233089 1330.8442317 0.0000000 1000.5452673 1348.5888181 0.0000000 995.8086865 1346.9962414 0.0000000 1004.3696321 1337.2145386 0.0000000 1018.5793744 1341.9922688 0.0000000 1023.3159552 1343.5848456 0.0000000 1014.7550096 1353.3665483 0.0000000 1028.0525360 1345.1774223 0.0000000 1019.4915904 1354.9591250 0.0000000 1028.9647520 1358.1442785 0.0000000 1024.2281712 1356.5517018 0.0000000 1032.7891168 1346.7699990 0.0000000 1037.5256976 1348.3625758 0.0000000 1033.7013328 1359.7368552 0.0000000 1038.4379136 1361.3294320 0.0000000 1042.2622784 1349.9551525 0.0000000 1043.1744943 1362.9220087 0.0000000 1046.9988592 1351.5477292 0.0000000 1051.7354399 1353.1403060 0.0000000 1061.2086015 1356.3254594 0.0000000 1047.9110751 1364.5145854 0.0000000 1065.9451823 1357.9180362 0.0000000 1057.3842367 1367.6997389 0.0000000 1070.6817631 1359.5106129 0.0000000 1062.1208175 1369.2923156 0.0000000 1075.4183439 1361.1031896 0.0000000 1066.8573983 1370.8848924 0.0000000 1076.3305599 1374.0700459 0.0000000 1071.5939791 1372.4774691 0.0000000 1081.0671406 1375.6626226 0.0000000 1084.8915054 1364.2883431 0.0000000 1089.6280862 1365.8809198 0.0000000 1094.2261697 1367.4269297 0.0000000 1085.8037214 1377.2551993 0.0000000 1090.8193995 1378.9341130 0.0000000 1090.5403022 1378.8477761 0.0000000 1095.6226076 1380.2927481 0.0000000 1106.0284055 1382.7263607 0.0000000 1105.6143933 1382.6444247 0.0000000 1108.1510984 1370.9137081 0.0000000 1112.3725379 1371.5958490 0.0000000 1121.6913715 1371.5958490 0.0000000 1121.8851909 1383.5958490 0.0000000 1122.2724256 1383.5833401 0.0000000 1126.1032491 1371.3105154 0.0000000 1130.6582614 1370.4564178 0.0000000 1132.8698059 1382.2508687 0.0000000 1127.9582535 1383.1718201 0.0000000 1138.3108654 1381.2055474 0.0000000 1137.7813583 1381.3299173 0.0000000 1135.3022387 1369.5856386 0.0000000 1139.5051663 1368.3950735 0.0000000 1143.0947817 1379.8504053 0.0000000 1147.8447698 1364.8057183 0.0000000 1151.8548874 1362.4206092 0.0000000 1157.9897117 1372.7338983 0.0000000 1162.6265711 1369.9586923 0.0000000 1162.2851391 1370.1778287 0.0000000 1155.9742083 1359.9693348 0.0000000 1166.7383979 1367.1189074 0.0000000 1170.8502247 1364.2791224 0.0000000 1163.6013831 1354.7017158 0.0000000 1166.6639810 1351.6843549 0.0000000 1175.1953773 1360.1246687 0.0000000 1178.7841625 1356.2187002 0.0000000 1175.4086742 1359.9034766 0.0000000 1176.0237861 1341.0743966 0.0000000 1188.6331922 1343.7078260 0.0000000 1185.9031159 1347.8932987 0.0000000 1185.5335333 1348.3999198 0.0000000 1180.9580164 1333.5097414 0.0000000 1193.7200561 1333.7006362 0.0000000 1191.9477343 1338.3725467 0.0000000 1185.4217329 1320.7687142 0.0000000 1197.0352194 1323.8092525 0.0000000 1195.6379875 1328.5841147 0.0000000 1197.1898807 1323.1411895 0.0000000 1198.0369048 1318.2163495 0.0000000 1187.0311358 1311.4111857 0.0000000 1198.9287766 1312.9829568 0.0000000 1198.8839288 1313.2915096 0.0000000 1187.5923740 1306.6912409 0.0000000 1199.5359502 1307.8566181 0.0000000 1199.5183888 1308.0243902 0.0000000 1188.0350857 1301.7984325 0.0000000 1200.4365761 1297.9029823 0.0000000 1199.9862632 1302.8798002 0.0000000 1188.9357116 1291.8447967 0.0000000 1201.3372021 1287.9493465 0.0000000 1200.8868891 1292.9261644 0.0000000 1189.8363375 1281.8911609 0.0000000 1202.2378280 1277.9957107 0.0000000 1201.7875150 1282.9725286 0.0000000 1190.7369635 1271.9375251 0.0000000 1203.1384539 1268.0420749 0.0000000 1202.6881410 1273.0188928 0.0000000 1191.6375894 1261.9838893 0.0000000 1204.0390799 1258.0884391 0.0000000 1203.5887669 1263.0652570 0.0000000 1192.5382153 1252.0302534 0.0000000 1204.9397058 1248.1348033 0.0000000 1204.4893929 1253.1116212 0.0000000 1193.4388413 1242.0766176 0.0000000 1205.8403318 1238.1811675 0.0000000 1205.3900188 1243.1579854 0.0000000 1194.3394672 1232.1229818 0.0000000 1206.7399254 1228.2389400 0.0000000 1206.2906447 1233.2043496 0.0000000 1215.7139839 1138.7885909 0.0000000 1215.2134259 1143.7606066 0.0000000 1203.7743383 1137.5865664 0.0000000 1204.2748962 1132.6145508 0.0000000 1216.2145418 1133.8165752 0.0000000 1216.7150998 1128.8445595 0.0000000 1204.7754542 1127.6425351 0.0000000 1205.2760121 1122.6705194 0.0000000 1205.7765701 1117.6985037 0.0000000 1217.2156577 1123.8725438 0.0000000 1218.2167736 1113.9285125 0.0000000 1217.7162157 1118.9005282 0.0000000 1206.2771280 1112.7264880 0.0000000 1206.7776859 1107.7544723 0.0000000 1219.2178895 1103.9844811 0.0000000 1218.7173316 1108.9564968 0.0000000 1207.2782439 1102.7824567 0.0000000 1207.7788018 1097.8104410 0.0000000 1220.2190054 1094.0404498 0.0000000 1219.7184474 1099.0124654 0.0000000 1208.2793598 1092.8384253 0.0000000 1208.7799177 1087.8664096 0.0000000 1209.2804757 1082.8943939 0.0000000 1220.7195633 1089.0684341 0.0000000 1221.6662291 1073.3192849 0.0000000 1221.6692330 1073.4353657 0.0000000 1209.6717471 1073.6877583 0.0000000 1209.7459752 1078.2706116 0.0000000 1221.7500695 1078.4262217 0.0000000 1209.5019166 1068.9124197 0.0000000 1209.1219080 1064.6593489 0.0000000 1221.4686058 1068.0045745 0.0000000 1221.0260342 1063.0512963 0.0000000 1220.8334601 1061.9884683 0.0000000 1208.0095323 1060.6303083 0.0000000 1219.3331685 1056.6489838 0.0000000 1219.5035553 1057.1715345 0.0000000 1213.9598819 1045.3815121 0.0000000 1215.1057724 1046.9669061 0.0000000 1204.8063683 1053.2042954 0.0000000 1210.4487139 1041.8996916 0.0000000 1202.2030119 1050.6226987 0.0000000 1210.0225478 1041.5157063 0.0000000 1198.7934593 1047.8340384 0.0000000 1205.6827173 1038.0041582 0.0000000 1206.1605505 1038.3569930 0.0000000 1190.8515334 1042.5564049 0.0000000 1192.7850889 1029.7658607 0.0000000 1197.0853880 1032.3014018 0.0000000 1186.7864436 1040.1595478 0.0000000 1192.5905942 1029.6560097 0.0000000 1178.0925187 1035.4604735 0.0000000 1183.7983994 1024.9038204 0.0000000 1188.1944968 1027.2799150 0.0000000 1160.5081291 1025.9560949 0.0000000 1166.2140098 1015.3994417 0.0000000 1170.6101072 1017.7755364 0.0000000 1161.8179124 1013.0233471 0.0000000 1151.7159343 1021.2039055 0.0000000 1153.0257176 1008.2711577 0.0000000 1157.4218150 1010.6472524 0.0000000 1138.5276421 1014.0756216 0.0000000 1135.4413280 998.7667791 0.0000000 1144.2335228 1003.5189684 0.0000000 1125.3393499 1006.9473376 0.0000000 1126.6491332 994.0145898 0.0000000 1131.0452306 996.3906844 0.0000000 1116.5471551 1002.1951482 0.0000000 1113.4608410 986.8863058 0.0000000 1122.2530358 991.6384951 0.0000000 1103.3588629 995.0668643 0.0000000 1104.6686462 982.1341165 0.0000000 1109.0647436 984.5102111 0.0000000 1094.5666681 990.3146749 0.0000000 1091.4803540 975.0058325 0.0000000 1100.2725488 979.7580218 0.0000000 1081.3783759 983.1863910 0.0000000 1082.6881592 970.2536431 0.0000000 1087.0842566 972.6297378 0.0000000 1059.4164901 971.0805137 0.0000000 1060.9252890 958.1694709 0.0000000 1065.2842720 960.6129860 0.0000000 1041.9805582 961.3064536 0.0000000 1043.4893571 948.3954109 0.0000000 1047.8483401 950.8389259 0.0000000 1015.8266604 946.6453634 0.0000000 1017.3354593 933.7343207 0.0000000 1021.6944423 936.1778357 0.0000000 1007.1086945 941.7583334 0.0000000 1008.6174934 928.8472907 0.0000000 1012.9764763 931.2908057 0.0000000 950.3836556 910.1832249 0.0000000 951.8026944 897.2620088 0.0000000 956.1785530 899.6751726 0.0000000 954.7595142 912.5963887 0.0000000 960.5544116 902.0883364 0.0000000 963.5112314 917.4227164 0.0000000 969.3061288 906.9146641 0.0000000 976.6069396 924.6599651 0.0000000 982.4413173 914.1737742 0.0000000 982.4635955 914.1862006 0.0000000 978.0720100 911.7488277 0.0000000 972.2558613 922.2451356 0.0000000 978.0578460 911.7409917 0.0000000 967.8870900 919.8358802 0.0000000 973.6819874 909.3278279 0.0000000 1028.9036093 953.9759085 0.0000000 1030.4124082 941.0648658 0.0000000 1034.7713912 943.5083808 0.0000000 937.2560797 902.9437334 0.0000000 938.6751186 890.0225173 0.0000000 943.0509772 892.4356811 0.0000000 924.1285039 895.7042420 0.0000000 925.5475427 882.7830258 0.0000000 929.9234013 885.1961896 0.0000000 893.6401257 878.3070901 0.0000000 895.3771209 865.4473647 0.0000000 899.6513875 867.9212954 0.0000000 855.9575855 852.7521246 0.0000000 851.8973273 849.8401234 0.0000000 858.9619065 840.1396418 0.0000000 851.7569541 849.7363227 0.0000000 847.7826552 846.7070577 0.0000000 843.8083563 843.6777927 0.0000000 847.1084411 831.1047685 0.0000000 851.0827401 834.1340335 0.0000000 816.7728951 805.6513140 0.0000000 816.8227114 805.6946604 0.0000000 808.9207704 814.7257410 0.0000000 812.9850907 802.3918994 0.0000000 805.1600825 811.4896604 0.0000000 809.1900939 799.1323562 0.0000000 786.2080902 795.2117086 0.0000000 790.2360107 782.8526085 0.0000000 794.0268273 786.1085581 0.0000000 767.2540070 778.9319609 0.0000000 771.2819275 766.5728608 0.0000000 775.0727441 769.8288104 0.0000000 759.6723737 772.4200618 0.0000000 759.9094776 756.8050122 0.0000000 767.4911109 763.3169113 0.0000000 740.7182905 756.1403141 0.0000000 748.5370277 747.0371636 0.0000000 752.3278443 750.2931131 0.0000000 729.3458406 746.3724655 0.0000000 733.3737611 734.0133654 0.0000000 737.1645777 737.2693150 0.0000000 714.1825741 733.3486673 0.0000000 718.2104945 720.9895673 0.0000000 722.0013112 724.2455168 0.0000000 662.6624856 670.9086836 0.0000000 666.3632006 674.2666899 0.0000000 658.2993874 683.1534731 0.0000000 650.8979574 676.4374604 0.0000000 647.1972424 673.0794541 0.0000000 658.9617706 667.5506772 0.0000000 647.8596256 657.4766582 0.0000000 655.2610556 664.1926709 0.0000000 639.7958124 666.3634414 0.0000000 636.0950974 663.0054350 0.0000000 609.9882925 639.8711803 0.0000000 610.3981864 624.2597108 0.0000000 617.9072912 630.8551136 0.0000000 613.7428449 643.1688817 0.0000000 621.6618437 634.1528149 0.0000000 625.4163961 637.4505163 0.0000000 632.3977336 659.6504696 0.0000000 628.7279897 656.3306456 0.0000000 640.4514886 650.7545688 0.0000000 636.7457535 647.4021855 0.0000000 636.6800533 647.3436204 0.0000000 621.2519498 649.7642844 0.0000000 629.1709485 640.7482177 0.0000000 591.2155305 623.3826734 0.0000000 591.6254244 607.7712039 0.0000000 599.1345292 614.3666067 0.0000000 654.5986724 679.7954668 0.0000000 568.6882160 603.5964651 0.0000000 576.6072147 594.5803984 0.0000000 580.3617671 597.8780998 0.0000000 572.8526623 591.2826970 0.0000000 557.4245588 593.7033610 0.0000000 561.5890051 581.3895929 0.0000000 565.3435575 584.6872942 0.0000000 542.4063491 580.5125555 0.0000000 550.3253478 571.4964887 0.0000000 554.0799002 574.7941901 0.0000000 534.8972443 573.9171527 0.0000000 535.3071382 558.3056832 0.0000000 542.8162430 564.9010860 0.0000000 516.1244822 557.4286458 0.0000000 516.5343761 541.8171763 0.0000000 524.0434809 548.4125791 0.0000000 501.1062726 544.2378403 0.0000000 505.2707189 531.9240722 0.0000000 509.0252713 535.2217736 0.0000000 489.8426153 534.3447362 0.0000000 494.0070616 522.0309680 0.0000000 497.7616140 525.3286694 0.0000000 478.5789581 524.4516320 0.0000000 482.7436547 512.1380837 0.0000000 486.4979568 515.4355653 0.0000000 459.8106383 507.9511998 0.0000000 467.7364517 498.9411231 0.0000000 471.4885097 502.2416624 0.0000000 448.5544644 498.0495821 0.0000000 456.4802778 489.0395054 0.0000000 460.2323358 492.3400447 0.0000000 444.8024064 494.7490429 0.0000000 448.9761619 482.4384270 0.0000000 452.7282199 485.7389662 0.0000000 429.7941746 481.5468860 0.0000000 437.7199880 472.5368093 0.0000000 441.4720460 475.8373485 0.0000000 426.0421166 478.2463467 0.0000000 430.2158721 465.9357308 0.0000000 433.9679300 469.2362701 0.0000000 411.0338847 465.0441898 0.0000000 418.9596981 456.0341131 0.0000000 422.7117561 459.3346524 0.0000000 403.5297688 458.4431113 0.0000000 403.9514663 442.8319562 0.0000000 411.4555822 449.4330347 0.0000000 392.2735949 448.5414937 0.0000000 396.4473503 436.2308778 0.0000000 400.1994083 439.5314170 0.0000000 373.4535025 431.5489701 0.0000000 381.9522196 423.0771058 0.0000000 385.3339116 426.4548186 0.0000000 359.9650380 357.8053741 0.0000000 360.0765999 353.0454187 0.0000000 372.0749526 353.2563088 0.0000000 371.9415484 358.5732135 0.0000000 371.5543670 363.5553405 0.0000000 371.9579379 358.2489178 0.0000000 372.0765999 353.1157218 0.0000000 360.0765999 343.2212028 0.0000000 359.9254373 338.6775373 0.0000000 372.0732822 342.9219210 0.0000000 371.8460071 337.2573970 0.0000000 371.9074391 337.9369872 0.0000000 371.1138473 332.3141753 0.0000000 358.3862834 329.7814619 0.0000000 369.9397465 326.5228543 0.0000000 370.0958566 327.1381820 0.0000000 368.4563693 321.7509480 0.0000000 355.5645997 320.7043300 0.0000000 365.1105575 311.9780462 0.0000000 366.8623565 316.6558880 0.0000000 342.9749496 295.4420655 0.0000000 352.9807861 288.8160007 0.0000000 355.6887559 293.0158100 0.0000000 361.0423395 301.7641421 0.0000000 361.4400332 302.5892375 0.0000000 350.4313002 307.3870246 0.0000000 358.5443848 297.4569328 0.0000000 348.2347577 303.5995388 0.0000000 358.3967256 297.2156193 0.0000000 340.2989598 291.7060799 0.0000000 349.9118717 284.5191485 0.0000000 352.8159488 288.5735698 0.0000000 349.6106860 284.1329818 0.0000000 330.9324850 280.6579717 0.0000000 339.5602735 272.3135118 0.0000000 339.9161789 272.6979472 0.0000000 336.0208948 268.8104300 0.0000000 327.7487842 277.5069203 0.0000000 331.8502718 265.2666165 0.0000000 335.6694893 268.4892050 0.0000000 316.5516827 268.0590030 0.0000000 324.0526763 258.6917389 0.0000000 324.2118370 258.8214396 0.0000000 320.1260211 255.6021685 0.0000000 312.7262229 265.0490552 0.0000000 316.1309054 252.5143216 0.0000000 320.0848708 255.5700794 0.0000000 290.5014480 234.2940257 0.0000000 289.3255647 229.4371958 0.0000000 302.1608517 231.4552680 0.0000000 288.1496813 224.5803659 0.0000000 299.8459577 221.8939064 0.0000000 286.4764763 214.0347333 0.0000000 297.7841907 207.6232519 0.0000000 298.3884285 212.5837353 0.0000000 285.2680007 204.1137667 0.0000000 296.5757151 197.7022853 0.0000000 297.1799529 202.6627686 0.0000000 284.0595252 194.1928000 0.0000000 295.3672395 187.7813186 0.0000000 295.9714773 192.7418019 0.0000000 282.2468118 179.3113500 0.0000000 293.5545262 172.8998686 0.0000000 294.1587640 177.8603519 0.0000000 281.0383362 169.3903833 0.0000000 292.3460506 162.9789019 0.0000000 292.9502884 167.9393853 0.0000000 279.2256228 154.5089333 0.0000000 290.5333372 148.0974519 0.0000000 291.1375750 153.0579353 0.0000000 276.8214670 134.6534583 0.0000000 288.1418852 128.2644342 0.0000000 288.7362757 133.2261071 0.0000000 275.6326858 124.7301125 0.0000000 286.9531041 118.3410884 0.0000000 287.5474946 123.3027613 0.0000000 274.4439047 114.8067667 0.0000000 285.7643229 108.4177425 0.0000000 286.3587135 113.3794155 0.0000000 273.2551236 104.8834209 0.0000000 284.5755418 98.4943967 0.0000000 285.1699324 103.4560696 0.0000000 272.0663424 94.9600750 0.0000000 283.3867607 88.5710509 0.0000000 283.9811512 93.5327238 0.0000000 270.8775613 85.0367292 0.0000000 282.1979796 78.6477051 0.0000000 282.7923701 83.6093780 0.0000000 269.6887802 75.1133834 0.0000000 281.0091984 68.7243593 0.0000000 281.6035890 73.6860322 0.0000000 274.1330019 4.2255393 0.0000000 274.6468822 9.1961957 0.0000000 262.7105007 10.4302121 0.0000000 227.2527591 -332.5450808 0.0000000 226.7388788 -337.5157372 0.0000000 238.6752603 -338.7497536 0.0000000 237.6474997 -348.6910664 0.0000000 238.1613800 -343.7204100 0.0000000 226.2249985 -342.4863936 0.0000000 236.6197391 -358.6323793 0.0000000 225.7111182 -347.4570500 0.0000000 224.6833576 -357.3983629 0.0000000 224.1694773 -362.3690193 0.0000000 235.5919785 -368.5736921 0.0000000 236.1058588 -363.6030357 0.0000000 223.6555970 -367.3396757 0.0000000 222.6278363 -377.2809885 0.0000000 222.1139560 -382.2516450 0.0000000 234.5642178 -378.5150049 0.0000000 233.5364572 -388.4563178 0.0000000 234.0503375 -383.4856613 0.0000000 221.6000757 -387.2223014 0.0000000 221.0861954 -392.1929578 0.0000000 220.5723151 -397.1636142 0.0000000 232.5086966 -398.3976306 0.0000000 220.0584348 -402.1342706 0.0000000 231.9948163 -403.3682870 0.0000000 219.5445545 -407.1049271 0.0000000 231.4809360 -408.3389434 0.0000000 230.9670557 -413.3095999 0.0000000 219.0306742 -412.0755835 0.0000000 218.5167938 -417.0462399 0.0000000 230.4531753 -418.2802563 0.0000000 218.0029135 -422.0168963 0.0000000 229.9392950 -423.2509127 0.0000000 217.4890332 -426.9875527 0.0000000 216.9751529 -431.9582092 0.0000000 228.9115344 -433.1922255 0.0000000 215.9473923 -441.8995220 0.0000000 215.4335120 -446.8701784 0.0000000 227.8837738 -443.1335384 0.0000000 214.9196317 -451.8408348 0.0000000 226.8560132 -453.0748512 0.0000000 226.3421329 -458.0455076 0.0000000 214.4057513 -456.8114912 0.0000000 213.8918710 -461.7821477 0.0000000 225.8282525 -463.0161640 0.0000000 213.3779907 -466.7528041 0.0000000 225.3143722 -467.9868205 0.0000000 212.8641104 -471.7234605 0.0000000 224.8004919 -472.9574769 0.0000000 224.2866116 -477.9281333 0.0000000 212.3502301 -476.6941169 0.0000000 223.2588510 -487.8694461 0.0000000 223.7727313 -482.8987897 0.0000000 211.8363498 -481.6647733 0.0000000 210.8085892 -491.6060862 0.0000000 210.2947088 -496.5767426 0.0000000 222.7449707 -492.8401026 0.0000000 209.7808285 -501.5473990 0.0000000 221.7172100 -502.7814154 0.0000000 209.2669482 -506.5180554 0.0000000 208.7530679 -511.4887118 0.0000000 220.6894494 -512.7227282 0.0000000 219.6616888 -522.6640411 0.0000000 220.1755691 -517.6933846 0.0000000 207.7253073 -521.4300247 0.0000000 207.2114270 -526.4006811 0.0000000 206.6975467 -531.3713375 0.0000000 219.1478085 -527.6346975 0.0000000 218.1200479 -537.5760103 0.0000000 218.6339282 -532.6053539 0.0000000 217.6061675 -542.5466667 0.0000000 205.6697860 -541.3126504 0.0000000 216.5784069 -552.4879796 0.0000000 217.0922872 -547.5173232 0.0000000 205.1559057 -546.2833068 0.0000000 215.5506463 -562.4292924 0.0000000 216.0645266 -557.4586360 0.0000000 204.1281451 -556.2246196 0.0000000 215.0367660 -567.3999488 0.0000000 203.1003845 -566.1659325 0.0000000 202.5865042 -571.1365889 0.0000000 214.5228857 -572.3706053 0.0000000 202.0726239 -576.1072453 0.0000000 201.5587435 -581.0779017 0.0000000 214.0090054 -577.3412617 0.0000000 201.0448632 -586.0485581 0.0000000 200.5309829 -591.0192145 0.0000000 212.9812447 -587.2825745 0.0000000 211.4396038 -602.1945438 0.0000000 211.9534841 -597.2238873 0.0000000 200.0171026 -595.9898710 0.0000000 199.5032223 -600.9605274 0.0000000 198.9893420 -605.9311838 0.0000000 198.4754617 -610.9018402 0.0000000 210.4118432 -612.1358566 0.0000000 209.8979629 -617.1065130 0.0000000 197.9615814 -615.8724966 0.0000000 197.4477010 -620.8431531 0.0000000 209.3840826 -622.0771694 0.0000000 208.3563219 -632.0184823 0.0000000 208.8702022 -627.0478259 0.0000000 196.9338207 -625.8138095 0.0000000 196.4199404 -630.7844659 0.0000000 195.9060601 -635.7551223 0.0000000 195.3921798 -640.7257787 0.0000000 207.3285613 -641.9597951 0.0000000 194.8782995 -645.6964351 0.0000000 206.8146810 -646.9304515 0.0000000 194.3644192 -650.6670916 0.0000000 193.8505389 -655.6377480 0.0000000 206.3008007 -651.9011079 0.0000000 193.3366586 -660.6084044 0.0000000 205.2730401 -661.8424208 0.0000000 204.7591597 -666.8130772 0.0000000 204.2452794 -671.7837336 0.0000000 192.8227782 -665.5790608 0.0000000 192.3088979 -670.5497172 0.0000000 191.7950176 -675.5203737 0.0000000 203.2175188 -681.7250465 0.0000000 203.7313991 -676.7543900 0.0000000 191.2811373 -680.4910301 0.0000000 190.7672570 -685.4616865 0.0000000 202.7036385 -686.6957029 0.0000000 201.6740158 -696.6547692 0.0000000 201.6758779 -696.6370157 0.0000000 189.7404142 -695.3941212 0.0000000 201.1363615 -701.7033086 0.0000000 201.1453598 -701.6237761 0.0000000 189.2169365 -700.3144566 0.0000000 200.5414557 -706.6649198 0.0000000 188.6267952 -705.2363315 0.0000000 198.0760808 -727.0318052 0.0000000 198.1618329 -726.5113645 0.0000000 186.2785995 -724.8206694 0.0000000 197.0494925 -731.9135766 0.0000000 185.3305187 -729.3291113 0.0000000 195.7775967 -736.9887086 0.0000000 196.9966435 -732.1425325 0.0000000 183.0241187 -738.2101093 0.0000000 194.0385058 -743.0099406 0.0000000 194.4580585 -741.9006544 0.0000000 191.8174230 -747.4863554 0.0000000 187.1007383 -756.5410382 0.0000000 189.4871779 -752.1723116 0.0000000 176.8493618 -750.2760570 0.0000000 186.4476031 -757.5020153 0.0000000 170.9315525 -757.3892391 0.0000000 180.0556856 -765.1850736 0.0000000 183.2516444 -761.3435445 0.0000000 167.7998203 -760.7749841 0.0000000 176.1538820 -769.3922436 0.0000000 176.4611139 -769.0833836 0.0000000 172.5034192 -772.8048115 0.0000000 160.9020794 -767.2232101 0.0000000 164.3479188 -779.6214778 0.0000000 168.3412370 -776.6450178 0.0000000 157.3202865 -769.8929355 0.0000000 164.0542474 -779.8270143 0.0000000 151.1163460 -787.9801841 0.0000000 155.4180870 -785.4838744 0.0000000 145.5395608 -777.3422529 0.0000000 150.1863412 -788.4180619 0.0000000 145.4995284 -790.1516372 0.0000000 135.1998150 -793.8791090 0.0000000 136.1259026 -793.6187878 0.0000000 132.4155240 -782.1966190 0.0000000 130.3025663 -794.8401336 0.0000000 128.0394051 -783.0553784 0.0000000 125.2886395 -795.7408881 0.0000000 130.2071857 -794.8580510 0.0000000 114.2511618 -785.2575381 0.0000000 108.9544164 -796.9030459 0.0000000 113.9383230 -797.2666021 0.0000000 115.0565621 -797.2436475 0.0000000 100.3894850 -784.1182203 0.0000000 95.8437696 -783.1238069 0.0000000 93.2793131 -794.8465865 0.0000000 91.0857261 -782.0829449 0.0000000 86.7000463 -780.9277329 0.0000000 88.1515320 -793.7193760 0.0000000 82.7144420 -792.2511547 0.0000000 83.3302064 -792.4494126 0.0000000 73.3800413 -788.6797465 0.0000000 73.1287928 -775.7352746 0.0000000 63.8803831 -784.7945747 0.0000000 68.4595697 -786.7904582 0.0000000 68.7209430 -773.8140700 0.0000000 59.2419755 -782.6810284 0.0000000 63.7889583 -784.7538154 0.0000000 55.7905675 -767.7513164 0.0000000 50.0467005 -778.2964873 0.0000000 54.5082482 -780.5191918 0.0000000 49.2936622 -777.8499726 0.0000000 47.9805573 -762.3131819 0.0000000 41.0917946 -772.1389866 0.0000000 45.1927284 -774.9944796 0.0000000 44.0334335 -759.4887116 0.0000000 36.7990190 -769.0633673 0.0000000 36.9657822 -769.1871181 0.0000000 32.8382216 -766.0164701 0.0000000 24.4170118 -759.4926542 0.0000000 24.9166269 -759.9226757 0.0000000 32.4949886 -750.6126061 0.0000000 20.8256527 -756.0405022 0.0000000 29.2650142 -747.5078310 0.0000000 17.1864443 -752.1336481 0.0000000 20.5858037 -755.7964139 0.0000000 16.0374177 -733.2552672 0.0000000 3.5989745 -736.5175565 0.0000000 6.5172859 -740.5700365 0.0000000 13.3550975 -729.5304938 0.0000000 3.5626208 -736.4665144 0.0000000 4.9441320 -717.5258761 0.0000000 -7.8240990 -719.3893132 0.0000000 -5.3352371 -723.7225643 0.0000000 -5.0643807 -724.1511344 0.0000000 -4.5492739 -700.7541732 0.0000000 -15.2496514 -706.1938847 0.0000000 -12.8784553 -710.5852400 0.0000000 -15.5058049 -705.6575361 0.0000000 -6.3620789 -696.4182843 0.0000000 -19.3609696 -696.4367066 0.0000000 -17.4333872 -701.0471214 0.0000000 -23.3256529 -686.9341968 0.0000000 -23.2161343 -687.2158770 0.0000000 -12.0865185 -682.7265005 0.0000000 -25.0183768 -682.2332871 0.0000000 -21.2885520 -691.8262918 0.0000000 -31.6384716 -663.2257104 0.0000000 -30.0582414 -667.9635171 0.0000000 -20.1955187 -659.6071294 0.0000000 -33.0275106 -658.0358185 0.0000000 -31.7460969 -662.8658782 0.0000000 -21.4287537 -654.9586709 0.0000000 -25.2243708 -640.6517720 0.0000000 -36.9573303 -643.1763742 0.0000000 -36.8717519 -643.5456393 0.0000000 -37.9295860 -638.2831561 0.0000000 -26.1290126 -636.0988441 0.0000000 -37.9827768 -637.9731506 0.0000000 -28.2438351 -621.4845288 0.0000000 -40.1476596 -623.0022670 0.0000000 -40.1298099 -623.1362462 0.0000000 -40.7516633 -618.0424914 0.0000000 -34.3089244 -653.2057588 0.0000000 -31.5072083 -592.0293975 0.0000000 -43.4887232 -592.7248744 0.0000000 -43.4587368 -593.1254610 0.0000000 -43.6945482 -587.7362095 0.0000000 -31.7016147 -587.3174887 0.0000000 -43.6988906 -587.5842331 0.0000000 -31.9386812 -572.4039511 0.0000000 -44.0165904 -567.5981620 0.0000000 -43.9371654 -572.5946797 0.0000000 -32.3485666 -547.4162304 0.0000000 -44.4307479 -542.6211918 0.0000000 -44.3468763 -547.6176369 0.0000000 -33.6300843 -492.4110383 0.0000000 -33.7571392 -487.4155048 0.0000000 -45.7532598 -487.7206105 0.0000000 -46.2898881 -462.7041756 0.0000000 -46.1932663 -467.7003904 0.0000000 -34.2921314 -462.4721511 0.0000000 -34.6786183 -442.4872919 0.0000000 -34.7752401 -437.4910771 0.0000000 -46.6763750 -442.7193163 0.0000000 -46.5797533 -447.7155311 0.0000000 -46.4831315 -452.7117460 0.0000000 -34.5819966 -447.4835067 0.0000000 -46.3865098 -457.7079608 0.0000000 -34.4853749 -452.4797215 0.0000000 -46.8696185 -432.7268867 0.0000000 -46.7729967 -437.7231015 0.0000000 -34.8705487 -432.5627616 0.0000000 -34.8544296 -427.6779274 0.0000000 -46.8542206 -427.5947750 0.0000000 -46.8533008 -427.5076720 0.0000000 -46.7642668 -422.5113162 0.0000000 -34.4990697 -407.7360524 0.0000000 -46.4971648 -407.5222489 0.0000000 -46.5861988 -412.5186047 0.0000000 -34.2319676 -392.7469850 0.0000000 -46.1410288 -387.5368257 0.0000000 -46.2300628 -392.5331815 0.0000000 -34.0543696 -382.7806438 0.0000000 -46.0508232 -382.4877344 0.0000000 -46.0519948 -382.5404699 0.0000000 -33.9269785 -377.9943176 0.0000000 -45.9179033 -377.4936822 0.0000000 -45.8973003 -377.1315834 0.0000000 -32.2046259 -358.2621733 0.0000000 -43.7246396 -352.2404806 0.0000000 -44.1591718 -357.2187012 0.0000000 -30.9010296 -343.3275115 0.0000000 -42.4210433 -337.3058189 0.0000000 -42.8555754 -342.2840394 0.0000000 -27.8370536 -308.5488921 0.0000000 -39.7824708 -307.4051896 0.0000000 -40.2453162 -312.3807036 0.0000000 -28.2953216 -313.4751987 0.0000000 -40.2483826 -312.4147160 0.0000000 -39.7761319 -307.3408126 0.0000000 -27.3239200 -303.6106762 0.0000000 -38.2267022 -292.4296506 0.0000000 -39.2596553 -302.3704252 0.0000000 -25.7744903 -288.6995142 0.0000000 -37.1937491 -282.4888759 0.0000000 -37.7102257 -287.4592633 0.0000000 -24.7415372 -278.7587396 0.0000000 -36.1607960 -272.5481013 0.0000000 -36.6772725 -277.5184886 0.0000000 -23.7085841 -268.8179649 0.0000000 -35.1278429 -262.6073266 0.0000000 -35.6443194 -267.5777140 0.0000000 -45.8805560 -482.7152742 0.0000000 -45.8803147 -482.7250769 0.0000000 -33.8840694 -482.4248725 0.0000000 -45.4991500 -497.7116775 0.0000000 -45.3720951 -502.7072111 0.0000000 -33.3759745 -502.4021054 0.0000000 -32.9948098 -517.3887060 0.0000000 -33.1218647 -512.3931724 0.0000000 -45.1179854 -512.6982781 0.0000000 -32.8677549 -522.3842395 0.0000000 -44.9909305 -517.6938117 0.0000000 -32.7407000 -527.3797730 0.0000000 -44.8638756 -522.6893452 0.0000000 -44.7368207 -527.6848787 0.0000000 -44.6102363 -532.6619151 0.0000000 -32.5165774 -537.4084875 0.0000000 -32.6128183 -532.4123035 0.0000000 -44.5144947 -537.6321731 0.0000000 -32.5163097 -537.4233402 0.0000000 -32.4324382 -542.4197853 0.0000000 -44.0959792 -562.6039136 0.0000000 -32.0975311 -562.4109155 0.0000000 -32.1808102 -557.4099206 0.0000000 -32.0181062 -567.4074333 0.0000000 -43.7783155 -582.5877153 0.0000000 -31.7798313 -582.3969866 0.0000000 -42.3794737 -603.0613145 0.0000000 -30.4496472 -601.7654599 0.0000000 -30.9892787 -596.7975332 0.0000000 -41.3002107 -612.9971679 0.0000000 -29.3703842 -611.7013134 0.0000000 -29.9100157 -606.7333866 0.0000000 -30.0238890 -668.0635643 0.0000000 -18.6914701 -664.1165302 0.0000000 -13.7218653 -678.1849346 0.0000000 -8.2896613 -691.8078695 0.0000000 2.5816370 -713.4126369 0.0000000 28.8774242 -762.9695729 0.0000000 40.1549468 -756.5051330 0.0000000 52.0498215 -765.1466233 0.0000000 64.2195027 -771.7620438 0.0000000 98.1610195 -795.9145008 0.0000000 98.8391998 -796.0226274 0.0000000 155.6986320 -785.3105975 0.0000000 149.2524689 -775.1876442 0.0000000 164.3085836 -764.0387024 0.0000000 199.9465500 -711.6265309 0.0000000 228.2805198 -322.6037679 0.0000000 227.7666395 -327.5744244 0.0000000 240.2169013 -323.8377843 0.0000000 240.7307816 -318.8671279 0.0000000 241.2446619 -313.8964715 0.0000000 229.3082804 -312.6624551 0.0000000 230.3360410 -302.7211423 0.0000000 229.8221607 -307.6917987 0.0000000 242.2724225 -303.9551587 0.0000000 242.7863028 -298.9845022 0.0000000 230.8499213 -297.7504858 0.0000000 231.3638016 -292.7798294 0.0000000 243.3001831 -294.0138458 0.0000000 232.3915623 -282.8385166 0.0000000 231.8776820 -287.8091730 0.0000000 243.8140635 -289.0431894 0.0000000 234.4470835 -262.9558909 0.0000000 232.9054426 -277.8678602 0.0000000 244.8418241 -279.1018766 0.0000000 246.3834650 -264.1899073 0.0000000 234.9609638 -257.9852345 0.0000000 246.8973453 -259.2192509 0.0000000 235.9887244 -248.0439217 0.0000000 235.4748441 -253.0145781 0.0000000 247.4112256 -254.2485945 0.0000000 248.4389863 -244.3072816 0.0000000 248.9528666 -239.3366252 0.0000000 236.5026048 -243.0732652 0.0000000 238.0442457 -228.1612960 0.0000000 237.5303654 -233.1319524 0.0000000 249.4667469 -234.3659688 0.0000000 249.9806272 -229.3953124 0.0000000 251.0083878 -219.4539995 0.0000000 239.5858866 -213.2493267 0.0000000 239.0720063 -218.2199832 0.0000000 240.0997669 -208.2786703 0.0000000 252.0361485 -209.5126867 0.0000000 252.5500288 -204.5420303 0.0000000 240.6136473 -203.3080139 0.0000000 253.0639091 -199.5713739 0.0000000 253.5777894 -194.6007174 0.0000000 241.6414079 -193.3667011 0.0000000 254.0916697 -189.6300610 0.0000000 254.6055500 -184.6594046 0.0000000 242.6691685 -183.4253882 0.0000000 255.1194303 -179.6887482 0.0000000 255.6333106 -174.7180918 0.0000000 243.1830488 -178.4547318 0.0000000 244.2108094 -168.5134190 0.0000000 243.6969291 -173.4840754 0.0000000 256.1471909 -169.7474354 0.0000000 256.6610713 -164.7767789 0.0000000 244.7246898 -163.5427625 0.0000000 245.7524504 -153.6014497 0.0000000 245.2385701 -158.5721061 0.0000000 257.6888319 -154.8354661 0.0000000 258.2027122 -149.8648097 0.0000000 258.7165925 -144.8941533 0.0000000 246.2663307 -148.6307933 0.0000000 247.8079716 -133.7188240 0.0000000 246.7802110 -143.6601369 0.0000000 259.7443531 -134.9528404 0.0000000 261.2859941 -120.0408712 0.0000000 261.7998744 -115.0702147 0.0000000 249.3496126 -118.8068548 0.0000000 250.8912535 -103.8948855 0.0000000 250.3773732 -108.8655419 0.0000000 262.3137547 -110.0995583 0.0000000 262.8276350 -105.1289019 0.0000000 263.3415153 -100.1582455 0.0000000 251.9190141 -93.9535727 0.0000000 251.4051338 -98.9242291 0.0000000 252.4328944 -88.9829163 0.0000000 264.3692759 -90.2169327 0.0000000 253.4606551 -79.0416034 0.0000000 252.9467747 -84.0122599 0.0000000 265.3970366 -80.2756198 0.0000000 265.9109169 -75.3049634 0.0000000 266.4247972 -70.3343070 0.0000000 253.9745354 -74.0709470 0.0000000 255.0022960 -64.1296342 0.0000000 254.4884157 -69.1002906 0.0000000 266.9386775 -65.3636506 0.0000000 267.4525578 -60.3929941 0.0000000 256.0300566 -54.1883213 0.0000000 255.5161763 -59.1589778 0.0000000 256.5439369 -49.2176649 0.0000000 268.4803184 -50.4516813 0.0000000 268.9941987 -45.4810249 0.0000000 269.5080791 -40.5103685 0.0000000 257.5716976 -39.2763521 0.0000000 258.5994582 -29.3350392 0.0000000 258.0855779 -34.3056957 0.0000000 270.0219594 -35.5397120 0.0000000 259.6272188 -19.3937264 0.0000000 259.1133385 -24.3643828 0.0000000 271.0497200 -25.5983992 0.0000000 271.5636003 -20.6277428 0.0000000 260.1410991 -14.4230700 0.0000000 272.0774806 -15.6570864 0.0000000 272.5913609 -10.6864300 0.0000000 260.6549794 -9.4524136 0.0000000 261.1688597 -4.4817572 0.0000000 273.1052412 -5.7157735 0.0000000 273.6191216 -0.7451171 0.0000000 261.6827400 0.4888993 0.0000000 262.1966204 5.4595557 0.0000000 263.2243810 15.4008685 0.0000000 275.1607625 14.1668521 0.0000000 275.6746428 19.1375086 0.0000000 263.7382613 20.3715249 0.0000000 264.2521416 25.3421814 0.0000000 276.1885231 24.1081650 0.0000000 276.7024034 29.0788214 0.0000000 277.2162837 34.0494778 0.0000000 264.7660219 30.3128378 0.0000000 272.6607330 99.9217479 0.0000000 271.4719519 89.9984021 0.0000000 278.7579247 48.9614471 0.0000000 279.2689774 53.9047525 0.0000000 266.8215432 50.1954634 0.0000000 267.9007280 60.1863721 0.0000000 267.3413293 55.2207947 0.0000000 279.8229315 58.8220011 0.0000000 267.9056085 60.2283647 0.0000000 280.4148079 63.7626864 0.0000000 268.4999991 65.1900376 0.0000000 269.0943896 70.1517105 0.0000000 270.2831708 80.0750563 0.0000000 273.8495141 109.8450938 0.0000000 265.2799022 35.2834942 0.0000000 276.2270764 129.6917854 0.0000000 289.3302728 138.1844952 0.0000000 277.4166481 139.6217004 0.0000000 277.4158575 139.6151312 0.0000000 289.9294194 143.1395956 0.0000000 278.0171472 144.5879667 0.0000000 291.7418128 158.0184186 0.0000000 279.8298606 159.4694167 0.0000000 280.4340984 164.4299000 0.0000000 294.7630017 182.8208353 0.0000000 282.8510496 184.2718333 0.0000000 283.4552874 189.2323167 0.0000000 285.8722385 209.0742500 0.0000000 298.9675340 217.3378952 0.0000000 287.0807141 218.9952167 0.0000000 288.0897081 224.3044130 0.0000000 287.1451960 219.4056298 0.0000000 297.3515153 250.5664749 0.0000000 296.5547386 249.3460589 0.0000000 307.0015161 243.3959447 0.0000000 303.2025380 235.6628760 0.0000000 305.1218453 239.5697518 0.0000000 294.3513465 244.8609099 0.0000000 300.5654096 254.3809822 0.0000000 312.5939787 249.7808653 0.0000000 308.7929025 262.0092525 0.0000000 304.8389371 258.9534946 0.0000000 304.0674380 258.2411196 0.0000000 328.0310544 262.0440281 0.0000000 324.1116469 274.4379678 0.0000000 320.2924295 271.2153794 0.0000000 346.3791836 280.3213036 0.0000000 337.2259368 288.0813341 0.0000000 355.8768684 392.8157120 0.0000000 355.8974404 392.3192843 0.0000000 367.8768684 393.0643521 0.0000000 355.8768684 397.8128610 0.0000000 356.1257122 403.0872853 0.0000000 355.8839178 398.1036236 0.0000000 368.1024565 402.3170242 0.0000000 356.7116371 408.4299561 0.0000000 356.1558840 403.4638070 0.0000000 368.5264507 406.1057905 0.0000000 357.2468553 410.3203241 0.0000000 362.8952926 420.4887781 0.0000000 362.2273268 419.5887770 0.0000000 372.1974356 412.8870056 0.0000000 366.2210763 424.1900409 0.0000000 375.0562001 416.0685231 0.0000000 366.4072027 424.3879767 0.0000000 373.4167985 431.5119896 0.0000000 369.9120006 427.9499832 0.0000000 377.2653630 435.3393367 0.0000000 376.9881273 435.0794359 0.0000000 384.7694789 441.9404152 0.0000000 388.5215369 445.2409544 0.0000000 396.0256528 451.8420329 0.0000000 407.2818267 461.7436506 0.0000000 422.2900586 474.9458075 0.0000000 414.7859427 468.3447290 0.0000000 445.2241039 479.1378878 0.0000000 437.2982905 488.1479644 0.0000000 433.5462325 484.8474252 0.0000000 497.3517202 540.9401389 0.0000000 493.5971677 537.6424375 0.0000000 467.3147542 514.5522782 0.0000000 463.5626963 511.2517390 0.0000000 474.8244057 521.1539306 0.0000000 478.9911726 508.8414627 0.0000000 471.0697191 517.8553729 0.0000000 490.2525092 518.7332667 0.0000000 482.3335105 527.7493334 0.0000000 452.3065224 501.3501213 0.0000000 512.7798237 538.5194749 0.0000000 508.6153774 550.8332430 0.0000000 504.8608250 547.5355417 0.0000000 527.7980333 551.7102804 0.0000000 519.8790346 560.7263472 0.0000000 527.3881395 567.3217499 0.0000000 523.6335870 564.0240486 0.0000000 546.5707954 568.1987873 0.0000000 538.6517967 577.2148541 0.0000000 546.1609015 583.8102568 0.0000000 553.6700063 590.4056596 0.0000000 569.0981099 587.9849956 0.0000000 564.9336636 600.2987637 0.0000000 561.1791112 597.0010624 0.0000000 576.1973208 610.1918679 0.0000000 572.4427684 606.8941665 0.0000000 583.7064256 616.7872706 0.0000000 579.9518732 613.4895693 0.0000000 602.8890816 617.6643080 0.0000000 594.9700829 626.6803748 0.0000000 602.4791877 633.2757775 0.0000000 598.7246353 629.9780762 0.0000000 632.9255009 644.0459191 0.0000000 625.0065022 653.0619858 0.0000000 677.4653457 684.3407090 0.0000000 681.1660607 687.6987153 0.0000000 669.4015324 693.2274922 0.0000000 687.9051075 710.0175239 0.0000000 684.2043925 706.6595176 0.0000000 695.9689207 701.1307407 0.0000000 699.6696357 704.4887471 0.0000000 703.3703507 707.8467534 0.0000000 691.6058225 713.3755303 0.0000000 706.5729663 726.8125907 0.0000000 710.7249417 714.5202646 0.0000000 714.4337024 717.7456634 0.0000000 699.0072525 720.0915430 0.0000000 695.3065375 716.7335367 0.0000000 707.0710657 711.2047598 0.0000000 702.8025311 723.5335554 0.0000000 702.7079675 723.4495494 0.0000000 710.3917574 730.0927178 0.0000000 680.5036775 703.3015112 0.0000000 676.8029625 699.9435049 0.0000000 684.8667757 691.0567217 0.0000000 733.1366573 749.6284150 0.0000000 763.4631904 775.6760114 0.0000000 786.4451941 779.5966590 0.0000000 778.6264569 788.6998095 0.0000000 771.0448237 782.1879104 0.0000000 782.4172736 791.9557591 0.0000000 827.8767773 831.3946962 0.0000000 827.6545926 831.2085351 0.0000000 835.4724793 822.1034999 0.0000000 831.7814711 834.5089145 0.0000000 839.2122830 825.0862088 0.0000000 831.8854595 834.5899978 0.0000000 839.8340574 840.6485278 0.0000000 862.9309201 842.9862027 0.0000000 866.9953604 845.8502462 0.0000000 860.0831752 855.6595120 0.0000000 864.1680388 858.5379470 0.0000000 868.2529024 861.4163819 0.0000000 875.1650876 851.6071160 0.0000000 884.5923568 872.9301216 0.0000000 880.5074932 870.0516867 0.0000000 891.3336824 863.0004580 0.0000000 884.9420400 873.1587353 0.0000000 889.2144003 875.7441751 0.0000000 889.3151787 875.8038258 0.0000000 916.9472211 877.9320638 0.0000000 910.9399135 888.3201472 0.0000000 906.6149665 885.8168829 0.0000000 921.2220906 880.3976597 0.0000000 915.2765164 890.8213568 0.0000000 910.9478254 888.3247185 0.0000000 915.3767867 890.8779143 0.0000000 919.7526453 893.2910781 0.0000000 932.8802211 900.5305696 0.0000000 986.8225785 916.6297156 0.0000000 985.3137796 929.5407583 0.0000000 980.9547966 927.0972433 0.0000000 1002.7497115 939.3148184 0.0000000 1024.5446264 951.5323935 0.0000000 1039.1303742 945.9518958 0.0000000 1033.2625923 956.4194235 0.0000000 1098.9627655 992.6907696 0.0000000 1056.5663060 955.7259559 0.0000000 1055.0575072 968.6369986 0.0000000 1050.6985242 966.1934836 0.0000000 1085.7744733 985.5624856 0.0000000 1078.3197947 967.8925382 0.0000000 1072.5308742 978.4039316 0.0000000 1068.1600998 975.9818364 0.0000000 1072.5861811 978.4342016 0.0000000 1076.9822785 980.8102963 0.0000000 1107.7549603 997.4429589 0.0000000 1026.0534252 938.6213508 0.0000000 1020.1856434 949.0888785 0.0000000 1011.4676774 944.2018484 0.0000000 1129.7354473 1009.3234322 0.0000000 1142.9237395 1016.4517162 0.0000000 1147.3198369 1018.8278109 0.0000000 1156.1120317 1023.5800002 0.0000000 1169.3003239 1030.7082842 0.0000000 1164.9042265 1028.3321895 0.0000000 1179.4023020 1022.5277257 0.0000000 1173.6964213 1033.0843789 0.0000000 1202.2726645 1152.5026135 0.0000000 1202.7732224 1147.5305978 0.0000000 1214.2123101 1153.7046379 0.0000000 1213.7117521 1158.6766536 0.0000000 1213.2111942 1163.6486693 0.0000000 1201.7721065 1157.4746292 0.0000000 1200.2704327 1172.3906762 0.0000000 1200.7709906 1167.4186605 0.0000000 1212.2100783 1173.5927007 0.0000000 1191.1872764 1266.9607072 0.0000000 1199.7698747 1177.3626919 0.0000000 1199.2693168 1182.3347076 0.0000000 1211.2089624 1183.5367320 0.0000000 1198.2682009 1192.2787390 0.0000000 1198.7687589 1187.3067233 0.0000000 1210.7084045 1188.5087477 0.0000000 1197.7676430 1197.2507546 0.0000000 1209.7072886 1198.4527791 0.0000000 1209.2067306 1203.4247948 0.0000000 1208.7061727 1208.3968105 0.0000000 1197.2670850 1202.2227703 0.0000000 1208.2056147 1213.3688261 0.0000000 1196.2659691 1212.1668017 0.0000000 1195.7654112 1217.1388174 0.0000000 1207.7050568 1218.3408418 0.0000000 1195.2648532 1222.1108330 0.0000000 1207.2063867 1223.2941054 0.0000000 1195.2611954 1222.1483487 0.0000000 1194.7918883 1227.1233512 0.0000000 1194.7897802 1227.1461639 0.0000000 1193.8891543 1237.0997997 0.0000000 1192.9885283 1247.0534355 0.0000000 1196.7665271 1207.1947860 0.0000000 1201.2715486 1162.4466449 0.0000000 1189.3860246 1286.8679788 0.0000000 1188.4853986 1296.8216146 0.0000000 1186.2105455 1316.1823320 0.0000000 1143.7154833 1366.6817831 0.0000000 1148.5699499 1377.6566886 0.0000000 1098.7585667 1368.7089632 0.0000000 991.0721057 1345.4036646 0.0000000 994.8964705 1334.0293852 0.0000000 976.8623633 1340.6259344 0.0000000 972.1257825 1339.0333577 0.0000000 975.9501473 1327.6590782 0.0000000 966.4769858 1324.4739248 0.0000000 971.2135666 1326.0665015 0.0000000 967.3892017 1337.4407810 0.0000000 957.0038242 1321.2887713 0.0000000 961.7404050 1322.8813480 0.0000000 957.9160402 1334.2556275 0.0000000 938.0575010 1314.9184644 0.0000000 947.5306626 1318.1036178 0.0000000 943.7062978 1329.4778973 0.0000000 934.2331362 1326.2927438 0.0000000 929.4965554 1324.7001671 0.0000000 924.7599747 1323.1075904 0.0000000 928.5843395 1311.7333109 0.0000000 919.0927850 1308.5420063 0.0000000 919.1111779 1308.5481574 0.0000000 915.2960046 1319.9255274 0.0000000 914.3511422 1306.9647685 0.0000000 910.5862197 1318.3588867 0.0000000 909.5516629 1305.4104070 0.0000000 914.3057698 1306.9498763 0.0000000 904.7975559 1303.8709377 0.0000000 901.1007217 1315.2873039 0.0000000 890.5352352 1299.2525299 0.0000000 895.2893421 1300.7919991 0.0000000 891.5925079 1312.2083653 0.0000000 896.3466148 1313.7478346 0.0000000 900.0434490 1302.3314684 0.0000000 877.3301872 1307.5899575 0.0000000 872.7912067 1306.1201502 0.0000000 881.0270214 1296.1735913 0.0000000 875.8380285 1294.5111877 0.0000000 876.2729145 1294.6341220 0.0000000 870.9857477 1293.3349381 0.0000000 868.2258259 1305.0134484 0.0000000 856.2041706 1290.1085266 0.0000000 870.8511100 1293.3039371 0.0000000 843.9743586 1299.7226918 0.0000000 841.3404445 1287.0304269 0.0000000 846.2537500 1287.9407837 0.0000000 839.1623895 1298.8311110 0.0000000 841.3241538 1287.0274317 0.0000000 829.3385084 1297.0389399 0.0000000 826.5761109 1284.3369457 0.0000000 831.4921252 1285.2337743 0.0000000 802.4450109 1251.8695198 0.0000000 803.2192160 1253.5551788 0.0000000 791.9264900 1257.7211850 0.0000000 799.7606556 1247.8232985 0.0000000 790.1533649 1255.0484924 0.0000000 798.8490429 1246.7485740 0.0000000 787.6041101 1252.6754266 0.0000000 793.9724380 1242.4754675 0.0000000 795.2159484 1243.3665769 0.0000000 784.7660628 1251.1472107 0.0000000 782.8317974 1238.6686505 0.0000000 787.7005323 1239.4684230 0.0000000 781.1120139 1250.5469711 0.0000000 782.3789319 1238.6118518 0.0000000 772.3368380 1237.8067548 0.0000000 772.2558091 1237.8013577 0.0000000 762.2793406 1237.2046429 0.0000000 741.6099372 1247.9898056 0.0000000 742.3264036 1236.0112132 0.0000000 731.6334687 1247.3930907 0.0000000 727.3617008 1235.1161409 0.0000000 732.3499350 1235.4144983 0.0000000 707.4087637 1233.9227111 0.0000000 697.4322952 1233.3259963 0.0000000 702.4205295 1233.6243537 0.0000000 676.7628918 1244.1111590 0.0000000 677.4793582 1232.1325666 0.0000000 682.4675924 1232.4309240 0.0000000 667.5028896 1231.5358517 0.0000000 652.5381868 1230.6407794 0.0000000 636.8570177 1241.7242995 0.0000000 637.5734841 1229.7457071 0.0000000 627.5970155 1229.1489923 0.0000000 607.6440785 1227.9555625 0.0000000 612.6323127 1228.2539200 0.0000000 497.1888957 1231.1921881 0.0000000 492.2100926 1230.7643824 0.0000000 493.2374120 1218.8084377 0.0000000 487.2312895 1230.3365767 0.0000000 488.2586089 1218.3806320 0.0000000 483.2798058 1217.9528263 0.0000000 482.2524864 1229.9087710 0.0000000 448.4281840 1214.9581865 0.0000000 447.4008645 1226.9141313 0.0000000 433.4917746 1213.6747695 0.0000000 438.4705777 1214.1025752 0.0000000 437.4432583 1226.0585199 0.0000000 432.4644552 1225.6307142 0.0000000 427.4848718 1225.2028415 0.0000000 428.5133616 1213.2469973 0.0000000 422.4794234 1224.7720280 0.0000000 412.5258568 1223.8706380 0.0000000 423.5483599 1212.8197247 0.0000000 407.5490735 1223.4199429 0.0000000 413.6081419 1211.9195435 0.0000000 393.7010086 1210.1167634 0.0000000 398.6777920 1210.5674585 0.0000000 392.6187235 1222.0678579 0.0000000 382.6651569 1221.1664679 0.0000000 364.5374340 1205.8965222 0.0000000 369.4604841 1206.7538876 0.0000000 359.6143838 1205.0391568 0.0000000 335.8135540 1199.9625625 0.0000000 318.1225350 1207.4305829 0.0000000 321.3877575 1195.8833616 0.0000000 326.1963563 1197.2430952 0.0000000 298.6936784 1201.4577406 0.0000000 293.1734985 1186.8490580 0.0000000 302.6182023 1190.1176298 0.0000000 283.7287946 1183.5804862 0.0000000 288.4511466 1185.2147721 0.0000000 218.7476542 1149.5873477 0.0000000 222.7573369 1152.0379312 0.0000000 216.5618033 1162.3151239 0.0000000 212.3017416 1159.7115172 0.0000000 211.9344846 1159.4681026 0.0000000 214.8656693 1146.8039937 0.0000000 175.7587246 1131.8742027 0.0000000 179.8727721 1119.5435048 0.0000000 183.6407809 1122.8258223 0.0000000 168.2227071 1125.3095677 0.0000000 176.1047634 1116.2611873 0.0000000 127.2705755 1080.1386942 0.0000000 136.6859793 1072.6989211 0.0000000 121.1427990 1071.4782205 0.0000000 118.4692708 1067.2564027 0.0000000 131.2809424 1065.0580921 0.0000000 110.4486863 1054.5909494 0.0000000 120.6197614 1048.2228240 0.0000000 114.0143450 1035.5024847 0.0000000 89.0320497 966.4148647 0.0000000 78.4991154 974.0320414 0.0000000 86.1959514 952.0337812 0.0000000 87.0744301 956.9531077 0.0000000 74.3828320 954.1433329 0.0000000 72.6258746 944.3046799 0.0000000 72.5624749 943.8495574 0.0000000 67.1650736 873.9547434 0.0000000 79.5068926 878.0353071 0.0000000 66.7892736 868.9717450 0.0000000 79.1310926 873.0523088 0.0000000 66.4134735 863.9887467 0.0000000 78.7552926 868.0693104 0.0000000 77.6278926 853.1203154 0.0000000 78.0036926 858.1033137 0.0000000 65.6618735 854.0227500 0.0000000 77.2520926 848.1373170 0.0000000 65.2860735 849.0397516 0.0000000 76.8762926 843.1543187 0.0000000 64.9102735 844.0567533 0.0000000 75.7488925 828.2053236 0.0000000 60.8715978 788.5696776 0.0000000 74.1807368 764.4213050 0.0000000 73.9047782 769.1778208 0.0000000 61.9249232 768.4827860 0.0000000 74.8238698 759.7025430 0.0000000 62.9346056 758.0760742 0.0000000 77.0028959 694.0194964 0.0000000 78.2751718 689.1870217 0.0000000 88.6074522 697.0747006 0.0000000 80.8197235 679.5220722 0.0000000 82.0919994 674.6895974 0.0000000 92.4242799 682.5772763 0.0000000 83.3642753 669.8571226 0.0000000 93.6965557 677.7448016 0.0000000 84.6365512 665.0246479 0.0000000 85.9088270 660.1921731 0.0000000 96.2411075 668.0798520 0.0000000 98.7856592 658.4149025 0.0000000 97.5133834 663.2473773 0.0000000 101.3302110 648.7499530 0.0000000 100.0579351 653.5824278 0.0000000 88.4533788 650.5272236 0.0000000 89.7256546 645.6947488 0.0000000 90.9378299 641.0905536 0.0000000 91.6549979 637.1221275 0.0000000 102.7045676 643.4569029 0.0000000 103.5870038 638.5739701 0.0000000 91.4774460 633.6626440 0.0000000 103.4195842 632.2275067 0.0000000 103.6747582 637.1994088 0.0000000 103.1166161 630.6288339 0.0000000 90.4637337 630.6371826 0.0000000 88.5856807 628.0032874 0.0000000 97.8564847 620.3356096 0.0000000 86.5302193 626.3869582 0.0000000 92.7518765 616.0136393 0.0000000 96.6799970 619.1025497 0.0000000 85.2405022 613.9911110 0.0000000 90.0563378 614.8162516 0.0000000 83.6937489 625.9009600 0.0000000 84.2739581 613.9051146 0.0000000 79.4475011 625.8678918 0.0000000 78.7951792 613.8830517 0.0000000 79.2921283 613.8663180 0.0000000 73.5081899 614.2886937 0.0000000 73.8121186 614.2580251 0.0000000 29.6927393 278.3252766 0.0000000 30.1162094 283.3044504 0.0000000 17.7359045 279.3421845 0.0000000 28.8457993 268.3669291 0.0000000 16.8889645 269.3838370 0.0000000 28.4223292 263.3877553 0.0000000 16.4654944 264.4046633 0.0000000 27.9988592 258.4085816 0.0000000 16.0420244 259.4254895 0.0000000 27.1519191 248.4502341 0.0000000 27.5753892 253.4294078 0.0000000 15.6185544 254.4463157 0.0000000 15.1950843 249.4671420 0.0000000 14.7716143 244.4879682 0.0000000 26.7284491 243.4710603 0.0000000 25.8815090 233.5127128 0.0000000 26.3049791 238.4918865 0.0000000 14.3481443 239.5087945 0.0000000 13.9246742 234.5296207 0.0000000 13.5012042 229.5504469 0.0000000 25.4580390 228.5335390 0.0000000 13.0777342 224.5712732 0.0000000 25.0345690 223.5543653 0.0000000 12.6542641 219.5920994 0.0000000 24.6110989 218.5751915 0.0000000 12.2307941 214.6129257 0.0000000 11.8073241 209.6337519 0.0000000 23.7641589 208.6168440 0.0000000 22.4937487 193.6793227 0.0000000 22.9172188 198.6584965 0.0000000 10.9603840 199.6754044 0.0000000 10.1134439 189.7170569 0.0000000 9.6899739 184.7378831 0.0000000 21.6468087 183.7209752 0.0000000 9.2665038 179.7587093 0.0000000 21.2233386 178.7418014 0.0000000 20.3763986 168.7834539 0.0000000 20.7998686 173.7626277 0.0000000 8.8430338 174.7795356 0.0000000 19.9529285 163.8042801 0.0000000 8.4195638 169.8003618 0.0000000 19.5294585 158.8251064 0.0000000 7.9960937 164.8211881 0.0000000 19.1059885 153.8459326 0.0000000 7.5726237 159.8420143 0.0000000 17.8355784 138.9084113 0.0000000 7.1491537 154.8628405 0.0000000 17.4121083 133.9292376 0.0000000 5.8787436 139.9253193 0.0000000 16.9886383 128.9500638 0.0000000 5.4552735 134.9461455 0.0000000 15.7182282 114.0125425 0.0000000 16.1416982 118.9917163 0.0000000 4.1848634 120.0086242 0.0000000 14.8712881 104.0541950 0.0000000 15.2947582 109.0333688 0.0000000 3.3379234 110.0502767 0.0000000 14.4478181 99.0750212 0.0000000 2.9144533 105.0711029 0.0000000 14.0243481 94.0958475 0.0000000 2.4909833 100.0919292 0.0000000 2.0675133 95.1127554 0.0000000 1.6440432 90.1335816 0.0000000 13.6008780 89.1166737 0.0000000 0.7971032 80.1752341 0.0000000 12.7539380 79.1583262 0.0000000 0.3736331 75.1960604 0.0000000 12.3304679 74.1791524 0.0000000 11.4835278 64.2208049 0.0000000 11.9069979 69.1999787 0.0000000 -0.0498369 70.2168866 0.0000000 11.0600578 59.2416312 0.0000000 -0.4733069 65.2377128 0.0000000 -1.3202470 55.2793653 0.0000000 -1.7437171 50.3001916 0.0000000 10.6365878 54.2624574 0.0000000 9.7896477 44.3041099 0.0000000 10.2131177 49.2832836 0.0000000 -2.1671871 45.3210178 0.0000000 -3.8610672 25.4043228 0.0000000 -4.2845373 20.4251490 0.0000000 7.6722975 19.4082411 0.0000000 -12.0762527 -48.8601468 0.0000000 -0.1666285 -50.3301307 0.0000000 0.4455155 -45.3706168 0.0000000 -10.8519646 -38.9411190 0.0000000 1.0576596 -40.4111029 0.0000000 1.6698036 -35.4515891 0.0000000 -4.7080073 15.4459752 0.0000000 -5.1314773 10.4668015 0.0000000 7.2488275 14.4290673 0.0000000 -5.9687650 0.6219470 0.0000000 6.8253575 9.4498936 0.0000000 5.9548121 -0.7349920 0.0000000 5.9784174 -0.5084540 0.0000000 5.3426680 -5.6945058 0.0000000 -12.6883968 -53.8196606 0.0000000 -0.7787726 -55.2896446 0.0000000 -13.3005408 -58.7791745 0.0000000 -1.3909167 -60.2491584 0.0000000 -13.9126849 -63.7386884 0.0000000 -2.0030607 -65.2086723 0.0000000 -14.5248289 -68.6982023 0.0000000 -3.2273489 -75.1277001 0.0000000 -2.6152048 -70.1681862 0.0000000 -15.7491171 -78.6172300 0.0000000 -5.0614892 -89.9876732 0.0000000 -3.8394929 -80.0872139 0.0000000 -11.8296232 -154.4990564 0.0000000 -11.3131467 -149.5286691 0.0000000 -23.2488820 -148.2884181 0.0000000 -15.4449591 -189.2917677 0.0000000 -14.9284826 -184.3213804 0.0000000 -27.3806945 -188.0515168 0.0000000 -27.8971710 -193.0219041 0.0000000 -15.9614357 -194.2621550 0.0000000 -28.4136476 -197.9922914 0.0000000 -29.4466007 -207.9330661 0.0000000 -16.4779123 -199.2325423 0.0000000 -18.0273419 -214.1437043 0.0000000 -17.5108654 -209.1733170 0.0000000 -18.5438185 -219.1140916 0.0000000 -29.9630773 -212.9034534 0.0000000 -30.4795538 -217.8738407 0.0000000 -30.9960304 -222.8442280 0.0000000 -31.5125069 -227.8146154 0.0000000 -19.5767716 -229.0548663 0.0000000 -32.0289835 -232.7850027 0.0000000 -20.0932482 -234.0252536 0.0000000 -32.5454601 -237.7553900 0.0000000 -33.0619366 -242.7257773 0.0000000 -20.6097247 -238.9956409 0.0000000 -33.5784132 -247.6961647 0.0000000 -34.6113663 -257.6369393 0.0000000 -21.6426779 -248.9364156 0.0000000 -23.1921075 -263.8475776 0.0000000 -22.6756310 -258.8771902 0.0000000 -24.2250607 -273.7883522 0.0000000 -26.2909669 -293.6699015 0.0000000 -40.6829147 -317.3929366 0.0000000 -29.1629010 -323.4146293 0.0000000 -28.7283689 -318.4364087 0.0000000 -30.4664974 -338.3492910 0.0000000 -31.7700938 -353.2839527 0.0000000 -45.4627682 -372.1533629 0.0000000 -33.5082223 -373.1968350 0.0000000 -34.1429336 -387.7506292 0.0000000 -46.3190968 -397.5295373 0.0000000 -34.4100357 -402.7396966 0.0000000 -34.3210017 -397.7433408 0.0000000 -34.5881037 -412.7324082 0.0000000 -34.3887531 -457.4759363 0.0000000 -34.0025248 -477.4474260 0.0000000 -34.0988879 -472.4645807 0.0000000 -46.0966446 -472.6966052 0.0000000 -14.4120060 -179.3509930 0.0000000 -26.3477413 -178.1107421 0.0000000 -25.8312648 -173.1403548 0.0000000 -24.2818351 -158.2291928 0.0000000 -24.7983117 -163.1995801 0.0000000 -12.8625763 -164.4398311 0.0000000 -9.2472404 -129.6471198 0.0000000 -8.7307639 -124.6767324 0.0000000 -20.6664992 -123.4364815 0.0000000 2.8940918 -25.5325613 0.0000000 -9.0155324 -24.0625774 0.0000000 -9.6276764 -29.0220913 0.0000000 -10.2398205 -33.9816051 0.0000000 -11.4641086 -43.9006329 0.0000000 -7.6978108 -114.7359578 0.0000000 -7.1813342 -109.7655705 0.0000000 -19.1170695 -108.5253195 0.0000000 -6.6648576 -104.7951831 0.0000000 -18.6005930 -103.5549322 0.0000000 -6.1483811 -99.8247958 0.0000000 -18.0841164 -98.5845449 0.0000000 -17.5676398 -93.6141576 0.0000000 -5.6359452 -94.8932943 0.0000000 -16.9778731 -88.5734086 0.0000000 -17.5590521 -93.5364419 0.0000000 -16.9734052 -88.5362577 0.0000000 -15.1369730 -73.6577161 0.0000000 -10.7966701 -144.5582818 0.0000000 -10.2801935 -139.5878944 0.0000000 -22.2159289 -138.3476435 0.0000000 -22.7324054 -143.3180308 0.0000000 4.1183799 -15.6135336 0.0000000 -7.1791002 -9.1840358 0.0000000 -7.7912443 -14.1435497 0.0000000 -6.5669561 -4.2245219 0.0000000 30.5396794 288.2836241 0.0000000 31.8100895 303.2211454 0.0000000 36.0447899 353.0128830 0.0000000 30.4432087 428.7537505 0.0000000 35.0235861 478.5205660 0.0000000 37.3158713 503.4009374 0.0000000 38.6912424 518.3291603 0.0000000 42.3588986 558.1377547 0.0000000 70.6415166 718.1818702 0.0000000 75.5017318 754.7535997 0.0000000 73.2071684 793.3434840 0.0000000 61.2374090 794.1948707 0.0000000 63.0310952 819.1393911 0.0000000 78.3794926 863.0863121 0.0000000 68.6682736 893.8867368 0.0000000 71.2988737 928.7677252 0.0000000 77.3518692 969.1668430 0.0000000 76.2061738 964.3028382 0.0000000 96.6373080 1026.8115134 0.0000000 145.9830046 1084.4501303 0.0000000 171.9907158 1128.5918852 0.0000000 179.5267334 1135.1565202 0.0000000 231.3461547 1157.0042757 0.0000000 266.2537458 1175.6655662 0.0000000 260.9077646 1186.4089588 0.0000000 269.8554869 1190.8614029 0.0000000 340.5762317 1201.3093109 0.0000000 337.3569302 1212.8695175 0.0000000 349.7682835 1203.3244259 0.0000000 478.3010027 1217.5250206 0.0000000 548.0042464 1223.5143002 0.0000000 552.9830495 1223.9421058 0.0000000 546.9769269 1235.4702449 0.0000000 567.9194588 1225.2255229 0.0000000 572.8982620 1225.6533286 0.0000000 566.8921394 1237.1814676 0.0000000 577.8567702 1226.0793904 0.0000000 571.8709425 1237.6092733 0.0000000 576.8497457 1238.0370790 0.0000000 592.6793757 1227.0604903 0.0000000 527.0617145 1233.7590222 0.0000000 522.0829113 1233.3312165 0.0000000 817.4637114 1282.3068218 0.0000000 990.1598897 1332.4368084 0.0000000 1080.1549247 1362.6957664 0.0000000 1110.9337703 1383.5190168 0.0000000 1111.8908928 1383.5958490 0.0000000 1127.2397160 1383.2620858 0.0000000 1171.6514959 1363.6162042 0.0000000 1169.9356538 1348.1129064 0.0000000 1182.3912466 1352.2656087 0.0000000 1191.3632686 1339.5223534 0.0000000 1184.1860595 1324.9914708 0.0000000 1195.4907959 1329.0234281 0.0000000 1221.7206792 1079.1244027 0.0000000 1221.2201213 1084.0964184 0.0000000 1221.4886224 1068.3252931 0.0000000 1217.3336799 1051.4399282 0.0000000 1197.3587521 1032.4726488 0.0000000 1175.0062046 1020.1516310 0.0000000 1148.6296202 1005.8950631 0.0000000 1004.2585104 926.4037757 0.0000000 991.1815615 919.0732306 0.0000000 995.5405444 921.5167456 0.0000000 941.6319383 905.3568973 0.0000000 947.4268358 894.8488449 0.0000000 897.9650726 880.8103543 0.0000000 903.9763345 870.4245597 0.0000000 908.3012814 872.9278240 0.0000000 801.3713568 808.2355068 0.0000000 805.3992773 795.8764067 0.0000000 824.3261558 812.2965021 0.0000000 748.2999238 762.6522132 0.0000000 756.1186609 753.5490627 0.0000000 721.7642073 739.8605664 0.0000000 729.5829445 730.7574159 0.0000000 644.1589106 654.1186518 0.0000000 640.4581956 650.7606455 0.0000000 587.8708719 604.4735025 0.0000000 584.1163195 601.1758011 0.0000000 531.5525858 555.0079818 0.0000000 501.5161665 528.6263708 0.0000000 475.2405677 505.5422016 0.0000000 441.0503485 491.4485036 0.0000000 392.6952924 432.9303385 0.0000000 372.0765999 343.1214238 0.0000000 371.0642618 332.0275279 0.0000000 366.9729921 316.9790416 0.0000000 278.6213850 149.5484500 0.0000000 229.4254147 -428.2215691 0.0000000 227.3698935 -448.1041948 0.0000000 211.3224695 -486.6354298 0.0000000 222.2310904 -497.8107590 0.0000000 221.2033297 -507.7520718 0.0000000 208.2391876 -516.4593683 0.0000000 206.1836664 -536.3419939 0.0000000 204.6420254 -551.2539632 0.0000000 203.6142648 -561.1952760 0.0000000 210.9257235 -607.1652002 0.0000000 207.8424416 -636.9891387 0.0000000 205.7869204 -656.8717644 0.0000000 202.1897582 -691.6663593 0.0000000 199.3516443 -716.5881421 0.0000000 188.0318895 -710.1979427 0.0000000 187.4369838 -715.1595539 0.0000000 198.7567386 -721.5497533 0.0000000 195.7531827 -737.0825515 0.0000000 178.8993332 -746.5232847 0.0000000 179.8478704 -765.4219295 0.0000000 168.8529564 -776.2173794 0.0000000 141.3365740 -778.8968688 0.0000000 140.8127155 -791.8852125 0.0000000 119.9918071 -796.6792478 0.0000000 104.9274106 -784.5774074 0.0000000 103.9705098 -796.5394896 0.0000000 88.3976067 -793.7786722 0.0000000 68.7128409 -786.8940424 0.0000000 59.7666601 -769.7321714 0.0000000 54.6949928 -780.6082413 0.0000000 41.0287418 -772.0944778 0.0000000 25.9820974 -743.9705307 0.0000000 13.7870848 -748.4708823 0.0000000 6.9883658 -741.1453507 0.0000000 0.6849274 -732.3811284 0.0000000 -2.2195174 -728.2574484 0.0000000 -2.3568676 -704.8144174 0.0000000 -12.8018226 -710.7228111 0.0000000 -25.0306050 -682.1990020 0.0000000 -22.7101675 -650.1286111 0.0000000 -23.9915812 -645.2985514 0.0000000 -35.5903382 -648.3756990 0.0000000 -38.6984545 -633.0275158 0.0000000 -39.4141322 -628.0818810 0.0000000 -42.9191053 -598.0933877 0.0000000 -31.8592563 -577.4004689 0.0000000 -43.8577405 -577.5911975 0.0000000 -34.1955097 -467.4683659 0.0000000 -46.8707075 -432.5910757 0.0000000 -34.7661717 -422.7251197 0.0000000 -46.4081308 -402.5258931 0.0000000 -31.3355617 -348.3057321 0.0000000 -43.2901075 -347.2622600 0.0000000 -25.2580138 -283.7291269 0.0000000 -33.5030294 -497.4065718 0.0000000 -32.6136452 -532.3753066 0.0000000 -41.8398422 -608.0292412 0.0000000 -28.3594610 -672.7753768 0.0000000 -10.3129608 -715.0560621 0.0000000 0.0927751 -709.0793858 0.0000000 228.7944001 -317.6331115 0.0000000 244.3279438 -284.0725330 0.0000000 241.1275276 -198.3373575 0.0000000 242.1552882 -188.3960446 0.0000000 257.1749516 -159.8061225 0.0000000 260.2582334 -129.9821840 0.0000000 249.8634929 -113.8361984 0.0000000 263.8553956 -95.1875891 0.0000000 264.8831563 -85.2462762 0.0000000 267.9664381 -55.4223377 0.0000000 257.0578172 -44.2470085 0.0000000 270.5358397 -30.5690556 0.0000000 278.2440444 43.9907906 0.0000000 266.3076629 45.2248070 0.0000000 267.3354235 55.1661199 0.0000000 275.0382953 119.7684396 0.0000000 281.6425740 174.3508667 0.0000000 284.6637629 199.1532833 0.0000000 309.6699524 246.5630587 0.0000000 300.7133818 254.5500775 0.0000000 292.1479543 240.3757609 0.0000000 291.7090368 239.1720830 0.0000000 367.8768684 397.6673943 0.0000000 359.6369547 415.3154328 0.0000000 486.0880629 531.0470348 0.0000000 606.6436340 620.9620094 0.0000000 617.4973974 646.4665830 0.0000000 692.2682057 697.7727344 0.0000000 706.6009408 726.8367683 0.0000000 673.1022475 696.5854985 0.0000000 744.5091072 759.3962637 0.0000000 797.8176440 789.3645076 0.0000000 789.9989069 798.4676582 0.0000000 828.0778781 815.5974229 0.0000000 816.3994260 821.3057725 0.0000000 835.8597584 837.6192628 0.0000000 823.9028704 827.9076142 0.0000000 871.0802240 848.7286811 0.0000000 876.4226296 867.1732517 0.0000000 928.5043625 898.1174058 0.0000000 946.0077970 907.7700611 0.0000000 994.0317456 934.4277883 0.0000000 989.6727626 931.9842733 0.0000000 998.3907285 936.8713034 0.0000000 1073.9894336 965.4928383 0.0000000 1068.1344561 975.9675437 0.0000000 1120.9432525 1004.5712429 0.0000000 1210.2078465 1193.4807634 0.0000000 1192.0879024 1257.0070714 0.0000000 980.6867281 1329.2516550 0.0000000 952.2672434 1319.6961946 0.0000000 933.3209203 1313.3258876 0.0000000 923.8477587 1310.1407342 0.0000000 905.8548286 1316.8267732 0.0000000 886.8384010 1310.6688960 0.0000000 848.7640706 1300.7676265 0.0000000 851.3218574 1289.0433898 0.0000000 846.4395443 1287.9782530 0.0000000 789.5726164 1240.1062762 0.0000000 777.4005638 1238.1790136 0.0000000 767.2675749 1237.5030003 0.0000000 737.3381693 1235.7128557 0.0000000 701.7040631 1245.6029461 0.0000000 642.5617183 1230.0440646 0.0000000 498.2162152 1219.2362433 0.0000000 225.3392724 1167.3926040 0.0000000 127.2615694 1080.1272823 0.0000000 133.7900024 1069.0201951 0.0000000 111.8504069 1030.9981679 0.0000000 101.0338790 1036.1945825 0.0000000 73.5043533 949.2240064 0.0000000 66.0376735 859.0057483 0.0000000 60.8828668 789.2103148 0.0000000 73.3259128 779.1553409 0.0000000 94.9688316 672.9123268 0.0000000 102.6024868 643.9174782 0.0000000 18.1593746 284.3213583 0.0000000 24.1876289 213.5960177 0.0000000 10.5369140 194.6962306 0.0000000 4.6083335 124.9877980 0.0000000 3.7613934 115.0294505 0.0000000 -2.5906571 40.3418440 0.0000000 4.7305239 -10.6540197 0.0000000 -3.4375972 30.3834965 0.0000000 8.5192376 29.3665886 0.0000000 -3.0141272 35.3626703 0.0000000 8.9427076 34.3457624 0.0000000 -12.3460998 -159.4694437 0.0000000 -19.0602951 -224.0844790 0.0000000 -21.1262013 -243.9660283 0.0000000 -41.5519790 -327.3493777 0.0000000 -29.5974332 -328.3928498 0.0000000 -44.5937039 -362.1969217 0.0000000 -32.6391581 -363.2403938 0.0000000 -34.6771377 -417.7287640 0.0000000 -25.3147882 -168.1699674 0.0000000 -13.8955295 -174.3806057 0.0000000 -23.7653585 -153.2588055 0.0000000 -8.2142873 -119.7063451 0.0000000 -20.1500226 -118.4660942 0.0000000 -19.6335461 -113.4957069 0.0000000 66.7576215 732.9615926 0.0000000 139.9285968 1096.1170317 0.0000000 165.7804766 1106.2677089 0.0000000 153.6099093 1110.8337564 0.0000000 242.7670116 1177.3748479 0.0000000 238.4024207 1174.9452351 0.0000000 265.3816257 1188.6351808 0.0000000 270.7276070 1177.8917882 0.0000000 322.9311338 1208.7903166 0.0000000 362.4785830 1217.7185835 0.0000000 463.3645933 1216.2416036 0.0000000 736.6217029 1247.6914481 0.0000000 808.5721207 1272.5017008 0.0000000 1159.9190255 1357.2448930 0.0000000 1178.5823269 1337.1519046 0.0000000 1206.4569755 1056.5182581 0.0000000 1201.5207347 1035.2384035 0.0000000 999.8995274 923.9602606 0.0000000 1037.6215753 958.8629386 0.0000000 778.8635608 773.0847599 0.0000000 717.9733907 736.6046169 0.0000000 725.7921278 727.5014663 0.0000000 359.5904406 362.6255750 0.0000000 359.2177192 367.4216343 0.0000000 363.2598355 307.2432484 0.0000000 343.1476812 276.5096254 0.0000000 233.0225769 -393.4269742 0.0000000 213.4951251 -582.3119181 0.0000000 190.2533767 -690.4323429 0.0000000 186.8420781 -720.1211650 0.0000000 184.1519662 -734.0143069 0.0000000 159.8764397 -782.5688059 0.0000000 118.4383335 -784.7786888 0.0000000 10.3877253 -744.8081165 0.0000000 7.6312045 -721.4044328 0.0000000 -2.1927661 -728.2957424 0.0000000 -26.6950330 -677.4871894 0.0000000 -26.8221591 -631.3089093 0.0000000 -46.6752328 -417.5149604 0.0000000 -41.1174469 -322.3711572 0.0000000 -44.1791400 -557.6101271 0.0000000 -32.2646951 -552.4126755 0.0000000 -28.8349593 -616.6305128 0.0000000 241.7585422 -308.9258151 0.0000000 237.0164851 -238.1026088 0.0000000 251.5222681 -214.4833431 0.0000000 248.3218519 -128.7481676 0.0000000 265.7937825 40.2541506 0.0000000 277.7301641 39.0201342 0.0000000 356.3097910 387.3525576 0.0000000 370.0616020 409.3635150 0.0000000 752.0907405 765.9081627 0.0000000 831.8296003 818.8983438 0.0000000 843.1341422 828.0755035 0.0000000 887.4196783 860.2424208 0.0000000 1069.6432550 963.0565010 0.0000000 1063.7754731 973.5240287 0.0000000 1190.2866505 1276.9143430 0.0000000 948.4428786 1331.0704740 0.0000000 920.0233939 1321.5150136 0.0000000 804.5778620 1258.3640850 0.0000000 422.5061260 1224.7743860 0.0000000 284.5266226 1196.5548828 0.0000000 100.7538649 624.3990712 0.0000000 22.0702787 188.7001489 0.0000000 -0.8967770 60.2585391 0.0000000 9.3661777 39.3249361 0.0000000 2.2819477 -30.4920752 0.0000000 -13.3790529 -169.4102184 0.0000000 -21.1829757 -128.4068688 0.0000000 79.7015211 730.9020239 0.0000000 289.2489745 1198.1891687 0.0000000 551.9557301 1235.8980506 0.0000000 797.1058404 1276.0534145 0.0000000 999.6330513 1335.6219619 0.0000000 1173.1913799 1344.5588657 0.0000000 934.2992599 887.6093535 0.0000000 797.5805401 804.9795572 0.0000000 673.7646307 680.9827026 0.0000000 371.1671856 368.5374674 0.0000000 352.0838368 311.6132658 0.0000000 333.9944344 284.2696559 0.0000000 212.4673644 -592.2532309 0.0000000 189.5963402 -751.9627702 0.0000000 136.6497611 -780.6304441 0.0000000 19.1833784 -736.6449991 0.0000000 -40.7605792 -617.9650947 0.0000000 -45.9994462 -477.7195579 0.0000000 247.9251060 -249.2779380 0.0000000 368.2526426 388.5381853 0.0000000 820.1511482 824.6066934 0.0000000 902.2900196 883.3136186 0.0000000 912.6262284 875.4310883 0.0000000 1212.7106362 1168.6206850 0.0000000 1211.7095203 1178.5647164 0.0000000 953.1794594 1332.6630508 0.0000000 793.0299024 1261.6266958 0.0000000 752.3028721 1236.6079280 0.0000000 87.1811029 655.3596983 0.0000000 5.0318035 129.9669717 0.0000000 16.5651683 123.9708900 0.0000000 81.7616927 907.9332972 0.0000000 528.0890339 1221.8030774 0.0000000 795.7471944 1271.2445083 0.0000000 371.1267294 368.9083442 0.0000000 353.8878882 316.2269947 0.0000000 290.5088020 234.3240618 0.0000000 356.3541834 386.9684442 0.0000000 883.3348147 857.3639859 0.0000000 52.0160053 532.1564586 0.0000000 69.4198736 903.8527335 0.0000000 740.9553944 740.5252645 0.0000000 665.7008174 689.8694858 0.0000000 -45.6262049 -492.7161440 0.0000000 -46.0000229 -477.6928200 0.0000000 357.0875493 382.0254014 0.0000000 688.5674907 694.4147280 0.0000000 48.3272650 614.4409846 0.0000000 23.3406888 203.6376702 0.0000000 8.0957676 24.3874148 0.0000000 40.0666135 533.2573832 0.0000000 1203.2737803 1142.5585821 0.0000000 -44.2630048 -552.6140820 0.0000000 962.6526210 1335.8482042 0.0000000 91.1520040 687.4097511 0.0000000 1010.0184288 1351.7739716 0.0000000 -33.2489196 -507.3976389 0.0000000 725.5550240 743.1165160 0.0000000 1013.8427936 1340.3996921 0.0000000 1214.7128680 1148.7326223 0.0000000 -45.2450402 -507.7027446 0.0000000 587.6911414 1226.7621328 0.0000000 -26.8642179 -183.0811294 0.0000000 766.5511085 1249.4815927 0.0000000 239.1891407 -333.7790972 0.0000000 1182.4886161 1037.8365682 0.0000000 415.2076402 452.7335739 0.0000000 239.7030210 -328.8084407 0.0000000 11.3838540 204.6545781 0.0000000 -27.5378368 -626.3632745 0.0000000 -17.0446592 -668.7784706 0.0000000 -15.3802312 -673.4902832 0.0000000 -10.2172437 -687.1974548 0.0000000 101.5577153 625.9762378 0.0000000 10.4954477 -725.4707238 0.0000000 79.5474477 684.3545469 0.0000000 22.5827379 -740.3077649 0.0000000 89.8797281 692.2422258 0.0000000 87.3351764 701.9071754 0.0000000 36.1941494 -753.4582359 0.0000000 62.2592460 763.0312779 0.0000000 62.2143559 763.4940260 0.0000000 61.3460578 778.4603061 0.0000000 77.6681762 -777.4720751 0.0000000 103.8029782 -796.5249060 0.0000000 109.8274492 -784.9348458 0.0000000 85.3174727 947.1144547 0.0000000 120.3700933 -796.6237252 0.0000000 123.1686216 -783.9296425 0.0000000 153.2923857 -772.5363470 0.0000000 174.0267145 -753.6688674 0.0000000 128.6074142 1060.8362744 0.0000000 181.0678981 -742.1527154 0.0000000 123.8163272 1075.7000383 0.0000000 124.1709458 1076.2012990 0.0000000 139.7819811 1076.6121905 0.0000000 187.4087897 1126.1081398 0.0000000 216.6872684 1162.3897231 0.0000000 221.0132704 1164.8911636 0.0000000 300.9886066 226.6134656 0.0000000 227.0201527 1154.5028352 0.0000000 345.6034629 299.5186453 0.0000000 365.0796379 311.8972593 0.0000000 356.9972601 325.3130843 0.0000000 359.2646641 334.2162863 0.0000000 370.4308236 373.8556163 0.0000000 397.5955068 1222.5185529 0.0000000 358.5509608 372.1616942 0.0000000 370.4243521 373.9003978 0.0000000 369.6909863 378.8434407 0.0000000 357.8209151 377.0823585 0.0000000 368.9576204 383.7864836 0.0000000 359.3403327 414.7628651 0.0000000 378.4656934 419.5336693 0.0000000 807.2951540 1267.9818975 0.0000000 853.6463838 1301.8327634 0.0000000 855.0570390 837.1632985 0.0000000 855.9983116 852.7810771 0.0000000 1194.8791365 1045.2328606 0.0000000 1095.8845580 1380.3605032 0.0000000 1100.7494757 1381.5024640 0.0000000 1103.4917451 1369.8200003 0.0000000 1217.5762227 1051.9955956 0.0000000 1143.7209922 1379.6350369 0.0000000 1148.3495908 1377.7515366 0.0000000 1153.1095366 1375.5942114 0.0000000 1153.6948191 1375.2883838 0.0000000 1182.4995444 1329.4462124 0.0000000 1182.1596508 1352.5339238 0.0000000</float_array><technique_common><accessor source="#positions-array" count="2361" stride="3"><param name="X" type="float" /><param name="Y" type="float" /><param name="Z" type="float" /></accessor></technique_common></source><source id="uv"><float_array id="uv-array" count="4722">9.5031573 147.1398529 9.2914223 144.6502660 15.4815747 146.6313990 10.1383624 154.6086136 9.9266274 152.1190267 16.1167798 154.1001596 10.3500974 157.0982004 16.3285148 156.5897465 10.7735674 162.0773742 16.7519848 161.5689202 10.9853024 164.5669611 16.9637198 164.0585071 11.1970375 167.0565480 17.1754549 166.5480940 11.4087725 169.5461348 17.3871899 169.0376809 12.2557125 179.5044824 12.0439775 177.0148955 18.2341299 178.9960284 12.8909176 186.9732430 18.8693350 186.4647890 13.1026526 189.4628299 19.0810700 188.9543759 19.2928050 191.4439628 19.5045400 193.9335497 13.3143876 191.9524168 13.7378577 196.9315905 13.5261227 194.4420036 19.7162751 196.4231366 14.1613277 201.9107643 13.9495927 199.4211774 19.9280101 198.9127234 20.1397451 201.4023103 20.3514801 203.8918972 14.7965328 209.3795249 14.3730627 204.4003512 20.7749502 208.8710710 15.0082678 211.8691118 20.9866852 211.3606578 15.2200028 214.3586987 21.1976470 213.8411540 21.4235626 216.3189001 15.4484773 216.8651211 21.6526609 218.8055235 15.6779649 219.3559858 16.1364220 224.3320601 22.1111179 223.7815978 22.3403464 226.2696350 22.5695749 228.7576721 16.3656505 226.8200973 22.7988034 231.2457092 16.5948790 229.3081344 17.0533360 234.2842087 16.8241075 231.7961716 23.0280319 233.7337464 23.2572605 236.2217835 23.4864890 238.7098207 17.2825645 236.7722458 23.7157175 241.1978578 24.1741745 246.1739321 17.7410216 241.7483201 24.4034030 248.6619693 24.6326316 251.1500064 18.4287071 249.2124316 25.0910886 256.1260807 19.1163927 256.6765430 18.1994786 246.7243944 25.3203171 258.6141179 25.5495456 261.1021550 19.5748497 261.6526173 25.7787741 263.5901921 19.8040782 264.1406545 20.4917638 271.6047659 20.2625352 269.1167287 26.2372312 268.5662664 26.4664597 271.0543036 26.6956882 273.5423407 20.7209923 274.0928030 26.9249167 276.0303779 20.9502208 276.5808402 27.1541452 278.5184150 27.6126023 283.4944893 21.6379063 284.0449516 22.0963634 289.0210259 21.8671349 286.5329888 27.8418308 285.9825265 28.0710593 288.4705636 28.3002878 290.9586007 22.3255919 291.5090631 28.7587448 295.9346750 22.7840489 296.4851373 28.9879733 298.4227122 23.0132774 298.9731745 29.2172019 300.9107493 23.2425059 301.4612116 29.4315817 303.2376194 23.5186851 304.2690499 23.4717345 303.9492488 29.8412848 305.2621985 24.0132098 306.7127819 30.3450326 306.5366969 25.9333209 310.6764516 25.0499926 309.4630122 27.8623721 312.2644177 31.1133889 307.1691963 31.5455459 313.4003488 29.1365596 312.8808105 32.4779340 307.4634833 34.6926718 313.4343310 32.2182201 313.4675043 34.4431475 307.4371370 37.4324614 313.1063645 35.0295332 313.4108084 37.2291721 351.8422230 37.8653100 349.4259856 43.0314503 353.3698251 35.9568962 356.6746977 36.5930342 354.2584604 42.3953123 355.7860624 41.7591744 358.2022998 41.1230364 360.6185372 34.0484824 363.9234099 34.6846203 361.5071725 40.4868985 363.0347746 33.4123445 366.3396473 39.2330965 367.7970804 32.8235690 369.1361921 32.8611445 368.9206521 38.7532103 370.0588716 38.4289990 372.4258773 32.4845025 371.6116533 38.0899325 374.9013386 32.1454359 374.0871146 31.8063694 376.5625759 30.5252020 391.7908199 30.5283125 391.7245331 36.5201619 392.0389243 36.4376942 394.3394727 31.1505178 404.5742693 30.9732467 402.0819913 37.1353975 404.1485759 31.3277889 407.0665473 37.3122568 406.6350647 36.9581264 401.6562980 31.3286348 407.0781241 37.4986909 409.1202560 37.6865463 411.6111626 31.7035367 412.0623799 32.0793367 417.0453783 31.8914367 414.5538791 38.0623463 416.5941610 32.2672367 419.5368775 38.2502463 419.0856602 33.9583368 441.9603700 33.7704368 439.4688709 39.9413463 441.5091527 40.1292463 444.0006519 40.3171463 446.4921511 34.1462368 444.4518692 40.5050463 448.9836503 40.6929463 451.4751494 34.5220368 449.4348676 35.0857368 456.9093651 34.8978368 454.4178659 41.0687463 456.4581478 41.4445464 461.4411461 41.6324464 463.9326453 35.4615368 461.8923634 41.8203464 466.4241445 42.0054447 468.8784941 35.8373368 466.8753618 36.0317619 469.4410790 36.0252368 469.3668610 42.2397072 471.2107373 38.0698947 481.9909930 37.6306553 479.5313297 43.9620493 480.8555507 45.0893926 485.6389484 45.6628456 488.0708255 39.8230107 489.4478978 40.4679941 492.1328818 40.3964636 491.8797749 46.2060863 490.3745799 42.8234258 499.2503430 41.2522329 494.5051351 46.9487848 492.6211771 48.5193107 497.3643696 49.2862734 499.6806969 43.6088000 501.6222751 44.5246729 504.0709423 43.6477793 501.7327237 44.5545400 504.1473854 50.1281885 501.9256458 52.9358176 508.8314070 53.8520265 511.0849526 47.3776255 511.0911639 49.4123023 515.7968534 48.3709499 513.5267024 54.8547830 513.2709645 49.4349704 515.8451328 58.0891416 520.0034008 52.6808776 522.6016080 51.5989086 520.3494496 59.1086102 522.1254622 53.9000481 525.1073596 53.7628467 524.8537664 55.1919484 527.2431394 74.4802628 544.1068214 76.0707267 545.8649292 71.6395026 549.9102959 66.7357995 543.9883170 65.1855436 542.0288321 71.4412464 540.2655802 68.2860554 545.9478020 69.8363113 547.9072869 73.3858932 551.7724966 71.6763625 549.9503058 77.7616461 547.6672821 75.0954239 553.5946874 79.4711769 549.4894729 81.1807076 551.3116637 84.5545020 554.9077950 86.2323771 556.5451852 80.3166333 559.1557176 82.1026039 560.8985951 82.2273491 561.0136251 80.2240161 559.0612598 78.5144854 557.2390690 95.5665114 564.6761622 91.6915115 569.2571247 91.6473711 569.2194188 97.3717282 566.1882591 93.6055251 570.8603528 93.7838172 570.9986270 99.3105513 567.5783807 103.9366714 578.2781473 95.8143881 572.4545311 117.8360784 579.7528581 119.9990794 581.0035784 114.8326372 584.9470223 119.1586393 587.4484628 116.9956383 586.1977425 122.1408934 582.2420476 123.7430906 589.8651463 121.5061600 588.7520352 124.2412244 583.4112272 126.4160812 584.4934500 128.6530118 585.6065610 125.9800212 590.9782573 130.8899423 586.7196720 128.2169517 592.0913683 137.5717067 590.0445609 139.6549595 591.0256128 134.9861036 595.4589591 139.9021353 597.4602985 137.5409594 596.6431555 137.2439552 596.5222336 153.6349632 595.8637366 151.7789365 601.5695723 151.7080152 601.5460132 155.9324625 596.5952890 154.1587646 602.3273393 154.2526687 602.3555578 165.5024776 599.3014144 166.2741657 605.7548919 163.8698663 605.0750251 172.5516266 601.2559978 171.1376198 607.0884700 168.7244866 606.4473779 171.3931912 607.1445609 173.8547163 607.5732436 177.3456668 602.0908957 178.7777664 608.4306090 176.3162414 608.0019263 187.1917671 603.8056265 186.1623416 609.7166572 183.7008166 609.2879745 189.6395495 604.2319159 188.6513738 610.1499987 188.6238667 610.1453399 191.9825408 604.6175414 191.1159441 610.5556344 201.8272876 605.5090767 204.3156793 605.7344242 201.2861451 611.4846240 231.1686370 614.0987742 226.1898338 613.6709685 226.7034935 607.6929961 233.6580385 614.3126770 234.1716982 608.3347046 236.1474401 614.5265798 238.6368416 614.7404827 236.6610998 608.5486075 328.7632106 615.4695684 328.4049774 621.4588646 325.9108602 621.3096859 331.2573277 615.6187471 330.8990945 621.6080433 316.2926249 614.7236748 315.9343917 620.7129710 313.4402746 620.5637923 311.3043906 614.4253174 310.9461575 620.4146136 308.4520403 620.2654349 308.8102735 614.2761387 305.9579232 620.1162562 301.3279221 613.8286026 303.4638061 619.9670775 300.9696889 619.8178988 298.8338050 613.6794238 298.4755718 619.6687200 290.9358077 619.2171969 288.4451734 619.0202144 291.3801790 613.2336058 290.9932204 619.2211839 293.4873375 619.3703626 295.9814547 619.5195413 323.7749763 615.1712110 323.4167431 621.1605072 320.9226260 621.0113285 336.2455619 615.9171046 335.8873288 621.9064008 333.3932116 621.7572221 268.5096604 617.3073168 266.0202588 617.0934139 269.0233201 611.3293444 266.5339185 611.1154416 259.0657138 610.4737330 261.5551154 610.6876359 258.5520541 616.4517054 343.7279133 616.3646407 343.3696802 622.3539369 340.8755630 622.2047582 346.2220305 616.5138194 348.3579144 622.6522943 345.8637973 622.5031156 251.0838494 615.8099969 251.5975091 609.8320245 356.1984990 617.1105343 355.8402658 623.0998305 353.3461487 622.9506518 358.6926161 617.2597130 358.3343829 623.2490092 361.1867333 617.4088917 363.3226172 623.5473666 360.8285001 623.3981879 373.6573189 618.1547853 375.7932029 624.2932602 373.2990857 624.1440815 378.6455532 618.4531427 378.2873200 624.4424389 380.7814371 624.5916176 388.6600618 619.0862823 388.2006789 625.0687044 385.7494050 624.8887629 410.9467132 641.7413417 409.5219542 647.5709322 407.1122877 646.9312897 401.0728322 643.1887779 399.7934561 641.0935875 405.9528763 639.6676156 403.5347273 645.5194732 401.6618014 643.8866309 407.0165362 640.5949288 404.5773898 646.1107874 406.9532104 646.8843187 399.5627794 640.6300966 398.6488345 638.3110077 405.0496637 638.1884553 412.2112470 648.0710556 409.7532399 647.6226413 493.1677624 671.9055440 490.7994721 671.1092556 492.7116545 665.4221158 500.2726336 674.2944091 497.9043432 673.4981207 502.1848160 668.6072693 509.2896872 670.9961344 511.6579776 671.7924228 507.3775048 676.6832742 514.0262680 672.5887111 509.7457952 677.4795625 514.4823760 679.0721393 512.1140856 678.2758509 516.3945584 673.3849995 518.7628488 674.1812879 516.8506664 679.8684276 519.2189568 680.6647160 521.1311392 674.9775762 521.5872472 681.4610044 523.4994296 675.7738646 525.8677200 676.5701530 530.6043008 678.1627297 523.9555376 682.2572927 532.9725911 678.9590181 528.6921184 683.8498695 535.3408815 679.7553064 531.0604087 684.6461578 537.7091719 680.5515948 533.4286991 685.4424462 538.1652799 687.0350229 535.7969895 686.2387346 540.5335703 687.8313113 542.4457527 682.1441715 544.8140431 682.9404599 547.1130848 683.7134649 542.9018607 688.6275997 545.4096997 689.4670565 545.2701511 689.4238880 547.8113038 690.1463740 553.0142028 691.3631803 552.8071967 691.3222124 554.0755492 685.4568541 556.1862690 685.7979245 560.8456857 685.7979245 560.9425954 691.7979245 561.1362128 691.7916700 563.0516246 685.6552577 565.3291307 685.2282089 566.4349030 691.1254343 563.9791268 691.5859101 569.1554327 690.6027737 568.8906791 690.6649586 567.6511194 684.7928193 569.7525831 684.1975368 571.5473909 689.9252027 573.9223849 682.4028592 575.9274437 681.2103046 578.9948559 686.3669492 581.3132856 684.9793462 581.1425695 685.0889144 577.9871041 679.9846674 583.3691989 683.5594537 585.4251123 682.1395612 581.8006915 677.3508579 583.3319905 675.8421774 587.5976886 680.0623344 589.3920812 678.1093501 587.7043371 679.9517383 588.0118930 670.5371983 594.3165961 671.8539130 592.9515579 673.9466493 592.7667667 674.1999599 590.4790082 666.7548707 596.8600280 666.8503181 595.9738672 669.1862733 592.7108664 660.3843571 598.5176097 661.9046262 597.8189938 664.2920573 598.5949404 661.5705947 599.0184524 659.1081748 593.5155679 655.7055928 599.4643883 656.4914784 599.4419644 656.6457548 593.7961870 653.3456205 599.7679751 653.9283090 599.7591944 654.0121951 594.0175428 650.8992162 600.2182881 648.9514911 599.9931316 651.4399001 594.4678558 645.9223983 600.6686010 643.9746732 600.4434446 646.4630822 594.9181688 640.9455804 601.1189140 638.9978553 600.8937575 641.4862643 595.3684817 635.9687625 601.5692270 634.0210374 601.3440705 636.5094464 595.8187947 630.9919446 602.0195399 629.0442195 601.7943835 631.5326285 596.2691077 626.0151267 602.4698529 624.0674016 602.2446964 626.5558106 596.7194206 621.0383088 602.9201659 619.0905837 602.6950094 621.5789927 597.1697336 616.0614909 603.3699627 614.1194700 603.1453224 616.6021748 607.8569919 569.3942954 607.6067130 571.8803033 601.8871691 568.7932832 602.1374481 566.3072754 608.1072709 566.9082876 608.3575499 564.4222798 602.3877271 563.8212675 602.6380061 561.3352597 602.8882850 558.8492519 608.6078289 561.9362719 609.1083868 556.9642562 608.8581078 559.4502641 603.1385640 556.3632440 603.3888430 553.8772362 609.6089447 551.9922406 609.3586658 554.4782484 603.6391219 551.3912283 603.8894009 548.9052205 610.1095027 547.0202249 609.8592237 549.5062327 604.1396799 546.4192126 604.3899589 543.9332048 604.6402378 541.4471970 610.3597817 544.5342170 610.8331145 536.6596425 610.8346165 536.7176829 604.8358735 536.8438791 604.8729876 539.1353058 610.8750348 539.2131108 604.7509583 534.4562099 604.5609540 532.3296745 610.7343029 534.0022873 610.5130171 531.5256482 610.4167300 530.9942341 604.0047661 530.3151542 609.6665842 528.3244919 609.7517776 528.5857672 606.9799410 522.6907560 607.5528862 523.4834531 602.4031842 526.6021477 605.2243569 520.9498458 601.1015059 525.3113493 605.0112739 520.7578531 599.3967297 523.9170192 602.8413587 519.0020791 603.0802752 519.1784965 595.4257667 521.2782025 596.3925445 514.8829304 598.5426940 516.1507009 593.3932218 520.0797739 596.2952971 514.8280048 589.0462594 517.7302368 591.8991997 512.4519102 594.0972484 513.6399575 580.2540646 512.9780474 583.1070049 507.6997209 585.3050536 508.8877682 580.9089562 506.5116735 575.8579672 510.6019528 576.5128588 504.1355789 578.7109075 505.3236262 569.2638211 507.0378108 567.7206640 499.3833895 572.1167614 501.7594842 562.6696750 503.4736688 563.3245666 497.0072949 565.5226153 498.1953422 558.2735776 501.0975741 556.7304205 493.4431529 561.1265179 495.8192475 551.6794315 497.5334321 552.3343231 491.0670582 554.5323718 492.2551056 547.2833341 495.1573375 545.7401770 487.5029162 550.1362744 489.8790109 540.6891880 491.5931955 541.3440796 485.1268216 543.5421283 486.3148689 529.7082451 485.5402568 530.4626445 479.0847355 532.6421360 480.3064930 520.9902791 480.6532268 521.7446786 474.1977054 523.9241700 475.4194629 507.9133302 473.3226817 508.6677296 466.8671604 510.8472211 468.0889179 503.5543472 470.8791667 504.3087467 464.4236453 506.4882382 465.6454029 475.1918278 455.0916125 475.9013472 448.6310044 478.0892765 449.8375863 477.3797571 456.2981944 480.2772058 451.0441682 481.7556157 458.7113582 484.6530644 453.4573320 488.3034698 462.3299826 491.2206587 457.0868871 491.2317978 457.0931003 489.0360050 455.8744139 486.1279307 461.1225678 489.0289230 455.8704959 483.9435450 459.9179401 486.8409937 454.6639139 514.4518047 476.9879543 515.2062041 470.5324329 517.3856956 471.7541904 468.6280399 451.4718667 469.3375593 445.0112586 471.5254886 446.2178406 462.0642520 447.8521210 462.7737714 441.3915129 464.9617007 442.5980948 446.8200628 439.1535450 447.6885604 432.7236824 449.8256938 433.9606477 427.9787928 426.3760623 425.9486637 424.9200617 429.4809532 420.0698209 425.8784771 424.8681613 423.8913276 423.3535289 421.9041781 421.8388964 423.5542206 415.5523843 425.5413700 417.0670167 408.3864476 402.8256570 408.4113557 402.8473302 404.4603852 407.3628705 406.4925453 401.1959497 402.5800413 405.7448302 404.5950469 399.5661781 393.1040451 397.6058543 395.1180053 391.4263043 397.0134137 393.0542790 383.6270035 389.4659805 385.6409638 383.2864304 387.5363721 384.9144052 379.8361869 386.2100309 379.9547388 378.4025061 383.7455554 381.6584556 370.3591453 378.0701571 374.2685138 373.5185818 376.1639222 375.1465566 364.6729203 373.1862328 366.6868806 367.0066827 368.5822889 368.6346575 357.0912870 366.6743337 359.1052473 360.4947836 361.0006556 362.1227584 331.3312428 335.4543418 333.1816003 337.1333450 329.1496937 341.5767366 325.4489787 338.2187302 323.5986212 336.5397270 329.4808853 333.7753386 323.9298128 328.7383291 327.6305278 332.0963354 319.8979062 333.1817207 318.0475487 331.5027175 304.9941463 319.9355901 305.1990932 312.1298554 308.9536456 315.4275568 306.8714225 321.5844408 310.8309218 317.0764075 312.7081980 318.7252582 316.1988668 329.8252348 314.3639949 328.1653228 320.2257443 325.3772844 318.3728768 323.7010927 318.3400267 323.6718102 310.6259749 324.8821422 314.5854742 320.3741088 295.6077652 311.6913367 295.8127122 303.8856019 299.5672646 307.1833033 327.2993362 339.8977334 284.3441080 301.7982326 288.3036074 297.2901992 290.1808836 298.9390499 286.4263311 295.6413485 278.7122794 296.8516805 280.7945025 290.6947964 282.6717787 292.3436471 271.2031746 290.2562777 275.1626739 285.7482444 277.0399501 287.3970951 267.4486221 286.9585764 267.6535691 279.1528416 271.4081215 282.4505430 258.0622411 278.7143229 258.2671881 270.9085882 262.0217405 274.2062895 250.5531363 272.1189201 252.6353594 265.9620361 254.5126356 267.6108868 244.9213077 267.1723681 247.0035308 261.0154840 248.8808070 262.6643347 239.2894790 262.2258160 241.3718273 256.0690419 243.2489784 257.7177826 229.9053192 253.9755999 233.8682259 249.4705616 235.7442549 251.1208312 224.2772322 249.0247910 228.2401389 244.5197527 230.1161679 246.1700223 222.4012032 247.3745214 224.4880809 241.2192135 226.3641099 242.8694831 214.8970873 240.7734430 218.8599940 236.2684046 220.7360230 237.9186743 213.0210583 239.1231734 215.1079360 232.9678654 216.9839650 234.6181350 205.5169424 232.5220949 209.4798491 228.0170566 211.3558781 229.6673262 201.7648844 229.2215557 201.9757331 221.4159781 205.7277911 224.7165173 196.1367974 224.2707468 198.2236752 218.1154389 200.0997042 219.7657085 186.7267513 215.7744851 190.9761098 211.5385529 192.6669558 213.2274093 179.9825190 178.9026871 180.0383000 176.5227093 186.0374763 176.6281544 185.9707742 179.2866068 185.7771835 181.7776702 185.9789689 179.1244589 186.0383000 176.5578609 180.0383000 171.6106014 179.9627187 169.3387687 186.0366411 171.4609605 185.9230035 168.6286985 185.9537196 168.9684936 185.5569237 166.1570877 179.1931417 164.8907309 184.9698732 163.2614272 185.0479283 163.5690910 184.2281847 160.8754740 177.7822999 160.3521650 182.5552788 155.9890231 183.4311783 158.3279440 171.4874748 147.7210328 176.4903931 144.4080003 177.8443779 146.5079050 180.5211698 150.8820710 180.7200166 151.2946187 175.2156501 153.6935123 179.2721924 148.7284664 174.1173789 151.7997694 179.1983628 148.6078096 170.1494799 145.8530400 174.9559359 142.2595742 176.4079744 144.2867849 174.8053430 142.0664909 165.4662425 140.3289859 169.7801367 136.1567559 169.9580894 136.3489736 168.0104474 134.4052150 163.8743921 138.7534602 165.9251359 132.6333083 167.8347446 134.2446025 158.2758413 134.0295015 162.0263382 129.3458695 162.1059185 129.4107198 160.0630106 127.8010843 156.3631115 132.5245276 158.0654527 126.2571608 160.0424354 127.7850397 145.2507240 117.1470128 144.6627823 114.7185979 151.0804258 115.7276340 144.0748406 112.2901830 149.9229789 110.9469532 143.2382382 107.0173667 148.8920954 103.8116260 149.1942142 106.2918676 142.6340004 102.0568833 148.2878576 98.8511426 148.5899765 101.3313843 142.0297626 97.0964000 147.6836198 93.8906593 147.9857387 96.3709010 141.1234059 89.6556750 146.7772631 86.4499343 147.0793820 88.9301760 140.5191681 84.6951917 146.1730253 81.4894510 146.4751442 83.9696926 139.6128114 77.2544667 145.2666686 74.0487260 145.5687875 76.5289676 138.4107335 67.3267292 144.0709426 64.1322171 144.3681379 66.6130535 137.8163429 62.3650562 143.4765520 59.1705442 143.7737473 61.6513806 137.2219524 57.4033833 142.8821615 54.2088713 143.1793567 56.6897077 136.6275618 52.4417104 142.2877709 49.2471984 142.5849662 51.7280348 136.0331712 47.4800375 141.6933803 44.2855255 141.9905756 46.7663619 135.4387807 42.5183646 141.0989898 39.3238525 141.3961851 41.8046890 134.8443901 37.5566917 140.5045992 34.3621796 140.8017945 36.8430161 137.0665009 2.1127696 137.3234411 4.5980979 131.3552503 5.2151061 113.6263796 -166.2725404 113.3694394 -168.7578686 119.3376302 -169.3748768 118.8237499 -174.3455332 119.0806900 -171.8602050 113.1124993 -171.2431968 118.3098695 -179.3161896 112.8555591 -173.7285250 112.3416788 -178.6991814 112.0847386 -181.1845096 117.7959892 -184.2868460 118.0529294 -181.8015178 111.8277985 -183.6698379 111.3139182 -188.6404943 111.0569780 -191.1258225 117.2821089 -189.2575025 116.7682286 -194.2281589 117.0251688 -191.7428307 110.8000379 -193.6111507 110.5430977 -196.0964789 110.2861575 -198.5818071 116.2543483 -199.1988153 110.0292174 -201.0671353 115.9974081 -201.6841435 109.7722772 -203.5524635 115.7404680 -204.1694717 115.4835278 -206.6547999 109.5153371 -206.0377917 109.2583969 -208.5231199 115.2265877 -209.1401281 109.0014568 -211.0084482 114.9696475 -211.6254563 108.7445166 -213.4937764 108.4875765 -215.9791046 114.4557672 -216.5961128 107.9736961 -220.9497610 107.7167560 -223.4350892 113.9418869 -221.5667692 107.4598158 -225.9204174 113.4280066 -226.5374256 113.1710664 -229.0227538 107.2028757 -228.4057456 106.9459355 -230.8910738 112.9141263 -231.5080820 106.6889954 -233.3764020 112.6571861 -233.9934102 106.4320552 -235.8617302 112.4002460 -236.4787384 112.1433058 -238.9640667 106.1751150 -238.3470585 111.6294255 -243.9347231 111.8863656 -241.4493949 105.9181749 -240.8323867 105.4042946 -245.8030431 105.1473544 -248.2883713 111.3724853 -246.4200513 104.8904143 -250.7736995 110.8586050 -251.3907077 104.6334741 -253.2590277 104.3765340 -255.7443559 110.3447247 -256.3613641 109.8308444 -261.3320205 110.0877846 -258.8466923 103.8626536 -260.7150123 103.6057135 -263.2003406 103.3487733 -265.6856688 109.5739042 -263.8173487 109.0600239 -268.7880052 109.3169641 -266.3026770 108.8030838 -271.2733334 102.8348930 -270.6563252 108.2892035 -276.2439898 108.5461436 -273.7586616 102.5779529 -273.1416534 107.7753232 -281.2146462 108.0322633 -278.7293180 102.0640726 -278.1123098 107.5183830 -283.6999744 101.5501922 -283.0829662 101.2932521 -285.5682944 107.2614428 -286.1853026 101.0363119 -288.0536226 100.7793718 -290.5389509 107.0045027 -288.6706308 100.5224316 -293.0242791 100.2654915 -295.5096073 106.4906224 -293.6412873 105.7198019 -301.0972719 105.9767421 -298.6119437 100.0085513 -297.9949355 99.7516111 -300.4802637 99.4946710 -302.9655919 99.2377308 -305.4509201 105.2059216 -306.0679283 104.9489814 -308.5532565 98.9807907 -307.9362483 98.7238505 -310.4215765 104.6920413 -311.0385847 104.1781610 -316.0092411 104.4351011 -313.5239129 98.4669104 -312.9069047 98.2099702 -315.3922329 97.9530301 -317.8775612 97.6960899 -320.3628894 103.6642807 -320.9798976 97.4391497 -322.8482176 103.4073405 -323.4652258 97.1822096 -325.3335458 96.9252694 -327.8188740 103.1504003 -325.9505540 96.6683293 -330.3042022 102.6365200 -330.9212104 102.3795799 -333.4065386 102.1226397 -335.8918668 96.4113891 -332.7895304 96.1544490 -335.2748586 95.8975088 -337.7601868 101.6087594 -340.8625232 101.8656996 -338.3771950 95.6405687 -340.2455150 95.3836285 -342.7308432 101.3518193 -343.3478514 100.8370079 -348.3273846 100.8379389 -348.3185079 94.8702071 -347.6970606 100.5681807 -350.8516543 100.5726799 -350.8118881 94.6084682 -350.1572283 100.2707279 -353.3324599 94.3133976 -352.6181658 99.0380404 -363.5159026 99.0809165 -363.2556822 93.1392997 -362.4103347 98.5247462 -365.9567883 92.6652593 -364.6645557 97.8887983 -368.4943543 98.4983218 -366.0712663 91.5120593 -369.1050546 97.0192529 -371.5049703 97.2290293 -370.9503272 95.9087115 -373.7431777 93.5503692 -378.2705191 94.7435889 -376.0861558 88.4246809 -375.1380285 93.2238016 -378.7510077 85.4657763 -378.6946196 90.0278428 -382.5925368 91.6258222 -380.6717722 83.8999102 -380.3874920 88.0769410 -384.6961218 88.2305569 -384.5416918 86.2517096 -386.4024058 80.4510397 -383.6116051 82.1739594 -389.8107389 84.1706185 -388.3225089 78.6601432 -384.9464678 82.0271237 -389.9135071 75.5581730 -393.9900921 77.7090435 -392.7419372 72.7697804 -388.6711265 75.0931706 -394.2090310 72.7497642 -395.0758186 67.5999075 -396.9395545 68.0629513 -396.8093939 66.2077620 -391.0983095 65.1512832 -397.4200668 64.0197025 -391.5276892 62.6443197 -397.8704441 65.1035929 -397.4290255 57.1255809 -392.6287691 54.4772082 -398.4515229 56.9691615 -398.6333011 57.5282811 -398.6218237 50.1947425 -392.0591101 47.9218848 -391.5619034 46.6396565 -397.4232933 45.5428631 -391.0414724 43.3500231 -390.4638665 44.0757660 -396.8596880 41.3572210 -396.1255774 41.6651032 -396.2247063 36.6900206 -394.3398732 36.5643964 -387.8676373 31.9401916 -392.3972874 34.2297848 -393.3952291 34.3604715 -386.9070350 29.6209878 -391.3405142 31.8944791 -392.3769077 27.8952838 -383.8756582 25.0233503 -389.1482436 27.2541241 -390.2595959 24.6468311 -388.9249863 23.9902786 -381.1565910 20.5458973 -386.0694933 22.5963642 -387.4972398 22.0167168 -379.7443558 18.3995095 -384.5316836 18.4828911 -384.5935591 16.4191108 -383.0082350 12.2085059 -379.7463271 12.4583134 -379.9613379 16.2474943 -375.3063031 10.4128263 -378.0202511 14.6325071 -373.7539155 8.5932221 -376.0668240 10.2929019 -377.8982069 8.0187089 -366.6276336 1.7994873 -368.2587783 3.2586430 -370.2850182 6.6775488 -364.7652469 1.7813104 -368.2332572 2.4720660 -358.7629380 -3.9120495 -359.6946566 -2.6676186 -361.8612821 -2.5321903 -362.0755672 -2.2746370 -350.3770866 -7.6248257 -353.0969423 -6.4392277 -355.2926200 -7.7529024 -352.8287681 -3.1810395 -348.2091422 -9.6804848 -348.2183533 -8.7166936 -350.5235607 -11.6628264 -343.4670984 -11.6080672 -343.6079385 -6.0432593 -341.3632503 -12.5091884 -341.1166436 -10.6442760 -345.9131459 -15.8192358 -331.6128552 -15.0291207 -333.9817586 -10.0977593 -329.8035647 -16.5137553 -329.0179092 -15.8730484 -331.4329391 -10.7143768 -327.4793354 -12.6121854 -320.3258860 -18.4786652 -321.5881871 -18.4358760 -321.7728197 -18.9647930 -319.1415780 -13.0645063 -318.0494220 -18.9913884 -318.9865753 -14.1219176 -310.7422644 -20.0738298 -311.5011335 -20.0649050 -311.5681231 -20.3758317 -309.0212457 -17.1544622 -326.6028794 -15.7536042 -296.0146988 -21.7443616 -296.3624372 -21.7293684 -296.5627305 -21.8472741 -293.8681047 -15.8508074 -293.6587444 -21.8494453 -293.7921165 -15.9693406 -286.2019755 -22.0082952 -283.7990810 -21.9685827 -286.2973399 -16.1742833 -273.7081152 -22.2153739 -271.3105959 -22.1734382 -273.8088184 -16.8150421 -246.2055192 -16.8785696 -243.7077524 -22.8766299 -243.8603052 -23.1449440 -231.3520878 -23.0966332 -233.8501952 -17.1460657 -231.2360756 -17.3393092 -221.2436459 -17.3876200 -218.7455385 -23.3381875 -221.3596582 -23.2898766 -223.8577656 -23.2415658 -226.3558730 -17.2909983 -223.7417533 -23.1932549 -228.8539804 -17.2426874 -226.2398607 -23.4348092 -216.3634434 -23.3864984 -218.8615508 -17.4352743 -216.2813808 -17.4272148 -213.8389637 -23.4271103 -213.7973875 -23.4266504 -213.7538360 -23.3821334 -211.2556581 -17.2495348 -203.8680262 -23.2485824 -203.7611244 -23.2930994 -206.2593023 -17.1159838 -196.3734925 -23.0705144 -193.7684129 -23.1150314 -196.2665908 -17.0271848 -191.3903219 -23.0254116 -191.2438672 -23.0259974 -191.2702350 -16.9634892 -188.9971588 -22.9589517 -188.7468411 -22.9486501 -188.5657917 -16.1023130 -179.1310866 -21.8623198 -176.1202403 -22.0795859 -178.6093506 -15.4505148 -171.6637558 -21.2105216 -168.6529094 -21.4277877 -171.1420197 -13.9185268 -154.2744460 -19.8912354 -153.7025948 -20.1226581 -156.1903518 -14.1476608 -156.7375993 -20.1241913 -156.2073580 -19.8880660 -153.6704063 -13.6619600 -151.8053381 -19.1133511 -146.2148253 -19.6298277 -151.1852126 -12.8872452 -144.3497571 -18.5968746 -141.2444380 -18.8551128 -143.7296316 -12.3707686 -139.3793698 -18.0803980 -136.2740506 -18.3386363 -138.7592443 -11.8542921 -134.4089824 -17.5639214 -131.3036633 -17.8221597 -133.7888570 -22.9402780 -241.3576371 -22.9401573 -241.3625385 -16.9420347 -241.2124363 -22.7495750 -248.8558388 -22.6860476 -251.3536055 -16.6879872 -251.2010527 -16.4974049 -258.6943530 -16.5609324 -256.1965862 -22.5589927 -256.3491391 -16.4338775 -261.1921197 -22.4954652 -258.8469058 -16.3703500 -263.6898865 -22.4319378 -261.3446726 -22.3684103 -263.8424394 -22.3051181 -266.3309575 -16.2582887 -268.7042438 -16.3064092 -266.2061518 -22.2572474 -268.8160866 -16.2581549 -268.7116701 -16.2162191 -271.2098926 -22.0479896 -281.3019568 -16.0487656 -281.2054578 -16.0904051 -278.7049603 -16.0090531 -283.7037167 -21.8891578 -291.2938576 -15.8899157 -291.1984933 -21.1897369 -301.5306572 -15.2248236 -300.8827300 -15.4946394 -298.3987666 -20.6501053 -306.4985840 -14.6851921 -305.8506567 -14.9550078 -303.3666933 -15.0119445 -334.0317821 -9.3457350 -332.0582651 -6.8609327 -339.0924673 -4.1448306 -345.9039348 1.2908185 -356.7063184 14.4387121 -381.4847865 20.0774734 -378.2525665 26.0249108 -382.5733117 32.1097514 -385.8810219 49.0805097 -397.9572504 49.4195999 -398.0113137 77.8493160 -392.6552987 74.6262345 -387.5938221 82.1542918 -382.0193512 99.9732750 -355.8132655 114.1402599 -161.3018840 113.8833197 -163.7872122 120.1084506 -161.9188922 120.3653908 -159.4335640 120.6223310 -156.9482357 114.6541402 -156.3312276 115.1680205 -151.3605711 114.9110804 -153.8458993 121.1362113 -151.9775793 121.3931514 -149.4922511 115.4249607 -148.8752429 115.6819008 -146.3899147 121.6500916 -147.0069229 116.1957811 -141.4192583 115.9388410 -143.9045865 121.9070317 -144.5215947 117.2235418 -131.4779455 116.4527213 -138.9339301 122.4209120 -139.5509383 123.1917325 -132.0949537 117.4804819 -128.9926173 123.4486727 -129.6096254 117.9943622 -124.0219608 117.7374221 -126.5072890 123.7056128 -127.1242972 124.2194931 -122.1536408 124.4764333 -119.6683126 118.2513024 -121.5366326 119.0221228 -114.0806480 118.7651827 -116.5659762 124.7333734 -117.1829844 124.9903136 -114.6976562 125.5041939 -109.7269998 119.7929433 -106.6246634 119.5360032 -109.1099916 120.0498835 -104.1393352 126.0180742 -104.7563433 126.2750144 -102.2710151 120.3068236 -101.6540069 126.5319545 -99.7856869 126.7888947 -97.3003587 120.8207039 -96.6833505 127.0458349 -94.8150305 127.3027750 -92.3297023 121.3345843 -91.7126941 127.5597152 -89.8443741 127.8166553 -87.3590459 121.5915244 -89.2273659 122.1054047 -84.2567095 121.8484646 -86.7420377 128.0735955 -84.8737177 128.3305356 -82.3883895 122.3623449 -81.7713813 122.8762252 -76.8007249 122.6192850 -79.2860531 128.8444159 -77.4177330 129.1013561 -74.9324048 129.3582963 -72.4470766 123.1331653 -74.3153966 123.9039858 -66.8594120 123.3901055 -71.8300684 129.8721766 -67.4764202 130.6429970 -60.0204356 130.8999372 -57.5351074 124.6748063 -59.4034274 125.4456267 -51.9474428 125.1886866 -54.4327710 131.1568773 -55.0497792 131.4138175 -52.5644510 131.6707577 -50.0791227 125.9595071 -46.9767863 125.7025669 -49.4621146 126.2164472 -44.4914581 132.1846380 -45.1084663 126.7303275 -39.5208017 126.4733874 -42.0061299 132.6985183 -40.1378099 132.9554584 -37.6524817 133.2123986 -35.1671535 126.9872677 -37.0354735 127.5011480 -32.0648171 127.2442078 -34.5501453 133.4693388 -32.6818253 133.7262789 -30.1964971 128.0150283 -27.0941607 127.7580882 -29.5794889 128.2719685 -24.6088325 134.2401592 -25.2258407 134.4970994 -22.7405124 134.7540395 -20.2551842 128.7858488 -19.6381760 129.2997291 -14.6675196 129.0427889 -17.1528478 135.0109797 -17.7698560 129.8136094 -9.6968632 129.5566692 -12.1821914 135.5248600 -12.7991996 135.7818002 -10.3138714 130.0705496 -7.2115350 136.0387403 -7.8285432 136.2956805 -5.3432150 130.3274897 -4.7262068 130.5844299 -2.2408786 136.5526206 -2.8578868 136.8095608 -0.3725586 130.8413700 0.2444496 131.0983102 2.7297778 131.6121905 7.7004343 137.5803812 7.0834261 137.8373214 9.5687543 131.8691306 10.1857625 132.1260708 12.6710907 138.0942616 12.0540825 138.3512017 14.5394107 138.6081419 17.0247389 132.3830110 15.1564189 136.3303665 49.9608740 135.7359759 44.9992011 139.3789623 24.4807235 139.6344887 26.9523763 133.4107716 25.0977317 133.9503640 30.0931861 133.6706646 27.6103974 139.9114658 29.4110006 133.9528043 30.1141823 140.2074039 31.8813432 134.2499995 32.5950188 134.5471948 35.0758552 135.1415854 40.0375282 136.9247571 54.9225469 132.6399511 17.6417471 138.1135382 64.8458927 144.6651364 69.0922476 138.7083241 69.8108502 138.7079288 69.8075656 144.9647097 71.5697978 139.0085736 72.2939833 145.8709064 79.0092093 139.9149303 79.7347083 140.2170492 82.2149500 147.3815009 91.4104176 141.4255248 92.1359167 141.7276437 94.6161583 142.9361193 104.5371250 149.4837670 108.6689476 143.5403571 109.4976083 144.0448540 112.1522065 143.5725980 109.7028149 148.6757576 125.2832374 148.2773693 124.6730294 153.5007580 121.6979723 151.6012690 117.8314380 152.5609227 119.7848759 147.1756732 122.4304550 150.2827048 127.1904911 156.2969893 124.8904326 154.3964512 131.0046262 152.4194685 129.4767473 152.0337190 129.1205598 164.0155272 131.0220140 162.0558235 137.2189839 160.1462148 135.6076897 173.1895918 140.1606518 168.6129684 144.0406670 177.9384342 196.4078560 177.9487202 196.1596421 183.9384342 196.5321761 177.9384342 198.9064305 178.0628561 201.5436426 177.9419589 199.0518118 184.0512282 201.1585121 178.3558186 204.2149780 178.0779420 201.7319035 184.2632254 203.0528952 178.6234277 205.1601620 181.4476463 210.2443890 181.1136634 209.7943885 186.0987178 206.4435028 183.1105381 212.0950204 187.5281001 208.0342615 183.2036014 212.1939884 186.7083993 215.7559948 184.9560003 213.9749916 188.6326815 217.6696684 188.4940636 217.5397179 192.3847395 220.9702076 194.2607684 222.6204772 198.0128264 225.9210164 203.6409134 230.8718253 211.1450293 237.4729037 207.3929713 234.1723645 222.6120520 239.5689439 218.6491452 244.0739822 216.7731163 242.4237126 248.6758601 270.4700695 246.7985839 268.8212188 233.6573771 257.2761391 231.7813481 255.6258695 237.4122028 260.5769653 239.4955863 254.4207313 235.5348595 258.9276864 245.1262546 259.3666333 241.1667553 263.8746667 226.1532612 250.6750607 256.3899118 269.2597375 254.3076887 275.4166215 252.4304125 273.7677708 263.8990167 275.8551402 259.9395173 280.3631736 263.6940697 283.6608750 261.8167935 282.0120243 273.2853977 284.0993937 269.3258983 288.6074270 273.0804508 291.9051284 276.8350032 295.2028298 284.5490549 293.9924978 282.4668318 300.1493819 280.5895556 298.5005312 288.0986604 305.0959339 286.2213842 303.4470832 291.8532128 308.3936353 289.9759366 306.7447846 301.4445408 308.8321540 297.4850414 313.3401874 301.2395939 316.6378888 299.3623176 314.9890381 316.4627504 322.0229595 312.5032511 326.5309929 338.7326728 342.1703545 340.5830303 343.8493577 334.7007662 346.6137461 343.9525537 355.0087620 342.1021962 353.3297588 347.9844603 350.5653704 349.8348178 352.2443735 351.6851754 353.9233767 345.8029112 356.6877652 353.2864832 363.4062954 355.3624708 357.2601323 357.2168512 358.8728317 349.5036262 360.0457715 347.6532687 358.3667683 353.5355329 355.6023799 351.4012656 361.7667777 351.3539838 361.7247747 355.1958787 365.0463589 340.2518387 351.6507556 338.4014812 349.9717524 342.4333878 345.5283608 366.5683286 374.8142075 381.7315952 387.8380057 393.2225970 389.7983295 389.3132285 394.3499048 385.5224118 391.0939552 391.2086368 395.9778795 413.9383886 415.6973481 413.8272963 415.6042675 417.7362396 411.0517499 415.8907355 417.2544572 419.6061415 412.5431044 415.9427298 417.2949989 419.9170287 420.3242639 431.4654601 421.4931014 433.4976802 422.9251231 430.0415876 427.8297560 432.0840194 429.2689735 434.1264512 430.7081909 437.5825438 425.8035580 442.2961784 436.4650608 440.2537466 435.0258433 445.6668412 431.5002290 442.4710200 436.5793676 444.6072001 437.8720875 444.6575894 437.9019129 458.4736106 438.9660319 455.4699567 444.1600736 453.3074833 442.9084415 460.6110453 440.1988299 457.6382582 445.4106784 455.4739127 444.1623593 457.6883934 445.4389572 459.8763227 446.6455391 466.4401106 450.2652848 493.4112892 458.3148578 492.6568898 464.7703792 490.4773983 463.5486216 501.3748558 469.6574092 512.2723132 475.7661967 519.5651871 472.9759479 516.6312962 478.2097118 549.4813828 496.3453848 528.2831530 477.8629780 527.5287536 484.3184993 525.3492621 483.0967418 542.8872367 492.7812428 539.1598974 483.9462691 536.2654371 489.2019658 534.0800499 487.9909182 536.2930905 489.2171008 538.4911392 490.4051481 553.8774802 498.7214795 513.0267126 469.3106754 510.0928217 474.5444392 505.7338387 472.1009242 564.8677237 504.6617161 571.4618698 508.2258581 573.6599185 509.4139054 578.0560159 511.7900001 584.6501620 515.3541421 582.4521133 514.1660948 589.7011510 511.2638629 586.8482107 516.5421894 601.1363322 576.2513067 601.3866112 573.7652989 607.1061550 576.8523190 606.8558761 579.3383268 606.6055971 581.8243347 600.8860533 578.7373146 600.1352163 586.1953381 600.3854953 583.7093303 606.1050391 586.7963503 595.5936382 633.4803536 599.8849374 588.6813460 599.6346584 591.1673538 605.6044812 591.7683660 599.1341005 596.1393695 599.3843794 593.6533616 605.3542022 594.2543739 598.8838215 598.6253773 604.8536443 599.2263895 604.6033653 601.7123974 604.3530863 604.1984052 598.6335425 601.1113852 604.1028074 606.6844131 598.1329846 606.0834008 597.8827056 608.5694087 603.8525284 609.1704209 597.6324266 611.0554165 603.6031934 611.6470527 597.6305977 611.0741743 597.3959441 613.5616756 597.3948901 613.5730820 596.9445771 618.5498999 596.4942642 623.5267178 598.3832635 603.5973930 600.6357743 581.2233224 594.6930123 643.4339894 594.2426993 648.4108073 593.1052728 658.0911660 571.8577417 683.3408916 574.2849749 688.8283443 549.3792834 684.3544816 495.5360528 672.7018323 497.4482352 667.0146926 488.4311817 670.3129672 486.0628913 669.5166789 487.9750737 663.8295391 483.2384929 662.2369624 485.6067833 663.0332507 483.6946009 668.7203905 478.5019121 660.6443856 480.8702025 661.4406740 478.9580201 667.1278138 469.0287505 657.4592322 473.7653313 659.0518089 471.8531489 664.7389487 467.1165681 663.1463719 464.7482777 662.3500836 462.3799873 661.5537952 464.2921697 655.8666554 459.5463925 654.2710031 459.5555889 654.2740787 457.6480023 659.9627637 457.1755711 653.4823842 455.2931099 659.1794433 454.7758314 652.7052035 457.1528849 653.4749382 452.3987780 651.9354689 450.5503609 657.6436520 445.2676176 649.6262649 447.6446711 650.3959996 445.7962540 656.1041827 448.1733074 656.8739173 450.0217245 651.1657342 438.6650936 653.7949787 436.3956034 653.0600751 440.5135107 648.0867956 437.9190142 647.2555938 438.1364572 647.3170610 435.4928739 646.6674690 434.1129130 652.5067242 428.1020853 645.0542633 435.4255550 646.6519685 421.9871793 649.8613459 420.6702223 643.5152134 423.1268750 643.9703919 419.5811948 649.4155555 420.6620769 643.5137159 414.6692542 648.5194700 413.2880555 642.1684728 415.7460626 642.6168872 401.2225055 625.9347599 401.6096080 626.7775894 395.9632450 628.8605925 399.8803278 623.9116493 395.0766824 627.5242462 399.4245214 623.3742870 393.8020551 626.3377133 396.9862190 621.2377338 397.6079742 621.6832884 392.3830314 625.5736054 391.4158987 619.3343253 393.8502662 619.7342115 390.5560069 625.2734855 391.1894660 619.3059259 386.1684190 618.9033774 386.1279046 618.9006789 381.1396703 618.6023214 370.8049686 623.9949028 371.1632018 618.0056066 365.8167343 623.6965454 363.6808504 617.5580704 366.1749675 617.7072491 353.7043819 616.9613556 348.7161476 616.6629981 351.2102647 616.8121769 338.3814459 622.0555795 338.7396791 616.0662833 341.2337962 616.2154620 333.7514448 615.7679259 326.2690934 615.3203897 318.4285088 620.8621498 318.7867420 614.8728536 313.7985078 614.5744961 303.8220392 613.9777813 306.3161564 614.1269600 248.5944479 615.5960940 246.1050463 615.3821912 246.6187060 609.4042188 243.6156448 615.1682884 244.1293045 609.1903160 241.6399029 608.9764131 241.1262432 614.9543855 224.2140920 607.4790933 223.7004323 613.4570656 216.7458873 606.8373847 219.2352889 607.0512876 218.7216292 613.0292600 216.2322276 612.8153571 213.7424359 612.6014207 214.2566808 606.6234987 211.2397117 612.3860140 206.2629284 611.9353190 211.7741800 606.4098623 203.7745367 611.7099715 206.8040710 605.9597717 196.8505043 605.0583817 199.3388960 605.2837292 196.3093617 611.0339290 191.3325784 610.5832339 182.2687170 602.9482611 184.7302421 603.3769438 179.8071919 602.5195784 167.9067770 599.9812812 159.0612675 603.7152915 160.6938788 597.9416808 163.0981782 598.6215476 149.3468392 600.7288703 146.5867492 593.4245290 151.3091012 595.0588149 141.8643973 591.7902431 144.2255733 592.6073860 109.3738271 574.7936739 111.3786685 576.0189656 108.2809016 581.1575620 106.1508708 579.8557586 105.9672423 579.7340513 107.4328347 573.4019969 87.8793623 565.9371014 89.9363861 559.7717524 91.8203905 561.4129111 84.1113535 562.6547839 88.0523817 558.1305937 63.6352878 540.0693471 68.3429897 536.3494605 60.5713995 535.7391102 59.2346354 533.6282014 65.6404712 532.5290461 55.2243432 527.2954747 60.3098807 524.1114120 57.0071725 517.7512424 44.5160248 483.2074324 39.2495577 487.0160207 43.0979757 476.0168906 43.5372151 478.4765539 37.1914160 477.0716665 36.3129373 472.1523399 36.2812374 471.9247787 33.5825368 436.9773717 39.7534463 439.0176536 33.3946368 434.4858725 39.5655463 436.5261544 33.2067368 431.9943733 39.3776463 434.0346552 38.8139463 426.5601577 39.0018463 429.0516569 32.8309368 427.0113750 38.6260463 424.0686585 32.6430368 424.5198758 38.4381463 421.5771593 32.4551368 422.0283766 37.8744463 414.1026618 30.4357989 394.2848388 37.0903684 382.2106525 36.9523891 384.5889104 30.9624616 384.2413930 37.4119349 379.8512715 31.4673028 379.0380371 38.5014480 347.0097482 39.1375859 344.5935108 44.3037261 348.5373503 40.4098618 339.7610361 41.0459997 337.3447987 46.2121399 341.2886382 41.6821376 334.9285613 46.8482779 338.8724008 42.3182756 332.5123239 42.9544135 330.0960866 48.1205537 334.0399260 49.3928296 329.2074513 48.7566917 331.6236886 50.6651055 324.3749765 50.0289675 326.7912139 44.2266894 325.2636118 44.8628273 322.8473744 45.4689150 320.5452768 45.8274989 318.5610638 51.3522838 321.7284515 51.7935019 319.2869851 45.7387230 316.8313220 51.7097921 316.1137533 51.8373791 318.5997044 51.5583080 315.3144169 45.2318668 315.3185913 44.2928404 314.0016437 48.9282423 310.1678048 43.2651096 313.1934791 46.3759382 308.0068197 48.3399985 309.5512748 42.6202511 306.9955555 45.0281689 307.4081258 41.8468744 312.9504800 42.1369790 306.9525573 39.7237505 312.9339459 39.3975896 306.9415259 39.6460641 306.9331590 36.7540949 307.1443468 36.9060593 307.1290125 14.8463697 139.1626383 15.0581047 141.6522252 8.8679523 139.6710923 14.4228996 134.1834645 8.4444822 134.6919185 14.2111646 131.6938777 8.2327472 132.2023316 13.9994296 129.2042908 8.0210122 129.7127448 13.5759596 124.2251170 13.7876946 126.7147039 7.8092772 127.2231579 7.5975422 124.7335710 7.3858071 122.2439841 13.3642245 121.7355301 12.9407545 116.7563564 13.1524895 119.2459433 7.1740721 119.7543972 6.9623371 117.2648103 6.7506021 114.7752235 12.7290195 114.2667695 6.5388671 112.2856366 12.5172845 111.7771826 6.3271321 109.7960497 12.3055495 109.2875957 6.1153970 107.3064628 5.9036620 104.8168759 11.8820794 104.3084220 11.2468744 96.8396613 11.4586094 99.3292482 5.4801920 99.8377022 5.0567220 94.8585284 4.8449869 92.3689415 10.8234043 91.8604876 4.6332519 89.8793547 10.6116693 89.3709007 10.1881993 84.3917269 10.3999343 86.8813138 4.4215169 87.3897678 9.9764643 81.9021401 4.2097819 84.9001809 9.7647293 79.4125532 3.9980469 82.4105940 9.5529942 76.9229663 3.7863119 79.9210071 8.9177892 69.4542057 3.5745768 77.4314203 8.7060542 66.9646188 2.9393718 69.9626596 8.4943191 64.4750319 2.7276368 67.4730727 7.8591141 57.0062713 8.0708491 59.4958581 2.0924317 60.0043121 7.4356441 52.0270975 7.6473791 54.5166844 1.6689617 55.0251383 7.2239090 49.5375106 1.4572267 52.5355515 7.0121740 47.0479237 1.2454916 50.0459646 1.0337566 47.5563777 0.8220216 45.0667908 6.8004390 44.5583369 0.3985516 40.0876171 6.3769690 39.5791631 0.1868166 37.5980302 6.1652340 37.0895762 5.7417639 32.1104025 5.9534989 34.5999893 -0.0249185 35.1084433 5.5300289 29.6208156 -0.2366535 32.6188564 -0.6601235 27.6396827 -0.8718585 25.1500958 5.3182939 27.1312287 4.8948239 22.1520549 5.1065589 24.6416418 -1.0835935 22.6605089 -1.9305336 12.7021614 -2.1422686 10.2125745 3.8361488 9.7041205 -6.0381263 -24.4300734 -0.0833143 -25.1650653 0.2227578 -22.6853084 -5.4259823 -19.4705595 0.5288298 -20.2055515 0.8349018 -17.7257945 -2.3540036 7.7229876 -2.5657387 5.2334007 3.6244138 7.2145337 -2.9843825 0.3109735 3.4126787 4.7249468 2.9774060 -0.3674960 2.9892087 -0.2542270 2.6713340 -2.8472529 -6.3441984 -26.9098303 -0.3893863 -27.6448223 -6.6502704 -29.3895873 -0.6954583 -30.1245792 -6.9563424 -31.8693442 -1.0015304 -32.6043362 -7.2624145 -34.3491011 -1.6136744 -37.5638500 -1.3076024 -35.0840931 -7.8745585 -39.3086150 -2.5307446 -44.9938366 -1.9197465 -40.0436070 -5.9148116 -77.2495282 -5.6565733 -74.7643345 -11.6244410 -74.1442091 -7.7224796 -94.6458838 -7.4642413 -92.1606902 -13.6903472 -94.0257584 -13.9485855 -96.5109520 -7.9807179 -97.1310775 -14.2068238 -98.9961457 -14.7233004 -103.9665330 -8.2389561 -99.6162712 -9.0136710 -107.0718522 -8.7554327 -104.5866585 -9.2719093 -109.5570458 -14.9815386 -106.4517267 -15.2397769 -108.9369204 -15.4980152 -111.4221140 -15.7562535 -113.9073077 -9.7883858 -114.5274331 -16.0144918 -116.3925013 -10.0466241 -117.0126268 -16.2727300 -118.8776950 -16.5309683 -121.3628887 -10.3048624 -119.4978205 -16.7892066 -123.8480823 -17.3056832 -128.8184697 -10.8213389 -124.4682078 -11.5960538 -131.9237888 -11.3378155 -129.4385951 -12.1125303 -136.8941761 -13.1454835 -146.8349508 -20.3414574 -158.6964683 -14.5814505 -161.7073146 -14.3641845 -159.2182043 -15.2332487 -169.1746455 -15.8850469 -176.6419763 -22.7313841 -186.0766814 -16.7541112 -186.5984175 -17.0714668 -193.8753146 -23.1595484 -198.7647686 -17.2050178 -201.3698483 -17.1605008 -198.8716704 -17.2940518 -206.3662041 -17.1943766 -228.7379682 -17.0012624 -238.7237130 -17.0494440 -236.2322904 -23.0483223 -236.3483026 -7.2060030 -89.6754965 -13.1738707 -89.0553711 -12.9156324 -86.5701774 -12.1409176 -79.1145964 -12.3991558 -81.5997901 -6.4312882 -82.2199155 -4.6236202 -64.8235599 -4.3653819 -62.3383662 -10.3332496 -61.7182408 1.4470459 -12.7662807 -4.5077662 -12.0312887 -4.8138382 -14.5110456 -5.1199103 -16.9908026 -5.7320543 -21.9503164 -3.8489054 -57.3679789 -3.5906671 -54.8827852 -9.5585348 -54.2626598 -3.3324288 -52.3975916 -9.3002965 -51.7774661 -3.0741905 -49.9123979 -9.0420582 -49.2922724 -8.7838199 -46.8070788 -2.8179726 -47.4466471 -8.4889365 -44.2867043 -8.7795261 -46.7682210 -8.4867026 -44.2681289 -7.5684865 -36.8288581 -5.3983351 -72.2791409 -5.1400968 -69.7939472 -11.1079644 -69.1738217 -11.3662027 -71.6590154 2.0591899 -7.8067668 -3.5895501 -4.5920179 -3.8956221 -7.0717748 -3.2834781 -2.1122610 15.2698397 144.1418121 15.9050448 151.6105727 18.0223949 176.5064415 15.2216044 214.3768753 17.5117931 239.2602830 18.6579356 251.7004687 19.3456212 259.1645802 21.1794493 279.0688773 35.3207583 359.0909351 37.7508659 377.3767998 36.6035842 396.6717420 30.6187045 397.0974354 31.5155476 409.5696956 39.1897463 431.5431560 34.3341368 446.9433684 35.6494368 464.3838626 38.6759346 484.5834215 38.1030869 482.1514191 48.3186540 513.4057567 72.9915023 542.2250652 85.9953579 564.2959426 89.7633667 567.5782601 115.6730774 578.5021379 133.1268729 587.8327831 130.4538823 593.2044794 134.9277434 595.4307014 170.2881159 600.6546555 168.6784651 606.4347587 174.8841418 601.6622130 239.1505013 608.7625103 274.0021232 611.7571501 276.4915247 611.9710529 273.4884635 617.7351224 283.9597294 612.6127614 286.4491310 612.8266643 283.4460697 618.5907338 288.9283851 613.0396952 285.9354713 618.8046367 288.4248728 619.0185395 296.3396879 613.5302451 263.5308572 616.8795111 261.0414557 616.6656082 408.7318557 641.1534109 495.0799449 666.2184042 540.0774623 681.3478832 555.4668851 691.7595084 555.9454464 691.7979245 563.6198580 691.6310429 585.8257480 681.8081021 584.9678269 674.0564532 591.1956233 676.1328044 595.6816343 669.7611767 592.0930297 662.4957354 597.7453980 664.5117141 610.8603396 539.5622014 610.6100606 542.0482092 610.7443112 534.1626466 608.6668400 525.7199641 598.6793760 516.2363244 587.5031023 510.0758155 574.3148101 502.9475315 502.1292552 463.2018878 495.5907807 459.5366153 497.7702722 460.7583728 470.8159692 452.6784486 473.7134179 447.4244225 448.9825363 440.4051772 451.9881672 435.2122798 454.1506407 436.4639120 400.6856784 404.1177534 402.6996386 397.9382033 412.1630779 406.1482510 374.1499619 381.3261066 378.0593305 376.7745313 360.8821037 369.9302832 364.7914722 365.3787079 322.0794553 327.0593259 320.2290978 325.3803227 293.9354360 302.2367513 292.0581598 300.5879006 265.7762929 277.5039909 250.7580832 264.3131854 237.6202838 252.7711008 220.5251742 245.7242518 196.3476462 216.4651693 186.0383000 171.5607119 185.5321309 166.0137639 183.4864961 158.4895208 139.3106925 74.7742250 114.7127074 -214.1107846 113.6849467 -224.0520974 105.6612347 -243.3177149 111.1155452 -248.9053795 110.6016649 -253.8760359 104.1195938 -258.2296841 103.0918332 -268.1709970 102.3210127 -275.6269816 101.8071324 -280.5976380 105.4628617 -303.5826001 103.9212208 -318.4945693 102.8934602 -328.4358822 101.0948791 -345.8331796 99.6758222 -358.2940711 94.0159448 -355.0989713 93.7184919 -357.5797769 99.3783693 -360.7748766 97.8765914 -368.5412758 89.4496666 -373.2616423 89.9239352 -382.7109648 84.4264782 -388.1086897 70.6682870 -389.4484344 70.4063577 -395.9426062 59.9959035 -398.3396239 52.4637053 -392.2887037 51.9852549 -398.2697448 44.1988034 -396.8893361 34.3564205 -393.4470212 29.8833300 -384.8660857 27.3474964 -390.3041206 20.5143709 -386.0472389 12.9910487 -371.9852654 6.8935424 -374.2354411 3.4941829 -370.5726754 0.3424637 -366.1905642 -1.1097587 -364.1287242 -1.1784338 -352.4072087 -6.4009113 -355.3614055 -12.5153025 -341.0995010 -11.3550837 -325.0643056 -11.9957906 -322.6492757 -17.7951691 -324.1878495 -19.3492272 -316.5137579 -19.7070661 -314.0409405 -21.4595526 -299.0466939 -15.9296281 -288.7002344 -21.9288702 -288.7955988 -17.0977548 -233.7341830 -23.4353537 -216.2955378 -17.3830858 -211.3625599 -23.2040654 -201.2629465 -15.6677808 -174.1528661 -21.6450538 -173.6311300 -12.6290069 -141.8645634 -16.7515147 -248.7032859 -16.3068226 -266.1876533 -20.9199211 -304.0146206 -14.1797305 -336.3876884 -5.1564804 -357.5280311 0.0463876 -354.5396929 114.3972000 -158.8165558 122.1639719 -142.0362665 120.5637638 -99.1686787 121.0776441 -94.1980223 128.5874758 -79.9030613 130.1291167 -64.9910920 124.9317464 -56.9180992 131.9276978 -47.5937945 132.4415781 -42.6231381 133.9832191 -27.7111689 128.5289086 -22.1235043 135.2679198 -15.2845278 139.1220222 21.9953953 133.1538314 22.6124035 133.6677117 27.5830599 137.5191476 59.8842198 140.8212870 87.1754333 142.3318815 99.5766417 154.8349762 123.2815294 150.3566909 127.2750388 146.0739772 120.1878805 145.8545184 119.5860415 183.9384342 198.8336971 179.8184773 207.6577164 243.0440315 265.5235174 303.3218170 310.4810047 308.7486987 323.2332915 346.1341028 348.8863672 353.3004704 363.4183841 336.5511237 348.2927493 372.2545536 379.6981318 398.9088220 394.6822538 394.9994534 399.2338291 414.0389390 407.7987115 408.1997130 410.6528862 417.9298792 418.8096314 411.9514352 413.9538071 435.5401120 424.3643406 438.2113148 433.5866259 464.2521813 449.0587029 473.0038985 453.8850305 497.0158728 467.2138942 494.8363813 465.9921367 499.1953643 468.4356517 536.9947168 482.7464191 534.0672280 487.9837719 560.4716263 502.2856215 605.1039233 596.7403817 596.0439512 628.5035357 490.3433641 664.6258275 476.1336217 659.8480973 466.6604601 656.6629438 461.9238793 655.0703671 452.9274143 658.4133866 443.4192005 655.3344480 424.3820353 650.3838133 425.6609287 644.5216949 423.2197721 643.9891265 394.7863082 620.0531381 388.7002819 619.0895068 383.6337874 618.7515002 368.6690846 617.8564279 350.8520316 622.8014731 321.2808592 615.0220323 249.1081076 609.6181217 112.6696362 583.6963020 63.6307847 540.0636412 66.8950012 534.5100975 55.9252034 515.4990840 50.5169395 518.0972912 36.7521766 474.6120032 33.0188368 429.5028742 30.4414334 394.6051574 36.6629564 389.5776705 47.4844158 336.4561634 51.3012434 321.9587391 9.0796873 142.1606792 12.0938144 106.7980089 5.2684570 97.3481153 2.3041667 62.4938990 1.8806967 57.5147252 -1.2953286 20.1709220 2.3652620 -5.3270099 -1.7187986 15.1917483 4.2596188 14.6832943 -1.5070636 17.6813351 4.4713538 17.1728812 -6.1730499 -79.7347219 -9.5301475 -112.0422395 -10.5631007 -121.9830141 -20.7759895 -163.6746889 -14.7987166 -164.1964249 -22.2968520 -181.0984609 -16.3195790 -181.6201969 -17.3385688 -208.8643820 -12.6573941 -84.0849837 -6.9477647 -87.1903029 -11.8826793 -76.6294027 -4.1071437 -59.8531726 -10.0750113 -59.2330471 -9.8167730 -56.7478534 33.3788107 366.4807963 69.9642984 548.0585159 82.8902383 553.1338544 76.8049547 555.4168782 121.3835058 588.6874240 119.2012104 587.4726176 132.6908129 594.3175904 135.3638035 588.9458941 161.4655669 604.3951583 181.2392915 608.8592917 231.6822967 608.1208018 368.3108515 623.8457241 404.2860603 636.2508504 579.9595128 678.6224465 589.2911634 668.5759523 603.2284878 528.2591290 600.7603674 517.6192017 499.9497637 461.9801303 518.8107876 479.4314693 389.4317804 386.5423800 358.9866953 368.3023084 362.8960639 363.7507332 179.7952203 181.3127875 179.6088596 183.7108172 181.6299178 153.6216242 171.5738406 138.2548127 116.5112885 -196.7134871 106.7475625 -291.1559590 95.1266883 -345.2161715 93.4210391 -360.0605825 92.0759831 -367.0071535 79.9382199 -391.2844029 59.2191668 -392.3893444 5.1938626 -372.4040582 3.8156022 -360.7022164 -1.0963830 -364.1478712 -13.3475165 -338.7435947 -13.4110796 -315.6544547 -23.3376164 -208.7574802 -20.5587234 -161.1855786 -22.0895700 -278.8050635 -16.1323476 -276.2063377 -14.4174797 -308.3152564 120.8792711 -154.4629075 118.5082425 -119.0513044 125.7611341 -107.2416716 124.1609260 -64.3740838 132.8968913 20.1270753 138.8650820 19.5100671 178.1548955 193.6762788 185.0308010 204.6817575 376.0453702 382.9540814 415.9148001 409.4491719 421.5670711 414.0377518 443.7098392 430.1212104 534.8216275 481.5282505 531.8877366 486.7620143 595.1433253 638.4571715 474.2214393 665.5352370 460.0116969 660.7575068 402.2889310 629.1820425 211.2530630 612.3871930 142.2633113 598.2774414 50.3769324 312.1995356 11.0351394 94.3500745 -0.4483885 30.1292695 4.6830888 19.6624681 1.1409739 -15.2460376 -6.6895265 -84.7051092 -10.5914879 -64.2034344 39.8507606 365.4510120 144.6244873 599.0945844 275.9778650 617.9490253 398.5529202 638.0267073 499.8165256 667.8109809 586.5956899 672.2794329 467.1496300 443.8046767 398.7902701 402.4897786 336.8823153 340.4913513 185.5835928 184.2687337 176.0419184 155.8066329 166.9972172 142.1348279 106.2336822 -296.1266155 94.7981701 -375.9813851 68.3248806 -390.3152221 9.5916892 -368.3224996 -20.3802896 -308.9825473 -22.9997231 -238.8597790 123.9625530 -124.6389690 184.1263213 194.2690927 410.0755741 412.3033467 451.1450098 441.6568093 456.3131142 437.7155441 606.3553181 584.3103425 605.8547602 589.2823582 476.5897297 666.3315254 396.5149512 630.8133479 376.1514360 618.3039640 43.5905515 327.6798492 2.5159018 64.9834859 8.2825841 61.9854450 40.8808463 453.9666486 264.0445169 610.9015387 397.8735972 635.6222541 185.5633647 184.4541721 176.9439441 158.1134974 145.2544010 117.1620309 178.1770917 193.4842221 441.6674074 428.6819929 26.0080026 266.0782293 34.7099368 451.9263667 370.4776972 370.2626323 332.8504087 344.9347429 -22.8131025 -246.3580720 -23.0000114 -238.8464100 178.5437746 191.0127007 344.2837453 347.2073640 24.1636325 307.2204923 11.6703444 101.8188351 4.0478838 12.1937074 20.0333067 266.6286916 601.6368902 571.2792911 -22.1315024 -276.3070410 481.3263105 667.9241021 45.5760020 343.7048755 505.0092144 675.8869858 -16.6244598 -253.6988194 362.7775120 371.5582580 506.9213968 670.1998460 607.3564340 574.3663111 -22.6225201 -253.8513723 293.8455707 613.3810664 -13.4321090 -91.5405647 383.2755543 624.7407964 119.5945703 -166.8895486 591.2443081 518.9182841 207.6038201 226.3667870 119.8515105 -164.4042204 5.6919270 102.3272891 -13.7689184 -313.1816373 -8.5223296 -334.3892353 -7.6901156 -336.7451416 -5.1086218 -343.5987274 50.7788576 312.9881189 5.2477238 -362.7353619 39.7737238 342.1772735 11.2913690 -370.1538825 44.9398641 346.1211129 43.6675882 350.9535877 18.0970747 -376.7291179 31.1296230 381.5156389 31.1071779 381.7470130 30.6730289 389.2301531 38.8340881 -388.7360375 51.9014891 -398.2624530 54.9137246 -392.4674229 42.6587364 473.5572273 60.1850466 -398.3118626 61.5843108 -391.9648212 76.6461928 -386.2681735 87.0133572 -376.8344337 64.3037071 530.4181372 90.5339491 -371.0763577 61.9081636 537.8500191 62.0854729 538.1006495 69.8909906 538.3060953 93.7043948 563.0540699 108.3436342 581.1948615 110.5066352 582.4455818 150.4943033 113.3067328 113.5100764 577.2514176 172.8017315 149.7593226 182.5398190 155.9486297 178.4986300 162.6565422 179.6323320 167.1081431 185.2154118 186.9278081 198.7977534 611.2592765 179.2754804 186.0808471 185.2121760 186.9501989 184.8454931 189.4217203 178.9104575 188.5411793 184.4788102 191.8932418 179.6701663 207.3814326 189.2328467 209.7668346 403.6475770 633.9909487 426.8231919 650.9163817 427.5285195 418.5816492 427.9991558 426.3905386 597.4395682 522.6164303 547.9422790 690.1802516 550.3747378 690.7512320 551.7458726 684.9100001 608.7881114 525.9977978 571.8604961 689.8175185 574.1747954 688.8757683 576.5547683 687.7971057 576.8474096 687.6441919 591.2497722 664.7231062 591.0798254 676.2669619</float_array><technique_common><accessor source="#uv-array" count="2361" stride="2"><param name="S" type="float" /><param name="T" type="float" /></accessor></technique_common></source><source id="normals"><float_array id="normals-array" count="3">0.0000000 0.0000000 1.0000000</float_array><technique_common><accessor source="#normals-array" count="1" stride="3"><param name="X" type="float" /><param name="Y" type="float" /><param name="Z" type="float" /></accessor></technique_common></source><vertices id="road-vertices"><input semantic="POSITION" source="#positions" /></vertices><triangles count="2361" material="asphalt"><input semantic="VERTEX" source="#road-vertices" offset="0" /><input semantic="TEXCOORD" source="#uv" offset="1" set="0" /><input semantic="NORMAL" source="#normals" offset="2" /><p>0 0 0 1 1 0 2 2 0 3 3 0 4 4 0 5 5 0 6 6 0 3 3 0 7 7 0 8 8 0 6 6 0 9 9 0 10 10 0 8 8 0 11 11 0 12 12 0 10 10 0 13 13 0 14 14 0 12 12 0 15 15 0 16 16 0 17 17 0 18 18 0 19 19 0 16 16 0 20 20 0 21 21 0 19 19 0 22 22 0 23 23 0 24 24 0 25 25 0 26 26 0 27 27 0 28 28 0 29 29 0 30 30 0 31 31 0 32 32 0 33 33 0 29 29 0 34 34 0 35 35 0 36 36 0 37 37 0 34 34 0 38 38 0 39 39 0 37 37 0 40 40 0 40 40 0 41 41 0 42 42 0 41 41 0 43 43 0 44 44 0 45 45 0 44 44 0 46 46 0 47 47 0 48 48 0 49 49 0 48 48 0 50 50 0 51 51 0 52 52 0 53 53 0 54 54 0 55 55 0 56 56 0 57 57 0 58 58 0 59 59 0 60 60 0 61 61 0 62 62 0 63 63 0 62 62 0 64 64 0 65 65 0 59 59 0 61 61 0 66 66 0 63 63 0 66 66 0 61 61 0 67 67 0 68 68 0 69 69 0 68 68 0 70 70 0 71 71 0 72 72 0 73 73 0 74 74 0 75 75 0 76 76 0 77 77 0 76 76 0 78 78 0 79 79 0 80 80 0 81 81 0 82 82 0 83 83 0 84 84 0 85 85 0 86 86 0 87 87 0 88 88 0 87 87 0 89 89 0 90 90 0 89 89 0 91 91 0 92 92 0 91 91 0 93 93 0 94 94 0 95 95 0 96 96 0 97 97 0 98 98 0 99 99 0 96 96 0 100 100 0 101 101 0 102 102 0 100 100 0 103 103 0 101 101 0 104 104 0 105 105 0 106 106 0 107 107 0 108 108 0 109 109 0 110 110 0 111 111 0 112 112 0 113 113 0 114 114 0 115 115 0 116 116 0 117 117 0 118 118 0 119 119 0 120 120 0 116 116 0 121 121 0 122 122 0 123 123 0 124 124 0 121 121 0 125 125 0 126 126 0 127 127 0 128 128 0 128 128 0 129 129 0 130 130 0 129 129 0 131 131 0 132 132 0 133 133 0 132 132 0 131 131 0 134 134 0 135 135 0 136 136 0 136 136 0 137 137 0 134 134 0 138 138 0 139 139 0 140 140 0 141 141 0 138 138 0 142 142 0 143 143 0 140 140 0 139 139 0 144 144 0 141 141 0 142 142 0 145 145 0 146 146 0 147 147 0 148 148 0 149 149 0 150 150 0 151 151 0 148 148 0 152 152 0 153 153 0 154 154 0 155 155 0 156 156 0 157 157 0 158 158 0 159 159 0 160 160 0 161 161 0 162 162 0 163 163 0 164 164 0 165 165 0 166 166 0 167 167 0 168 168 0 169 169 0 170 170 0 171 171 0 172 172 0 169 169 0 169 169 0 173 173 0 171 171 0 174 174 0 175 175 0 176 176 0 177 177 0 178 178 0 179 179 0 180 180 0 181 181 0 182 182 0 183 183 0 184 184 0 185 185 0 186 186 0 187 187 0 183 183 0 188 188 0 183 183 0 187 187 0 189 189 0 190 190 0 187 187 0 191 191 0 189 189 0 192 192 0 193 193 0 194 194 0 195 195 0 194 194 0 196 196 0 197 197 0 198 198 0 199 199 0 196 196 0 200 200 0 201 201 0 202 202 0 203 203 0 204 204 0 205 205 0 203 203 0 206 206 0 204 204 0 207 207 0 208 208 0 209 209 0 210 210 0 211 211 0 212 212 0 213 213 0 210 210 0 212 212 0 214 214 0 213 213 0 207 207 0 215 215 0 216 216 0 208 208 0 208 208 0 217 217 0 215 215 0 218 218 0 215 215 0 217 217 0 219 219 0 220 220 0 218 218 0 221 221 0 222 222 0 223 223 0 224 224 0 223 223 0 222 222 0 222 222 0 225 225 0 224 224 0 226 226 0 227 227 0 221 221 0 228 228 0 229 229 0 230 230 0 231 231 0 232 232 0 229 229 0 231 231 0 233 233 0 232 232 0 234 234 0 235 235 0 236 236 0 237 237 0 238 238 0 239 239 0 240 240 0 241 241 0 242 242 0 243 243 0 244 244 0 245 245 0 246 246 0 247 247 0 248 248 0 247 247 0 249 249 0 248 248 0 250 250 0 248 248 0 249 249 0 248 248 0 243 243 0 246 246 0 251 251 0 252 252 0 253 253 0 252 252 0 254 254 0 255 255 0 252 252 0 255 255 0 256 256 0 257 257 0 258 258 0 259 259 0 260 260 0 261 261 0 258 258 0 260 260 0 262 262 0 261 261 0 263 263 0 264 264 0 265 265 0 266 266 0 267 267 0 268 268 0 266 266 0 269 269 0 267 267 0 266 266 0 270 270 0 269 269 0 271 271 0 272 272 0 273 273 0 274 274 0 275 275 0 276 276 0 277 277 0 278 278 0 279 279 0 280 280 0 281 281 0 278 278 0 282 282 0 283 283 0 284 284 0 285 285 0 286 286 0 287 287 0 288 288 0 285 285 0 289 289 0 290 290 0 288 288 0 289 289 0 291 291 0 290 290 0 292 292 0 293 293 0 294 294 0 295 295 0 296 296 0 297 297 0 294 294 0 298 298 0 299 299 0 300 300 0 301 301 0 302 302 0 303 303 0 304 304 0 303 303 0 305 305 0 306 306 0 307 307 0 308 308 0 309 309 0 308 308 0 310 310 0 311 311 0 312 312 0 313 313 0 313 313 0 314 314 0 311 311 0 313 313 0 315 315 0 314 314 0 309 309 0 310 310 0 316 316 0 317 317 0 318 318 0 319 319 0 317 317 0 295 295 0 318 318 0 320 320 0 321 321 0 322 322 0 323 323 0 324 324 0 325 325 0 326 326 0 325 325 0 324 324 0 327 327 0 328 328 0 329 329 0 330 330 0 331 331 0 332 332 0 333 333 0 334 334 0 335 335 0 329 329 0 336 336 0 337 337 0 338 338 0 339 339 0 340 340 0 341 341 0 342 342 0 339 339 0 343 343 0 344 344 0 345 345 0 346 346 0 347 347 0 348 348 0 349 349 0 350 350 0 347 347 0 349 349 0 351 351 0 350 350 0 352 352 0 353 353 0 354 354 0 355 355 0 356 356 0 357 357 0 358 358 0 359 359 0 360 360 0 361 361 0 362 362 0 363 363 0 363 363 0 364 364 0 361 361 0 363 363 0 365 365 0 364 364 0 366 366 0 367 367 0 368 368 0 355 355 0 369 369 0 370 370 0 371 371 0 372 372 0 373 373 0 374 374 0 375 375 0 376 376 0 377 377 0 378 378 0 379 379 0 378 378 0 380 380 0 381 381 0 382 382 0 383 383 0 384 384 0 384 384 0 385 385 0 386 386 0 387 387 0 386 386 0 388 388 0 389 389 0 387 387 0 390 390 0 391 391 0 392 392 0 393 393 0 392 392 0 394 394 0 395 395 0 394 394 0 396 396 0 397 397 0 396 396 0 398 398 0 399 399 0 400 400 0 401 401 0 398 398 0 402 402 0 400 400 0 403 403 0 404 404 0 405 405 0 406 406 0 407 407 0 408 408 0 405 405 0 409 409 0 407 407 0 405 405 0 410 410 0 411 411 0 412 412 0 413 413 0 414 414 0 415 415 0 416 416 0 415 415 0 414 414 0 417 417 0 418 418 0 419 419 0 419 419 0 420 420 0 417 417 0 421 421 0 422 422 0 423 423 0 424 424 0 425 425 0 421 421 0 426 426 0 427 427 0 428 428 0 429 429 0 430 430 0 431 431 0 432 432 0 429 429 0 431 431 0 433 433 0 432 432 0 434 434 0 434 434 0 435 435 0 436 436 0 437 437 0 438 438 0 435 435 0 439 439 0 440 440 0 441 441 0 439 439 0 441 441 0 442 442 0 443 443 0 444 444 0 445 445 0 446 446 0 447 447 0 448 448 0 446 446 0 449 449 0 447 447 0 446 446 0 450 450 0 449 449 0 451 451 0 452 452 0 453 453 0 454 454 0 455 455 0 456 456 0 457 457 0 458 458 0 459 459 0 460 460 0 461 461 0 462 462 0 463 463 0 464 464 0 465 465 0 466 466 0 467 467 0 468 468 0 469 469 0 470 470 0 471 471 0 472 472 0 473 473 0 474 474 0 475 475 0 476 476 0 477 477 0 478 478 0 479 479 0 480 480 0 481 481 0 482 482 0 483 483 0 483 483 0 484 484 0 485 485 0 486 486 0 485 485 0 487 487 0 488 488 0 489 489 0 490 490 0 491 491 0 492 492 0 489 489 0 493 493 0 494 494 0 491 491 0 495 495 0 496 496 0 494 494 0 497 497 0 498 498 0 495 495 0 499 499 0 500 500 0 498 498 0 501 501 0 502 502 0 499 499 0 502 502 0 503 503 0 504 504 0 505 505 0 506 506 0 507 507 0 508 508 0 506 506 0 509 509 0 510 510 0 511 511 0 512 512 0 513 513 0 512 512 0 511 511 0 511 511 0 514 514 0 513 513 0 515 515 0 516 516 0 517 517 0 518 518 0 519 519 0 520 520 0 520 520 0 521 521 0 518 518 0 522 522 0 523 523 0 521 521 0 524 524 0 525 525 0 526 526 0 527 527 0 528 528 0 529 529 0 530 530 0 531 531 0 528 528 0 532 532 0 533 533 0 534 534 0 535 535 0 536 536 0 537 537 0 535 535 0 538 538 0 536 536 0 539 539 0 540 540 0 541 541 0 542 542 0 543 543 0 544 544 0 545 545 0 546 546 0 547 547 0 548 548 0 549 549 0 550 550 0 551 551 0 552 552 0 553 553 0 554 554 0 555 555 0 556 556 0 557 557 0 558 558 0 559 559 0 560 560 0 561 561 0 562 562 0 563 563 0 564 564 0 565 565 0 566 566 0 567 567 0 568 568 0 569 569 0 570 570 0 571 571 0 572 572 0 573 573 0 574 574 0 575 575 0 574 574 0 576 576 0 577 577 0 576 576 0 578 578 0 579 579 0 580 580 0 581 581 0 579 579 0 582 582 0 580 580 0 583 583 0 584 584 0 582 582 0 585 585 0 578 578 0 586 586 0 587 587 0 588 588 0 589 589 0 590 590 0 591 591 0 592 592 0 593 593 0 594 594 0 595 595 0 596 596 0 597 597 0 598 598 0 599 599 0 600 600 0 601 601 0 602 602 0 603 603 0 601 601 0 604 604 0 605 605 0 606 606 0 607 607 0 608 608 0 609 609 0 609 609 0 610 610 0 607 607 0 611 611 0 612 612 0 610 610 0 613 613 0 614 614 0 615 615 0 616 616 0 617 617 0 618 618 0 619 619 0 620 620 0 621 621 0 622 622 0 623 623 0 624 624 0 625 625 0 626 626 0 627 627 0 628 628 0 629 629 0 630 630 0 631 631 0 632 632 0 633 633 0 634 634 0 635 635 0 636 636 0 637 637 0 638 638 0 639 639 0 639 639 0 640 640 0 637 637 0 641 641 0 642 642 0 643 643 0 644 644 0 645 645 0 646 646 0 647 647 0 648 648 0 649 649 0 650 650 0 649 649 0 648 648 0 648 648 0 651 651 0 650 650 0 652 652 0 646 646 0 653 653 0 654 654 0 655 655 0 656 656 0 657 657 0 634 634 0 631 631 0 658 658 0 659 659 0 660 660 0 658 658 0 661 661 0 659 659 0 662 662 0 663 663 0 664 664 0 665 665 0 666 666 0 667 667 0 668 668 0 669 669 0 670 670 0 671 671 0 672 672 0 673 673 0 674 674 0 675 675 0 676 676 0 677 677 0 678 678 0 679 679 0 680 680 0 681 681 0 682 682 0 683 683 0 684 684 0 685 685 0 686 686 0 687 687 0 688 688 0 689 689 0 690 690 0 691 691 0 692 692 0 693 693 0 694 694 0 695 695 0 696 696 0 697 697 0 698 698 0 699 699 0 700 700 0 701 701 0 702 702 0 703 703 0 704 704 0 705 705 0 706 706 0 707 707 0 708 708 0 709 709 0 710 710 0 711 711 0 712 712 0 713 713 0 714 714 0 710 710 0 715 715 0 713 713 0 710 710 0 716 716 0 712 712 0 711 711 0 711 711 0 717 717 0 716 716 0 717 717 0 718 718 0 719 719 0 718 718 0 720 720 0 721 721 0 718 718 0 722 722 0 720 720 0 723 723 0 724 724 0 725 725 0 723 723 0 726 726 0 724 724 0 727 727 0 728 728 0 729 729 0 730 730 0 731 731 0 732 732 0 733 733 0 734 734 0 735 735 0 735 735 0 736 736 0 733 733 0 737 737 0 732 732 0 738 738 0 739 739 0 740 740 0 741 741 0 739 739 0 742 742 0 740 740 0 743 743 0 744 744 0 745 745 0 743 743 0 746 746 0 744 744 0 747 747 0 748 748 0 749 749 0 750 750 0 751 751 0 752 752 0 750 750 0 753 753 0 751 751 0 754 754 0 755 755 0 756 756 0 757 757 0 758 758 0 759 759 0 758 758 0 760 760 0 761 761 0 762 762 0 763 763 0 764 764 0 765 765 0 766 766 0 767 767 0 768 768 0 769 769 0 770 770 0 771 771 0 772 772 0 773 773 0 774 774 0 775 775 0 776 776 0 777 777 0 778 778 0 779 779 0 780 780 0 781 781 0 782 782 0 783 783 0 784 784 0 785 785 0 786 786 0 787 787 0 788 788 0 789 789 0 790 790 0 791 791 0 792 792 0 793 793 0 794 794 0 795 795 0 796 796 0 797 797 0 798 798 0 799 799 0 800 800 0 801 801 0 802 802 0 803 803 0 804 804 0 805 805 0 806 806 0 807 807 0 808 808 0 809 809 0 810 810 0 807 807 0 811 811 0 812 812 0 813 813 0 810 810 0 814 814 0 815 815 0 813 813 0 816 816 0 817 817 0 814 814 0 817 817 0 818 818 0 819 819 0 820 820 0 821 821 0 818 818 0 822 822 0 823 823 0 820 820 0 823 823 0 824 824 0 825 825 0 824 824 0 826 826 0 827 827 0 826 826 0 828 828 0 829 829 0 830 830 0 829 829 0 831 831 0 831 831 0 832 832 0 833 833 0 832 832 0 834 834 0 835 835 0 836 836 0 837 837 0 838 838 0 839 839 0 840 840 0 841 841 0 840 840 0 842 842 0 843 843 0 844 844 0 843 843 0 845 845 0 845 845 0 846 846 0 847 847 0 846 846 0 848 848 0 849 849 0 848 848 0 850 850 0 851 851 0 852 852 0 851 851 0 853 853 0 854 854 0 855 855 0 856 856 0 857 857 0 858 858 0 859 859 0 858 858 0 860 860 0 861 861 0 862 862 0 863 863 0 864 864 0 865 865 0 866 866 0 867 867 0 868 868 0 869 869 0 870 870 0 871 871 0 872 872 0 869 869 0 873 873 0 871 871 0 874 874 0 875 875 0 876 876 0 877 877 0 878 878 0 879 879 0 880 880 0 881 881 0 878 878 0 882 882 0 882 882 0 883 883 0 884 884 0 885 885 0 886 886 0 887 887 0 888 888 0 889 889 0 890 890 0 891 891 0 892 892 0 893 893 0 894 894 0 895 895 0 891 891 0 895 895 0 896 896 0 897 897 0 898 898 0 897 897 0 899 899 0 899 899 0 900 900 0 901 901 0 902 902 0 903 903 0 904 904 0 904 904 0 905 905 0 902 902 0 906 906 0 907 907 0 908 908 0 907 907 0 909 909 0 910 910 0 911 911 0 912 912 0 913 913 0 912 912 0 914 914 0 915 915 0 916 916 0 915 915 0 914 914 0 917 917 0 916 916 0 918 918 0 919 919 0 920 920 0 917 917 0 921 921 0 922 922 0 920 920 0 923 923 0 924 924 0 925 925 0 926 926 0 927 927 0 928 928 0 929 929 0 930 930 0 931 931 0 932 932 0 929 929 0 931 931 0 931 931 0 933 933 0 932 932 0 934 934 0 935 935 0 936 936 0 936 936 0 937 937 0 934 934 0 938 938 0 939 939 0 940 940 0 941 941 0 942 942 0 943 943 0 941 941 0 944 944 0 942 942 0 945 945 0 946 946 0 947 947 0 947 947 0 948 948 0 945 945 0 949 949 0 950 950 0 951 951 0 952 952 0 953 953 0 954 954 0 952 952 0 955 955 0 953 953 0 956 956 0 957 957 0 958 958 0 959 959 0 960 960 0 957 957 0 961 961 0 962 962 0 963 963 0 963 963 0 964 964 0 961 961 0 963 963 0 965 965 0 964 964 0 966 966 0 967 967 0 968 968 0 968 968 0 969 969 0 966 966 0 970 970 0 971 971 0 972 972 0 973 973 0 974 974 0 975 975 0 973 973 0 975 975 0 976 976 0 977 977 0 978 978 0 979 979 0 978 978 0 980 980 0 979 979 0 980 980 0 981 981 0 982 982 0 981 981 0 983 983 0 984 984 0 981 981 0 985 985 0 983 983 0 986 986 0 987 987 0 988 988 0 989 989 0 990 990 0 991 991 0 992 992 0 993 993 0 994 994 0 992 992 0 995 995 0 993 993 0 996 996 0 997 997 0 998 998 0 999 999 0 1000 1000 0 1001 1001 0 999 999 0 1002 1002 0 1000 1000 0 1003 1003 0 1004 1004 0 1005 1005 0 1005 1005 0 1006 1006 0 1003 1003 0 1007 1007 0 1008 1008 0 1009 1009 0 1010 1010 0 1011 1011 0 1012 1012 0 1013 1013 0 1014 1014 0 1011 1011 0 1015 1015 0 1016 1016 0 1017 1017 0 1015 1015 0 1017 1017 0 1018 1018 0 1019 1019 0 1020 1020 0 1021 1021 0 1019 1019 0 1022 1022 0 1020 1020 0 1023 1023 0 1024 1024 0 1025 1025 0 1026 1026 0 1027 1027 0 1028 1028 0 1028 1028 0 1029 1029 0 1026 1026 0 1027 1027 0 1030 1030 0 1028 1028 0 1031 1031 0 1032 1032 0 1033 1033 0 1034 1034 0 1035 1035 0 1033 1033 0 1033 1033 0 1036 1036 0 1034 1034 0 1037 1037 0 1038 1038 0 1039 1039 0 1037 1037 0 1040 1040 0 1038 1038 0 1041 1041 0 1042 1042 0 1040 1040 0 1043 1043 0 1044 1044 0 1045 1045 0 1043 1043 0 1046 1046 0 1044 1044 0 1047 1047 0 1034 1034 0 1036 1036 0 1048 1048 0 1049 1049 0 1050 1050 0 1048 1048 0 1051 1051 0 1049 1049 0 1052 1052 0 1053 1053 0 1051 1051 0 1054 1054 0 1055 1055 0 1056 1056 0 1057 1057 0 1058 1058 0 1059 1059 0 1060 1060 0 1061 1061 0 1062 1062 0 1063 1063 0 1064 1064 0 1065 1065 0 1066 1066 0 1067 1067 0 1068 1068 0 1069 1069 0 1070 1070 0 1071 1071 0 1071 1071 0 1066 1066 0 1069 1069 0 1070 1070 0 1072 1072 0 1073 1073 0 1068 1068 0 1069 1069 0 1066 1066 0 1074 1074 0 1075 1075 0 1076 1076 0 1076 1076 0 1077 1077 0 1078 1078 0 1079 1079 0 1078 1078 0 1077 1077 0 1080 1080 0 1079 1079 0 1077 1077 0 1081 1081 0 1082 1082 0 1083 1083 0 1084 1084 0 1085 1085 0 1086 1086 0 1087 1087 0 1088 1088 0 1089 1089 0 1090 1090 0 1091 1091 0 1088 1088 0 1090 1090 0 1092 1092 0 1091 1091 0 1093 1093 0 1094 1094 0 1095 1095 0 1096 1096 0 1097 1097 0 1098 1098 0 1099 1099 0 1100 1100 0 1101 1101 0 1102 1102 0 1101 1101 0 1103 1103 0 1099 1099 0 1104 1104 0 1100 1100 0 1105 1105 0 1106 1106 0 1107 1107 0 1108 1108 0 1109 1109 0 1110 1110 0 1111 1111 0 1112 1112 0 1113 1113 0 1114 1114 0 1115 1115 0 1116 1116 0 1117 1117 0 1118 1118 0 1119 1119 0 1120 1120 0 1121 1121 0 1122 1122 0 1123 1123 0 1124 1124 0 1125 1125 0 1126 1126 0 1123 1123 0 1127 1127 0 1128 1128 0 1126 1126 0 1129 1129 0 1129 1129 0 1130 1130 0 1128 1128 0 1131 1131 0 1132 1132 0 1133 1133 0 1134 1134 0 1135 1135 0 1132 1132 0 1058 1058 0 1057 1057 0 1136 1136 0 1137 1137 0 1138 1138 0 1139 1139 0 1137 1137 0 1140 1140 0 1138 1138 0 1141 1141 0 1052 1052 0 1142 1142 0 1143 1143 0 1144 1144 0 1145 1145 0 1146 1146 0 1147 1147 0 1148 1148 0 1040 1040 0 1037 1037 0 1041 1041 0 1032 1032 0 1149 1149 0 1150 1150 0 1029 1029 0 1028 1028 0 1151 1151 0 1024 1024 0 1023 1023 0 1152 1152 0 1016 1016 0 1015 1015 0 1153 1153 0 1011 1011 0 1010 1010 0 1013 1013 0 1154 1154 0 1002 1002 0 1155 1155 0 998 998 0 992 992 0 1156 1156 0 990 990 0 989 989 0 1157 1157 0 1158 1158 0 1159 1159 0 977 977 0 962 962 0 1160 1160 0 1161 1161 0 957 957 0 956 956 0 959 959 0 955 955 0 952 952 0 1162 1162 0 1163 1163 0 932 932 0 933 933 0 1164 1164 0 1165 1165 0 1166 1166 0 1167 1167 0 1168 1168 0 1169 1169 0 1170 1170 0 1171 1171 0 1172 1172 0 1172 1172 0 1173 1173 0 1174 1174 0 1175 1175 0 1174 1174 0 1176 1176 0 1177 1177 0 1178 1178 0 1179 1179 0 1180 1180 0 1181 1181 0 1182 1182 0 1182 1182 0 1183 1183 0 1180 1180 0 1184 1184 0 1180 1180 0 1185 1185 0 1186 1186 0 1187 1187 0 1188 1188 0 1189 1189 0 1190 1190 0 1191 1191 0 1192 1192 0 1193 1193 0 1194 1194 0 1195 1195 0 1196 1196 0 1192 1192 0 1197 1197 0 1198 1198 0 1196 1196 0 1199 1199 0 1197 1197 0 1200 1200 0 1200 1200 0 1201 1201 0 1202 1202 0 1203 1203 0 1204 1204 0 1205 1205 0 1206 1206 0 1207 1207 0 1208 1208 0 1209 1209 0 1210 1210 0 1211 1211 0 1212 1212 0 1213 1213 0 1210 1210 0 1214 1214 0 1215 1215 0 1216 1216 0 1217 1217 0 1218 1218 0 1219 1219 0 1220 1220 0 1221 1221 0 1222 1222 0 1223 1223 0 1224 1224 0 1225 1225 0 1226 1226 0 1227 1227 0 1228 1228 0 1229 1229 0 1230 1230 0 1231 1231 0 1232 1232 0 1233 1233 0 1229 1229 0 1234 1234 0 1235 1235 0 1233 1233 0 1236 1236 0 1234 1234 0 1237 1237 0 1238 1238 0 1239 1239 0 1240 1240 0 1241 1241 0 1242 1242 0 1243 1243 0 1244 1244 0 1245 1245 0 1242 1242 0 1246 1246 0 1247 1247 0 1244 1244 0 1248 1248 0 1249 1249 0 1247 1247 0 1250 1250 0 1248 1248 0 1251 1251 0 1252 1252 0 1253 1253 0 1254 1254 0 1255 1255 0 1256 1256 0 1257 1257 0 1258 1258 0 1259 1259 0 1260 1260 0 1260 1260 0 1261 1261 0 1258 1258 0 1262 1262 0 1258 1258 0 1263 1263 0 1263 1263 0 1264 1264 0 1265 1265 0 1266 1266 0 1265 1265 0 1267 1267 0 1267 1267 0 1268 1268 0 1269 1269 0 1270 1270 0 1269 1269 0 801 801 0 1271 1271 0 803 803 0 1272 1272 0 1272 1272 0 1273 1273 0 1274 1274 0 1275 1275 0 1274 1274 0 1276 1276 0 1277 1277 0 1278 1278 0 1279 1279 0 790 790 0 1280 1280 0 792 792 0 793 793 0 792 792 0 1281 1281 0 793 793 0 1281 1281 0 795 795 0 1282 1282 0 1283 1283 0 1284 1284 0 1285 1285 0 1286 1286 0 1283 1283 0 1283 1283 0 1287 1287 0 1285 1285 0 1288 1288 0 1285 1285 0 1287 1287 0 1287 1287 0 1289 1289 0 1290 1290 0 799 799 0 798 798 0 1291 1291 0 796 796 0 795 795 0 1292 1292 0 787 787 0 1293 1293 0 789 789 0 787 787 0 786 786 0 1293 1293 0 1294 1294 0 1279 1279 0 1278 1278 0 781 781 0 1295 1295 0 783 783 0 1296 1296 0 1297 1297 0 1298 1298 0 1299 1299 0 1300 1300 0 1297 1297 0 1301 1301 0 1302 1302 0 777 777 0 775 775 0 774 774 0 1303 1303 0 1304 1304 0 1305 1305 0 771 771 0 769 769 0 768 768 0 1306 1306 0 763 763 0 1307 1307 0 765 765 0 1308 1308 0 1309 1309 0 762 762 0 1308 1308 0 1310 1310 0 1311 1311 0 761 761 0 760 760 0 1310 1310 0 1312 1312 0 1313 1313 0 1314 1314 0 1315 1315 0 1316 1316 0 1317 1317 0 1316 1316 0 1314 1314 0 1317 1317 0 1314 1314 0 1318 1318 0 1312 1312 0 1319 1319 0 1320 1320 0 1321 1321 0 1319 1319 0 1321 1321 0 1322 1322 0 1323 1323 0 1324 1324 0 1325 1325 0 1326 1326 0 739 739 0 1327 1327 0 1328 1328 0 1329 1329 0 1330 1330 0 1331 1331 0 1328 1328 0 1330 1330 0 1332 1332 0 1333 1333 0 1334 1334 0 1335 1335 0 1336 1336 0 1337 1337 0 1337 1337 0 1338 1338 0 1335 1335 0 1339 1339 0 1340 1340 0 1341 1341 0 1341 1341 0 1342 1342 0 1339 1339 0 1343 1343 0 1344 1344 0 1342 1342 0 708 708 0 1345 1345 0 1346 1346 0 709 709 0 1347 1347 0 1348 1348 0 709 709 0 1349 1349 0 1347 1347 0 705 705 0 704 704 0 1350 1350 0 702 702 0 701 701 0 1351 1351 0 699 699 0 698 698 0 1352 1352 0 700 700 0 1353 1353 0 1354 1354 0 693 693 0 692 692 0 695 695 0 1355 1355 0 1356 1356 0 1357 1357 0 675 675 0 1358 1358 0 1359 1359 0 685 685 0 1360 1360 0 1361 1361 0 681 681 0 680 680 0 1362 1362 0 1363 1363 0 1362 1362 0 1364 1364 0 1365 1365 0 1366 1366 0 680 680 0 688 688 0 683 683 0 1367 1367 0 675 675 0 674 674 0 1358 1358 0 1368 1368 0 1369 1369 0 1370 1370 0 1371 1371 0 1372 1372 0 671 671 0 669 669 0 1373 1373 0 1374 1374 0 1375 1375 0 1376 1376 0 668 668 0 667 667 0 1377 1377 0 665 665 0 663 663 0 662 662 0 1378 1378 0 1379 1379 0 1380 1380 0 1381 1381 0 660 660 0 1382 1382 0 1383 1383 0 655 655 0 1384 1384 0 1385 1385 0 1386 1386 0 1387 1387 0 654 654 0 642 642 0 1388 1388 0 1389 1389 0 645 645 0 644 644 0 641 641 0 1390 1390 0 1391 1391 0 652 652 0 1392 1392 0 1393 1393 0 1394 1394 0 1395 1395 0 1396 1396 0 1397 1397 0 1397 1397 0 1398 1398 0 1395 1395 0 1398 1398 0 1399 1399 0 1400 1400 0 1401 1401 0 1402 1402 0 1403 1403 0 1404 1404 0 1405 1405 0 1406 1406 0 1406 1406 0 1402 1402 0 1404 1404 0 1407 1407 0 1408 1408 0 1402 1402 0 1402 1402 0 1401 1401 0 1407 1407 0 629 629 0 628 628 0 1409 1409 0 1410 1410 0 1411 1411 0 1412 1412 0 623 623 0 622 622 0 1413 1413 0 617 617 0 616 616 0 1414 1414 0 1415 1415 0 1416 1416 0 1417 1417 0 613 613 0 1418 1418 0 614 614 0 610 610 0 609 609 0 611 611 0 1419 1419 0 1420 1420 0 1421 1421 0 1421 1421 0 1422 1422 0 1419 1419 0 1423 1423 0 1424 1424 0 1422 1422 0 605 605 0 604 604 0 1425 1425 0 1426 1426 0 1427 1427 0 1428 1428 0 1429 1429 0 1428 1428 0 1427 1427 0 1430 1430 0 1429 1429 0 1431 1431 0 1432 1432 0 1433 1433 0 1434 1434 0 1435 1435 0 1432 1432 0 1434 1434 0 1434 1434 0 1436 1436 0 1435 1435 0 597 597 0 596 596 0 1437 1437 0 1438 1438 0 1439 1439 0 1440 1440 0 1441 1441 0 1442 1442 0 1443 1443 0 1441 1441 0 1444 1444 0 1442 1442 0 1441 1441 0 1445 1445 0 1444 1444 0 591 591 0 590 590 0 1446 1446 0 574 574 0 575 575 0 572 572 0 578 578 0 585 585 0 577 577 0 1447 1447 0 1448 1448 0 1449 1449 0 570 570 0 569 569 0 1450 1450 0 588 588 0 587 587 0 1451 1451 0 1452 1452 0 1453 1453 0 587 587 0 552 552 0 551 551 0 1454 1454 0 1455 1455 0 1456 1456 0 1457 1457 0 561 561 0 560 560 0 1456 1456 0 555 555 0 1458 1458 0 557 557 0 1459 1459 0 1460 1460 0 1461 1461 0 1459 1459 0 1462 1462 0 1460 1460 0 1459 1459 0 1463 1463 0 1462 1462 0 549 549 0 548 548 0 1464 1464 0 1465 1465 0 1466 1466 0 566 566 0 567 567 0 566 566 0 1467 1467 0 543 543 0 1468 1468 0 545 545 0 544 544 0 1469 1469 0 542 542 0 540 540 0 539 539 0 1470 1470 0 538 538 0 535 535 0 1471 1471 0 537 537 0 1472 1472 0 1473 1473 0 1474 1474 0 532 532 0 1475 1475 0 528 528 0 527 527 0 530 530 0 523 523 0 522 522 0 524 524 0 1476 1476 0 1477 1477 0 1478 1478 0 1479 1479 0 1480 1480 0 1481 1481 0 1482 1482 0 1483 1483 0 1484 1484 0 467 467 0 1485 1485 0 469 469 0 1486 1486 0 1482 1482 0 1484 1484 0 1487 1487 0 1486 1486 0 1488 1488 0 1489 1489 0 1490 1490 0 1491 1491 0 1492 1492 0 1489 1489 0 1493 1493 0 1494 1494 0 1495 1495 0 1496 1496 0 1495 1495 0 1497 1497 0 1498 1498 0 1499 1499 0 1498 1498 0 1500 1500 0 1501 1501 0 1499 1499 0 1502 1502 0 1503 1503 0 1501 1501 0 1502 1502 0 1502 1502 0 1504 1504 0 1503 1503 0 479 479 0 478 478 0 1505 1505 0 476 476 0 475 475 0 1506 1506 0 473 473 0 472 472 0 1507 1507 0 1508 1508 0 1496 1496 0 1495 1495 0 1509 1509 0 1481 1481 0 1480 1480 0 461 461 0 1510 1510 0 463 463 0 461 461 0 460 460 0 1510 1510 0 458 458 0 457 457 0 1511 1511 0 450 450 0 446 446 0 1512 1512 0 1513 1513 0 426 426 0 1514 1514 0 405 405 0 1515 1515 0 409 409 0 1516 1516 0 371 371 0 1517 1517 0 1518 1518 0 1519 1519 0 1520 1520 0 1521 1521 0 1522 1522 0 1523 1523 0 1524 1524 0 1525 1525 0 1526 1526 0 1527 1527 0 1528 1528 0 1529 1529 0 1530 1530 0 1531 1531 0 1527 1527 0 1531 1531 0 1532 1532 0 1533 1533 0 1534 1534 0 1535 1535 0 1536 1536 0 1537 1537 0 1534 1534 0 1538 1538 0 1539 1539 0 1540 1540 0 1538 1538 0 1541 1541 0 1539 1539 0 1542 1542 0 1543 1543 0 1544 1544 0 1545 1545 0 1546 1546 0 1545 1545 0 1547 1547 0 1544 1544 0 1547 1547 0 1545 1545 0 1548 1548 0 1549 1549 0 1550 1550 0 1551 1551 0 1552 1552 0 1549 1549 0 1549 1549 0 1553 1553 0 1551 1551 0 1554 1554 0 1555 1555 0 1556 1556 0 1557 1557 0 1558 1558 0 1559 1559 0 1560 1560 0 1561 1561 0 1558 1558 0 1562 1562 0 1563 1563 0 1564 1564 0 1565 1565 0 1566 1566 0 1567 1567 0 1567 1567 0 1568 1568 0 1565 1565 0 1569 1569 0 1570 1570 0 1568 1568 0 1571 1571 0 1572 1572 0 1573 1573 0 1574 1574 0 1575 1575 0 1576 1576 0 1577 1577 0 1578 1578 0 1575 1575 0 354 354 0 1579 1579 0 352 352 0 354 354 0 1580 1580 0 1579 1579 0 351 351 0 349 349 0 1581 1581 0 1582 1582 0 1583 1583 0 346 346 0 1584 1584 0 1585 1585 0 1586 1586 0 340 340 0 1587 1587 0 338 338 0 334 334 0 1588 1588 0 1589 1589 0 334 334 0 333 333 0 1588 1588 0 1590 1590 0 1591 1591 0 1592 1592 0 322 322 0 1593 1593 0 320 320 0 322 322 0 296 296 0 1593 1593 0 295 295 0 1594 1594 0 293 293 0 1595 1595 0 298 298 0 1596 1596 0 300 300 0 301 301 0 1597 1597 0 307 307 0 1598 1598 0 1599 1599 0 307 307 0 306 306 0 1598 1598 0 1600 1600 0 1601 1601 0 1602 1602 0 1601 1601 0 1603 1603 0 1604 1604 0 1605 1605 0 1604 1604 0 1606 1606 0 1607 1607 0 287 287 0 1608 1608 0 1609 1609 0 1610 1610 0 1611 1611 0 1612 1612 0 1613 1613 0 1614 1614 0 1615 1615 0 1616 1616 0 1617 1617 0 1616 1616 0 1618 1618 0 1619 1619 0 1620 1620 0 1621 1621 0 1622 1622 0 1623 1623 0 281 281 0 280 280 0 276 276 0 1624 1624 0 1625 1625 0 272 272 0 271 271 0 1626 1626 0 264 264 0 263 263 0 1627 1627 0 1628 1628 0 1629 1629 0 1630 1630 0 1631 1631 0 1632 1632 0 1633 1633 0 254 254 0 1634 1634 0 1635 1635 0 241 241 0 239 239 0 238 238 0 1636 1636 0 1637 1637 0 1638 1638 0 1639 1639 0 1640 1640 0 1636 1636 0 235 235 0 234 234 0 1641 1641 0 1642 1642 0 1643 1643 0 1644 1644 0 1645 1645 0 222 222 0 1646 1646 0 211 211 0 1647 1647 0 1648 1648 0 1649 1649 0 1650 1650 0 1651 1651 0 1652 1652 0 206 206 0 1653 1653 0 202 202 0 1654 1654 0 200 200 0 1655 1655 0 177 177 0 1656 1656 0 1657 1657 0 1658 1658 0 1659 1659 0 1660 1660 0 1661 1661 0 173 173 0 154 154 0 1662 1662 0 1663 1663 0 1662 1662 0 1664 1664 0 1665 1665 0 1664 1664 0 1666 1666 0 1667 1667 0 1668 1668 0 1669 1669 0 1670 1670 0 1671 1671 0 1668 1668 0 1672 1672 0 1673 1673 0 1671 1671 0 1674 1674 0 149 149 0 147 147 0 1675 1675 0 1676 1676 0 134 134 0 137 137 0 1677 1677 0 1678 1678 0 1679 1679 0 1680 1680 0 1677 1677 0 1681 1681 0 1682 1682 0 1683 1683 0 1684 1684 0 1685 1685 0 1686 1686 0 1687 1687 0 1686 1686 0 1688 1688 0 1689 1689 0 1690 1690 0 1691 1691 0 1692 1692 0 1693 1693 0 1694 1694 0 1691 1691 0 1695 1695 0 1696 1696 0 1697 1697 0 1698 1698 0 1699 1699 0 1695 1695 0 1699 1699 0 1700 1700 0 1701 1701 0 1702 1702 0 1701 1701 0 1700 1700 0 1703 1703 0 1704 1704 0 1705 1705 0 1703 1703 0 1706 1706 0 1704 1704 0 1707 1707 0 1708 1708 0 1709 1709 0 1710 1710 0 1711 1711 0 1712 1712 0 1710 1710 0 1713 1713 0 1714 1714 0 1715 1715 0 1716 1716 0 1713 1713 0 1717 1717 0 1718 1718 0 1719 1719 0 111 111 0 1720 1720 0 1721 1721 0 1722 1722 0 1723 1723 0 1724 1724 0 1725 1725 0 1722 1722 0 1726 1726 0 1727 1727 0 1725 1725 0 1728 1728 0 1729 1729 0 1727 1727 0 1730 1730 0 1731 1731 0 1732 1732 0 1733 1733 0 1734 1734 0 1735 1735 0 1736 1736 0 1737 1737 0 1738 1738 0 1739 1739 0 1740 1740 0 1741 1741 0 1742 1742 0 1741 1741 0 1743 1743 0 1744 1744 0 1743 1743 0 1745 1745 0 1746 1746 0 1747 1747 0 1748 1748 0 1749 1749 0 1750 1750 0 1751 1751 0 1752 1752 0 1753 1753 0 1754 1754 0 1755 1755 0 1754 1754 0 1756 1756 0 1757 1757 0 1758 1758 0 1759 1759 0 1760 1760 0 1761 1761 0 1758 1758 0 1762 1762 0 1763 1763 0 1761 1761 0 1764 1764 0 1765 1765 0 1763 1763 0 1766 1766 0 1767 1767 0 1765 1765 0 1768 1768 0 1769 1769 0 1767 1767 0 1770 1770 0 1771 1771 0 1769 1769 0 1772 1772 0 1773 1773 0 1774 1774 0 1775 1775 0 1776 1776 0 1777 1777 0 1778 1778 0 1779 1779 0 1776 1776 0 1780 1780 0 1781 1781 0 1779 1779 0 1782 1782 0 1783 1783 0 1784 1784 0 1785 1785 0 1784 1784 0 1786 1786 0 1787 1787 0 1786 1786 0 1788 1788 0 1789 1789 0 1790 1790 0 1791 1791 0 1792 1792 0 1793 1793 0 1790 1790 0 1794 1794 0 1795 1795 0 1796 1796 0 1797 1797 0 1798 1798 0 1799 1799 0 1800 1800 0 1801 1801 0 1802 1802 0 1803 1803 0 1804 1804 0 1805 1805 0 1806 1806 0 1807 1807 0 1808 1808 0 1809 1809 0 1810 1810 0 1811 1811 0 1812 1812 0 1811 1811 0 1813 1813 0 1814 1814 0 1815 1815 0 1816 1816 0 1813 1813 0 1813 1813 0 1817 1817 0 1815 1815 0 1818 1818 0 1819 1819 0 1805 1805 0 1820 1820 0 1821 1821 0 1819 1819 0 1822 1822 0 1823 1823 0 1821 1821 0 1824 1824 0 1825 1825 0 1826 1826 0 1827 1827 0 1828 1828 0 1829 1829 0 1830 1830 0 1831 1831 0 1832 1832 0 1833 1833 0 1834 1834 0 1835 1835 0 1835 1835 0 1836 1836 0 1837 1837 0 1838 1838 0 1839 1839 0 1840 1840 0 1841 1841 0 1842 1842 0 1839 1839 0 1843 1843 0 1841 1841 0 1844 1844 0 1845 1845 0 1846 1846 0 1843 1843 0 1846 1846 0 1847 1847 0 1848 1848 0 1847 1847 0 1849 1849 0 1850 1850 0 1851 1851 0 1852 1852 0 1853 1853 0 1854 1854 0 1855 1855 0 1856 1856 0 1855 1855 0 1857 1857 0 1858 1858 0 1112 1112 0 1859 1859 0 1114 1114 0 1110 1110 0 1860 1860 0 1108 1108 0 1861 1861 0 1862 1862 0 1863 1863 0 1097 1097 0 1096 1096 0 1864 1864 0 1094 1094 0 1093 1093 0 1865 1865 0 1866 1866 0 1090 1090 0 1867 1867 0 1085 1085 0 1084 1084 0 1868 1868 0 1869 1869 0 1870 1870 0 1871 1871 0 1083 1083 0 1872 1872 0 1081 1081 0 1873 1873 0 1073 1073 0 1072 1072 0 1874 1874 0 1875 1875 0 1876 1876 0 1834 1834 0 1877 1877 0 1878 1878 0 1879 1879 0 1878 1878 0 1877 1877 0 1880 1880 0 1881 1881 0 1882 1882 0 1883 1883 0 1884 1884 0 1885 1885 0 1886 1886 0 1887 1887 0 1888 1888 0 1809 1809 0 1889 1889 0 1807 1807 0 1808 1808 0 1807 1807 0 1890 1890 0 1891 1891 0 1892 1892 0 1893 1893 0 1892 1892 0 1894 1894 0 1895 1895 0 1894 1894 0 1896 1896 0 1897 1897 0 1898 1898 0 1897 1897 0 1899 1899 0 1899 1899 0 1900 1900 0 1901 1901 0 1828 1828 0 1902 1902 0 1900 1900 0 1825 1825 0 1903 1903 0 1827 1827 0 1805 1805 0 1804 1804 0 1818 1818 0 1904 1904 0 1905 1905 0 1906 1906 0 1907 1907 0 1832 1832 0 1831 1831 0 1908 1908 0 1909 1909 0 1910 1910 0 1817 1817 0 1813 1813 0 1911 1911 0 1912 1912 0 2 2 0 1 1 0 1913 1913 0 5 5 0 4 4 0 7 7 0 9 9 0 6 6 0 11 11 0 13 13 0 10 10 0 15 15 0 1914 1914 0 14 14 0 18 18 0 20 20 0 16 16 0 22 22 0 23 23 0 21 21 0 24 24 0 28 28 0 27 27 0 30 30 0 26 26 0 31 31 0 33 33 0 36 36 0 35 35 0 38 38 0 40 40 0 37 37 0 42 42 0 1915 1915 0 40 40 0 46 46 0 47 47 0 45 45 0 50 50 0 54 54 0 53 53 0 1916 1916 0 57 57 0 56 56 0 66 66 0 60 60 0 59 59 0 65 65 0 1917 1917 0 62 62 0 69 69 0 1918 1918 0 67 67 0 71 71 0 69 69 0 68 68 0 74 74 0 75 75 0 72 72 0 1919 1919 0 79 79 0 78 78 0 82 82 0 1919 1919 0 80 80 0 81 81 0 85 85 0 84 84 0 88 88 0 83 83 0 86 86 0 92 92 0 90 90 0 89 89 0 95 95 0 97 97 0 94 94 0 104 104 0 106 106 0 103 103 0 107 107 0 109 109 0 105 105 0 115 115 0 118 118 0 113 113 0 120 120 0 123 123 0 1920 1920 0 131 131 0 1921 1921 0 133 133 0 132 132 0 130 130 0 129 129 0 137 137 0 1922 1922 0 1923 1923 0 1922 1922 0 143 143 0 139 139 0 140 140 0 142 142 0 138 138 0 147 147 0 1924 1924 0 145 145 0 1674 1674 0 151 151 0 1673 1673 0 1925 1925 0 1667 1667 0 1666 1666 0 1926 1926 0 158 158 0 157 157 0 167 167 0 162 162 0 165 165 0 170 170 0 1927 1927 0 168 168 0 172 172 0 170 170 0 169 169 0 1928 1928 0 1929 1929 0 176 176 0 181 181 0 179 179 0 182 182 0 185 185 0 186 186 0 183 183 0 190 190 0 188 188 0 187 187 0 192 192 0 193 193 0 195 195 0 197 197 0 1930 1930 0 194 194 0 203 203 0 205 205 0 201 201 0 212 212 0 1931 1931 0 213 213 0 1931 1931 0 207 207 0 213 213 0 217 217 0 219 219 0 218 218 0 216 216 0 209 209 0 208 208 0 1643 1643 0 1932 1932 0 1645 1645 0 222 222 0 1645 1645 0 225 225 0 228 228 0 230 230 0 1933 1933 0 231 231 0 236 236 0 233 233 0 1934 1934 0 237 237 0 239 239 0 249 249 0 1935 1935 0 1936 1936 0 1936 1936 0 250 250 0 249 249 0 253 253 0 1937 1937 0 251 251 0 256 256 0 253 253 0 252 252 0 257 257 0 259 259 0 1631 1631 0 260 260 0 1628 1628 0 262 262 0 1938 1938 0 268 268 0 1939 1939 0 1940 1940 0 273 273 0 270 270 0 277 277 0 279 279 0 275 275 0 1610 1610 0 1607 1607 0 1608 1608 0 289 289 0 292 292 0 290 290 0 292 292 0 1941 1941 0 291 291 0 1942 1942 0 1943 1943 0 1944 1944 0 1945 1945 0 1946 1946 0 1947 1947 0 1946 1946 0 1948 1948 0 1949 1949 0 1950 1950 0 1949 1949 0 1948 1948 0 1948 1948 0 313 313 0 312 312 0 1951 1951 0 316 316 0 315 315 0 1944 1944 0 323 323 0 325 325 0 1952 1952 0 1953 1953 0 328 328 0 1953 1953 0 329 329 0 328 328 0 333 333 0 335 335 0 331 331 0 343 343 0 345 345 0 342 342 0 346 346 0 348 348 0 1582 1582 0 368 368 0 360 360 0 359 359 0 360 360 0 363 363 0 362 362 0 1954 1954 0 357 357 0 365 365 0 1563 1563 0 1562 1562 0 369 369 0 373 373 0 1955 1955 0 371 371 0 380 380 0 384 384 0 383 383 0 388 388 0 390 390 0 387 387 0 399 399 0 397 397 0 396 396 0 1956 1956 0 403 403 0 400 400 0 406 406 0 402 402 0 404 404 0 408 408 0 406 406 0 405 405 0 1957 1957 0 410 410 0 413 413 0 415 415 0 1958 1958 0 413 413 0 420 420 0 1959 1959 0 417 417 0 422 422 0 419 419 0 423 423 0 430 430 0 428 428 0 431 431 0 1960 1960 0 433 433 0 434 434 0 436 436 0 1960 1960 0 434 434 0 435 435 0 1961 1961 0 437 437 0 442 442 0 1962 1962 0 439 439 0 445 445 0 1963 1963 0 443 443 0 1964 1964 0 448 448 0 1965 1965 0 451 451 0 453 453 0 450 450 0 454 454 0 459 459 0 455 455 0 469 469 0 471 471 0 467 467 0 484 484 0 487 487 0 485 485 0 487 487 0 488 488 0 490 490 0 498 498 0 501 501 0 499 499 0 1966 1966 0 1967 1967 0 508 508 0 509 509 0 1966 1966 0 508 508 0 512 512 0 1968 1968 0 510 510 0 511 511 0 517 517 0 514 514 0 519 519 0 1969 1969 0 520 520 0 524 524 0 526 526 0 523 523 0 527 527 0 529 529 0 1970 1970 0 530 530 0 534 534 0 531 531 0 1472 1472 0 537 537 0 1971 1971 0 1469 1469 0 544 544 0 1972 1972 0 548 548 0 550 550 0 546 546 0 554 554 0 556 556 0 552 552 0 1457 1457 0 565 565 0 1455 1455 0 569 569 0 571 571 0 567 567 0 1450 1450 0 1973 1973 0 570 570 0 1448 1448 0 1974 1974 0 1975 1975 0 583 583 0 586 586 0 584 584 0 579 579 0 581 581 0 1447 1447 0 1976 1976 0 592 592 0 1977 1977 0 1978 1978 0 1979 1979 0 1980 1980 0 600 600 0 602 602 0 601 601 0 1981 1981 0 1982 1982 0 612 612 0 608 608 0 1983 1983 0 609 609 0 1416 1416 0 1415 1415 0 614 614 0 1984 1984 0 1985 1985 0 620 620 0 1984 1984 0 624 624 0 1985 1985 0 1986 1986 0 1987 1987 0 626 626 0 1409 1409 0 1403 1403 0 629 629 0 654 654 0 656 656 0 1386 1386 0 1988 1988 0 637 637 0 640 640 0 649 649 0 1989 1989 0 647 647 0 648 648 0 1390 1390 0 651 651 0 641 641 0 643 643 0 645 645 0 1385 1385 0 1990 1990 0 655 655 0 1382 1382 0 660 660 0 1991 1991 0 1380 1380 0 1379 1379 0 661 661 0 1374 1374 0 1992 1992 0 669 669 0 1369 1369 0 1368 1368 0 672 672 0 1359 1359 0 679 679 0 1993 1993 0 1360 1360 0 685 685 0 1994 1994 0 1995 1995 0 1355 1355 0 690 690 0 1353 1353 0 700 700 0 696 696 0 704 704 0 706 706 0 702 702 0 1349 1349 0 709 709 0 1996 1996 0 1997 1997 0 716 716 0 717 717 0 712 712 0 715 715 0 710 710 0 719 719 0 1997 1997 0 717 717 0 721 721 0 719 719 0 718 718 0 725 725 0 1998 1998 0 723 723 0 729 729 0 1999 1999 0 727 727 0 737 737 0 738 738 0 736 736 0 730 730 0 741 741 0 731 731 0 739 739 0 1326 1326 0 742 742 0 747 747 0 749 749 0 746 746 0 1324 1324 0 1323 1323 0 748 748 0 754 754 0 756 756 0 753 753 0 768 768 0 770 770 0 766 766 0 1305 1305 0 1304 1304 0 769 769 0 1302 1302 0 1301 1301 0 775 775 0 2000 2000 0 1299 1299 0 778 778 0 783 783 0 785 785 0 781 781 0 789 789 0 791 791 0 787 787 0 798 798 0 800 800 0 796 796 0 1279 1279 0 1275 1275 0 1276 1276 0 805 805 0 809 809 0 808 808 0 811 811 0 812 812 0 810 810 0 819 819 0 814 814 0 817 817 0 821 821 0 819 819 0 818 818 0 827 827 0 825 825 0 824 824 0 828 828 0 831 831 0 829 829 0 838 838 0 2001 2001 0 836 836 0 837 837 0 839 839 0 841 841 0 843 843 0 2002 2002 0 840 840 0 849 849 0 847 847 0 846 846 0 850 850 0 853 853 0 851 851 0 855 855 0 852 852 0 856 856 0 2003 2003 0 857 857 0 859 859 0 861 861 0 2004 2004 0 858 858 0 864 864 0 2005 2005 0 862 862 0 2006 2006 0 867 867 0 866 866 0 872 872 0 870 870 0 869 869 0 2007 2007 0 874 874 0 871 871 0 874 874 0 877 877 0 876 876 0 2008 2008 0 880 880 0 879 879 0 2009 2009 0 882 882 0 878 878 0 883 883 0 885 885 0 887 887 0 886 886 0 888 888 0 890 890 0 889 889 0 893 893 0 892 892 0 897 897 0 2010 2010 0 895 895 0 901 901 0 898 898 0 899 899 0 903 903 0 901 901 0 904 904 0 908 908 0 2011 2011 0 906 906 0 909 909 0 911 911 0 913 913 0 915 915 0 2012 2012 0 912 912 0 918 918 0 919 919 0 917 917 0 925 925 0 921 921 0 923 923 0 927 927 0 2013 2013 0 928 928 0 2014 2014 0 1163 1163 0 2015 2015 0 2015 2015 0 2016 2016 0 2014 2014 0 935 935 0 2017 2017 0 936 936 0 943 943 0 2018 2018 0 941 941 0 2019 2019 0 947 947 0 946 946 0 947 947 0 951 951 0 948 948 0 954 954 0 2020 2020 0 952 952 0 958 958 0 2021 2021 0 956 956 0 1161 1161 0 963 963 0 962 962 0 2022 2022 0 2023 2023 0 965 965 0 970 970 0 972 972 0 969 969 0 976 976 0 2024 2024 0 973 973 0 2025 2025 0 2026 2026 0 974 974 0 2027 2027 0 979 979 0 980 980 0 984 984 0 982 982 0 981 981 0 986 986 0 988 988 0 2028 2028 0 2029 2029 0 994 994 0 2030 2030 0 992 992 0 998 998 0 995 995 0 999 999 0 1001 1001 0 2031 2031 0 1007 1007 0 1009 1009 0 1006 1006 0 2032 2032 0 2033 2033 0 1008 1008 0 1012 1012 0 2034 2034 0 1010 1010 0 1013 1013 0 2035 2035 0 1014 1014 0 1015 1015 0 1018 1018 0 2036 2036 0 2037 2037 0 1021 1021 0 2038 2038 0 1019 1019 0 1025 1025 0 1022 1022 0 1151 1151 0 2039 2039 0 1029 1029 0 2040 2040 0 2041 2041 0 2042 2042 0 1035 1035 0 1031 1031 0 1033 1033 0 1037 1037 0 1039 1039 0 2042 2042 0 1041 1041 0 2043 2043 0 1042 1042 0 1043 1043 0 1045 1045 0 2044 2044 0 1145 1145 0 2045 2045 0 1143 1143 0 1048 1048 0 1050 1050 0 2045 2045 0 1052 1052 0 1141 1141 0 1053 1053 0 2046 2046 0 1056 1056 0 2047 2047 0 1064 1064 0 1876 1876 0 2048 2048 0 1065 1065 0 1873 1873 0 1063 1063 0 1072 1072 0 1063 1063 0 1873 1873 0 1073 1073 0 1071 1071 0 1070 1070 0 1067 1067 0 1076 1076 0 1075 1075 0 1078 1078 0 2049 2049 0 1076 1076 0 1077 1077 0 2050 2050 0 1080 1080 0 1870 1870 0 2051 2051 0 1082 1082 0 1087 1087 0 1089 1089 0 1085 1085 0 1090 1090 0 1866 1866 0 1092 1092 0 2052 2052 0 1098 1098 0 2053 2053 0 1102 1102 0 1103 1103 0 1861 1861 0 1099 1099 0 1107 1107 0 1104 1104 0 2054 2054 0 1113 1113 0 1109 1109 0 1114 1114 0 1116 1116 0 1112 1112 0 1061 1061 0 1119 1119 0 1062 1062 0 1122 1122 0 2055 2055 0 1120 1120 0 1125 1125 0 1127 1127 0 1123 1123 0 1130 1130 0 1131 1131 0 1128 1128 0 1133 1133 0 2056 2056 0 1131 1131 0 1134 1134 0 1136 1136 0 1135 1135 0 1055 1055 0 1054 1054 0 1140 1140 0 2047 2047 0 1142 1142 0 2046 2046 0 2057 2057 0 1148 1148 0 1144 1144 0 1149 1149 0 2058 2058 0 1150 1150 0 1025 1025 0 1019 1019 0 1023 1023 0 2059 2059 0 1153 1153 0 2060 2060 0 928 928 0 931 931 0 926 926 0 1169 1169 0 2061 2061 0 1167 1167 0 1174 1174 0 1170 1170 0 1172 1172 0 2062 2062 0 1182 1182 0 1181 1181 0 1185 1185 0 1188 1188 0 1187 1187 0 1191 1191 0 1186 1186 0 1189 1189 0 1190 1190 0 1194 1194 0 1193 1193 0 1198 1198 0 1192 1192 0 1196 1196 0 1202 1202 0 1199 1199 0 1200 1200 0 1205 1205 0 2063 2063 0 1203 1203 0 1208 1208 0 2064 2064 0 1206 1206 0 1211 1211 0 1208 1208 0 1209 1209 0 1216 1216 0 1212 1212 0 1214 1214 0 2065 2065 0 1219 1219 0 1218 1218 0 1219 1219 0 1220 1220 0 1222 1222 0 1221 1221 0 1225 1225 0 1224 1224 0 2066 2066 0 1226 1226 0 1228 1228 0 1230 1230 0 2067 2067 0 1231 1231 0 1235 1235 0 1229 1229 0 1233 1233 0 2068 2068 0 1237 1237 0 1234 1234 0 2069 2069 0 1240 1240 0 1239 1239 0 1240 1240 0 1241 1241 0 1243 1243 0 1242 1242 0 1246 1246 0 1244 1244 0 2070 2070 0 1251 1251 0 1248 1248 0 1254 1254 0 2071 2071 0 1252 1252 0 1256 1256 0 1254 1254 0 1257 1257 0 2072 2072 0 1260 1260 0 1255 1255 0 1264 1264 0 1267 1267 0 1265 1265 0 1268 1268 0 801 801 0 1269 1269 0 802 802 0 1272 1272 0 803 803 0 1276 1276 0 1277 1277 0 1279 1279 0 2073 2073 0 1282 1282 0 2074 2074 0 1286 1286 0 2075 2075 0 1283 1283 0 1290 1290 0 1288 1288 0 1287 1287 0 799 799 0 1291 1291 0 1290 1290 0 784 784 0 2076 2076 0 786 786 0 778 778 0 777 777 0 2000 2000 0 1299 1299 0 2000 2000 0 1300 1300 0 772 772 0 2077 2077 0 774 774 0 766 766 0 2078 2078 0 768 768 0 763 763 0 762 762 0 1307 1307 0 1308 1308 0 1311 1311 0 1309 1309 0 1314 1314 0 2079 2079 0 1318 1318 0 2079 2079 0 2080 2080 0 1318 1318 0 2081 2081 0 2082 2082 0 1315 1315 0 2083 2083 0 1334 1334 0 1333 1333 0 1330 1330 0 2083 2083 0 1331 1331 0 1334 1334 0 1337 1337 0 1336 1336 0 1340 1340 0 2084 2084 0 1341 1341 0 1343 1343 0 1346 1346 0 1344 1344 0 709 709 0 1348 1348 0 707 707 0 702 702 0 1351 1351 0 704 704 0 700 700 0 1354 1354 0 698 698 0 1355 1355 0 1995 1995 0 1356 1356 0 1365 1365 0 2085 2085 0 1366 1366 0 1363 1363 0 1364 1364 0 1360 1360 0 685 685 0 1361 1361 0 683 683 0 1368 1368 0 1370 1370 0 674 674 0 1992 1992 0 1374 1374 0 1372 1372 0 666 666 0 665 665 0 1376 1376 0 661 661 0 658 658 0 1380 1380 0 1990 1990 0 1385 1385 0 1382 1382 0 2086 2086 0 1389 1389 0 1387 1387 0 646 646 0 652 652 0 2087 2087 0 2088 2088 0 1397 1397 0 1396 1396 0 1399 1399 0 1406 1406 0 1405 1405 0 1403 1403 0 2089 2089 0 1401 1401 0 1403 1403 0 1409 1409 0 2089 2089 0 1411 1411 0 2090 2090 0 1412 1412 0 624 624 0 2091 2091 0 622 622 0 2092 2092 0 2093 2093 0 613 613 0 1983 1983 0 2094 2094 0 2095 2095 0 1423 1423 0 2096 2096 0 1424 1424 0 1420 1420 0 2097 2097 0 1421 1421 0 2098 2098 0 1431 1431 0 1429 1429 0 2099 2099 0 1430 1430 0 1431 1431 0 597 597 0 1437 1437 0 1436 1436 0 598 598 0 1978 1978 0 596 596 0 1438 1438 0 1443 1443 0 1439 1439 0 594 594 0 593 593 0 1445 1445 0 591 591 0 1446 1446 0 2100 2100 0 573 573 0 572 572 0 2101 2101 0 1975 1975 0 2102 2102 0 2103 2103 0 1973 1973 0 1450 1450 0 2104 2104 0 565 565 0 1457 1457 0 563 563 0 555 555 0 554 554 0 1458 1458 0 2105 2105 0 1461 1461 0 2106 2106 0 558 558 0 557 557 0 1463 1463 0 546 546 0 545 545 0 2107 2107 0 567 567 0 1467 1467 0 569 569 0 538 538 0 1471 1471 0 539 539 0 1481 1481 0 1476 1476 0 1478 1478 0 1483 1483 0 1509 1509 0 1480 1480 0 2108 2108 0 1493 1493 0 1489 1489 0 470 470 0 2109 2109 0 472 472 0 479 479 0 1505 1505 0 1504 1504 0 476 476 0 1506 1506 0 478 478 0 467 467 0 466 466 0 1485 1485 0 1478 1478 0 1479 1479 0 1481 1481 0 1520 1520 0 2110 2110 0 1518 1518 0 1525 1525 0 1521 1521 0 1526 1526 0 1528 1528 0 2111 2111 0 1529 1529 0 1533 1533 0 2112 2112 0 1531 1531 0 1535 1535 0 2113 2113 0 1536 1536 0 1538 1538 0 2114 2114 0 1539 1539 0 1542 1542 0 1546 1546 0 1547 1547 0 1545 1545 0 2115 2115 0 1543 1543 0 2116 2116 0 2117 2117 0 1555 1555 0 1554 1554 0 1556 1556 0 1553 1553 0 1557 1557 0 2118 2118 0 2117 2117 0 1557 1557 0 1559 1559 0 2118 2118 0 1567 1567 0 1569 1569 0 1568 1568 0 1571 1571 0 1573 1573 0 1570 1570 0 1576 1576 0 2119 2119 0 1574 1574 0 353 353 0 352 352 0 2120 2120 0 351 351 0 1581 1581 0 2121 2121 0 1584 1584 0 1586 1586 0 2122 2122 0 2123 2123 0 1589 1589 0 1587 1587 0 1590 1590 0 320 320 0 1591 1591 0 319 319 0 2124 2124 0 317 317 0 1595 1595 0 1596 1596 0 2124 2124 0 305 305 0 1599 1599 0 304 304 0 1602 1602 0 2125 2125 0 1600 1600 0 1606 1606 0 291 291 0 1605 1605 0 1611 1611 0 1612 1612 0 1609 1609 0 1617 1617 0 1614 1614 0 1613 1613 0 283 283 0 1619 1619 0 1618 1618 0 280 280 0 1620 1620 0 1622 1622 0 276 276 0 1625 1625 0 274 274 0 1628 1628 0 260 260 0 1629 1629 0 254 254 0 252 252 0 1634 1634 0 239 239 0 2126 2126 0 1934 1934 0 1647 1647 0 2127 2127 0 1648 1648 0 1651 1651 0 2128 2128 0 1649 1649 0 198 198 0 2129 2129 0 2130 2130 0 2131 2131 0 1660 1660 0 173 173 0 1663 1663 0 155 155 0 154 154 0 1667 1667 0 1665 1665 0 1664 1664 0 2132 2132 0 1670 1670 0 1669 1669 0 1675 1675 0 150 150 0 149 149 0 2133 2133 0 1676 1676 0 137 137 0 1678 1678 0 2134 2134 0 1679 1679 0 114 114 0 1682 1682 0 1684 1684 0 2135 2135 0 1689 1689 0 1688 1688 0 1694 1694 0 1692 1692 0 1691 1691 0 1697 1697 0 1698 1698 0 1695 1695 0 1701 1701 0 2136 2136 0 1699 1699 0 1705 1705 0 1702 1702 0 1700 1700 0 1712 1712 0 1709 1709 0 1708 1708 0 1710 1710 0 1714 1714 0 1711 1711 0 1717 1717 0 1721 1721 0 1718 1718 0 2137 2137 0 1724 1724 0 1723 1723 0 1726 1726 0 1728 1728 0 1725 1725 0 1732 1732 0 1729 1729 0 1733 1733 0 1736 1736 0 1731 1731 0 1734 1734 0 1739 1739 0 1740 1740 0 1737 1737 0 2138 2138 0 1746 1746 0 1745 1745 0 1749 1749 0 2138 2138 0 1747 1747 0 1752 1752 0 2139 2139 0 1750 1750 0 1759 1759 0 1757 1757 0 1756 1756 0 1762 1762 0 1764 1764 0 1761 1761 0 1766 1766 0 1768 1768 0 1765 1765 0 1770 1770 0 1772 1772 0 1769 1769 0 2140 2140 0 1775 1775 0 1774 1774 0 2141 2141 0 1778 1778 0 1777 1777 0 1785 1785 0 1781 1781 0 1783 1783 0 1788 1788 0 1792 1792 0 1791 1791 0 1900 1900 0 1899 1899 0 1828 1828 0 1797 1797 0 1793 1793 0 1795 1795 0 1800 1800 0 2142 2142 0 1798 1798 0 1890 1890 0 1806 1806 0 1808 1808 0 1802 1802 0 1810 1810 0 1812 1812 0 1816 1816 0 1814 1814 0 1813 1813 0 1909 1909 0 2143 2143 0 1817 1817 0 2144 2144 0 1801 1801 0 2145 2145 0 2146 2146 0 2144 2144 0 2147 2147 0 1827 1827 0 1829 1829 0 1825 1825 0 1882 1882 0 2148 2148 0 1880 1880 0 1840 1840 0 1837 1837 0 1836 1836 0 1836 1836 0 1838 1838 0 1840 1840 0 1844 1844 0 1845 1845 0 1843 1843 0 1848 1848 0 2149 2149 0 1846 1846 0 1853 1853 0 1850 1850 0 1849 1849 0 2150 2150 0 1853 1853 0 1852 1852 0 1852 1852 0 1854 1854 0 1856 1856 0 1112 1112 0 1111 1111 0 1859 1859 0 1106 1106 0 1105 1105 0 1860 1860 0 2151 2151 0 1864 1864 0 2152 2152 0 2153 2153 0 1867 1867 0 2154 2154 0 1869 1869 0 1871 1871 0 1084 1084 0 1083 1083 0 2155 2155 0 1872 1872 0 1080 1080 0 2050 2050 0 2155 2155 0 2156 2156 0 1879 1879 0 2157 2157 0 1832 1832 0 2158 2158 0 1830 1830 0 1884 1884 0 2159 2159 0 2160 2160 0 2159 2159 0 1891 1891 0 2161 2161 0 1896 1896 0 1899 1899 0 1897 1897 0 1901 1901 0 1898 1898 0 1899 1899 0 1825 1825 0 1824 1824 0 1903 1903 0 1819 1819 0 1818 1818 0 1820 1820 0 1831 1831 0 1904 1904 0 1907 1907 0 1881 1881 0 2156 2156 0 1882 1882 0 4 4 0 0 0 0 1913 1913 0 5 5 0 7 7 0 3 3 0 17 17 0 14 14 0 1914 1914 0 25 25 0 21 21 0 23 23 0 31 31 0 32 32 0 29 29 0 1915 1915 0 39 39 0 40 40 0 49 49 0 45 45 0 47 47 0 54 54 0 55 55 0 52 52 0 60 60 0 1916 1916 0 58 58 0 1918 1918 0 65 65 0 64 64 0 64 64 0 67 67 0 1918 1918 0 79 79 0 77 77 0 76 76 0 85 85 0 86 86 0 83 83 0 94 94 0 92 92 0 91 91 0 100 100 0 104 104 0 103 103 0 118 118 0 119 119 0 116 116 0 122 122 0 1920 1920 0 123 123 0 130 130 0 126 126 0 128 128 0 127 127 0 2162 2162 0 128 128 0 139 139 0 1923 1923 0 1922 1922 0 1923 1923 0 2133 2133 0 137 137 0 1669 1669 0 1925 1925 0 2132 2132 0 161 161 0 1926 1926 0 159 159 0 1927 1927 0 167 167 0 166 166 0 166 166 0 168 168 0 1927 1927 0 184 184 0 180 180 0 182 182 0 182 182 0 185 185 0 184 184 0 198 198 0 2130 2130 0 199 199 0 2129 2129 0 1654 1654 0 202 202 0 209 209 0 2163 2163 0 207 207 0 220 220 0 2164 2164 0 2165 2165 0 1643 1643 0 1642 1642 0 1932 1932 0 227 227 0 2165 2165 0 2164 2164 0 2166 2166 0 2167 2167 0 245 245 0 2168 2168 0 1936 1936 0 2169 2169 0 1937 1937 0 2168 2168 0 251 251 0 263 263 0 265 265 0 2170 2170 0 1630 1630 0 2170 2170 0 1628 1628 0 1938 1938 0 1939 1939 0 264 264 0 1624 1624 0 276 276 0 2171 2171 0 287 287 0 2172 2172 0 285 285 0 2172 2172 0 289 289 0 285 285 0 298 298 0 1595 1595 0 299 299 0 301 301 0 300 300 0 302 302 0 1599 1599 0 305 305 0 307 307 0 312 312 0 1950 1950 0 1948 1948 0 296 296 0 322 322 0 297 297 0 324 324 0 1952 1952 0 326 326 0 337 337 0 327 327 0 329 329 0 1585 1585 0 1584 1584 0 344 344 0 1583 1583 0 1582 1582 0 2173 2173 0 2174 2174 0 368 368 0 367 367 0 362 362 0 358 358 0 360 360 0 1564 1564 0 1560 1560 0 1562 1562 0 1955 1955 0 1517 1517 0 371 371 0 385 385 0 388 388 0 386 386 0 397 397 0 395 395 0 394 394 0 398 398 0 1956 1956 0 400 400 0 403 403 0 404 404 0 402 402 0 414 414 0 417 417 0 416 416 0 1959 1959 0 416 416 0 417 417 0 431 431 0 2175 2175 0 432 432 0 438 438 0 436 436 0 435 435 0 1963 1963 0 440 440 0 443 443 0 2176 2176 0 443 443 0 440 440 0 460 460 0 462 462 0 458 458 0 466 466 0 468 468 0 464 464 0 485 485 0 481 481 0 483 483 0 492 492 0 490 490 0 489 489 0 500 500 0 495 495 0 498 498 0 1967 1967 0 504 504 0 503 503 0 1968 1968 0 505 505 0 510 510 0 2177 2177 0 520 520 0 1969 1969 0 527 527 0 1970 1970 0 2178 2178 0 545 545 0 547 547 0 543 543 0 566 566 0 568 568 0 1465 1465 0 2102 2102 0 1975 1975 0 2179 2179 0 1448 1448 0 1447 1447 0 1974 1974 0 2180 2180 0 1452 1452 0 564 564 0 601 601 0 1426 1426 0 599 599 0 2095 2095 0 609 609 0 1983 1983 0 2093 2093 0 2092 2092 0 1982 1982 0 1417 1417 0 2181 2181 0 1415 1415 0 619 619 0 621 621 0 617 617 0 2182 2182 0 2183 2183 0 1987 1987 0 635 635 0 639 639 0 638 638 0 1389 1389 0 2086 2086 0 642 642 0 1989 1989 0 1988 1988 0 647 647 0 652 652 0 653 653 0 1390 1390 0 636 636 0 631 631 0 634 634 0 633 633 0 657 657 0 631 631 0 662 662 0 664 664 0 1379 1379 0 671 671 0 673 673 0 1371 1371 0 2085 2085 0 1365 1365 0 678 678 0 683 683 0 688 688 0 684 684 0 1357 1357 0 694 694 0 1355 1355 0 2184 2184 0 710 710 0 714 714 0 2185 2185 0 2184 2184 0 714 714 0 736 736 0 735 735 0 737 737 0 734 734 0 2186 2186 0 735 735 0 743 743 0 745 745 0 2187 2187 0 750 750 0 752 752 0 1323 1323 0 765 765 0 767 767 0 763 763 0 774 774 0 776 776 0 772 772 0 786 786 0 788 788 0 784 784 0 795 795 0 797 797 0 793 793 0 809 809 0 811 811 0 807 807 0 813 813 0 816 816 0 814 814 0 825 825 0 2188 2188 0 823 823 0 833 833 0 830 830 0 831 831 0 834 834 0 836 836 0 2001 2001 0 842 842 0 845 845 0 843 843 0 851 851 0 849 849 0 848 848 0 859 859 0 854 854 0 2003 2003 0 860 860 0 862 862 0 861 861 0 866 866 0 864 864 0 863 863 0 869 869 0 2007 2007 0 871 871 0 877 877 0 2008 2008 0 875 875 0 884 884 0 881 881 0 882 882 0 890 890 0 2189 2189 0 886 886 0 2010 2010 0 891 891 0 895 895 0 905 905 0 906 906 0 2011 2011 0 913 913 0 910 910 0 909 909 0 920 920 0 923 923 0 921 921 0 2190 2190 0 928 928 0 2013 2013 0 933 933 0 2015 2015 0 1163 1163 0 2191 2191 0 2017 2017 0 2014 2014 0 2192 2192 0 941 941 0 2018 2018 0 949 949 0 952 952 0 2020 2020 0 959 959 0 2193 2193 0 960 960 0 967 967 0 2023 2023 0 968 968 0 2194 2194 0 973 973 0 2024 2024 0 982 982 0 2027 2027 0 980 980 0 2029 2029 0 2030 2030 0 990 990 0 989 989 0 991 991 0 987 987 0 1004 1004 0 1154 1154 0 1005 1005 0 1010 1010 0 2034 2034 0 2195 2195 0 2196 2196 0 2036 2036 0 2197 2197 0 2037 2037 0 2038 2038 0 2059 2059 0 1151 1151 0 2198 2198 0 2039 2039 0 1036 1036 0 2040 2040 0 1047 1047 0 2199 2199 0 2044 2044 0 2043 2043 0 1144 1144 0 1143 1143 0 2057 2057 0 1142 1142 0 2047 2047 0 1141 1141 0 2048 2048 0 1065 1065 0 1064 1064 0 1075 1075 0 1068 1068 0 1067 1067 0 2049 2049 0 1074 1074 0 1076 1076 0 2155 2155 0 2200 2200 0 1080 1080 0 1084 1084 0 1086 1086 0 1869 1869 0 1867 1867 0 2153 2153 0 1866 1866 0 1865 1865 0 2053 2053 0 1094 1094 0 1862 1862 0 1861 1861 0 2201 2201 0 1860 1860 0 1110 1110 0 1106 1106 0 1119 1119 0 1874 1874 0 1117 1117 0 1127 1127 0 1129 1129 0 1126 1126 0 2056 2056 0 1128 1128 0 1131 1131 0 2202 2202 0 1139 1139 0 2203 2203 0 1146 1146 0 2204 2204 0 1147 1147 0 1166 1166 0 1167 1167 0 2061 2061 0 2205 2205 0 1172 1172 0 1171 1171 0 1187 1187 0 1184 1184 0 1185 1185 0 1193 1193 0 2206 2206 0 1190 1190 0 2207 2207 0 1200 1200 0 1197 1197 0 1204 1204 0 1206 1206 0 2064 2064 0 1210 1210 0 1214 1214 0 1212 1212 0 1218 1218 0 1216 1216 0 2065 2065 0 2208 2208 0 1223 1223 0 1225 1225 0 1228 1228 0 2208 2208 0 2066 2066 0 1225 1225 0 2066 2066 0 2208 2208 0 1233 1233 0 2068 2068 0 1234 1234 0 1237 1237 0 2069 2069 0 1239 1239 0 1247 1247 0 2070 2070 0 1248 1248 0 2071 2071 0 1250 1250 0 1252 1252 0 1261 1261 0 1263 1263 0 1258 1258 0 1269 1269 0 1266 1266 0 1267 1267 0 1274 1274 0 1271 1271 0 1272 1272 0 2074 2074 0 2209 2209 0 2210 2210 0 1284 1284 0 2074 2074 0 1282 1282 0 2075 2075 0 1284 1284 0 1283 1283 0 796 796 0 1292 1292 0 798 798 0 784 784 0 783 783 0 2076 2076 0 775 775 0 1303 1303 0 1302 1302 0 769 769 0 1306 1306 0 1305 1305 0 766 766 0 765 765 0 2078 2078 0 1319 1319 0 1322 1322 0 2080 2080 0 1317 1317 0 2081 2081 0 1315 1315 0 1329 1329 0 2211 2211 0 1330 1330 0 1333 1333 0 1331 1331 0 2083 2083 0 2212 2212 0 1341 1341 0 2084 2084 0 705 705 0 1350 1350 0 1349 1349 0 694 694 0 1357 1357 0 692 692 0 678 678 0 677 677 0 2085 2085 0 679 679 0 1359 1359 0 677 677 0 672 672 0 671 671 0 1369 1369 0 663 663 0 1378 1378 0 1377 1377 0 642 642 0 641 641 0 1388 1388 0 1396 1396 0 1410 1410 0 2088 2088 0 1405 1405 0 1400 1400 0 1399 1399 0 1408 1408 0 1404 1404 0 1402 1402 0 2183 2183 0 2182 2182 0 628 628 0 1393 1393 0 1412 1412 0 2090 2090 0 620 620 0 619 619 0 2213 2213 0 614 614 0 1418 1418 0 1416 1416 0 2214 2214 0 1421 1421 0 2097 2097 0 2215 2215 0 1425 1425 0 2096 2096 0 1427 1427 0 2098 2098 0 1429 1429 0 2216 2216 0 1434 1434 0 1433 1433 0 595 595 0 2100 2100 0 593 593 0 1433 1433 0 2099 2099 0 2216 2216 0 573 573 0 2101 2101 0 1976 1976 0 1973 1973 0 2104 2104 0 2102 2102 0 549 549 0 1464 1464 0 551 551 0 2217 2217 0 2218 2218 0 560 560 0 2105 2105 0 2106 2106 0 2218 2218 0 543 543 0 542 542 0 1468 1468 0 464 464 0 2219 2219 0 466 466 0 1488 1488 0 1491 1491 0 1487 1487 0 1497 1497 0 1500 1500 0 1498 1498 0 1500 1500 0 1502 1502 0 1499 1499 0 473 473 0 1507 1507 0 475 475 0 464 464 0 463 463 0 2219 2219 0 1519 1519 0 1523 1523 0 1520 1520 0 2111 2111 0 1524 1524 0 2220 2220 0 1532 1532 0 2221 2221 0 1533 1533 0 2221 2221 0 1536 1536 0 2113 2113 0 1540 1540 0 1537 1537 0 1538 1538 0 2114 2114 0 1542 1542 0 1539 1539 0 1560 1560 0 1564 1564 0 1561 1561 0 1552 1552 0 1550 1550 0 1549 1549 0 1553 1553 0 1549 1549 0 1554 1554 0 1566 1566 0 2222 2222 0 1567 1567 0 1577 1577 0 2120 2120 0 1578 1578 0 2173 2173 0 2122 2122 0 1583 1583 0 339 339 0 338 338 0 341 341 0 332 332 0 1592 1592 0 330 330 0 295 295 0 317 317 0 1594 1594 0 303 303 0 304 304 0 301 301 0 1941 1941 0 1605 1605 0 291 291 0 1613 1613 0 2223 2223 0 1617 1617 0 1619 1619 0 1617 1617 0 1616 1616 0 1622 1622 0 1623 1623 0 280 280 0 272 272 0 1626 1626 0 1624 1624 0 2224 2224 0 1635 1635 0 1632 1632 0 2128 2128 0 1648 1648 0 2127 2127 0 158 158 0 153 153 0 156 156 0 1672 1672 0 1674 1674 0 1671 1671 0 152 152 0 1673 1673 0 151 151 0 142 142 0 145 145 0 1924 1924 0 1692 1692 0 2135 2135 0 1690 1690 0 1696 1696 0 1693 1693 0 1697 1697 0 2136 2136 0 1695 1695 0 1699 1699 0 1709 1709 0 2225 2225 0 1707 1707 0 111 111 0 110 110 0 1720 1720 0 1742 1742 0 1737 1737 0 1740 1740 0 1746 1746 0 1744 1744 0 1743 1743 0 1755 1755 0 2226 2226 0 1753 1753 0 1756 1756 0 1760 1760 0 1759 1759 0 1768 1768 0 1770 1770 0 1767 1767 0 1775 1775 0 2141 2141 0 1773 1773 0 1778 1778 0 1780 1780 0 1776 1776 0 1782 1782 0 1783 1783 0 1781 1781 0 1791 1791 0 1789 1789 0 1788 1788 0 2227 2227 0 1795 1795 0 1793 1793 0 2228 2228 0 1798 1798 0 2142 2142 0 1889 1889 0 1809 1809 0 2229 2229 0 1887 1887 0 1886 1886 0 1908 1908 0 1909 1909 0 1908 1908 0 2143 2143 0 2142 2142 0 2146 2146 0 2228 2228 0 1837 1837 0 1833 1833 0 1835 1835 0 1839 1839 0 1844 1844 0 1841 1841 0 1849 1849 0 1851 1851 0 1853 1853 0 1113 1113 0 2054 2054 0 1111 1111 0 2201 2201 0 2152 2152 0 1862 1862 0 1095 1095 0 2154 2154 0 1093 1093 0 1082 1082 0 1081 1081 0 1870 1870 0 1857 1857 0 1855 1855 0 1115 1115 0 2157 2157 0 2230 2230 0 2156 2156 0 1885 1885 0 2231 2231 0 1883 1883 0 2160 2160 0 1885 1885 0 1884 1884 0 1893 1893 0 2161 2161 0 1891 1891 0 1897 1897 0 1895 1895 0 1894 1894 0 1828 1828 0 1827 1827 0 1902 1902 0 1821 1821 0 1820 1820 0 1822 1822 0 1817 1817 0 1911 1911 0 1909 1909 0 2 2 0 1913 1913 0 0 0 0 13 13 0 15 15 0 12 12 0 28 28 0 31 31 0 26 26 0 51 51 0 49 49 0 48 48 0 53 53 0 51 51 0 50 50 0 56 56 0 58 58 0 1916 1916 0 1917 1917 0 63 63 0 62 62 0 77 77 0 72 72 0 75 75 0 84 84 0 82 82 0 81 81 0 90 90 0 88 88 0 87 87 0 110 110 0 112 112 0 108 108 0 2232 2232 0 125 125 0 121 121 0 125 125 0 128 128 0 2162 2162 0 1924 1924 0 144 144 0 142 142 0 155 155 0 156 156 0 153 153 0 164 164 0 165 165 0 162 162 0 178 178 0 182 182 0 179 179 0 202 202 0 2130 2130 0 2129 2129 0 2165 2165 0 218 218 0 220 220 0 2164 2164 0 221 221 0 227 227 0 1935 1935 0 2169 2169 0 1936 1936 0 2169 2169 0 251 251 0 2168 2168 0 1632 1632 0 1631 1631 0 2233 2233 0 1624 1624 0 2171 2171 0 272 272 0 286 286 0 1608 1608 0 287 287 0 1947 1947 0 2234 2234 0 1943 1943 0 1949 1949 0 1947 1947 0 1946 1946 0 1587 1587 0 340 340 0 2123 2123 0 367 367 0 2235 2235 0 2174 2174 0 375 375 0 1516 1516 0 2236 2236 0 386 386 0 382 382 0 384 384 0 395 395 0 393 393 0 392 392 0 401 401 0 399 399 0 398 398 0 419 419 0 418 418 0 423 423 0 1961 1961 0 2237 2237 0 437 437 0 1964 1964 0 1965 1965 0 444 444 0 463 463 0 465 465 0 461 461 0 489 489 0 493 493 0 491 491 0 494 494 0 497 497 0 495 495 0 504 504 0 499 499 0 502 502 0 524 524 0 2178 2178 0 525 525 0 551 551 0 553 553 0 549 549 0 1976 1976 0 1977 1977 0 573 573 0 2102 2102 0 2179 2179 0 1973 1973 0 2100 2100 0 2238 2238 0 591 591 0 1981 1981 0 2239 2239 0 1982 1982 0 616 616 0 618 618 0 2181 2181 0 628 628 0 630 630 0 2183 2183 0 1387 1387 0 1386 1386 0 2086 2086 0 640 640 0 647 647 0 1988 1988 0 632 632 0 2240 2240 0 633 633 0 1377 1377 0 667 667 0 663 663 0 1372 1372 0 1371 1371 0 1992 1992 0 1359 1359 0 1993 1993 0 675 675 0 689 689 0 691 691 0 687 687 0 714 714 0 2241 2241 0 2185 2185 0 2242 2242 0 735 735 0 2186 2186 0 2243 2243 0 2187 2187 0 1326 1326 0 771 771 0 773 773 0 1304 1304 0 792 792 0 794 794 0 790 790 0 815 815 0 810 810 0 813 813 0 829 829 0 827 827 0 826 826 0 841 841 0 838 838 0 837 837 0 847 847 0 844 844 0 845 845 0 2005 2005 0 861 861 0 862 862 0 863 863 0 2006 2006 0 866 866 0 879 879 0 875 875 0 2008 2008 0 2189 2189 0 887 887 0 886 886 0 2244 2244 0 890 890 0 889 889 0 900 900 0 904 904 0 901 901 0 2011 2011 0 902 902 0 905 905 0 2012 2012 0 913 913 0 912 912 0 924 924 0 2190 2190 0 925 925 0 930 930 0 926 926 0 931 931 0 2245 2245 0 944 944 0 2019 2019 0 2246 2246 0 968 968 0 2023 2023 0 979 979 0 1158 1158 0 977 977 0 996 996 0 2031 2031 0 997 997 0 2247 2247 0 2195 2195 0 2033 2033 0 1153 1153 0 2059 2059 0 1016 1016 0 2204 2204 0 2248 2248 0 1046 1046 0 2204 2204 0 1146 1146 0 2248 2248 0 1140 1140 0 1137 1137 0 1055 1055 0 1875 1875 0 2048 2048 0 1876 1876 0 2249 2249 0 1117 1117 0 1874 1874 0 1870 1870 0 1869 1869 0 2051 2051 0 2154 2154 0 1095 1095 0 2153 2153 0 2152 2152 0 2201 2201 0 2151 2151 0 1132 1132 0 1131 1131 0 1134 1134 0 1056 1056 0 2046 2046 0 1054 1054 0 1168 1168 0 2205 2205 0 1169 1169 0 1173 1173 0 1176 1176 0 1174 1174 0 1188 1188 0 2250 2250 0 1186 1186 0 2206 2206 0 1191 1191 0 1190 1190 0 1201 1201 0 1203 1203 0 1202 1202 0 2064 2064 0 1205 1205 0 1204 1204 0 1213 1213 0 1211 1211 0 1210 1210 0 2067 2067 0 1228 1228 0 1227 1227 0 1243 1243 0 1238 1238 0 1240 1240 0 1249 1249 0 1244 1244 0 1247 1247 0 1257 1257 0 2072 2072 0 1255 1255 0 1273 1273 0 1276 1276 0 1274 1274 0 2210 2210 0 2073 2073 0 2074 2074 0 790 790 0 789 789 0 1280 1280 0 1296 1296 0 1298 1298 0 780 780 0 772 772 0 771 771 0 2077 2077 0 755 755 0 754 754 0 1320 1320 0 2251 2251 0 1330 1330 0 2211 2211 0 708 708 0 707 707 0 1345 1345 0 696 696 0 695 695 0 1353 1353 0 688 688 0 1367 1367 0 686 686 0 669 669 0 668 668 0 1373 1373 0 655 655 0 654 654 0 1384 1384 0 1987 1987 0 1986 1986 0 2182 2182 0 617 617 0 1414 1414 0 619 619 0 1982 1982 0 2239 2239 0 2093 2093 0 2097 2097 0 2252 2252 0 2214 2214 0 1980 1980 0 2253 2253 0 1978 1978 0 2254 2254 0 1440 1440 0 2253 2253 0 576 576 0 577 577 0 575 575 0 564 564 0 563 563 0 2180 2180 0 552 552 0 1454 1454 0 554 554 0 546 546 0 2107 2107 0 548 548 0 1480 1480 0 2255 2255 0 1483 1483 0 1484 1484 0 2256 2256 0 1486 1486 0 470 470 0 469 469 0 2109 2109 0 1498 1498 0 1508 1508 0 1495 1495 0 2257 2257 0 2220 2220 0 1524 1524 0 2112 2112 0 1527 1527 0 1531 1531 0 1536 1536 0 1538 1538 0 1534 1534 0 1550 1550 0 1543 1543 0 1548 1548 0 369 369 0 355 355 0 1563 1563 0 2258 2258 0 1567 1567 0 2222 2222 0 354 354 0 2121 2121 0 1580 1580 0 347 347 0 346 346 0 2259 2259 0 342 342 0 341 341 0 343 343 0 1603 1603 0 1606 1606 0 1604 1604 0 1614 1614 0 1609 1609 0 1612 1612 0 1670 1670 0 1672 1672 0 1668 1668 0 1688 1688 0 1690 1690 0 2135 2135 0 2260 2260 0 1697 1697 0 1693 1693 0 1715 1715 0 1719 1719 0 1716 1716 0 1735 1735 0 1739 1739 0 1738 1738 0 1745 1745 0 1747 1747 0 2138 2138 0 1760 1760 0 1762 1762 0 1758 1758 0 2261 2261 0 2140 2140 0 2262 2262 0 1774 1774 0 2262 2262 0 2140 2140 0 1787 1787 0 1785 1785 0 1784 1784 0 1799 1799 0 1797 1797 0 1796 1796 0 1888 1888 0 2229 2229 0 1886 1886 0 1814 1814 0 1812 1812 0 1811 1811 0 2147 2147 0 2228 2228 0 2146 2146 0 2149 2149 0 1843 1843 0 1846 1846 0 1115 1115 0 1114 1114 0 1857 1857 0 2053 2053 0 1865 1865 0 2052 2052 0 1085 1085 0 1868 1868 0 1087 1087 0 1877 1877 0 2157 2157 0 1879 1879 0 2229 2229 0 1888 1888 0 1889 1889 0 1895 1895 0 1893 1893 0 1892 1892 0 1823 1823 0 1822 1822 0 1824 1824 0 1914 1914 0 18 18 0 17 17 0 35 35 0 29 29 0 33 33 0 43 43 0 46 46 0 44 44 0 57 57 0 52 52 0 55 55 0 78 78 0 80 80 0 1919 1919 0 1721 1721 0 1717 1717 0 111 111 0 123 123 0 2232 2232 0 121 121 0 2162 2162 0 124 124 0 125 125 0 150 150 0 152 152 0 148 148 0 2263 2263 0 164 164 0 163 163 0 195 195 0 191 191 0 192 192 0 1644 1644 0 1933 1933 0 1642 1642 0 1635 1635 0 2224 2224 0 254 254 0 1632 1632 0 2233 2233 0 2224 2224 0 2264 2264 0 326 326 0 1952 1952 0 1943 1943 0 1945 1945 0 1947 1947 0 2122 2122 0 2173 2173 0 1584 1584 0 2235 2235 0 2265 2265 0 2174 2174 0 390 390 0 391 391 0 389 389 0 393 393 0 389 389 0 391 391 0 451 451 0 456 456 0 452 452 0 496 496 0 491 491 0 494 494 0 532 532 0 1474 1474 0 533 533 0 557 557 0 559 559 0 555 555 0 1466 1466 0 1465 1465 0 588 588 0 2100 2100 0 595 595 0 2238 2238 0 613 613 0 615 615 0 2092 2092 0 638 638 0 636 636 0 635 635 0 1376 1376 0 1375 1375 0 666 666 0 668 668 0 670 670 0 1375 1375 0 2241 2241 0 2266 2266 0 2185 2185 0 2267 2267 0 2242 2242 0 2186 2186 0 2188 2188 0 820 820 0 823 823 0 2001 2001 0 835 835 0 834 834 0 853 853 0 856 856 0 852 852 0 2004 2004 0 859 859 0 858 858 0 876 876 0 873 873 0 874 874 0 887 887 0 884 884 0 883 883 0 896 896 0 899 899 0 897 897 0 914 914 0 918 918 0 916 916 0 922 922 0 917 917 0 920 920 0 986 986 0 2028 2028 0 985 985 0 2196 2196 0 2197 2197 0 2035 2035 0 2042 2042 0 2041 2041 0 1037 1037 0 1139 1139 0 2202 2202 0 1137 1137 0 1118 1118 0 1062 1062 0 1119 1119 0 2155 2155 0 1083 1083 0 2200 2200 0 1864 1864 0 2151 2151 0 1097 1097 0 1059 1059 0 2203 2203 0 1057 1057 0 1171 1171 0 1169 1169 0 2205 2205 0 2250 2250 0 1189 1189 0 1186 1186 0 2063 2063 0 1202 1202 0 1203 1203 0 1215 1215 0 2065 2065 0 1216 1216 0 1227 1227 0 1231 1231 0 2067 2067 0 1239 1239 0 1236 1236 0 1237 1237 0 1253 1253 0 1257 1257 0 1254 1254 0 1265 1265 0 1262 1262 0 1263 1263 0 1290 1290 0 1289 1289 0 799 799 0 2209 2209 0 1294 1294 0 2210 2210 0 803 803 0 1270 1270 0 801 801 0 2082 2082 0 2268 2268 0 1315 1315 0 2211 2211 0 2269 2269 0 2251 2251 0 703 703 0 1352 1352 0 701 701 0 687 687 0 686 686 0 689 689 0 1400 1400 0 1395 1395 0 1398 1398 0 2181 2181 0 1417 1417 0 616 616 0 2094 2094 0 2214 2214 0 2252 2252 0 2270 2270 0 2216 2216 0 2099 2099 0 1452 1452 0 2180 2180 0 1453 1453 0 588 588 0 1451 1451 0 1466 1466 0 2255 2255 0 1484 1484 0 1483 1483 0 1493 1493 0 1494 1494 0 1496 1496 0 1490 1490 0 1487 1487 0 1491 1491 0 357 357 0 1954 1954 0 355 355 0 1529 1529 0 1530 1530 0 1527 1527 0 2113 2113 0 1533 1533 0 2221 2221 0 2115 2115 0 1548 1548 0 1543 1543 0 347 347 0 2259 2259 0 349 349 0 331 331 0 330 330 0 333 333 0 1604 1604 0 1602 1602 0 1601 1601 0 146 146 0 1675 1675 0 147 147 0 1691 1691 0 2260 2260 0 1693 1693 0 108 108 0 107 107 0 110 110 0 1744 1744 0 1742 1742 0 1741 1741 0 1757 1757 0 1755 1755 0 1754 1754 0 1777 1777 0 1773 1773 0 2141 2141 0 1794 1794 0 2227 2227 0 1793 1793 0 1812 1812 0 1803 1803 0 1802 1802 0 1824 1824 0 1826 1826 0 1823 1823 0 1842 1842 0 1840 1840 0 1839 1839 0 1858 1858 0 1856 1856 0 1855 1855 0 1098 1098 0 2052 2052 0 1096 1096 0 1088 1088 0 1087 1087 0 1090 1090 0 1905 1905 0 1883 1883 0 2231 2231 0 2161 2161 0 2160 2160 0 2159 2159 0 1806 1806 0 1890 1890 0 1804 1804 0 27 27 0 25 25 0 24 24 0 44 44 0 42 42 0 41 41 0 2271 2271 0 74 74 0 73 73 0 1719 1719 0 1715 1715 0 1717 1717 0 1920 1920 0 116 116 0 120 120 0 163 163 0 2272 2272 0 2263 2263 0 245 245 0 246 246 0 243 243 0 2124 2124 0 319 319 0 1595 1595 0 383 383 0 381 381 0 380 380 0 472 472 0 474 474 0 470 470 0 490 490 0 486 486 0 487 487 0 1472 1472 0 1971 1971 0 1474 1474 0 587 587 0 589 589 0 1452 1452 0 1413 1413 0 2273 2273 0 623 623 0 1382 1382 0 1991 1991 0 1990 1990 0 2240 2240 0 1392 1392 0 2274 2274 0 1320 1320 0 1319 1319 0 755 755 0 870 870 0 865 865 0 867 867 0 892 892 0 2244 2244 0 889 889 0 910 910 0 908 908 0 907 907 0 1148 1148 0 2057 2057 0 1146 1146 0 1062 1062 0 2275 2275 0 1060 1060 0 1876 1876 0 2276 2276 0 1874 1874 0 1136 1136 0 1134 1134 0 1058 1058 0 1176 1176 0 1179 1179 0 1178 1178 0 1183 1183 0 1185 1185 0 1180 1180 0 1196 1196 0 2207 2207 0 1197 1197 0 1222 1222 0 1217 1217 0 1219 1219 0 1245 1245 0 1243 1243 0 1242 1242 0 1251 1251 0 1252 1252 0 1250 1250 0 1278 1278 0 2210 2210 0 1294 1294 0 753 753 0 750 750 0 754 754 0 2269 2269 0 2277 2277 0 2251 2251 0 690 690 0 689 689 0 1995 1995 0 2278 2278 0 2088 2088 0 1410 1410 0 2252 2252 0 2095 2095 0 2094 2094 0 592 592 0 1976 1976 0 590 590 0 1975 1975 0 2103 2103 0 1448 1448 0 2256 2256 0 1488 1488 0 1486 1486 0 1491 1491 0 2108 2108 0 1489 1489 0 1526 1526 0 2257 2257 0 1524 1524 0 2220 2220 0 1529 1529 0 2111 2111 0 344 344 0 343 343 0 1585 1585 0 1608 1608 0 1611 1611 0 1610 1610 0 1666 1666 0 2132 2132 0 1925 1925 0 1689 1689 0 1687 1687 0 1686 1686 0 102 102 0 2279 2279 0 100 100 0 2280 2280 0 1749 1749 0 1748 1748 0 2262 2262 0 1771 1771 0 2261 2261 0 1796 1796 0 1800 1800 0 1799 1799 0 1803 1803 0 2281 2281 0 1801 1801 0 1109 1109 0 1108 1108 0 2054 2054 0 1861 1861 0 1863 1863 0 1102 1102 0 1908 1908 0 1910 1910 0 1887 1887 0 36 36 0 38 38 0 34 34 0 73 73 0 2282 2282 0 2271 2271 0 1713 1713 0 1710 1710 0 1715 1715 0 1921 1921 0 1680 1680 0 133 133 0 2234 2234 0 1944 1944 0 1943 1943 0 381 381 0 379 379 0 378 378 0 475 475 0 477 477 0 473 473 0 2283 2283 0 483 483 0 482 482 0 539 539 0 541 541 0 538 538 0 1456 1456 0 1455 1455 0 561 561 0 625 625 0 627 627 0 2273 2273 0 2274 2274 0 633 633 0 2240 2240 0 2080 2080 0 2079 2079 0 1319 1319 0 856 856 0 2003 2003 0 854 854 0 880 880 0 2009 2009 0 878 878 0 893 893 0 894 894 0 891 891 0 2203 2203 0 2284 2284 0 2202 2202 0 2275 2275 0 1120 1120 0 2055 2055 0 2276 2276 0 2249 2249 0 1874 1874 0 1181 1181 0 1177 1177 0 2062 2062 0 1231 1231 0 1232 1232 0 1229 1229 0 781 781 0 780 780 0 1295 1295 0 1323 1323 0 1325 1325 0 750 750 0 1336 1336 0 1332 1332 0 1334 1334 0 1379 1379 0 1381 1381 0 662 662 0 1412 1412 0 2278 2278 0 1410 1410 0 612 612 0 611 611 0 1981 1981 0 586 586 0 583 583 0 585 585 0 1447 1447 0 1449 1449 0 579 579 0 458 458 0 1511 1511 0 460 460 0 2285 2285 0 1526 1526 0 1521 1521 0 294 294 0 293 293 0 296 296 0 2223 2223 0 1615 1615 0 1617 1617 0 1687 1687 0 2286 2286 0 1685 1685 0 1780 1780 0 1782 1782 0 1779 1779 0 1792 1792 0 1794 1794 0 1790 1790 0 2281 2281 0 2145 2145 0 1801 1801 0 1101 1101 0 1102 1102 0 1099 1099 0 2231 2231 0 1906 1906 0 1905 1905 0 20 20 0 22 22 0 19 19 0 325 325 0 1942 1942 0 1944 1944 0 379 379 0 2287 2287 0 377 377 0 478 478 0 480 480 0 476 476 0 1477 1477 0 2283 2283 0 482 482 0 1469 1469 0 1972 1972 0 540 540 0 560 560 0 562 562 0 2217 2217 0 674 674 0 676 676 0 1368 1368 0 1313 1313 0 1317 1317 0 1314 1314 0 2002 2002 0 841 841 0 840 840 0 867 867 0 868 868 0 870 870 0 2203 2203 0 1059 1059 0 2284 2284 0 2288 2288 0 1122 1122 0 1121 1121 0 2055 2055 0 1060 1060 0 2275 2275 0 1194 1194 0 1195 1195 0 1192 1192 0 1224 1224 0 1222 1222 0 1221 1221 0 748 748 0 747 747 0 1324 1324 0 660 660 0 1383 1383 0 658 658 0 626 626 0 2289 2289 0 1986 1986 0 620 620 0 2213 2213 0 1984 1984 0 582 582 0 579 579 0 583 583 0 459 459 0 454 454 0 457 457 0 1523 1523 0 2285 2285 0 1521 1521 0 300 300 0 1597 1597 0 298 298 0 1789 1789 0 1787 1787 0 1786 1786 0 2145 2145 0 2147 2147 0 2144 2144 0 1107 1107 0 1099 1099 0 1105 1105 0 2148 2148 0 1830 1830 0 1880 1880 0 9 9 0 11 11 0 8 8 0 320 320 0 1590 1590 0 321 321 0 2290 2290 0 377 377 0 2287 2287 0 1504 1504 0 1502 1502 0 479 479 0 482 482 0 2291 2291 0 1477 1477 0 1463 1463 0 1459 1459 0 558 558 0 1445 1445 0 1441 1441 0 594 594 0 680 680 0 682 682 0 1365 1365 0 835 835 0 833 833 0 832 832 0 1121 1121 0 2292 2292 0 2288 2288 0 1207 1207 0 1209 1209 0 1208 1208 0 746 746 0 743 743 0 747 747 0 1394 1394 0 2274 2274 0 1392 1392 0 626 626 0 625 625 0 2289 2289 0 540 540 0 1470 1470 0 1469 1469 0 1522 1522 0 1520 1520 0 1523 1523 0 308 308 0 309 309 0 306 306 0 1772 1772 0 2261 2261 0 1771 1771 0 1856 1856 0 2150 2150 0 1852 1852 0 2230 2230 0 1882 1882 0 2156 2156 0 2282 2282 0 71 71 0 70 70 0 1592 1592 0 332 332 0 1590 1590 0 1461 1461 0 2105 2105 0 1459 1459 0 1362 1362 0 1363 1363 0 681 681 0 818 818 0 822 822 0 820 820 0 1124 1124 0 2288 2288 0 2292 2292 0 1179 1179 0 2062 2062 0 1177 1177 0 2187 2187 0 2243 2243 0 743 743 0 2273 2273 0 1413 1413 0 625 625 0 537 537 0 1473 1473 0 535 535 0 316 316 0 1951 1951 0 309 309 0 1764 1764 0 1766 1766 0 1763 1763 0 1850 1850 0 1848 1848 0 1847 1847 0 70 70 0 2271 2271 0 2282 2282 0 1589 1589 0 2123 2123 0 334 334 0 2218 2218 0 2217 2217 0 2105 2105 0 1360 1360 0 1994 1994 0 1363 1363 0 808 808 0 806 806 0 805 805 0 2292 2292 0 1125 1125 0 1124 1124 0 1178 1178 0 1175 1175 0 1176 1176 0 1326 1326 0 1327 1327 0 2243 2243 0 624 624 0 1984 1984 0 2091 2091 0 1474 1474 0 1475 1475 0 1472 1472 0 315 315 0 2293 2293 0 1951 1951 0 2139 2139 0 1753 1753 0 2226 2226 0 2294 2294 0 1835 1835 0 1834 1834 0 94 94 0 93 93 0 95 95 0 2121 2121 0 2295 2295 0 351 351 0 1443 1443 0 1438 1438 0 1441 1441 0 695 695 0 697 697 0 693 693 0 806 806 0 2296 2296 0 804 804 0 1051 1051 0 1048 1048 0 1052 1052 0 1259 1259 0 1255 1255 0 1260 1260 0 534 534 0 2297 2297 0 532 532 0 328 328 0 2264 2264 0 1952 1952 0 2226 2226 0 1750 1750 0 2139 2139 0 1878 1878 0 2294 2294 0 1834 1834 0 2120 2120 0 1577 1577 0 353 353 0 1440 1440 0 2254 2254 0 1438 1438 0 1352 1352 0 703 703 0 2298 2298 0 2296 2296 0 2299 2299 0 804 804 0 2045 2045 0 1145 1145 0 1048 1048 0 2300 2300 0 1752 1752 0 1751 1751 0 2158 2158 0 1880 1880 0 1830 1830 0 2253 2253 0 1980 1980 0 2254 2254 0 1349 1349 0 1996 1996 0 705 705 0 1046 1046 0 1043 1043 0 2204 2204 0 1751 1751 0 2280 2280 0 2300 2300 0 1906 1906 0 1907 1907 0 1904 1904 0 1436 1436 0 1434 1434 0 597 597 0 2044 2044 0 2301 2301 0 1043 1043 0 1748 1748 0 2300 2300 0 2280 2280 0 2044 2044 0 2199 2199 0 2301 2301 0 1738 1738 0 1736 1736 0 1735 1735 0 2043 2043 0 1041 1041 0 2199 2199 0 1733 1733 0 1734 1734 0 1731 1731 0 2042 2042 0 1047 1047 0 2040 2040 0 1730 1730 0 1733 1733 0 1729 1729 0 1150 1150 0 1033 1033 0 1032 1032 0 1728 1728 0 1730 1730 0 1727 1727 0 2302 2302 0 1150 1150 0 2058 2058 0 1724 1724 0 1726 1726 0 1722 1722 0 2303 2303 0 2302 2302 0 2058 2058 0 1723 1723 0 1912 1912 0 2137 2137 0 2058 2058 0 2198 2198 0 2303 2303 0 1 1 0 2137 2137 0 1912 1912 0 1151 1151 0 2303 2303 0 2198 2198 0 96 96 0 95 95 0 98 98 0 2304 2304 0 1028 1028 0 1030 1030 0 2279 2279 0 99 99 0 98 98 0 1152 1152 0 2304 2304 0 1030 1030 0 98 98 0 100 100 0 2279 2279 0 1030 1030 0 1024 1024 0 1152 1152 0 105 105 0 104 104 0 107 107 0 1021 1021 0 2037 2037 0 1019 1019 0 1712 1712 0 1708 1708 0 1710 1710 0 2059 2059 0 2060 2060 0 2037 2037 0 2225 2225 0 2305 2305 0 1707 1707 0 2036 2036 0 2196 2196 0 1015 1015 0 2305 2305 0 1706 1706 0 1707 1707 0 2035 2035 0 2306 2306 0 2196 2196 0 1706 1706 0 1703 1703 0 1707 1707 0 2035 2035 0 1013 1013 0 2306 2306 0 1705 1705 0 1700 1700 0 1703 1703 0 2195 2195 0 2247 2247 0 1010 1010 0 2307 2307 0 1685 1685 0 2286 2286 0 2033 2033 0 2308 2308 0 2247 2247 0 1683 1683 0 2307 2307 0 2286 2286 0 2033 2033 0 2032 2032 0 2308 2308 0 2286 2286 0 2309 2309 0 1683 1683 0 1008 1008 0 1007 1007 0 2032 2032 0 2309 2309 0 1684 1684 0 1683 1683 0 1006 1006 0 1005 1005 0 1007 1007 0 1684 1684 0 2310 2310 0 114 114 0 2311 2311 0 1005 1005 0 1154 1154 0 2310 2310 0 115 115 0 114 114 0 1155 1155 0 2311 2311 0 1154 1154 0 117 117 0 113 113 0 118 118 0 1002 1002 0 999 999 0 1155 1155 0 1681 1681 0 133 133 0 1680 1680 0 2031 2031 0 996 996 0 999 999 0 2312 2312 0 1681 1681 0 1677 1677 0 998 998 0 1156 1156 0 996 996 0 2313 2313 0 2312 2312 0 1677 1677 0 994 994 0 2029 2029 0 992 992 0 1679 1679 0 2313 2313 0 1677 1677 0 990 990 0 1157 1157 0 2029 2029 0 2314 2314 0 1679 1679 0 2134 2134 0 987 987 0 986 986 0 989 989 0 2134 2134 0 136 136 0 2314 2314 0 985 985 0 2315 2315 0 986 986 0 135 135 0 2314 2314 0 136 136 0 985 985 0 981 981 0 2315 2315 0 1665 1665 0 1663 1663 0 1662 1662 0 1159 1159 0 2316 2316 0 977 977 0 157 157 0 159 159 0 1926 1926 0 2025 2025 0 977 977 0 2316 2316 0 2272 2272 0 161 161 0 160 160 0 2316 2316 0 2026 2026 0 2025 2025 0 160 160 0 2263 2263 0 2272 2272 0 974 974 0 2317 2317 0 2025 2025 0 1661 1661 0 171 171 0 173 173 0 974 974 0 973 973 0 2317 2317 0 173 173 0 2318 2318 0 2131 2131 0 2024 2024 0 2319 2319 0 2194 2194 0 1659 1659 0 2131 2131 0 2318 2318 0 2319 2319 0 971 971 0 2194 2194 0 2318 2318 0 1657 1657 0 1659 1659 0 971 971 0 2320 2320 0 2194 2194 0 175 175 0 1659 1659 0 1658 1658 0 971 971 0 970 970 0 2320 2320 0 1658 1658 0 176 176 0 175 175 0 969 969 0 968 968 0 970 970 0 1929 1929 0 174 174 0 176 176 0 2022 2022 0 2246 2246 0 2023 2023 0 176 176 0 1655 1655 0 1928 1928 0 965 965 0 963 963 0 2022 2022 0 1656 1656 0 1928 1928 0 1655 1655 0 1160 1160 0 2193 2193 0 1161 1161 0 179 179 0 1656 1656 0 177 177 0 2321 2321 0 1161 1161 0 2193 2193 0 187 187 0 192 192 0 189 189 0 959 959 0 2321 2321 0 2193 2193 0 1930 1930 0 195 195 0 194 194 0 2021 2021 0 955 955 0 956 956 0 196 196 0 194 194 0 198 198 0 1162 1162 0 956 956 0 955 955 0 201 201 0 200 200 0 203 203 0 2020 2020 0 950 950 0 949 949 0 1653 1653 0 206 206 0 203 203 0 951 951 0 2322 2322 0 949 949 0 1650 1650 0 1652 1652 0 1653 1653 0 951 951 0 947 947 0 2322 2322 0 1653 1653 0 2323 2323 0 1650 1650 0 946 946 0 2245 2245 0 2019 2019 0 2323 2323 0 1651 1651 0 1650 1650 0 2324 2324 0 2019 2019 0 944 944 0 2325 2325 0 1649 1649 0 2128 2128 0 941 941 0 2324 2324 0 944 944 0 2326 2326 0 2325 2325 0 2128 2128 0 2018 2018 0 939 939 0 2192 2192 0 2127 2127 0 2326 2326 0 2128 2128 0 938 938 0 2192 2192 0 939 939 0 1648 1648 0 2327 2327 0 211 211 0 940 940 0 937 937 0 938 938 0 2327 2327 0 212 212 0 211 211 0 937 937 0 936 936 0 938 938 0 2163 2163 0 214 214 0 207 207 0 2017 2017 0 2191 2191 0 936 936 0 223 223 0 226 226 0 221 221 0 2014 2014 0 2016 2016 0 2191 2191 0 1645 1645 0 1646 1646 0 1643 1643 0 2013 2013 0 925 925 0 2190 2190 0 1933 1933 0 1644 1644 0 2328 2328 0 1165 1165 0 804 804 0 2299 2299 0 1933 1933 0 2328 2328 0 228 228 0 2299 2299 0 1166 1166 0 1165 1165 0 229 229 0 228 228 0 231 231 0 2061 2061 0 1164 1164 0 1166 1166 0 236 236 0 231 231 0 234 234 0 780 780 0 782 782 0 1296 1296 0 1641 1641 0 1636 1636 0 235 235 0 1297 1297 0 1296 1296 0 1299 1299 0 1640 1640 0 235 235 0 1636 1636 0 777 777 0 779 779 0 1301 1301 0 1638 1638 0 1639 1639 0 1636 1636 0 762 762 0 764 764 0 1308 1308 0 2329 2329 0 1638 1638 0 1637 1637 0 1310 1310 0 1308 1308 0 761 761 0 2330 2330 0 2329 2329 0 1637 1637 0 761 761 0 2331 2331 0 758 758 0 1637 1637 0 2332 2332 0 2330 2330 0 2331 2331 0 759 759 0 758 758 0 2332 2332 0 1934 1934 0 2330 2330 0 2268 2268 0 757 757 0 759 759 0 2126 2126 0 2330 2330 0 1934 1934 0 759 759 0 1315 1315 0 2268 2268 0 238 238 0 242 242 0 241 241 0 741 741 0 730 730 0 739 739 0 2167 2167 0 240 240 0 242 242 0 732 732 0 2333 2333 0 730 730 0 242 242 0 245 245 0 2167 2167 0 732 732 0 737 737 0 2333 2333 0 244 244 0 2166 2166 0 245 245 0 2186 2186 0 2334 2334 0 2267 2267 0 1631 1631 0 1633 1633 0 257 257 0 2334 2334 0 728 728 0 2267 2267 0 258 258 0 257 257 0 260 260 0 727 727 0 2267 2267 0 728 728 0 2170 2170 0 1630 1630 0 263 263 0 1999 1999 0 726 726 0 727 727 0 264 264 0 1627 1627 0 1938 1938 0 2335 2335 0 727 727 0 726 726 0 268 268 0 1938 1938 0 266 266 0 723 723 0 2335 2335 0 726 726 0 270 270 0 266 266 0 1940 1940 0 2336 2336 0 723 723 0 1998 1998 0 273 273 0 1940 1940 0 271 271 0 1998 1998 0 722 722 0 2336 2336 0 275 275 0 274 274 0 277 277 0 722 722 0 718 718 0 2336 2336 0 278 278 0 277 277 0 280 280 0 2266 2266 0 2337 2337 0 2185 2185 0 2338 2338 0 1622 1622 0 1621 1621 0 2339 2339 0 2185 2185 0 2337 2337 0 284 284 0 2338 2338 0 1621 1621 0 2337 2337 0 2340 2340 0 2339 2339 0 1621 1621 0 282 282 0 284 284 0 2340 2340 0 2341 2341 0 2339 2339 0 1618 1618 0 284 284 0 283 283 0 2342 2342 0 2339 2339 0 2341 2341 0 2125 2125 0 337 337 0 1600 1600 0 2277 2277 0 2342 2342 0 2341 2341 0 336 336 0 1600 1600 0 337 337 0 2341 2341 0 2343 2343 0 2277 2277 0 315 315 0 313 313 0 2293 2293 0 2343 2343 0 2251 2251 0 2277 2277 0 2121 2121 0 354 354 0 2295 2295 0 2344 2344 0 1338 1338 0 1337 1337 0 1575 1575 0 1574 1574 0 1577 1577 0 1337 1337 0 2212 2212 0 2344 2344 0 2119 2119 0 1572 1572 0 1574 1574 0 2084 2084 0 2344 2344 0 2212 2212 0 1572 1572 0 1571 1571 0 1574 1574 0 1342 1342 0 1341 1341 0 1343 1343 0 1570 1570 0 1569 1569 0 1571 1571 0 1346 1346 0 1343 1343 0 2345 2345 0 2222 2222 0 2346 2346 0 2258 2258 0 1346 1346 0 2345 2345 0 708 708 0 2265 2265 0 2258 2258 0 2346 2346 0 1352 1352 0 2298 2298 0 699 699 0 2346 2346 0 2174 2174 0 2265 2265 0 646 646 0 2087 2087 0 644 644 0 359 359 0 366 366 0 368 368 0 1390 1390 0 648 648 0 1391 1391 0 365 365 0 363 363 0 1954 1954 0 2090 2090 0 1394 1394 0 1393 1393 0 355 355 0 370 370 0 356 356 0 1422 1422 0 1421 1421 0 1423 1423 0 1558 1558 0 1557 1557 0 1560 1560 0 2096 2096 0 1423 1423 0 2215 2215 0 2117 2117 0 2116 2116 0 1557 1557 0 1425 1425 0 2215 2215 0 605 605 0 1555 1555 0 2347 2347 0 2116 2116 0 603 603 0 604 604 0 606 606 0 1555 1555 0 1554 1554 0 2347 2347 0 606 606 0 2348 2348 0 603 603 0 1547 1547 0 1541 1541 0 1542 1542 0 2348 2348 0 601 601 0 603 603 0 2110 2110 0 373 373 0 1518 1518 0 2349 2349 0 599 599 0 1426 1426 0 372 372 0 1518 1518 0 373 373 0 1428 1428 0 2349 2349 0 1426 1426 0 1517 1517 0 2236 2236 0 1516 1516 0 1431 1431 0 2270 2270 0 2099 2099 0 2236 2236 0 376 376 0 375 375 0 1978 1978 0 598 598 0 1979 1979 0 376 376 0 2290 2290 0 374 374 0 534 534 0 530 530 0 2297 2297 0 2287 2287 0 374 374 0 2290 2290 0 2178 2178 0 2350 2350 0 527 527 0 2351 2351 0 409 409 0 1515 1515 0 2178 2178 0 524 524 0 2350 2350 0 2352 2352 0 2351 2351 0 1515 1515 0 521 521 0 520 520 0 522 522 0 1515 1515 0 2353 2353 0 2352 2352 0 1969 1969 0 2354 2354 0 2177 2177 0 2353 2353 0 412 412 0 2352 2352 0 2354 2354 0 516 516 0 2177 2177 0 411 411 0 2352 2352 0 412 412 0 516 516 0 515 515 0 2177 2177 0 412 412 0 413 413 0 410 410 0 517 517 0 511 511 0 515 515 0 1958 1958 0 1957 1957 0 413 413 0 507 507 0 510 510 0 505 505 0 421 421 0 423 423 0 424 424 0 508 508 0 507 507 0 506 506 0 2355 2355 0 425 425 0 424 424 0 503 503 0 508 508 0 1967 1967 0 2356 2356 0 2355 2355 0 424 424 0 2291 2291 0 1478 1478 0 1477 1477 0 424 424 0 1513 1513 0 2356 2356 0 1496 1496 0 1492 1492 0 1493 1493 0 1514 1514 0 2356 2356 0 1513 1513 0 456 456 0 451 451 0 454 454 0 2357 2357 0 1514 1514 0 426 426 0 450 450 0 1512 1512 0 451 451 0 2358 2358 0 2357 2357 0 426 426 0 448 448 0 1964 1964 0 446 446 0 428 428 0 2358 2358 0 426 426 0 444 444 0 2359 2359 0 1964 1964 0 427 427 0 431 431 0 428 428 0 444 444 0 443 443 0 2359 2359 0 2175 2175 0 434 434 0 432 432 0 439 439 0 2176 2176 0 440 440 0 2360 2360 0 437 437 0 2237 2237 0 2237 2237 0 439 439 0 1962 1962 0 1962 1962 0 2360 2360 0 2237 2237 0</p></triangles></mesh></geometry></library_geometries><library_visual_scenes><visual_scene id="Scene"><node id="road-node"><instance_geometry url="#road"><bind_material><technique_common><instance_material symbol="asphalt" target="#asphalt-material"><bind_vertex_input semantic="UVSET0" input_semantic="TEXCOORD" input_set="0" /></instance_material></technique_common></bind_material></instance_geometry></node></visual_scene></library_visual_scenes><scene><instance_visual_scene url="#Scene" /></scene></COLLADA>