<?xml version='1.0' encoding='utf-8'?>
<COLLADA xmlns="http://www.collada.org/2005/11/COLLADASchema" version="1.4.1"><asset><created>2026-09-12T00:00:00Z</created><modified>2026-09-12T00:00:00Z</modified><unit name="meter" meter="1" /><up_axis>Z_UP</up_axis></asset><library_images><image id="asphalt-image"><init_from>textures/asphalt.png</init_from></image></library_images><library_effects><effect id="asphalt-effect"><profile_COMMON><newparam sid="surface"><surface type="2D"><init_from>asphalt-image</init_from></surface></newparam><newparam sid="sampler"><sampler2D><source>surface</source></sampler2D></newparam><technique sid="common"><phong><diffuse><texture texture="sampler" texcoord="UVSET0" /></diffuse><specular><color>0.02 0.02 0.02 1</color></specular></phong></technique></profile_COMMON></effect></library_effects><library_materials><material id="asphalt-material"><instance_effect url="#asphalt-effect" /></material></library_materials><library_geometries><geometry id="road"><mesh><source id="positions"><float_array id="positions-array" count="6732">-2.8488419 0.0587457 0.0000000 -3.5760403 -0.1236337 0.0000000 -2.4839468 -1.3961947 0.0000000 -3.4535447 -1.6393672 0.0000000 -3.2111452 -1.5785741 0.0000000 -3.6959442 -1.7001603 0.0000000 -3.8184398 -0.1844268 0.0000000 -3.9383437 -1.7609535 0.0000000 -4.3032388 -0.3060131 0.0000000 -4.1807432 -1.8217466 0.0000000 -4.4231426 -1.8825398 0.0000000 -4.7333858 -0.4138928 0.0000000 -4.7825789 -1.9255215 0.0000000 -4.5338810 -1.9016335 0.0000000 -4.9247217 -0.4322710 0.0000000 -4.7851304 -1.9257622 0.0000000 -5.4004371 -0.4763246 0.0000000 -5.3242734 -1.9745338 0.0000000 -5.2828142 -1.9718501 0.0000000 -6.4791284 -1.9732696 0.0000000 -6.3511723 -1.9842654 0.0000000 -6.2867218 -0.4842654 0.0000000 -6.7224500 -1.9311393 0.0000000 -6.4152268 -0.4620152 0.0000000 -6.8233521 -1.9063647 0.0000000 -7.0550280 -0.2570059 0.0000000 -7.5858572 -1.6601759 0.0000000 -7.5373149 -1.6775921 0.0000000 -7.2555598 -0.1771745 0.0000000 -7.8328212 -1.5616725 0.0000000 -7.8178695 -1.5678122 0.0000000 -7.4736773 -0.0848486 0.0000000 -8.0720904 -1.4603217 0.0000000 -8.0629598 -1.4642582 0.0000000 -8.0159824 0.2278965 0.0000000 -8.2163424 0.3560969 0.0000000 -8.8244285 -1.0355967 0.0000000 -8.3718524 0.4627878 0.0000000 -9.7092073 -0.3526491 0.0000000 -9.3371401 -0.6863843 0.0000000 -9.2606466 -0.7465185 0.0000000 -8.8362848 0.8809114 0.0000000 -10.1429825 0.1229255 0.0000000 -9.9928706 -0.0768738 0.0000000 -9.8976565 -0.1814131 0.0000000 -9.0925961 1.2220624 0.0000000 -10.2955944 0.3260717 0.0000000 -10.2930944 0.3227247 0.0000000 -9.1969181 1.3625378 0.0000000 -10.5191890 0.6505786 0.0000000 -10.4445106 0.5265957 0.0000000 -9.5617798 2.1593854 0.0000000 -9.7047551 2.5225453 0.0000000 -10.9565131 1.6073651 0.0000000 -11.1396097 2.0724338 0.0000000 -11.2113809 2.5250960 0.0000000 -11.1885645 2.2781731 0.0000000 -9.7158638 2.6427653 0.0000000 -11.2140305 2.5658629 0.0000000 -9.7331092 3.1004228 0.0000000 -11.2332422 3.1080962 0.0000000 -11.2328511 3.0653216 0.0000000 -11.2284015 3.3578599 0.0000000 -11.2117275 3.8674955 0.0000000 -11.2199327 3.6177236 0.0000000 -9.7131126 3.8007010 0.0000000 -11.1899156 4.1511148 0.0000000 -11.2097546 3.9025387 0.0000000 -9.6974277 3.9972281 0.0000000 -11.1812257 4.2198143 0.0000000 -9.6233621 4.4235775 0.0000000 -11.0818469 4.7755334 0.0000000 -11.0956793 4.7122522 0.0000000 -10.9354150 5.2857727 0.0000000 -11.0093911 5.0470661 0.0000000 -9.5719398 4.6181332 0.0000000 -9.4604314 4.9725236 0.0000000 -10.8562943 5.5313607 0.0000000 -10.9328519 5.2938803 0.0000000 -10.7671836 5.7162513 0.0000000 -9.1600196 5.3978841 0.0000000 -10.0376987 6.6300722 0.0000000 -10.2206922 6.4598761 0.0000000 -10.2933706 6.3819414 0.0000000 -8.8904098 5.6486391 0.0000000 -9.7304251 6.8938257 0.0000000 -9.8547052 6.8002683 0.0000000 -8.3731798 5.8927625 0.0000000 -8.1444081 5.9933450 0.0000000 -8.9769005 7.2659053 0.0000000 -8.5193572 7.4670704 0.0000000 -8.7481289 7.3664878 0.0000000 -8.0161953 6.0497155 0.0000000 -8.0662235 7.5549990 0.0000000 -8.3097844 7.5247993 0.0000000 -7.9276162 6.0606987 0.0000000 -7.1924561 6.0395206 0.0000000 -6.7147234 7.4628270 0.0000000 -6.8362452 7.4979936 0.0000000 -7.2984261 6.0606987 0.0000000 -7.0772353 7.5461554 0.0000000 -6.2480377 7.2838921 0.0000000 -6.7269609 5.8590065 0.0000000 -6.6736872 5.8010267 0.0000000 -5.5655911 6.8120413 0.0000000 -5.5585326 6.8042504 0.0000000 -5.3021181 6.4935366 0.0000000 -5.3922846 6.6181464 0.0000000 -6.5624471 5.6765005 0.0000000 -5.1771508 6.2771192 0.0000000 -6.4724273 5.5063411 0.0000000 -5.0412685 5.9765989 0.0000000 -5.1387936 6.2010081 0.0000000 -4.9690470 5.4603167 0.0000000 -4.9798173 5.7099911 0.0000000 -6.4625120 5.2444368 0.0000000 -4.9761280 5.0229504 0.0000000 -4.9602573 5.2041356 0.0000000 -5.0279603 4.7784781 0.0000000 -6.5945111 4.6218484 0.0000000 -5.1316247 4.2895334 0.0000000 -5.0797925 4.5340057 0.0000000 -5.2076767 4.0064299 0.0000000 -5.1418338 4.2474176 0.0000000 -6.6534648 4.4060756 0.0000000 -5.2788095 3.7575652 0.0000000 -5.2100801 3.9978350 0.0000000 -6.7896965 3.9298263 0.0000000 -5.4162684 3.2770256 0.0000000 -5.3475390 3.5172954 0.0000000 -5.7049860 0.9307482 0.0000000 -5.6768384 0.9193609 0.0000000 -5.1283689 2.3155743 0.0000000 -1.7241098 6.1469819 0.0000000 -1.7726118 6.3054827 0.0000000 -3.1827350 5.7873069 0.0000000 -5.3283159 8.7191875 0.0000000 -5.1576500 8.5366321 0.0000000 -4.0619083 9.5610101 0.0000000 -7.5801027 13.6814285 0.0000000 -7.7321235 13.8797792 0.0000000 -8.9226723 12.9673136 0.0000000 -7.9098291 14.1098188 0.0000000 -8.0722363 14.2994096 0.0000000 -9.0622818 13.1494705 0.0000000 -8.9410404 15.2377780 0.0000000 -9.1109051 15.4210791 0.0000000 -10.2111229 14.4015102 0.0000000 -10.3809876 14.5848114 0.0000000 -9.2807698 15.6043803 0.0000000 -10.0412582 14.2182091 0.0000000 -7.8841443 14.0781299 0.0000000 -7.1240403 13.0863765 0.0000000 -7.2760611 13.2847272 0.0000000 -8.3145892 12.1739109 0.0000000 -6.8199988 12.6896751 0.0000000 -6.9720196 12.8880258 0.0000000 -8.0105476 11.7772095 0.0000000 -9.8713935 14.0349080 0.0000000 -9.7015289 13.8516068 0.0000000 -8.6013111 14.8711757 0.0000000 -9.4487417 15.7856390 0.0000000 -9.6109860 15.9633456 0.0000000 -10.5546224 14.7722113 0.0000000 -9.5316642 13.6683057 0.0000000 -9.3617995 13.4850045 0.0000000 -8.2615817 14.5045735 0.0000000 -9.7719897 16.1459279 0.0000000 -9.9372765 16.3333674 0.0000000 -11.0623338 15.3412756 0.0000000 -10.1025634 16.5208069 0.0000000 -10.2678503 16.7082464 0.0000000 -11.2276207 15.5287151 0.0000000 -10.5984240 17.0831254 0.0000000 -10.7637109 17.2705649 0.0000000 -11.8887681 16.2784731 0.0000000 -11.7234813 16.0910336 0.0000000 -11.5581944 15.9035941 0.0000000 -12.3846288 16.8407916 0.0000000 -12.2193419 16.6533521 0.0000000 -11.2595715 17.8328834 0.0000000 -12.5867565 17.0734376 0.0000000 -12.5499156 17.0282311 0.0000000 -11.4055585 17.9984364 0.0000000 -12.7363162 17.2722701 0.0000000 -11.5119129 18.1398295 0.0000000 -12.7836070 17.3432010 0.0000000 -12.9101958 17.5586739 0.0000000 -11.9794406 18.9356306 0.0000000 -13.2899624 18.2050927 0.0000000 -13.1633736 17.9896198 0.0000000 -13.4278602 18.4902956 0.0000000 -13.3216486 18.2650855 0.0000000 -12.0583134 19.1028718 0.0000000 -13.4513398 18.5457494 0.0000000 -12.3043048 19.7621890 0.0000000 -13.7159522 19.2549164 0.0000000 -13.6301028 19.0202477 0.0000000 -13.7216732 19.2711282 0.0000000 -13.8021301 19.5077292 0.0000000 -12.4624510 20.2272521 0.0000000 -13.9630440 19.9809310 0.0000000 -13.8825871 19.7443301 0.0000000 -12.6233649 20.7004540 0.0000000 -14.1239579 20.4541328 0.0000000 -14.0435009 20.2175319 0.0000000 -12.8647357 21.4102567 0.0000000 -12.9451927 21.6468576 0.0000000 -14.2848718 20.9273347 0.0000000 -13.1061066 22.1200595 0.0000000 -13.1865635 22.3566604 0.0000000 -14.5262426 21.6371375 0.0000000 -14.6871565 22.1103393 0.0000000 -14.6066995 21.8737384 0.0000000 -15.8140112 25.4071516 0.0000000 -15.7310731 25.1779597 0.0000000 -14.4035236 25.9175678 0.0000000 -15.8990488 25.6421451 0.0000000 -14.4885612 26.1525612 0.0000000 -14.7436739 26.8575416 0.0000000 -14.8287115 27.0925351 0.0000000 -16.2391991 26.5821189 0.0000000 -14.9110077 27.3199531 0.0000000 -14.3184860 25.6825743 0.0000000 -14.2332248 25.4345826 0.0000000 -14.3143829 25.6709374 0.0000000 -13.5888482 23.5396650 0.0000000 -13.7497621 24.0128669 0.0000000 -15.1698981 23.5299448 0.0000000 -14.2325037 25.4324724 0.0000000 -15.6522808 24.9484947 0.0000000 -14.0715898 24.9592705 0.0000000 -14.1520468 25.1958715 0.0000000 -15.4917259 24.4763485 0.0000000 -13.9911329 24.7226696 0.0000000 -15.4112689 24.2397476 0.0000000 -13.9106760 24.4860687 0.0000000 -15.2503550 23.7665457 0.0000000 -13.8302190 24.2494678 0.0000000 -14.9285273 22.8201421 0.0000000 -14.8480703 22.5835411 0.0000000 -13.5083913 23.3030641 0.0000000 -13.2670204 22.5932613 0.0000000 -13.3474774 22.8298623 0.0000000 -13.0256496 21.8834586 0.0000000 -14.2044148 20.6907338 0.0000000 -12.7842788 21.1736558 0.0000000 -12.7038219 20.9370549 0.0000000 -12.5429080 20.4638530 0.0000000 -12.3819941 19.9906512 0.0000000 -11.7434641 18.5339638 0.0000000 -11.8700530 18.7494368 0.0000000 -12.0540550 16.4659126 0.0000000 -6.6679780 12.4913244 0.0000000 -6.3523112 9.8145199 0.0000000 -6.1816453 9.6319645 0.0000000 -5.2565695 10.8388978 0.0000000 -6.0791114 11.7229947 0.0000000 -6.2119156 11.8962724 0.0000000 -7.4024644 10.9838068 0.0000000 -5.9357424 11.5653856 0.0000000 -7.0419048 10.5522563 0.0000000 -7.0349747 10.5447415 0.0000000 -6.8643088 10.3621861 0.0000000 -7.2099701 10.7370148 0.0000000 -7.7065060 11.3805081 0.0000000 -7.5544852 11.1821574 0.0000000 -6.5159572 12.2929737 0.0000000 -7.8585268 11.5788588 0.0000000 -5.4272354 11.0214532 0.0000000 -6.5229771 9.9970753 0.0000000 -8.1625684 11.9755602 0.0000000 -4.9152377 10.4737870 0.0000000 -5.0859036 10.6563424 0.0000000 -5.8403135 9.2668537 0.0000000 -5.6696477 9.0842983 0.0000000 -4.5739060 10.1086762 0.0000000 -3.7086810 9.1828711 0.0000000 -3.7205766 9.1958993 0.0000000 -4.8223427 8.1779654 0.0000000 -4.6722367 8.0096344 0.0000000 -3.3638700 8.7798014 0.0000000 -3.5223843 8.9730022 0.0000000 -3.2053556 8.5866007 0.0000000 -4.3649931 7.6351592 0.0000000 -3.0468413 8.3934000 0.0000000 -4.2064788 7.4419585 0.0000000 -4.0479644 7.2487578 0.0000000 -3.9085381 7.0788219 0.0000000 -2.8883270 8.2001993 0.0000000 -2.7298126 8.0069986 0.0000000 -2.6935620 7.9590143 0.0000000 -3.7992989 6.9214845 0.0000000 -3.6869331 6.7312334 0.0000000 -2.3946595 7.4928311 0.0000000 -2.3932257 7.4903929 0.0000000 -3.5683223 6.5286678 0.0000000 -2.5217479 7.7080097 0.0000000 -1.8707594 6.5327376 0.0000000 -1.6255571 5.6188598 0.0000000 -1.6315683 5.6558105 0.0000000 -3.1090998 5.3964826 0.0000000 -1.5863270 5.2229446 0.0000000 -1.5917683 5.3725076 0.0000000 -3.0880747 5.2431896 0.0000000 -3.1150512 4.8194404 0.0000000 -3.1287233 4.6046778 0.0000000 -1.6180816 4.7241412 0.0000000 -1.6339588 4.4747394 0.0000000 -1.6415591 4.4058129 0.0000000 -3.1586479 4.4144961 0.0000000 -1.6802980 4.1596129 0.0000000 -3.2072076 4.1918211 0.0000000 -1.7416512 3.8722208 0.0000000 -3.3071813 3.7910003 0.0000000 -1.9915855 3.0395449 0.0000000 -1.8994141 3.2718329 0.0000000 -1.8757641 3.3411246 0.0000000 -2.1964814 2.5516568 0.0000000 -2.0952962 2.7797811 0.0000000 -3.5569686 3.1839295 0.0000000 -2.2195122 2.5042939 0.0000000 -3.7710413 2.7803663 0.0000000 -2.4699662 2.0337203 0.0000000 -2.4537289 2.0627559 0.0000000 -3.9680641 2.4461301 0.0000000 -4.0170743 2.3969014 0.0000000 -3.0103168 1.2820930 0.0000000 -3.1334597 1.1821654 0.0000000 -3.3430736 1.0460944 0.0000000 -3.6220967 0.8963294 0.0000000 -3.4035997 1.0107107 0.0000000 -4.2239289 2.2743783 0.0000000 -3.8197249 0.8259861 0.0000000 -4.7311256 2.1706953 0.0000000 -4.8028220 0.6671121 0.0000000 -4.5542542 0.6758310 0.0000000 -5.0410219 0.6986223 0.0000000 -4.7574213 2.1741738 0.0000000 -5.4433220 0.8303474 0.0000000 -5.2098055 0.7413340 0.0000000 -5.2503861 2.4070269 0.0000000 -5.3948320 2.5659957 0.0000000 -6.3605435 1.3982898 0.0000000 -5.1920858 2.3428650 0.0000000 -6.8184050 2.0072931 0.0000000 -6.7214851 1.8346907 0.0000000 -5.4619847 2.6554396 0.0000000 -6.9109361 2.2394382 0.0000000 -5.5096301 2.7749740 0.0000000 -5.5213086 2.8099452 0.0000000 -7.0315657 2.8770979 0.0000000 -7.0036566 2.5132460 0.0000000 -6.9894850 3.1234361 0.0000000 -5.4745655 3.0732264 0.0000000 -6.9442873 3.3754791 0.0000000 -6.9884048 3.1296047 0.0000000 -6.8584260 3.6895565 0.0000000 -6.9271554 3.4492867 0.0000000 -6.7209670 4.1700961 0.0000000 -8.7870085 5.7108171 0.0000000 -9.5190823 7.0209118 0.0000000 -10.4493578 6.1888132 0.0000000 -10.4906141 6.1325716 0.0000000 -9.2605057 5.2734719 0.0000000 -8.9437389 1.0239332 0.0000000 -7.0613397 -1.8301072 0.0000000 -6.6036235 -0.4016479 0.0000000 -5.0339723 -1.9488062 0.0000000 -5.1722877 -0.4551968 0.0000000 16.3605061 4.6562292 0.0000000 16.1173619 4.5984862 0.0000000 16.7070935 3.1968194 0.0000000 16.9502377 3.2545624 0.0000000 16.6036502 4.7139723 0.0000000 17.0899384 4.8294583 0.0000000 16.8467943 4.7717153 0.0000000 17.1933818 3.3123054 0.0000000 15.2482289 2.8503614 0.0000000 15.9776612 3.0235904 0.0000000 14.9016414 4.3097712 0.0000000 10.7681914 3.3281401 0.0000000 10.2819032 3.2126541 0.0000000 11.1147789 1.8687303 0.0000000 5.0361760 0.4251552 0.0000000 6.0087525 0.6561272 0.0000000 5.6621650 2.1155370 0.0000000 17.4365259 3.3700484 0.0000000 17.6796700 3.4277914 0.0000000 17.3330825 4.8872013 0.0000000 16.2208053 3.0813334 0.0000000 16.4639494 3.1390764 0.0000000 18.0625149 5.0604303 0.0000000 17.5762266 4.9449443 0.0000000 17.9228141 3.4855344 0.0000000 18.6522465 3.6587634 0.0000000 18.8953906 3.7165064 0.0000000 18.3056590 5.1181733 0.0000000 19.2782354 5.3491453 0.0000000 18.7919472 5.2336593 0.0000000 19.6248229 3.8897355 0.0000000 19.8679670 3.9474785 0.0000000 20.1111112 4.0052215 0.0000000 19.7645237 5.4646313 0.0000000 20.3542553 4.0629645 0.0000000 20.8405435 4.1784505 0.0000000 20.0076678 5.5223743 0.0000000 21.2233883 5.8110893 0.0000000 20.7371001 5.6956033 0.0000000 21.0836876 4.2361935 0.0000000 21.8129059 4.4093717 0.0000000 22.0557535 4.4668938 0.0000000 21.4669606 5.8689339 0.0000000 22.2988335 4.5243891 0.0000000 22.5420298 4.5819120 0.0000000 22.1967636 6.0416350 0.0000000 22.7852261 4.6394348 0.0000000 23.0284224 4.6969577 0.0000000 22.6831562 6.1566807 0.0000000 22.9263525 6.2142036 0.0000000 23.2716187 4.7544806 0.0000000 28.2766709 7.4797065 0.0000000 28.0334746 7.4221837 0.0000000 28.6219370 6.0199835 0.0000000 27.7902783 7.3646608 0.0000000 27.5470820 7.3071379 0.0000000 27.8923482 5.8474149 0.0000000 24.1423340 6.5018179 0.0000000 23.8991377 6.4442950 0.0000000 24.4876001 5.0420949 0.0000000 24.3855303 6.5593408 0.0000000 24.7307964 5.0996177 0.0000000 24.9739927 5.1571406 0.0000000 24.6287265 6.6168636 0.0000000 25.2171890 5.2146635 0.0000000 25.4603853 5.2721863 0.0000000 24.8719228 6.6743865 0.0000000 25.1151191 6.7319093 0.0000000 25.7035816 5.3297092 0.0000000 25.3583154 6.7894322 0.0000000 25.9467778 5.3872320 0.0000000 25.6015117 6.8469551 0.0000000 26.1899741 5.4447549 0.0000000 26.4331704 5.5022778 0.0000000 26.0879043 6.9620008 0.0000000 26.3311006 7.0195236 0.0000000 26.6763667 5.5598006 0.0000000 26.9195630 5.6173235 0.0000000 26.5742969 7.0770465 0.0000000 27.1627593 5.6748463 0.0000000 27.4059556 5.7323692 0.0000000 27.0606894 7.1920922 0.0000000 27.6491519 5.7898921 0.0000000 27.3038857 7.2496151 0.0000000 28.1355445 5.9049378 0.0000000 28.3787407 5.9624607 0.0000000 28.7630635 7.5947523 0.0000000 28.5198672 7.5372294 0.0000000 29.1083296 6.1350292 0.0000000 29.4926523 7.7673208 0.0000000 29.2494561 7.7097980 0.0000000 29.5947222 6.2500750 0.0000000 30.0811148 6.3651207 0.0000000 30.3243111 6.4226435 0.0000000 29.7358486 7.8248437 0.0000000 30.5675074 6.4801664 0.0000000 30.2222412 7.9398894 0.0000000 31.1950264 8.1699809 0.0000000 30.9518301 8.1124580 0.0000000 31.2970962 6.6527350 0.0000000 31.5402925 6.7102578 0.0000000 31.7834888 6.7677807 0.0000000 32.1601516 8.3431835 0.0000000 31.9757848 8.3356085 0.0000000 32.1295478 6.8406170 0.0000000 32.2859564 6.8277211 0.0000000 32.4526759 6.8139751 0.0000000 32.4092131 8.3226484 0.0000000 32.8195061 8.2707736 0.0000000 32.6582746 8.3021133 0.0000000 32.5311655 6.7895489 0.0000000 32.5623749 6.7719909 0.0000000 33.1975077 8.1357586 0.0000000 33.6198756 7.8443041 0.0000000 33.4153121 8.0132247 0.0000000 33.7793515 7.6560194 0.0000000 32.6175804 6.7068126 0.0000000 33.9598311 7.4126788 0.0000000 33.8122063 7.6143227 0.0000000 33.1923906 5.9216675 0.0000000 34.4027056 6.8077474 0.0000000 34.2550808 7.0093912 0.0000000 33.4876402 5.5183799 0.0000000 34.9932049 6.0011721 0.0000000 34.6979552 6.4044598 0.0000000 33.9305147 4.9134484 0.0000000 35.4360793 5.3962407 0.0000000 35.1408297 5.7995283 0.0000000 34.5210140 4.1068732 0.0000000 35.8789538 4.7913092 0.0000000 35.7313290 4.9929531 0.0000000 34.9638884 3.5019417 0.0000000 36.3218282 4.1863778 0.0000000 36.1742034 4.3880216 0.0000000 35.4067629 2.8970103 0.0000000 36.6170779 3.7830902 0.0000000 36.4694530 3.9847340 0.0000000 35.8496373 2.2920788 0.0000000 37.0599523 3.1781587 0.0000000 36.9123275 3.3798025 0.0000000 36.2925118 1.6871474 0.0000000 37.5028268 2.5732273 0.0000000 37.3552020 2.7748711 0.0000000 36.4401366 1.4855036 0.0000000 37.7980764 2.1699396 0.0000000 37.6504516 2.3715835 0.0000000 36.8830110 0.8805721 0.0000000 38.2409509 1.5650082 0.0000000 38.0933261 1.7666520 0.0000000 37.3258855 0.2756407 0.0000000 38.5362005 1.1617206 0.0000000 38.3885757 1.3633644 0.0000000 37.7687600 -0.3292908 0.0000000 38.9790750 0.5567891 0.0000000 38.8314501 0.7584329 0.0000000 38.2116344 -0.9342222 0.0000000 39.4219494 -0.0481423 0.0000000 39.2743246 0.1535015 0.0000000 38.5068841 -1.3375099 0.0000000 39.8648239 -0.6530738 0.0000000 39.7171991 -0.4514299 0.0000000 38.9497585 -1.9424413 0.0000000 40.3076983 -1.2580052 0.0000000 40.1600735 -1.0563614 0.0000000 39.5402578 -2.7490166 0.0000000 40.8981976 -2.0645805 0.0000000 40.7505728 -1.8629367 0.0000000 39.9831322 -3.3539480 0.0000000 41.3410721 -2.6695119 0.0000000 41.1934472 -2.4678681 0.0000000 40.4260067 -3.9588794 0.0000000 41.6363217 -3.0727995 0.0000000 41.4886969 -2.8711557 0.0000000 41.2902464 -4.8167127 0.0000000 42.3764675 -3.7526715 0.0000000 42.1753400 -3.6056762 0.0000000 42.6435061 -5.7355470 0.0000000 42.8690223 -5.8432307 0.0000000 43.3064179 -4.3898557 0.0000000 43.9663979 -4.7049951 0.0000000 43.7408817 -4.5973115 0.0000000 43.0945385 -5.9509143 0.0000000 43.6323054 -6.2012367 0.0000000 44.2175717 -4.8150588 0.0000000 44.1496385 -4.7924922 0.0000000 28.9879698 18.1813778 0.0000000 29.1259284 17.9730014 0.0000000 30.3766541 18.8010626 0.0000000 29.2636319 17.7650104 0.0000000 31.1892301 14.8450144 0.0000000 31.3268002 14.6363813 0.0000000 32.5790667 15.4621105 0.0000000 30.5151226 18.5919151 0.0000000 30.5146127 18.5926862 0.0000000 33.6796277 13.7930457 0.0000000 33.5420576 14.0016788 0.0000000 32.2897912 13.1759495 0.0000000 31.6019405 14.2191151 0.0000000 31.7395106 14.0104820 0.0000000 32.8542069 15.0448443 0.0000000 31.8770808 13.8018489 0.0000000 33.1293472 14.6275781 0.0000000 33.4044875 14.2103119 0.0000000 33.2669173 14.4189450 0.0000000 32.1522211 13.3845826 0.0000000 32.4273613 12.9673164 0.0000000 35.9820751 10.2104466 0.0000000 35.8473856 10.4209509 0.0000000 34.5838881 9.6125115 0.0000000 38.4415915 6.4630753 0.0000000 38.3025348 6.6707205 0.0000000 37.1952547 5.6284230 0.0000000 36.0828006 7.2895846 0.0000000 36.2218574 7.0819394 0.0000000 37.4681942 7.9165918 0.0000000 31.0516600 15.0536475 0.0000000 32.3039264 15.8793768 0.0000000 29.4009485 17.5570473 0.0000000 29.5383885 17.3486116 0.0000000 30.7906549 18.1743409 0.0000000 30.9282250 17.9657078 0.0000000 29.6759586 17.1399785 0.0000000 31.8912160 16.5052761 0.0000000 31.7536458 16.7139092 0.0000000 30.6389496 15.6795468 0.0000000 29.8135287 16.9313454 0.0000000 31.0657951 17.7570747 0.0000000 31.6160757 16.9225423 0.0000000 30.3638093 16.0968130 0.0000000 29.9510989 16.7227123 0.0000000 30.0886690 16.5140792 0.0000000 31.2033653 17.5484416 0.0000000 30.2262391 16.3054461 0.0000000 31.4785056 17.1311754 0.0000000 32.0146509 13.5932157 0.0000000 35.5780064 10.8419593 0.0000000 35.4433169 11.0524636 0.0000000 34.3145090 10.0335200 0.0000000 35.3086273 11.2629678 0.0000000 34.0451299 10.4545285 0.0000000 30.7765197 15.4709137 0.0000000 32.0287861 16.2966430 0.0000000 30.6528242 18.3833689 0.0000000 32.9676134 12.1385624 0.0000000 33.1023029 11.9280582 0.0000000 34.2311108 12.9470018 0.0000000 33.2369925 11.7175539 0.0000000 34.3658004 12.7364975 0.0000000 33.3716821 11.5070497 0.0000000 34.6351795 12.3154890 0.0000000 35.0392482 11.6839763 0.0000000 34.9045586 11.8944806 0.0000000 33.6410612 11.0860412 0.0000000 30.2386954 19.0094390 0.0000000 29.9627782 19.4261918 0.0000000 29.8248195 19.6345682 0.0000000 28.5740938 18.8065071 0.0000000 28.0222593 19.6400127 0.0000000 28.2981766 19.2232599 0.0000000 29.2729849 20.4680739 0.0000000 29.1350263 20.6764503 0.0000000 27.8843006 19.8483891 0.0000000 27.3324661 20.6818948 0.0000000 27.4704247 20.4735183 0.0000000 28.7211504 21.3015795 0.0000000 27.0565488 21.0986476 0.0000000 27.1945074 20.8902712 0.0000000 28.4452331 21.7183323 0.0000000 28.0313572 22.3434616 0.0000000 27.8933985 22.5518380 0.0000000 26.7806315 21.5154004 0.0000000 26.3667556 22.1405296 0.0000000 26.5047142 21.9321532 0.0000000 27.6174812 22.9685908 0.0000000 26.0908383 22.5572824 0.0000000 26.2287969 22.3489060 0.0000000 27.3415640 23.3853436 0.0000000 25.1251278 24.0159173 0.0000000 25.2630864 23.8075409 0.0000000 26.3758535 24.8439785 0.0000000 25.4010451 23.5991645 0.0000000 26.5138121 24.6356021 0.0000000 18.7021481 36.5416549 0.0000000 17.3096360 35.9306203 0.0000000 17.4462957 35.7213897 0.0000000 18.8388079 36.3324244 0.0000000 17.5829555 35.5121592 0.0000000 21.0253645 32.9847358 0.0000000 19.7695122 32.1644707 0.0000000 19.9061720 31.9552401 0.0000000 25.2721843 26.5109898 0.0000000 25.1342257 26.7193662 0.0000000 24.0214587 25.6829286 0.0000000 21.2986841 32.5662748 0.0000000 20.0428318 31.7460096 0.0000000 20.1794916 31.5367791 0.0000000 23.7455414 26.0996814 0.0000000 23.8835000 25.8913050 0.0000000 24.9962671 26.9277426 0.0000000 23.6075828 26.3080578 0.0000000 24.7203498 27.3444954 0.0000000 24.5823911 27.5528718 0.0000000 23.4696241 26.5164342 0.0000000 23.1937068 26.9331871 0.0000000 23.3316655 26.7248107 0.0000000 22.5286222 30.6831999 0.0000000 21.2727699 29.8629348 0.0000000 21.4094297 29.6537043 0.0000000 22.6652820 30.4739694 0.0000000 21.5460895 29.4444737 0.0000000 23.0557482 27.1415635 0.0000000 24.3064739 27.9696246 0.0000000 23.0752614 29.8462778 0.0000000 21.8194091 29.0260126 0.0000000 21.9560689 28.8167821 0.0000000 23.3485810 29.4278167 0.0000000 22.0927287 28.6075516 0.0000000 22.7797141 27.5584927 0.0000000 22.9177895 27.3499399 0.0000000 24.0306150 28.3862893 0.0000000 22.6418144 27.7669079 0.0000000 23.8940024 28.5927590 0.0000000 22.6393678 27.7706294 0.0000000 23.7585604 28.8001251 0.0000000 22.3660483 28.1890905 0.0000000 22.5027080 27.9798600 0.0000000 22.1186429 31.3108915 0.0000000 20.8627905 30.4906264 0.0000000 21.1361101 30.0721653 0.0000000 24.8583084 27.1361190 0.0000000 24.1594173 25.4745522 0.0000000 25.4101430 26.3026134 0.0000000 20.6153852 33.6124274 0.0000000 19.2228730 33.0013928 0.0000000 19.3595328 32.7921623 0.0000000 24.2973760 25.2661758 0.0000000 24.4353346 25.0577994 0.0000000 25.5481016 26.0942370 0.0000000 20.2054058 34.2401190 0.0000000 18.8128937 33.6290844 0.0000000 18.9495535 33.4198539 0.0000000 20.0687460 34.4493496 0.0000000 18.6762339 33.8383149 0.0000000 19.9320862 34.6585801 0.0000000 18.5395741 34.0475455 0.0000000 19.7954264 34.8678106 0.0000000 18.4029143 34.2567760 0.0000000 24.7112519 24.6410465 0.0000000 24.8492105 24.4326701 0.0000000 25.9619776 25.4691077 0.0000000 19.3854470 35.4955022 0.0000000 17.9929349 34.8844676 0.0000000 18.1295947 34.6752371 0.0000000 26.2378948 25.0523549 0.0000000 26.0999362 25.2607313 0.0000000 18.9754677 36.1231938 0.0000000 17.7196153 35.3029287 0.0000000 18.4288285 36.9601160 0.0000000 17.0363164 36.3490813 0.0000000 17.1729762 36.1398508 0.0000000 17.8821893 37.7970381 0.0000000 16.4896772 37.1860035 0.0000000 16.6263370 36.9767729 0.0000000 17.6088697 38.2154992 0.0000000 16.2163576 37.6044645 0.0000000 16.3530174 37.3952340 0.0000000 17.1988904 38.8431908 0.0000000 15.8063782 38.2321561 0.0000000 15.9430380 38.0229256 0.0000000 16.9255708 39.2616518 0.0000000 15.5330587 38.6506172 0.0000000 15.6697185 38.4413867 0.0000000 16.6522512 39.6801129 0.0000000 15.2597391 39.0690783 0.0000000 15.3963989 38.8598478 0.0000000 16.3789316 40.0985740 0.0000000 14.9864195 39.4875394 0.0000000 15.1230793 39.2783088 0.0000000 16.1056120 40.5170350 0.0000000 14.7130999 39.9060004 0.0000000 14.8497597 39.6967699 0.0000000 15.8322924 40.9354961 0.0000000 14.4397803 40.3244615 0.0000000 14.5764401 40.1152310 0.0000000 15.5589729 41.3539572 0.0000000 14.1664607 40.7429226 0.0000000 14.3031205 40.5336920 0.0000000 15.1489935 41.9816488 0.0000000 13.7564814 41.3706142 0.0000000 13.8931412 41.1613836 0.0000000 14.8756739 42.4001099 0.0000000 13.3465020 41.9983058 0.0000000 13.6198216 41.5798447 0.0000000 14.4656945 43.0278015 0.0000000 13.0731824 42.4167668 0.0000000 13.2098422 42.2075363 0.0000000 14.1923749 43.4462625 0.0000000 12.7998628 42.8352279 0.0000000 12.9365226 42.6259974 0.0000000 13.9190554 43.8647236 0.0000000 12.5265432 43.2536890 0.0000000 12.6632030 43.0444584 0.0000000 13.6457358 44.2831847 0.0000000 12.2532237 43.6721500 0.0000000 12.3898834 43.4629195 0.0000000 13.3724162 44.7016457 0.0000000 11.9871140 44.0795725 0.0000000 12.1165639 43.8813806 0.0000000 12.7857421 45.5468928 0.0000000 11.4182704 44.8817053 0.0000000 11.5630323 44.6779965 0.0000000 11.1940732 47.3266799 0.0000000 10.1680895 46.2324416 0.0000000 10.3503945 46.0615082 0.0000000 9.2998433 46.7501201 0.0000000 9.4906403 46.6508299 0.0000000 10.1893461 47.9781806 0.0000000 9.9179961 48.1171052 0.0000000 9.6884337 48.2158698 0.0000000 9.4588713 48.3146344 0.0000000 8.6819627 47.0159507 0.0000000 8.8660625 46.9367455 0.0000000 8.1387229 48.6961136 0.0000000 7.5995321 47.2828653 0.0000000 7.7890922 47.2374298 0.0000000 4.2433244 48.2765897 0.0000000 4.0145660 48.1759771 0.0000000 4.6344183 46.8099292 0.0000000 3.7602007 48.0505969 0.0000000 3.6343606 47.9717020 0.0000000 4.4940656 46.7402488 0.0000000 3.2392600 47.6655832 0.0000000 4.1579597 46.4798384 0.0000000 4.3555100 46.6328978 0.0000000 2.5977860 46.9780262 0.0000000 3.6421934 45.8727359 0.0000000 3.7931596 46.0718904 0.0000000 1.6431001 43.3829348 0.0000000 1.6447178 43.3692232 0.0000000 3.1335773 43.5518297 0.0000000 2.5975219 40.9351140 0.0000000 2.6272398 40.9000220 0.0000000 3.7570648 41.8869488 0.0000000 2.7945135 40.7143533 0.0000000 2.9617872 40.5286847 0.0000000 4.0762151 41.5327019 0.0000000 3.7479263 39.7619541 0.0000000 4.7516235 40.8774940 0.0000000 4.7258280 40.8994029 0.0000000 6.6581071 42.3718242 0.0000000 6.4851273 42.1920736 0.0000000 7.7166157 41.3085299 0.0000000 6.7046356 42.4161993 0.0000000 7.0807814 42.7453310 0.0000000 6.8927085 42.5807652 0.0000000 7.9465902 41.5097601 0.0000000 7.3578696 42.8988851 0.0000000 8.0172757 41.5311034 0.0000000 7.5954241 42.9706143 0.0000000 8.5015108 42.9676063 0.0000000 8.2638005 43.0369783 0.0000000 8.0445815 41.5383836 0.0000000 8.0456698 41.5380659 0.0000000 9.1549959 42.5826690 0.0000000 8.7625040 42.8824727 0.0000000 8.9841363 42.7658057 0.0000000 9.2907024 42.3768720 0.0000000 9.4356957 42.1381528 0.0000000 9.3064036 42.3520146 0.0000000 8.2813373 41.1482487 0.0000000 9.6942798 41.7104291 0.0000000 9.5649877 41.9242909 0.0000000 8.5399214 40.7205251 0.0000000 9.9528639 41.2827055 0.0000000 9.8235718 41.4965673 0.0000000 8.7985055 40.2928014 0.0000000 10.2114480 40.8549818 0.0000000 10.0821559 41.0688436 0.0000000 9.0570896 39.8650778 0.0000000 10.4700321 40.4272582 0.0000000 10.3407400 40.6411200 0.0000000 9.3156737 39.4373541 0.0000000 10.8579083 39.7856727 0.0000000 10.5993241 40.2133963 0.0000000 9.7035499 38.7957687 0.0000000 11.1164924 39.3579490 0.0000000 10.9872003 39.5718109 0.0000000 9.9621340 38.3680450 0.0000000 11.3750765 38.9302254 0.0000000 11.2457844 39.1440872 0.0000000 10.2207181 37.9403214 0.0000000 11.6336606 38.5025017 0.0000000 11.5043685 38.7163636 0.0000000 10.4793022 37.5125977 0.0000000 11.8922447 38.0747781 0.0000000 11.7629526 38.2886399 0.0000000 10.7378863 37.0848741 0.0000000 12.1508288 37.6470544 0.0000000 12.0215367 37.8609163 0.0000000 10.9964704 36.6571504 0.0000000 12.5387049 37.0054690 0.0000000 12.2801208 37.4331926 0.0000000 14.6356331 33.6098185 0.0000000 14.5041918 33.8223661 0.0000000 13.2284293 33.0334238 0.0000000 13.3598706 32.8208761 0.0000000 13.4913118 32.6083285 0.0000000 14.7670744 33.3972708 0.0000000 15.0299569 32.9721755 0.0000000 14.8985156 33.1847231 0.0000000 13.6227531 32.3957808 0.0000000 15.1613982 32.7596278 0.0000000 13.7541944 32.1832332 0.0000000 13.8856356 31.9706855 0.0000000 14.0170769 31.7581378 0.0000000 15.5557220 32.1219848 0.0000000 15.4242807 32.3345325 0.0000000 14.1485182 31.5455902 0.0000000 15.6871632 31.9094372 0.0000000 14.4114007 31.1204948 0.0000000 15.8255793 31.6853814 0.0000000 15.8186045 31.6968895 0.0000000 14.5393030 30.9136700 0.0000000 15.9531812 31.4705177 0.0000000 14.6626746 30.7059294 0.0000000 16.0814786 31.2524394 0.0000000 15.9547646 31.4678388 0.0000000 15.1687418 29.8456732 0.0000000 16.5883347 30.3908421 0.0000000 16.4616207 30.6062414 0.0000000 15.8023119 28.7686765 0.0000000 17.0951908 29.5292448 0.0000000 16.9684768 29.7446441 0.0000000 17.2219049 29.3138455 0.0000000 16.1824540 28.1224785 0.0000000 17.6020469 28.6676475 0.0000000 17.4753329 28.8830468 0.0000000 16.8160241 27.0454819 0.0000000 18.2356170 27.5906508 0.0000000 18.1089030 27.8060502 0.0000000 17.1961662 26.3992839 0.0000000 18.6157591 26.9444528 0.0000000 18.4890451 27.1598522 0.0000000 17.9564503 25.1068879 0.0000000 18.3365924 24.4606899 0.0000000 19.2493292 25.8674562 0.0000000 21.0381634 22.7458315 0.0000000 20.9424665 22.9754741 0.0000000 19.5776583 22.3510200 0.0000000 19.6441056 22.1915672 0.0000000 19.6945221 22.0439993 0.0000000 21.0555909 22.6998145 0.0000000 21.1363861 22.4633289 0.0000000 21.2122474 21.9768567 0.0000000 21.2043969 22.0850882 0.0000000 19.7122474 21.9224562 0.0000000 19.7122474 21.8301862 0.0000000 21.1843553 21.5243170 0.0000000 21.2122474 21.7269500 0.0000000 21.1186508 21.2901708 0.0000000 21.1688137 22.3290841 0.0000000 19.5317870 21.4549405 0.0000000 20.7641122 20.5976947 0.0000000 20.8275775 20.6970336 0.0000000 18.8140386 20.5052501 0.0000000 18.6633593 20.3058784 0.0000000 19.8600364 19.4014647 0.0000000 18.2113214 19.7077634 0.0000000 19.4079984 18.8033497 0.0000000 19.7093571 19.2020931 0.0000000 18.5474737 17.7473578 0.0000000 18.7230702 17.9139078 0.0000000 17.6209686 18.9359838 0.0000000 18.3061050 17.5936606 0.0000000 18.0735722 17.5021085 0.0000000 17.3604608 18.8334175 0.0000000 17.6991825 17.3702849 0.0000000 17.8410393 17.4105564 0.0000000 16.9961097 17.2741005 0.0000000 17.2067966 17.2817915 0.0000000 17.0467297 18.7770221 0.0000000 16.7540058 17.2995001 0.0000000 16.9794670 18.7840788 0.0000000 16.3790459 17.3976797 0.0000000 16.6185969 17.3264851 0.0000000 16.7698491 18.8469755 0.0000000 15.8038851 17.6819715 0.0000000 16.1317928 17.4746765 0.0000000 15.6343717 17.8655976 0.0000000 16.4694035 19.1740844 0.0000000 15.2930739 18.2381254 0.0000000 15.4610260 18.0534066 0.0000000 15.1812991 18.3991278 0.0000000 16.2857369 19.5305121 0.0000000 14.9523548 18.8434225 0.0000000 15.0668269 18.6212752 0.0000000 15.9423204 20.1969541 0.0000000 14.6089383 19.5098645 0.0000000 14.7234105 19.2877172 0.0000000 15.4844318 21.0855435 0.0000000 14.1510497 20.3984539 0.0000000 14.2655218 20.1763065 0.0000000 14.0365775 20.6206012 0.0000000 15.1410153 21.7519855 0.0000000 13.6931611 21.2870432 0.0000000 13.8076332 21.0648959 0.0000000 14.5686545 22.8627222 0.0000000 13.2352724 22.1756326 0.0000000 13.3497446 21.9534853 0.0000000 12.0882281 24.9296422 0.0000000 11.3559547 23.6033574 0.0000000 11.5547810 23.5277027 0.0000000 9.2162214 23.3855309 0.0000000 9.4455498 23.4848374 0.0000000 8.8494883 24.8613223 0.0000000 8.1265342 24.5298856 0.0000000 8.0838704 24.5064110 0.0000000 8.8283037 23.2039470 0.0000000 7.1259231 23.8283962 0.0000000 8.0029629 22.5872868 0.0000000 8.1770556 22.7582933 0.0000000 5.9413900 18.6223026 0.0000000 6.0467436 18.8489166 0.0000000 4.6865512 19.4812746 0.0000000 5.8360364 18.3956885 0.0000000 4.4758440 19.0280465 0.0000000 5.5199755 17.7158463 0.0000000 5.6253291 17.9424604 0.0000000 4.2651367 18.5748183 0.0000000 4.0797249 18.1760003 0.0000000 3.9974394 18.0543833 0.0000000 5.2168759 17.1799424 0.0000000 5.0057788 16.9243667 0.0000000 5.1674962 17.1148944 0.0000000 3.8621853 17.8950334 0.0000000 3.7004679 17.7045056 0.0000000 4.8440615 16.7338390 0.0000000 4.6823442 16.5433112 0.0000000 3.5387506 17.5139779 0.0000000 3.4179598 17.3716679 0.0000000 4.5206268 16.3527835 0.0000000 2.7025900 16.7838617 0.0000000 2.5443683 16.6545575 0.0000000 3.6517872 15.6223865 0.0000000 2.3729842 16.5462008 0.0000000 2.1624985 16.4143063 0.0000000 2.9589767 15.1432349 0.0000000 3.1707428 15.2759317 0.0000000 3.1733003 15.2775414 0.0000000 2.1767805 14.6847273 0.0000000 2.2932670 14.7386730 0.0000000 1.6046728 16.0728350 0.0000000 1.9418554 14.5995012 0.0000000 1.4303077 16.0095788 0.0000000 1.7069302 14.5142751 0.0000000 0.7733171 15.7712359 0.0000000 0.8956194 14.2630729 0.0000000 1.1396082 14.3157584 0.0000000 0.5853879 15.7306556 0.0000000 0.8828509 14.2604317 0.0000000 0.1473812 14.1149524 0.0000000 0.3925378 14.1634455 0.0000000 -0.0973444 15.5956080 0.0000000 -0.1943006 14.0852332 0.0000000 0.0539141 14.1025064 0.0000000 -0.2724317 15.5834237 0.0000000 -0.2463670 14.0834237 0.0000000 -1.1756892 15.5834237 0.0000000 -1.6306149 14.1428737 0.0000000 -1.3853773 14.0964894 0.0000000 -1.3467962 15.6157869 0.0000000 -1.6407036 14.1448536 0.0000000 -2.0307148 15.7548799 0.0000000 -2.4653259 14.3184641 0.0000000 -2.3753835 14.2942702 0.0000000 -2.7017042 14.3980865 0.0000000 -2.2119305 15.8159212 0.0000000 -2.9577370 14.4928235 0.0000000 -2.7234737 14.4057946 0.0000000 -4.1871907 15.0533228 0.0000000 -3.7474693 14.8157130 0.0000000 -3.0535167 16.1457143 0.0000000 -3.4740951 16.3729798 0.0000000 -3.6604280 16.4736675 0.0000000 -4.6769881 15.3509258 0.0000000 -4.4720978 15.2116673 0.0000000 -3.7805468 16.5553090 0.0000000 -4.7765453 15.4318622 0.0000000 -4.4249950 17.1780096 0.0000000 -5.5486675 16.1835808 0.0000000 -5.4954134 16.1264712 0.0000000 -5.7093433 16.3749637 0.0000000 -4.8806905 17.7218868 0.0000000 -5.0240261 17.8931042 0.0000000 -6.0308576 16.7590183 0.0000000 -6.2239515 16.9926115 0.0000000 -6.1912757 16.9506412 0.0000000 -6.3701450 17.1947906 0.0000000 -5.1444753 18.0596802 0.0000000 -6.5267145 17.4323768 0.0000000 -6.3897878 17.2233209 0.0000000 -5.7947295 19.0647917 0.0000000 -7.0800436 18.2914073 0.0000000 -6.9494853 18.0784619 0.0000000 -7.0927427 18.3129156 0.0000000 -6.0354722 19.4884973 0.0000000 -7.4631124 18.9647638 0.0000000 -7.3396558 18.7474811 0.0000000 -6.2823853 19.9230628 0.0000000 -7.7100255 19.3993293 0.0000000 -7.5865689 19.1820466 0.0000000 -6.5292984 20.3576283 0.0000000 -7.9569386 19.8338948 0.0000000 -7.8334821 19.6166121 0.0000000 -6.8996681 21.0094765 0.0000000 -8.3273083 20.4857431 0.0000000 -8.2038518 20.2684603 0.0000000 -7.1465813 21.4440420 0.0000000 -8.5742215 20.9203085 0.0000000 -8.4507649 20.7030258 0.0000000 -7.3934944 21.8786075 0.0000000 -8.8211346 21.3548740 0.0000000 -8.6976780 21.1375913 0.0000000 -7.7638641 22.5304557 0.0000000 -9.0680477 21.7894395 0.0000000 -8.9445912 21.5721568 0.0000000 -8.3842273 23.6173607 0.0000000 -9.6864778 22.8729526 0.0000000 -9.5624562 22.6559919 0.0000000 -8.7562924 24.2682428 0.0000000 -10.1825646 23.7407953 0.0000000 -10.0585429 23.5238346 0.0000000 -9.0043357 24.7021642 0.0000000 -10.4306079 24.1747167 0.0000000 -10.3065863 23.9577560 0.0000000 -9.3764008 25.3530462 0.0000000 -10.7944386 24.8111937 0.0000000 -10.6786513 24.6086380 0.0000000 -9.9456928 26.2439078 0.0000000 -11.1861901 25.4006010 0.0000000 -11.0456915 25.1939287 0.0000000 -10.7611069 27.3491934 0.0000000 -11.8404259 26.3075253 0.0000000 -11.7123305 26.1745492 0.0000000 -11.1111828 27.7098824 0.0000000 -12.3616041 26.8444924 0.0000000 -12.1875496 26.6651650 0.0000000 -12.9387710 29.5246387 0.0000000 -13.1308738 29.6844818 0.0000000 -14.0761268 28.5196486 0.0000000 -12.7466681 29.3647956 0.0000000 -13.7060850 28.2117478 0.0000000 -13.8981879 28.3715909 0.0000000 -14.2435502 28.6455737 0.0000000 -13.1597634 29.7073428 0.0000000 -13.6025452 30.0207906 0.0000000 -13.8105919 30.1592460 0.0000000 -14.4335877 28.7720439 0.0000000 -14.9159055 29.0874596 0.0000000 -14.8344254 29.0388019 0.0000000 -14.0496278 30.3172496 0.0000000 -14.7557452 30.5833432 0.0000000 -15.2750910 29.1541010 0.0000000 -15.0293777 29.1085126 0.0000000 -16.3242367 26.8171124 0.0000000 -16.4894226 27.3192350 0.0000000 -16.4134850 27.0811451 0.0000000 -14.9863472 27.5430091 0.0000000 -16.5653603 27.5573248 0.0000000 -15.1362872 28.0131210 0.0000000 -15.2122248 28.2512108 0.0000000 -15.2881625 28.4893007 0.0000000 -16.6412979 27.7954147 0.0000000 -16.7172356 28.0335046 0.0000000 -15.3641001 28.7273906 0.0000000 -15.4350597 28.9498724 0.0000000 -16.7931732 28.2715945 0.0000000 -16.9435616 28.7812210 0.0000000 -16.8783808 28.5411029 0.0000000 -15.4761264 29.1011572 0.0000000 -16.9682210 28.9297542 0.0000000 -16.9249247 29.6060376 0.0000000 -16.9712452 29.3737901 0.0000000 -15.4790267 29.1464332 0.0000000 -16.8079072 29.8835627 0.0000000 -16.6665536 30.0896512 0.0000000 -16.2835361 30.4169239 0.0000000 -16.4799112 30.2786220 0.0000000 -15.5009995 30.6779207 0.0000000 -15.7379391 30.6404962 0.0000000 -15.3941824 29.1761966 0.0000000 -15.2471717 30.6745200 0.0000000 -15.0014584 30.6289316 0.0000000 -14.5100319 30.5377548 0.0000000 -14.6416344 28.9104993 0.0000000 -13.3592009 29.8573469 0.0000000 -12.5122485 29.1669355 0.0000000 -12.5545653 29.2049525 0.0000000 -13.5358620 28.0701102 0.0000000 -12.3331438 28.9933125 0.0000000 -12.3076139 28.9673320 0.0000000 -13.3902748 27.9289789 0.0000000 -13.2319459 27.7598290 0.0000000 -13.0611675 27.5773788 0.0000000 -12.1368355 28.7848818 0.0000000 -11.9660572 28.6024316 0.0000000 -12.8903892 27.3949285 0.0000000 -11.7960239 28.4207773 0.0000000 -12.8888969 27.3933389 0.0000000 -12.7175927 27.2113899 0.0000000 -11.6293754 28.2437734 0.0000000 -11.4671874 25.8139457 0.0000000 -10.2266901 26.6572525 0.0000000 -10.3671887 26.8639248 0.0000000 -10.5877857 27.1692683 0.0000000 -10.5076873 27.0705971 0.0000000 -11.2852374 27.8892099 0.0000000 -9.5175202 25.5984386 0.0000000 -9.6509166 25.8095456 0.0000000 -9.5004224 25.5700069 0.0000000 -10.5546296 24.3916773 0.0000000 -9.1283574 24.9191248 0.0000000 -9.2523791 25.1360855 0.0000000 -8.8803140 24.4852035 0.0000000 -8.2602056 23.4004001 0.0000000 -7.6404075 22.3131730 0.0000000 -9.1911472 22.0060938 0.0000000 -7.8873206 22.7477385 0.0000000 -7.8880360 22.7489947 0.0000000 -7.5169509 22.0958902 0.0000000 -7.0231247 21.2267593 0.0000000 -8.0803952 20.0511776 0.0000000 -6.6527550 20.5749110 0.0000000 -6.7762116 20.7921938 0.0000000 -6.4058419 20.1403455 0.0000000 -7.2161992 18.5301983 0.0000000 -5.9120156 19.2712145 0.0000000 -6.8005680 17.8504887 0.0000000 -5.4088368 18.4633001 0.0000000 -5.5457636 18.6723560 0.0000000 -5.2719101 18.2542441 0.0000000 -4.9562623 15.6055145 0.0000000 -3.9139594 16.6842195 0.0000000 -2.6696316 15.9859573 0.0000000 -2.8751563 16.0623098 0.0000000 -3.1920002 14.5798524 0.0000000 -1.8855969 14.1946591 0.0000000 -1.5866520 15.6645679 0.0000000 1.4720051 14.4290490 0.0000000 1.1953826 15.9243527 0.0000000 0.9604574 15.8391267 0.0000000 4.2323079 16.0968078 0.0000000 3.2791644 17.2550580 0.0000000 4.8994261 19.9367882 0.0000000 4.7931705 19.7105969 0.0000000 6.1514671 19.0741753 0.0000000 5.2203041 20.6161244 0.0000000 4.9001019 19.9382229 0.0000000 6.2567500 19.2982961 0.0000000 6.5766136 19.9754806 0.0000000 6.6833477 20.2014477 0.0000000 5.3270382 20.8420915 0.0000000 5.5405064 21.2940258 0.0000000 6.8968159 20.6533820 0.0000000 5.6472404 21.5199929 0.0000000 7.1102840 21.1053163 0.0000000 7.2170181 21.3312834 0.0000000 5.8607086 21.9719272 0.0000000 7.4117272 21.7435028 0.0000000 7.5155066 21.9096711 0.0000000 6.2483829 22.7124734 0.0000000 6.2588626 22.7287803 0.0000000 6.3966769 22.9372522 0.0000000 7.8832426 22.4659458 0.0000000 6.9393220 23.6449741 0.0000000 6.7640715 23.4673512 0.0000000 6.9476392 23.6532729 0.0000000 8.3047145 22.8836890 0.0000000 7.4138853 24.0925972 0.0000000 7.3042069 24.0035195 0.0000000 7.6208238 24.2304906 0.0000000 9.3081452 25.0599352 0.0000000 9.0788168 24.9606287 0.0000000 9.7923508 23.6350132 0.0000000 9.6748783 23.5841439 0.0000000 9.9168210 23.6457972 0.0000000 9.7901137 25.1404386 0.0000000 10.1631798 23.6653048 0.0000000 10.4103082 23.6848734 0.0000000 10.0447747 25.1606242 0.0000000 10.2939015 25.1803511 0.0000000 10.5953919 23.6985338 0.0000000 10.2978992 25.1806569 0.0000000 10.6709948 25.1979182 0.0000000 10.5470175 25.1990434 0.0000000 10.7823036 23.6813221 0.0000000 10.9198485 25.1750026 0.0000000 11.8546588 25.0185168 0.0000000 11.2153545 23.6414448 0.0000000 11.7840359 25.0414563 0.0000000 11.5448842 25.1062404 0.0000000 11.9087336 23.3781650 0.0000000 12.6035111 24.7085355 0.0000000 12.3794699 24.8160132 0.0000000 12.6920721 24.6583924 0.0000000 12.2782260 23.1344480 0.0000000 13.1092977 24.3831905 0.0000000 12.9006849 24.5207915 0.0000000 13.7662895 23.8734596 0.0000000 13.3819308 24.1929618 0.0000000 12.7785095 22.7439887 0.0000000 12.9144904 22.6057313 0.0000000 13.0603054 22.4426854 0.0000000 14.1873189 23.4326448 0.0000000 14.0207258 23.6189242 0.0000000 13.1584270 22.3247606 0.0000000 14.2047961 23.4123864 0.0000000 14.4541824 23.0848695 0.0000000 14.3640156 23.2210327 0.0000000 13.4642167 21.7313379 0.0000000 14.9120710 22.1962802 0.0000000 14.7975989 22.4184275 0.0000000 15.0265432 21.9741328 0.0000000 15.3699596 21.3076908 0.0000000 14.3799940 19.9541592 0.0000000 15.8278483 20.4191015 0.0000000 15.7133761 20.6412488 0.0000000 14.4944662 19.7320119 0.0000000 16.1712647 19.7526595 0.0000000 16.0567926 19.9748068 0.0000000 16.4002091 19.3083648 0.0000000 18.5126800 20.1065067 0.0000000 18.9647180 20.7046217 0.0000000 20.1613950 19.8002081 0.0000000 20.4627536 20.1989514 0.0000000 19.4167559 21.3027367 0.0000000 19.2660766 21.1033651 0.0000000 20.2630414 24.1442616 0.0000000 20.1363274 24.3596609 0.0000000 18.8434485 23.5990926 0.0000000 19.8828994 24.7904595 0.0000000 18.5900204 24.0298913 0.0000000 19.7561853 25.0058589 0.0000000 19.6294713 25.2212582 0.0000000 19.1226152 26.0828555 0.0000000 18.8691872 26.5136542 0.0000000 17.8297363 25.3222873 0.0000000 17.3228802 26.1838846 0.0000000 16.9427381 26.8300826 0.0000000 16.3091680 27.9070792 0.0000000 15.9290259 28.5532772 0.0000000 16.7150488 30.1754428 0.0000000 15.2954558 29.6302738 0.0000000 15.4221698 29.4148745 0.0000000 16.2081927 31.0370401 0.0000000 14.7885997 30.4918712 0.0000000 14.9153137 30.2764718 0.0000000 12.4397817 34.3087098 0.0000000 12.5712230 34.0961621 0.0000000 13.8469855 34.8851044 0.0000000 12.0454579 34.9463528 0.0000000 12.3083404 34.5212574 0.0000000 13.3212204 35.7352951 0.0000000 13.1897791 35.9478427 0.0000000 13.0583379 36.1603904 0.0000000 11.9140166 35.1589004 0.0000000 11.7825754 35.3714481 0.0000000 12.9268966 36.3729380 0.0000000 11.6511341 35.5839957 0.0000000 11.5196928 35.7965434 0.0000000 12.7954914 36.5854274 0.0000000 11.3882184 36.0092314 0.0000000 12.6660767 36.7947835 0.0000000 11.3843465 36.0155649 0.0000000 11.2550545 36.2294268 0.0000000 10.8671783 36.8710122 0.0000000 9.8328419 38.5819068 0.0000000 12.7026642 33.8836144 0.0000000 12.8341055 33.6710668 0.0000000 13.9784267 34.6725568 0.0000000 12.9655468 33.4585191 0.0000000 13.0969880 33.2459715 0.0000000 14.2413093 34.2474614 0.0000000 8.6692134 40.5066633 0.0000000 6.9584029 40.4414915 0.0000000 7.1098995 40.6288081 0.0000000 5.7921074 41.3847597 0.0000000 5.6513712 41.2107476 0.0000000 5.5599766 41.1125742 0.0000000 6.7670460 40.2077764 0.0000000 6.0497810 39.6361008 0.0000000 6.4655196 39.9135439 0.0000000 5.3030315 40.9411019 0.0000000 5.8657051 39.5468060 0.0000000 5.1694559 40.8976009 0.0000000 5.6285742 39.4695805 0.0000000 4.9477154 40.8439396 0.0000000 4.7954903 40.8699877 0.0000000 4.5424944 39.3914773 0.0000000 4.9780564 39.3412109 0.0000000 5.2203060 39.3615464 0.0000000 4.7888208 39.3493270 0.0000000 3.9371525 39.6012389 0.0000000 4.2961681 39.4336275 0.0000000 3.5477882 39.9401068 0.0000000 3.7343194 39.7737955 0.0000000 4.3792571 41.2084058 0.0000000 3.1489275 40.3218059 0.0000000 3.3230303 40.1430018 0.0000000 4.2337610 41.3578308 0.0000000 3.1290608 40.3430161 0.0000000 3.6548485 42.0154386 0.0000000 2.4427214 41.1297042 0.0000000 2.3745356 41.2314893 0.0000000 2.1312056 41.6680712 0.0000000 2.2528706 41.4497802 0.0000000 3.4489004 42.3849501 0.0000000 3.3623240 42.5563983 0.0000000 1.9709263 41.9944623 0.0000000 2.0044485 41.9177014 0.0000000 1.8838558 42.2287101 0.0000000 3.2239741 42.9286043 0.0000000 1.7159306 42.8234411 0.0000000 1.7638824 42.5795681 0.0000000 3.1926348 43.0879898 0.0000000 1.7078459 42.8734126 0.0000000 3.1449213 44.1580503 0.0000000 3.1600064 44.3729326 0.0000000 1.6486039 44.2630948 0.0000000 1.6661048 44.5123879 0.0000000 1.6740847 44.5808423 0.0000000 3.2371385 44.8180777 0.0000000 3.2752534 45.0278132 0.0000000 1.7613103 45.0862779 0.0000000 1.8059937 45.3321574 0.0000000 3.3280857 45.2131811 0.0000000 1.8909534 45.6433461 0.0000000 2.1176190 46.2727451 0.0000000 2.0649276 46.1538550 0.0000000 3.4626361 45.6055205 0.0000000 3.5240503 45.7168816 0.0000000 2.2367912 46.4888377 0.0000000 2.2958536 46.5797171 0.0000000 2.4468198 46.7788716 0.0000000 4.0326643 46.3827611 0.0000000 3.0417097 47.5125238 0.0000000 2.9127604 47.3848440 0.0000000 4.7008413 48.4778149 0.0000000 4.4720829 48.3772023 0.0000000 5.2427751 47.0774969 0.0000000 4.8286550 48.5207873 0.0000000 5.4110855 47.1176736 0.0000000 5.0712266 48.5786906 0.0000000 5.6469775 47.1682610 0.0000000 5.8913285 47.2206624 0.0000000 5.3324514 48.6349147 0.0000000 5.5768024 48.6873162 0.0000000 5.8211534 48.7397176 0.0000000 6.0972078 47.2648135 0.0000000 6.1504196 48.7790258 0.0000000 6.1471851 48.7786873 0.0000000 6.3049033 47.2870012 0.0000000 6.3990251 48.8044939 0.0000000 6.7533376 48.8332954 0.0000000 6.6476306 48.8299621 0.0000000 6.7477609 47.3323693 0.0000000 7.0027902 48.8235513 0.0000000 6.9386431 47.3249131 0.0000000 7.0139845 48.8230303 0.0000000 7.8956997 48.7543636 0.0000000 7.7874766 48.7720595 0.0000000 8.0321154 47.1791798 0.0000000 8.3817460 48.6378636 0.0000000 9.2293090 48.4133989 0.0000000 9.1362078 48.4463740 0.0000000 9.7039171 46.5346893 0.0000000 10.4212799 47.8520315 0.0000000 10.2018049 47.9715473 0.0000000 10.6407550 47.7325157 0.0000000 9.9171926 46.4185495 0.0000000 10.0505743 46.3426266 0.0000000 11.0117683 47.4976133 0.0000000 10.8697923 47.6022972 0.0000000 11.5586831 46.9848131 0.0000000 11.3763782 47.1557465 0.0000000 11.0287817 45.4254363 0.0000000 12.1055979 46.4720129 0.0000000 11.9232929 46.6429463 0.0000000 12.3451074 46.1668179 0.0000000 12.1976121 46.3681404 0.0000000 11.1318891 45.2847007 0.0000000 12.3514562 46.1580193 0.0000000 12.6409802 45.7506016 0.0000000 13.5090760 44.4924152 0.0000000 13.2357564 44.9108763 0.0000000 13.2209530 44.9326933 0.0000000 11.8516698 44.2718263 0.0000000 13.0752660 45.1394751 0.0000000 13.7823956 44.0739541 0.0000000 14.0557151 43.6554931 0.0000000 14.3290347 43.2370320 0.0000000 14.6023543 42.8185709 0.0000000 15.0123337 42.1908793 0.0000000 15.4223131 41.5631877 0.0000000 15.9689522 40.7262656 0.0000000 16.2422718 40.3078045 0.0000000 16.5155914 39.8893434 0.0000000 16.7889110 39.4708824 0.0000000 17.0622306 39.0524213 0.0000000 17.4722099 38.4247297 0.0000000 17.7455295 38.0062686 0.0000000 16.7629968 36.7675424 0.0000000 18.1555089 37.3785770 0.0000000 18.0188491 37.5878076 0.0000000 18.2921687 37.1693465 0.0000000 18.5654883 36.7508854 0.0000000 19.5221068 35.2862717 0.0000000 19.6587666 35.0770412 0.0000000 20.3420656 34.0308885 0.0000000 20.4787254 33.8216580 0.0000000 19.6328524 32.3737012 0.0000000 20.8887047 33.1939664 0.0000000 21.1620243 32.7755053 0.0000000 20.4528112 31.1183180 0.0000000 21.8453233 31.7293526 0.0000000 21.7086635 31.9385831 0.0000000 21.9819831 31.5201221 0.0000000 22.3919625 30.8924305 0.0000000 21.6827493 29.2352432 0.0000000 22.9386016 30.0555083 0.0000000 23.2119212 29.6370473 0.0000000 22.2293885 28.3983210 0.0000000 23.6219006 29.0093557 0.0000000 23.4852408 29.2185862 0.0000000 26.6426729 21.7237768 0.0000000 28.3072745 21.9267087 0.0000000 28.8591090 21.0932031 0.0000000 28.4361352 19.0148835 0.0000000 29.6868609 19.8429446 0.0000000 35.1739378 11.4734721 0.0000000 33.9104403 10.6650327 0.0000000 34.1798194 10.2440242 0.0000000 34.4491986 9.8230157 0.0000000 35.7126960 10.6314551 0.0000000 34.7185777 9.4020072 0.0000000 34.8532673 9.1915030 0.0000000 36.3861438 9.5789339 0.0000000 36.2514543 9.7894381 0.0000000 34.9879568 8.9809987 0.0000000 35.1226464 8.7704945 0.0000000 35.2573359 8.5599903 0.0000000 36.7902125 8.9474211 0.0000000 36.6555230 9.1579254 0.0000000 35.3920255 8.3494860 0.0000000 37.0553700 8.5330377 0.0000000 36.9248899 8.7369359 0.0000000 35.6614046 7.9284775 0.0000000 35.7961312 7.7179435 0.0000000 35.8046871 7.7048751 0.0000000 37.3291375 8.1242370 0.0000000 37.1900807 8.3318822 0.0000000 36.3609141 6.8742942 0.0000000 39.8415674 1.6773843 0.0000000 39.9826001 1.4710760 0.0000000 41.0816729 2.5212732 0.0000000 37.8853645 7.2936561 0.0000000 37.7463077 7.5013013 0.0000000 36.4999709 6.6666490 0.0000000 35.9437439 7.4972298 0.0000000 36.7780844 6.2513586 0.0000000 36.9171412 6.0437134 0.0000000 38.0244212 7.0860109 0.0000000 38.1634780 6.8783657 0.0000000 38.7197050 6.0477849 0.0000000 38.5806483 6.2554301 0.0000000 37.3343114 5.4207777 0.0000000 38.8587618 5.8401396 0.0000000 37.6124249 5.0054873 0.0000000 39.1368753 5.4248492 0.0000000 38.9978185 5.6324944 0.0000000 37.7514817 4.7978421 0.0000000 39.4149888 5.0095588 0.0000000 39.2759321 5.2172040 0.0000000 38.0295952 4.3825517 0.0000000 39.5540456 4.8019136 0.0000000 38.3077087 3.9672613 0.0000000 40.1102726 3.9713328 0.0000000 39.9712158 4.1789780 0.0000000 38.7248790 3.3443256 0.0000000 37.4733682 5.2131325 0.0000000 36.5208334 9.3684296 0.0000000 35.5267151 8.1389818 0.0000000 39.8321591 4.3866232 0.0000000 39.6931023 4.5942684 0.0000000 38.4467655 3.7596161 0.0000000 38.8639358 3.1366804 0.0000000 39.0029925 2.9290352 0.0000000 40.2493294 3.7636875 0.0000000 40.5274429 3.3483971 0.0000000 40.3883861 3.5560423 0.0000000 39.1420493 2.7213900 0.0000000 40.6664996 3.1407519 0.0000000 39.2811060 2.5137448 0.0000000 39.4201628 2.3060996 0.0000000 39.6982763 1.8908092 0.0000000 40.9443893 2.7257958 0.0000000 39.6987244 1.8901408 0.0000000 39.8380032 1.6826459 0.0000000 40.1236327 1.2647677 0.0000000 40.2646654 1.0584595 0.0000000 41.3619450 2.1112799 0.0000000 40.4056980 0.8521512 0.0000000 41.6440103 1.6986633 0.0000000 40.5467307 0.6458429 0.0000000 41.7850429 1.4923551 0.0000000 42.0671082 1.0797385 0.0000000 41.9260756 1.2860468 0.0000000 40.6877634 0.4395346 0.0000000 42.3491736 0.6671219 0.0000000 42.2081409 0.8734302 0.0000000 40.9698287 0.0269181 0.0000000 41.1108613 -0.1793902 0.0000000 41.2518940 -0.3856985 0.0000000 41.3929266 -0.5920068 0.0000000 42.6312389 0.2545054 0.0000000 41.5339593 -0.7983150 0.0000000 41.6749919 -1.0046233 0.0000000 42.7722715 0.0481971 0.0000000 41.8160246 -1.2109316 0.0000000 43.0543368 -0.3644194 0.0000000 42.0980899 -1.6235481 0.0000000 42.2391226 -1.8298564 0.0000000 43.3364021 -0.7770360 0.0000000 42.3801552 -2.0361647 0.0000000 43.4774348 -0.9833443 0.0000000 42.5211879 -2.2424730 0.0000000 43.7595001 -1.3959608 0.0000000 42.6622205 -2.4487812 0.0000000 43.9005328 -1.6022691 0.0000000 42.8032532 -2.6550895 0.0000000 42.9442858 -2.8613978 0.0000000 43.0853185 -3.0677061 0.0000000 44.1825981 -2.0148857 0.0000000 44.4646634 -2.4275022 0.0000000 44.3236307 -2.2211939 0.0000000 44.6056960 -2.6338105 0.0000000 43.3673838 -3.4803226 0.0000000 45.0287940 -3.2527353 0.0000000 44.7467287 -2.8401188 0.0000000 43.5084165 -3.6866309 0.0000000 43.7904818 -4.0992475 0.0000000 43.9315144 -4.3055557 0.0000000 45.1698267 -3.4590436 0.0000000 45.3108593 -3.6653519 0.0000000 44.0506053 -4.4797667 0.0000000 44.1386365 -4.6424316 0.0000000 45.4698364 -3.9506646 0.0000000 45.4923093 -3.9957441 0.0000000 45.7316718 -5.0566497 0.0000000 45.7452762 -4.8071137 0.0000000 45.7030852 -4.5151290 0.0000000 45.4857593 -5.7882102 0.0000000 45.6994633 -5.3455449 0.0000000 45.6299064 -5.5848824 0.0000000 45.3093606 -5.9652323 0.0000000 44.5369350 -6.3567317 0.0000000 45.1245871 -6.1458654 0.0000000 44.8537459 -6.3153538 0.0000000 43.8659832 -6.2788617 0.0000000 43.5455709 -6.1662815 0.0000000 43.3200547 -6.0585979 0.0000000 42.3914681 -5.6006938 0.0000000 42.6107758 -5.7189228 0.0000000 43.1443466 -4.3024830 0.0000000 42.3123801 -5.5514863 0.0000000 42.1087997 -5.4065438 0.0000000 42.5747716 -3.8969647 0.0000000 41.7016388 -5.1166589 0.0000000 41.9052192 -5.2616014 0.0000000 40.1307571 -3.5555918 0.0000000 40.2783819 -3.7572356 0.0000000 41.8607645 -3.3757667 0.0000000 40.8867184 -4.5217916 0.0000000 41.0884824 -4.6692521 0.0000000 40.5807927 -4.1701426 0.0000000 40.7312689 -4.3689327 0.0000000 41.7804043 -3.2696050 0.0000000 40.5736315 -4.1605233 0.0000000 39.3926330 -2.5473727 0.0000000 40.4553231 -1.4596490 0.0000000 39.0973833 -2.1440851 0.0000000 39.2450081 -2.3457289 0.0000000 40.0124487 -0.8547176 0.0000000 38.6545089 -1.5391537 0.0000000 38.8021337 -1.7407975 0.0000000 39.5695742 -0.2497861 0.0000000 38.3592592 -1.1358660 0.0000000 39.1266998 0.3551453 0.0000000 37.9163848 -0.5309346 0.0000000 38.6838253 0.9600768 0.0000000 37.4735103 0.0739969 0.0000000 37.0306359 0.6789283 0.0000000 36.7353862 1.0822159 0.0000000 36.5877614 1.2838597 0.0000000 37.2075771 2.9765149 0.0000000 35.9972621 2.0904350 0.0000000 36.7647027 3.5814464 0.0000000 35.5543877 2.6953664 0.0000000 35.1115132 3.3002979 0.0000000 34.8162636 3.7035855 0.0000000 34.3733891 4.3085170 0.0000000 34.2257643 4.5101608 0.0000000 33.7828899 5.1150922 0.0000000 34.5503304 6.6061036 0.0000000 33.3400154 5.7200237 0.0000000 34.1074560 7.2110350 0.0000000 32.7495161 6.5265989 0.0000000 32.8971410 6.3249551 0.0000000 29.0062598 7.6522751 0.0000000 23.6559414 6.3867722 0.0000000 23.4127451 6.3292493 0.0000000 24.0012075 4.9270492 0.0000000 21.9535674 5.9841121 0.0000000 21.7103711 5.9265893 0.0000000 21.5699758 4.3516795 0.0000000 18.5488031 5.1759163 0.0000000 14.6584972 4.2520282 0.0000000 14.7619406 2.7348754 0.0000000 15.0050847 2.7926184 0.0000000 14.5187965 2.6771324 0.0000000 14.1722090 4.1365422 0.0000000 13.9290649 4.0787992 0.0000000 14.2756524 2.6193894 0.0000000 13.4427767 3.9633132 0.0000000 13.1996326 3.9055702 0.0000000 13.5462201 2.4461603 0.0000000 12.2270561 3.6745982 0.0000000 11.9839120 3.6168552 0.0000000 12.5736436 2.2151883 0.0000000 11.3579230 1.9264733 0.0000000 12.3304995 2.1574453 0.0000000 11.0113355 3.3858831 0.0000000 10.3853466 1.6955013 0.0000000 10.6284907 1.7532443 0.0000000 10.0387591 3.1549111 0.0000000 9.5524708 3.0394251 0.0000000 9.8990583 1.5800153 0.0000000 9.3093267 2.9816821 0.0000000 9.6559142 1.5222723 0.0000000 8.6833378 1.2913002 0.0000000 8.3367503 2.7507101 0.0000000 8.0936062 2.6929671 0.0000000 8.4401936 1.2335572 0.0000000 7.1210297 2.4619951 0.0000000 7.4676172 1.0025852 0.0000000 6.8778856 2.4042521 0.0000000 7.2244731 0.9448422 0.0000000 6.2518966 0.7138702 0.0000000 4.7930319 0.3674122 0.0000000 4.6895885 1.8845650 0.0000000 4.4464444 1.8268220 0.0000000 3.2307239 1.5381070 0.0000000 2.9875797 1.4803640 0.0000000 3.5773114 0.0786971 0.0000000 2.0150033 1.2493920 0.0000000 2.3615908 -0.2100179 0.0000000 2.1184467 -0.2677609 0.0000000 1.7718592 1.1916490 0.0000000 0.7992827 0.9606769 0.0000000 0.5561386 0.9029339 0.0000000 1.1458702 -0.4987329 0.0000000 0.1778777 -0.7286163 0.0000000 0.9027261 -0.5564759 0.0000000 -0.1732937 0.7297049 0.0000000 -0.1824476 0.7274702 0.0000000 -0.3023514 -0.8490565 0.0000000 -0.6672465 0.6058839 0.0000000 -0.5447509 -0.9098496 0.0000000 -0.9096460 0.5450908 0.0000000 -1.2719493 -1.0922290 0.0000000 -1.0295499 -1.0314359 0.0000000 -1.3944450 0.4235045 0.0000000 -1.5143488 -1.1530221 0.0000000 -1.8792439 0.3019183 0.0000000 -2.3640429 0.1803320 0.0000000 -1.9991478 -1.2746084 0.0000000 -2.2415473 -1.3354015 0.0000000 -2.6064424 0.1195389 0.0000000 -4.0608393 -0.2452200 0.0000000 -4.5456383 -0.3668062 0.0000000 -9.0349320 -0.9009060 0.0000000 -9.0550054 -0.8876030 0.0000000 -9.7128250 -0.3493828 0.0000000 -10.6268734 0.8760944 0.0000000 -10.9545066 1.6023223 0.0000000 -11.2234408 2.8155923 0.0000000 -9.5038985 4.8376894 0.0000000 -10.6288989 5.9244114 0.0000000 -6.7941917 5.8868195 0.0000000 -6.2298352 7.2766388 0.0000000 -6.4974848 5.5639993 0.0000000 -6.4677976 5.3990163 0.0000000 -4.9687882 5.4536239 0.0000000 -6.4953426 5.0895877 0.0000000 -8.7706516 12.7689629 0.0000000 -8.6186308 12.5706122 0.0000000 -8.7711757 15.0544769 0.0000000 -10.7231105 14.9567569 0.0000000 -10.4331371 16.8956859 0.0000000 -11.0942846 17.6454439 0.0000000 -13.0367847 17.7741469 0.0000000 -12.2226529 19.5389941 0.0000000 -13.6275819 19.0134587 0.0000000 -13.5394609 18.7796040 0.0000000 -14.4457856 21.4005365 0.0000000 -14.3653287 21.1639356 0.0000000 -14.5735988 26.3875547 0.0000000 -14.6586363 26.6225481 0.0000000 -16.0691240 26.1121320 0.0000000 -16.1541615 26.3471254 0.0000000 -15.3308120 24.0031467 0.0000000 -15.5721828 24.7129494 0.0000000 -15.0089842 23.0567430 0.0000000 -6.3639364 12.0946231 0.0000000 -7.2504436 10.7854561 0.0000000 -6.0109794 9.4494091 0.0000000 -5.4989818 8.9017429 0.0000000 -4.4032401 9.9261208 0.0000000 -3.5424366 8.9964422 0.0000000 -4.5235075 7.8283600 0.0000000 -2.5514557 7.7543385 0.0000000 -2.2535134 7.2507941 0.0000000 -2.2669584 7.2747514 0.0000000 -3.1519038 5.6236679 0.0000000 -1.6778390 5.9013962 0.0000000 -3.2552295 3.9716121 0.0000000 -1.8069017 3.5805268 0.0000000 -3.4725094 3.3743447 0.0000000 -4.1303694 2.3233559 0.0000000 -4.0645680 0.7759344 0.0000000 -6.1924835 1.2133327 0.0000000 -6.9256225 2.2795725 0.0000000 -5.5114305 2.8677710 0.0000000 13.7893642 2.5039033 0.0000000 5.9053091 2.1732800 0.0000000 15.8742178 4.5407432 0.0000000 15.6310737 4.4830002 0.0000000 20.4939560 5.6378603 0.0000000 23.5148149 4.8120034 0.0000000 23.1695488 6.2717264 0.0000000 24.2444038 4.9845720 0.0000000 25.8447080 6.9044779 0.0000000 26.8174932 7.1345694 0.0000000 29.3515259 6.1925521 0.0000000 30.4654375 7.9974123 0.0000000 32.0019080 6.8194431 0.0000000 31.7313136 8.2950538 0.0000000 33.0526284 8.1982252 0.0000000 35.5837041 5.1945969 0.0000000 36.0265786 4.5896654 0.0000000 37.9457012 1.9682958 0.0000000 37.6211351 -0.1276470 0.0000000 40.6029480 -1.6612928 0.0000000 39.8355074 -3.1523042 0.0000000 41.0458224 -2.2662243 0.0000000 32.5649315 12.7586833 0.0000000 32.4414965 15.6707436 0.0000000 36.1167647 9.9999424 0.0000000 30.9140898 15.2622806 0.0000000 32.1663562 16.0880099 0.0000000 30.5013794 15.8881799 0.0000000 31.3409354 17.3398085 0.0000000 32.7166368 15.2534774 0.0000000 31.4643704 14.4277482 0.0000000 34.0964213 13.1575060 0.0000000 34.0938079 13.1615616 0.0000000 32.8342240 12.3470347 0.0000000 33.8171979 13.5844126 0.0000000 34.5004899 12.5259933 0.0000000 34.7698691 12.1049848 0.0000000 28.7120525 18.5981307 0.0000000 28.8500111 18.3897542 0.0000000 29.5489022 20.0513211 0.0000000 27.6083834 20.2651419 0.0000000 28.1693158 22.1350852 0.0000000 16.8996566 36.5583119 0.0000000 20.5894710 30.9090875 0.0000000 24.4444325 27.7612482 0.0000000 24.1685152 28.1780011 0.0000000 20.7261307 30.6998569 0.0000000 25.6860603 25.8858605 0.0000000 24.5732932 24.8494230 0.0000000 25.8240189 25.6774841 0.0000000 18.2662545 34.4660065 0.0000000 17.8562751 35.0936981 0.0000000 16.0796978 37.8136951 0.0000000 14.0298009 40.9521531 0.0000000 10.5326994 45.8905748 0.0000000 3.9830069 48.1612126 0.0000000 3.4368103 47.8186426 0.0000000 1.6762819 43.1213179 0.0000000 7.5766926 41.1631298 0.0000000 7.8804724 41.4519062 0.0000000 8.5250320 42.9603210 0.0000000 15.2928394 32.5470801 0.0000000 18.7424731 26.7290535 0.0000000 20.6134329 20.3983231 0.0000000 19.6944860 21.7668915 0.0000000 21.0649333 21.1525772 0.0000000 20.9515668 20.9298636 0.0000000 18.8052812 18.0058631 0.0000000 19.1066398 18.4046064 0.0000000 17.6459160 18.9596460 0.0000000 16.3695333 17.4005757 0.0000000 16.5689502 19.0645999 0.0000000 15.4648583 18.0492236 0.0000000 15.2554875 21.5298382 0.0000000 13.9221054 20.8427486 0.0000000 13.5786889 21.5091906 0.0000000 7.6540197 24.2513783 0.0000000 4.3704903 18.8014324 0.0000000 5.7306828 18.1690745 0.0000000 3.4582803 15.4642460 0.0000000 2.5094658 14.8622839 0.0000000 1.2370799 14.3438229 0.0000000 0.6376943 14.2119386 0.0000000 -1.2459935 14.0834237 0.0000000 -3.7086159 14.7961519 0.0000000 -5.3156964 15.9528190 0.0000000 -5.6765537 18.8720429 0.0000000 -6.9374947 18.0595447 0.0000000 -9.8104995 23.0899133 0.0000000 -9.9345212 23.3068739 0.0000000 -12.7097132 27.2031473 0.0000000 -12.5356587 27.0238199 0.0000000 -11.4592919 28.0685373 0.0000000 -16.3295560 26.8323203 0.0000000 -16.4095116 27.0690431 0.0000000 -15.0603496 27.7750311 0.0000000 -16.8691109 28.5096843 0.0000000 -16.1396288 30.4962558 0.0000000 -15.4155688 29.1728186 0.0000000 -13.3944985 29.8823353 0.0000000 -10.7630737 27.3512276 0.0000000 -10.9371283 27.5305550 0.0000000 -10.9122584 24.9976497 0.0000000 -9.6646955 25.8305632 0.0000000 -7.2700378 21.6613247 0.0000000 -9.3145385 22.2222904 0.0000000 -8.0121623 22.9664787 0.0000000 -8.1361839 23.1834394 0.0000000 -8.5082490 23.8343214 0.0000000 -6.1589287 19.7057800 0.0000000 -6.6636413 17.6414328 0.0000000 2.5354446 14.8778413 0.0000000 2.7472106 15.0105381 0.0000000 1.7517986 16.1569537 0.0000000 6.0741768 22.4238615 0.0000000 7.6479757 22.1100573 0.0000000 6.6723056 23.3541960 0.0000000 9.5414392 25.1188936 0.0000000 9.7956479 25.1408974 0.0000000 11.1687023 25.1520870 0.0000000 11.4175560 25.1291714 0.0000000 11.7589958 23.4499977 0.0000000 12.3217974 24.8407675 0.0000000 13.9963926 23.6448676 0.0000000 14.6831267 22.6405749 0.0000000 15.5989040 20.8633961 0.0000000 20.0107157 19.6008364 0.0000000 19.1153973 20.9039934 0.0000000 20.3120743 19.9995797 0.0000000 18.4633064 24.2452906 0.0000000 17.4495942 25.9684853 0.0000000 15.6755979 28.9840759 0.0000000 13.7155442 35.0976521 0.0000000 13.5841029 35.3101997 0.0000000 10.0914260 38.1541832 0.0000000 10.3500101 37.7264595 0.0000000 10.6085942 37.2987359 0.0000000 9.5742578 39.0096305 0.0000000 8.4106293 40.9343869 0.0000000 3.3612571 40.1064181 0.0000000 2.1168393 41.6951327 0.0000000 1.7967854 42.4629580 0.0000000 1.7143623 44.8272751 0.0000000 3.1936457 44.5787499 0.0000000 1.9027893 45.6810713 0.0000000 2.7581399 47.1893054 0.0000000 6.5518911 47.3123036 0.0000000 7.2635270 48.8095459 0.0000000 7.5391935 48.7941919 0.0000000 8.2751385 47.1209298 0.0000000 8.6247692 48.5796136 0.0000000 8.8962803 48.5139412 0.0000000 10.6530894 47.7256477 0.0000000 12.4962182 45.9543105 0.0000000 13.0770339 45.1369765 0.0000000 10.7150043 45.7196414 0.0000000 11.7409880 46.8138797 0.0000000 15.2856533 41.7724183 0.0000000 17.3355502 38.6339602 0.0000000 19.1121274 35.9139633 0.0000000 19.2487872 35.7047328 0.0000000 20.7520449 33.4031969 0.0000000 21.4353439 32.3570442 0.0000000 20.3161514 31.3275485 0.0000000 21.5720037 32.1478137 0.0000000 22.8019418 30.2647389 0.0000000 37.6072510 7.7089465 0.0000000 38.5858222 3.5519709 0.0000000 38.1686520 4.1749065 0.0000000 36.6390277 6.4590038 0.0000000 41.5029776 1.9049716 0.0000000 40.8287960 0.2332264 0.0000000 42.4902062 0.4608137 0.0000000 42.9133042 -0.1581112 0.0000000 43.6184675 -1.1896525 0.0000000 44.0415654 -1.8085774 0.0000000 45.3513063 -3.7316433 0.0000000 45.6208531 -4.2837465 0.0000000 45.3022445 -5.9722788 0.0000000 44.2879258 -6.3355717 0.0000000 44.0389166 -6.3144118 0.0000000 42.9787794 -4.1846047 0.0000000 41.4920104 -4.9641732 0.0000000 41.4932844 -4.9651022 0.0000000 41.6953558 -5.1121366 0.0000000 39.6878826 -2.9506604 0.0000000 38.0640096 -0.7325784 0.0000000 37.1782607 0.4772845 0.0000000 36.1448870 1.8887912 0.0000000 35.7020125 2.4937226 0.0000000 35.2591380 3.0986541 0.0000000 34.6686388 3.9052293 0.0000000 33.0447658 6.1233113 0.0000000 23.7580112 4.8695263 0.0000000 22.4399599 6.0991579 0.0000000 19.5213795 5.4068883 0.0000000 14.4153531 4.1942852 0.0000000 13.6859208 4.0210562 0.0000000 14.0325083 2.5616463 0.0000000 3.3341672 0.0209541 0.0000000 -0.7871504 -0.9706427 0.0000000 -7.2993273 -1.7538496 0.0000000 -8.7058132 0.7623425 0.0000000 -9.4784277 1.9520834 0.0000000 -10.8422423 1.3271260 0.0000000 -11.0181040 5.0167038 0.0000000 -7.2242161 7.5606987 0.0000000 -7.9739360 7.5606987 0.0000000 -8.4314464 14.6878746 0.0000000 -9.2018887 13.3124446 0.0000000 -10.9289977 17.4580044 0.0000000 -11.3929075 15.7161546 0.0000000 -11.6168753 18.3184909 0.0000000 -15.9840864 25.8771385 0.0000000 -13.4279343 23.0664632 0.0000000 -14.7676134 22.3469402 0.0000000 -5.7685671 11.3865640 0.0000000 -4.7445718 10.2912316 0.0000000 -2.0837570 2.8072568 0.0000000 -4.3649903 2.2455420 0.0000000 -5.9326926 1.0282775 0.0000000 19.1385347 3.7742494 0.0000000 31.6814190 8.2850266 0.0000000 31.4382227 8.2275037 0.0000000 32.9917771 14.8362112 0.0000000 33.5063716 11.2965454 0.0000000 28.5831917 21.5099559 0.0000000 27.4795226 23.1769672 0.0000000 19.4961926 32.5829317 0.0000000 24.9871692 24.2242937 0.0000000 26.6517708 24.4272257 0.0000000 25.5390037 23.3907881 0.0000000 25.6769624 23.1824117 0.0000000 26.9276880 24.0104728 0.0000000 6.4641091 42.1693098 0.0000000 7.8604772 43.0416962 0.0000000 14.2799594 31.3330425 0.0000000 20.8966116 23.0672649 0.0000000 20.7698975 23.2826642 0.0000000 19.6180192 21.6166688 0.0000000 20.9449801 20.9172223 0.0000000 17.9099628 19.3090201 0.0000000 16.8111392 18.8341059 0.0000000 5.3557022 17.3851259 0.0000000 3.3844783 15.4110577 0.0000000 0.1014705 15.6349345 0.0000000 -2.1304902 14.2444647 0.0000000 -4.4070514 15.1721276 0.0000000 -4.2733935 17.0315241 0.0000000 -9.4384345 22.4390312 0.0000000 -11.6076860 26.0206180 0.0000000 -16.9841971 29.1791496 0.0000000 -15.9088743 30.5922022 0.0000000 -12.0134950 26.4858375 0.0000000 -9.8051941 26.0372355 0.0000000 5.7539745 21.7459601 0.0000000 7.0035500 20.8793491 0.0000000 13.8215711 23.8226158 0.0000000 17.5763082 25.7530859 0.0000000 9.1863816 39.6512160 0.0000000 6.5981429 40.0263456 0.0000000 5.0137896 40.8494862 0.0000000 3.5631058 42.1800431 0.0000000 1.7166270 44.8403985 0.0000000 1.8226313 45.4036305 0.0000000 3.9394939 46.2649345 0.0000000 2.7487522 47.1771807 0.0000000 5.0881004 48.5825133 0.0000000 5.8987489 48.7521474 0.0000000 7.4190547 47.2989534 0.0000000 7.5130696 48.7960615 0.0000000 8.5038449 47.0661114 0.0000000 15.6956327 41.1447267 0.0000000 37.0561979 5.8360682 0.0000000 43.1953695 -0.5707277 0.0000000 45.7277525 -5.1025500 0.0000000 -1.1520455 0.4842977 0.0000000 -5.6014525 -1.9842654 0.0000000 -10.8612993 1.3705096 0.0000000 -8.6019514 5.7921799 0.0000000 -5.7346754 6.9960625 0.0000000 -10.5508522 14.7681125 0.0000000 -5.5979012 11.2040086 0.0000000 -3.3858346 3.5927802 0.0000000 18.4091024 3.6010204 0.0000000 29.8379185 6.3075978 0.0000000 32.7009921 12.5523394 0.0000000 19.0862132 33.2106233 0.0000000 26.7897294 24.2188493 0.0000000 6.2984075 41.9822368 0.0000000 7.6190056 42.9773161 0.0000000 20.6431835 23.4980636 0.0000000 19.3503046 22.7374953 0.0000000 19.4770186 22.5220960 0.0000000 19.2573191 18.6039781 0.0000000 5.4146219 17.4892323 0.0000000 -1.8315452 15.7143735 0.0000000 6.1162024 22.5008301 0.0000000 11.0311574 23.6584065 0.0000000 8.1520452 41.3621106 0.0000000 3.9089414 41.7183705 0.0000000 7.1825905 47.3117311 0.0000000 37.8905385 4.5901969 0.0000000 45.5962322 -4.2230178 0.0000000 -7.6442030 -0.0099865 0.0000000 -9.7207415 3.5684738 0.0000000 -6.6936429 10.1796307 0.0000000 -1.6884043 4.1163889 0.0000000 -6.5733003 1.6373162 0.0000000 29.9790449 7.8823666 0.0000000 26.9185901 21.3070240 0.0000000 7.4212649 40.9876558 0.0000000 19.2235906 22.9528946 0.0000000 20.5164695 23.7134629 0.0000000 14.8378826 19.0655698 0.0000000 1.9507324 16.2816095 0.0000000 -5.8704395 16.5673954 0.0000000 -8.6322707 24.0512821 0.0000000 6.8012503 40.2471815 0.0000000 43.2263512 -3.2740144 0.0000000 -10.7317601 14.9663966 0.0000000 -8.0917170 14.3212723 0.0000000 -10.8970469 15.1538361 0.0000000 -3.8912424 9.3784547 0.0000000 33.9547680 13.3757795 0.0000000 19.0968765 23.1682940 0.0000000 4.1597831 18.3482043 0.0000000 11.2735084 45.0854141 0.0000000 -2.1352202 7.0306577 0.0000000 -6.5471748 4.8451154 0.0000000 33.9577702 13.3711901 0.0000000 14.1098680 34.4600091 0.0000000 -1.6368445 0.3627114 0.0000000 14.3727506 34.0349138 0.0000000 27.7554399 22.7602144 0.0000000 13.3257141 24.2353920 0.0000000 12.4501772 23.0169183 0.0000000 8.9277975 40.0789396 0.0000000 28.8651333 6.0775064 0.0000000 27.0656467 23.8020964 0.0000000 25.8149210 22.9740353 0.0000000 -7.4280819 13.4830778 0.0000000 -12.1358086 19.3085279 0.0000000 -14.2623161 30.4442612 0.0000000 33.7757508 10.8755369 0.0000000 -14.0186386 30.2977013 0.0000000 30.1007368 19.2178154 0.0000000 -8.4666100 12.3722615 0.0000000 -4.2325742 9.7435655 0.0000000 -4.9869841 8.3540767 0.0000000 -4.7202724 17.5302639 0.0000000 -4.5601930 17.3390456 0.0000000 -5.7100213 16.3757725 0.0000000 -3.4565322 6.3206332 0.0000000 -2.0169270 6.8105213 0.0000000 -3.3382390 6.1004968 0.0000000 -3.2351146 5.9085886 0.0000000 -1.8986338 6.5903849 0.0000000 -3.4827736 14.6905441 0.0000000 -3.4262635 14.6668813 0.0000000 -2.4353684 15.8989284 0.0000000 -1.7948980 3.6280526 0.0000000 -2.5967455 1.8183684 0.0000000 -3.8891102 2.5798103 0.0000000 -2.5972855 1.8174526 0.0000000 -2.7243739 1.6022740 0.0000000 0.3466271 15.6834276 0.0000000 -2.8386427 1.4545325 0.0000000 -4.9090415 2.2319695 0.0000000 4.2401563 16.1033112 0.0000000 -6.5286036 1.5832469 0.0000000 4.4312770 16.2638826 0.0000000 4.5811976 19.2546605 0.0000000 4.7919048 19.7078886 0.0000000 -6.0002401 7.1816567 0.0000000 8.4362749 22.9713542 0.0000000 -9.2056722 7.1653228 0.0000000 8.3488340 24.6429583 0.0000000 -9.4344438 7.0647402 0.0000000 9.0081973 23.2954499 0.0000000 8.3908314 24.6627093 0.0000000 8.6201599 24.7620158 0.0000000 -9.0161407 5.5317010 0.0000000 -9.3794714 5.0943928 0.0000000 12.0747709 23.2686469 0.0000000 -9.7287810 3.3237469 0.0000000 13.1195564 24.3763020 0.0000000 -11.2281380 3.3679518 0.0000000 -9.7245046 2.8720751 0.0000000 16.7365396 18.8830581 0.0000000 -9.2732729 1.5224424 0.0000000 17.4527764 17.3259191 0.0000000 17.1876770 18.8023074 0.0000000 17.5240544 18.8978270 0.0000000 -8.4034214 -1.3049780 0.0000000 18.0606421 19.5083917 0.0000000 -8.3006811 -1.3599688 0.0000000 -6.8416111 -0.3253904 0.0000000 -5.6153064 -0.4842654 0.0000000 -5.5737540 -1.9837537 0.0000000 20.3897555 23.9288622 0.0000000 18.9701625 23.3836933 0.0000000 30.8107036 6.5376893 0.0000000 31.0538999 6.5952121 0.0000000 30.7086338 8.0549351 0.0000000 7.2607453 40.8064331 0.0000000 6.1327060 41.7951638 0.0000000 6.1224652 41.7833565 0.0000000 5.9607383 41.5929188 0.0000000 41.9735760 -3.4582157 0.0000000 5.9492601 41.5790697 0.0000000 42.7751989 -4.0396622 0.0000000 5.6178080 39.4661637 0.0000000 43.5153655 -4.4896279 0.0000000 5.3790464 39.3923653 0.0000000 4.5460292 41.0597117 0.0000000 41.9570573 -1.4172399 0.0000000 3.2898681 42.7513283 0.0000000 41.2209123 2.3175882 0.0000000 3.1642694 43.3107728 0.0000000 3.1146148 43.7263470 0.0000000 1.6161494 43.6309706 0.0000000 1.6136021 43.7645086 0.0000000 1.6311030 44.0138017 0.0000000 3.1274204 43.9087572 0.0000000 10.8973092 45.5487080 0.0000000 9.9678142 48.0934652 0.0000000 9.0956249 46.8379810 0.0000000 8.8677923 48.5213636 0.0000000 4.8472257 46.9035262 0.0000000 5.0759841 47.0041388 0.0000000</float_array><technique_common><accessor source="#positions-array" count="2244" stride="3"><param name="X" type="float" /><param name="Y" type="float" /><param name="Z" type="float" /></accessor></technique_common></source><source id="uv"><float_array id="uv-array" count="4488">-1.4244209 0.0293729 -1.7880202 -0.0618168 -1.2419734 -0.6980973 -1.7267724 -0.8196836 -1.6055726 -0.7892870 -1.8479721 -0.8500802 -1.9092199 -0.0922134 -1.9691718 -0.8804767 -2.1516194 -0.1530065 -2.0903716 -0.9108733 -2.2115713 -0.9412699 -2.3666929 -0.2069464 -2.3912894 -0.9627608 -2.2669405 -0.9508168 -2.4623608 -0.2161355 -2.3925652 -0.9628811 -2.7002186 -0.2381623 -2.6621367 -0.9872669 -2.6414071 -0.9859251 -3.2395642 -0.9866348 -3.1755862 -0.9921327 -3.1433609 -0.2421327 -3.3612250 -0.9655697 -3.2076134 -0.2310076 -3.4116761 -0.9531823 -3.5275140 -0.1285030 -3.7929286 -0.8300880 -3.7686575 -0.8387960 -3.6277799 -0.0885873 -3.9164106 -0.7808362 -3.9089347 -0.7839061 -3.7368386 -0.0424243 -4.0360452 -0.7301609 -4.0314799 -0.7321291 -4.0079912 0.1139483 -4.1081712 0.1780484 -4.4122142 -0.5177983 -4.1859262 0.2313939 -4.8546037 -0.1763245 -4.6685700 -0.3431922 -4.6303233 -0.3732593 -4.4181424 0.4404557 -5.0714913 0.0614627 -4.9964353 -0.0384369 -4.9488283 -0.0907065 -4.5462981 0.6110312 -5.1477972 0.1630358 -5.1465472 0.1613624 -4.5984590 0.6812689 -5.2595945 0.3252893 -5.2222553 0.2632978 -4.7808899 1.0796927 -4.8523775 1.2612726 -5.4782565 0.8036826 -5.5698049 1.0362169 -5.6056905 1.2625480 -5.5942822 1.1390866 -4.8579319 1.3213827 -5.6070153 1.2829314 -4.8665546 1.5502114 -5.6166211 1.5540481 -5.6164256 1.5326608 -5.6142008 1.6789300 -5.6058637 1.9337478 -5.6099664 1.8088618 -4.8565563 1.9003505 -5.5949578 2.0755574 -5.6048773 1.9512693 -4.8487138 1.9986140 -5.5906129 2.1099072 -4.8116811 2.2117887 -5.5409235 2.3877667 -5.5478396 2.3561261 -5.4677075 2.6428863 -5.5046955 2.5235330 -4.7859699 2.3090666 -4.7302157 2.4862618 -5.4281472 2.7656804 -5.4664260 2.6469402 -5.3835918 2.8581257 -4.5800098 2.6989420 -5.0188493 3.3150361 -5.1103461 3.2299381 -5.1466853 3.1909707 -4.4452049 2.8243196 -4.8652126 3.4469128 -4.9273526 3.4001341 -4.1865899 2.9463812 -4.0722041 2.9966725 -4.4884503 3.6329527 -4.2596786 3.7335352 -4.3740644 3.6832439 -4.0080976 3.0248578 -4.0331118 3.7774995 -4.1548922 3.7623997 -3.9638081 3.0303493 -3.5962280 3.0197603 -3.3573617 3.7314135 -3.4181226 3.7489968 -3.6492130 3.0303493 -3.5386177 3.7730777 -3.1240188 3.6419460 -3.3634804 2.9295033 -3.3368436 2.9005134 -2.7827955 3.4060207 -2.7792663 3.4021252 -2.6510590 3.2467683 -2.6961423 3.3090732 -3.2812235 2.8382502 -2.5885754 3.1385596 -3.2362137 2.7531705 -2.5206343 2.9882994 -2.5693968 3.1005041 -2.4845235 2.7301584 -2.4899087 2.8549956 -3.2312560 2.6222184 -2.4880640 2.5114752 -2.4801286 2.6020678 -2.5139801 2.3892390 -3.2972556 2.3109242 -2.5658124 2.1447667 -2.5398963 2.2670029 -2.6038384 2.0032150 -2.5709169 2.1237088 -3.3267324 2.2030378 -2.6394048 1.8787826 -2.6050400 1.9989175 -3.3948482 1.9649131 -2.7081342 1.6385128 -2.6737695 1.7586477 -2.8524930 0.4653741 -2.8384192 0.4596805 -2.5641844 1.1577871 -0.8620549 3.0734910 -0.8863059 3.1527413 -1.5913675 2.8936534 -2.6641579 4.3595938 -2.5788250 4.2683161 -2.0309542 4.7805050 -3.7900514 6.8407143 -3.8660618 6.9398896 -4.4613362 6.4836568 -3.9549145 7.0549094 -4.0361181 7.1497048 -4.5311409 6.5747352 -4.4705202 7.6188890 -4.5554525 7.7105396 -5.1055614 7.2007551 -5.1904938 7.2924057 -4.6403849 7.8021901 -5.0206291 7.1091045 -3.9420722 7.0390649 -3.5620202 6.5431882 -3.6380306 6.6423636 -4.1572946 6.0869554 -3.4099994 6.3448376 -3.4860098 6.4440129 -4.0052738 5.8886047 -4.9356968 7.0174540 -4.8507644 6.9258034 -4.3006555 7.4355879 -4.7243709 7.8928195 -4.8054930 7.9816728 -5.2773112 7.3861057 -4.7658321 6.8341528 -4.6808998 6.7425023 -4.1307909 7.2522867 -4.8859948 8.0729640 -4.9686383 8.1666837 -5.5311669 7.6706378 -5.0512817 8.2604035 -5.1339251 8.3541232 -5.6138103 7.7643576 -5.2992120 8.5415627 -5.3818554 8.6352825 -5.9443841 8.1392366 -5.8617406 8.0455168 -5.7790972 7.9517971 -6.1923144 8.4203958 -6.1096709 8.3266761 -5.6297857 8.9164417 -6.2933782 8.5367188 -6.2749578 8.5141156 -5.7027792 8.9992182 -6.3681581 8.6361350 -5.7559565 9.0699148 -6.3918035 8.6716005 -6.4550979 8.7793370 -5.9897203 9.4678153 -6.6449812 9.1025463 -6.5816868 8.9948099 -6.7139301 9.2451478 -6.6608243 9.1325427 -6.0291567 9.5514359 -6.7256699 9.2728747 -6.1521524 9.8810945 -6.8579761 9.6274582 -6.8150514 9.5101239 -6.8608366 9.6355641 -6.9010651 9.7538646 -6.2312255 10.1136261 -6.9815220 9.9904655 -6.9412935 9.8721650 -6.3116825 10.3502270 -7.0619789 10.2270664 -7.0217505 10.1087660 -6.4323679 10.7051284 -6.4725963 10.8234288 -7.1424359 10.4636673 -6.5530533 11.0600297 -6.5932818 11.1783302 -7.2631213 10.8185687 -7.3435782 11.0551696 -7.3033498 10.9368692 -7.9070056 12.7035758 -7.8655365 12.5889799 -7.2017618 12.9587839 -7.9495244 12.8210725 -7.2442806 13.0762806 -7.3718370 13.4287708 -7.4143558 13.5462675 -8.1195996 13.2910594 -7.4555039 13.6599765 -7.1592430 12.8412872 -7.1166124 12.7172913 -7.1571914 12.8354687 -6.7944241 11.7698325 -6.8748810 12.0064334 -7.5849491 11.7649724 -7.1162519 12.7162362 -7.8261404 12.4742474 -7.0357949 12.4796353 -7.0760234 12.5979357 -7.7458629 12.2381743 -6.9955665 12.3613348 -7.7056345 12.1198738 -6.9553380 12.2430344 -7.6251775 11.8832729 -6.9151095 12.1247339 -7.4642636 11.4100710 -7.4240352 11.2917706 -6.7541956 11.6515320 -6.6335102 11.2966307 -6.6737387 11.4149311 -6.5128248 10.9417293 -7.1022074 10.3453669 -6.3921394 10.5868279 -6.3519109 10.4685274 -6.2714540 10.2319265 -6.1909971 9.9953256 -5.8717321 9.2669819 -5.9350265 9.3747184 -6.0270275 8.2329563 -3.3339890 6.2456622 -3.1761556 4.9072599 -3.0908226 4.8159822 -2.6282847 5.4194489 -3.0395557 5.8614974 -3.1059578 5.9481362 -3.7012322 5.4919034 -2.9678712 5.7826928 -3.5209524 5.2761282 -3.5174873 5.2723707 -3.4321544 5.1810930 -3.6049850 5.3685074 -3.8532530 5.6902541 -3.7772426 5.5910787 -3.2579786 6.1464869 -3.9292634 5.7894294 -2.7136177 5.5107266 -3.2614885 4.9985376 -4.0812842 5.9877801 -2.4576189 5.2368935 -2.5429518 5.3281712 -2.9201568 4.6334269 -2.8348238 4.5421492 -2.2869530 5.0543381 -1.8543405 4.5914356 -1.8602883 4.5979496 -2.4111713 4.0889827 -2.3361184 4.0048172 -1.6819350 4.3899007 -1.7611922 4.4865011 -1.6026778 4.2933004 -2.1824966 3.8175796 -1.5234207 4.1967000 -2.1032394 3.7209793 -2.0239822 3.6243789 -1.9542690 3.5394110 -1.4441635 4.1000996 -1.3649063 4.0034993 -1.3467810 3.9795072 -1.8996494 3.4607423 -1.8434665 3.3656167 -1.1973298 3.7464155 -1.1966128 3.7451965 -1.7841612 3.2643339 -1.2608740 3.8540049 -0.9353797 3.2663688 -0.8127786 2.8094299 -0.8157841 2.8279053 -1.5545499 2.6982413 -0.7931635 2.6114723 -0.7958841 2.6862538 -1.5440373 2.6215948 -1.5575256 2.4097202 -1.5643616 2.3023389 -0.8090408 2.3620706 -0.8169794 2.2373697 -0.8207795 2.2029064 -1.5793239 2.2072481 -0.8401490 2.0798064 -1.6036038 2.0959105 -0.8708256 1.9361104 -1.6535906 1.8955002 -0.9957928 1.5197724 -0.9497070 1.6359165 -0.9378820 1.6705623 -1.0982407 1.2758284 -1.0476481 1.3898906 -1.7784843 1.5919648 -1.1097561 1.2521469 -1.8855207 1.3901832 -1.2349831 1.0168601 -1.2268644 1.0313779 -1.9840321 1.2230650 -2.0085371 1.1984507 -1.5051584 0.6410465 -1.5667298 0.5910827 -1.6715368 0.5230472 -1.8110483 0.4481647 -1.7017999 0.5053553 -2.1119644 1.1371891 -1.9098624 0.4129931 -2.3655628 1.0853477 -2.4014110 0.3335561 -2.2771271 0.3379155 -2.5205110 0.3493112 -2.3787107 1.0870869 -2.7216610 0.4151737 -2.6049028 0.3706670 -2.6251931 1.2035134 -2.6974160 1.2829979 -3.1802718 0.6991449 -2.5960429 1.1714325 -3.4092025 1.0036466 -3.3607425 0.9173454 -2.7309924 1.3277198 -3.4554680 1.1197191 -2.7548151 1.3874870 -2.7606543 1.4049726 -3.5157829 1.4385490 -3.5018283 1.2566230 -3.4947425 1.5617181 -2.7372827 1.5366132 -3.4721436 1.6877396 -3.4942024 1.5648023 -3.4292130 1.8447782 -3.4635777 1.7246433 -3.3604835 2.0850480 -4.3935043 2.8554085 -4.7595412 3.5104559 -5.2246789 3.0944066 -5.2453070 3.0662858 -4.6302529 2.6367359 -4.4718695 0.5119666 -3.5306699 -0.9150536 -3.3018117 -0.2008240 -2.5169861 -0.9744031 -2.5861438 -0.2275984 8.1802530 2.3281146 8.0586810 2.2992431 8.3535468 1.5984097 8.4751188 1.6272812 8.3018251 2.3569861 8.5449692 2.4147291 8.4233971 2.3858576 8.5966909 1.6561527 7.6241144 1.4251807 7.9888306 1.5117952 7.4508207 2.1548856 5.3840957 1.6640701 5.1409516 1.6063271 5.5573895 0.9343651 2.5180880 0.2125776 3.0043763 0.3280636 2.8310825 1.0577685 8.7182629 1.6850242 8.8398350 1.7138957 8.6665413 2.4436006 8.1104027 1.5406667 8.2319747 1.5695382 9.0312574 2.5302151 8.7881133 2.4724721 8.9614071 1.7427672 9.3261232 1.8293817 9.4476953 1.8582532 9.1528295 2.5590866 9.6391177 2.6745727 9.3959736 2.6168296 9.8124115 1.9448677 9.9339835 1.9737392 10.0555556 2.0026107 9.8822618 2.7323157 10.1771276 2.0314822 10.4202717 2.0892252 10.0038339 2.7611872 10.6116942 2.9055447 10.3685501 2.8478017 10.5418438 2.1180967 10.9064530 2.2046858 11.0278767 2.2334469 10.7334803 2.9344669 11.1494167 2.2621946 11.2710149 2.2909560 11.0983818 3.0208175 11.3926130 2.3197174 11.5142112 2.3484789 11.3415781 3.0783404 11.4631763 3.1071018 11.6358093 2.3772403 14.1383354 3.7398533 14.0167373 3.7110918 14.3109685 3.0099918 13.8951392 3.6823304 13.7735410 3.6535690 13.9461741 2.9237075 12.0711670 3.2509089 11.9495688 3.2221475 12.2438001 2.5210474 12.1927651 3.2796704 12.3653982 2.5498089 12.4869963 2.5785703 12.3143633 3.3084318 12.6085945 2.6073317 12.7301926 2.6360932 12.4359614 3.3371932 12.5575596 3.3659547 12.8517908 2.6648546 12.6791577 3.3947161 12.9733889 2.6936160 12.8007559 3.4234775 13.0949871 2.7223775 13.2165852 2.7511389 13.0439521 3.4810004 13.1655503 3.5097618 13.3381834 2.7799003 13.4597815 2.8086617 13.2871484 3.5385233 13.5813796 2.8374232 13.7029778 2.8661846 13.5303447 3.5960461 13.8245759 2.8949460 13.6519429 3.6248075 14.0677722 2.9524689 14.1893704 2.9812303 14.3815317 3.7973761 14.2599336 3.7686147 14.5541648 3.0675146 14.7463262 3.8836604 14.6247280 3.8548990 14.7973611 3.1250375 15.0405574 3.1825603 15.1621555 3.2113218 14.8679243 3.9124218 15.2837537 3.2400832 15.1111206 3.9699447 15.5975132 4.0849904 15.4759150 4.0562290 15.6485481 3.3263675 15.7701463 3.3551289 15.8917444 3.3838904 16.0800758 4.1715918 15.9878924 4.1678043 16.0647739 3.4203085 16.1429782 3.4138605 16.2263380 3.4069875 16.2046066 4.1613242 16.4097531 4.1353868 16.3291373 4.1510567 16.2655828 3.3947744 16.2811875 3.3859954 16.5987538 4.0678793 16.8099378 3.9221520 16.7076560 4.0066124 16.8896757 3.8280097 16.3087902 3.3534063 16.9799156 3.7063394 16.9061032 3.8071613 16.5961953 2.9608337 17.2013528 3.4038737 17.1275404 3.5046956 16.7438201 2.7591899 17.4966024 3.0005861 17.3489776 3.2022299 16.9652573 2.4567242 17.7180397 2.6981203 17.5704148 2.8997642 17.2605070 2.0534366 17.9394769 2.3956546 17.8656645 2.4964765 17.4819442 1.7509709 18.1609141 2.0931889 18.0871017 2.1940108 17.7033814 1.4485051 18.3085389 1.8915451 18.2347265 1.9923670 17.9248187 1.1460394 18.5299762 1.5890794 18.4561638 1.6899013 18.1462559 0.8435737 18.7514134 1.2866136 18.6776010 1.3874355 18.2200683 0.7427518 18.8990382 1.0849698 18.8252258 1.1857917 18.4415055 0.4402861 19.1204754 0.7825041 19.0466630 0.8833260 18.6629428 0.1378203 19.2681003 0.5808603 19.1942878 0.6816822 18.8843800 -0.1646454 19.4895375 0.2783946 19.4157251 0.3792165 19.1058172 -0.4671111 19.7109747 -0.0240712 19.6371623 0.0767507 19.2534420 -0.6687549 19.9324119 -0.3265369 19.8585995 -0.2257150 19.4748793 -0.9712206 20.1538492 -0.6290026 20.0800368 -0.5281807 19.7701289 -1.3745083 20.4490988 -1.0322902 20.3752864 -0.9314683 19.9915661 -1.6769740 20.6705360 -1.3347560 20.5967236 -1.2339340 20.2130033 -1.9794397 20.8181608 -1.5363998 20.7443484 -1.4355779 20.6451232 -2.4083563 21.1882338 -1.8763358 21.0876700 -1.8028381 21.3217531 -2.8677735 21.4345112 -2.9216153 21.6532090 -2.1949279 21.9831989 -2.3524975 21.8704408 -2.2986557 21.5472693 -2.9754571 21.8161527 -3.1006184 22.1087859 -2.4075294 22.0748193 -2.3962461 14.4939849 9.0906889 14.5629642 8.9865007 15.1883270 9.4005313 14.6318159 8.8825052 15.5946150 7.4225072 15.6634001 7.3181906 16.2895333 7.7310553 15.2575613 9.2959575 15.2573064 9.2963431 16.8398139 6.8965229 16.7710288 7.0008394 16.1448956 6.5879748 15.8009703 7.1095575 15.8697553 7.0052410 16.4271035 7.5224222 15.9385404 6.9009244 16.5646736 7.3137891 16.7022437 7.1051560 16.6334587 7.2094725 16.0761105 6.6922913 16.2136807 6.4836582 17.9910376 5.1052233 17.9236928 5.2104754 17.2919441 4.8062557 19.2207958 3.2315376 19.1512674 3.3353602 18.5976273 2.8142115 18.0414003 3.6447923 18.1109287 3.5409697 18.7340971 3.9582959 15.5258300 7.5268237 16.1519632 7.9396884 14.7004743 8.7785236 14.7691942 8.6743058 15.3953274 9.0871705 15.4641125 8.9828539 14.8379793 8.5699893 15.9456080 8.2526380 15.8768229 8.3569546 15.3194748 7.8397734 14.9067644 8.4656727 15.5328976 8.8785374 15.8080378 8.4612711 15.1819046 8.0484065 14.9755494 8.3613562 15.0443345 8.2570396 15.6016826 8.7742208 15.1131196 8.1527231 15.7392528 8.5655877 16.0073255 6.7966079 17.7890032 5.4209797 17.7216584 5.5262318 17.1572545 5.0167600 17.6543137 5.6314839 17.0225649 5.2272642 15.3882598 7.7354568 16.0143931 8.1483215 15.3264121 9.1916844 16.4838067 6.0692812 16.5511515 5.9640291 17.1155554 6.4735009 16.6184963 5.8587770 17.1829002 6.3682488 16.6858410 5.7535248 17.3175898 6.1577445 17.5196241 5.8419882 17.4522793 5.9472403 16.8205306 5.5430206 15.1193477 9.5047195 14.9813891 9.7130959 14.9124098 9.8172841 14.2870469 9.4032535 14.0111296 9.8200064 14.1490883 9.6116299 14.6364925 10.2340369 14.5675132 10.3382251 13.9421503 9.9241946 13.6662330 10.3409474 13.7352124 10.2367592 14.3605752 10.6507898 13.5282744 10.5493238 13.5972537 10.4451356 14.2226165 10.8591662 14.0156786 11.1717308 13.9466993 11.2759190 13.3903158 10.7577002 13.1833778 11.0702648 13.2523571 10.9660766 13.8087406 11.4842954 13.0454191 11.2786412 13.1143985 11.1744530 13.6707820 11.6926718 12.5625639 12.0079587 12.6315432 11.9037705 13.1879267 12.4219892 12.7005225 11.7995822 13.2569061 12.3178010 9.3510740 18.2708274 8.6548180 17.9653101 8.7231479 17.8606949 9.4194039 18.1662122 8.7914778 17.7560796 10.5126823 16.4923679 9.8847561 16.0822353 9.9530860 15.9776201 12.6360922 13.2554949 12.5671129 13.3596831 12.0107293 12.8414643 10.6493421 16.2831374 10.0214159 15.8730048 10.0897458 15.7683895 11.8727707 13.0498407 11.9417500 12.9456525 12.4981335 13.4638713 11.8037914 13.1540289 12.3601749 13.6722477 12.2911956 13.7764359 11.7348121 13.2582171 11.5968534 13.4665935 11.6658327 13.3624053 11.2643111 15.3416000 10.6363850 14.9314674 10.7047149 14.8268521 11.3326410 15.2369847 10.7730448 14.7222369 11.5278741 13.5707817 12.1532369 13.9848123 11.5376307 14.9231389 10.9097045 14.5130063 10.9780344 14.4083911 11.6742905 14.7139084 11.0463643 14.3037758 11.3898571 13.7792464 11.4588948 13.6749699 12.0153075 14.1931446 11.3209072 13.8834539 11.9470012 14.2963795 11.3196839 13.8853147 11.8792802 14.4000626 11.1830241 14.0945453 11.2513540 13.9899300 11.0593214 15.6554458 10.4313953 15.2453132 10.5680551 15.0360827 12.4291542 13.5680595 12.0797087 12.7372761 12.7050715 13.1513067 10.3076926 16.8062137 9.6114365 16.5006964 9.6797664 16.3960811 12.1486880 12.6330879 12.2176673 12.5288997 12.7740508 13.0471185 10.1027029 17.1200595 9.4064468 16.8145422 9.4747767 16.7099269 10.0343730 17.2246748 9.3381169 16.9191575 9.9660431 17.3292900 9.2697870 17.0237727 9.8977132 17.4339053 9.2014571 17.1283880 12.3556259 12.3205233 12.4246053 12.2163351 12.9809888 12.7345539 9.6927235 17.7477511 8.9964675 17.4422338 9.0647974 17.3376185 13.1189474 12.5261774 13.0499681 12.6303657 9.4877338 18.0615969 8.8598077 17.6514643 9.2144142 18.4800580 8.5181582 18.1745407 8.5864881 18.0699254 8.9410947 18.8985191 8.2448386 18.5930017 8.3131685 18.4883865 8.8044349 19.1077496 8.1081788 18.8022323 8.1765087 18.6976170 8.5994452 19.4215954 7.9031891 19.1160781 7.9715190 19.0114628 8.4627854 19.6308259 7.7665293 19.3253086 7.8348592 19.2206933 8.3261256 19.8400565 7.6298695 19.5345391 7.6981994 19.4299239 8.1894658 20.0492870 7.4932097 19.7437697 7.5615396 19.6391544 8.0528060 20.2585175 7.3565500 19.9530002 7.4248798 19.8483849 7.9161462 20.4677481 7.2198902 20.1622307 7.2882201 20.0576155 7.7794864 20.6769786 7.0832304 20.3714613 7.1515603 20.2668460 7.5744967 20.9908244 6.8782407 20.6853071 6.9465706 20.5806918 7.4378369 21.2000549 6.6732510 20.9991529 6.8099108 20.7899223 7.2328473 21.5139007 6.5365912 21.2083834 6.6049211 21.1037681 7.0961875 21.7231313 6.3999314 21.4176139 6.4682613 21.3129987 6.9595277 21.9323618 6.2632716 21.6268445 6.3316015 21.5222292 6.8228679 22.1415923 6.1266118 21.8360750 6.1949417 21.7314598 6.6862081 22.3508229 5.9935570 22.0397862 6.0582819 21.9406903 6.3928711 22.7734464 5.7091352 22.4408526 5.7815162 22.3389982 5.5970366 23.6633399 5.0840448 23.1162208 5.1751972 23.0307541 4.6499217 23.3750600 4.7453201 23.3254149 5.0946730 23.9890903 4.9589980 24.0585526 4.8442169 24.1079349 4.7294357 24.1573172 4.3409814 23.5079754 4.4330313 23.4683728 4.0693614 24.3480568 3.7997660 23.6414327 3.8945461 23.6187149 2.1216622 24.1382948 2.0072830 24.0879885 2.3172092 23.4049646 1.8801004 24.0252984 1.8171803 23.9858510 2.2470328 23.3701244 1.6196300 23.8327916 2.0789799 23.2399192 2.1777550 23.3164489 1.2988930 23.4890131 1.8210967 22.9363679 1.8965798 23.0359452 0.8215501 21.6914674 0.8223589 21.6846116 1.5667887 21.7759148 1.2987610 20.4675570 1.3136199 20.4500110 1.8785324 20.9434744 1.3972567 20.3571767 1.4808936 20.2643424 2.0381076 20.7663509 1.8739632 19.8809770 2.3758118 20.4387470 2.3629140 20.4497014 3.3290536 21.1859121 3.2425637 21.0960368 3.8583079 20.6542649 3.3523178 21.2080997 3.5403907 21.3726655 3.4463543 21.2903826 3.9732951 20.7548800 3.6789348 21.4494426 4.0086378 20.7655517 3.7977121 21.4853071 4.2507554 21.4838032 4.1319002 21.5184892 4.0222908 20.7691918 4.0228349 20.7690330 4.5774979 21.2913345 4.3812520 21.4412363 4.4920682 21.3829029 4.6453512 21.1884360 4.7178478 21.0690764 4.6532018 21.1760073 4.1406686 20.5741244 4.8471399 20.8552146 4.7824939 20.9621455 4.2699607 20.3602625 4.9764319 20.6413527 4.9117859 20.7482836 4.3992527 20.1464007 5.1057240 20.4274909 5.0410780 20.5344218 4.5285448 19.9325389 5.2350160 20.2136291 5.1703700 20.3205600 4.6578368 19.7186771 5.4289541 19.8928363 5.2996621 20.1066982 4.8517749 19.3978843 5.5582462 19.6789745 5.4936002 19.7859054 4.9810670 19.1840225 5.6875382 19.4651127 5.6228922 19.5720436 5.1103590 18.9701607 5.8168303 19.2512509 5.7521843 19.3581818 5.2396511 18.7562989 5.9461223 19.0373890 5.8814763 19.1443200 5.3689431 18.5424370 6.0754144 18.8235272 6.0107684 18.9304581 5.4982352 18.3285752 6.2693525 18.5027345 6.1400604 18.7165963 7.3178165 16.8049092 7.2520959 16.9111831 6.6142146 16.5167119 6.6799353 16.4104381 6.7456559 16.3041642 7.3835372 16.6986354 7.5149784 16.4860877 7.4492578 16.5923616 6.8113765 16.1978904 7.5806991 16.3798139 6.8770972 16.0916166 6.9428178 15.9853427 7.0085384 15.8790689 7.7778610 16.0609924 7.7121403 16.1672662 7.0742591 15.7727951 7.8435816 15.9547186 7.2057003 15.5602474 7.9127896 15.8426907 7.9093022 15.8484447 7.2696515 15.4568350 7.9765906 15.7352588 7.3313373 15.3529647 8.0407393 15.6262197 7.9773823 15.7339194 7.5843709 14.9228366 8.2941674 15.1954211 8.2308104 15.3031207 7.9011559 14.3843383 8.5475954 14.7646224 8.4842384 14.8723221 8.6109524 14.6569227 8.0912270 14.0612393 8.8010235 14.3338237 8.7376665 14.4415234 8.4080120 13.5227409 9.1178085 13.7953254 9.0544515 13.9030251 8.5980831 13.1996420 9.3078796 13.4722264 9.2445225 13.5799261 8.9782252 12.5534440 9.1682962 12.2303450 9.6246646 12.9337281 10.5190817 11.3729157 10.4712333 11.4877371 9.7888292 11.1755100 9.8220528 11.0957836 9.8472611 11.0219997 10.5277954 11.3499072 10.5681931 11.2316644 10.6061237 10.9884283 10.6021985 11.0425441 9.8561237 10.9612281 9.8561237 10.9150931 10.5921777 10.7621585 10.6061237 10.8634750 10.5593254 10.6450854 10.5844069 11.1645420 9.7658935 10.7274702 10.3820561 10.2988474 10.4137887 10.3485168 9.4070193 10.2526250 9.3316797 10.1529392 9.9300182 9.7007324 9.1056607 9.8538817 9.7039992 9.4016749 9.8546785 9.6010465 9.2737368 8.8736789 9.3615351 8.9569539 8.8104843 9.4679919 9.1530525 8.7968303 9.0367861 8.7510543 8.6802304 9.4167088 8.8495913 8.6851425 8.9205197 8.7052782 8.4980548 8.6370502 8.6033983 8.6408958 8.5233649 9.3885111 8.3770029 8.6497501 8.4897335 9.3920394 8.1895230 8.6988399 8.3092984 8.6632426 8.3849245 9.4234878 7.9019426 8.8409858 8.0658964 8.7373382 7.8171859 8.9327988 8.2347018 9.5870422 7.6465369 9.1190627 7.7305130 9.0267033 7.5906495 9.1995639 8.1428685 9.7652561 7.4761774 9.4217113 7.5334135 9.3106376 7.9711602 10.0984771 7.3044692 9.7549323 7.3617052 9.6438586 7.7422159 10.5427717 7.0755248 10.1992269 7.1327609 10.0881533 7.0182888 10.3103006 7.5705077 10.8759928 6.8465805 10.6435216 6.9038166 10.5324480 7.2843273 11.4313611 6.6176362 11.0878163 6.6748723 10.9767426 6.0441141 12.4648211 5.6779774 11.8016787 5.7773905 11.7638514 4.6081107 11.6927654 4.7227749 11.7424187 4.4247442 12.4306611 4.0632671 12.2649428 4.0419352 12.2532055 4.4141519 11.6019735 3.5629615 11.9141981 4.0014814 11.2936434 4.0885278 11.3791466 2.9706950 9.3111513 3.0233718 9.4244583 2.3432756 9.7406373 2.9180182 9.1978443 2.2379220 9.5140232 2.7599878 8.8579232 2.8126646 8.9712302 2.1325684 9.2874092 2.0398625 9.0880002 1.9987197 9.0271917 2.6084379 8.5899712 2.5028894 8.4621834 2.5837481 8.5574472 1.9310926 8.9475167 1.8502340 8.8522528 2.4220307 8.3669195 2.3411721 8.2716556 1.7693753 8.7569889 1.7089799 8.6858339 2.2603134 8.1763918 1.3512950 8.3919308 1.2721841 8.3272787 1.8258936 7.8111932 1.1864921 8.2731004 1.0812492 8.2071531 1.4794884 7.5716175 1.5853714 7.6379658 1.5866501 7.6387707 1.0883903 7.3423636 1.1466335 7.3693365 0.8023364 8.0364175 0.9709277 7.2997506 0.7151539 8.0047894 0.8534651 7.2571375 0.3866585 7.8856180 0.4478097 7.1315364 0.5698041 7.1578792 0.2926940 7.8653278 0.4414255 7.1302158 0.0736906 7.0574762 0.1962689 7.0817228 -0.0486722 7.7978040 -0.0971503 7.0426166 0.0269570 7.0512532 -0.1362158 7.7917119 -0.1231835 7.0417119 -0.5878446 7.7917119 -0.8153075 7.0714368 -0.6926886 7.0482447 -0.6733981 7.8078934 -0.8203518 7.0724268 -1.0153574 7.8774399 -1.2326629 7.1592320 -1.1876918 7.1471351 -1.3508521 7.1990433 -1.1059652 7.9079606 -1.4788685 7.2464118 -1.3617368 7.2028973 -2.0935953 7.5266614 -1.8737347 7.4078565 -1.5267584 8.0728571 -1.7370476 8.1864899 -1.8302140 8.2368337 -2.3384940 7.6754629 -2.2360489 7.6058336 -1.8902734 8.2776545 -2.3882727 7.7159311 -2.2124975 8.5890048 -2.7743337 8.0917904 -2.7477067 8.0632356 -2.8546717 8.1874819 -2.4403453 8.8609434 -2.5120131 8.9465521 -3.0154288 8.3795092 -3.1119758 8.4963057 -3.0956379 8.4753206 -3.1850725 8.5973953 -2.5722377 9.0298401 -3.2633573 8.7161884 -3.1948939 8.6116604 -2.8973647 9.5323958 -3.5400218 9.1457036 -3.4747426 9.0392310 -3.5463713 9.1564578 -3.0177361 9.7442486 -3.7315562 9.4823819 -3.6698279 9.3737405 -3.1411926 9.9615314 -3.8550128 9.6996647 -3.7932845 9.5910233 -3.2646492 10.1788141 -3.9784693 9.9169474 -3.9167410 9.8083060 -3.4498341 10.5047383 -4.1636542 10.2428715 -4.1019259 10.1342302 -3.5732906 10.7220210 -4.2871107 10.4601543 -4.2253825 10.3515129 -3.6967472 10.9393037 -4.4105673 10.6774370 -4.3488390 10.5687956 -3.8819320 11.2652279 -4.5340239 10.8947198 -4.4722956 10.7860784 -4.1921137 11.8086804 -4.8432389 11.4364763 -4.7812281 11.3279959 -4.3781462 12.1341214 -5.0912823 11.8703977 -5.0292714 11.7619173 -4.5021679 12.3510821 -5.2153040 12.0873583 -5.1532931 11.9788780 -4.6882004 12.6765231 -5.3972193 12.4055969 -5.3393257 12.3043190 -4.9728464 13.1219539 -5.5930950 12.7003005 -5.5228457 12.5969643 -5.3805534 13.6745967 -5.9202129 13.1537626 -5.8561653 13.0872746 -5.5555914 13.8549412 -6.1808021 13.4222462 -6.0937748 13.3325825 -6.4693855 14.7623193 -6.5654369 14.8422409 -7.0380634 14.2598243 -6.3733341 14.6823978 -6.8530425 14.1058739 -6.9490939 14.1857954 -7.1217751 14.3227869 -6.5798817 14.8536714 -6.8012726 15.0103953 -6.9052960 15.0796230 -7.2167939 14.3860220 -7.4579527 14.5437298 -7.4172127 14.5194010 -7.0248139 15.1586248 -7.3778726 15.2916716 -7.6375455 14.5770505 -7.5146889 14.5542563 -8.1621184 13.4085562 -8.2447113 13.6596175 -8.2067425 13.5405725 -7.4931736 13.7715045 -8.2826801 13.7786624 -7.5681436 14.0065605 -7.6061124 14.1256054 -7.6440812 14.2446504 -8.3206490 13.8977074 -8.3586178 14.0167523 -7.6820501 14.3636953 -7.7175298 14.4749362 -8.3965866 14.1357972 -8.4717808 14.3906105 -8.4391904 14.2705515 -7.7380632 14.5505786 -8.4841105 14.4648771 -8.4624623 14.8030188 -8.4856226 14.6868950 -7.7395134 14.5732166 -8.4039536 14.9417814 -8.3332768 15.0448256 -8.1417681 15.2084619 -8.2399556 15.1393110 -7.7504997 15.3389603 -7.8689696 15.3202481 -7.6970912 14.5880983 -7.6235859 15.3372600 -7.5007292 15.3144658 -7.2550159 15.2688774 -7.3208172 14.4552496 -6.6796004 14.9286735 -6.2561243 14.5834677 -6.2772826 14.6024763 -6.7679310 14.0350551 -6.1665719 14.4966562 -6.1538069 14.4836660 -6.6951374 13.9644894 -6.6159729 13.8799145 -6.5305838 13.7886894 -6.0684178 14.3924409 -5.9830286 14.3012158 -6.4451946 13.6974643 -5.8980119 14.2103887 -6.4444484 13.6966694 -6.3587963 13.6056950 -5.8146877 14.1218867 -5.7335937 12.9069728 -5.1133450 13.3286262 -5.1835943 13.4319624 -5.2938929 13.5846342 -5.2538437 13.5352986 -5.6426187 13.9446049 -4.7587601 12.7992193 -4.8254583 12.9047728 -4.7502112 12.7850034 -5.2773148 12.1958387 -4.5641787 12.4595624 -4.6261895 12.5680428 -4.4401570 12.2426017 -4.1301028 11.7002000 -3.8202038 11.1565865 -4.5955736 11.0030469 -3.9436603 11.3738692 -3.9440180 11.3744973 -3.7584755 11.0479451 -3.5115623 10.6133796 -4.0401976 10.0255888 -3.3263775 10.2874555 -3.3881058 10.3960969 -3.2029209 10.0701728 -3.6080996 9.2650992 -2.9560078 9.6356073 -3.4002840 8.9252444 -2.7044184 9.2316500 -2.7728818 9.3361780 -2.6359551 9.1271221 -2.4781312 7.8027572 -1.9569797 8.3421098 -1.3348158 7.9929787 -1.4375781 8.0311549 -1.5960001 7.2899262 -0.9427985 7.0973296 -0.7933260 7.8322840 0.7360025 7.2145245 0.5976913 7.9621764 0.4802287 7.9195633 2.1161539 8.0484039 1.6395822 8.6275290 2.4497130 9.9683941 2.3965852 9.8552984 3.0757336 9.5370876 2.6101521 10.3080622 2.4500509 9.9691115 3.1283750 9.6491481 3.2883068 9.9877403 3.3416739 10.1007239 2.6635191 10.4210458 2.7702532 10.6470129 3.4484079 10.3266910 2.8236202 10.7599965 3.5551420 10.5526581 3.6085091 10.6656417 2.9303543 10.9859636 3.7058636 10.8717514 3.7577533 10.9548356 3.1241914 11.3562367 3.1294313 11.3643901 3.1983385 11.4686261 3.9416213 11.2329729 3.4696610 11.8224871 3.3820357 11.7336756 3.4738196 11.8266365 4.1523572 11.4418445 3.7069426 12.0462986 3.6521035 12.0017598 3.8104119 12.1152453 4.6540726 12.5299676 4.5394084 12.4803144 4.8961754 11.8175066 4.8374391 11.7920719 4.9584105 11.8228986 4.8950568 12.5702193 5.0815899 11.8326524 5.2051541 11.8424367 5.0223874 12.5803121 5.1469508 12.5901755 5.2976959 11.8492669 5.1489496 12.5903284 5.3354974 12.5989591 5.2735087 12.5995217 5.3911518 11.8406610 5.4599243 12.5875013 5.9273294 12.5092584 5.6076772 11.8207224 5.8920179 12.5207282 5.7724421 12.5531202 5.9543668 11.6890825 6.3017556 12.3542677 6.1897350 12.4080066 6.3460361 12.3291962 6.1391130 11.5672240 6.5546489 12.1915953 6.4503425 12.2603957 6.8831448 11.9367298 6.6909654 12.0964809 6.3892548 11.3719943 6.4572452 11.3028657 6.5301527 11.2213427 7.0936595 11.7163224 7.0103629 11.8094621 6.5792135 11.1623803 7.1023981 11.7061932 7.2270912 11.5424348 7.1820078 11.6105164 6.7321084 10.8656690 7.4560355 11.0981401 7.3987994 11.2092138 7.5132716 10.9870664 7.6849798 10.6538454 7.1899970 9.9770796 7.9139241 10.2095507 7.8566881 10.3206244 7.2472331 9.8660059 8.0856324 9.8763297 8.0283963 9.9874034 8.2001045 9.6541824 9.2563400 10.0532534 9.4823590 10.3523109 10.0806975 9.9001040 10.2313768 10.0994757 9.7083779 10.6513684 9.6330383 10.5516825 10.1315207 12.0721308 10.0681637 12.1798304 9.4217242 11.7995463 9.9414497 12.3952298 9.2950102 12.0149456 9.8780927 12.5029294 9.8147357 12.6106291 9.5613076 13.0414278 9.4345936 13.2568271 8.9148681 12.6611436 8.6614401 13.0919423 8.4713691 13.4150413 8.1545840 13.9535396 7.9645130 14.2766386 8.3575244 15.0877214 7.6477279 14.8151369 7.7110849 14.7074373 8.1040963 15.5185200 7.3942999 15.2459356 7.4576569 15.1382359 6.2198908 17.1543549 6.2856115 17.0480811 6.9234927 17.4425522 6.0227289 17.4731764 6.1541702 17.2606287 6.6606102 17.8676475 6.5948896 17.9739214 6.5291689 18.0801952 5.9570083 17.5794502 5.8912877 17.6857240 6.4634483 18.1864690 5.8255670 17.7919979 5.7598464 17.8982717 6.3977457 18.2927137 5.6941092 18.0046157 6.3330384 18.3973917 5.6921733 18.0077825 5.6275272 18.1147134 5.4335892 18.4355061 4.9164210 19.2909534 6.3513321 16.9418072 6.4170527 16.8355334 6.9892134 17.3362784 6.4827734 16.7292596 6.5484940 16.6229857 7.1206546 17.1237307 4.3346067 20.2533316 3.4792015 20.2207458 3.5549497 20.3144040 2.8960537 20.6923798 2.8256856 20.6053738 2.7799883 20.5562871 3.3835230 20.1038882 3.0248905 19.8180504 3.2327598 19.9567720 2.6515158 20.4705510 2.9328526 19.7734030 2.5847280 20.4488004 2.8142871 19.7347902 2.4738577 20.4219698 2.3977451 20.4349939 2.2712472 19.6957386 2.4890282 19.6706054 2.6101530 19.6807732 2.3944104 19.6746635 1.9685763 19.8006194 2.1480840 19.7168137 1.7738941 19.9700534 1.8671597 19.8868977 2.1896286 20.6042029 1.5744637 20.1609030 1.6615151 20.0715009 2.1168805 20.6789154 1.5645304 20.1715081 1.8274243 21.0077193 1.2213607 20.5648521 1.1872678 20.6157446 1.0656028 20.8340356 1.1264353 20.7248901 1.7244502 21.1924750 1.6811620 21.2781991 0.9854632 20.9972312 1.0022243 20.9588507 0.9419279 21.1143551 1.6119871 21.4643021 0.8579653 21.4117205 0.8819412 21.2897840 1.5963174 21.5439949 0.8539230 21.4367063 1.5724606 22.0790251 1.5800032 22.1864663 0.8243019 22.1315474 0.8330524 22.2561939 0.8370423 22.2904212 1.6185692 22.4090388 1.6376267 22.5139066 0.8806552 22.5431390 0.9029968 22.6660787 1.6640428 22.6065906 0.9454767 22.8216731 1.0588095 23.1363726 1.0324638 23.0769275 1.7313181 22.8027603 1.7620252 22.8584408 1.1183956 23.2444189 1.1479268 23.2898586 1.2234099 23.3894358 2.0163322 23.1913806 1.5208548 23.7562619 1.4563802 23.6924220 2.3504207 24.2389074 2.2360414 24.1886011 2.6213875 23.5387484 2.4143275 24.2603937 2.7055428 23.5588368 2.5356133 24.2893453 2.8234888 23.5841305 2.9456643 23.6103312 2.6662257 24.3174574 2.7884012 24.3436581 2.9105767 24.3698588 3.0486039 23.6324068 3.0752098 24.3895129 3.0735925 24.3893437 3.1524516 23.6435006 3.1995126 24.4022470 3.3766688 24.4166477 3.3238153 24.4149810 3.3738805 23.6661847 3.5013951 24.4117757 3.4693215 23.6624566 3.5069922 24.4115151 3.9478499 24.3771818 3.8937383 24.3860298 4.0160577 23.5895899 4.1908730 24.3189318 4.6146545 24.2066995 4.5681039 24.2231870 4.8519585 23.2673447 5.2106400 23.9260158 5.1009025 23.9857737 5.3203775 23.8662579 4.9585963 23.2092747 5.0252871 23.1713133 5.5058842 23.7488066 5.4348962 23.8011486 5.7793415 23.4924065 5.6881891 23.5778732 5.5143909 22.7127181 6.0527989 23.2360064 5.9616465 23.3214731 6.1725537 23.0834089 6.0988060 23.1840702 5.5659445 22.6423504 6.1757281 23.0790096 6.3204901 22.8753008 6.7545380 22.2462076 6.6178782 22.4554381 6.6104765 22.4663466 5.9258349 22.1359131 6.5376330 22.5697376 6.8911978 22.0369771 7.0278576 21.8277465 7.1645174 21.6185160 7.3011772 21.4092855 7.5061668 21.0954397 7.7111565 20.7815939 7.9844761 20.3631328 8.1211359 20.1539023 8.2577957 19.9446717 8.3944555 19.7354412 8.5311153 19.5262107 8.7361050 19.2123649 8.8727648 19.0031343 8.3814984 18.3837712 9.0777545 18.6892885 9.0094246 18.7939038 9.1460843 18.5846733 9.2827441 18.3754427 9.7610534 17.6431358 9.8293833 17.5385206 10.1710328 17.0154442 10.2393627 16.9108290 9.8164262 16.1868506 10.4443524 16.5969832 10.5810122 16.3877526 10.2264056 15.5591590 10.9226616 15.8646763 10.8543317 15.9692916 10.9909915 15.7600610 11.1959812 15.4462152 10.8413746 14.6176216 11.4693008 15.0277542 11.6059606 14.8185236 11.1146942 14.1991605 11.8109503 14.5046778 11.7426204 14.6092931 13.3213364 10.8618884 14.1536372 10.9633544 14.4295545 10.5466016 14.2180676 9.5074417 14.8434304 9.9214723 17.5869689 5.7367360 16.9552202 5.3325164 17.0899097 5.1220121 17.2245993 4.9115079 17.8563480 5.3157275 17.3592888 4.7010036 17.4266336 4.5957515 18.1930719 4.7894669 18.1257271 4.8947191 17.4939784 4.4904994 17.5613232 4.3852473 17.6286680 4.2799951 18.3951063 4.4737106 18.3277615 4.5789627 17.6960128 4.1747430 18.5276850 4.2665189 18.4624449 4.3684680 17.8307023 3.9642388 17.8980656 3.8589717 17.9023436 3.8524375 18.6645687 4.0621185 18.5950403 4.1659411 18.1804571 3.4371471 19.9207837 0.8386921 19.9913000 0.7355380 20.5408365 1.2606366 18.9426822 3.6468281 18.8731539 3.7506507 18.2499854 3.3333245 17.9718719 3.7486149 18.3890422 3.1256793 18.4585706 3.0218567 19.0122106 3.5430055 19.0817390 3.4391829 19.3598525 3.0238924 19.2903241 3.1277150 18.6671557 2.7103889 19.4293809 2.9200698 18.8062125 2.5027437 19.5684376 2.7124246 19.4989093 2.8162472 18.8757409 2.3989211 19.7074944 2.5047794 19.6379660 2.6086020 19.0147976 2.1912758 19.7770228 2.4009568 19.1538544 1.9836306 20.0551363 1.9856664 19.9856079 2.0894890 19.3624395 1.6721628 18.7366841 2.6065663 18.2604167 4.6842148 17.7633575 4.0694909 19.9160795 2.1933116 19.8465512 2.2971342 19.2233827 1.8798080 19.4319679 1.5683402 19.5014963 1.4645176 20.1246647 1.8818438 20.2637214 1.6741986 20.1941931 1.7780212 19.5710246 1.3606950 20.3332498 1.5703760 19.6405530 1.2568724 19.7100814 1.1530498 19.8491382 0.9454046 20.4721946 1.3628979 19.8493622 0.9450704 19.9190016 0.8413229 20.0618164 0.6323839 20.1323327 0.5292297 20.6809725 1.0556399 20.2028490 0.4260756 20.8220051 0.8493317 20.2733653 0.3229215 20.8925215 0.7461775 21.0335541 0.5398693 20.9630378 0.6430234 20.3438817 0.2197673 21.1745868 0.3335610 21.1040704 0.4367151 20.4849143 0.0134590 20.5554307 -0.0896951 20.6259470 -0.1928492 20.6964633 -0.2960034 21.3156194 0.1272527 20.7669796 -0.3991575 20.8374960 -0.5023117 21.3861358 0.0240986 20.9080123 -0.6054658 21.5271684 -0.1822097 21.0490450 -0.8117741 21.1195613 -0.9149282 21.6682011 -0.3885180 21.1900776 -1.0180823 21.7387174 -0.4916721 21.2605939 -1.1212365 21.8797501 -0.6979804 21.3311103 -1.2243906 21.9502664 -0.8011346 21.4016266 -1.3275448 21.4721429 -1.4306989 21.5426592 -1.5338530 22.0912990 -1.0074428 22.2323317 -1.2137511 22.1618154 -1.1105970 22.3028480 -1.3169052 21.6836919 -1.7401613 22.5143970 -1.6263677 22.3733643 -1.4200594 21.7542082 -1.8433155 21.8952409 -2.0496237 21.9657572 -2.1527779 22.5849133 -1.7295218 22.6554297 -1.8326759 22.0253026 -2.2398833 22.0693182 -2.3212158 22.7349182 -1.9753323 22.7461547 -1.9978720 22.8658359 -2.5283249 22.8726381 -2.4035569 22.8515426 -2.2575645 22.7428797 -2.8941051 22.8497316 -2.6727725 22.8149532 -2.7924412 22.6546803 -2.9826162 22.2684675 -3.1783658 22.5622936 -3.0729327 22.4268729 -3.1576769 21.9329916 -3.1394309 21.7727855 -3.0831408 21.6600274 -3.0292989 21.1957340 -2.8003469 21.3053879 -2.8594614 21.5721733 -2.1512415 21.1561901 -2.7757431 21.0543998 -2.7032719 21.2873858 -1.9484823 20.8508194 -2.5583295 20.9526096 -2.6308007 20.0653785 -1.7777959 20.1391909 -1.8786178 20.9303822 -1.6878833 20.4433592 -2.2608958 20.5442412 -2.3346261 20.2903964 -2.0850713 20.3656345 -2.1844664 20.8902022 -1.6348025 20.2868158 -2.0802616 19.6963165 -1.2736864 20.2276616 -0.7298245 19.5486917 -1.0720426 19.6225041 -1.1728645 20.0062243 -0.4273588 19.3272544 -0.7695768 19.4010668 -0.8703987 19.7847871 -0.1248931 19.1796296 -0.5679330 19.5633499 0.1775727 18.9581924 -0.2654673 19.3419127 0.4800384 18.7367552 0.0369984 18.5153179 0.3394641 18.3676931 0.5411080 18.2938807 0.6419299 18.6037886 1.4882575 17.9986311 1.0452175 18.3823513 1.7907232 17.7771938 1.3476832 17.5557566 1.6501489 17.4081318 1.8517928 17.1866946 2.1542585 17.1128822 2.2550804 16.8914449 2.5575461 17.2751652 3.3030518 16.6700077 2.8600118 17.0537280 3.6055175 16.3747581 3.2632995 16.4485705 3.1624776 14.5031299 3.8261376 11.8279707 3.1933861 11.7063725 3.1646247 12.0006038 2.4635246 10.9767837 2.9920561 10.8551855 2.9632946 10.7849879 2.1758397 9.2744015 2.5879581 7.3292486 2.1260141 7.3809703 1.3674377 7.5025424 1.3963092 7.2593983 1.3385662 7.0861045 2.0682711 6.9645325 2.0393996 7.1378262 1.3096947 6.7213883 1.9816566 6.5998163 1.9527851 6.7731100 1.2230802 6.1135281 1.8372991 5.9919560 1.8084276 6.2868218 1.1075942 5.6789615 0.9632366 6.1652497 1.0787227 5.5056678 1.6929416 5.1926733 0.8477506 5.3142453 0.8766221 5.0193795 1.5774556 4.7762354 1.5197126 4.9495292 0.7900076 4.6546634 1.4908411 4.8279571 0.7611361 4.3416689 0.6456501 4.1683751 1.3753550 4.0468031 1.3464835 4.2200968 0.6167786 3.5605148 1.2309975 3.7338086 0.5012926 3.4389428 1.2021260 3.6122365 0.4724211 3.1259483 0.3569351 2.3965160 0.1837061 2.3447943 0.9422825 2.2232222 0.9134110 1.6153619 0.7690535 1.4937899 0.7401820 1.7886557 0.0393486 1.0075016 0.6246960 1.1807954 -0.1050089 1.0592233 -0.1338804 0.8859296 0.5958245 0.3996414 0.4803385 0.2780693 0.4514670 0.5729351 -0.2493665 0.0889388 -0.3643082 0.4513630 -0.2782380 -0.0866469 0.3648525 -0.0912238 0.3637351 -0.1511757 -0.4245282 -0.3336233 0.3029420 -0.2723754 -0.4549248 -0.4548230 0.2725454 -0.6359747 -0.5461145 -0.5147749 -0.5157179 -0.6972225 0.2117523 -0.7571744 -0.5765111 -0.9396220 0.1509591 -1.1820215 0.0901660 -0.9995739 -0.6373042 -1.1207736 -0.6677008 -1.3032212 0.0597694 -2.0304197 -0.1226100 -2.2728191 -0.1834031 -4.5174660 -0.4504530 -4.5275027 -0.4438015 -4.8564125 -0.1746914 -5.3134367 0.4380472 -5.4772533 0.8011612 -5.6117204 1.4077961 -4.7519493 2.4188447 -5.3144494 2.9622057 -3.3970958 2.9434097 -3.1149176 3.6383194 -3.2487424 2.7819997 -3.2338988 2.6995081 -2.4843941 2.7268120 -3.2476713 2.5447939 -4.3853258 6.3844815 -4.3093154 6.2853061 -4.3855879 7.5272384 -5.3615553 7.4783785 -5.2165686 8.4478430 -5.5471423 8.8227220 -6.5183924 8.8870734 -6.1113264 9.7694970 -6.8137910 9.5067293 -6.7697304 9.3898020 -7.2228928 10.7002683 -7.1826643 10.5819678 -7.2867994 13.1937773 -7.3293182 13.3112741 -8.0345620 13.0560660 -8.0770808 13.1735627 -7.6654060 12.0015733 -7.7860914 12.3564747 -7.5044921 11.5283715 -3.1819682 6.0473115 -3.6252218 5.3927280 -3.0054897 4.7247045 -2.7494909 4.4508715 -2.2016200 4.9630604 -1.7712183 4.4982211 -2.2617537 3.9141800 -1.2757279 3.8771693 -1.1267567 3.6253970 -1.1334792 3.6373757 -1.5759519 2.8118340 -0.8389195 2.9506981 -1.6276148 1.9858060 -0.9034508 1.7902634 -1.7362547 1.6871723 -2.0651847 1.1616779 -2.0322840 0.3879672 -3.0962417 0.6066664 -3.4628112 1.1397862 -2.7557153 1.4338855 6.8946821 1.2519517 2.9526546 1.0866400 7.9371089 2.2703716 7.8155369 2.2415001 10.2469780 2.8189302 11.7574075 2.4060017 11.5847744 3.1358632 12.1222019 2.4922860 12.9223540 3.4522390 13.4087466 3.5672847 14.6757630 3.0962760 15.2327188 3.9987061 16.0009540 3.4097215 15.8656568 4.1475269 16.5263142 4.0991126 17.7918521 2.5972984 18.0132893 2.2948327 18.9728506 0.9841479 18.8105676 -0.0638235 20.3014740 -0.8306464 19.9177537 -1.5761521 20.5229112 -1.1331121 16.2824657 6.3793417 16.2207483 7.8353718 18.0583823 4.9999712 15.4570449 7.6311403 16.0831781 8.0440049 15.2506897 7.9440900 15.6704677 8.6699042 16.3583184 7.6267387 15.7321852 7.2138741 17.0482106 6.5787530 17.0469039 6.5807808 16.4171120 6.1735173 16.9085989 6.7922063 17.2502450 6.2629966 17.3849345 6.0524924 14.3560262 9.2990653 14.4250056 9.1948771 14.7744511 10.0256605 13.8041917 10.1325710 14.0846579 11.0675426 8.4498283 18.2791559 10.2947355 15.4545437 12.2222162 13.8806241 12.0842576 14.0890005 10.3630654 15.3499285 12.8430301 12.9429303 12.2866466 12.4247115 12.9120095 12.8387421 9.1331272 17.2330033 8.9281376 17.5468491 8.0398489 18.9068475 7.0149005 20.4760765 5.2663497 22.9452874 1.9915034 24.0806063 1.7184052 23.9093213 0.8381409 21.5606589 3.7883463 20.5815649 3.9402362 20.7259531 4.2625160 21.4801605 7.6464197 16.2735401 9.3712366 13.3645268 10.3067164 10.1991615 9.8472430 10.8834457 10.5324667 10.5762886 10.4757834 10.4649318 9.4026406 9.0029315 9.5533199 9.2023032 8.8229580 9.4798230 8.1847667 8.7002878 8.2844751 9.5322999 7.7324291 9.0246118 7.6277437 10.7649191 6.9610527 10.4213743 6.7893445 10.7545953 3.8270099 12.1256892 2.1852452 9.4007162 2.8653414 9.0845372 1.7291401 7.7321230 1.2547329 7.4311419 0.6185400 7.1719115 0.3188472 7.1059693 -0.6229967 7.0417119 -1.8543079 7.3980760 -2.6578482 7.9764095 -2.8382769 9.4360214 -3.4687473 9.0297723 -4.9052498 11.5449566 -4.9672606 11.6534370 -6.3548566 13.6015736 -6.2678293 13.5119099 -5.7296460 14.0342687 -8.1647780 13.4161602 -8.2047558 13.5345215 -7.5301748 13.8875155 -8.4345554 14.2548422 -8.0698144 15.2481279 -7.7077844 14.5864093 -6.6972493 14.9411676 -5.3815369 13.6756138 -5.4685641 13.7652775 -5.4561292 12.4988249 -4.8323478 12.9152816 -3.6350189 10.8306624 -4.6572692 11.1111452 -4.0060811 11.4832394 -4.0680920 11.5917197 -4.2541245 11.9171607 -3.0794644 9.8528900 -3.3318206 8.8207164 1.2677223 7.4389207 1.3736053 7.5052691 0.8758993 8.0784768 3.0370884 11.2119308 3.8239878 11.0550286 3.3361528 11.6770980 4.7707196 12.5594468 4.8978240 12.5704487 5.5843511 12.5760435 5.7087780 12.5645857 5.8794979 11.7249988 6.1608987 12.4203838 6.9981963 11.8224338 7.3415634 11.3202874 7.7994520 10.4316981 10.0053578 9.8004182 9.5576986 10.4519967 10.1560371 9.9997899 9.2316532 12.1226453 8.7247971 12.9842426 7.8377989 14.4920379 6.8577721 17.5488260 6.7920515 17.6550999 5.0457130 19.0770916 5.1750051 18.8632298 5.3042971 18.6493679 4.7871289 19.5048152 4.2053147 20.4671935 1.6806286 20.0532091 1.0584196 20.8475663 0.8983927 21.2314790 0.8571811 22.4136375 1.5968229 22.2893749 0.9513946 22.8405357 1.3790700 23.5946527 3.2759456 23.6561518 3.6317635 24.4047729 3.7695967 24.3970959 4.1375693 23.5604649 4.3123846 24.2898068 4.4481401 24.2569706 5.3265447 23.8628238 6.2481091 22.9771552 6.5385170 22.5684883 5.3575022 22.8598207 5.8704940 23.4069398 7.6428266 20.8862091 8.6677751 19.3169801 9.5560637 17.9569816 9.6243936 17.8523664 10.3760225 16.7015984 10.7176720 16.1785221 10.1580757 15.6637743 10.7860019 16.0739068 11.4009709 15.1323694 18.8036255 3.8544733 19.2929111 1.7759854 19.0843260 2.0874532 18.3195138 3.2295019 20.7514888 0.9524858 20.4143980 0.1166132 21.2451031 0.2304068 21.4566521 -0.0790556 21.8092337 -0.5948263 22.0207827 -0.9042887 22.6756532 -1.8658217 22.8104265 -2.1418733 22.6511223 -2.9861394 22.1439629 -3.1677859 22.0194583 -3.1572059 21.4893897 -2.0923023 20.7460052 -2.4820866 20.7466422 -2.4825511 20.8476779 -2.5560683 19.8439413 -1.4753302 19.0320048 -0.3662892 18.5891303 0.2386422 18.0724435 0.9443956 17.8510063 1.2468613 17.6295690 1.5493270 17.3343194 1.9526147 16.5223829 3.0616557 11.8790056 2.4347631 11.2199800 3.0495789 9.7606898 2.7034442 7.2076766 2.0971426 6.8429604 2.0105281 7.0162541 1.2808232 1.6670836 0.0104771 -0.3935752 -0.4853214 -3.6496637 -0.8769248 -4.3529066 0.3811713 -4.7392139 0.9760417 -5.4211211 0.6635630 -5.5090520 2.5083519 -3.6121081 3.7803493 -3.9869680 3.7803493 -4.2157232 7.3439373 -4.6009443 6.6562223 -5.4644989 8.7290022 -5.6964538 7.8580773 -5.8084376 9.1592455 -7.9920432 12.9385693 -6.7139672 11.5332316 -7.3838067 11.1734701 -2.8842836 5.6932820 -2.3722859 5.1456158 -1.0418785 1.4036284 -2.1824952 1.1227710 -2.9663463 0.5141388 9.5692673 1.8871247 15.8407095 4.1425133 15.7191113 4.1137519 16.4958885 7.4181056 16.7531858 5.6482727 14.2915959 10.7549780 13.7397613 11.5884836 9.7480963 16.2914659 12.4935846 12.1121469 13.3258854 12.2136128 12.7695019 11.6953940 12.8384812 11.5912058 13.4638440 12.0052364 3.2320546 21.0846549 3.9302386 21.5208481 7.1399797 15.6665213 10.4483058 11.5336325 10.3849488 11.6413321 9.8090096 10.8083344 10.4724901 10.4586112 8.9549814 9.6545100 8.4055696 9.4170529 2.6778511 8.6925629 1.6922391 7.7055289 0.0507353 7.8174672 -1.0652451 7.1222323 -2.2035257 7.5860638 -2.1366967 8.5157620 -4.7192172 11.2195156 -5.8038430 13.0103090 -8.4920985 14.5895748 -7.9544372 15.2961011 -6.0067475 13.2429188 -4.9025971 13.0186178 2.8769873 10.8729800 3.5017750 10.4396746 6.9107855 11.9113079 8.7881541 12.8765430 4.5931908 19.8256080 3.2990714 20.0131728 2.5068948 20.4247431 1.7815529 21.0900216 0.8583135 22.4201992 0.9113157 22.7018152 1.9697470 23.1324673 1.3743761 23.5885903 2.5440502 24.2912567 2.9493745 24.3760737 3.7095274 23.6494767 3.7565348 24.3980308 4.2519224 23.5330557 7.8478163 20.5723633 18.5280990 2.9180341 21.5976847 -0.2853639 22.8638763 -2.5512750 -0.5760227 0.2421488 -2.8007262 -0.9921327 -5.4306496 0.6852548 -4.3009757 2.8960900 -2.8673377 3.4980312 -5.2754261 7.3840562 -2.7989506 5.6020043 -1.6929173 1.7963901 9.2045512 1.8005102 14.9189592 3.1537989 16.3504961 6.2761697 9.5431066 16.6053117 13.3948647 12.1094246 3.1492038 20.9911184 3.8095028 21.4886581 10.3215918 11.7490318 9.6751523 11.3687477 9.7385093 11.2610480 9.6286596 9.3019890 2.7073110 8.7446161 -0.9157726 7.8571867 3.0581012 11.2504151 5.5155787 11.8292033 4.0760226 20.6810553 1.9544707 20.8591852 3.5912952 23.6558655 18.9452692 2.2950985 22.7981161 -2.1115089 -3.8221015 -0.0049933 -4.8603707 1.7842369 -3.3468215 5.0898153 -0.8442022 2.0581945 -3.2866502 0.8186581 14.9895225 3.9411833 13.4592951 10.6535120 3.7106325 20.4938279 9.6117953 11.4764473 10.2582347 11.8567314 7.4189413 9.5327849 0.9753662 8.1408047 -2.9352197 8.2836977 -4.3161353 12.0256411 3.4006251 20.1235908 21.6131756 -1.6370072 -5.3658800 7.4831983 -4.0458585 7.1606362 -5.4485235 7.5769181 -1.9456212 4.6892273 16.9773840 6.6878897 9.5484383 11.5841470 2.0798915 9.1741021 5.6367542 22.5427071 -1.0676101 3.5153288 -3.2735874 2.4225577 16.9788851 6.6855951 7.0549340 17.2300045 -0.8184222 0.1813557 7.1863753 17.0174569 13.8777199 11.3801072 6.6628571 12.1176960 6.2250886 11.5084592 4.4638988 20.0394698 14.4325667 3.0387532 13.5328233 11.9010482 12.9074605 11.4870176 -3.7140410 6.7415389 -6.0679043 9.6542639 -7.1311580 15.2221306 16.8878754 5.4377685 -7.0093193 15.1488507 15.0503684 9.6089077 -4.2333050 6.1861308 -2.1162871 4.8717827 -2.4934921 4.1770384 -2.3601362 8.7651319 -2.2800965 8.6695228 -2.8550107 8.1878862 -1.7282661 3.1603166 -1.0084635 3.4052606 -1.6691195 3.0502484 -1.6175573 2.9542943 -0.9493169 3.2951924 -1.7413868 7.3452721 -1.7131318 7.3334407 -1.2176842 7.9494642 -0.8974490 1.8140263 -1.2983727 0.9091842 -1.9445551 1.2899051 -1.2986427 0.9087263 -1.3621869 0.8011370 0.1733135 7.8417138 -1.4193213 0.7272663 -2.4545208 1.1159848 2.1200781 8.0516556 -3.2643018 0.7916235 2.2156385 8.1319413 2.2905988 9.6273303 2.3959524 9.8539443 -3.0001201 3.5908284 4.2181374 11.4856771 -4.6028361 3.5826614 4.1744170 12.3214792 -4.7172219 3.5323701 4.5040987 11.6477249 4.1954157 12.3313547 4.3100799 12.3810079 -4.5080704 2.7658505 -4.6897357 2.5471964 6.0373854 11.6343234 -4.8643905 1.6618735 6.5597782 12.1881510 -5.6140690 1.6839759 -4.8622523 1.4360376 8.3682698 9.4415291 -4.6366365 0.7612212 8.7263882 8.6629596 8.5938385 9.4011537 8.7620272 9.4489135 -4.2017107 -0.6524890 9.0303211 9.7541959 -4.1503405 -0.6799844 -3.4208055 -0.1626952 -2.8076532 -0.2421327 -2.7868770 -0.9918769 10.1948777 11.9644311 9.4850813 11.6918466 15.4053518 3.2688446 15.5269500 3.2976061 15.3543169 4.0274676 3.6303727 20.4032165 3.0663530 20.8975819 3.0612326 20.8916783 2.9803691 20.7964594 20.9867880 -1.7291079 2.9746300 20.7895348 21.3875995 -2.0198311 2.8089040 19.7330819 21.7576827 -2.2448139 2.6895232 19.6961826 2.2730146 20.5298558 20.9785286 -0.7086199 1.6449340 21.3756641 20.6104562 1.1587941 1.5821347 21.6553864 1.5573074 21.8631735 0.8080747 21.8154853 0.8068011 21.8822543 0.8155515 22.0069009 1.5637102 21.9543786 5.4486546 22.7743540 4.9839071 24.0467326 4.5478124 23.4189905 4.4338962 24.2606818 2.4236128 23.4517631 2.5379920 23.5020694</float_array><technique_common><accessor source="#uv-array" count="2244" stride="2"><param name="S" type="float" /><param name="T" type="float" /></accessor></technique_common></source><source id="normals"><float_array id="normals-array" count="3">0.0000000 0.0000000 1.0000000</float_array><technique_common><accessor source="#normals-array" count="1" stride="3"><param name="X" type="float" /><param name="Y" type="float" /><param name="Z" type="float" /></accessor></technique_common></source><vertices id="road-vertices"><input semantic="POSITION" source="#positions" /></vertices><triangles count="2244" material="asphalt"><input semantic="VERTEX" source="#road-vertices" offset="0" /><input semantic="TEXCOORD" source="#uv" offset="1" set="0" /><input semantic="NORMAL" source="#normals" offset="2" /><p>0 0 0 1 1 0 2 2 0 3 3 0 4 4 0 1 1 0 5 5 0 3 3 0 6 6 0 7 7 0 5 5 0 8 8 0 9 9 0 7 7 0 8 8 0 10 10 0 9 9 0 11 11 0 11 11 0 12 12 0 13 13 0 14 14 0 15 15 0 12 12 0 16 16 0 17 17 0 18 18 0 19 19 0 20 20 0 21 21 0 21 21 0 22 22 0 19 19 0 23 23 0 24 24 0 22 22 0 25 25 0 26 26 0 27 27 0 28 28 0 29 29 0 30 30 0 31 31 0 32 32 0 33 33 0 34 34 0 35 35 0 36 36 0 37 37 0 38 38 0 39 39 0 37 37 0 39 39 0 40 40 0 41 41 0 42 42 0 43 43 0 41 41 0 43 43 0 44 44 0 45 45 0 46 46 0 47 47 0 48 48 0 49 49 0 50 50 0 51 51 0 52 52 0 53 53 0 54 54 0 53 53 0 52 52 0 52 52 0 55 55 0 56 56 0 57 57 0 58 58 0 55 55 0 59 59 0 60 60 0 61 61 0 59 59 0 62 62 0 60 60 0 63 63 0 64 64 0 65 65 0 66 66 0 67 67 0 68 68 0 68 68 0 69 69 0 66 66 0 70 70 0 71 71 0 72 72 0 73 73 0 74 74 0 75 75 0 76 76 0 77 77 0 78 78 0 76 76 0 79 79 0 77 77 0 80 80 0 81 81 0 82 82 0 80 80 0 82 82 0 83 83 0 84 84 0 85 85 0 86 86 0 87 87 0 88 88 0 89 89 0 90 90 0 91 91 0 92 92 0 93 93 0 94 94 0 92 92 0 92 92 0 95 95 0 93 93 0 96 96 0 97 97 0 98 98 0 99 99 0 98 98 0 100 100 0 96 96 0 101 101 0 97 97 0 102 102 0 103 103 0 104 104 0 105 105 0 104 104 0 103 103 0 106 106 0 107 107 0 108 108 0 108 108 0 109 109 0 106 106 0 110 110 0 111 111 0 112 112 0 110 110 0 113 113 0 114 114 0 115 115 0 116 116 0 117 117 0 115 115 0 118 118 0 116 116 0 119 119 0 120 120 0 121 121 0 119 119 0 122 122 0 123 123 0 124 124 0 125 125 0 126 126 0 127 127 0 128 128 0 129 129 0 130 130 0 131 131 0 132 132 0 133 133 0 134 134 0 135 135 0 136 136 0 137 137 0 138 138 0 139 139 0 140 140 0 141 141 0 142 142 0 143 143 0 144 144 0 145 145 0 146 146 0 147 147 0 148 148 0 147 147 0 149 149 0 147 147 0 150 150 0 145 145 0 151 151 0 142 142 0 144 144 0 152 152 0 153 153 0 154 154 0 155 155 0 156 156 0 157 157 0 156 156 0 152 152 0 154 154 0 150 150 0 158 158 0 145 145 0 158 158 0 159 159 0 160 160 0 161 161 0 162 162 0 163 163 0 164 164 0 165 165 0 166 166 0 167 167 0 168 168 0 169 169 0 170 170 0 171 171 0 172 172 0 173 173 0 174 174 0 175 175 0 176 176 0 177 177 0 173 173 0 178 178 0 179 179 0 180 180 0 181 181 0 182 182 0 183 183 0 184 184 0 181 181 0 185 185 0 185 185 0 186 186 0 184 184 0 185 185 0 187 187 0 186 186 0 188 188 0 189 189 0 190 190 0 188 188 0 191 191 0 192 192 0 193 193 0 194 194 0 191 191 0 195 195 0 196 196 0 197 197 0 195 195 0 198 198 0 196 196 0 195 195 0 199 199 0 198 198 0 200 200 0 201 201 0 202 202 0 203 203 0 204 204 0 205 205 0 206 206 0 207 207 0 208 208 0 209 209 0 210 210 0 211 211 0 210 210 0 212 212 0 213 213 0 214 214 0 215 215 0 216 216 0 217 217 0 214 214 0 218 218 0 219 219 0 220 220 0 221 221 0 220 220 0 222 222 0 221 221 0 223 223 0 216 216 0 215 215 0 224 224 0 225 225 0 215 215 0 226 226 0 227 227 0 228 228 0 229 229 0 224 224 0 230 230 0 231 231 0 232 232 0 233 233 0 234 234 0 231 231 0 233 233 0 233 233 0 235 235 0 234 234 0 236 236 0 234 234 0 235 235 0 237 237 0 228 228 0 238 238 0 227 227 0 238 238 0 228 228 0 239 239 0 240 240 0 241 241 0 212 212 0 242 242 0 243 243 0 211 211 0 244 244 0 209 209 0 245 245 0 204 204 0 246 246 0 204 204 0 203 203 0 247 247 0 201 201 0 200 200 0 248 248 0 199 199 0 195 195 0 249 249 0 190 190 0 250 250 0 251 251 0 252 252 0 175 175 0 174 174 0 253 253 0 155 155 0 157 157 0 254 254 0 255 255 0 256 256 0 257 257 0 258 258 0 259 259 0 260 260 0 257 257 0 261 261 0 262 262 0 263 263 0 260 260 0 264 264 0 261 261 0 257 257 0 265 265 0 266 266 0 267 267 0 267 267 0 253 253 0 268 268 0 157 157 0 268 268 0 253 253 0 256 256 0 269 269 0 270 270 0 261 261 0 262 262 0 260 260 0 154 154 0 271 271 0 156 156 0 272 272 0 273 273 0 255 255 0 274 274 0 275 275 0 276 276 0 277 277 0 278 278 0 279 279 0 279 279 0 280 280 0 277 277 0 281 281 0 282 282 0 280 280 0 283 283 0 281 281 0 284 284 0 285 285 0 283 283 0 286 286 0 287 287 0 288 288 0 289 289 0 290 290 0 289 289 0 288 288 0 291 291 0 290 290 0 288 288 0 292 292 0 293 293 0 294 294 0 295 295 0 294 294 0 293 293 0 293 293 0 296 296 0 295 295 0 294 294 0 297 297 0 292 292 0 134 134 0 298 298 0 135 135 0 299 299 0 300 300 0 301 301 0 302 302 0 303 303 0 304 304 0 303 303 0 299 299 0 304 304 0 305 305 0 306 306 0 307 307 0 308 308 0 307 307 0 306 306 0 309 309 0 308 308 0 306 306 0 306 306 0 310 310 0 311 311 0 310 310 0 312 312 0 313 313 0 314 314 0 315 315 0 316 316 0 314 314 0 316 316 0 317 317 0 318 318 0 319 319 0 320 320 0 320 320 0 321 321 0 318 318 0 322 322 0 323 323 0 324 324 0 325 325 0 326 326 0 327 327 0 328 328 0 327 327 0 326 326 0 329 329 0 328 328 0 326 326 0 330 330 0 331 331 0 332 332 0 332 332 0 333 333 0 330 330 0 334 334 0 335 335 0 336 336 0 334 334 0 337 337 0 335 335 0 338 338 0 339 339 0 340 340 0 341 341 0 342 342 0 343 343 0 344 344 0 341 341 0 343 343 0 345 345 0 346 346 0 347 347 0 348 348 0 345 345 0 347 347 0 347 347 0 349 349 0 348 348 0 350 350 0 351 351 0 352 352 0 350 350 0 353 353 0 351 351 0 354 354 0 355 355 0 356 356 0 354 354 0 357 357 0 358 358 0 125 125 0 124 124 0 359 359 0 84 84 0 360 360 0 361 361 0 362 362 0 363 363 0 364 364 0 50 50 0 46 46 0 48 48 0 42 42 0 41 41 0 365 365 0 366 366 0 23 23 0 367 367 0 368 368 0 14 14 0 369 369 0 370 370 0 371 371 0 372 372 0 372 372 0 373 373 0 374 374 0 375 375 0 376 376 0 377 377 0 378 378 0 379 379 0 380 380 0 381 381 0 382 382 0 383 383 0 384 384 0 385 385 0 386 386 0 387 387 0 388 388 0 389 389 0 390 390 0 391 391 0 371 371 0 392 392 0 393 393 0 394 394 0 395 395 0 396 396 0 397 397 0 398 398 0 399 399 0 400 400 0 401 401 0 402 402 0 403 403 0 404 404 0 405 405 0 406 406 0 407 407 0 408 408 0 409 409 0 410 410 0 411 411 0 412 412 0 413 413 0 414 414 0 415 415 0 416 416 0 417 417 0 418 418 0 419 419 0 418 418 0 420 420 0 421 421 0 422 422 0 423 423 0 424 424 0 425 425 0 426 426 0 427 427 0 428 428 0 429 429 0 430 430 0 427 427 0 431 431 0 431 431 0 432 432 0 433 433 0 434 434 0 435 435 0 436 436 0 437 437 0 436 436 0 435 435 0 435 435 0 438 438 0 439 439 0 438 438 0 440 440 0 439 439 0 441 441 0 439 439 0 440 440 0 442 442 0 443 443 0 444 444 0 445 445 0 444 444 0 446 446 0 446 446 0 447 447 0 448 448 0 449 449 0 450 450 0 451 451 0 450 450 0 452 452 0 453 453 0 422 422 0 424 424 0 454 454 0 455 455 0 423 423 0 422 422 0 456 456 0 457 457 0 458 458 0 459 459 0 460 460 0 461 461 0 462 462 0 463 463 0 464 464 0 463 463 0 465 465 0 466 466 0 467 467 0 468 468 0 469 469 0 470 470 0 471 471 0 467 467 0 472 472 0 473 473 0 474 474 0 475 475 0 476 476 0 477 477 0 478 478 0 479 479 0 476 476 0 474 474 0 475 475 0 477 477 0 477 477 0 472 472 0 474 474 0 480 480 0 481 481 0 482 482 0 483 483 0 484 484 0 481 481 0 481 481 0 485 485 0 483 483 0 486 486 0 487 487 0 488 488 0 489 489 0 490 490 0 491 491 0 492 492 0 493 493 0 494 494 0 495 495 0 496 496 0 497 497 0 498 498 0 499 499 0 500 500 0 501 501 0 502 502 0 503 503 0 504 504 0 505 505 0 506 506 0 507 507 0 508 508 0 509 509 0 510 510 0 511 511 0 512 512 0 513 513 0 514 514 0 515 515 0 516 516 0 517 517 0 518 518 0 519 519 0 520 520 0 521 521 0 522 522 0 523 523 0 524 524 0 525 525 0 526 526 0 527 527 0 528 528 0 529 529 0 530 530 0 531 531 0 532 532 0 533 533 0 534 534 0 535 535 0 536 536 0 537 537 0 538 538 0 539 539 0 540 540 0 541 541 0 542 542 0 543 543 0 544 544 0 545 545 0 546 546 0 547 547 0 548 548 0 549 549 0 550 550 0 551 551 0 552 552 0 553 553 0 554 554 0 555 555 0 556 556 0 557 557 0 556 556 0 558 558 0 557 557 0 559 559 0 560 560 0 561 561 0 562 562 0 563 563 0 558 558 0 564 564 0 565 565 0 566 566 0 567 567 0 568 568 0 569 569 0 568 568 0 570 570 0 571 571 0 572 572 0 573 573 0 574 574 0 566 566 0 575 575 0 564 564 0 576 576 0 577 577 0 578 578 0 579 579 0 580 580 0 581 581 0 582 582 0 583 583 0 584 584 0 585 585 0 559 559 0 586 586 0 587 587 0 588 588 0 589 589 0 590 590 0 589 589 0 591 591 0 592 592 0 593 593 0 594 594 0 591 591 0 595 595 0 596 596 0 593 593 0 597 597 0 598 598 0 599 599 0 600 600 0 601 601 0 602 602 0 598 598 0 603 603 0 570 570 0 604 604 0 573 573 0 605 605 0 606 606 0 607 607 0 606 606 0 608 608 0 609 609 0 573 573 0 571 571 0 570 570 0 594 594 0 610 610 0 611 611 0 558 558 0 587 587 0 612 612 0 613 613 0 614 614 0 615 615 0 614 614 0 616 616 0 617 617 0 616 616 0 618 618 0 619 619 0 620 620 0 621 621 0 622 622 0 557 557 0 623 623 0 555 555 0 624 624 0 625 625 0 626 626 0 627 627 0 628 628 0 629 629 0 629 629 0 630 630 0 631 631 0 632 632 0 633 633 0 634 634 0 635 635 0 636 636 0 637 637 0 638 638 0 639 639 0 640 640 0 641 641 0 642 642 0 643 643 0 644 644 0 645 645 0 646 646 0 647 647 0 648 648 0 649 649 0 648 648 0 650 650 0 651 651 0 652 652 0 653 653 0 654 654 0 655 655 0 654 654 0 656 656 0 657 657 0 658 658 0 659 659 0 660 660 0 661 661 0 662 662 0 663 663 0 664 664 0 665 665 0 666 666 0 667 667 0 668 668 0 669 669 0 666 666 0 668 668 0 670 670 0 671 671 0 672 672 0 673 673 0 674 674 0 671 671 0 675 675 0 676 676 0 677 677 0 678 678 0 677 677 0 679 679 0 680 680 0 673 673 0 681 681 0 682 682 0 683 683 0 684 684 0 685 685 0 684 684 0 686 686 0 687 687 0 688 688 0 689 689 0 690 690 0 687 687 0 691 691 0 691 691 0 692 692 0 690 690 0 693 693 0 694 694 0 695 695 0 696 696 0 697 697 0 698 698 0 668 668 0 699 699 0 669 669 0 662 662 0 700 700 0 701 701 0 702 702 0 703 703 0 704 704 0 705 705 0 706 706 0 707 707 0 708 708 0 709 709 0 710 710 0 711 711 0 712 712 0 709 709 0 713 713 0 714 714 0 712 712 0 715 715 0 716 716 0 714 714 0 717 717 0 718 718 0 719 719 0 720 720 0 721 721 0 722 722 0 723 723 0 724 724 0 718 718 0 725 725 0 656 656 0 726 726 0 727 727 0 728 728 0 729 729 0 651 651 0 649 649 0 648 648 0 730 730 0 731 731 0 732 732 0 733 733 0 734 734 0 735 735 0 736 736 0 737 737 0 738 738 0 739 739 0 740 740 0 741 741 0 742 742 0 743 743 0 744 744 0 745 745 0 746 746 0 747 747 0 748 748 0 749 749 0 750 750 0 751 751 0 752 752 0 753 753 0 754 754 0 755 755 0 756 756 0 757 757 0 758 758 0 759 759 0 760 760 0 761 761 0 762 762 0 763 763 0 764 764 0 765 765 0 766 766 0 767 767 0 768 768 0 769 769 0 770 770 0 771 771 0 772 772 0 773 773 0 774 774 0 775 775 0 776 776 0 777 777 0 778 778 0 779 779 0 780 780 0 781 781 0 782 782 0 783 783 0 784 784 0 785 785 0 786 786 0 787 787 0 788 788 0 784 784 0 789 789 0 790 790 0 791 791 0 792 792 0 793 793 0 794 794 0 795 795 0 796 796 0 797 797 0 798 798 0 799 799 0 800 800 0 801 801 0 802 802 0 803 803 0 804 804 0 805 805 0 806 806 0 807 807 0 808 808 0 809 809 0 810 810 0 811 811 0 812 812 0 813 813 0 814 814 0 815 815 0 816 816 0 817 817 0 818 818 0 819 819 0 820 820 0 821 821 0 822 822 0 819 819 0 821 821 0 823 823 0 824 824 0 825 825 0 826 826 0 823 823 0 825 825 0 825 825 0 827 827 0 828 828 0 829 829 0 830 830 0 831 831 0 831 831 0 832 832 0 829 829 0 833 833 0 834 834 0 832 832 0 833 833 0 835 835 0 834 834 0 832 832 0 836 836 0 833 833 0 832 832 0 837 837 0 838 838 0 839 839 0 840 840 0 841 841 0 842 842 0 843 843 0 844 844 0 845 845 0 846 846 0 847 847 0 848 848 0 849 849 0 850 850 0 851 851 0 852 852 0 853 853 0 854 854 0 855 855 0 856 856 0 857 857 0 858 858 0 859 859 0 860 860 0 861 861 0 862 862 0 863 863 0 864 864 0 865 865 0 866 866 0 867 867 0 868 868 0 869 869 0 870 870 0 871 871 0 872 872 0 873 873 0 874 874 0 875 875 0 876 876 0 872 872 0 877 877 0 872 872 0 876 876 0 878 878 0 879 879 0 880 880 0 881 881 0 878 878 0 882 882 0 883 883 0 884 884 0 881 881 0 885 885 0 886 886 0 887 887 0 888 888 0 885 885 0 889 889 0 890 890 0 891 891 0 892 892 0 892 892 0 893 893 0 890 890 0 894 894 0 895 895 0 896 896 0 897 897 0 898 898 0 899 899 0 900 900 0 901 901 0 902 902 0 900 900 0 903 903 0 901 901 0 904 904 0 905 905 0 906 906 0 907 907 0 908 908 0 909 909 0 910 910 0 911 911 0 912 912 0 913 913 0 914 914 0 915 915 0 916 916 0 917 917 0 918 918 0 919 919 0 920 920 0 921 921 0 922 922 0 921 921 0 920 920 0 923 923 0 924 924 0 925 925 0 925 925 0 926 926 0 923 923 0 927 927 0 928 928 0 926 926 0 926 926 0 929 929 0 927 927 0 928 928 0 923 923 0 926 926 0 924 924 0 930 930 0 920 920 0 931 931 0 932 932 0 933 933 0 921 921 0 916 916 0 919 919 0 934 934 0 935 935 0 936 936 0 937 937 0 938 938 0 939 939 0 940 940 0 941 941 0 942 942 0 942 942 0 943 943 0 940 940 0 942 942 0 944 944 0 943 943 0 945 945 0 946 946 0 947 947 0 948 948 0 949 949 0 950 950 0 950 950 0 951 951 0 948 948 0 952 952 0 953 953 0 954 954 0 955 955 0 956 956 0 957 957 0 955 955 0 958 958 0 956 956 0 959 959 0 960 960 0 961 961 0 959 959 0 962 962 0 960 960 0 963 963 0 964 964 0 965 965 0 966 966 0 967 967 0 968 968 0 969 969 0 970 970 0 971 971 0 969 969 0 972 972 0 970 970 0 973 973 0 974 974 0 975 975 0 976 976 0 977 977 0 978 978 0 979 979 0 980 980 0 981 981 0 982 982 0 983 983 0 984 984 0 985 985 0 986 986 0 987 987 0 988 988 0 989 989 0 990 990 0 991 991 0 992 992 0 993 993 0 994 994 0 991 991 0 995 995 0 996 996 0 997 997 0 998 998 0 999 999 0 1000 1000 0 1001 1001 0 1002 1002 0 1003 1003 0 1000 1000 0 1004 1004 0 1005 1005 0 1002 1002 0 1006 1006 0 1002 1002 0 1005 1005 0 1007 1007 0 1006 1006 0 1008 1008 0 1009 1009 0 1010 1010 0 1007 1007 0 1011 1011 0 1012 1012 0 1013 1013 0 1014 1014 0 1015 1015 0 1016 1016 0 1017 1017 0 1018 1018 0 1014 1014 0 1016 1016 0 1017 1017 0 1014 1014 0 1019 1019 0 1020 1020 0 1021 1021 0 1022 1022 0 1019 1019 0 1021 1021 0 1023 1023 0 1024 1024 0 1022 1022 0 1025 1025 0 1026 1026 0 1027 1027 0 1028 1028 0 1029 1029 0 1026 1026 0 1030 1030 0 1031 1031 0 1032 1032 0 1032 1032 0 1033 1033 0 1034 1034 0 1035 1035 0 1036 1036 0 1033 1033 0 1037 1037 0 1038 1038 0 1039 1039 0 1040 1040 0 1041 1041 0 1038 1038 0 1042 1042 0 1043 1043 0 1044 1044 0 1042 1042 0 1045 1045 0 1043 1043 0 1046 1046 0 1047 1047 0 1048 1048 0 1049 1049 0 1050 1050 0 1051 1051 0 1052 1052 0 1053 1053 0 1049 1049 0 1054 1054 0 1055 1055 0 1056 1056 0 1056 1056 0 1057 1057 0 1054 1054 0 1058 1058 0 1059 1059 0 1060 1060 0 1058 1058 0 1061 1061 0 1059 1059 0 1062 1062 0 1063 1063 0 1064 1064 0 1065 1065 0 1066 1066 0 1063 1063 0 1063 1063 0 1067 1067 0 1065 1065 0 1068 1068 0 1069 1069 0 1070 1070 0 1071 1071 0 1072 1072 0 1073 1073 0 1071 1071 0 1074 1074 0 1072 1072 0 1075 1075 0 1076 1076 0 1077 1077 0 1078 1078 0 1079 1079 0 1080 1080 0 1081 1081 0 1082 1082 0 1083 1083 0 1084 1084 0 1085 1085 0 1086 1086 0 1087 1087 0 1088 1088 0 1089 1089 0 1090 1090 0 1091 1091 0 1092 1092 0 1093 1093 0 1094 1094 0 1095 1095 0 1096 1096 0 1097 1097 0 1098 1098 0 1099 1099 0 1100 1100 0 1101 1101 0 1102 1102 0 1103 1103 0 1104 1104 0 1105 1105 0 1106 1106 0 1107 1107 0 1108 1108 0 1109 1109 0 1110 1110 0 1111 1111 0 1112 1112 0 1113 1113 0 1114 1114 0 1115 1115 0 1116 1116 0 1117 1117 0 1118 1118 0 1119 1119 0 1120 1120 0 1117 1117 0 1121 1121 0 1122 1122 0 1121 1121 0 1117 1117 0 1123 1123 0 1119 1119 0 1124 1124 0 1125 1125 0 1126 1126 0 1127 1127 0 1128 1128 0 1129 1129 0 1130 1130 0 1131 1131 0 1132 1132 0 1133 1133 0 1134 1134 0 221 221 0 222 222 0 1135 1135 0 1136 1136 0 1137 1137 0 1138 1138 0 1135 1135 0 1139 1139 0 1140 1140 0 1141 1141 0 1142 1142 0 1143 1143 0 1142 1142 0 1141 1141 0 1144 1144 0 1145 1145 0 1146 1146 0 1147 1147 0 1148 1148 0 1149 1149 0 1150 1150 0 1147 1147 0 1149 1149 0 1151 1151 0 1152 1152 0 1153 1153 0 1153 1153 0 1154 1154 0 1151 1151 0 1153 1153 0 1155 1155 0 1154 1154 0 1153 1153 0 1156 1156 0 1157 1157 0 1158 1158 0 1159 1159 0 1160 1160 0 1160 1160 0 1161 1161 0 1158 1158 0 1160 1160 0 1162 1162 0 1161 1161 0 1128 1128 0 1163 1163 0 1131 1131 0 1164 1164 0 1127 1127 0 1126 1126 0 1124 1124 0 1165 1165 0 1123 1123 0 1166 1166 0 1167 1167 0 1168 1168 0 1169 1169 0 1166 1166 0 1168 1168 0 1170 1170 0 1169 1169 0 1171 1171 0 1172 1172 0 1173 1173 0 1174 1174 0 1175 1175 0 1174 1174 0 1173 1173 0 1173 1173 0 1176 1176 0 1177 1177 0 1178 1178 0 1179 1179 0 1180 1180 0 1181 1181 0 1182 1182 0 1183 1183 0 1113 1113 0 1184 1184 0 1111 1111 0 1113 1113 0 1185 1185 0 1184 1184 0 1113 1113 0 1183 1183 0 1185 1185 0 1114 1114 0 1186 1186 0 1115 1115 0 1106 1106 0 1187 1187 0 1188 1188 0 1106 1106 0 1189 1189 0 1187 1187 0 1106 1106 0 1105 1105 0 1189 1189 0 1190 1190 0 1191 1191 0 1192 1192 0 1100 1100 0 1099 1099 0 1193 1193 0 1098 1098 0 1194 1194 0 1096 1096 0 1095 1095 0 1195 1195 0 1093 1093 0 1196 1196 0 1197 1197 0 1198 1198 0 1196 1196 0 1093 1093 0 1197 1197 0 1091 1091 0 1090 1090 0 1199 1199 0 1085 1085 0 1084 1084 0 1200 1200 0 1201 1201 0 1202 1202 0 1203 1203 0 1079 1079 0 1078 1078 0 1204 1204 0 1205 1205 0 1206 1206 0 1075 1075 0 1207 1207 0 1208 1208 0 1209 1209 0 1069 1069 0 1068 1068 0 1210 1210 0 1211 1211 0 1056 1056 0 1212 1212 0 1213 1213 0 1214 1214 0 1215 1215 0 1216 1216 0 1040 1040 0 1217 1217 0 1026 1026 0 1025 1025 0 1028 1028 0 1218 1218 0 1219 1219 0 1220 1220 0 1013 1013 0 1221 1221 0 1222 1222 0 1223 1223 0 1224 1224 0 1225 1225 0 1226 1226 0 1227 1227 0 1228 1228 0 1228 1228 0 1229 1229 0 1226 1226 0 1229 1229 0 1230 1230 0 1231 1231 0 1232 1232 0 1231 1231 0 1233 1233 0 1234 1234 0 1232 1232 0 1233 1233 0 1235 1235 0 1236 1236 0 1237 1237 0 1236 1236 0 1238 1238 0 1237 1237 0 1238 1238 0 1239 1239 0 1240 1240 0 1241 1241 0 1240 1240 0 1239 1239 0 1242 1242 0 1241 1241 0 1239 1239 0 1243 1243 0 1244 1244 0 1245 1245 0 989 989 0 1246 1246 0 1244 1244 0 1247 1247 0 1248 1248 0 1249 1249 0 1247 1247 0 1250 1250 0 1248 1248 0 1251 1251 0 1252 1252 0 1253 1253 0 1254 1254 0 1253 1253 0 1252 1252 0 1253 1253 0 1255 1255 0 1256 1256 0 1257 1257 0 1258 1258 0 1259 1259 0 1260 1260 0 1259 1259 0 1258 1258 0 1258 1258 0 1261 1261 0 1262 1262 0 1263 1263 0 1264 1264 0 1261 1261 0 1261 1261 0 1265 1265 0 1266 1266 0 980 980 0 979 979 0 1267 1267 0 1268 1268 0 1269 1269 0 1270 1270 0 980 980 0 1267 1267 0 1269 1269 0 1271 1271 0 1272 1272 0 1273 1273 0 1271 1271 0 1274 1274 0 1272 1272 0 1275 1275 0 1276 1276 0 1277 1277 0 1278 1278 0 1279 1279 0 1280 1280 0 1281 1281 0 1282 1282 0 1283 1283 0 1283 1283 0 1284 1284 0 1281 1281 0 1282 1282 0 1285 1285 0 1286 1286 0 1285 1285 0 1287 1287 0 1288 1288 0 1285 1285 0 976 976 0 1287 1287 0 1289 1289 0 1290 1290 0 1291 1291 0 974 974 0 973 973 0 1292 1292 0 972 972 0 969 969 0 1293 1293 0 1294 1294 0 1295 1295 0 1296 1296 0 1297 1297 0 966 966 0 1295 1295 0 968 968 0 1298 1298 0 1299 1299 0 965 965 0 959 959 0 1300 1300 0 1301 1301 0 937 937 0 939 939 0 1302 1302 0 934 934 0 1303 1303 0 1304 1304 0 1305 1305 0 1306 1306 0 1307 1307 0 1308 1308 0 1309 1309 0 1308 1308 0 1310 1310 0 1309 1309 0 1311 1311 0 1309 1309 0 1310 1310 0 1312 1312 0 1313 1313 0 914 914 0 1314 1314 0 1315 1315 0 1316 1316 0 911 911 0 910 910 0 1317 1317 0 908 908 0 907 907 0 1318 1318 0 905 905 0 904 904 0 1319 1319 0 903 903 0 900 900 0 1320 1320 0 1321 1321 0 1322 1322 0 1323 1323 0 1324 1324 0 1325 1325 0 1326 1326 0 1327 1327 0 1328 1328 0 1329 1329 0 1330 1330 0 1331 1331 0 1332 1332 0 1333 1333 0 1334 1334 0 1335 1335 0 1336 1336 0 1335 1335 0 1334 1334 0 1334 1334 0 1337 1337 0 1338 1338 0 1339 1339 0 1338 1338 0 1340 1340 0 1341 1341 0 1339 1339 0 1342 1342 0 1343 1343 0 1341 1341 0 1342 1342 0 1342 1342 0 1344 1344 0 1343 1343 0 867 867 0 866 866 0 1345 1345 0 855 855 0 1346 1346 0 857 857 0 1347 1347 0 1348 1348 0 1349 1349 0 855 855 0 854 854 0 1346 1346 0 1350 1350 0 1351 1351 0 1352 1352 0 1328 1328 0 1347 1347 0 1349 1349 0 843 843 0 1353 1353 0 845 845 0 843 843 0 842 842 0 1353 1353 0 1354 1354 0 1355 1355 0 1356 1356 0 1357 1357 0 1358 1358 0 1359 1359 0 1360 1360 0 1361 1361 0 1362 1362 0 1363 1363 0 1360 1360 0 1362 1362 0 1362 1362 0 1364 1364 0 1365 1365 0 1366 1366 0 1367 1367 0 1368 1368 0 1369 1369 0 1370 1370 0 1366 1366 0 1366 1366 0 1371 1371 0 1369 1369 0 817 817 0 1372 1372 0 1373 1373 0 817 817 0 816 816 0 1372 1372 0 818 818 0 1374 1374 0 1375 1375 0 1376 1376 0 1377 1377 0 1378 1378 0 1379 1379 0 1380 1380 0 1377 1377 0 812 812 0 1381 1381 0 810 810 0 1382 1382 0 810 810 0 1381 1381 0 1381 1381 0 1383 1383 0 1382 1382 0 1384 1384 0 1385 1385 0 1386 1386 0 1387 1387 0 1388 1388 0 1389 1389 0 1387 1387 0 1390 1390 0 1388 1388 0 1391 1391 0 1392 1392 0 1393 1393 0 1394 1394 0 1395 1395 0 1392 1392 0 1396 1396 0 1397 1397 0 1398 1398 0 1399 1399 0 1398 1398 0 1397 1397 0 1400 1400 0 1399 1399 0 1397 1397 0 1401 1401 0 1402 1402 0 1403 1403 0 1404 1404 0 1403 1403 0 1402 1402 0 1402 1402 0 1405 1405 0 1406 1406 0 1407 1407 0 1408 1408 0 1409 1409 0 1409 1409 0 1410 1410 0 1411 1411 0 1410 1410 0 1412 1412 0 1411 1411 0 805 805 0 804 804 0 1413 1413 0 1414 1414 0 801 801 0 1415 1415 0 1414 1414 0 1415 1415 0 1416 1416 0 1417 1417 0 1418 1418 0 1419 1419 0 1420 1420 0 1417 1417 0 1419 1419 0 1419 1419 0 1421 1421 0 1422 1422 0 1423 1423 0 1424 1424 0 1425 1425 0 1426 1426 0 1425 1425 0 1424 1424 0 1427 1427 0 1426 1426 0 1428 1428 0 1429 1429 0 1430 1430 0 1431 1431 0 1432 1432 0 1429 1429 0 1431 1431 0 1433 1433 0 1434 1434 0 1435 1435 0 1435 1435 0 1436 1436 0 1433 1433 0 1437 1437 0 1438 1438 0 1436 1436 0 793 793 0 792 792 0 1439 1439 0 793 793 0 1439 1439 0 1440 1440 0 1441 1441 0 1442 1442 0 792 792 0 790 790 0 789 789 0 1443 1443 0 790 790 0 1443 1443 0 1444 1444 0 785 785 0 1445 1445 0 1446 1446 0 1446 1446 0 1447 1447 0 785 785 0 1448 1448 0 1446 1446 0 1449 1449 0 1450 1450 0 781 781 0 1451 1451 0 1450 1450 0 1451 1451 0 1452 1452 0 783 783 0 1453 1453 0 1454 1454 0 1455 1455 0 1456 1456 0 1457 1457 0 1455 1455 0 1458 1458 0 1459 1459 0 1460 1460 0 1461 1461 0 1458 1458 0 779 779 0 778 778 0 1462 1462 0 773 773 0 1463 1463 0 775 775 0 776 776 0 1464 1464 0 1465 1465 0 776 776 0 775 775 0 1464 1464 0 1466 1466 0 1467 1467 0 778 778 0 770 770 0 769 769 0 1468 1468 0 767 767 0 766 766 0 1469 1469 0 764 764 0 763 763 0 1470 1470 0 761 761 0 760 760 0 1471 1471 0 758 758 0 757 757 0 1472 1472 0 755 755 0 754 754 0 1473 1473 0 749 749 0 748 748 0 1474 1474 0 746 746 0 745 745 0 1475 1475 0 743 743 0 742 742 0 1476 1476 0 740 740 0 739 739 0 1477 1477 0 737 737 0 736 736 0 1478 1478 0 734 734 0 733 733 0 1479 1479 0 731 731 0 730 730 0 1480 1480 0 1481 1481 0 1482 1482 0 1483 1483 0 728 728 0 727 727 0 1484 1484 0 653 653 0 652 652 0 1485 1485 0 656 656 0 725 725 0 655 655 0 722 722 0 1486 1486 0 720 720 0 716 716 0 1487 1487 0 1486 1486 0 712 712 0 711 711 0 713 713 0 710 710 0 1488 1488 0 708 708 0 703 703 0 702 702 0 1489 1489 0 1490 1490 0 657 657 0 1491 1491 0 659 659 0 663 663 0 1492 1492 0 1493 1493 0 1494 1494 0 1495 1495 0 697 697 0 696 696 0 1496 1496 0 698 698 0 675 675 0 1497 1497 0 1498 1498 0 682 682 0 1499 1499 0 684 684 0 685 685 0 1500 1500 0 1501 1501 0 1502 1502 0 1503 1503 0 695 695 0 691 691 0 693 693 0 1504 1504 0 640 640 0 639 639 0 637 637 0 1505 1505 0 635 635 0 636 636 0 632 632 0 637 637 0 630 630 0 1506 1506 0 631 631 0 628 628 0 1507 1507 0 1508 1508 0 608 608 0 1509 1509 0 1510 1510 0 609 609 0 1511 1511 0 606 606 0 607 607 0 1512 1512 0 1513 1513 0 577 577 0 1513 1513 0 578 578 0 1514 1514 0 1515 1515 0 576 576 0 1516 1516 0 1517 1517 0 1518 1518 0 1519 1519 0 1520 1520 0 1516 1516 0 1521 1521 0 1522 1522 0 1523 1523 0 1524 1524 0 1525 1525 0 1526 1526 0 1527 1527 0 1528 1528 0 1524 1524 0 1529 1529 0 1530 1530 0 582 582 0 583 583 0 1531 1531 0 584 584 0 1532 1532 0 1533 1533 0 1534 1534 0 1535 1535 0 1536 1536 0 1537 1537 0 1530 1530 0 1524 1524 0 1538 1538 0 1539 1539 0 1540 1540 0 1541 1541 0 580 580 0 1542 1542 0 1540 1540 0 1543 1543 0 1544 1544 0 1545 1545 0 1546 1546 0 1543 1543 0 1547 1547 0 1548 1548 0 1549 1549 0 1550 1550 0 1551 1551 0 1552 1552 0 1553 1553 0 1554 1554 0 1551 1551 0 1555 1555 0 1556 1556 0 1557 1557 0 1558 1558 0 1559 1559 0 1547 1547 0 1543 1543 0 1520 1520 0 1523 1523 0 1560 1560 0 1522 1522 0 1560 1560 0 1523 1523 0 1561 1561 0 1526 1526 0 1525 1525 0 1557 1557 0 1562 1562 0 1558 1558 0 1563 1563 0 1554 1554 0 1564 1564 0 1565 1565 0 1566 1566 0 1567 1567 0 1568 1568 0 1569 1569 0 1570 1570 0 1571 1571 0 1568 1568 0 1572 1572 0 1573 1573 0 1574 1574 0 1575 1575 0 1576 1576 0 1577 1577 0 1534 1534 0 1578 1578 0 1579 1579 0 1580 1580 0 1579 1579 0 1581 1581 0 1582 1582 0 1581 1581 0 1583 1583 0 1584 1584 0 1585 1585 0 1586 1586 0 1587 1587 0 1588 1588 0 1589 1589 0 1590 1590 0 1591 1591 0 1592 1592 0 1588 1588 0 1592 1592 0 1593 1593 0 1594 1594 0 1595 1595 0 1596 1596 0 1597 1597 0 1596 1596 0 1598 1598 0 1599 1599 0 1600 1600 0 1601 1601 0 1602 1602 0 1601 1601 0 1603 1603 0 1604 1604 0 1603 1603 0 1605 1605 0 1606 1606 0 1605 1605 0 1607 1607 0 1608 1608 0 1607 1607 0 1609 1609 0 1608 1608 0 1610 1610 0 1611 1611 0 1612 1612 0 1613 1613 0 1614 1614 0 1611 1611 0 1615 1615 0 1613 1613 0 1616 1616 0 1617 1617 0 1618 1618 0 1619 1619 0 1620 1620 0 1621 1621 0 1622 1622 0 1623 1623 0 1622 1622 0 1624 1624 0 1624 1624 0 1625 1625 0 1626 1626 0 1625 1625 0 1627 1627 0 1626 1626 0 553 553 0 1628 1628 0 1629 1629 0 553 553 0 1629 1629 0 1630 1630 0 553 553 0 1631 1631 0 1632 1632 0 1631 1631 0 1633 1633 0 1632 1632 0 553 553 0 1634 1634 0 1631 1631 0 553 553 0 1635 1635 0 1636 1636 0 1636 1636 0 1635 1635 0 1637 1637 0 553 553 0 552 552 0 1638 1638 0 554 554 0 1639 1639 0 552 552 0 549 549 0 551 551 0 1640 1640 0 1641 1641 0 1642 1642 0 1643 1643 0 1643 1643 0 1644 1644 0 1641 1641 0 1643 1643 0 1645 1645 0 1644 1644 0 1646 1646 0 1647 1647 0 1648 1648 0 538 538 0 1649 1649 0 1650 1650 0 1651 1651 0 1652 1652 0 1653 1653 0 1651 1651 0 1654 1654 0 1655 1655 0 1656 1656 0 1657 1657 0 1654 1654 0 538 538 0 537 537 0 1649 1649 0 536 536 0 1658 1658 0 534 534 0 1659 1659 0 1660 1660 0 1661 1661 0 1662 1662 0 1663 1663 0 1664 1664 0 1665 1665 0 525 525 0 1666 1666 0 1667 1667 0 522 522 0 1668 1668 0 1669 1669 0 519 519 0 1670 1670 0 517 517 0 516 516 0 1671 1671 0 518 518 0 1672 1672 0 516 516 0 514 514 0 513 513 0 1673 1673 0 1674 1674 0 507 507 0 1675 1675 0 1676 1676 0 504 504 0 1677 1677 0 502 502 0 501 501 0 1678 1678 0 503 503 0 1679 1679 0 501 501 0 500 500 0 1680 1680 0 498 498 0 496 496 0 495 495 0 1681 1681 0 493 493 0 492 492 0 1682 1682 0 1683 1683 0 489 489 0 1684 1684 0 1685 1685 0 1686 1686 0 1687 1687 0 1688 1688 0 456 456 0 458 458 0 1689 1689 0 1690 1690 0 1691 1691 0 414 414 0 416 416 0 415 415 0 1692 1692 0 1693 1693 0 411 411 0 409 409 0 1694 1694 0 407 407 0 400 400 0 401 401 0 398 398 0 1695 1695 0 397 397 0 396 396 0 380 380 0 1696 1696 0 378 378 0 1697 1697 0 1698 1698 0 1696 1696 0 1699 1699 0 1697 1697 0 1700 1700 0 1700 1700 0 1701 1701 0 1702 1702 0 1703 1703 0 1704 1704 0 1705 1705 0 1706 1706 0 1707 1707 0 1708 1708 0 1709 1709 0 1710 1710 0 1707 1707 0 1711 1711 0 381 381 0 1709 1709 0 1712 1712 0 1713 1713 0 1714 1714 0 1714 1714 0 1715 1715 0 1716 1716 0 1715 1715 0 1717 1717 0 1718 1718 0 1719 1719 0 1718 1718 0 1720 1720 0 1720 1720 0 1721 1721 0 1722 1722 0 1721 1721 0 1723 1723 0 1724 1724 0 1723 1723 0 1725 1725 0 1726 1726 0 385 385 0 1727 1727 0 386 386 0 1728 1728 0 384 384 0 1729 1729 0 1730 1730 0 1731 1731 0 1728 1728 0 1731 1731 0 1732 1732 0 1733 1733 0 1732 1732 0 1734 1734 0 1735 1735 0 1736 1736 0 1735 1735 0 1737 1737 0 1738 1738 0 1739 1739 0 1740 1740 0 1741 1741 0 1742 1742 0 1739 1739 0 1743 1743 0 1744 1744 0 1741 1741 0 1745 1745 0 1741 1741 0 1746 1746 0 1747 1747 0 1745 1745 0 1748 1748 0 1749 1749 0 1750 1750 0 1751 1751 0 1752 1752 0 1749 1749 0 1753 1753 0 1753 1753 0 1754 1754 0 1755 1755 0 1756 1756 0 1755 1755 0 1757 1757 0 1 1 0 6 6 0 3 3 0 1758 1758 0 8 8 0 5 5 0 16 16 0 18 18 0 368 368 0 13 13 0 10 10 0 11 11 0 1759 1759 0 11 11 0 9 9 0 22 22 0 21 21 0 23 23 0 23 23 0 366 366 0 24 24 0 25 25 0 30 30 0 26 26 0 28 28 0 33 33 0 29 29 0 1760 1760 0 36 36 0 35 35 0 40 40 0 1761 1761 0 37 37 0 44 44 0 1762 1762 0 41 41 0 45 45 0 47 47 0 42 42 0 48 48 0 1763 1763 0 49 49 0 53 53 0 1764 1764 0 51 51 0 56 56 0 54 54 0 52 52 0 59 59 0 61 61 0 1765 1765 0 65 65 0 68 68 0 67 67 0 68 68 0 72 72 0 69 69 0 1766 1766 0 78 78 0 73 73 0 76 76 0 1767 1767 0 79 79 0 83 83 0 362 362 0 80 80 0 84 84 0 86 86 0 81 81 0 91 91 0 89 89 0 88 88 0 94 94 0 90 90 0 92 92 0 98 98 0 99 99 0 96 96 0 1768 1768 0 1769 1769 0 101 101 0 103 103 0 108 108 0 105 105 0 1770 1770 0 112 112 0 109 109 0 1771 1771 0 1772 1772 0 113 113 0 1773 1773 0 121 121 0 118 118 0 124 124 0 126 126 0 122 122 0 141 141 0 1774 1774 0 139 139 0 149 149 0 161 161 0 148 148 0 159 159 0 164 164 0 160 160 0 1774 1774 0 1775 1775 0 139 139 0 140 140 0 151 151 0 144 144 0 1776 1776 0 145 145 0 158 158 0 1777 1777 0 163 163 0 162 162 0 172 172 0 169 169 0 168 168 0 171 171 0 1778 1778 0 177 177 0 1778 1778 0 173 173 0 177 177 0 175 175 0 176 176 0 173 173 0 179 179 0 252 252 0 1779 1779 0 190 190 0 1780 1780 0 250 250 0 183 183 0 185 185 0 181 181 0 250 250 0 1780 1780 0 187 187 0 188 188 0 192 192 0 189 189 0 1781 1781 0 1782 1782 0 1783 1783 0 182 182 0 178 178 0 183 183 0 244 244 0 1784 1784 0 1785 1785 0 213 213 0 211 211 0 210 210 0 1786 1786 0 1787 1787 0 1788 1788 0 221 221 0 1789 1789 0 219 219 0 225 225 0 223 223 0 215 215 0 1790 1790 0 237 237 0 236 236 0 235 235 0 1790 1790 0 236 236 0 1791 1791 0 233 233 0 232 232 0 1792 1792 0 239 239 0 226 226 0 212 212 0 210 210 0 242 242 0 1785 1785 0 207 207 0 244 244 0 199 199 0 249 249 0 200 200 0 1779 1779 0 180 180 0 179 179 0 1793 1793 0 267 267 0 266 266 0 258 258 0 1793 1793 0 266 266 0 259 259 0 1794 1794 0 257 257 0 1794 1794 0 264 264 0 257 257 0 268 268 0 265 265 0 267 267 0 1795 1795 0 274 274 0 272 272 0 275 275 0 1796 1796 0 1797 1797 0 282 282 0 1798 1798 0 280 280 0 1799 1799 0 284 284 0 281 281 0 289 289 0 285 285 0 287 287 0 1800 1800 0 291 291 0 288 288 0 1801 1801 0 1802 1802 0 296 296 0 1802 1802 0 295 295 0 296 296 0 1803 1803 0 301 301 0 1804 1804 0 301 301 0 304 304 0 299 299 0 304 304 0 305 305 0 307 307 0 311 311 0 309 309 0 306 306 0 312 312 0 1805 1805 0 313 313 0 317 317 0 1806 1806 0 314 314 0 1807 1807 0 320 320 0 319 319 0 320 320 0 324 324 0 321 321 0 331 331 0 329 329 0 1808 1808 0 1808 1808 0 332 332 0 331 331 0 332 332 0 1809 1809 0 333 333 0 338 338 0 340 340 0 337 337 0 343 343 0 1810 1810 0 344 344 0 1811 1811 0 348 348 0 349 349 0 352 352 0 1811 1811 0 350 350 0 1812 1812 0 356 356 0 353 353 0 128 128 0 127 127 0 357 357 0 374 374 0 370 370 0 372 372 0 376 376 0 374 374 0 377 377 0 1705 1705 0 1813 1813 0 1703 1703 0 1725 1725 0 1814 1814 0 1726 1726 0 1815 1815 0 1816 1816 0 390 390 0 399 399 0 1695 1695 0 396 396 0 408 408 0 1817 1817 0 405 405 0 411 411 0 413 413 0 1692 1692 0 420 420 0 1818 1818 0 1819 1819 0 1820 1820 0 429 429 0 428 428 0 433 433 0 430 430 0 431 431 0 444 444 0 1821 1821 0 442 442 0 440 440 0 442 442 0 441 441 0 1821 1821 0 441 441 0 442 442 0 447 447 0 449 449 0 448 448 0 451 451 0 1822 1822 0 449 449 0 425 425 0 453 453 0 426 426 0 458 458 0 1823 1823 0 1688 1688 0 464 464 0 459 459 0 462 462 0 1824 1824 0 466 466 0 465 465 0 469 469 0 470 470 0 467 467 0 1825 1825 0 474 474 0 1826 1826 0 1827 1827 0 478 478 0 476 476 0 479 479 0 477 477 0 476 476 0 484 484 0 482 482 0 481 481 0 486 486 0 488 488 0 485 485 0 489 489 0 1683 1683 0 490 490 0 1680 1680 0 500 500 0 1828 1828 0 1679 1679 0 503 503 0 1829 1829 0 507 507 0 1674 1674 0 508 508 0 1672 1672 0 518 518 0 1830 1830 0 1831 1831 0 524 524 0 1669 1669 0 525 525 0 1665 1665 0 526 526 0 1663 1663 0 1662 1662 0 529 529 0 1660 1660 0 1659 1659 0 532 532 0 1658 1658 0 536 536 0 1832 1832 0 1833 1833 0 539 539 0 1834 1834 0 540 540 0 1656 1656 0 541 541 0 575 575 0 1835 1835 0 564 564 0 561 561 0 1836 1836 0 559 559 0 1836 1836 0 586 586 0 559 559 0 574 574 0 566 566 0 572 572 0 604 604 0 574 574 0 573 573 0 1837 1837 0 576 576 0 1515 1515 0 581 581 0 1545 1545 0 579 579 0 1838 1838 0 585 585 0 1839 1839 0 1839 1839 0 611 611 0 1838 1838 0 1840 1840 0 594 594 0 593 593 0 598 598 0 1840 1840 0 593 593 0 603 603 0 1841 1841 0 600 600 0 600 600 0 602 602 0 603 603 0 1842 1842 0 561 561 0 1843 1843 0 1844 1844 0 1845 1845 0 1846 1846 0 560 560 0 1843 1843 0 561 561 0 1847 1847 0 564 564 0 1835 1835 0 1848 1848 0 617 617 0 616 616 0 621 621 0 1849 1849 0 622 622 0 1850 1850 0 1851 1851 0 624 624 0 1508 1508 0 1852 1852 0 628 628 0 633 633 0 1853 1853 0 1506 1506 0 1505 1505 0 1854 1854 0 635 635 0 1854 1854 0 638 638 0 640 640 0 645 645 0 641 641 0 643 643 0 1482 1482 0 1855 1855 0 728 728 0 667 667 0 662 662 0 661 661 0 661 661 0 668 668 0 667 667 0 1494 1494 0 1493 1493 0 1856 1856 0 675 675 0 698 698 0 676 676 0 1857 1857 0 681 681 0 673 673 0 682 682 0 1498 1498 0 683 683 0 681 681 0 1858 1858 0 688 688 0 685 685 0 686 686 0 1501 1501 0 689 689 0 691 691 0 687 687 0 691 691 0 695 695 0 692 692 0 1496 1496 0 1856 1856 0 1859 1859 0 657 657 0 1490 1490 0 658 658 0 700 700 0 705 705 0 707 707 0 1860 1860 0 707 707 0 706 706 0 706 706 0 1861 1861 0 1862 1862 0 1486 1486 0 722 722 0 1863 1863 0 724 724 0 719 719 0 718 718 0 725 725 0 726 726 0 1864 1864 0 730 730 0 732 732 0 1481 1481 0 1479 1479 0 1865 1865 0 734 734 0 736 736 0 738 738 0 1865 1865 0 745 745 0 747 747 0 743 743 0 1473 1473 0 1866 1866 0 755 755 0 766 766 0 768 768 0 764 764 0 1453 1453 0 783 783 0 1867 1867 0 792 792 0 794 794 0 1441 1441 0 796 796 0 1868 1868 0 797 797 0 799 799 0 1869 1869 0 800 800 0 801 801 0 1414 1414 0 802 802 0 1413 1413 0 1410 1410 0 805 805 0 808 808 0 1870 1870 0 809 809 0 1871 1871 0 821 821 0 820 820 0 824 824 0 822 822 0 821 821 0 1872 1872 0 825 825 0 824 824 0 828 828 0 826 826 0 825 825 0 834 834 0 1873 1873 0 832 832 0 1873 1873 0 829 829 0 832 832 0 832 832 0 838 838 0 836 836 0 848 848 0 850 850 0 846 846 0 857 857 0 859 859 0 855 855 0 866 866 0 868 868 0 864 864 0 876 876 0 880 880 0 877 877 0 882 882 0 883 883 0 881 881 0 886 886 0 1874 1874 0 887 887 0 891 891 0 888 888 0 892 892 0 894 894 0 896 896 0 893 893 0 1325 1325 0 1324 1324 0 895 895 0 1323 1323 0 902 902 0 1321 1321 0 1317 1317 0 1875 1875 0 911 911 0 1316 1316 0 913 913 0 915 915 0 918 918 0 919 919 0 916 916 0 1305 1305 0 1304 1304 0 1876 1876 0 1877 1877 0 1878 1878 0 929 929 0 1877 1877 0 1879 1879 0 1878 1878 0 920 920 0 925 925 0 924 924 0 931 931 0 1876 1876 0 932 932 0 935 935 0 1301 1301 0 936 936 0 1880 1880 0 1881 1881 0 1882 1882 0 1882 1882 0 942 942 0 941 941 0 945 945 0 947 947 0 944 944 0 952 952 0 954 954 0 951 951 0 955 955 0 957 957 0 1883 1883 0 1884 1884 0 1885 1885 0 958 958 0 959 959 0 965 965 0 962 962 0 1296 1296 0 971 971 0 1294 1294 0 1886 1886 0 1887 1887 0 972 972 0 1290 1290 0 1888 1888 0 974 974 0 1291 1291 0 978 978 0 1289 1289 0 983 983 0 1254 1254 0 984 984 0 986 986 0 1889 1889 0 987 987 0 995 995 0 1890 1890 0 1891 1891 0 997 997 0 1891 1891 0 998 998 0 1003 1003 0 1001 1001 0 1000 1000 0 1000 1000 0 1004 1004 0 1002 1002 0 1008 1008 0 1009 1009 0 1007 1007 0 1892 1892 0 1013 1013 0 1012 1012 0 1012 1012 0 1014 1014 0 1018 1018 0 1020 1020 0 1893 1893 0 1021 1021 0 1021 1021 0 1023 1023 0 1022 1022 0 1025 1025 0 1027 1027 0 1894 1894 0 1028 1028 0 1895 1895 0 1029 1029 0 1034 1034 0 1030 1030 0 1032 1032 0 1039 1039 0 1896 1896 0 1037 1037 0 1046 1046 0 1048 1048 0 1045 1045 0 1051 1051 0 1052 1052 0 1049 1049 0 1050 1050 0 1897 1897 0 1051 1051 0 1053 1053 0 1056 1056 0 1055 1055 0 1056 1056 0 1211 1211 0 1057 1057 0 1058 1058 0 1060 1060 0 1898 1898 0 1066 1066 0 1064 1064 0 1063 1063 0 1068 1068 0 1070 1070 0 1067 1067 0 1899 1899 0 1073 1073 0 1900 1900 0 1071 1071 0 1205 1205 0 1074 1074 0 1081 1081 0 1083 1083 0 1079 1079 0 1084 1084 0 1086 1086 0 1201 1201 0 1090 1090 0 1092 1092 0 1088 1088 0 1093 1093 0 1196 1196 0 1094 1094 0 1096 1096 0 1901 1901 0 1097 1097 0 1099 1099 0 1101 1101 0 1902 1902 0 1108 1108 0 1181 1181 0 1109 1109 0 1180 1180 0 1903 1903 0 1904 1904 0 1121 1121 0 1168 1168 0 1120 1120 0 1186 1186 0 1905 1905 0 1904 1904 0 1129 1129 0 1164 1164 0 1126 1126 0 1906 1906 0 1134 1134 0 222 222 0 1136 1136 0 1907 1907 0 1137 1137 0 1908 1908 0 1139 1139 0 1135 1135 0 1139 1139 0 1140 1140 0 1142 1142 0 1148 1148 0 1909 1909 0 1145 1145 0 1145 1145 0 1149 1149 0 1148 1148 0 1153 1153 0 1910 1910 0 1156 1156 0 1153 1153 0 1157 1157 0 1155 1155 0 1911 1911 0 1160 1160 0 1159 1159 0 1132 1132 0 1131 1131 0 1162 1162 0 1165 1165 0 1912 1912 0 1123 1123 0 1168 1168 0 1171 1171 0 1169 1169 0 1171 1171 0 1172 1172 0 1174 1174 0 1177 1177 0 1175 1175 0 1173 1173 0 1112 1112 0 1913 1913 0 1914 1914 0 1112 1112 0 1111 1111 0 1913 1913 0 1181 1181 0 1108 1108 0 1182 1182 0 1915 1915 0 1188 1188 0 1916 1916 0 1190 1190 0 1192 1192 0 1105 1105 0 1088 1088 0 1087 1087 0 1917 1917 0 1918 1918 0 1919 1919 0 1920 1920 0 1918 1918 0 1198 1198 0 1919 1919 0 1901 1901 0 1096 1096 0 1921 1921 0 1085 1085 0 1200 1200 0 1087 1087 0 1082 1082 0 1081 1081 0 1202 1202 0 1076 1076 0 1922 1922 0 1078 1078 0 1923 1923 0 1210 1210 0 1208 1208 0 1924 1924 0 1925 1925 0 1926 1926 0 1225 1225 0 1228 1228 0 1223 1223 0 1231 1231 0 1226 1226 0 1229 1229 0 1230 1230 0 1233 1233 0 1231 1231 0 1927 1927 0 1237 1237 0 1238 1238 0 1239 1239 0 1928 1928 0 1242 1242 0 1929 1929 0 1242 1242 0 1243 1243 0 1245 1245 0 1929 1929 0 1243 1243 0 1247 1247 0 1249 1249 0 988 988 0 1256 1256 0 1930 1930 0 1253 1253 0 1259 1259 0 1931 1931 0 1255 1255 0 1262 1262 0 1260 1260 0 1258 1258 0 1264 1264 0 1262 1262 0 1261 1261 0 1932 1932 0 1266 1266 0 1265 1265 0 1270 1270 0 1933 1933 0 1268 1268 0 1934 1934 0 1273 1273 0 1935 1935 0 1271 1271 0 1277 1277 0 1274 1274 0 1286 1286 0 1283 1283 0 1282 1282 0 1284 1284 0 1936 1936 0 1281 1281 0 1288 1288 0 1286 1286 0 1285 1285 0 978 978 0 1291 1291 0 1937 1937 0 975 975 0 1886 1886 0 973 973 0 971 971 0 1296 1296 0 1938 1938 0 968 968 0 1299 1299 0 966 966 0 939 939 0 936 936 0 1301 1301 0 1939 1939 0 1303 1303 0 934 934 0 1306 1306 0 1940 1940 0 1941 1941 0 1310 1310 0 1312 1312 0 1311 1311 0 914 914 0 1942 1942 0 1312 1312 0 908 908 0 1318 1318 0 910 910 0 1317 1317 0 1943 1943 0 1875 1875 0 903 903 0 1320 1320 0 904 904 0 902 902 0 1323 1323 0 1944 1944 0 1324 1324 0 1326 1326 0 897 897 0 1945 1945 0 1946 1946 0 1331 1331 0 858 858 0 1947 1947 0 860 860 0 861 861 0 1948 1948 0 863 863 0 864 864 0 863 863 0 1949 1949 0 1340 1340 0 1342 1342 0 1339 1339 0 870 870 0 869 869 0 1344 1344 0 1348 1348 0 1350 1350 0 1352 1352 0 852 852 0 851 851 0 1950 1950 0 840 840 0 1951 1951 0 842 842 0 1358 1358 0 1362 1362 0 1361 1361 0 1365 1365 0 1363 1363 0 1362 1362 0 817 817 0 1373 1373 0 1368 1368 0 1366 1366 0 1368 1368 0 1371 1371 0 818 818 0 1375 1375 0 816 816 0 1376 1376 0 1378 1378 0 1952 1952 0 1953 1953 0 1384 1384 0 1386 1386 0 1381 1381 0 1385 1385 0 1383 1383 0 1387 1387 0 1389 1389 0 1953 1953 0 1393 1393 0 1954 1954 0 1391 1391 0 1955 1955 0 1400 1400 0 1397 1397 0 1397 1397 0 1956 1956 0 1955 1955 0 1956 1956 0 1401 1401 0 1403 1403 0 1405 1405 0 1409 1409 0 1957 1957 0 1411 1411 0 1407 1407 0 1409 1409 0 1410 1410 0 1413 1413 0 1412 1412 0 1416 1416 0 1958 1958 0 1414 1414 0 1422 1422 0 1420 1420 0 1419 1419 0 1421 1421 0 1423 1423 0 1425 1425 0 1424 1424 0 1428 1428 0 1426 1426 0 1959 1959 0 1435 1435 0 1432 1432 0 1437 1437 0 1960 1960 0 1438 1438 0 1436 1436 0 1435 1435 0 1437 1437 0 793 793 0 1440 1440 0 1961 1961 0 1962 1962 0 1963 1963 0 1442 1442 0 1444 1444 0 1964 1964 0 790 790 0 791 791 0 788 788 0 789 789 0 1449 1449 0 1450 1450 0 1965 1965 0 1452 1452 0 1965 1965 0 1450 1450 0 1460 1460 0 1966 1966 0 1461 1461 0 1455 1455 0 1459 1459 0 1456 1456 0 1466 1466 0 1967 1967 0 1467 1467 0 776 776 0 1465 1465 0 1967 1967 0 1968 1968 0 1457 1457 0 1969 1969 0 764 764 0 1470 1470 0 766 766 0 1866 1866 0 1473 1473 0 1970 1970 0 737 737 0 1478 1478 0 739 739 0 1865 1865 0 1971 1971 0 736 736 0 735 735 0 1480 1480 0 733 733 0 654 654 0 655 655 0 652 652 0 1864 1864 0 1972 1972 0 725 725 0 721 721 0 720 720 0 1973 1973 0 709 709 0 708 708 0 711 711 0 1490 1490 0 1491 1491 0 1974 1974 0 665 665 0 1975 1975 0 663 663 0 1976 1976 0 1495 1495 0 1977 1977 0 677 677 0 678 678 0 675 675 0 1498 1498 0 1499 1499 0 1978 1978 0 694 694 0 693 693 0 1502 1502 0 1506 1506 0 634 634 0 633 633 0 625 625 0 1508 1508 0 626 626 0 1513 1513 0 605 605 0 607 607 0 578 578 0 1514 1514 0 576 576 0 1517 1517 0 1837 1837 0 1518 1518 0 1525 1525 0 1521 1521 0 1561 1561 0 1538 1538 0 582 582 0 1530 1530 0 1544 1544 0 579 579 0 1545 1545 0 1541 1541 0 1535 1535 0 1539 1539 0 1528 1528 0 1538 1538 0 1524 1524 0 1536 1536 0 1979 1979 0 1537 1537 0 1526 1526 0 1527 1527 0 1524 1524 0 1562 1562 0 1563 1563 0 1564 1564 0 1564 1564 0 1980 1980 0 1562 1562 0 1981 1981 0 1555 1555 0 1551 1551 0 1523 1523 0 1561 1561 0 1521 1521 0 1982 1982 0 1539 1539 0 1535 1535 0 1555 1555 0 1564 1564 0 1554 1554 0 1566 1566 0 1570 1570 0 1567 1567 0 1570 1570 0 1572 1572 0 1568 1568 0 1575 1575 0 1571 1571 0 1573 1573 0 1533 1533 0 1578 1578 0 1580 1580 0 1582 1582 0 1983 1983 0 1579 1579 0 1583 1583 0 1587 1587 0 1584 1584 0 1587 1587 0 1984 1984 0 1585 1585 0 1589 1589 0 1585 1585 0 1590 1590 0 1594 1594 0 1985 1985 0 1592 1592 0 1593 1593 0 1595 1595 0 1597 1597 0 1599 1599 0 1986 1986 0 1596 1596 0 1987 1987 0 1604 1604 0 1603 1603 0 1612 1612 0 1988 1988 0 1609 1609 0 1614 1614 0 1612 1612 0 1611 1611 0 1616 1616 0 1619 1619 0 1615 1615 0 1622 1622 0 1617 1617 0 1620 1620 0 1989 1989 0 1623 1623 0 1624 1624 0 1626 1626 0 1989 1989 0 1624 1624 0 1630 1630 0 1990 1990 0 553 553 0 1991 1991 0 1634 1634 0 553 553 0 1636 1636 0 1991 1991 0 553 553 0 553 553 0 1992 1992 0 1635 1635 0 1638 1638 0 1993 1993 0 553 553 0 548 548 0 1643 1643 0 1642 1642 0 1994 1994 0 1648 1648 0 1645 1645 0 544 544 0 543 543 0 1995 1995 0 1651 1651 0 1655 1655 0 1652 1652 0 1656 1656 0 540 540 0 1657 1657 0 1646 1646 0 1996 1996 0 1997 1997 0 535 535 0 534 534 0 1998 1998 0 532 532 0 531 531 0 1660 1660 0 529 529 0 528 528 0 1663 1663 0 1667 1667 0 1668 1668 0 1999 1999 0 1669 1669 0 1670 1670 0 1831 1831 0 517 517 0 1671 1671 0 2000 2000 0 515 515 0 510 510 0 513 513 0 1674 1674 0 1675 1675 0 2001 2001 0 1676 1676 0 1677 1677 0 2002 2002 0 502 502 0 1678 1678 0 2003 2003 0 499 499 0 498 498 0 2004 2004 0 1685 1685 0 1687 1687 0 2005 2005 0 1690 1690 0 1819 1819 0 2006 2006 0 418 418 0 2007 2007 0 416 416 0 412 412 0 407 407 0 410 410 0 403 403 0 2008 2008 0 401 401 0 397 397 0 392 392 0 395 395 0 2009 2009 0 1700 1700 0 1697 1697 0 1701 1701 0 2010 2010 0 1702 1702 0 1813 1813 0 2011 2011 0 1703 1703 0 1708 1708 0 1705 1705 0 1706 1706 0 383 383 0 1709 1709 0 381 381 0 1716 1716 0 1712 1712 0 1714 1714 0 1717 1717 0 1720 1720 0 1718 1718 0 1727 1727 0 1726 1726 0 1814 1814 0 1733 1733 0 1728 1728 0 1731 1731 0 2012 2012 0 1733 1733 0 1732 1732 0 1740 1740 0 1736 1736 0 1737 1737 0 1742 1742 0 1740 1740 0 1739 1739 0 1744 1744 0 1746 1746 0 1741 1741 0 2013 2013 0 1747 1747 0 1748 1748 0 1750 1750 0 2013 2013 0 1751 1751 0 4 4 0 2 2 0 1 1 0 8 8 0 1759 1759 0 9 9 0 14 14 0 368 368 0 15 15 0 367 367 0 2014 2014 0 366 366 0 25 25 0 27 27 0 2014 2014 0 35 35 0 37 37 0 1761 1761 0 2015 2015 0 41 41 0 1762 1762 0 2016 2016 0 2017 2017 0 1763 1763 0 57 57 0 1765 1765 0 58 58 0 2018 2018 0 71 71 0 70 70 0 75 75 0 74 74 0 2018 2018 0 364 364 0 80 80 0 362 362 0 88 88 0 92 92 0 91 91 0 2019 2019 0 2020 2020 0 99 99 0 107 107 0 105 105 0 108 108 0 115 115 0 117 117 0 1772 1772 0 359 359 0 129 129 0 125 125 0 146 146 0 149 149 0 147 147 0 2021 2021 0 160 160 0 164 164 0 165 165 0 2022 2022 0 166 166 0 168 168 0 170 170 0 172 172 0 174 174 0 2023 2023 0 252 252 0 2024 2024 0 172 172 0 171 171 0 1781 1781 0 197 197 0 1782 1782 0 185 185 0 2025 2025 0 187 187 0 193 193 0 1783 1783 0 194 194 0 203 203 0 205 205 0 201 201 0 211 211 0 1784 1784 0 244 244 0 1788 1788 0 2026 2026 0 1786 1786 0 1789 1789 0 1788 1788 0 219 219 0 241 241 0 226 226 0 239 239 0 238 238 0 236 236 0 237 237 0 230 230 0 1791 1791 0 232 232 0 2027 2027 0 241 241 0 240 240 0 240 240 0 2028 2028 0 243 243 0 208 208 0 245 245 0 246 246 0 201 201 0 248 248 0 203 203 0 271 271 0 157 157 0 156 156 0 2029 2029 0 260 260 0 263 263 0 276 276 0 2030 2030 0 274 274 0 284 284 0 286 286 0 283 283 0 288 288 0 292 292 0 1800 1800 0 297 297 0 1800 1800 0 292 292 0 300 300 0 1804 1804 0 301 301 0 307 307 0 302 302 0 304 304 0 1805 1805 0 314 314 0 1806 1806 0 319 319 0 2031 2031 0 1807 1807 0 332 332 0 2032 2032 0 1809 1809 0 334 334 0 336 336 0 1809 1809 0 1810 1810 0 2033 2033 0 344 344 0 349 349 0 350 350 0 1811 1811 0 129 129 0 359 359 0 127 127 0 389 389 0 375 375 0 387 387 0 2010 2010 0 1703 1703 0 2011 2011 0 388 388 0 394 394 0 389 389 0 396 396 0 2034 2034 0 399 399 0 406 406 0 403 403 0 404 404 0 1693 1693 0 412 412 0 411 411 0 428 428 0 1689 1689 0 1691 1691 0 457 457 0 421 421 0 423 423 0 429 429 0 431 431 0 427 427 0 443 443 0 446 446 0 444 444 0 439 439 0 437 437 0 435 435 0 436 436 0 433 433 0 432 432 0 454 454 0 455 455 0 422 422 0 1823 1823 0 461 461 0 1688 1688 0 1826 1826 0 2035 2035 0 1825 1825 0 1686 1686 0 1685 1685 0 487 487 0 476 476 0 480 480 0 1827 1827 0 2036 2036 0 467 467 0 471 471 0 1679 1679 0 1829 1829 0 499 499 0 2001 2001 0 512 512 0 1674 1674 0 1672 1672 0 1830 1830 0 514 514 0 1999 1999 0 527 527 0 1667 1667 0 1658 1658 0 1832 1832 0 1659 1659 0 1650 1650 0 542 542 0 538 538 0 569 569 0 1842 1842 0 1843 1843 0 563 563 0 557 557 0 558 558 0 571 571 0 2037 2037 0 568 568 0 618 618 0 2038 2038 0 1849 1849 0 611 611 0 592 592 0 594 594 0 595 595 0 599 599 0 596 596 0 610 610 0 1838 1838 0 611 611 0 615 615 0 1844 1844 0 1846 1846 0 617 617 0 615 615 0 614 614 0 2038 2038 0 622 622 0 1849 1849 0 1853 1853 0 631 631 0 1506 1506 0 2039 2039 0 637 637 0 632 632 0 642 642 0 1504 1504 0 639 639 0 643 643 0 2040 2040 0 645 645 0 1485 1485 0 729 729 0 653 653 0 1495 1495 0 1976 1976 0 1493 1493 0 671 671 0 1857 1857 0 673 673 0 1858 1858 0 689 689 0 688 688 0 1502 1502 0 1501 1501 0 694 694 0 672 672 0 669 669 0 699 699 0 1974 1974 0 704 704 0 2041 2041 0 1862 1862 0 1860 1860 0 706 706 0 1486 1486 0 1863 1863 0 716 716 0 718 718 0 2042 2042 0 723 723 0 2043 2043 0 651 651 0 650 650 0 2044 2044 0 2045 2045 0 2046 2046 0 742 742 0 744 744 0 740 740 0 757 757 0 759 759 0 1866 1866 0 769 769 0 771 771 0 767 767 0 1442 1442 0 1441 1441 0 1962 1962 0 820 820 0 2047 2047 0 1871 1871 0 821 821 0 1872 1872 0 824 824 0 830 830 0 2048 2048 0 831 831 0 839 839 0 841 841 0 837 837 0 851 851 0 853 853 0 849 849 0 869 869 0 871 871 0 867 867 0 879 879 0 877 877 0 880 880 0 1874 1874 0 881 881 0 884 884 0 887 887 0 2049 2049 0 885 885 0 889 889 0 892 892 0 888 888 0 897 897 0 899 899 0 1324 1324 0 904 904 0 906 906 0 903 903 0 910 910 0 912 912 0 908 908 0 914 914 0 1313 1313 0 915 915 0 2050 2050 0 2051 2051 0 918 918 0 1306 1306 0 1941 1941 0 1304 1304 0 2052 2052 0 2053 2053 0 1879 1879 0 931 931 0 933 933 0 2053 2053 0 2054 2054 0 1882 1882 0 1881 1881 0 941 941 0 1880 1880 0 1882 1882 0 2055 2055 0 1883 1883 0 953 953 0 951 951 0 950 950 0 952 952 0 1295 1295 0 1294 1294 0 1297 1297 0 976 976 0 1285 1285 0 977 977 0 1001 1001 0 2056 2056 0 999 999 0 1005 1005 0 1008 1008 0 1006 1006 0 1018 1018 0 2057 2057 0 1012 1012 0 1926 1926 0 1021 1021 0 1893 1893 0 1025 1025 0 1894 1894 0 1218 1218 0 2058 2058 0 1032 1032 0 1031 1031 0 1040 1040 0 1216 1216 0 1041 1041 0 1042 1042 0 1044 1044 0 2059 2059 0 1055 1055 0 2060 2060 0 1053 1053 0 2061 2061 0 1898 1898 0 1211 1211 0 1210 1210 0 1923 1923 0 1069 1069 0 1899 1899 0 1900 1900 0 1207 1207 0 1075 1075 0 1077 1077 0 1205 1205 0 1087 1087 0 1089 1089 0 1085 1085 0 1194 1194 0 1098 1098 0 2062 2062 0 1102 1102 0 1104 1104 0 1100 1100 0 1183 1183 0 1113 1113 0 2063 2063 0 1180 1180 0 1177 1177 0 1178 1178 0 1907 1907 0 1906 1906 0 222 222 0 1137 1137 0 1908 1908 0 1135 1135 0 1141 1141 0 1144 1144 0 1143 1143 0 1909 1909 0 1146 1146 0 1145 1145 0 1152 1152 0 2064 2064 0 1153 1153 0 2065 2065 0 1910 1910 0 1153 1153 0 1119 1119 0 1122 1122 0 1117 1117 0 1174 1174 0 1170 1170 0 1171 1171 0 2066 2066 0 1914 1914 0 1114 1114 0 1110 1110 0 2067 2067 0 1108 1108 0 1103 1103 0 1102 1102 0 1191 1191 0 1091 1091 0 1199 1199 0 1195 1195 0 2062 2062 0 1920 1920 0 1194 1194 0 1201 1201 0 1203 1203 0 1084 1084 0 1076 1076 0 1075 1075 0 1922 1922 0 1237 1237 0 2068 2068 0 1235 1235 0 1233 1233 0 2069 2069 0 1234 1234 0 1928 1928 0 1243 1243 0 1242 1242 0 989 989 0 988 988 0 1246 1246 0 1930 1930 0 1251 1251 0 1253 1253 0 1255 1255 0 1257 1257 0 1259 1259 0 1933 1933 0 1932 1932 0 1268 1268 0 1934 1934 0 1935 1935 0 979 979 0 2070 2070 0 1278 1278 0 1280 1280 0 978 978 0 1937 1937 0 976 976 0 971 971 0 1938 1938 0 969 969 0 1940 1940 0 1302 1302 0 1941 1941 0 1942 1942 0 1311 1311 0 1312 1312 0 1943 1943 0 2071 2071 0 1875 1875 0 898 898 0 897 897 0 1322 1322 0 858 858 0 857 857 0 1947 1947 0 1338 1338 0 1336 1336 0 1334 1334 0 867 867 0 1345 1345 0 869 869 0 1337 1337 0 1340 1340 0 1338 1338 0 856 856 0 1950 1950 0 854 854 0 849 849 0 2072 2072 0 851 851 0 840 840 0 839 839 0 1951 1951 0 1361 1361 0 2073 2073 0 1358 1358 0 2074 2074 0 1366 1366 0 1370 1370 0 1376 1376 0 1952 1952 0 1374 1374 0 1381 1381 0 2075 2075 0 1385 1385 0 1391 1391 0 1954 1954 0 1390 1390 0 1403 1403 0 2076 2076 0 1956 1956 0 2077 2077 0 1404 1404 0 1402 1402 0 1408 1408 0 1957 1957 0 1409 1409 0 2078 2078 0 1958 1958 0 2079 2079 0 2080 2080 0 1422 1422 0 1421 1421 0 1430 1430 0 2081 2081 0 1428 1428 0 2082 2082 0 2083 2083 0 1960 1960 0 2082 2082 0 1961 1961 0 2083 2083 0 2084 2084 0 790 790 0 1964 1964 0 783 783 0 1454 1454 0 781 781 0 1968 1968 0 1969 1969 0 1453 1453 0 773 773 0 772 772 0 1463 1463 0 761 761 0 1471 1471 0 763 763 0 752 752 0 2085 2085 0 754 754 0 740 740 0 1477 1477 0 742 742 0 729 729 0 1485 1485 0 727 727 0 704 704 0 1974 1974 0 702 702 0 1976 1976 0 1977 1977 0 1975 1975 0 684 684 0 1500 1500 0 682 682 0 1852 1852 0 629 629 0 628 628 0 1511 1511 0 607 607 0 606 606 0 1518 1518 0 1519 1519 0 1516 1516 0 584 584 0 1529 1529 0 582 582 0 1540 1540 0 2086 2086 0 580 580 0 1542 1542 0 1541 1541 0 1540 1540 0 1545 1545 0 1559 1559 0 1543 1543 0 1558 1558 0 1565 1565 0 1556 1556 0 1980 1980 0 1558 1558 0 1562 1562 0 1537 1537 0 1982 1982 0 1535 1535 0 1567 1567 0 1556 1556 0 1565 1565 0 1574 1574 0 1576 1576 0 1575 1575 0 1584 1584 0 1582 1582 0 1581 1581 0 1984 1984 0 1590 1590 0 1585 1585 0 1597 1597 0 1594 1594 0 1593 1593 0 2087 2087 0 1599 1599 0 1598 1598 0 1625 1625 0 553 553 0 1627 1627 0 1609 1609 0 1610 1610 0 1612 1612 0 1619 1619 0 1620 1620 0 1617 1617 0 1621 1621 0 1624 1624 0 1622 1622 0 1632 1632 0 2088 2088 0 553 553 0 2088 2088 0 1628 1628 0 553 553 0 554 554 0 1640 1640 0 1639 1639 0 1643 1643 0 1994 1994 0 1645 1645 0 542 542 0 1650 1650 0 540 540 0 545 545 0 1653 1653 0 543 543 0 1662 1662 0 1664 1664 0 531 531 0 527 527 0 1999 1999 0 525 525 0 521 521 0 2000 2000 0 519 519 0 509 509 0 2002 2002 0 507 507 0 496 496 0 1681 1681 0 1680 1680 0 491 491 0 2005 2005 0 489 489 0 1819 1819 0 419 419 0 420 420 0 1817 1817 0 406 406 0 405 405 0 393 393 0 389 389 0 394 394 0 2011 2011 0 1702 1702 0 2010 2010 0 1710 1710 0 1708 1708 0 1707 1707 0 1722 1722 0 1719 1719 0 1720 1720 0 1726 1726 0 1724 1724 0 1723 1723 0 1735 1735 0 2012 2012 0 1732 1732 0 1739 1739 0 1743 1743 0 1741 1741 0 2089 2089 0 1751 1751 0 2013 2013 0 6 6 0 1758 1758 0 5 5 0 20 20 0 2090 2090 0 21 21 0 37 37 0 2015 2015 0 38 38 0 1764 1764 0 2091 2091 0 2016 2016 0 72 72 0 68 68 0 70 70 0 2092 2092 0 87 87 0 89 89 0 104 104 0 2093 2093 0 102 102 0 119 119 0 123 123 0 120 120 0 160 160 0 1776 1776 0 158 158 0 2094 2094 0 148 148 0 161 161 0 2023 2023 0 1779 1779 0 252 252 0 187 187 0 2025 2025 0 250 250 0 200 200 0 202 202 0 199 199 0 218 218 0 1786 1786 0 2026 2026 0 1787 1787 0 219 219 0 1788 1788 0 232 232 0 229 229 0 230 230 0 246 246 0 206 206 0 208 208 0 269 269 0 2095 2095 0 270 270 0 280 280 0 1799 1799 0 281 281 0 286 286 0 287 287 0 285 285 0 135 135 0 1803 1803 0 1804 1804 0 2096 2096 0 1807 1807 0 315 315 0 1809 1809 0 2032 2032 0 334 334 0 354 354 0 358 358 0 355 355 0 373 373 0 377 377 0 374 374 0 394 394 0 2097 2097 0 392 392 0 2008 2008 0 398 398 0 401 401 0 405 405 0 409 409 0 408 408 0 2006 2006 0 1691 1691 0 1690 1690 0 432 432 0 434 434 0 436 436 0 448 448 0 445 445 0 446 446 0 453 453 0 451 451 0 450 450 0 2098 2098 0 462 462 0 459 459 0 2005 2005 0 491 491 0 1685 1685 0 2035 2035 0 2036 2036 0 1825 1825 0 2003 2003 0 506 506 0 502 502 0 510 510 0 515 515 0 511 511 0 522 522 0 1667 1667 0 523 523 0 1833 1833 0 1834 1834 0 535 535 0 612 612 0 562 562 0 558 558 0 2037 2037 0 569 569 0 568 568 0 1835 1835 0 2099 2099 0 1847 1847 0 601 601 0 596 596 0 599 599 0 1841 1841 0 601 601 0 600 600 0 619 619 0 1848 1848 0 616 616 0 634 634 0 2039 2039 0 632 632 0 2042 2042 0 647 647 0 649 649 0 1975 1975 0 665 665 0 1976 1976 0 1978 1978 0 679 679 0 1498 1498 0 688 688 0 680 680 0 681 681 0 707 707 0 701 701 0 700 700 0 1488 1488 0 710 710 0 2100 2100 0 1973 1973 0 1864 1864 0 721 721 0 650 650 0 2044 2044 0 2101 2101 0 754 754 0 756 756 0 752 752 0 2047 2047 0 2102 2102 0 1871 1871 0 2048 2048 0 2103 2103 0 831 831 0 845 845 0 847 847 0 843 843 0 884 884 0 887 887 0 1874 1874 0 2049 2049 0 889 889 0 885 885 0 907 907 0 909 909 0 905 905 0 2051 2051 0 2104 2104 0 2105 2105 0 2105 2105 0 2106 2106 0 2051 2051 0 930 930 0 922 922 0 920 920 0 1881 1881 0 2107 2107 0 2054 2054 0 1884 1884 0 961 961 0 1885 1885 0 1886 1886 0 975 975 0 1887 1887 0 2056 2056 0 2108 2108 0 999 999 0 1893 1893 0 1924 1924 0 1926 1926 0 1219 1219 0 1218 1218 0 1024 1024 0 2109 2109 0 2059 2059 0 1216 1216 0 2060 2060 0 1049 1049 0 1053 1053 0 1208 1208 0 1207 1207 0 1923 1923 0 1078 1078 0 1080 1080 0 1076 1076 0 1118 1118 0 1124 1124 0 1119 1119 0 222 222 0 1137 1137 0 1907 1907 0 1146 1146 0 1143 1143 0 1144 1144 0 2064 2064 0 1150 1150 0 1153 1153 0 1167 1167 0 1120 1120 0 1168 1168 0 1915 1915 0 1916 1916 0 2067 2067 0 1100 1100 0 1193 1193 0 1102 1102 0 1088 1088 0 1917 1917 0 1090 1090 0 1079 1079 0 1204 1204 0 1081 1081 0 2068 2068 0 1234 1234 0 1235 1235 0 2110 2110 0 1927 1927 0 1238 1238 0 1266 1266 0 1263 1263 0 1261 1261 0 1265 1265 0 2111 2111 0 1932 1932 0 1936 1936 0 2070 2070 0 1280 1280 0 964 964 0 963 963 0 1298 1298 0 2071 2071 0 1316 1316 0 1315 1315 0 1335 1335 0 1330 1330 0 1332 1332 0 861 861 0 860 860 0 1948 1948 0 864 864 0 1949 1949 0 866 866 0 849 849 0 848 848 0 2072 2072 0 837 837 0 2112 2112 0 839 839 0 2073 2073 0 1359 1359 0 1358 1358 0 1368 1368 0 1367 1367 0 817 817 0 815 815 0 2113 2113 0 813 813 0 2076 2076 0 1955 1955 0 1956 1956 0 2078 2078 0 2079 2079 0 804 804 0 2081 2081 0 1427 1427 0 1428 1428 0 1437 1437 0 2114 2114 0 1960 1960 0 1445 1445 0 1449 1449 0 1446 1446 0 1965 1965 0 1448 1448 0 1449 1449 0 770 770 0 1468 1468 0 772 772 0 752 752 0 751 751 0 2085 2085 0 743 743 0 1476 1476 0 745 745 0 1864 1864 0 1973 1973 0 1972 1972 0 703 703 0 1489 1489 0 1488 1488 0 1856 1856 0 1496 1496 0 1494 1494 0 679 679 0 1978 1978 0 678 678 0 626 626 0 1850 1850 0 624 624 0 1512 1512 0 578 578 0 1513 1513 0 1550 1550 0 2115 2115 0 1548 1548 0 2086 2086 0 581 581 0 580 580 0 1560 1560 0 1516 1516 0 1520 1520 0 1553 1553 0 1981 1981 0 1551 1551 0 1547 1547 0 1550 1550 0 1549 1549 0 1569 1569 0 1567 1567 0 1570 1570 0 1590 1590 0 1591 1591 0 1588 1588 0 1988 1988 0 1608 1608 0 1609 1609 0 1618 1618 0 1615 1615 0 1619 1619 0 1990 1990 0 2116 2116 0 553 553 0 1642 1642 0 546 546 0 548 548 0 544 544 0 1995 1995 0 1996 1996 0 524 524 0 1831 1831 0 522 522 0 506 506 0 2003 2003 0 504 504 0 493 493 0 1682 1682 0 495 495 0 1691 1691 0 1820 1820 0 428 428 0 1698 1698 0 378 378 0 1696 1696 0 1704 1704 0 1706 1706 0 1705 1705 0 1814 1814 0 386 386 0 1727 1727 0 1729 1729 0 1730 1730 0 1728 1728 0 1746 1746 0 1748 1748 0 1745 1745 0 1748 1748 0 2089 2089 0 2013 2013 0 1757 1757 0 0 0 0 2 2 0 2117 2117 0 34 34 0 36 36 0 2118 2118 0 65 65 0 64 64 0 357 357 0 354 354 0 128 128 0 166 166 0 2021 2021 0 164 164 0 163 163 0 2094 2094 0 161 161 0 177 177 0 2024 2024 0 171 171 0 180 180 0 183 183 0 178 178 0 2026 2026 0 217 217 0 218 218 0 228 228 0 1792 1792 0 226 226 0 2119 2119 0 270 270 0 2095 2095 0 1798 1798 0 277 277 0 280 280 0 313 313 0 2120 2120 0 310 310 0 342 342 0 347 347 0 2121 2121 0 377 377 0 387 387 0 375 375 0 379 379 0 390 390 0 1816 1816 0 1694 1694 0 410 410 0 407 407 0 1822 1822 0 448 448 0 449 449 0 452 452 0 426 426 0 453 453 0 466 466 0 2122 2122 0 463 463 0 471 471 0 1825 1825 0 2036 2036 0 504 504 0 1676 1676 0 505 505 0 519 519 0 1669 1669 0 520 520 0 1843 1843 0 567 567 0 569 569 0 565 565 0 572 572 0 566 566 0 596 596 0 590 590 0 591 591 0 597 597 0 603 603 0 598 598 0 2123 2123 0 635 635 0 1854 1854 0 701 701 0 660 660 0 662 662 0 1496 1496 0 1859 1859 0 697 697 0 674 674 0 672 672 0 671 671 0 1861 1861 0 717 717 0 1862 1862 0 719 719 0 1862 1862 0 717 717 0 1480 1480 0 735 735 0 731 731 0 760 760 0 762 762 0 758 758 0 2124 2124 0 1871 1871 0 2102 2102 0 842 842 0 844 844 0 840 840 0 880 880 0 882 882 0 878 878 0 1322 1322 0 1321 1321 0 898 898 0 2125 2125 0 2105 2105 0 2126 2126 0 2106 2106 0 918 918 0 2051 2051 0 1298 1298 0 2127 2127 0 964 964 0 1290 1290 0 1289 1289 0 1888 1888 0 2108 2108 0 996 996 0 999 999 0 1015 1015 0 2128 2128 0 1016 1016 0 1214 1214 0 1051 1051 0 1897 1897 0 1064 1064 0 2129 2129 0 1062 1062 0 1114 1114 0 1116 1116 0 2066 2066 0 1142 1142 0 1138 1138 0 1139 1139 0 1176 1176 0 1178 1178 0 1177 1177 0 1904 1904 0 1905 1905 0 1180 1180 0 1901 1901 0 1921 1921 0 2130 2130 0 1240 1240 0 2110 2110 0 1238 1238 0 1932 1932 0 2111 2111 0 1268 1268 0 974 974 0 1292 1292 0 1290 1290 0 905 905 0 1319 1319 0 907 907 0 1329 1329 0 1945 1945 0 1327 1327 0 1332 1332 0 1333 1333 0 1335 1335 0 1359 1359 0 2131 2131 0 1357 1357 0 1379 1379 0 814 814 0 1380 1380 0 1957 1957 0 1406 1406 0 1405 1405 0 1431 1431 0 1959 1959 0 1432 1432 0 1447 1447 0 786 786 0 785 785 0 767 767 0 1469 1469 0 769 769 0 1866 1866 0 1970 1970 0 757 757 0 1481 1481 0 1483 1483 0 730 730 0 728 728 0 1484 1484 0 1482 1482 0 714 714 0 713 713 0 715 715 0 1501 1501 0 1503 1503 0 685 685 0 1851 1851 0 555 555 0 623 623 0 1515 1515 0 1518 1518 0 1837 1837 0 1979 1979 0 584 584 0 1531 1531 0 1552 1552 0 1548 1548 0 1553 1553 0 1572 1572 0 1573 1573 0 1571 1571 0 1608 1608 0 1606 1606 0 1605 1605 0 2132 2132 0 1616 1616 0 1613 1613 0 1646 1646 0 1997 1997 0 1647 1647 0 514 514 0 1673 1673 0 1672 1672 0 512 512 0 2001 2001 0 510 510 0 2034 2034 0 400 400 0 399 399 0 1737 1737 0 1738 1738 0 1740 1740 0 2 2 0 1756 1756 0 1757 1757 0 356 356 0 1812 1812 0 354 354 0 2133 2133 0 1777 1777 0 162 162 0 2134 2134 0 166 166 0 2022 2022 0 169 169 0 2135 2135 0 167 167 0 216 216 0 218 218 0 214 214 0 243 243 0 2027 2027 0 240 240 0 270 270 0 254 254 0 256 256 0 278 278 0 2136 2136 0 279 279 0 122 122 0 119 119 0 124 124 0 391 391 0 372 372 0 371 371 0 2097 2097 0 395 395 0 392 392 0 1818 1818 0 2006 2006 0 1819 1819 0 426 426 0 454 454 0 424 424 0 2002 2002 0 509 509 0 1676 1676 0 2137 2137 0 1847 1847 0 2099 2099 0 588 588 0 591 591 0 589 589 0 663 663 0 659 659 0 664 664 0 699 699 0 670 670 0 672 672 0 1488 1488 0 2100 2100 0 703 703 0 739 739 0 741 741 0 737 737 0 751 751 0 753 753 0 749 749 0 1950 1950 0 856 856 0 852 852 0 874 874 0 875 875 0 872 872 0 2138 2138 0 2125 2125 0 2126 2126 0 1298 1298 0 968 968 0 2127 2127 0 2139 2139 0 999 999 0 996 996 0 1202 1202 0 1201 1201 0 1082 1082 0 1149 1149 0 1153 1153 0 1150 1150 0 1179 1179 0 1903 1903 0 1180 1180 0 1902 1902 0 2130 2130 0 1099 1099 0 972 972 0 1293 1293 0 1886 1886 0 2071 2071 0 1315 1315 0 1875 1875 0 1349 1349 0 1329 1329 0 1328 1328 0 2131 2131 0 1354 1354 0 1357 1357 0 2140 2140 0 1462 1462 0 1966 1966 0 1865 1865 0 1479 1479 0 1971 1971 0 698 698 0 1497 1497 0 696 696 0 1510 1510 0 609 609 0 608 608 0 1549 1549 0 1546 1546 0 1547 1547 0 2115 2115 0 1553 1553 0 1548 1548 0 1611 1611 0 2132 2132 0 1613 1613 0 539 539 0 1833 1833 0 537 537 0 1665 1665 0 1666 1666 0 528 528 0 1696 1696 0 2009 2009 0 1697 1697 0 1734 1734 0 1737 1737 0 1735 1735 0 1754 1754 0 1757 1757 0 1755 1755 0 353 353 0 350 350 0 1812 1812 0 143 143 0 2134 2134 0 2022 2022 0 162 162 0 167 167 0 2135 2135 0 215 215 0 230 230 0 224 224 0 247 247 0 246 246 0 204 204 0 2095 2095 0 2029 2029 0 2119 2119 0 2141 2141 0 1801 1801 0 296 296 0 121 121 0 2142 2142 0 119 119 0 371 371 0 1815 1815 0 390 390 0 417 417 0 420 420 0 418 418 0 2000 2000 0 521 521 0 517 517 0 2143 2143 0 2137 2137 0 2099 2099 0 589 589 0 612 612 0 587 587 0 649 649 0 723 723 0 2042 2042 0 1974 1974 0 2041 2041 0 1490 1490 0 748 748 0 750 750 0 746 746 0 860 860 0 862 862 0 858 858 0 1351 1351 0 874 874 0 873 873 0 966 966 0 1297 1297 0 967 967 0 998 998 0 2139 2139 0 996 996 0 1195 1195 0 1095 1095 0 1091 1091 0 2065 2065 0 1153 1153 0 1911 1911 0 1904 1904 0 1115 1115 0 1186 1186 0 965 965 0 1300 1300 0 963 963 0 1352 1352 0 2144 2144 0 1348 1348 0 758 758 0 1472 1472 0 760 760 0 716 716 0 715 715 0 1487 1487 0 640 640 0 2123 2123 0 1854 1854 0 1534 1534 0 1575 1575 0 1576 1576 0 1606 1606 0 1987 1987 0 1603 1603 0 535 535 0 1998 1998 0 1833 1833 0 499 499 0 2004 2004 0 1679 1679 0 415 415 0 1692 1692 0 413 413 0 1751 1751 0 2145 2145 0 1749 1749 0 1755 1755 0 1752 1752 0 1753 1753 0 2135 2135 0 2133 2133 0 162 162 0 2028 2028 0 212 212 0 243 243 0 263 263 0 2119 2119 0 2029 2029 0 121 121 0 1773 1773 0 2142 2142 0 1816 1816 0 380 380 0 379 379 0 2007 2007 0 415 415 0 416 416 0 528 528 0 530 530 0 1665 1665 0 1845 1845 0 2143 2143 0 2099 2099 0 586 586 0 1839 1839 0 585 585 0 1482 1482 0 1481 1481 0 1855 1855 0 2101 2101 0 2043 2043 0 650 650 0 863 863 0 865 865 0 861 861 0 873 873 0 2146 2146 0 1351 1351 0 1280 1280 0 1281 1281 0 1936 1936 0 1890 1890 0 998 998 0 1891 1891 0 1198 1198 0 1918 1918 0 1196 1196 0 1159 1159 0 2065 2065 0 1911 1911 0 1205 1205 0 1071 1071 0 1206 1206 0 2144 2144 0 1349 1349 0 1348 1348 0 749 749 0 1474 1474 0 751 751 0 639 639 0 2147 2147 0 642 642 0 1577 1577 0 1532 1532 0 1534 1534 0 1604 1604 0 1602 1602 0 1601 1601 0 1659 1659 0 1661 1661 0 1658 1658 0 2145 2145 0 1753 1753 0 1749 1749 0 2022 2022 0 144 144 0 143 143 0 1785 1785 0 208 208 0 207 207 0 266 266 0 259 259 0 258 258 0 118 118 0 115 115 0 1773 1773 0 402 402 0 404 404 0 403 403 0 2099 2099 0 1846 1846 0 1845 1845 0 2046 2046 0 2101 2101 0 2044 2044 0 1344 1344 0 1342 1342 0 870 870 0 1279 1279 0 2148 2148 0 2149 2149 0 1891 1891 0 994 994 0 995 995 0 1920 1920 0 2062 2062 0 1918 1918 0 1162 1162 0 1160 1160 0 1132 1132 0 1073 1073 0 1899 1899 0 1071 1071 0 846 846 0 2150 2150 0 848 848 0 746 746 0 1475 1475 0 748 748 0 2040 2040 0 646 646 0 645 645 0 1531 1531 0 1537 1537 0 1979 1979 0 1683 1683 0 1684 1684 0 492 492 0 386 386 0 1729 1729 0 384 384 0 144 144 0 141 141 0 140 140 0 197 197 0 1781 1781 0 195 195 0 273 273 0 256 256 0 255 255 0 1772 1772 0 1771 1771 0 115 115 0 423 423 0 2151 2151 0 457 457 0 1846 1846 0 613 613 0 615 615 0 2152 2152 0 2046 2046 0 2045 2045 0 1331 1331 0 1327 1327 0 1945 1945 0 2130 2130 0 1902 1902 0 1901 1901 0 1131 1131 0 1133 1133 0 1128 1128 0 1207 1207 0 1209 1209 0 1899 1899 0 846 846 0 845 845 0 2150 2150 0 659 659 0 1492 1492 0 657 657 0 2153 2153 0 644 644 0 646 646 0 487 487 0 486 486 0 1686 1686 0 1724 1724 0 1722 1722 0 1721 1721 0 2154 2154 0 139 139 0 1775 1775 0 1783 1783 0 2155 2155 0 1781 1781 0 255 255 0 1795 1795 0 272 272 0 113 113 0 110 110 0 1771 1771 0 1849 1849 0 619 619 0 618 618 0 2147 2147 0 643 643 0 642 642 0 1191 1191 0 1190 1190 0 1103 1103 0 2156 2156 0 1163 1163 0 1128 1128 0 1067 1067 0 1063 1063 0 1068 1068 0 1946 1946 0 1332 1332 0 1331 1331 0 485 485 0 481 481 0 486 486 0 1718 1718 0 1716 1716 0 1715 1715 0 1783 1783 0 193 193 0 2155 2155 0 2030 2030 0 272 272 0 274 274 0 622 622 0 2157 2157 0 620 620 0 631 631 0 627 627 0 629 629 0 1105 1105 0 1107 1107 0 1190 1190 0 1130 1130 0 2156 2156 0 1128 1128 0 827 827 0 831 831 0 2103 2103 0 382 382 0 1714 1714 0 1713 1713 0 191 191 0 188 188 0 193 193 0 1797 1797 0 276 276 0 275 275 0 2157 2157 0 1510 1510 0 620 620 0 1507 1507 0 626 626 0 1508 1508 0 2158 2158 0 1130 1130 0 1129 1129 0 1713 1713 0 383 383 0 382 382 0 190 190 0 251 251 0 188 188 0 1509 1509 0 620 620 0 1510 1510 0 2159 2159 0 624 624 0 1851 1851 0 1126 1126 0 2158 2158 0 1129 1129 0 1707 1707 0 1711 1711 0 1709 1709 0 153 153 0 2154 2154 0 1775 1775 0 623 623 0 2159 2159 0 1851 1851 0 1127 1127 0 1123 1123 0 1125 1125 0 1702 1702 0 1699 1699 0 1700 1700 0 1775 1775 0 2160 2160 0 153 153 0 763 763 0 765 765 0 761 761 0 1912 1912 0 1125 1125 0 1123 1123 0 2151 2151 0 458 458 0 457 457 0 2160 2160 0 154 154 0 153 153 0 772 772 0 774 774 0 770 770 0 1914 1914 0 2066 2066 0 1112 1112 0 460 460 0 1688 1688 0 461 461 0 1796 1796 0 136 136 0 1797 1797 0 775 775 0 777 777 0 773 773 0 1183 1183 0 2063 2063 0 1181 1181 0 461 461 0 2098 2098 0 459 459 0 2161 2161 0 1797 1797 0 136 136 0 2067 2067 0 1110 1110 0 1915 1915 0 138 138 0 2161 2161 0 136 136 0 1188 1188 0 1915 1915 0 1106 1106 0 137 137 0 2162 2162 0 138 138 0 2163 2163 0 1062 1062 0 2129 2129 0 2136 2136 0 138 138 0 2162 2162 0 2164 2164 0 2163 2163 0 2129 2129 0 2162 2162 0 279 279 0 2136 2136 0 2129 2129 0 2165 2165 0 2164 2164 0 296 296 0 2166 2166 0 2141 2141 0 2165 2165 0 1061 1061 0 2164 2164 0 2167 2167 0 2141 2141 0 2166 2166 0 1061 1061 0 1058 1058 0 2164 2164 0 2166 2166 0 2168 2168 0 2167 2167 0 1898 1898 0 2061 2061 0 1058 1058 0 2168 2168 0 2169 2169 0 2167 2167 0 1211 1211 0 1212 1212 0 2061 2061 0 2170 2170 0 2167 2167 0 2169 2169 0 1897 1897 0 2171 2171 0 1214 1214 0 298 298 0 2170 2170 0 2169 2169 0 2171 2171 0 2172 2172 0 1214 1214 0 2169 2169 0 135 135 0 298 298 0 2172 2172 0 1215 1215 0 1214 1214 0 1804 1804 0 133 133 0 135 135 0 2173 2173 0 1213 1213 0 1215 1215 0 2120 2120 0 311 311 0 310 310 0 1215 1215 0 1047 1047 0 2173 2173 0 2174 2174 0 313 313 0 1805 1805 0 1046 1046 0 2173 2173 0 1047 1047 0 1806 1806 0 2174 2174 0 1805 1805 0 1045 1045 0 1042 1042 0 1046 1046 0 314 314 0 2096 2096 0 315 315 0 2059 2059 0 2109 2109 0 1042 1042 0 2031 2031 0 315 315 0 1807 1807 0 1216 1216 0 1217 1217 0 2109 2109 0 324 324 0 320 320 0 322 322 0 1038 1038 0 1037 1037 0 1040 1040 0 2175 2175 0 323 323 0 322 322 0 1896 1896 0 1036 1036 0 1037 1037 0 322 322 0 2176 2176 0 2175 2175 0 1036 1036 0 1035 1035 0 1037 1037 0 2177 2177 0 2175 2175 0 2176 2176 0 1033 1033 0 1032 1032 0 1035 1035 0 2176 2176 0 325 325 0 2177 2177 0 1031 1031 0 1895 1895 0 2058 2058 0 2178 2178 0 2177 2177 0 325 325 0 2179 2179 0 2058 2058 0 1895 1895 0 2180 2180 0 2178 2178 0 325 325 0 1028 1028 0 2179 2179 0 1895 1895 0 327 327 0 2180 2180 0 325 325 0 1218 1218 0 1220 1220 0 1025 1025 0 326 326 0 1808 1808 0 329 329 0 1024 1024 0 1023 1023 0 1219 1219 0 337 337 0 334 334 0 338 338 0 2128 2128 0 1926 1926 0 1925 1925 0 2181 2181 0 339 339 0 338 338 0 1925 1925 0 1016 1016 0 2128 2128 0 132 132 0 339 339 0 2181 2181 0 2057 2057 0 1892 1892 0 1012 1012 0 131 131 0 339 339 0 132 132 0 1222 1222 0 1011 1011 0 1013 1013 0 132 132 0 344 344 0 130 130 0 1221 1221 0 2182 2182 0 1222 1222 0 2033 2033 0 130 130 0 344 344 0 1009 1009 0 1222 1222 0 2182 2182 0 2183 2183 0 343 343 0 342 342 0 2182 2182 0 2184 2184 0 1009 1009 0 2121 2121 0 2183 2183 0 342 342 0 2184 2184 0 1010 1010 0 1009 1009 0 346 346 0 2121 2121 0 347 347 0 2185 2185 0 995 995 0 991 991 0 114 114 0 111 111 0 110 110 0 993 993 0 2185 2185 0 991 991 0 112 112 0 1770 1770 0 110 110 0 992 992 0 1225 1225 0 993 993 0 109 109 0 108 108 0 1770 1770 0 2186 2186 0 993 993 0 1225 1225 0 2093 2093 0 2187 2187 0 102 102 0 1224 1224 0 2186 2186 0 1225 1225 0 2187 2187 0 1769 1769 0 102 102 0 1227 1227 0 1223 1223 0 1228 1228 0 1768 1768 0 102 102 0 1769 1769 0 2069 2069 0 1235 1235 0 1234 1234 0 101 101 0 96 96 0 1768 1768 0 1244 1244 0 1243 1243 0 989 989 0 100 100 0 2019 2019 0 99 99 0 988 988 0 990 990 0 1247 1247 0 95 95 0 99 99 0 2020 2020 0 2188 2188 0 1250 1250 0 1247 1247 0 2020 2020 0 93 93 0 95 95 0 1889 1889 0 1250 1250 0 2188 2188 0 89 89 0 2189 2189 0 2092 2092 0 2188 2188 0 987 987 0 1889 1889 0 360 360 0 2092 2092 0 2189 2189 0 2190 2190 0 985 985 0 987 987 0 2189 2189 0 2191 2191 0 360 360 0 987 987 0 2192 2192 0 2190 2190 0 2191 2191 0 361 361 0 360 360 0 2193 2193 0 2190 2190 0 2192 2192 0 361 361 0 85 85 0 84 84 0 2194 2194 0 2193 2193 0 2192 2192 0 81 81 0 2195 2195 0 84 84 0 2192 2192 0 982 982 0 2194 2194 0 81 81 0 80 80 0 2195 2195 0 984 984 0 2194 2194 0 982 982 0 363 363 0 1767 1767 0 364 364 0 1252 1252 0 984 984 0 1254 1254 0 1767 1767 0 2196 2196 0 364 364 0 1931 1931 0 1256 1256 0 1255 1255 0 1767 1767 0 76 76 0 2196 2196 0 1269 1269 0 1268 1268 0 980 980 0 78 78 0 1766 1766 0 76 76 0 979 979 0 981 981 0 1934 1934 0 73 73 0 75 75 0 1766 1766 0 1273 1273 0 1934 1934 0 1271 1271 0 2018 2018 0 70 70 0 75 75 0 1277 1277 0 1271 1271 0 2197 2197 0 67 67 0 63 63 0 65 65 0 1277 1277 0 2197 2197 0 1275 1275 0 2198 2198 0 2118 2118 0 64 64 0 2199 2199 0 1276 1276 0 1275 1275 0 64 64 0 2200 2200 0 2198 2198 0 1275 1275 0 2149 2149 0 2199 2199 0 2200 2200 0 62 62 0 2198 2198 0 2148 2148 0 2199 2199 0 2149 2149 0 59 59 0 2198 2198 0 62 62 0 2149 2149 0 1280 1280 0 1279 1279 0 1765 1765 0 2201 2201 0 59 59 0 961 961 0 1884 1884 0 959 959 0 1765 1765 0 57 57 0 2201 2201 0 958 958 0 2202 2202 0 1884 1884 0 55 55 0 52 52 0 57 57 0 958 958 0 955 955 0 2202 2202 0 2016 2016 0 51 51 0 1764 1764 0 1883 1883 0 2055 2055 0 955 955 0 2091 2091 0 2017 2017 0 2016 2016 0 953 953 0 952 952 0 2055 2055 0 1763 1763 0 2203 2203 0 2016 2016 0 949 949 0 2204 2204 0 950 950 0 48 48 0 2203 2203 0 1763 1763 0 2205 2205 0 950 950 0 2204 2204 0 46 46 0 45 45 0 48 48 0 945 945 0 2205 2205 0 2204 2204 0 42 42 0 365 365 0 45 45 0 2204 2204 0 946 946 0 945 945 0 1762 1762 0 38 38 0 2015 2015 0 944 944 0 2206 2206 0 945 945 0 1761 1761 0 1760 1760 0 35 35 0 944 944 0 942 942 0 2206 2206 0 36 36 0 2207 2207 0 2117 2117 0 2208 2208 0 2054 2054 0 2107 2107 0 2207 2207 0 2209 2209 0 2117 2117 0 937 937 0 2208 2208 0 2107 2107 0 2209 2209 0 32 32 0 2117 2117 0 2107 2107 0 938 938 0 937 937 0 31 31 0 2117 2117 0 32 32 0 936 936 0 1939 1939 0 934 934 0 33 33 0 28 28 0 31 31 0 1303 1303 0 1941 1941 0 1302 1302 0 30 30 0 25 25 0 28 28 0 1876 1876 0 931 931 0 1305 1305 0 2014 2014 0 2210 2210 0 25 25 0 2053 2053 0 2052 2052 0 931 931 0 2014 2014 0 367 367 0 2210 2210 0 1879 1879 0 1877 1877 0 2052 2052 0 2211 2211 0 21 21 0 2090 2090 0 929 929 0 926 926 0 1877 1877 0 2090 2090 0 2212 2212 0 2211 2211 0 917 917 0 2050 2050 0 918 918 0 16 16 0 2211 2211 0 2212 2212 0 2104 2104 0 2126 2126 0 2105 2105 0 2212 2212 0 17 17 0 16 16 0 2126 2126 0 2213 2213 0 2138 2138 0 368 368 0 369 369 0 16 16 0 2214 2214 0 2138 2138 0 2213 2213 0 12 12 0 11 11 0 14 14 0 2213 2213 0 1307 1307 0 2214 2214 0 2122 2122 0 464 464 0 463 463 0 1309 1309 0 2214 2214 0 1307 1307 0 465 465 0 2215 2215 0 1824 1824 0 915 915 0 1314 1314 0 1316 1316 0 2215 2215 0 2216 2216 0 1824 1824 0 902 902 0 1944 1944 0 900 900 0 2217 2217 0 1824 1824 0 2216 2216 0 895 895 0 894 894 0 1325 1325 0 468 468 0 2217 2217 0 2216 2216 0 893 893 0 892 892 0 894 894 0 2216 2216 0 469 469 0 468 468 0 2146 2146 0 1352 1352 0 1351 1351 0 473 473 0 1826 1826 0 474 474 0 837 837 0 832 832 0 2112 2112 0 482 482 0 1827 1827 0 480 480 0 2103 2103 0 828 828 0 827 827 0 492 492 0 494 494 0 1683 1683 0 2218 2218 0 2124 2124 0 2102 2102 0 495 495 0 497 497 0 493 493 0 2102 2102 0 2219 2219 0 2218 2218 0 1680 1680 0 1828 1828 0 496 496 0 2219 2219 0 2220 2220 0 2218 2218 0 531 531 0 533 533 0 1662 1662 0 1355 1355 0 2218 2218 0 2220 2220 0 1654 1654 0 1651 1651 0 1656 1656 0 2220 2220 0 2221 2221 0 1355 1355 0 1653 1653 0 2222 2222 0 1651 1651 0 2221 2221 0 2223 2223 0 1355 1355 0 1653 1653 0 545 545 0 2222 2222 0 2223 2223 0 1356 1356 0 1355 1355 0 1996 1996 0 1646 1646 0 544 544 0 1356 1356 0 1357 1357 0 1354 1354 0 1648 1648 0 2224 2224 0 1646 1646 0 2225 2225 0 1365 1365 0 1364 1364 0 1648 1648 0 1994 1994 0 2224 2224 0 1364 1364 0 2074 2074 0 2225 2225 0 2226 2226 0 548 548 0 547 547 0 2227 2227 0 2225 2225 0 2074 2074 0 547 547 0 551 551 0 2226 2226 0 1370 1370 0 2227 2227 0 2074 2074 0 550 550 0 2226 2226 0 551 551 0 1374 1374 0 818 818 0 2228 2228 0 554 554 0 549 549 0 1640 1640 0 1374 1374 0 2228 2228 0 1376 1376 0 1993 1993 0 1992 1992 0 553 553 0 1377 1377 0 1376 1376 0 1379 1379 0 2116 2116 0 1627 1627 0 553 553 0 814 814 0 1379 1379 0 815 815 0 2229 2229 0 1600 1600 0 1602 1602 0 813 813 0 2113 2113 0 812 812 0 1602 1602 0 2087 2087 0 2229 2229 0 811 811 0 813 813 0 812 812 0 1598 1598 0 2229 2229 0 2087 2087 0 1385 1385 0 2075 2075 0 1386 1386 0 1986 1986 0 1597 1597 0 1596 1596 0 1953 1953 0 1386 1386 0 1387 1387 0 1985 1985 0 1588 1588 0 1592 1592 0 1390 1390 0 1387 1387 0 2230 2230 0 1586 1586 0 1584 1584 0 1587 1587 0 1390 1390 0 2230 2230 0 1391 1391 0 1983 1983 0 1580 1580 0 1579 1579 0 1392 1392 0 1391 1391 0 1394 1394 0 1580 1580 0 2231 2231 0 1533 1533 0 1870 1870 0 1395 1395 0 1394 1394 0 2231 2231 0 1534 1534 0 1533 1533 0 1394 1394 0 2232 2232 0 1870 1870 0 646 646 0 2152 2152 0 2153 2153 0 2232 2232 0 809 809 0 1870 1870 0 2045 2045 0 2153 2153 0 2152 2152 0 809 809 0 2233 2233 0 807 807 0 1967 1967 0 1466 1466 0 776 776 0 2234 2234 0 807 807 0 2233 2233 0 778 778 0 780 780 0 1466 1466 0 2235 2235 0 2234 2234 0 2233 2233 0 1462 1462 0 2140 2140 0 779 779 0 2236 2236 0 2235 2235 0 2233 2233 0 1966 1966 0 1460 1460 0 2140 2140 0 2233 2233 0 2237 2237 0 2236 2236 0 1458 1458 0 1455 1455 0 1460 1460 0 2237 2237 0 1396 1396 0 2236 2236 0 1457 1457 0 2238 2238 0 1455 1455 0 1398 1398 0 2236 2236 0 1396 1396 0 1457 1457 0 1968 1968 0 2238 2238 0 1406 1406 0 2077 2077 0 1402 1402 0 1453 1453 0 1867 1867 0 1968 1968 0 804 804 0 806 806 0 2078 2078 0 781 781 0 1450 1450 0 782 782 0 1958 1958 0 2078 2078 0 1414 1414 0 786 786 0 2239 2239 0 784 784 0 1869 1869 0 801 801 0 803 803 0 2239 2239 0 787 787 0 784 784 0 803 803 0 800 800 0 1869 1869 0 2240 2240 0 784 784 0 788 788 0 1868 1868 0 798 798 0 800 800 0 791 791 0 2240 2240 0 788 788 0 800 800 0 797 797 0 1868 1868 0 1964 1964 0 2241 2241 0 2084 2084 0 797 797 0 2242 2242 0 795 795 0 2241 2241 0 1963 1963 0 2084 2084 0 1418 1418 0 795 795 0 2242 2242 0 1962 1962 0 2084 2084 0 1963 1963 0 2242 2242 0 2243 2243 0 1418 1418 0 1961 1961 0 2082 2082 0 793 793 0 2243 2243 0 1419 1419 0 1418 1418 0 1960 1960 0 2114 2114 0 2082 2082 0 1425 1425 0 2080 2080 0 1421 1421 0 1434 1434 0 1432 1432 0 1435 1435 0 1428 1428 0 1431 1431 0 1430 1430 0</p></triangles></mesh></geometry></library_geometries><library_visual_scenes><visual_scene id="Scene"><node id="road-node"><instance_geometry url="#road"><bind_material><technique_common><instance_material symbol="asphalt" target="#asphalt-material"><bind_vertex_input semantic="UVSET0" input_semantic="TEXCOORD" input_set="0" /></instance_material></technique_common></bind_material></instance_geometry></node></visual_scene></library_visual_scenes><scene><instance_visual_scene url="#Scene" /></scene></COLLADA>