<?xml version='1.0' encoding='utf-8'?>
<COLLADA xmlns="http://www.collada.org/2005/11/COLLADASchema" version="1.4.1"><asset><created>2026-09-12T00:00:00Z</created><modified>2026-09-12T00:00:00Z</modified><unit name="meter" meter="1" /><up_axis>Z_UP</up_axis></asset><library_images><image id="asphalt-image"><init_from>textures/asphalt.png</init_from></image></library_images><library_effects><effect id="asphalt-effect"><profile_COMMON><newparam sid="surface"><surface type="2D"><init_from>asphalt-image</init_from></surface></newparam><newparam sid="sampler"><sampler2D><source>surface</source></sampler2D></newparam><technique sid="common"><phong><diffuse><texture texture="sampler" texcoord="UVSET0" /></diffuse><specular><color>0.02 0.02 0.02 1</color></specular></phong></technique></profile_COMMON></effect></library_effects><library_materials><material id="asphalt-material"><instance_effect url="#asphalt-effect" /></material></library_materials><library_geometries><geometry id="road"><mesh><source id="positions"><float_array id="positions-array" count="5898">4.4963542 -0.7607099 0.0000000 4.7462509 -0.7613050 0.0000000 4.7498230 0.7386907 0.0000000 5.4959409 -0.7630903 0.0000000 5.7458376 -0.7636854 0.0000000 5.7494097 0.7363103 0.0000000 5.9957343 -0.7642806 0.0000000 6.2456309 -0.7648757 0.0000000 6.2492031 0.7351201 0.0000000 6.4955276 -0.7654708 0.0000000 6.4990997 0.7345250 0.0000000 6.7454243 -0.7660659 0.0000000 6.7489964 0.7339299 0.0000000 6.9953210 -0.7666610 0.0000000 6.9988931 0.7333347 0.0000000 7.7485831 0.7315494 0.0000000 7.4986865 0.7321445 0.0000000 7.4951143 -0.7678512 0.0000000 8.4982732 0.7297641 0.0000000 8.2483765 0.7303592 0.0000000 8.4947010 -0.7702317 0.0000000 8.7481699 0.7291690 0.0000000 8.7445977 -0.7708268 0.0000000 8.9980665 0.7285738 0.0000000 8.9944944 -0.7714219 0.0000000 9.2479632 0.7279787 0.0000000 9.2443911 -0.7720170 0.0000000 9.7477566 0.7267885 0.0000000 9.4978599 0.7273836 0.0000000 9.7441844 -0.7732072 0.0000000 11.4934612 -0.7773730 0.0000000 11.7433579 -0.7779681 0.0000000 11.4970333 0.7226227 0.0000000 13.2427380 -0.7815388 0.0000000 13.4926346 -0.7821339 0.0000000 13.2463101 0.7184569 0.0000000 13.7425313 -0.7827290 0.0000000 13.4962068 0.7178618 0.0000000 13.9924280 -0.7833241 0.0000000 14.1197923 -0.7727383 0.0000000 13.9318654 0.7168243 0.0000000 14.3659568 -0.7309309 0.0000000 14.3731461 -0.7296738 0.0000000 14.6190968 -0.6854362 0.0000000 14.1112028 0.7472821 0.0000000 14.8650475 -0.6411985 0.0000000 14.5986789 0.8349615 0.0000000 14.8277573 0.8766988 0.0000000 14.8667143 -0.6408968 0.0000000 15.3879539 -0.5342581 0.0000000 15.6316422 -0.4788984 0.0000000 15.2993474 0.9838320 0.0000000 15.8753306 -0.4235386 0.0000000 16.0202686 1.1476068 0.0000000 15.5430357 1.0391917 0.0000000 22.7814996 2.0778015 0.0000000 23.2487405 2.2552296 0.0000000 22.2489969 3.4801000 0.0000000 22.7162379 3.6575280 0.0000000 23.9496020 2.5213716 0.0000000 24.4168429 2.6987996 0.0000000 23.4170993 3.9236700 0.0000000 26.0521863 3.3197978 0.0000000 26.2858068 3.4085118 0.0000000 25.7533041 4.8108102 0.0000000 24.3515812 4.2785261 0.0000000 24.1179607 4.1898121 0.0000000 24.8840839 2.8762277 0.0000000 25.0524427 4.5446682 0.0000000 24.5852017 4.3672401 0.0000000 25.1177044 2.9649417 0.0000000 25.5849453 3.1423697 0.0000000 25.8185658 3.2310837 0.0000000 25.5196836 4.7220962 0.0000000 23.8843403 4.1010981 0.0000000 26.2205451 4.9882382 0.0000000 25.9869246 4.8995242 0.0000000 26.5194272 3.4972258 0.0000000 26.7530477 3.5859398 0.0000000 26.9866682 3.6746538 0.0000000 27.2202887 3.7633678 0.0000000 26.4541655 5.0769523 0.0000000 26.9214065 5.2543803 0.0000000 26.6877860 5.1656663 0.0000000 27.3886474 5.4318083 0.0000000 27.9211501 4.0295099 0.0000000 27.6222679 5.5205223 0.0000000 28.1547706 4.1182239 0.0000000 28.3883911 4.2069379 0.0000000 27.8558884 5.6092364 0.0000000 28.0895089 5.6979504 0.0000000 28.6220115 4.2956519 0.0000000 28.5567498 5.8753784 0.0000000 28.3231294 5.7866644 0.0000000 28.8556320 4.3843660 0.0000000 29.0892525 4.4730800 0.0000000 29.5427648 4.6452948 0.0000000 29.0516416 6.0626915 0.0000000 29.0239908 6.0528064 0.0000000 29.7391194 4.7111851 0.0000000 29.5835211 6.2195435 0.0000000 29.3413820 6.1577584 0.0000000 29.2882129 6.1420774 0.0000000 29.8466924 6.2792423 0.0000000 29.6038228 6.2244238 0.0000000 30.0802425 4.7942226 0.0000000 30.0424609 6.2970206 0.0000000 31.3141684 6.0982918 0.0000000 31.2172403 6.1358267 0.0000000 30.7240315 4.7182727 0.0000000 30.9174880 4.5846188 0.0000000 31.8990103 5.7189117 0.0000000 31.8952258 5.7221755 0.0000000 31.5361686 5.9941002 0.0000000 30.8068229 4.6794162 0.0000000 31.7054400 5.8847487 0.0000000 30.9850543 4.5259555 0.0000000 32.0874446 5.5553067 0.0000000 32.2737759 5.3095528 0.0000000 31.3449601 3.7647291 0.0000000 32.8078458 4.1799569 0.0000000 32.7010318 4.4058760 0.0000000 31.5585880 3.3128907 0.0000000 33.0214737 3.7281185 0.0000000 32.9146598 3.9540377 0.0000000 31.9858439 2.4092139 0.0000000 33.3419156 3.0503609 0.0000000 33.2351017 3.2762801 0.0000000 32.0926579 2.1832947 0.0000000 33.5555436 2.5985225 0.0000000 33.4487296 2.8244417 0.0000000 32.5199138 1.2796180 0.0000000 33.8759855 1.9207650 0.0000000 33.7691715 2.1466841 0.0000000 32.7228332 0.8504288 0.0000000 34.1094951 1.4229641 0.0000000 34.0896134 1.4689266 0.0000000 32.7828992 0.6977725 0.0000000 34.2005110 1.1916491 0.0000000 34.2350695 1.0782179 0.0000000 33.9827995 1.6948458 0.0000000 32.8542165 0.3736735 0.0000000 34.3405449 0.1274872 0.0000000 34.3581313 0.3759733 0.0000000 34.2927669 -0.3870472 0.0000000 34.3160571 -0.1383132 0.0000000 32.8249791 0.0272752 0.0000000 34.0696863 -0.8540511 0.0000000 34.2227856 -0.6404012 0.0000000 33.8907850 -1.0285304 0.0000000 32.6085340 -0.1640237 0.0000000 33.0676006 -1.6013957 0.0000000 33.2960020 -1.4999979 0.0000000 33.4436617 -1.4130237 0.0000000 32.2305622 -0.3318229 0.0000000 32.6107979 -1.8041915 0.0000000 32.8391993 -1.7027936 0.0000000 31.5453581 -0.6360165 0.0000000 32.1539953 -2.0069873 0.0000000 32.3823966 -1.9055894 0.0000000 31.3169568 -0.7374144 0.0000000 31.6971926 -2.2097831 0.0000000 31.9255939 -2.1083852 0.0000000 30.4033514 -1.1430059 0.0000000 30.7835872 -2.6153746 0.0000000 31.0119885 -2.5139767 0.0000000 29.4897460 -1.5485975 0.0000000 30.0983832 -2.9195683 0.0000000 30.3267845 -2.8181704 0.0000000 29.2613447 -1.6499954 0.0000000 29.6415805 -3.1223640 0.0000000 29.8699818 -3.0209661 0.0000000 28.3477393 -2.0555869 0.0000000 28.9563765 -3.4265577 0.0000000 29.1847778 -3.3251598 0.0000000 28.1193380 -2.1569848 0.0000000 28.4995738 -3.6293535 0.0000000 28.7279751 -3.5279556 0.0000000 27.2057326 -2.5625764 0.0000000 27.5859684 -4.0349450 0.0000000 27.8143697 -3.9335471 0.0000000 26.0452982 -3.0981444 0.0000000 26.4817650 -4.5548342 0.0000000 26.7061063 -4.4447448 0.0000000 25.0684449 -3.6416718 0.0000000 25.7336203 -5.0091477 0.0000000 25.9373237 -4.8643940 0.0000000 24.6610381 -3.9311792 0.0000000 25.3468192 -5.2840124 0.0000000 25.5299169 -5.1539014 0.0000000 20.4134010 -10.1013978 0.0000000 20.5874286 -9.9284225 0.0000000 19.3545125 -9.0389670 0.0000000 19.3516205 -9.0418572 0.0000000 19.1753443 -9.2189882 0.0000000 18.9990681 -9.3961192 0.0000000 18.8227918 -9.5732503 0.0000000 20.0622906 -10.4542108 0.0000000 19.7097382 -10.8084729 0.0000000 19.8860144 -10.6313418 0.0000000 18.6465156 -9.7503813 0.0000000 18.2939632 -10.1046433 0.0000000 18.1176870 -10.2817744 0.0000000 19.3571858 -11.1627349 0.0000000 19.1809095 -11.3398659 0.0000000 17.9414108 -10.4589054 0.0000000 17.7651345 -10.6360364 0.0000000 19.0046333 -11.5169970 0.0000000 18.6413889 -11.8817900 0.0000000 18.6520809 -11.8712590 0.0000000 17.5941516 -10.8078485 0.0000000 18.2607969 -12.2385797 0.0000000 18.4455981 -12.0703618 0.0000000 17.4277368 -10.9685090 0.0000000 8.4790331 -16.7202846 0.0000000 8.8191795 -18.2024281 0.0000000 9.0502480 -18.1072647 0.0000000 16.5645895 -13.7808713 0.0000000 16.5975867 -13.7525403 0.0000000 15.6039529 -12.6286341 0.0000000 16.3250738 -13.9719464 0.0000000 16.3707772 -13.9377476 0.0000000 15.4492506 -12.7538539 0.0000000 15.9574674 -12.3068425 0.0000000 15.7726663 -12.4750603 0.0000000 16.7823878 -13.5843224 0.0000000 15.2671176 -12.8796198 0.0000000 15.0614818 -13.0216149 0.0000000 16.1194380 -14.1139415 0.0000000 14.0333026 -13.7315903 0.0000000 13.8276667 -13.8735854 0.0000000 14.6799871 -15.1079071 0.0000000 14.8558459 -13.1636100 0.0000000 14.6502101 -13.3056051 0.0000000 15.7081663 -14.3979317 0.0000000 15.2968946 -14.6819218 0.0000000 15.5025304 -14.5399268 0.0000000 14.4445742 -13.4476002 0.0000000 14.2389384 -13.5895952 0.0000000 15.0912587 -14.8239169 0.0000000 14.8856229 -14.9659120 0.0000000 14.2687154 -15.3918973 0.0000000 14.4743512 -15.2499022 0.0000000 13.4163950 -14.1575756 0.0000000 9.8654439 -16.1493042 0.0000000 10.2055903 -17.6314477 0.0000000 10.4366587 -17.5362843 0.0000000 11.8163419 -15.2320286 0.0000000 12.3304678 -16.6631551 0.0000000 12.5485681 -16.5411675 0.0000000 12.0098583 -15.1237912 0.0000000 12.8147355 -16.3898742 0.0000000 13.0229204 -16.2519707 0.0000000 12.7666684 -16.4191799 0.0000000 10.9910691 -15.6857259 0.0000000 11.6502792 -17.0334926 0.0000000 11.8720398 -16.9190762 0.0000000 11.5920010 -17.0604673 0.0000000 10.5586493 -15.8638140 0.0000000 11.1298641 -17.2507941 0.0000000 11.3609326 -17.1556307 0.0000000 13.4461720 -15.9598776 0.0000000 13.6518078 -15.8178825 0.0000000 12.7994875 -14.5835608 0.0000000 13.2107592 -14.2995707 0.0000000 13.0051233 -14.4415658 0.0000000 13.8574437 -15.6758874 0.0000000 8.9411701 -16.5299578 0.0000000 9.2813164 -18.0121013 0.0000000 9.5123849 -17.9169379 0.0000000 17.2510754 -11.1293175 0.0000000 17.0662743 -11.2975354 0.0000000 7.6638372 -18.6782451 0.0000000 7.8949057 -18.5830817 0.0000000 7.0926224 -17.2912650 0.0000000 6.8615539 -17.3864284 0.0000000 6.6304855 -17.4815918 0.0000000 7.2017003 -18.8685719 0.0000000 5.2440747 -18.0525722 0.0000000 5.0130063 -18.1477356 0.0000000 5.8152896 -19.4395523 0.0000000 4.1978104 -20.1056961 0.0000000 4.4288788 -20.0105327 0.0000000 3.8576640 -18.6235526 0.0000000 3.6265955 -18.7187160 0.0000000 3.3955271 -18.8138794 0.0000000 3.9667419 -20.2008595 0.0000000 3.7356735 -20.2960229 0.0000000 3.1644586 -18.9090428 0.0000000 3.2735366 -20.4863497 0.0000000 3.5046050 -20.3911863 0.0000000 2.7710026 -19.0710841 0.0000000 2.7551462 -19.0546265 0.0000000 1.2676557 -19.3583342 0.0000000 1.3476742 -19.5733228 0.0000000 2.8919735 -20.5758615 0.0000000 3.1319608 -20.5288996 0.0000000 2.7617451 -19.0728956 0.0000000 2.2219481 -20.5309397 0.0000000 2.4795651 -20.5834092 0.0000000 1.9963634 -20.4415947 0.0000000 1.5237977 -19.9842437 0.0000000 1.6599394 -20.1769890 0.0000000 1.4301853 -19.8040731 0.0000000 2.5596887 -18.5611213 0.0000000 1.1750046 -19.1378993 0.0000000 1.1768690 -19.1423352 0.0000000 -3.3786473 -17.6675825 0.0000000 -3.6285393 -17.6692132 0.0000000 -3.3688591 -19.1675506 0.0000000 -9.1261648 -17.7050883 0.0000000 -9.3760569 -17.7067190 0.0000000 -9.1163767 -19.2050564 0.0000000 -9.3662688 -19.2066871 0.0000000 -10.1257331 -17.7116111 0.0000000 -10.3756252 -17.7132417 0.0000000 -10.3658370 -19.2132098 0.0000000 -11.1155133 -19.2181019 0.0000000 -10.6157291 -19.2148405 0.0000000 -10.6255173 -17.7148724 0.0000000 -11.3654053 -19.2197326 0.0000000 -11.3751935 -17.7197645 0.0000000 -11.8651895 -19.2229939 0.0000000 -11.6152974 -19.2213632 0.0000000 -11.6250855 -17.7213952 0.0000000 -11.8749776 -17.7230259 0.0000000 -12.1248697 -17.7246566 0.0000000 -12.3649736 -19.2262553 0.0000000 -12.1150815 -19.2246246 0.0000000 -12.3747617 -17.7262872 0.0000000 -12.8647577 -19.2295167 0.0000000 -12.6148657 -19.2278860 0.0000000 -12.8745459 -17.7295486 0.0000000 -13.3645419 -19.2327780 0.0000000 -13.1146498 -19.2311474 0.0000000 -13.1244379 -17.7311793 0.0000000 -13.6144339 -19.2344087 0.0000000 -13.6242221 -17.7344407 0.0000000 -13.8741141 -17.7360714 0.0000000 -13.8643260 -19.2360394 0.0000000 -14.1240062 -17.7377020 0.0000000 -14.3738983 -17.7393327 0.0000000 -14.1142181 -19.2376701 0.0000000 -14.6237903 -17.7409634 0.0000000 -14.6140022 -19.2409315 0.0000000 -15.1137863 -19.2441928 0.0000000 -14.8638943 -19.2425622 0.0000000 -14.8736824 -17.7425941 0.0000000 -15.1235745 -17.7442248 0.0000000 -15.3734665 -17.7458555 0.0000000 -15.3636784 -19.2458235 0.0000000 -15.6135705 -19.2474542 0.0000000 -15.6233586 -17.7474862 0.0000000 -15.8732507 -17.7491168 0.0000000 -15.8634625 -19.2490849 0.0000000 -16.1231427 -17.7507475 0.0000000 -16.3730348 -17.7523782 0.0000000 -16.1133546 -19.2507156 0.0000000 -16.6229269 -17.7540089 0.0000000 -16.6131388 -19.2539770 0.0000000 -16.8728190 -17.7556396 0.0000000 -17.1227110 -17.7572703 0.0000000 -16.8630308 -19.2556076 0.0000000 -17.3726031 -17.7589010 0.0000000 -17.3628150 -19.2588690 0.0000000 -17.6224952 -17.7605316 0.0000000 -17.6127070 -19.2604997 0.0000000 -18.1124912 -19.2637611 0.0000000 -17.8625991 -19.2621304 0.0000000 -17.8723872 -17.7621623 0.0000000 -18.3623832 -19.2653918 0.0000000 -18.3721714 -17.7654237 0.0000000 -18.6220634 -17.7670544 0.0000000 -18.8719555 -17.7686851 0.0000000 -18.8621674 -19.2686531 0.0000000 -19.3619515 -19.2719145 0.0000000 -19.1120594 -19.2702838 0.0000000 -19.1218476 -17.7703158 0.0000000 -19.6118436 -19.2735452 0.0000000 -19.6187084 -17.7735581 0.0000000 -19.9658207 -19.2666393 0.0000000 -19.8674591 -19.2732433 0.0000000 -19.8161557 -17.7733073 0.0000000 -20.4612142 -19.2004571 0.0000000 -20.2127688 -17.7203216 0.0000000 -20.7987161 -19.1152239 0.0000000 -20.5595151 -19.1805590 0.0000000 -20.3615453 -17.6796850 0.0000000 -20.8809932 -19.0875430 0.0000000 -19.3717396 -17.7719464 0.0000000 -22.1682378 -16.9529431 0.0000000 -22.7511112 -18.3350892 0.0000000 -22.7357419 -18.3414705 0.0000000 -22.9557085 -18.2474673 0.0000000 -25.8228796 -19.4655899 0.0000000 -25.8247316 -19.4684884 0.0000000 -24.5597781 -20.2746494 0.0000000 -24.8269819 -20.6949836 0.0000000 -24.6929186 -20.4840908 0.0000000 -26.0928580 -19.8902740 0.0000000 -25.7262910 -22.2422408 0.0000000 -25.6593149 -22.0812756 0.0000000 -27.0442134 -21.5050325 0.0000000 -27.1402145 -21.7357542 0.0000000 -27.1837681 -21.8796547 0.0000000 -26.1911419 -27.8075683 0.0000000 -26.1395050 -28.0520726 0.0000000 -24.6718770 -27.7421243 0.0000000 -24.5686033 -28.2311328 0.0000000 -26.0362313 -28.5410812 0.0000000 -24.4653296 -28.7201414 0.0000000 -24.5169664 -28.4756371 0.0000000 -25.9845944 -28.7855854 0.0000000 -25.9329576 -29.0300897 0.0000000 -25.8813207 -29.2745940 0.0000000 -24.3620558 -29.2091499 0.0000000 -24.4136927 -28.9646456 0.0000000 -24.3104190 -29.4536542 0.0000000 -25.7780470 -29.7636025 0.0000000 -25.7264102 -30.0081068 0.0000000 -24.2587821 -29.6981585 0.0000000 -24.2071453 -29.9426627 0.0000000 -25.6747733 -30.2526111 0.0000000 -24.1555084 -30.1871670 0.0000000 -25.6231365 -30.4971154 0.0000000 -24.0522347 -30.6761756 0.0000000 -24.1038716 -30.4316713 0.0000000 -25.5198628 -30.9861239 0.0000000 -23.9962022 -30.9431911 0.0000000 -24.0005979 -30.9206798 0.0000000 -25.4705959 -31.2194062 0.0000000 -25.4301315 -31.4449120 0.0000000 -23.9520826 -31.1890675 0.0000000 -23.9109754 -31.4542476 0.0000000 -23.9490474 -31.2072674 0.0000000 -23.8729034 -31.7012278 0.0000000 -25.3553931 -31.9297538 0.0000000 -23.8348313 -31.9482080 0.0000000 -25.3173211 -32.1767340 0.0000000 -25.2792491 -32.4237142 0.0000000 -23.7264418 -32.7184257 0.0000000 -23.7548149 -32.4709901 0.0000000 -25.2240971 -32.8245939 0.0000000 -23.7228685 -32.8481653 0.0000000 -23.7376285 -33.0976264 0.0000000 -25.2433927 -32.6563212 0.0000000 -25.3055032 -34.2004503 0.0000000 -23.8263018 -34.4555924 0.0000000 -23.8114285 -34.3449320 0.0000000 -23.8779264 -34.7000642 0.0000000 -25.3454187 -34.3894731 0.0000000 -23.8782123 -34.7014118 0.0000000 -25.4494365 -34.8776198 0.0000000 -23.9823736 -35.1902320 0.0000000 -23.9302929 -34.9458219 0.0000000 -25.5992881 -35.5180779 0.0000000 -24.1684407 -35.9698377 0.0000000 -24.0994374 -35.7305775 0.0000000 -24.1928168 -36.0408110 0.0000000 -25.3075776 -38.8246792 0.0000000 -25.2146809 -38.5926901 0.0000000 -26.6997756 -38.2663018 0.0000000 -25.3081945 -38.8262148 0.0000000 -25.5616619 -39.3591073 0.0000000 -25.4407919 -39.1403857 0.0000000 -26.7757734 -38.4548825 0.0000000 -26.9954005 -38.8523113 0.0000000 -27.1162705 -39.0710329 0.0000000 -25.6825319 -39.5778289 0.0000000 -25.8034018 -39.7965506 0.0000000 -25.9242718 -40.0152722 0.0000000 -27.8423138 -40.1051759 0.0000000 -28.0215778 -40.2792826 0.0000000 -26.9765086 -41.3553079 0.0000000 -27.5390836 -39.8106693 0.0000000 -27.6630499 -39.9310692 0.0000000 -26.6179807 -41.0070945 0.0000000 -28.1336735 -40.3881535 0.0000000 -28.2480624 -40.4540133 0.0000000 -27.5190432 -41.7651323 0.0000000 -27.5585223 -41.7863183 0.0000000 -27.7844375 -41.8989900 0.0000000 -27.7821486 -41.8978532 0.0000000 -28.4504889 -40.5549746 0.0000000 -28.0083430 -42.0097129 0.0000000 -28.5855948 -40.6217855 0.0000000 -28.1918351 -42.0724803 0.0000000 -29.1293204 -40.7319725 0.0000000 -29.3638711 -42.2209346 0.0000000 -29.1187514 -42.2350767 0.0000000 -29.2264738 -40.7263673 0.0000000 -29.4650003 -42.2081617 0.0000000 -32.6486538 -41.6099121 0.0000000 -32.4028536 -41.6549788 0.0000000 -32.1323423 -40.1795726 0.0000000 -34.0921553 -39.8114829 0.0000000 -34.3726694 -41.2850200 0.0000000 -34.1271807 -41.3317532 0.0000000 -32.3781424 -40.1345059 0.0000000 -32.6237049 -40.0894827 0.0000000 -33.1406996 -41.5195331 0.0000000 -32.8949291 -41.5647581 0.0000000 -32.8669734 -40.0447181 0.0000000 -33.1452258 -41.5186859 0.0000000 -33.3907145 -41.4719527 0.0000000 -31.6407420 -40.2697060 0.0000000 -31.8865422 -40.2246393 0.0000000 -32.1570535 -41.7000456 0.0000000 -37.4881789 -40.7950990 0.0000000 -37.2720713 -40.8106564 0.0000000 -37.3864553 -39.2985401 0.0000000 -39.2287432 -40.6977459 0.0000000 -38.9792358 -40.7117013 0.0000000 -38.8954688 -39.2140421 0.0000000 -39.6439911 -39.1721758 0.0000000 -39.7245951 -39.1720056 0.0000000 -39.6874606 -40.6720890 0.0000000 -39.9739222 -39.1848950 0.0000000 -39.9871409 -39.1856954 0.0000000 -39.8898682 -40.6825527 0.0000000 -40.2364383 -39.2030014 0.0000000 -40.4857358 -39.2203073 0.0000000 -40.1325598 -40.6994001 0.0000000 -49.0165581 -41.7807453 0.0000000 -48.7687413 -41.7485650 0.0000000 -48.9619026 -40.2610541 0.0000000 -49.5121915 -41.8451060 0.0000000 -49.2643748 -41.8129256 0.0000000 -49.7053528 -40.3575950 0.0000000 -49.7600083 -41.8772863 0.0000000 -49.9531695 -40.3897754 0.0000000 -50.0078250 -41.9094666 0.0000000 -50.2556417 -41.9416469 0.0000000 -50.4488029 -40.4541360 0.0000000 -50.6966197 -40.4863163 0.0000000 -50.9444364 -40.5184967 0.0000000 -50.5034584 -41.9738273 0.0000000 -51.1922531 -40.5506770 0.0000000 -50.7512752 -42.0060076 0.0000000 -50.9990919 -42.0381879 0.0000000 -51.4947254 -42.1025486 0.0000000 -51.2469086 -42.0703682 0.0000000 -51.4400699 -40.5828573 0.0000000 -51.9903588 -42.1669092 0.0000000 -51.7425421 -42.1347289 0.0000000 -51.9357033 -40.6472180 0.0000000 -52.4859923 -42.2312699 0.0000000 -52.2381755 -42.1990895 0.0000000 -52.6791535 -40.7437589 0.0000000 -52.9816257 -42.2956305 0.0000000 -53.2294425 -42.3278108 0.0000000 -53.1747870 -40.8081196 0.0000000 -53.4226037 -40.8402999 0.0000000 -53.6704204 -40.8724802 0.0000000 -54.1660539 -40.9368409 0.0000000 -54.4138706 -40.9690212 0.0000000 -53.9728927 -42.4243518 0.0000000 -54.6616873 -41.0012015 0.0000000 -54.4685261 -42.4887125 0.0000000 -54.9095041 -41.0333819 0.0000000 -54.7163428 -42.5208928 0.0000000 -55.2119763 -42.5852534 0.0000000 -54.9641596 -42.5530731 0.0000000 -55.1573208 -41.0655622 0.0000000 -55.4051375 -41.0977425 0.0000000 -55.4597930 -42.6174338 0.0000000 -55.6529543 -41.1299228 0.0000000 -55.9007710 -41.1621032 0.0000000 -55.7076098 -42.6496141 0.0000000 -55.9987678 -42.6861469 0.0000000 -55.9554265 -42.6817944 0.0000000 -56.1269803 -41.1914776 0.0000000 -56.2476260 -42.7038570 0.0000000 -56.3329721 -41.2061371 0.0000000 -56.2899423 -42.7056695 0.0000000 -56.8895968 -41.1960562 0.0000000 -57.0128208 -41.1588386 0.0000000 -57.5017410 -42.5780936 0.0000000 -57.0937429 -41.1200630 0.0000000 -57.6089849 -42.5364873 0.0000000 -57.8298825 -42.4306395 0.0000000 -58.3834571 -41.9817272 0.0000000 -58.1991934 -42.1484246 0.0000000 -57.2712185 -40.9651995 0.0000000 -57.2012005 -41.0285424 0.0000000 -48.0252911 -41.6520240 0.0000000 -47.7774744 -41.6198437 0.0000000 -48.2184524 -40.1645131 0.0000000 -47.9706356 -40.1323328 0.0000000 -47.5296577 -41.5876634 0.0000000 -47.2818410 -41.5554830 0.0000000 -47.7228189 -40.1001525 0.0000000 -47.0340242 -41.5233027 0.0000000 -47.2271855 -40.0357918 0.0000000 -46.7315520 -39.9714312 0.0000000 -46.9793687 -40.0036115 0.0000000 -46.5383908 -41.4589421 0.0000000 -46.2905740 -41.4267618 0.0000000 -45.7949406 -41.3624011 0.0000000 -46.4837353 -39.9392508 0.0000000 -45.5471238 -41.3302208 0.0000000 -45.2993071 -41.2980405 0.0000000 -45.7402851 -39.8427099 0.0000000 -45.0514904 -41.2658601 0.0000000 -45.2446516 -39.7783492 0.0000000 -44.8036737 -41.2336798 0.0000000 -44.9968349 -39.7461689 0.0000000 -44.5012014 -39.6818082 0.0000000 -44.7490182 -39.7139886 0.0000000 -44.5558569 -41.2014995 0.0000000 -44.3080402 -41.1693192 0.0000000 -44.0602235 -41.1371388 0.0000000 -43.8124067 -41.1049585 0.0000000 -44.0055680 -39.6174476 0.0000000 -43.7577512 -39.5852673 0.0000000 -43.5645900 -41.0727782 0.0000000 -43.2621178 -39.5209066 0.0000000 -43.5099345 -39.5530869 0.0000000 -43.3167733 -41.0405979 0.0000000 -42.8211398 -40.9762372 0.0000000 -42.5733231 -40.9440569 0.0000000 -43.0143010 -39.4887263 0.0000000 -42.3255064 -40.9118766 0.0000000 -42.5186676 -39.4243656 0.0000000 -42.0776896 -40.8796962 0.0000000 -41.8298729 -40.8475159 0.0000000 -42.2708509 -39.3921853 0.0000000 -41.3539961 -40.7857208 0.0000000 -42.0230341 -39.3600050 0.0000000 -41.2386477 -39.2725907 0.0000000 -41.4877790 -39.2915658 0.0000000 -41.2336281 -39.2722253 0.0000000 -41.1272391 -40.7684498 0.0000000 -40.3818572 -40.7167061 0.0000000 -38.7297283 -40.7256567 0.0000000 -38.4802209 -40.7396122 0.0000000 -38.6459614 -39.2279975 0.0000000 -38.2307135 -40.7535676 0.0000000 -37.9812061 -40.7675230 0.0000000 -38.1469466 -39.2559084 0.0000000 -38.3964540 -39.2419530 0.0000000 -37.6479318 -39.2838192 0.0000000 -37.8974392 -39.2698638 0.0000000 -37.7316987 -40.7814784 0.0000000 -37.0835188 -39.3223077 0.0000000 -37.1373468 -39.3164733 0.0000000 -36.3415937 -39.4299441 0.0000000 -36.5889021 -39.3940653 0.0000000 -36.8042633 -40.8785246 0.0000000 -36.5569550 -40.9144034 0.0000000 -36.3096466 -40.9502823 0.0000000 -35.8469771 -39.5017017 0.0000000 -36.0942854 -39.4658229 0.0000000 -36.0623383 -40.9861611 0.0000000 -35.0774095 -39.6239298 0.0000000 -35.3230832 -39.5783000 0.0000000 -35.5824081 -41.0557880 0.0000000 -35.3529754 -41.0984013 0.0000000 -35.0741102 -39.6245502 0.0000000 -34.6181582 -41.2382869 0.0000000 -34.3376440 -39.7647497 0.0000000 -33.3556891 -39.9516824 0.0000000 -33.8466666 -39.8582160 0.0000000 -31.3949419 -40.3147728 0.0000000 -31.6654533 -41.7901790 0.0000000 -30.6575416 -40.4499729 0.0000000 -30.9033417 -40.4049062 0.0000000 -31.1738531 -41.8803125 0.0000000 -30.2006801 -42.0638929 0.0000000 -29.9120241 -40.5919290 0.0000000 -30.4057009 -40.4961728 0.0000000 -30.4117415 -40.4950397 0.0000000 -30.6852754 -41.9698917 0.0000000 -30.1602825 -40.5432514 0.0000000 -30.4443915 -42.0161005 0.0000000 -30.1572507 -40.5438394 0.0000000 -28.6816728 -42.1717468 0.0000000 -28.9795946 -40.7016303 0.0000000 -27.2371405 -39.2897545 0.0000000 -27.3580105 -39.5084762 0.0000000 -26.0451418 -40.2339938 0.0000000 -25.1217841 -38.3607011 0.0000000 -25.0288874 -38.1287121 0.0000000 -26.5142898 -37.8030919 0.0000000 -26.2355996 -37.1071248 0.0000000 -26.3284963 -37.3391139 0.0000000 -24.8430939 -37.6647341 0.0000000 -26.0498061 -36.6431468 0.0000000 -26.1427028 -36.8751358 0.0000000 -24.7501972 -37.4327451 0.0000000 -24.6573005 -37.2007561 0.0000000 -24.5644037 -36.9687671 0.0000000 -25.8640126 -36.1791688 0.0000000 -25.9569094 -36.4111578 0.0000000 -24.4715070 -36.7367780 0.0000000 -24.3786103 -36.5047890 0.0000000 -24.2857136 -36.2728000 0.0000000 -25.7711159 -35.9471798 0.0000000 -25.6782192 -35.7151908 0.0000000 -24.0344542 -35.4346421 0.0000000 -25.5015171 -35.1220299 0.0000000 -25.3973558 -34.6332096 0.0000000 -23.7966685 -34.0954709 0.0000000 -25.2792898 -33.7574134 0.0000000 -25.2940498 -34.0068745 0.0000000 -23.7523885 -33.3470875 0.0000000 -25.2350097 -33.0090300 0.0000000 -25.2497698 -33.2584911 0.0000000 -26.2944156 -27.3185598 0.0000000 -26.2427787 -27.5630641 0.0000000 -24.8267875 -27.0086114 0.0000000 -24.8784244 -26.7641072 0.0000000 -26.3460524 -27.0740555 0.0000000 -24.9300612 -26.5196029 0.0000000 -24.9816981 -26.2750986 0.0000000 -26.4493261 -26.5850470 0.0000000 -26.5525998 -26.0960384 0.0000000 -26.5009630 -26.3405427 0.0000000 -25.0333350 -26.0305943 0.0000000 -25.0849718 -25.7860901 0.0000000 -25.1366087 -25.5415858 0.0000000 -25.1882455 -25.2970815 0.0000000 -26.6558735 -25.6070299 0.0000000 -26.7075104 -25.3625256 0.0000000 -25.2398824 -25.0525773 0.0000000 -26.7591473 -25.1180213 0.0000000 -25.2915192 -24.8080730 0.0000000 -25.3431561 -24.5635687 0.0000000 -26.8107841 -24.8735170 0.0000000 -26.8624210 -24.6290128 0.0000000 -25.3947929 -24.3190644 0.0000000 -25.4464298 -24.0745602 0.0000000 -25.4980666 -23.8300559 0.0000000 -26.9140578 -24.3845085 0.0000000 -27.0173315 -23.8954999 0.0000000 -26.9656947 -24.1400042 0.0000000 -27.0689684 -23.6509957 0.0000000 -25.6013404 -23.3410473 0.0000000 -27.1206052 -23.4064914 0.0000000 -25.6529772 -23.0965431 0.0000000 -25.7046141 -22.8520388 0.0000000 -25.7451700 -22.6600034 0.0000000 -27.1722421 -23.1619871 0.0000000 -27.2384630 -22.8115022 0.0000000 -27.2238789 -22.9174829 0.0000000 -27.2546594 -22.5640948 0.0000000 -26.7631741 -20.9447378 0.0000000 -26.7781853 -20.9693867 0.0000000 -25.4895552 -21.7372674 0.0000000 -25.5825701 -21.8968332 0.0000000 -26.4950477 -20.5229523 0.0000000 -25.0951083 -21.1167691 0.0000000 -24.9610451 -20.9058763 0.0000000 -26.3609845 -20.3120595 0.0000000 -24.4257316 -20.0659037 0.0000000 -25.6878507 -19.2553143 0.0000000 -25.4175762 -18.8346683 0.0000000 -25.5526603 -19.0449086 0.0000000 -24.2907006 -19.8557461 0.0000000 -25.2824921 -18.6244280 0.0000000 -24.0205323 -19.4352655 0.0000000 -23.8854482 -19.2250252 0.0000000 -23.7503641 -19.0147849 0.0000000 -25.0123238 -18.2039474 0.0000000 -24.7421556 -17.7834668 0.0000000 -24.8772397 -17.9937071 0.0000000 -23.4801958 -18.5943043 0.0000000 -24.4719873 -17.3629862 0.0000000 -23.2961745 -18.3078999 0.0000000 -24.2526189 -17.1414472 0.0000000 -23.4961440 -16.7748939 0.0000000 -23.7563517 -16.8529094 0.0000000 -23.1954032 -18.2509120 0.0000000 -23.2479730 -16.7476889 0.0000000 -22.6733592 -16.7582039 0.0000000 -22.9955385 -16.7213370 0.0000000 -23.0050293 -18.2304721 0.0000000 -22.4412115 -16.8381985 0.0000000 -22.3902893 -16.8578461 0.0000000 -22.2720548 -18.5279886 0.0000000 -21.4804270 -17.2296150 0.0000000 -21.7122706 -17.1363559 0.0000000 -21.3446804 -18.9010249 0.0000000 -20.7848962 -17.5093921 0.0000000 -21.2485834 -17.3228740 0.0000000 -21.1128368 -18.9942840 0.0000000 -20.5530526 -17.6026512 0.0000000 -8.6165926 -19.2017950 0.0000000 -8.3667005 -19.2001643 0.0000000 -8.6263807 -17.7018269 0.0000000 -8.1168084 -19.1985336 0.0000000 -8.1265966 -17.6985656 0.0000000 -7.8767045 -17.6969349 0.0000000 -7.8669164 -19.1969030 0.0000000 -7.3769204 -17.6936735 0.0000000 -7.6268124 -17.6953042 0.0000000 -7.6170243 -19.1952723 0.0000000 -7.1270283 -17.6920428 0.0000000 -7.1172402 -19.1920109 0.0000000 -6.6272442 -17.6887815 0.0000000 -6.8771362 -17.6904121 0.0000000 -6.8673481 -19.1903802 0.0000000 -6.3773521 -17.6871508 0.0000000 -6.3675640 -19.1871188 0.0000000 -6.1176719 -19.1854881 0.0000000 -6.1274600 -17.6855201 0.0000000 -5.8677798 -19.1838575 0.0000000 -5.6178878 -19.1822268 0.0000000 -5.8775680 -17.6838894 0.0000000 -5.3679957 -19.1805961 0.0000000 -5.3777838 -17.6806280 0.0000000 -5.1181036 -19.1789654 0.0000000 -4.8682116 -19.1773347 0.0000000 -5.1278918 -17.6789973 0.0000000 -4.6183195 -19.1757040 0.0000000 -4.6281076 -17.6757360 0.0000000 -4.3684274 -19.1740733 0.0000000 -4.3782155 -17.6741053 0.0000000 -4.1283235 -17.6724746 0.0000000 -4.1185353 -19.1724427 0.0000000 -3.8686433 -19.1708120 0.0000000 -3.6187512 -19.1691813 0.0000000 -3.8784314 -17.6708439 0.0000000 -3.1287552 -17.6659519 0.0000000 -2.6289711 -17.6626905 0.0000000 -2.8788631 -17.6643212 0.0000000 -2.8690750 -19.1642892 0.0000000 -2.3790790 -17.6610598 0.0000000 -2.3692909 -19.1610279 0.0000000 -2.1291869 -17.6594291 0.0000000 -2.1193988 -19.1593972 0.0000000 -1.8695067 -19.1577665 0.0000000 -1.6196147 -19.1561358 0.0000000 -1.8792949 -17.6577984 0.0000000 -1.3795107 -17.6545371 0.0000000 -1.6294028 -17.6561677 0.0000000 -1.3697226 -19.1545051 0.0000000 -1.1198305 -19.1528744 0.0000000 -0.8699385 -19.1512437 0.0000000 -1.1296187 -17.6529064 0.0000000 -0.6298345 -17.6496450 0.0000000 -0.8797266 -17.6512757 0.0000000 -0.6200464 -19.1496131 0.0000000 -0.3701543 -19.1479824 0.0000000 -0.3799425 -17.6480143 0.0000000 -0.1202623 -19.1463517 0.0000000 0.1296298 -19.1447210 0.0000000 -0.1300504 -17.6463836 0.0000000 0.3795219 -19.1430903 0.0000000 0.3697337 -17.6431222 0.0000000 1.1194099 -17.6382302 0.0000000 0.8695179 -17.6398609 0.0000000 0.8793060 -19.1398289 0.0000000 2.6680002 -18.8204881 0.0000000 1.3693020 -17.6365995 0.0000000 1.8199310 -17.7353245 0.0000000 1.5841536 -17.6665711 0.0000000 2.3090798 -18.0984248 0.0000000 2.1476036 -17.9324087 0.0000000 2.4628595 -18.3307460 0.0000000 1.1291981 -19.1381983 0.0000000 2.7584632 -19.0637174 0.0000000 5.1220842 -19.7250425 0.0000000 5.3531527 -19.6298791 0.0000000 4.7819378 -18.2428990 0.0000000 5.5842211 -19.5347157 0.0000000 6.0463580 -19.3443889 0.0000000 5.4751432 -17.9574088 0.0000000 5.9372801 -17.7670820 0.0000000 5.7062116 -17.8622454 0.0000000 6.2774265 -19.2492255 0.0000000 6.1683486 -17.6719186 0.0000000 6.7395634 -19.0588987 0.0000000 6.9706319 -18.9637353 0.0000000 6.3994170 -17.5767552 0.0000000 7.4327688 -18.7734085 0.0000000 7.7858278 -17.0057748 0.0000000 7.5547593 -17.1009382 0.0000000 8.3570426 -18.3927549 0.0000000 8.5881111 -18.2975915 0.0000000 8.0168962 -16.9106114 0.0000000 8.2479647 -16.8154480 0.0000000 8.7101016 -16.6251212 0.0000000 9.9745218 -17.7266111 0.0000000 9.6343754 -16.2444676 0.0000000 9.4033070 -16.3396310 0.0000000 10.0965123 -16.0541408 0.0000000 10.8987957 -17.3459575 0.0000000 10.3275808 -15.9589774 0.0000000 10.7897177 -15.7686506 0.0000000 11.5982416 -15.3540162 0.0000000 12.5938516 -14.7255559 0.0000000 14.0630795 -15.5338924 0.0000000 17.5215924 -12.9114511 0.0000000 17.7063935 -12.7432332 0.0000000 16.5118709 -11.8021889 0.0000000 17.8911946 -12.5750154 0.0000000 18.0759958 -12.4067975 0.0000000 16.8814731 -11.4657532 0.0000000 18.8283571 -11.6941280 0.0000000 19.8920771 -8.5093352 0.0000000 19.7136770 -8.6843270 0.0000000 20.7640587 -9.7551669 0.0000000 20.9424588 -9.5801752 0.0000000 21.1208589 -9.4051834 0.0000000 20.2488772 -8.1593517 0.0000000 20.0704772 -8.3343434 0.0000000 20.4272773 -7.9843599 0.0000000 21.4776590 -9.0551999 0.0000000 22.0128593 -8.5302246 0.0000000 22.1912593 -8.3552328 0.0000000 21.1408776 -7.2843928 0.0000000 22.3696594 -8.1802411 0.0000000 22.5480595 -8.0052493 0.0000000 21.3192777 -7.1094011 0.0000000 21.6760778 -6.7594175 0.0000000 21.4976778 -6.9344093 0.0000000 22.7264596 -7.8302575 0.0000000 22.9048596 -7.6552658 0.0000000 23.0832597 -7.4802740 0.0000000 21.8544779 -6.5844258 0.0000000 22.2112781 -6.2344422 0.0000000 22.0328780 -6.4094340 0.0000000 23.4400599 -7.1302905 0.0000000 23.6184599 -6.9552987 0.0000000 22.3896782 -6.0594505 0.0000000 23.7968600 -6.7803069 0.0000000 22.7464783 -5.7094670 0.0000000 24.1536602 -6.4303234 0.0000000 24.3320602 -6.2553316 0.0000000 23.1032785 -5.3594834 0.0000000 23.4600786 -5.0094999 0.0000000 23.2816785 -5.1844917 0.0000000 24.5104603 -6.0803399 0.0000000 24.6888604 -5.9053481 0.0000000 24.8672605 -5.7303563 0.0000000 23.6384787 -4.8345081 0.0000000 25.0456605 -5.5553646 0.0000000 25.1998006 -5.4041693 0.0000000 23.9952788 -4.4845246 0.0000000 24.4171559 -4.1065724 0.0000000 24.2242516 -4.2642312 0.0000000 24.4573347 -4.0759329 0.0000000 24.8647415 -3.7864255 0.0000000 26.1009051 -4.7481514 0.0000000 25.5762063 -3.3287284 0.0000000 25.3557743 -3.4453841 0.0000000 26.2677078 -4.6598771 0.0000000 25.5966156 -3.3183233 0.0000000 26.9289760 -4.3353774 0.0000000 26.2696395 -2.9880549 0.0000000 27.1408268 -4.2325639 0.0000000 26.5205286 -2.8667700 0.0000000 26.4973893 -2.8775174 0.0000000 26.7489299 -2.7653721 0.0000000 28.0427711 -3.8321492 0.0000000 27.4341340 -2.4611785 0.0000000 29.0329434 -1.7513933 0.0000000 28.5761407 -1.9541890 0.0000000 30.1749501 -1.2444038 0.0000000 29.7181474 -1.4471996 0.0000000 31.2403899 -2.4125788 0.0000000 30.6317528 -1.0416081 0.0000000 31.0885554 -0.8388123 0.0000000 32.0021608 -0.4332207 0.0000000 31.7737595 -0.5346186 0.0000000 32.4589635 -0.2304250 0.0000000 32.6267277 1.0536988 0.0000000 32.3062858 1.7314564 0.0000000 32.4130998 1.5055372 0.0000000 31.7722160 2.8610523 0.0000000 31.8790299 2.6351331 0.0000000 31.6654020 3.0869715 0.0000000 31.4517741 3.5388099 0.0000000 32.4874039 4.8577144 0.0000000 31.1313321 4.2165674 0.0000000 31.2381461 3.9906483 0.0000000 32.3805899 5.0836336 0.0000000 31.0245182 4.4424866 0.0000000 21.5481355 3.2139579 0.0000000 21.3145150 3.1252439 0.0000000 22.0806381 1.8116595 0.0000000 21.6133972 1.6342314 0.0000000 21.8470177 1.7229455 0.0000000 20.8472740 2.9478159 0.0000000 20.8450633 2.9469724 0.0000000 21.3808827 1.5459374 0.0000000 21.1495333 1.4572497 0.0000000 20.6117248 2.8575221 0.0000000 20.9173041 1.3675512 0.0000000 20.3768442 2.7668022 0.0000000 20.1437314 2.6767625 0.0000000 20.6841913 1.2775116 0.0000000 20.4510785 1.1874719 0.0000000 19.9106186 2.5867228 0.0000000 19.6775059 2.4966831 0.0000000 20.2179658 1.0974322 0.0000000 19.9848530 1.0073925 0.0000000 19.4443931 2.4066434 0.0000000 19.2112803 2.3166038 0.0000000 19.7517402 0.9173529 0.0000000 19.5186275 0.8273132 0.0000000 18.9781676 2.2265641 0.0000000 18.7450548 2.1365244 0.0000000 19.2855147 0.7372735 0.0000000 18.8192892 0.5571941 0.0000000 18.2788293 1.9564450 0.0000000 18.0457165 1.8664054 0.0000000 17.8180083 1.7784532 0.0000000 18.5861764 0.4671545 0.0000000 18.3422228 0.3730235 0.0000000 18.3530636 0.3771148 0.0000000 18.1033519 0.2849916 0.0000000 18.1077582 0.2866001 0.0000000 17.5911805 1.6948448 0.0000000 17.3583743 1.6106827 0.0000000 17.8683400 0.2000322 0.0000000 17.1233623 1.5257233 0.0000000 17.6333280 0.1150728 0.0000000 16.8883504 1.4407639 0.0000000 17.1633042 -0.0548460 0.0000000 17.3983161 0.0301134 0.0000000 16.6533385 1.3558045 0.0000000 16.4183266 1.2708451 0.0000000 16.2171156 1.1981052 0.0000000 16.9282923 -0.1398054 0.0000000 16.6246648 -0.2459154 0.0000000 16.6932803 -0.2247648 0.0000000 16.3829271 -0.3079299 0.0000000 16.3627072 -0.3128192 0.0000000 12.7465167 0.7196472 0.0000000 12.4966201 0.7202423 0.0000000 12.7429446 -0.7803486 0.0000000 11.9968267 0.7214325 0.0000000 12.4930479 -0.7797535 0.0000000 11.2471367 0.7232178 0.0000000 10.9972400 0.7238130 0.0000000 11.2435645 -0.7767779 0.0000000 12.9964134 0.7190521 0.0000000 10.9936678 -0.7761828 0.0000000 10.2439778 -0.7743975 0.0000000 10.4938745 -0.7749926 0.0000000 10.2475499 0.7255983 0.0000000 9.9940811 -0.7738023 0.0000000 7.7450110 -0.7684463 0.0000000 7.2487898 0.7327396 0.0000000 4.9997197 0.7380956 0.0000000 3.2504429 0.7422614 0.0000000 3.0005462 0.7428565 0.0000000 3.2468708 -0.7577343 0.0000000 2.7506495 0.7434516 0.0000000 2.5007529 0.7440468 0.0000000 2.7470774 -0.7565441 0.0000000 -6.7197344 1.8827274 0.0000000 -7.2791119 0.4686746 0.0000000 -7.0347889 0.4161870 0.0000000 -6.4754114 1.8302399 0.0000000 -6.7904658 0.3636995 0.0000000 -6.5461427 0.3112120 0.0000000 0.5015794 0.7488076 0.0000000 0.2516827 0.7494028 0.0000000 0.2481106 -0.7505930 0.0000000 -4.7651498 1.4628273 0.0000000 -5.0802042 -0.0037131 0.0000000 -4.8358812 -0.0562006 0.0000000 -4.2765037 1.3578523 0.0000000 -4.5915581 -0.1086881 0.0000000 -4.0321806 1.3053648 0.0000000 -4.3472350 -0.1611756 0.0000000 -3.7878575 1.2528772 0.0000000 -4.1029119 -0.2136631 0.0000000 -3.0548883 1.0954147 0.0000000 -3.3699427 -0.3711257 0.0000000 -3.1256196 -0.4236132 0.0000000 -1.5094753 -0.7294776 0.0000000 -1.2596012 -0.7328864 0.0000000 -1.4536647 0.7699006 0.0000000 -1.5799725 -0.7251901 0.0000000 -1.6270284 0.7886699 0.0000000 -2.1483273 -0.6335633 0.0000000 -1.9040043 -0.6860508 0.0000000 -1.8272047 -0.6984233 0.0000000 -1.8332729 0.8329771 0.0000000 -2.3926504 -0.5810758 0.0000000 0.4980073 -0.7511881 0.0000000 0.7479040 -0.7517832 0.0000000 0.7514761 0.7482125 0.0000000 -7.2083806 1.9877025 0.0000000 -7.5234350 0.5211621 0.0000000 1.5011661 0.7464272 0.0000000 1.2512695 0.7470223 0.0000000 1.4975940 -0.7535685 0.0000000 1.7510628 0.7458321 0.0000000 1.7474907 -0.7541637 0.0000000 -7.9413498 2.1451650 0.0000000 -8.5007273 0.7311121 0.0000000 -8.2564042 0.6786246 0.0000000 2.2472841 -0.7553539 0.0000000 2.4971807 -0.7559490 0.0000000 -8.6743191 2.3026276 0.0000000 -8.9893735 0.8360872 0.0000000 -8.7450504 0.7835997 0.0000000 -8.9186421 2.3551151 0.0000000 -9.2336965 0.8885747 0.0000000 -9.4072883 2.4600901 0.0000000 -9.7223427 0.9935497 0.0000000 -9.4780196 0.9410622 0.0000000 -9.9666658 1.0460372 0.0000000 -10.1402575 2.6175527 0.0000000 -10.4553119 1.1510123 0.0000000 -10.2109888 1.0985247 0.0000000 -10.6289037 2.7225277 0.0000000 -11.1882811 1.3084748 0.0000000 -10.9439581 1.2559873 0.0000000 -11.1175498 2.8275027 0.0000000 -11.4326042 1.3609623 0.0000000 -12.4298057 3.0278451 0.0000000 -12.8359561 1.5624133 0.0000000 -12.5874425 1.5361513 0.0000000 -13.4238601 3.1328932 0.0000000 -13.5814969 1.6411993 0.0000000 -13.3329833 1.6149373 0.0000000 -14.4179145 3.2379412 0.0000000 -15.3126224 1.8241383 0.0000000 -14.5755513 1.7462474 0.0000000 -20.7930357 3.0752374 0.0000000 -21.0419363 3.0529391 0.0000000 -20.9080912 1.5589225 0.0000000 -21.7886380 2.9860440 0.0000000 -22.0375385 2.9637456 0.0000000 -21.6547929 1.4920274 0.0000000 -25.5221463 2.6515686 0.0000000 -25.7710469 2.6292702 0.0000000 -25.3883012 1.1575520 0.0000000 -26.7666491 2.5400768 0.0000000 -27.5133508 2.4731817 0.0000000 -27.3795057 0.9791651 0.0000000 -28.0111519 2.4285850 0.0000000 -28.0259158 2.4271150 0.0000000 -27.8699176 0.9352304 0.0000000 -28.2740232 2.3999306 0.0000000 -28.0646038 0.9138992 0.0000000 -28.2627016 0.8669931 0.0000000 -28.6083189 2.3266330 0.0000000 -28.8514924 2.2690538 0.0000000 -28.5058750 0.8094139 0.0000000 -28.7490485 0.7518346 0.0000000 -29.0946659 2.2114745 0.0000000 -28.9922220 0.6942554 0.0000000 -29.3378393 2.1538953 0.0000000 -29.5810128 2.0963160 0.0000000 -29.2353954 0.6366761 0.0000000 -29.8241863 2.0387368 0.0000000 -30.0673597 1.9811575 0.0000000 -29.4785689 0.5790969 0.0000000 -30.3105332 1.9235783 0.0000000 -30.5537067 1.8659990 0.0000000 -29.9649158 0.4639384 0.0000000 -30.7968801 1.8084198 0.0000000 -31.0400536 1.7508405 0.0000000 -30.4512628 0.3487799 0.0000000 -30.9376097 0.2336214 0.0000000 -30.6944362 0.2912006 0.0000000 -31.2832271 1.6932613 0.0000000 -31.5264005 1.6356820 0.0000000 -31.7695740 1.5781028 0.0000000 -31.1807832 0.1760421 0.0000000 -32.0127475 1.5205235 0.0000000 -31.6671301 0.0608836 0.0000000 -32.4990944 1.4053650 0.0000000 -32.3966505 -0.1118541 0.0000000 -32.1534770 -0.0542749 0.0000000 -33.2286148 1.2326273 0.0000000 -33.0354330 -0.2631067 0.0000000 -32.8829974 -0.2270126 0.0000000 -36.0815166 -2.7091389 0.0000000 -35.3249820 -4.0049832 0.0000000 -35.2579847 -3.9634723 0.0000000 -34.2973197 -3.0473375 0.0000000 -34.1795234 -2.8269453 0.0000000 -35.5341909 -2.1793198 0.0000000 -35.6202161 -2.3402697 0.0000000 -35.6589921 -2.4128181 0.0000000 -34.8275358 -3.6638774 0.0000000 -34.6285826 -3.5157044 0.0000000 -35.7136111 -2.4534963 0.0000000 -34.8475481 -3.6782766 0.0000000 -35.0527664 -3.8208745 0.0000000 -35.5436709 -4.1250598 0.0000000 -36.2553215 -2.8045708 0.0000000 -35.7871372 -4.2493964 0.0000000 -35.5644296 -4.1360385 0.0000000 -37.1356868 -3.2526756 0.0000000 -36.6779677 -4.7028280 0.0000000 -36.4552601 -4.5894701 0.0000000 -37.8038097 -3.5927494 0.0000000 -37.3460906 -5.0429017 0.0000000 -37.1233830 -4.9295438 0.0000000 -38.6946402 -4.0461810 0.0000000 -38.2369211 -5.4963334 0.0000000 -38.0142135 -5.3829755 0.0000000 -39.3627631 -4.3862547 0.0000000 -38.9050440 -5.8364071 0.0000000 -38.6823364 -5.7230492 0.0000000 -39.8081784 -4.6129706 0.0000000 -39.3504593 -6.0631229 0.0000000 -39.1277517 -5.9497650 0.0000000 -43.3475723 -13.8413134 0.0000000 -43.2540860 -13.6095613 0.0000000 -44.6451694 -13.0484134 0.0000000 -43.6280311 -14.5365696 0.0000000 -43.5345448 -14.3048175 0.0000000 -45.0191145 -13.9754217 0.0000000 -45.1126007 -14.2071737 0.0000000 -43.7215174 -14.7683217 0.0000000 -44.0019762 -15.4635779 0.0000000 -43.9084899 -15.2318258 0.0000000 -45.2995733 -14.6706779 0.0000000 -45.3930596 -14.9024299 0.0000000 -45.4865458 -15.1341820 0.0000000 -44.1889487 -15.9270820 0.0000000 -44.0954624 -15.6953300 0.0000000 -44.2824350 -16.1588341 0.0000000 -45.6735184 -15.5976861 0.0000000 -44.3759213 -16.3905862 0.0000000 -45.7670046 -15.8294382 0.0000000 -45.8604909 -16.0611903 0.0000000 -44.4694075 -16.6223382 0.0000000 -45.9539772 -16.2929423 0.0000000 -46.0474635 -16.5246944 0.0000000 -44.5628938 -16.8540903 0.0000000 -46.1409497 -16.7564465 0.0000000 -44.7498663 -17.3175944 0.0000000 -44.8433526 -17.5493465 0.0000000 -46.2344360 -16.9881986 0.0000000 -46.3279223 -17.2199506 0.0000000 -46.4214085 -17.4517027 0.0000000 -44.9368389 -17.7810986 0.0000000 -46.5148948 -17.6834548 0.0000000 -45.0303252 -18.0128507 0.0000000 -46.6083811 -17.9152068 0.0000000 -45.2172977 -18.4763548 0.0000000 -46.7018674 -18.1469589 0.0000000 -46.7953536 -18.3787110 0.0000000 -45.3107840 -18.7081069 0.0000000 -45.4977565 -19.1716110 0.0000000 -45.4042703 -18.9398589 0.0000000 -45.5912428 -19.4033631 0.0000000 -46.9823262 -18.8422151 0.0000000 -47.0758125 -19.0739672 0.0000000 -47.1692987 -19.3057193 0.0000000 -45.6847291 -19.6351151 0.0000000 -47.3562713 -19.7692234 0.0000000 -45.7782153 -19.8668672 0.0000000 -47.4497575 -20.0009755 0.0000000 -46.0586742 -20.5621234 0.0000000 -47.6367301 -20.4644796 0.0000000 -46.3391330 -21.2573796 0.0000000 -46.2456467 -21.0256276 0.0000000 -47.8237026 -20.9279837 0.0000000 -46.5261055 -21.7208838 0.0000000 -46.4326192 -21.4891317 0.0000000 -48.1041614 -21.6232399 0.0000000 -46.8065643 -22.4161400 0.0000000 -46.7130781 -22.1843879 0.0000000 -48.3846203 -22.3184962 0.0000000 -47.0870232 -23.1113962 0.0000000 -46.9935369 -22.8796441 0.0000000 -48.5715928 -22.7820003 0.0000000 -47.2739957 -23.5749003 0.0000000 -47.1805094 -23.3431483 0.0000000 -48.8520516 -23.4772565 0.0000000 -47.5544545 -24.2701565 0.0000000 -47.4609682 -24.0384045 0.0000000 -49.1325104 -24.1725127 0.0000000 -47.8349133 -24.9654127 0.0000000 -47.7414271 -24.7336607 0.0000000 -49.2259967 -24.4042648 0.0000000 -47.9283996 -25.1971648 0.0000000 -49.4129693 -24.8677689 0.0000000 -48.1153721 -25.6606689 0.0000000 -48.0218859 -25.4289169 0.0000000 -49.8293240 -31.2507242 0.0000000 -48.8540663 -32.3904050 0.0000000 -48.6641974 -32.2279287 0.0000000 -47.5692231 -29.5344583 0.0000000 -47.7016817 -29.0525355 0.0000000 -49.0218794 -29.9090961 0.0000000 -48.9918834 -30.0534227 0.0000000 -47.5580956 -29.5806132 0.0000000 -47.4918834 -29.9763087 0.0000000 -47.5075750 -29.8236940 0.0000000 -47.4918834 -30.2262061 0.0000000 -48.9918834 -30.1704265 0.0000000 -47.5363256 -30.5791129 0.0000000 -47.5001347 -30.3371516 0.0000000 -49.0040035 -30.2514580 0.0000000 -47.5968941 -30.7820042 0.0000000 -49.1413310 -30.5495262 0.0000000 -48.0111645 -31.5528648 0.0000000 -47.8698127 -31.3479143 0.0000000 -49.3375078 -30.8212543 0.0000000 -48.1807652 -31.7785301 0.0000000 -48.0301327 -31.5791346 0.0000000 -48.4524945 -32.0460187 0.0000000 -48.2697342 -31.8768537 0.0000000 -49.4606928 -30.9352758 0.0000000 -48.4743286 -32.0654525 0.0000000 -49.2338040 -32.7153575 0.0000000 -50.5628858 -33.8526911 0.0000000 -50.3730170 -33.6902149 0.0000000 -51.5381436 -32.7130103 0.0000000 -50.9426235 -34.1776436 0.0000000 -50.7527547 -34.0151674 0.0000000 -51.7280124 -32.8754865 0.0000000 -53.7906561 -36.6147872 0.0000000 -53.6007873 -36.4523110 0.0000000 -54.7659139 -35.4751064 0.0000000 -54.9557827 -35.6375826 0.0000000 -55.1456515 -35.8000588 0.0000000 -53.9805250 -36.7772634 0.0000000 -54.5501315 -37.2646921 0.0000000 -54.3602627 -37.1022159 0.0000000 -55.5253892 -36.1250113 0.0000000 -54.9298692 -37.5896446 0.0000000 -54.7400003 -37.4271684 0.0000000 -55.9051269 -36.4499638 0.0000000 -55.1197380 -37.7521209 0.0000000 -56.0949957 -36.6124400 0.0000000 -56.2848646 -36.7749163 0.0000000 -55.3096069 -37.9145971 0.0000000 -55.4994757 -38.0770733 0.0000000 -56.4747334 -36.9373925 0.0000000 -56.6646023 -37.0998688 0.0000000 -56.8544711 -37.2623450 0.0000000 -55.6893445 -38.2395496 0.0000000 -57.0443399 -37.4248212 0.0000000 -57.4240776 -37.7497737 0.0000000 -56.4488199 -38.8894545 0.0000000 -57.9936841 -38.2372024 0.0000000 -57.2082953 -39.5393595 0.0000000 -57.0184264 -39.3768832 0.0000000 -58.6633898 -41.5338119 0.0000000 -58.5526706 -41.7578430 0.0000000 -57.3186507 -40.8692241 0.0000000 -57.4283955 -40.6471646 0.0000000 -58.8853675 -41.0813235 0.0000000 -58.7760462 -41.3058317 0.0000000 -57.4947543 -40.5108866 0.0000000 -58.9894187 -39.6393456 0.0000000 -59.0334002 -39.8853422 0.0000000 -57.5248016 -39.9702855 0.0000000 -59.0449600 -40.4110621 0.0000000 -58.9956320 -40.6560426 0.0000000 -57.5552618 -40.2103839 0.0000000 -57.5490490 -40.1059058 0.0000000 -59.0437847 -39.9728203 0.0000000 -58.8674659 -39.2782165 0.0000000 -58.9536359 -39.5087045 0.0000000 -57.4848037 -39.8632989 0.0000000 -58.8129631 -39.1632497 0.0000000 -57.3434487 -39.6550142 0.0000000 -58.1835530 -38.3996787 0.0000000 -58.3734218 -38.5621549 0.0000000 -58.4729436 -38.6653540 0.0000000 -57.8038153 -38.0747262 0.0000000 -56.6386887 -39.0519308 0.0000000 -57.6139465 -37.9122499 0.0000000 -54.3861762 -35.1501539 0.0000000 -54.5760450 -35.3126301 0.0000000 -54.1963073 -34.9876777 0.0000000 -53.4109184 -36.2898347 0.0000000 -53.2210496 -36.1273585 0.0000000 -53.0311808 -35.9648822 0.0000000 -52.8413119 -35.8024060 0.0000000 -53.8165697 -34.6627252 0.0000000 -53.6267008 -34.5002489 0.0000000 -53.0570943 -34.0128202 0.0000000 -52.6514431 -35.6399298 0.0000000 -52.1077501 -33.2004390 0.0000000 -52.6773566 -33.6878677 0.0000000 -51.7020989 -34.8275486 0.0000000 -51.1324924 -34.3401198 0.0000000 -50.9685370 -32.2255816 0.0000000 -51.1584059 -32.3880578 0.0000000 -49.9932793 -33.3652624 0.0000000 -49.8034105 -33.2027862 0.0000000 -50.7786682 -32.0631054 0.0000000 -50.3989305 -31.7381529 0.0000000 -50.5887994 -31.9006291 0.0000000 -49.6135416 -33.0403099 0.0000000 -49.4236728 -32.8778337 0.0000000 -50.2090617 -31.5756766 0.0000000 -49.6394552 -31.0882479 0.0000000 -47.7014634 -31.0089711 0.0000000 -49.0638238 -30.3812974 0.0000000 -49.5064555 -25.0995210 0.0000000 -49.8127133 -26.8525390 0.0000000 -49.8020606 -26.9649381 0.0000000 -48.3140727 -26.7672088 0.0000000 -49.8174995 -26.6026875 0.0000000 -48.3212847 -26.3907214 0.0000000 -49.7738085 -25.9740565 0.0000000 -49.8130751 -26.2204259 0.0000000 -48.2936184 -26.2171356 0.0000000 -49.7714495 -25.9601037 0.0000000 -48.2621495 -26.0411242 0.0000000 -49.6096407 -25.3566300 0.0000000 -49.6944157 -25.5908886 0.0000000 -48.2037795 -25.8798304 0.0000000 -49.5999418 -25.3312731 0.0000000 -49.3194830 -24.6360169 0.0000000 -49.7441075 -27.2814223 0.0000000 -49.6778782 -27.5223837 0.0000000 -48.2879585 -26.9194917 0.0000000 -48.9455379 -23.7090086 0.0000000 -47.3674820 -23.8066524 0.0000000 -48.6650791 -23.0137524 0.0000000 -48.7585653 -23.2455044 0.0000000 -48.4781065 -22.5502482 0.0000000 -46.9000506 -22.6478920 0.0000000 -48.1976477 -21.8549920 0.0000000 -48.2911340 -22.0867441 0.0000000 -46.6195918 -21.9526358 0.0000000 -47.9171889 -21.1597358 0.0000000 -48.0106752 -21.3914879 0.0000000 -47.7302164 -20.6962317 0.0000000 -46.1521604 -20.7938755 0.0000000 -47.5432438 -20.2327275 0.0000000 -43.8150036 -15.0000737 0.0000000 -43.4410585 -14.0730655 0.0000000 -44.8321419 -13.5119175 0.0000000 -44.7386556 -13.2801654 0.0000000 -44.5516831 -12.8166613 0.0000000 -44.2712243 -12.1214051 0.0000000 -44.3647106 -12.3531572 0.0000000 -42.9736272 -12.9143051 0.0000000 -43.9907655 -11.4261489 0.0000000 -44.0842517 -11.6579010 0.0000000 -42.5996821 -11.9872968 0.0000000 -42.5061958 -11.7555448 0.0000000 -43.8972792 -11.1943968 0.0000000 -42.4127095 -11.5237927 0.0000000 -43.8037929 -10.9626448 0.0000000 -43.5233341 -10.2673885 0.0000000 -43.6168204 -10.4991406 0.0000000 -42.1322507 -10.8285365 0.0000000 -42.0387645 -10.5967844 0.0000000 -43.4298478 -10.0356365 0.0000000 -41.9452782 -10.3650324 0.0000000 -41.8517919 -10.1332803 0.0000000 -43.3363616 -9.8038844 0.0000000 -43.0559028 -9.1086282 0.0000000 -43.1493890 -9.3403803 0.0000000 -41.7583056 -9.9015282 0.0000000 -41.6648194 -9.6697761 0.0000000 -41.5713331 -9.4380241 0.0000000 -41.4778468 -9.2062720 0.0000000 -42.9624165 -8.8768761 0.0000000 -41.3843606 -8.9745199 0.0000000 -42.8689302 -8.6451241 0.0000000 -42.6819577 -8.1816199 0.0000000 -42.7754439 -8.4133720 0.0000000 -42.5884714 -7.9498678 0.0000000 -41.1973880 -8.5110158 0.0000000 -41.2937793 -5.5520509 0.0000000 -40.1754771 -6.5517509 0.0000000 -40.0800739 -6.4450294 0.0000000 -42.1210400 -6.7911075 0.0000000 -42.2145263 -7.0228596 0.0000000 -40.7299566 -7.3522555 0.0000000 -41.9241210 -6.3165272 0.0000000 -42.0218601 -6.5456341 0.0000000 -40.5928588 -7.0186500 0.0000000 -41.6268759 -5.9246654 0.0000000 -41.7934242 -6.1109726 0.0000000 -40.5085736 -6.9243654 0.0000000 -40.3420254 -6.7380581 0.0000000 -40.9655607 -5.2295835 0.0000000 -41.1272311 -5.3657437 0.0000000 -40.7562763 -5.0987892 0.0000000 -39.9892375 -6.3882603 0.0000000 -40.6990089 -5.0664022 0.0000000 -39.5731669 -6.1764808 0.0000000 -40.0308860 -4.7263285 0.0000000 -40.2535937 -4.8396864 0.0000000 -40.6392493 -7.1273922 0.0000000 -40.8234429 -7.5840075 0.0000000 -38.0265173 -3.7061073 0.0000000 -38.2492250 -3.8194652 0.0000000 -36.9129792 -3.1393177 0.0000000 -36.4675639 -2.9126019 0.0000000 -33.7543447 -1.1874255 0.0000000 -33.7002643 -0.9518994 0.0000000 -35.2163003 -0.8517384 0.0000000 -35.0549493 -0.2324514 0.0000000 -35.0952489 -0.3498943 0.0000000 -33.6562959 -0.7780241 0.0000000 -33.4641060 -0.5320430 0.0000000 -34.4550726 0.5961018 0.0000000 -34.6330327 0.4247269 0.0000000 -33.6234665 -0.7031920 0.0000000 -34.6960360 0.3560110 0.0000000 -34.8531434 0.1616763 0.0000000 -34.9567128 -0.0085290 0.0000000 -34.1396872 0.8194037 0.0000000 -34.3482016 0.6816704 0.0000000 -33.6452404 1.1105126 0.0000000 -33.8640643 0.9966212 0.0000000 -33.4717883 1.1750480 0.0000000 -32.7422679 1.3477858 0.0000000 -31.9103036 0.0033044 0.0000000 -32.2559209 1.4629443 0.0000000 -23.0331408 2.8745522 0.0000000 -23.5309419 2.8299555 0.0000000 -23.3970968 1.3359389 0.0000000 -22.7842402 2.8968506 0.0000000 -22.6503951 1.4028340 0.0000000 -21.9036934 1.4697291 0.0000000 -24.7754447 2.7184637 0.0000000 -26.5177486 2.5623752 0.0000000 -26.3839035 1.0683586 0.0000000 -27.6284063 0.9568668 0.0000000 -26.6328040 1.0460602 0.0000000 -20.0463341 3.1421325 0.0000000 -20.5441352 3.0975358 0.0000000 -20.4102901 1.6035192 0.0000000 -19.0507318 3.2313260 0.0000000 -19.2996324 3.2090276 0.0000000 -19.1657873 1.7150110 0.0000000 -18.5529307 3.2759227 0.0000000 -18.8018313 3.2536243 0.0000000 -18.4190856 1.7819061 0.0000000 -18.1701850 1.8042045 0.0000000 -17.9212845 1.8265028 0.0000000 -18.0551296 3.3205194 0.0000000 -8.4299960 2.2501400 0.0000000 -17.6807812 1.8480489 0.0000000 -9.1629652 2.4076026 0.0000000 -17.4690385 1.8622288 0.0000000 -17.7894198 3.3441334 0.0000000 -16.2486513 1.8493982 0.0000000 -15.9987677 1.8467711 0.0000000 -16.2328819 3.3493153 0.0000000 -16.4827654 3.3519425 0.0000000 -16.4985348 1.8520254 0.0000000 -16.9983020 1.8572797 0.0000000 -16.9825326 3.3571968 0.0000000 -16.7484184 1.8546525 0.0000000 -16.7326490 3.3545696 0.0000000 -15.4832311 3.3414338 0.0000000 -15.9829983 3.3466882 0.0000000 -15.5260339 1.8418010 0.0000000 -15.4292549 3.3389198 0.0000000 -15.1804129 3.3183248 0.0000000 -15.1634554 3.3167273 0.0000000 -14.3270377 1.7199853 0.0000000 -14.1694009 3.2116792 0.0000000 -10.6996350 1.2034998 0.0000000 -10.3845806 2.6700402 0.0000000 -12.3389289 1.5098892 0.0000000 -12.1812921 3.0015831 0.0000000 -11.8881911 1.4588353 0.0000000 -11.6728196 2.9436782 0.0000000 -11.9206933 2.9739448 0.0000000 -11.6061960 2.9324777 0.0000000 -10.8732267 2.7750152 0.0000000 -9.6516114 2.5125776 0.0000000 -18.3040301 3.2982210 0.0000000 -18.6679862 1.7596078 0.0000000 -7.4527037 2.0401900 0.0000000 -6.9640575 1.9352149 0.0000000 -6.3018196 0.2587245 0.0000000 -5.9867652 1.7252649 0.0000000 -6.2310883 1.7777524 0.0000000 -6.0574965 0.2062370 0.0000000 -5.2537960 1.5678023 0.0000000 -5.7424421 1.6727774 0.0000000 -5.3245273 0.0487744 0.0000000 -5.0094729 1.5153148 0.0000000 -4.5208268 1.4103398 0.0000000 -2.8812966 -0.4761007 0.0000000 -2.5662422 0.9904397 0.0000000 -2.8105652 1.0429272 0.0000000 -2.0775960 0.8854646 0.0000000 4.0001329 0.7404761 0.0000000 3.7502363 0.7410712 0.0000000 3.7466641 -0.7589246 0.0000000 4.2500296 0.7398810 0.0000000 3.9965608 -0.7595197 0.0000000 4.4999263 0.7392859 0.0000000 5.4995130 0.7369054 0.0000000 5.9993064 0.7357152 0.0000000 8.2448044 -0.7696366 0.0000000 12.9928413 -0.7809437 0.0000000 13.7461035 0.7172667 0.0000000 14.3535618 0.7908738 0.0000000 23.1834788 3.8349560 0.0000000 22.9498584 3.7462420 0.0000000 23.4823610 2.3439436 0.0000000 24.6504634 2.7875137 0.0000000 25.2860631 4.6333822 0.0000000 29.9442670 4.7635313 0.0000000 30.5934251 4.7586901 0.0000000 32.5942178 4.6317952 0.0000000 33.1282877 3.5021993 0.0000000 33.6623576 2.3726033 0.0000000 34.3424786 0.5901010 0.0000000 34.2887740 0.8341595 0.0000000 34.3392071 0.1111281 0.0000000 33.6402090 -1.2645968 0.0000000 19.5334620 -10.9856039 0.0000000 16.1422686 -12.1386246 0.0000000 16.9671890 -13.4161046 0.0000000 15.9138021 -14.2559366 0.0000000 13.6220309 -14.0155805 0.0000000 12.1123676 -16.7851427 0.0000000 12.1885309 -15.0054369 0.0000000 13.0349003 -16.2438678 0.0000000 11.1730543 -15.5918315 0.0000000 11.8942673 -16.9071303 0.0000000 -10.1159450 -19.2115791 0.0000000 -9.8660529 -19.2099484 0.0000000 -9.8758410 -17.7099804 0.0000000 -11.1253014 -17.7181338 0.0000000 -13.3743300 -17.7328100 0.0000000 -14.3641101 -19.2393008 0.0000000 -16.3632467 -19.2523463 0.0000000 -17.1129229 -19.2572383 0.0000000 -18.1222793 -17.7637930 0.0000000 -18.6122753 -19.2670225 0.0000000 -19.6176902 -19.2735606 0.0000000 -22.0402112 -18.6212477 0.0000000 -22.5038983 -18.4347296 0.0000000 -25.9587948 -19.6793812 0.0000000 -26.2269213 -20.1011667 0.0000000 -27.2311057 -22.1212321 0.0000000 -25.8296839 -29.5190983 0.0000000 -25.3934652 -31.6827736 0.0000000 -23.7586873 -32.4421684 0.0000000 -25.5480594 -35.3404488 0.0000000 -24.0865349 -35.6790523 0.0000000 -26.8745305 -38.6335896 0.0000000 -27.3040860 -41.6413701 0.0000000 -27.1557725 -41.5294146 0.0000000 -26.7972446 -41.1812012 0.0000000 -28.9265917 -42.2213801 0.0000000 -33.6362032 -41.4252195 0.0000000 -35.3523604 -39.5734593 0.0000000 -35.5996687 -39.5375805 0.0000000 -48.5209246 -41.7163847 0.0000000 -50.2009862 -40.4219557 0.0000000 -51.6878866 -40.6150376 0.0000000 -52.4313368 -40.7115786 0.0000000 -53.9182372 -40.9046606 0.0000000 -56.5398131 -42.7093090 0.0000000 -58.1823337 -42.1632245 0.0000000 -47.4750022 -40.0679721 0.0000000 -46.7862075 -41.4911224 0.0000000 -45.9881018 -39.8748902 0.0000000 -43.0689565 -41.0084175 0.0000000 -42.7664843 -39.4565460 0.0000000 -37.0515716 -40.8426458 0.0000000 -35.8150299 -41.0220399 0.0000000 -34.8636469 -41.1915537 0.0000000 -34.5831328 -39.7180165 0.0000000 -31.1491418 -40.3598395 0.0000000 -27.4624915 -39.6975411 0.0000000 -26.4213930 -37.5711029 0.0000000 -24.9359907 -37.8967231 0.0000000 -26.6042367 -25.8515341 0.0000000 -26.9037123 -21.1847265 0.0000000 -25.2291715 -21.3276618 0.0000000 -24.1556164 -19.6455058 0.0000000 -23.6152799 -18.8045446 0.0000000 -23.9787665 -16.9668409 0.0000000 -23.2440863 -16.7472731 0.0000000 -8.3764886 -17.7001963 0.0000000 -7.3671322 -19.1936416 0.0000000 -6.6174560 -19.1887495 0.0000000 -5.6276759 -17.6822587 0.0000000 -4.8779997 -17.6773667 0.0000000 -3.1189671 -19.1659199 0.0000000 -2.6191829 -19.1626585 0.0000000 0.1198417 -17.6447529 0.0000000 0.6294139 -19.1414596 0.0000000 2.6565180 -18.7914967 0.0000000 0.6196258 -17.6414916 0.0000000 9.7434534 -17.8217745 0.0000000 9.1722385 -16.4347944 0.0000000 11.3801414 -15.4760038 0.0000000 12.3882158 -14.8675510 0.0000000 17.1519901 -13.2478868 0.0000000 17.3367912 -13.0796689 0.0000000 22.5680782 -5.8844587 0.0000000 23.8168788 -4.6595164 0.0000000 24.1736789 -4.3095328 0.0000000 25.2721483 -3.4969181 0.0000000 25.8209569 -3.2082338 0.0000000 26.2725857 -2.9866171 0.0000000 26.9773313 -2.6639742 0.0000000 27.8909366 -2.2583827 0.0000000 31.4687912 -2.3111809 0.0000000 30.8601541 -0.9402102 0.0000000 32.1994718 1.9573755 0.0000000 21.7817560 3.3026719 0.0000000 21.0808945 3.0365299 0.0000000 20.6099569 2.8568418 0.0000000 11.9932546 -0.7785632 0.0000000 9.9976533 0.7261934 0.0000000 7.9949077 -0.7690415 0.0000000 7.9984798 0.7309543 0.0000000 4.9961475 -0.7619001 0.0000000 -9.8959344 2.5650651 0.0000000 0.9978007 -0.7523783 0.0000000 1.2476973 -0.7529734 0.0000000 1.0013728 0.7476174 0.0000000 0.0060085 0.7499878 0.0000000 -0.5099788 -0.7431127 0.0000000 -0.0102305 -0.7499302 0.0000000 -0.7393919 0.7601565 0.0000000 -1.2391402 0.7669740 0.0000000 -2.3219191 0.9379521 0.0000000 -2.6369735 -0.5285882 0.0000000 -7.7677581 0.5736496 0.0000000 2.0009595 0.7452370 0.0000000 1.9973874 -0.7547588 0.0000000 2.9969741 -0.7571392 0.0000000 3.4967675 -0.7583294 0.0000000 -12.9268329 3.0803692 0.0000000 -13.0844697 1.5886753 0.0000000 -28.3651455 2.3842123 0.0000000 -31.4239566 0.1184629 0.0000000 -32.6398240 -0.1694334 0.0000000 -34.1270886 -2.7033484 0.0000000 -34.4151159 -3.2677298 0.0000000 -36.2325524 -4.4761122 0.0000000 -39.1400555 -4.2728968 0.0000000 -38.4596288 -5.6096913 0.0000000 -44.9256282 -13.7436696 0.0000000 -45.2060870 -14.4389258 0.0000000 -45.5800321 -15.3659341 0.0000000 -44.6563801 -17.0858424 0.0000000 -45.1238114 -18.2446027 0.0000000 -46.8888399 -18.6104630 0.0000000 -45.9651879 -20.3303713 0.0000000 -47.6479408 -24.5019086 0.0000000 -47.8060328 -31.2359379 0.0000000 -47.8341404 -28.5706128 0.0000000 -47.9003697 -28.3296514 0.0000000 -49.2805022 -28.9681519 0.0000000 -51.9178812 -33.0379628 0.0000000 -55.7152581 -36.2874876 0.0000000 -55.8792134 -38.4020258 0.0000000 -58.7741090 -41.3097807 0.0000000 -57.5251453 -40.3599536 0.0000000 -59.0583940 -40.2184970 0.0000000 -58.6262893 -38.8583010 0.0000000 -50.1831482 -33.5277387 0.0000000 -49.7601363 -27.2094162 0.0000000 -48.3177746 -26.5739588 0.0000000 -49.8222856 -26.3528359 0.0000000 -49.7274680 -25.7141071 0.0000000 -48.2315163 -27.1248446 0.0000000 -49.6116489 -27.7633451 0.0000000 -49.4129609 -28.4862292 0.0000000 -48.1652870 -27.3658059 0.0000000 -44.4581968 -12.5849092 0.0000000 -43.0671135 -13.1460572 0.0000000 -42.8801409 -12.6825531 0.0000000 -42.6931684 -12.2190489 0.0000000 -42.2257370 -11.0602886 0.0000000 -41.2908743 -8.7427679 0.0000000 -38.4719326 -3.9328231 0.0000000 -39.5854708 -4.4996126 0.0000000 -41.4603276 -5.7383582 0.0000000 -40.4763013 -4.9530443 0.0000000 -38.9173479 -4.1595389 0.0000000 -36.6902716 -3.0259598 0.0000000 -35.1565102 -0.5921554 0.0000000 -33.5589109 -0.6233396 0.0000000 -33.1369621 -0.3159496 0.0000000 -33.9311727 0.9571369 0.0000000 -22.8992957 1.3805356 0.0000000 -25.6372018 1.1352537 0.0000000 -27.7622514 2.4508834 0.0000000 -18.9168867 1.7373094 0.0000000 -8.0120812 0.6261371 0.0000000 -7.6970268 2.0926775 0.0000000 -17.8062290 3.3428178 0.0000000 -17.4822998 3.3624511 0.0000000 -12.6783193 3.0541072 0.0000000 -12.0964635 1.4842664 0.0000000 -11.9327785 2.9753211 0.0000000 -5.5688504 0.1012619 0.0000000 10.4974466 0.7250032 0.0000000 30.9785125 6.2097032 0.0000000 32.6984713 -0.0961057 0.0000000 33.7118837 -1.2030098 0.0000000 20.2385668 -10.2770798 0.0000000 18.4616566 -12.0553075 0.0000000 10.6677272 -17.4411209 0.0000000 13.2405361 -16.1018727 0.0000000 7.3236909 -17.1961016 0.0000000 4.6599473 -19.9153693 0.0000000 2.9333902 -19.0042062 0.0000000 2.7293860 -20.5895919 0.0000000 -9.6259490 -17.7083497 0.0000000 -21.8083676 -18.7145068 0.0000000 -25.5714996 -30.7416196 0.0000000 -23.7967593 -32.1951882 0.0000000 -23.7819085 -33.8460097 0.0000000 -25.4015903 -39.0579671 0.0000000 -37.3984243 -39.2977746 0.0000000 -53.7250759 -42.3921715 0.0000000 -57.2625170 -42.6503469 0.0000000 -41.5274007 -39.2956443 0.0000000 -36.8362104 -39.3581865 0.0000000 -30.9280530 -41.9253792 0.0000000 -25.5497035 -23.5855516 0.0000000 -26.9482123 -21.2743109 0.0000000 -25.1474080 -18.4141877 0.0000000 -23.0864620 -18.2389696 0.0000000 -21.9441142 -17.0430968 0.0000000 6.5084950 -19.1540621 0.0000000 8.1259742 -18.4879183 0.0000000 16.6966720 -11.6339711 0.0000000 21.2992590 -9.2301916 0.0000000 23.2616598 -7.3052822 0.0000000 10.7473433 0.7244081 0.0000000 11.7469300 0.7220276 0.0000000 5.2496163 0.7375005 0.0000000 -0.0017861 -0.7499979 0.0000000 -0.7598529 -0.7397039 0.0000000 2.2508562 0.7446419 0.0000000 -29.7217424 0.5215176 0.0000000 -34.0510639 -2.4673152 0.0000000 -36.0098448 -4.3627543 0.0000000 -37.3583944 -3.3660335 0.0000000 -49.2367647 -30.6878985 0.0000000 -55.3355204 -35.9625351 0.0000000 -56.0690822 -38.5645021 0.0000000 -56.8285576 -39.2144070 0.0000000 -57.4183507 -39.7492595 0.0000000 -58.6871460 -38.9473360 0.0000000 -54.0064385 -34.8252014 0.0000000 -52.0818366 -35.1525010 0.0000000 -49.0390242 -23.9407606 0.0000000 -37.7915059 -5.2696176 0.0000000 -32.9854413 1.2902065 0.0000000 -24.6415996 1.2244471 0.0000000 -8.1856729 2.1976525 0.0000000 -17.5402978 3.3608164 0.0000000 -13.1753465 3.1066312 0.0000000 -19.9124890 1.6481160 0.0000000 -19.6635884 1.6704143 0.0000000 7.2452176 -0.7672561 0.0000000 9.4942878 -0.7726121 0.0000000 27.4539092 3.8520819 0.0000000 30.8596518 6.2361388 0.0000000 32.8448670 0.2415700 0.0000000 18.4702394 -9.9275123 0.0000000 4.0887324 -18.5283892 0.0000000 -52.1835200 -40.6793983 0.0000000 -53.4772592 -42.3599912 0.0000000 -57.9920858 -42.3252568 0.0000000 -45.4924683 -39.8105295 0.0000000 -33.1102004 -39.9984155 0.0000000 -31.4196532 -41.8352457 0.0000000 16.3270697 -11.9704068 0.0000000 10.7437712 -0.7755877 0.0000000 5.2460442 -0.7624952 0.0000000 -0.4895178 0.7567477 0.0000000 -35.4887116 -2.0381206 0.0000000 -49.1480436 -29.4500746 0.0000000 -51.3482747 -32.5505341 0.0000000 -43.1605997 -13.3778093 0.0000000 -43.2428753 -9.5721323 0.0000000 -42.0275538 -6.5593554 0.0000000 -24.5265441 2.7407620 0.0000000 -24.3926990 1.2467455 0.0000000 -19.7974335 3.1644309 0.0000000 4.3198009 -18.4332258 0.0000000 -12.6246538 -17.7279179 0.0000000 -26.6071865 -38.0350809 0.0000000 -26.4387168 -40.8329877 0.0000000 -26.3402023 -40.7154488 0.0000000 -54.2207094 -42.4565321 0.0000000 -44.2533847 -39.6496279 0.0000000 20.9624775 -7.4593846 0.0000000 4.2464575 -0.7601148 0.0000000 -34.0339691 -2.4052218 0.0000000 -37.5687982 -5.1562597 0.0000000 -49.2142729 -29.2091133 0.0000000 -58.9463041 -40.9010231 0.0000000 -42.3080126 -7.2546116 0.0000000 -40.9169292 -7.8157596 0.0000000 23.7159815 2.4326576 0.0000000 4.8910158 -19.8202059 0.0000000 -57.1387399 -42.6765827 0.0000000 20.7840775 -7.6343764 0.0000000 -33.9221193 -1.9181033 0.0000000 -47.7679110 -28.8115742 0.0000000 -54.1703938 -36.9397397 0.0000000 -35.1603754 -0.6081791 0.0000000 -23.6459973 1.3136406 0.0000000 -23.7798424 2.8076571 0.0000000 27.3575670 -4.1363429 0.0000000 -56.8936792 -42.7072307 0.0000000 -31.9112534 -41.7451123 0.0000000 21.8344592 -8.7052163 0.0000000 -35.3840749 -1.5824162 0.0000000 -42.4949851 -7.7181158 0.0000000 -49.4575360 -40.3254147 0.0000000 -56.7593335 -41.2123473 0.0000000 -25.7551650 -22.5073258 0.0000000 21.6560591 -8.8802081 0.0000000 -39.7958745 -6.2898388 0.0000000 -49.2097193 -40.2932344 0.0000000 -56.7896840 -42.7129485 0.0000000 -9.6161608 -19.2083178 0.0000000 -8.8664846 -19.2034257 0.0000000 22.3142586 1.9003735 0.0000000 -56.5616592 -41.2094681 0.0000000 -8.8762728 -17.7034576 0.0000000 -33.8661945 -1.6745440 0.0000000 -47.9665990 -28.0886900 0.0000000 19.5317485 -8.8628027 0.0000000 -35.3281500 -1.3388569 0.0000000 19.5352769 -8.8593187 0.0000000 3.5003396 0.7416663 0.0000000 -48.7140858 -40.2288737 0.0000000 -39.3944837 -39.1861313 0.0000000 -39.4782506 -40.6837905 0.0000000 -39.1449763 -39.2000867 0.0000000 -49.3467315 -28.7271905 0.0000000 -26.2013971 -40.5104303 0.0000000 -26.1660118 -40.4527155 0.0000000 -41.1039017 -8.2792637 0.0000000 -41.0104155 -8.0475117 0.0000000 -42.4014988 -7.4863637 0.0000000 -35.9087049 -2.5890590 0.0000000 -24.7235138 -27.4976200 0.0000000 -33.3129485 -0.4321966 0.0000000 -24.7751507 -27.2531157 0.0000000 -26.3976893 -26.8295512 0.0000000 -30.2080893 0.4063591 0.0000000 -27.2555133 -22.4816118 0.0000000 -25.7483476 -22.3548024 0.0000000 -27.2443547 -22.2319637 0.0000000 -20.6591906 1.5812209 0.0000000 -24.0484434 -17.0074015 0.0000000 -23.2589672 -18.2834724 0.0000000 4.5508694 -18.3380624 0.0000000 15.1125524 -0.5961059 0.0000000 15.1442656 -0.5896179 0.0000000 15.0556591 0.9284723 0.0000000 22.0153764 3.3913859 0.0000000 22.5478791 1.9890875 0.0000000 20.6056774 -7.8093681 0.0000000 30.2921496 6.2868118 0.0000000 30.2308720 4.7880640 0.0000000 30.4442939 4.7793380 0.0000000 30.5418384 6.2766031 0.0000000 32.8238221 0.5117999 0.0000000 30.6140595 6.2701422 0.0000000</float_array><technique_common><accessor source="#positions-array" count="1966" stride="3"><param name="X" type="float" /><param name="Y" type="float" /><param name="Z" type="float" /></accessor></technique_common></source><source id="uv"><float_array id="uv-array" count="3932">2.2481771 -0.3803549 2.3731254 -0.3806525 2.3749115 0.3693454 2.7479704 -0.3815452 2.8729188 -0.3818427 2.8747049 0.3681552 2.9978671 -0.3821403 3.1228155 -0.3824378 3.1246015 0.3675600 3.2477638 -0.3827354 3.2495499 0.3672625 3.3727121 -0.3830329 3.3744982 0.3669649 3.4976605 -0.3833305 3.4994466 0.3666674 3.8742916 0.3657747 3.7493432 0.3660723 3.7475572 -0.3839256 4.2491366 0.3648820 4.1241883 0.3651796 4.2473505 -0.3851158 4.3740849 0.3645845 4.3722989 -0.3854134 4.4990333 0.3642869 4.4972472 -0.3857110 4.6239816 0.3639894 4.6221955 -0.3860085 4.8738783 0.3633943 4.7489300 0.3636918 4.8720922 -0.3866036 5.7467306 -0.3886865 5.8716789 -0.3889841 5.7485167 0.3613114 6.6213690 -0.3907694 6.7463173 -0.3910670 6.6231551 0.3592285 6.8712657 -0.3913645 6.7481034 0.3589309 6.9962140 -0.3916621 7.0598961 -0.3863691 6.9659327 0.3584122 7.1829784 -0.3654654 7.1865731 -0.3648369 7.3095484 -0.3427181 7.0556014 0.3736411 7.4325237 -0.3205993 7.2993395 0.4174808 7.4138786 0.4383494 7.4333571 -0.3204484 7.6939769 -0.2671291 7.8158211 -0.2394492 7.6496737 0.4919160 7.9376653 -0.2117693 8.0101343 0.5738034 7.7715179 0.5195959 11.3907498 1.0389008 11.6243703 1.1276148 11.1244985 1.7400500 11.3581189 1.8287640 11.9748010 1.2606858 12.2084215 1.3493998 11.7085497 1.9618350 13.0260931 1.6598989 13.1429034 1.7042559 12.8766520 2.4054051 12.1757906 2.1392631 12.0589804 2.0949060 12.4420419 1.4381138 12.5262213 2.2723341 12.2926009 2.1836201 12.5588522 1.4824708 12.7924727 1.5711849 12.9092829 1.6155419 12.7598418 2.3610481 11.9421701 2.0505490 13.1102725 2.4941191 12.9934623 2.4497621 13.2597136 1.7486129 13.3765239 1.7929699 13.4933341 1.8373269 13.6101443 1.8816839 13.2270828 2.5384761 13.4607032 2.6271901 13.3438930 2.5828331 13.6943237 2.7159042 13.9605751 2.0147549 13.8111340 2.7602612 14.0773853 2.0591120 14.1941955 2.1034690 13.9279442 2.8046182 14.0447544 2.8489752 14.3110058 2.1478260 14.2783749 2.9376892 14.1615647 2.8933322 14.4278160 2.1921830 14.5446263 2.2365400 14.7713824 2.3226474 14.5258208 3.0313458 14.5119954 3.0264032 14.8695597 2.3555926 14.7917605 3.1097717 14.6706910 3.0788792 14.6441064 3.0710387 14.9233462 3.1396211 14.8019114 3.1122119 15.0401213 2.3971113 15.0212304 3.1485103 15.6570842 3.0491459 15.6086201 3.0679133 15.3620157 2.3591364 15.4587440 2.2923094 15.9495051 2.8594559 15.9476129 2.8610877 15.7680843 2.9970501 15.4034114 2.3397081 15.8527200 2.9423744 15.4925272 2.2629777 16.0437223 2.7776533 16.1368880 2.6547764 15.6724800 1.8823645 16.4039229 2.0899784 16.3505159 2.2029380 15.7792940 1.6564453 16.5107369 1.8640592 16.4573299 1.9770188 15.9929220 1.2046070 16.6709578 1.5251805 16.6175508 1.6381400 16.0463289 1.0916474 16.7777718 1.2992613 16.7243648 1.4122209 16.2599569 0.6398090 16.9379927 0.9603825 16.8845858 1.0733421 16.3614166 0.4252144 17.0547475 0.7114820 17.0448067 0.7344633 16.3914496 0.3488863 17.1002555 0.5958246 17.1175348 0.5391090 16.9913997 0.8474229 16.4271082 0.1868368 17.1702725 0.0637436 17.1790656 0.1879866 17.1463835 -0.1935236 17.1580285 -0.0691566 16.4124895 0.0136376 17.0348431 -0.4270255 17.1113928 -0.3202006 16.9453925 -0.5142652 16.3042670 -0.0820119 16.5338003 -0.8006979 16.6480010 -0.7499989 16.7218308 -0.7065118 16.1152811 -0.1659114 16.3053990 -0.9020958 16.4195996 -0.8513968 15.7726791 -0.3180083 16.0769976 -1.0034936 16.1911983 -0.9527947 15.6584784 -0.3687072 15.8485963 -1.1048915 15.9627970 -1.0541926 15.2016757 -0.5715030 15.3917936 -1.3076873 15.5059943 -1.2569884 14.7448730 -0.7742987 15.0491916 -1.4597841 15.1633923 -1.4090852 14.6306723 -0.8249977 14.8207902 -1.5611820 14.9349909 -1.5104831 14.1738697 -1.0277935 14.4781882 -1.7132788 14.5923889 -1.6625799 14.0596690 -1.0784924 14.2497869 -1.8146767 14.3639876 -1.7639778 13.6028663 -1.2812882 13.7929842 -2.0174725 13.9071849 -1.9667736 13.0226491 -1.5490722 13.2408825 -2.2774171 13.3530531 -2.2223724 12.5342224 -1.8208359 12.8668101 -2.5045739 12.9686618 -2.4321970 12.3305190 -1.9655896 12.6734096 -2.6420062 12.7649584 -2.5769507 10.2067005 -5.0506989 10.2937143 -4.9642113 9.6772562 -4.5194835 9.6758102 -4.5209286 9.5876721 -4.6094941 9.4995340 -4.6980596 9.4113959 -4.7866251 10.0311453 -5.2271054 9.8548691 -5.4042364 9.9430072 -5.3156709 9.3232578 -4.8751906 9.1469816 -5.0523217 9.0588435 -5.1408872 9.6785929 -5.5813675 9.5904548 -5.6699330 8.9707054 -5.2294527 8.8825673 -5.3180182 9.5023167 -5.7584985 9.3206945 -5.9408950 9.3260404 -5.9356295 8.7970758 -5.4039242 9.1303985 -6.1192898 9.2227990 -6.0351809 8.7138684 -5.4842545 4.2395166 -8.3601423 4.4095898 -9.1012140 4.5251240 -9.0536323 8.2822948 -6.8904356 8.2987933 -6.8762701 7.8019764 -6.3143171 8.1625369 -6.9859732 8.1853886 -6.9688738 7.7246253 -6.3769269 7.9787337 -6.1534212 7.8863331 -6.2375302 8.3911939 -6.7921612 7.6335588 -6.4398099 7.5307409 -6.5108075 8.0597190 -7.0569708 7.0166513 -6.8657952 6.9138334 -6.9367927 7.3399935 -7.5539536 7.4279230 -6.5818050 7.3251050 -6.6528025 7.8540831 -7.1989658 7.6484473 -7.3409609 7.7512652 -7.2699634 7.2222871 -6.7238001 7.1194692 -6.7947976 7.5456294 -7.4119585 7.4428115 -7.4829560 7.1343577 -7.6959486 7.2371756 -7.6249511 6.7081975 -7.0787878 4.9327219 -8.0746521 5.1027951 -8.8157238 5.2183294 -8.7681421 5.9081710 -7.6160143 6.1652339 -8.3315776 6.2742840 -8.2705838 6.0049291 -7.5618956 6.4073678 -8.1949371 6.5114602 -8.1259853 6.3833342 -8.2095900 5.4955346 -7.8428630 5.8251396 -8.5167463 5.9360199 -8.4595381 5.7960005 -8.5302336 5.2793246 -7.9319070 5.5649321 -8.6253970 5.6804663 -8.5778153 6.7230860 -7.9799388 6.8259039 -7.9089413 6.3997437 -7.2917804 6.6053796 -7.1497853 6.5025617 -7.2207829 6.9287218 -7.8379437 4.4705850 -8.2649789 4.6406582 -9.0060506 4.7561925 -8.9584689 8.6255377 -5.5646588 8.5331371 -5.6487677 3.8319186 -9.3391225 3.9474529 -9.2915408 3.5463112 -8.6456325 3.4307770 -8.6932142 3.3152427 -8.7407959 3.6008502 -9.4342859 2.6220374 -9.0262861 2.5065031 -9.0738678 2.9076448 -9.7197761 2.0989052 -10.0528480 2.2144394 -10.0052663 1.9288320 -9.3117763 1.8132978 -9.3593580 1.6977635 -9.4069397 1.9833710 -10.1004297 1.8678367 -10.1480114 1.5822293 -9.4545214 1.6367683 -10.2431748 1.7523025 -10.1955931 1.3855013 -9.5355420 1.3775731 -9.5273133 0.6338279 -9.6791671 0.6738371 -9.7866614 1.4459867 -10.2879307 1.5659804 -10.2644498 1.3808726 -9.5364478 1.1109740 -10.2654698 1.2397825 -10.2917046 0.9981817 -10.2207973 0.7618988 -9.9921219 0.8299697 -10.0884945 0.7150927 -9.9020365 1.2798444 -9.2805607 0.5875023 -9.5689497 0.5884345 -9.5711676 -1.6893236 -8.8337913 -1.8142697 -8.8346066 -1.6844296 -9.5837753 -4.5630824 -8.8525442 -4.6880285 -8.8533595 -4.5581884 -9.6025282 -4.6831344 -9.6033435 -5.0628666 -8.8558055 -5.1878126 -8.8566209 -5.1829185 -9.6066049 -5.5577566 -9.6090509 -5.3078646 -9.6074202 -5.3127586 -8.8574362 -5.6827027 -9.6098663 -5.6875967 -8.8598822 -5.9325947 -9.6114970 -5.8076487 -9.6106816 -5.8125428 -8.8606976 -5.9374888 -8.8615129 -6.0624348 -8.8623283 -6.1824868 -9.6131277 -6.0575408 -9.6123123 -6.1873809 -8.8631436 -6.4323789 -9.6147583 -6.3074328 -9.6139430 -6.4372729 -8.8647743 -6.6822709 -9.6163890 -6.5573249 -9.6155737 -6.5622190 -8.8655896 -6.8072170 -9.6172044 -6.8121110 -8.8672203 -6.9370571 -8.8680357 -6.9321630 -9.6180197 -7.0620031 -8.8688510 -7.1869491 -8.8696664 -7.0571090 -9.6188351 -7.3118952 -8.8704817 -7.3070011 -9.6204657 -7.5568932 -9.6220964 -7.4319471 -9.6212811 -7.4368412 -8.8712970 -7.5617872 -8.8721124 -7.6867333 -8.8729277 -7.6818392 -9.6229118 -7.8067852 -9.6237271 -7.8116793 -8.8737431 -7.9366253 -8.8745584 -7.9317313 -9.6245425 -8.0615714 -8.8753738 -8.1865174 -8.8761891 -8.0566773 -9.6253578 -8.3114634 -8.8770044 -8.3065694 -9.6269885 -8.4364095 -8.8778198 -8.5613555 -8.8786351 -8.4315154 -9.6278038 -8.6863015 -8.8794505 -8.6814075 -9.6294345 -8.8112476 -8.8802658 -8.8063535 -9.6302499 -9.0562456 -9.6318805 -8.9312995 -9.6310652 -8.9361936 -8.8810812 -9.1811916 -9.6326959 -9.1860857 -8.8827119 -9.3110317 -8.8835272 -9.4359777 -8.8843425 -9.4310837 -9.6343266 -9.6809757 -9.6359573 -9.5560297 -9.6351419 -9.5609238 -8.8851579 -9.8059218 -9.6367726 -9.8093542 -8.8867790 -9.9829103 -9.6333197 -9.9337296 -9.6366217 -9.9080779 -8.8866536 -10.2306071 -9.6002285 -10.1063844 -8.8601608 -10.3993581 -9.5576120 -10.2797575 -9.5902795 -10.1807726 -8.8398425 -10.4404966 -9.5437715 -9.6858698 -8.8859732 -11.0841189 -8.4764716 -11.3755556 -9.1675446 -11.3678710 -9.1707353 -11.4778542 -9.1237336 -12.9114398 -9.7327949 -12.9123658 -9.7342442 -12.2798890 -10.1373247 -12.4134909 -10.3474918 -12.3464593 -10.2420454 -13.0464290 -9.9451370 -12.8631455 -11.1211204 -12.8296574 -11.0406378 -13.5221067 -10.7525163 -13.5701072 -10.8678771 -13.5918841 -10.9398273 -13.0955709 -13.9037842 -13.0697525 -14.0260363 -12.3359385 -13.8710621 -12.2843016 -14.1155664 -13.0181156 -14.2705406 -12.2326648 -14.3600707 -12.2584832 -14.2378185 -12.9922972 -14.3927927 -12.9664788 -14.5150449 -12.9406604 -14.6372970 -12.1810279 -14.6045750 -12.2068464 -14.4823228 -12.1552095 -14.7268271 -12.8890235 -14.8818013 -12.8632051 -15.0040534 -12.1293911 -14.8490792 -12.1035726 -14.9713314 -12.8373867 -15.1263055 -12.0777542 -15.0935835 -12.8115682 -15.2485577 -12.0261174 -15.3380878 -12.0519358 -15.2158356 -12.7599314 -15.4930619 -11.9981011 -15.4715955 -12.0002989 -15.4603399 -12.7352979 -15.6097031 -12.7150658 -15.7224560 -11.9760413 -15.5945337 -11.9554877 -15.7271238 -11.9745237 -15.6036337 -11.9364517 -15.8506139 -12.6776966 -15.9648769 -11.9174157 -15.9741040 -12.6586605 -16.0883670 -12.6396245 -16.2118571 -11.8632209 -16.3592129 -11.8774074 -16.2354950 -12.6120486 -16.4122969 -11.8614342 -16.4240826 -11.8688142 -16.5488132 -12.6216963 -16.3281606 -12.6527516 -17.1002251 -11.9131509 -17.2277962 -11.9057142 -17.1724660 -11.9389632 -17.3500321 -12.6727094 -17.1947366 -11.9391061 -17.3507059 -12.7247182 -17.4388099 -11.9911868 -17.5951160 -11.9651465 -17.4729109 -12.7996441 -17.7590389 -12.0842203 -17.9849189 -12.0497187 -17.8652888 -12.0964084 -18.0204055 -12.6537888 -19.4123396 -12.6073404 -19.2963451 -13.3498878 -19.1331509 -12.6540972 -19.4131074 -12.7808309 -19.6795537 -12.7203959 -19.5701928 -13.3878867 -19.2274413 -13.4977003 -19.4261556 -13.5581352 -19.5355164 -12.8412659 -19.7889145 -12.9017009 -19.8982753 -12.9621359 -20.0076361 -13.9211569 -20.0525880 -14.0107889 -20.1396413 -13.4882543 -20.6776539 -13.7695418 -19.9053346 -13.8315250 -19.9655346 -13.3089903 -20.5035472 -14.0668368 -20.1940768 -14.1240312 -20.2270066 -13.7595216 -20.8825662 -13.7792612 -20.8931592 -13.8922188 -20.9494950 -13.8910743 -20.9489266 -14.2252445 -20.2774873 -14.0041715 -21.0048565 -14.2927974 -20.3108928 -14.0959176 -21.0362402 -14.5646602 -20.3659862 -14.6819356 -21.1104673 -14.5593757 -21.1175383 -14.6132369 -20.3631836 -14.7325001 -21.1040809 -16.3243269 -20.8049561 -16.2014268 -20.8274894 -16.0661711 -20.0897863 -17.0460777 -19.9057414 -17.1863347 -20.6425100 -17.0635904 -20.6658766 -16.1890712 -20.0672529 -16.3118524 -20.0447414 -16.5703498 -20.7597666 -16.4474646 -20.7823791 -16.4334867 -20.0223591 -16.5726129 -20.7593429 -16.6953573 -20.7359764 -15.8203710 -20.1348530 -15.9432711 -20.1123197 -16.0785268 -20.8500228 -18.7440894 -20.3975495 -18.6360357 -20.4053282 -18.6932276 -19.6492701 -19.6143716 -20.3488730 -19.4896179 -20.3558507 -19.4477344 -19.6070211 -19.8219955 -19.5860879 -19.8622976 -19.5860028 -19.8437303 -20.3360445 -19.9869611 -19.5924475 -19.9935705 -19.5928477 -19.9449341 -20.3412764 -20.1182192 -19.6015007 -20.2428679 -19.6101537 -20.0662799 -20.3497001 -24.5082790 -20.8903727 -24.3843707 -20.8742825 -24.4809513 -20.1305270 -24.7560958 -20.9225530 -24.6321874 -20.9064628 -24.8526764 -20.1787975 -24.8800041 -20.9386431 -24.9765847 -20.1948877 -25.0039125 -20.9547333 -25.1278209 -20.9708235 -25.2244015 -20.2270680 -25.3483098 -20.2431582 -25.4722182 -20.2592483 -25.2517292 -20.9869136 -25.5961266 -20.2753385 -25.3756376 -21.0030038 -25.4995460 -21.0190940 -25.7473627 -21.0512743 -25.6234543 -21.0351841 -25.7200349 -20.2914287 -25.9951794 -21.0834546 -25.8712710 -21.0673644 -25.9678517 -20.3236090 -26.2429961 -21.1156349 -26.1190878 -21.0995448 -26.3395768 -20.3718795 -26.4908129 -21.1478153 -26.6147212 -21.1639054 -26.5873935 -20.4040598 -26.7113018 -20.4201500 -26.8352102 -20.4362401 -27.0830269 -20.4684204 -27.2069353 -20.4845106 -26.9864463 -21.2121759 -27.3308437 -20.5006008 -27.2342631 -21.2443562 -27.4547520 -20.5166909 -27.3581714 -21.2604464 -27.6059882 -21.2926267 -27.4820798 -21.2765366 -27.5786604 -20.5327811 -27.7025688 -20.5488713 -27.7298965 -21.3087169 -27.8264771 -20.5649614 -27.9503855 -20.5810516 -27.8538049 -21.3248070 -27.9993839 -21.3430735 -27.9777132 -21.3408972 -28.0634902 -20.5957388 -28.1238130 -21.3519285 -28.1664860 -20.6030686 -28.1449711 -21.3528347 -28.4447984 -20.5980281 -28.5064104 -20.5794193 -28.7508705 -21.2890468 -28.5468714 -20.5600315 -28.8044924 -21.2682437 -28.9149412 -21.2153197 -29.1917286 -20.9908636 -29.0995967 -21.0742123 -28.6356092 -20.4825997 -28.6006003 -20.5142712 -24.0126456 -20.8260120 -23.8887372 -20.8099218 -24.1092262 -20.0822566 -23.9853178 -20.0661664 -23.7648288 -20.7938317 -23.6409205 -20.7777415 -23.8614095 -20.0500762 -23.5170121 -20.7616514 -23.6135927 -20.0178959 -23.3657760 -19.9857156 -23.4896844 -20.0018057 -23.2691954 -20.7294710 -23.1452870 -20.7133809 -22.8974703 -20.6812006 -23.2418676 -19.9696254 -22.7735619 -20.6651104 -22.6496536 -20.6490202 -22.8701425 -19.9213549 -22.5257452 -20.6329301 -22.6223258 -19.8891746 -22.4018368 -20.6168399 -22.4984174 -19.8730844 -22.2506007 -19.8409041 -22.3745091 -19.8569943 -22.2779285 -20.6007497 -22.1540201 -20.5846596 -22.0301117 -20.5685694 -21.9062034 -20.5524793 -22.0027840 -19.8087238 -21.8788756 -19.7926336 -21.7822950 -20.5363891 -21.6310589 -19.7604533 -21.7549673 -19.7765435 -21.6583866 -20.5202989 -21.4105699 -20.4881186 -21.2866615 -20.4720284 -21.5071505 -19.7443631 -21.1627532 -20.4559383 -21.2593338 -19.7121828 -21.0388448 -20.4398481 -20.9149365 -20.4237580 -21.1354254 -19.6960927 -20.6769981 -20.3928604 -21.0115171 -19.6800025 -20.6193238 -19.6362953 -20.7438895 -19.6457829 -20.6168140 -19.6361126 -20.5636195 -20.3842249 -20.1909286 -20.3583531 -19.3648642 -20.3628284 -19.2401105 -20.3698061 -19.3229807 -19.6139988 -19.1153568 -20.3767838 -18.9906030 -20.3837615 -19.0734733 -19.6279542 -19.1982270 -19.6209765 -18.8239659 -19.6419096 -18.9487196 -19.6349319 -18.8658493 -20.3907392 -18.5417594 -19.6611538 -18.5686734 -19.6582366 -18.1707969 -19.7149721 -18.2944510 -19.6970326 -18.4021316 -20.4392623 -18.2784775 -20.4572017 -18.1548233 -20.4751411 -17.9234885 -19.7508509 -18.0471427 -19.7329115 -18.0311691 -20.4930805 -17.5387048 -19.8119649 -17.6615416 -19.7891500 -17.7912040 -20.5278940 -17.6764877 -20.5492006 -17.5370551 -19.8122751 -17.3090791 -20.6191434 -17.1688220 -19.8823749 -16.6778446 -19.9758412 -16.9233333 -19.9291080 -15.6974710 -20.1573864 -15.8327267 -20.8950895 -15.3287708 -20.2249865 -15.4516709 -20.2024531 -15.5869265 -20.9401562 -15.1003401 -21.0319465 -14.9560120 -20.2959645 -15.2028505 -20.2480864 -15.2058707 -20.2475198 -15.3426377 -20.9849459 -15.0801413 -20.2716257 -15.2221957 -21.0080502 -15.0786254 -20.2719197 -14.3408364 -21.0858734 -14.4897973 -20.3508151 -13.6185702 -19.6448773 -13.6790052 -19.7542381 -13.0225709 -20.1169969 -12.5608921 -19.1803506 -12.5144437 -19.0643561 -13.2571449 -18.9015459 -13.1177998 -18.5535624 -13.1642481 -18.6695569 -12.4215470 -18.8323670 -13.0249031 -18.3215734 -13.0713514 -18.4375679 -12.3750986 -18.7163725 -12.3286502 -18.6003780 -12.2822019 -18.4843835 -12.9320063 -18.0895844 -12.9784547 -18.2055789 -12.2357535 -18.3683890 -12.1893051 -18.2523945 -12.1428568 -18.1364000 -12.8855580 -17.9735899 -12.8391096 -17.8575954 -12.0172271 -17.7173211 -12.7507586 -17.5610149 -12.6986779 -17.3166048 -11.8983342 -17.0477354 -12.6396449 -16.8787067 -12.6470249 -17.0034372 -11.8761942 -16.6735438 -12.6175049 -16.5045150 -12.6248849 -16.6292456 -13.1472078 -13.6592799 -13.1213894 -13.7815320 -12.4133938 -13.5043057 -12.4392122 -13.3820536 -13.1730262 -13.5370278 -12.4650306 -13.2598014 -12.4908491 -13.1375493 -13.2246631 -13.2925235 -13.2762999 -13.0480192 -13.2504815 -13.1702713 -12.5166675 -13.0152972 -12.5424859 -12.8930450 -12.5683043 -12.7707929 -12.5941228 -12.6485408 -13.3279368 -12.8035149 -13.3537552 -12.6812628 -12.6199412 -12.5262886 -13.3795736 -12.5590107 -12.6457596 -12.4040365 -12.6715780 -12.2817844 -13.4053921 -12.4367585 -13.4312105 -12.3145064 -12.6973965 -12.1595322 -12.7232149 -12.0372801 -12.7490333 -11.9150279 -13.4570289 -12.1922542 -13.5086658 -11.9477500 -13.4828473 -12.0700021 -13.5344842 -11.8254978 -12.8006702 -11.6705237 -13.5603026 -11.7032457 -12.8264886 -11.5482715 -12.8523070 -11.4260194 -12.8725850 -11.3300017 -13.5861210 -11.5809936 -13.6192315 -11.4057511 -13.6119395 -11.4587414 -13.6273297 -11.2820474 -13.3815871 -10.4723689 -13.3890926 -10.4846933 -12.7447776 -10.8686337 -12.7912851 -10.9484166 -13.2475238 -10.2614761 -12.5475542 -10.5583845 -12.4805225 -10.4529382 -13.1804922 -10.1560297 -12.2128658 -10.0329519 -12.8439254 -9.6276571 -12.7087881 -9.4173341 -12.7763302 -9.5224543 -12.1453503 -9.9278731 -12.6412460 -9.3122140 -12.0102662 -9.7176328 -11.9427241 -9.6125126 -11.8751820 -9.5073925 -12.5061619 -9.1019737 -12.3710778 -8.8917334 -12.4386199 -8.9968535 -11.7400979 -9.2971522 -12.2359937 -8.6814931 -11.6480872 -9.1539499 -12.1263095 -8.5707236 -11.7480720 -8.3874470 -11.8781758 -8.4264547 -11.5977016 -9.1254560 -11.6239865 -8.3738445 -11.3366796 -8.3791019 -11.4977693 -8.3606685 -11.5025147 -9.1152360 -11.2206057 -8.4190992 -11.1951446 -8.4289231 -11.1360274 -9.2639943 -10.7402135 -8.6148075 -10.8561353 -8.5681779 -10.6723402 -9.4505124 -10.3924481 -8.7546961 -10.6242917 -8.6614370 -10.5564184 -9.4971420 -10.2765263 -8.8013256 -4.3082963 -9.6008975 -4.1833503 -9.6000822 -4.3131904 -8.8509135 -4.0584042 -9.5992668 -4.0632983 -8.8492828 -3.9383523 -8.8484674 -3.9334582 -9.5984515 -3.6884602 -8.8468368 -3.8134062 -8.8476521 -3.8085122 -9.5976361 -3.5635141 -8.8460214 -3.5586201 -9.5960054 -3.3136221 -8.8443907 -3.4385681 -8.8452061 -3.4336740 -9.5951901 -3.1886760 -8.8435754 -3.1837820 -9.5935594 -3.0588359 -9.5927441 -3.0637300 -8.8427600 -2.9338899 -9.5919287 -2.8089439 -9.5911134 -2.9387840 -8.8419447 -2.6839978 -9.5902980 -2.6888919 -8.8403140 -2.5590518 -9.5894827 -2.4341058 -9.5886674 -2.5639459 -8.8394987 -2.3091597 -9.5878520 -2.3140538 -8.8378680 -2.1842137 -9.5870367 -2.1891078 -8.8370526 -2.0641617 -8.8362373 -2.0592677 -9.5862213 -1.9343216 -9.5854060 -1.8093756 -9.5845906 -1.9392157 -8.8354220 -1.5643776 -8.8329759 -1.3144855 -8.8313452 -1.4394316 -8.8321606 -1.4345375 -9.5821446 -1.1895395 -8.8305299 -1.1846454 -9.5805139 -1.0645935 -8.8297146 -1.0596994 -9.5796986 -0.9347534 -9.5788832 -0.8098073 -9.5780679 -0.9396474 -8.8288992 -0.6897554 -8.8272685 -0.8147014 -8.8280839 -0.6848613 -9.5772526 -0.5599153 -9.5764372 -0.4349692 -9.5756219 -0.5648093 -8.8264532 -0.3149173 -8.8248225 -0.4398633 -8.8256378 -0.3100232 -9.5748065 -0.1850772 -9.5739912 -0.1899712 -8.8240072 -0.0601311 -9.5731758 0.0648149 -9.5723605 -0.0650252 -8.8231918 0.1897609 -9.5715452 0.1848669 -8.8215611 0.5597050 -8.8191151 0.4347589 -8.8199304 0.4396530 -9.5699145 1.3340001 -9.4102441 0.6846510 -8.8182998 0.9099655 -8.8676622 0.7920768 -8.8332856 1.1545399 -9.0492124 1.0738018 -8.9662044 1.2314298 -9.1653730 0.5645990 -9.5690991 1.3792316 -9.5318587 2.5610421 -9.8625212 2.6765763 -9.8149395 2.3909689 -9.1214495 2.7921106 -9.7673578 3.0231790 -9.6721944 2.7375716 -8.9787044 2.9686401 -8.8835410 2.8531058 -8.9311227 3.1387133 -9.6246127 3.0841743 -8.8359593 3.3697817 -9.5294493 3.4853159 -9.4818676 3.1997085 -8.7883776 3.7163844 -9.3867042 3.8929139 -8.5028874 3.7773797 -8.5504691 4.1785213 -9.1963774 4.2940555 -9.1487957 4.0084481 -8.4553057 4.1239823 -8.4077240 4.3550508 -8.3125606 4.9872609 -8.8633055 4.8171877 -8.1222338 4.7016535 -8.1698155 5.0482562 -8.0270704 5.4493978 -8.6729787 5.1637904 -7.9794887 5.3948589 -7.8843253 5.7991208 -7.6770081 6.2969258 -7.3627780 7.0315398 -7.7669462 8.7607962 -6.4557255 8.8531968 -6.3716166 8.2559354 -5.9010945 8.9455973 -6.2875077 9.0379979 -6.2033988 8.4407366 -5.7328766 9.4141786 -5.8470640 9.9460385 -4.2546676 9.8568385 -4.3421635 10.3820294 -4.8775835 10.4712294 -4.7900876 10.5604294 -4.7025917 10.1244386 -4.0796758 10.0352386 -4.1671717 10.2136387 -3.9921799 10.7388295 -4.5275999 11.0064296 -4.2651123 11.0956297 -4.1776164 10.5704388 -3.6421964 11.1848297 -4.0901205 11.2740297 -4.0026246 10.6596388 -3.5547005 10.8380389 -3.3797088 10.7488389 -3.4672047 11.3632298 -3.9151288 11.4524298 -3.8276329 11.5416299 -3.7401370 10.9272390 -3.2922129 11.1056390 -3.1172211 11.0164390 -3.2047170 11.7200299 -3.5651452 11.8092300 -3.4776493 11.1948391 -3.0297252 11.8984300 -3.3901535 11.3732392 -2.8547335 12.0768301 -3.2151617 12.1660301 -3.1276658 11.5516392 -2.6797417 11.7300393 -2.5047499 11.6408393 -2.5922458 12.2552302 -3.0401699 12.3444302 -2.9526741 12.4336302 -2.8651782 11.8192393 -2.4172541 12.5228303 -2.7776823 12.5999003 -2.7020847 11.9976394 -2.2422623 12.2085779 -2.0532862 12.1121258 -2.1321156 12.2286673 -2.0379664 12.4323707 -1.8932127 13.0504525 -2.3740757 12.7881031 -1.6643642 12.6778871 -1.7226920 13.1338539 -2.3299385 12.7983078 -1.6591617 13.4644880 -2.1676887 13.1348197 -1.4940274 13.5704134 -2.1162819 13.2602643 -1.4333850 13.2486947 -1.4387587 13.3744650 -1.3826861 14.0213855 -1.9160746 13.7170670 -1.2305892 14.5164717 -0.8756966 14.2880703 -0.9770945 15.0874750 -0.6222019 14.8590737 -0.7235998 15.6201949 -1.2062894 15.3158764 -0.5208040 15.5442777 -0.4194061 16.0010804 -0.2166104 15.8868797 -0.2673093 16.2294817 -0.1152125 16.3133639 0.5268494 16.1531429 0.8657282 16.2065499 0.7527686 15.8861080 1.4305262 15.9395150 1.3175666 15.8327010 1.5434857 15.7258870 1.7694049 16.2437019 2.4288572 15.5656661 2.1082837 15.6190731 1.9953241 16.1902950 2.5418168 15.5122591 2.2212433 10.7740677 1.6069790 10.6572575 1.5626219 11.0403191 0.9058297 10.8066986 0.8171157 10.9235088 0.8614727 10.4236370 1.4739079 10.4225317 1.4734862 10.6904414 0.7729687 10.5747666 0.7286248 10.3058624 1.4287611 10.4586520 0.6837756 10.1884221 1.3834011 10.0718657 1.3383812 10.3420956 0.6387558 10.2255393 0.5937359 9.9553093 1.2933614 9.8387529 1.2483416 10.1089829 0.5487161 9.9924265 0.5036963 9.7221965 1.2033217 9.6056402 1.1583019 9.8758701 0.4586764 9.7593137 0.4136566 9.4890838 1.1132820 9.3725274 1.0682622 9.6427574 0.3686367 9.4096446 0.2785971 9.1394146 0.9782225 9.0228583 0.9332027 8.9090042 0.8892266 9.2930882 0.2335772 9.1711114 0.1865117 9.1765318 0.1885574 9.0516760 0.1424958 9.0538791 0.1433000 8.7955903 0.8474224 8.6791871 0.8053414 8.9341700 0.1000161 8.5616812 0.7628617 8.8166640 0.0575364 8.4441752 0.7203820 8.5816521 -0.0274230 8.6991581 0.0150567 8.3266692 0.6779023 8.2091633 0.6354226 8.1085578 0.5990526 8.4641461 -0.0699027 8.3123324 -0.1229577 8.3466402 -0.1123824 8.1914636 -0.1539649 8.1813536 -0.1564096 6.3732584 0.3598236 6.2483100 0.3601211 6.3714723 -0.3901743 5.9984134 0.3607163 6.2465240 -0.3898767 5.6235683 0.3616089 5.4986200 0.3619065 5.6217823 -0.3883890 6.4982067 0.3595260 5.4968339 -0.3880914 5.1219889 -0.3871987 5.2469372 -0.3874963 5.1237750 0.3627991 4.9970406 -0.3869012 3.8725055 -0.3842232 3.6243949 0.3663698 2.4998598 0.3690478 1.6252215 0.3711307 1.5002731 0.3714283 1.6234354 -0.3788672 1.3753248 0.3717258 1.2503764 0.3720234 1.3735387 -0.3782721 -3.3598672 0.9413637 -3.6395560 0.2343373 -3.5173944 0.2080935 -3.2377057 0.9151200 -3.3952329 0.1818498 -3.2730714 0.1556060 0.2507897 0.3744038 0.1258414 0.3747014 0.1240553 -0.3752965 -2.3825749 0.7314137 -2.5401021 -0.0018565 -2.4179406 -0.0281003 -2.1382518 0.6789261 -2.2957790 -0.0543441 -2.0160903 0.6526824 -2.1736175 -0.0805878 -1.8939288 0.6264386 -2.0514560 -0.1068316 -1.5274442 0.5477073 -1.6849714 -0.1855628 -1.5628098 -0.2118066 -0.7547377 -0.3647388 -0.6298006 -0.3664432 -0.7268323 0.3849503 -0.7899863 -0.3625951 -0.8135142 0.3943350 -1.0741637 -0.3167816 -0.9520021 -0.3430254 -0.9136024 -0.3492116 -0.9166365 0.4164886 -1.1963252 -0.2905379 0.2490036 -0.3755940 0.3739520 -0.3758916 0.3757381 0.3741063 -3.6041903 0.9938512 -3.7617175 0.2605810 0.7505831 0.3732136 0.6256347 0.3735112 0.7487970 -0.3767843 0.8755314 0.3729160 0.8737453 -0.3770818 -3.9706749 1.0725825 -4.2503637 0.3655561 -4.1282021 0.3393123 1.1236420 -0.3776769 1.2485904 -0.3779745 -4.3371595 1.1513138 -4.4946867 0.4180436 -4.3725252 0.3917998 -4.4593211 1.1775575 -4.6168483 0.4442873 -4.7036441 1.2300451 -4.8611713 0.4967749 -4.7390098 0.4705311 -4.9833329 0.5230186 -5.0701288 1.3087763 -5.2276560 0.5755061 -5.1054944 0.5492624 -5.3144518 1.3612638 -5.5941406 0.6542374 -5.4719790 0.6279936 -5.5587749 1.4137514 -5.7163021 0.6804812 -6.2149029 1.5139226 -6.4179780 0.7812066 -6.2937212 0.7680756 -6.7119301 1.5664466 -6.7907484 0.8205997 -6.6664916 0.8074686 -7.2089573 1.6189706 -7.6563112 0.9120692 -7.2877757 0.8731237 -10.3965179 1.5376187 -10.5209681 1.5264695 -10.4540456 0.7794613 -10.8943190 1.4930220 -11.0187693 1.4818728 -10.8273964 0.7460137 -12.7610732 1.3257843 -12.8855234 1.3146351 -12.6941506 0.5787760 -13.3833246 1.2700384 -13.7566754 1.2365909 -13.6897529 0.4895826 -14.0055760 1.2142925 -14.0129579 1.2135575 -13.9349588 0.4676152 -14.1370116 1.1999653 -14.0323019 0.4569496 -14.1313508 0.4334966 -14.3041595 1.1633165 -14.4257462 1.1345269 -14.2529375 0.4047069 -14.3745243 0.3759173 -14.5473329 1.1057373 -14.4961110 0.3471277 -14.6689197 1.0769476 -14.7905064 1.0481580 -14.6176977 0.3183381 -14.9120931 1.0193684 -15.0336799 0.9905788 -14.7392845 0.2895484 -15.1552666 0.9617891 -15.2768533 0.9329995 -14.9824579 0.2319692 -15.3984401 0.9042099 -15.5200268 0.8754203 -15.2256314 0.1743899 -15.4688049 0.1168107 -15.3472181 0.1456003 -15.6416135 0.8466306 -15.7632003 0.8178410 -15.8847870 0.7890514 -15.5903916 0.0880211 -16.0063737 0.7602618 -15.8335651 0.0304418 -16.2495472 0.7026825 -16.1983253 -0.0559271 -16.0767385 -0.0271374 -16.6143074 0.6163136 -16.5177165 -0.1315534 -16.4414987 -0.1135063 -18.0407583 -1.3545694 -17.6624910 -2.0024916 -17.6289923 -1.9817362 -17.1486598 -1.5236688 -17.0897617 -1.4134726 -17.7670955 -1.0896599 -17.8101081 -1.1701348 -17.8294961 -1.2064090 -17.4137679 -1.8319387 -17.3142913 -1.7578522 -17.8568055 -1.2267481 -17.4237740 -1.8391383 -17.5263832 -1.9104372 -17.7718355 -2.0625299 -18.1276608 -1.4022854 -17.8935686 -2.1246982 -17.7822148 -2.0680192 -18.5678434 -1.6263378 -18.3389839 -2.3514140 -18.2276300 -2.2947351 -18.9019049 -1.7963747 -18.6730453 -2.5214509 -18.5616915 -2.4647719 -19.3473201 -2.0230905 -19.1184606 -2.7481667 -19.0071067 -2.6914877 -19.6813816 -2.1931274 -19.4525220 -2.9182036 -19.3411682 -2.8615246 -19.9040892 -2.3064853 -19.6752296 -3.0315615 -19.5638758 -2.9748825 -21.6737861 -6.9206567 -21.6270430 -6.8047807 -22.3225847 -6.5242067 -21.8140155 -7.2682848 -21.7672724 -7.1524088 -22.5095572 -6.9877108 -22.5563004 -7.1035869 -21.8607587 -7.3841608 -22.0009881 -7.7317889 -21.9542449 -7.6159129 -22.6497866 -7.3353389 -22.6965298 -7.4512150 -22.7432729 -7.5670910 -22.0944744 -7.9635410 -22.0477312 -7.8476650 -22.1412175 -8.0794170 -22.8367592 -7.7988431 -22.1879606 -8.1952931 -22.8835023 -7.9147191 -22.9302455 -8.0305951 -22.2347038 -8.3111691 -22.9769886 -8.1464712 -23.0237317 -8.2623472 -22.2814469 -8.4270452 -23.0704749 -8.3782232 -22.3749332 -8.6587972 -22.4216763 -8.7746733 -23.1172180 -8.4940993 -23.1639611 -8.6099753 -23.2107043 -8.7258513 -22.4684194 -8.8905493 -23.2574474 -8.8417274 -22.5151626 -9.0064253 -23.3041905 -8.9576034 -22.6086489 -9.2381774 -23.3509337 -9.0734795 -23.3976768 -9.1893555 -22.6553920 -9.3540534 -22.7488783 -9.5858055 -22.7021351 -9.4699295 -22.7956214 -9.7016815 -23.4911631 -9.4211076 -23.5379062 -9.5369836 -23.5846494 -9.6528596 -22.8423645 -9.8175576 -23.6781356 -9.8846117 -22.8891077 -9.9334336 -23.7248788 -10.0004877 -23.0293371 -10.2810617 -23.8183650 -10.2322398 -23.1695665 -10.6286898 -23.1228234 -10.5128138 -23.9118513 -10.4639919 -23.2630528 -10.8604419 -23.2163096 -10.7445658 -24.0520807 -10.8116200 -23.4032822 -11.2080700 -23.3565390 -11.0921940 -24.1923101 -11.1592481 -23.5435116 -11.5556981 -23.4967684 -11.4398221 -24.2857964 -11.3910001 -23.6369978 -11.7874502 -23.5902547 -11.6715741 -24.4260258 -11.7386283 -23.7772273 -12.1350783 -23.7304841 -12.0192022 -24.5662552 -12.0862564 -23.9174567 -12.4827064 -23.8707135 -12.3668303 -24.6129984 -12.2021324 -23.9641998 -12.5985824 -24.7064846 -12.4338845 -24.0576861 -12.8303345 -24.0109429 -12.7144584 -24.9146620 -15.6253621 -24.4270331 -16.1952025 -24.3320987 -16.1139644 -23.7846115 -14.7672291 -23.8508409 -14.5262678 -24.5109397 -14.9545481 -24.4959417 -15.0267114 -23.7790478 -14.7903066 -23.7459417 -14.9881543 -23.7537875 -14.9118470 -23.7459417 -15.1131030 -24.4959417 -15.0852132 -23.7681628 -15.2895564 -23.7500674 -15.1685758 -24.5020018 -15.1257290 -23.7984470 -15.3910021 -24.5706655 -15.2747631 -24.0055822 -15.7764324 -23.9349063 -15.6739572 -24.6687539 -15.4106271 -24.0903826 -15.8892650 -24.0150663 -15.7895673 -24.2262472 -16.0230094 -24.1348671 -15.9384268 -24.7303464 -15.4676379 -24.2371643 -16.0327263 -24.6169020 -16.3576787 -25.2814429 -16.9263456 -25.1865085 -16.8451074 -25.7690718 -16.3565052 -25.4713118 -17.0888218 -25.3763773 -17.0075837 -25.8640062 -16.4377433 -26.8953281 -18.3073936 -26.8003936 -18.2261555 -27.3829569 -17.7375532 -27.4778913 -17.8187913 -27.5728258 -17.9000294 -26.9902625 -18.3886317 -27.2750657 -18.6323461 -27.1801313 -18.5511080 -27.7626946 -18.0625057 -27.4649346 -18.7948223 -27.3700002 -18.7135842 -27.9525634 -18.2249819 -27.5598690 -18.8760604 -28.0474979 -18.3062200 -28.1424323 -18.3874581 -27.6548034 -18.9572985 -27.7497378 -19.0385367 -28.2373667 -18.4686963 -28.3323011 -18.5499344 -28.4272356 -18.6311725 -27.8446723 -19.1197748 -28.5221700 -18.7124106 -28.7120388 -18.8748869 -28.2244100 -19.4447273 -28.9968421 -19.1186012 -28.6041476 -19.7696797 -28.5092132 -19.6884416 -29.3316949 -20.7669059 -29.2763353 -20.8789215 -28.6593254 -20.4346121 -28.7141977 -20.3235823 -29.4426838 -20.5406617 -29.3880231 -20.6529158 -28.7473771 -20.2554433 -29.4947094 -19.8196728 -29.5167001 -19.9426711 -28.7624008 -19.9851428 -29.5224800 -20.2055310 -29.4978160 -20.3280213 -28.7776309 -20.1051919 -28.7745245 -20.0529529 -29.5218924 -19.9864101 -29.4337330 -19.6391082 -29.4768180 -19.7543523 -28.7424018 -19.9316495 -29.4064816 -19.5816249 -28.6717243 -19.8275071 -29.0917765 -19.1998393 -29.1867109 -19.2810775 -29.2364718 -19.3326770 -28.9019077 -19.0373631 -28.3193444 -19.5259654 -28.8069732 -18.9561250 -27.1930881 -17.5750769 -27.2880225 -17.6563151 -27.0981537 -17.4938388 -26.7054592 -18.1449174 -26.6105248 -18.0636792 -26.5155904 -17.9824411 -26.4206560 -17.9012030 -26.9082848 -17.3313626 -26.8133504 -17.2501245 -26.5285471 -17.0064101 -26.3257215 -17.8199649 -26.0538750 -16.6002195 -26.3386783 -16.8439339 -25.8510494 -17.4137743 -25.5662462 -17.1700599 -25.4842685 -16.1127908 -25.5792029 -16.1940289 -24.9966397 -16.6826312 -24.9017052 -16.6013931 -25.3893341 -16.0315527 -25.1994653 -15.8690764 -25.2943997 -15.9503146 -24.8067708 -16.5201550 -24.7118364 -16.4389169 -25.1045308 -15.7878383 -24.8197276 -15.5441240 -23.8507317 -15.5044855 -24.5319119 -15.1906487 -24.7532278 -12.5497605 -24.9063567 -13.4262695 -24.9010303 -13.4824691 -24.1570364 -13.3836044 -24.9087497 -13.3013437 -24.1606423 -13.1953607 -24.8869042 -12.9870283 -24.9065375 -13.1102129 -24.1468092 -13.1085678 -24.8857248 -12.9800519 -24.1310748 -13.0205621 -24.8048203 -12.6783150 -24.8472079 -12.7954443 -24.1018897 -12.9399152 -24.7999709 -12.6656365 -24.6597415 -12.3180084 -24.8720538 -13.6407112 -24.8389391 -13.7611918 -24.1439792 -13.4597458 -24.4727689 -11.8545043 -23.6837410 -11.9033262 -24.3325395 -11.5068762 -24.3792827 -11.6227522 -24.2390533 -11.2751241 -23.4500253 -11.3239460 -24.0988239 -10.9274960 -24.1455670 -11.0433720 -23.3097959 -10.9763179 -23.9585944 -10.5798679 -24.0053376 -10.6957439 -23.8651082 -10.3481158 -23.0760802 -10.3969377 -23.7716219 -10.1163638 -21.9075018 -7.5000369 -21.7205293 -7.0365327 -22.4160710 -6.7559588 -22.3693278 -6.6400827 -22.2758416 -6.4083307 -22.1356121 -6.0607025 -22.1823553 -6.1765786 -21.4868136 -6.4571526 -21.9953827 -5.7130744 -22.0421259 -5.8289505 -21.2998410 -5.9936484 -21.2530979 -5.8777724 -21.9486396 -5.5971984 -21.2063548 -5.7618964 -21.9018965 -5.4813224 -21.7616671 -5.1336943 -21.8084102 -5.2495703 -21.0661254 -5.4142682 -21.0193822 -5.2983922 -21.7149239 -5.0178182 -20.9726391 -5.1825162 -20.9258960 -5.0666401 -21.6681808 -4.9019422 -21.5279514 -4.5543141 -21.5746945 -4.6701901 -20.8791528 -4.9507641 -20.8324097 -4.8348881 -20.7856665 -4.7190120 -20.7389234 -4.6031360 -21.4812082 -4.4384381 -20.6921803 -4.4872600 -21.4344651 -4.3225620 -21.3409788 -4.0908100 -21.3877220 -4.2066860 -21.2942357 -3.9749339 -20.5986940 -4.2555079 -20.6468897 -2.7760255 -20.0877385 -3.2758755 -20.0400370 -3.2225147 -21.0605200 -3.3955537 -21.1072632 -3.5114298 -20.3649783 -3.6761277 -20.9620605 -3.1582636 -21.0109300 -3.2728170 -20.2964294 -3.5093250 -20.8134379 -2.9623327 -20.8967121 -3.0554863 -20.2542868 -3.4621827 -20.1710127 -3.3690291 -20.4827803 -2.6147917 -20.5636155 -2.6828719 -20.3781382 -2.5493946 -19.9946188 -3.1941301 -20.3495045 -2.5332011 -19.7865835 -3.0882404 -20.0154430 -2.3631642 -20.1267968 -2.4198432 -20.3196246 -3.5636961 -20.4117215 -3.7920038 -19.0132587 -1.8530536 -19.1246125 -1.9097326 -18.4564896 -1.5696589 -18.2337820 -1.4563010 -16.8771723 -0.5937128 -16.8501321 -0.4759497 -17.6081501 -0.4258692 -17.5274746 -0.1162257 -17.5476244 -0.1749472 -16.8281479 -0.3890120 -16.7320530 -0.2660215 -17.2275363 0.2980509 -17.3165164 0.2123635 -16.8117332 -0.3515960 -17.3480180 0.1780055 -17.4265717 0.0808381 -17.4783564 -0.0042645 -17.0698436 0.4097018 -17.1741008 0.3408352 -16.8226202 0.5552563 -16.9320321 0.4983106 -16.7358941 0.5875240 -16.3711339 0.6738929 -15.9551518 0.0016522 -16.1279605 0.7314721 -11.5165704 1.4372761 -11.7654709 1.4149777 -11.6985484 0.6679695 -11.3921201 1.4484253 -11.3251975 0.7014170 -10.9518467 0.7348645 -12.3877223 1.3592318 -13.2588743 1.2811876 -13.1919517 0.5341793 -13.8142031 0.4784334 -13.3164020 0.5230301 -10.0231670 1.5710663 -10.2720676 1.5487679 -10.2051450 0.8017596 -9.5253659 1.6156630 -9.6498162 1.6045138 -9.5828936 0.8575055 -9.2764654 1.6379613 -9.4009156 1.6268122 -9.2095428 0.8909531 -9.0850925 0.9021022 -8.9606422 0.9132514 -9.0275648 1.6602597 -4.2149980 1.1250700 -8.8403906 0.9240245 -4.5814826 1.2038013 -8.7345193 0.9311144 -8.8947099 1.6720667 -8.1243256 0.9246991 -7.9993838 0.9233855 -8.1164409 1.6746577 -8.2413827 1.6759712 -8.2492674 0.9260127 -8.4991510 0.9286398 -8.4912663 1.6785984 -8.3742092 0.9273263 -8.3663245 1.6772848 -7.7416156 1.6707169 -7.9914991 1.6733441 -7.7630170 0.9209005 -7.7146275 1.6694599 -7.5902064 1.6591624 -7.5817277 1.6583636 -7.1635189 0.8599927 -7.0847005 1.6058396 -5.3498175 0.6017499 -5.1922903 1.3350201 -6.1694644 0.7549446 -6.0906461 1.5007916 -5.9440955 0.7294176 -5.8364098 1.4718391 -5.9603466 1.4869724 -5.8030980 1.4662389 -5.4366134 1.3875076 -4.8258057 1.2562888 -9.1520151 1.6491105 -9.3339931 0.8798039 -3.7263518 1.0200950 -3.4820288 0.9676075 -3.1509098 0.1293622 -2.9933826 0.8626324 -3.1155441 0.8888762 -3.0287483 0.1031185 -2.6268980 0.7839012 -2.8712211 0.8363887 -2.6622637 0.0243872 -2.5047365 0.7576574 -2.2604134 0.7051699 -1.4406483 -0.2380504 -1.2831211 0.4952198 -1.4052826 0.5214636 -1.0387980 0.4427323 2.0000665 0.3702380 1.8751181 0.3705356 1.8733321 -0.3794623 2.1250148 0.3699405 1.9982804 -0.3797598 2.2499632 0.3696429 2.7497565 0.3684527 2.9996532 0.3678576 4.1224022 -0.3848183 6.4964206 -0.3904718 6.8730517 0.3586334 7.1767809 0.3954369 11.5917394 1.9174780 11.4749292 1.8731210 11.7411805 1.1719718 12.3252317 1.3937568 12.6430316 2.3166911 14.9721335 2.3817657 15.2967126 2.3793450 16.2971089 2.3158976 16.5641439 1.7510996 16.8311788 1.1863017 17.1712393 0.2950505 17.1443870 0.4170797 17.1696035 0.0555641 16.8201045 -0.6322984 9.7667310 -5.4928019 8.0711343 -6.0693123 8.4835945 -6.7080523 7.9569011 -7.1279683 6.8110154 -7.0077902 6.0561838 -8.3925714 6.0942654 -7.5027184 6.5174501 -8.1219339 5.5865272 -7.7959157 5.9471336 -8.4535652 -5.0579725 -9.6057896 -4.9330265 -9.6049742 -4.9379205 -8.8549902 -5.5626507 -8.8590669 -6.6871650 -8.8664050 -7.1820551 -9.6196504 -8.1816233 -9.6261731 -8.5564614 -9.6286192 -9.0611396 -8.8818965 -9.3061376 -9.6335112 -9.8088451 -9.6367803 -11.0201056 -9.3106239 -11.2519492 -9.2173648 -12.9793974 -9.8396906 -13.1134606 -10.0505834 -13.6155528 -11.0606160 -12.9148419 -14.7595491 -12.6967326 -15.8413868 -11.8793436 -16.2210842 -12.7740297 -17.6702244 -12.0432674 -17.8395261 -13.4372653 -19.3167948 -13.6520430 -20.8206850 -13.5778862 -20.7647073 -13.3986223 -20.5906006 -14.4632958 -21.1106900 -16.8181016 -20.7126098 -17.6761802 -19.7867297 -17.7998344 -19.7687903 -24.2604623 -20.8581923 -25.1004931 -20.2109778 -25.8439433 -20.3075188 -26.2156684 -20.3557893 -26.9591186 -20.4523303 -28.2699066 -21.3546545 -29.0911669 -21.0816123 -23.7375011 -20.0339861 -23.3931037 -20.7455612 -22.9940509 -19.9374451 -21.5344783 -20.5042088 -21.3832422 -19.7282730 -18.5257858 -20.4213229 -17.9075150 -20.5110199 -17.4318234 -20.5957769 -17.2915664 -19.8590083 -15.5745709 -20.1799197 -13.7312458 -19.8487705 -13.2106965 -18.7855514 -12.4679953 -18.9483616 -13.3021183 -12.9257671 -13.4518561 -10.5923632 -12.6145858 -10.6638309 -12.0778082 -9.8227529 -11.8076400 -9.4022723 -11.9893832 -8.4834204 -11.6220432 -8.3736366 -4.1882443 -8.8500981 -3.6835661 -9.5968208 -3.3087280 -9.5943748 -2.8138379 -8.8411294 -2.4389998 -8.8386833 -1.5594835 -9.5829600 -1.3095915 -9.5813293 0.0599208 -8.8223765 0.3147070 -9.5707298 1.3282590 -9.3957483 0.3098129 -8.8207458 4.8717267 -8.9108872 4.5861193 -8.2173972 5.6900707 -7.7380019 6.1941079 -7.4337755 8.5759950 -6.6239434 8.6683956 -6.5398345 11.2840391 -2.9422294 11.9084394 -2.3297582 12.0868395 -2.1547664 12.6360741 -1.7484590 12.9104784 -1.6041169 13.1362928 -1.4933085 13.4886656 -1.3319871 13.9454683 -1.1291913 15.7343956 -1.1555905 15.4300770 -0.4701051 16.0997359 0.9786878 10.8908780 1.6513360 10.5404473 1.5182649 10.3049785 1.4284209 5.9966273 -0.3892816 4.9988266 0.3630967 3.9974538 -0.3845207 3.9992399 0.3654771 2.4980738 -0.3809501 -4.9479672 1.2825326 0.4989003 -0.3761892 0.6238487 -0.3764867 0.5006864 0.3738087 0.0030042 0.3749939 -0.2549894 -0.3715563 -0.0051152 -0.3749651 -0.3696960 0.3800783 -0.6195701 0.3834870 -1.1609595 0.4689761 -1.3184867 -0.2642941 -3.8838790 0.2868248 1.0004798 0.3726185 0.9986937 -0.3773794 1.4984870 -0.3785696 1.7483837 -0.3791647 -6.4634165 1.5401846 -6.5422348 0.7943376 -14.1825727 1.1921061 -15.7119783 0.0592314 -16.3199120 -0.0847167 -17.0635443 -1.3516742 -17.2075580 -1.6338649 -18.1162762 -2.2380561 -19.5700277 -2.1364484 -19.2298144 -2.8048456 -22.4628141 -6.8718348 -22.6030435 -7.2194629 -22.7900160 -7.6829670 -22.3281900 -8.5429212 -22.5619057 -9.1223014 -23.4444200 -9.3052315 -22.9825939 -10.1651857 -23.8239704 -12.2509543 -23.9030164 -15.6179690 -23.9170702 -14.2853064 -23.9501848 -14.1648257 -24.6402511 -14.4840760 -25.9589406 -16.5189814 -27.8576290 -18.1437438 -27.9396067 -19.2010129 -29.3870545 -20.6548903 -28.7625727 -20.1799768 -29.5291970 -20.1092485 -29.3131447 -19.4291505 -25.0915741 -16.7638693 -24.8800682 -13.6047081 -24.1588873 -13.2869794 -24.9111428 -13.1764180 -24.8637340 -12.8570536 -24.1157582 -13.5624223 -24.8058244 -13.8816725 -24.7064804 -14.2431146 -24.0826435 -13.6829030 -22.2290984 -6.2924546 -21.5335567 -6.5730286 -21.4400705 -6.3412765 -21.3465842 -6.1095245 -21.1128685 -5.5301443 -20.6454371 -4.3713839 -19.2359663 -1.9664115 -19.7927354 -2.2498063 -20.7301638 -2.8691791 -20.2381506 -2.4765221 -19.4586739 -2.0797695 -18.3451358 -1.5129799 -17.5782551 -0.2960777 -16.7794555 -0.3116698 -16.5684811 -0.1579748 -16.9655864 0.4785684 -11.4496478 0.6902678 -12.8186009 0.5676268 -13.8811257 1.2254417 -9.4584434 0.8686547 -4.0060406 0.3130686 -3.8485134 1.0463387 -8.9031145 1.6714089 -8.7411499 1.6812255 -6.3391597 1.5270536 -6.0482317 0.7421332 -5.9663892 1.4876606 -2.7844252 0.0506310 5.2487233 0.3625016 15.4892562 3.1048516 16.3492356 -0.0480529 16.8559419 -0.6015049 10.1192834 -5.1385399 9.2308283 -6.0276538 5.3338636 -8.7205604 6.6202681 -8.0509363 3.6618454 -8.5980508 2.3299736 -9.9576846 1.4666951 -9.5021031 1.3646930 -10.2947960 -4.8129745 -8.8541748 -10.9041838 -9.3572534 -12.7857498 -15.3708098 -11.8983797 -16.0975941 -11.8909542 -16.9230049 -12.7007951 -19.5289835 -18.6992122 -19.6488873 -26.8625380 -21.1960857 -28.6312585 -21.3251735 -20.7637003 -19.6478222 -18.4181052 -19.6790932 -15.4640265 -20.9626896 -12.7748518 -11.7927758 -13.4741061 -10.6371554 -12.5737040 -9.2070938 -11.5432310 -9.1194848 -10.9720571 -8.5215484 3.2542475 -9.5770310 4.0629871 -9.2439591 8.3483360 -5.8169855 10.6496295 -4.6150958 11.6308299 -3.6526411 5.3736717 0.3622040 5.8734650 0.3610138 2.6248082 0.3687503 -0.0008930 -0.3749989 -0.3799265 -0.3698520 1.1254281 0.3723209 -14.8608712 0.2607588 -17.0255319 -1.2336576 -18.0049224 -2.1813771 -18.6791972 -1.6830168 -24.6183823 -15.3439492 -27.6677602 -17.9812675 -28.0345411 -19.2822510 -28.4142788 -19.6072035 -28.7091754 -19.8746298 -29.3435730 -19.4736680 -27.0032192 -17.4126007 -26.0409183 -17.5762505 -24.5195121 -11.9703803 -18.8957529 -2.6348088 -16.4927207 0.6451033 -12.3207998 0.6122236 -4.0928365 1.0988263 -8.7701489 1.6804082 -6.5876733 1.5533156 -9.9562445 0.8240580 -9.8317942 0.8352072 3.6226088 -0.3836281 4.7471439 -0.3863061 13.7269546 1.9260409 15.4298259 3.1180694 16.4224335 0.1207850 9.2351197 -4.9637562 2.0443662 -9.2641946 -26.0917600 -20.3396991 -26.7386296 -21.1799956 -28.9960429 -21.1626284 -22.7462342 -19.9052648 -16.5551002 -19.9992078 -15.7098266 -20.9176229 8.1635349 -5.9852034 5.3718856 -0.3877938 2.6230221 -0.3812476 -0.2447589 0.3783739 -17.7443558 -1.0190603 -24.5740218 -14.7250373 -25.6741374 -16.2752670 -21.5802999 -6.6889046 -21.6214376 -4.7860662 -21.0137769 -3.2796777 -12.2632721 1.3703810 -12.1963495 0.6233727 -9.8987167 1.5822154 2.1599005 -9.2166129 -6.3123269 -8.8639590 -13.3035932 -19.0175405 -13.2193584 -20.4164939 -13.1701012 -20.3577244 -27.1103547 -21.2282661 -22.1266923 -19.8248140 10.4812388 -3.7296923 2.1232287 -0.3800574 -17.0169846 -1.2026109 -18.7843991 -2.5781298 -24.6071364 -14.6045566 -29.4731521 -20.4505116 -21.1540063 -3.6273058 -20.4584646 -3.9078798 11.8579907 1.2163288 2.4455079 -9.9101029 -28.5693700 -21.3382914 10.3920387 -3.8171882 -16.9610597 -0.9590516 -23.8839555 -14.4057871 -27.0851969 -18.4698698 -17.5801877 -0.3040896 -11.8229987 0.6568203 -11.8899212 1.4038286 13.6787835 -2.0681714 -28.4468396 -21.3536154 -15.9556267 -20.8725561 10.9172296 -4.3526082 -17.6920375 -0.7912081 -21.2474926 -3.8590579 -24.7287680 -20.1627074 -28.3796668 -20.6061737 -12.8775825 -11.2536629 10.8280296 -4.4401041 -19.8979373 -3.1449194 -24.6048596 -20.1466172 -28.3948420 -21.3564743 -4.8080804 -9.6041589 -4.4332423 -9.6017128 11.1571293 0.9501867 -28.2808296 -20.6047340 -4.4381364 -8.8517288 -16.9330972 -0.8372720 -23.9832995 -14.0443450 9.7658742 -4.4314014 -17.6640750 -0.6694284 9.7676385 -4.4296594 1.7501698 0.3708332 -24.3570429 -20.1144369 -19.6972418 -19.5930656 -19.7391253 -20.3418952 -19.5724881 -19.6000433 -24.6733658 -14.3635953 -13.1006985 -20.2552151 -13.0830059 -20.2263577 -20.5519509 -4.1396319 -20.5052077 -4.0237558 -21.2007494 -3.7431819 -17.9543525 -1.2945295 -12.3617569 -13.7488100 -16.6564742 -0.2160983 -12.3875753 -13.6265579 -13.1988446 -13.4147756 -15.1040447 0.2031796 -13.6277566 -11.2408059 -12.8741738 -11.1774012 -13.6221773 -11.1159819 -10.3295953 0.7906104 -12.0242217 -8.5037007 -11.6294836 -9.1417362 2.2754347 -9.1690312 7.5562762 -0.2980530 7.5721328 -0.2948089 7.5278295 0.4642361 11.0076882 1.6956930 11.2739396 0.9945438 10.3028387 -3.9046841 15.1460748 3.1434059 15.1154360 2.3940320 15.2221469 2.3896690 15.2709192 3.1383015 16.4119110 0.2559000 15.3070298 3.1350711</float_array><technique_common><accessor source="#uv-array" count="1966" stride="2"><param name="S" type="float" /><param name="T" type="float" /></accessor></technique_common></source><source id="normals"><float_array id="normals-array" count="3">0.0000000 0.0000000 1.0000000</float_array><technique_common><accessor source="#normals-array" count="1" stride="3"><param name="X" type="float" /><param name="Y" type="float" /><param name="Z" type="float" /></accessor></technique_common></source><vertices id="road-vertices"><input semantic="POSITION" source="#positions" /></vertices><triangles count="1966" material="asphalt"><input semantic="VERTEX" source="#road-vertices" offset="0" /><input semantic="TEXCOORD" source="#uv" offset="1" set="0" /><input semantic="NORMAL" source="#normals" offset="2" /><p>0 0 0 1 1 0 2 2 0 3 3 0 4 4 0 5 5 0 6 6 0 7 7 0 8 8 0 7 7 0 9 9 0 10 10 0 9 9 0 11 11 0 12 12 0 11 11 0 13 13 0 14 14 0 15 15 0 16 16 0 17 17 0 18 18 0 19 19 0 20 20 0 21 21 0 18 18 0 22 22 0 23 23 0 21 21 0 24 24 0 25 25 0 23 23 0 26 26 0 27 27 0 28 28 0 29 29 0 30 30 0 31 31 0 32 32 0 33 33 0 34 34 0 35 35 0 34 34 0 36 36 0 37 37 0 38 38 0 39 39 0 40 40 0 39 39 0 41 41 0 40 40 0 42 42 0 43 43 0 44 44 0 43 43 0 45 45 0 46 46 0 47 47 0 46 46 0 48 48 0 49 49 0 50 50 0 51 51 0 52 52 0 53 53 0 54 54 0 55 55 0 56 56 0 57 57 0 58 58 0 57 57 0 56 56 0 59 59 0 60 60 0 61 61 0 62 62 0 63 63 0 64 64 0 65 65 0 66 66 0 67 67 0 68 68 0 69 69 0 70 70 0 70 70 0 71 71 0 68 68 0 71 71 0 72 72 0 68 68 0 69 69 0 65 65 0 70 70 0 64 64 0 73 73 0 62 62 0 66 66 0 74 74 0 60 60 0 75 75 0 76 76 0 77 77 0 78 78 0 79 79 0 75 75 0 79 79 0 80 80 0 81 81 0 82 82 0 83 83 0 80 80 0 84 84 0 82 82 0 85 85 0 86 86 0 84 84 0 87 87 0 87 87 0 88 88 0 89 89 0 90 90 0 89 89 0 91 91 0 92 92 0 93 93 0 94 94 0 95 95 0 96 96 0 92 92 0 97 97 0 98 98 0 96 96 0 99 99 0 100 100 0 101 101 0 99 99 0 101 101 0 102 102 0 103 103 0 104 104 0 105 105 0 105 105 0 106 106 0 103 103 0 107 107 0 108 108 0 109 109 0 110 110 0 111 111 0 112 112 0 113 113 0 107 107 0 114 114 0 114 114 0 115 115 0 113 113 0 116 116 0 117 117 0 111 111 0 116 116 0 118 118 0 117 117 0 119 119 0 120 120 0 121 121 0 122 122 0 123 123 0 124 124 0 125 125 0 126 126 0 127 127 0 128 128 0 129 129 0 130 130 0 131 131 0 132 132 0 133 133 0 134 134 0 135 135 0 136 136 0 137 137 0 138 138 0 135 135 0 137 137 0 139 139 0 138 138 0 134 134 0 136 136 0 140 140 0 141 141 0 142 142 0 143 143 0 144 144 0 145 145 0 146 146 0 147 147 0 148 148 0 144 144 0 146 146 0 149 149 0 147 147 0 150 150 0 151 151 0 152 152 0 150 150 0 152 152 0 153 153 0 154 154 0 155 155 0 156 156 0 157 157 0 158 158 0 159 159 0 160 160 0 161 161 0 162 162 0 163 163 0 164 164 0 165 165 0 166 166 0 167 167 0 168 168 0 169 169 0 170 170 0 171 171 0 172 172 0 173 173 0 174 174 0 175 175 0 176 176 0 177 177 0 178 178 0 179 179 0 180 180 0 181 181 0 182 182 0 183 183 0 184 184 0 185 185 0 186 186 0 187 187 0 188 188 0 189 189 0 190 190 0 191 191 0 192 192 0 193 193 0 194 194 0 190 190 0 195 195 0 196 196 0 197 197 0 198 198 0 199 199 0 200 200 0 201 201 0 202 202 0 203 203 0 204 204 0 203 203 0 202 202 0 205 205 0 206 206 0 207 207 0 208 208 0 209 209 0 210 210 0 211 211 0 212 212 0 213 213 0 214 214 0 215 215 0 216 216 0 217 217 0 218 218 0 219 219 0 220 220 0 221 221 0 222 222 0 223 223 0 224 224 0 225 225 0 224 224 0 219 219 0 225 225 0 218 218 0 225 225 0 219 219 0 226 226 0 227 227 0 228 228 0 229 229 0 230 230 0 231 231 0 232 232 0 233 233 0 234 234 0 235 235 0 236 236 0 233 233 0 233 233 0 237 237 0 235 235 0 237 237 0 238 238 0 239 239 0 231 231 0 240 240 0 229 229 0 241 241 0 242 242 0 243 243 0 244 244 0 245 245 0 246 246 0 247 247 0 248 248 0 249 249 0 250 250 0 251 251 0 252 252 0 250 250 0 253 253 0 251 251 0 250 250 0 249 249 0 253 253 0 254 254 0 255 255 0 256 256 0 254 254 0 257 257 0 255 255 0 258 258 0 259 259 0 260 260 0 261 261 0 262 262 0 263 263 0 264 264 0 265 265 0 266 266 0 267 267 0 268 268 0 269 269 0 270 270 0 271 271 0 211 211 0 272 272 0 273 273 0 274 274 0 275 275 0 276 276 0 277 277 0 278 278 0 279 279 0 280 280 0 281 281 0 282 282 0 283 283 0 284 284 0 285 285 0 286 286 0 287 287 0 286 286 0 288 288 0 289 289 0 290 290 0 291 291 0 292 292 0 293 293 0 294 294 0 295 295 0 296 296 0 297 297 0 298 298 0 299 299 0 297 297 0 300 300 0 298 298 0 297 297 0 297 297 0 301 301 0 302 302 0 297 297 0 303 303 0 301 301 0 304 304 0 305 305 0 306 306 0 307 307 0 308 308 0 309 309 0 310 310 0 311 311 0 312 312 0 313 313 0 312 312 0 311 311 0 314 314 0 315 315 0 316 316 0 317 317 0 318 318 0 319 319 0 320 320 0 317 317 0 321 321 0 322 322 0 323 323 0 324 324 0 325 325 0 326 326 0 322 322 0 327 327 0 328 328 0 329 329 0 330 330 0 331 331 0 332 332 0 333 333 0 334 334 0 335 335 0 336 336 0 333 333 0 337 337 0 337 337 0 338 338 0 339 339 0 340 340 0 341 341 0 342 342 0 341 341 0 343 343 0 344 344 0 345 345 0 346 346 0 347 347 0 348 348 0 349 349 0 350 350 0 351 351 0 350 350 0 352 352 0 352 352 0 353 353 0 354 354 0 355 355 0 356 356 0 357 357 0 356 356 0 358 358 0 359 359 0 360 360 0 361 361 0 362 362 0 361 361 0 363 363 0 364 364 0 363 363 0 365 365 0 366 366 0 367 367 0 368 368 0 369 369 0 370 370 0 367 367 0 371 371 0 372 372 0 373 373 0 374 374 0 375 375 0 376 376 0 377 377 0 378 378 0 375 375 0 379 379 0 380 380 0 381 381 0 382 382 0 383 383 0 380 380 0 384 384 0 382 382 0 384 384 0 380 380 0 384 384 0 385 385 0 386 386 0 387 387 0 388 388 0 385 385 0 389 389 0 379 379 0 375 375 0 390 390 0 391 391 0 392 392 0 390 390 0 393 393 0 391 391 0 394 394 0 395 395 0 396 396 0 397 397 0 398 398 0 399 399 0 400 400 0 401 401 0 402 402 0 403 403 0 404 404 0 400 400 0 405 405 0 406 406 0 407 407 0 408 408 0 407 407 0 409 409 0 410 410 0 411 411 0 412 412 0 413 413 0 414 414 0 410 410 0 415 415 0 416 416 0 414 414 0 417 417 0 415 415 0 418 418 0 418 418 0 419 419 0 420 420 0 421 421 0 420 420 0 422 422 0 423 423 0 421 421 0 424 424 0 425 425 0 426 426 0 427 427 0 428 428 0 429 429 0 430 430 0 430 430 0 431 431 0 432 432 0 433 433 0 434 434 0 431 431 0 435 435 0 433 433 0 436 436 0 437 437 0 435 435 0 436 436 0 438 438 0 439 439 0 437 437 0 440 440 0 441 441 0 442 442 0 443 443 0 440 440 0 442 442 0 444 444 0 443 443 0 442 442 0 445 445 0 442 442 0 441 441 0 446 446 0 447 447 0 448 448 0 446 446 0 449 449 0 447 447 0 450 450 0 451 451 0 449 449 0 452 452 0 453 453 0 454 454 0 455 455 0 456 456 0 457 457 0 455 455 0 458 458 0 456 456 0 459 459 0 460 460 0 461 461 0 462 462 0 459 459 0 461 461 0 463 463 0 464 464 0 465 465 0 466 466 0 467 467 0 468 468 0 469 469 0 468 468 0 467 467 0 470 470 0 469 469 0 467 467 0 471 471 0 472 472 0 473 473 0 474 474 0 475 475 0 476 476 0 475 475 0 471 471 0 476 476 0 477 477 0 478 478 0 479 479 0 480 480 0 479 479 0 478 478 0 481 481 0 482 482 0 483 483 0 484 484 0 481 481 0 485 485 0 485 485 0 486 486 0 484 484 0 487 487 0 488 488 0 489 489 0 490 490 0 491 491 0 488 488 0 492 492 0 493 493 0 494 494 0 495 495 0 496 496 0 497 497 0 498 498 0 499 499 0 492 492 0 500 500 0 501 501 0 502 502 0 502 502 0 503 503 0 500 500 0 502 502 0 504 504 0 503 503 0 505 505 0 506 506 0 507 507 0 508 508 0 509 509 0 510 510 0 511 511 0 512 512 0 513 513 0 514 514 0 515 515 0 516 516 0 517 517 0 518 518 0 519 519 0 520 520 0 521 521 0 522 522 0 523 523 0 524 524 0 525 525 0 526 526 0 527 527 0 528 528 0 529 529 0 526 526 0 530 530 0 531 531 0 529 529 0 530 530 0 532 532 0 531 531 0 533 533 0 534 534 0 535 535 0 536 536 0 535 535 0 537 537 0 538 538 0 539 539 0 538 538 0 537 537 0 540 540 0 541 541 0 542 542 0 543 543 0 544 544 0 545 545 0 546 546 0 547 547 0 548 548 0 549 549 0 546 546 0 548 548 0 550 550 0 549 549 0 551 551 0 552 552 0 553 553 0 550 550 0 554 554 0 555 555 0 556 556 0 555 555 0 557 557 0 558 558 0 557 557 0 559 559 0 560 560 0 561 561 0 562 562 0 563 563 0 563 563 0 564 564 0 561 561 0 565 565 0 561 561 0 566 566 0 566 566 0 567 567 0 568 568 0 569 569 0 570 570 0 571 571 0 572 572 0 569 569 0 571 571 0 573 573 0 574 574 0 572 572 0 575 575 0 576 576 0 577 577 0 576 576 0 578 578 0 579 579 0 580 580 0 579 579 0 578 578 0 581 581 0 582 582 0 583 583 0 584 584 0 583 583 0 582 582 0 585 585 0 586 586 0 587 587 0 588 588 0 587 587 0 586 586 0 589 589 0 590 590 0 591 591 0 590 590 0 592 592 0 593 593 0 594 594 0 595 595 0 596 596 0 597 597 0 598 598 0 599 599 0 600 600 0 601 601 0 602 602 0 601 601 0 603 603 0 604 604 0 603 603 0 605 605 0 606 606 0 607 607 0 608 608 0 609 609 0 610 610 0 611 611 0 607 607 0 611 611 0 612 612 0 613 613 0 614 614 0 613 613 0 615 615 0 616 616 0 617 617 0 618 618 0 619 619 0 620 620 0 621 621 0 620 620 0 622 622 0 623 623 0 624 624 0 625 625 0 626 626 0 625 625 0 627 627 0 628 628 0 629 629 0 630 630 0 627 627 0 521 521 0 631 631 0 632 632 0 632 632 0 633 633 0 521 521 0 634 634 0 635 635 0 636 636 0 637 637 0 638 638 0 639 639 0 639 639 0 640 640 0 635 635 0 635 635 0 637 637 0 639 639 0 641 641 0 642 642 0 643 643 0 644 644 0 645 645 0 509 509 0 646 646 0 647 647 0 648 648 0 648 648 0 649 649 0 646 646 0 649 649 0 650 650 0 646 646 0 651 651 0 652 652 0 653 653 0 654 654 0 655 655 0 656 656 0 656 656 0 657 657 0 654 654 0 657 657 0 658 658 0 654 654 0 659 659 0 495 495 0 660 660 0 497 497 0 661 661 0 662 662 0 493 493 0 507 507 0 494 494 0 663 663 0 505 505 0 664 664 0 665 665 0 666 666 0 667 667 0 668 668 0 490 490 0 669 669 0 670 670 0 671 671 0 672 672 0 672 672 0 673 673 0 670 670 0 674 674 0 669 669 0 675 675 0 676 676 0 485 485 0 677 677 0 678 678 0 679 679 0 680 680 0 681 681 0 682 682 0 683 683 0 684 684 0 685 685 0 686 686 0 687 687 0 688 688 0 689 689 0 690 690 0 691 691 0 687 687 0 692 692 0 693 693 0 694 694 0 695 695 0 696 696 0 697 697 0 696 696 0 455 455 0 698 698 0 699 699 0 452 452 0 700 700 0 454 454 0 450 450 0 701 701 0 702 702 0 703 703 0 704 704 0 705 705 0 706 706 0 707 707 0 708 708 0 709 709 0 710 710 0 710 710 0 711 711 0 712 712 0 713 713 0 714 714 0 715 715 0 716 716 0 717 717 0 718 718 0 719 719 0 720 720 0 716 716 0 720 720 0 721 721 0 722 722 0 723 723 0 722 722 0 724 724 0 725 725 0 723 723 0 726 726 0 726 726 0 727 727 0 728 728 0 729 729 0 728 728 0 730 730 0 731 731 0 732 732 0 733 733 0 734 734 0 735 735 0 732 732 0 736 736 0 734 734 0 737 737 0 738 738 0 736 736 0 739 739 0 740 740 0 741 741 0 742 742 0 743 743 0 744 744 0 741 741 0 741 741 0 745 745 0 743 743 0 746 746 0 747 747 0 748 748 0 749 749 0 748 748 0 747 747 0 750 750 0 746 746 0 748 748 0 751 751 0 752 752 0 753 753 0 752 752 0 397 397 0 399 399 0 396 396 0 754 754 0 755 755 0 756 756 0 757 757 0 758 758 0 759 759 0 756 756 0 760 760 0 760 760 0 761 761 0 759 759 0 761 761 0 762 762 0 763 763 0 764 764 0 765 765 0 766 766 0 767 767 0 764 764 0 768 768 0 768 768 0 769 769 0 767 767 0 770 770 0 771 771 0 772 772 0 772 772 0 773 773 0 770 770 0 774 774 0 775 775 0 776 776 0 776 776 0 777 777 0 774 774 0 393 393 0 390 390 0 778 778 0 779 779 0 780 780 0 781 781 0 782 782 0 783 783 0 784 784 0 785 785 0 387 387 0 786 786 0 787 787 0 788 788 0 789 789 0 788 788 0 790 790 0 791 791 0 792 792 0 791 791 0 793 793 0 794 794 0 795 795 0 796 796 0 797 797 0 794 794 0 798 798 0 799 799 0 800 800 0 801 801 0 802 802 0 799 799 0 803 803 0 803 803 0 804 804 0 805 805 0 806 806 0 807 807 0 808 808 0 807 807 0 809 809 0 810 810 0 811 811 0 812 812 0 813 813 0 812 812 0 814 814 0 815 815 0 814 814 0 816 816 0 817 817 0 818 818 0 817 817 0 819 819 0 820 820 0 821 821 0 822 822 0 823 823 0 307 307 0 309 309 0 824 824 0 825 825 0 826 826 0 827 827 0 824 824 0 828 828 0 829 829 0 827 827 0 830 830 0 831 831 0 832 832 0 833 833 0 834 834 0 835 835 0 836 836 0 837 837 0 838 838 0 839 839 0 840 840 0 841 841 0 842 842 0 842 842 0 843 843 0 844 844 0 845 845 0 846 846 0 847 847 0 846 846 0 848 848 0 849 849 0 850 850 0 851 851 0 852 852 0 293 293 0 292 292 0 853 853 0 854 854 0 850 850 0 305 305 0 855 855 0 856 856 0 305 305 0 305 305 0 857 857 0 858 858 0 305 305 0 859 859 0 857 857 0 852 852 0 860 860 0 850 850 0 294 294 0 297 297 0 861 861 0 862 862 0 863 863 0 864 864 0 865 865 0 280 280 0 279 279 0 280 280 0 866 866 0 867 867 0 868 868 0 869 869 0 870 870 0 871 871 0 868 868 0 872 872 0 872 872 0 873 873 0 874 874 0 276 276 0 874 874 0 277 277 0 277 277 0 875 875 0 275 275 0 876 876 0 877 877 0 878 878 0 878 878 0 879 879 0 880 880 0 215 215 0 214 214 0 881 881 0 268 268 0 267 267 0 882 882 0 883 883 0 884 884 0 885 885 0 246 246 0 886 886 0 244 244 0 887 887 0 258 258 0 888 888 0 260 260 0 254 254 0 889 889 0 248 248 0 247 247 0 890 890 0 261 261 0 263 263 0 891 891 0 892 892 0 241 241 0 243 243 0 893 893 0 894 894 0 895 895 0 896 896 0 897 897 0 898 898 0 213 213 0 270 270 0 211 211 0 210 210 0 213 213 0 208 208 0 899 899 0 207 207 0 206 206 0 900 900 0 901 901 0 902 902 0 903 903 0 904 904 0 900 900 0 905 905 0 906 906 0 904 904 0 907 907 0 905 905 0 908 908 0 909 909 0 910 910 0 911 911 0 912 912 0 913 913 0 914 914 0 915 915 0 916 916 0 913 913 0 913 913 0 917 917 0 915 915 0 917 917 0 918 918 0 915 915 0 918 918 0 919 919 0 920 920 0 921 921 0 922 922 0 919 919 0 923 923 0 924 924 0 925 925 0 924 924 0 926 926 0 927 927 0 928 928 0 929 929 0 930 930 0 931 931 0 932 932 0 933 933 0 934 934 0 935 935 0 936 936 0 937 937 0 938 938 0 939 939 0 940 940 0 941 941 0 938 938 0 938 938 0 188 188 0 940 940 0 188 188 0 187 187 0 942 942 0 185 185 0 184 184 0 943 943 0 944 944 0 945 945 0 946 946 0 947 947 0 948 948 0 945 945 0 949 949 0 950 950 0 181 181 0 951 951 0 952 952 0 953 953 0 951 951 0 954 954 0 952 952 0 955 955 0 956 956 0 178 178 0 173 173 0 172 172 0 175 175 0 174 174 0 957 957 0 958 958 0 167 167 0 166 166 0 169 169 0 168 168 0 959 959 0 960 960 0 961 961 0 962 962 0 163 163 0 161 161 0 160 160 0 963 963 0 155 155 0 964 964 0 965 965 0 151 151 0 966 966 0 154 154 0 140 140 0 131 131 0 967 967 0 133 133 0 968 968 0 969 969 0 130 130 0 125 125 0 128 128 0 127 127 0 970 970 0 971 971 0 123 123 0 122 122 0 972 972 0 120 120 0 119 119 0 973 973 0 974 974 0 975 975 0 976 976 0 977 977 0 116 116 0 978 978 0 979 979 0 980 980 0 981 981 0 982 982 0 983 983 0 980 980 0 984 984 0 985 985 0 986 986 0 987 987 0 986 986 0 988 988 0 989 989 0 987 987 0 990 990 0 990 990 0 991 991 0 992 992 0 993 993 0 992 992 0 994 994 0 994 994 0 995 995 0 996 996 0 997 997 0 996 996 0 998 998 0 998 998 0 999 999 0 1000 1000 0 1001 1001 0 1000 1000 0 1002 1002 0 1002 1002 0 1003 1003 0 1004 1004 0 1005 1005 0 1004 1004 0 1006 1006 0 1007 1007 0 1008 1008 0 1009 1009 0 1010 1010 0 1011 1011 0 1008 1008 0 1012 1012 0 1013 1013 0 1014 1014 0 1014 1014 0 1015 1015 0 1016 1016 0 1015 1015 0 1017 1017 0 1018 1018 0 1017 1017 0 1019 1019 0 1018 1018 0 1020 1020 0 1021 1021 0 1019 1019 0 1022 1022 0 1023 1023 0 1020 1020 0 1023 1023 0 1024 1024 0 1025 1025 0 1026 1026 0 1027 1027 0 1024 1024 0 1024 1024 0 1028 1028 0 1026 1026 0 53 53 0 52 52 0 1029 1029 0 1030 1030 0 1031 1031 0 1032 1032 0 1031 1031 0 1033 1033 0 1034 1034 0 1035 1035 0 1036 1036 0 1037 1037 0 1034 1034 0 1032 1032 0 1031 1031 0 35 35 0 1038 1038 0 33 33 0 1039 1039 0 1037 1037 0 1036 1036 0 1040 1040 0 1041 1041 0 1042 1042 0 29 29 0 1043 1043 0 27 27 0 17 17 0 1044 1044 0 15 15 0 1045 1045 0 14 14 0 13 13 0 1046 1046 0 2 2 0 1 1 0 1047 1047 0 1048 1048 0 1049 1049 0 1050 1050 0 1051 1051 0 1052 1052 0 1053 1053 0 1054 1054 0 1055 1055 0 1056 1056 0 1055 1055 0 1057 1057 0 1056 1056 0 1057 1057 0 1058 1058 0 1059 1059 0 1060 1060 0 1061 1061 0 1062 1062 0 1063 1063 0 1064 1064 0 1065 1065 0 1064 1064 0 1066 1066 0 1067 1067 0 1066 1066 0 1068 1068 0 1069 1069 0 1068 1068 0 1070 1070 0 1071 1071 0 1070 1070 0 1072 1072 0 1071 1071 0 1072 1072 0 1073 1073 0 1074 1074 0 1075 1075 0 1076 1076 0 1077 1077 0 1074 1074 0 1076 1076 0 1078 1078 0 1079 1079 0 1080 1080 0 1078 1078 0 1080 1080 0 1081 1081 0 1082 1082 0 1083 1083 0 1079 1079 0 1084 1084 0 1085 1085 0 1086 1086 0 1087 1087 0 1088 1088 0 1054 1054 0 1089 1089 0 1090 1090 0 1091 1091 0 1092 1092 0 1089 1089 0 1093 1093 0 1094 1094 0 1095 1095 0 1096 1096 0 1097 1097 0 1098 1098 0 1051 1051 0 1099 1099 0 1100 1100 0 1101 1101 0 1102 1102 0 1103 1103 0 1100 1100 0 1104 1104 0 1105 1105 0 1106 1106 0 1104 1104 0 1107 1107 0 1105 1105 0 1108 1108 0 1109 1109 0 1110 1110 0 1111 1111 0 1112 1112 0 1113 1113 0 1114 1114 0 1115 1115 0 1112 1112 0 1116 1116 0 1117 1117 0 1118 1118 0 1119 1119 0 1120 1120 0 1121 1121 0 1122 1122 0 1123 1123 0 1124 1124 0 1125 1125 0 1126 1126 0 1127 1127 0 1128 1128 0 1129 1129 0 1130 1130 0 1131 1131 0 1132 1132 0 1133 1133 0 1134 1134 0 1135 1135 0 1136 1136 0 1137 1137 0 1138 1138 0 1139 1139 0 1138 1138 0 1140 1140 0 1141 1141 0 1142 1142 0 1141 1141 0 1143 1143 0 1143 1143 0 1144 1144 0 1145 1145 0 1146 1146 0 1145 1145 0 1147 1147 0 1148 1148 0 1146 1146 0 1149 1149 0 1149 1149 0 1150 1150 0 1151 1151 0 1152 1152 0 1153 1153 0 1154 1154 0 1155 1155 0 1156 1156 0 1157 1157 0 1158 1158 0 1159 1159 0 1160 1160 0 1161 1161 0 1162 1162 0 1159 1159 0 1163 1163 0 1164 1164 0 1161 1161 0 1164 1164 0 1165 1165 0 1166 1166 0 1165 1165 0 1167 1167 0 1168 1168 0 1169 1169 0 1170 1170 0 1171 1171 0 1172 1172 0 1173 1173 0 1174 1174 0 1175 1175 0 1176 1176 0 1177 1177 0 1178 1178 0 1179 1179 0 1180 1180 0 1180 1180 0 1181 1181 0 1178 1178 0 1181 1181 0 1182 1182 0 1178 1178 0 1182 1182 0 1183 1183 0 1184 1184 0 1185 1185 0 1186 1186 0 1183 1183 0 1175 1175 0 1177 1177 0 1187 1187 0 1175 1175 0 1188 1188 0 1176 1176 0 1189 1189 0 1190 1190 0 1191 1191 0 1192 1192 0 1193 1193 0 1194 1194 0 1195 1195 0 1196 1196 0 1197 1197 0 1198 1198 0 1199 1199 0 1200 1200 0 1201 1201 0 1202 1202 0 1203 1203 0 1204 1204 0 1205 1205 0 1206 1206 0 1207 1207 0 1208 1208 0 1209 1209 0 1210 1210 0 1211 1211 0 1212 1212 0 1212 1212 0 1213 1213 0 1214 1214 0 1215 1215 0 1216 1216 0 1217 1217 0 1218 1218 0 1219 1219 0 1215 1215 0 1220 1220 0 1221 1221 0 1219 1219 0 1222 1222 0 1220 1220 0 1223 1223 0 1224 1224 0 1222 1222 0 1225 1225 0 1225 1225 0 1226 1226 0 1227 1227 0 1228 1228 0 1229 1229 0 1230 1230 0 1229 1229 0 1231 1231 0 1232 1232 0 1233 1233 0 1232 1232 0 1234 1234 0 1235 1235 0 1236 1236 0 1237 1237 0 1236 1236 0 1238 1238 0 1239 1239 0 1238 1238 0 1240 1240 0 1241 1241 0 1242 1242 0 1243 1243 0 1244 1244 0 1245 1245 0 1246 1246 0 1243 1243 0 1247 1247 0 1245 1245 0 1248 1248 0 1249 1249 0 1250 1250 0 1251 1251 0 1250 1250 0 1252 1252 0 1253 1253 0 1252 1252 0 1254 1254 0 1255 1255 0 1256 1256 0 1257 1257 0 1258 1258 0 1259 1259 0 1260 1260 0 1261 1261 0 1262 1262 0 1263 1263 0 1264 1264 0 1265 1265 0 1266 1266 0 1267 1267 0 1268 1268 0 1269 1269 0 1270 1270 0 1271 1271 0 1272 1272 0 1273 1273 0 1274 1274 0 1275 1275 0 1276 1276 0 1277 1277 0 1278 1278 0 1275 1275 0 1279 1279 0 1280 1280 0 1281 1281 0 1282 1282 0 1283 1283 0 1284 1284 0 1285 1285 0 1286 1286 0 1287 1287 0 1287 1287 0 1288 1288 0 1289 1289 0 1290 1290 0 1291 1291 0 1288 1288 0 1292 1292 0 1290 1290 0 1288 1288 0 1288 1288 0 1293 1293 0 1292 1292 0 1294 1294 0 1295 1295 0 1296 1296 0 1296 1296 0 1297 1297 0 1294 1294 0 1298 1298 0 1299 1299 0 1300 1300 0 1301 1301 0 1302 1302 0 1303 1303 0 1301 1301 0 1304 1304 0 1305 1305 0 1306 1306 0 1307 1307 0 1304 1304 0 1282 1282 0 1308 1308 0 1283 1283 0 1309 1309 0 1310 1310 0 1311 1311 0 1312 1312 0 1313 1313 0 1314 1314 0 1315 1315 0 1316 1316 0 1317 1317 0 1318 1318 0 1319 1319 0 1320 1320 0 1321 1321 0 1322 1322 0 1323 1323 0 1324 1324 0 1325 1325 0 1326 1326 0 1327 1327 0 1324 1324 0 1328 1328 0 1328 1328 0 1329 1329 0 1330 1330 0 1331 1331 0 1330 1330 0 1332 1332 0 1333 1333 0 1334 1334 0 1335 1335 0 1336 1336 0 1337 1337 0 1338 1338 0 1339 1339 0 1340 1340 0 1341 1341 0 1342 1342 0 1343 1343 0 583 583 0 1343 1343 0 581 581 0 583 583 0 1344 1344 0 1345 1345 0 1342 1342 0 1346 1346 0 1347 1347 0 1348 1348 0 1349 1349 0 1350 1350 0 1351 1351 0 1352 1352 0 1353 1353 0 1354 1354 0 1354 1354 0 1355 1355 0 1356 1356 0 1355 1355 0 1351 1351 0 1350 1350 0 1351 1351 0 1357 1357 0 1358 1358 0 1359 1359 0 1360 1360 0 1357 1357 0 1361 1361 0 1362 1362 0 1363 1363 0 1361 1361 0 1363 1363 0 1364 1364 0 1341 1341 0 1365 1365 0 1339 1339 0 1366 1366 0 1337 1337 0 1367 1367 0 1317 1317 0 1318 1318 0 1320 1320 0 1368 1368 0 1369 1369 0 1316 1316 0 1370 1370 0 1368 1368 0 1371 1371 0 1372 1372 0 1373 1373 0 1370 1370 0 1373 1373 0 1374 1374 0 1375 1375 0 1376 1376 0 1375 1375 0 1374 1374 0 1377 1377 0 1376 1376 0 1378 1378 0 1379 1379 0 1380 1380 0 1381 1381 0 1382 1382 0 1312 1312 0 1379 1379 0 1313 1313 0 1309 1309 0 1314 1314 0 1383 1383 0 1384 1384 0 1385 1385 0 1385 1385 0 1386 1386 0 1387 1387 0 1388 1388 0 1389 1389 0 1390 1390 0 1391 1391 0 1308 1308 0 1388 1388 0 1308 1308 0 1282 1282 0 1392 1392 0 1284 1284 0 1306 1306 0 1393 1393 0 1394 1394 0 1296 1296 0 1395 1395 0 1275 1275 0 1274 1274 0 1277 1277 0 1280 1280 0 1279 1279 0 1396 1396 0 1397 1397 0 1398 1398 0 1399 1399 0 1400 1400 0 1397 1397 0 1399 1399 0 1401 1401 0 1402 1402 0 1403 1403 0 1404 1404 0 1405 1405 0 1402 1402 0 1406 1406 0 1407 1407 0 1408 1408 0 1409 1409 0 1410 1410 0 1407 1407 0 1278 1278 0 1277 1277 0 1411 1411 0 1412 1412 0 1413 1413 0 1414 1414 0 1272 1272 0 1271 1271 0 1415 1415 0 1416 1416 0 1417 1417 0 1418 1418 0 1266 1266 0 1265 1265 0 1419 1419 0 1420 1420 0 1421 1421 0 1422 1422 0 1423 1423 0 1424 1424 0 1425 1425 0 1257 1257 0 1426 1426 0 1259 1259 0 1427 1427 0 1254 1254 0 1428 1428 0 1429 1429 0 1214 1214 0 1213 1213 0 1211 1211 0 1430 1430 0 1431 1431 0 1209 1209 0 1432 1432 0 1207 1207 0 1433 1433 0 1209 1209 0 1208 1208 0 1434 1434 0 1435 1435 0 1436 1436 0 1437 1437 0 1438 1438 0 1439 1439 0 1439 1439 0 1440 1440 0 1441 1441 0 1440 1440 0 1442 1442 0 1443 1443 0 1444 1444 0 1445 1445 0 1446 1446 0 1446 1446 0 1447 1447 0 1448 1448 0 1449 1449 0 1450 1450 0 1451 1451 0 1452 1452 0 1453 1453 0 1454 1454 0 1455 1455 0 1456 1456 0 1452 1452 0 1456 1456 0 1457 1457 0 1458 1458 0 1457 1457 0 1459 1459 0 1460 1460 0 1461 1461 0 1462 1462 0 1459 1459 0 1463 1463 0 1461 1461 0 1464 1464 0 1465 1465 0 1466 1466 0 1467 1467 0 1468 1468 0 1469 1469 0 1470 1470 0 1471 1471 0 1472 1472 0 1473 1473 0 1474 1474 0 1475 1475 0 1473 1473 0 1473 1473 0 1476 1476 0 1474 1474 0 1476 1476 0 1477 1477 0 1474 1474 0 1467 1467 0 1478 1478 0 1479 1479 0 1467 1467 0 1480 1480 0 1478 1478 0 1481 1481 0 1482 1482 0 1480 1480 0 1483 1483 0 1484 1484 0 1485 1485 0 1470 1470 0 1486 1486 0 1468 1468 0 1487 1487 0 1470 1470 0 1469 1469 0 1196 1196 0 1488 1488 0 1489 1489 0 1194 1194 0 1490 1490 0 1192 1192 0 1190 1190 0 1189 1189 0 1491 1491 0 1492 1492 0 1493 1493 0 1494 1494 0 1495 1495 0 1496 1496 0 1497 1497 0 1498 1498 0 1499 1499 0 1500 1500 0 1501 1501 0 1502 1502 0 1503 1503 0 1501 1501 0 1503 1503 0 1504 1504 0 1498 1498 0 1505 1505 0 1506 1506 0 1498 1498 0 1506 1506 0 1499 1499 0 1173 1173 0 1507 1507 0 1508 1508 0 1173 1173 0 1509 1509 0 1507 1507 0 1170 1170 0 1169 1169 0 1510 1510 0 1511 1511 0 1167 1167 0 1512 1512 0 1513 1513 0 1514 1514 0 1515 1515 0 1129 1129 0 1516 1516 0 1517 1517 0 1518 1518 0 1130 1130 0 1129 1129 0 1519 1519 0 1131 1131 0 1133 1133 0 1132 1132 0 1520 1520 0 1521 1521 0 1522 1522 0 1136 1136 0 1135 1135 0 1523 1523 0 1521 1521 0 1134 1134 0 1524 1524 0 1525 1525 0 1526 1526 0 1527 1527 0 1528 1528 0 1529 1529 0 1530 1530 0 1531 1531 0 1532 1532 0 1533 1533 0 1534 1534 0 1535 1535 0 1101 1101 0 1536 1536 0 1099 1099 0 1534 1534 0 1537 1537 0 1535 1535 0 1106 1106 0 1102 1102 0 1538 1538 0 1537 1537 0 1539 1539 0 1540 1540 0 1541 1541 0 1542 1542 0 1543 1543 0 1543 1543 0 1544 1544 0 1545 1545 0 1539 1539 0 1546 1546 0 1547 1547 0 1548 1548 0 1545 1545 0 1544 1544 0 1544 1544 0 1549 1549 0 1548 1548 0 1550 1550 0 1551 1551 0 1552 1552 0 1553 1553 0 1550 1550 0 1552 1552 0 1552 1552 0 1554 1554 0 1553 1553 0 1123 1123 0 1122 1122 0 1555 1555 0 1556 1556 0 1119 1119 0 1557 1557 0 1558 1558 0 1559 1559 0 1111 1111 0 1560 1560 0 1561 1561 0 1116 1116 0 1562 1562 0 1563 1563 0 1564 1564 0 1562 1562 0 1565 1565 0 1563 1563 0 1562 1562 0 1114 1114 0 1565 1565 0 1112 1112 0 1111 1111 0 1566 1566 0 1109 1109 0 1108 1108 0 1559 1559 0 1107 1107 0 1104 1104 0 1567 1567 0 1532 1532 0 1533 1533 0 1568 1568 0 1569 1569 0 1532 1532 0 1531 1531 0 1088 1088 0 1087 1087 0 1570 1570 0 1054 1054 0 1053 1053 0 1571 1571 0 1572 1572 0 1573 1573 0 1574 1574 0 1575 1575 0 1576 1576 0 1577 1577 0 1578 1578 0 1062 1062 0 1579 1579 0 1064 1064 0 1065 1065 0 1580 1580 0 1068 1068 0 1069 1069 0 1067 1067 0 1581 1581 0 1582 1582 0 1583 1583 0 1083 1083 0 1082 1082 0 1584 1584 0 1585 1585 0 1586 1586 0 1587 1587 0 1588 1588 0 1585 1585 0 1589 1589 0 2 2 0 1590 1590 0 0 0 0 5 5 0 1591 1591 0 3 3 0 8 8 0 1592 1592 0 6 6 0 14 14 0 12 12 0 11 11 0 1593 1593 0 20 20 0 19 19 0 24 24 0 26 26 0 23 23 0 32 32 0 1035 1035 0 30 30 0 1038 1038 0 1030 1030 0 1594 1594 0 1595 1595 0 37 37 0 36 36 0 36 36 0 38 38 0 40 40 0 46 46 0 1596 1596 0 43 43 0 54 54 0 51 51 0 50 50 0 1597 1597 0 1598 1598 0 1599 1599 0 61 61 0 1597 1597 0 59 59 0 1600 1600 0 67 67 0 66 66 0 72 72 0 62 62 0 1601 1601 0 1601 1601 0 68 68 0 72 72 0 74 74 0 61 61 0 60 60 0 81 81 0 75 75 0 79 79 0 85 85 0 87 87 0 84 84 0 88 88 0 91 91 0 89 89 0 98 98 0 92 92 0 96 96 0 104 104 0 100 100 0 1602 1602 0 99 99 0 1602 1602 0 100 100 0 1603 1603 0 109 109 0 108 108 0 109 109 0 114 114 0 107 107 0 114 114 0 112 112 0 115 115 0 116 116 0 977 977 0 118 118 0 119 119 0 121 121 0 1604 1604 0 970 970 0 127 127 0 1605 1605 0 968 968 0 1606 1606 0 129 129 0 141 141 0 1607 1607 0 1608 1608 0 137 137 0 1608 1608 0 139 139 0 145 145 0 1609 1609 0 146 146 0 146 146 0 147 147 0 144 144 0 150 150 0 153 153 0 1610 1610 0 157 157 0 162 162 0 158 158 0 163 163 0 165 165 0 961 961 0 169 169 0 171 171 0 167 167 0 175 175 0 177 177 0 173 173 0 178 178 0 180 180 0 955 955 0 192 192 0 193 193 0 190 190 0 194 194 0 195 195 0 197 197 0 196 196 0 200 200 0 199 199 0 203 203 0 1611 1611 0 201 201 0 271 271 0 898 898 0 897 897 0 1612 1612 0 223 223 0 1613 1613 0 225 225 0 1613 1613 0 223 223 0 221 221 0 217 217 0 222 222 0 1614 1614 0 228 228 0 227 227 0 236 236 0 234 234 0 233 233 0 239 239 0 235 235 0 237 237 0 234 234 0 1614 1614 0 227 227 0 230 230 0 1615 1615 0 242 242 0 262 262 0 266 266 0 263 263 0 890 890 0 1616 1616 0 248 248 0 1617 1617 0 252 252 0 1618 1618 0 258 258 0 887 887 0 259 259 0 1619 1619 0 256 256 0 1620 1620 0 254 254 0 260 260 0 257 257 0 884 884 0 883 883 0 245 245 0 228 228 0 220 220 0 222 222 0 275 275 0 875 875 0 272 272 0 279 279 0 864 864 0 865 865 0 283 283 0 284 284 0 281 281 0 285 285 0 288 288 0 286 286 0 296 296 0 289 289 0 291 291 0 291 291 0 297 297 0 296 296 0 297 297 0 294 294 0 303 303 0 302 302 0 300 300 0 297 297 0 1621 1621 0 1622 1622 0 314 314 0 1623 1623 0 314 314 0 1622 1622 0 315 315 0 319 319 0 316 316 0 319 319 0 1624 1624 0 317 317 0 321 321 0 324 324 0 320 320 0 328 328 0 322 322 0 326 326 0 331 331 0 327 327 0 329 329 0 334 334 0 330 330 0 332 332 0 335 335 0 1625 1625 0 333 333 0 342 342 0 339 339 0 338 338 0 1626 1626 0 342 342 0 341 341 0 343 343 0 347 347 0 344 344 0 347 347 0 348 348 0 345 345 0 349 349 0 352 352 0 350 350 0 357 357 0 354 354 0 353 353 0 1627 1627 0 357 357 0 356 356 0 362 362 0 359 359 0 358 358 0 1628 1628 0 362 362 0 361 361 0 365 365 0 369 369 0 366 366 0 369 369 0 1629 1629 0 367 367 0 1630 1630 0 370 370 0 371 371 0 373 373 0 377 377 0 374 374 0 379 379 0 382 382 0 1631 1631 0 783 783 0 782 782 0 785 785 0 386 386 0 383 383 0 384 384 0 387 387 0 785 785 0 388 388 0 780 780 0 779 779 0 1632 1632 0 390 390 0 392 392 0 1633 1633 0 395 395 0 1634 1634 0 396 396 0 399 399 0 1635 1635 0 752 752 0 404 404 0 1636 1636 0 400 400 0 409 409 0 412 412 0 408 408 0 416 416 0 410 410 0 414 414 0 414 414 0 1637 1637 0 415 415 0 420 420 0 417 417 0 418 418 0 426 426 0 423 423 0 424 424 0 427 427 0 430 430 0 425 425 0 431 431 0 1638 1638 0 433 433 0 436 436 0 438 438 0 437 437 0 441 441 0 1639 1639 0 445 445 0 706 706 0 705 705 0 444 444 0 442 442 0 706 706 0 444 444 0 450 450 0 454 454 0 451 451 0 446 446 0 448 448 0 702 702 0 1640 1640 0 457 457 0 1641 1641 0 455 455 0 696 696 0 458 458 0 461 461 0 465 465 0 462 462 0 465 465 0 1642 1642 0 463 463 0 1642 1642 0 466 466 0 468 468 0 467 467 0 678 678 0 470 470 0 1643 1643 0 1644 1644 0 477 477 0 473 473 0 1645 1645 0 471 471 0 1645 1645 0 476 476 0 471 471 0 669 669 0 674 674 0 668 668 0 483 483 0 485 485 0 481 481 0 485 485 0 676 676 0 486 486 0 489 489 0 1646 1646 0 487 487 0 501 501 0 492 492 0 499 499 0 499 499 0 502 502 0 501 501 0 661 661 0 1647 1647 0 504 504 0 1648 1648 0 1649 1649 0 656 656 0 636 636 0 513 513 0 512 512 0 515 515 0 517 517 0 516 516 0 518 518 0 520 520 0 519 519 0 524 524 0 1650 1650 0 525 525 0 530 530 0 1651 1651 0 531 531 0 1651 1651 0 533 533 0 531 531 0 541 541 0 539 539 0 542 542 0 1652 1652 0 545 545 0 544 544 0 1653 1653 0 548 548 0 547 547 0 551 551 0 552 552 0 550 550 0 1654 1654 0 554 554 0 556 556 0 560 560 0 558 558 0 557 557 0 562 562 0 560 560 0 563 563 0 567 567 0 571 571 0 568 568 0 570 570 0 568 568 0 571 571 0 573 573 0 1655 1655 0 574 574 0 579 579 0 577 577 0 576 576 0 582 582 0 1656 1656 0 584 584 0 586 586 0 589 589 0 591 591 0 1657 1657 0 591 591 0 590 590 0 592 592 0 1658 1658 0 593 593 0 599 599 0 594 594 0 596 596 0 602 602 0 1659 1659 0 600 600 0 605 605 0 609 609 0 606 606 0 609 609 0 610 610 0 607 607 0 612 612 0 615 615 0 613 613 0 618 618 0 1660 1660 0 616 616 0 1661 1661 0 621 621 0 620 620 0 622 622 0 624 624 0 626 626 0 627 627 0 632 632 0 629 629 0 631 631 0 629 629 0 632 632 0 640 640 0 636 636 0 635 635 0 642 642 0 639 639 0 638 638 0 643 643 0 508 508 0 641 641 0 650 650 0 653 653 0 652 652 0 1662 1662 0 648 648 0 647 647 0 652 652 0 646 646 0 650 650 0 1663 1663 0 656 656 0 1649 1649 0 657 657 0 1664 1664 0 1665 1665 0 497 497 0 662 662 0 495 495 0 666 666 0 1666 1666 0 667 667 0 673 673 0 672 672 0 674 674 0 674 674 0 675 675 0 673 673 0 679 679 0 1667 1667 0 680 680 0 685 685 0 1668 1668 0 682 682 0 1669 1669 0 686 686 0 685 685 0 691 691 0 694 694 0 693 693 0 694 694 0 695 695 0 697 697 0 454 454 0 701 701 0 452 452 0 1638 1638 0 436 436 0 433 433 0 711 711 0 713 713 0 712 712 0 714 714 0 718 718 0 715 715 0 722 722 0 1670 1670 0 720 720 0 724 724 0 726 726 0 723 723 0 727 727 0 730 730 0 728 728 0 735 735 0 733 733 0 732 732 0 742 742 0 738 738 0 739 739 0 744 744 0 742 742 0 741 741 0 747 747 0 1671 1671 0 749 749 0 1672 1672 0 751 751 0 753 753 0 398 398 0 396 396 0 1634 1634 0 1673 1673 0 760 760 0 756 756 0 765 765 0 763 763 0 1674 1674 0 766 766 0 768 768 0 764 764 0 771 771 0 1675 1675 0 772 772 0 775 775 0 1676 1676 0 776 776 0 393 393 0 778 778 0 777 777 0 1632 1632 0 784 784 0 780 780 0 1677 1677 0 789 789 0 788 788 0 793 793 0 796 796 0 792 792 0 796 796 0 1678 1678 0 794 794 0 798 798 0 801 801 0 797 797 0 801 801 0 1679 1679 0 799 799 0 804 804 0 806 806 0 805 805 0 1680 1680 0 808 808 0 807 807 0 813 813 0 810 810 0 809 809 0 1681 1681 0 813 813 0 812 812 0 822 822 0 818 818 0 819 819 0 308 308 0 822 822 0 821 821 0 309 309 0 1682 1682 0 823 823 0 826 826 0 1683 1683 0 824 824 0 833 833 0 829 829 0 830 830 0 835 835 0 833 833 0 832 832 0 839 839 0 834 834 0 836 836 0 841 841 0 839 839 0 838 838 0 847 847 0 844 844 0 843 843 0 1684 1684 0 847 847 0 846 846 0 848 848 0 1685 1685 0 849 849 0 294 294 0 861 861 0 292 292 0 293 293 0 853 853 0 1686 1686 0 856 856 0 854 854 0 305 305 0 858 858 0 855 855 0 305 305 0 293 293 0 1686 1686 0 304 304 0 1687 1687 0 849 849 0 1685 1685 0 863 863 0 865 865 0 864 864 0 869 869 0 867 867 0 870 870 0 874 874 0 871 871 0 872 872 0 272 272 0 274 274 0 275 275 0 215 215 0 881 881 0 880 880 0 1688 1688 0 885 885 0 1689 1689 0 260 260 0 889 889 0 258 258 0 1616 1616 0 890 890 0 1690 1690 0 261 261 0 891 891 0 1691 1691 0 1692 1692 0 1693 1693 0 1612 1612 0 897 897 0 211 211 0 271 271 0 209 209 0 899 899 0 210 210 0 906 906 0 900 900 0 904 904 0 914 914 0 911 911 0 910 910 0 916 916 0 914 914 0 913 913 0 920 920 0 915 915 0 918 918 0 1694 1694 0 925 925 0 924 924 0 930 930 0 927 927 0 926 926 0 936 936 0 931 931 0 933 933 0 1695 1695 0 936 936 0 935 935 0 1696 1696 0 939 939 0 938 938 0 188 188 0 942 942 0 940 940 0 185 185 0 943 943 0 187 187 0 946 946 0 1697 1697 0 944 944 0 182 182 0 181 181 0 1698 1698 0 951 951 0 953 953 0 1699 1699 0 179 179 0 178 178 0 1700 1700 0 176 176 0 175 175 0 1701 1701 0 170 170 0 169 169 0 957 957 0 164 164 0 163 163 0 959 959 0 1702 1702 0 963 963 0 1703 1703 0 155 155 0 154 154 0 964 964 0 129 129 0 128 128 0 1704 1704 0 120 120 0 973 973 0 122 122 0 1705 1705 0 979 979 0 981 981 0 980 980 0 1706 1706 0 982 982 0 1706 1706 0 984 984 0 986 986 0 1707 1707 0 990 990 0 987 987 0 996 996 0 993 993 0 994 994 0 1000 1000 0 997 997 0 998 998 0 1004 1004 0 1001 1001 0 1002 1002 0 1008 1008 0 1014 1014 0 1013 1013 0 1018 1018 0 1016 1016 0 1015 1015 0 1019 1019 0 1022 1022 0 1020 1020 0 53 53 0 1029 1029 0 1028 1028 0 54 54 0 50 50 0 52 52 0 1037 1037 0 30 30 0 1035 1035 0 1708 1708 0 1034 1034 0 1033 1033 0 1594 1594 0 33 33 0 1038 1038 0 1709 1709 0 27 27 0 1043 1043 0 1044 1044 0 1710 1710 0 1711 1711 0 4 4 0 6 6 0 1592 1592 0 1 1 0 1712 1712 0 1046 1046 0 1111 1111 0 1113 1113 0 1558 1558 0 1713 1713 0 1110 1110 0 1107 1107 0 1714 1714 0 1715 1715 0 1716 1716 0 1060 1060 0 1717 1717 0 1061 1061 0 1718 1718 0 1719 1719 0 1717 1717 0 1720 1720 0 1721 1721 0 1075 1075 0 1722 1722 0 1581 1581 0 1723 1723 0 1584 1584 0 1723 1723 0 1083 1083 0 1081 1081 0 1077 1077 0 1078 1078 0 1716 1716 0 1086 1086 0 1085 1085 0 1715 1715 0 1091 1091 0 1090 1090 0 1570 1570 0 1724 1724 0 1088 1088 0 1725 1725 0 1092 1092 0 1726 1726 0 1098 1098 0 1052 1052 0 1051 1051 0 1048 1048 0 1050 1050 0 1727 1727 0 1049 1049 0 1728 1728 0 1047 1047 0 1729 1729 0 1730 1730 0 1117 1117 0 1119 1119 0 1556 1556 0 1120 1120 0 1130 1130 0 1127 1127 0 1126 1126 0 1136 1136 0 1523 1523 0 1134 1134 0 1140 1140 0 1731 1731 0 1141 1141 0 1144 1144 0 1147 1147 0 1145 1145 0 1150 1150 0 1152 1152 0 1154 1154 0 1156 1156 0 1158 1158 0 1160 1160 0 1159 1159 0 1163 1163 0 1161 1161 0 1732 1732 0 1166 1166 0 1165 1165 0 1167 1167 0 1511 1511 0 1168 1168 0 1172 1172 0 1174 1174 0 1733 1733 0 1179 1179 0 1734 1734 0 1180 1180 0 1184 1184 0 1735 1735 0 1182 1182 0 1185 1185 0 1187 1187 0 1186 1186 0 1189 1189 0 1191 1191 0 1188 1188 0 1490 1490 0 1194 1194 0 1736 1736 0 1737 1737 0 1203 1203 0 1738 1738 0 1484 1484 0 1483 1483 0 1205 1205 0 1739 1739 0 1212 1212 0 1211 1211 0 1213 1213 0 1740 1740 0 1429 1429 0 1216 1216 0 1429 1429 0 1217 1217 0 1219 1219 0 1741 1741 0 1220 1220 0 1223 1223 0 1225 1225 0 1222 1222 0 1230 1230 0 1227 1227 0 1226 1226 0 1232 1232 0 1742 1742 0 1229 1229 0 1234 1234 0 1235 1235 0 1237 1237 0 1743 1743 0 1239 1239 0 1238 1238 0 1244 1244 0 1241 1241 0 1242 1242 0 1243 1243 0 1744 1744 0 1245 1245 0 1251 1251 0 1247 1247 0 1248 1248 0 1745 1745 0 1253 1253 0 1252 1252 0 1256 1256 0 1258 1258 0 1427 1427 0 1262 1262 0 1264 1264 0 1423 1423 0 1265 1265 0 1267 1267 0 1420 1420 0 1417 1417 0 1416 1416 0 1269 1269 0 1274 1274 0 1276 1276 0 1746 1746 0 1396 1396 0 1409 1409 0 1280 1280 0 1291 1291 0 1289 1289 0 1288 1288 0 1306 1306 0 1284 1284 0 1307 1307 0 1295 1295 0 1292 1292 0 1293 1293 0 1296 1296 0 1394 1394 0 1297 1297 0 1298 1298 0 1300 1300 0 1747 1747 0 1301 1301 0 1305 1305 0 1302 1302 0 1748 1748 0 1749 1749 0 1750 1750 0 1314 1314 0 1751 1751 0 1312 1312 0 1320 1320 0 1315 1315 0 1317 1317 0 1325 1325 0 1321 1321 0 1323 1323 0 1752 1752 0 1326 1326 0 1325 1325 0 1335 1335 0 1331 1331 0 1332 1332 0 1753 1753 0 1335 1335 0 1334 1334 0 1337 1337 0 1366 1366 0 1338 1338 0 1754 1754 0 1342 1342 0 1345 1345 0 583 583 0 1344 1344 0 1342 1342 0 1348 1348 0 1755 1755 0 1353 1353 0 1756 1756 0 1352 1352 0 1354 1354 0 1356 1356 0 1756 1756 0 1354 1354 0 1358 1358 0 1349 1349 0 1351 1351 0 1364 1364 0 1757 1757 0 1361 1361 0 1366 1366 0 1367 1367 0 1365 1365 0 1316 1316 0 1371 1371 0 1368 1368 0 1371 1371 0 1372 1372 0 1370 1370 0 1374 1374 0 1378 1378 0 1376 1376 0 1751 1751 0 1379 1379 0 1312 1312 0 1758 1758 0 1385 1385 0 1384 1384 0 1386 1386 0 1390 1390 0 1387 1387 0 1392 1392 0 1388 1388 0 1308 1308 0 1278 1278 0 1411 1411 0 1279 1279 0 1398 1398 0 1759 1759 0 1399 1399 0 1399 1399 0 1760 1760 0 1400 1400 0 1403 1403 0 1761 1761 0 1401 1401 0 1406 1406 0 1408 1408 0 1762 1762 0 1763 1763 0 1414 1414 0 1413 1413 0 1416 1416 0 1418 1418 0 1271 1271 0 1764 1764 0 1765 1765 0 1766 1766 0 1423 1423 0 1425 1425 0 1262 1262 0 1427 1427 0 1428 1428 0 1256 1256 0 1430 1430 0 1207 1207 0 1431 1431 0 1435 1435 0 1767 1767 0 1768 1768 0 1436 1436 0 1769 1769 0 1434 1434 0 1770 1770 0 1439 1439 0 1438 1438 0 1443 1443 0 1441 1441 0 1440 1440 0 1771 1771 0 1446 1446 0 1445 1445 0 1451 1451 0 1448 1448 0 1449 1449 0 1450 1450 0 1454 1454 0 1453 1453 0 1458 1458 0 1452 1452 0 1456 1456 0 1459 1459 0 1772 1772 0 1461 1461 0 1200 1200 0 1773 1773 0 1198 1198 0 1206 1206 0 1774 1774 0 1204 1204 0 1205 1205 0 1204 1204 0 1484 1484 0 1475 1475 0 1471 1471 0 1473 1473 0 1775 1775 0 1474 1474 0 1477 1477 0 1467 1467 0 1479 1479 0 1465 1465 0 1481 1481 0 1776 1776 0 1482 1482 0 1738 1738 0 1777 1777 0 1737 1737 0 1196 1196 0 1195 1195 0 1488 1488 0 1736 1736 0 1778 1778 0 1490 1490 0 1496 1496 0 1779 1779 0 1497 1497 0 1504 1504 0 1495 1495 0 1501 1501 0 1780 1780 0 1500 1500 0 1502 1502 0 1781 1781 0 1508 1508 0 1782 1782 0 1173 1173 0 1172 1172 0 1509 1509 0 1493 1493 0 1497 1497 0 1779 1779 0 1515 1515 0 1783 1783 0 1513 1513 0 1516 1516 0 1513 1513 0 1517 1517 0 1521 1521 0 1784 1784 0 1132 1132 0 1135 1135 0 1785 1785 0 1522 1522 0 1529 1529 0 1786 1786 0 1527 1527 0 1787 1787 0 1570 1570 0 1788 1788 0 1100 1100 0 1099 1099 0 1102 1102 0 1789 1789 0 1535 1535 0 1537 1537 0 1547 1547 0 1790 1790 0 1539 1539 0 1546 1546 0 1548 1548 0 1547 1547 0 1549 1549 0 1547 1547 0 1548 1548 0 1552 1552 0 1123 1123 0 1554 1554 0 1123 1123 0 1555 1555 0 1554 1554 0 1551 1551 0 1543 1543 0 1542 1542 0 1117 1117 0 1116 1116 0 1791 1791 0 1792 1792 0 1564 1564 0 1793 1793 0 1112 1112 0 1566 1566 0 1114 1114 0 1107 1107 0 1567 1567 0 1713 1713 0 1568 1568 0 1530 1530 0 1532 1532 0 1786 1786 0 1569 1569 0 1531 1531 0 1054 1054 0 1571 1571 0 1087 1087 0 1058 1058 0 1574 1574 0 1056 1056 0 1794 1794 0 1579 1579 0 1576 1576 0 1070 1070 0 1071 1071 0 1069 1069 0 1581 1581 0 1722 1722 0 1582 1582 0 1587 1587 0 1589 1589 0 1585 1585 0 1592 1592 0 5 5 0 4 4 0 12 12 0 10 10 0 9 9 0 1711 1711 0 15 15 0 1044 1044 0 22 22 0 24 24 0 21 21 0 1795 1795 0 1042 1042 0 1041 1041 0 1032 1032 0 1594 1594 0 1030 1030 0 40 40 0 1595 1595 0 36 36 0 1596 1596 0 44 44 0 43 43 0 63 63 0 77 77 0 64 64 0 73 73 0 1601 1601 0 62 62 0 77 77 0 78 78 0 75 75 0 91 91 0 94 94 0 90 90 0 94 94 0 95 95 0 92 92 0 96 96 0 99 99 0 97 97 0 975 975 0 974 974 0 977 977 0 108 108 0 1796 1796 0 1603 1603 0 976 976 0 1604 1604 0 974 974 0 968 968 0 133 133 0 1606 1606 0 131 131 0 140 140 0 132 132 0 1797 1797 0 1798 1798 0 149 149 0 1797 1797 0 1610 1610 0 1798 1798 0 963 963 0 1702 1702 0 161 161 0 957 957 0 174 174 0 170 170 0 197 197 0 1799 1799 0 194 194 0 207 207 0 204 204 0 202 202 0 1800 1800 0 208 208 0 213 213 0 882 882 0 216 216 0 268 268 0 219 219 0 222 222 0 217 217 0 238 238 0 229 229 0 239 239 0 227 227 0 232 232 0 234 234 0 885 885 0 1688 1688 0 883 883 0 886 886 0 246 246 0 1801 1801 0 1619 1619 0 1620 1620 0 1616 1616 0 1691 1691 0 1802 1802 0 261 261 0 265 265 0 263 263 0 266 266 0 894 894 0 896 896 0 898 898 0 1803 1803 0 274 274 0 273 273 0 282 282 0 1804 1804 0 283 283 0 288 288 0 1805 1805 0 290 290 0 1805 1805 0 291 291 0 290 290 0 299 299 0 1806 1806 0 297 297 0 1807 1807 0 1623 1623 0 1622 1622 0 318 318 0 316 316 0 319 319 0 324 324 0 325 325 0 322 322 0 332 332 0 335 335 0 334 334 0 339 339 0 336 336 0 337 337 0 354 354 0 351 351 0 352 352 0 366 366 0 364 364 0 363 363 0 1629 1629 0 371 371 0 367 367 0 784 784 0 1808 1808 0 782 782 0 381 381 0 1631 1631 0 382 382 0 1631 1631 0 378 378 0 379 379 0 377 377 0 389 389 0 375 375 0 1635 1635 0 753 753 0 752 752 0 424 424 0 1809 1809 0 426 426 0 412 412 0 413 413 0 410 410 0 422 422 0 424 424 0 421 421 0 432 432 0 428 428 0 430 430 0 434 434 0 432 432 0 431 431 0 439 439 0 445 445 0 1810 1810 0 703 703 0 1811 1811 0 705 705 0 1639 1639 0 1810 1810 0 445 445 0 1640 1640 0 1641 1641 0 699 699 0 464 464 0 1812 1812 0 465 465 0 468 468 0 463 463 0 1642 1642 0 472 472 0 477 477 0 473 473 0 479 479 0 1643 1643 0 477 477 0 487 487 0 1646 1646 0 676 676 0 490 490 0 668 668 0 491 491 0 494 494 0 498 498 0 492 492 0 661 661 0 497 497 0 1647 1647 0 655 655 0 1648 1648 0 656 656 0 510 510 0 1813 1813 0 508 508 0 519 519 0 516 516 0 517 517 0 536 536 0 532 532 0 533 533 0 537 537 0 542 542 0 539 539 0 547 547 0 543 543 0 1653 1653 0 556 556 0 1814 1814 0 1654 1654 0 559 559 0 563 563 0 560 560 0 568 568 0 565 565 0 566 566 0 577 577 0 1815 1815 0 575 575 0 578 578 0 584 584 0 1656 1656 0 593 593 0 1657 1657 0 590 590 0 598 598 0 600 600 0 1659 1659 0 606 606 0 604 604 0 603 603 0 608 608 0 606 606 0 609 609 0 617 617 0 614 614 0 618 618 0 626 626 0 623 623 0 622 622 0 630 630 0 1816 1816 0 627 627 0 638 638 0 643 643 0 642 642 0 1813 1813 0 641 641 0 508 508 0 647 647 0 1817 1817 0 1662 1662 0 653 653 0 1663 1663 0 1649 1649 0 659 659 0 660 660 0 1665 1665 0 1818 1818 0 672 672 0 665 665 0 671 671 0 665 665 0 672 672 0 680 680 0 470 470 0 678 678 0 697 697 0 692 692 0 694 694 0 705 705 0 707 707 0 703 703 0 1670 1670 0 716 716 0 720 720 0 733 733 0 729 729 0 730 730 0 732 732 0 1819 1819 0 734 734 0 737 737 0 739 739 0 736 736 0 739 739 0 740 740 0 742 742 0 1671 1671 0 1820 1820 0 749 749 0 754 754 0 758 758 0 757 757 0 763 763 0 1821 1821 0 761 761 0 1674 1674 0 766 766 0 765 765 0 1822 1822 0 776 776 0 1676 1676 0 1633 1633 0 1823 1823 0 390 390 0 790 790 0 793 793 0 791 791 0 800 800 0 797 797 0 801 801 0 805 805 0 802 802 0 803 803 0 809 809 0 811 811 0 813 813 0 816 816 0 819 819 0 817 817 0 828 828 0 830 830 0 827 827 0 832 832 0 836 836 0 835 835 0 844 844 0 840 840 0 842 842 0 851 851 0 1687 1687 0 1685 1685 0 860 860 0 305 305 0 850 850 0 305 305 0 304 304 0 859 859 0 866 866 0 870 870 0 867 867 0 870 870 0 1824 1824 0 868 868 0 873 873 0 277 277 0 874 874 0 1825 1825 0 878 878 0 877 877 0 216 216 0 882 882 0 214 214 0 245 245 0 244 244 0 884 884 0 249 249 0 250 250 0 247 247 0 243 243 0 264 264 0 892 892 0 898 898 0 1826 1826 0 894 894 0 904 904 0 1827 1827 0 905 905 0 1828 1828 0 923 923 0 925 925 0 922 922 0 920 920 0 919 919 0 927 927 0 1694 1694 0 924 924 0 929 929 0 933 933 0 932 932 0 939 939 0 1695 1695 0 937 937 0 941 941 0 1696 1696 0 938 938 0 947 947 0 1698 1698 0 948 948 0 179 179 0 1700 1700 0 954 954 0 168 168 0 960 960 0 166 166 0 162 162 0 157 157 0 160 160 0 127 127 0 971 971 0 125 125 0 986 986 0 982 982 0 1706 1706 0 988 988 0 1707 1707 0 987 987 0 991 991 0 994 994 0 992 992 0 1003 1003 0 1006 1006 0 1004 1004 0 1013 1013 0 1010 1010 0 1008 1008 0 1016 1016 0 1012 1012 0 1014 1014 0 1025 1025 0 1020 1020 0 1023 1023 0 1027 1027 0 1025 1025 0 1024 1024 0 1036 1036 0 1829 1829 0 1039 1039 0 31 31 0 1708 1708 0 1830 1830 0 1042 1042 0 1709 1709 0 1040 1040 0 1710 1710 0 1593 1593 0 1711 1711 0 1831 1831 0 1046 1046 0 1712 1712 0 1727 1727 0 1049 1049 0 1048 1048 0 1090 1090 0 1716 1716 0 1715 1715 0 1062 1062 0 1578 1578 0 1063 1063 0 1832 1832 0 1061 1061 0 1717 1717 0 1075 1075 0 1833 1833 0 1720 1720 0 1583 1583 0 1073 1073 0 1581 1581 0 1076 1076 0 1078 1078 0 1077 1077 0 1577 1577 0 1572 1572 0 1575 1575 0 1570 1570 0 1787 1787 0 1724 1724 0 1834 1834 0 1725 1725 0 1097 1097 0 1536 1536 0 1101 1101 0 1095 1095 0 1122 1122 0 1124 1124 0 1556 1556 0 1139 1139 0 1522 1522 0 1785 1785 0 1141 1141 0 1139 1139 0 1138 1138 0 1147 1147 0 1149 1149 0 1146 1146 0 1835 1835 0 1154 1154 0 1153 1153 0 1162 1162 0 1160 1160 0 1159 1159 0 1169 1169 0 1171 1171 0 1511 1511 0 1734 1734 0 1836 1836 0 1180 1180 0 1735 1735 0 1178 1178 0 1182 1182 0 1491 1491 0 1837 1837 0 1190 1190 0 1838 1838 0 1197 1197 0 1193 1193 0 1774 1774 0 1206 1206 0 1202 1202 0 1432 1432 0 1431 1431 0 1207 1207 0 1217 1217 0 1218 1218 0 1215 1215 0 1226 1226 0 1228 1228 0 1230 1230 0 1237 1237 0 1233 1233 0 1234 1234 0 1240 1240 0 1242 1242 0 1241 1241 0 1253 1253 0 1251 1251 0 1250 1250 0 1427 1427 0 1255 1255 0 1254 1254 0 1424 1424 0 1423 1423 0 1260 1260 0 1271 1271 0 1273 1273 0 1416 1416 0 1279 1279 0 1281 1281 0 1278 1278 0 1289 1289 0 1285 1285 0 1287 1287 0 1293 1293 0 1296 1296 0 1295 1295 0 1839 1839 0 1303 1303 0 1299 1299 0 1311 1311 0 1314 1314 0 1309 1309 0 1840 1840 0 1323 1323 0 1322 1322 0 1326 1326 0 1328 1328 0 1324 1324 0 1329 1329 0 1332 1332 0 1330 1330 0 1841 1841 0 1753 1753 0 1334 1334 0 1365 1365 0 1842 1842 0 1366 1366 0 1347 1347 0 1754 1754 0 1345 1345 0 1843 1843 0 1757 1757 0 1844 1844 0 1359 1359 0 1844 1844 0 1360 1360 0 1350 1350 0 1356 1356 0 1355 1355 0 1845 1845 0 1370 1370 0 1373 1373 0 1375 1375 0 1845 1845 0 1373 1373 0 1846 1846 0 1381 1381 0 1380 1380 0 1310 1310 0 1758 1758 0 1384 1384 0 1389 1389 0 1387 1387 0 1390 1390 0 1760 1760 0 1401 1401 0 1400 1400 0 1761 1761 0 1400 1400 0 1401 1401 0 1406 1406 0 1762 1762 0 1405 1405 0 1746 1746 0 1415 1415 0 1847 1847 0 1263 1263 0 1262 1262 0 1421 1421 0 1257 1257 0 1256 1256 0 1426 1426 0 1431 1431 0 1739 1739 0 1211 1211 0 1767 1767 0 1433 1433 0 1768 1768 0 1445 1445 0 1443 1443 0 1771 1771 0 1447 1447 0 1449 1449 0 1448 1448 0 1462 1462 0 1460 1460 0 1459 1459 0 1199 1199 0 1198 1198 0 1777 1777 0 1486 1486 0 1473 1473 0 1472 1472 0 1477 1477 0 1466 1466 0 1775 1775 0 1483 1483 0 1485 1485 0 1776 1776 0 1203 1203 0 1737 1737 0 1201 1201 0 1848 1848 0 1489 1489 0 1773 1773 0 1837 1837 0 1491 1491 0 1778 1778 0 1781 1781 0 1782 1782 0 1505 1505 0 1497 1497 0 1501 1501 0 1495 1495 0 1733 1733 0 1849 1849 0 1172 1172 0 1517 1517 0 1518 1518 0 1129 1129 0 1133 1133 0 1850 1850 0 1519 1519 0 1095 1095 0 1094 1094 0 1851 1851 0 1106 1106 0 1538 1538 0 1104 1104 0 1852 1852 0 1540 1540 0 1539 1539 0 1545 1545 0 1541 1541 0 1543 1543 0 1556 1556 0 1557 1557 0 1122 1122 0 1730 1730 0 1729 1729 0 1853 1853 0 1792 1792 0 1793 1793 0 1561 1561 0 1121 1121 0 1853 1853 0 1119 1119 0 1531 1531 0 1527 1527 0 1786 1786 0 1854 1854 0 1855 1855 0 1524 1524 0 1526 1526 0 1854 1854 0 1524 1524 0 1066 1066 0 1067 1067 0 1065 1065 0 1723 1723 0 1584 1584 0 1722 1722 0 13 13 0 1856 1856 0 1045 1045 0 26 26 0 1857 1857 0 25 25 0 1043 1043 0 1040 1040 0 1709 1709 0 44 44 0 40 40 0 41 41 0 60 60 0 1600 1600 0 66 66 0 67 67 0 70 70 0 65 65 0 80 80 0 1858 1858 0 82 82 0 89 89 0 86 86 0 87 87 0 93 93 0 90 90 0 94 94 0 1796 1796 0 1859 1859 0 1603 1603 0 125 125 0 130 130 0 126 126 0 1860 1860 0 146 146 0 1609 1609 0 962 962 0 961 961 0 1702 1702 0 956 956 0 955 955 0 176 176 0 1861 1861 0 201 201 0 1611 1611 0 1613 1613 0 1692 1692 0 1612 1612 0 222 222 0 226 226 0 228 228 0 240 240 0 239 239 0 229 229 0 267 267 0 269 269 0 1688 1688 0 886 886 0 1801 1801 0 887 887 0 266 266 0 892 892 0 264 264 0 1862 1862 0 283 283 0 1804 1804 0 290 290 0 287 287 0 288 288 0 1806 1806 0 295 295 0 297 297 0 316 316 0 1621 1621 0 314 314 0 326 326 0 329 329 0 328 328 0 338 338 0 340 340 0 342 342 0 353 353 0 355 355 0 357 357 0 368 368 0 366 366 0 369 369 0 784 784 0 1632 1632 0 1808 1808 0 1823 1823 0 1633 1633 0 779 779 0 419 419 0 422 422 0 420 420 0 429 429 0 425 425 0 430 430 0 703 703 0 702 702 0 1811 1811 0 452 452 0 699 699 0 453 453 0 1812 1812 0 462 462 0 465 465 0 478 478 0 483 483 0 482 482 0 482 482 0 480 480 0 478 478 0 506 506 0 494 494 0 507 507 0 495 495 0 659 659 0 496 496 0 528 528 0 530 530 0 526 526 0 542 542 0 1652 1652 0 540 540 0 1863 1863 0 1653 1653 0 543 543 0 1814 1814 0 1864 1864 0 1654 1654 0 564 564 0 566 566 0 561 561 0 1656 1656 0 1865 1865 0 578 578 0 595 595 0 593 593 0 1658 1658 0 1659 1659 0 599 599 0 598 598 0 604 604 0 1866 1866 0 601 601 0 615 615 0 618 618 0 614 614 0 623 623 0 1661 1661 0 620 620 0 1816 1816 0 628 628 0 627 627 0 512 512 0 634 634 0 636 636 0 1649 1649 0 651 651 0 653 653 0 504 504 0 1867 1867 0 661 661 0 1868 1868 0 667 667 0 1666 1666 0 693 693 0 687 687 0 691 691 0 721 721 0 724 724 0 722 722 0 730 730 0 731 731 0 733 733 0 1819 1819 0 737 737 0 734 734 0 753 753 0 750 750 0 1672 1672 0 762 762 0 1674 1674 0 763 763 0 1676 1676 0 773 773 0 1822 1822 0 795 795 0 792 792 0 796 796 0 808 808 0 805 805 0 806 806 0 815 815 0 1681 1681 0 812 812 0 819 819 0 820 820 0 822 822 0 830 830 0 831 831 0 833 833 0 843 843 0 845 845 0 847 847 0 849 849 0 1684 1684 0 846 846 0 1685 1685 0 852 852 0 851 851 0 1824 1824 0 872 872 0 868 868 0 1688 1688 0 1689 1689 0 267 267 0 895 895 0 1869 1869 0 1693 1693 0 910 910 0 912 912 0 914 914 0 925 925 0 921 921 0 1828 1828 0 933 933 0 934 934 0 936 936 0 935 935 0 937 937 0 1695 1695 0 949 949 0 1699 1699 0 950 950 0 159 159 0 965 965 0 157 157 0 129 129 0 1704 1704 0 968 968 0 992 992 0 989 989 0 990 990 0 999 999 0 1002 1002 0 1000 1000 0 1011 1011 0 1009 1009 0 1008 1008 0 1021 1021 0 1018 1018 0 1019 1019 0 1870 1870 0 1039 1039 0 1829 1829 0 28 28 0 25 25 0 1857 1857 0 1712 1712 0 1871 1871 0 1831 1831 0 1574 1574 0 1058 1058 0 1572 1572 0 1717 1717 0 1872 1872 0 1718 1718 0 1872 1872 0 1720 1720 0 1718 1718 0 1721 1721 0 1076 1076 0 1075 1075 0 1086 1086 0 1059 1059 0 1084 1084 0 1094 1094 0 1096 1096 0 1787 1787 0 1051 1051 0 1834 1834 0 1097 1097 0 1154 1154 0 1151 1151 0 1150 1150 0 1168 1168 0 1732 1732 0 1165 1165 0 1873 1873 0 1180 1180 0 1836 1836 0 1778 1778 0 1736 1736 0 1837 1837 0 1777 1777 0 1738 1738 0 1199 1199 0 1214 1214 0 1210 1210 0 1212 1212 0 1221 1221 0 1215 1215 0 1219 1219 0 1742 1742 0 1230 1230 0 1229 1229 0 1239 1239 0 1237 1237 0 1236 1236 0 1246 1246 0 1244 1244 0 1243 1243 0 1421 1421 0 1420 1420 0 1263 1263 0 1415 1415 0 1746 1746 0 1272 1272 0 1874 1874 0 1287 1287 0 1286 1286 0 1298 1298 0 1747 1747 0 1394 1394 0 1380 1380 0 1377 1377 0 1846 1846 0 1319 1319 0 1840 1840 0 1322 1322 0 1330 1330 0 1327 1327 0 1328 1328 0 1334 1334 0 1336 1336 0 1841 1841 0 1345 1345 0 1348 1348 0 1347 1347 0 1755 1755 0 1354 1354 0 1353 1353 0 1340 1340 0 1339 1339 0 1362 1362 0 1384 1384 0 1875 1875 0 1310 1310 0 1414 1414 0 1399 1399 0 1759 1759 0 1409 1409 0 1396 1396 0 1410 1410 0 1766 1766 0 1763 1763 0 1413 1413 0 1402 1402 0 1401 1401 0 1404 1404 0 1876 1876 0 1768 1768 0 1433 1433 0 1442 1442 0 1771 1771 0 1443 1443 0 1453 1453 0 1877 1877 0 1450 1450 0 1772 1772 0 1464 1464 0 1461 1461 0 1472 1472 0 1878 1878 0 1486 1486 0 1465 1465 0 1775 1775 0 1466 1466 0 1197 1197 0 1838 1838 0 1195 1195 0 1170 1170 0 1510 1510 0 1849 1849 0 1502 1502 0 1501 1501 0 1780 1780 0 1879 1879 0 1519 1519 0 1880 1880 0 1095 1095 0 1851 1851 0 1536 1536 0 1540 1540 0 1789 1789 0 1537 1537 0 1542 1542 0 1552 1552 0 1551 1551 0 1117 1117 0 1791 1791 0 1729 1729 0 1881 1881 0 1524 1524 0 1855 1855 0 16 16 0 1045 1045 0 1856 1856 0 1830 1830 0 32 32 0 31 31 0 76 76 0 64 64 0 77 77 0 1858 1858 0 85 85 0 82 82 0 112 112 0 114 114 0 110 110 0 970 970 0 1605 1605 0 123 123 0 154 154 0 156 156 0 151 151 0 959 959 0 168 168 0 164 164 0 1611 1611 0 198 198 0 1861 1861 0 880 880 0 879 879 0 215 215 0 242 242 0 231 231 0 230 230 0 1617 1617 0 1618 1618 0 1802 1802 0 1882 1882 0 1862 1862 0 1804 1804 0 286 286 0 281 281 0 284 284 0 1624 1624 0 321 321 0 317 317 0 1883 1883 0 332 332 0 331 331 0 344 344 0 1626 1626 0 341 341 0 359 359 0 1627 1627 0 356 356 0 371 371 0 372 372 0 1630 1630 0 376 376 0 374 374 0 377 377 0 1809 1809 0 427 427 0 426 426 0 1810 1810 0 437 437 0 439 439 0 1884 1884 0 461 461 0 460 460 0 1885 1885 0 1886 1886 0 474 474 0 1665 1665 0 1664 1664 0 659 659 0 538 538 0 536 536 0 535 535 0 545 545 0 1863 1863 0 543 543 0 553 553 0 1654 1654 0 1864 1864 0 558 558 0 1887 1887 0 555 555 0 1865 1865 0 580 580 0 578 578 0 596 596 0 597 597 0 599 599 0 1888 1888 0 607 607 0 611 611 0 621 621 0 616 616 0 619 619 0 628 628 0 626 626 0 625 625 0 509 509 0 1662 1662 0 1817 1817 0 664 664 0 1868 1868 0 1666 1666 0 698 698 0 697 697 0 696 696 0 728 728 0 725 725 0 726 726 0 1821 1821 0 759 759 0 761 761 0 779 779 0 781 781 0 1823 1823 0 1678 1678 0 798 798 0 794 794 0 810 810 0 1680 1680 0 807 807 0 821 821 0 309 309 0 308 308 0 836 836 0 837 837 0 839 839 0 838 838 0 842 842 0 841 841 0 273 273 0 1825 1825 0 877 877 0 212 212 0 1800 1800 0 213 213 0 911 911 0 1889 1889 0 909 909 0 926 926 0 928 928 0 930 930 0 932 932 0 930 930 0 929 929 0 176 176 0 1701 1701 0 956 956 0 1702 1702 0 1703 1703 0 962 962 0 1006 1006 0 1007 1007 0 1009 1009 0 1829 1829 0 1795 1795 0 1870 1870 0 19 19 0 1711 1711 0 1593 1593 0 1890 1890 0 0 0 0 1590 1590 0 1579 1579 0 1794 1794 0 1578 1578 0 1833 1833 0 1718 1718 0 1720 1720 0 1091 1091 0 1093 1093 0 1089 1089 0 1093 1093 0 1726 1726 0 1092 1092 0 1151 1151 0 1148 1148 0 1149 1149 0 1166 1166 0 1161 1161 0 1164 1164 0 1836 1836 0 1891 1891 0 1873 1873 0 1489 1489 0 1892 1892 0 1196 1196 0 1773 1773 0 1200 1200 0 1848 1848 0 1231 1231 0 1234 1234 0 1232 1232 0 1744 1744 0 1248 1248 0 1245 1245 0 1259 1259 0 1261 1261 0 1257 1257 0 1893 1893 0 1874 1874 0 1286 1286 0 1378 1378 0 1846 1846 0 1377 1377 0 1894 1894 0 1346 1346 0 1348 1348 0 1353 1353 0 1894 1894 0 1348 1348 0 1875 1875 0 1311 1311 0 1310 1310 0 1759 1759 0 1412 1412 0 1414 1414 0 1746 1746 0 1847 1847 0 1274 1274 0 1769 1769 0 1770 1770 0 1434 1434 0 1441 1441 0 1437 1437 0 1439 1439 0 1460 1460 0 1458 1458 0 1457 1457 0 1202 1202 0 1201 1201 0 1774 1774 0 1469 1469 0 1895 1895 0 1896 1896 0 1500 1500 0 1780 1780 0 1498 1498 0 1511 1511 0 1512 1512 0 1169 1169 0 1783 1783 0 1517 1517 0 1513 1513 0 1787 1787 0 1788 1788 0 1094 1094 0 1110 1110 0 1713 1713 0 1108 1108 0 1528 1528 0 1881 1881 0 1855 1855 0 10 10 0 8 8 0 7 7 0 1033 1033 0 1830 1830 0 1708 1708 0 1897 1897 0 59 59 0 1597 1597 0 122 122 0 124 124 0 120 120 0 965 965 0 159 159 0 155 155 0 200 200 0 1861 1861 0 198 198 0 1869 1869 0 1612 1612 0 1693 1693 0 1615 1615 0 243 243 0 242 242 0 1804 1804 0 1898 1898 0 1882 1882 0 329 329 0 1883 1883 0 331 331 0 346 346 0 344 344 0 347 347 0 358 358 0 360 360 0 362 362 0 777 777 0 776 776 0 393 393 0 1637 1637 0 418 418 0 415 415 0 667 667 0 1818 1818 0 665 665 0 544 544 0 540 540 0 1652 1652 0 1864 1864 0 550 550 0 553 553 0 1887 1887 0 556 556 0 555 555 0 1815 1815 0 1899 1899 0 575 575 0 613 613 0 1888 1888 0 611 611 0 1660 1660 0 619 619 0 616 616 0 1665 1665 0 658 658 0 657 657 0 1666 1666 0 663 663 0 664 664 0 718 718 0 719 719 0 716 716 0 785 785 0 786 786 0 783 783 0 1682 1682 0 826 826 0 823 823 0 1683 1683 0 828 828 0 824 824 0 1889 1889 0 1900 1900 0 909 909 0 919 919 0 1828 1828 0 921 921 0 174 174 0 958 958 0 172 172 0 1009 1009 0 1005 1005 0 1006 1006 0 1041 1041 0 1870 1870 0 1795 1795 0 1061 1061 0 1084 1084 0 1059 1059 0 1719 1719 0 1832 1832 0 1717 1717 0 1891 1891 0 1901 1901 0 1873 1873 0 1489 1489 0 1848 1848 0 1892 1892 0 1241 1241 0 1743 1743 0 1238 1238 0 1286 1286 0 1902 1902 0 1893 1893 0 1322 1322 0 1903 1903 0 1319 1319 0 1357 1357 0 1351 1351 0 1359 1359 0 1413 1413 0 1764 1764 0 1766 1766 0 1448 1448 0 1444 1444 0 1446 1446 0 1454 1454 0 1455 1455 0 1452 1452 0 1878 1878 0 1468 1468 0 1486 1486 0 1904 1904 0 1494 1494 0 1493 1493 0 1905 1905 0 1515 1515 0 1906 1906 0 1855 1855 0 1529 1529 0 1528 1528 0 1790 1790 0 1852 1852 0 1539 1539 0 1857 1857 0 29 29 0 28 28 0 102 102 0 97 97 0 99 99 0 954 954 0 1907 1907 0 179 179 0 202 202 0 205 205 0 207 207 0 1693 1693 0 893 893 0 895 895 0 1898 1898 0 862 862 0 1882 1882 0 350 350 0 345 345 0 348 348 0 364 364 0 1628 1628 0 361 361 0 411 411 0 408 408 0 412 412 0 1644 1644 0 473 473 0 477 477 0 533 533 0 534 534 0 536 536 0 548 548 0 551 551 0 549 549 0 1899 1899 0 1908 1908 0 575 575 0 1866 1866 0 602 602 0 601 601 0 1909 1909 0 664 664 0 505 505 0 717 717 0 715 715 0 718 718 0 385 385 0 384 384 0 387 387 0 817 817 0 815 815 0 814 814 0 1910 1910 0 909 909 0 1900 1900 0 1610 1610 0 1797 1797 0 150 150 0 995 995 0 998 998 0 996 996 0 1856 1856 0 17 17 0 16 16 0 1576 1576 0 1575 1575 0 1794 1794 0 1911 1911 0 1873 1873 0 1901 1901 0 1227 1227 0 1224 1224 0 1225 1225 0 1902 1902 0 1748 1748 0 1893 1893 0 1844 1844 0 1359 1359 0 1843 1843 0 1269 1269 0 1268 1268 0 1417 1417 0 1912 1912 0 1463 1463 0 1464 1464 0 1896 1896 0 1487 1487 0 1469 1469 0 1779 1779 0 1904 1904 0 1493 1493 0 1514 1514 0 1906 1906 0 1515 1515 0 1055 1055 0 1056 1056 0 1053 1053 0 37 37 0 35 35 0 34 34 0 954 954 0 951 951 0 1907 1907 0 1826 1826 0 895 895 0 894 894 0 1625 1625 0 337 337 0 333 333 0 406 406 0 409 409 0 407 407 0 1913 1913 0 528 528 0 527 527 0 1914 1914 0 575 575 0 1908 1908 0 1658 1658 0 596 596 0 595 595 0 741 741 0 1915 1915 0 745 745 0 1679 1679 0 803 803 0 799 799 0 1916 1916 0 1910 1910 0 1900 1900 0 985 985 0 988 988 0 986 986 0 1590 1590 0 1588 1588 0 1890 1890 0 1776 1776 0 1917 1917 0 1483 1483 0 1750 1750 0 1893 1893 0 1748 1748 0 1757 1757 0 1843 1843 0 1361 1361 0 1266 1266 0 1419 1419 0 1268 1268 0 1193 1193 0 1192 1192 0 1838 1838 0 1572 1572 0 1577 1577 0 1573 1573 0 1699 1699 0 949 949 0 951 951 0 206 206 0 210 210 0 899 899 0 323 323 0 320 320 0 324 324 0 1918 1918 0 1913 1913 0 527 527 0 1908 1908 0 1919 1919 0 1914 1914 0 633 633 0 522 522 0 521 521 0 791 791 0 1677 1677 0 788 788 0 983 983 0 981 981 0 980 980 0 1085 1085 0 1714 1714 0 1716 1716 0 1776 1776 0 1481 1481 0 1917 1917 0 1362 1362 0 1361 1361 0 1340 1340 0 1420 1420 0 1422 1422 0 1265 1265 0 181 181 0 183 183 0 949 949 0 199 199 0 197 197 0 196 196 0 1622 1622 0 1920 1920 0 1807 1807 0 1919 1919 0 1655 1655 0 1914 1914 0 1921 1921 0 787 787 0 789 789 0 981 981 0 1922 1922 0 1705 1705 0 1102 1102 0 1106 1106 0 1103 1103 0 1480 1480 0 1467 1467 0 1481 1481 0 1365 1365 0 1341 1341 0 1842 1842 0 1260 1260 0 1259 1259 0 1424 1424 0 1698 1698 0 947 947 0 182 182 0 1799 1799 0 190 190 0 194 194 0 1923 1923 0 1914 1914 0 1655 1655 0 789 789 0 1924 1924 0 1921 1921 0 1726 1726 0 1097 1097 0 1725 1725 0 1901 1901 0 1925 1925 0 1911 1911 0 1338 1338 0 1841 1841 0 1336 1336 0 1926 1926 0 1766 1766 0 1765 1765 0 1697 1697 0 184 184 0 944 944 0 1927 1927 0 192 192 0 191 191 0 573 573 0 1923 1923 0 1655 1655 0 312 312 0 1921 1921 0 1924 1924 0 1559 1559 0 1558 1558 0 1109 1109 0 1928 1928 0 1911 1911 0 1925 1925 0 1332 1332 0 1333 1333 0 1335 1335 0 1929 1929 0 1927 1927 0 191 191 0 571 571 0 573 573 0 572 572 0 1924 1924 0 310 310 0 312 312 0 1930 1930 0 1047 1047 0 1728 1728 0 1323 1323 0 1752 1752 0 1325 1325 0 527 527 0 523 523 0 1918 1918 0 825 825 0 823 823 0 826 826 0 1114 1114 0 1562 1562 0 1115 1115 0 1903 1903 0 1320 1320 0 1319 1319 0 525 525 0 1918 1918 0 523 523 0 1564 1564 0 1792 1792 0 1562 1562 0 1369 1369 0 1317 1317 0 1316 1316 0 1931 1931 0 525 525 0 1650 1650 0 1561 1561 0 1560 1560 0 1792 1792 0 1381 1381 0 1382 1382 0 1379 1379 0 587 587 0 1931 1931 0 1650 1650 0 1116 1116 0 1118 1118 0 1560 1560 0 1387 1387 0 1383 1383 0 1385 1385 0 1650 1650 0 585 585 0 587 587 0 1390 1390 0 1391 1391 0 1388 1388 0 591 591 0 588 588 0 586 586 0 1284 1284 0 1393 1393 0 1282 1282 0 522 522 0 519 519 0 520 520 0 1304 1304 0 1301 1301 0 1306 1306 0 1932 1932 0 514 514 0 516 516 0 1303 1303 0 1839 1839 0 1301 1301 0 516 516 0 1933 1933 0 1932 1932 0 1299 1299 0 1298 1298 0 1839 1839 0 1933 1933 0 511 511 0 1932 1932 0 1394 1394 0 1395 1395 0 1298 1298 0 1934 1934 0 1932 1932 0 511 511 0 1935 1935 0 1750 1750 0 1749 1749 0 513 513 0 1934 1934 0 511 511 0 1765 1765 0 1935 1935 0 1749 1749 0 645 645 0 510 510 0 509 509 0 1749 1749 0 1926 1926 0 1765 1765 0 1817 1817 0 644 644 0 509 509 0 1405 1405 0 1404 1404 0 1406 1406 0 504 504 0 502 502 0 1867 1867 0 1407 1407 0 1406 1406 0 1409 1409 0 507 507 0 1909 1909 0 505 505 0 1268 1268 0 1270 1270 0 1266 1266 0 488 488 0 487 487 0 490 490 0 1255 1255 0 1745 1745 0 1252 1252 0 676 676 0 677 677 0 487 487 0 1248 1248 0 1249 1249 0 1251 1251 0 476 476 0 1885 1885 0 474 474 0 1741 1741 0 1223 1223 0 1220 1220 0 1886 1886 0 1936 1936 0 474 474 0 1740 1740 0 1217 1217 0 1429 1429 0 1667 1667 0 474 474 0 1936 1936 0 1208 1208 0 1876 1876 0 1433 1433 0 1936 1936 0 1937 1937 0 1667 1667 0 1768 1768 0 1436 1436 0 1435 1435 0 1937 1937 0 680 680 0 1667 1667 0 1438 1438 0 1434 1434 0 1770 1770 0 683 683 0 1884 1884 0 460 460 0 1877 1877 0 1451 1451 0 1450 1450 0 460 460 0 681 681 0 683 683 0 1464 1464 0 1938 1938 0 1912 1912 0 1668 1668 0 683 683 0 682 682 0 1938 1938 0 1939 1939 0 1912 1912 0 682 682 0 1669 1669 0 685 685 0 1940 1940 0 1912 1912 0 1939 1939 0 686 686 0 689 689 0 684 684 0 1895 1895 0 1940 1940 0 1939 1939 0 688 688 0 684 684 0 689 689 0 1939 1939 0 1896 1896 0 1895 1895 0 689 689 0 690 690 0 687 687 0 1188 1188 0 1175 1175 0 1189 1189 0 457 457 0 1640 1640 0 455 455 0 1187 1187 0 1941 1941 0 1175 1175 0 699 699 0 700 700 0 1640 1640 0 1187 1187 0 1185 1185 0 1941 1941 0 449 449 0 446 446 0 450 450 0 1183 1183 0 1182 1182 0 1185 1185 0 702 702 0 704 704 0 446 446 0 1925 1925 0 1492 1492 0 1928 1928 0 407 407 0 1942 1942 0 405 405 0 1494 1494 0 1928 1928 0 1492 1492 0 709 709 0 405 405 0 1942 1942 0 1505 1505 0 1498 1498 0 1943 1943 0 1942 1942 0 1944 1944 0 709 709 0 1505 1505 0 1943 1943 0 1781 1781 0 1944 1944 0 710 710 0 709 709 0 1508 1508 0 1781 1781 0 1173 1173 0 712 712 0 708 708 0 710 710 0 1849 1849 0 1733 1733 0 1170 1170 0 1945 1945 0 712 712 0 713 713 0 1160 1160 0 1946 1946 0 1156 1156 0 715 715 0 1945 1945 0 713 713 0 1946 1946 0 1157 1157 0 1156 1156 0 1947 1947 0 745 745 0 1915 1915 0 1153 1153 0 1155 1155 0 1157 1157 0 1915 1915 0 1948 1948 0 1947 1947 0 1157 1157 0 1835 1835 0 1153 1153 0 1949 1949 0 1947 1947 0 1948 1948 0 1145 1145 0 1142 1142 0 1143 1143 0 1636 1636 0 1949 1949 0 1948 1948 0 1731 1731 0 1143 1143 0 1141 1141 0 1948 1948 0 400 400 0 1636 1636 0 1785 1785 0 1137 1137 0 1139 1139 0 402 402 0 403 403 0 400 400 0 1520 1520 0 1134 1134 0 1521 1521 0 401 401 0 749 749 0 402 402 0 1784 1784 0 1133 1133 0 1132 1132 0 1820 1820 0 402 402 0 749 749 0 1850 1850 0 1880 1880 0 1519 1519 0 748 748 0 1672 1672 0 750 750 0 1906 1906 0 1879 1879 0 1880 1880 0 1634 1634 0 399 399 0 398 398 0 1880 1880 0 1905 1905 0 1906 1906 0 755 755 0 394 394 0 396 396 0 1126 1126 0 1128 1128 0 1130 1130 0 757 757 0 755 755 0 754 754 0 1127 1127 0 1950 1950 0 1125 1125 0 758 758 0 1673 1673 0 756 756 0 1950 1950 0 1526 1526 0 1125 1125 0 1951 1951 0 769 769 0 768 768 0 1525 1525 0 1125 1125 0 1526 1526 0 768 768 0 1952 1952 0 1951 1951 0 1535 1535 0 1568 1568 0 1533 1533 0 1675 1675 0 1951 1951 0 1952 1952 0 1853 1853 0 1121 1121 0 1730 1730 0 1952 1952 0 772 772 0 1675 1675 0 1064 1064 0 1580 1580 0 1062 1062 0 772 772 0 1822 1822 0 773 773 0 1073 1073 0 1583 1583 0 1071 1071 0 374 374 0 1630 1630 0 372 372 0 1079 1079 0 1078 1078 0 1082 1082 0 311 311 0 1807 1807 0 1920 1920 0 1052 1052 0 1727 1727 0 1050 1050 0 1920 1920 0 313 313 0 311 311 0 1728 1728 0 1587 1587 0 1930 1930 0 304 304 0 306 306 0 293 293 0 1586 1586 0 1930 1930 0 1587 1587 0 1953 1953 0 1882 1882 0 862 862 0 1589 1589 0 1890 1890 0 1588 1588 0 864 864 0 1953 1953 0 862 862 0 1591 1591 0 1831 1831 0 1871 1871 0 867 867 0 278 278 0 280 280 0 1871 1871 0 3 3 0 1591 1591 0 877 877 0 1803 1803 0 273 273 0 20 20 0 22 22 0 18 18 0 880 880 0 876 876 0 878 878 0 41 41 0 42 42 0 44 44 0 887 887 0 888 888 0 886 886 0 45 45 0 48 48 0 46 46 0 256 256 0 1619 1619 0 254 254 0 48 48 0 1954 1954 0 47 47 0 1616 1616 0 1690 1690 0 1619 1619 0 1954 1954 0 1955 1955 0 47 47 0 252 252 0 1617 1617 0 250 250 0 1955 1955 0 49 49 0 47 47 0 1802 1802 0 1691 1691 0 1617 1617 0 1956 1956 0 47 47 0 49 49 0 901 901 0 1929 1929 0 191 191 0 51 51 0 1956 1956 0 49 49 0 191 191 0 902 902 0 901 901 0 1028 1028 0 1024 1024 0 53 53 0 902 902 0 903 903 0 900 900 0 1957 1957 0 1705 1705 0 1922 1922 0 1827 1827 0 908 908 0 905 905 0 1922 1922 0 1958 1958 0 1957 1957 0 1959 1959 0 907 907 0 908 908 0 1958 1958 0 55 55 0 1957 1957 0 908 908 0 1916 1916 0 1959 1959 0 57 57 0 1957 1957 0 55 55 0 1900 1900 0 1959 1959 0 1916 1916 0 1598 1598 0 58 58 0 56 56 0 187 187 0 189 189 0 185 185 0 56 56 0 1599 1599 0 1598 1598 0 186 186 0 944 944 0 184 184 0 1599 1599 0 1897 1897 0 1597 1597 0 945 945 0 944 944 0 947 947 0 83 83 0 81 81 0 80 80 0 151 151 0 150 150 0 966 966 0 104 104 0 1602 1602 0 105 105 0 149 149 0 146 146 0 1797 1797 0 1960 1960 0 106 106 0 105 105 0 1609 1609 0 142 142 0 1860 1860 0 105 105 0 1961 1961 0 1960 1960 0 141 141 0 1860 1860 0 142 142 0 1961 1961 0 1962 1962 0 1960 1960 0 143 143 0 1607 1607 0 141 141 0 1963 1963 0 1960 1960 0 1962 1962 0 1608 1608 0 1964 1964 0 141 141 0 1965 1965 0 1963 1963 0 1962 1962 0 1608 1608 0 137 137 0 1964 1964 0 1962 1962 0 1603 1603 0 1965 1965 0 135 135 0 134 134 0 137 137 0 1859 1859 0 1965 1965 0 1603 1603 0 140 140 0 967 967 0 134 134 0 111 111 0 110 110 0 116 116 0 133 133 0 969 969 0 131 131 0 977 977 0 978 978 0 975 975 0 123 123 0 972 972 0 970 970 0 1604 1604 0 976 976 0 119 119 0</p></triangles></mesh></geometry></library_geometries><library_visual_scenes><visual_scene id="Scene"><node id="road-node"><instance_geometry url="#road"><bind_material><technique_common><instance_material symbol="asphalt" target="#asphalt-material"><bind_vertex_input semantic="UVSET0" input_semantic="TEXCOORD" input_set="0" /></instance_material></technique_common></bind_material></instance_geometry></node></visual_scene></library_visual_scenes><scene><instance_visual_scene url="#Scene" /></scene></COLLADA>