<?xml version='1.0' encoding='utf-8'?>
<COLLADA xmlns="http://www.collada.org/2005/11/COLLADASchema" version="1.4.1"><asset><created>2026-09-12T00:00:00Z</created><modified>2026-09-12T00:00:00Z</modified><unit name="meter" meter="1" /><up_axis>Z_UP</up_axis></asset><library_images><image id="asphalt-image"><init_from>textures/asphalt.png</init_from></image></library_images><library_effects><effect id="asphalt-effect"><profile_COMMON><newparam sid="surface"><surface type="2D"><init_from>asphalt-image</init_from></surface></newparam><newparam sid="sampler"><sampler2D><source>surface</source></sampler2D></newparam><technique sid="common"><phong><diffuse><texture texture="sampler" texcoord="UVSET0" /></diffuse><specular><color>0.02 0.02 0.02 1</color></specular></phong></technique></profile_COMMON></effect></library_effects><library_materials><material id="asphalt-material"><instance_effect url="#asphalt-effect" /></material></library_materials><library_geometries><geometry id="road"><mesh><source id="positions"><float_array id="positions-array" count="6861">-157.2900672 115.4028453 0.0000000 -153.3517686 112.3226148 0.0000000 -145.9589219 121.7749065 0.0000000 -173.5270118 143.3365203 0.0000000 -177.4653104 146.4167508 0.0000000 -184.8581571 136.9644591 0.0000000 -181.4036089 149.4969814 0.0000000 -185.3419075 152.5772119 0.0000000 -189.2802061 155.6574424 0.0000000 -192.7347542 143.1249202 0.0000000 -196.6730528 146.2051508 0.0000000 -208.4879484 155.4458424 0.0000000 -200.6113513 149.2853813 0.0000000 -201.0951017 164.8981341 0.0000000 -205.0334003 167.9783646 0.0000000 -212.4262470 158.5260729 0.0000000 -216.3645456 161.6063035 0.0000000 -208.9716989 171.0585952 0.0000000 -212.9099974 174.1388257 0.0000000 -216.8482960 177.2190562 0.0000000 -220.3028441 164.6865340 0.0000000 -220.7865945 180.2992868 0.0000000 -228.1794412 170.8469951 0.0000000 -224.7248931 183.3795173 0.0000000 -228.6631917 186.4597479 0.0000000 -232.1177398 173.9272257 0.0000000 -232.6014902 189.5399784 0.0000000 -236.5397888 192.6202090 0.0000000 -239.9943369 180.0876867 0.0000000 -240.4780873 195.7004395 0.0000000 -247.8709340 186.2481478 0.0000000 -251.8092326 189.3283784 0.0000000 -244.3929417 198.7623338 0.0000000 -255.7851149 192.5017816 0.0000000 -255.7633943 192.4843607 0.0000000 -248.2662566 201.8541589 0.0000000 -263.5711740 198.7762813 0.0000000 -271.3572331 205.0507811 0.0000000 -267.4642036 201.9135312 0.0000000 -259.9345051 211.2571729 0.0000000 -263.8275346 214.3944228 0.0000000 -267.7205641 217.5316726 0.0000000 -279.1432922 211.3252808 0.0000000 -275.2502626 208.1880309 0.0000000 -279.3996528 226.9434222 0.0000000 -283.2926823 230.0806721 0.0000000 -290.8223808 220.7370304 0.0000000 -302.5014694 230.1487800 0.0000000 -298.6084399 227.0115301 0.0000000 -291.0787414 236.3551718 0.0000000 -294.7154104 223.8742803 0.0000000 -287.1857118 233.2179220 0.0000000 -294.9717709 239.4924217 0.0000000 -298.8648005 242.6296716 0.0000000 -314.1805581 239.5605296 0.0000000 -310.2875285 236.4232797 0.0000000 -306.6508596 248.9041713 0.0000000 -321.9666171 245.8350293 0.0000000 -318.0735876 242.6977795 0.0000000 -314.4369186 255.1786710 0.0000000 -329.7526762 252.1095291 0.0000000 -325.8596467 248.9722792 0.0000000 -318.3299482 258.3159209 0.0000000 -322.2229777 261.4531708 0.0000000 -326.1160073 264.5904206 0.0000000 -337.7950959 274.0021702 0.0000000 -341.6881254 277.1394201 0.0000000 -345.3247944 264.6585285 0.0000000 -345.5811550 280.2766700 0.0000000 -353.1108535 270.9330283 0.0000000 -360.9643461 277.6024276 0.0000000 -357.2393298 274.2702278 0.0000000 -349.3538868 283.3169763 0.0000000 -352.8712339 286.4634063 0.0000000 -356.1770588 289.6764517 0.0000000 -361.1458840 277.7717106 0.0000000 -364.7270677 281.2523867 0.0000000 -176.9815600 130.8039981 0.0000000 -173.0432614 127.7237675 0.0000000 -165.6504147 137.1760592 0.0000000 -169.1049628 124.6435370 0.0000000 -149.8972205 124.8551370 0.0000000 -157.7738176 131.0155981 0.0000000 -165.1666643 121.5633064 0.0000000 -142.0206234 118.6946759 0.0000000 -149.4134700 109.2423843 0.0000000 -145.4751715 106.1621537 0.0000000 -134.1440262 112.5342148 0.0000000 -138.0823248 115.6144454 0.0000000 -137.5985744 100.0016926 0.0000000 -133.6602758 96.9214621 0.0000000 -126.2674291 106.3737538 0.0000000 -102.1538873 72.2796177 0.0000000 -98.2155888 69.1993872 0.0000000 -90.8227421 78.6516789 0.0000000 -82.9461450 72.4912178 0.0000000 -86.8844435 75.5714483 0.0000000 -94.2772902 66.1191567 0.0000000 -79.0078464 69.4109872 0.0000000 -90.3389917 63.0389261 0.0000000 -86.4006931 59.9586956 0.0000000 -82.4623945 56.8784650 0.0000000 -71.1312493 63.2505261 0.0000000 -75.0695478 66.3307567 0.0000000 -78.5240960 53.7982345 0.0000000 -74.5857974 50.7180039 0.0000000 -59.3163536 54.0098345 0.0000000 -63.2546522 57.0900651 0.0000000 -70.6474989 47.6377734 0.0000000 -55.3780550 50.9296040 0.0000000 -62.7709017 41.4773123 0.0000000 -58.8326032 38.3970818 0.0000000 -51.4397565 47.8493734 0.0000000 -43.5631594 41.6889123 0.0000000 -47.5014579 44.7691429 0.0000000 -54.8943046 35.3168512 0.0000000 -39.6248608 38.6086818 0.0000000 -50.9560061 32.2366207 0.0000000 82.2736575 -73.2535658 0.0000000 97.5728285 -70.1027832 0.0000000 89.7534160 -63.8698985 0.0000000 85.8437098 -60.7534561 0.0000000 78.3639513 -70.1371234 0.0000000 81.9340036 -57.6370137 0.0000000 70.5445389 -63.9042387 0.0000000 78.0242974 -54.5205713 0.0000000 -27.8099651 29.3679902 0.0000000 -31.7482637 32.4482207 0.0000000 -35.2028118 19.9156985 0.0000000 62.7251264 -57.6713539 0.0000000 70.2048850 -48.2876866 0.0000000 58.4757663 -38.9383595 0.0000000 50.9960078 -48.3220268 0.0000000 54.5660601 -35.8219171 0.0000000 -15.9950694 20.1272985 0.0000000 -19.9333680 23.2075291 0.0000000 -23.3879161 10.6750069 0.0000000 31.4474767 -32.7398150 0.0000000 42.8369414 -26.4725900 0.0000000 38.9272352 -23.3561477 0.0000000 -8.1184723 13.9668375 0.0000000 -12.0567709 17.0470680 0.0000000 -15.5113190 4.5145458 0.0000000 -11.5730205 1.4343153 0.0000000 -7.6347219 -1.6459153 0.0000000 -4.1801738 10.8866069 0.0000000 7.9892394 -14.0411608 0.0000000 15.4689979 -4.6574934 0.0000000 11.5592917 -1.5410511 0.0000000 -3.7182305 -4.7090900 0.0000000 3.7398793 4.6918337 0.0000000 3.6964233 4.7261458 0.0000000 35.0175290 -20.2397053 0.0000000 39.2668891 -38.9726997 0.0000000 50.6563539 -32.7054748 0.0000000 46.7466476 -29.5890324 0.0000000 -94.7610406 81.7319094 0.0000000 -98.6993392 84.8121399 0.0000000 -106.0921859 75.3598483 0.0000000 -110.0304845 78.4400788 0.0000000 -102.6376378 87.8923705 0.0000000 -106.5759363 90.9726010 0.0000000 -110.5142349 94.0528316 0.0000000 -113.9687830 81.5203094 0.0000000 101.8221886 -88.8357776 0.0000000 109.3019471 -79.4521103 0.0000000 105.3922409 -76.3356679 0.0000000 105.7318948 -91.9522200 0.0000000 117.1213596 -85.6849950 0.0000000 113.2116533 -82.5685527 0.0000000 117.4610135 -101.3015471 0.0000000 124.9407720 -91.9178798 0.0000000 121.0310658 -88.8014374 0.0000000 132.7601844 -98.1507645 0.0000000 133.0998383 -113.7673166 0.0000000 144.4893031 -107.5000916 0.0000000 140.5795969 -104.3836492 0.0000000 140.9192508 -120.0002013 0.0000000 152.3087155 -113.7329764 0.0000000 148.3990093 -110.6165340 0.0000000 148.7386632 -126.2330860 0.0000000 160.1281279 -119.9658611 0.0000000 156.2184217 -116.8494187 0.0000000 164.7596705 -138.6801424 0.0000000 171.7375631 -128.9174305 0.0000000 167.8321957 -126.1068042 0.0000000 181.2067561 -150.1951300 0.0000000 192.1847008 -143.2321746 0.0000000 188.0888682 -140.3647417 0.0000000 196.2805333 -146.0996075 0.0000000 185.3025887 -153.0625629 0.0000000 220.8164700 -162.5501349 0.0000000 216.5849899 -160.0305120 0.0000000 214.6770718 -172.8607019 0.0000000 233.7041671 -170.2240781 0.0000000 225.1123690 -165.1081160 0.0000000 227.5647690 -180.5346450 0.0000000 236.1565671 -185.6506071 0.0000000 242.2959652 -175.3400402 0.0000000 238.0000662 -172.7820591 0.0000000 262.6419748 -105.6738717 0.0000000 257.7168789 -91.5061065 0.0000000 251.3073128 -109.6141048 0.0000000 246.3822169 -95.4463396 0.0000000 256.0751802 -86.7835181 0.0000000 254.4334816 -82.0609297 0.0000000 244.7405182 -90.7237512 0.0000000 241.4571210 -81.2785744 0.0000000 243.0988196 -86.0011628 0.0000000 252.7917830 -77.3383413 0.0000000 239.8154223 -76.5559860 0.0000000 251.1500843 -72.6157529 0.0000000 249.5181318 -67.9212006 0.0000000 247.9343668 -63.2156672 0.0000000 236.5596285 -67.0386707 0.0000000 234.9696077 -62.2875400 0.0000000 236.5563421 -67.0288784 0.0000000 246.3492715 -58.4792263 0.0000000 244.7625371 -53.7378880 0.0000000 243.1758027 -48.9965496 0.0000000 233.3828733 -57.5462016 0.0000000 241.5890683 -44.2552112 0.0000000 230.2094045 -48.0635248 0.0000000 227.0359358 -38.5808481 0.0000000 228.6226702 -43.3221864 0.0000000 240.0023339 -39.5138728 0.0000000 220.0676865 -13.7845508 0.0000000 221.0010003 -18.6964690 0.0000000 232.7742550 -16.3731839 0.0000000 222.1050070 -23.7387034 0.0000000 222.2757326 -24.3568329 0.0000000 233.7572990 -20.8530157 0.0000000 221.0349787 -18.8624754 0.0000000 230.9873081 -6.9686975 0.0000000 219.0452647 -8.1953376 0.0000000 219.1343727 -8.8726325 0.0000000 218.6769288 -3.2171104 0.0000000 230.6504072 -2.4153288 0.0000000 218.4375277 1.9449088 0.0000000 218.6668893 -3.0496291 0.0000000 230.7054915 16.8021019 0.0000000 231.1354601 21.2805141 0.0000000 218.7442372 17.7803976 0.0000000 219.2206458 22.7425136 0.0000000 221.3765767 33.4473069 0.0000000 221.3121005 33.1658798 0.0000000 233.0412855 30.6267714 0.0000000 222.6697910 38.5094093 0.0000000 222.6089229 38.2881069 0.0000000 234.2096899 35.2164003 0.0000000 224.0876839 43.3039474 0.0000000 227.3837304 54.0163341 0.0000000 226.9234697 52.8930235 0.0000000 238.2577987 48.9048897 0.0000000 229.7357927 58.4238035 0.0000000 240.3114883 52.7532459 0.0000000 232.1468558 62.8577467 0.0000000 229.7582190 58.4654318 0.0000000 245.0063579 61.3863483 0.0000000 237.2856340 71.7731562 0.0000000 234.6841060 67.5078898 0.0000000 247.4830243 65.4469012 0.0000000 237.3826792 71.9269707 0.0000000 246.0812276 84.6183372 0.0000000 243.0795247 80.6349719 0.0000000 255.5360470 77.2256258 0.0000000 246.3506379 84.9505239 0.0000000 257.0613881 97.0604369 0.0000000 256.2079807 96.2560506 0.0000000 264.8655524 87.9257683 0.0000000 261.0049793 100.1081525 0.0000000 252.9221997 92.4875417 0.0000000 276.1868943 96.2777825 0.0000000 269.4801378 106.2294953 0.0000000 269.2644819 106.0807095 0.0000000 280.1874030 98.9107861 0.0000000 273.7834673 109.0594558 0.0000000 273.6542024 108.9767277 0.0000000 292.8572198 106.7927642 0.0000000 290.7679181 119.6232263 0.0000000 286.5194708 116.9826091 0.0000000 305.5954693 114.7046979 0.0000000 299.2655656 124.8994181 0.0000000 295.0179341 122.2620628 0.0000000 309.8431008 117.3420532 0.0000000 307.7608285 130.1741285 0.0000000 303.5131971 127.5367733 0.0000000 318.3383638 122.6167636 0.0000000 316.2560915 135.4488390 0.0000000 312.0084600 132.8114838 0.0000000 335.3288897 133.1661846 0.0000000 333.2466174 145.9982599 0.0000000 328.9989859 143.3609047 0.0000000 348.0717841 141.0782503 0.0000000 345.9895118 153.9103256 0.0000000 341.7418803 151.2729704 0.0000000 365.0623100 151.6276712 0.0000000 362.9800377 164.4597465 0.0000000 358.7324062 161.8223913 0.0000000 377.8052044 159.5397369 0.0000000 375.7229321 172.3718122 0.0000000 371.4753006 169.7344570 0.0000000 386.3004673 164.8144473 0.0000000 384.2081116 177.6402619 0.0000000 379.9705636 175.0091675 0.0000000 399.0446463 172.7790137 0.0000000 396.9006105 185.6009139 0.0000000 392.6657274 182.9431365 0.0000000 411.7492956 180.7523459 0.0000000 413.8401429 196.2320236 0.0000000 405.3703767 190.9164688 0.0000000 447.1685691 211.1361404 0.0000000 437.5443457 218.3037395 0.0000000 437.5295833 218.2838747 0.0000000 440.5348461 222.3105725 0.0000000 434.5556236 214.2647231 0.0000000 463.6295513 276.9445982 0.0000000 463.0325658 275.7283950 0.0000000 474.1035008 271.0487358 0.0000000 466.3081432 281.1286191 0.0000000 476.3236302 274.5166281 0.0000000 466.4977122 281.4071827 0.0000000 479.1238286 278.3927453 0.0000000 469.4841978 285.5397702 0.0000000 469.4255851 285.4600306 0.0000000 472.5463297 289.6326902 0.0000000 472.4780543 289.5431565 0.0000000 482.0543324 282.3114162 0.0000000 487.7350448 289.6176827 0.0000000 479.6414854 298.5040925 0.0000000 478.6841865 297.5269145 0.0000000 483.4771022 301.6148868 0.0000000 490.7855329 292.0917153 0.0000000 488.1966102 304.7081870 0.0000000 483.9982578 301.9930713 0.0000000 498.6854069 297.2006412 0.0000000 497.2835648 310.0228187 0.0000000 492.8593340 307.6948954 0.0000000 502.8654760 299.4000925 0.0000000 497.2953358 310.0289957 0.0000000 507.0254544 301.5772179 0.0000000 506.9009655 314.4640466 0.0000000 502.2654410 312.5967925 0.0000000 511.3585225 303.3226383 0.0000000 506.9533030 314.4848439 0.0000000 520.6423367 306.9613860 0.0000000 520.9086108 319.9545617 0.0000000 516.2633347 318.1338674 0.0000000 579.2206678 385.3221640 0.0000000 579.2436707 385.4857890 0.0000000 567.3490209 387.0745410 0.0000000 580.4840549 395.2860214 0.0000000 581.2645081 399.9360771 0.0000000 568.6295231 397.1527731 0.0000000 582.3164004 404.6620328 0.0000000 583.3637966 409.3677884 0.0000000 570.6030380 407.2691658 0.0000000 571.7773669 412.4961507 0.0000000 571.6893004 412.1495398 0.0000000 584.5869985 413.6438017 0.0000000 573.1476072 417.2861739 0.0000000 590.4192740 426.4471378 0.0000000 592.6816824 430.6591549 0.0000000 579.8406516 432.1122040 0.0000000 582.4111497 436.8686328 0.0000000 582.2065150 436.5168273 0.0000000 588.1407416 445.4520262 0.0000000 585.2504254 441.3723095 0.0000000 595.1386293 434.5714796 0.0000000 597.9324502 438.5149920 0.0000000 600.6772545 442.3893168 0.0000000 603.7347038 446.0175067 0.0000000 594.5604936 453.7527428 0.0000000 594.5646312 453.7576475 0.0000000 609.9940075 452.8892871 0.0000000 613.5892988 456.0405727 0.0000000 605.6795616 465.0647656 0.0000000 601.9196304 461.7691725 0.0000000 609.4394927 468.3603586 0.0000000 617.2820234 459.2772590 0.0000000 620.9331790 462.2900369 0.0000000 617.7337243 474.8226594 0.0000000 613.7008865 471.8672854 0.0000000 613.4287449 471.6555702 0.0000000 632.6158660 470.8514296 0.0000000 626.3741356 481.1061111 0.0000000 625.7993999 480.7334072 0.0000000 630.7162210 483.5818012 0.0000000 636.6460043 473.1492594 0.0000000 630.7441117 483.5976048 0.0000000 645.1869381 477.9586873 0.0000000 639.4572742 488.5040152 0.0000000 635.1006930 486.0508100 0.0000000 653.8279710 494.9470094 0.0000000 653.7281116 494.9053844 0.0000000 658.3950192 483.8499378 0.0000000 659.3422696 497.1091876 0.0000000 658.4535445 496.8263456 0.0000000 662.5371375 485.5328497 0.0000000 669.3905956 499.4566079 0.0000000 669.0778149 499.3919975 0.0000000 671.6617653 487.6724105 0.0000000 664.2100422 498.2505926 0.0000000 675.1161142 500.4233668 0.0000000 674.2941413 500.3341394 0.0000000 676.0001554 488.4488026 0.0000000 680.1120798 500.6191813 0.0000000 685.3125699 488.8106306 0.0000000 685.1120367 500.8118068 0.0000000 689.9232994 488.5861630 0.0000000 694.1972772 488.2034638 0.0000000 690.8720127 500.5492239 0.0000000 696.9438104 499.8987045 0.0000000 695.8327728 500.1050290 0.0000000 701.7517579 498.5269698 0.0000000 707.5645017 484.3191266 0.0000000 711.4278152 495.6878615 0.0000000 706.6459187 497.1299385 0.0000000 712.2045805 495.3935563 0.0000000 716.2695761 480.3115182 0.0000000 721.2878269 491.2118466 0.0000000 716.7462037 493.3027015 0.0000000 720.8111994 478.2206634 0.0000000 730.3710734 487.0301369 0.0000000 725.8294502 489.1209917 0.0000000 734.4360691 471.9480988 0.0000000 743.9959432 480.7575723 0.0000000 739.4543199 482.8484272 0.0000000 752.6025621 463.5846793 0.0000000 762.1624361 472.3941528 0.0000000 757.6208129 474.4850077 0.0000000 770.7690550 455.2212599 0.0000000 780.3289291 464.0307334 0.0000000 775.7873059 466.1215882 0.0000000 779.8523015 451.0395501 0.0000000 789.4121756 459.8490236 0.0000000 784.8705523 461.9398785 0.0000000 865.6319328 463.6001851 0.0000000 862.0068011 476.0844326 0.0000000 858.1108735 472.9507823 0.0000000 900.9949759 500.7606112 0.0000000 903.9791227 504.7722048 0.0000000 894.3509160 511.9344415 0.0000000 900.6952688 520.0375311 0.0000000 897.5177039 516.1793048 0.0000000 906.8748295 508.6649083 0.0000000 909.9347278 512.3802628 0.0000000 913.1366867 516.1720617 0.0000000 903.9683222 523.9142249 0.0000000 911.3955572 532.3417169 0.0000000 910.5789724 531.5741087 0.0000000 919.2063691 523.2143959 0.0000000 915.3424112 535.4109772 0.0000000 929.9933429 531.1400990 0.0000000 934.1286630 532.9524104 0.0000000 929.3119027 543.9432620 0.0000000 924.7325629 541.9363582 0.0000000 938.3261793 534.7919794 0.0000000 939.4715299 547.5803334 0.0000000 934.6743618 546.2304241 0.0000000 945.7927390 548.9285537 0.0000000 944.6162294 548.7768489 0.0000000 946.7391354 536.9510914 0.0000000 950.7759186 549.0742104 0.0000000 955.7395155 537.0767719 0.0000000 955.9510233 549.0767719 0.0000000 950.9512217 549.0767719 0.0000000 956.3735138 549.0618785 0.0000000 967.3560392 547.1253162 0.0000000 962.5480917 548.4970509 0.0000000 959.8564178 536.7861585 0.0000000 986.9045968 538.8815347 0.0000000 982.5213305 541.2867358 0.0000000 980.7049276 528.5955596 0.0000000 978.1380642 543.6919368 0.0000000 972.8534490 532.9038502 0.0000000 976.7486188 530.7664791 0.0000000 991.6166824 535.2950657 0.0000000 987.7151390 538.3471809 0.0000000 983.9522155 526.0552581 0.0000000 992.1320781 534.8420632 0.0000000 990.5889339 519.4988251 0.0000000 1002.8429233 523.4735447 0.0000000 999.6760282 527.3424969 0.0000000 999.2542641 527.8060823 0.0000000 996.2477471 512.2462714 0.0000000 1008.9329005 514.7221253 0.0000000 1006.2210440 518.9225837 0.0000000 1005.9937439 519.2502234 0.0000000 998.7697024 508.3399553 0.0000000 1009.0898437 514.4650979 0.0000000 1001.1227777 504.2594685 0.0000000 1011.7126866 509.9049611 0.0000000 1011.5847355 510.1386859 0.0000000 1076.2382606 505.9840720 0.0000000 1071.3567211 504.9030595 0.0000000 1078.8327938 494.2679124 0.0000000 1081.1198001 507.0650846 0.0000000 1083.7143332 495.3489250 0.0000000 1093.4774122 497.5109501 0.0000000 1098.3589516 498.5919627 0.0000000 1090.8828790 509.2271098 0.0000000 1100.6459579 511.3891350 0.0000000 1095.7644184 510.3081224 0.0000000 1103.2404911 499.6729753 0.0000000 1108.1220305 500.7539879 0.0000000 1120.1721158 515.7131853 0.0000000 1115.2905763 514.6321727 0.0000000 1117.8851095 502.9160131 0.0000000 1127.6481884 505.0780382 0.0000000 1132.5297279 506.1590508 0.0000000 1125.0536552 516.7941979 0.0000000 1147.1743462 509.4020886 0.0000000 1144.5798131 521.1182483 0.0000000 1152.0558857 510.4831012 0.0000000 1154.3428920 523.2802734 0.0000000 1149.4613525 522.1992608 0.0000000 1166.7005041 513.7261389 0.0000000 1168.9875104 526.5233112 0.0000000 1164.1059709 525.4422986 0.0000000 1176.4635830 515.8881641 0.0000000 1188.5136682 530.8473615 0.0000000 1173.8690499 527.6043238 0.0000000 1195.9897409 520.2122144 0.0000000 1198.1631655 532.9842341 0.0000000 1193.3952077 531.9283741 0.0000000 1249.5666482 559.7608062 0.0000000 1252.7450767 563.6202890 0.0000000 1243.4819504 571.2488204 0.0000000 1246.6603790 575.1083032 0.0000000 1255.9235053 567.4797719 0.0000000 1408.6637512 752.5750891 0.0000000 1399.4152544 760.2213500 0.0000000 1396.2294388 756.3679626 0.0000000 1268.9093790 602.1246828 0.0000000 1265.7309504 598.2652000 0.0000000 1278.1725053 594.4961515 0.0000000 1281.3509339 598.3556343 0.0000000 1284.5293625 602.2151171 0.0000000 1272.0878076 605.9841656 0.0000000 1287.7077911 606.0745999 0.0000000 1275.2662361 609.8436484 0.0000000 1290.8862197 609.9340827 0.0000000 1278.4446647 613.7031312 0.0000000 1284.8015219 621.4220969 0.0000000 1281.6230933 617.5626140 0.0000000 1294.0646482 613.7935655 0.0000000 1300.4215054 621.5125311 0.0000000 1291.1583790 629.1410625 0.0000000 1287.9799504 625.2815797 0.0000000 1303.5999340 625.3720139 0.0000000 1297.5152362 636.8600281 0.0000000 1294.3368076 633.0005453 0.0000000 1316.3136483 640.8099452 0.0000000 1307.0505219 648.4384765 0.0000000 1303.8720933 644.5789937 0.0000000 1329.0245437 656.2444536 0.0000000 1319.7698789 663.8832493 0.0000000 1319.7642362 663.8764077 0.0000000 1322.9540075 667.7380287 0.0000000 1332.2050126 660.0948025 0.0000000 1326.1414952 671.5934394 0.0000000 1344.9474389 675.5073407 0.0000000 1338.8847576 687.0069891 0.0000000 1335.6989420 683.1536017 0.0000000 1351.3190701 683.2141156 0.0000000 1351.6280201 702.4205387 0.0000000 1342.0705733 690.8603765 0.0000000 1370.4339638 706.3344401 0.0000000 1367.5570982 721.6874758 0.0000000 1361.1854670 713.9807010 0.0000000 1405.7727765 767.9110591 0.0000000 1427.5342663 776.1012903 0.0000000 1418.0812810 783.4932500 0.0000000 1415.0014200 779.5546624 0.0000000 1433.6939883 783.9784654 0.0000000 1427.3208640 795.3090127 0.0000000 1424.2410030 791.3704251 0.0000000 1449.3093326 803.9657104 0.0000000 1442.0763290 814.6224230 0.0000000 1439.5278091 810.9194973 0.0000000 1451.5300364 831.8975828 0.0000000 1449.1298281 827.5115805 0.0000000 1462.0568596 826.1368542 0.0000000 1454.5848334 839.0229371 0.0000000 1453.6173090 835.7117443 0.0000000 1464.9528329 831.7204001 0.0000000 1266.4934730 794.3107182 0.0000000 1276.0176443 797.3573925 0.0000000 1262.8373188 805.7401774 0.0000000 1258.0752331 804.2168402 0.0000000 1253.3131475 802.6935031 0.0000000 1261.7313873 792.7873811 0.0000000 1252.1159933 789.7123243 0.0000000 1252.2072160 789.7407068 0.0000000 1248.5965602 801.1847204 0.0000000 1247.2135673 788.2310167 0.0000000 1247.3310334 788.2652380 0.0000000 1243.9158832 799.7691718 0.0000000 1242.3993139 786.8815800 0.0000000 1213.5137931 778.7849599 0.0000000 1218.3280466 780.1343966 0.0000000 1210.2750165 790.3396268 0.0000000 1157.3182285 775.4958232 0.0000000 1152.5039750 774.1463865 0.0000000 1160.5570051 763.9411564 0.0000000 1166.9467354 778.1946966 0.0000000 1184.6282724 770.6883398 0.0000000 1194.2567793 773.3872132 0.0000000 1191.0180027 784.9418800 0.0000000 1179.8140189 769.3389031 0.0000000 1176.5752423 780.8935700 0.0000000 1171.7609889 779.5441333 0.0000000 1174.9997654 767.9894664 0.0000000 1181.3894958 782.2430067 0.0000000 1200.6465096 787.6407534 0.0000000 1195.8322562 786.2913167 0.0000000 1203.8852862 776.0860865 0.0000000 1215.0892700 791.6890635 0.0000000 1219.9035235 793.0385001 0.0000000 1223.1423000 781.4838333 0.0000000 1237.5850604 785.5321433 0.0000000 1234.3462838 797.0868102 0.0000000 1256.9693017 791.2640440 0.0000000 1147.6897216 772.7969499 0.0000000 1142.8754681 771.4475132 0.0000000 1146.1142447 759.8928463 0.0000000 1131.6714843 755.8445363 0.0000000 1141.2999912 758.5434096 0.0000000 1138.0612146 770.0980765 0.0000000 1128.4327077 767.3992031 0.0000000 1123.6255235 766.0517480 0.0000000 1118.9090847 764.7421693 0.0000000 1126.8430875 754.4911539 0.0000000 1122.0257374 753.1535560 0.0000000 1121.8372669 753.1045049 0.0000000 1109.2868867 762.4039683 0.0000000 1107.2620199 749.5627094 0.0000000 1112.1204356 750.7433079 0.0000000 1094.7116396 758.8621727 0.0000000 1092.6867729 746.0209138 0.0000000 1097.5451885 747.2015123 0.0000000 1084.9948083 756.5009757 0.0000000 1082.9699415 743.6597168 0.0000000 1087.8283572 744.8403153 0.0000000 1065.5611456 751.7785816 0.0000000 1068.3946945 740.1179212 0.0000000 1073.2531102 741.2985197 0.0000000 1046.1274829 747.0561875 0.0000000 1044.1026161 734.2149286 0.0000000 1048.9610318 735.3955271 0.0000000 924.4122769 719.8080448 0.0000000 919.5102107 718.8242956 0.0000000 926.7733687 708.0426190 0.0000000 941.4795674 710.9938665 0.0000000 946.3816336 711.9776157 0.0000000 944.0205418 723.7430415 0.0000000 965.9898985 715.9126124 0.0000000 970.8919647 716.8963616 0.0000000 968.5308730 728.6617874 0.0000000 958.7267405 726.6942891 0.0000000 953.8246743 725.7105399 0.0000000 956.1857660 713.9451140 0.0000000 961.0878323 714.9288632 0.0000000 963.6288068 727.6780383 0.0000000 948.9226081 724.7267907 0.0000000 951.2836998 712.9613649 0.0000000 975.7940309 717.8801108 0.0000000 973.4329392 729.6455366 0.0000000 931.6754349 709.0263681 0.0000000 929.3143432 720.7917940 0.0000000 904.8040120 715.8730481 0.0000000 921.8713024 707.0588698 0.0000000 899.9019458 714.8892989 0.0000000 894.9998796 713.9055498 0.0000000 902.2630375 703.1238731 0.0000000 877.7527064 698.2051272 0.0000000 882.6547726 699.1888763 0.0000000 880.2936809 710.9543022 0.0000000 752.6702039 687.4334692 0.0000000 747.7376049 686.6164730 0.0000000 754.6310726 675.5947618 0.0000000 757.6028029 688.2504654 0.0000000 797.0635949 694.7864351 0.0000000 792.1309959 693.9694389 0.0000000 794.0918646 682.1307315 0.0000000 774.3614686 678.8627466 0.0000000 779.2940676 679.6797428 0.0000000 777.3331989 691.5184503 0.0000000 784.2266666 680.4967391 0.0000000 782.2657979 692.3354465 0.0000000 759.5636716 676.4117580 0.0000000 799.0244636 682.9477277 0.0000000 803.9570626 683.7647239 0.0000000 737.8724069 684.9824806 0.0000000 732.9398079 684.1654844 0.0000000 734.9006766 672.3267769 0.0000000 720.1028796 669.8757883 0.0000000 725.0354786 670.6927845 0.0000000 718.1420108 681.7144957 0.0000000 710.2376816 668.2417959 0.0000000 715.1702806 669.0587921 0.0000000 708.3272906 680.0888640 0.0000000 710.1365909 668.2259365 0.0000000 705.1908727 667.4931934 0.0000000 703.4389695 679.3646248 0.0000000 705.1773019 667.4911987 0.0000000 693.5508023 677.9227167 0.0000000 690.3348714 665.3268522 0.0000000 695.2823482 666.0483010 0.0000000 644.0760337 670.7082284 0.0000000 645.8075796 658.8338127 0.0000000 650.7550564 659.5552615 0.0000000 634.1810799 669.2653307 0.0000000 635.9126258 657.3909150 0.0000000 640.8601027 658.1123638 0.0000000 614.4230280 666.3841806 0.0000000 616.0589593 654.4961713 0.0000000 616.1227184 654.5051197 0.0000000 609.5724604 665.7299390 0.0000000 605.9911844 653.2618576 0.0000000 610.9608146 653.8103029 0.0000000 611.1046680 653.8279395 0.0000000 594.7356032 664.0925527 0.0000000 591.0822941 651.6165217 0.0000000 596.0519242 652.1649670 0.0000000 584.7963430 662.9956621 0.0000000 586.1126640 651.0680764 0.0000000 581.1430339 650.5196311 0.0000000 574.8570828 661.8987715 0.0000000 571.2037736 649.4227405 0.0000000 576.1734037 649.9711858 0.0000000 564.9178226 660.8018809 0.0000000 561.2645134 648.3258499 0.0000000 566.2341435 648.8742952 0.0000000 550.0089322 659.1565450 0.0000000 546.3556230 646.6805140 0.0000000 551.3252532 647.2289593 0.0000000 540.0696720 658.0596544 0.0000000 536.4163628 645.5836234 0.0000000 541.3859929 646.1320687 0.0000000 525.1607816 656.4143185 0.0000000 521.5074725 643.9382875 0.0000000 526.4771026 644.4867328 0.0000000 515.2215214 655.3174279 0.0000000 511.5682122 642.8413969 0.0000000 516.5378423 643.3898422 0.0000000 505.2822612 654.2205373 0.0000000 501.6289520 641.7445063 0.0000000 506.5985821 642.2929516 0.0000000 495.3430009 653.1236467 0.0000000 491.6896918 640.6476157 0.0000000 496.6593219 641.1960610 0.0000000 480.4341106 651.4783108 0.0000000 476.7808014 639.0022799 0.0000000 481.7504315 639.5507251 0.0000000 470.4948503 650.3814202 0.0000000 466.8415412 637.9053893 0.0000000 471.8111713 638.4538346 0.0000000 455.5859600 648.7360843 0.0000000 451.9326508 636.2600534 0.0000000 456.9022809 636.8084987 0.0000000 445.6466998 647.6391937 0.0000000 441.9933906 635.1631628 0.0000000 446.9630207 635.7116081 0.0000000 435.7074395 646.5423031 0.0000000 432.0541304 634.0662722 0.0000000 437.0237605 634.6147175 0.0000000 420.7985492 644.8969672 0.0000000 417.1452400 632.4209363 0.0000000 422.1148701 632.9693816 0.0000000 400.9200287 642.7031860 0.0000000 402.2363497 630.7756004 0.0000000 407.2059798 631.3240457 0.0000000 395.9503986 642.1547407 0.0000000 392.2970894 629.6787098 0.0000000 397.2667195 630.2271551 0.0000000 376.0718781 639.9609595 0.0000000 377.3881991 628.0333739 0.0000000 382.3578292 628.5818192 0.0000000 366.1326179 638.8640689 0.0000000 367.4489388 626.9364833 0.0000000 372.4185690 627.4849286 0.0000000 356.1933577 637.7671783 0.0000000 357.5096786 625.8395927 0.0000000 362.4793087 626.3880380 0.0000000 351.2237275 637.2187330 0.0000000 347.5704184 624.7427021 0.0000000 352.5400485 625.2911474 0.0000000 331.3452071 635.0249518 0.0000000 332.6615280 623.0973662 0.0000000 337.6311581 623.6458115 0.0000000 299.1095411 617.3668721 0.0000000 308.4253435 619.0590387 0.0000000 306.2807003 630.8658378 0.0000000 326.7941473 554.1027755 0.0000000 329.7365923 550.0604949 0.0000000 336.4960060 561.1649238 0.0000000 312.0819223 574.3141789 0.0000000 315.0243673 570.2718982 0.0000000 321.7837809 581.3763272 0.0000000 324.7262259 577.3340465 0.0000000 320.9092573 562.1873369 0.0000000 323.8517023 558.1450562 0.0000000 330.6111160 569.2494852 0.0000000 332.6790374 546.0182142 0.0000000 335.6214824 541.9759335 0.0000000 342.3808960 553.0803625 0.0000000 350.3337075 521.7645301 0.0000000 353.2761525 517.7222494 0.0000000 360.0355661 528.8266784 0.0000000 359.1610425 509.6376881 0.0000000 368.8629012 516.6998364 0.0000000 374.7477912 508.6152750 0.0000000 371.8053462 512.6575557 0.0000000 365.0459325 501.5531267 0.0000000 377.6902362 504.5729944 0.0000000 367.9883775 497.5108461 0.0000000 376.0964832 485.4539155 0.0000000 388.9345667 487.4988180 0.0000000 386.3095898 491.7541102 0.0000000 383.5502705 496.2174472 0.0000000 380.7539628 500.3577817 0.0000000 373.5365302 489.6037988 0.0000000 383.6846129 496.0094024 0.0000000 370.8686596 493.5539638 0.0000000 386.5963908 468.4327467 0.0000000 399.4344744 470.4776491 0.0000000 396.8094975 474.7329413 0.0000000 399.4261928 447.6346376 0.0000000 400.7726720 444.1207635 0.0000000 410.4305750 452.4532957 0.0000000 412.2002322 447.8350642 0.0000000 401.2970796 440.8669359 0.0000000 412.4298491 434.8674136 0.0000000 413.2913256 439.7924389 0.0000000 413.3046228 441.7809308 0.0000000 399.7038407 433.3956193 0.0000000 411.1334295 429.6406676 0.0000000 412.3388180 434.4395429 0.0000000 410.4911175 428.0692863 0.0000000 398.0063172 430.4982377 0.0000000 403.5351202 419.0830917 0.0000000 407.0100303 422.5265156 0.0000000 392.4970233 425.8791974 0.0000000 398.6865980 415.5599409 0.0000000 402.7715182 418.4428983 0.0000000 392.4137504 413.2141198 0.0000000 397.1086184 414.7647438 0.0000000 389.0294058 424.7339105 0.0000000 391.6423682 413.0150456 0.0000000 384.6823670 423.9153353 0.0000000 386.4032807 412.0381716 0.0000000 386.7369363 412.0913213 0.0000000 375.6214490 422.8257467 0.0000000 376.3587771 410.8350253 0.0000000 381.3191786 411.3758385 0.0000000 375.2306827 410.8187340 0.0000000 361.2344938 423.9750571 0.0000000 355.2949872 412.4113087 0.0000000 360.2789111 412.0131650 0.0000000 325.3914438 414.8001708 0.0000000 330.3753677 414.4020271 0.0000000 326.9010424 426.7178049 0.0000000 323.5437835 427.6269221 0.0000000 324.3009680 414.9896974 0.0000000 319.5608236 416.2732883 0.0000000 317.9689722 416.9643497 0.0000000 320.6093396 429.4450672 0.0000000 312.7789144 420.3306475 0.0000000 313.7594639 419.5725089 0.0000000 314.8644614 435.4882741 0.0000000 305.4941261 427.9783587 0.0000000 308.7647742 424.1967087 0.0000000 304.9600243 428.6982713 0.0000000 310.4694408 442.9811853 0.0000000 297.6327385 443.1295461 0.0000000 299.3549748 438.4357291 0.0000000 299.7155780 437.6382497 0.0000000 307.1761101 451.9568942 0.0000000 294.1882659 452.5171800 0.0000000 295.9105022 447.8233630 0.0000000 303.7316375 461.3445281 0.0000000 290.7437934 461.9048140 0.0000000 292.4660297 457.2109970 0.0000000 250.9742533 515.1762806 0.0000000 257.9574913 508.0190150 0.0000000 259.5633129 523.5564987 0.0000000 256.0716939 527.1351315 0.0000000 247.4826344 518.7549134 0.0000000 252.5800749 530.7137643 0.0000000 244.1650788 522.1551450 0.0000000 205.3132074 531.4030448 0.0000000 210.2923467 530.9489658 0.0000000 206.4030404 543.3534533 0.0000000 201.4239011 543.8075324 0.0000000 195.8126888 532.2694569 0.0000000 200.3340681 531.8571239 0.0000000 227.9706032 424.8663345 0.0000000 230.4789773 420.5412824 0.0000000 240.8595141 426.5616192 0.0000000 243.3678882 422.2365671 0.0000000 232.9873514 416.2162304 0.0000000 250.8930105 409.2614110 0.0000000 248.3846364 413.5864630 0.0000000 240.4977159 403.2665201 0.0000000 242.9089518 399.0134075 0.0000000 250.9222756 409.2103758 0.0000000 253.4654529 404.7201394 0.0000000 253.3877971 404.8615103 0.0000000 245.2191161 394.6704656 0.0000000 247.5671582 390.2563162 0.0000000 258.1615370 395.8918408 0.0000000 249.9152002 385.8421669 0.0000000 260.5095790 391.4776914 0.0000000 262.8576211 387.0635421 0.0000000 265.2056631 382.6493928 0.0000000 252.2632422 381.4280176 0.0000000 254.6112843 377.0138682 0.0000000 256.9593263 372.5997189 0.0000000 267.5537052 378.2352434 0.0000000 259.3073684 368.1855696 0.0000000 261.6554104 363.7714202 0.0000000 269.9017472 373.8210941 0.0000000 268.2968617 351.2859719 0.0000000 280.8833258 349.6992528 0.0000000 279.8711180 354.5680119 0.0000000 269.1114581 347.3677313 0.0000000 280.9252808 349.4763930 0.0000000 270.5426679 338.3025086 0.0000000 282.4983528 339.4770149 0.0000000 281.7780613 344.4140798 0.0000000 282.5557867 338.3558390 0.0000000 270.1494487 329.0578498 0.0000000 282.1042019 328.0008316 0.0000000 282.1308403 328.3652693 0.0000000 269.6830546 324.5642396 0.0000000 281.5040215 322.4795659 0.0000000 281.5895334 323.0421077 0.0000000 268.7592238 319.9664686 0.0000000 280.5089135 317.5281432 0.0000000 280.5190960 317.5777359 0.0000000 267.7689260 315.2445556 0.0000000 279.4146102 312.3462489 0.0000000 279.4828772 312.6358222 0.0000000 265.3317173 305.9451715 0.0000000 275.0963540 297.5006170 0.0000000 276.7412132 302.2196197 0.0000000 263.7767004 301.4839210 0.0000000 275.0725108 297.4334969 0.0000000 258.7266450 287.5308196 0.0000000 267.9837105 278.4736762 0.0000000 269.8779437 283.0963928 0.0000000 256.9239481 283.1314897 0.0000000 267.8912168 278.2598792 0.0000000 248.8337952 265.3848348 0.0000000 246.5790856 261.7392373 0.0000000 256.6257466 255.1699046 0.0000000 259.2389535 259.3951494 0.0000000 252.8984422 250.3021391 0.0000000 253.2380919 250.7064725 0.0000000 243.8799122 258.2227429 0.0000000 241.1018396 255.1966519 0.0000000 248.6793146 245.8733515 0.0000000 249.5461167 246.6505275 0.0000000 244.6504569 242.9125540 0.0000000 233.7344628 249.7823850 0.0000000 240.1698196 239.6502537 0.0000000 240.6215992 239.9517566 0.0000000 229.9412204 247.4920209 0.0000000 235.4227645 236.8135900 0.0000000 235.9075279 237.0766770 0.0000000 221.2299944 243.2705603 0.0000000 226.3458318 232.4156036 0.0000000 226.4241031 232.4528381 0.0000000 216.7666062 241.1866751 0.0000000 221.7609348 230.2753235 0.0000000 221.8158030 230.3006050 0.0000000 207.6912534 237.0603163 0.0000000 208.1066589 224.0670314 0.0000000 212.6580842 226.1364621 0.0000000 166.1807150 205.7877978 0.0000000 170.9494145 207.2306181 0.0000000 167.0919955 218.6007469 0.0000000 165.8740636 205.7038183 0.0000000 162.8577811 217.3196406 0.0000000 158.4194518 216.2297076 0.0000000 154.0600567 215.5678306 0.0000000 149.9826554 203.3413883 0.0000000 154.9758095 203.5991240 0.0000000 155.5671592 203.6591286 0.0000000 144.8865413 215.2847660 0.0000000 140.1661282 215.6539010 0.0000000 139.2305877 203.6904247 0.0000000 144.2151716 203.3006316 0.0000000 130.2578943 216.4287221 0.0000000 125.4713514 216.9013094 0.0000000 129.1396616 204.4807812 0.0000000 124.1661929 204.9718241 0.0000000 123.9146279 205.0020376 0.0000000 111.0031299 218.9497238 0.0000000 108.5522331 207.1997962 0.0000000 109.0633316 207.1046879 0.0000000 106.6383934 219.9593576 0.0000000 103.2313741 208.4506278 0.0000000 103.6980758 208.3226409 0.0000000 92.7154265 224.3885123 0.0000000 88.6604444 213.0934400 0.0000000 88.9377936 212.9976815 0.0000000 83.9780795 214.8393574 0.0000000 78.9909272 229.7250357 0.0000000 74.5671046 218.5702254 0.0000000 79.2147578 216.7270391 0.0000000 74.5258533 231.4958139 0.0000000 69.5594193 220.5700137 0.0000000 69.9194514 220.4134117 0.0000000 70.4450879 233.4319657 0.0000000 64.5760572 222.9616098 0.0000000 65.0556398 222.7068679 0.0000000 60.2711770 225.5044474 0.0000000 38.2954244 240.1209171 0.0000000 38.8972407 239.6068581 0.0000000 46.3902475 248.9883369 0.0000000 41.6040411 255.1978971 0.0000000 28.7506363 253.3798100 0.0000000 31.2615633 249.1124100 0.0000000 34.7789505 243.5507088 0.0000000 43.7324225 251.5806456 0.0000000 33.7970823 244.8032153 0.0000000 33.2794889 268.2830644 0.0000000 14.8028602 273.5362857 0.0000000 23.5061790 261.3201331 0.0000000 21.6750639 284.5712679 0.0000000 0.2973290 293.8965401 0.0000000 11.9017540 277.6083366 0.0000000 7.1695327 304.9315223 0.0000000 -8.4059897 306.1126927 0.0000000 -2.6037772 297.9685910 0.0000000 -1.5337860 317.1476749 0.0000000 -28.7137334 334.6170488 0.0000000 -11.3070960 310.1847436 0.0000000 -40.4526920 369.5741220 0.0000000 -49.8445936 362.1047054 0.0000000 -46.7324602 358.1915684 0.0000000 -49.7890921 381.3135331 0.0000000 -68.5173939 385.5835277 0.0000000 -59.1809938 373.8441166 0.0000000 -62.2376257 396.9660813 0.0000000 -77.8537941 397.3229388 0.0000000 -71.6295273 389.4966647 0.0000000 -210.9865489 372.3936889 0.0000000 -206.4075566 374.4013856 0.0000000 -215.8052121 383.3837065 0.0000000 -220.1445333 368.3782956 0.0000000 -215.5655411 370.3859923 0.0000000 -224.9631965 379.3683131 0.0000000 -238.7001732 373.3452232 0.0000000 -243.2791655 371.3375265 0.0000000 -238.4605023 360.3475090 0.0000000 -247.8581577 369.3298299 0.0000000 -243.0394945 358.3398124 0.0000000 -247.6184867 356.3321157 0.0000000 -252.4371500 367.3221332 0.0000000 -257.0161422 365.3144366 0.0000000 -252.1974790 354.3244190 0.0000000 -270.7531189 359.2913466 0.0000000 -265.9344557 348.3013291 0.0000000 -275.3321111 357.2836499 0.0000000 -279.9111034 355.2759533 0.0000000 -275.0924402 344.2859358 0.0000000 -293.6480801 349.2528633 0.0000000 -298.2270723 347.2451667 0.0000000 -293.4084091 336.2551492 0.0000000 -297.9874013 334.2474525 0.0000000 -302.8060645 345.2374700 0.0000000 -321.1220335 337.2066834 0.0000000 -325.7010257 335.1989867 0.0000000 -320.8823625 324.2089692 0.0000000 -330.0403470 320.1935759 0.0000000 -325.4613547 322.2012726 0.0000000 -334.8590102 331.1835934 0.0000000 -334.6193392 318.1858793 0.0000000 -339.4380024 329.1758968 0.0000000 -344.0169946 327.1682001 0.0000000 -343.5128184 314.2864604 0.0000000 -339.1983314 316.1781826 0.0000000 -366.5334207 311.3060953 0.0000000 -366.8998956 310.7669344 0.0000000 -356.7922070 304.2907322 0.0000000 -365.0833939 281.6300414 0.0000000 -358.7137218 292.6094397 0.0000000 -371.3348698 291.3667659 0.0000000 -369.2755984 286.8483532 0.0000000 -359.8388324 295.0781352 0.0000000 -371.8728360 294.0217761 0.0000000 -371.7411100 298.7600374 0.0000000 -358.8000902 300.9609459 0.0000000 -370.0993928 305.0758585 0.0000000 -371.5023659 300.2769334 0.0000000 -354.5907269 307.1786331 0.0000000 -362.1724234 316.5298412 0.0000000 -363.5502683 315.2193938 0.0000000 -358.0493083 319.3579037 0.0000000 -347.3658232 312.1342259 0.0000000 -353.4583635 322.4762224 0.0000000 -353.9261932 322.1859662 0.0000000 -348.5959869 325.1605035 0.0000000 -349.1126353 324.9036853 0.0000000 -316.3033703 326.2166659 0.0000000 -307.3850568 343.2297734 0.0000000 -284.4900956 353.2682566 0.0000000 -234.1211810 375.3529198 0.0000000 -229.3025178 364.3629023 0.0000000 -206.6472276 387.3990998 0.0000000 -211.2262198 385.3914031 0.0000000 -192.9102509 393.4221897 0.0000000 -202.0682354 389.4067964 0.0000000 -197.2495722 378.4167789 0.0000000 -188.3312587 395.4298864 0.0000000 -183.5125955 384.4398689 0.0000000 -174.3546110 388.4552622 0.0000000 -179.1732742 399.4452797 0.0000000 -170.0152897 403.4606730 0.0000000 -174.5942820 401.4529763 0.0000000 -165.1966265 392.4706555 0.0000000 -160.6176343 394.4783521 0.0000000 -165.4362975 405.4683697 0.0000000 -151.4596498 398.4937455 0.0000000 -146.9734518 400.4607557 0.0000000 -156.2783130 409.4837630 0.0000000 -151.5124116 411.5696760 0.0000000 -151.6993208 411.4914596 0.0000000 -146.8687258 413.4214281 0.0000000 -142.0893251 415.2924835 0.0000000 -142.1787579 415.2582795 0.0000000 -137.8473976 404.0671397 0.0000000 -133.3228986 405.7562973 0.0000000 -137.1788806 417.1205392 0.0000000 -137.4068119 417.0406335 0.0000000 -132.4282773 418.6793157 0.0000000 -146.8342735 413.4350434 0.0000000 -142.4410861 402.2681169 0.0000000 -119.3591804 410.2604661 0.0000000 -122.6008421 421.8148780 0.0000000 -122.8181261 421.7517018 0.0000000 -110.3192808 412.7049514 0.0000000 -106.0698084 413.0909080 0.0000000 -106.9618440 425.0592822 0.0000000 -106.5743294 425.0818699 0.0000000 -95.3281102 424.0802810 0.0000000 -100.2250269 425.0893511 0.0000000 -101.9708125 413.1969702 0.0000000 -97.8224050 412.3421396 0.0000000 -84.6999363 420.5816954 0.0000000 -89.2839575 422.5778833 0.0000000 -90.0092668 409.8053058 0.0000000 -83.7146325 420.0374679 0.0000000 -79.6556477 417.2690146 0.0000000 -93.5707009 411.3561912 0.0000000 -83.9102634 404.7136824 0.0000000 -71.6884837 408.8450483 0.0000000 -74.9127630 412.6579047 0.0000000 -80.9097482 401.1654371 0.0000000 -68.4618925 404.7923554 0.0000000 -71.5740258 408.7054924 0.0000000 1.3673202 313.0756240 0.0000000 -37.3405586 365.6609849 0.0000000 -31.6148397 338.6890997 0.0000000 -18.9404235 341.5799801 0.0000000 -21.8415297 345.6520310 0.0000000 -34.4419550 342.6572955 0.0000000 -24.7426359 349.7240819 0.0000000 -24.8949633 349.9285546 0.0000000 -46.6769588 377.4003961 0.0000000 26.2836061 257.4216806 0.0000000 36.1805952 264.2110135 0.0000000 36.4153229 263.8554780 0.0000000 39.0186659 259.5902784 0.0000000 39.0685221 259.5070918 0.0000000 24.5761702 280.4992170 0.0000000 66.3742292 235.8365698 0.0000000 88.2286291 226.0615082 0.0000000 83.6385804 227.8818494 0.0000000 98.4668472 209.9663124 0.0000000 102.1046346 221.4016306 0.0000000 149.4879516 215.3318286 0.0000000 149.7347243 203.3337249 0.0000000 194.0369775 230.8520242 0.0000000 189.4855522 228.7825935 0.0000000 194.4523830 217.8587392 0.0000000 199.0038083 219.9281699 0.0000000 203.1398281 234.9908856 0.0000000 269.9678217 283.3294447 0.0000000 273.3709477 292.7321462 0.0000000 235.8427660 435.2117232 0.0000000 233.3343919 439.5367753 0.0000000 225.4622291 429.1913865 0.0000000 212.9203587 450.8166467 0.0000000 220.4454809 437.8414906 0.0000000 230.8260178 443.8618273 0.0000000 210.4119846 455.1416988 0.0000000 223.3008955 456.8369835 0.0000000 205.3952364 463.7918029 0.0000000 207.9036105 459.4667508 0.0000000 215.7757733 469.8121396 0.0000000 200.3784882 472.4419069 0.0000000 202.8868623 468.1168549 0.0000000 213.2673992 474.1371916 0.0000000 197.8701141 476.7669590 0.0000000 210.7590251 478.4622437 0.0000000 208.2506510 482.7872957 0.0000000 205.7422769 487.1123478 0.0000000 187.8366178 494.0671672 0.0000000 195.3617401 481.0920110 0.0000000 185.3282437 498.3922192 0.0000000 195.7087806 504.4125559 0.0000000 193.2004065 508.7376080 0.0000000 182.8198696 502.7172713 0.0000000 177.5401904 511.8750218 0.0000000 177.8031214 511.3673753 0.0000000 188.3272301 517.1401592 0.0000000 186.5309825 521.0543292 0.0000000 185.6158634 523.9640937 0.0000000 175.1968901 517.0944619 0.0000000 173.6968892 521.8639496 0.0000000 174.5659972 529.7199373 0.0000000 173.5497164 524.9025215 0.0000000 186.1134973 526.3229982 0.0000000 175.2262320 531.4563605 0.0000000 184.1758457 541.7285323 0.0000000 182.2536171 540.4805861 0.0000000 189.7501883 531.0379058 0.0000000 188.6649046 543.5406092 0.0000000 192.2540348 532.0486215 0.0000000 190.5391969 543.9652891 0.0000000 196.4447618 544.2616114 0.0000000 195.5282249 544.2748876 0.0000000 226.3195975 541.5371371 0.0000000 221.3404582 541.9912162 0.0000000 225.1967365 529.5897406 0.0000000 229.9665946 529.1015225 0.0000000 226.3856182 541.5307481 0.0000000 231.3578732 541.0218138 0.0000000 237.9007565 539.8380516 0.0000000 236.6323598 540.1871783 0.0000000 234.0819290 528.4426798 0.0000000 242.5339470 537.9958159 0.0000000 237.5962106 527.0453413 0.0000000 247.6933860 534.8848428 0.0000000 243.4977746 537.5079259 0.0000000 240.9345067 524.9582491 0.0000000 252.2177513 531.0555152 0.0000000 248.4448783 534.3291632 0.0000000 270.0381698 512.8206004 0.0000000 266.5465509 516.3992331 0.0000000 261.4491103 504.4403822 0.0000000 280.5130268 502.0847020 0.0000000 277.0214078 505.6633348 0.0000000 268.4323482 497.2831167 0.0000000 284.1779978 498.3207114 0.0000000 284.0046458 498.5060692 0.0000000 275.3269497 490.2166965 0.0000000 290.8253711 489.9906830 0.0000000 287.9350549 494.0703997 0.0000000 278.3419783 486.8529940 0.0000000 281.0336626 483.0536488 0.0000000 294.2261122 485.0447839 0.0000000 293.7156873 485.9109664 0.0000000 283.6323529 479.3855657 0.0000000 296.3821207 480.5657352 0.0000000 285.4799712 475.5471892 0.0000000 298.4018566 475.5442445 0.0000000 296.5482907 480.1877679 0.0000000 289.0442928 466.5366668 0.0000000 300.2871650 470.7321621 0.0000000 300.2403360 470.8555755 0.0000000 302.0094012 466.0383451 0.0000000 305.4538738 456.6507112 0.0000000 308.8983464 447.2630772 0.0000000 340.3432155 413.6057397 0.0000000 345.3271394 413.2075960 0.0000000 346.2827221 425.1694881 0.0000000 365.2628349 411.6150213 0.0000000 366.2184177 423.5769134 0.0000000 404.6844283 461.9670646 0.0000000 402.0594513 466.2223569 0.0000000 391.8463447 459.9221622 0.0000000 383.9714139 472.6880389 0.0000000 378.7214601 481.1986233 0.0000000 381.3464370 476.9433311 0.0000000 354.1506761 536.9112398 0.0000000 348.2657860 544.9958011 0.0000000 338.5639274 537.9336528 0.0000000 317.9668123 566.2296176 0.0000000 327.6686709 573.2917659 0.0000000 315.5314784 589.5398732 0.0000000 315.3247143 589.7830763 0.0000000 306.2855912 581.8887906 0.0000000 303.0535349 585.4916696 0.0000000 311.9860401 593.5048058 0.0000000 296.3761865 592.9351285 0.0000000 299.7148607 589.2133990 0.0000000 308.6473659 597.2265352 0.0000000 305.3086916 600.9482647 0.0000000 301.9700174 604.6699941 0.0000000 293.0375122 596.6568579 0.0000000 289.6988380 600.3785874 0.0000000 298.8411374 608.1578590 0.0000000 286.3756784 604.9134474 0.0000000 289.3048213 600.8669482 0.0000000 296.5025812 611.3884853 0.0000000 285.7016241 606.1140562 0.0000000 295.5262872 613.7198326 0.0000000 283.4146336 613.7370910 0.0000000 283.8238275 610.5981522 0.0000000 288.1769612 625.1447834 0.0000000 285.2879512 621.4271906 0.0000000 296.6058349 616.4349026 0.0000000 290.8214796 627.0861546 0.0000000 296.4420915 629.0787061 0.0000000 295.4213048 628.7983750 0.0000000 321.0672360 633.5516629 0.0000000 321.0386135 633.5465354 0.0000000 323.1689517 621.7371378 0.0000000 325.9900383 634.4212408 0.0000000 327.8855646 622.5702938 0.0000000 326.3755770 634.4765065 0.0000000 336.3148372 635.5733971 0.0000000 346.2540974 636.6702877 0.0000000 361.1629878 638.3156236 0.0000000 371.1022480 639.4125142 0.0000000 386.0111384 641.0578501 0.0000000 381.0415082 640.5094048 0.0000000 390.9807685 641.6062954 0.0000000 410.8592889 643.8000766 0.0000000 405.8896588 643.2516313 0.0000000 415.8289191 644.3485219 0.0000000 430.7378094 645.9938578 0.0000000 440.6770696 647.0907484 0.0000000 450.6163299 648.1876390 0.0000000 461.8719111 637.3569440 0.0000000 465.5252202 649.8329749 0.0000000 460.5555901 649.2845296 0.0000000 475.4644805 650.9298655 0.0000000 486.7200616 640.0991704 0.0000000 490.3733708 652.5752014 0.0000000 485.4037407 652.0267561 0.0000000 500.3126310 653.6720920 0.0000000 510.2518913 654.7689826 0.0000000 520.1911515 655.8658732 0.0000000 531.4467327 645.0351781 0.0000000 535.1000419 657.5112091 0.0000000 530.1304117 656.9627638 0.0000000 545.0393021 658.6080997 0.0000000 556.2948833 647.7774046 0.0000000 559.9481924 660.2534356 0.0000000 554.9785623 659.7049903 0.0000000 569.8874527 661.3503262 0.0000000 579.8267129 662.4472168 0.0000000 589.7659731 663.5441074 0.0000000 601.0215543 652.7134123 0.0000000 604.6748635 665.1894432 0.0000000 599.7052334 664.6409979 0.0000000 626.0176721 655.9480173 0.0000000 629.2336031 668.5438819 0.0000000 624.2861262 667.8224330 0.0000000 639.1285568 669.9867795 0.0000000 653.9709874 672.1511261 0.0000000 649.0235105 671.4296772 0.0000000 675.4924408 663.1625057 0.0000000 678.7083717 675.7583702 0.0000000 673.7608948 675.0369214 0.0000000 688.6033254 677.2012679 0.0000000 729.9680776 671.5097807 0.0000000 728.0072089 683.3484881 0.0000000 801.9961939 695.6034313 0.0000000 808.8896616 684.5817201 0.0000000 806.9287929 696.4204276 0.0000000 813.8222606 685.3987163 0.0000000 811.7724432 697.2226910 0.0000000 813.9996752 685.4308478 0.0000000 818.9052147 686.3956277 0.0000000 826.3709524 700.1330612 0.0000000 821.4688862 699.1493121 0.0000000 823.8299779 687.3838862 0.0000000 833.6341104 689.3513846 0.0000000 838.5361766 690.3351337 0.0000000 836.1750849 702.1005596 0.0000000 850.8812835 705.0518071 0.0000000 845.9792173 704.0680580 0.0000000 848.3403090 692.3026321 0.0000000 858.1444415 694.2701305 0.0000000 863.0465077 695.2538796 0.0000000 855.7833498 706.0355563 0.0000000 860.6854160 707.0193055 0.0000000 867.9485739 696.2376288 0.0000000 865.5874822 708.0030547 0.0000000 875.3916147 709.9705530 0.0000000 885.1957471 711.9380514 0.0000000 892.4589051 701.1563747 0.0000000 890.0978134 712.9218006 0.0000000 985.8016280 720.0477463 0.0000000 990.6600437 721.2283448 0.0000000 982.9973987 731.7155314 0.0000000 992.6849105 734.0696038 0.0000000 987.8264948 732.8890052 0.0000000 1002.4017418 736.4308008 0.0000000 1005.2352907 724.7701404 0.0000000 1010.0937064 725.9507389 0.0000000 1014.9521221 727.1313375 0.0000000 1007.2601575 737.6113993 0.0000000 1021.8354045 741.1531949 0.0000000 1016.9769888 739.9725964 0.0000000 1019.8105377 728.3119360 0.0000000 1024.6689534 729.4925345 0.0000000 1029.5273691 730.6731330 0.0000000 1034.3857848 731.8537315 0.0000000 1031.5522359 743.5143919 0.0000000 1039.2442004 733.0343301 0.0000000 1036.4106515 744.6949904 0.0000000 1041.2690672 745.8755890 0.0000000 1053.8194475 736.5761256 0.0000000 1055.8443142 749.4173845 0.0000000 1050.9858986 748.2367860 0.0000000 1070.4195613 752.9591801 0.0000000 1080.1363926 755.3203771 0.0000000 1075.2779769 754.1397786 0.0000000 1089.8532240 757.6815742 0.0000000 1104.4284710 761.2233697 0.0000000 1116.9788512 751.9239064 0.0000000 1114.1453023 763.5845668 0.0000000 1286.6477470 813.3568630 0.0000000 1281.8856614 811.8335259 0.0000000 1290.3039012 801.9274039 0.0000000 1300.9340040 817.9268744 0.0000000 1291.4098327 814.8802002 0.0000000 1304.5901582 806.4974153 0.0000000 1305.6960896 819.4502116 0.0000000 1309.3522438 808.0207524 0.0000000 1315.2202609 822.4968858 0.0000000 1318.8764151 811.0674267 0.0000000 1323.6385008 812.5907638 0.0000000 1328.4005864 814.1141009 0.0000000 1319.9823465 824.0202230 0.0000000 1333.1626721 815.6374381 0.0000000 1329.5065178 827.0668972 0.0000000 1337.9247577 817.1607752 0.0000000 1342.6868434 818.6841123 0.0000000 1334.2686035 828.5902344 0.0000000 1347.4489290 820.2074495 0.0000000 1339.0306891 830.1135715 0.0000000 1348.5548604 833.1602458 0.0000000 1343.7927748 831.6369086 0.0000000 1352.2110147 821.7307866 0.0000000 1358.0790317 836.2069200 0.0000000 1353.3169461 834.6835829 0.0000000 1361.7351859 824.7774609 0.0000000 1367.6032030 839.2535943 0.0000000 1371.2593572 827.8241351 0.0000000 1376.0214429 829.3474723 0.0000000 1381.8894600 843.8236057 0.0000000 1372.3652887 840.7769314 0.0000000 1385.5456142 832.3941465 0.0000000 1391.4136313 846.8702799 0.0000000 1386.6515456 845.3469428 0.0000000 1395.0697855 835.4408208 0.0000000 1399.8318711 836.9641579 0.0000000 1404.5939568 838.4874951 0.0000000 1396.1757169 848.3936171 0.0000000 1414.1181281 841.5341693 0.0000000 1400.9378026 849.9169542 0.0000000 1418.8802137 843.0575065 0.0000000 1410.4619739 852.9636285 0.0000000 1423.6422994 844.5808436 0.0000000 1415.2240595 854.4869656 0.0000000 1424.7482308 857.5336399 0.0000000 1419.9861452 856.0103027 0.0000000 1428.3440388 846.0848766 0.0000000 1432.9404269 847.4489083 0.0000000 1424.8693175 857.5709694 0.0000000 1429.6601573 858.9927068 0.0000000 1446.2583799 861.0300225 0.0000000 1441.3201589 861.1713978 0.0000000 1445.0669345 849.0592155 0.0000000 1447.9144842 860.7472959 0.0000000 1452.6452011 859.2342400 0.0000000 1448.0836942 848.0943457 0.0000000 1454.3229734 858.3888096 0.0000000 1458.3806337 855.4676097 0.0000000 1464.4381657 849.7442265 0.0000000 1462.4900315 852.3322877 0.0000000 1453.8698559 843.8162979 0.0000000 1466.2070450 845.2094446 0.0000000 1454.6081631 841.9235390 0.0000000 1466.5777373 838.0924170 0.0000000 1466.6170547 842.9807798 0.0000000 1466.3371079 836.4578533 0.0000000 1464.4570679 830.5228564 0.0000000 1452.1351468 808.0715368 0.0000000 1452.4560264 808.5928452 0.0000000 1449.0932932 803.6714032 0.0000000 1436.7738493 787.9170530 0.0000000 1439.8537103 791.8556405 0.0000000 1408.8783139 771.7243123 0.0000000 1418.2946834 764.2855275 0.0000000 1421.3745444 768.2241151 0.0000000 1415.0634745 760.3160990 0.0000000 1418.2205312 764.1926120 0.0000000 1415.0353825 760.2818639 0.0000000 1383.4861763 740.9544129 0.0000000 1392.7346731 733.3081520 0.0000000 1405.4779356 748.7217016 0.0000000 1370.7429138 725.5408632 0.0000000 1379.9914107 717.8946023 0.0000000 1386.3630419 725.6013771 0.0000000 1354.8138357 706.2739262 0.0000000 1364.0623326 698.6276652 0.0000000 1367.2481482 702.4810526 0.0000000 1348.1332545 679.3607281 0.0000000 1335.3899920 663.9471785 0.0000000 1310.2289505 652.2979593 0.0000000 1319.4920768 644.6694280 0.0000000 1322.6705054 648.5289108 0.0000000 1309.9567911 633.0909796 0.0000000 1313.1352197 636.9504624 0.0000000 1306.7783625 629.2314968 0.0000000 1297.2430768 617.6530483 0.0000000 1259.3740933 590.5462344 0.0000000 1256.1956647 586.6867516 0.0000000 1268.6372196 582.9177031 0.0000000 1253.0172361 582.8272688 0.0000000 1265.4587910 579.0582203 0.0000000 1249.8388075 578.9677860 0.0000000 1262.2803625 575.1987375 0.0000000 1240.3035218 567.3893376 0.0000000 1246.3882196 555.9013234 0.0000000 1237.1250932 563.5298548 0.0000000 1233.9466647 559.6703720 0.0000000 1240.0313624 548.1823578 0.0000000 1243.2097910 552.0418406 0.0000000 1230.7682361 555.8108891 0.0000000 1227.5898075 551.9514063 0.0000000 1226.4438211 532.6323145 0.0000000 1230.0351425 536.1047247 0.0000000 1218.4075553 541.5541089 0.0000000 1225.7953765 532.0883769 0.0000000 1215.0641288 539.1297267 0.0000000 1221.7819232 529.1781457 0.0000000 1211.4296653 537.1765416 0.0000000 1216.6958967 526.3835787 0.0000000 1221.1000151 528.7503817 0.0000000 1211.1225572 524.3553698 0.0000000 1215.8376189 526.0055441 0.0000000 1207.1897494 535.6926584 0.0000000 1211.0600606 524.3338828 0.0000000 1202.6800362 534.1698968 0.0000000 1201.0973834 521.3479161 0.0000000 1205.9268884 522.6156441 0.0000000 1200.8712803 521.2932270 0.0000000 1191.1082014 519.1312019 0.0000000 1159.2244315 524.3612860 0.0000000 1161.8189646 512.6451263 0.0000000 1156.9374252 511.5641137 0.0000000 1129.9351947 517.8752105 0.0000000 1110.4090368 513.5511602 0.0000000 1105.5274974 512.4701476 0.0000000 1113.0035700 501.8350005 0.0000000 1086.0013395 508.1460972 0.0000000 1088.5958727 496.4299375 0.0000000 1061.5936422 502.7410343 0.0000000 1056.7121027 501.6600217 0.0000000 1064.1881754 491.0248746 0.0000000 1054.4250964 488.8628494 0.0000000 1059.3066359 489.9438620 0.0000000 1051.8305633 500.5790091 0.0000000 1046.9490238 499.4979965 0.0000000 1049.5435570 487.7818369 0.0000000 1044.6620175 486.7008243 0.0000000 1042.0674843 498.4169839 0.0000000 1028.9291379 484.1554199 0.0000000 1033.9017028 484.4043852 0.0000000 1032.7973678 496.3641248 0.0000000 1028.2049745 484.1629232 0.0000000 1028.6913848 496.1585474 0.0000000 1025.0273027 496.4182064 0.0000000 1016.8567402 486.7246303 0.0000000 1021.5147391 484.9077478 0.0000000 1023.2709520 484.5125778 0.0000000 1018.8901656 499.6184128 0.0000000 1010.5859436 490.9270851 0.0000000 1011.6555776 490.0184119 0.0000000 1021.8208960 497.6688860 0.0000000 1003.3643101 499.9398909 0.0000000 1003.8105683 499.2118498 0.0000000 1013.8184397 505.8470390 0.0000000 972.1639868 545.7535815 0.0000000 968.7594938 534.2460605 0.0000000 961.3244353 548.7123915 0.0000000 919.2892652 538.4802376 0.0000000 926.4503900 528.8476892 0.0000000 884.5736517 480.9031175 0.0000000 876.0174349 489.3168654 0.0000000 872.5118457 485.7519166 0.0000000 881.0680625 477.3381687 0.0000000 888.1649688 484.5570607 0.0000000 891.5922682 488.1890691 0.0000000 882.6237661 496.1696144 0.0000000 879.4797019 492.8377585 0.0000000 888.0792409 484.4680663 0.0000000 873.7940227 470.1911427 0.0000000 877.4151294 473.6284522 0.0000000 865.7109739 479.0638469 0.0000000 873.4237878 469.8674857 0.0000000 869.5278603 466.7338354 0.0000000 846.6069645 463.6977282 0.0000000 853.9441501 454.1992341 0.0000000 857.8400777 457.3328844 0.0000000 853.5653557 453.9183379 0.0000000 849.4432237 451.1057046 0.0000000 842.7998837 461.1000622 0.0000000 844.9374567 448.3330853 0.0000000 849.1991328 450.9476851 0.0000000 830.2148084 453.3789369 0.0000000 836.2607675 443.0129190 0.0000000 836.4141044 443.1038857 0.0000000 826.2819773 451.1241110 0.0000000 831.2723965 440.2048039 0.0000000 831.9311912 440.5306256 0.0000000 822.6647968 449.6032659 0.0000000 826.6634104 438.2669537 0.0000000 820.4735531 437.0809107 0.0000000 825.3126689 437.8776675 0.0000000 812.9865968 437.1949362 0.0000000 814.4989805 437.0011997 0.0000000 815.2675811 449.0011997 0.0000000 808.2264849 438.4348240 0.0000000 811.6207599 449.9511036 0.0000000 802.8630816 440.5368236 0.0000000 807.5026511 438.6733831 0.0000000 807.4315240 451.6336718 0.0000000 798.1010738 442.6389988 0.0000000 802.6724529 440.6172319 0.0000000 802.9960453 453.5953345 0.0000000 793.4771712 444.7669855 0.0000000 798.0187945 442.6761307 0.0000000 793.9537988 457.7581688 0.0000000 784.3939248 448.9486953 0.0000000 788.9355480 446.8578404 0.0000000 775.3106783 453.1304050 0.0000000 766.7040594 470.3032980 0.0000000 757.1441853 461.4938245 0.0000000 761.6858085 459.4029696 0.0000000 748.5375664 478.6667174 0.0000000 738.9776923 469.8572439 0.0000000 743.5193156 467.7663891 0.0000000 725.3528226 476.1298085 0.0000000 640.9886191 475.5946001 0.0000000 621.7665621 477.7780333 0.0000000 624.8269032 465.1434645 0.0000000 628.8597410 468.0988384 0.0000000 598.1013911 457.9180673 0.0000000 597.7905832 457.5774969 0.0000000 606.8097294 449.6586442 0.0000000 573.3830115 417.9562514 0.0000000 565.0110812 372.3821790 0.0000000 564.2179421 367.4657285 0.0000000 576.8579128 370.4710064 0.0000000 576.0551913 365.4959767 0.0000000 576.0616225 365.5350225 0.0000000 575.2185408 360.5198869 0.0000000 575.2263853 360.5654772 0.0000000 563.3962504 362.5775516 0.0000000 574.3517233 355.5957989 0.0000000 562.5334430 357.6762435 0.0000000 561.8185858 353.6153896 0.0000000 572.9403948 349.0247873 0.0000000 573.4849058 350.6717108 0.0000000 570.7105132 344.5730422 0.0000000 557.8330677 345.9531323 0.0000000 568.2657782 340.0164161 0.0000000 570.6316416 344.4210394 0.0000000 555.3811722 342.2959967 0.0000000 552.6158877 338.9048902 0.0000000 564.8584498 334.9298598 0.0000000 561.2356077 330.5491487 0.0000000 561.6987268 331.0550480 0.0000000 557.6775095 327.0828465 0.0000000 549.5476796 335.9158393 0.0000000 553.2115563 323.5754301 0.0000000 557.1645046 326.6368376 0.0000000 542.3352833 330.3301140 0.0000000 543.9306137 317.6291187 0.0000000 548.3583264 319.9372788 0.0000000 538.4226817 328.2904806 0.0000000 543.8519685 317.5888547 0.0000000 525.2989811 321.6930323 0.0000000 529.9647240 310.6340143 0.0000000 530.4506650 310.8518520 0.0000000 525.3168186 308.7935665 0.0000000 525.2973525 308.7858977 0.0000000 511.6083189 316.3093557 0.0000000 515.9873208 305.1368742 0.0000000 460.4477446 233.9549605 0.0000000 462.2983153 238.5996784 0.0000000 449.3454014 238.5105103 0.0000000 460.3522771 233.7289053 0.0000000 458.3134193 229.1639302 0.0000000 447.3590736 234.0631493 0.0000000 456.2602294 224.5917949 0.0000000 458.3084389 229.1528094 0.0000000 445.4267397 229.7601699 0.0000000 443.3086416 226.0111741 0.0000000 456.0107086 224.0983501 0.0000000 453.5659170 219.7711128 0.0000000 453.1430242 219.1238683 0.0000000 431.8162383 210.5625868 0.0000000 437.2505214 198.9176405 0.0000000 440.7193854 202.5071851 0.0000000 425.3802813 204.0652188 0.0000000 433.5861267 195.3041190 0.0000000 437.1473675 198.8134751 0.0000000 433.1317063 194.8996212 0.0000000 422.0144092 201.3621252 0.0000000 428.6888281 191.3834556 0.0000000 429.2563426 191.7873608 0.0000000 420.2190619 186.0679008 0.0000000 424.4539450 188.7256782 0.0000000 403.2795294 175.4367911 0.0000000 407.5144125 178.0945685 0.0000000 390.5480988 167.4518026 0.0000000 390.5682408 167.4643640 0.0000000 382.0528359 162.1770921 0.0000000 369.3099414 154.2650264 0.0000000 373.5575729 156.9023816 0.0000000 352.3194155 143.7156055 0.0000000 339.5765211 135.8035398 0.0000000 343.8241526 138.4408950 0.0000000 322.5859952 125.2541189 0.0000000 314.0907323 119.9794084 0.0000000 297.1013989 109.4307279 0.0000000 268.2665377 90.5541431 0.0000000 249.6364188 88.7190328 0.0000000 242.6888299 57.1247909 0.0000000 238.4155995 -34.7725344 0.0000000 269.2087694 -124.5642254 0.0000000 267.5670707 -119.8416370 0.0000000 256.2324087 -123.7818701 0.0000000 272.4921667 -134.0094022 0.0000000 270.8504680 -129.2868138 0.0000000 259.5158060 -133.2270469 0.0000000 274.1338653 -138.7319906 0.0000000 262.7992033 -142.6722237 0.0000000 277.4172626 -148.1771674 0.0000000 275.7755639 -143.4545790 0.0000000 264.4409019 -147.3948121 0.0000000 266.0826006 -152.1174006 0.0000000 267.7242992 -156.8399890 0.0000000 269.3659978 -161.5625774 0.0000000 271.0076965 -166.2851658 0.0000000 280.7006599 -157.6223443 0.0000000 283.9840571 -167.0675211 0.0000000 282.3423585 -162.3449327 0.0000000 272.5805109 -170.8095986 0.0000000 273.6489050 -174.7517797 0.0000000 284.1078174 -167.4681594 0.0000000 285.8099420 -178.5333079 0.0000000 285.6122190 -173.5954388 0.0000000 273.7689541 -177.7498472 0.0000000 285.3968460 -180.9734057 0.0000000 283.5689612 -185.6112528 0.0000000 270.8600634 -183.3050629 0.0000000 280.2276335 -190.8929907 0.0000000 282.9888625 -186.7248220 0.0000000 274.5806345 -195.3274463 0.0000000 278.6441421 -192.5102863 0.0000000 266.0376953 -197.8232336 0.0000000 268.2114008 -197.5748808 0.0000000 265.7621769 -185.7749182 0.0000000 261.1874853 -197.4851803 0.0000000 262.9071969 -185.5759298 0.0000000 254.8117391 -195.3362265 0.0000000 259.4725590 -197.1080987 0.0000000 259.3033691 -184.2058872 0.0000000 249.8503661 -192.9959425 0.0000000 254.3646510 -195.1451859 0.0000000 250.6338656 -180.0783513 0.0000000 240.6677771 -188.3308484 0.0000000 245.0608874 -190.7068859 0.0000000 246.4854704 -177.8346693 0.0000000 240.4524661 -188.2085881 0.0000000 231.8606680 -183.0926260 0.0000000 205.7817515 -167.3997274 0.0000000 206.0252490 -167.5615028 0.0000000 212.5440859 -157.4854845 0.0000000 201.6859189 -164.5322945 0.0000000 208.5680310 -154.7019062 0.0000000 204.4721984 -151.8344733 0.0000000 200.3763659 -148.9670404 0.0000000 193.4942538 -158.7974287 0.0000000 189.3984212 -155.9299958 0.0000000 160.7028497 -135.7605176 0.0000000 160.4677818 -135.5824132 0.0000000 156.5580756 -132.4659708 0.0000000 152.6483694 -129.3495284 0.0000000 173.0150910 -144.4602642 0.0000000 137.0095445 -116.8837589 0.0000000 125.2804259 -107.5344318 0.0000000 129.1901321 -110.6508742 0.0000000 113.5513072 -98.1851047 0.0000000 109.6416010 -95.0686624 0.0000000 97.9124824 -85.7193353 0.0000000 90.0930699 -79.4864505 0.0000000 74.4542451 -67.0206810 0.0000000 43.1765953 -42.0891421 0.0000000 47.0863016 -45.2055845 0.0000000 35.3571829 -35.8562573 0.0000000 23.6280643 -26.5069302 0.0000000 27.5377705 -29.6233726 0.0000000 23.2884103 -10.8903782 0.0000000 15.8086518 -20.2740455 0.0000000 19.7183580 -23.3904879 0.0000000 4.0795332 -10.9247184 0.0000000 -180.9198585 133.8842286 0.0000000 -188.7964556 140.0446897 0.0000000 -193.2185046 158.7376730 0.0000000 -224.2411427 167.7667646 0.0000000 -243.9326355 183.1679173 0.0000000 -286.9293513 217.5997805 0.0000000 -306.3944990 233.2860299 0.0000000 -302.7578300 245.7669214 0.0000000 -310.5438891 252.0414212 0.0000000 -341.4317649 261.5212787 0.0000000 -349.2178239 267.7957784 0.0000000 -357.0038830 274.0702781 0.0000000 -161.7121161 134.0958286 0.0000000 -141.5368729 103.0819232 0.0000000 -122.3291306 103.2935232 0.0000000 -67.1929507 60.1702956 0.0000000 -66.7092003 44.5575429 0.0000000 94.0027762 -82.6028929 0.0000000 101.4825347 -73.2192256 0.0000000 -47.0177075 29.1563901 0.0000000 -43.0794089 26.0761596 0.0000000 -35.6865622 35.5284513 0.0000000 -23.8716666 26.2877596 0.0000000 -31.2645133 16.8354680 0.0000000 -27.3262147 13.7552374 0.0000000 -19.4496176 7.5947763 0.0000000 -0.2418752 7.8063764 0.0000000 136.6698906 -101.2672069 0.0000000 144.8289570 -123.1166437 0.0000000 179.8972031 -134.6298760 0.0000000 210.3811727 -170.3027208 0.0000000 238.1737237 -71.8333975 0.0000000 231.7961389 -52.8048632 0.0000000 231.8567582 -11.5445088 0.0000000 219.3141639 23.3679049 0.0000000 235.5950320 39.9008693 0.0000000 237.0129249 44.6954074 0.0000000 234.5354926 67.2500615 0.0000000 240.1143380 76.1145782 0.0000000 252.7855300 73.5755931 0.0000000 261.1596543 100.2237622 0.0000000 320.5037229 138.0861942 0.0000000 337.4942488 148.6356151 0.0000000 367.2276691 167.0971018 0.0000000 401.1354936 188.2586914 0.0000000 450.1479780 215.1281124 0.0000000 440.5422360 222.3204526 0.0000000 475.6152581 293.5798024 0.0000000 492.3949626 307.4233026 0.0000000 501.7251539 312.3473417 0.0000000 569.5167757 402.3887919 0.0000000 585.0651567 441.0947467 0.0000000 591.0310578 449.5317428 0.0000000 609.5756303 468.4761443 0.0000000 666.9495229 486.5674746 0.0000000 680.5800498 488.6283094 0.0000000 703.2242103 485.6280287 0.0000000 706.5597055 497.1552352 0.0000000 734.9126967 484.9392820 0.0000000 753.0791896 476.5758626 0.0000000 771.2456826 468.2124431 0.0000000 900.7425489 520.0942247 0.0000000 916.3208162 519.9427469 0.0000000 907.2784344 527.8319482 0.0000000 923.8815247 541.4784111 0.0000000 933.8912425 545.9501658 0.0000000 939.7449780 547.6503829 0.0000000 951.0388920 537.0767719 0.0000000 964.0637454 535.5857841 0.0000000 977.1209242 544.1332147 0.0000000 972.3870557 545.6852216 0.0000000 1003.0134464 523.2551163 0.0000000 1122.7666489 503.9970256 0.0000000 1262.5525218 594.4057172 0.0000000 1271.8156482 586.7771859 0.0000000 1274.9940768 590.6366687 0.0000000 1316.5858076 660.0169249 0.0000000 1338.5758076 667.8005659 0.0000000 1329.3273108 675.4468268 0.0000000 1360.8765170 694.7742778 0.0000000 1376.8055950 714.0412149 0.0000000 1430.4007250 799.2476003 0.0000000 1272.3614901 808.7868516 0.0000000 1150.9284981 761.2422830 0.0000000 1155.7427516 762.5917197 0.0000000 1199.0710327 774.7366499 0.0000000 1170.1855120 766.6400297 0.0000000 1239.1605373 798.4362469 0.0000000 1058.6778631 737.7567241 0.0000000 1126.8572308 754.4950996 0.0000000 1099.5700553 760.0427712 0.0000000 1102.4036042 748.3821108 0.0000000 1078.1115258 742.4791182 0.0000000 1063.5362788 738.9373227 0.0000000 980.6960972 718.8638599 0.0000000 978.2459550 730.6114151 0.0000000 887.5568389 700.1726255 0.0000000 762.5354019 689.0674616 0.0000000 789.1592656 681.3137353 0.0000000 787.1983969 693.1524427 0.0000000 749.6984736 674.7777656 0.0000000 723.0746098 682.5314919 0.0000000 713.2094118 680.8974995 0.0000000 698.4982792 678.6441656 0.0000000 700.2298251 666.7697498 0.0000000 680.4399176 663.8839545 0.0000000 412.1756099 631.8724910 0.0000000 387.3274593 629.1302645 0.0000000 341.2844673 636.1218424 0.0000000 342.6007883 624.1942568 0.0000000 311.2000047 631.7594037 0.0000000 339.4384510 557.1226432 0.0000000 347.3912624 525.8068108 0.0000000 362.1034875 505.5954074 0.0000000 380.6326812 500.5307137 0.0000000 391.5595437 483.2435257 0.0000000 394.1845206 478.9882335 0.0000000 412.5210481 446.6428304 0.0000000 400.6470309 437.1506350 0.0000000 407.9636638 423.7553561 0.0000000 381.4455443 411.3909734 0.0000000 356.2505699 424.3732007 0.0000000 317.6523801 432.2647745 0.0000000 309.1622663 423.7794229 0.0000000 302.1014001 433.2466793 0.0000000 238.3511401 430.8866712 0.0000000 238.0040995 407.5661263 0.0000000 255.8134950 400.3059901 0.0000000 279.2939154 356.1644968 0.0000000 281.7572625 344.5462995 0.0000000 276.8795051 302.6733328 0.0000000 261.6694500 264.6117380 0.0000000 265.8172945 273.7104988 0.0000000 250.7505037 269.5893490 0.0000000 171.6952565 207.5115856 0.0000000 160.4882507 204.4062866 0.0000000 144.7443058 203.2826836 0.0000000 129.2614198 204.4700109 0.0000000 134.2460037 204.0802178 0.0000000 83.8624109 214.8838528 0.0000000 46.9124376 233.6278381 0.0000000 10.0706390 300.8594714 0.0000000 -56.0688604 369.9309795 0.0000000 -220.3842043 381.3760098 0.0000000 -279.6714324 342.2782391 0.0000000 -302.5663936 332.2397558 0.0000000 -330.2800179 333.1912901 0.0000000 -368.3540420 285.4116914 0.0000000 -359.7672579 297.6527103 0.0000000 -288.8294169 338.2628458 0.0000000 -188.0915877 382.4321722 0.0000000 -169.7756188 390.4629588 0.0000000 -160.8573053 407.4760663 0.0000000 -127.5905640 420.2659414 0.0000000 -101.5911583 425.2108103 0.0000000 -86.8768280 407.6688083 0.0000000 -75.2598185 413.0344686 0.0000000 -78.8020346 416.5630265 0.0000000 -37.4153746 346.4764429 0.0000000 -27.9657816 353.8728039 0.0000000 -28.0041584 353.9215738 0.0000000 62.0693491 238.3794073 0.0000000 222.9538550 433.5164386 0.0000000 220.7925214 461.1620355 0.0000000 198.2171547 500.0875039 0.0000000 180.3114955 507.0423233 0.0000000 175.4673031 516.3920126 0.0000000 231.6954255 540.9775548 0.0000000 264.9407293 500.8617494 0.0000000 287.5070824 494.6066338 0.0000000 298.4153824 475.5100561 0.0000000 389.2213678 464.1774544 0.0000000 333.5535610 565.2072045 0.0000000 318.6634232 585.6508987 0.0000000 295.7491444 615.3325089 0.0000000 284.0820603 618.5668338 0.0000000 425.7681793 645.4454125 0.0000000 658.9184642 672.8725749 0.0000000 683.6558486 676.4798191 0.0000000 818.9279117 686.4001370 0.0000000 816.5781641 698.1678394 0.0000000 828.7320441 688.3676354 0.0000000 985.7429186 720.0337922 0.0000000 995.5184594 722.4089434 0.0000000 1012.1185732 738.7919978 0.0000000 1026.6938202 742.3337934 0.0000000 1060.7027299 750.5979831 0.0000000 1295.0659869 803.4507410 0.0000000 1324.7444322 825.5435601 0.0000000 1356.9731003 823.2541237 0.0000000 1390.3076998 833.9174837 0.0000000 1441.5080418 849.1611023 0.0000000 1458.5167166 855.3666933 0.0000000 1454.8562347 812.9788474 0.0000000 1389.5488575 729.4547646 0.0000000 1259.1019339 571.3392547 0.0000000 1206.3230206 522.7343614 0.0000000 1171.5820436 514.8071515 0.0000000 1034.8989386 484.5387991 0.0000000 1039.7804781 485.6198117 0.0000000 1015.7139530 487.3187738 0.0000000 1006.6936227 495.1829369 0.0000000 854.2149460 469.8171320 0.0000000 861.7360052 460.4665348 0.0000000 840.6757805 445.7184855 0.0000000 819.4987820 437.0011997 0.0000000 766.2274318 457.3121147 0.0000000 748.0609388 465.6755342 0.0000000 729.8944458 474.0389536 0.0000000 560.0196057 350.0238983 0.0000000 549.2586080 320.5140227 0.0000000 534.9177662 313.0975196 0.0000000 441.2280104 203.1077849 0.0000000 428.6723653 207.3093395 0.0000000 394.8053976 170.1184991 0.0000000 326.8336267 127.8914741 0.0000000 236.8288651 -30.0311960 0.0000000 261.1575046 -137.9496353 0.0000000 279.0589612 -152.8997559 0.0000000 272.6362310 -180.6238776 0.0000000 272.9186504 -196.1336708 0.0000000 245.3360811 -190.8466991 0.0000000 197.5900864 -161.6648616 0.0000000 164.8234259 -138.7253984 0.0000000 -236.0560384 177.0074562 0.0000000 -256.0414755 208.1199230 0.0000000 -130.2057277 109.4539843 0.0000000 -39.1411104 22.9959291 0.0000000 27.1981166 -14.0068206 0.0000000 31.1078228 -17.1232629 0.0000000 -117.9070816 84.6005399 0.0000000 -121.8453801 87.6807705 0.0000000 210.2533133 -170.2244069 0.0000000 223.8624670 -29.0981713 0.0000000 235.2421307 -25.2898576 0.0000000 225.5055768 48.0984855 0.0000000 242.8459968 80.3021856 0.0000000 265.2120681 103.1522358 0.0000000 261.9669801 84.6013545 0.0000000 418.0750260 198.8898010 0.0000000 485.0887031 286.2140818 0.0000000 569.4562205 402.0783588 0.0000000 591.3387733 449.9296170 0.0000000 690.6286603 500.5660356 0.0000000 907.1940955 527.7342252 0.0000000 942.5861517 535.9907233 0.0000000 995.6925802 531.3319577 0.0000000 993.4692854 515.9799395 0.0000000 1300.6936647 640.7195109 0.0000000 1325.8489340 652.3883936 0.0000000 1313.4073790 656.1574421 0.0000000 1357.9996514 710.1273136 0.0000000 1377.1145451 733.2476381 0.0000000 939.1184756 722.7592924 0.0000000 907.1651038 704.1076222 0.0000000 897.3609713 702.1401239 0.0000000 764.4962706 677.2287542 0.0000000 772.4005999 690.7014541 0.0000000 739.8332756 673.1437731 0.0000000 660.6500102 660.9981592 0.0000000 685.3873945 664.6054033 0.0000000 655.7025333 660.2767103 0.0000000 427.0845002 633.5178269 0.0000000 362.9780111 524.7843977 0.0000000 409.9343821 453.4564802 0.0000000 395.4436724 427.9588131 0.0000000 379.9553095 423.2982506 0.0000000 331.3309505 426.3639191 0.0000000 312.5514453 439.1488504 0.0000000 302.3013390 432.9059033 0.0000000 272.2497892 369.4069448 0.0000000 269.9134316 342.6154580 0.0000000 254.8983482 278.6881098 0.0000000 256.2823975 254.6726066 0.0000000 175.8312763 222.5743013 0.0000000 180.7981071 211.6504471 0.0000000 97.3401077 222.9173152 0.0000000 93.7023204 211.4819969 0.0000000 47.2787435 233.3751753 0.0000000 53.9090814 243.3795839 0.0000000 51.4916943 230.6942118 0.0000000 -233.8815100 362.3552057 0.0000000 -316.5430412 339.2143801 0.0000000 -311.7243780 328.2243625 0.0000000 -270.5134479 346.2936324 0.0000000 -156.0386421 396.4860488 0.0000000 -123.9799108 408.8219353 0.0000000 -127.6776740 420.2380922 0.0000000 -95.1836396 424.0486500 0.0000000 -90.3240750 422.9217419 0.0000000 218.2841474 465.4870875 0.0000000 178.6908341 537.0397417 0.0000000 287.2501429 471.1125834 0.0000000 309.2256008 578.2381445 0.0000000 316.1193091 632.6529695 0.0000000 1440.2631831 861.1081866 0.0000000 1451.3007218 845.7783360 0.0000000 1459.6566513 821.7508519 0.0000000 1424.4544054 772.1627027 0.0000000 1221.4492627 544.4951032 0.0000000 1037.1859449 497.3359714 0.0000000 1016.2281993 502.4795301 0.0000000 1007.1802422 494.5875788 0.0000000 877.5624733 473.7732198 0.0000000 869.0786823 482.2606199 0.0000000 834.4004919 455.9469141 0.0000000 819.0081373 449.0011997 0.0000000 565.1920931 335.3804640 0.0000000 444.2019701 207.1269365 0.0000000 451.1505500 243.0412242 0.0000000 388.4330265 180.2867286 0.0000000 301.3478379 112.0673427 0.0000000 238.1545093 -71.7772301 0.0000000 285.4081146 -172.2660212 0.0000000 268.5118062 -184.9330693 0.0000000 175.8013705 -131.7624431 0.0000000 168.9192585 -141.5928313 0.0000000 -251.8559378 189.3652824 0.0000000 -271.6135937 220.6689225 0.0000000 -333.9020664 270.8649204 0.0000000 164.0378342 -123.0823035 0.0000000 225.4492014 -33.8395097 0.0000000 922.7089283 525.9381516 0.0000000 987.2635536 522.7907898 0.0000000 995.7014492 531.3231961 0.0000000 1380.3003607 737.1010255 0.0000000 769.4288696 678.0457504 0.0000000 345.3233410 549.0380818 0.0000000 407.3094052 457.7117724 0.0000000 336.3148743 425.9657755 0.0000000 180.3827016 224.6437320 0.0000000 -311.9640490 341.2220767 0.0000000 -307.1453858 330.2320592 0.0000000 -59.1254923 393.0529442 0.0000000 318.8413359 585.4186079 0.0000000 831.2730186 701.1168104 0.0000000 980.8736163 718.9022885 0.0000000 1435.3359848 860.3731557 0.0000000 1444.3294115 818.7395760 0.0000000 1236.8529339 544.3228750 0.0000000 1230.4960767 536.6039094 0.0000000 885.3984754 499.8996607 0.0000000 895.0266821 492.7374240 0.0000000 577.6542031 375.4069904 0.0000000 452.9644934 247.5940117 0.0000000 464.1488860 243.2443962 0.0000000 265.9253721 -115.1190486 0.0000000 472.6506126 266.9824706 0.0000000 461.3502825 271.0201110 0.0000000 568.5942472 396.9130302 0.0000000 601.6013057 461.4689425 0.0000000 767.4680009 689.8844579 0.0000000 630.9651490 656.6694662 0.0000000 357.0931211 532.8689591 0.0000000 57.8501938 240.8716082 0.0000000 -369.4785836 306.4905501 0.0000000 318.2639523 620.8461704 0.0000000 1233.6745053 540.4633922 0.0000000 1069.0697148 492.1058872 0.0000000 565.8073715 377.3181629 0.0000000 464.2190891 243.4294148 0.0000000 -330.0090368 267.7276705 0.0000000 457.9857157 261.6035429 0.0000000 469.2860458 257.5659026 0.0000000 271.9239672 493.7044839 0.0000000 853.2423753 693.2863813 0.0000000 1066.4751817 503.8220469 0.0000000 892.0425352 488.7258304 0.0000000 -337.5387353 258.3840288 0.0000000 252.9490114 -114.3366933 0.0000000 456.3034324 256.8952589 0.0000000 798.4954221 455.6673139 0.0000000 1280.7797299 798.8807296 0.0000000 742.8050059 685.7994768 0.0000000 744.7658746 673.9607693 0.0000000 -351.2616889 309.4620348 0.0000000 1073.9512543 493.1868998 0.0000000 257.8741074 -128.5044585 0.0000000 -333.6457058 255.2467789 0.0000000 467.6037625 252.8576186 0.0000000 1277.1235757 810.3101888 0.0000000 -201.8285644 376.4090823 0.0000000 898.0108290 496.7490176 0.0000000 465.9214791 248.1493345 0.0000000 454.6241759 252.1954465 0.0000000 190.6920324 513.0626600 0.0000000 711.7279529 482.4023731 0.0000000 254.5907101 -119.0592817 0.0000000 -129.7219772 93.8412315 0.0000000 -169.5887133 140.2562897 0.0000000 -114.4525334 97.1330621 0.0000000 -128.6870652 407.2774153 0.0000000 -117.7743875 423.1200028 0.0000000 218.9729709 -175.4186829 0.0000000 -114.6419635 411.5360519 0.0000000 -112.9479328 424.4251277 0.0000000 255.0087549 -182.1612286 0.0000000 -111.9244345 424.6085569 0.0000000 51.6614167 230.5901224 0.0000000 55.9662969 228.0472849 0.0000000 264.2836735 -110.3964602 0.0000000 230.4282558 2.4222020 0.0000000 218.4325935 2.0913617 0.0000000 230.3264998 7.1615947 0.0000000 218.3253509 7.0863025 0.0000000 218.3285994 7.4507868 0.0000000 218.5250020 12.4467293 0.0000000 135.1815442 216.0436940 0.0000000 230.5157400 11.9753444 0.0000000 218.7214047 17.4426719 0.0000000 161.0185279 204.5114306 0.0000000 185.3495324 213.7198778 0.0000000 250.1649947 69.5583369 0.0000000 258.6811991 80.8328456 0.0000000 237.5442610 252.5821962 0.0000000 272.2406838 93.4260566 0.0000000 259.5955277 260.0623576 0.0000000 465.9153998 248.1324004 0.0000000 262.0872581 296.8160595 0.0000000 494.7131463 294.6317413 0.0000000 529.5279501 323.8189879 0.0000000 545.8638868 333.0628826 0.0000000 567.9636227 339.5143510 0.0000000 177.6484250 535.6988100 0.0000000 187.6441821 529.0039791 0.0000000 566.6005522 382.2348714 0.0000000 578.4504934 380.3429743 0.0000000 578.4565870 380.3815451 0.0000000 211.3821797 542.8993743 0.0000000 216.3613190 542.4452952 0.0000000 215.2714860 530.4948867 0.0000000 575.3164805 422.5670770 0.0000000 220.2506253 530.0408077 0.0000000 586.3829013 417.9265671 0.0000000 588.2109082 422.2858926 0.0000000 577.2499496 427.1779027 0.0000000 577.4832547 427.6702985 0.0000000 579.8265041 432.0857061 0.0000000 273.5297888 509.2419676 0.0000000 639.7788993 488.6725151 0.0000000 335.3592916 414.0038834 0.0000000 644.2693101 490.8545119 0.0000000 649.3834368 479.9978652 0.0000000 341.2987982 425.5676318 0.0000000 644.5333232 490.9749990 0.0000000 649.1307174 492.9401917 0.0000000 653.8473671 481.9060078 0.0000000 685.6347732 500.8091567 0.0000000 698.4594641 486.9874377 0.0000000 397.0962985 451.4115778 0.0000000 394.4713216 455.6668700 0.0000000 344.4488174 529.8490915 0.0000000 838.6621681 458.5615140 0.0000000 850.3190184 466.6834816 0.0000000 888.3826222 503.9112543 0.0000000 891.3667691 507.9228479 0.0000000 897.3350629 515.9460351 0.0000000 313.3446479 619.9526046 0.0000000 919.7131054 538.7813035 0.0000000 1285.5418156 800.4040668 0.0000000 1429.9292789 859.0658115 0.0000000 1437.3853942 848.5460928 0.0000000 1224.4113789 548.0919235 0.0000000 1434.7833894 860.2639879 0.0000000 1411.9215591 775.6160748 0.0000000</float_array><technique_common><accessor source="#positions-array" count="2287" stride="3"><param name="X" type="float" /><param name="Y" type="float" /><param name="Z" type="float" /></accessor></technique_common></source><source id="uv"><float_array id="uv-array" count="4574">-78.6450336 57.7014227 -76.6758843 56.1613074 -72.9794610 60.8874532 -86.7635059 71.6682601 -88.7326552 73.2083754 -92.4290785 68.4822296 -90.7018045 74.7484907 -92.6709538 76.2886059 -94.6401030 77.8287212 -96.3673771 71.5624601 -98.3365264 73.1025754 -104.2439742 77.7229212 -100.3056757 74.6426907 -100.5475509 82.4490670 -102.5167002 83.9891823 -106.2131235 79.2630365 -108.1822728 80.8031517 -104.4858494 85.5292976 -106.4549987 87.0694128 -108.4241480 88.6095281 -110.1514221 82.3432670 -110.3932973 90.1496434 -114.0897206 85.4234976 -112.3624465 91.6897587 -114.3315958 93.2298739 -116.0588699 86.9636128 -116.3007451 94.7699892 -118.2698944 96.3101045 -119.9971685 90.0438434 -120.2390437 97.8502197 -123.9354670 93.1240739 -125.9046163 94.6641892 -122.1964709 99.3811669 -127.8925575 96.2508908 -127.8816971 96.2421803 -124.1331283 100.9270795 -131.7855870 99.3881407 -135.6786166 102.5253905 -133.7321018 100.9567656 -129.9672525 105.6285864 -131.9137673 107.1972114 -133.8602821 108.7658363 -139.5716461 105.6626404 -137.6251313 104.0940155 -139.6998264 113.4717111 -141.6463412 115.0403360 -145.4111904 110.3685152 -151.2507347 115.0743900 -149.3042199 113.5057651 -145.5393707 118.1775859 -147.3577052 111.9371401 -143.5928559 116.6089610 -147.4858855 119.7462108 -149.4324002 121.3148358 -157.0902790 119.7802648 -155.1437643 118.2116399 -153.3254298 124.4520856 -160.9833086 122.9175147 -159.0367938 121.3488897 -157.2184593 127.5893355 -164.8763381 126.0547645 -162.9298233 124.4861396 -159.1649741 129.1579604 -161.1114889 130.7265854 -163.0580036 132.2952103 -168.8975479 137.0010851 -170.8440627 138.5697101 -172.6623972 132.3292643 -172.7905775 140.1383350 -176.5554267 135.4665141 -180.4821731 138.8012138 -178.6196649 137.1351139 -174.6769434 141.6584882 -176.4356169 143.2317032 -178.0885294 144.8382259 -180.5729420 138.8858553 -182.3635339 140.6261933 -88.4907800 65.4019990 -86.5216307 63.8618838 -82.8252074 68.5880296 -84.5524814 62.3217685 -74.9486102 62.4275685 -78.8869088 65.5077990 -82.5833321 60.7816532 -71.0103117 59.3473380 -74.7067350 54.6211921 -72.7375857 53.0810769 -67.0720131 56.2671074 -69.0411624 57.8072227 -68.7992872 50.0008463 -66.8301379 48.4607310 -63.1337146 53.1868769 -51.0769437 36.1398089 -49.1077944 34.5996936 -45.4113710 39.3258394 -41.4730725 36.2456089 -43.4422218 37.7857242 -47.1386451 33.0595783 -39.5039232 34.7054936 -45.1694958 31.5194631 -43.2003465 29.9793478 -41.2311973 28.4392325 -35.5656246 31.6252631 -37.5347739 33.1653783 -39.2620480 26.8991172 -37.2928987 25.3590020 -29.6581768 27.0049173 -31.6273261 28.5450325 -35.3237494 23.8188867 -27.6890275 25.4648020 -31.3854509 20.7386562 -29.4163016 19.1985409 -25.7198782 23.9246867 -21.7815797 20.8444562 -23.7507290 22.3845714 -27.4471523 17.6584256 -19.8124304 19.3043409 -25.4780030 16.1183103 41.1368288 -36.6267829 48.7864142 -35.0513916 44.8767080 -31.9349492 42.9218549 -30.3767280 39.1819756 -35.0685617 40.9670018 -28.8185069 35.2722694 -31.9521193 39.0121487 -27.2602857 -13.9049826 14.6839951 -15.8741318 16.2241104 -17.6014059 9.9578493 31.3625632 -28.8356770 35.1024425 -24.1438433 29.2378831 -19.4691798 25.4980039 -24.1610134 27.2830300 -17.9109586 -7.9975347 10.0636493 -9.9666840 11.6037645 -11.6939581 5.3375034 15.7237383 -16.3699075 21.4184707 -13.2362950 19.4636176 -11.6780738 -4.0592362 6.9834187 -6.0283854 8.5235340 -7.7556595 2.2572729 -5.7865102 0.7171576 -3.8173610 -0.8229576 -2.0900869 5.4433035 3.9946197 -7.0205804 7.7344990 -2.3287467 5.7796458 -0.7705255 -1.8591152 -2.3545450 1.8699396 2.3459168 1.8482117 2.3630729 17.5087645 -10.1198526 19.6334446 -19.4863499 25.3281769 -16.3527374 23.3733238 -14.7945162 -47.3805203 40.8659547 -49.3496696 42.4060700 -53.0460929 37.6799241 -55.0152422 39.2200394 -51.3188189 43.9461852 -53.2879682 45.4863005 -55.2571174 47.0264158 -56.9843915 40.7601547 50.9110943 -44.4178888 54.6509736 -39.7260551 52.6961205 -38.1678340 52.8659474 -45.9761100 58.5606798 -42.8424975 56.6058267 -41.2842763 58.7305067 -50.6507735 62.4703860 -45.9589399 60.5155329 -44.4007187 66.3800922 -49.0753823 66.5499192 -56.8836583 72.2446515 -53.7500458 70.2897984 -52.1918246 70.4596254 -60.0001007 76.1543578 -56.8664882 74.1995046 -55.3082670 74.3693316 -63.1165430 80.0640640 -59.9829305 78.1092109 -58.4247094 82.3798353 -69.3400712 85.8687816 -64.4587152 83.9160979 -63.0534021 90.6033781 -75.0975650 96.0923504 -71.6160873 94.0444341 -70.1823709 98.1402667 -73.0498038 92.6512943 -76.5312815 110.4082350 -81.2750675 108.2924950 -80.0152560 107.3385359 -86.4303509 116.8520836 -85.1120390 112.5561845 -82.5540580 113.7823845 -90.2673225 118.0782835 -92.8253035 121.1479826 -87.6700201 119.0000331 -86.3910296 131.3209874 -52.8369359 128.8584394 -45.7530533 125.6536564 -54.8070524 123.1911084 -47.7231698 128.0375901 -43.3917590 127.2167408 -41.0304648 122.3702591 -45.3618756 120.7285605 -40.6392872 121.5494098 -43.0005814 126.3958915 -38.6691706 119.9077112 -38.2779930 125.5750422 -36.3078764 124.7590659 -33.9606003 123.9671834 -31.6078336 118.2798143 -33.5193353 117.4848039 -31.1437700 118.2781710 -33.5144392 123.1746357 -29.2396132 122.3812685 -26.8689440 121.5879013 -24.4982748 116.6914367 -28.7731008 120.7945341 -22.1276056 115.1047023 -24.0317624 113.5179679 -19.2904240 114.3113351 -21.6610932 120.0011670 -19.7569364 110.0338432 -6.8922754 110.5005001 -9.3482345 116.3871275 -8.1865920 111.0525035 -11.8693517 111.1378663 -12.1784164 116.8786495 -10.4265078 110.5174893 -9.4312377 115.4936541 -3.4843488 109.5226324 -4.0976688 109.5671863 -4.4363163 109.3384644 -1.6085552 115.3252036 -1.2076644 109.2187639 0.9724544 109.3334446 -1.5248146 115.3527458 8.4010510 115.5677301 10.6402571 109.3721186 8.8901988 109.6103229 11.3712568 110.6882883 16.7236535 110.6560503 16.5829399 116.5206427 15.3133857 111.3348955 19.2547046 111.3044615 19.1440534 117.1048449 17.6082001 112.0438419 21.6519737 113.6918652 27.0081671 113.4617349 26.4465118 119.1288994 24.4524448 114.8678964 29.2119017 120.1557441 26.3766230 116.0734279 31.4288733 114.8791095 29.2327159 122.5031790 30.6931742 118.6428170 35.8865781 117.3420530 33.7539449 123.7415121 32.7234506 118.6913396 35.9634854 123.0406138 42.3091686 121.5397624 40.3174859 127.7680235 38.6128129 123.1753189 42.4752619 128.5306940 48.5302184 128.1039903 48.1280253 132.4327762 43.9628841 130.5024897 50.0540762 126.4610999 46.2437708 138.0934472 48.1388913 134.7400689 53.1147476 134.6322410 53.0403547 140.0937015 49.4553931 136.8917337 54.5297279 136.8271012 54.4883638 146.4286099 53.3963821 145.3839590 59.8116131 143.2597354 58.4913045 152.7977347 57.3523490 149.6327828 62.4497090 147.5089671 61.1310314 154.9215504 58.6710266 153.8804143 65.0870643 151.7565985 63.7683867 159.1691819 61.3083818 158.1280457 67.7244195 156.0042300 66.4057419 167.6644448 66.5830923 166.6233087 72.9991300 164.4994929 71.6804523 174.0358920 70.5391251 172.9947559 76.9551628 170.8709402 75.6364852 182.5311550 75.8138356 181.4900188 82.2298733 179.3662031 80.9111957 188.9026022 79.7698684 187.8614660 86.1859061 185.7376503 84.8672285 193.1502337 82.4072237 192.1040558 88.8201309 189.9852818 87.5045837 199.5223232 86.3895068 198.4503052 92.8004570 196.3328637 91.4715683 205.8746478 90.3761730 206.9200714 98.1160118 202.6851883 95.4582344 223.5842846 105.5680702 218.7721729 109.1518697 218.7647916 109.1419373 220.2674231 111.1552863 217.2778118 107.1323616 231.8147757 138.4722991 231.5162829 137.8641975 237.0517504 135.5243679 233.1540716 140.5643096 238.1618151 137.2583141 233.2488561 140.7035913 239.5619143 139.1963726 234.7420989 142.7698851 234.7127926 142.7300153 236.2731648 144.8163451 236.2390272 144.7715783 241.0271662 141.1557081 243.8675224 144.8088413 239.8207427 149.2520463 239.3420933 148.7634572 241.7385511 150.8074434 245.3927665 146.0458576 244.0983051 152.3540935 241.9991289 150.9965357 249.3427034 148.6003206 248.6417824 155.0114094 246.4296670 153.8474477 251.4327380 149.7000463 248.6476679 155.0144979 253.5127272 150.7886089 253.4504828 157.2320233 251.1327205 156.2983963 255.6792612 151.6613192 253.4766515 157.2424220 260.3211683 153.4806930 260.4543054 159.9772809 258.1316674 159.0669337 289.6103339 192.6610820 289.6218353 192.7428945 283.6745104 193.5372705 290.2420275 197.6430107 290.6322540 199.9680385 284.3147616 198.5763865 291.1582002 202.3310164 291.6818983 204.6838942 285.3015190 203.6345829 285.8886835 206.2480754 285.8446502 206.0747699 292.2934993 206.8219009 286.5738036 208.6430869 295.2096370 213.2235689 296.3408412 215.3295774 289.9203258 216.0561020 291.2055749 218.4343164 291.1032575 218.2584136 294.0703708 222.7260131 292.6252127 220.6861548 297.5693146 217.2857398 298.9662251 219.2574960 300.3386273 221.1946584 301.8673519 223.0087534 297.2802468 226.8763714 297.2823156 226.8788237 304.9970037 226.4446435 306.7946494 228.0202863 302.8397808 232.5323828 300.9598152 230.8845863 304.7197464 234.1801793 308.6410117 229.6386295 310.4665895 231.1450184 308.8668622 237.4113297 306.8504432 235.9336427 306.7143725 235.8277851 316.3079330 235.4257148 313.1870678 240.5530555 312.8997000 240.3667036 315.3581105 241.7909006 318.3230021 236.5746297 315.3720559 241.7988024 322.5934691 238.9793436 319.7286371 244.2520076 317.5503465 243.0254050 326.9139855 247.4735047 326.8640558 247.4526922 329.1975096 241.9249689 329.6711348 248.5545938 329.2267723 248.4131728 331.2685687 242.7664249 334.6952978 249.7283039 334.5389074 249.6959988 335.8308826 243.8362053 332.1050211 249.1252963 337.5580571 250.2116834 337.1470707 250.1670697 338.0000777 244.2244013 340.0560399 250.3095907 342.6562850 244.4053153 342.5560183 250.4059034 344.9616497 244.2930815 347.0986386 244.1017319 345.4360064 250.2746119 348.4719052 249.9493522 347.9163864 250.0525145 350.8758790 249.2634849 353.7822509 242.1595633 355.7139076 247.8439308 353.3229594 248.5649692 356.1022902 247.6967782 358.1347881 240.1557591 360.6439135 245.6059233 358.3731019 246.6513507 360.4055997 239.1103317 365.1855367 243.5150684 362.9147251 244.5604959 367.2180345 235.9740494 371.9979716 240.3787861 369.7271600 241.4242136 376.3012810 231.7923397 381.0812181 236.1970764 378.8104064 237.2425038 385.3845275 227.6106299 390.1644646 232.0153667 387.8936529 233.0607941 389.9261508 225.5197751 394.7060878 229.9245118 392.4352762 230.9699393 432.8159664 231.8000925 431.0034005 238.0422163 429.0554368 236.4753911 450.4974879 250.3803056 451.9895614 252.3861024 447.1754580 255.9672208 450.3476344 260.0187655 448.7588519 258.0896524 453.4374148 254.3324541 454.9673639 256.1901314 456.5683434 258.0860309 451.9841611 261.9571125 455.6977786 266.1708584 455.2894862 265.7870543 459.6031845 261.6071979 457.6712056 267.7054886 464.9966715 265.5700495 467.0643315 266.4762052 464.6559514 271.9716310 462.3662815 270.9681791 469.1630897 267.3959897 469.7357650 273.7901667 467.3371809 273.1152121 472.8963695 274.4642768 472.3081147 274.3884244 473.3695677 268.4755457 475.3879593 274.5371052 477.8697578 268.5383859 477.9755116 274.5383859 475.4756108 274.5383859 478.1867569 274.5309393 483.6780196 273.5626581 481.2740458 274.2485254 479.9282089 268.3930792 493.4522984 269.4407673 491.2606652 270.6433679 490.3524638 264.2977798 489.0690321 271.8459684 486.4267245 266.4519251 488.3743094 265.3832396 495.8083412 267.6475328 493.8575695 269.1735904 491.9761077 263.0276291 496.0660391 267.4210316 495.2944670 259.7494126 501.4214617 261.7367724 499.8380141 263.6712484 499.6271320 263.9030411 498.1238736 256.1231357 504.4664502 257.3610627 503.1105220 259.4612918 502.9968719 259.6251117 499.3848512 254.1699777 504.5449219 257.2325490 500.5613888 252.1297342 505.8563433 254.9524805 505.7923677 255.0693430 538.1191303 252.9920360 535.6783606 252.4515297 539.4163969 247.1339562 540.5599000 253.5325423 541.8571666 247.6744625 546.7387061 248.7554751 549.1794758 249.2959814 545.4414395 254.6135549 550.3229790 255.6945675 547.8822092 255.1540612 551.6202455 249.8364877 554.0610153 250.3769939 560.0860579 257.8565927 557.6452881 257.3160864 558.9425547 251.4580065 563.8240942 252.5390191 566.2648639 253.0795254 562.5268276 258.3970990 573.5871731 254.7010443 572.2899065 260.5591241 576.0279429 255.2415506 577.1714460 261.6401367 574.7306763 261.0996304 583.3502520 256.8630695 584.4937552 263.2616556 582.0529855 262.7211493 588.2317915 257.9440820 594.2568341 265.4236808 586.9345249 263.8021619 597.9948704 260.1061072 599.0815827 266.4921171 596.6976039 265.9641871 624.7833241 279.8804031 626.3725384 281.8101445 621.7409752 285.6244102 623.3301895 287.5541516 627.9617527 283.7398859 704.3318756 376.2875445 699.7076272 380.1106750 698.1147194 378.1839813 634.4546895 301.0623414 632.8654752 299.1326000 639.0862527 297.2480757 640.6754670 299.1778172 642.2646812 301.1075586 636.0439038 302.9920828 643.8538955 303.0373000 637.6331181 304.9218242 645.4431098 304.9670414 639.2223324 306.8515656 642.4007609 310.7110484 640.8115466 308.7813070 647.0323241 306.8967828 650.2107527 310.7562656 645.5791895 314.5705312 643.9899752 312.6407898 651.7999670 312.6860070 648.7576181 318.4300140 647.1684038 316.5002726 658.1568241 320.4049726 653.5252609 324.2192383 651.9360467 322.2894968 664.5122719 328.1222268 659.8849395 331.9416246 659.8821181 331.9382039 661.4770038 333.8690144 666.1025063 330.0474013 663.0707476 335.7967197 672.4737194 337.7536704 669.4423788 343.5034945 667.8494710 341.5768008 675.6595350 341.6070578 675.8140101 351.2102694 671.0352866 345.4301882 685.2169819 353.1672200 683.7785491 360.8437379 680.5927335 356.9903505 702.8863882 383.9555296 713.7671332 388.0506451 709.0406405 391.7466250 707.5007100 389.7773312 716.8469942 391.9892327 713.6604320 397.6545063 712.1205015 395.6852126 724.6546663 401.9828552 721.0381645 407.3112115 719.7639046 405.4597486 725.7650182 415.9487914 724.5649140 413.7557902 731.0284298 413.0684271 727.2924167 419.5114686 726.8086545 417.8558721 732.4764164 415.8602000 633.2467365 397.1553591 638.0088221 398.6786962 631.4186594 402.8700887 629.0376166 402.1084201 626.6565737 401.3467516 630.8656937 396.3936905 626.0579967 394.8561621 626.1036080 394.8703534 624.2982801 400.5923602 623.6067837 394.1155083 623.6655167 394.1326190 621.9579416 399.8845859 621.1996569 393.4407900 606.7568966 389.3924800 609.1640233 390.0671983 605.1375083 395.1698134 578.6591142 387.7479116 576.2519875 387.0731933 580.2785025 381.9705782 583.4733677 389.0973483 592.3141362 385.3441699 597.1283896 386.6936066 595.5090013 392.4709400 589.9070094 384.6694516 588.2876212 390.4467850 585.8804944 389.7720666 587.4998827 383.9947332 590.6947479 391.1215033 600.3232548 393.8203767 597.9161281 393.1456584 601.9426431 388.0430433 607.5446350 395.8445317 609.9517617 396.5192501 611.5711500 390.7419166 618.7925302 392.7660717 617.1731419 398.5434051 628.4846508 395.6320220 573.8448608 386.3984749 571.4377340 385.7237566 573.0571223 379.9464232 565.8357421 377.9222681 570.6499956 379.2717048 569.0306073 385.0490382 564.2163539 383.6996016 561.8127618 383.0258740 559.4545423 382.3710847 563.4215437 377.2455769 561.0128687 376.5767780 560.9186335 376.5522525 554.6434433 381.2019841 553.6310099 374.7813547 556.0602178 375.3716539 547.3558198 379.4310864 546.3433864 373.0104569 548.7725943 373.6007562 542.4974041 378.2504878 541.4849708 371.8298584 543.9141786 372.4201576 532.7805728 375.8892908 534.1973472 370.0589606 536.6265551 370.6492599 523.0637414 373.5280937 522.0513081 367.1074643 524.4805159 367.6977636 462.2061385 359.9040224 459.7551054 359.4121478 463.3866843 354.0213095 470.7397837 355.4969332 473.1908168 355.9888078 472.0102709 361.8715208 482.9949492 357.9563062 485.4459824 358.4481808 484.2654365 364.3308937 479.3633703 363.3471445 476.9123372 362.8552700 478.0928830 356.9725570 480.5439161 357.4644316 481.8144034 363.8390191 474.4613040 362.3633954 475.6418499 356.4806824 487.8970155 358.9400554 486.7164696 364.8227683 465.8377174 354.5131841 464.6571716 360.3958970 452.4020060 357.9365241 460.9356512 353.5294349 449.9509729 357.4446495 447.4999398 356.9527749 451.1315188 351.5619365 438.8763532 349.1025636 441.3273863 349.5944382 440.1468404 355.4771511 376.3351019 343.7167346 373.8688024 343.3082365 377.3155363 337.7973809 378.8014014 344.1252327 398.5317975 347.3932176 396.0654979 346.9847195 397.0459323 341.0653657 387.1807343 339.4313733 389.6470338 339.8398714 388.6665994 345.7592251 392.1133333 340.2483695 391.1328989 346.1677232 379.7818358 338.2058790 399.5122318 341.4738638 401.9785313 341.8823620 368.9362034 342.4912403 366.4699039 342.0827422 367.4503383 336.1633885 360.0514398 334.9378941 362.5177393 335.3463922 359.0710054 340.8572479 355.1188408 334.1208979 357.5851403 334.5293960 354.1636453 340.0444320 355.0682954 334.1129682 352.5954363 333.7465967 351.7194848 339.6823124 352.5886510 333.7455993 346.7754011 338.9613584 345.1674357 332.6634261 347.6411741 333.0241505 322.0380168 335.3541142 322.9037898 329.4169063 325.3775282 329.7776307 317.0905400 334.6326654 317.9563129 328.6954575 320.4300514 329.0561819 307.2115140 333.1920903 308.0294797 327.2480857 308.0613592 327.2525598 304.7862302 332.8649695 302.9955922 326.6309288 305.4804073 326.9051515 305.5523340 326.9139698 297.3678016 332.0462763 295.5411470 325.8082609 298.0259621 326.0824835 292.3981715 331.4978310 293.0563320 325.5340382 290.5715169 325.2598156 287.4285414 330.9493857 285.6018868 324.7113703 288.0867019 324.9855929 282.4589113 330.4009404 280.6322567 324.1629250 283.1170718 324.4371476 275.0044661 329.5782725 273.1778115 323.3402570 275.6626266 323.6144797 270.0348360 329.0298272 268.2081814 322.7918117 270.6929965 323.0660344 262.5803908 328.2071592 260.7537362 321.9691438 263.2385513 322.2433664 257.6107607 327.6587139 255.7841061 321.4206985 258.2689212 321.6949211 252.6411306 327.1102686 250.8144760 320.8722532 253.2992911 321.1464758 247.6715005 326.5618233 245.8448459 320.3238079 248.3296609 320.5980305 240.2170553 325.7391554 238.3904007 319.5011399 240.8752158 319.7753626 235.2474252 325.1907101 233.4207706 318.9526946 235.9055856 319.2269173 227.7929800 324.3680421 225.9663254 318.1300267 228.4511405 318.4042493 222.8233499 323.8195968 220.9966953 317.5815814 223.4815104 317.8558040 217.8537198 323.2711516 216.0270652 317.0331361 218.5118802 317.3073587 210.3992746 322.4484836 208.5726200 316.2104681 211.0574351 316.4846908 200.4600144 321.3515930 201.1181748 315.3878002 203.6029899 315.6620228 197.9751993 321.0773704 196.1485447 314.8393549 198.6333598 315.1135775 188.0359391 319.9804798 188.6940995 314.0166869 191.1789146 314.2909096 183.0663089 319.4320345 183.7244694 313.4682416 186.2092845 313.7424643 178.0966788 318.8835892 178.7548393 312.9197963 181.2396544 313.1940190 175.6118638 318.6093665 173.7852092 312.3713510 176.2700242 312.6455737 165.6726035 317.5124759 166.3307640 311.5486831 168.8155791 311.8229057 149.5547705 308.6834360 154.2126717 309.5295194 153.1403502 315.4329189 163.3970737 277.0513878 164.8682962 275.0302474 168.2480030 280.5824619 156.0409611 287.1570895 157.5121836 285.1359491 160.8918905 290.6881636 162.3631130 288.6670233 160.4546286 281.0936684 161.9258512 279.0725281 165.3055580 284.6247426 166.3395187 273.0091071 167.8107412 270.9879667 171.1904480 276.5401812 175.1668537 260.8822651 176.6380762 258.8611247 180.0177831 264.4133392 179.5805213 254.8188440 184.4314506 258.3499182 187.3738956 254.3076375 185.9026731 256.3287779 182.5229663 250.7765634 188.8451181 252.2864972 183.9941888 248.7554230 188.0482416 242.7269578 194.4672834 243.7494090 193.1547949 245.8770551 191.7751352 248.1087236 190.3769814 250.1788908 186.7682651 244.8018994 191.8423064 248.0047012 185.4343298 246.7769819 193.2981954 234.2163733 199.7172372 235.2388245 198.4047487 237.3664706 199.7130964 223.8173188 200.3863360 222.0603818 205.2152875 226.2266478 206.1001161 223.9175321 200.6485398 220.4334679 206.2149245 217.4337068 206.6456628 219.8962194 206.6523114 220.8904654 199.8519203 216.6978097 205.5667148 214.8203338 206.1694090 217.2197715 205.2455587 214.0346432 199.0031586 215.2491189 201.7675601 209.5415458 203.5050151 211.2632578 196.2485116 212.9395987 199.3432990 207.7799705 201.3857591 209.2214492 196.2068752 206.6070599 198.5543092 207.3823719 194.5147029 212.3669553 195.8211841 206.5075228 192.3411835 211.9576676 193.2016403 206.0190858 193.3684682 206.0456607 187.8107245 211.4128734 188.1793885 205.4175126 190.6595893 205.6879192 187.6153414 205.4093670 180.6172469 211.9875285 177.6474936 206.2056543 180.1394555 206.0065825 162.6957219 207.4000854 165.1876839 207.2010135 163.4505212 213.3589025 161.7718917 213.8134611 162.1504840 207.4948487 159.7804118 208.1366441 158.9844861 208.4821749 160.3046698 214.7225336 156.3894572 210.1653237 156.8797320 209.7862544 157.4322307 217.7441370 152.7470631 213.9891794 154.3823871 212.0983544 152.4800122 214.3491357 155.2347204 221.4905926 148.8163693 221.5647730 149.6774874 219.2178645 149.8577890 218.8191248 153.5880550 225.9784471 147.0941330 226.2585900 147.9552511 223.9116815 151.8658188 230.6722641 145.3718967 230.9524070 146.2330148 228.6054985 125.4871267 257.5881403 128.9787457 254.0095075 129.7816564 261.7782494 128.0358470 263.5675658 123.7413172 259.3774567 126.2900375 265.3568821 122.0825394 261.0775725 102.6566037 265.7015224 105.1461733 265.4744829 103.2015202 271.6767267 100.7119506 271.9037662 97.9063444 266.1347285 100.1670341 265.9285619 113.9853016 212.4331672 115.2394886 210.2706412 120.4297571 213.2808096 121.6839441 211.1182836 116.4936757 208.1081152 125.4465052 204.6307055 124.1923182 206.7932315 120.2488580 201.6332601 121.4544759 199.5067037 125.4611378 204.6051879 126.7327265 202.3600697 126.6938985 202.4307552 122.6095581 197.3352328 123.7835791 195.1281581 129.0807685 197.9459204 124.9576001 192.9210834 130.2547895 195.7388457 131.4288105 193.5317711 132.6028316 191.3246964 126.1316211 190.7140088 127.3056421 188.5069341 128.4796632 186.2998594 133.7768526 189.1176217 129.6536842 184.0927848 130.8277052 181.8857101 134.9508736 186.9105471 134.1484308 175.6429859 140.4416629 174.8496264 139.9355590 177.2840060 134.5557290 173.6838657 140.4626404 174.7381965 135.2713340 169.1512543 141.2491764 169.7385075 140.8890307 172.2070399 141.2778933 169.1779195 135.0747243 164.5289249 141.0521009 164.0004158 141.0654201 164.1826346 134.8415273 162.2821198 140.7520108 161.2397829 140.7947667 161.5210539 134.3796119 159.9832343 140.2544568 158.7640716 140.2595480 158.7888679 133.8844630 157.6222778 139.7073051 156.1731245 139.7414386 156.3179111 132.6658586 152.9725858 137.5481770 148.7503085 138.3706066 151.1098098 131.8883502 150.7419605 137.5362554 148.7167485 129.3633225 143.7654098 133.9918553 139.2368381 134.9389719 141.5481964 128.4619741 141.5657448 133.9456084 139.1299396 124.4168976 132.6924174 123.2895428 130.8696187 128.3128733 127.5849523 129.6194767 129.6975747 126.4492211 125.1510696 126.6190460 125.3532363 121.9399561 129.1113715 120.5509198 127.5983259 124.3396573 122.9366757 124.7730583 123.3252638 122.3252284 121.4562770 116.8672314 124.8911925 120.0849098 119.8251268 120.3107996 119.9758783 114.9706102 123.7460105 117.7113822 118.4067950 117.9537639 118.5383385 110.6149972 121.6352802 113.1729159 116.2078018 113.2120516 116.2264191 108.3833031 120.5933376 110.8804674 115.1376618 110.9079015 115.1503025 103.8456267 118.5301582 104.0533295 112.0335157 106.3290421 113.0682310 83.0903575 102.8938989 85.4747072 103.6153091 83.5459978 109.3003734 82.9370318 102.8519091 81.4288905 108.6598203 79.2097259 108.1148538 77.0300283 107.7839153 74.9913277 101.6706942 77.4879048 101.7995620 77.7835796 101.8295643 72.4432707 107.6423830 70.0830641 107.8269505 69.6152938 101.8452124 72.1075858 101.6503158 65.1289471 108.2143610 62.7356757 108.4506547 64.5698308 102.2403906 62.0830965 102.4859121 61.9573140 102.5010188 55.5015650 109.4748619 54.2761165 103.5998981 54.5316658 103.5523439 53.3191967 109.9796788 51.6156870 104.2253139 51.8490379 104.1613205 46.3577133 112.1942561 44.3302222 106.5467200 44.4688968 106.4988408 41.9890397 107.4196787 39.4954636 114.8625179 37.2835523 109.2851127 39.6073789 108.3635196 37.2629267 115.7479070 34.7797096 110.2850068 34.9597257 110.2067058 35.2225440 116.7159829 32.2880286 111.4808049 32.5278199 111.3534339 30.1355885 112.7522237 19.1477122 120.0604586 19.4486203 119.8034291 23.1951237 124.4941684 20.8020206 127.5989485 14.3753181 126.6899050 15.6307817 124.5562050 17.3894752 121.7753544 21.8662112 125.7903228 16.8985411 122.4016076 16.6397445 134.1415322 7.4014301 136.7681429 11.7530895 130.6600665 10.8375320 142.2856339 0.1486645 146.9482700 5.9508770 138.8041683 3.5847664 152.4657611 -4.2029949 153.0563463 -1.3018886 148.9842955 -0.7668930 158.5738374 -14.3568667 167.3085244 -5.6535480 155.0923718 -20.2263460 184.7870610 -24.9222968 181.0523527 -23.3662301 179.0957842 -24.8945461 190.6567666 -34.2586970 192.7917638 -29.5904969 186.9220583 -31.1188128 198.4830406 -38.9268970 198.6614694 -35.8147637 194.7483324 -105.4932744 186.1968445 -103.2037783 187.2006928 -107.9026060 191.6918532 -110.0722667 184.1891478 -107.7827706 185.1929961 -112.4815983 189.6841566 -119.3500866 186.6726116 -121.6395827 185.6687633 -119.2302511 180.1737545 -123.9290789 184.6649149 -121.5197473 179.1699062 -123.8092434 178.1660579 -126.2185750 183.6610666 -128.5080711 182.6572183 -126.0987395 177.1622095 -135.3765594 179.6456733 -132.9672278 174.1506645 -137.6660556 178.6418250 -139.9555517 177.6379766 -137.5462201 172.1429679 -146.8240400 174.6264317 -149.1135361 173.6225833 -146.7042045 168.1275746 -148.9937007 167.1237263 -151.4030323 172.6187350 -160.5610167 168.6033417 -162.8505129 167.5994934 -160.4411812 162.1044846 -165.0201735 160.0967880 -162.7306774 161.1006363 -167.4295051 165.5917967 -167.3096696 159.0929396 -169.7190012 164.5879484 -172.0084973 163.5841001 -171.7564092 157.1432302 -169.5991657 158.0890913 -183.2667103 155.6530476 -183.4499478 155.3834672 -178.3961035 152.1453661 -182.5416969 140.8150207 -179.3568609 146.3047198 -185.6674349 145.6833830 -184.6377992 143.4241766 -179.9194162 147.5390676 -185.9364180 147.0108881 -185.8705550 149.3800187 -179.4000451 150.4804729 -185.0496964 152.5379293 -185.7511830 150.1384667 -177.2953635 153.5893166 -181.0862117 158.2649206 -181.7751341 157.6096969 -179.0246541 159.6789519 -173.6829116 156.0671130 -176.7291817 161.2381112 -176.9630966 161.0929831 -174.2979934 162.5802517 -174.5563176 162.4518427 -158.1516851 163.1083329 -153.6925284 171.6148867 -142.2450478 176.6341283 -117.0605905 187.6764599 -114.6512589 182.1814512 -103.3236138 193.6995499 -105.6131099 192.6957016 -96.4551255 196.7110949 -101.0341177 194.7033982 -98.6247861 189.2083895 -94.1656293 197.7149432 -91.7562977 192.2199344 -87.1773055 194.2276311 -89.5866371 199.7226398 -85.0076449 201.7303365 -87.2971410 200.7264882 -82.5983133 196.2353277 -80.3088171 197.2391761 -82.7181487 202.7341848 -75.7298249 199.2468727 -73.4867259 200.2303779 -78.1391565 204.7418815 -75.7562058 205.7848380 -75.8496604 205.7457298 -73.4343629 206.7107141 -71.0446625 207.6462418 -71.0893789 207.6291398 -68.9236988 202.0335699 -66.6614493 202.8781487 -68.5894403 208.5602696 -68.7034059 208.5203167 -66.2141387 209.3396578 -73.4171368 206.7175217 -71.2205431 201.1340585 -59.6795902 205.1302330 -61.3004211 210.9074390 -61.4090631 210.8758509 -55.1596404 206.3524757 -53.0349042 206.5454540 -53.4809220 212.5296411 -53.2871647 212.5409349 -47.6640551 212.0401405 -50.1125135 212.5446756 -50.9854063 206.5984851 -48.9112025 206.1710698 -42.3499682 210.2908477 -44.6419788 211.2889416 -45.0046334 204.9026529 -41.8573162 210.0187340 -39.8278239 208.6345073 -46.7853505 205.6780956 -41.9551317 202.3568412 -35.8442419 204.4225241 -37.4563815 206.3289523 -40.4548741 200.5827185 -34.2309462 202.3961777 -35.7870129 204.3527462 0.6836601 156.5378120 -18.6702793 182.8304925 -15.8074198 169.3445498 -9.4702117 170.7899901 -10.9207649 172.8260155 -17.2209775 171.3286477 -12.3713180 174.8620409 -12.4474817 174.9642773 -23.3384794 188.7001980 13.1418031 128.7108403 18.0902976 132.1055068 18.2076614 131.9277390 19.5093330 129.7951392 19.5342611 129.7535459 12.2880851 140.2496085 33.1871146 117.9182849 44.1143145 113.0307541 41.8192902 113.9409247 49.2334236 104.9831562 51.0523173 110.7008153 74.7439758 107.6659143 74.8673622 101.6668624 97.0184887 115.4260121 94.7427761 114.3912967 97.2261915 108.9293696 99.5019042 109.9640850 101.5699140 117.4954428 134.9839108 141.6647223 136.6854739 146.3660731 117.9213830 217.6058616 116.6671959 219.7683876 112.7311145 214.5956933 106.4601793 225.4083234 110.2227405 218.9207453 115.4130089 221.9309137 105.2059923 227.5708494 111.6504478 228.4184917 102.6976182 231.8959014 103.9518052 229.7333754 107.8878866 234.9060698 100.1892441 236.2209535 101.4434312 234.0584275 106.6336996 237.0685958 98.9350571 238.3834795 105.3795125 239.2311218 104.1253255 241.3936479 102.8711385 243.5561739 93.9183089 247.0335836 97.6808700 240.5460055 92.6641219 249.1961096 97.8543903 252.2062780 96.6002032 254.3688040 91.4099348 251.3586356 88.7700952 255.9375109 88.9015607 255.6836877 94.1636150 258.5700796 93.2654912 260.5271646 92.8079317 261.9820469 87.5984451 258.5472310 86.8484446 260.9319748 87.2829986 264.8599687 86.7748582 262.4512608 93.0567486 263.1614991 87.6131160 265.7281802 92.0879228 270.8642661 91.1268086 270.2402930 94.8750941 265.5189529 94.3324523 271.7703046 96.1270174 266.0243108 95.2695984 271.9826446 98.2223809 272.1308057 97.7641125 272.1374438 113.1597988 270.7685686 110.6702291 270.9956081 112.5983683 264.7948703 114.9832973 264.5507613 113.1928091 270.7653741 115.6789366 270.5109069 118.9503783 269.9190258 118.3161799 270.0935892 117.0409645 264.2213399 121.2669735 268.9979079 118.7981053 263.5226707 123.8466930 267.4424214 121.7488873 268.7539629 120.4672533 262.4791245 126.1088756 265.5277576 124.2224392 267.1645816 135.0190849 256.4103002 133.2732754 258.1996166 130.7245551 252.2201911 140.2565134 251.0423510 138.5107039 252.8316674 134.2161741 248.6415583 142.0889989 249.1603557 142.0023229 249.2530346 137.6634749 245.1083482 145.4126856 244.9953415 143.9675275 247.0351998 139.1709892 243.4264970 140.5168313 241.5268244 147.1130561 242.5223920 146.8578437 242.9554832 141.8161765 239.6927828 148.1910603 240.2828676 142.7399856 237.7735946 149.2009283 237.7721222 148.2741454 240.0938839 144.5221464 233.2683334 150.1435825 235.3660811 150.1201680 235.4277877 151.0047006 233.0191726 152.7269369 228.3253556 154.4491732 223.6315386 170.1716077 206.8028699 172.6635697 206.6037980 173.1413611 212.5847441 182.6314175 205.8075107 183.1092088 211.7884567 202.3422141 230.9835323 201.0297257 233.1111784 195.9231723 229.9610811 191.9857070 236.3440194 189.3607300 240.5993117 190.6732185 238.4716655 177.0753380 268.4556199 174.1328930 272.4979006 169.2819637 268.9668264 158.9834061 283.1148088 163.8343355 286.6458829 157.7657392 294.7699366 157.6623572 294.8915382 153.1427956 290.9443953 151.5267675 292.7458348 155.9930200 296.7524029 148.1880932 296.4675642 149.8574303 294.6066995 154.3236829 298.6132676 152.6543458 300.4741323 150.9850087 302.3349971 146.5187561 298.3284290 144.8494190 300.1892937 149.4205687 304.0789295 143.1878392 302.4567237 144.6524106 300.4334741 148.2512906 305.6942427 142.8508121 303.0570281 147.7631436 306.8599163 141.7073168 306.8685455 141.9119137 305.2990761 144.0884806 312.5723917 142.6439756 310.7135953 148.3029175 308.2174513 145.4107398 313.5430773 148.2210457 314.5393531 147.7106524 314.3991875 160.5336180 316.7758314 160.5193068 316.7732677 161.5844758 310.8685689 162.9950191 317.2106204 163.9427823 311.2851469 163.1877885 317.2382533 168.1574186 317.7866986 173.1270487 318.3351439 180.5814939 319.1578118 185.5511240 319.7062571 193.0055692 320.5289251 190.5207541 320.2547024 195.4903842 320.8031477 205.4296445 321.9000383 202.9448294 321.6258157 207.9144595 322.1742610 215.3689047 322.9969289 220.3385348 323.5453742 225.3081649 324.0938195 230.9359555 318.6784720 232.7626101 324.9164874 230.2777951 324.6422648 237.7322402 325.4649327 243.3600308 320.0495852 245.1866854 326.2876007 242.7018703 326.0133780 250.1563155 326.8360460 255.1259456 327.3844913 260.0955758 327.9329366 265.7233663 322.5175891 267.5500209 328.7556045 265.0652059 328.4813819 272.5196510 329.3040498 278.1474416 323.8887023 279.9740962 330.1267178 277.4892812 329.8524951 284.9437263 330.6751631 289.9133564 331.2236084 294.8829866 331.7720537 300.5107772 326.3567062 302.3374317 332.5947216 299.8526167 332.3204990 313.0088361 327.9740087 314.6168015 334.2719409 312.1430631 333.9112165 319.5642784 334.9933898 326.9854937 336.0755630 324.5117553 335.7148386 337.7462204 331.5812528 339.3541859 337.8791851 336.8804474 337.5184607 344.3016627 338.6006339 364.9840388 335.7548904 364.0036044 341.6742441 400.9980970 347.8017157 404.4448308 342.2908601 403.4643965 348.2102138 406.9111303 342.6993582 405.8862216 348.6113455 406.9998376 342.7154239 409.4526074 343.1978138 413.1854762 350.0665306 410.7344431 349.5746560 411.9149890 343.6919431 416.8170552 344.6756923 419.2680883 345.1675669 418.0875424 351.0502798 425.4406418 352.5259036 422.9896087 352.0340290 424.1701545 346.1513160 429.0722207 347.1350652 431.5232539 347.6269398 427.8916749 353.0177782 430.3427080 353.5096527 433.9742870 348.1188144 432.7937411 354.0015273 437.6958073 354.9852765 442.5978736 355.9690257 446.2294525 350.5781874 445.0489067 356.4609003 492.9008140 360.0238732 495.3300218 360.6141724 491.4986994 365.8577657 496.3424552 367.0348019 493.9132474 366.4445026 501.2008709 368.2154004 502.6176454 362.3850702 505.0468532 362.9753695 507.4760610 363.5656687 503.6300787 368.8056997 510.9177023 370.5765974 508.4884944 369.9862982 509.9052689 364.1559680 512.3344767 364.7462672 514.7636845 365.3365665 517.1928924 365.9268658 515.7761179 371.7571960 519.6221002 366.5171650 518.2053258 372.3474952 520.6345336 372.9377945 526.9097237 368.2880628 527.9221571 374.7086923 525.4929493 374.1183930 535.2097806 376.4795900 540.0681963 377.6601886 537.6389885 377.0698893 544.9266120 378.8407871 552.2142355 380.6116849 558.4894256 375.9619532 557.0726512 381.7922834 643.3238735 406.6784315 640.9428307 405.9167629 645.1519506 400.9637019 650.4670020 408.9634372 645.7049163 407.4401001 652.2950791 403.2487076 652.8480448 409.7251058 654.6761219 404.0103762 657.6101304 411.2484429 659.4382076 405.5337133 661.8192504 406.2953819 664.2002932 407.0570505 659.9911733 412.0101115 666.5813360 407.8187190 664.7532589 413.5334486 668.9623789 408.5803876 671.3434217 409.3420562 667.1343017 414.2951172 673.7244645 410.1037247 669.5153446 415.0567857 674.2774302 416.5801229 671.8963874 415.8184543 676.1055073 410.8653933 679.0395159 418.1034600 676.6584730 417.3417914 680.8675930 412.3887304 683.8016015 419.6267971 685.6296786 413.9120676 688.0107214 414.6737361 690.9447300 421.9118028 686.1826443 420.3884657 692.7728071 416.1970733 695.7068156 423.4351400 693.3257728 422.6734714 697.5348927 417.7204104 699.9159356 418.4820790 702.2969784 419.2437475 698.0878585 424.1968085 707.0590640 420.7670847 700.4689013 424.9584771 709.4401069 421.5287532 705.2309869 426.4818142 711.8211497 422.2904218 707.6120298 427.2434828 712.3741154 428.7668199 709.9930726 428.0051514 714.1720194 423.0424383 716.4702135 423.7244541 712.4346588 428.7854847 714.8300786 429.4963534 723.1291899 430.5150113 720.6600794 430.5856989 722.5334672 424.5296078 723.9572421 430.3736479 726.3226006 429.6171200 724.0418471 424.0471728 727.1614867 429.1944048 729.1903168 427.7338049 732.2190829 424.8721132 731.2450157 426.1661439 726.9349280 421.9081490 733.1035225 422.6047223 727.3040816 420.9617695 733.2888686 419.0462085 733.3085274 421.4903899 733.1685539 418.2289266 732.2285340 415.2614282 726.0675734 404.0357684 726.2280132 404.2964226 724.5466466 401.8357016 718.3869246 393.9585265 719.9268551 395.9278203 704.4391570 385.8621562 709.1473417 382.1427638 710.6872722 384.1120576 707.5317373 380.1580495 709.1102656 382.0963060 707.5176912 380.1409319 691.7430882 370.4772065 696.3673366 366.6540760 702.7389678 374.3608508 685.3714569 362.7704316 689.9957053 358.9473012 693.1815210 362.8006886 677.4069179 353.1369631 682.0311663 349.3138326 683.6240741 351.2405263 674.0666272 339.6803641 667.6949960 331.9735892 655.1144752 326.1489797 659.7460384 322.3347140 661.3352527 324.2644554 654.9783956 316.5454898 656.5676098 318.4752312 653.3891813 314.6157484 648.6215384 308.8265242 629.6870466 295.2731172 628.0978323 293.3433758 634.3186098 291.4588515 626.5086181 291.4136344 632.7293955 289.5291101 624.9194038 289.4838930 631.1401812 287.5993687 620.1517609 283.6946688 623.1941098 277.9506617 618.5625466 281.7649274 616.9733323 279.8351860 620.0156812 274.0911789 621.6048955 276.0209203 615.3841180 277.9054446 613.7949038 275.9757032 613.2219106 266.3161572 615.0175713 268.0523623 609.2037777 270.7770544 612.8976882 266.0441885 607.5320644 269.5648634 610.8909616 264.5890728 605.7148327 268.5882708 608.3479483 263.1917894 610.5500076 264.3751908 605.5612786 262.1776849 607.9188095 263.0027721 603.5948747 267.8463292 605.5300303 262.1669414 601.3400181 267.0849484 600.5486917 260.6739580 602.9634442 261.3078221 600.4356402 260.6466135 595.5541007 259.5656009 579.6122157 262.1806430 580.9094823 256.3225632 578.4687126 255.7820569 564.9675973 258.9376052 555.2045184 256.7755801 552.7637487 256.2350738 556.5017850 250.9175002 543.0006698 254.0730486 544.2979363 248.2149688 530.7968211 251.3705171 528.3560514 250.8300109 532.0940877 245.5124373 527.2125482 244.4314247 529.6533180 244.9719310 525.9152816 250.2895046 523.4745119 249.7489983 524.7717785 243.8909184 522.3310088 243.3504121 521.0337422 249.2084920 514.4645690 242.0777100 516.9508514 242.2021926 516.3986839 248.1820624 514.1024872 242.0814616 514.3456924 248.0792737 512.5136513 248.2091032 508.4283701 243.3623151 510.7573696 242.4538739 511.6354760 242.2562889 509.4450828 249.8092064 505.2929718 245.4635425 505.8277888 245.0092059 510.9104480 248.8344430 501.6821550 249.9699454 501.9052841 249.6059249 506.9092199 252.9235195 486.0819934 272.8767908 484.3797469 267.1230302 480.6622176 274.3561957 459.6446326 269.2401188 463.2251950 264.4238446 442.2868258 240.4515588 438.0087174 244.6584327 436.2559229 242.8759583 440.5340312 238.6690843 444.0824844 242.2785303 445.7961341 244.0945346 441.3118830 248.0848072 439.7398509 246.4188793 444.0396204 242.2340332 436.8970114 235.0955714 438.7075647 236.8142261 432.8554869 239.5319234 436.7118939 234.9337429 434.7639302 233.3669177 423.3034822 231.8488641 426.9720751 227.0996171 428.9200388 228.6664422 426.7826778 226.9591689 424.7216118 225.5528523 421.3999419 230.5500311 422.4687283 224.1665426 424.5995664 225.4738425 415.1074042 226.6894684 418.1303837 221.5064595 418.2070522 221.5519428 413.1409887 225.5620555 415.6361982 220.1024020 415.9655956 220.2653128 411.3323984 224.8016329 413.3317052 219.1334768 410.2367766 218.5404553 412.6563345 218.9388337 406.4932984 218.5974681 407.2494902 218.5005998 407.6337906 224.5005998 404.1132424 219.2174120 405.8103800 224.9755518 401.4315408 220.2684118 403.7513256 219.3366916 403.7157620 225.8168359 399.0505369 221.3194994 401.3362265 220.3086160 401.4980227 226.7976672 396.7385856 222.3834928 399.0093972 221.3380653 396.9768994 228.8790844 392.1969624 224.4743476 394.4677740 223.4289202 387.6553391 226.5652025 383.3520297 235.1516490 378.5720927 230.7469122 380.8429043 229.7014848 374.2687832 239.3333587 369.4888462 234.9286220 371.7596578 233.8831945 362.6764113 238.0649043 320.4943095 237.7973000 310.8832811 238.8890166 312.4134516 232.5717322 314.4298705 234.0494192 299.0506955 228.9590337 298.8952916 228.7887485 303.4048647 224.8293221 286.6915057 208.9781257 282.5055406 186.1910895 282.1089711 183.7328642 288.4289564 185.2355032 288.0275957 182.7479884 288.0308113 182.7675112 287.6092704 180.2599435 287.6131926 180.2827386 281.6981252 181.2887758 287.1758616 177.7978994 281.2667215 178.8381218 280.9092929 176.8076948 286.4701974 174.5123936 286.7424529 175.3358554 285.3552566 172.2865211 278.9165339 172.9765661 284.1328891 170.0082081 285.3158208 172.2105197 277.6905861 171.1479984 276.3079439 169.4524451 282.4292249 167.4649299 280.6178039 165.2745744 280.8493634 165.5275240 278.8387548 163.5414233 274.7738398 167.9579197 276.6057781 161.7877151 278.5822523 163.3184188 271.1676417 165.1650570 271.9653068 158.8145594 274.1791632 159.9686394 269.2113408 164.1452403 271.9259843 158.7944274 262.6494905 160.8465162 264.9823620 155.3170071 265.2253325 155.4259260 262.6584093 154.3967833 262.6486763 154.3929489 255.8041594 158.1546778 257.9936604 152.5684371 230.2238723 116.9774803 231.1491577 119.2998392 224.6727007 119.2552551 230.1761386 116.8644527 229.1567097 114.5819651 223.6795368 117.0315747 228.1301147 112.2958974 229.1542194 114.5764047 222.7133699 114.8800850 221.6543208 113.0055871 228.0053543 112.0491751 226.7829585 109.8855564 226.5715121 109.5619341 215.9081192 105.2812934 218.6252607 99.4588203 220.3596927 101.2535926 212.6901407 102.0326094 216.7930634 97.6520595 218.5736837 99.4067376 216.5658532 97.4498106 211.0072046 100.6810626 214.3444140 95.6917278 214.6281713 95.8936804 210.1095309 93.0339504 212.2269725 94.3628391 201.6397647 87.7183956 203.7572063 89.0472843 195.2740494 83.7259013 195.2841204 83.7321820 191.0264179 81.0885461 184.6549707 77.1325132 186.7787865 78.4511908 176.1597078 71.8578027 169.7882606 67.9017699 171.9120763 69.2204475 161.2929976 62.6270594 157.0453661 59.9897042 148.5506994 54.7153639 134.1332689 45.2770716 124.8182094 44.3595164 121.3444149 28.5623954 119.2077998 -17.3862672 134.6043847 -62.2821127 133.7835354 -59.9208185 128.1162044 -61.8909350 136.2460833 -67.0047011 135.4252340 -64.6434069 129.7579030 -66.6135235 137.0669327 -69.3659953 131.3996016 -71.3361119 138.7086313 -74.0885837 137.8877820 -71.7272895 132.2204510 -73.6974061 133.0413003 -76.0587003 133.8621496 -78.4199945 134.6829989 -80.7812887 135.5038482 -83.1425829 140.3503299 -78.8111721 141.9920286 -83.5337605 141.1711793 -81.1724663 136.2902555 -85.4047993 136.8244525 -87.3758899 142.0539087 -83.7340797 142.9049710 -89.2666540 142.8061095 -86.7977194 136.8844771 -88.8749236 142.6984230 -90.4867028 141.7844806 -92.8056264 135.4300317 -91.6525314 140.1138168 -95.4464954 141.4944312 -93.3624110 137.2903173 -97.6637231 139.3220710 -96.2551431 133.0188477 -98.9116168 134.1057004 -98.7874404 132.8810884 -92.8874591 130.5937426 -98.7425902 131.4535984 -92.7879649 127.4058696 -97.6681132 129.7362795 -98.5540493 129.6516846 -92.1029436 124.9251830 -96.4979712 127.1823255 -97.5725929 125.3169328 -90.0391756 120.3338885 -94.1654242 122.5304437 -95.3534430 123.2427352 -88.9173346 120.2262331 -94.1042941 115.9303340 -91.5463130 102.8908757 -83.6998637 103.0126245 -83.7807514 106.2720430 -78.7427423 100.8429595 -82.2661472 104.2840155 -77.3509531 102.2360992 -75.9172367 100.1881829 -74.4835202 96.7471269 -79.3987143 94.6992106 -77.9649979 80.3514248 -67.8802588 80.2338909 -67.7912066 78.2790378 -66.2329854 76.3241847 -64.6747642 86.5075455 -72.2301321 68.5047723 -58.4418795 62.6402129 -53.7672159 64.5950661 -55.3254371 56.7756536 -49.0925524 54.8208005 -47.5343312 48.9562412 -42.8596676 45.0465350 -39.7432253 37.2271225 -33.5103405 21.5882977 -21.0445710 23.5431508 -22.6027922 17.6785915 -17.9281287 11.8140321 -13.2534651 13.7688852 -14.8116863 11.6442052 -5.4451891 7.9043259 -10.1370228 9.8591790 -11.6952439 2.0397666 -5.4623592 -90.4599293 66.9421143 -94.3982278 70.0223448 -96.6092523 79.3688365 -112.1205713 83.8833823 -121.9663177 91.5839586 -143.4646756 108.7998903 -153.1972495 116.6430149 -151.3789150 122.8834607 -155.2719446 126.0207106 -170.7158824 130.7606393 -174.6089120 133.8978892 -178.5019415 137.0351391 -80.8560581 67.0479143 -70.7684365 51.5409616 -61.1645653 51.6467616 -33.5964754 30.0851478 -33.3546001 22.2787714 47.0013881 -41.3014464 50.7412673 -36.6096128 -23.5088538 14.5781951 -21.5397045 13.0380798 -17.8432811 17.7642256 -11.9358333 13.1438798 -15.6322566 8.4177340 -13.6631074 6.8776187 -9.7248088 3.7973882 -0.1209376 3.9031882 68.3349453 -50.6336034 72.4144785 -61.5583218 89.9486015 -67.3149380 105.1905864 -85.1513604 119.0868618 -35.9166988 115.8980695 -26.4024316 115.9283791 -5.7722544 109.6570820 11.6839525 117.7975160 19.9504347 118.5064624 22.3477037 117.2677463 33.6250308 120.0571690 38.0572891 126.3927650 36.7877965 130.5798271 50.1118811 160.2518615 69.0430971 168.7471244 74.3178076 183.6138346 83.5485509 200.5677468 94.1293457 225.0739890 107.5640562 220.2711180 111.1602263 237.8076290 146.7899012 246.1974813 153.7116513 250.8625769 156.1736709 284.7583878 201.1943959 292.5325783 220.5473733 295.5155289 224.7658714 304.7878152 234.2380722 333.4747614 243.2837373 340.2900249 244.3141547 351.6121052 242.8140143 353.2798527 248.5776176 367.4563483 242.4696410 376.5395948 238.2879313 385.6228413 234.1062216 450.3712744 260.0471123 458.1604081 259.9713734 453.6392172 263.9159741 461.9407624 270.7392056 466.9456212 272.9750829 469.8724890 273.8251915 475.5194460 268.5383859 482.0318727 267.7928920 488.5604621 272.0666073 486.1935279 272.8426108 501.5067232 261.6275582 561.3833245 251.9985128 631.2762609 297.2028586 635.9078241 293.3885929 637.4970384 295.3183343 658.2929038 330.0084625 669.2879038 333.9002829 664.6636554 337.7234134 680.4382585 347.3871389 688.4027975 357.0206074 715.2003625 399.6238001 636.1807450 404.3934258 575.4642491 380.6211415 577.8713758 381.2958598 599.5355164 387.3683249 585.0927560 383.3200149 619.5802686 399.2181234 529.3389316 368.8783621 563.4286154 377.2475498 549.7850277 380.0213856 551.2018021 374.1910554 539.0557629 371.2395591 531.7681394 369.4686613 490.3480486 359.4319300 489.1229775 365.3057076 443.7784194 350.0863128 381.2677009 344.5337308 394.5796328 340.6568676 393.5991984 346.5762214 374.8492368 337.3888828 361.5373049 341.2657460 356.6047059 340.4487498 349.2491396 339.3220828 350.1149125 333.3848749 340.2199588 331.9419773 206.0878049 315.9362455 193.6637297 314.5651322 170.6422337 318.0609212 171.3003941 312.0971284 155.6000024 315.8797018 169.7192255 278.5613216 173.6956312 262.9034054 181.0517438 252.7977037 190.3163406 250.2653568 195.7797718 241.6217629 197.0922603 239.4941168 206.2605241 223.3214152 200.3235155 218.5753175 203.9818319 211.8776781 190.7227721 205.6954867 178.1252850 212.1866004 158.8261901 216.1323872 154.5811332 211.8897115 151.0507001 216.6233396 119.1755700 215.4433356 119.0020498 203.7830631 127.9067475 200.1529951 139.6469577 178.0822484 140.8786312 172.2731498 138.4397526 151.3366664 130.8347250 132.3058690 132.9086473 136.8552494 125.3752518 134.7946745 85.8476283 103.7557928 80.2441253 102.2031433 72.3721529 101.6413418 64.6307099 102.2350054 67.1230019 102.0401089 41.9312055 107.4419264 23.4562188 116.8139190 5.0353195 150.4297357 -28.0344302 184.9654898 -110.1921022 190.6880049 -139.8357162 171.1391196 -151.2831968 166.1198779 -165.1400090 166.5956450 -184.1770210 142.7058457 -179.8836290 148.8263552 -144.4147084 169.1314229 -94.0457938 191.2160861 -84.8878094 195.2314794 -80.4286526 203.7380332 -63.7952820 210.1329707 -50.7955791 212.6054051 -43.4384140 203.8344042 -37.6299092 206.5172343 -39.4010173 208.2815132 -18.7076873 173.2382215 -13.9828908 176.9364020 -14.0020792 176.9607869 31.0346745 119.1897036 111.4769275 216.7582193 110.3962607 230.5810178 99.1085773 250.0437519 90.1557478 253.5211616 87.7336515 258.1960063 115.8477127 270.4887774 132.4703646 250.4308747 143.7535412 247.3033169 149.2076912 237.7550280 194.6106839 232.0887272 166.7767805 282.6036023 159.3317116 292.8254493 147.8745722 307.6662545 142.0410302 309.2834169 212.8840896 322.7227063 329.4592321 336.4362874 341.8279243 338.2399095 409.4639558 343.2000685 408.2890820 349.0839197 414.3660221 344.1838177 492.8714593 360.0168961 497.7592297 361.2044717 506.0592866 369.3959989 513.3469101 371.1668967 530.3513650 375.2989915 647.5329934 401.7253705 662.3722161 412.7717800 678.4865501 411.6270619 695.1538499 416.9587418 720.7540209 424.5805511 729.2583583 427.6833466 727.4281173 406.4894237 694.7744288 364.7273823 629.5509669 285.6696273 603.1615103 261.3671807 585.7910218 257.4035758 517.4494693 242.2693995 519.8902390 242.8099058 507.8569765 243.6593869 503.3468113 247.5914685 427.1074730 234.9085660 430.8680026 230.2332674 420.3378903 222.8592427 409.7493910 218.5005998 383.1137159 228.6560574 374.0304694 232.8377671 364.9472229 237.0194768 280.0098029 175.0119491 274.6293040 160.2570114 267.4588831 156.5487598 220.6140052 101.5538925 214.3361827 103.6546698 197.4026988 85.0592495 163.4168134 63.9457371 118.4144326 -15.0155980 130.5787523 -68.9748177 139.5294806 -76.4498779 136.3181155 -90.3119388 136.4593252 -98.0668354 122.6680406 -95.4233495 98.7950432 -80.8324308 82.4117130 -69.3626992 -118.0280192 88.5037281 -128.0207378 104.0599615 -65.1028638 54.7269921 -19.5705552 11.4979645 13.5990583 -7.0034103 15.5539114 -8.5616315 -58.9535408 42.3002700 -60.9226901 43.8403852 105.1266567 -85.1122034 111.9312335 -14.5490856 117.6210654 -12.6449288 112.7527884 24.0492427 121.4229984 40.1510928 132.6060341 51.5761179 130.9834900 42.3006772 209.0375130 99.4449005 242.5443516 143.1070409 284.7281103 201.0391794 295.6693866 224.9648085 345.3143301 250.2830178 453.5970478 263.8671126 471.2930758 267.9953616 497.8462901 265.6659789 496.7346427 257.9899697 650.3468324 320.3597554 662.9244670 326.1941968 656.7036895 328.0787211 678.9998257 355.0636568 688.5572725 366.6238190 469.5592378 361.3796462 453.5825519 352.0538111 448.6804857 351.0700619 382.2481353 338.6143771 386.2002999 345.3507270 369.9166378 336.5718866 330.3250051 330.4990796 342.6936972 332.3027017 327.8512667 330.1383552 213.5422501 316.7589134 181.4890056 262.3921989 204.9671911 226.7282401 197.7218362 213.9794066 189.9776548 211.6491253 165.6654752 213.1819596 156.2757226 219.5744252 151.1506695 216.4529517 136.1248946 184.7034724 134.9567158 171.3077290 127.4491741 139.3440549 128.1411987 127.3363033 87.9156381 111.2871506 90.3990536 105.8252235 48.6700539 111.4586576 46.8511602 105.7409985 23.6393718 116.6875877 26.9545407 121.6897920 25.7458472 115.3471059 -116.9407550 181.1776028 -158.2715206 169.6071900 -155.8621890 164.1121813 -135.2567240 173.1468162 -78.0193210 198.2430244 -61.9899554 204.4109676 -63.8388370 210.1190461 -47.5918198 212.0243250 -45.1620375 211.4608709 109.1420737 232.7435438 89.3454171 268.5198709 143.6250715 235.5562917 154.6128004 289.1190723 158.0596546 316.3264848 720.1315916 430.5540933 725.6503609 422.8891680 729.8283256 410.8754260 712.2272027 386.0813513 610.7246314 272.2475516 518.5929724 248.6679857 508.1140996 251.2397650 503.5901211 247.2937894 438.7812367 236.8866099 434.5393412 241.1303100 417.2002460 227.9734571 409.5040687 224.5005998 282.5960466 167.6902320 222.1009851 103.5634682 225.5752750 121.5206121 194.2165132 90.1433643 150.6739189 56.0336714 119.0772546 -35.8886151 142.7040573 -86.1330106 134.2559031 -92.4665346 87.9006853 -65.8812215 84.4596292 -70.7964157 -125.9279689 94.6826412 -135.8067968 110.3344612 -166.9510332 135.4324602 82.0189171 -61.5411517 112.7246007 -16.9197548 461.3544642 262.9690758 493.6317768 261.3953949 497.8507246 265.6615980 690.1501803 368.5505127 384.7144348 339.0228752 172.6616705 274.5190409 203.6547026 228.8558862 168.1574372 212.9828877 90.1913508 112.3218660 -155.9820245 170.6110384 -153.5726929 165.1160296 -29.5627461 196.5264721 159.4206679 292.7093039 415.6365093 350.5584052 490.4368082 359.4511443 717.6679924 430.1865778 722.1647057 409.3697880 618.4264669 272.1614375 615.2480384 268.3019547 442.6992377 249.9498304 447.5133411 246.3687120 288.8271015 187.7034952 226.4822467 123.7970059 232.0744430 121.6221981 132.9626860 -57.5595243 236.3253063 133.4912353 230.6751412 135.5100555 284.2971236 198.4565151 300.8006528 230.7344712 383.7340004 344.9422289 315.4825745 328.3347331 178.5465605 266.4344795 28.9250969 120.4358041 -184.7392918 153.2452751 159.1319761 310.4230852 616.8372526 270.2316961 534.5348574 246.0529436 282.9036857 188.6590815 232.1095446 121.7147074 -165.0045184 133.8638352 228.9928579 130.8017715 234.6430229 128.7829513 135.9619836 246.8522419 426.6211876 346.6431906 533.2375908 251.9110234 446.0212676 244.3629152 -168.7693677 129.1920144 126.4745057 -57.1683466 228.1517162 128.4476294 399.2477110 227.8336570 640.3898650 399.4403648 371.4025029 342.8997384 372.3829373 336.9803847 -175.6308444 154.7310174 536.9756272 246.5934499 128.9370537 -64.2522292 -166.8228529 127.6233895 233.8018812 126.4288093 638.5617879 405.1550944 -100.9142822 188.2045411 449.0054145 248.3745088 232.9607395 124.0746673 227.3120880 126.0977233 95.3460162 256.5313300 355.8639764 241.2011866 127.2953550 -59.5296408 -64.8609886 46.9206158 -84.7943566 70.1281449 -57.2262667 48.5665311 -64.3435326 203.6387077 -58.8871937 211.5600014 109.4864854 -87.7093414 -57.3209817 205.7680259 -56.4739664 212.2125638 127.5043775 -91.0806143 -55.9622172 212.3042785 25.8307084 115.2950612 27.9831484 114.0236424 132.1418367 -55.1982301 115.2141279 1.2111010 109.2162968 1.0456808 115.1632499 3.5807973 109.1626754 3.5431512 109.1642997 3.7253934 109.2625010 6.2233647 67.5907721 108.0218470 115.2578700 5.9876722 109.3607023 8.7213359 80.5092639 102.2557153 92.6747662 106.8599389 125.0824974 34.7791685 129.3405996 40.4164228 118.7721305 126.2910981 136.1203419 46.7130283 129.7977638 130.0311788 232.9576999 124.0662002 131.0436291 148.4080298 247.3565732 147.3158707 264.7639751 161.9094939 272.9319434 166.5314413 283.9818113 169.7571755 88.8242125 267.8494050 93.8220910 264.5019895 283.3002761 191.1174357 289.2252467 190.1714872 289.2282935 190.1907725 105.6910898 271.4496871 108.1806595 271.2226476 107.6357430 265.2474434 287.6582403 211.2835385 110.1253126 265.0204038 293.1914506 208.9632835 294.1054541 211.1429463 288.6249748 213.5889513 288.7416274 213.8351492 289.9132520 216.0428530 136.7648944 254.6209838 319.8894497 244.3362575 167.6796458 207.0019417 322.1346551 245.4272559 324.6917184 239.9989326 170.6493991 212.7838159 322.2666616 245.4874995 324.5653587 246.4700959 326.9236835 240.9530039 342.8173866 250.4045784 349.2297320 243.4937189 198.5481493 225.7057889 197.2356608 227.8334350 172.2244087 264.9245457 419.3310840 229.2807570 425.1595092 233.3417408 444.1913111 251.9556272 445.6833846 253.9614240 448.6675314 257.9730176 156.6723239 309.9763023 459.8565527 269.3906517 642.7709078 400.2020334 714.9646394 429.5329058 718.6926971 424.2730464 612.2056895 274.0459618 717.3916947 430.1319940 705.9607795 387.8080374</float_array><technique_common><accessor source="#uv-array" count="2287" stride="2"><param name="S" type="float" /><param name="T" type="float" /></accessor></technique_common></source><source id="normals"><float_array id="normals-array" count="3">0.0000000 0.0000000 1.0000000</float_array><technique_common><accessor source="#normals-array" count="1" stride="3"><param name="X" type="float" /><param name="Y" type="float" /><param name="Z" type="float" /></accessor></technique_common></source><vertices id="road-vertices"><input semantic="POSITION" source="#positions" /></vertices><triangles count="2287" material="asphalt"><input semantic="VERTEX" source="#road-vertices" offset="0" /><input semantic="TEXCOORD" source="#uv" offset="1" set="0" /><input semantic="NORMAL" source="#normals" offset="2" /><p>0 0 0 1 1 0 2 2 0 3 3 0 4 4 0 5 5 0 4 4 0 6 6 0 5 5 0 7 7 0 8 8 0 9 9 0 10 10 0 9 9 0 8 8 0 11 11 0 12 12 0 13 13 0 13 13 0 14 14 0 15 15 0 16 16 0 15 15 0 17 17 0 18 18 0 19 19 0 20 20 0 19 19 0 21 21 0 22 22 0 23 23 0 24 24 0 25 25 0 26 26 0 27 27 0 28 28 0 27 27 0 29 29 0 30 30 0 31 31 0 30 30 0 32 32 0 33 33 0 34 34 0 35 35 0 36 36 0 33 33 0 35 35 0 37 37 0 38 38 0 39 39 0 40 40 0 41 41 0 37 37 0 42 42 0 43 43 0 41 41 0 44 44 0 45 45 0 46 46 0 47 47 0 48 48 0 49 49 0 48 48 0 50 50 0 51 51 0 51 51 0 49 49 0 48 48 0 52 52 0 53 53 0 47 47 0 54 54 0 55 55 0 56 56 0 57 57 0 58 58 0 59 59 0 60 60 0 61 61 0 62 62 0 63 63 0 64 64 0 60 60 0 65 65 0 66 66 0 67 67 0 66 66 0 68 68 0 69 69 0 70 70 0 71 71 0 72 72 0 73 73 0 74 74 0 75 75 0 76 76 0 75 75 0 74 74 0 61 61 0 57 57 0 59 59 0 77 77 0 78 78 0 79 79 0 78 78 0 80 80 0 79 79 0 81 81 0 82 82 0 83 83 0 84 84 0 2 2 0 1 1 0 85 85 0 86 86 0 84 84 0 87 87 0 88 88 0 86 86 0 89 89 0 90 90 0 91 91 0 92 92 0 93 93 0 94 94 0 95 95 0 96 96 0 97 97 0 98 98 0 95 95 0 99 99 0 100 100 0 101 101 0 98 98 0 102 102 0 103 103 0 101 101 0 104 104 0 105 105 0 102 102 0 106 106 0 107 107 0 108 108 0 109 109 0 106 106 0 110 110 0 110 110 0 111 111 0 112 112 0 113 113 0 114 114 0 115 115 0 116 116 0 113 113 0 117 117 0 118 118 0 119 119 0 120 120 0 118 118 0 120 120 0 121 121 0 122 122 0 121 121 0 123 123 0 124 124 0 123 123 0 125 125 0 126 126 0 127 127 0 128 128 0 129 129 0 130 130 0 131 131 0 132 132 0 131 131 0 133 133 0 134 134 0 135 135 0 136 136 0 137 137 0 138 138 0 139 139 0 140 140 0 141 141 0 142 142 0 143 143 0 144 144 0 145 145 0 146 146 0 147 147 0 148 148 0 149 149 0 150 150 0 151 151 0 149 149 0 148 148 0 150 150 0 142 142 0 143 143 0 145 145 0 137 137 0 139 139 0 152 152 0 153 153 0 154 154 0 155 155 0 156 156 0 157 157 0 158 158 0 159 159 0 158 158 0 160 160 0 161 161 0 162 162 0 163 163 0 164 164 0 165 165 0 166 166 0 167 167 0 168 168 0 169 169 0 170 170 0 171 171 0 172 172 0 170 170 0 173 173 0 171 171 0 174 174 0 175 175 0 176 176 0 177 177 0 178 178 0 179 179 0 180 180 0 181 181 0 182 182 0 183 183 0 184 184 0 185 185 0 186 186 0 187 187 0 188 188 0 189 189 0 187 187 0 190 190 0 191 191 0 192 192 0 193 193 0 194 194 0 195 195 0 196 196 0 197 197 0 198 198 0 199 199 0 200 200 0 201 201 0 202 202 0 203 203 0 202 202 0 201 201 0 204 204 0 205 205 0 206 206 0 207 207 0 208 208 0 209 209 0 210 210 0 207 207 0 211 211 0 212 212 0 213 213 0 214 214 0 215 215 0 216 216 0 213 213 0 213 213 0 217 217 0 215 215 0 218 218 0 219 219 0 220 220 0 219 219 0 221 221 0 222 222 0 223 223 0 224 224 0 225 225 0 226 226 0 227 227 0 228 228 0 229 229 0 230 230 0 231 231 0 231 231 0 232 232 0 229 229 0 228 228 0 227 227 0 232 232 0 233 233 0 234 234 0 235 235 0 233 233 0 236 236 0 234 234 0 237 237 0 238 238 0 239 239 0 240 240 0 241 241 0 242 242 0 243 243 0 242 242 0 241 241 0 244 244 0 245 245 0 246 246 0 241 241 0 246 246 0 245 245 0 247 247 0 248 248 0 249 249 0 250 250 0 247 247 0 249 249 0 251 251 0 252 252 0 253 253 0 253 253 0 254 254 0 251 251 0 255 255 0 256 256 0 257 257 0 258 258 0 259 259 0 260 260 0 261 261 0 262 262 0 259 259 0 263 263 0 264 264 0 265 265 0 265 265 0 266 266 0 263 263 0 267 267 0 268 268 0 269 269 0 269 269 0 270 270 0 267 267 0 268 268 0 271 271 0 269 269 0 272 272 0 273 273 0 274 274 0 275 275 0 276 276 0 277 277 0 278 278 0 279 279 0 280 280 0 281 281 0 282 282 0 283 283 0 284 284 0 285 285 0 286 286 0 287 287 0 288 288 0 289 289 0 290 290 0 291 291 0 292 292 0 293 293 0 294 294 0 295 295 0 296 296 0 297 297 0 298 298 0 299 299 0 300 300 0 301 301 0 302 302 0 303 303 0 304 304 0 305 305 0 306 306 0 307 307 0 308 308 0 309 309 0 310 310 0 311 311 0 312 312 0 313 313 0 311 311 0 314 314 0 312 312 0 311 311 0 313 313 0 315 315 0 316 316 0 317 317 0 318 318 0 318 318 0 319 319 0 316 316 0 320 320 0 321 321 0 319 319 0 322 322 0 323 323 0 324 324 0 325 325 0 326 326 0 327 327 0 328 328 0 329 329 0 330 330 0 328 328 0 331 331 0 329 329 0 332 332 0 333 333 0 334 334 0 335 335 0 336 336 0 337 337 0 338 338 0 339 339 0 336 336 0 340 340 0 341 341 0 342 342 0 343 343 0 344 344 0 341 341 0 345 345 0 346 346 0 347 347 0 348 348 0 349 349 0 350 350 0 351 351 0 352 352 0 353 353 0 354 354 0 355 355 0 356 356 0 352 352 0 354 354 0 356 356 0 357 357 0 358 358 0 355 355 0 359 359 0 360 360 0 357 357 0 361 361 0 362 362 0 363 363 0 364 364 0 365 365 0 362 362 0 366 366 0 367 367 0 368 368 0 368 368 0 369 369 0 366 366 0 369 369 0 370 370 0 366 366 0 370 370 0 371 371 0 372 372 0 373 373 0 372 372 0 371 371 0 374 374 0 375 375 0 376 376 0 376 376 0 377 377 0 374 374 0 378 378 0 376 376 0 379 379 0 380 380 0 381 381 0 382 382 0 380 380 0 382 382 0 383 383 0 384 384 0 385 385 0 386 386 0 384 384 0 387 387 0 385 385 0 388 388 0 389 389 0 387 387 0 390 390 0 391 391 0 392 392 0 393 393 0 394 394 0 395 395 0 396 396 0 397 397 0 398 398 0 399 399 0 400 400 0 401 401 0 400 400 0 402 402 0 401 401 0 403 403 0 404 404 0 405 405 0 406 406 0 403 403 0 405 405 0 407 407 0 408 408 0 406 406 0 409 409 0 410 410 0 411 411 0 410 410 0 412 412 0 413 413 0 410 410 0 414 414 0 412 412 0 415 415 0 416 416 0 417 417 0 415 415 0 418 418 0 416 416 0 419 419 0 420 420 0 421 421 0 422 422 0 423 423 0 424 424 0 425 425 0 426 426 0 427 427 0 428 428 0 429 429 0 430 430 0 431 431 0 432 432 0 433 433 0 434 434 0 435 435 0 436 436 0 437 437 0 438 438 0 439 439 0 440 440 0 441 441 0 442 442 0 443 443 0 444 444 0 445 445 0 446 446 0 447 447 0 448 448 0 445 445 0 446 446 0 443 443 0 449 449 0 450 450 0 451 451 0 452 452 0 449 449 0 451 451 0 453 453 0 454 454 0 455 455 0 455 455 0 456 456 0 453 453 0 454 454 0 457 457 0 455 455 0 457 457 0 458 458 0 459 459 0 460 460 0 461 461 0 462 462 0 462 462 0 463 463 0 460 460 0 464 464 0 465 465 0 466 466 0 464 464 0 467 467 0 465 465 0 468 468 0 469 469 0 470 470 0 471 471 0 472 472 0 473 473 0 472 472 0 474 474 0 475 475 0 475 475 0 476 476 0 472 472 0 473 473 0 477 477 0 478 478 0 479 479 0 480 480 0 477 477 0 481 481 0 482 482 0 483 483 0 481 481 0 483 483 0 484 484 0 485 485 0 486 486 0 487 487 0 485 485 0 487 487 0 488 488 0 489 489 0 490 490 0 486 486 0 491 491 0 492 492 0 493 493 0 494 494 0 495 495 0 496 496 0 497 497 0 494 494 0 498 498 0 499 499 0 500 500 0 501 501 0 502 502 0 503 503 0 504 504 0 504 504 0 505 505 0 502 502 0 506 506 0 507 507 0 508 508 0 509 509 0 510 510 0 511 511 0 510 510 0 512 512 0 513 513 0 514 514 0 515 515 0 516 516 0 517 517 0 518 518 0 519 519 0 520 520 0 521 521 0 522 522 0 523 523 0 524 524 0 525 525 0 526 526 0 527 527 0 528 528 0 529 529 0 528 528 0 530 530 0 531 531 0 532 532 0 533 533 0 534 534 0 535 535 0 536 536 0 537 537 0 538 538 0 539 539 0 538 538 0 540 540 0 541 541 0 540 540 0 542 542 0 543 543 0 544 544 0 545 545 0 546 546 0 547 547 0 548 548 0 549 549 0 550 550 0 551 551 0 552 552 0 553 553 0 554 554 0 555 555 0 556 556 0 557 557 0 558 558 0 556 556 0 559 559 0 557 557 0 560 560 0 561 561 0 559 559 0 562 562 0 563 563 0 564 564 0 565 565 0 566 566 0 567 567 0 568 568 0 569 569 0 570 570 0 536 536 0 537 537 0 539 539 0 531 531 0 571 571 0 532 532 0 572 572 0 573 573 0 574 574 0 575 575 0 576 576 0 577 577 0 578 578 0 579 579 0 580 580 0 581 581 0 582 582 0 583 583 0 584 584 0 585 585 0 586 586 0 587 587 0 588 588 0 589 589 0 590 590 0 591 591 0 592 592 0 593 593 0 594 594 0 595 595 0 596 596 0 597 597 0 598 598 0 599 599 0 596 596 0 598 598 0 600 600 0 601 601 0 602 602 0 603 603 0 604 604 0 605 605 0 606 606 0 603 603 0 605 605 0 607 607 0 608 608 0 609 609 0 610 610 0 607 607 0 611 611 0 612 612 0 606 606 0 613 613 0 609 609 0 614 614 0 607 607 0 615 615 0 616 616 0 617 617 0 618 618 0 602 602 0 601 601 0 619 619 0 618 618 0 620 620 0 621 621 0 599 599 0 622 622 0 623 623 0 592 592 0 591 591 0 624 624 0 625 625 0 626 626 0 627 627 0 628 628 0 629 629 0 630 630 0 631 631 0 627 627 0 631 631 0 632 632 0 633 633 0 634 634 0 633 633 0 632 632 0 632 632 0 635 635 0 634 634 0 636 636 0 637 637 0 638 638 0 639 639 0 640 640 0 641 641 0 642 642 0 643 643 0 644 644 0 645 645 0 646 646 0 647 647 0 597 597 0 593 593 0 598 598 0 648 648 0 649 649 0 650 650 0 651 651 0 652 652 0 653 653 0 654 654 0 655 655 0 656 656 0 657 657 0 658 658 0 659 659 0 660 660 0 661 661 0 662 662 0 663 663 0 657 657 0 664 664 0 664 664 0 660 660 0 663 663 0 661 661 0 665 665 0 662 662 0 655 655 0 666 666 0 665 665 0 658 658 0 667 667 0 668 668 0 653 653 0 669 669 0 670 670 0 652 652 0 671 671 0 672 672 0 673 673 0 674 674 0 675 675 0 676 676 0 677 677 0 678 678 0 679 679 0 680 680 0 681 681 0 682 682 0 679 679 0 681 681 0 683 683 0 684 684 0 685 685 0 686 686 0 687 687 0 688 688 0 687 687 0 689 689 0 688 688 0 690 690 0 688 688 0 689 689 0 681 681 0 691 691 0 682 682 0 685 685 0 692 692 0 683 683 0 692 692 0 693 693 0 683 683 0 694 694 0 695 695 0 696 696 0 697 697 0 698 698 0 699 699 0 700 700 0 701 701 0 702 702 0 703 703 0 700 700 0 702 702 0 702 702 0 704 704 0 703 703 0 705 705 0 706 706 0 704 704 0 707 707 0 708 708 0 709 709 0 701 701 0 697 697 0 699 699 0 710 710 0 711 711 0 712 712 0 713 713 0 714 714 0 715 715 0 716 716 0 717 717 0 718 718 0 719 719 0 720 720 0 721 721 0 719 719 0 721 721 0 722 722 0 723 723 0 724 724 0 725 725 0 726 726 0 727 727 0 724 724 0 726 726 0 728 728 0 727 727 0 729 729 0 730 730 0 731 731 0 732 732 0 733 733 0 734 734 0 735 735 0 736 736 0 737 737 0 738 738 0 739 739 0 740 740 0 741 741 0 742 742 0 743 743 0 744 744 0 745 745 0 746 746 0 747 747 0 748 748 0 749 749 0 750 750 0 751 751 0 752 752 0 753 753 0 754 754 0 755 755 0 756 756 0 757 757 0 758 758 0 759 759 0 760 760 0 761 761 0 762 762 0 763 763 0 764 764 0 765 765 0 766 766 0 767 767 0 768 768 0 769 769 0 770 770 0 771 771 0 772 772 0 773 773 0 774 774 0 775 775 0 776 776 0 777 777 0 778 778 0 779 779 0 780 780 0 781 781 0 782 782 0 783 783 0 784 784 0 785 785 0 786 786 0 787 787 0 788 788 0 789 789 0 790 790 0 791 791 0 792 792 0 793 793 0 794 794 0 795 795 0 796 796 0 797 797 0 798 798 0 799 799 0 800 800 0 801 801 0 800 800 0 799 799 0 802 802 0 803 803 0 804 804 0 805 805 0 806 806 0 807 807 0 808 808 0 809 809 0 810 810 0 809 809 0 811 811 0 812 812 0 813 813 0 814 814 0 815 815 0 816 816 0 813 813 0 817 817 0 818 818 0 819 819 0 820 820 0 821 821 0 822 822 0 823 823 0 823 823 0 824 824 0 821 821 0 823 823 0 820 820 0 824 824 0 817 817 0 825 825 0 816 816 0 826 826 0 827 827 0 828 828 0 829 829 0 830 830 0 831 831 0 832 832 0 831 831 0 830 830 0 833 833 0 834 834 0 835 835 0 833 833 0 835 835 0 836 836 0 837 837 0 838 838 0 839 839 0 837 837 0 840 840 0 838 838 0 841 841 0 842 842 0 843 843 0 844 844 0 845 845 0 846 846 0 844 844 0 847 847 0 848 848 0 849 849 0 850 850 0 847 847 0 851 851 0 852 852 0 853 853 0 854 854 0 855 855 0 856 856 0 854 854 0 857 857 0 855 855 0 858 858 0 859 859 0 860 860 0 861 861 0 862 862 0 863 863 0 863 863 0 864 864 0 865 865 0 866 866 0 865 865 0 864 864 0 864 864 0 867 867 0 866 866 0 868 868 0 869 869 0 870 870 0 871 871 0 872 872 0 873 873 0 871 871 0 874 874 0 872 872 0 875 875 0 876 876 0 877 877 0 875 875 0 877 877 0 878 878 0 879 879 0 880 880 0 881 881 0 882 882 0 883 883 0 884 884 0 885 885 0 886 886 0 887 887 0 887 887 0 888 888 0 889 889 0 888 888 0 890 890 0 891 891 0 892 892 0 893 893 0 894 894 0 895 895 0 896 896 0 897 897 0 898 898 0 899 899 0 900 900 0 901 901 0 900 900 0 902 902 0 903 903 0 904 904 0 905 905 0 905 905 0 906 906 0 907 907 0 908 908 0 909 909 0 906 906 0 910 910 0 911 911 0 912 912 0 911 911 0 913 913 0 914 914 0 915 915 0 914 914 0 913 913 0 916 916 0 915 915 0 917 917 0 918 918 0 919 919 0 920 920 0 921 921 0 922 922 0 923 923 0 924 924 0 925 925 0 926 926 0 927 927 0 928 928 0 925 925 0 929 929 0 930 930 0 931 931 0 929 929 0 932 932 0 930 930 0 933 933 0 934 934 0 935 935 0 936 936 0 937 937 0 938 938 0 939 939 0 940 940 0 941 941 0 942 942 0 943 943 0 944 944 0 945 945 0 946 946 0 947 947 0 948 948 0 949 949 0 946 946 0 950 950 0 951 951 0 952 952 0 953 953 0 954 954 0 951 951 0 955 955 0 956 956 0 957 957 0 955 955 0 957 957 0 958 958 0 959 959 0 960 960 0 961 961 0 962 962 0 963 963 0 964 964 0 962 962 0 965 965 0 963 963 0 966 966 0 967 967 0 968 968 0 969 969 0 970 970 0 971 971 0 972 972 0 973 973 0 974 974 0 975 975 0 976 976 0 977 977 0 978 978 0 979 979 0 980 980 0 981 981 0 982 982 0 983 983 0 984 984 0 981 981 0 985 985 0 985 985 0 986 986 0 984 984 0 987 987 0 988 988 0 989 989 0 987 987 0 989 989 0 990 990 0 991 991 0 992 992 0 993 993 0 993 993 0 994 994 0 991 991 0 995 995 0 996 996 0 997 997 0 998 998 0 997 997 0 996 996 0 996 996 0 999 999 0 998 998 0 1000 1000 0 1001 1001 0 1002 1002 0 1003 1003 0 1004 1004 0 1005 1005 0 1006 1006 0 1007 1007 0 1008 1008 0 1006 1006 0 1009 1009 0 1007 1007 0 1010 1010 0 1011 1011 0 1012 1012 0 1013 1013 0 1014 1014 0 1015 1015 0 1016 1016 0 1017 1017 0 1018 1018 0 1016 1016 0 1019 1019 0 1017 1017 0 1020 1020 0 1021 1021 0 1022 1022 0 1023 1023 0 1024 1024 0 1025 1025 0 1026 1026 0 1020 1020 0 1027 1027 0 1027 1027 0 1028 1028 0 1026 1026 0 1029 1029 0 1030 1030 0 1031 1031 0 1032 1032 0 1033 1033 0 1034 1034 0 1035 1035 0 1036 1036 0 1037 1037 0 1038 1038 0 1039 1039 0 1040 1040 0 1041 1041 0 1042 1042 0 1043 1043 0 1044 1044 0 1045 1045 0 1046 1046 0 1047 1047 0 1048 1048 0 1049 1049 0 1050 1050 0 1051 1051 0 1052 1052 0 1053 1053 0 1054 1054 0 1055 1055 0 1056 1056 0 1057 1057 0 1058 1058 0 1057 1057 0 1059 1059 0 1060 1060 0 1061 1061 0 1060 1060 0 1062 1062 0 1062 1062 0 1063 1063 0 1064 1064 0 1063 1063 0 1065 1065 0 1066 1066 0 1067 1067 0 1068 1068 0 1069 1069 0 1070 1070 0 1071 1071 0 1072 1072 0 1073 1073 0 1072 1072 0 1074 1074 0 1075 1075 0 1076 1076 0 1077 1077 0 1078 1078 0 1079 1079 0 1080 1080 0 1081 1081 0 1078 1078 0 1082 1082 0 1083 1083 0 1084 1084 0 1085 1085 0 1086 1086 0 1087 1087 0 1088 1088 0 1089 1089 0 76 76 0 74 74 0 74 74 0 1090 1090 0 1089 1089 0 1091 1091 0 1092 1092 0 1093 1093 0 1094 1094 0 1091 1091 0 1093 1093 0 1093 1093 0 1095 1095 0 1094 1094 0 1096 1096 0 1097 1097 0 1098 1098 0 1096 1096 0 1088 1088 0 1087 1087 0 1099 1099 0 1100 1100 0 1101 1101 0 1099 1099 0 1102 1102 0 1100 1100 0 1103 1103 0 1104 1104 0 1105 1105 0 1084 1084 0 1106 1106 0 1107 1107 0 1085 1085 0 1082 1082 0 1083 1083 0 1077 1077 0 1108 1108 0 1075 1075 0 1074 1074 0 1109 1109 0 1073 1073 0 1068 1068 0 1110 1110 0 1069 1069 0 1055 1055 0 1111 1111 0 1112 1112 0 1113 1113 0 1114 1114 0 1051 1051 0 1115 1115 0 1116 1116 0 1117 1117 0 1118 1118 0 1115 1115 0 1119 1119 0 1119 1119 0 1120 1120 0 1121 1121 0 1122 1122 0 1123 1123 0 1124 1124 0 1124 1124 0 1125 1125 0 1126 1126 0 1127 1127 0 1128 1128 0 1129 1129 0 1130 1130 0 1131 1131 0 1128 1128 0 1128 1128 0 1132 1132 0 1130 1130 0 1133 1133 0 1134 1134 0 1135 1135 0 1136 1136 0 1137 1137 0 1138 1138 0 1136 1136 0 1139 1139 0 1137 1137 0 1140 1140 0 1132 1132 0 1141 1141 0 1142 1142 0 1143 1143 0 1144 1144 0 1145 1145 0 1146 1146 0 1147 1147 0 1148 1148 0 1147 1147 0 1146 1146 0 1149 1149 0 1150 1150 0 1151 1151 0 1151 1151 0 1152 1152 0 1149 1149 0 1153 1153 0 1154 1154 0 1155 1155 0 1156 1156 0 1153 1153 0 1155 1155 0 1155 1155 0 1157 1157 0 1156 1156 0 1158 1158 0 1155 1155 0 1154 1154 0 1159 1159 0 1160 1160 0 1161 1161 0 1162 1162 0 1163 1163 0 1164 1164 0 1036 1036 0 1165 1165 0 1038 1038 0 1043 1043 0 1166 1166 0 1041 1041 0 1167 1167 0 1168 1168 0 1169 1169 0 1170 1170 0 1171 1171 0 1172 1172 0 1170 1170 0 1169 1169 0 1171 1171 0 1042 1042 0 1041 1041 0 1173 1173 0 1036 1036 0 1035 1035 0 1165 1165 0 1174 1174 0 1175 1175 0 1029 1029 0 1174 1174 0 1176 1176 0 1175 1175 0 1174 1174 0 1177 1177 0 1176 1176 0 1024 1024 0 1178 1178 0 1177 1177 0 1030 1030 0 1179 1179 0 1032 1032 0 1019 1019 0 1016 1016 0 1180 1180 0 1012 1012 0 1181 1181 0 1182 1182 0 1183 1183 0 1003 1003 0 1184 1184 0 1185 1185 0 991 991 0 1186 1186 0 1187 1187 0 1188 1188 0 1189 1189 0 1190 1190 0 979 979 0 1187 1187 0 979 979 0 978 978 0 1191 1191 0 1192 1192 0 1193 1193 0 950 950 0 1194 1194 0 1195 1195 0 1196 1196 0 1197 1197 0 1198 1198 0 1199 1199 0 1200 1200 0 1197 1197 0 1201 1201 0 1202 1202 0 1203 1203 0 1204 1204 0 1205 1205 0 1206 1206 0 1207 1207 0 1208 1208 0 1205 1205 0 1209 1209 0 1210 1210 0 1211 1211 0 1208 1208 0 1212 1212 0 1213 1213 0 1211 1211 0 1214 1214 0 1212 1212 0 1215 1215 0 1215 1215 0 1216 1216 0 1217 1217 0 1218 1218 0 1219 1219 0 1220 1220 0 1221 1221 0 1222 1222 0 1223 1223 0 1224 1224 0 1223 1223 0 1222 1222 0 1222 1222 0 1225 1225 0 1226 1226 0 1227 1227 0 1228 1228 0 1225 1225 0 1229 1229 0 1230 1230 0 1231 1231 0 1231 1231 0 1232 1232 0 1229 1229 0 1233 1233 0 1234 1234 0 1232 1232 0 896 896 0 1235 1235 0 1236 1236 0 1237 1237 0 1238 1238 0 1239 1239 0 1239 1239 0 1240 1240 0 1241 1241 0 1240 1240 0 1242 1242 0 1241 1241 0 1243 1243 0 1244 1244 0 1245 1245 0 1245 1245 0 1246 1246 0 1243 1243 0 1247 1247 0 1248 1248 0 1249 1249 0 1250 1250 0 1251 1251 0 1252 1252 0 1253 1253 0 1254 1254 0 1255 1255 0 1256 1256 0 1257 1257 0 1258 1258 0 1259 1259 0 1260 1260 0 1261 1261 0 1262 1262 0 1263 1263 0 1264 1264 0 1264 1264 0 1265 1265 0 1262 1262 0 1266 1266 0 1267 1267 0 1268 1268 0 1268 1268 0 1269 1269 0 1266 1266 0 1270 1270 0 1271 1271 0 1272 1272 0 1273 1273 0 1274 1274 0 1275 1275 0 1273 1273 0 1276 1276 0 1274 1274 0 880 880 0 879 879 0 1277 1277 0 876 876 0 875 875 0 1278 1278 0 1279 1279 0 1280 1280 0 1281 1281 0 1282 1282 0 854 854 0 1283 1283 0 1284 1284 0 1285 1285 0 1286 1286 0 828 828 0 1287 1287 0 826 826 0 819 819 0 1288 1288 0 1289 1289 0 1290 1290 0 1291 1291 0 1292 1292 0 803 803 0 795 795 0 797 797 0 1293 1293 0 802 802 0 804 804 0 1294 1294 0 801 801 0 799 799 0 1295 1295 0 1296 1296 0 1297 1297 0 1298 1298 0 1297 1297 0 1299 1299 0 1300 1300 0 1301 1301 0 1302 1302 0 1303 1303 0 1304 1304 0 1305 1305 0 1306 1306 0 1305 1305 0 1307 1307 0 1308 1308 0 1309 1309 0 1310 1310 0 1310 1310 0 1311 1311 0 1308 1308 0 1312 1312 0 1313 1313 0 1314 1314 0 1315 1315 0 1316 1316 0 1317 1317 0 1317 1317 0 1318 1318 0 1315 1315 0 792 792 0 1319 1319 0 1320 1320 0 1321 1321 0 1322 1322 0 1323 1323 0 1324 1324 0 1321 1321 0 1325 1325 0 1325 1325 0 1326 1326 0 1324 1324 0 791 791 0 1327 1327 0 789 789 0 787 787 0 786 786 0 1328 1328 0 785 785 0 780 780 0 1329 1329 0 782 782 0 777 777 0 1330 1330 0 779 779 0 1331 1331 0 1332 1332 0 775 775 0 774 774 0 1333 1333 0 773 773 0 1334 1334 0 1335 1335 0 769 769 0 768 768 0 1336 1336 0 766 766 0 765 765 0 1337 1337 0 763 763 0 762 762 0 1338 1338 0 760 760 0 759 759 0 1339 1339 0 1340 1340 0 1341 1341 0 1342 1342 0 754 754 0 753 753 0 1343 1343 0 1344 1344 0 1345 1345 0 1346 1346 0 748 748 0 747 747 0 1347 1347 0 745 745 0 744 744 0 1348 1348 0 742 742 0 741 741 0 1349 1349 0 1350 1350 0 1351 1351 0 1352 1352 0 736 736 0 735 735 0 1353 1353 0 1354 1354 0 1355 1355 0 1356 1356 0 730 730 0 729 729 0 1357 1357 0 728 728 0 726 726 0 1358 1358 0 724 724 0 723 723 0 1359 1359 0 1360 1360 0 1361 1361 0 1362 1362 0 1363 1363 0 1364 1364 0 1365 1365 0 715 715 0 710 710 0 1366 1366 0 712 712 0 1367 1367 0 1368 1368 0 1369 1369 0 1370 1370 0 1371 1371 0 708 708 0 707 707 0 1372 1372 0 698 698 0 1373 1373 0 1374 1374 0 1375 1375 0 683 683 0 693 693 0 693 693 0 1376 1376 0 1377 1377 0 1376 1376 0 1378 1378 0 1379 1379 0 1380 1380 0 1381 1381 0 1379 1379 0 1382 1382 0 1383 1383 0 1384 1384 0 1385 1385 0 1386 1386 0 1387 1387 0 1388 1388 0 1389 1389 0 1390 1390 0 1391 1391 0 1392 1392 0 1393 1393 0 1394 1394 0 1393 1393 0 1392 1392 0 1392 1392 0 1395 1395 0 1396 1396 0 678 678 0 1397 1397 0 676 676 0 1398 1398 0 678 678 0 677 677 0 1399 1399 0 674 674 0 1400 1400 0 1401 1401 0 1402 1402 0 1403 1403 0 1404 1404 0 1405 1405 0 1402 1402 0 1406 1406 0 1404 1404 0 1407 1407 0 1408 1408 0 1409 1409 0 1410 1410 0 1411 1411 0 1412 1412 0 1413 1413 0 1414 1414 0 1415 1415 0 1411 1411 0 1415 1415 0 1416 1416 0 1417 1417 0 1416 1416 0 1418 1418 0 1419 1419 0 649 649 0 1420 1420 0 1419 1419 0 1421 1421 0 1422 1422 0 1423 1423 0 647 647 0 1424 1424 0 645 645 0 643 643 0 1425 1425 0 1426 1426 0 640 640 0 639 639 0 1427 1427 0 637 637 0 636 636 0 1428 1428 0 1429 1429 0 632 632 0 1430 1430 0 1431 1431 0 1432 1432 0 1433 1433 0 1434 1434 0 1435 1435 0 1436 1436 0 1437 1437 0 1434 1434 0 1438 1438 0 1439 1439 0 1437 1437 0 1440 1440 0 1441 1441 0 1442 1442 0 1443 1443 0 1442 1442 0 1444 1444 0 1445 1445 0 1446 1446 0 1447 1447 0 1448 1448 0 1447 1447 0 1449 1449 0 1450 1450 0 1451 1451 0 1452 1452 0 1453 1453 0 1454 1454 0 1455 1455 0 1456 1456 0 1457 1457 0 1454 1454 0 1458 1458 0 1458 1458 0 1459 1459 0 1457 1457 0 1460 1460 0 1461 1461 0 1462 1462 0 1463 1463 0 1464 1464 0 1465 1465 0 1466 1466 0 1467 1467 0 1468 1468 0 1467 1467 0 1469 1469 0 1470 1470 0 1469 1469 0 1471 1471 0 1472 1472 0 1471 1471 0 1473 1473 0 1474 1474 0 1475 1475 0 1476 1476 0 1477 1477 0 1477 1477 0 1478 1478 0 1479 1479 0 1478 1478 0 1480 1480 0 1479 1479 0 1481 1481 0 1482 1482 0 1483 1483 0 1484 1484 0 1481 1481 0 1483 1483 0 1485 1485 0 1484 1484 0 1486 1486 0 1486 1486 0 1487 1487 0 1485 1485 0 1486 1486 0 1488 1488 0 1487 1487 0 1489 1489 0 1490 1490 0 1491 1491 0 1491 1491 0 1492 1492 0 1489 1489 0 1493 1493 0 1494 1494 0 1495 1495 0 584 584 0 586 586 0 1496 1496 0 585 585 0 583 583 0 1497 1497 0 1498 1498 0 1499 1499 0 579 579 0 579 579 0 578 578 0 1498 1498 0 580 580 0 1500 1500 0 578 578 0 576 576 0 1501 1501 0 1502 1502 0 1503 1503 0 1504 1504 0 1505 1505 0 1503 1503 0 1506 1506 0 1507 1507 0 571 571 0 1508 1508 0 1506 1506 0 1509 1509 0 1510 1510 0 1511 1511 0 1512 1512 0 1513 1513 0 1514 1514 0 1515 1515 0 1516 1516 0 1517 1517 0 563 563 0 562 562 0 1518 1518 0 561 561 0 560 560 0 1519 1519 0 1520 1520 0 1521 1521 0 1522 1522 0 555 555 0 1523 1523 0 1524 1524 0 551 551 0 550 550 0 1525 1525 0 549 549 0 1526 1526 0 547 547 0 1527 1527 0 1528 1528 0 1529 1529 0 1528 1528 0 1530 1530 0 1531 1531 0 1530 1530 0 1532 1532 0 1533 1533 0 528 528 0 1534 1534 0 526 526 0 1535 1535 0 526 526 0 1536 1536 0 1536 1536 0 1537 1537 0 1535 1535 0 1538 1538 0 1539 1539 0 1537 1537 0 1540 1540 0 1541 1541 0 1538 1538 0 1542 1542 0 1543 1543 0 1544 1544 0 1545 1545 0 1542 1542 0 1544 1544 0 1544 1544 0 1546 1546 0 1547 1547 0 1548 1548 0 1549 1549 0 1550 1550 0 1548 1548 0 1551 1551 0 1552 1552 0 1553 1553 0 1554 1554 0 1551 1551 0 1555 1555 0 1556 1556 0 1557 1557 0 524 524 0 1558 1558 0 1556 1556 0 521 521 0 520 520 0 1559 1559 0 1560 1560 0 1561 1561 0 517 517 0 1560 1560 0 1562 1562 0 1561 1561 0 513 513 0 1563 1563 0 510 510 0 1564 1564 0 1565 1565 0 1566 1566 0 501 501 0 1567 1567 0 1568 1568 0 1569 1569 0 1570 1570 0 1571 1571 0 1572 1572 0 1573 1573 0 1574 1574 0 1574 1574 0 1575 1575 0 1576 1576 0 1577 1577 0 1576 1576 0 1578 1578 0 1579 1579 0 1580 1580 0 1581 1581 0 1582 1582 0 1579 1579 0 1583 1583 0 1584 1584 0 1585 1585 0 1586 1586 0 1584 1584 0 1586 1586 0 1587 1587 0 1588 1588 0 1589 1589 0 1590 1590 0 1585 1585 0 1584 1584 0 1591 1591 0 1592 1592 0 1593 1593 0 1594 1594 0 1594 1594 0 491 491 0 1592 1592 0 1595 1595 0 468 468 0 1596 1596 0 1597 1597 0 467 467 0 470 470 0 1598 1598 0 452 452 0 1599 1599 0 1600 1600 0 1601 1601 0 1602 1602 0 1602 1602 0 1603 1603 0 1600 1600 0 1604 1604 0 1605 1605 0 1606 1606 0 1606 1606 0 1607 1607 0 1604 1604 0 1600 1600 0 1608 1608 0 1607 1607 0 1609 1609 0 1610 1610 0 1611 1611 0 1611 1611 0 1612 1612 0 1609 1609 0 1611 1611 0 1613 1613 0 1612 1612 0 1614 1614 0 1615 1615 0 1616 1616 0 1614 1614 0 1617 1617 0 1615 1615 0 1614 1614 0 1618 1618 0 1617 1617 0 1619 1619 0 1620 1620 0 1621 1621 0 1622 1622 0 1623 1623 0 1624 1624 0 1625 1625 0 1626 1626 0 1627 1627 0 1628 1628 0 1629 1629 0 1626 1626 0 1628 1628 0 1630 1630 0 1631 1631 0 1632 1632 0 1633 1633 0 1634 1634 0 1634 1634 0 1635 1635 0 1632 1632 0 1636 1636 0 1637 1637 0 1638 1638 0 1639 1639 0 1640 1640 0 1641 1641 0 1642 1642 0 1643 1643 0 1644 1644 0 1645 1645 0 1646 1646 0 1647 1647 0 432 432 0 431 431 0 1648 1648 0 1649 1649 0 1650 1650 0 1651 1651 0 429 429 0 428 428 0 1650 1650 0 1652 1652 0 1653 1653 0 1654 1654 0 426 426 0 425 425 0 1653 1653 0 423 423 0 422 422 0 1655 1655 0 392 392 0 388 388 0 1656 1656 0 1657 1657 0 1658 1658 0 1659 1659 0 1660 1660 0 1661 1661 0 1662 1662 0 1663 1663 0 360 360 0 359 359 0 1664 1664 0 1665 1665 0 1666 1666 0 1667 1667 0 1668 1668 0 1665 1665 0 1669 1669 0 1670 1670 0 1671 1671 0 1672 1672 0 1669 1669 0 1671 1671 0 1673 1673 0 1674 1674 0 1672 1672 0 1675 1675 0 1676 1676 0 1674 1674 0 1674 1674 0 1677 1677 0 1675 1675 0 1678 1678 0 1679 1679 0 1680 1680 0 1681 1681 0 1682 1682 0 1683 1683 0 1684 1684 0 1685 1685 0 1682 1682 0 1682 1682 0 1686 1686 0 1684 1684 0 1687 1687 0 1688 1688 0 1689 1689 0 1690 1690 0 1691 1691 0 1692 1692 0 1693 1693 0 1694 1694 0 1691 1691 0 1695 1695 0 1696 1696 0 1697 1697 0 1695 1695 0 1698 1698 0 1696 1696 0 346 346 0 345 345 0 1699 1699 0 1700 1700 0 343 343 0 1701 1701 0 326 326 0 323 323 0 327 327 0 1702 1702 0 1703 1703 0 1704 1704 0 1705 1705 0 1702 1702 0 1704 1704 0 1706 1706 0 1705 1705 0 1704 1704 0 1704 1704 0 1707 1707 0 1706 1706 0 1708 1708 0 1709 1709 0 1710 1710 0 1710 1710 0 1711 1711 0 1712 1712 0 1713 1713 0 1712 1712 0 1711 1711 0 1711 1711 0 1714 1714 0 1713 1713 0 1715 1715 0 1716 1716 0 1717 1717 0 1718 1718 0 1719 1719 0 1720 1720 0 1718 1718 0 1721 1721 0 1719 1719 0 1722 1722 0 1723 1723 0 1724 1724 0 309 309 0 1725 1725 0 1726 1726 0 306 306 0 1727 1727 0 1728 1728 0 303 303 0 302 302 0 1729 1729 0 303 303 0 1729 1729 0 1730 1730 0 300 300 0 299 299 0 1731 1731 0 297 297 0 1732 1732 0 1733 1733 0 294 294 0 293 293 0 1734 1734 0 291 291 0 1735 1735 0 1736 1736 0 288 288 0 287 287 0 1737 1737 0 285 285 0 284 284 0 1738 1738 0 279 279 0 278 278 0 1739 1739 0 270 270 0 269 269 0 1740 1740 0 1741 1741 0 266 266 0 265 265 0 256 256 0 255 255 0 1742 1742 0 225 225 0 1743 1743 0 223 223 0 220 220 0 215 215 0 217 217 0 211 211 0 212 212 0 210 210 0 1744 1744 0 1745 1745 0 1746 1746 0 1747 1747 0 1748 1748 0 1749 1749 0 1750 1750 0 1747 1747 0 1751 1751 0 1752 1752 0 1753 1753 0 1754 1754 0 1755 1755 0 1756 1756 0 1752 1752 0 1757 1757 0 1758 1758 0 1759 1759 0 1760 1760 0 1761 1761 0 1762 1762 0 1762 1762 0 1763 1763 0 1764 1764 0 1765 1765 0 1766 1766 0 1767 1767 0 1767 1767 0 1768 1768 0 1765 1765 0 1767 1767 0 1769 1769 0 1768 1768 0 1770 1770 0 1771 1771 0 1772 1772 0 1770 1770 0 1773 1773 0 1774 1774 0 1775 1775 0 1776 1776 0 1777 1777 0 1777 1777 0 1778 1778 0 1775 1775 0 1779 1779 0 1780 1780 0 1781 1781 0 1782 1782 0 1783 1783 0 1784 1784 0 1785 1785 0 1786 1786 0 1787 1787 0 1788 1788 0 1789 1789 0 1786 1786 0 199 199 0 1790 1790 0 197 197 0 1791 1791 0 1792 1792 0 1793 1793 0 1794 1794 0 1791 1791 0 1793 1793 0 1793 1793 0 1795 1795 0 1794 1794 0 1796 1796 0 1797 1797 0 1798 1798 0 189 189 0 190 190 0 1799 1799 0 185 185 0 1800 1800 0 183 183 0 185 185 0 1801 1801 0 1800 1800 0 185 185 0 1802 1802 0 1801 1801 0 181 181 0 180 180 0 1803 1803 0 1804 1804 0 186 186 0 188 188 0 175 175 0 174 174 0 1805 1805 0 173 173 0 1806 1806 0 1807 1807 0 172 172 0 1808 1808 0 170 170 0 168 168 0 167 167 0 1809 1809 0 166 166 0 1810 1810 0 164 164 0 119 119 0 118 118 0 1811 1811 0 123 123 0 1812 1812 0 122 122 0 131 131 0 132 132 0 129 129 0 133 133 0 1813 1813 0 1814 1814 0 138 138 0 137 137 0 1815 1815 0 152 152 0 1816 1816 0 1817 1817 0 1818 1818 0 1819 1819 0 1820 1820 0 148 148 0 149 149 0 1821 1821 0 5 5 0 1822 1822 0 3 3 0 9 9 0 1823 1823 0 6 6 0 8 8 0 1824 1824 0 12 12 0 20 20 0 16 16 0 17 17 0 22 22 0 1825 1825 0 19 19 0 25 25 0 22 22 0 23 23 0 24 24 0 26 26 0 28 28 0 30 30 0 1826 1826 0 27 27 0 32 32 0 35 35 0 34 34 0 39 39 0 40 40 0 37 37 0 46 46 0 1827 1827 0 44 44 0 49 49 0 52 52 0 47 47 0 1828 1828 0 47 47 0 53 53 0 1829 1829 0 56 56 0 55 55 0 1830 1830 0 59 59 0 58 58 0 59 59 0 62 62 0 61 61 0 67 67 0 1831 1831 0 65 65 0 69 69 0 1832 1832 0 66 66 0 71 71 0 1833 1833 0 72 72 0 75 75 0 70 70 0 73 73 0 1834 1834 0 79 79 0 80 80 0 80 80 0 83 83 0 1834 1834 0 83 83 0 0 0 0 81 81 0 1 1 0 85 85 0 84 84 0 86 86 0 1835 1835 0 87 87 0 1836 1836 0 91 91 0 90 90 0 97 97 0 99 99 0 95 95 0 1837 1837 0 102 102 0 105 105 0 108 108 0 1838 1838 0 106 106 0 112 112 0 109 109 0 110 110 0 1839 1839 0 1840 1840 0 119 119 0 1841 1841 0 1842 1842 0 116 116 0 127 127 0 1843 1843 0 1842 1842 0 124 124 0 125 125 0 130 130 0 1844 1844 0 126 126 0 128 128 0 1845 1845 0 1846 1846 0 1844 1844 0 1846 1846 0 136 136 0 135 135 0 1847 1847 0 142 142 0 141 141 0 1848 1848 0 145 145 0 144 144 0 151 151 0 1848 1848 0 149 149 0 141 141 0 134 134 0 136 136 0 135 135 0 1844 1844 0 1846 1846 0 163 163 0 159 159 0 160 160 0 160 160 0 161 161 0 163 163 0 1808 1808 0 172 172 0 168 168 0 1807 1807 0 176 176 0 1849 1849 0 1850 1850 0 182 182 0 178 178 0 1804 1804 0 188 188 0 1851 1851 0 1852 1852 0 193 193 0 192 192 0 199 199 0 194 194 0 196 196 0 197 197 0 1788 1788 0 198 198 0 201 201 0 204 204 0 206 206 0 1853 1853 0 210 210 0 212 212 0 217 217 0 218 218 0 220 220 0 222 222 0 1854 1854 0 219 219 0 233 233 0 235 235 0 226 226 0 228 228 0 1855 1855 0 226 226 0 237 237 0 239 239 0 236 236 0 1856 1856 0 243 243 0 241 241 0 245 245 0 1856 1856 0 241 241 0 1857 1857 0 1858 1858 0 250 250 0 255 255 0 257 257 0 254 254 0 258 258 0 260 260 0 1859 1859 0 261 261 0 1860 1860 0 262 262 0 1861 1861 0 265 265 0 264 264 0 1740 1740 0 1862 1862 0 270 270 0 272 272 0 277 277 0 273 273 0 275 275 0 280 280 0 276 276 0 281 281 0 286 286 0 282 282 0 1737 1737 0 1863 1863 0 288 288 0 1736 1736 0 295 295 0 1864 1864 0 1733 1733 0 1865 1865 0 297 297 0 302 302 0 304 304 0 300 300 0 308 308 0 310 310 0 1866 1866 0 1867 1867 0 1868 1868 0 314 314 0 322 322 0 327 327 0 323 323 0 320 320 0 322 322 0 324 324 0 328 328 0 330 330 0 1869 1869 0 332 332 0 334 334 0 331 331 0 337 337 0 1870 1870 0 335 335 0 340 340 0 342 342 0 1871 1871 0 345 345 0 347 347 0 1700 1700 0 356 356 0 1872 1872 0 352 352 0 358 358 0 356 356 0 355 355 0 365 365 0 363 363 0 362 362 0 362 362 0 368 368 0 1873 1873 0 1874 1874 0 366 366 0 370 370 0 371 371 0 1662 1662 0 373 373 0 375 375 0 379 379 0 376 376 0 383 383 0 1875 1875 0 380 380 0 388 388 0 392 392 0 389 389 0 384 384 0 386 386 0 1657 1657 0 397 397 0 393 393 0 398 398 0 1876 1876 0 401 401 0 402 402 0 404 404 0 399 399 0 405 405 0 405 405 0 1877 1877 0 406 406 0 413 413 0 411 411 0 410 410 0 1878 1878 0 1879 1879 0 414 414 0 415 415 0 421 421 0 418 418 0 425 425 0 427 427 0 1880 1880 0 428 428 0 430 430 0 1881 1881 0 431 431 0 433 433 0 1882 1882 0 1646 1646 0 1645 1645 0 435 435 0 1613 1613 0 1611 1611 0 438 438 0 1883 1883 0 443 443 0 446 446 0 448 448 0 1883 1883 0 446 446 0 1884 1884 0 451 451 0 1885 1885 0 450 450 0 1885 1885 0 451 451 0 456 456 0 1886 1886 0 453 453 0 459 459 0 1887 1887 0 457 457 0 462 462 0 461 461 0 1888 1888 0 1889 1889 0 466 466 0 463 463 0 1890 1890 0 1596 1596 0 468 468 0 474 474 0 1891 1891 0 475 475 0 478 478 0 471 471 0 473 473 0 1596 1596 0 475 475 0 1892 1892 0 485 485 0 488 488 0 1893 1893 0 489 489 0 493 493 0 490 490 0 498 498 0 1568 1568 0 497 497 0 505 505 0 1566 1566 0 1565 1565 0 1894 1894 0 509 509 0 511 511 0 1562 1562 0 1560 1560 0 515 515 0 520 520 0 522 522 0 518 518 0 1895 1895 0 1527 1527 0 1896 1896 0 1897 1897 0 536 536 0 535 535 0 545 545 0 543 543 0 542 542 0 1521 1521 0 1520 1520 0 554 554 0 556 556 0 558 558 0 1898 1898 0 1899 1899 0 1900 1900 0 561 561 0 1901 1901 0 1515 1515 0 566 566 0 1902 1902 0 1512 1512 0 569 569 0 1896 1896 0 1897 1897 0 1895 1895 0 1502 1502 0 1903 1903 0 576 576 0 585 585 0 581 581 0 583 583 0 1904 1904 0 589 589 0 588 588 0 592 592 0 587 587 0 590 590 0 1905 1905 0 1906 1906 0 624 624 0 1906 1906 0 605 605 0 604 604 0 1907 1907 0 617 617 0 616 616 0 605 605 0 1908 1908 0 606 606 0 613 613 0 610 610 0 611 611 0 602 602 0 615 615 0 617 617 0 617 617 0 600 600 0 602 602 0 598 598 0 1909 1909 0 599 599 0 1422 1422 0 1421 1421 0 1910 1910 0 628 628 0 626 626 0 629 629 0 1911 1911 0 627 627 0 631 631 0 633 633 0 1911 1911 0 631 631 0 632 632 0 1429 1429 0 635 635 0 1912 1912 0 1913 1913 0 637 637 0 1426 1426 0 1914 1914 0 643 643 0 1422 1422 0 1910 1910 0 1915 1915 0 672 672 0 653 653 0 652 652 0 665 665 0 656 656 0 655 655 0 659 659 0 664 664 0 657 657 0 662 662 0 663 663 0 660 660 0 668 668 0 659 659 0 658 658 0 667 667 0 1916 1916 0 1917 1917 0 677 677 0 1918 1918 0 1398 1398 0 1919 1919 0 682 682 0 691 691 0 1920 1920 0 685 685 0 1921 1921 0 1921 1921 0 690 690 0 689 689 0 1922 1922 0 681 681 0 680 680 0 1374 1374 0 1923 1923 0 698 698 0 699 699 0 1924 1924 0 701 701 0 705 705 0 1925 1925 0 1926 1926 0 1926 1926 0 706 706 0 705 705 0 1370 1370 0 1369 1369 0 1927 1927 0 710 710 0 715 715 0 711 711 0 1361 1361 0 1360 1360 0 720 720 0 719 719 0 722 722 0 717 717 0 729 729 0 731 731 0 728 728 0 1355 1355 0 1354 1354 0 733 733 0 1351 1351 0 1350 1350 0 739 739 0 747 747 0 749 749 0 745 745 0 1345 1345 0 1344 1344 0 751 751 0 1341 1341 0 1340 1340 0 757 757 0 765 765 0 767 767 0 763 763 0 1334 1334 0 1928 1928 0 769 769 0 1331 1331 0 1929 1929 0 775 775 0 780 780 0 785 785 0 781 781 0 1930 1930 0 1931 1931 0 787 787 0 1932 1932 0 794 794 0 793 793 0 796 796 0 805 805 0 1933 1933 0 799 799 0 1293 1293 0 1294 1294 0 807 807 0 1933 1933 0 805 805 0 1934 1934 0 808 808 0 810 810 0 811 811 0 1935 1935 0 812 812 0 822 822 0 1936 1936 0 825 825 0 825 825 0 823 823 0 822 822 0 1289 1289 0 1937 1937 0 819 819 0 1287 1287 0 828 828 0 1938 1938 0 1939 1939 0 832 832 0 830 830 0 836 836 0 1939 1939 0 833 833 0 1940 1940 0 839 839 0 834 834 0 843 843 0 1941 1941 0 841 841 0 844 844 0 848 848 0 845 845 0 851 851 0 1942 1942 0 852 852 0 854 854 0 1282 1282 0 857 857 0 1943 1943 0 1280 1280 0 859 859 0 865 865 0 861 861 0 863 863 0 864 864 0 870 870 0 867 867 0 1944 1944 0 873 873 0 1945 1945 0 875 875 0 878 878 0 1946 1946 0 1278 1278 0 881 881 0 876 876 0 1254 1254 0 887 887 0 886 886 0 891 891 0 889 889 0 888 888 0 897 897 0 892 892 0 895 895 0 900 900 0 1947 1947 0 898 898 0 902 902 0 1948 1948 0 904 904 0 1948 1948 0 905 905 0 904 904 0 909 909 0 907 907 0 906 906 0 912 912 0 1949 1949 0 910 910 0 914 914 0 912 912 0 911 911 0 917 917 0 918 918 0 916 916 0 923 923 0 920 920 0 921 921 0 926 926 0 1950 1950 0 924 924 0 927 927 0 1951 1951 0 928 928 0 929 929 0 935 935 0 932 932 0 936 936 0 941 941 0 937 937 0 947 947 0 1952 1952 0 945 945 0 948 948 0 1193 1193 0 949 949 0 1953 1953 0 1954 1954 0 1955 1955 0 956 956 0 961 961 0 960 960 0 962 962 0 964 964 0 959 959 0 969 969 0 971 971 0 967 967 0 969 969 0 974 974 0 970 970 0 975 975 0 980 980 0 976 976 0 982 982 0 1956 1956 0 983 983 0 983 983 0 985 985 0 981 981 0 990 990 0 1957 1957 0 987 987 0 994 994 0 1958 1958 0 991 991 0 1959 1959 0 1960 1960 0 995 995 0 1002 1002 0 999 999 0 1000 1000 0 1003 1003 0 1183 1183 0 1004 1004 0 1181 1181 0 1961 1961 0 1009 1009 0 1013 1013 0 1015 1015 0 1011 1011 0 1016 1016 0 1018 1018 0 1014 1014 0 1021 1021 0 1962 1962 0 1022 1022 0 1022 1022 0 1027 1027 0 1020 1020 0 1027 1027 0 1025 1025 0 1028 1028 0 1963 1963 0 1037 1037 0 1033 1033 0 1168 1168 0 1167 1167 0 1039 1039 0 1173 1173 0 1964 1964 0 1042 1042 0 1047 1047 0 1049 1049 0 1045 1045 0 1052 1052 0 1965 1965 0 1054 1054 0 1965 1965 0 1055 1055 0 1054 1054 0 1059 1059 0 1062 1062 0 1060 1060 0 1065 1065 0 1067 1067 0 1066 1066 0 1966 1966 0 1069 1069 0 1110 1110 0 1967 1967 0 1073 1073 0 1109 1109 0 1968 1968 0 1080 1080 0 1079 1079 0 1085 1085 0 1081 1081 0 1082 1082 0 1969 1969 0 1089 1089 0 1090 1090 0 1970 1970 0 1098 1098 0 1095 1095 0 1095 1095 0 1093 1093 0 1970 1970 0 1101 1101 0 1086 1086 0 1099 1099 0 1103 1103 0 1105 1105 0 1102 1102 0 1084 1084 0 1083 1083 0 1106 1106 0 1076 1076 0 1968 1968 0 1077 1077 0 1971 1971 0 1966 1966 0 1110 1110 0 1114 1114 0 1052 1052 0 1051 1051 0 1116 1116 0 1113 1113 0 1117 1117 0 1972 1972 0 1119 1119 0 1115 1115 0 1120 1120 0 1973 1973 0 1121 1121 0 1973 1973 0 1124 1124 0 1123 1123 0 1129 1129 0 1974 1974 0 1127 1127 0 1134 1134 0 1140 1140 0 1135 1135 0 1141 1141 0 1135 1135 0 1140 1140 0 1136 1136 0 1138 1138 0 1133 1133 0 1142 1142 0 1144 1144 0 1975 1975 0 1976 1976 0 1148 1148 0 1151 1151 0 1150 1150 0 1976 1976 0 1151 1151 0 1977 1977 0 1978 1978 0 1979 1979 0 1977 1977 0 1979 1979 0 1157 1157 0 1162 1162 0 1164 1164 0 1160 1160 0 1980 1980 0 1981 1981 0 1982 1982 0 1170 1170 0 1172 1172 0 1981 1981 0 1037 1037 0 1963 1963 0 1035 1035 0 1025 1025 0 1027 1027 0 1023 1023 0 1024 1024 0 1023 1023 0 1178 1178 0 1180 1180 0 1983 1983 0 1019 1019 0 1191 1191 0 1187 1187 0 979 979 0 1984 1984 0 1196 1196 0 1195 1195 0 1201 1201 0 1985 1985 0 1200 1200 0 1204 1204 0 1207 1207 0 1206 1206 0 1209 1209 0 1210 1210 0 1208 1208 0 1986 1986 0 1215 1215 0 1212 1212 0 1219 1219 0 1987 1987 0 1220 1220 0 1223 1223 0 1988 1988 0 1221 1221 0 1226 1226 0 1224 1224 0 1222 1222 0 1233 1233 0 1236 1236 0 1234 1234 0 1232 1232 0 1231 1231 0 1233 1233 0 1989 1989 0 1242 1242 0 1240 1240 0 1241 1241 0 1237 1237 0 1239 1239 0 1247 1247 0 1249 1249 0 1246 1246 0 1250 1250 0 1252 1252 0 1248 1248 0 1990 1990 0 1258 1258 0 1257 1257 0 1991 1991 0 1259 1259 0 1264 1264 0 1267 1267 0 1262 1262 0 1268 1268 0 1265 1265 0 1268 1268 0 1262 1262 0 1270 1270 0 1272 1272 0 1269 1269 0 1273 1273 0 1275 1275 0 1992 1992 0 881 881 0 1278 1278 0 879 879 0 1280 1280 0 1943 1943 0 1281 1281 0 826 826 0 1993 1993 0 827 827 0 819 819 0 818 818 0 1288 1288 0 797 797 0 1994 1994 0 803 803 0 804 804 0 1294 1294 0 1293 1293 0 1995 1995 0 1295 1295 0 1297 1297 0 1301 1301 0 1298 1298 0 1302 1302 0 1309 1309 0 1306 1306 0 1307 1307 0 1307 1307 0 1310 1310 0 1309 1309 0 1312 1312 0 1996 1996 0 1997 1997 0 1317 1317 0 1320 1320 0 1318 1318 0 1323 1323 0 1325 1325 0 1321 1321 0 1325 1325 0 789 789 0 1326 1326 0 788 788 0 783 783 0 786 786 0 775 775 0 1333 1333 0 1331 1331 0 769 769 0 1336 1336 0 1334 1334 0 766 766 0 1337 1337 0 1998 1998 0 1340 1340 0 1342 1342 0 759 759 0 754 754 0 1343 1343 0 756 756 0 748 748 0 1347 1347 0 750 750 0 742 742 0 1349 1349 0 744 744 0 736 736 0 1353 1353 0 738 738 0 733 733 0 732 732 0 1355 1355 0 724 724 0 1359 1359 0 726 726 0 715 715 0 1366 1366 0 713 713 0 1369 1369 0 1371 1371 0 1999 1999 0 708 708 0 1372 1372 0 2000 2000 0 1379 1379 0 1377 1377 0 1376 1376 0 1381 1381 0 2001 2001 0 2002 2002 0 1384 1384 0 2003 2003 0 1382 1382 0 1386 1386 0 1390 1390 0 1389 1389 0 1395 1395 0 676 676 0 1397 1397 0 1400 1400 0 1398 1398 0 1399 1399 0 2004 2004 0 1401 1401 0 1403 1403 0 2005 2005 0 1407 1407 0 1404 1404 0 2006 2006 0 1410 1410 0 1409 1409 0 1417 1417 0 2007 2007 0 1415 1415 0 649 649 0 648 648 0 1420 1420 0 646 646 0 645 645 0 2008 2008 0 640 640 0 1427 1427 0 642 642 0 1429 1429 0 1430 1430 0 636 636 0 1435 1435 0 1431 1431 0 2009 2009 0 1436 1436 0 1438 1438 0 1434 1434 0 1440 1440 0 1441 1441 0 1439 1439 0 2010 2010 0 1443 1443 0 1442 1442 0 1452 1452 0 1450 1450 0 1449 1449 0 2011 2011 0 1456 1456 0 1455 1455 0 1461 1461 0 1457 1457 0 1459 1459 0 2012 2012 0 1465 1465 0 1464 1464 0 1465 1465 0 1466 1466 0 1468 1468 0 1472 1472 0 1470 1470 0 1469 1469 0 1473 1473 0 1477 1477 0 1476 1476 0 1479 1479 0 1475 1475 0 1477 1477 0 2013 2013 0 1483 1483 0 1482 1482 0 1483 1483 0 1486 1486 0 1484 1484 0 1490 1490 0 2014 2014 0 1491 1491 0 1493 1493 0 1495 1495 0 1492 1492 0 585 585 0 1497 1497 0 586 586 0 1499 1499 0 2015 2015 0 579 579 0 580 580 0 1502 1502 0 1500 1500 0 1503 1503 0 1507 1507 0 1504 1504 0 571 571 0 531 531 0 1508 1508 0 1509 1509 0 2016 2016 0 1510 1510 0 1512 1512 0 1902 1902 0 1513 1513 0 1515 1515 0 1901 1901 0 1516 1516 0 564 564 0 1899 1899 0 562 562 0 555 555 0 1524 1524 0 553 553 0 2017 2017 0 1533 1533 0 1532 1532 0 1537 1537 0 1540 1540 0 1538 1538 0 1555 1555 0 2018 2018 0 1554 1554 0 1550 1550 0 1547 1547 0 1546 1546 0 1552 1552 0 1549 1549 0 1548 1548 0 1555 1555 0 1557 1557 0 2018 2018 0 518 518 0 517 517 0 2019 2019 0 1563 1563 0 511 511 0 510 510 0 1566 1566 0 508 508 0 1564 1564 0 1570 1570 0 1574 1574 0 1573 1573 0 2020 2020 0 2021 2021 0 1581 1581 0 1581 1581 0 1583 1583 0 1579 1579 0 1591 1591 0 2022 2022 0 1585 1585 0 1588 1588 0 1590 1590 0 2022 2022 0 1593 1593 0 2023 2023 0 1594 1594 0 1608 1608 0 1604 1604 0 1607 1607 0 1607 1607 0 1601 1601 0 1600 1600 0 438 438 0 437 437 0 1613 1613 0 2024 2024 0 2025 2025 0 437 437 0 1619 1619 0 1621 1621 0 1618 1618 0 1622 1622 0 1624 1624 0 2026 2026 0 1625 1625 0 1627 1627 0 1623 1623 0 1633 1633 0 2027 2027 0 1634 1634 0 1636 1636 0 1638 1638 0 1635 1635 0 1642 1642 0 1644 1644 0 1640 1640 0 435 435 0 434 434 0 1646 1646 0 1649 1649 0 1651 1651 0 2028 2028 0 1652 1652 0 1654 1654 0 2029 2029 0 423 423 0 1655 1655 0 2030 2030 0 1668 1668 0 1666 1666 0 1665 1665 0 1670 1670 0 1667 1667 0 1671 1671 0 1676 1676 0 1672 1672 0 1674 1674 0 2031 2031 0 1680 1680 0 1677 1677 0 1685 1685 0 1683 1683 0 1682 1682 0 1687 1687 0 1689 1689 0 1686 1686 0 1690 1690 0 1692 1692 0 2032 2032 0 1695 1695 0 1697 1697 0 2033 2033 0 1700 1700 0 1701 1701 0 345 345 0 314 314 0 311 311 0 1867 1867 0 1707 1707 0 1710 1710 0 1709 1709 0 1712 1712 0 1708 1708 0 1710 1710 0 1711 1711 0 1867 1867 0 1714 1714 0 1715 1715 0 1717 1717 0 2034 2034 0 2035 2035 0 1720 1720 0 1716 1716 0 1722 1722 0 1726 1726 0 1723 1723 0 1866 1866 0 1728 1728 0 308 308 0 303 303 0 1730 1730 0 2036 2036 0 297 297 0 296 296 0 1732 1732 0 291 291 0 290 290 0 1735 1735 0 1863 1863 0 1737 1737 0 2037 2037 0 286 286 0 281 281 0 284 284 0 1743 1743 0 2038 2038 0 223 223 0 2039 2039 0 1751 1751 0 1747 1747 0 1753 1753 0 1750 1750 0 1754 1754 0 2040 2040 0 1752 1752 0 1756 1756 0 1761 1761 0 1759 1759 0 1758 1758 0 1764 1764 0 1760 1760 0 1762 1762 0 2041 2041 0 1772 1772 0 1769 1769 0 1763 1763 0 1767 1767 0 1766 1766 0 1776 1776 0 2042 2042 0 1777 1777 0 1779 1779 0 1781 1781 0 1778 1778 0 1785 1785 0 1787 1787 0 2043 2043 0 1788 1788 0 197 197 0 1789 1789 0 1795 1795 0 1796 1796 0 2044 2044 0 2044 2044 0 1794 1794 0 1795 1795 0 187 187 0 186 186 0 190 190 0 184 184 0 183 183 0 2045 2045 0 181 181 0 1803 1803 0 1802 1802 0 173 173 0 170 170 0 1806 1806 0 166 166 0 1839 1839 0 1810 1810 0 123 123 0 124 124 0 1812 1812 0 154 154 0 153 153 0 1813 1813 0 152 152 0 1817 1817 0 137 137 0 1818 1818 0 146 146 0 1819 1819 0 6 6 0 7 7 0 9 9 0 1824 1824 0 13 13 0 12 12 0 17 17 0 18 18 0 20 20 0 28 28 0 2046 2046 0 24 24 0 29 29 0 32 32 0 30 30 0 35 35 0 2047 2047 0 36 36 0 43 43 0 37 37 0 41 41 0 45 45 0 51 51 0 46 46 0 50 50 0 46 46 0 51 51 0 55 55 0 1828 1828 0 53 53 0 58 58 0 54 54 0 56 56 0 62 62 0 63 63 0 60 60 0 1833 1833 0 69 69 0 72 72 0 72 72 0 73 73 0 70 70 0 2 2 0 81 81 0 0 0 0 91 91 0 2048 2048 0 89 89 0 99 99 0 100 100 0 98 98 0 101 101 0 104 104 0 102 102 0 114 114 0 112 112 0 115 115 0 117 117 0 1841 1841 0 116 116 0 2049 2049 0 128 128 0 127 127 0 1820 1820 0 2050 2050 0 1818 1818 0 144 144 0 149 149 0 1848 1848 0 1816 1816 0 152 152 0 2051 2051 0 2052 2052 0 163 163 0 162 162 0 2053 2053 0 2052 2052 0 162 162 0 1805 1805 0 179 179 0 175 175 0 2054 2054 0 1852 1852 0 192 192 0 196 196 0 1790 1790 0 199 199 0 205 205 0 209 209 0 208 208 0 216 216 0 214 214 0 213 213 0 221 221 0 225 225 0 222 222 0 230 230 0 2055 2055 0 231 231 0 2056 2056 0 231 231 0 2055 2055 0 248 248 0 244 244 0 246 246 0 246 246 0 249 249 0 248 248 0 252 252 0 2057 2057 0 253 253 0 1861 1861 0 2058 2058 0 1860 1860 0 1740 1740 0 2059 2059 0 1862 1862 0 2060 2060 0 269 269 0 271 271 0 287 287 0 289 289 0 285 285 0 1736 1736 0 1864 1864 0 291 291 0 1726 1726 0 1722 1722 0 2061 2061 0 1867 1867 0 1711 1711 0 1868 1868 0 327 327 0 2062 2062 0 1869 1869 0 1869 1869 0 325 325 0 327 327 0 1870 1870 0 333 333 0 335 335 0 343 343 0 1700 1700 0 344 344 0 1872 1872 0 2063 2063 0 352 352 0 367 367 0 1873 1873 0 368 368 0 372 372 0 2064 2064 0 370 370 0 379 379 0 380 380 0 1875 1875 0 1658 1658 0 1657 1657 0 381 381 0 398 398 0 1876 1876 0 402 402 0 401 401 0 405 405 0 399 399 0 411 411 0 2065 2065 0 409 409 0 419 419 0 424 424 0 420 420 0 1653 1653 0 1652 1652 0 426 426 0 1650 1650 0 1649 1649 0 429 429 0 434 434 0 436 436 0 432 432 0 447 447 0 1884 1884 0 448 448 0 1885 1885 0 2066 2066 0 1884 1884 0 1888 1888 0 458 458 0 2067 2067 0 457 457 0 2067 2067 0 458 458 0 1891 1891 0 1892 1892 0 475 475 0 479 479 0 2068 2068 0 480 480 0 2069 2069 0 1893 1893 0 482 482 0 1567 1567 0 497 497 0 1568 1568 0 507 507 0 1564 1564 0 508 508 0 511 511 0 506 506 0 1894 1894 0 514 514 0 1562 1562 0 515 515 0 523 523 0 525 525 0 521 521 0 1529 1529 0 1896 1896 0 1527 1527 0 539 539 0 534 534 0 536 536 0 543 543 0 541 541 0 540 540 0 1523 1523 0 555 555 0 2070 2070 0 2071 2071 0 1898 1898 0 2072 2072 0 1899 1899 0 564 564 0 1900 1900 0 1517 1517 0 2073 2073 0 1515 1515 0 1514 1514 0 2074 2074 0 1512 1512 0 589 589 0 590 590 0 587 587 0 595 595 0 598 598 0 593 593 0 604 604 0 624 624 0 1906 1906 0 608 608 0 1907 1907 0 609 609 0 611 611 0 612 612 0 613 613 0 614 614 0 611 611 0 607 607 0 625 625 0 629 629 0 626 626 0 629 629 0 630 630 0 627 627 0 636 636 0 638 638 0 1429 1429 0 1424 1424 0 647 647 0 1914 1914 0 648 648 0 650 650 0 1421 1421 0 669 669 0 654 654 0 2075 2075 0 656 656 0 2075 2075 0 654 654 0 666 666 0 662 662 0 665 665 0 2076 2076 0 672 672 0 671 671 0 1399 1399 0 2077 2077 0 674 674 0 691 691 0 2078 2078 0 1919 1919 0 688 688 0 2079 2079 0 686 686 0 689 689 0 1920 1920 0 1921 1921 0 696 696 0 2080 2080 0 694 694 0 1999 1999 0 2081 2081 0 1369 1369 0 2000 2000 0 2082 2082 0 708 708 0 707 707 0 709 709 0 1926 1926 0 1367 1367 0 712 712 0 2083 2083 0 723 723 0 725 725 0 1360 1360 0 732 732 0 734 734 0 730 730 0 738 738 0 740 740 0 736 736 0 750 750 0 752 752 0 748 748 0 756 756 0 758 758 0 754 754 0 1998 1998 0 770 770 0 2084 2084 0 771 771 0 776 776 0 772 772 0 783 783 0 788 788 0 784 784 0 1933 1933 0 797 797 0 796 796 0 806 806 0 1292 1292 0 1291 1291 0 812 812 0 2085 2085 0 809 809 0 1936 1936 0 816 816 0 825 825 0 1287 1287 0 1938 1938 0 1937 1937 0 831 831 0 2086 2086 0 829 829 0 830 830 0 833 833 0 1939 1939 0 846 846 0 842 842 0 2087 2087 0 856 856 0 1942 1942 0 2088 2088 0 2089 2089 0 863 863 0 862 862 0 868 868 0 1945 1945 0 869 869 0 2090 2090 0 1946 1946 0 2091 2091 0 889 889 0 885 885 0 887 887 0 894 894 0 895 895 0 892 892 0 904 904 0 901 901 0 902 902 0 1949 1949 0 908 908 0 906 906 0 906 906 0 910 910 0 1949 1949 0 920 920 0 916 916 0 918 918 0 1950 1950 0 2092 2092 0 924 924 0 2093 2093 0 931 931 0 1951 1951 0 936 936 0 938 938 0 934 934 0 1952 1952 0 943 943 0 945 945 0 2094 2094 0 1955 1955 0 1954 1954 0 960 960 0 2095 2095 0 956 956 0 966 966 0 968 968 0 965 965 0 2096 2096 0 983 983 0 2097 2097 0 1956 1956 0 2097 2097 0 983 983 0 986 986 0 987 987 0 1957 1957 0 1960 1960 0 993 993 0 992 992 0 2098 2098 0 2099 2099 0 1183 1183 0 1181 1181 0 1012 1012 0 1961 1961 0 1962 1962 0 2100 2100 0 2101 2101 0 2100 2100 0 2102 2102 0 2101 2101 0 1038 1038 0 1040 1040 0 1036 1036 0 1044 1044 0 1046 1046 0 1964 1964 0 1054 1054 0 1050 1050 0 1052 1052 0 1058 1058 0 2103 2103 0 1056 1056 0 1066 1066 0 1064 1064 0 1063 1063 0 1071 1071 0 1074 1074 0 1072 1072 0 2104 2104 0 1075 1075 0 2105 2105 0 1092 1092 0 1969 1969 0 1090 1090 0 1090 1090 0 1093 1093 0 1092 1092 0 1088 1088 0 1099 1099 0 1086 1086 0 1079 1079 0 1077 1077 0 1968 1968 0 2106 2106 0 1066 1066 0 1067 1067 0 1121 1121 0 1118 1118 0 1119 1119 0 2107 2107 0 1127 1127 0 1974 1974 0 2108 2108 0 2109 2109 0 1139 1139 0 2108 2108 0 1975 1975 0 2109 2109 0 2110 2110 0 1149 1149 0 1152 1152 0 1158 1158 0 2111 2111 0 2110 2110 0 1048 1048 0 1047 1047 0 1163 1163 0 1039 1039 0 1038 1038 0 1168 1168 0 1030 1030 0 1029 1029 0 1179 1179 0 980 980 0 975 975 0 978 978 0 1198 1198 0 1984 1984 0 1195 1195 0 1985 1985 0 2112 2112 0 1200 1200 0 1211 1211 0 1986 1986 0 1212 1212 0 1987 1987 0 1217 1217 0 1216 1216 0 1220 1220 0 1221 1221 0 1218 1218 0 1230 1230 0 2113 2113 0 1231 1231 0 1240 1240 0 1245 1245 0 1989 1989 0 1244 1244 0 1989 1989 0 1245 1245 0 1260 1260 0 1256 1256 0 1261 1261 0 1263 1263 0 1991 1991 0 1264 1264 0 2114 2114 0 1992 1992 0 1271 1271 0 858 858 0 1943 1943 0 859 859 0 1993 1993 0 1286 1286 0 827 827 0 1994 1994 0 804 804 0 803 803 0 1297 1297 0 2115 2115 0 1995 1995 0 1310 1310 0 1312 1312 0 1311 1311 0 1996 1996 0 1317 1317 0 1316 1316 0 791 791 0 1930 1930 0 1327 1327 0 1322 1322 0 2116 2116 0 1323 1323 0 776 776 0 771 771 0 774 774 0 757 757 0 756 756 0 1341 1341 0 1350 1350 0 1352 1352 0 741 741 0 1354 1354 0 1356 1356 0 735 735 0 1360 1360 0 1362 1362 0 723 723 0 714 714 0 713 713 0 1364 1364 0 2082 2082 0 2000 2000 0 1370 1370 0 1377 1377 0 1375 1375 0 693 693 0 2002 2002 0 1379 1379 0 1381 1381 0 1383 1383 0 2002 2002 0 1384 1384 0 1389 1389 0 1387 1387 0 1386 1386 0 1397 1397 0 1396 1396 0 1395 1395 0 1918 1918 0 1399 1399 0 1398 1398 0 1403 1403 0 1917 1917 0 2004 2004 0 1402 1402 0 2005 2005 0 1404 1404 0 1419 1419 0 1417 1417 0 1416 1416 0 1421 1421 0 1423 1423 0 648 648 0 1914 1914 0 1426 1426 0 1424 1424 0 637 637 0 1428 1428 0 1912 1912 0 2009 2009 0 1436 1436 0 1435 1435 0 1445 1445 0 2010 2010 0 1442 1442 0 1453 1453 0 2011 2011 0 1451 1451 0 1456 1456 0 1458 1458 0 1454 1454 0 1464 1464 0 1460 1460 0 2012 2012 0 1470 1470 0 1468 1468 0 1467 1467 0 1476 1476 0 1474 1474 0 1473 1473 0 1482 1482 0 2117 2117 0 2013 2013 0 2118 2118 0 1491 1491 0 2014 2014 0 2015 2015 0 2119 2119 0 582 582 0 576 576 0 575 575 0 1501 1501 0 574 574 0 1505 1505 0 2120 2120 0 533 533 0 1511 1511 0 531 531 0 569 569 0 568 568 0 1902 1902 0 566 566 0 565 565 0 1901 1901 0 551 551 0 1525 1525 0 1523 1523 0 1533 1533 0 1531 1531 0 1530 1530 0 1539 1539 0 1535 1535 0 1537 1537 0 2121 2121 0 1544 1544 0 1543 1543 0 1547 1547 0 1545 1545 0 1544 1544 0 524 524 0 523 523 0 1558 1558 0 503 503 0 501 501 0 500 500 0 1576 1576 0 1572 1572 0 1574 1574 0 2122 2122 0 1581 1581 0 2021 2021 0 1583 1583 0 1584 1584 0 1582 1582 0 2123 2123 0 2023 2023 0 2124 2124 0 1610 1610 0 2125 2125 0 2126 2126 0 2126 2126 0 1611 1611 0 1610 1610 0 2127 2127 0 2026 2026 0 1620 1620 0 2024 2024 0 1616 1616 0 2025 2025 0 2128 2128 0 1634 1634 0 2027 2027 0 1645 1645 0 1647 1647 0 1643 1643 0 424 424 0 419 419 0 422 422 0 1665 1665 0 1671 1671 0 1667 1667 0 1671 1671 0 1673 1673 0 1672 1672 0 1683 1683 0 2129 2129 0 1681 1681 0 1693 1693 0 2033 2033 0 1694 1694 0 315 315 0 2130 2130 0 311 311 0 1709 1709 0 1706 1706 0 1707 1707 0 2131 2131 0 1704 1704 0 1703 1703 0 1715 1715 0 2034 2034 0 2130 2130 0 309 309 0 308 308 0 1725 1725 0 2132 2132 0 2036 2036 0 305 305 0 295 295 0 1736 1736 0 293 293 0 283 283 0 2133 2133 0 281 281 0 2134 2134 0 1853 1853 0 212 212 0 1749 1749 0 2039 2039 0 1747 1747 0 1754 1754 0 1755 1755 0 1752 1752 0 1758 1758 0 1762 1762 0 1761 1761 0 2135 2135 0 1764 1764 0 1763 1763 0 2136 2136 0 1777 1777 0 2042 2042 0 1785 1785 0 2043 2043 0 1783 1783 0 1798 1798 0 2044 2044 0 1796 1796 0 1797 1797 0 189 189 0 1798 1798 0 2137 2137 0 2138 2138 0 1804 1804 0 184 184 0 2045 2045 0 2138 2138 0 176 176 0 1807 1807 0 174 174 0 165 165 0 164 164 0 167 167 0 121 121 0 122 122 0 118 118 0 133 133 0 1814 1814 0 132 132 0 2050 2050 0 1820 1820 0 1816 1816 0 15 15 0 11 11 0 13 13 0 1825 1825 0 20 20 0 19 19 0 2046 2046 0 25 25 0 24 24 0 2139 2139 0 31 31 0 32 32 0 38 38 0 36 36 0 2047 2047 0 2140 2140 0 44 44 0 1827 1827 0 53 53 0 1829 1829 0 55 55 0 2141 2141 0 65 65 0 1831 1831 0 68 68 0 72 72 0 69 69 0 82 82 0 1834 1834 0 83 83 0 2048 2048 0 87 87 0 89 89 0 105 105 0 108 108 0 1837 1837 0 115 115 0 117 117 0 113 113 0 1842 1842 0 2049 2049 0 127 127 0 1816 1816 0 2051 2051 0 2050 2050 0 146 146 0 1818 1818 0 147 147 0 145 145 0 140 140 0 142 142 0 167 167 0 169 169 0 165 165 0 1802 1802 0 185 185 0 2142 2142 0 192 192 0 1793 1793 0 2054 2054 0 208 208 0 206 206 0 205 205 0 214 214 0 2134 2134 0 212 212 0 224 224 0 222 222 0 225 225 0 2143 2143 0 223 223 0 2038 2038 0 2057 2057 0 250 250 0 1858 1858 0 258 258 0 1859 1859 0 256 256 0 272 272 0 274 274 0 2059 2059 0 290 290 0 292 292 0 1863 1863 0 318 318 0 320 320 0 319 319 0 324 324 0 321 321 0 320 320 0 1698 1698 0 1695 1695 0 346 346 0 2063 2063 0 353 353 0 352 352 0 2064 2064 0 1874 1874 0 370 370 0 1875 1875 0 378 378 0 379 379 0 406 406 0 1877 1877 0 407 407 0 417 417 0 1879 1879 0 1878 1878 0 2028 2028 0 1882 1882 0 1649 1649 0 451 451 0 2144 2144 0 452 452 0 1888 1888 0 2067 2067 0 462 462 0 2145 2145 0 2146 2146 0 2068 2068 0 491 491 0 1594 1594 0 492 492 0 1565 1565 0 502 502 0 505 505 0 508 508 0 1894 1894 0 506 506 0 535 535 0 1895 1895 0 1897 1897 0 2016 2016 0 2147 2147 0 2074 2074 0 1523 1523 0 2070 2070 0 551 551 0 1522 1522 0 2072 2072 0 1520 1520 0 601 601 0 620 620 0 618 618 0 1908 1908 0 613 613 0 606 606 0 622 622 0 619 619 0 620 620 0 626 626 0 1905 1905 0 624 624 0 639 639 0 641 641 0 1913 1913 0 2008 2008 0 1915 1915 0 646 646 0 2075 2075 0 670 670 0 669 669 0 1917 1917 0 668 668 0 667 667 0 2078 2078 0 2148 2148 0 1919 1919 0 684 684 0 1921 1921 0 685 685 0 1370 1370 0 1927 1927 0 2082 2082 0 702 702 0 705 705 0 704 704 0 1367 1367 0 2083 2083 0 2081 2081 0 716 716 0 718 718 0 1363 1363 0 735 735 0 737 737 0 1354 1354 0 753 753 0 755 755 0 1344 1344 0 1334 1334 0 773 773 0 1928 1928 0 1930 1930 0 791 791 0 1931 1931 0 1291 1291 0 2149 2149 0 806 806 0 1935 1935 0 815 815 0 814 814 0 815 815 0 817 817 0 813 813 0 2086 2086 0 2150 2150 0 829 829 0 849 849 0 851 851 0 853 853 0 2151 2151 0 2089 2089 0 862 862 0 882 882 0 884 884 0 880 880 0 907 907 0 903 903 0 905 905 0 919 919 0 921 921 0 920 920 0 925 925 0 924 924 0 927 927 0 953 953 0 2094 2094 0 1954 1954 0 959 959 0 961 961 0 962 962 0 2152 2152 0 2096 2096 0 2097 2097 0 1958 1958 0 1186 1186 0 991 991 0 1006 1006 0 1008 1008 0 2099 2099 0 1177 1177 0 1174 1174 0 1024 1024 0 1064 1064 0 1061 1061 0 1062 1062 0 1109 1109 0 2153 2153 0 1967 1967 0 2154 2154 0 1967 1967 0 2153 2153 0 1098 1098 0 1970 1970 0 1096 1096 0 1084 1084 0 1107 1107 0 1104 1104 0 1110 1110 0 1070 1070 0 1971 1971 0 1117 1117 0 1972 1972 0 1115 1115 0 1974 1974 0 1126 1126 0 1125 1125 0 1131 1131 0 1129 1129 0 1128 1128 0 2110 2110 0 1152 1152 0 1158 1158 0 1045 1045 0 2155 2155 0 1047 1047 0 1980 1980 0 1982 1982 0 1166 1166 0 2101 2101 0 1022 1022 0 1962 1962 0 1195 1195 0 1199 1199 0 1198 1198 0 1213 1213 0 1208 1208 0 1211 1211 0 1217 1217 0 1214 1214 0 1215 1215 0 896 896 0 895 895 0 1235 1235 0 1246 1246 0 1245 1245 0 1247 1247 0 883 883 0 882 882 0 1276 1276 0 1261 1261 0 1264 1264 0 1259 1259 0 1937 1937 0 1289 1289 0 1287 1287 0 2156 2156 0 1995 1995 0 2115 2115 0 787 787 0 1328 1328 0 1930 1930 0 773 773 0 1335 1335 0 771 771 0 1344 1344 0 1346 1346 0 753 753 0 739 739 0 738 738 0 1351 1351 0 712 712 0 1368 1368 0 710 710 0 2001 2001 0 1384 1384 0 2002 2002 0 2157 2157 0 1382 1382 0 2003 2003 0 1387 1387 0 2157 2157 0 1385 1385 0 1396 1396 0 1394 1394 0 1392 1392 0 2158 2158 0 2004 2004 0 1917 1917 0 2007 2007 0 1411 1411 0 1415 1415 0 1915 1915 0 2008 2008 0 1422 1422 0 1913 1913 0 1912 1912 0 639 639 0 1443 1443 0 1439 1439 0 1441 1441 0 1455 1455 0 1451 1451 0 2011 2011 0 1474 1474 0 1472 1472 0 1471 1471 0 2117 2117 0 2159 2159 0 2013 2013 0 2160 2160 0 579 579 0 2015 2015 0 574 574 0 2120 2120 0 572 572 0 563 563 0 1518 1518 0 565 565 0 554 554 0 553 553 0 1521 1521 0 1531 1531 0 1529 1529 0 1528 1528 0 2161 2161 0 1538 1538 0 1541 1541 0 1543 1543 0 2162 2162 0 2121 2121 0 521 521 0 1559 1559 0 523 523 0 1568 1568 0 499 499 0 501 501 0 1575 1575 0 1578 1578 0 1576 1576 0 1578 1578 0 2122 2122 0 1577 1577 0 493 493 0 489 489 0 491 491 0 2125 2125 0 1603 1603 0 2126 2126 0 2163 2163 0 1606 1606 0 2164 2164 0 1639 1639 0 1641 1641 0 1637 1637 0 1666 1666 0 2165 2165 0 1664 1664 0 1690 1690 0 2032 2032 0 1688 1688 0 2166 2166 0 2131 2131 0 1703 1703 0 1703 1703 0 2167 2167 0 2166 2166 0 306 306 0 305 305 0 1727 1727 0 285 285 0 1738 1738 0 287 287 0 1745 1745 0 2168 2168 0 1746 1746 0 1759 1759 0 2040 2040 0 1756 1756 0 1756 1756 0 1757 1757 0 1759 1759 0 1782 1782 0 1784 1784 0 1780 1780 0 189 189 0 1799 1799 0 1798 1798 0 182 182 0 1850 1850 0 180 180 0 179 179 0 1805 1805 0 177 177 0 138 138 0 1815 1815 0 153 153 0 12 12 0 10 10 0 8 8 0 21 21 0 23 23 0 22 22 0 2047 2047 0 39 39 0 38 38 0 1827 1827 0 42 42 0 2140 2140 0 56 56 0 1830 1830 0 58 58 0 1832 1832 0 67 67 0 66 66 0 1835 1835 0 89 89 0 87 87 0 103 103 0 98 98 0 101 101 0 128 128 0 1845 1845 0 1844 1844 0 136 136 0 1847 1847 0 141 141 0 153 153 0 155 155 0 138 138 0 1807 1807 0 1849 1849 0 173 173 0 209 209 0 211 211 0 207 207 0 1854 1854 0 220 220 0 219 219 0 2057 2057 0 1858 1858 0 253 253 0 1739 1739 0 283 283 0 279 279 0 2169 2169 0 318 318 0 2170 2170 0 353 353 0 2171 2171 0 351 351 0 377 377 0 2172 2172 0 374 374 0 2030 2030 0 1880 1880 0 423 423 0 481 481 0 484 484 0 2146 2146 0 516 516 0 513 513 0 514 514 0 541 541 0 539 539 0 538 538 0 550 550 0 552 552 0 548 548 0 565 565 0 567 567 0 563 563 0 620 620 0 621 621 0 622 622 0 616 616 0 609 609 0 1907 1907 0 591 591 0 595 595 0 623 623 0 642 642 0 644 644 0 640 640 0 670 670 0 651 651 0 653 653 0 2173 2173 0 1919 1919 0 2148 2148 0 2079 2079 0 2173 2173 0 686 686 0 1923 1923 0 699 699 0 698 698 0 1924 1924 0 702 702 0 701 701 0 1364 1364 0 1363 1363 0 2174 2174 0 759 759 0 761 761 0 1340 1340 0 1331 1331 0 779 779 0 1929 1929 0 789 789 0 1325 1325 0 790 790 0 810 810 0 2175 2175 0 1934 1934 0 814 814 0 812 812 0 1935 1935 0 1276 1276 0 1273 1273 0 883 883 0 899 899 0 902 902 0 900 900 0 922 922 0 924 924 0 2092 2092 0 1000 1000 0 1003 1003 0 1005 1005 0 2176 2176 0 2101 2101 0 2102 2102 0 1060 1060 0 1058 1058 0 1057 1057 0 1072 1072 0 1971 1971 0 1070 1070 0 2177 2177 0 1097 1097 0 1096 1096 0 1108 1108 0 2105 2105 0 1075 1075 0 2154 2154 0 2153 2153 0 2104 2104 0 1126 1126 0 1122 1122 0 1124 1124 0 1964 1964 0 1173 1173 0 1044 1044 0 1207 1207 0 1209 1209 0 1205 1205 0 880 880 0 1277 1277 0 882 882 0 800 800 0 2156 2156 0 2115 2115 0 2178 2178 0 1323 1323 0 2116 2116 0 770 770 0 1998 1998 0 768 768 0 751 751 0 750 750 0 1345 1345 0 730 730 0 1357 1357 0 732 732 0 2003 2003 0 1385 1385 0 2157 2157 0 1916 1916 0 2158 2158 0 1917 1917 0 1418 1418 0 649 649 0 1419 1419 0 1444 1444 0 1446 1446 0 1445 1445 0 1462 1462 0 2012 2012 0 1460 1460 0 1468 1468 0 1463 1463 0 1465 1465 0 577 577 0 572 572 0 575 575 0 2073 2073 0 1517 1517 0 568 568 0 544 544 0 546 546 0 1526 1526 0 1534 1534 0 1536 1536 0 526 526 0 2162 2162 0 2179 2179 0 2121 2121 0 1571 1571 0 2180 2180 0 1569 1569 0 1573 1573 0 1571 1571 0 1570 1570 0 486 486 0 485 485 0 489 489 0 1602 1602 0 2126 2126 0 1603 1603 0 432 432 0 1648 1648 0 434 434 0 2181 2181 0 1664 1664 0 2165 2165 0 346 346 0 1699 1699 0 1698 1698 0 2167 2167 0 2182 2182 0 2166 2166 0 300 300 0 1731 1731 0 302 302 0 1863 1863 0 2037 2037 0 290 290 0 1751 1751 0 1754 1754 0 1750 1750 0 1792 1792 0 2054 2054 0 1793 1793 0 168 168 0 1809 1809 0 1808 1808 0 34 34 0 2139 2139 0 32 32 0 41 41 0 2140 2140 0 42 42 0 2183 2183 0 2141 2141 0 1831 1831 0 107 107 0 1837 1837 0 108 108 0 1843 1843 0 116 116 0 1842 1842 0 1813 1813 0 133 133 0 154 154 0 206 206 0 203 203 0 201 201 0 296 296 0 298 298 0 294 294 0 2170 2170 0 2184 2184 0 2185 2185 0 2171 2171 0 350 350 0 351 351 0 2029 2029 0 1881 1881 0 1652 1652 0 2023 2023 0 2123 2123 0 1594 1594 0 1526 1526 0 549 549 0 544 544 0 568 568 0 570 570 0 2073 2073 0 1909 1909 0 622 622 0 599 599 0 594 594 0 623 623 0 595 595 0 675 675 0 2076 2076 0 671 671 0 2148 2148 0 686 686 0 2173 2173 0 695 695 0 1374 1374 0 696 696 0 1364 1364 0 2174 2174 0 714 714 0 744 744 0 746 746 0 742 742 0 2085 2085 0 810 810 0 809 809 0 1992 1992 0 2114 2114 0 1273 1273 0 1196 1196 0 898 898 0 1947 1947 0 1029 1029 0 1031 1031 0 1174 1174 0 1069 1069 0 2106 2106 0 1067 1067 0 1087 1087 0 2177 2177 0 1096 1096 0 2105 2105 0 2154 2154 0 2104 2104 0 1123 1123 0 1121 1121 0 1973 1973 0 1045 1045 0 1044 1044 0 2155 2155 0 1206 1206 0 1202 1202 0 1204 1204 0 2186 2186 0 1261 1261 0 1256 1256 0 785 785 0 1329 1329 0 783 783 0 763 763 0 1338 1338 0 765 765 0 1390 1390 0 2187 2187 0 1388 1388 0 671 671 0 673 673 0 675 675 0 1459 1459 0 1462 1462 0 1461 1461 0 2074 2074 0 1514 1514 0 2016 2016 0 518 518 0 2019 2019 0 520 520 0 2188 2188 0 1569 1569 0 2180 2180 0 1605 1605 0 2189 2189 0 1606 1606 0 1882 1882 0 2028 2028 0 431 431 0 341 341 0 340 340 0 343 343 0 1865 1865 0 1733 1733 0 299 299 0 1748 1748 0 1744 1744 0 1749 1749 0 178 178 0 177 177 0 1850 1850 0 1826 1826 0 28 28 0 27 27 0 1831 1831 0 2190 2190 0 2183 2183 0 1838 1838 0 110 110 0 106 106 0 202 202 0 2191 2191 0 200 200 0 299 299 0 301 301 0 1865 1865 0 2184 2184 0 2192 2192 0 2185 2185 0 349 349 0 351 351 0 350 350 0 1643 1643 0 2193 2193 0 1645 1645 0 2124 2124 0 1588 1588 0 2123 2123 0 542 542 0 546 546 0 545 545 0 588 588 0 2194 2194 0 1904 1904 0 2195 2195 0 694 694 0 2080 2080 0 2080 2080 0 2196 2196 0 2195 2195 0 1998 1998 0 2084 2084 0 766 766 0 1271 1271 0 1270 1270 0 2114 2114 0 1032 1032 0 1034 1034 0 1030 1030 0 1102 1102 0 1099 1099 0 2197 2197 0 2103 2103 0 1112 1112 0 1056 1056 0 2112 2112 0 1204 1204 0 1203 1203 0 1946 1946 0 2090 2090 0 875 875 0 782 782 0 1330 1330 0 780 780 0 561 561 0 1519 1519 0 1899 1899 0 2180 2180 0 2198 2198 0 2188 2188 0 2189 2189 0 2164 2164 0 1606 1606 0 1881 1881 0 2029 2029 0 428 428 0 339 339 0 338 338 0 340 340 0 294 294 0 1734 1734 0 296 296 0 2199 2199 0 1749 1749 0 1744 1744 0 119 119 0 1811 1811 0 1839 1839 0 14 14 0 17 17 0 15 15 0 2190 2190 0 2200 2200 0 2183 2183 0 96 96 0 94 94 0 97 97 0 2038 2038 0 2056 2056 0 2143 2143 0 2036 2036 0 2132 2132 0 303 303 0 2201 2201 0 2185 2185 0 2192 2192 0 357 357 0 355 355 0 359 359 0 1640 1640 0 1639 1639 0 1642 1642 0 2016 2016 0 1509 1509 0 2147 2147 0 2202 2202 0 1904 1904 0 2194 2194 0 2196 2196 0 1922 1922 0 2195 2195 0 1169 1169 0 1170 1170 0 1167 1167 0 1102 1102 0 2197 2197 0 1103 1103 0 2203 2203 0 1117 1117 0 1113 1113 0 1203 1203 0 1200 1200 0 2112 2112 0 2091 2091 0 871 871 0 2090 2090 0 779 779 0 1332 1332 0 777 777 0 559 559 0 556 556 0 560 560 0 2164 2164 0 2204 2204 0 2163 2163 0 1880 1880 0 2030 2030 0 425 425 0 336 336 0 335 335 0 338 338 0 280 280 0 275 275 0 278 278 0 1746 1746 0 2199 2199 0 1744 1744 0 130 130 0 129 129 0 124 124 0 1823 1823 0 5 5 0 6 6 0 64 64 0 2183 2183 0 2200 2200 0 93 93 0 97 97 0 94 94 0 305 305 0 307 307 0 2132 2132 0 2205 2205 0 2201 2201 0 2206 2206 0 1637 1637 0 1636 1636 0 1639 1639 0 1511 1511 0 533 533 0 1509 1509 0 1981 1981 0 1980 1980 0 1170 1170 0 1104 1104 0 1103 1103 0 1084 1084 0 1216 1216 0 2207 2207 0 1987 1987 0 760 760 0 1339 1339 0 762 762 0 1898 1898 0 2071 2071 0 556 556 0 421 421 0 415 415 0 2208 2208 0 277 277 0 272 272 0 275 275 0 2209 2209 0 1746 1746 0 2168 2168 0 148 148 0 1821 1821 0 146 146 0 1822 1822 0 77 77 0 3 3 0 2200 2200 0 60 60 0 64 64 0 94 94 0 156 156 0 92 92 0 1728 1728 0 1866 1866 0 306 306 0 2192 2192 0 2206 2206 0 2201 2201 0 1532 1532 0 529 529 0 530 530 0 1166 1166 0 1043 1043 0 1980 1980 0 1080 1080 0 1082 1082 0 1078 1078 0 745 745 0 1348 1348 0 747 747 0 2072 2072 0 1522 1522 0 2071 2071 0 417 417 0 1878 1878 0 415 415 0 2210 2210 0 2053 2053 0 1836 1836 0 2211 2211 0 3 3 0 77 77 0 158 158 0 92 92 0 156 156 0 1724 1724 0 1721 1721 0 1722 1722 0 1160 1160 0 1159 1159 0 1162 1162 0 1111 1111 0 1056 1056 0 1112 1112 0 728 728 0 1358 1358 0 729 729 0 548 548 0 547 547 0 550 550 0 79 79 0 2211 2211 0 77 77 0 157 157 0 160 160 0 158 158 0 1112 1112 0 1053 1053 0 1055 1055 0 720 720 0 719 719 0 1361 1361 0 530 530 0 2017 2017 0 1532 1532 0 88 88 0 84 84 0 86 86 0 1839 1839 0 166 166 0 1840 1840 0 1051 1051 0 2203 2203 0 1113 1113 0 90 90 0 2210 2210 0 1836 1836 0 111 111 0 115 115 0 112 112 0 1125 1125 0 2107 2107 0 1974 1974 0 2212 2212 0 1836 1836 0 2053 2053 0 1128 1128 0 1141 1141 0 1132 1132 0 162 162 0 2212 2212 0 2053 2053 0 1133 1133 0 1135 1135 0 1136 1136 0 1802 1802 0 2142 2142 0 181 181 0 1139 1139 0 1136 1136 0 2213 2213 0 2138 2138 0 2137 2137 0 184 184 0 1139 1139 0 2213 2213 0 2108 2108 0 1804 1804 0 1851 1851 0 2137 2137 0 1975 1975 0 2108 2108 0 1142 1142 0 195 195 0 191 191 0 193 193 0 2214 2214 0 1143 1143 0 1142 1142 0 193 193 0 2215 2215 0 195 195 0 1142 1142 0 2216 2216 0 2214 2214 0 2215 2215 0 196 196 0 195 195 0 2216 2216 0 1145 1145 0 2214 2214 0 1786 1786 0 1785 1785 0 1788 1788 0 2217 2217 0 2214 2214 0 1145 1145 0 1783 1783 0 2218 2218 0 1785 1785 0 2219 2219 0 2217 2217 0 1145 1145 0 1783 1783 0 1782 1782 0 2218 2218 0 1147 1147 0 2219 2219 0 1145 1145 0 1780 1780 0 1779 1779 0 1782 1782 0 1146 1146 0 1151 1151 0 1148 1148 0 1778 1778 0 1777 1777 0 1779 1779 0 1154 1154 0 2111 2111 0 1158 1158 0 2042 2042 0 1773 1773 0 2136 2136 0 1157 1157 0 1155 1155 0 1977 1977 0 1770 1770 0 2136 2136 0 1773 1773 0 1159 1159 0 1978 1978 0 1977 1977 0 1774 1774 0 1771 1771 0 1770 1770 0 1161 1161 0 1978 1978 0 1159 1159 0 1772 1772 0 2041 2041 0 1770 1770 0 1162 1162 0 1048 1048 0 1163 1163 0 1769 1769 0 1767 1767 0 2041 2041 0 1033 1033 0 1032 1032 0 1963 1963 0 1766 1766 0 2135 2135 0 1763 1763 0 2102 2102 0 2220 2220 0 2176 2176 0 2191 2191 0 2209 2209 0 2168 2168 0 2220 2220 0 2221 2221 0 2176 2176 0 2168 2168 0 2222 2222 0 2191 2191 0 1983 1983 0 2176 2176 0 2221 2221 0 2222 2222 0 200 200 0 2191 2191 0 2221 2221 0 1019 1019 0 1983 1983 0 2055 2055 0 2143 2143 0 2056 2056 0 1014 1014 0 1013 1013 0 1016 1016 0 232 232 0 231 231 0 228 228 0 1011 1011 0 1010 1010 0 1013 1013 0 226 226 0 1855 1855 0 233 233 0 1012 1012 0 1182 1182 0 1010 1010 0 236 236 0 233 233 0 237 237 0 1009 1009 0 1006 1006 0 1181 1181 0 2223 2223 0 238 238 0 237 237 0 2099 2099 0 2098 2098 0 1006 1006 0 2224 2224 0 238 238 0 2223 2223 0 1183 1183 0 1184 1184 0 2098 2098 0 2223 2223 0 2225 2225 0 2224 2224 0 1005 1005 0 1001 1001 0 1000 1000 0 2226 2226 0 2224 2224 0 2225 2225 0 999 999 0 996 996 0 1000 1000 0 2227 2227 0 2226 2226 0 2225 2225 0 997 997 0 1959 1959 0 995 995 0 2228 2228 0 2227 2227 0 2225 2225 0 1960 1960 0 2229 2229 0 995 995 0 2225 2225 0 2230 2230 0 2228 2228 0 1960 1960 0 992 992 0 2229 2229 0 2230 2230 0 240 240 0 2228 2228 0 1186 1186 0 988 988 0 1185 1185 0 2231 2231 0 2228 2228 0 240 240 0 987 987 0 1185 1185 0 988 988 0 242 242 0 2231 2231 0 240 240 0 1957 1957 0 2232 2232 0 986 986 0 249 249 0 1857 1857 0 250 250 0 2232 2232 0 984 984 0 986 986 0 254 254 0 253 253 0 255 255 0 2097 2097 0 2233 2233 0 2152 2152 0 256 256 0 1742 1742 0 258 258 0 2233 2233 0 1189 1189 0 2152 2152 0 259 259 0 258 258 0 261 261 0 1188 1188 0 2152 2152 0 1189 1189 0 1860 1860 0 261 261 0 2234 2234 0 1189 1189 0 1190 1190 0 1187 1187 0 1860 1860 0 2234 2234 0 1861 1861 0 972 972 0 975 975 0 977 977 0 264 264 0 2058 2058 0 1861 1861 0 977 977 0 973 973 0 972 972 0 265 265 0 2235 2235 0 1741 1741 0 974 974 0 969 969 0 972 972 0 2235 2235 0 2060 2060 0 1741 1741 0 967 967 0 966 966 0 969 969 0 271 271 0 1741 1741 0 2060 2060 0 965 965 0 2236 2236 0 966 966 0 2059 2059 0 1740 1740 0 2237 2237 0 965 965 0 962 962 0 2236 2236 0 2059 2059 0 2237 2237 0 272 272 0 2095 2095 0 957 957 0 956 956 0 283 283 0 1739 1739 0 2133 2133 0 958 958 0 2238 2238 0 955 955 0 1726 1726 0 2061 2061 0 309 309 0 2238 2238 0 1953 1953 0 955 955 0 1721 1721 0 1718 1718 0 1722 1722 0 1955 1955 0 955 955 0 1953 1953 0 1720 1720 0 2035 2035 0 1718 1718 0 1954 1954 0 954 954 0 953 953 0 1716 1716 0 1715 1715 0 2035 2035 0 951 951 0 950 950 0 953 953 0 2130 2130 0 315 315 0 1715 1715 0 952 952 0 1192 1192 0 950 950 0 2182 2182 0 2239 2239 0 2166 2166 0 2240 2240 0 950 950 0 1193 1193 0 2206 2206 0 2166 2166 0 2239 2239 0 948 948 0 2240 2240 0 1193 1193 0 2239 2239 0 2205 2205 0 2206 2206 0 946 946 0 945 945 0 948 948 0 2185 2185 0 2169 2169 0 2170 2170 0 942 942 0 945 945 0 943 943 0 317 317 0 2170 2170 0 318 318 0 944 944 0 940 940 0 942 942 0 1869 1869 0 2062 2062 0 328 328 0 940 940 0 939 939 0 942 942 0 331 331 0 328 328 0 332 332 0 941 941 0 936 936 0 939 939 0 333 333 0 332 332 0 2241 2241 0 934 934 0 933 933 0 936 936 0 333 333 0 2241 2241 0 335 335 0 935 935 0 929 929 0 933 933 0 340 340 0 1871 1871 0 339 339 0 931 931 0 2093 2093 0 929 929 0 2033 2033 0 2242 2242 0 1695 1695 0 1951 1951 0 927 927 0 2093 2093 0 2033 2033 0 1693 1693 0 2242 2242 0 2092 2092 0 923 923 0 922 922 0 1691 1691 0 1690 1690 0 1693 1693 0 913 913 0 917 917 0 915 915 0 1688 1688 0 2243 2243 0 1690 1690 0 1947 1947 0 1194 1194 0 1196 1196 0 1688 1688 0 1687 1687 0 2243 2243 0 1199 1199 0 1201 1201 0 1197 1197 0 1686 1686 0 1682 1682 0 1687 1687 0 2207 2207 0 1220 1220 0 1987 1987 0 1678 1678 0 1681 1681 0 2129 2129 0 1988 1988 0 1218 1218 0 1221 1221 0 2129 2129 0 2244 2244 0 1678 1678 0 1225 1225 0 1222 1222 0 1227 1227 0 2244 2244 0 1679 1679 0 1678 1678 0 2245 2245 0 1228 1228 0 1227 1227 0 1680 1680 0 2031 2031 0 1678 1678 0 1227 1227 0 2246 2246 0 2245 2245 0 1677 1677 0 1674 1674 0 2031 2031 0 2113 2113 0 2245 2245 0 2246 2246 0 2247 2247 0 2181 2181 0 2165 2165 0 2246 2246 0 1231 1231 0 2113 2113 0 2165 2165 0 2248 2248 0 2247 2247 0 1236 1236 0 1233 1233 0 896 896 0 2248 2248 0 2249 2249 0 2247 2247 0 2250 2250 0 894 894 0 893 893 0 350 350 0 2247 2247 0 2249 2249 0 2251 2251 0 2250 2250 0 893 893 0 2249 2249 0 348 348 0 350 350 0 893 893 0 2252 2252 0 2251 2251 0 2253 2253 0 1663 1663 0 359 359 0 2252 2252 0 2254 2254 0 2251 2251 0 359 359 0 2255 2255 0 2253 2253 0 1238 1238 0 2251 2251 0 2254 2254 0 2255 2255 0 2256 2256 0 2253 2253 0 2254 2254 0 1239 1239 0 1238 1238 0 2257 2257 0 2253 2253 0 2256 2256 0 1248 1248 0 1247 1247 0 1250 1250 0 2258 2258 0 2257 2257 0 2256 2256 0 891 891 0 1251 1251 0 1250 1250 0 2259 2259 0 2258 2258 0 2256 2256 0 890 890 0 1251 1251 0 891 891 0 2256 2256 0 361 361 0 2259 2259 0 886 886 0 1255 1255 0 1254 1254 0 363 363 0 2259 2259 0 361 361 0 1255 1255 0 1990 1990 0 1253 1253 0 1873 1873 0 364 364 0 362 362 0 2260 2260 0 1253 1253 0 1990 1990 0 1661 1661 0 373 373 0 1662 1662 0 1257 1257 0 2260 2260 0 1990 1990 0 2172 2172 0 1660 1660 0 1662 1662 0 1258 1258 0 2186 2186 0 1256 1256 0 1662 1662 0 374 374 0 2172 2172 0 1269 1269 0 1268 1268 0 1270 1270 0 381 381 0 380 380 0 1658 1658 0 2091 2091 0 874 874 0 871 871 0 1657 1657 0 1659 1659 0 384 384 0 873 873 0 1944 1944 0 871 871 0 387 387 0 384 384 0 388 388 0 1945 1945 0 868 868 0 1944 1944 0 392 392 0 1656 1656 0 390 390 0 870 870 0 864 864 0 868 868 0 2261 2261 0 391 391 0 390 390 0 862 862 0 2262 2262 0 2151 2151 0 2263 2263 0 2261 2261 0 390 390 0 2262 2262 0 1279 1279 0 2151 2151 0 390 390 0 2264 2264 0 2263 2263 0 2265 2265 0 2151 2151 0 1279 1279 0 2266 2266 0 2263 2263 0 2264 2264 0 1281 1281 0 2265 2265 0 1279 1279 0 2267 2267 0 2266 2266 0 2264 2264 0 860 860 0 1282 1282 0 858 858 0 2264 2264 0 2268 2268 0 2267 2267 0 1283 1283 0 858 858 0 1282 1282 0 2268 2268 0 395 395 0 2267 2267 0 856 856 0 2088 2088 0 854 854 0 394 394 0 2267 2267 0 395 395 0 1942 1942 0 851 851 0 2088 2088 0 395 395 0 398 398 0 393 393 0 853 853 0 850 850 0 849 849 0 402 402 0 396 396 0 398 398 0 847 847 0 844 844 0 849 849 0 2269 2269 0 408 408 0 407 407 0 846 846 0 2087 2087 0 844 844 0 2065 2065 0 2269 2269 0 407 407 0 841 841 0 2087 2087 0 842 842 0 407 407 0 409 409 0 2065 2065 0 837 837 0 841 841 0 1941 1941 0 414 414 0 410 410 0 2270 2270 0 1941 1941 0 840 840 0 837 837 0 414 414 0 2270 2270 0 1878 1878 0 839 839 0 1940 1940 0 837 837 0 421 421 0 2208 2208 0 419 419 0 834 834 0 833 833 0 1940 1940 0 1643 1643 0 1642 1642 0 2193 2193 0 2271 2271 0 829 829 0 2150 2150 0 1635 1635 0 1634 1634 0 1636 1636 0 2150 2150 0 1284 1284 0 2271 2271 0 2027 2027 0 1630 1630 0 2128 2128 0 2272 2272 0 2271 2271 0 1284 1284 0 1628 1628 0 2128 2128 0 1630 1630 0 1286 1286 0 2272 2272 0 1284 1284 0 1631 1631 0 1629 1629 0 1628 1628 0 1286 1286 0 1285 1285 0 827 827 0 1626 1626 0 1625 1625 0 1628 1628 0 820 820 0 823 823 0 818 818 0 1623 1623 0 1622 1622 0 1625 1625 0 2175 2175 0 1290 1290 0 1934 1934 0 2026 2026 0 2127 2127 0 1622 1622 0 2273 2273 0 1934 1934 0 1290 1290 0 1620 1620 0 2274 2274 0 2127 2127 0 1292 1292 0 2273 2273 0 1290 1290 0 1620 1620 0 1619 1619 0 2274 2274 0 2149 2149 0 807 807 0 806 806 0 1618 1618 0 1614 1614 0 1619 1619 0 2115 2115 0 798 798 0 800 800 0 1616 1616 0 2275 2275 0 1614 1614 0 1296 1296 0 1299 1299 0 1297 1297 0 1616 1616 0 2024 2024 0 2275 2275 0 1299 1299 0 1302 1302 0 1298 1298 0 437 437 0 439 439 0 2024 2024 0 1302 1302 0 1303 1303 0 1300 1300 0 2276 2276 0 2163 2163 0 2204 2204 0 1305 1305 0 1300 1300 0 1303 1303 0 2204 2204 0 440 440 0 2276 2276 0 1304 1304 0 1307 1307 0 1305 1305 0 2277 2277 0 2276 2276 0 440 440 0 1314 1314 0 1311 1311 0 1312 1312 0 442 442 0 2277 2277 0 440 440 0 1997 1997 0 1313 1313 0 1312 1312 0 441 441 0 445 445 0 442 442 0 1316 1316 0 1997 1997 0 1996 1996 0 2278 2278 0 442 442 0 445 445 0 1320 1320 0 1317 1317 0 792 792 0 444 444 0 2278 2278 0 445 445 0 794 794 0 1319 1319 0 792 792 0 2066 2066 0 448 448 0 1884 1884 0 793 793 0 2279 2279 0 1932 1932 0 2144 2144 0 1599 1599 0 452 452 0 2116 2116 0 1932 1932 0 2279 2279 0 2280 2280 0 1598 1598 0 1599 1599 0 2279 2279 0 2178 2178 0 2116 2116 0 1599 1599 0 453 453 0 2280 2280 0 777 777 0 782 782 0 778 778 0 1886 1886 0 2280 2280 0 453 453 0 762 762 0 764 764 0 760 760 0 1887 1887 0 455 455 0 457 457 0 741 741 0 743 743 0 1350 1350 0 463 463 0 462 462 0 1889 1889 0 717 717 0 716 716 0 719 719 0 466 466 0 1889 1889 0 464 464 0 1363 1363 0 1365 1365 0 716 716 0 470 470 0 467 467 0 464 464 0 2081 2081 0 1999 1999 0 1367 1367 0 469 469 0 1597 1597 0 470 470 0 1926 1926 0 1925 1925 0 707 707 0 470 470 0 1890 1890 0 468 468 0 1373 1373 0 696 696 0 1374 1374 0 1892 1892 0 1595 1595 0 1596 1596 0 680 680 0 2195 2195 0 1922 1922 0 472 472 0 476 476 0 473 473 0 1378 1378 0 1380 1380 0 1379 1379 0 477 477 0 473 473 0 479 479 0 1393 1393 0 1388 1388 0 2187 2187 0 2068 2068 0 479 479 0 2145 2145 0 2187 2187 0 1391 1391 0 1393 1393 0 2146 2146 0 2145 2145 0 481 481 0 2077 2077 0 675 675 0 674 674 0 482 482 0 481 481 0 2069 2069 0 1405 1405 0 1403 1403 0 1402 1402 0 1893 1893 0 2069 2069 0 485 485 0 1410 1410 0 1406 1406 0 1407 1407 0 2124 2124 0 1589 1589 0 1588 1588 0 1407 1407 0 1408 1408 0 1410 1410 0 2022 2022 0 1591 1591 0 1588 1588 0 1409 1409 0 1413 1413 0 2006 2006 0 1587 1587 0 1582 1582 0 1584 1584 0 1412 1412 0 2006 2006 0 1413 1413 0 1580 1580 0 2020 2020 0 1581 1581 0 1413 1413 0 1414 1414 0 1411 1411 0 2021 2021 0 1577 1577 0 2122 2122 0 643 643 0 642 642 0 1425 1425 0 495 495 0 2188 2188 0 2198 2198 0 2194 2194 0 2281 2281 0 2202 2202 0 2198 2198 0 496 496 0 495 495 0 1432 1432 0 2202 2202 0 2281 2281 0 496 496 0 498 498 0 494 494 0 2281 2281 0 1433 1433 0 1432 1432 0 500 500 0 504 504 0 503 503 0 1433 1433 0 2009 2009 0 1431 1431 0 512 512 0 514 514 0 513 513 0 1438 1438 0 1440 1440 0 1437 1437 0 517 517 0 519 519 0 1560 1560 0 1448 1448 0 1445 1445 0 1446 1446 0 1556 1556 0 1555 1555 0 524 524 0 1450 1450 0 1448 1448 0 1447 1447 0 1554 1554 0 1553 1553 0 1555 1555 0 1449 1449 0 1453 1453 0 1452 1452 0 1551 1551 0 1548 1548 0 1553 1553 0 2282 2282 0 1480 1480 0 1478 1478 0 1550 1550 0 1546 1546 0 1548 1548 0 1478 1478 0 2283 2283 0 2282 2282 0 2284 2284 0 2121 2121 0 2179 2179 0 2285 2285 0 2282 2282 0 2283 2283 0 1541 1541 0 2284 2284 0 2179 2179 0 2159 2159 0 2285 2285 0 2283 2283 0 2179 2179 0 2161 2161 0 1541 1541 0 2283 2283 0 2013 2013 0 2159 2159 0 527 527 0 530 530 0 528 528 0 1488 1488 0 1486 1486 0 2118 2118 0 1506 1506 0 1503 1503 0 571 571 0 2014 2014 0 1488 1488 0 2118 2118 0 1505 1505 0 2286 2286 0 1503 1503 0 1492 1492 0 1491 1491 0 1493 1493 0 1505 1505 0 574 574 0 2286 2286 0 584 584 0 1494 1494 0 1493 1493 0 572 572 0 577 577 0 573 573 0 1496 1496 0 1494 1494 0 584 584 0 1502 1502 0 580 580 0 1903 1903 0 2119 2119 0 583 583 0 582 582 0 582 582 0 2160 2160 0 2015 2015 0</p></triangles></mesh></geometry></library_geometries><library_visual_scenes><visual_scene id="Scene"><node id="road-node"><instance_geometry url="#road"><bind_material><technique_common><instance_material symbol="asphalt" target="#asphalt-material"><bind_vertex_input semantic="UVSET0" input_semantic="TEXCOORD" input_set="0" /></instance_material></technique_common></bind_material></instance_geometry></node></visual_scene></library_visual_scenes><scene><instance_visual_scene url="#Scene" /></scene></COLLADA>