# F1-derived approximate flat training road. Metres, Z up.
mtllib track.mtl
usemtl asphalt
v -3.7538364 5.0507392 0.0000000
v -3.6297222 4.8338114 0.0000000
v -2.3277596 5.5787231 0.0000000
v -2.4518738 5.7956509 0.0000000
v -3.8779506 5.2676670 0.0000000
v -2.5759880 6.0125787 0.0000000
v -2.8242164 6.4464343 0.0000000
v -4.1261790 5.7015226 0.0000000
v -4.3744074 6.1353782 0.0000000
v -4.2502932 5.9184504 0.0000000
v -2.9483306 6.6633621 0.0000000
v -3.0724448 6.8802899 0.0000000
v -3.1965590 7.0972177 0.0000000
v -3.6930158 7.9649289 0.0000000
v -4.9949784 7.2200172 0.0000000
v -5.1190926 7.4369450 0.0000000
v -3.8171300 8.1818567 0.0000000
v -3.9412442 8.3987845 0.0000000
v -4.0653584 8.6157123 0.0000000
v -5.2432068 7.6538728 0.0000000
v -4.1894726 8.8326401 0.0000000
v -5.3673210 7.8708006 0.0000000
v -5.7396636 8.5215840 0.0000000
v -5.4914352 8.0877284 0.0000000
v -4.4377010 9.2664957 0.0000000
v -4.5618152 9.4834235 0.0000000
v -4.6859294 9.7003513 0.0000000
v -5.8637778 8.7385118 0.0000000
v -6.3720543 9.7008547 0.0000000
v -6.2776752 9.4738382 0.0000000
v -4.9315298 10.1432968 0.0000000
v -6.4227438 9.8881897 0.0000000
v -6.4415506 10.4146574 0.0000000
v -6.4562595 10.1358563 0.0000000
v -6.3857620 10.6427027 0.0000000
v -5.9213910 11.3107251 0.0000000
v -6.1556103 11.0781522 0.0000000
v -5.7200850 11.4369355 0.0000000
v -4.9019047 11.6493730 0.0000000
v -5.1399943 11.6321264 0.0000000
v -4.9225534 10.1439471 0.0000000
v -4.6481867 11.6243040 0.0000000
v -4.4072696 11.5578136 0.0000000
v -4.6380619 10.0649518 0.0000000
v -4.0288037 11.4375998 0.0000000
v -4.1646911 11.4901810 0.0000000
v -3.8055839 11.3251947 0.0000000
v -4.2570000 9.8730633 0.0000000
v -3.3591442 11.1003844 0.0000000
v -3.5823640 11.2127895 0.0000000
v -3.5873406 9.5358479 0.0000000
v -2.6894848 10.7631689 0.0000000
v -2.9127046 10.8755741 0.0000000
v 2.5365227 8.2217787 0.0000000
v 2.5065676 8.2392696 0.0000000
v 1.7651877 6.9351773 0.0000000
v 2.9622298 7.9598217 0.0000000
v 2.7493762 8.0908002 0.0000000
v 1.9632660 6.8132906 0.0000000
v 2.1761195 6.6823121 0.0000000
v 2.3889731 6.5513335 0.0000000
v 2.6018266 6.4203550 0.0000000
v 2.8146801 6.2893765 0.0000000
v 3.6007904 7.5668860 0.0000000
v 3.8390664 5.6518732 0.0000000
v 4.0223738 5.5160468 0.0000000
v 4.9153985 6.7212468 0.0000000
v 4.4522045 7.0429718 0.0000000
v 4.2393510 7.1739504 0.0000000
v 3.6571465 5.7709683 0.0000000
v 4.4699424 7.0317114 0.0000000
v 3.8136439 7.4359075 0.0000000
v 3.0275337 6.1583979 0.0000000
v 4.0264974 7.3049289 0.0000000
v 3.2403872 6.0274194 0.0000000
v 4.6788735 6.8949333 0.0000000
v 4.7145929 6.8700390 0.0000000
v 5.9194265 5.9772858 0.0000000
v 5.7186209 6.1260780 0.0000000
v 5.0264018 4.7720858 0.0000000
v 5.5178153 6.2748702 0.0000000
v 4.6247906 5.0696702 0.0000000
v 4.8255962 4.9208780 0.0000000
v 5.2272074 4.6232937 0.0000000
v 6.1202321 5.8284936 0.0000000
v 6.3210377 5.6797014 0.0000000
v 6.3784234 3.7343029 0.0000000
v 7.3412670 4.8844909 0.0000000
v 7.1496272 5.0449160 0.0000000
v 6.9245426 5.2317592 0.0000000
v 6.7241134 5.3810291 0.0000000
v 6.0114910 4.0414688 0.0000000
v 6.9579875 5.2053411 0.0000000
v 7.1449823 3.0926024 0.0000000
v 8.2994655 4.0823652 0.0000000
v 8.1078258 4.2427903 0.0000000
v 8.6975339 1.6114926 0.0000000
v 9.8031076 2.6252514 0.0000000
v 9.4652907 2.9936639 0.0000000
v 7.8950175 2.4647341 0.0000000
v 8.9066106 3.5724993 0.0000000
v 8.8743847 3.6010898 0.0000000
v 8.0407336 2.3277784 0.0000000
v 9.1274738 3.3620764 0.0000000
v 9.0883346 3.4017005 0.0000000
v 9.2963823 3.1778701 0.0000000
v 7.9161861 4.4032154 0.0000000
v 9.5319765 0.7014756 0.0000000
v 10.6674021 1.6817979 0.0000000
v 10.6476497 1.7042200 0.0000000
v 10.8288243 1.4910266 0.0000000
v 9.3731676 0.8746675 0.0000000
v 10.4787413 1.8884263 0.0000000
v 10.3098329 2.0726326 0.0000000
v 10.0027302 0.1416659 0.0000000
v 11.4733064 0.7224015 0.0000000
v 11.1521509 1.1054253 0.0000000
v 10.4844634 -0.4328697 0.0000000
v 11.7944618 0.3393777 0.0000000
v 11.6338841 0.5308896 0.0000000
v 10.8056189 -0.8158935 0.0000000
v 12.1156173 -0.0436460 0.0000000
v 11.9550396 0.1478659 0.0000000
v 11.4479298 -1.5819410 0.0000000
v 12.5973505 -0.6181817 0.0000000
v 12.4367727 -0.4266698 0.0000000
v 11.6085075 -1.7734529 0.0000000
v 12.9185059 -1.0012054 0.0000000
v 12.7579282 -0.8096935 0.0000000
v 11.9296630 -2.1564766 0.0000000
v 13.2396614 -1.3842292 0.0000000
v 13.0790837 -1.1927173 0.0000000
v 12.7325516 -3.1140360 0.0000000
v 13.8819723 -2.1502767 0.0000000
v 13.7213946 -1.9587648 0.0000000
v 13.2142848 -3.6885717 0.0000000
v 14.5242832 -2.9163242 0.0000000
v 14.3637055 -2.7248123 0.0000000
v 13.5354403 -4.0715954 0.0000000
v 14.8454387 -3.2993479 0.0000000
v 14.6848610 -3.1078361 0.0000000
v 14.4989066 -5.2206667 0.0000000
v 15.8089051 -4.4484192 0.0000000
v 15.6483273 -4.2569073 0.0000000
v 14.9806398 -5.7952023 0.0000000
v 16.2906382 -5.0229549 0.0000000
v 16.1300605 -4.8314430 0.0000000
v 15.6229507 -6.5612498 0.0000000
v 16.9329492 -5.7890024 0.0000000
v 16.7723714 -5.5974905 0.0000000
v 16.7469949 -7.9018330 0.0000000
v 18.0569933 -7.1295855 0.0000000
v 17.8964155 -6.9380736 0.0000000
v 17.2287280 -8.4763686 0.0000000
v 18.3781487 -7.5126093 0.0000000
v 18.2175710 -7.3210974 0.0000000
v 17.5498835 -8.8593924 0.0000000
v 18.6993042 -7.8956330 0.0000000
v 18.5387265 -7.7041212 0.0000000
v 17.8710390 -9.2424161 0.0000000
v 19.0204596 -8.2786568 0.0000000
v 18.8598819 -8.0871449 0.0000000
v 18.0316167 -9.4339280 0.0000000
v 19.3145474 -8.6293985 0.0000000
v 19.1810374 -8.4701687 0.0000000
v 18.6127374 -10.0318493 0.0000000
v 19.6455598 -8.9440635 0.0000000
v 19.4646769 -8.7723203 0.0000000
v 21.1872788 -9.9760401 0.0000000
v 20.9774048 -9.8403385 0.0000000
v 20.1645241 -11.1009845 0.0000000
v 22.0267746 -10.5188466 0.0000000
v 21.8169007 -10.3831449 0.0000000
v 21.2123173 -11.7784732 0.0000000
v 21.6320652 -12.0498765 0.0000000
v 21.7885214 -12.1510389 0.0000000
v 21.9144958 -12.2668055 0.0000000
v 22.9400744 -11.1720926 0.0000000
v 22.8960647 -13.4694813 0.0000000
v 24.1668157 -12.6724920 0.0000000
v 24.0340245 -12.4607645 0.0000000
v 22.9609129 -11.1919944 0.0000000
v 22.0816571 -12.4327084 0.0000000
v 23.1383023 -11.3680484 0.0000000
v 23.3156917 -11.5441024 0.0000000
v 22.4240732 -12.7725468 0.0000000
v 22.5341696 -12.8924615 0.0000000
v 23.5172236 -11.7452563 0.0000000
v 23.6855317 -11.9285742 0.0000000
v 23.7684422 -12.0373097 0.0000000
v 23.1327172 -13.8470385 0.0000000
v 24.4325081 -13.0964150 0.0000000
v 24.2996069 -12.8842194 0.0000000
v 24.4828031 -13.1911727 0.0000000
v 24.6849696 -13.6483124 0.0000000
v 23.5000462 -14.6776445 0.0000000
v 24.9141063 -14.1757914 0.0000000
v 24.8871361 -14.1054522 0.0000000
v 24.9915163 -14.4126331 0.0000000
v 23.5587511 -14.8572565 0.0000000
v 25.0674663 -14.6975611 0.0000000
v 25.0041994 -14.4557775 0.0000000
v 23.7935043 -15.7544002 0.0000000
v 25.2760121 -15.5206144 0.0000000
v 25.2572668 -15.4229120 0.0000000
v 25.3067161 -15.7686025 0.0000000
v 23.8179651 -15.9519632 0.0000000
v 25.3069492 -15.7705044 0.0000000
v 23.8780007 -16.4472277 0.0000000
v 25.3971756 -16.5148277 0.0000000
v 25.3671001 -16.2667199 0.0000000
v 23.9381517 -16.9434433 0.0000000
v 25.4573265 -17.0110433 0.0000000
v 25.4272511 -16.7629355 0.0000000
v 23.9983026 -17.4396588 0.0000000
v 25.5153794 -17.4899505 0.0000000
v 25.4874020 -17.2591511 0.0000000
v 24.3676953 -19.0674850 0.0000000
v 25.8475159 -18.7440171 0.0000000
v 25.7742070 -18.5462129 0.0000000
v 28.4286221 -25.8346183 0.0000000
v 28.5610709 -26.0465601 0.0000000
v 29.8331082 -25.2516255 0.0000000
v 30.2304547 -25.8874509 0.0000000
v 30.0980059 -25.6755091 0.0000000
v 28.9584173 -26.6823854 0.0000000
v 29.0908662 -26.8943272 0.0000000
v 30.3629035 -26.0993926 0.0000000
v 30.6276186 -26.5228084 0.0000000
v 30.4952782 -26.3112159 0.0000000
v 29.3559910 -27.3183985 0.0000000
v 30.8928023 -26.9462609 0.0000000
v 30.7601537 -26.7344441 0.0000000
v 29.4888664 -27.5305776 0.0000000
v 31.0254509 -27.1580777 0.0000000
v 29.7541636 -27.9542112 0.0000000
v 29.8868122 -28.1660281 0.0000000
v 30.0194608 -28.3778449 0.0000000
v 31.1580995 -27.3698945 0.0000000
v 30.1521094 -28.5896617 0.0000000
v 30.2847579 -28.8014785 0.0000000
v 31.4233966 -27.7935281 0.0000000
v 31.6886938 -28.2171617 0.0000000
v 31.5560452 -28.0053449 0.0000000
v 30.4174065 -29.0132953 0.0000000
v 30.5500551 -29.2251121 0.0000000
v 31.8213424 -28.4289785 0.0000000
v 31.9539910 -28.6407953 0.0000000
v 30.6827037 -29.4369289 0.0000000
v 32.2192882 -29.0644289 0.0000000
v 32.0866396 -28.8526121 0.0000000
v 30.9480009 -29.8605625 0.0000000
v 31.0806495 -30.0723793 0.0000000
v 32.3519368 -29.2762457 0.0000000
v 31.2132981 -30.2841961 0.0000000
v 32.4845854 -29.4880625 0.0000000
v 32.6172339 -29.6998793 0.0000000
v 31.3459467 -30.4960129 0.0000000
v 33.1478283 -30.5471466 0.0000000
v 33.0151797 -30.3353298 0.0000000
v 31.7438924 -31.1314633 0.0000000
v 31.8765410 -31.3432801 0.0000000
v 33.3198079 -30.8300604 0.0000000
v 33.2804769 -30.7589634 0.0000000
v 31.9875957 -31.5206152 0.0000000
v 33.4286688 -31.0547856 0.0000000
v 32.0760664 -31.7032482 0.0000000
v 33.6444708 -31.5191051 0.0000000
v 33.5391783 -31.2924435 0.0000000
v 32.1787950 -31.9243905 0.0000000
v 32.3893800 -32.3777138 0.0000000
v 33.7497633 -31.7457667 0.0000000
v 33.8550558 -31.9724284 0.0000000
v 34.0774394 -32.4525031 0.0000000
v 34.0656408 -32.4257517 0.0000000
v 32.6990973 -33.0444380 0.0000000
v 34.1737872 -32.6830239 0.0000000
v 33.9603483 -32.1990900 0.0000000
v 33.1490215 -34.1617526 0.0000000
v 34.5616590 -33.6569857 0.0000000
v 34.5489380 -33.6227088 0.0000000
v 34.6427870 -33.8930735 0.0000000
v 33.2184862 -34.3638995 0.0000000
v 34.7234835 -34.1665267 0.0000000
v 34.6534409 -33.9266183 0.0000000
v 33.3536382 -34.8268188 0.0000000
v 34.8635689 -34.6463434 0.0000000
v 34.7935262 -34.4064351 0.0000000
v 37.1456152 -48.0369378 0.0000000
v 37.2149500 -48.2770516 0.0000000
v 38.5869538 -47.6215540 0.0000000
v 35.9061773 -43.7107884 0.0000000
v 35.9750110 -43.9510465 0.0000000
v 37.3481641 -43.2976611 0.0000000
v 35.8373437 -43.4705303 0.0000000
v 37.2793305 -43.0574030 0.0000000
v 38.6560119 -47.8607096 0.0000000
v 38.8643693 -48.5807257 0.0000000
v 38.7948969 -48.3406516 0.0000000
v 37.4234864 -48.9976866 0.0000000
v 37.5624311 -49.4778349 0.0000000
v 37.6319034 -49.7179091 0.0000000
v 39.0727863 -49.3009482 0.0000000
v 39.2812034 -50.0211707 0.0000000
v 39.2117310 -49.7810965 0.0000000
v 37.8403205 -50.4381315 0.0000000
v 39.5590928 -50.9814673 0.0000000
v 39.4896205 -50.7413931 0.0000000
v 38.1182099 -51.3984281 0.0000000
v 38.1876822 -51.6385023 0.0000000
v 39.6285652 -51.2215414 0.0000000
v 39.8369822 -51.9417639 0.0000000
v 39.7675099 -51.7016897 0.0000000
v 38.3266269 -52.1186506 0.0000000
v 39.9759269 -52.4219122 0.0000000
v 39.9064546 -52.1818380 0.0000000
v 38.5350440 -52.8388731 0.0000000
v 40.1148716 -52.9020605 0.0000000
v 40.0453993 -52.6619864 0.0000000
v 38.6739887 -53.3190214 0.0000000
v 38.8129334 -53.7991697 0.0000000
v 38.8824057 -54.0392438 0.0000000
v 40.2538163 -53.3822088 0.0000000
v 40.3232887 -53.6222830 0.0000000
v 38.9518781 -54.2793180 0.0000000
v 39.0213504 -54.5193921 0.0000000
v 40.3927610 -53.8623571 0.0000000
v 40.6011781 -54.5825796 0.0000000
v 40.5317057 -54.3425054 0.0000000
v 39.0908228 -54.7594663 0.0000000
v 40.7401228 -55.0627279 0.0000000
v 40.6706504 -54.8226537 0.0000000
v 39.2992398 -55.4796887 0.0000000
v 39.3687122 -55.7197629 0.0000000
v 39.4381845 -55.9598371 0.0000000
v 40.8790675 -55.5428762 0.0000000
v 39.7160740 -56.9201337 0.0000000
v 39.7855463 -57.1602078 0.0000000
v 41.2264292 -56.7432470 0.0000000
v 41.7127357 -58.4237660 0.0000000
v 41.6432633 -58.1836919 0.0000000
v 40.2023804 -58.6006527 0.0000000
v 41.8516804 -58.9039143 0.0000000
v 41.7822081 -58.6638402 0.0000000
v 40.3413251 -59.0808010 0.0000000
v 40.5497422 -59.8010235 0.0000000
v 40.6192145 -60.0410977 0.0000000
v 42.0600975 -59.6241368 0.0000000
v 42.1990422 -60.1042851 0.0000000
v 42.1295698 -59.8642110 0.0000000
v 40.7581592 -60.5212460 0.0000000
v 42.2685145 -60.3443593 0.0000000
v 40.8276316 -60.7613201 0.0000000
v 40.8971039 -61.0013943 0.0000000
v 40.9665763 -61.2414684 0.0000000
v 42.3379869 -60.5844334 0.0000000
v 41.0360486 -61.4815426 0.0000000
v 42.4769316 -61.0645817 0.0000000
v 41.1055210 -61.7216167 0.0000000
v 41.1749933 -61.9616909 0.0000000
v 42.5464039 -61.3046559 0.0000000
v 41.2444657 -62.2017650 0.0000000
v 42.6158763 -61.5447300 0.0000000
v 41.3139380 -62.4418392 0.0000000
v 42.7548210 -62.0248783 0.0000000
v 41.3834104 -62.6819133 0.0000000
v 41.4528827 -62.9219875 0.0000000
v 42.8937657 -62.5050266 0.0000000
v 43.0327104 -62.9851749 0.0000000
v 41.5918274 -63.4021358 0.0000000
v 43.1716551 -63.4653233 0.0000000
v 43.1021827 -63.2252491 0.0000000
v 41.6612998 -63.6422100 0.0000000
v 41.7307721 -63.8822841 0.0000000
v 41.8002445 -64.1223583 0.0000000
v 43.2411274 -63.7053974 0.0000000
v 43.3800721 -64.1855457 0.0000000
v 43.3105998 -63.9454716 0.0000000
v 41.8697168 -64.3624324 0.0000000
v 42.0086615 -64.8425807 0.0000000
v 42.0781339 -65.0826549 0.0000000
v 43.5190168 -64.6656940 0.0000000
v 43.5884892 -64.9057682 0.0000000
v 42.1476063 -65.3227290 0.0000000
v 42.2170786 -65.5628032 0.0000000
v 42.2865510 -65.8028773 0.0000000
v 43.6579615 -65.1458423 0.0000000
v 43.7969062 -65.6259906 0.0000000
v 43.7274339 -65.3859165 0.0000000
v 42.3556644 -66.0417111 0.0000000
v 43.8662644 -65.8687821 0.0000000
v 43.7976199 -65.6284727 0.0000000
v 42.4233167 -66.2785472 0.0000000
v 43.9346821 -66.1139814 0.0000000
v 43.8675255 -65.8732492 0.0000000
v 42.5570064 -66.7577761 0.0000000
v 42.6241631 -66.9985083 0.0000000
v 44.0018388 -66.3547136 0.0000000
v 42.7584765 -67.4799727 0.0000000
v 42.8256331 -67.7207049 0.0000000
v 44.2033088 -67.0769101 0.0000000
v 44.2704655 -67.3176423 0.0000000
v 43.0271031 -68.4429015 0.0000000
v 43.0942598 -68.6836337 0.0000000
v 44.5390922 -68.2805711 0.0000000
v 44.4047788 -67.7991067 0.0000000
v 44.3376222 -67.5583745 0.0000000
v 42.8927898 -67.9614371 0.0000000
v 42.9599465 -68.2021693 0.0000000
v 44.4719355 -68.0398389 0.0000000
v 44.7405622 -69.0027677 0.0000000
v 44.6734055 -68.7620355 0.0000000
v 43.2957298 -69.4058302 0.0000000
v 42.4898498 -66.5170439 0.0000000
v 43.3628865 -69.6465624 0.0000000
v 43.4300432 -69.8872946 0.0000000
v 44.8077189 -69.2434999 0.0000000
v 43.4971998 -70.1280268 0.0000000
v 44.9420322 -69.7249643 0.0000000
v 45.0091889 -69.9656964 0.0000000
v 43.5593393 -70.3507740 0.0000000
v 45.0183222 -70.0018939 0.0000000
v 45.1335826 -70.8406049 0.0000000
v 45.1111160 -70.5916928 0.0000000
v 43.6359519 -70.9344114 0.0000000
v 43.6013352 -71.2822825 0.0000000
v 43.5678056 -71.4884985 0.0000000
v 45.0818922 -71.5230130 0.0000000
v 43.6329183 -71.0880381 0.0000000
v 44.9586441 -72.0863532 0.0000000
v 45.0242505 -71.8496761 0.0000000
v 43.5451173 -71.5703472 0.0000000
v 44.8604134 -72.3013167 0.0000000
v 44.7220197 -72.5094253 0.0000000
v 43.2589137 -71.9836169 0.0000000
v 44.4050313 -72.9543714 0.0000000
v 44.5555516 -72.7569329 0.0000000
v 44.2999949 -73.0662524 0.0000000
v 42.8142828 -72.3685185 0.0000000
v 43.3768075 -73.7691511 0.0000000
v 43.5969221 -73.6507806 0.0000000
v 43.7312304 -73.5584460 0.0000000
v 42.6663687 -72.4480619 0.0000000
v 43.1566929 -73.8875216 0.0000000
v 41.6802383 -73.1252862 0.0000000
v 42.6085068 -74.3141858 0.0000000
v 42.7225819 -74.2039520 0.0000000
v 41.2999421 -78.5569412 0.0000000
v 41.3544187 -78.8008557 0.0000000
v 42.7638745 -78.2299825 0.0000000
v 41.4088952 -79.0447703 0.0000000
v 41.4633718 -79.2886848 0.0000000
v 42.8728276 -78.7178116 0.0000000
v 42.9273042 -78.9617261 0.0000000
v 41.5178483 -79.5325994 0.0000000
v 42.9817807 -79.2056407 0.0000000
v 41.5723249 -79.7765140 0.0000000
v 41.6268014 -80.0204285 0.0000000
v 43.0362573 -79.4495553 0.0000000
v 43.1452104 -79.9373844 0.0000000
v 43.0907338 -79.6934698 0.0000000
v 43.1996869 -80.1812989 0.0000000
v 41.6812780 -80.2643431 0.0000000
v 41.7357546 -80.5082576 0.0000000
v 41.7741789 -80.6802999 0.0000000
v 41.7779257 -80.8364987 0.0000000
v 43.2779454 -80.8193324 0.0000000
v 43.2713658 -81.1067775 0.0000000
v 43.2779043 -80.8569390 0.0000000
v 41.7718792 -81.0675344 0.0000000
v 41.7663965 -81.2770318 0.0000000
v 41.7430919 -81.4503306 0.0000000
v 43.2252440 -81.6834580 0.0000000
v 43.1580998 -81.9930892 0.0000000
v 43.2133670 -81.7493526 0.0000000
v 41.6571872 -81.8291834 0.0000000
v 42.9509304 -82.6065264 0.0000000
v 43.0531619 -82.3835459 0.0000000
v 41.6155254 -81.9200533 0.0000000
v 42.8842007 -82.7231816 0.0000000
v 41.2591367 -82.4307161 0.0000000
v 42.3796261 -83.4297420 0.0000000
v 42.4551039 -83.3380263 0.0000000
v 42.2076419 -83.6078705 0.0000000
v 41.1590978 -82.5343289 0.0000000
v 41.9495934 -83.8256540 0.0000000
v 42.1430223 -83.6673907 0.0000000
v 40.6375839 -82.9588167 0.0000000
v 41.5570152 -84.1443111 0.0000000
v 41.7516183 -83.9876075 0.0000000
v 41.5131282 -84.1770832 0.0000000
v 40.2489676 -83.2274801 0.0000000
v 40.8963904 -84.6034546 0.0000000
v 41.1019696 -84.4613308 0.0000000
v 39.4266505 -83.7959753 0.0000000
v 40.0740733 -85.1719497 0.0000000
v 40.2796526 -85.0298260 0.0000000
v 39.0154920 -84.0802229 0.0000000
v 39.6629148 -85.4561973 0.0000000
v 39.8684941 -85.3140735 0.0000000
v 38.6043335 -84.3644704 0.0000000
v 39.2517563 -85.7404449 0.0000000
v 39.4573355 -85.5983211 0.0000000
v 38.1931749 -84.6487180 0.0000000
v 38.8405977 -86.0246925 0.0000000
v 39.0461770 -85.8825687 0.0000000
v 37.7820164 -84.9329656 0.0000000
v 38.4294392 -86.3089401 0.0000000
v 38.6350185 -86.1668163 0.0000000
v 37.3708579 -85.2172132 0.0000000
v 38.0182807 -86.5931877 0.0000000
v 38.2238599 -86.4510639 0.0000000
v 34.2871689 -87.3490701 0.0000000
v 34.0815896 -87.4911939 0.0000000
v 34.9345917 -88.7250445 0.0000000
v 33.0536933 -88.2018128 0.0000000
v 32.8481140 -88.3439366 0.0000000
v 33.7011161 -89.5777873 0.0000000
v 33.4955368 -89.7199111 0.0000000
v 32.6425348 -88.4860604 0.0000000
v 32.4369555 -88.6281842 0.0000000
v 33.2899576 -89.8620349 0.0000000
v 31.6146384 -89.1966794 0.0000000
v 31.4090592 -89.3388032 0.0000000
v 32.4676405 -90.4305301 0.0000000
v 32.0564820 -90.7147776 0.0000000
v 32.2620612 -90.5726538 0.0000000
v 31.2034799 -89.4809270 0.0000000
v 30.9979006 -89.6230508 0.0000000
v 31.6453234 -90.9990252 0.0000000
v 31.8509027 -90.8569014 0.0000000
v 30.7923214 -89.7651745 0.0000000
v 30.5867421 -89.9072983 0.0000000
v 31.2341649 -91.2832728 0.0000000
v 31.4397442 -91.1411490 0.0000000
v 30.3811628 -90.0494221 0.0000000
v 30.1755836 -90.1915459 0.0000000
v 30.8230064 -91.5675204 0.0000000
v 31.0285856 -91.4253966 0.0000000
v 29.9700043 -90.3336697 0.0000000
v 29.7644250 -90.4757935 0.0000000
v 30.4118478 -91.8517680 0.0000000
v 30.6174271 -91.7096442 0.0000000
v 29.5588458 -90.6179173 0.0000000
v 29.3532665 -90.7600411 0.0000000
v 30.0006893 -92.1360156 0.0000000
v 30.2062686 -91.9938918 0.0000000
v 29.1476872 -90.9021649 0.0000000
v 28.9424112 -91.0440790 0.0000000
v 28.7622393 -92.7850174 0.0000000
v 29.2230547 -92.5913754 0.0000000
v 28.2751434 -91.3626478 0.0000000
v 28.8008574 -91.1417344 0.0000000
v 28.6419520 -91.2085090 0.0000000
v 28.3224837 -92.8688616 0.0000000
v 28.5670914 -92.8374916 0.0000000
v 28.1681835 -91.3763650 0.0000000
v 27.9993719 -92.8819951 0.0000000
v 28.2491873 -92.8746284 0.0000000
v 27.7899335 -91.3875192 0.0000000
v 27.5819453 -92.8754381 0.0000000
v 27.7495565 -92.8893619 0.0000000
v 27.3392456 -92.8274411 0.0000000
v 27.6633439 -91.3624845 0.0000000
v 27.0339534 -92.7411095 0.0000000
v 27.2737865 -92.8114092 0.0000000
v 27.1566987 -91.1976420 0.0000000
v 26.4749707 -92.5360830 0.0000000
v 26.7001216 -92.6362909 0.0000000
v 26.3395471 -92.4579755 0.0000000
v 26.7430764 -90.8891323 0.0000000
v 25.4226795 -91.6146962 0.0000000
v 25.5630145 -91.8215006 0.0000000
v 25.7083974 -91.9805975 0.0000000
v 25.0468089 -91.0038440 0.0000000
v 25.1420094 -91.2010872 0.0000000
v 26.4453696 -90.4504172 0.0000000
v 24.9725897 -90.7665563 0.0000000
v 26.4081500 -90.3314217 0.0000000
v 24.9651284 -90.7411343 0.0000000
v 26.3466318 -90.1072350 0.0000000
v 24.8968148 -90.4920053 0.0000000
v 24.8989926 -90.5001196 0.0000000
v 26.3033190 -89.9421688 0.0000000
v 24.8101491 -90.1035289 0.0000000
v 24.8334537 -90.2505348 0.0000000
v 26.2780546 -89.4302006 0.0000000
v 24.8950256 -88.8369933 0.0000000
v 24.8153104 -89.0738635 0.0000000
v 24.7762282 -89.3247762 0.0000000
v 26.4525823 -88.9367183 0.0000000
v 25.0772182 -88.3349650 0.0000000
v 24.9867891 -88.5669286 0.0000000
v 25.1305251 -88.2254531 0.0000000
v 25.2577947 -88.0103613 0.0000000
v 26.7388602 -88.4528947 0.0000000
v 25.8634473 -87.2286891 0.0000000
v 25.6733113 -87.3895946 0.0000000
v 26.8267134 -88.3785475 0.0000000
v 25.8749866 -87.2191200 0.0000000
v 27.1786785 -88.0925657 0.0000000
v 26.3255919 -86.8581620 0.0000000
v 26.2629201 -86.9039127 0.0000000
v 26.5345296 -86.7216221 0.0000000
v 27.3471335 -87.9824811 0.0000000
v 26.7631950 -86.5800496 0.0000000
v 26.5505828 -86.7114195 0.0000000
v 28.4021031 -87.3306308 0.0000000
v 27.6136437 -86.0545698 0.0000000
v 27.4010315 -86.1859397 0.0000000
v 28.8273275 -87.0678909 0.0000000
v 28.2514803 -85.6604599 0.0000000
v 28.0388681 -85.7918299 0.0000000
v 29.4651641 -86.6737811 0.0000000
v 28.6767047 -85.3977200 0.0000000
v 28.4640925 -85.5290900 0.0000000
v 29.6777762 -86.5424111 0.0000000
v 29.1019290 -85.1349801 0.0000000
v 28.8893169 -85.2663501 0.0000000
v 30.3156128 -86.1483013 0.0000000
v 29.5271534 -84.8722402 0.0000000
v 29.3145412 -85.0036102 0.0000000
v 30.7408372 -85.8855614 0.0000000
v 29.9523778 -84.6095003 0.0000000
v 29.7397656 -84.7408703 0.0000000
v 30.9534494 -85.7541914 0.0000000
v 30.3776022 -84.3467604 0.0000000
v 30.1649900 -84.4781304 0.0000000
v 31.5912859 -85.3600816 0.0000000
v 31.0154388 -83.9526506 0.0000000
v 30.8028266 -84.0840205 0.0000000
v 32.0165103 -85.0973417 0.0000000
v 31.4209081 -83.7021171 0.0000000
v 31.2280509 -83.8212806 0.0000000
v 29.8215229 -67.1441627 0.0000000
v 28.3482425 -67.4260223 0.0000000
v 28.3952048 -67.6714944 0.0000000
v 30.2707227 -76.0582886 0.0000000
v 30.3512716 -76.2948766 0.0000000
v 31.6906824 -75.5748483 0.0000000
v 31.6101335 -75.3382603 0.0000000
v 30.1901738 -75.8217006 0.0000000
v 30.4789955 -70.5807719 0.0000000
v 29.0057151 -70.8626316 0.0000000
v 29.0526774 -71.1081037 0.0000000
v 29.7084362 -74.0820418 0.0000000
v 31.2232752 -73.9489079 0.0000000
v 31.1607748 -73.7069251 0.0000000
v 31.0982743 -73.4649422 0.0000000
v 29.6459357 -73.8400589 0.0000000
v 30.1018984 -75.5611025 0.0000000
v 30.1096249 -75.5851126 0.0000000
v 31.5336497 -75.1136124 0.0000000
v 31.4693603 -74.9016751 0.0000000
v 30.0294014 -75.3221078 0.0000000
v 30.0209384 -75.2919560 0.0000000
v 29.7709366 -74.3240246 0.0000000
v 30.8526928 -72.5141246 0.0000000
v 29.3959339 -72.8721275 0.0000000
v 29.4584344 -73.1141104 0.0000000
v 29.3879046 -72.8377106 0.0000000
v 29.3368929 -72.5931478 0.0000000
v 30.8065617 -72.2929606 0.0000000
v 29.2874891 -72.3354641 0.0000000
v 29.3344514 -72.5809362 0.0000000
v 29.5834353 -73.5980761 0.0000000
v 30.3381085 -69.8443557 0.0000000
v 28.8178658 -69.8807432 0.0000000
v 28.8648281 -70.1262153 0.0000000
v 30.1032969 -68.6169952 0.0000000
v 28.6300165 -68.8988549 0.0000000
v 28.6769788 -69.1443270 0.0000000
v 31.2857757 -74.1908908 0.0000000
v 29.9624099 -67.8805790 0.0000000
v 28.4891295 -68.1624386 0.0000000
v 28.5360918 -68.4079107 0.0000000
v 32.1739757 -76.9943763 0.0000000
v 32.0934268 -76.7577883 0.0000000
v 30.7540160 -77.4778166 0.0000000
v 29.7275983 -66.6532185 0.0000000
v 28.2073555 -66.6896061 0.0000000
v 28.2543179 -66.9350782 0.0000000
v 29.6806359 -66.4077464 0.0000000
v 28.1603932 -66.4441340 0.0000000
v 29.4927866 -65.4258581 0.0000000
v 27.9725439 -65.4622456 0.0000000
v 28.0195062 -65.7077177 0.0000000
v 29.1878074 -63.7231877 0.0000000
v 27.7076803 -63.9665467 0.0000000
v 27.7482278 -64.2131596 0.0000000
v 29.3522115 -64.6910722 0.0000000
v 27.8780026 -64.9680393 0.0000000
v 27.8786192 -64.9713014 0.0000000
v 29.3081331 -64.4550170 0.0000000
v 27.8293228 -64.7063853 0.0000000
v 27.8321295 -64.7223735 0.0000000
v 27.7887753 -64.4597724 0.0000000
v 27.6671328 -63.7199338 0.0000000
v 29.0256175 -62.7367363 0.0000000
v 27.4643953 -62.4868695 0.0000000
v 27.5454903 -62.9800952 0.0000000
v 28.9039750 -61.9968977 0.0000000
v 27.3833003 -61.9936437 0.0000000
v 27.4238478 -62.2402566 0.0000000
v 28.8228800 -61.5036719 0.0000000
v 27.3022053 -61.5004180 0.0000000
v 27.3427528 -61.7470309 0.0000000
v 28.7012375 -60.7638333 0.0000000
v 27.1805628 -60.7605794 0.0000000
v 27.2211103 -61.0071923 0.0000000
v 28.5291059 -59.7591301 0.0000000
v 27.0573103 -60.0487386 0.0000000
v 27.1010723 -60.2771119 0.0000000
v 28.4079858 -59.1988438 0.0000000
v 26.9135565 -59.4346285 0.0000000
v 26.9611449 -59.5957185 0.0000000
v 27.4845653 -57.4326795 0.0000000
v 27.4632227 -57.4050234 0.0000000
v 26.2863840 -58.3352685 0.0000000
v 26.8883122 -56.7971207 0.0000000
v 26.7091994 -56.6228203 0.0000000
v 25.6667698 -57.7014153 0.0000000
v 22.5527985 -55.1237277 0.0000000
v 22.3034445 -55.1068580 0.0000000
v 22.4515492 -56.6203067 0.0000000
v 21.7034872 -56.5696974 0.0000000
v 21.9528412 -56.5865672 0.0000000
v 21.8047365 -55.0731185 0.0000000
v 21.5553825 -55.0562487 0.0000000
v 21.4541332 -56.5528277 0.0000000
v 21.2047792 -56.5359579 0.0000000
v 21.3060285 -55.0393790 0.0000000
v 21.0566745 -55.0225092 0.0000000
v 20.7060712 -56.5022184 0.0000000
v 20.9554252 -56.5190882 0.0000000
v 16.8322724 -55.7935727 0.0000000
v 16.6023784 -55.8916073 0.0000000
v 17.2224675 -57.2578713 0.0000000
v 16.5403469 -55.9214958 0.0000000
v 16.3213839 -56.0396772 0.0000000
v 17.0656111 -57.3425317 0.0000000
v 16.8880816 -57.4616927 0.0000000
v 16.0521110 -56.2162398 0.0000000
v 16.6805692 -57.6009788 0.0000000
v 15.8445986 -56.3555259 0.0000000
v 16.3228185 -57.8459924 0.0000000
v 16.4796471 -57.7358414 0.0000000
v 15.6240008 -56.5037974 0.0000000
v 14.7911967 -57.2184317 0.0000000
v 15.6249674 -58.4901582 0.0000000
v 15.8086130 -58.3206404 0.0000000
v 13.4229823 -58.9610164 0.0000000
v 13.4110623 -58.9827445 0.0000000
v 14.7321238 -59.6933430 0.0000000
v 13.2944918 -59.2038176 0.0000000
v 13.1779212 -59.4248907 0.0000000
v 14.5047631 -60.1245267 0.0000000
v 13.0613507 -59.6459638 0.0000000
v 14.2716220 -60.5666729 0.0000000
v 14.3881926 -60.3455998 0.0000000
v 9.7201557 -67.8104886 0.0000000
v 9.6271107 -68.0421835 0.0000000
v 11.0190640 -68.6011701 0.0000000
v 9.5339746 -68.2741052 0.0000000
v 10.9259279 -68.8330918 0.0000000
v 10.8327918 -69.0650135 0.0000000
v 10.7396556 -69.2969352 0.0000000
v 9.3477023 -68.7379486 0.0000000
v 9.2545662 -68.9698703 0.0000000
v 9.1614301 -69.2017920 0.0000000
v 10.6465195 -69.5288569 0.0000000
v 10.5533834 -69.7607786 0.0000000
v 10.3671112 -70.2246220 0.0000000
v 10.4602473 -69.9927003 0.0000000
v 8.9751579 -69.6656354 0.0000000
v 8.8820218 -69.8975571 0.0000000
v 10.2739751 -70.4565437 0.0000000
v 8.7888857 -70.1294788 0.0000000
v 8.6957496 -70.3614005 0.0000000
v 10.1808390 -70.6884654 0.0000000
v 8.3232051 -71.2890872 0.0000000
v 8.2300690 -71.5210089 0.0000000
v 9.6220223 -72.0799955 0.0000000
v 8.5094774 -70.8252439 0.0000000
v 8.4163412 -71.0571656 0.0000000
v 9.8082946 -71.6161521 0.0000000
v 9.9014307 -71.3842304 0.0000000
v 10.0877029 -70.9203871 0.0000000
v 8.1369329 -71.7529306 0.0000000
v 8.0437968 -71.9848523 0.0000000
v 9.5288862 -72.3119172 0.0000000
v 7.9506607 -72.2167740 0.0000000
v 9.3426140 -72.7757606 0.0000000
v 9.2494779 -73.0076823 0.0000000
v 7.8575246 -72.4486957 0.0000000
v 7.7643885 -72.6806174 0.0000000
v 9.1563418 -73.2396040 0.0000000
v 8.8769335 -73.9353691 0.0000000
v 8.9700696 -73.7034474 0.0000000
v 7.5781163 -73.1444608 0.0000000
v 7.4849802 -73.3763825 0.0000000
v 7.3918440 -73.6083042 0.0000000
v 8.6906612 -74.3992125 0.0000000
v 8.7837973 -74.1672908 0.0000000
v 7.2987079 -73.8402259 0.0000000
v 7.2092620 -74.0629584 0.0000000
v 8.5899034 -74.6494118 0.0000000
v 8.5975251 -74.6311341 0.0000000
v 8.4908042 -74.8784985 0.0000000
v 7.1286152 -74.2493892 0.0000000
v 8.4585657 -74.9440612 0.0000000
v 6.2816971 -75.5009105 0.0000000
v 6.1590099 -75.6303655 0.0000000
v 7.3704342 -76.5327300 0.0000000
v 6.6866324 -75.0475318 0.0000000
v 6.5951503 -75.1701665 0.0000000
v 7.7710610 -76.1024673 0.0000000
v 7.9193118 -75.9037325 0.0000000
v 6.4536148 -75.3195094 0.0000000
v 7.5423519 -76.3513290 0.0000000
v 7.0911199 -76.8077748 0.0000000
v 7.1985166 -76.7141310 0.0000000
v 6.8900359 -76.9519263 0.0000000
v 6.0483115 -75.7097220 0.0000000
v 6.6060004 -77.1179838 0.0000000
v 6.8233419 -76.9945953 0.0000000
v 5.3185238 -76.1063239 0.0000000
v 5.8791227 -77.4986650 0.0000000
v 6.1058768 -77.3977929 0.0000000
v 5.7783617 -77.5351115 0.0000000
v 5.5378677 -77.6031162 0.0000000
v 4.6983213 -76.2816991 0.0000000
v 4.7105009 -77.7944753 0.0000000
v 4.9562397 -77.7602573 0.0000000
v 4.5430070 -76.3033259 0.0000000
v 4.6313848 -77.8012478 0.0000000
v 3.9374241 -76.3178782 0.0000000
v 3.8585267 -77.8178910 0.0000000
v 4.1076011 -77.8178507 0.0000000
v 3.7019862 -77.8013984 0.0000000
v 3.3319364 -76.1887592 0.0000000
v 2.8698520 -77.6167414 0.0000000
v 2.9687018 -77.6450270 0.0000000
v 2.6362364 -77.5321797 0.0000000
v 3.1771525 -76.1327321 0.0000000
v 2.3497206 -77.4026587 0.0000000
v 2.5765377 -77.5076160 0.0000000
v 2.5979878 -75.8530188 0.0000000
v 1.8662149 -77.1628228 0.0000000
v 2.0864888 -77.2796371 0.0000000
v 1.8096538 -77.1295797 0.0000000
v 1.9963813 -75.4630591 0.0000000
v 1.1804945 -76.7217603 0.0000000
v 1.3902143 -76.8577001 0.0000000
v 1.0114662 -74.9185042 0.0000000
v 0.2031529 -76.2046602 0.0000000
v 0.4239129 -76.2986423 0.0000000
v 0.1288864 -74.6389353 0.0000000
v -0.3571978 -76.0798323 0.0000000
v -0.1104764 -76.1197140 0.0000000
v -1.6079101 -74.6169333 0.0000000
v -1.5402806 -76.1284348 0.0000000
v -1.3699626 -76.0981515 0.0000000
v -3.0113559 -75.0882315 0.0000000
v -3.0827314 -75.1324801 0.0000000
v -2.2566881 -76.3852455 0.0000000
v -3.2874425 -75.2758515 0.0000000
v -3.4921535 -75.4192230 0.0000000
v -2.6316632 -76.6478630 0.0000000
v -6.8400716 -80.1146972 0.0000000
v -6.9743195 -80.3255040 0.0000000
v -5.5748460 -80.9204292 0.0000000
v -7.1085673 -80.5363109 0.0000000
v -7.2428152 -80.7471177 0.0000000
v -5.8433417 -81.3420429 0.0000000
v -6.2460852 -81.9744634 0.0000000
v -6.1118374 -81.7636566 0.0000000
v -7.5113109 -81.1687314 0.0000000
v -6.3803331 -82.1852702 0.0000000
v -7.6455587 -81.3795382 0.0000000
v -6.5145809 -82.3960771 0.0000000
v -7.7798066 -81.5903451 0.0000000
v -6.9173245 -83.0284976 0.0000000
v -6.7830766 -82.8176907 0.0000000
v -8.0483023 -82.0119587 0.0000000
v -7.1858202 -83.4501113 0.0000000
v -8.4510458 -82.6443792 0.0000000
v -7.3200680 -83.6609181 0.0000000
v -8.5852937 -82.8551861 0.0000000
v -7.4543159 -83.8717249 0.0000000
v -8.7195415 -83.0659929 0.0000000
v -7.7228116 -84.2933386 0.0000000
v -7.5885637 -84.0825318 0.0000000
v -8.8537893 -83.2767997 0.0000000
v -8.9880372 -83.4876066 0.0000000
v -9.2565329 -83.9092203 0.0000000
v -8.1255551 -84.9257591 0.0000000
v -7.9913072 -84.7149523 0.0000000
v -9.3907807 -84.1200271 0.0000000
v -9.5250286 -84.3308339 0.0000000
v -8.2598029 -85.1365659 0.0000000
v -8.3940508 -85.3473728 0.0000000
v -9.6592764 -84.5416408 0.0000000
v -8.6243003 -85.6792873 0.0000000
v -8.5282986 -85.5581796 0.0000000
v -9.7517956 -84.6869218 0.0000000
v -8.7979749 -85.8571507 0.0000000
v -9.8576861 -84.7953663 0.0000000
v -9.0092807 -86.0536896 0.0000000
v -8.8256922 -85.8841099 0.0000000
v -10.1327690 -85.0402145 0.0000000
v -9.3522280 -86.3235062 0.0000000
v -9.2240254 -86.2361521 0.0000000
v -9.5722116 -86.4421198 0.0000000
v -10.4642015 -86.7723823 0.0000000
v -10.2200505 -86.7189754 0.0000000
v -10.5913416 -85.2647258 0.0000000
v -10.7847406 -85.3070309 0.0000000
v -10.9686315 -85.3472563 0.0000000
v -10.8302167 -86.8421296 0.0000000
v -10.7083525 -86.8257893 0.0000000
v -11.0774818 -86.8548080 0.0000000
v -11.1115680 -85.3545852 0.0000000
v -11.4123354 -86.8386497 0.0000000
v -11.1629029 -86.8543169 0.0000000
v -11.6186364 -85.3071467 0.0000000
v -12.0101024 -86.7575860 0.0000000
v -11.7694944 -86.8083206 0.0000000
v -12.1682295 -86.7053481 0.0000000
v -12.1249968 -85.0611502 0.0000000
v -13.1715930 -86.1544430 0.0000000
v -12.9696422 -86.3016771 0.0000000
v -12.8882596 -86.3533432 0.0000000
v -12.4898708 -84.7951356 0.0000000
v -13.5754946 -85.8599749 0.0000000
v -13.3735438 -86.0072090 0.0000000
v -15.3161787 -82.7344607 0.0000000
v -15.5170477 -82.5871870 0.0000000
v -16.4039747 -83.7968814 0.0000000
v -15.7186022 -82.4394107 0.0000000
v -16.6055291 -83.6491052 0.0000000
v -17.2101925 -83.2057765 0.0000000
v -16.8070836 -83.5013289 0.0000000
v -16.3232655 -81.9960821 0.0000000
v -16.5248200 -81.8483058 0.0000000
v -16.7263744 -81.7005296 0.0000000
v -17.6133014 -82.9102240 0.0000000
v -16.9279288 -81.5527534 0.0000000
v -17.0776968 -81.4429461 0.0000000
v -17.8148558 -82.7624478 0.0000000
v -18.0164103 -82.6146716 0.0000000
v -18.1127751 -82.5304830 0.0000000
v -18.2845973 -82.3523346 0.0000000
v -17.1753933 -81.3416526 0.0000000
v -18.4920708 -82.0895558 0.0000000
v -18.3400364 -82.2879179 0.0000000
v -17.5769755 -80.8064875 0.0000000
v -18.8205901 -81.6453246 0.0000000
v -18.8035788 -81.6700089 0.0000000
v -18.9582690 -81.4367424 0.0000000
v -17.9489587 -80.2429369 0.0000000
v -19.2336269 -81.0195781 0.0000000
v -19.0959480 -81.2281603 0.0000000
v -19.3936574 -80.6887656 0.0000000
v -19.2909678 -80.9156594 0.0000000
v -18.0202779 -80.0853563 0.0000000
v -19.4066339 -80.6583231 0.0000000
v -18.1874660 -79.6678350 0.0000000
v -19.6861991 -79.8922281 0.0000000
v -19.6145556 -80.1310206 0.0000000
v -18.2435270 -79.4809805 0.0000000
v -19.6969835 -79.8523181 0.0000000
v -18.3951981 -78.8442621 0.0000000
v -19.8718511 -79.1163829 0.0000000
v -19.8156031 -79.3596839 0.0000000
v -19.8902707 -78.9832293 0.0000000
v -19.9262734 -78.1680106 0.0000000
v -19.9260406 -78.2343110 0.0000000
v -18.4261655 -78.1958944 0.0000000
v -18.4188197 -78.0155256 0.0000000
v -19.9099962 -77.8493000 0.0000000
v -19.9161454 -77.9193282 0.0000000
v -19.8764905 -77.6016322 0.0000000
v -18.2967404 -77.1544014 0.0000000
v -19.7642203 -76.8361428 0.0000000
v -19.8057555 -77.0818206 0.0000000
v -19.7288733 -76.7029801 0.0000000
v -17.9769443 -76.2831103 0.0000000
v -19.3841147 -75.7636169 0.0000000
v -19.4704430 -75.9981571 0.0000000
v -19.3831047 -75.7608891 0.0000000
v -19.2958672 -75.5266848 0.0000000
v -17.7157395 -75.5818605 0.0000000
v -19.0343355 -74.8245576 0.0000000
v -19.1213922 -75.0582764 0.0000000
v -17.4541870 -74.8739471 0.0000000
v -18.7775429 -74.1248202 0.0000000
v -18.8632428 -74.3595914 0.0000000
v -17.2827872 -74.4044047 0.0000000
v -18.6061431 -73.6552777 0.0000000
v -18.6918430 -73.8900489 0.0000000
v -17.0256875 -73.7000910 0.0000000
v -18.4347433 -73.1857352 0.0000000
v -19.7555047 -79.6093422 0.0000000
v -18.2972061 -79.2581083 0.0000000
v -19.4995394 -80.4263090 0.0000000
v -18.1070310 -79.8687066 0.0000000
v -15.9201566 -82.2916345 0.0000000
v -14.9132807 -83.0283267 0.0000000
v -15.1151040 -82.8811856 0.0000000
v -15.7969537 -84.2404001 0.0000000
v -15.5950029 -84.3876342 0.0000000
v -15.3930521 -84.5348683 0.0000000
v -14.5093790 -83.3227949 0.0000000
v -14.9891504 -84.8293364 0.0000000
v -14.7871996 -84.9765705 0.0000000
v -13.9035265 -83.7644971 0.0000000
v -13.2976741 -84.2061993 0.0000000
v -13.4996249 -84.0589652 0.0000000
v -14.3832979 -85.2710386 0.0000000
v -12.6918216 -84.6479015 0.0000000
v -12.8937724 -84.5006674 0.0000000
v -12.2879199 -84.9423696 0.0000000
v -12.3953688 -86.6010900 0.0000000
v -11.7696299 -85.2378399 0.0000000
v -10.4575296 -85.2153231 0.0000000
v -10.1205620 -86.6898803 0.0000000
v -5.7090939 -81.1312360 0.0000000
v -5.4405982 -80.7096224 0.0000000
v -5.3063503 -80.4988155 0.0000000
v -6.7058238 -79.9038904 0.0000000
v -6.1688324 -79.0606630 0.0000000
v -6.3030803 -79.2714698 0.0000000
v -5.0378546 -80.0772019 0.0000000
v -4.9036068 -79.8663950 0.0000000
v -4.7693589 -79.6555882 0.0000000
v -4.5008632 -79.2339745 0.0000000
v -6.0345846 -78.8498562 0.0000000
v -4.3666154 -79.0231677 0.0000000
v -5.7660889 -78.4282425 0.0000000
v -4.2323675 -78.8123608 0.0000000
v -5.4975932 -78.0066288 0.0000000
v -4.0981197 -78.6015540 0.0000000
v -3.9638719 -78.3907472 0.0000000
v -5.3633453 -77.7958220 0.0000000
v -5.0948496 -77.3742083 0.0000000
v -5.2290975 -77.5850152 0.0000000
v -3.8314024 -78.1827329 0.0000000
v -4.9551952 -77.1590727 0.0000000
v -5.0912683 -77.3686391 0.0000000
v -3.7075100 -77.9919261 0.0000000
v -3.5721129 -77.8049305 0.0000000
v -4.7870679 -76.9252235 0.0000000
v -3.4255396 -77.6024995 0.0000000
v -3.2804622 -77.4021345 0.0000000
v -4.6404946 -76.7227925 0.0000000
v -4.4939214 -76.5203616 0.0000000
v -4.4909157 -76.5162400 0.0000000
v -4.1672622 -76.0946305 0.0000000
v -4.3236182 -76.2896044 0.0000000
v -3.1434651 -77.2156130 0.0000000
v -2.9970629 -77.0330513 0.0000000
v -2.8445636 -76.8428865 0.0000000
v -4.0109063 -75.8996566 0.0000000
v -2.7537241 -76.7333496 0.0000000
v -3.6968646 -75.5625945 0.0000000
v -3.8439274 -75.6981499 0.0000000
v -2.1891260 -74.7614463 0.0000000
v -2.4270472 -74.8379674 0.0000000
v -1.9677808 -76.2659290 0.0000000
v -2.1384750 -76.3208284 0.0000000
v -1.7298595 -76.1894079 0.0000000
v -1.8528654 -74.6604874 0.0000000
v -1.5583923 -74.6098234 0.0000000
v -0.6529423 -74.5277067 0.0000000
v -0.8130905 -74.5280722 0.0000000
v -0.7295928 -76.0279102 0.0000000
v -0.4058657 -74.5536674 0.0000000
v -0.5833411 -76.0432770 0.0000000
v -0.3645564 -74.5591720 0.0000000
v 0.7815131 -74.8206085 0.0000000
v 0.0561286 -76.1466451 0.0000000
v 0.7630260 -74.8130274 0.0000000
v 0.5312159 -74.7215562 0.0000000
v 0.7923302 -76.4701532 0.0000000
v 1.5125356 -75.1538351 0.0000000
v 1.2911799 -75.0397741 0.0000000
v 1.5769418 -75.1911795 0.0000000
v 1.5999340 -76.9936399 0.0000000
v 2.4158208 -75.7349387 0.0000000
v 2.2061011 -75.5989989 0.0000000
v 3.4575581 -77.7492746 0.0000000
v 3.7703961 -76.2822598 0.0000000
v 3.5259680 -76.2301360 0.0000000
v 5.1297154 -76.1597134 0.0000000
v 7.7142695 -76.1699280 0.0000000
v 8.0953425 -75.5999781 0.0000000
v 8.2164169 -75.3813391 0.0000000
v 6.7831098 -74.8733108 0.0000000
v 8.3374913 -75.1627002 0.0000000
v 7.0252586 -74.4360328 0.0000000
v 9.9983704 -67.1152148 0.0000000
v 9.9055882 -67.3472783 0.0000000
v 11.2983928 -67.9041404 0.0000000
v 11.3911749 -67.6720769 0.0000000
v 11.4839571 -67.4400133 0.0000000
v 10.3694989 -66.1869606 0.0000000
v 10.1839346 -66.6510877 0.0000000
v 11.5767392 -67.2079498 0.0000000
v 10.4622810 -65.9548971 0.0000000
v 11.8550856 -66.5117592 0.0000000
v 10.6478453 -65.4907701 0.0000000
v 10.5550632 -65.7228336 0.0000000
v 11.9478678 -66.2796957 0.0000000
v 10.7406274 -65.2587065 0.0000000
v 12.1334320 -65.8155686 0.0000000
v 12.3189963 -65.3514416 0.0000000
v 12.4117784 -65.1193780 0.0000000
v 11.0189739 -64.5625159 0.0000000
v 11.2045381 -64.0983889 0.0000000
v 11.1117560 -64.3304524 0.0000000
v 12.5973427 -64.6552510 0.0000000
v 11.2973203 -63.8663253 0.0000000
v 12.6901248 -64.4231874 0.0000000
v 12.8756891 -63.9590604 0.0000000
v 12.9684712 -63.7269968 0.0000000
v 11.4828845 -63.4021983 0.0000000
v 13.0612534 -63.4949333 0.0000000
v 11.6684488 -62.9380712 0.0000000
v 13.1540355 -63.2628698 0.0000000
v 13.2468177 -63.0308063 0.0000000
v 11.7612309 -62.7060077 0.0000000
v 13.3395998 -62.7987427 0.0000000
v 11.9467952 -62.2418806 0.0000000
v 12.1323595 -61.7777536 0.0000000
v 12.0395773 -62.0098171 0.0000000
v 13.4323819 -62.5666792 0.0000000
v 13.5251641 -62.3346157 0.0000000
v 13.7107283 -61.8704886 0.0000000
v 12.4107059 -61.0815630 0.0000000
v 12.3179238 -61.3136265 0.0000000
v 13.8035105 -61.6384251 0.0000000
v 12.5034880 -60.8494995 0.0000000
v 13.8962926 -61.4063615 0.0000000
v 13.9890747 -61.1742980 0.0000000
v 14.0736314 -60.9628079 0.0000000
v 12.5962702 -60.6174359 0.0000000
v 12.8128794 -60.1188716 0.0000000
v 12.7067035 -60.3447471 0.0000000
v 14.1630690 -60.7725408 0.0000000
v 12.8282095 -60.0881099 0.0000000
v 13.5466156 -58.7442270 0.0000000
v 14.8334706 -59.5156327 0.0000000
v 13.5813051 -58.6891075 0.0000000
v 15.3568516 -58.7590041 0.0000000
v 14.2082362 -57.7931363 0.0000000
v 14.1500197 -57.8669421 0.0000000
v 14.3740187 -57.6081002 0.0000000
v 15.4674662 -58.6355429 0.0000000
v 14.6075511 -57.3879495 0.0000000
v 14.4239055 -57.5574674 0.0000000
v 15.3421335 -56.7098782 0.0000000
v 15.1584879 -56.8793960 0.0000000
v 15.4197709 -56.6472415 0.0000000
v 17.0621663 -55.6955380 0.0000000
v 17.6505529 -57.0753211 0.0000000
v 17.5219542 -55.4994688 0.0000000
v 17.2920602 -55.5975034 0.0000000
v 18.0805202 -56.8919683 0.0000000
v 17.5825813 -55.4766564 0.0000000
v 18.2730631 -56.8288685 0.0000000
v 17.8196812 -55.3989544 0.0000000
v 18.4994703 -56.7642280 0.0000000
v 18.9709161 -56.6296275 0.0000000
v 18.0876668 -55.3218626 0.0000000
v 18.5867661 -55.1796205 0.0000000
v 18.5683091 -55.1846365 0.0000000
v 19.1518437 -56.5829269 0.0000000
v 19.5958718 -56.5332712 0.0000000
v 19.8442475 -56.5054953 0.0000000
v 19.4291658 -55.0425636 0.0000000
v 19.6775415 -55.0147877 0.0000000
v 20.0693418 -56.4803230 0.0000000
v 20.2509883 -56.4714303 0.0000000
v 19.9725972 -54.9832628 0.0000000
v 20.3086125 -54.9718999 0.0000000
v 20.2213148 -54.9710866 0.0000000
v 20.5579665 -54.9887697 0.0000000
v 20.8073205 -55.0056395 0.0000000
v 22.9502572 -56.6540462 0.0000000
v 23.1711277 -56.6689889 0.0000000
v 23.0515065 -55.1574672 0.0000000
v 23.3575985 -55.1803507 0.0000000
v 23.3008605 -55.1743370 0.0000000
v 23.8634334 -55.2576623 0.0000000
v 23.6166890 -55.2179230 0.0000000
v 23.3841192 -56.6997960 0.0000000
v 24.1101778 -55.2974016 0.0000000
v 23.6249252 -56.7385788 0.0000000
v 23.8716696 -56.7783181 0.0000000
v 24.3569222 -55.3371409 0.0000000
v 24.0442589 -56.8061144 0.0000000
v 24.7488714 -55.4686133 0.0000000
v 24.7348868 -55.4632003 0.0000000
v 24.2004210 -56.8647718 0.0000000
v 25.2131909 -55.6536956 0.0000000
v 24.8235950 -57.1131750 0.0000000
v 25.5718475 -55.8111695 0.0000000
v 25.4453506 -55.7462368 0.0000000
v 25.7821419 -55.9457178 0.0000000
v 24.9701435 -57.2069381 0.0000000
v 25.9982719 -56.0874282 0.0000000
v 25.7892937 -55.9503510 0.0000000
v 25.5377080 -57.5792264 0.0000000
v 26.7017693 -56.6156885 0.0000000
v 26.5205016 -56.4440740 0.0000000
v 27.3064003 -57.2113109 0.0000000
v 26.1685414 -58.1897052 0.0000000
v 27.8091761 -57.8770774 0.0000000
v 27.7806460 -57.8354005 0.0000000
v 26.5571485 -58.7035550 0.0000000
v 26.6483197 -58.8468627 0.0000000
v 27.9935063 -58.1810201 0.0000000
v 27.9426839 -58.0869319 0.0000000
v 28.0963055 -58.4088234 0.0000000
v 28.3375570 -58.9604376 0.0000000
v 28.3019037 -58.8644300 0.0000000
v 28.4742639 -59.5000669 0.0000000
v 28.4223673 -59.2555904 0.0000000
v 28.5761294 -60.0045239 0.0000000
v 28.5795950 -60.0239947 0.0000000
v 28.6606900 -60.5172204 0.0000000
v 28.8634275 -61.7502848 0.0000000
v 28.9445225 -62.2435105 0.0000000
v 27.5860378 -63.2267081 0.0000000
v 29.1472599 -63.4765749 0.0000000
v 29.0661650 -62.9833491 0.0000000
v 29.2283549 -63.9698006 0.0000000
v 29.4458243 -65.1803860 0.0000000
v 29.3988620 -64.9349139 0.0000000
v 28.0664685 -65.9531898 0.0000000
v 29.5397489 -65.6713302 0.0000000
v 29.6336736 -66.1622743 0.0000000
v 29.8684852 -67.3896348 0.0000000
v 30.0093722 -68.1260510 0.0000000
v 30.1502592 -68.8624673 0.0000000
v 30.2911462 -69.5988836 0.0000000
v 30.2441839 -69.3534115 0.0000000
v 28.9117904 -70.3716874 0.0000000
v 30.3850708 -70.0898278 0.0000000
v 30.5259578 -70.8262440 0.0000000
v 30.7607695 -72.0536045 0.0000000
v 30.7138071 -71.8081324 0.0000000
v 30.6734671 -77.2412286 0.0000000
v 32.5767201 -78.1773164 0.0000000
v 32.4961712 -77.9407284 0.0000000
v 31.0762115 -78.4241686 0.0000000
v 31.3178582 -79.1339327 0.0000000
v 31.3984071 -79.3705207 0.0000000
v 32.8183668 -78.8870804 0.0000000
v 32.8989157 -79.1236684 0.0000000
v 31.4789560 -79.6071087 0.0000000
v 31.5595049 -79.8436967 0.0000000
v 33.1405623 -79.8334324 0.0000000
v 33.0600134 -79.5968444 0.0000000
v 31.6400538 -80.0802847 0.0000000
v 33.2211112 -80.0700204 0.0000000
v 31.8011515 -80.5534607 0.0000000
v 31.8817004 -80.7900487 0.0000000
v 33.3016601 -80.3066084 0.0000000
v 31.9622493 -81.0266367 0.0000000
v 32.1233471 -81.4998127 0.0000000
v 33.5433068 -81.0163724 0.0000000
v 33.6238557 -81.2529604 0.0000000
v 32.1812065 -81.6697572 0.0000000
v 33.6564363 -81.3893056 0.0000000
v 31.5495370 -83.6111834 0.0000000
v 32.5735617 -84.7093491 0.0000000
v 32.7484666 -84.5308266 0.0000000
v 33.7311580 -82.5028873 0.0000000
v 33.7364417 -82.2550126 0.0000000
v 32.2328158 -82.4091311 0.0000000
v 33.7184268 -82.6254170 0.0000000
v 32.1650145 -82.7699361 0.0000000
v 33.4967307 -83.4823760 0.0000000
v 33.5870814 -83.2523841 0.0000000
v 32.1170600 -82.8920066 0.0000000
v 33.4589085 -83.5639217 0.0000000
v 31.9507214 -83.2006955 0.0000000
v 33.0998460 -84.1704192 0.0000000
v 33.2217964 -84.0039511 0.0000000
v 32.9259358 -84.3496741 0.0000000
v 32.2678397 -84.9403602 0.0000000
v 32.4707783 -84.7968936 0.0000000
v 32.2291225 -84.9659717 0.0000000
v 31.8038981 -85.2287116 0.0000000
v 31.1660616 -85.6228215 0.0000000
v 30.5282250 -86.0169313 0.0000000
v 29.8903884 -86.4110412 0.0000000
v 30.1030006 -86.2796712 0.0000000
v 27.8262559 -85.9231998 0.0000000
v 28.6147153 -87.1992609 0.0000000
v 27.9768787 -87.5933707 0.0000000
v 28.1894909 -87.4620008 0.0000000
v 27.5516544 -87.8561106 0.0000000
v 26.5487376 -88.7742111 0.0000000
v 26.6760072 -88.5591194 0.0000000
v 24.7957043 -89.8540226 0.0000000
v 26.2931968 -89.7673275 0.0000000
v 26.6638836 -90.7724300 0.0000000
v 27.4558798 -91.3016727 0.0000000
v 29.7951100 -92.2781394 0.0000000
v 33.9066953 -89.4356635 0.0000000
v 34.1122746 -89.2935397 0.0000000
v 34.3178539 -89.1514159 0.0000000
v 33.4648518 -87.9175653 0.0000000
v 33.6704311 -87.7754415 0.0000000
v 34.5234331 -89.0092921 0.0000000
v 33.8760104 -87.6333177 0.0000000
v 35.1401709 -88.5829208 0.0000000
v 34.9039067 -86.9226987 0.0000000
v 34.6983274 -87.0648225 0.0000000
v 35.7569087 -88.1565494 0.0000000
v 35.1094859 -86.7805749 0.0000000
v 35.9624880 -88.0144256 0.0000000
v 36.1680673 -87.8723018 0.0000000
v 36.3736465 -87.7301780 0.0000000
v 35.5206445 -86.4963273 0.0000000
v 36.5792258 -87.5880542 0.0000000
v 35.7262237 -86.3542035 0.0000000
v 36.7848051 -87.4459304 0.0000000
v 36.9903843 -87.3038066 0.0000000
v 36.1373823 -86.0699560 0.0000000
v 36.3429615 -85.9278322 0.0000000
v 37.1959636 -87.1616828 0.0000000
v 37.4015429 -87.0195590 0.0000000
v 37.6071221 -86.8774353 0.0000000
v 36.5485408 -85.7857084 0.0000000
v 37.8127014 -86.7353115 0.0000000
v 36.9596993 -85.5014608 0.0000000
v 37.1652786 -85.3593370 0.0000000
v 37.5764371 -85.0750894 0.0000000
v 37.9875957 -84.7908418 0.0000000
v 38.8099127 -84.2223467 0.0000000
v 39.2210713 -83.9380991 0.0000000
v 40.0433883 -83.3696039 0.0000000
v 41.3075489 -84.3192070 0.0000000
v 40.4545469 -83.0853563 0.0000000
v 42.7093979 -77.9860679 0.0000000
v 42.6549214 -77.7421533 0.0000000
v 41.2454656 -78.3130266 0.0000000
v 42.6004448 -77.4982388 0.0000000
v 42.5459683 -77.2543242 0.0000000
v 41.1365125 -77.8251975 0.0000000
v 41.0820359 -77.5812829 0.0000000
v 40.9730828 -77.0934538 0.0000000
v 41.0275594 -77.3373684 0.0000000
v 42.4370152 -76.7664951 0.0000000
v 42.3825386 -76.5225806 0.0000000
v 40.9186062 -76.8495393 0.0000000
v 40.8641297 -76.6056247 0.0000000
v 42.3280621 -76.2786660 0.0000000
v 42.2735855 -76.0347514 0.0000000
v 42.2322261 -75.8495676 0.0000000
v 40.8096531 -76.3617101 0.0000000
v 40.7551766 -76.1177956 0.0000000
v 42.2210513 -75.6623116 0.0000000
v 40.7235932 -75.7496231 0.0000000
v 40.7233604 -75.7455344 0.0000000
v 40.7098348 -75.4959767 0.0000000
v 42.2002446 -75.2784120 0.0000000
v 40.7780037 -74.7831841 0.0000000
v 40.7177561 -75.0233175 0.0000000
v 42.2272111 -75.1709295 0.0000000
v 40.7908113 -74.7381428 0.0000000
v 41.0777264 -73.9523639 0.0000000
v 40.9747310 -74.1781975 0.0000000
v 42.3581335 -74.7597597 0.0000000
v 42.4246246 -74.6139677 0.0000000
v 42.5280158 -74.4424934 0.0000000
v 41.2468780 -73.6622819 0.0000000
v 41.5005154 -73.2989573 0.0000000
v 41.3863542 -73.4397277 0.0000000
v 42.8646150 -74.0667016 0.0000000
v 42.1402661 -72.7387692 0.0000000
v 41.9400404 -72.8843697 0.0000000
v 42.9813436 -73.9818187 0.0000000
v 42.2261395 -72.6848028 0.0000000
v 42.4462541 -72.5664324 0.0000000
v 45.1315771 -71.1707701 0.0000000
v 45.1364729 -70.9228320 0.0000000
v 43.5991872 -70.5270884 0.0000000
v 43.6171890 -70.7265334 0.0000000
v 41.5043186 -57.7035436 0.0000000
v 40.0634357 -58.1205044 0.0000000
v 39.9939634 -57.8804303 0.0000000
v 41.4348463 -57.4634694 0.0000000
v 39.9244910 -57.6403561 0.0000000
v 41.3653739 -57.2233953 0.0000000
v 41.1569569 -56.5031728 0.0000000
v 39.6466016 -56.6800595 0.0000000
v 41.0874845 -56.2630987 0.0000000
v 38.3960993 -52.3587248 0.0000000
v 38.2571546 -51.8785764 0.0000000
v 39.4201481 -50.5013190 0.0000000
v 37.9792652 -50.9182798 0.0000000
v 39.0033140 -49.0608741 0.0000000
v 38.7254246 -48.1005774 0.0000000
v 37.2845417 -48.5175383 0.0000000
v 38.4495021 -47.1417902 0.0000000
v 38.3806685 -46.9015321 0.0000000
v 36.9386817 -47.3146594 0.0000000
v 36.8698481 -47.0744014 0.0000000
v 38.3118348 -46.6612740 0.0000000
v 38.2430012 -46.4210160 0.0000000
v 38.1741676 -46.1807579 0.0000000
v 36.7321808 -46.5938852 0.0000000
v 36.6633472 -46.3536272 0.0000000
v 38.1053340 -45.9404998 0.0000000
v 36.5256800 -45.8731110 0.0000000
v 36.5945136 -46.1133691 0.0000000
v 38.0365003 -45.7002418 0.0000000
v 37.9676667 -45.4599837 0.0000000
v 37.8988331 -45.2197256 0.0000000
v 37.8299995 -44.9794676 0.0000000
v 36.3880127 -45.3925949 0.0000000
v 36.3191791 -45.1523368 0.0000000
v 37.7611658 -44.7392095 0.0000000
v 36.1815118 -44.6718207 0.0000000
v 36.2503455 -44.9120788 0.0000000
v 37.6923322 -44.4989514 0.0000000
v 37.5546650 -44.0184353 0.0000000
v 37.4858313 -43.7781772 0.0000000
v 36.0438446 -44.1913046 0.0000000
v 37.4169977 -43.5379192 0.0000000
v 37.2104969 -42.8171450 0.0000000
v 35.7685101 -43.2302723 0.0000000
v 35.6308428 -42.7497561 0.0000000
v 35.6996765 -42.9900142 0.0000000
v 37.1416632 -42.5768869 0.0000000
v 37.0728296 -42.3366288 0.0000000
v 37.0039960 -42.0963708 0.0000000
v 36.9351624 -41.8561127 0.0000000
v 35.4931756 -42.2692400 0.0000000
v 36.3844934 -39.9340481 0.0000000
v 36.3156597 -39.6937901 0.0000000
v 34.9425066 -40.3471755 0.0000000
v 36.4533270 -40.1743062 0.0000000
v 35.0113402 -40.5874335 0.0000000
v 35.0801739 -40.8276916 0.0000000
v 35.1490075 -41.0679497 0.0000000
v 36.5909942 -40.6548223 0.0000000
v 36.6598279 -40.8950804 0.0000000
v 35.2178411 -41.3082077 0.0000000
v 35.2866747 -41.5484658 0.0000000
v 36.7286615 -41.1353385 0.0000000
v 35.3555084 -41.7887239 0.0000000
v 35.4243420 -42.0289819 0.0000000
v 36.7974951 -41.3755965 0.0000000
v 40.1843440 -53.1421347 0.0000000
v 40.4622334 -54.1024313 0.0000000
v 34.8048394 -39.8666593 0.0000000
v 34.8736730 -40.1069174 0.0000000
v 36.2468261 -39.4535320 0.0000000
v 39.1602951 -54.9995404 0.0000000
v 34.6671721 -39.3861432 0.0000000
v 34.7360057 -39.6264013 0.0000000
v 36.1091589 -38.9730159 0.0000000
v 34.5295049 -38.9056271 0.0000000
v 34.5983385 -39.1458851 0.0000000
v 36.0403253 -38.7327578 0.0000000
v 35.9714916 -38.4924997 0.0000000
v 35.9026580 -38.2522417 0.0000000
v 34.4606712 -38.6653690 0.0000000
v 34.3918376 -38.4251109 0.0000000
v 35.8338244 -38.0119836 0.0000000
v 34.2541704 -37.9445948 0.0000000
v 34.3230040 -38.1848529 0.0000000
v 35.6961571 -37.5314675 0.0000000
v 35.6273235 -37.2912094 0.0000000
v 35.5584899 -37.0509513 0.0000000
v 34.1853368 -37.7043367 0.0000000
v 35.4896563 -36.8106933 0.0000000
v 34.1165031 -37.4640787 0.0000000
v 33.9788359 -36.9835625 0.0000000
v 34.0476695 -37.2238206 0.0000000
v 35.4208226 -36.5704352 0.0000000
v 35.3519890 -36.3301771 0.0000000
v 35.2831554 -36.0899191 0.0000000
v 33.9100023 -36.7433045 0.0000000
v 33.7726358 -36.2638383 0.0000000
v 33.8411686 -36.5030464 0.0000000
v 35.2143218 -35.8496610 0.0000000
v 35.2137171 -35.8475618 0.0000000
v 33.7036283 -36.0255964 0.0000000
v 35.1441841 -35.6075060 0.0000000
v 33.6338088 -35.7864523 0.0000000
v 35.0736968 -35.3660686 0.0000000
v 34.9336115 -34.8862518 0.0000000
v 33.4937235 -35.3066356 0.0000000
v 33.4236808 -35.0667272 0.0000000
v 33.2835955 -34.5869104 0.0000000
v 34.2710089 -32.9263515 0.0000000
v 32.8778708 -33.4823786 0.0000000
v 33.0631568 -33.9466168 0.0000000
v 32.4946724 -32.6043755 0.0000000
v 32.5999649 -32.8310371 0.0000000
v 32.8825311 -30.1235130 0.0000000
v 32.7498825 -29.9116962 0.0000000
v 31.6112438 -30.9196465 0.0000000
v 29.4357618 -24.6158002 0.0000000
v 29.3033130 -24.4038584 0.0000000
v 28.0312756 -25.1987930 0.0000000
v 29.1708641 -24.1919166 0.0000000
v 27.8988268 -24.9868512 0.0000000
v 25.6950634 -18.3326652 0.0000000
v 24.2666685 -18.7911191 0.0000000
v 24.2808430 -18.8331377 0.0000000
v 27.6339291 -24.5629677 0.0000000
v 27.7663780 -24.7749094 0.0000000
v 28.9059665 -23.7680331 0.0000000
v 28.7735177 -23.5560913 0.0000000
v 27.2365827 -23.9271423 0.0000000
v 27.3690315 -24.1390841 0.0000000
v 28.5086200 -23.1322078 0.0000000
v 27.5014803 -24.3510259 0.0000000
v 28.6410689 -23.3441495 0.0000000
v 28.2437224 -22.7083242 0.0000000
v 28.1112736 -22.4963824 0.0000000
v 26.9716850 -23.5032588 0.0000000
v 26.7067874 -23.0793752 0.0000000
v 26.8392362 -23.2913170 0.0000000
v 27.9788248 -22.2844406 0.0000000
v 27.8463759 -22.0724989 0.0000000
v 26.4418898 -22.6554917 0.0000000
v 26.5743386 -22.8674334 0.0000000
v 27.7139271 -21.8605571 0.0000000
v 27.5814783 -21.6486153 0.0000000
v 26.3094410 -22.4435499 0.0000000
v 26.1769921 -22.2316081 0.0000000
v 27.4490295 -21.4366735 0.0000000
v 27.3165807 -21.2247318 0.0000000
v 27.1841319 -21.0127900 0.0000000
v 26.0445433 -22.0196663 0.0000000
v 25.7796457 -21.5957828 0.0000000
v 25.9120945 -21.8077245 0.0000000
v 25.5147480 -21.1718992 0.0000000
v 25.6471969 -21.3838410 0.0000000
v 26.7867854 -20.3769646 0.0000000
v 26.6543366 -20.1650229 0.0000000
v 25.3822992 -20.9599574 0.0000000
v 25.1174016 -20.5360739 0.0000000
v 25.2498504 -20.7480157 0.0000000
v 26.3933129 -19.7473383 0.0000000
v 26.2770884 -19.5530310 0.0000000
v 25.1097753 -20.5236015 0.0000000
v 24.9656123 -20.2812408 0.0000000
v 24.9815363 -20.3092081 0.0000000
v 24.8466392 -20.0614513 0.0000000
v 24.4853489 -19.3733182 0.0000000
v 24.5958077 -19.5969665 0.0000000
v 24.4545475 -19.3018324 0.0000000
v 25.6398903 -18.1516055 0.0000000
v 24.1757202 -18.4796734 0.0000000
v 24.1940345 -18.5527585 0.0000000
v 24.1272241 -18.2344997 0.0000000
v 24.0283781 -17.6877666 0.0000000
v 24.0333764 -17.7222672 0.0000000
v 23.9682272 -17.1915510 0.0000000
v 29.7006594 -25.0396838 0.0000000
v 29.5682106 -24.8277420 0.0000000
v 28.2961732 -25.6226765 0.0000000
v 23.6163235 -15.0772777 0.0000000
v 23.3131333 -14.2549963 0.0000000
v 23.4142166 -14.4835661 0.0000000
v 23.9012333 -12.2490371 0.0000000
v 22.6304824 -13.0460264 0.0000000
v 22.7632736 -13.2577539 0.0000000
v 15.9441062 -6.9442736 0.0000000
v 17.0935269 -5.9805142 0.0000000
v 20.7561185 -9.6988762 0.0000000
v 20.5439728 -9.5667542 0.0000000
v 19.9593389 -10.9697666 0.0000000
v 19.5388538 -10.7078930 0.0000000
v 19.7509995 -10.8400150 0.0000000
v 20.3318272 -9.4346321 0.0000000
v 19.3267082 -10.5757709 0.0000000
v 20.1196816 -9.3025101 0.0000000
v 19.9314791 -9.1852996 0.0000000
v 19.7921383 -9.0832358 0.0000000
v 19.0678638 -10.4120694 0.0000000
v 18.8672057 -10.2650921 0.0000000
v 18.7939799 -10.2039341 0.0000000
v 18.1921944 -9.6254399 0.0000000
v 18.2497747 -9.6867697 0.0000000
v 17.7104612 -9.0509043 0.0000000
v 17.3893058 -8.6678805 0.0000000
v 16.9075726 -8.0933449 0.0000000
v 17.5752601 -6.5550499 0.0000000
v 16.2652617 -7.3272974 0.0000000
v 16.4258394 -7.5188092 0.0000000
v 17.2541046 -6.1720261 0.0000000
v 16.1046839 -7.1357855 0.0000000
v 15.7835285 -6.7527617 0.0000000
v 16.6117937 -5.4059786 0.0000000
v 15.3017953 -6.1782261 0.0000000
v 15.4623730 -6.3697380 0.0000000
v 15.1412176 -5.9867142 0.0000000
v 14.6594844 -5.4121786 0.0000000
v 14.8200621 -5.6036904 0.0000000
v 15.1665941 -3.6823717 0.0000000
v 14.0171735 -4.6461311 0.0000000
v 14.3383289 -5.0291548 0.0000000
v 13.6960180 -4.2631073 0.0000000
v 13.3748625 -3.8800835 0.0000000
v 14.0425500 -2.3417886 0.0000000
v 12.8931294 -3.3055479 0.0000000
v 12.4113962 -2.7310123 0.0000000
v 12.5719739 -2.9225242 0.0000000
v 13.4002391 -1.5757410 0.0000000
v 12.0902407 -2.3479885 0.0000000
v 12.2508184 -2.5395004 0.0000000
v 11.7690852 -1.9649648 0.0000000
v 11.1267743 -1.1989172 0.0000000
v 11.2873521 -1.3904291 0.0000000
v 10.9661966 -1.0074054 0.0000000
v 10.6450411 -0.6243816 0.0000000
v 10.9915732 1.2969371 0.0000000
v 9.6826574 0.5233984 0.0000000
v 9.8421525 0.3331778 0.0000000
v 9.0353508 1.2430800 0.0000000
v 9.2042592 1.0588738 0.0000000
v 9.9720160 2.4410451 0.0000000
v 8.8664423 1.4272863 0.0000000
v 8.1908086 2.1641114 0.0000000
v 8.3597170 1.9799051 0.0000000
v 7.3366220 2.9321772 0.0000000
v 7.5282617 2.7717521 0.0000000
v 6.5700631 3.5738778 0.0000000
v 5.6288186 4.3257093 0.0000000
v 5.8288913 4.1774601 0.0000000
v 6.5218433 5.5309092 0.0000000
v 2.2881778 8.3601044 0.0000000
v 2.2496519 8.3799887 0.0000000
v 1.5809534 7.0371139 0.0000000
v 1.3751957 7.1358872 0.0000000
v 2.0243437 8.4881471 0.0000000
v 1.7990356 8.5963056 0.0000000
v 1.5737275 8.7044640 0.0000000
v 1.1498876 7.2440457 0.0000000
v 0.6992713 7.4603626 0.0000000
v 0.9245794 7.3522041 0.0000000
v 0.2486550 7.6766795 0.0000000
v 0.4739631 7.5685210 0.0000000
v 1.1231112 8.9207809 0.0000000
v 0.8978030 9.0289394 0.0000000
v 0.6724949 9.1370978 0.0000000
v -0.2019613 7.8929964 0.0000000
v 0.0233469 7.7848379 0.0000000
v 0.4471868 9.2452563 0.0000000
v -1.1031938 8.3256302 0.0000000
v -0.8778857 8.2174717 0.0000000
v -0.2287376 9.5697316 0.0000000
v -0.4540458 9.6778901 0.0000000
v -0.6793539 9.7860485 0.0000000
v -1.3285020 8.4337886 0.0000000
v -0.9046621 9.8942070 0.0000000
v -1.5538101 8.5419471 0.0000000
v -2.0044264 8.7582640 0.0000000
v -1.7791182 8.6501055 0.0000000
v -1.3552783 10.1105239 0.0000000
v -2.4550426 8.9745809 0.0000000
v -2.2297345 8.8664224 0.0000000
v -1.8058946 10.3268408 0.0000000
v -2.6847688 9.0848780 0.0000000
v -2.6803508 9.0827393 0.0000000
v -2.0289902 10.4339371 0.0000000
v -2.2471953 10.5404485 0.0000000
v -2.9093551 9.1945042 0.0000000
v -2.9176811 9.1986324 0.0000000
v -4.0337802 9.7606582 0.0000000
v -4.4802199 9.9854685 0.0000000
v -0.5901607 2.5417339 0.0000000
v -0.9625033 3.1925173 0.0000000
v -2.2644659 2.4476056 0.0000000
v -1.8921233 1.7968222 0.0000000
v 0.3376583 -2.1085671 0.0000000
v 1.7648025 -1.5834755 0.0000000
v 1.6411284 -1.3662965 0.0000000
v -0.3419323 2.1078782 0.0000000
v -0.4660465 2.3248061 0.0000000
v -1.6438949 1.3629666 0.0000000
v -1.5197807 1.1460388 0.0000000
v -1.3956665 0.9291110 0.0000000
v -0.0937039 1.6740226 0.0000000
v 0.0304103 1.4570948 0.0000000
v -1.2715523 0.7121832 0.0000000
v 0.1545245 1.2401670 0.0000000
v -1.1474381 0.4952554 0.0000000
v 0.2786387 1.0232392 0.0000000
v -1.0233239 0.2783276 0.0000000
v -0.8992097 0.0613998 0.0000000
v -0.6513588 -0.3717960 0.0000000
v 0.4027529 0.8063114 0.0000000
v 0.0903099 -1.6742092 0.0000000
v 0.2139841 -1.8913881 0.0000000
v 1.3937800 -0.9319385 0.0000000
v 1.5174542 -1.1491175 0.0000000
v 0.6517351 0.3711353 0.0000000
v 0.6509813 0.3724558 0.0000000
v 1.2701059 -0.7147596 0.0000000
v -0.0333642 -1.4570302 0.0000000
v -0.1570384 -1.2398512 0.0000000
v 1.1464317 -0.4975806 0.0000000
v 0.8990834 -0.0632226 0.0000000
v 0.7754092 0.1539563 0.0000000
v -2.3885801 2.6645334 0.0000000
v -1.0866175 3.4094451 0.0000000
v -2.7609228 3.3153168 0.0000000
v -2.6368086 3.0983890 0.0000000
v -1.3348460 3.8433007 0.0000000
v 1.3270516 -3.8459989 0.0000000
v 2.6305217 -3.1037283 0.0000000
v 2.3831734 -2.6693703 0.0000000
v 0.4613324 -2.3257461 0.0000000
v 0.5850066 -2.5429251 0.0000000
v 1.6980741 -4.4975359 0.0000000
v 3.1252183 -3.9724442 0.0000000
v 3.0015442 -3.7552652 0.0000000
v 2.1927707 -5.3662518 0.0000000
v 3.4962408 -4.6239811 0.0000000
v 3.3725667 -4.4068022 0.0000000
v 2.5637932 -6.0177887 0.0000000
v 3.8672633 -5.2755181 0.0000000
v 3.7435892 -5.0583391 0.0000000
v 2.8111416 -6.4521466 0.0000000
v 4.2382858 -5.9270550 0.0000000
v 4.1146117 -5.7098760 0.0000000
v 3.3058382 -7.3208626 0.0000000
v 4.7329825 -6.7957709 0.0000000
v 4.6093083 -6.5785919 0.0000000
v 3.9242091 -8.4067574 0.0000000
v 5.2276792 -7.6644868 0.0000000
v 5.1040050 -7.4473078 0.0000000
v 5.3513533 -7.8816658 0.0000000
v 7.2587283 -11.0818055 0.0000000
v 7.1284508 -10.8685221 0.0000000
v 5.8483615 -11.6504245 0.0000000
v 7.7798380 -11.9349390 0.0000000
v 7.5192832 -11.5083722 0.0000000
v 6.2391938 -12.2902746 0.0000000
v 6.4997487 -12.7168413 0.0000000
v 6.6300261 -12.9301247 0.0000000
v 8.1706704 -12.5747891 0.0000000
v 7.9101155 -12.1482223 0.0000000
v 6.8905810 -13.3566914 0.0000000
v 7.0208585 -13.5699748 0.0000000
v 7.1511359 -13.7832582 0.0000000
v 8.4312253 -13.0013558 0.0000000
v 8.6176087 -13.3265308 0.0000000
v 8.5615027 -13.2146392 0.0000000
v 7.2486755 -13.9429448 0.0000000
v 8.7104562 -13.5581510 0.0000000
v 8.8041842 -13.8047506 0.0000000
v 8.7155039 -13.5710888 0.0000000
v 7.3605480 -14.2283334 0.0000000
v 8.8518415 -14.0294572 0.0000000
v 8.6615308 -15.0118793 0.0000000
v 8.8012369 -14.7052967 0.0000000
v 7.3613277 -14.2424311 0.0000000
v 8.5123304 -15.2064750 0.0000000
v 7.9649312 -15.6535674 0.0000000
v 8.3047693 -15.4391208 0.0000000
v 7.3338075 -14.2769144 0.0000000
v 7.7311356 -15.7237714 0.0000000
v 7.1779196 -14.3099971 0.0000000
v 7.3012305 -15.8062307 0.0000000
v 7.4250706 -15.7908202 0.0000000
v 7.0523548 -15.8163181 0.0000000
v 7.0067878 -14.3169334 0.0000000
v 7.0219810 -15.8169334 0.0000000
v 6.5695722 -14.3169334 0.0000000
v 6.4276327 -15.8109560 0.0000000
v 6.5221330 -15.8169334 0.0000000
v 6.3768514 -14.2924554 0.0000000
v 6.1644109 -15.7773565 0.0000000
v 6.1800300 -15.7795073 0.0000000
v 6.1663988 -21.9541998 0.0000000
v 6.1494919 -21.7048483 0.0000000
v 4.6529281 -21.8063202 0.0000000
v 6.1997524 -22.4461180 0.0000000
v 6.1833056 -22.2035513 0.0000000
v 4.6867417 -22.3050232 0.0000000
v 4.7046916 -22.5679349 0.0000000
v 4.7261142 -22.8169046 0.0000000
v 4.7271729 -22.8282067 0.0000000
v 4.7523646 -23.0768579 0.0000000
v 6.2201054 -22.6826573 0.0000000
v 4.7775564 -23.3255090 0.0000000
v 6.2447251 -22.9256614 0.0000000
v 6.3203003 -23.6716147 0.0000000
v 6.2699168 -23.1743125 0.0000000
v 6.3734995 -24.1491488 0.0000000
v 6.3447311 -23.9127546 0.0000000
v 4.8849934 -24.3345337 0.0000000
v 4.8860569 -24.3428815 0.0000000
v 4.9190308 -24.5906207 0.0000000
v 4.9520047 -24.8383600 0.0000000
v 6.4059182 -24.3927171 0.0000000
v 4.9849786 -25.0860992 0.0000000
v 5.0179525 -25.3338384 0.0000000
v 6.4718660 -24.8881956 0.0000000
v 5.0509264 -25.5815777 0.0000000
v 5.0839003 -25.8293169 0.0000000
v 6.5686063 -25.6150239 0.0000000
v 5.0889833 -25.8619837 0.0000000
v 5.1328212 -26.1079075 0.0000000
v 5.2346966 -26.6144381 0.0000000
v 6.7051408 -26.3181377 0.0000000
v 6.6557724 -26.0731382 0.0000000
v 5.3334334 -27.1044372 0.0000000
v 6.8532459 -27.0531363 0.0000000
v 6.8038775 -26.8081368 0.0000000
v 9.2955895 -34.2607057 0.0000000
v 9.2059155 -34.0274235 0.0000000
v 7.8954708 -34.7989135 0.0000000
v 9.4749376 -34.7272701 0.0000000
v 9.3852636 -34.4939879 0.0000000
v 8.0748189 -35.2654779 0.0000000
v 8.1644929 -35.4987600 0.0000000
v 8.3438410 -35.9653244 0.0000000
v 9.5646116 -34.9605523 0.0000000
v 8.4335150 -36.1986066 0.0000000
v 9.7439597 -35.4271166 0.0000000
v 8.5231890 -36.4318888 0.0000000
v 8.6128631 -36.6651709 0.0000000
v 9.9233078 -35.8936810 0.0000000
v 8.7026170 -36.8986609 0.0000000
v 10.1026159 -36.3601414 0.0000000
v 10.1918452 -36.5920611 0.0000000
v 8.9744399 -37.6002549 0.0000000
v 9.0650036 -37.8331931 0.0000000
v 10.4630580 -37.2896456 0.0000000
v 10.5536217 -37.5225838 0.0000000
v 9.1555673 -38.0661314 0.0000000
v 10.6441855 -37.7555221 0.0000000
v 9.2461311 -38.2990696 0.0000000
v 9.3366948 -38.5320078 0.0000000
v 9.4272585 -38.7649460 0.0000000
v 10.7347492 -37.9884603 0.0000000
v 9.5178222 -38.9978843 0.0000000
v 10.9158766 -38.4543368 0.0000000
v 9.6989496 -39.4637607 0.0000000
v 9.7895134 -39.6966990 0.0000000
v 11.1875677 -39.1531514 0.0000000
v 9.8800771 -39.9296372 0.0000000
v 9.9465991 -40.1007381 0.0000000
v 11.2781315 -39.3860897 0.0000000
v 11.4055496 -39.7459629 0.0000000
v 11.3686952 -39.6190279 0.0000000
v 11.4563436 -40.0047274 0.0000000
v 11.4537337 -39.9907718 0.0000000
v 9.9805996 -40.2734841 0.0000000
v 11.5435726 -40.4969053 0.0000000
v 9.9710570 -42.9555113 0.0000000
v 9.9278628 -43.1680361 0.0000000
v 11.4410041 -43.2542680 0.0000000
v 11.4907818 -43.0093513 0.0000000
v 11.5405594 -42.7644346 0.0000000
v 10.0688409 -42.4743940 0.0000000
v 11.6065496 -42.1418958 0.0000000
v 11.6139647 -41.8920819 0.0000000
v 10.1072100 -42.0973914 0.0000000
v 10.0208347 -42.7105946 0.0000000
v 11.3752355 -43.5632637 0.0000000
v 11.3912265 -43.4991847 0.0000000
v 11.3042939 -43.8022145 0.0000000
v 11.2900962 -43.8452299 0.0000000
v 9.8727777 -43.3535777 0.0000000
v 11.0249131 -44.5727714 0.0000000
v 11.0337014 -44.5498005 0.0000000
v 9.6283374 -44.0252976 0.0000000
v 9.5454569 -44.2317242 0.0000000
v 10.9201106 -44.8321845 0.0000000
v 10.9318547 -44.8045475 0.0000000
v 9.2446184 -44.9020678 0.0000000
v 9.0399602 -45.3580975 0.0000000
v 10.4084653 -45.9722587 0.0000000
v 10.6131234 -45.5162290 0.0000000
v 8.9376311 -45.5861124 0.0000000
v 8.8353021 -45.8141272 0.0000000
v 10.2038071 -46.4282884 0.0000000
v 8.2213276 -47.1822162 0.0000000
v 8.1189985 -47.4102311 0.0000000
v 9.5898327 -47.7963774 0.0000000
v 8.0166695 -47.6382459 0.0000000
v 9.4875036 -48.0243922 0.0000000
v 7.9143404 -47.8662608 0.0000000
v 9.2828455 -48.4804219 0.0000000
v 7.8120113 -48.0942756 0.0000000
v 7.7096822 -48.3222904 0.0000000
v 9.1805164 -48.7084368 0.0000000
v 8.9758582 -49.1644664 0.0000000
v 9.0781873 -48.9364516 0.0000000
v 7.6079200 -48.5490424 0.0000000
v 8.9747200 -49.1669902 0.0000000
v 8.1415890 -51.0008854 0.0000000
v 8.1475740 -50.9880367 0.0000000
v 6.7848588 -50.3610937 0.0000000
v 7.3021844 -52.5789690 0.0000000
v 7.4212471 -52.3592281 0.0000000
v 6.1024006 -51.6446346 0.0000000
v 7.5403098 -52.1394872 0.0000000
v 7.6593725 -51.9197462 0.0000000
v 6.2214633 -51.4248937 0.0000000
v 6.3405260 -51.2051528 0.0000000
v 7.0583599 -53.0287744 0.0000000
v 7.0640590 -53.0184509 0.0000000
v 5.7480214 -52.2986733 0.0000000
v 6.8842813 -53.3260644 0.0000000
v 6.9359792 -53.2463991 0.0000000
v 5.6518528 -52.4696860 0.0000000
v 6.7352314 -53.5266788 0.0000000
v 5.5311789 -52.6321077 0.0000000
v 5.7962292 -54.7496560 0.0000000
v 5.9564861 -54.5578756 0.0000000
v 4.8002819 -53.6022309 0.0000000
v 4.6451968 -53.7878222 0.0000000
v 5.4757154 -55.1332169 0.0000000
v 4.3246830 -54.1713830 0.0000000
v 4.1685491 -54.3582294 0.0000000
v 4.0344084 -54.5132746 0.0000000
v 5.3071286 -55.3347938 0.0000000
v 5.0908744 -55.5787994 0.0000000
v 5.1437501 -55.5236332 0.0000000
v 4.9089699 -55.7501841 0.0000000
v 3.6984440 -54.8298096 0.0000000
v 4.5451607 -56.0929536 0.0000000
v 4.7270653 -55.9215689 0.0000000
v 3.0024641 -55.4718201 0.0000000
v 3.9659365 -56.6216141 0.0000000
v 4.1554090 -56.4590506 0.0000000
v 3.9388937 -56.6437437 0.0000000
v 3.7418414 -56.7974720 0.0000000
v 2.4250864 -55.9222553 0.0000000
v 3.1506844 -57.2586570 0.0000000
v 3.3477367 -57.1049287 0.0000000
v 2.0571339 -56.2093096 0.0000000
v 2.6899109 -57.5864464 0.0000000
v 2.8996289 -57.4508016 0.0000000
v 1.8798793 -56.3239572 0.0000000
v 2.6806433 -57.5923448 0.0000000
v 1.6727153 -56.4536864 0.0000000
v 2.2570045 -57.8576337 0.0000000
v 2.4688239 -57.7249893 0.0000000
v 1.6019906 -58.2599905 0.0000000
v 1.8169856 -58.1328908 0.0000000
v 0.8557976 -56.9586092 0.0000000
v 1.5671652 -58.2793489 0.0000000
v 0.4302835 -57.1805550 0.0000000
v 0.9023893 -58.6260923 0.0000000
v 1.1239813 -58.5105112 0.0000000
v -0.0129004 -57.4117173 0.0000000
v 0.4592053 -58.8572546 0.0000000
v 0.6807973 -58.7416735 0.0000000
v -0.4560844 -57.6428796 0.0000000
v 0.0160213 -59.0884169 0.0000000
v 0.2376133 -58.9728358 0.0000000
v -1.3424523 -58.1052041 0.0000000
v -0.6487546 -59.4351603 0.0000000
v -0.4271626 -59.3195792 0.0000000
v -2.0072283 -58.4519476 0.0000000
v -1.5351225 -59.8974849 0.0000000
v -1.3135305 -59.7819037 0.0000000
v -2.4504122 -58.6831098 0.0000000
v -1.9783065 -60.1286472 0.0000000
v -1.7567145 -60.0130660 0.0000000
v -3.3367802 -59.1454344 0.0000000
v -2.8646744 -60.5909717 0.0000000
v -2.6430824 -60.4753906 0.0000000
v -3.7799641 -59.3765967 0.0000000
v -3.5294504 -60.9377152 0.0000000
v -3.0862664 -60.7065529 0.0000000
v -4.6663321 -59.8389212 0.0000000
v -4.1942263 -61.2844586 0.0000000
v -3.9726343 -61.1688774 0.0000000
v -5.1095160 -60.0700835 0.0000000
v -4.6374103 -61.5156209 0.0000000
v -4.4158183 -61.4000397 0.0000000
v -5.5527000 -60.3012458 0.0000000
v -5.7742920 -60.4168269 0.0000000
v -5.0805942 -61.7467831 0.0000000
v -5.9958839 -60.5324081 0.0000000
v -5.5237782 -61.9779454 0.0000000
v -5.3021862 -61.8623643 0.0000000
v -6.4390679 -60.7635704 0.0000000
v -5.9669622 -62.2091077 0.0000000
v -5.7453702 -62.0935266 0.0000000
v -6.8822519 -60.9947327 0.0000000
v -6.3972814 -62.4335598 0.0000000
v -6.1885542 -62.3246888 0.0000000
v -7.7836394 -61.5034920 0.0000000
v -7.0276231 -62.7990380 0.0000000
v -6.8117645 -62.6730736 0.0000000
v -9.1333960 -62.3584875 0.0000000
v -8.4073994 -63.6946727 0.0000000
v -8.2103930 -63.5408856 0.0000000
v -9.7244154 -62.8198487 0.0000000
v -8.9984188 -64.1560340 0.0000000
v -8.8014123 -64.0022469 0.0000000
v -10.4363762 -65.4184934 0.0000000
v -10.2575308 -65.2439187 0.0000000
v -11.3052974 -64.1705199 0.0000000
v -13.2725970 -66.0908415 0.0000000
v -13.4514424 -66.2654162 0.0000000
v -12.4036758 -67.3388150 0.0000000
v -12.5825212 -67.5133897 0.0000000
v -13.6302879 -66.4399909 0.0000000
v -12.7501936 -67.6770582 0.0000000
v -13.8091333 -66.6145656 0.0000000
v -13.8310156 -66.6368334 0.0000000
v -14.5499287 -69.6912550 0.0000000
v -14.3907819 -69.5122815 0.0000000
v -15.5117115 -68.5155284 0.0000000
v -16.1789399 -69.3679222 0.0000000
v -16.3229941 -69.5721535 0.0000000
v -14.9531797 -70.2325100 0.0000000
v -16.4670482 -69.7763847 0.0000000
v -15.2412881 -70.6409725 0.0000000
v -15.3853422 -70.8452038 0.0000000
v -16.6111024 -69.9806160 0.0000000
v -16.7551565 -70.1848472 0.0000000
v -16.8992107 -70.3890785 0.0000000
v -15.5293964 -71.0494350 0.0000000
v -15.8029874 -71.4373158 0.0000000
v -15.6734505 -71.2536663 0.0000000
v -15.9125396 -71.6171409 0.0000000
v -17.2007527 -70.8485714 0.0000000
v -17.2147323 -70.8725025 0.0000000
v -17.3367858 -71.0905964 0.0000000
v -16.3939849 -72.4774218 0.0000000
v -16.2719314 -72.2593279 0.0000000
v -17.5808927 -71.5267842 0.0000000
v -18.0691067 -72.3991599 0.0000000
v -18.1911602 -72.6172538 0.0000000
v -16.8707273 -73.3292991 0.0000000
v -17.8029770 -75.8160648 0.0000000
v -17.6285020 -75.3476563 0.0000000
v -18.9482771 -74.5925394 0.0000000
v -17.6281409 -75.3466850 0.0000000
v -17.5412274 -75.1123613 0.0000000
v -17.8902145 -76.0502690 0.0000000
v -19.6428374 -76.4683318 0.0000000
v -18.2345194 -76.9847042 0.0000000
v -18.1484835 -76.7500559 0.0000000
v -18.3900314 -77.8027276 0.0000000
v -18.3565257 -77.5550597 0.0000000
v -16.9525461 -73.4997232 0.0000000
v -18.3206341 -72.8835443 0.0000000
v -18.3490434 -72.9509640 0.0000000
v -17.7029462 -71.7448781 0.0000000
v -15.0134864 -67.9552339 0.0000000
v -15.1795614 -68.1419988 0.0000000
v -14.0586318 -69.1387519 0.0000000
v -14.6833943 -69.8500245 0.0000000
v -15.6914237 -68.7180655 0.0000000
v -15.8520535 -68.9091493 0.0000000
v -14.8091256 -70.0282787 0.0000000
v -14.5152613 -67.3949395 0.0000000
v -14.6813363 -67.5817043 0.0000000
v -13.5604068 -68.5784575 0.0000000
v -13.2282567 -68.2049279 0.0000000
v -13.0621817 -68.0181631 0.0000000
v -14.1831113 -67.0214099 0.0000000
v -14.8474114 -67.7684691 0.0000000
v -13.7264818 -68.7652223 0.0000000
v -14.3491863 -67.2081747 0.0000000
v -12.9033397 -67.8395324 0.0000000
v -14.0023371 -66.8185901 0.0000000
v -12.2248304 -67.1642403 0.0000000
v -12.0459849 -66.9896656 0.0000000
v -13.0937516 -65.9162668 0.0000000
v -11.6882941 -66.6405162 0.0000000
v -11.5094487 -66.4659415 0.0000000
v -12.7360608 -65.5671174 0.0000000
v -11.8671395 -66.8150909 0.0000000
v -12.9149062 -65.7416921 0.0000000
v -12.1995245 -65.0433933 0.0000000
v -12.3783699 -65.2179680 0.0000000
v -11.1517579 -66.1167921 0.0000000
v -11.3306033 -66.2913668 0.0000000
v -10.7940670 -65.7676427 0.0000000
v -10.6152216 -65.5930681 0.0000000
v -11.6629883 -64.5196692 0.0000000
v -9.8998399 -64.8947693 0.0000000
v -9.7456612 -64.7442722 0.0000000
v -10.9476066 -63.8213705 0.0000000
v -10.5233851 -63.4437055 0.0000000
v -10.7173233 -63.6010046 0.0000000
v -10.1184283 -63.1274229 0.0000000
v -10.5124412 -63.4349971 0.0000000
v -9.5839256 -64.6130920 0.0000000
v -9.1954252 -64.3098210 0.0000000
v -8.0319925 -63.4016228 0.0000000
v -8.9363896 -62.2047004 0.0000000
v -8.8983011 -62.1768507 0.0000000
v -7.8678407 -63.2893472 0.0000000
v -8.6924791 -62.0360739 0.0000000
v -8.6470742 -62.0073497 0.0000000
v -7.9994981 -61.6294564 0.0000000
v -7.1293042 -61.1242267 0.0000000
v -7.3462231 -61.2482710 0.0000000
v -7.1038439 -61.1103138 0.0000000
v -6.6606599 -60.8791515 0.0000000
v -6.2174759 -60.6479892 0.0000000
v -4.8590023 -61.6312020 0.0000000
v -5.3311080 -60.1856647 0.0000000
v -4.8879240 -59.9545024 0.0000000
v -4.2231481 -59.6077590 0.0000000
v -3.5583721 -59.2610155 0.0000000
v -2.4214905 -60.3598094 0.0000000
v -2.8935962 -58.9142721 0.0000000
v -3.1151882 -59.0298533 0.0000000
v -2.6720042 -58.7986910 0.0000000
v -2.2288203 -58.5675287 0.0000000
v -1.0919386 -59.6663226 0.0000000
v -1.5640443 -58.2207853 0.0000000
v -1.7856363 -58.3363664 0.0000000
v -0.6776764 -57.7584607 0.0000000
v 0.2086916 -57.2961361 0.0000000
v 1.3455732 -58.3949300 0.0000000
v 0.6518755 -57.0649739 0.0000000
v 1.8333657 -58.1229226 0.0000000
v 2.0451851 -57.9902781 0.0000000
v 1.0453834 -56.8465309 0.0000000
v 1.4608959 -56.5863308 0.0000000
v 2.2280341 -56.0759836 0.0000000
v 2.8191910 -55.6147986 0.0000000
v 3.8803486 -54.6584249 0.0000000
v 5.3154585 -55.3249973 0.0000000
v 5.8642751 -52.0841165 0.0000000
v 7.1831217 -52.7987100 0.0000000
v 7.7784352 -51.7000053 0.0000000
v 6.4595887 -50.9854118 0.0000000
v 7.8974979 -51.4802644 0.0000000
v 6.5786514 -50.7656709 0.0000000
v 8.0339759 -51.2263205 0.0000000
v 6.6885687 -50.5628085 0.0000000
v 6.8853106 -50.1400077 0.0000000
v 8.2509576 -50.7604980 0.0000000
v 8.3543412 -50.5329594 0.0000000
v 6.9886942 -49.9124691 0.0000000
v 8.4577248 -50.3054208 0.0000000
v 7.2988451 -49.2298531 0.0000000
v 7.1954614 -49.4573918 0.0000000
v 8.5611085 -50.0778821 0.0000000
v 8.6644921 -49.8503435 0.0000000
v 8.8712593 -49.3952662 0.0000000
v 7.5054668 -48.7750962 0.0000000
v 9.7944908 -47.3403477 0.0000000
v 9.8968199 -47.1123329 0.0000000
v 8.4259858 -46.7261866 0.0000000
v 9.9991490 -46.8843180 0.0000000
v 8.6306439 -46.2701569 0.0000000
v 10.3061362 -46.2002735 0.0000000
v 9.4492765 -44.4460382 0.0000000
v 10.8177816 -45.0601993 0.0000000
v 10.1014346 -42.2919596 0.0000000
v 11.5438952 -42.7469628 0.0000000
v 11.5877739 -42.5013642 0.0000000
v 11.5991344 -42.3917098 0.0000000
v 11.6213799 -41.6422679 0.0000000
v 10.1220403 -41.5977635 0.0000000
v 10.1348399 -41.1665469 0.0000000
v 10.1294554 -41.3479495 0.0000000
v 11.6287950 -41.3924539 0.0000000
v 11.5900105 -40.7600695 0.0000000
v 11.5871871 -40.7429943 0.0000000
v 10.1086940 -40.9962396 0.0000000
v 10.0665898 -40.7586719 0.0000000
v 9.1162415 -33.7941414 0.0000000
v 9.0265675 -33.5608592 0.0000000
v 7.6264488 -34.0990670 0.0000000
v 7.5355750 -33.8626428 0.0000000
v 7.5367747 -33.8657848 0.0000000
v 8.9374968 -33.3291466 0.0000000
v 7.4469492 -33.6289639 0.0000000
v 8.8502516 -33.0991081 0.0000000
v 8.7637764 -32.8669800 0.0000000
v 7.3581455 -33.3906228 0.0000000
v 8.6765291 -32.6327794 0.0000000
v 8.5020346 -32.1643782 0.0000000
v 7.2708982 -33.1564222 0.0000000
v 7.0964037 -32.6880210 0.0000000
v 6.8346619 -31.9854192 0.0000000
v 6.9219092 -32.2196198 0.0000000
v 8.3275401 -31.6959770 0.0000000
v 7.8040565 -30.2907734 0.0000000
v 7.7168092 -30.0565728 0.0000000
v 6.3111783 -30.5802156 0.0000000
v 6.3984256 -30.8144162 0.0000000
v 8.0657983 -30.9933752 0.0000000
v 7.9785510 -30.7591746 0.0000000
v 6.5729201 -31.2828174 0.0000000
v 6.4856728 -31.0486168 0.0000000
v 7.8913037 -30.5249740 0.0000000
v 8.1530455 -31.2275758 0.0000000
v 6.6601674 -31.5170180 0.0000000
v 6.7474146 -31.7512186 0.0000000
v 8.2402928 -31.4617764 0.0000000
v 6.1366838 -30.1118144 0.0000000
v 6.2239310 -30.3460150 0.0000000
v 7.5423147 -29.5881716 0.0000000
v 6.0494365 -29.8776138 0.0000000
v 7.4550674 -29.3539710 0.0000000
v 7.0678170 -27.9899966 0.0000000
v 7.0060209 -27.7478329 0.0000000
v 5.6143931 -28.3608859 0.0000000
v 5.8615774 -29.3295407 0.0000000
v 5.8745991 -29.3746304 0.0000000
v 7.3091963 -28.9359027 0.0000000
v 7.2532053 -28.7164877 0.0000000
v 5.7997813 -29.0873770 0.0000000
v 5.7379853 -28.8452133 0.0000000
v 7.1914092 -28.4743240 0.0000000
v 6.9023857 -27.2970012 0.0000000
v 5.3828017 -27.3494367 0.0000000
v 5.4321701 -27.5944362 0.0000000
v 5.4827516 -27.8415327 0.0000000
v 5.4908009 -27.8765585 0.0000000
v 6.9486692 -27.5230857 0.0000000
v 5.4326309 -27.5967048 0.0000000
v 5.5525970 -28.1187222 0.0000000
v 6.7545091 -26.5631372 0.0000000
v 5.2840650 -26.8594376 0.0000000
v 6.6080660 -25.8363868 0.0000000
v 5.1359598 -26.1244391 0.0000000
v 5.1853282 -26.3694386 0.0000000
v 4.8548047 -24.0864681 0.0000000
v 4.8279399 -23.8228112 0.0000000
v 4.8531317 -24.0714624 0.0000000
v 6.0818646 -20.7074424 0.0000000
v 6.0649578 -20.4580909 0.0000000
v 4.5853007 -20.8089142 0.0000000
v 4.5514871 -20.3102113 0.0000000
v 4.5683939 -20.5595627 0.0000000
v 6.1325851 -21.4554969 0.0000000
v 6.0987714 -20.9567939 0.0000000
v 4.6022076 -21.0582657 0.0000000
v 5.9973304 -19.4606849 0.0000000
v 5.9804236 -19.2113334 0.0000000
v 4.5007666 -19.5621568 0.0000000
v 6.0311441 -19.9593879 0.0000000
v 4.4838597 -19.3128053 0.0000000
v 5.9635168 -18.9619820 0.0000000
v 4.4669529 -19.0634538 0.0000000
v 4.4331392 -18.5647508 0.0000000
v 4.4500461 -18.8141023 0.0000000
v 5.9466099 -18.7126305 0.0000000
v 4.4162324 -18.3153993 0.0000000
v 5.9297031 -18.4632790 0.0000000
v 4.3993256 -18.0660478 0.0000000
v 5.9127963 -18.2139275 0.0000000
v 4.3824187 -17.8166964 0.0000000
v 5.8789826 -17.7152245 0.0000000
v 5.8620758 -17.4658730 0.0000000
v 4.3655119 -17.5673449 0.0000000
v 4.3316982 -17.0686419 0.0000000
v 4.3486050 -17.3179934 0.0000000
v 5.8451689 -17.2165215 0.0000000
v 5.8282621 -16.9671700 0.0000000
v 5.7944484 -16.4684670 0.0000000
v 4.2978845 -16.5699389 0.0000000
v 4.2640709 -16.0712359 0.0000000
v 4.2809777 -16.3205874 0.0000000
v 5.7621279 -15.9917859 0.0000000
v 5.7607813 -15.8397481 0.0000000
v 4.2623822 -16.0271425 0.0000000
v 4.3203753 -15.3858148 0.0000000
v 4.2734759 -15.6312989 0.0000000
v 5.7783674 -15.7476979 0.0000000
v 4.3680782 -15.2302187 0.0000000
v 5.7847030 -15.7329678 0.0000000
v 4.5839896 -14.8154039 0.0000000
v 4.4635772 -15.0081870 0.0000000
v 4.7469801 -14.6259412 0.0000000
v 5.2458826 -14.3303299 0.0000000
v 5.0237298 -14.4241589 0.0000000
v 5.8152157 -15.7255238 0.0000000
v 5.8902188 -14.2202223 0.0000000
v 5.6023400 -14.2334642 0.0000000
v 6.1374343 -14.2569176 0.0000000
v 3.4295124 -7.5380415 0.0000000
v 6.7376185 -10.2286720 0.0000000
v 6.6073411 -10.0153887 0.0000000
v 5.3272517 -10.7972910 0.0000000
v 4.8566567 -7.0129499 0.0000000
v 3.5531866 -7.7552205 0.0000000
v 3.6768607 -7.9723995 0.0000000
v 4.0478832 -8.6239364 0.0000000
v 5.5987016 -8.3160237 0.0000000
v 4.2952315 -9.0582944 0.0000000
v 4.4189057 -9.2754733 0.0000000
v 6.0881201 -9.1653475 0.0000000
v 5.9658243 -8.9607123 0.0000000
v 4.8023943 -9.9379550 0.0000000
v 4.6662540 -9.7098313 0.0000000
v 4.6741968 -9.7234445 0.0000000
v 4.5425799 -9.4926523 0.0000000
v 4.9803308 -7.2301288 0.0000000
v 3.8005349 -8.1895785 0.0000000
v 4.3619600 -6.1442340 0.0000000
v 3.0584899 -6.8865046 0.0000000
v 3.1821641 -7.1036836 0.0000000
v 3.6199150 -4.8411601 0.0000000
v 2.3164449 -5.5834307 0.0000000
v 1.8217482 -4.7147148 0.0000000
v 2.0690966 -5.1490728 0.0000000
v 2.7541959 -3.3209073 0.0000000
v 1.4507258 -4.0631779 0.0000000
v 2.1358250 -2.2350124 0.0000000
v 0.7086808 -2.7601041 0.0000000
v 0.8323549 -2.9772830 0.0000000
v -3.0091512 3.7491724 0.0000000
v -2.8850370 3.5322446 0.0000000
v -1.5830744 4.2771563 0.0000000
v -3.1332654 3.9661002 0.0000000
v -1.8313028 4.7110119 0.0000000
v -1.9554170 4.9279397 0.0000000
v -2.0795312 5.1448675 0.0000000
v -3.2573796 4.1830280 0.0000000
v -3.3814938 4.3999558 0.0000000
v -3.5056080 4.6168836 0.0000000
v -4.4985216 6.3523060 0.0000000
v -5.9878920 8.9554396 0.0000000
v -4.9107205 10.0932429 0.0000000
v -6.2898582 10.8673453 0.0000000
v -5.3336532 11.5919515 0.0000000
v -4.8072831 10.1121337 0.0000000
v -4.4053710 11.5572869 0.0000000
v -3.1409009 9.3110376 0.0000000
v -2.4662649 10.6507638 0.0000000
v 3.1750833 7.8288431 0.0000000
v 4.4239850 5.2184624 0.0000000
v 5.3170097 6.4236624 0.0000000
v 5.1162041 6.5724546 0.0000000
v 4.2231794 5.3672546 0.0000000
v 6.7226489 5.3821170 0.0000000
v 7.5329067 4.7240657 0.0000000
v 8.4911053 3.9219400 0.0000000
v 10.8309955 1.4884490 0.0000000
v 10.1409244 2.2568388 0.0000000
v 12.2761950 -0.2351579 0.0000000
v 13.5608169 -1.7672529 0.0000000
v 13.8565957 -4.4546192 0.0000000
v 15.0060164 -3.4908598 0.0000000
v 15.4877496 -4.0653955 0.0000000
v 18.4307761 -9.8590812 0.0000000
v 20.9742466 -9.8383076 0.0000000
v 22.7566519 -11.0035330 0.0000000
v 22.6563965 -10.9259514 0.0000000
v 22.2590465 -12.6087624 0.0000000
v 23.4930811 -11.7201564 0.0000000
v 23.6795903 -15.3190613 0.0000000
v 25.1307331 -14.9393448 0.0000000
v 24.7860528 -13.8768823 0.0000000
v 25.3370246 -16.0186122 0.0000000
v 25.1940000 -15.1811284 0.0000000
v 28.8259685 -26.4704437 0.0000000
v 29.6215150 -27.7423944 0.0000000
v 32.2840875 -32.1510522 0.0000000
v 32.7874719 -33.2558822 0.0000000
v 34.1783659 -32.6942324 0.0000000
v 34.4562949 -33.3905897 0.0000000
v 37.6234986 -44.2586934 0.0000000
v 36.1126782 -44.4315626 0.0000000
v 37.1451826 -48.0354336 0.0000000
v 37.3540140 -48.7576125 0.0000000
v 37.7708481 -50.1980574 0.0000000
v 38.0487375 -51.1583540 0.0000000
v 39.6980375 -51.4616156 0.0000000
v 38.4655716 -52.5987989 0.0000000
v 38.6045163 -53.0789472 0.0000000
v 38.7434610 -53.5590955 0.0000000
v 39.2297675 -55.2396146 0.0000000
v 40.9485398 -55.7829503 0.0000000
v 39.5076569 -56.1999112 0.0000000
v 39.5771292 -56.4399854 0.0000000
v 39.8550187 -57.4002820 0.0000000
v 40.6886869 -60.2811718 0.0000000
v 42.4074592 -60.8245076 0.0000000
v 42.6853486 -61.7848042 0.0000000
v 42.8242933 -62.2649525 0.0000000
v 41.9391892 -64.6025066 0.0000000
v 44.0689955 -66.5954458 0.0000000
v 44.8748755 -69.4842321 0.0000000
v 45.1220017 -71.2763286 0.0000000
v 43.3479962 -71.8667668 0.0000000
v 44.5836261 -72.7175339 0.0000000
v 44.1111899 -73.2300043 0.0000000
v 43.9205077 -73.3953787 0.0000000
v 43.2541635 -80.4252135 0.0000000
v 43.2719816 -80.5707077 0.0000000
v 43.2583932 -81.4369517 0.0000000
v 43.1028327 -82.2368259 0.0000000
v 41.6952354 -81.6613853 0.0000000
v 40.8085618 -82.8211372 0.0000000
v 41.7561645 -83.9839173 0.0000000
v 40.6908111 -84.7455784 0.0000000
v 32.6732198 -90.2884063 0.0000000
v 32.8787990 -90.1462825 0.0000000
v 31.8202177 -89.0545556 0.0000000
v 26.7941202 -92.6708098 0.0000000
v 27.2642006 -91.2454879 0.0000000
v 25.9001084 -92.1376124 0.0000000
v 25.2823444 -91.4078917 0.0000000
v 24.7800969 -89.5728631 0.0000000
v 26.3907608 -89.0952991 0.0000000
v 24.9747408 -88.6001231 0.0000000
v 25.3850643 -87.7952696 0.0000000
v 25.5123339 -87.5801779 0.0000000
v 26.0689534 -87.0615164 0.0000000
v 26.9758072 -86.4486796 0.0000000
v 27.1884193 -86.3173097 0.0000000
v 29.2525519 -86.8051510 0.0000000
v 30.9151138 -77.9509926 0.0000000
v 28.7709035 -69.6352711 0.0000000
v 30.4320332 -70.3352998 0.0000000
v 28.9587528 -70.6171595 0.0000000
v 29.8959375 -74.8079903 0.0000000
v 31.3482761 -74.4328736 0.0000000
v 29.8334371 -74.5660075 0.0000000
v 31.4107766 -74.6748565 0.0000000
v 29.9584380 -75.0499732 0.0000000
v 29.2405267 -72.0899920 0.0000000
v 30.4318204 -76.5314646 0.0000000
v 31.8517801 -76.0480243 0.0000000
v 29.2689024 -64.2164135 0.0000000
v 28.7823325 -61.2570591 0.0000000
v 27.2616578 -61.2538051 0.0000000
v 27.1400153 -60.5139665 0.0000000
v 22.0540905 -55.0899882 0.0000000
v 17.4206589 -57.1733557 0.0000000
v 15.9922586 -58.1511225 0.0000000
v 9.4408385 -68.5060269 0.0000000
v 9.0682940 -69.4337137 0.0000000
v 8.6026135 -70.5933222 0.0000000
v 9.9945668 -71.1523087 0.0000000
v 9.7151584 -71.8480738 0.0000000
v 5.4626741 -76.0421983 0.0000000
v 6.1713175 -77.3647606 0.0000000
v 5.0568797 -77.7391256 0.0000000
v 4.1317996 -77.8174563 0.0000000
v 2.7712910 -75.9449238 0.0000000
v 2.1229036 -77.2977014 0.0000000
v -8.1825501 -82.2227656 0.0000000
v -9.0340229 -86.0755544 0.0000000
v -11.6617678 -86.8229825 0.0000000
v -11.5133403 -85.3293494 0.0000000
v -12.6700927 -86.4729096 0.0000000
v -16.2024202 -83.9446576 0.0000000
v -17.4117469 -83.0580003 0.0000000
v -17.4466009 -80.9878030 0.0000000
v -18.6441053 -81.8911936 0.0000000
v -17.3015360 -81.1770719 0.0000000
v -17.7063956 -80.6104175 0.0000000
v -19.5924449 -80.1942948 0.0000000
v -18.6577633 -81.8727985 0.0000000
v -19.8429848 -77.3539643 0.0000000
v -18.3246797 -77.3196605 0.0000000
v -19.8094791 -77.1062964 0.0000000
v -18.0626087 -76.5158468 0.0000000
v -19.4707656 -75.9990352 0.0000000
v -19.2086297 -75.2924806 0.0000000
v -14.7113298 -83.1755608 0.0000000
v -6.5715760 -79.6930835 0.0000000
v -6.4373281 -79.4822767 0.0000000
v -4.9336411 -77.1276544 0.0000000
v -4.3429903 -76.3148398 0.0000000
v -4.0031146 -75.8901023 0.0000000
v -2.6649685 -74.9144886 0.0000000
v -1.9512047 -74.6849251 0.0000000
v -1.0615244 -74.5553226 0.0000000
v -0.1178350 -74.5990537 0.0000000
v 0.3756078 -74.6788170 0.0000000
v 0.6285571 -76.3857636 0.0000000
v 1.2414193 -75.0164000 0.0000000
v 6.9041842 -74.6546718 0.0000000
v 10.0911525 -66.8831512 0.0000000
v 11.7623035 -66.7438227 0.0000000
v 10.9261917 -64.7945795 0.0000000
v 11.5756667 -63.1701348 0.0000000
v 11.8540131 -62.4739442 0.0000000
v 12.6890523 -60.3853724 0.0000000
v 12.9447801 -59.8670368 0.0000000
v 13.8656624 -58.2780248 0.0000000
v 15.0992854 -59.1313560 0.0000000
v 17.8804468 -56.9772865 0.0000000
v 17.8473457 -55.3904756 0.0000000
v 18.9324143 -55.0981154 0.0000000
v 19.9259173 -54.9870118 0.0000000
v 23.6047975 -55.2161056 0.0000000
v 24.5013913 -55.3754951 0.0000000
v 26.4162281 -56.3615825 0.0000000
v 26.2072500 -56.2245053 0.0000000
v 28.5261604 -59.7445434 0.0000000
v 28.6201425 -60.2706076 0.0000000
v 28.7417850 -61.0104462 0.0000000
v 29.5867113 -65.9168022 0.0000000
v 29.1466021 -71.5990478 0.0000000
v 30.6198825 -71.3171882 0.0000000
v 31.0357739 -73.2229594 0.0000000
v 32.4156223 -77.7041404 0.0000000
v 32.9794646 -79.3602564 0.0000000
v 31.7206026 -80.3168727 0.0000000
v 33.3822090 -80.5431964 0.0000000
v 33.3403525 -83.7839364 0.0000000
v 33.6261128 -83.1166665 0.0000000
v 31.8506259 -83.3038672 0.0000000
v 32.9233716 -84.3523042 0.0000000
v 33.2592726 -88.0596890 0.0000000
v 34.7290124 -88.8671683 0.0000000
v 35.3457502 -88.4407970 0.0000000
v 35.5513295 -88.2986732 0.0000000
v 35.3150652 -86.6384511 0.0000000
v 35.9318030 -86.2120797 0.0000000
v 36.7541201 -85.6435846 0.0000000
v 38.3987542 -84.5065942 0.0000000
v 40.4852318 -84.8877022 0.0000000
v 39.6322298 -83.6538515 0.0000000
v 42.2076365 -75.4147985 0.0000000
v 40.7384747 -75.9989940 0.0000000
v 41.2538260 -73.6509858 0.0000000
v 41.8599613 -72.9516151 0.0000000
v 37.0075153 -47.5549175 0.0000000
v 37.0763489 -47.7951756 0.0000000
v 36.8010144 -46.8341433 0.0000000
v 36.4568463 -45.6328530 0.0000000
v 35.5620092 -42.5094981 0.0000000
v 36.8663287 -41.6158546 0.0000000
v 36.1779925 -39.2132739 0.0000000
v 35.7649908 -37.7717255 0.0000000
v 35.1437395 -35.6059770 0.0000000
v 35.0036542 -35.1261602 0.0000000
v 31.4785952 -30.7078297 0.0000000
v 23.9080762 -16.6953355 0.0000000
v 27.1041339 -23.7152005 0.0000000
v 28.3761712 -22.9202660 0.0000000
v 26.9192342 -20.5889064 0.0000000
v 26.5218878 -19.9530811 0.0000000
v 26.1657773 -19.3473961 0.0000000
v 24.7276662 -19.8416618 0.0000000
v 25.9345068 -18.9201495 0.0000000
v 24.6086932 -19.6218723 0.0000000
v 24.0749214 -17.9685481 0.0000000
v 18.4314949 -9.8597646 0.0000000
v 17.0681503 -8.2848567 0.0000000
v 16.5864171 -7.7103211 0.0000000
v 10.3238857 -0.2413579 0.0000000
v 6.9533426 3.2530275 0.0000000
v -0.4272694 8.0011548 0.0000000
v -1.1299702 10.0023654 0.0000000
v -3.3641207 9.4234427 0.0000000
v 2.0121509 -2.0178334 0.0000000
v 1.8884767 -1.8006544 0.0000000
v -1.7680091 1.5798944 0.0000000
v -0.2178181 1.8909504 0.0000000
v -0.5280609 -0.5883143 0.0000000
v -0.4043867 -0.8054933 0.0000000
v 0.9560291 -3.1944620 0.0000000
v 2.2594992 -2.4521914 0.0000000
v 4.4856342 -6.3614129 0.0000000
v 5.8460500 -8.7503817 0.0000000
v 6.1089164 -12.0769912 0.0000000
v 8.3009478 -12.7880724 0.0000000
v 7.3155711 -14.1098246 0.0000000
v 8.8511420 -14.4604059 0.0000000
v 7.3301544 -14.2780114 0.0000000
v 7.6696543 -15.7394312 0.0000000
v 5.9171955 -15.7406612 0.0000000
v 4.6698349 -22.0556717 0.0000000
v 4.7036486 -22.5543747 0.0000000
v 6.5378138 -25.3836741 0.0000000
v 7.8057968 -34.5656313 0.0000000
v 10.0129818 -36.1269632 0.0000000
v 10.8253129 -38.2213985 0.0000000
v 11.0970040 -38.9202132 0.0000000
v 9.7950615 -43.5671413 0.0000000
v 9.7095966 -43.8019982 0.0000000
v 11.2046313 -44.0800868 0.0000000
v 9.3469474 -44.6740530 0.0000000
v 9.3851745 -48.2524071 0.0000000
v 5.9833378 -51.8643756 0.0000000
v 5.0840293 -53.2339509 0.0000000
v 6.2880818 -54.1285221 0.0000000
v 6.4371317 -53.9279076 0.0000000
v 3.1654303 -55.3319984 0.0000000
v 4.1813516 -56.4357232 0.0000000
v 2.6221387 -55.7685269 0.0000000
v 3.5447891 -56.9512003 0.0000000
v 2.9536321 -57.4123853 0.0000000
v -0.8703466 -59.5507415 0.0000000
v -2.1998985 -60.2442283 0.0000000
v -7.2434818 -62.9250024 0.0000000
v -9.5274089 -62.6660617 0.0000000
v -8.6044059 -63.8484598 0.0000000
v -14.2247069 -69.3255167 0.0000000
v -15.3456364 -68.3287636 0.0000000
v -15.6777865 -68.7022932 0.0000000
v -17.5398869 -75.1087184 0.0000000
v -16.0278244 -71.8231401 0.0000000
v -13.8925568 -68.9519871 0.0000000
v -16.0348857 -69.1636910 0.0000000
v -13.3943317 -68.3916927 0.0000000
v -14.0170362 -66.8346451 0.0000000
v -12.5572154 -65.3925427 0.0000000
v -11.4841429 -64.3450946 0.0000000
v -9.9214218 -62.9736358 0.0000000
v -7.4593405 -63.0509668 0.0000000
v -8.2153568 -61.7554208 0.0000000
v -8.4312155 -61.8813853 0.0000000
v -6.5987480 -62.5487677 0.0000000
v -7.3519221 -61.2515632 0.0000000
v -3.7510423 -61.0532963 0.0000000
v 3.5165395 -55.0011944 0.0000000
v 7.0920778 -49.6849304 0.0000000
v 8.5283148 -46.4981717 0.0000000
v 10.1014780 -46.6563032 0.0000000
v 8.7329730 -46.0421420 0.0000000
v 11.6362102 -41.1426399 0.0000000
v 7.4453928 -33.6248234 0.0000000
v 7.0091564 -32.4538204 0.0000000
v 7.6295619 -29.8223722 0.0000000
v 5.9513143 -29.6121262 0.0000000
v 7.3736031 -29.1352938 0.0000000
v 5.8958894 -17.9645760 0.0000000
v 5.7775416 -16.2191156 0.0000000
v 5.3599343 -14.2926024 0.0000000
v 6.3467862 -9.5888219 0.0000000
v 4.8061419 -9.9441576 0.0000000
v 4.9364194 -10.1574409 0.0000000
v 5.0666968 -10.3707243 0.0000000
v 6.9981734 -10.6552388 0.0000000
v 6.8678959 -10.4419554 0.0000000
v 5.5878066 -11.2238578 0.0000000
v 2.9348157 -6.6693256 0.0000000
v 2.4401191 -5.8006097 0.0000000
v 2.8778700 -3.5380863 0.0000000
v 1.5743999 -4.2803569 0.0000000
v -1.7071886 4.4940841 0.0000000
v -2.2036454 5.3617953 0.0000000
v -6.2361204 9.3892953 0.0000000
v -5.5695364 11.5093616 0.0000000
v 3.4532407 5.8964408 0.0000000
v 6.1867837 3.8947280 0.0000000
v 8.6827450 3.7615149 0.0000000
v 15.9694828 -4.6399311 0.0000000
v 16.4512160 -5.2144667 0.0000000
v 22.4465225 -10.7902498 0.0000000
v 23.0287320 -13.6810113 0.0000000
v 21.0024434 -11.6427716 0.0000000
v 29.2233150 -27.1062690 0.0000000
v 31.2907481 -27.5817113 0.0000000
v 33.4338858 -31.0657818 0.0000000
v 40.8095951 -55.3028020 0.0000000
v 43.4495445 -64.4256199 0.0000000
v 43.2285732 -69.1650980 0.0000000
v 42.9405123 -72.2597685 0.0000000
v 43.9223848 -73.3937561 0.0000000
v 42.5981362 -83.1330781 0.0000000
v 39.8378091 -83.5117277 0.0000000
v 32.0257970 -88.9124318 0.0000000
v 29.4534624 -92.4945544 0.0000000
v 29.5888053 -92.4204656 0.0000000
v 25.9349421 -92.1644744 0.0000000
v 24.7812595 -89.6045164 0.0000000
v 26.2796676 -89.5336357 0.0000000
v 31.7712312 -75.8114363 0.0000000
v 30.5729202 -71.0717161 0.0000000
v 29.0996398 -71.3535758 0.0000000
v 31.9323290 -76.2846123 0.0000000
v 30.5123693 -76.7680526 0.0000000
v 28.1134309 -66.1986619 0.0000000
v 27.9255816 -65.2167735 0.0000000
v 9.4357501 -72.5438389 0.0000000
v 5.6481033 -75.9369270 0.0000000
v 6.3886590 -77.2413722 0.0000000
v 4.0952556 -76.3178527 0.0000000
v 3.2131299 -77.6971508 0.0000000
v -11.9725520 -85.1446976 0.0000000
v -12.6225081 -86.4968319 0.0000000
v -18.3549235 -79.0184700 0.0000000
v -19.8140259 -79.3663663 0.0000000
v -19.9141173 -78.4839504 0.0000000
v -19.5568015 -76.2336835 0.0000000
v -14.3074282 -83.4700289 0.0000000
v -14.1813471 -85.4182727 0.0000000
v -5.1721025 -80.2880087 0.0000000
v -5.6318410 -78.2174357 0.0000000
v -1.3099583 -74.5825730 0.0000000
v -1.1464062 -76.0736299 0.0000000
v 12.0406499 -66.0476322 0.0000000
v 12.5045606 -64.8873145 0.0000000
v 15.2414640 -58.9258147 0.0000000
v 14.0078410 -58.0724834 0.0000000
v 24.6577752 -57.0470776 0.0000000
v 25.3845370 -57.4787554 0.0000000
v 28.1991046 -58.6366267 0.0000000
v 28.3012802 -67.1805502 0.0000000
v 29.7745606 -66.8986906 0.0000000
v 29.0399397 -86.9365210 0.0000000
v 42.4914917 -77.0104097 0.0000000
v 42.2959321 -74.9551071 0.0000000
v 40.8666395 -74.4999998 0.0000000
v 41.2959016 -56.9833211 0.0000000
v 41.0180122 -56.0230245 0.0000000
v 36.5221606 -40.4145643 0.0000000
v 29.0384153 -23.9799749 0.0000000
v 27.0516830 -20.8008482 0.0000000
v 25.5522672 -17.7086234 0.0000000
v 24.0787281 -17.9893260 0.0000000
v 28.1637244 -25.4107348 0.0000000
v 19.1145626 -10.4436489 0.0000000
v 7.7199015 2.6113269 0.0000000
v 8.8651020 -14.2692299 0.0000000
v 7.3407981 -14.2692070 0.0000000
v 8.4726742 -15.2539993 0.0000000
v 9.8336337 -35.6603988 0.0000000
v 8.7923602 -37.1319163 0.0000000
v 11.1191663 -44.3149437 0.0000000
v 10.7154525 -45.2882142 0.0000000
v 5.9666954 -54.5453876 0.0000000
v 4.3632562 -56.2643384 0.0000000
v -1.1208603 -57.9896230 0.0000000
v -0.2055706 -59.2039980 0.0000000
v -15.8908316 -68.9594597 0.0000000
v -17.3684871 -74.6391759 0.0000000
v -10.7687612 -63.6467958 0.0000000
v -9.3304025 -62.5122746 0.0000000
v -11.1264520 -63.9959452 0.0000000
v -10.0786854 -65.0693440 0.0000000
v -4.4447401 -59.7233401 0.0000000
v -0.2344924 -57.5272984 0.0000000
v 5.9621892 -29.6434132 0.0000000
v 4.5345802 -20.0608598 0.0000000
v 6.0480509 -20.2087394 0.0000000
v 4.2601816 -15.7786824 0.0000000
v 5.7180840 -11.4371411 0.0000000
v 1.0797033 -3.4116410 0.0000000
v 3.3879368 7.6978646 0.0000000
v 17.7358378 -6.7465618 0.0000000
v 38.5183357 -47.3820482 0.0000000
v 45.0417826 -71.7696975 0.0000000
v 32.2313762 -88.7703080 0.0000000
v 26.8335239 -90.9632105 0.0000000
v -11.3183038 -85.3415999 0.0000000
v -15.1911012 -84.6821023 0.0000000
v -13.7774455 -85.7127408 0.0000000
v -0.8979722 -76.0463795 0.0000000
v 16.1759042 -57.9816047 0.0000000
v 14.9748423 -57.0489138 0.0000000
v 18.8283226 -55.1172705 0.0000000
v 26.7290700 -59.0258058 0.0000000
v 34.4927481 -87.2069463 0.0000000
v 41.1178285 -73.8763105 0.0000000
v -1.5805865 10.2186823 0.0000000
v 11.0064403 -38.6872750 0.0000000
v 4.9429416 -53.4238486 0.0000000
v 6.1227312 -54.3502798 0.0000000
v 3.3346349 -55.1725791 0.0000000
v -0.8992684 -57.8740418 0.0000000
v -7.5677808 -61.3775276 0.0000000
v 4.6360212 -21.5569687 0.0000000
v 6.2165087 -9.3755386 0.0000000
v 5.4575292 -11.0105744 0.0000000
v -1.4589602 4.0602285 0.0000000
v 20.7925694 -11.5070700 0.0000000
v 33.0843783 -90.0041587 0.0000000
v 32.3350735 -77.4675524 0.0000000
v -16.2010483 -83.9456611 0.0000000
v -18.4158253 -78.4123888 0.0000000
v -18.4039020 -78.6620282 0.0000000
v -19.9021940 -78.7335898 0.0000000
v 32.0198628 -83.0723838 0.0000000
v 23.8479253 -16.1991199 0.0000000
v 9.6083859 -39.2308225 0.0000000
v 6.1390320 -54.3291365 0.0000000
v -17.1970873 -74.1696334 0.0000000
v 5.4280130 4.4745015 0.0000000
v 21.6070267 -10.2474433 0.0000000
v 30.8153523 -29.6487457 0.0000000
v -15.9989045 -84.0931661 0.0000000
v 12.7829070 -64.1911239 0.0000000
v 32.7378179 -78.6504924 0.0000000
v 23.7428572 -15.5608449 0.0000000
v 7.3890057 -11.2950889 0.0000000
v 8.3236567 -46.9542014 0.0000000
v 8.4147873 -31.9301776 0.0000000
v 11.3901024 -63.6342618 0.0000000
v 32.6572690 -78.4139044 0.0000000
v 43.1283802 -72.0968295 0.0000000
v -0.6525775 8.1093133 0.0000000
v 9.6921617 -47.5683626 0.0000000
v -11.8418337 -64.6942439 0.0000000
v 20.7637022 -9.7036624 0.0000000
v 11.1123820 -68.3687949 0.0000000
v -7.3770630 -80.9579245 0.0000000
v 2.9796558 -76.0413425 0.0000000
v 33.6913363 -81.6352403 0.0000000
v -0.0034295 9.4615732 0.0000000
v 5.9786389 -11.8637079 0.0000000
v -18.2127982 -72.6589280 0.0000000
v 27.0069589 -59.8115409 0.0000000
v 9.8129278 -67.5790374 0.0000000
v 43.4729883 -71.6788107 0.0000000
v 10.3724943 -37.0567074 0.0000000
v 41.9906251 -59.3840626 0.0000000
v 40.9424676 -74.2618568 0.0000000
v 5.7223758 -8.5332027 0.0000000
v 10.2819306 -36.8237691 0.0000000
v 28.6935197 -26.2585019 0.0000000
v 40.4802698 -59.5609494 0.0000000
v -16.7601454 -73.1317035 0.0000000
v 29.9655571 -25.4635673 0.0000000
v 41.9211528 -59.1439885 0.0000000
v 17.4146824 -6.3635380 0.0000000
v -17.9470532 -72.1810660 0.0000000
v -16.6380919 -72.9136096 0.0000000
v -17.8440745 -80.4018354 0.0000000
v 30.9107730 -72.7389937 0.0000000
v 30.9956627 -78.1875806 0.0000000
v -17.0708859 -70.6354007 0.0000000
v 31.1567604 -78.6607566 0.0000000
v -17.0432649 -70.5933097 0.0000000
v -15.0972339 -70.4367413 0.0000000
v -14.1054774 -83.6172630 0.0000000
v -9.8883863 -86.6041624 0.0000000
v -9.7921953 -86.5607334 0.0000000
v -7.6751992 -63.1769312 0.0000000
v -10.2841098 -85.1218164 0.0000000
v -10.0149380 -84.9406190 0.0000000
v -5.9775895 -81.5528497 0.0000000
v 1.2490765 -56.7189752 0.0000000
v -2.4269521 -76.5044915 0.0000000
v -2.7942050 -74.9699008 0.0000000
v 5.2330791 -53.0333365 0.0000000
v 8.0165606 -51.2605234 0.0000000
v 5.8654448 -75.8135386 0.0000000
v 7.9742681 -75.8186171 0.0000000
v 11.2056107 -68.1362039 0.0000000
v 10.1146251 -41.8475774 0.0000000
v 14.6213337 -59.9034536 0.0000000
v 11.6278552 -41.0065796 0.0000000
v 8.8838762 -37.3673167 0.0000000
v 8.7933125 -37.1343784 0.0000000
v 15.6370862 -56.4948119 0.0000000
v 7.9851449 -35.0321957 0.0000000
v 16.2596234 -56.0769537 0.0000000
v 7.7161228 -34.3323491 0.0000000
v 20.4567172 -56.4853487 0.0000000
v 6.5048399 -25.1359348 0.0000000
v 22.2021952 -56.6034369 0.0000000
v 22.8021525 -55.1405975 0.0000000
v 6.4388921 -24.6404564 0.0000000
v 22.7009032 -56.6371764 0.0000000
v 25.1755589 -57.3416783 0.0000000
v 25.8421920 -57.8721242 0.0000000
v 26.0213048 -58.0464246 0.0000000
v 27.0674250 -56.9714210 0.0000000
v 27.2465378 -57.1457214 0.0000000
v 26.8318692 -59.2536091 0.0000000
v 31.2373093 -78.8973447 0.0000000
v 32.2027789 -81.8217747 0.0000000
v 33.6966240 -81.6838435 0.0000000
v 32.2360059 -82.2594714 0.0000000
v 33.7344603 -82.1822575 0.0000000
v 0.2218786 9.3534147 0.0000000
v 31.6770063 -83.4810778 0.0000000
v 1.3484193 8.8126225 0.0000000
v 27.7642665 -87.7247407 0.0000000
v 27.0148627 -88.2256708 0.0000000
v 26.3166789 -89.3154301 0.0000000
v 20.3728215 -11.2356667 0.0000000
v 21.3971528 -10.1117417 0.0000000
v 20.5826955 -11.3713684 0.0000000
v 26.5235486 -90.5656255 0.0000000
v 25.5987136 -17.9434349 0.0000000
v 27.9551578 -91.3826469 0.0000000
v 26.0468042 -19.1276066 0.0000000
v 40.9997247 -82.6647278 0.0000000
v 33.5637661 -35.5465439 0.0000000
v 41.3680728 -82.2746236 0.0000000
v 43.2648273 -81.3566159 0.0000000
v 40.2718528 -58.8407269 0.0000000
v 42.8183511 -78.4738970 0.0000000
v 40.4107975 -59.3208752 0.0000000
v 41.1909890 -78.0691121 0.0000000
v 45.0732354 -70.2448671 0.0000000
v 45.0886494 -70.3427806 0.0000000
v 40.6963092 -75.2464189 0.0000000
vt -1.8769182 2.5253696
vt -1.8148611 2.4169057
vt -1.1638798 2.7893615
vt -1.2259369 2.8978254
vt -1.9389753 2.6338335
vt -1.2879940 3.0062893
vt -1.4121082 3.2232171
vt -2.0630895 2.8507613
vt -2.1872037 3.0676891
vt -2.1251466 2.9592252
vt -1.4741653 3.3316810
vt -1.5362224 3.4401449
vt -1.5982795 3.5486088
vt -1.8465079 3.9824645
vt -2.4974892 3.6100086
vt -2.5595463 3.7184725
vt -1.9085650 4.0909284
vt -1.9706221 4.1993923
vt -2.0326792 4.3078562
vt -2.6216034 3.8269364
vt -2.0947363 4.4163201
vt -2.6836605 3.9354003
vt -2.8698318 4.2607920
vt -2.7457176 4.0438642
vt -2.2188505 4.6332479
vt -2.2809076 4.7417118
vt -2.3429647 4.8501757
vt -2.9318889 4.3692559
vt -3.1860272 4.8504273
vt -3.1388376 4.7369191
vt -2.4657649 5.0716484
vt -3.2113719 4.9440949
vt -3.2207753 5.2073287
vt -3.2281298 5.0679281
vt -3.1928810 5.3213513
vt -2.9606955 5.6553625
vt -3.0778052 5.5390761
vt -2.8600425 5.7184677
vt -2.4509523 5.8246865
vt -2.5699971 5.8160632
vt -2.4612767 5.0719735
vt -2.3240934 5.8121520
vt -2.2036348 5.7789068
vt -2.3190309 5.0324759
vt -2.0144018 5.7187999
vt -2.0823456 5.7450905
vt -1.9027919 5.6625973
vt -2.1285000 4.9365317
vt -1.6795721 5.5501922
vt -1.7911820 5.6063948
vt -1.7936703 4.7679239
vt -1.3447424 5.3815845
vt -1.4563523 5.4377870
vt 1.2682613 4.1108894
vt 1.2532838 4.1196348
vt 0.8825939 3.4675886
vt 1.4811149 3.9799108
vt 1.3746881 4.0454001
vt 0.9816330 3.4066453
vt 1.0880598 3.3411560
vt 1.1944865 3.2756668
vt 1.3009133 3.2101775
vt 1.4073401 3.1446882
vt 1.8003952 3.7834430
vt 1.9195332 2.8259366
vt 2.0111869 2.7580234
vt 2.4576992 3.3606234
vt 2.2261023 3.5214859
vt 2.1196755 3.5869752
vt 1.8285732 2.8854841
vt 2.2349712 3.5158557
vt 1.9068220 3.7179537
vt 1.5137668 3.0791990
vt 2.0132487 3.6524645
vt 1.6201936 3.0137097
vt 2.3394368 3.4474667
vt 2.3572964 3.4350195
vt 2.9597132 2.9886429
vt 2.8593104 3.0630390
vt 2.5132009 2.3860429
vt 2.7589076 3.1374351
vt 2.3123953 2.5348351
vt 2.4127981 2.4604390
vt 2.6136037 2.3116468
vt 3.0601160 2.9142468
vt 3.1605188 2.8398507
vt 3.1892117 1.8671515
vt 3.6706335 2.4422454
vt 3.5748136 2.5224580
vt 3.4622713 2.6158796
vt 3.3620567 2.6905146
vt 3.0057455 2.0207344
vt 3.4789938 2.6026706
vt 3.5724912 1.5463012
vt 4.1497328 2.0411826
vt 4.0539129 2.1213952
vt 4.3487669 0.8057463
vt 4.9015538 1.3126257
vt 4.7326453 1.4968319
vt 3.9475088 1.2323670
vt 4.4533053 1.7862497
vt 4.4371924 1.8005449
vt 4.0203668 1.1638892
vt 4.5637369 1.6810382
vt 4.5441673 1.7008503
vt 4.6481911 1.5889351
vt 3.9580931 2.2016077
vt 4.7659882 0.3507378
vt 5.3337011 0.8408989
vt 5.3238249 0.8521100
vt 5.4144122 0.7455133
vt 4.6865838 0.4373338
vt 5.2393707 0.9442132
vt 5.1549164 1.0363163
vt 5.0013651 0.0708330
vt 5.7366532 0.3612007
vt 5.5760755 0.5527126
vt 5.2422317 -0.2164349
vt 5.8972309 0.1696889
vt 5.8169421 0.2654448
vt 5.4028094 -0.4079467
vt 6.0578086 -0.0218230
vt 5.9775198 0.0739329
vt 5.7239649 -0.7909705
vt 6.2986752 -0.3090908
vt 6.2183864 -0.2133349
vt 5.8042538 -0.8867264
vt 6.4592530 -0.5006027
vt 6.3789641 -0.4048468
vt 5.9648315 -1.0782383
vt 6.6198307 -0.6921146
vt 6.5395418 -0.5963586
vt 6.3662758 -1.5570180
vt 6.9409862 -1.0751383
vt 6.8606973 -0.9793824
vt 6.6071424 -1.8442858
vt 7.2621416 -1.4581621
vt 7.1818527 -1.3624062
vt 6.7677201 -2.0357977
vt 7.4227193 -1.6496740
vt 7.3424305 -1.5539180
vt 7.2494533 -2.6103333
vt 7.9044525 -2.2242096
vt 7.8241637 -2.1284537
vt 7.4903199 -2.8976012
vt 8.1453191 -2.5114774
vt 8.0650303 -2.4157215
vt 7.8114754 -3.2806249
vt 8.4664746 -2.8945012
vt 8.3861857 -2.7987452
vt 8.3734974 -3.9509165
vt 9.0284966 -3.5647928
vt 8.9482078 -3.4690368
vt 8.6143640 -4.2381843
vt 9.1890744 -3.7563046
vt 9.1087855 -3.6605487
vt 8.7749417 -4.4296962
vt 9.3496521 -3.9478165
vt 9.2693632 -3.8520606
vt 8.9355195 -4.6212081
vt 9.5102298 -4.1393284
vt 9.4299410 -4.0435725
vt 9.0158083 -4.7169640
vt 9.6572737 -4.3146992
vt 9.5905187 -4.2350843
vt 9.3063687 -5.0159247
vt 9.8227799 -4.4720318
vt 9.7323385 -4.3861601
vt 10.5936394 -4.9880200
vt 10.4887024 -4.9201692
vt 10.0822621 -5.5504923
vt 11.0133873 -5.2594233
vt 10.9084503 -5.1915725
vt 10.6061587 -5.8892366
vt 10.8160326 -6.0249382
vt 10.8942607 -6.0755194
vt 10.9572479 -6.1334027
vt 11.4700372 -5.5860463
vt 11.4480324 -6.7347407
vt 12.0834078 -6.3362460
vt 12.0170123 -6.2303823
vt 11.4804565 -5.5959972
vt 11.0408286 -6.2163542
vt 11.5691512 -5.6840242
vt 11.6578459 -5.7720512
vt 11.2120366 -6.3862734
vt 11.2670848 -6.4462308
vt 11.7586118 -5.8726281
vt 11.8427659 -5.9642871
vt 11.8842211 -6.0186548
vt 11.5663586 -6.9235193
vt 12.2162540 -6.5482075
vt 12.1498034 -6.4421097
vt 12.2414016 -6.5955863
vt 12.3424848 -6.8241562
vt 11.7500231 -7.3388222
vt 12.4570531 -7.0878957
vt 12.4435680 -7.0527261
vt 12.4957582 -7.2063166
vt 11.7793756 -7.4286282
vt 12.5337331 -7.3487806
vt 12.5020997 -7.2278888
vt 11.8967521 -7.8772001
vt 12.6380061 -7.7603072
vt 12.6286334 -7.7114560
vt 12.6533581 -7.8843012
vt 11.9089825 -7.9759816
vt 12.6534746 -7.8852522
vt 11.9390004 -8.2236138
vt 12.6985878 -8.2574139
vt 12.6835501 -8.1333600
vt 11.9690758 -8.4717216
vt 12.7286633 -8.5055216
vt 12.7136255 -8.3814678
vt 11.9991513 -8.7198294
vt 12.7576897 -8.7449752
vt 12.7437010 -8.6295755
vt 12.1838476 -9.5337425
vt 12.9237580 -9.3720086
vt 12.8871035 -9.2731064
vt 14.2143110 -12.9173092
vt 14.2805354 -13.0232800
vt 14.9165541 -12.6258128
vt 15.1152273 -12.9437254
vt 15.0490029 -12.8377545
vt 14.4792087 -13.3411927
vt 14.5454331 -13.4471636
vt 15.1814518 -13.0496963
vt 15.3138093 -13.2614042
vt 15.2476391 -13.1556079
vt 14.6779955 -13.6591992
vt 15.4464011 -13.4731304
vt 15.3800768 -13.3672220
vt 14.7444332 -13.7652888
vt 15.5127254 -13.5790388
vt 14.8770818 -13.9771056
vt 14.9434061 -14.0830140
vt 15.0097304 -14.1889224
vt 15.5790497 -13.6849473
vt 15.0760547 -14.2948308
vt 15.1423790 -14.4007392
vt 15.7116983 -13.8967641
vt 15.8443469 -14.1085809
vt 15.7780226 -14.0026725
vt 15.2087033 -14.5066476
vt 15.2750276 -14.6125560
vt 15.9106712 -14.2144893
vt 15.9769955 -14.3203977
vt 15.3413519 -14.7184644
vt 16.1096441 -14.5322145
vt 16.0433198 -14.4263061
vt 15.4740004 -14.9302812
vt 15.5403247 -15.0361896
vt 16.1759684 -14.6381229
vt 15.6066490 -15.1420980
vt 16.2422927 -14.7440313
vt 16.3086170 -14.8499397
vt 15.6729733 -15.2480064
vt 16.5739141 -15.2735733
vt 16.5075899 -15.1676649
vt 15.8719462 -15.5657317
vt 15.9382705 -15.6716401
vt 16.6599039 -15.4150302
vt 16.6402384 -15.3794817
vt 15.9937979 -15.7603076
vt 16.7143344 -15.5273928
vt 16.0380332 -15.8516241
vt 16.8222354 -15.7595526
vt 16.7695892 -15.6462217
vt 16.0893975 -15.9621953
vt 16.1946900 -16.1888569
vt 16.8748817 -15.8728834
vt 16.9275279 -15.9862142
vt 17.0387197 -16.2262516
vt 17.0328204 -16.2128758
vt 16.3495487 -16.5222190
vt 17.0868936 -16.3415119
vt 16.9801742 -16.0995450
vt 16.5745107 -17.0808763
vt 17.2808295 -16.8284928
vt 17.2744690 -16.8113544
vt 17.3213935 -16.9465367
vt 16.6092431 -17.1819497
vt 17.3617418 -17.0832633
vt 17.3267204 -16.9633091
vt 16.6768191 -17.4134094
vt 17.4317844 -17.3231717
vt 17.3967631 -17.2032175
vt 18.5728076 -24.0184689
vt 18.6074750 -24.1385258
vt 19.2934769 -23.8107770
vt 17.9530887 -21.8553942
vt 17.9875055 -21.9755232
vt 18.6740820 -21.6488305
vt 17.9186719 -21.7352652
vt 18.6396652 -21.5287015
vt 19.3280060 -23.9303548
vt 19.4321846 -24.2903629
vt 19.3974485 -24.1703258
vt 18.7117432 -24.4988433
vt 18.7812155 -24.7389175
vt 18.8159517 -24.8589545
vt 19.5363932 -24.6504741
vt 19.6406017 -25.0105853
vt 19.6058655 -24.8905483
vt 18.9201602 -25.2190658
vt 19.7795464 -25.4907336
vt 19.7448102 -25.3706966
vt 19.0591049 -25.6992141
vt 19.0938411 -25.8192511
vt 19.8142826 -25.6107707
vt 19.9184911 -25.9708819
vt 19.8837549 -25.8508449
vt 19.1633135 -26.0593253
vt 19.9879635 -26.2109561
vt 19.9532273 -26.0909190
vt 19.2675220 -26.4194365
vt 20.0574358 -26.4510303
vt 20.0226996 -26.3309932
vt 19.3369943 -26.6595107
vt 19.4064667 -26.8995848
vt 19.4412029 -27.0196219
vt 20.1269082 -26.6911044
vt 20.1616443 -26.8111415
vt 19.4759390 -27.1396590
vt 19.5106752 -27.2596961
vt 20.1963805 -26.9311786
vt 20.3005890 -27.2912898
vt 20.2658529 -27.1712527
vt 19.5454114 -27.3797331
vt 20.3700614 -27.5313639
vt 20.3353252 -27.4113269
vt 19.6496199 -27.7398444
vt 19.6843561 -27.8598815
vt 19.7190923 -27.9799185
vt 20.4395337 -27.7714381
vt 19.8580370 -28.4600668
vt 19.8927732 -28.5801039
vt 20.6132146 -28.3716235
vt 20.8563679 -29.2118830
vt 20.8216317 -29.0918459
vt 20.1011902 -29.3003264
vt 20.9258402 -29.4519572
vt 20.8911040 -29.3319201
vt 20.1706626 -29.5404005
vt 20.2748711 -29.9005118
vt 20.3096073 -30.0205488
vt 21.0300487 -29.8120684
vt 21.0995211 -30.0521426
vt 21.0647849 -29.9321055
vt 20.3790796 -30.2606230
vt 21.1342573 -30.1721796
vt 20.4138158 -30.3806601
vt 20.4485520 -30.5006971
vt 20.4832881 -30.6207342
vt 21.1689934 -30.2922167
vt 20.5180243 -30.7407713
vt 21.2384658 -30.5322909
vt 20.5527605 -30.8608084
vt 20.5874967 -30.9808454
vt 21.2732020 -30.6523279
vt 20.6222328 -31.1008825
vt 21.3079381 -30.7723650
vt 20.6569690 -31.2209196
vt 21.3774105 -31.0124392
vt 20.6917052 -31.3409567
vt 20.7264414 -31.4609938
vt 21.4468828 -31.2525133
vt 21.5163552 -31.4925875
vt 20.7959137 -31.7010679
vt 21.5858275 -31.7326616
vt 21.5510914 -31.6126246
vt 20.8306499 -31.8211050
vt 20.8653861 -31.9411421
vt 20.9001222 -32.0611791
vt 21.6205637 -31.8526987
vt 21.6900361 -32.0927729
vt 21.6552999 -31.9727358
vt 20.9348584 -32.1812162
vt 21.0043308 -32.4212904
vt 21.0390670 -32.5413274
vt 21.7595084 -32.3328470
vt 21.7942446 -32.4528841
vt 21.0738031 -32.6613645
vt 21.1085393 -32.7814016
vt 21.1432755 -32.9014387
vt 21.8289808 -32.5729212
vt 21.8984531 -32.8129953
vt 21.8637169 -32.6929582
vt 21.1778322 -33.0208555
vt 21.9331322 -32.9343911
vt 21.8988099 -32.8142364
vt 21.2116584 -33.1392736
vt 21.9673411 -33.0569907
vt 21.9337627 -32.9366246
vt 21.2785032 -33.3788881
vt 21.3120816 -33.4992542
vt 22.0009194 -33.1773568
vt 21.3792382 -33.7399863
vt 21.4128166 -33.8603524
vt 22.1016544 -33.5384551
vt 22.1352328 -33.6588212
vt 21.5135516 -34.2214507
vt 21.5471299 -34.3418168
vt 22.2695461 -34.1402856
vt 22.2023894 -33.8995534
vt 22.1688111 -33.7791873
vt 21.4463949 -33.9807185
vt 21.4799732 -34.1010846
vt 22.2359678 -34.0199195
vt 22.3702811 -34.5013838
vt 22.3367028 -34.3810177
vt 21.6478649 -34.7029151
vt 21.2449249 -33.2585220
vt 21.6814433 -34.8232812
vt 21.7150216 -34.9436473
vt 22.4038594 -34.6217499
vt 21.7485999 -35.0640134
vt 22.4710161 -34.8624821
vt 22.5045944 -34.9828482
vt 21.7796696 -35.1753870
vt 22.5091611 -35.0009469
vt 22.5667913 -35.4203025
vt 22.5555580 -35.2958464
vt 21.8179759 -35.4672057
vt 21.8006676 -35.6411413
vt 21.7839028 -35.7442492
vt 22.5409461 -35.7615065
vt 21.8164592 -35.5440191
vt 22.4793221 -36.0431766
vt 22.5121253 -35.9248380
vt 21.7725587 -35.7851736
vt 22.4302067 -36.1506583
vt 22.3610099 -36.2547126
vt 21.6294569 -35.9918084
vt 22.2025157 -36.4771857
vt 22.2777758 -36.3784665
vt 22.1499975 -36.5331262
vt 21.4071414 -36.1842592
vt 21.6884037 -36.8845756
vt 21.7984610 -36.8253903
vt 21.8656152 -36.7792230
vt 21.3331843 -36.2240309
vt 21.5783464 -36.9437608
vt 20.8401192 -36.5626431
vt 21.3042534 -37.1570929
vt 21.3612910 -37.1019760
vt 20.6499711 -39.2784706
vt 20.6772093 -39.4004279
vt 21.3819372 -39.1149912
vt 20.7044476 -39.5223851
vt 20.7316859 -39.6443424
vt 21.4364138 -39.3589058
vt 21.4636521 -39.4808631
vt 20.7589242 -39.7662997
vt 21.4908904 -39.6028203
vt 20.7861624 -39.8882570
vt 20.8134007 -40.0102143
vt 21.5181286 -39.7247776
vt 21.5726052 -39.9686922
vt 21.5453669 -39.8467349
vt 21.5998435 -40.0906495
vt 20.8406390 -40.1321715
vt 20.8678773 -40.2541288
vt 20.8870895 -40.3401499
vt 20.8889628 -40.4182494
vt 21.6389727 -40.4096662
vt 21.6356829 -40.5533887
vt 21.6389522 -40.4284695
vt 20.8859396 -40.5337672
vt 20.8831982 -40.6385159
vt 20.8715460 -40.7251653
vt 21.6126220 -40.8417290
vt 21.5790499 -40.9965446
vt 21.6066835 -40.8746763
vt 20.8285936 -40.9145917
vt 21.4754652 -41.3032632
vt 21.5265809 -41.1917730
vt 20.8077627 -40.9600267
vt 21.4421003 -41.3615908
vt 20.6295683 -41.2153581
vt 21.1898131 -41.7148710
vt 21.2275520 -41.6690131
vt 21.1038209 -41.8039353
vt 20.5795489 -41.2671645
vt 20.9747967 -41.9128270
vt 21.0715111 -41.8336953
vt 20.3187919 -41.4794084
vt 20.7785076 -42.0721556
vt 20.8758091 -41.9938037
vt 20.7565641 -42.0885416
vt 20.1244838 -41.6137401
vt 20.4481952 -42.3017273
vt 20.5509848 -42.2306654
vt 19.7133253 -41.8979876
vt 20.0370367 -42.5859749
vt 20.1398263 -42.5149130
vt 19.5077460 -42.0401114
vt 19.8314574 -42.7280987
vt 19.9342470 -42.6570368
vt 19.3021667 -42.1822352
vt 19.6258781 -42.8702225
vt 19.7286678 -42.7991606
vt 19.0965875 -42.3243590
vt 19.4202989 -43.0123463
vt 19.5230885 -42.9412844
vt 18.8910082 -42.4664828
vt 19.2147196 -43.1544700
vt 19.3175092 -43.0834081
vt 18.6854289 -42.6086066
vt 19.0091403 -43.2965938
vt 19.1119300 -43.2255319
vt 17.1435844 -43.6745350
vt 17.0407948 -43.7455969
vt 17.4672958 -44.3625223
vt 16.5268466 -44.1009064
vt 16.4240570 -44.1719683
vt 16.8505580 -44.7888937
vt 16.7477684 -44.8599555
vt 16.3212674 -44.2430302
vt 16.2184777 -44.3140921
vt 16.6449788 -44.9310174
vt 15.8073192 -44.5983397
vt 15.7045296 -44.6694016
vt 16.2338202 -45.2152650
vt 16.0282410 -45.3573888
vt 16.1310306 -45.2863269
vt 15.6017399 -44.7404635
vt 15.4989503 -44.8115254
vt 15.8226617 -45.4995126
vt 15.9254513 -45.4284507
vt 15.3961607 -44.8825873
vt 15.2933711 -44.9536492
vt 15.6170824 -45.6416364
vt 15.7198721 -45.5705745
vt 15.1905814 -45.0247111
vt 15.0877918 -45.0957730
vt 15.4115032 -45.7837602
vt 15.5142928 -45.7126983
vt 14.9850022 -45.1668349
vt 14.8822125 -45.2378968
vt 15.2059239 -45.9258840
vt 15.3087135 -45.8548221
vt 14.7794229 -45.3089587
vt 14.6766333 -45.3800205
vt 15.0003447 -46.0680078
vt 15.1031343 -45.9969459
vt 14.5738436 -45.4510824
vt 14.4712056 -45.5220395
vt 14.3811197 -46.3925087
vt 14.6115273 -46.2956877
vt 14.1375717 -45.6813239
vt 14.4004287 -45.5708672
vt 14.3209760 -45.6042545
vt 14.1612419 -46.4344308
vt 14.2835457 -46.4187458
vt 14.0840918 -45.6881825
vt 13.9996859 -46.4409976
vt 14.1245936 -46.4373142
vt 13.8949668 -45.6937596
vt 13.7909727 -46.4377191
vt 13.8747782 -46.4446810
vt 13.6696228 -46.4137206
vt 13.8316720 -45.6812422
vt 13.5169767 -46.3705547
vt 13.6368933 -46.4057046
vt 13.5783494 -45.5988210
vt 13.2374854 -46.2680415
vt 13.3500608 -46.3181454
vt 13.1697735 -46.2289877
vt 13.3715382 -45.4445662
vt 12.7113397 -45.8073481
vt 12.7815072 -45.9107503
vt 12.8541987 -45.9902987
vt 12.5234044 -45.5019220
vt 12.5710047 -45.6005436
vt 13.2226848 -45.2252086
vt 12.4862948 -45.3832781
vt 13.2040750 -45.1657108
vt 12.4825642 -45.3705671
vt 13.1733159 -45.0536175
vt 12.4484074 -45.2460027
vt 12.4494963 -45.2500598
vt 13.1516595 -44.9710844
vt 12.4050745 -45.0517644
vt 12.4167269 -45.1252674
vt 13.1390273 -44.7151003
vt 12.4475128 -44.4184967
vt 12.4076552 -44.5369318
vt 12.3881141 -44.6623881
vt 13.2262911 -44.4683591
vt 12.5386091 -44.1674825
vt 12.4933946 -44.2834643
vt 12.5652626 -44.1127265
vt 12.6288974 -44.0051807
vt 13.3694301 -44.2264474
vt 12.9317236 -43.6143445
vt 12.8366557 -43.6947973
vt 13.4133567 -44.1892738
vt 12.9374933 -43.6095600
vt 13.5893392 -44.0462828
vt 13.1627959 -43.4290810
vt 13.1314601 -43.4519564
vt 13.2672648 -43.3608111
vt 13.6735667 -43.9912405
vt 13.3815975 -43.2900248
vt 13.2752914 -43.3557098
vt 14.2010516 -43.6653154
vt 13.8068219 -43.0272849
vt 13.7005158 -43.0929699
vt 14.4136637 -43.5339455
vt 14.1257401 -42.8302300
vt 14.0194341 -42.8959149
vt 14.7325820 -43.3368905
vt 14.3383523 -42.6988600
vt 14.2320462 -42.7645450
vt 14.8388881 -43.2712056
vt 14.5509645 -42.5674901
vt 14.4446584 -42.6331750
vt 15.1578064 -43.0741506
vt 14.7635767 -42.4361201
vt 14.6572706 -42.5018051
vt 15.3704186 -42.9427807
vt 14.9761889 -42.3047502
vt 14.8698828 -42.3704351
vt 15.4767247 -42.8770957
vt 15.1888011 -42.1733802
vt 15.0824950 -42.2390652
vt 15.7956430 -42.6800408
vt 15.5077194 -41.9763253
vt 15.4014133 -42.0420103
vt 16.0082552 -42.5486708
vt 15.7104540 -41.8510585
vt 15.6140255 -41.9106403
vt 14.9107615 -33.5720813
vt 14.1741213 -33.7130112
vt 14.1976024 -33.8357472
vt 15.1353613 -38.0291443
vt 15.1756358 -38.1474383
vt 15.8453412 -37.7874242
vt 15.8050667 -37.6691302
vt 15.0950869 -37.9108503
vt 15.2394977 -35.2903860
vt 14.5028575 -35.4313158
vt 14.5263387 -35.5540518
vt 14.8542181 -37.0410209
vt 15.6116376 -36.9744540
vt 15.5803874 -36.8534625
vt 15.5491372 -36.7324711
vt 14.8229679 -36.9200295
vt 15.0509492 -37.7805513
vt 15.0548124 -37.7925563
vt 15.7668248 -37.5568062
vt 15.7346802 -37.4508375
vt 15.0147007 -37.6610539
vt 15.0104692 -37.6459780
vt 14.8854683 -37.1620123
vt 15.4263464 -36.2570623
vt 14.6979670 -36.4360638
vt 14.7292172 -36.5570552
vt 14.6939523 -36.4188553
vt 14.6684465 -36.2965739
vt 15.4032809 -36.1464803
vt 14.6437445 -36.1677321
vt 14.6672257 -36.2904681
vt 14.7917176 -36.7990380
vt 15.1690543 -34.9221778
vt 14.4089329 -34.9403716
vt 14.4324141 -35.0631077
vt 15.0516484 -34.3084976
vt 14.3150082 -34.4494274
vt 14.3384894 -34.5721635
vt 15.6428878 -37.0954454
vt 14.9812049 -33.9402895
vt 14.2445647 -34.0812193
vt 14.2680459 -34.2039553
vt 16.0869878 -38.4971882
vt 16.0467134 -38.3788942
vt 15.3770080 -38.7389083
vt 14.8637991 -33.3266093
vt 14.1036778 -33.3448030
vt 14.1271589 -33.4675391
vt 14.8403180 -33.2038732
vt 14.0801966 -33.2220670
vt 14.7463933 -32.7129290
vt 13.9862719 -32.7311228
vt 14.0097531 -32.8538589
vt 14.5939037 -31.8615939
vt 13.8538401 -31.9832733
vt 13.8741139 -32.1065798
vt 14.6761058 -32.3455361
vt 13.9390013 -32.4840197
vt 13.9393096 -32.4856507
vt 14.6540665 -32.2275085
vt 13.9146614 -32.3531927
vt 13.9160648 -32.3611868
vt 13.8943876 -32.2298862
vt 13.8335664 -31.8599669
vt 14.5128087 -31.3683681
vt 13.7321977 -31.2434347
vt 13.7727451 -31.4900476
vt 14.4519875 -30.9984488
vt 13.6916502 -30.9968219
vt 13.7119239 -31.1201283
vt 14.4114400 -30.7518360
vt 13.6511027 -30.7502090
vt 13.6713764 -30.8735154
vt 14.3506188 -30.3819167
vt 13.5902814 -30.3802897
vt 13.6105552 -30.5035961
vt 14.2645530 -29.8795650
vt 13.5286552 -30.0243693
vt 13.5505361 -30.1385560
vt 14.2039929 -29.5994219
vt 13.4567783 -29.7173143
vt 13.4805725 -29.7978593
vt 13.7422826 -28.7163398
vt 13.7316113 -28.7025117
vt 13.1431920 -29.1676342
vt 13.4441561 -28.3985603
vt 13.3545997 -28.3114102
vt 12.8333849 -28.8507076
vt 11.2763992 -27.5618639
vt 11.1517222 -27.5534290
vt 11.2257746 -28.3101533
vt 10.8517436 -28.2848487
vt 10.9764206 -28.2932836
vt 10.9023682 -27.5365592
vt 10.7776912 -27.5281244
vt 10.7270666 -28.2764138
vt 10.6023896 -28.2679790
vt 10.6530142 -27.5196895
vt 10.5283372 -27.5112546
vt 10.3530356 -28.2511092
vt 10.4777126 -28.2595441
vt 8.4161362 -27.8967863
vt 8.3011892 -27.9458036
vt 8.6112337 -28.6289356
vt 8.2701735 -27.9607479
vt 8.1606919 -28.0198386
vt 8.5328056 -28.6712659
vt 8.4440408 -28.7308464
vt 8.0260555 -28.1081199
vt 8.3402846 -28.8004894
vt 7.9222993 -28.1777629
vt 8.1614092 -28.9229962
vt 8.2398235 -28.8679207
vt 7.8120004 -28.2518987
vt 7.3955983 -28.6092158
vt 7.8124837 -29.2450791
vt 7.9043065 -29.1603202
vt 6.7114911 -29.4805082
vt 6.7055312 -29.4913722
vt 7.3660619 -29.8466715
vt 6.6472459 -29.6019088
vt 6.5889606 -29.7124453
vt 7.2523816 -30.0622633
vt 6.5306753 -29.8229819
vt 7.1358110 -30.2833364
vt 7.1940963 -30.1727999
vt 4.8600779 -33.9052443
vt 4.8135553 -34.0210918
vt 5.5095320 -34.3005851
vt 4.7669873 -34.1370526
vt 5.4629639 -34.4165459
vt 5.4163959 -34.5325068
vt 5.3698278 -34.6484676
vt 4.6738512 -34.3689743
vt 4.6272831 -34.4849352
vt 4.5807151 -34.6008960
vt 5.3232598 -34.7644284
vt 5.2766917 -34.8803893
vt 5.1835556 -35.1123110
vt 5.2301237 -34.9963501
vt 4.4875790 -34.8328177
vt 4.4410109 -34.9487785
vt 5.1369875 -35.2282718
vt 4.3944428 -35.0647394
vt 4.3478748 -35.1807002
vt 5.0904195 -35.3442327
vt 4.1616026 -35.6445436
vt 4.1150345 -35.7605045
vt 4.8110112 -36.0399978
vt 4.2547387 -35.4126219
vt 4.2081706 -35.5285828
vt 4.9041473 -35.8080761
vt 4.9507153 -35.6921152
vt 5.0438514 -35.4601935
vt 4.0684665 -35.8764653
vt 4.0218984 -35.9924262
vt 4.7644431 -36.1559586
vt 3.9753304 -36.1083870
vt 4.6713070 -36.3878803
vt 4.6247389 -36.5038411
vt 3.9287623 -36.2243479
vt 3.8821942 -36.3403087
vt 4.5781709 -36.6198020
vt 4.4384667 -36.9676845
vt 4.4850348 -36.8517237
vt 3.7890581 -36.5722304
vt 3.7424901 -36.6881912
vt 3.6959220 -36.8041521
vt 4.3453306 -37.1996062
vt 4.3918987 -37.0836454
vt 3.6493540 -36.9201129
vt 3.6046310 -37.0314792
vt 4.2949517 -37.3247059
vt 4.2987626 -37.3155671
vt 4.2454021 -37.4392493
vt 3.5643076 -37.1246946
vt 4.2292828 -37.4720306
vt 3.1408486 -37.7504552
vt 3.0795049 -37.8151827
vt 3.6852171 -38.2663650
vt 3.3433162 -37.5237659
vt 3.2975751 -37.5850833
vt 3.8855305 -38.0512336
vt 3.9596559 -37.9518662
vt 3.2268074 -37.6597547
vt 3.7711759 -38.1756645
vt 3.5455600 -38.4038874
vt 3.5992583 -38.3570655
vt 3.4450180 -38.4759632
vt 3.0241557 -37.8548610
vt 3.3030002 -38.5589919
vt 3.4116709 -38.4972977
vt 2.6592619 -38.0531619
vt 2.9395613 -38.7493325
vt 3.0529384 -38.6988965
vt 2.8891809 -38.7675557
vt 2.7689338 -38.8015581
vt 2.3491606 -38.1408495
vt 2.3552505 -38.8972377
vt 2.4781199 -38.8801286
vt 2.2715035 -38.1516630
vt 2.3156924 -38.9006239
vt 1.9687121 -38.1589391
vt 1.9292634 -38.9089455
vt 2.0538005 -38.9089253
vt 1.8509931 -38.9006992
vt 1.6659682 -38.0943796
vt 1.4349260 -38.8083707
vt 1.4843509 -38.8225135
vt 1.3181182 -38.7660899
vt 1.5885763 -38.0663661
vt 1.1748603 -38.7013293
vt 1.2882688 -38.7538080
vt 1.2989939 -37.9265094
vt 0.9331074 -38.5814114
vt 1.0432444 -38.6398185
vt 0.9048269 -38.5647899
vt 0.9981907 -37.7315296
vt 0.5902473 -38.3608802
vt 0.6951071 -38.4288501
vt 0.5057331 -37.4592521
vt 0.1015765 -38.1023301
vt 0.2119565 -38.1493212
vt 0.0644432 -37.3194677
vt -0.1785989 -38.0399162
vt -0.0552382 -38.0598570
vt -0.8039550 -37.3084667
vt -0.7701403 -38.0642174
vt -0.6849813 -38.0490758
vt -1.5056779 -37.5441158
vt -1.5413657 -37.5662400
vt -1.1283441 -38.1926227
vt -1.6437212 -37.6379258
vt -1.7460768 -37.7096115
vt -1.3158316 -38.3239315
vt -3.4200358 -40.0573486
vt -3.4871597 -40.1627520
vt -2.7874230 -40.4602146
vt -3.5542837 -40.2681554
vt -3.6214076 -40.3735589
vt -2.9216709 -40.6710214
vt -3.1230426 -40.9872317
vt -3.0559187 -40.8818283
vt -3.7556554 -40.5843657
vt -3.1901665 -41.0926351
vt -3.8227794 -40.6897691
vt -3.2572905 -41.1980385
vt -3.8899033 -40.7951725
vt -3.4586622 -41.5142488
vt -3.3915383 -41.4088454
vt -4.0241511 -41.0059794
vt -3.5929101 -41.7250556
vt -4.2255229 -41.3221896
vt -3.6600340 -41.8304590
vt -4.2926468 -41.4275930
vt -3.7271579 -41.9358625
vt -4.3597708 -41.5329965
vt -3.8614058 -42.1466693
vt -3.7942819 -42.0412659
vt -4.4268947 -41.6383999
vt -4.4940186 -41.7438033
vt -4.6282664 -41.9546101
vt -4.0627775 -42.4628796
vt -3.9956536 -42.3574761
vt -4.6953904 -42.0600135
vt -4.7625143 -42.1654170
vt -4.1299015 -42.5682830
vt -4.1970254 -42.6736864
vt -4.8296382 -42.2708204
vt -4.3121501 -42.8396437
vt -4.2641493 -42.7790898
vt -4.8758978 -42.3434609
vt -4.3989874 -42.9285753
vt -4.9288431 -42.3976831
vt -4.5046404 -43.0268448
vt -4.4128461 -42.9420550
vt -5.0663845 -42.5201073
vt -4.6761140 -43.1617531
vt -4.6120127 -43.1180761
vt -4.7861058 -43.2210599
vt -5.2321007 -43.3861912
vt -5.1100252 -43.3594877
vt -5.2956708 -42.6323629
vt -5.3923703 -42.6535155
vt -5.4843157 -42.6736281
vt -5.4151083 -43.4210648
vt -5.3541762 -43.4128946
vt -5.5387409 -43.4274040
vt -5.5557840 -42.6772926
vt -5.7061677 -43.4193248
vt -5.5814515 -43.4271584
vt -5.8093182 -42.6535733
vt -6.0050512 -43.3787930
vt -5.8847472 -43.4041603
vt -6.0841148 -43.3526740
vt -6.0624984 -42.5305751
vt -6.5857965 -43.0772215
vt -6.4848211 -43.1508386
vt -6.4441298 -43.1766716
vt -6.2449354 -42.3975678
vt -6.7877473 -42.9299874
vt -6.6867719 -43.0036045
vt -7.6580893 -41.3672303
vt -7.7585239 -41.2935935
vt -8.2019873 -41.8984407
vt -7.8593011 -41.2197054
vt -8.3027646 -41.8245526
vt -8.6050962 -41.6028882
vt -8.4035418 -41.7506645
vt -8.1616328 -40.9980410
vt -8.2624100 -40.9241529
vt -8.3631872 -40.8502648
vt -8.8066507 -41.4551120
vt -8.4639644 -40.7763767
vt -8.5388484 -40.7214731
vt -8.9074279 -41.3812239
vt -9.0082051 -41.3073358
vt -9.0563875 -41.2652415
vt -9.1422986 -41.1761673
vt -8.5876967 -40.6708263
vt -9.2460354 -41.0447779
vt -9.1700182 -41.1439590
vt -8.7884878 -40.4032437
vt -9.4102950 -40.8226623
vt -9.4017894 -40.8350045
vt -9.4791345 -40.7183712
vt -8.9744794 -40.1214684
vt -9.6168135 -40.5097891
vt -9.5479740 -40.6140801
vt -9.6968287 -40.3443828
vt -9.6454839 -40.4578297
vt -9.0101390 -40.0426782
vt -9.7033170 -40.3291616
vt -9.0937330 -39.8339175
vt -9.8430996 -39.9461140
vt -9.8072778 -40.0655103
vt -9.1217635 -39.7404902
vt -9.8484918 -39.9261590
vt -9.1975990 -39.4221310
vt -9.9359255 -39.5581915
vt -9.9078015 -39.6798419
vt -9.9451353 -39.4916146
vt -9.9631367 -39.0840053
vt -9.9630203 -39.1171555
vt -9.2130828 -39.0979472
vt -9.2094099 -39.0077628
vt -9.9549981 -38.9246500
vt -9.9580727 -38.9596641
vt -9.9382452 -38.8008161
vt -9.1483702 -38.5772007
vt -9.8821102 -38.4180714
vt -9.9028778 -38.5409103
vt -9.8644367 -38.3514901
vt -8.9884721 -38.1415552
vt -9.6920574 -37.8818084
vt -9.7352215 -37.9990786
vt -9.6915523 -37.8804445
vt -9.6479336 -37.7633424
vt -8.8578697 -37.7909303
vt -9.5171678 -37.4122788
vt -9.5606961 -37.5291382
vt -8.7270935 -37.4369736
vt -9.3887714 -37.0624101
vt -9.4316214 -37.1797957
vt -8.6413936 -37.2022023
vt -9.3030715 -36.8276388
vt -9.3459215 -36.9450245
vt -8.5128438 -36.8500455
vt -9.2173716 -36.5928676
vt -9.8777524 -39.8046711
vt -9.1486031 -39.6290541
vt -9.7497697 -40.2131545
vt -9.0535155 -39.9343533
vt -7.9600783 -41.1458173
vt -7.4566403 -41.5141634
vt -7.5575520 -41.4405928
vt -7.8984769 -42.1202001
vt -7.7975014 -42.1938171
vt -7.6965260 -42.2674341
vt -7.2546895 -41.6613974
vt -7.4945752 -42.4146682
vt -7.3935998 -42.4882852
vt -6.9517633 -41.8822485
vt -6.6488370 -42.1030996
vt -6.7498124 -42.0294826
vt -7.1916490 -42.6355193
vt -6.3459108 -42.3239507
vt -6.4468862 -42.2503337
vt -6.1439600 -42.4711848
vt -6.1976844 -43.3005450
vt -5.8848150 -42.6189199
vt -5.2287648 -42.6076616
vt -5.0602810 -43.3449402
vt -2.8545469 -40.5656180
vt -2.7202991 -40.3548112
vt -2.6531752 -40.2494078
vt -3.3529119 -39.9519452
vt -3.0844162 -39.5303315
vt -3.1515401 -39.6357349
vt -2.5189273 -40.0386009
vt -2.4518034 -39.9331975
vt -2.3846795 -39.8277941
vt -2.2504316 -39.6169873
vt -3.0172923 -39.4249281
vt -2.1833077 -39.5115838
vt -2.8830444 -39.2141213
vt -2.1161838 -39.4061804
vt -2.7487966 -39.0033144
vt -2.0490598 -39.3007770
vt -1.9819359 -39.1953736
vt -2.6816727 -38.8979110
vt -2.5474248 -38.6871042
vt -2.6145487 -38.7925076
vt -1.9157012 -39.0913664
vt -2.4775976 -38.5795363
vt -2.5456342 -38.6843195
vt -1.8537550 -38.9959631
vt -1.7860565 -38.9024652
vt -2.3935339 -38.4626117
vt -1.7127698 -38.8012498
vt -1.6402311 -38.7010672
vt -2.3202473 -38.3613963
vt -2.2469607 -38.2601808
vt -2.2454578 -38.2581200
vt -2.0836311 -38.0473152
vt -2.1618091 -38.1448022
vt -1.5717326 -38.6078065
vt -1.4985315 -38.5165256
vt -1.4222818 -38.4214432
vt -2.0054532 -37.9498283
vt -1.3768621 -38.3666748
vt -1.8484323 -37.7812972
vt -1.9219637 -37.8490749
vt -1.0945630 -37.3807231
vt -1.2135236 -37.4189837
vt -0.9838904 -38.1329645
vt -1.0692375 -38.1604142
vt -0.8649298 -38.0947039
vt -0.9264327 -37.3302437
vt -0.7791961 -37.3049117
vt -0.3264711 -37.2638533
vt -0.4065452 -37.2640361
vt -0.3647964 -38.0139551
vt -0.2029329 -37.2768337
vt -0.2916705 -38.0216385
vt -0.1822782 -37.2795860
vt 0.3907565 -37.4103042
vt 0.0280643 -38.0733226
vt 0.3815130 -37.4065137
vt 0.2656079 -37.3607781
vt 0.3961651 -38.2350766
vt 0.7562678 -37.5769176
vt 0.6455899 -37.5198870
vt 0.7884709 -37.5955898
vt 0.7999670 -38.4968200
vt 1.2079104 -37.8674694
vt 1.1030505 -37.7994995
vt 1.7287790 -38.8746373
vt 1.8851980 -38.1411299
vt 1.7629840 -38.1150680
vt 2.5648577 -38.0798567
vt 3.8571348 -38.0849640
vt 4.0476712 -37.7999890
vt 4.1082084 -37.6906696
vt 3.3915549 -37.4366554
vt 4.1687456 -37.5813501
vt 3.5126293 -37.2180164
vt 4.9991852 -33.5576074
vt 4.9527941 -33.6736391
vt 5.6491964 -33.9520702
vt 5.6955875 -33.8360384
vt 5.7419785 -33.7200067
vt 5.1847495 -33.0934803
vt 5.0919673 -33.3255439
vt 5.7883696 -33.6039749
vt 5.2311405 -32.9774486
vt 5.9275428 -33.2558796
vt 5.3239227 -32.7453850
vt 5.2775316 -32.8614168
vt 5.9739339 -33.1398478
vt 5.3703137 -32.6293533
vt 6.0667160 -32.9077843
vt 6.1594981 -32.6757208
vt 6.2058892 -32.5596890
vt 5.5094869 -32.2812580
vt 5.6022691 -32.0491944
vt 5.5558780 -32.1652262
vt 6.2986714 -32.3276255
vt 5.6486601 -31.9331627
vt 6.3450624 -32.2115937
vt 6.4378446 -31.9795302
vt 6.4842356 -31.8634984
vt 5.7414423 -31.7010991
vt 6.5306267 -31.7474667
vt 5.8342244 -31.4690356
vt 6.5770178 -31.6314349
vt 6.6234088 -31.5154031
vt 5.8806155 -31.3530038
vt 6.6697999 -31.3993714
vt 5.9733976 -31.1209403
vt 6.0661797 -30.8888768
vt 6.0197887 -31.0049086
vt 6.7161910 -31.2833396
vt 6.7625820 -31.1673078
vt 6.8553642 -30.9352443
vt 6.2053529 -30.5407815
vt 6.1589619 -30.6568133
vt 6.9017552 -30.8192125
vt 6.2517440 -30.4247497
vt 6.9481463 -30.7031808
vt 6.9945374 -30.5871490
vt 7.0368157 -30.4814039
vt 6.2981351 -30.3087180
vt 6.4064397 -30.0594358
vt 6.3533518 -30.1723735
vt 7.0815345 -30.3862704
vt 6.4141048 -30.0440550
vt 6.7733078 -29.3721135
vt 7.4167353 -29.7578164
vt 6.7906525 -29.3445537
vt 7.6784258 -29.3795020
vt 7.1041181 -28.8965681
vt 7.0750098 -28.9334711
vt 7.1870094 -28.8040501
vt 7.7337331 -29.3177715
vt 7.3037755 -28.6939748
vt 7.2119527 -28.7787337
vt 7.6710667 -28.3549391
vt 7.5792439 -28.4396980
vt 7.7098855 -28.3236207
vt 8.5310831 -27.8477690
vt 8.8252764 -28.5376605
vt 8.7609771 -27.7497344
vt 8.6460301 -27.7987517
vt 9.0402601 -28.4459842
vt 8.7912906 -27.7383282
vt 9.1365316 -28.4144342
vt 8.9098406 -27.6994772
vt 9.2497351 -28.3821140
vt 9.4854580 -28.3148138
vt 9.0438334 -27.6609313
vt 9.2933831 -27.5898103
vt 9.2841546 -27.5923182
vt 9.5759218 -28.2914635
vt 9.7979359 -28.2666356
vt 9.9221238 -28.2527477
vt 9.7145829 -27.5212818
vt 9.8387708 -27.5073939
vt 10.0346709 -28.2401615
vt 10.1254942 -28.2357152
vt 9.9862986 -27.4916314
vt 10.1543062 -27.4859500
vt 10.1106574 -27.4855433
vt 10.2789832 -27.4943849
vt 10.4036602 -27.5028197
vt 11.4751286 -28.3270231
vt 11.5855639 -28.3344945
vt 11.5257532 -27.5787336
vt 11.6787992 -27.5901754
vt 11.6504302 -27.5871685
vt 11.9317167 -27.6288311
vt 11.8083445 -27.6089615
vt 11.6920596 -28.3498980
vt 12.0550889 -27.6487008
vt 11.8124626 -28.3692894
vt 11.9358348 -28.3891591
vt 12.1784611 -27.6685704
vt 12.0221294 -28.4030572
vt 12.3744357 -27.7343067
vt 12.3674434 -27.7316002
vt 12.1002105 -28.4323859
vt 12.6065954 -27.8268478
vt 12.4117975 -28.5565875
vt 12.7859237 -27.9055847
vt 12.7226753 -27.8731184
vt 12.8910710 -27.9728589
vt 12.4850717 -28.6034690
vt 12.9991359 -28.0437141
vt 12.8946469 -27.9751755
vt 12.7688540 -28.7896132
vt 13.3508847 -28.3078443
vt 13.2602508 -28.2220370
vt 13.6532002 -28.6056554
vt 13.0842707 -29.0948526
vt 13.9045880 -28.9385387
vt 13.8903230 -28.9177003
vt 13.2785742 -29.3517775
vt 13.3241599 -29.4234314
vt 13.9967532 -29.0905100
vt 13.9713419 -29.0434660
vt 14.0481527 -29.2044117
vt 14.1687785 -29.4802188
vt 14.1509519 -29.4322150
vt 14.2371319 -29.7500334
vt 14.2111837 -29.6277952
vt 14.2880647 -30.0022619
vt 14.2897975 -30.0119974
vt 14.3303450 -30.2586102
vt 14.4317137 -30.8751424
vt 14.4722612 -31.1217553
vt 13.7930189 -31.6133540
vt 14.5736300 -31.7382874
vt 14.5330825 -31.4916746
vt 14.6141775 -31.9849003
vt 14.7229121 -32.5901930
vt 14.6994310 -32.4674569
vt 14.0332343 -32.9765949
vt 14.7698745 -32.8356651
vt 14.8168368 -33.0811372
vt 14.9342426 -33.6948174
vt 15.0046861 -34.0630255
vt 15.0751296 -34.4312337
vt 15.1455731 -34.7994418
vt 15.1220919 -34.6767057
vt 14.4558952 -35.1858437
vt 15.1925354 -35.0449139
vt 15.2629789 -35.4131220
vt 15.3803847 -36.0268022
vt 15.3569036 -35.9040662
vt 15.3367336 -38.6206143
vt 16.2883601 -39.0886582
vt 16.2480856 -38.9703642
vt 15.5381058 -39.2120843
vt 15.6589291 -39.5669663
vt 15.6992035 -39.6852603
vt 16.4091834 -39.4435402
vt 16.4494578 -39.5618342
vt 15.7394780 -39.8035543
vt 15.7797524 -39.9218483
vt 16.5702812 -39.9167162
vt 16.5300067 -39.7984222
vt 15.8200269 -40.0401423
vt 16.6105556 -40.0350102
vt 15.9005758 -40.2767303
vt 15.9408502 -40.3950243
vt 16.6508301 -40.1533042
vt 15.9811247 -40.5133183
vt 16.0616735 -40.7499063
vt 16.7716534 -40.5081862
vt 16.8119278 -40.6264802
vt 16.0906032 -40.8348786
vt 16.8282182 -40.6946528
vt 15.7747685 -41.8055917
vt 16.2867808 -42.3546745
vt 16.3742333 -42.2654133
vt 16.8655790 -41.2514437
vt 16.8682209 -41.1275063
vt 16.1164079 -41.2045655
vt 16.8592134 -41.3127085
vt 16.0825073 -41.3849680
vt 16.7483654 -41.7411880
vt 16.7935407 -41.6261920
vt 16.0585300 -41.4460033
vt 16.7294543 -41.7819608
vt 15.9753607 -41.6003477
vt 16.5499230 -42.0852096
vt 16.6108982 -42.0019755
vt 16.4629679 -42.1748371
vt 16.1339198 -42.4701801
vt 16.2353892 -42.3984468
vt 16.1145613 -42.4829859
vt 15.9019491 -42.6143558
vt 15.5830308 -42.8114107
vt 15.2641125 -43.0084657
vt 14.9451942 -43.2055206
vt 15.0515003 -43.1398356
vt 13.9131280 -42.9615999
vt 14.3073576 -43.5996304
vt 13.9884394 -43.7966854
vt 14.0947455 -43.7310004
vt 13.7758272 -43.9280553
vt 13.2743688 -44.3871056
vt 13.3380036 -44.2795597
vt 12.3978521 -44.9270113
vt 13.1465984 -44.8836638
vt 13.3319418 -45.3862150
vt 13.7279399 -45.6508364
vt 14.8975550 -46.1390697
vt 16.9533477 -44.7178318
vt 17.0561373 -44.6467699
vt 17.1589269 -44.5757080
vt 16.7324259 -43.9587826
vt 16.8352155 -43.8877207
vt 17.2617166 -44.5046461
vt 16.9380052 -43.8166588
vt 17.5700855 -44.2914604
vt 17.4519533 -43.4613494
vt 17.3491637 -43.5324112
vt 17.8784544 -44.0782747
vt 17.5547430 -43.3902875
vt 17.9812440 -44.0072128
vt 18.0840336 -43.9361509
vt 18.1868233 -43.8650890
vt 17.7603222 -43.2481637
vt 18.2896129 -43.7940271
vt 17.8631119 -43.1771018
vt 18.3924025 -43.7229652
vt 18.4951922 -43.6519033
vt 18.0686911 -43.0349780
vt 18.1714808 -42.9639161
vt 18.5979818 -43.5808414
vt 18.7007714 -43.5097795
vt 18.8035611 -43.4387176
vt 18.2742704 -42.8928542
vt 18.9063507 -43.3676557
vt 18.4798497 -42.7507304
vt 18.5826393 -42.6796685
vt 18.7882186 -42.5375447
vt 18.9937978 -42.3954209
vt 19.4049564 -42.1111733
vt 19.6105356 -41.9690495
vt 20.0216942 -41.6848020
vt 20.6537745 -42.1596035
vt 20.2272734 -41.5426782
vt 21.3546990 -38.9930340
vt 21.3274607 -38.8710767
vt 20.6227328 -39.1565133
vt 21.3002224 -38.7491194
vt 21.2729841 -38.6271621
vt 20.5682562 -38.9125987
vt 20.5410180 -38.7906415
vt 20.4865414 -38.5467269
vt 20.5137797 -38.6686842
vt 21.2185076 -38.3832476
vt 21.1912693 -38.2612903
vt 20.4593031 -38.4247696
vt 20.4320648 -38.3028124
vt 21.1640310 -38.1393330
vt 21.1367928 -38.0173757
vt 21.1161130 -37.9247838
vt 20.4048266 -38.1808551
vt 20.3775883 -38.0588978
vt 21.1105257 -37.8311558
vt 20.3617966 -37.8748116
vt 20.3616802 -37.8727672
vt 20.3549174 -37.7479883
vt 21.1001223 -37.6392060
vt 20.3890018 -37.3915921
vt 20.3588781 -37.5116588
vt 21.1136056 -37.5854647
vt 20.3954057 -37.3690714
vt 20.5388632 -36.9761820
vt 20.4873655 -37.0890987
vt 21.1790667 -37.3798799
vt 21.2123123 -37.3069838
vt 21.2640079 -37.2212467
vt 20.6234390 -36.8311410
vt 20.7502577 -36.6494787
vt 20.6931771 -36.7198639
vt 21.4323075 -37.0333508
vt 21.0701331 -36.3693846
vt 20.9700202 -36.4421849
vt 21.4906718 -36.9909094
vt 21.1130697 -36.3424014
vt 21.2231270 -36.2832162
vt 22.5657885 -35.5853850
vt 22.5682365 -35.4614160
vt 21.7995936 -35.2635442
vt 21.8085945 -35.3632667
vt 20.7521593 -28.8517718
vt 20.0317179 -29.0602522
vt 19.9969817 -28.9402151
vt 20.7174231 -28.7317347
vt 19.9622455 -28.8201781
vt 20.6826870 -28.6116976
vt 20.5784784 -28.2515864
vt 19.8233008 -28.3400298
vt 20.5437423 -28.1315493
vt 19.1980496 -26.1793624
vt 19.1285773 -25.9392882
vt 19.7100741 -25.2506595
vt 18.9896326 -25.4591399
vt 19.5016570 -24.5304370
vt 19.3627123 -24.0502887
vt 18.6422708 -24.2587692
vt 19.2247510 -23.5708951
vt 19.1903342 -23.4507660
vt 18.4693408 -23.6573297
vt 18.4349240 -23.5372007
vt 19.1559174 -23.3306370
vt 19.1215006 -23.2105080
vt 19.0870838 -23.0903789
vt 18.3660904 -23.2969426
vt 18.3316736 -23.1768136
vt 19.0526670 -22.9702499
vt 18.2628400 -22.9365555
vt 18.2972568 -23.0566845
vt 19.0182502 -22.8501209
vt 18.9838334 -22.7299918
vt 18.9494165 -22.6098628
vt 18.9149997 -22.4897338
vt 18.1940064 -22.6962974
vt 18.1595895 -22.5761684
vt 18.8805829 -22.3696047
vt 18.0907559 -22.3359103
vt 18.1251727 -22.4560394
vt 18.8461661 -22.2494757
vt 18.7773325 -22.0092176
vt 18.7429157 -21.8890886
vt 18.0219223 -22.0956523
vt 18.7084989 -21.7689596
vt 18.6052484 -21.4085725
vt 17.8842550 -21.6151361
vt 17.8154214 -21.3748781
vt 17.8498382 -21.4950071
vt 18.5708316 -21.2884434
vt 18.5364148 -21.1683144
vt 18.5019980 -21.0481854
vt 18.4675812 -20.9280563
vt 17.7465878 -21.1346200
vt 18.1922467 -19.9670241
vt 18.1578299 -19.8468950
vt 17.4712533 -20.1735877
vt 18.2266635 -20.0871531
vt 17.5056701 -20.2937168
vt 17.5400869 -20.4138458
vt 17.5745037 -20.5339748
vt 18.2954971 -20.3274112
vt 18.3299139 -20.4475402
vt 17.6089206 -20.6541039
vt 17.6433374 -20.7742329
vt 18.3643307 -20.5676692
vt 17.6777542 -20.8943619
vt 17.7121710 -21.0144910
vt 18.3987476 -20.6877983
vt 20.0921720 -26.5710673
vt 20.2311167 -27.0512156
vt 17.4024197 -19.9333297
vt 17.4368365 -20.0534587
vt 18.1234131 -19.7267660
vt 19.5801476 -27.4997702
vt 17.3335861 -19.6930716
vt 17.3680029 -19.8132006
vt 18.0545794 -19.4865079
vt 17.2647524 -19.4528135
vt 17.2991692 -19.5729426
vt 18.0201626 -19.3663789
vt 17.9857458 -19.2462499
vt 17.9513290 -19.1261208
vt 17.2303356 -19.3326845
vt 17.1959188 -19.2125555
vt 17.9169122 -19.0059918
vt 17.1270852 -18.9722974
vt 17.1615020 -19.0924264
vt 17.8480786 -18.7657337
vt 17.8136618 -18.6456047
vt 17.7792449 -18.5254757
vt 17.0926684 -18.8521684
vt 17.7448281 -18.4053466
vt 17.0582516 -18.7320393
vt 16.9894179 -18.4917813
vt 17.0238348 -18.6119103
vt 17.7104113 -18.2852176
vt 17.6759945 -18.1650886
vt 17.6415777 -18.0449595
vt 16.9550011 -18.3716522
vt 16.8863179 -18.1319192
vt 16.9205843 -18.2515232
vt 17.6071609 -17.9248305
vt 17.6068585 -17.9237809
vt 16.8518142 -18.0127982
vt 17.5720921 -17.8037530
vt 16.8169044 -17.8932262
vt 17.5368484 -17.6830343
vt 17.4668058 -17.4431259
vt 16.7468617 -17.6533178
vt 16.7118404 -17.5333636
vt 16.6417978 -17.2934552
vt 17.1355045 -16.4631757
vt 16.4389354 -16.7411893
vt 16.5315784 -16.9733084
vt 16.2473362 -16.3021877
vt 16.2999825 -16.4155185
vt 16.4412656 -15.0617565
vt 16.3749413 -14.9558481
vt 15.8056219 -15.4598233
vt 14.7178809 -12.3079001
vt 14.6516565 -12.2019292
vt 14.0156378 -12.5993965
vt 14.5854321 -12.0959583
vt 13.9494134 -12.4934256
vt 12.8475317 -9.1663326
vt 12.1333342 -9.3955596
vt 12.1404215 -9.4165688
vt 13.8169646 -12.2814838
vt 13.8831890 -12.3874547
vt 14.4529832 -11.8840165
vt 14.3867588 -11.7780457
vt 13.6182913 -11.9635712
vt 13.6845158 -12.0695420
vt 14.2543100 -11.5661039
vt 13.7507402 -12.1755129
vt 14.3205344 -11.6720748
vt 14.1218612 -11.3541621
vt 14.0556368 -11.2481912
vt 13.4858425 -11.7516294
vt 13.3533937 -11.5396876
vt 13.4196181 -11.6456585
vt 13.9894124 -11.1422203
vt 13.9231880 -11.0362494
vt 13.2209449 -11.3277458
vt 13.2871693 -11.4337167
vt 13.8569636 -10.9302785
vt 13.7907392 -10.8243077
vt 13.1547205 -11.2217749
vt 13.0884961 -11.1158041
vt 13.7245147 -10.7183368
vt 13.6582903 -10.6123659
vt 13.5920659 -10.5063950
vt 13.0222717 -11.0098332
vt 12.8898228 -10.7978914
vt 12.9560472 -10.9038623
vt 12.7573740 -10.5859496
vt 12.8235984 -10.6919205
vt 13.3933927 -10.1884823
vt 13.3271683 -10.0825114
vt 12.6911496 -10.4799787
vt 12.5587008 -10.2680369
vt 12.6249252 -10.3740078
vt 13.1966564 -9.8736692
vt 13.1385442 -9.7765155
vt 12.5548876 -10.2618008
vt 12.4828061 -10.1406204
vt 12.4907681 -10.1546041
vt 12.4233196 -10.0307257
vt 12.2426745 -9.6866591
vt 12.2979038 -9.7984833
vt 12.2272738 -9.6509162
vt 12.8199452 -9.0758027
vt 12.0878601 -9.2398367
vt 12.0970173 -9.2763793
vt 12.0636121 -9.1172499
vt 12.0141891 -8.8438833
vt 12.0166882 -8.8611336
vt 11.9841136 -8.5957755
vt 14.8503297 -12.5198419
vt 14.7841053 -12.4138710
vt 14.1480866 -12.8113383
vt 11.8081617 -7.5386388
vt 11.6565667 -7.1274981
vt 11.7071083 -7.2417831
vt 11.9506167 -6.1245186
vt 11.3152412 -6.5230132
vt 11.3816368 -6.6288769
vt 7.9720531 -3.4721368
vt 8.5467634 -2.9902571
vt 10.3780592 -4.8494381
vt 10.2719864 -4.7833771
vt 9.9796695 -5.4848833
vt 9.7694269 -5.3539465
vt 9.8754997 -5.4200075
vt 10.1659136 -4.7173161
vt 9.6633541 -5.2878855
vt 10.0598408 -4.6512550
vt 9.9657396 -4.5926498
vt 9.8960692 -4.5416179
vt 9.5339319 -5.2060347
vt 9.4336029 -5.1325461
vt 9.3969900 -5.1019670
vt 9.0960972 -4.8127199
vt 9.1248874 -4.8433849
vt 8.8552306 -4.5254521
vt 8.6946529 -4.3339403
vt 8.4537863 -4.0466724
vt 8.7876300 -3.2775249
vt 8.1326308 -3.6636487
vt 8.2129197 -3.7594046
vt 8.6270523 -3.0860131
vt 8.0523420 -3.5678927
vt 7.8917642 -3.3763809
vt 8.3058969 -2.7029893
vt 7.6508976 -3.0891130
vt 7.7311865 -3.1848690
vt 7.5706088 -2.9933571
vt 7.3297422 -2.7060893
vt 7.4100311 -2.8018452
vt 7.5832971 -1.8411859
vt 7.0085867 -2.3230655
vt 7.1691645 -2.5145774
vt 6.8480090 -2.1315536
vt 6.6874313 -1.9400418
vt 7.0212750 -1.1708943
vt 6.4465647 -1.6527740
vt 6.2056981 -1.3655061
vt 6.2859869 -1.4612621
vt 6.7001196 -0.7878705
vt 6.0451204 -1.1739943
vt 6.1254092 -1.2697502
vt 5.8845426 -0.9824824
vt 5.5633872 -0.5994586
vt 5.6436760 -0.6952146
vt 5.4830983 -0.5037027
vt 5.3225206 -0.3121908
vt 5.4957866 0.6484686
vt 4.8413287 0.2616992
vt 4.9210762 0.1665889
vt 4.5176754 0.6215400
vt 4.6021296 0.5294369
vt 4.9860080 1.2205225
vt 4.4332212 0.7136432
vt 4.0954043 1.0820557
vt 4.1798585 0.9899525
vt 3.6683110 1.4660886
vt 3.7641309 1.3858760
vt 3.2850316 1.7869389
vt 2.8144093 2.1628546
vt 2.9144457 2.0887301
vt 3.2609216 2.7654546
vt 1.1440889 4.1800522
vt 1.1248259 4.1899943
vt 0.7904767 3.5185570
vt 0.6875978 3.5679436
vt 1.0121719 4.2440736
vt 0.8995178 4.2981528
vt 0.7868637 4.3522320
vt 0.5749438 3.6220228
vt 0.3496356 3.7301813
vt 0.4622897 3.6761021
vt 0.1243275 3.8383397
vt 0.2369816 3.7842605
vt 0.5615556 4.4603905
vt 0.4489015 4.5144697
vt 0.3362475 4.5685489
vt -0.1009806 3.9464982
vt 0.0116734 3.8924190
vt 0.2235934 4.6226281
vt -0.5515969 4.1628151
vt -0.4389428 4.1087359
vt -0.1143688 4.7848658
vt -0.2270229 4.8389450
vt -0.3396770 4.8930243
vt -0.6642510 4.2168943
vt -0.4523310 4.9471035
vt -0.7769050 4.2709735
vt -1.0022132 4.3791320
vt -0.8895591 4.3250528
vt -0.6776392 5.0552619
vt -1.2275213 4.4872904
vt -1.1148672 4.4332112
vt -0.9029473 5.1634204
vt -1.3423844 4.5424390
vt -1.3401754 4.5413697
vt -1.0144951 5.2169686
vt -1.1235977 5.2702242
vt -1.4546776 4.5972521
vt -1.4588406 4.5993162
vt -2.0168901 4.8803291
vt -2.2401099 4.9927342
vt -0.2950804 1.2708669
vt -0.4812517 1.5962586
vt -1.1322330 1.2238028
vt -0.9460617 0.8984111
vt 0.1688291 -1.0542836
vt 0.8824013 -0.7917377
vt 0.8205642 -0.6831482
vt -0.1709662 1.0539391
vt -0.2330233 1.1624030
vt -0.8219475 0.6814833
vt -0.7598904 0.5730194
vt -0.6978333 0.4645555
vt -0.0468520 0.8370113
vt 0.0152051 0.7285474
vt -0.6357762 0.3560916
vt 0.0772622 0.6200835
vt -0.5737191 0.2476277
vt 0.1393193 0.5116196
vt -0.5116620 0.1391638
vt -0.4496049 0.0306999
vt -0.3256794 -0.1858980
vt 0.2013764 0.4031557
vt 0.0451550 -0.8371046
vt 0.1069921 -0.9456941
vt 0.6968900 -0.4659693
vt 0.7587271 -0.5745588
vt 0.3258675 0.1855677
vt 0.3254906 0.1862279
vt 0.6350529 -0.3573798
vt -0.0166821 -0.7285151
vt -0.0785192 -0.6199256
vt 0.5732159 -0.2487903
vt 0.4495417 -0.0316113
vt 0.3877046 0.0769782
vt -1.1942901 1.3322667
vt -0.5433088 1.7047225
vt -1.3804614 1.6576584
vt -1.3184043 1.5491945
vt -0.6674230 1.9216503
vt 0.6635258 -1.9229995
vt 1.3152608 -1.5518641
vt 1.1915867 -1.3346852
vt 0.2306662 -1.1628731
vt 0.2925033 -1.2714625
vt 0.8490370 -2.2487679
vt 1.5626092 -1.9862221
vt 1.5007721 -1.8776326
vt 1.0963854 -2.6831259
vt 1.7481204 -2.3119906
vt 1.6862833 -2.2034011
vt 1.2818966 -3.0088943
vt 1.9336317 -2.6377590
vt 1.8717946 -2.5291695
vt 1.4055708 -3.2260733
vt 2.1191429 -2.9635275
vt 2.0573058 -2.8549380
vt 1.6529191 -3.6604313
vt 2.3664912 -3.3978854
vt 2.3046542 -3.2892960
vt 1.9621045 -4.2033787
vt 2.6138396 -3.8322434
vt 2.5520025 -3.7236539
vt 2.6756767 -3.9408329
vt 3.6293641 -5.5409028
vt 3.5642254 -5.4342611
vt 2.9241807 -5.8252122
vt 3.8899190 -5.9674695
vt 3.7596416 -5.7541861
vt 3.1195969 -6.1451373
vt 3.2498744 -6.3584207
vt 3.3150131 -6.4650623
vt 4.0853352 -6.2873945
vt 3.9550577 -6.0741112
vt 3.4452905 -6.6783457
vt 3.5104292 -6.7849874
vt 3.5755680 -6.8916291
vt 4.2156126 -6.5006779
vt 4.3088044 -6.6632654
vt 4.2807514 -6.6073196
vt 3.6243378 -6.9714724
vt 4.3552281 -6.7790755
vt 4.4020921 -6.9023753
vt 4.3577520 -6.7855444
vt 3.6802740 -7.1141667
vt 4.4259207 -7.0147286
vt 4.3307654 -7.5059397
vt 4.4006185 -7.3526483
vt 3.6806639 -7.1212155
vt 4.2561652 -7.6032375
vt 3.9824656 -7.8267837
vt 4.1523846 -7.7195604
vt 3.6669037 -7.1384572
vt 3.8655678 -7.8618857
vt 3.5889598 -7.1549986
vt 3.6506153 -7.9031154
vt 3.7125353 -7.8954101
vt 3.5261774 -7.9081590
vt 3.5033939 -7.1584667
vt 3.5109905 -7.9084667
vt 3.2847861 -7.1584667
vt 3.2138163 -7.9054780
vt 3.2610665 -7.9084667
vt 3.1884257 -7.1462277
vt 3.0822055 -7.8886782
vt 3.0900150 -7.8897537
vt 3.0831994 -10.9770999
vt 3.0747460 -10.8524242
vt 2.3264640 -10.9031601
vt 3.0998762 -11.2230590
vt 3.0916528 -11.1017757
vt 2.3433709 -11.1525116
vt 2.3523458 -11.2839674
vt 2.3630571 -11.4084523
vt 2.3635864 -11.4141034
vt 2.3761823 -11.5384289
vt 3.1100527 -11.3413286
vt 2.3887782 -11.6627545
vt 3.1223625 -11.4628307
vt 3.1601502 -11.8358074
vt 3.1349584 -11.5871562
vt 3.1867497 -12.0745744
vt 3.1723655 -11.9563773
vt 2.4424967 -12.1672668
vt 2.4430285 -12.1714408
vt 2.4595154 -12.2953104
vt 2.4760024 -12.4191800
vt 3.2029591 -12.1963586
vt 2.4924893 -12.5430496
vt 2.5089763 -12.6669192
vt 3.2359330 -12.4440978
vt 2.5254632 -12.7907888
vt 2.5419502 -12.9146585
vt 3.2843032 -12.8075119
vt 2.5444917 -12.9309919
vt 2.5664106 -13.0539537
vt 2.6173483 -13.3072191
vt 3.3525704 -13.1590689
vt 3.3278862 -13.0365691
vt 2.6667167 -13.5522186
vt 3.4266230 -13.5265682
vt 3.4019388 -13.4040684
vt 4.6477948 -17.1303529
vt 4.6029578 -17.0137118
vt 3.9477354 -17.3994568
vt 4.7374688 -17.3636350
vt 4.6926318 -17.2469939
vt 4.0374095 -17.6327389
vt 4.0822465 -17.7493800
vt 4.1719205 -17.9826622
vt 4.7823058 -17.4802761
vt 4.2167575 -18.0993033
vt 4.8719798 -17.7135583
vt 4.2615945 -18.2159444
vt 4.3064315 -18.3325855
vt 4.9616539 -17.9468405
vt 4.3513085 -18.4493304
vt 5.0513079 -18.1800707
vt 5.0959226 -18.2960306
vt 4.4872200 -18.8001274
vt 4.5325018 -18.9165966
vt 5.2315290 -18.6448228
vt 5.2768109 -18.7612919
vt 4.5777837 -19.0330657
vt 5.3220927 -18.8777610
vt 4.6230655 -19.1495348
vt 4.6683474 -19.2660039
vt 4.7136292 -19.3824730
vt 5.3673746 -18.9942301
vt 4.7589111 -19.4989421
vt 5.4579383 -19.2271684
vt 4.8494748 -19.7318804
vt 4.8947567 -19.8483495
vt 5.5937839 -19.5765757
vt 4.9400385 -19.9648186
vt 4.9732996 -20.0503690
vt 5.6390657 -19.6930448
vt 5.7027748 -19.8729814
vt 5.6843476 -19.8095140
vt 5.7281718 -20.0023637
vt 5.7268669 -19.9953859
vt 4.9902998 -20.1367420
vt 5.7717863 -20.2484527
vt 4.9855285 -21.4777556
vt 4.9639314 -21.5840181
vt 5.7205021 -21.6271340
vt 5.7453909 -21.5046757
vt 5.7702797 -21.3822173
vt 5.0344204 -21.2371970
vt 5.8032748 -21.0709479
vt 5.8069824 -20.9460409
vt 5.0536050 -21.0486957
vt 5.0104173 -21.3552973
vt 5.6876178 -21.7816318
vt 5.6956132 -21.7495924
vt 5.6521469 -21.9011072
vt 5.6450481 -21.9226149
vt 4.9363889 -21.6767888
vt 5.5124566 -22.2863857
vt 5.5168507 -22.2749003
vt 4.8141687 -22.0126488
vt 4.7727284 -22.1158621
vt 5.4600553 -22.4160922
vt 5.4659274 -22.4022738
vt 4.6223092 -22.4510339
vt 4.5199801 -22.6790488
vt 5.2042326 -22.9861293
vt 5.3065617 -22.7581145
vt 4.4688156 -22.7930562
vt 4.4176510 -22.9070636
vt 5.1019036 -23.2141442
vt 4.1106638 -23.5911081
vt 4.0594993 -23.7051155
vt 4.7949163 -23.8981887
vt 4.0083347 -23.8191230
vt 4.7437518 -24.0121961
vt 3.9571702 -23.9331304
vt 4.6414227 -24.2402110
vt 3.9060057 -24.0471378
vt 3.8548411 -24.1611452
vt 4.5902582 -24.3542184
vt 4.4879291 -24.5822332
vt 4.5390937 -24.4682258
vt 3.8039600 -24.2745212
vt 4.4873600 -24.5834951
vt 4.0707945 -25.5004427
vt 4.0737870 -25.4940183
vt 3.3924294 -25.1805469
vt 3.6510922 -26.2894845
vt 3.7106235 -26.1796141
vt 3.0512003 -25.8223173
vt 3.7701549 -26.0697436
vt 3.8296862 -25.9598731
vt 3.1107316 -25.7124468
vt 3.1702630 -25.6025764
vt 3.5291800 -26.5143872
vt 3.5320295 -26.5092255
vt 2.8740107 -26.1493366
vt 3.4421406 -26.6630322
vt 3.4679896 -26.6231995
vt 2.8259264 -26.2348430
vt 3.3676157 -26.7633394
vt 2.7655894 -26.3160538
vt 2.8981146 -27.3748280
vt 2.9782431 -27.2789378
vt 2.4001410 -26.8011154
vt 2.3225984 -26.8939111
vt 2.7378577 -27.5666084
vt 2.1623415 -27.0856915
vt 2.0842745 -27.1791147
vt 2.0172042 -27.2566373
vt 2.6535643 -27.6673969
vt 2.5454372 -27.7893997
vt 2.5718750 -27.7618166
vt 2.4544849 -27.8750921
vt 1.8492220 -27.4149048
vt 2.2725804 -28.0464768
vt 2.3635327 -27.9607844
vt 1.5012321 -27.7359100
vt 1.9829682 -28.3108071
vt 2.0777045 -28.2295253
vt 1.9694468 -28.3218719
vt 1.8709207 -28.3987360
vt 1.2125432 -27.9611276
vt 1.5753422 -28.6293285
vt 1.6738684 -28.5524643
vt 1.0285670 -28.1046548
vt 1.3449555 -28.7932232
vt 1.4498144 -28.7254008
vt 0.9399396 -28.1619786
vt 1.3403217 -28.7961724
vt 0.8363576 -28.2268432
vt 1.1285023 -28.9288168
vt 1.2344120 -28.8624946
vt 0.8009953 -29.1299952
vt 0.9084928 -29.0664454
vt 0.4278988 -28.4793046
vt 0.7835826 -29.1396745
vt 0.2151418 -28.5902775
vt 0.4511946 -29.3130462
vt 0.5619906 -29.2552556
vt -0.0064502 -28.7058586
vt 0.2296027 -29.4286273
vt 0.3403986 -29.3708367
vt -0.2280422 -28.8214398
vt 0.0080107 -29.5442084
vt 0.1188067 -29.4864179
vt -0.6712262 -29.0526021
vt -0.3243773 -29.7175802
vt -0.2135813 -29.6597896
vt -1.0036141 -29.2259738
vt -0.7675613 -29.9487424
vt -0.6567653 -29.8909519
vt -1.2252061 -29.3415549
vt -0.9891532 -30.0643236
vt -0.8783573 -30.0065330
vt -1.6683901 -29.5727172
vt -1.4323372 -30.2954859
vt -1.3215412 -30.2376953
vt -1.8899821 -29.6882983
vt -1.7647252 -30.4688576
vt -1.5431332 -30.3532764
vt -2.3331660 -29.9194606
vt -2.0971132 -30.6422293
vt -1.9863172 -30.5844387
vt -2.5547580 -30.0350418
vt -2.3187051 -30.7578104
vt -2.2079091 -30.7000199
vt -2.7763500 -30.1506229
vt -2.8871460 -30.2084135
vt -2.5402971 -30.8733916
vt -2.9979420 -30.2662040
vt -2.7618891 -30.9889727
vt -2.6510931 -30.9311821
vt -3.2195340 -30.3817852
vt -2.9834811 -31.1045539
vt -2.8726851 -31.0467633
vt -3.4411259 -30.4973663
vt -3.1986407 -31.2167799
vt -3.0942771 -31.1623444
vt -3.8918197 -30.7517460
vt -3.5138116 -31.3995190
vt -3.4058822 -31.3365368
vt -4.5666980 -31.1792438
vt -4.2036997 -31.8473364
vt -4.1051965 -31.7704428
vt -4.8622077 -31.4099244
vt -4.4992094 -32.0780170
vt -4.4007062 -32.0011234
vt -5.2181881 -32.7092467
vt -5.1287654 -32.6219593
vt -5.6526487 -32.0852599
vt -6.6362985 -33.0454207
vt -6.7257212 -33.1327081
vt -6.2018379 -33.6694075
vt -6.2912606 -33.7566948
vt -6.8151439 -33.2199954
vt -6.3750968 -33.8385291
vt -6.9045666 -33.3072828
vt -6.9155078 -33.3184167
vt -7.2749643 -34.8456275
vt -7.1953909 -34.7561408
vt -7.7558557 -34.2577642
vt -8.0894699 -34.6839611
vt -8.1614970 -34.7860767
vt -7.4765899 -35.1162550
vt -8.2335241 -34.8881924
vt -7.6206440 -35.3204863
vt -7.6926711 -35.4226019
vt -8.3055512 -34.9903080
vt -8.3775783 -35.0924236
vt -8.4496053 -35.1945392
vt -7.7646982 -35.5247175
vt -7.9014937 -35.7186579
vt -7.8367253 -35.6268331
vt -7.9562698 -35.8085704
vt -8.6003764 -35.4242857
vt -8.6073661 -35.4362513
vt -8.6683929 -35.5452982
vt -8.1969924 -36.2387109
vt -8.1359657 -36.1296640
vt -8.7904464 -35.7633921
vt -9.0345534 -36.1995799
vt -9.0955801 -36.3086269
vt -8.4353636 -36.6646496
vt -8.9014885 -37.9080324
vt -8.8142510 -37.6738281
vt -9.4741386 -37.2962697
vt -8.8140705 -37.6733425
vt -8.7706137 -37.5561807
vt -8.9451072 -38.0251345
vt -9.8214187 -38.2341659
vt -9.1172597 -38.4923521
vt -9.0742418 -38.3750280
vt -9.1950157 -38.9013638
vt -9.1782628 -38.7775298
vt -8.4762731 -36.7498616
vt -9.1603171 -36.4417721
vt -9.1745217 -36.4754820
vt -8.8514731 -35.8724391
vt -7.5067432 -33.9776170
vt -7.5897807 -34.0709994
vt -7.0293159 -34.5693760
vt -7.3416971 -34.9250122
vt -7.8457119 -34.3590327
vt -7.9260267 -34.4545747
vt -7.4045628 -35.0141394
vt -7.2576307 -33.6974698
vt -7.3406682 -33.7908522
vt -6.7802034 -34.2892288
vt -6.6141284 -34.1024639
vt -6.5310908 -34.0090815
vt -7.0915556 -33.5107050
vt -7.4237057 -33.8842346
vt -6.8632409 -34.3826112
vt -7.1745931 -33.6040874
vt -6.4516699 -33.9197662
vt -7.0011686 -33.4092951
vt -6.1124152 -33.5821201
vt -6.0229925 -33.4948328
vt -6.5468758 -32.9581334
vt -5.8441471 -33.3202581
vt -5.7547243 -33.2329708
vt -6.3680304 -32.7835587
vt -5.9335698 -33.4075455
vt -6.4574531 -32.8708461
vt -6.0997623 -32.5216967
vt -6.1891850 -32.6089840
vt -5.5758789 -33.0583961
vt -5.6653016 -33.1456834
vt -5.3970335 -32.8838214
vt -5.3076108 -32.7965340
vt -5.8314941 -32.2598346
vt -4.9499200 -32.4473846
vt -4.8728306 -32.3721361
vt -5.4738033 -31.9106852
vt -5.2616925 -31.7218528
vt -5.3586616 -31.8005023
vt -5.0592141 -31.5637114
vt -5.2562206 -31.7174985
vt -4.7919628 -32.3065460
vt -4.5977126 -32.1549105
vt -4.0159963 -31.7008114
vt -4.4681948 -31.1023502
vt -4.4491506 -31.0884254
vt -3.9339203 -31.6446736
vt -4.3462396 -31.0180369
vt -4.3235371 -31.0036748
vt -3.9997491 -30.8147282
vt -3.5646521 -30.5621134
vt -3.6731116 -30.6241355
vt -3.5519219 -30.5551569
vt -3.3303299 -30.4395758
vt -3.1087380 -30.3239946
vt -2.4295011 -30.8156010
vt -2.6655540 -30.0928323
vt -2.4439620 -29.9772512
vt -2.1115740 -29.8038795
vt -1.7791861 -29.6305078
vt -1.2107452 -30.1799047
vt -1.4467981 -29.4571361
vt -1.5575941 -29.5149266
vt -1.3360021 -29.3993455
vt -1.1144101 -29.2837643
vt -0.5459693 -29.8331613
vt -0.7820222 -29.1103926
vt -0.8928181 -29.1681832
vt -0.3388382 -28.8792304
vt 0.1043458 -28.6480681
vt 0.6727866 -29.1974650
vt 0.3259378 -28.5324869
vt 0.9166828 -29.0614613
vt 1.0225926 -28.9951391
vt 0.5226917 -28.4232654
vt 0.7304479 -28.2931654
vt 1.1140170 -28.0379918
vt 1.4095955 -27.8073993
vt 1.9401743 -27.3292124
vt 2.6577292 -27.6624986
vt 2.9321376 -26.0420583
vt 3.5915608 -26.3993550
vt 3.8892176 -25.8500026
vt 3.2297943 -25.4927059
vt 3.9487490 -25.7401322
vt 3.2893257 -25.3828354
vt 4.0169879 -25.6131603
vt 3.3442844 -25.2814043
vt 3.4426553 -25.0700039
vt 4.1254788 -25.3802490
vt 4.1771706 -25.2664797
vt 3.4943471 -24.9562345
vt 4.2288624 -25.1527104
vt 3.6494225 -24.6149266
vt 3.5977307 -24.7286959
vt 4.2805542 -25.0389411
vt 4.3322460 -24.9251717
vt 4.4356297 -24.6976331
vt 3.7527334 -24.3875481
vt 4.8972454 -23.6701739
vt 4.9484099 -23.5561664
vt 4.2129929 -23.3630933
vt 4.9995745 -23.4421590
vt 4.3153220 -23.1350784
vt 5.1530681 -23.1001368
vt 4.7246383 -22.2230191
vt 5.4088908 -22.5300997
vt 5.0507173 -21.1459798
vt 5.7719476 -21.3734814
vt 5.7938870 -21.2506821
vt 5.7995672 -21.1958549
vt 5.8106899 -20.8211339
vt 5.0610201 -20.7988817
vt 5.0674200 -20.5832734
vt 5.0647277 -20.6739747
vt 5.8143975 -20.6962270
vt 5.7950053 -20.3800347
vt 5.7935935 -20.3714971
vt 5.0543470 -20.4981198
vt 5.0332949 -20.3793360
vt 4.5581207 -16.8970707
vt 4.5132837 -16.7804296
vt 3.8132244 -17.0495335
vt 3.7677875 -16.9313214
vt 3.7683874 -16.9328924
vt 4.4687484 -16.6645733
vt 3.7234746 -16.8144820
vt 4.4251258 -16.5495540
vt 4.3818882 -16.4334900
vt 3.6790728 -16.6953114
vt 4.3382646 -16.3163897
vt 4.2510173 -16.0821891
vt 3.6354491 -16.5782111
vt 3.5482019 -16.3440105
vt 3.4173310 -15.9927096
vt 3.4609546 -16.1098099
vt 4.1637700 -15.8479885
vt 3.9020282 -15.1453867
vt 3.8584046 -15.0282864
vt 3.1555892 -15.2901078
vt 3.1992128 -15.4072081
vt 4.0328991 -15.4966876
vt 3.9892755 -15.3795873
vt 3.2864601 -15.6414087
vt 3.2428364 -15.5243084
vt 3.9456519 -15.2624870
vt 4.0765228 -15.6137879
vt 3.3300837 -15.7585090
vt 3.3737073 -15.8756093
vt 4.1201464 -15.7308882
vt 3.0683419 -15.0559072
vt 3.1119655 -15.1730075
vt 3.7711573 -14.7940858
vt 3.0247182 -14.9388069
vt 3.7275337 -14.6769855
vt 3.5339085 -13.9949983
vt 3.5030105 -13.8739165
vt 2.8071965 -14.1804430
vt 2.9307887 -14.6647703
vt 2.9372995 -14.6873152
vt 3.6545981 -14.4679513
vt 3.6266026 -14.3582438
vt 2.8998907 -14.5436885
vt 2.8689926 -14.4226066
vt 3.5957046 -14.2371620
vt 3.4511928 -13.6485006
vt 2.6914009 -13.6747184
vt 2.7160851 -13.7972181
vt 2.7413758 -13.9207664
vt 2.7454005 -13.9382793
vt 3.4743346 -13.7615429
vt 2.7163155 -13.7983524
vt 2.7762985 -14.0593611
vt 3.3772546 -13.2815686
vt 2.6420325 -13.4297188
vt 3.3040330 -12.9181934
vt 2.5679799 -13.0622195
vt 2.5926641 -13.1847193
vt 2.4274024 -12.0432340
vt 2.4139700 -11.9114056
vt 2.4265658 -12.0357312
vt 3.0409323 -10.3537212
vt 3.0324789 -10.2290454
vt 2.2926504 -10.4044571
vt 2.2757435 -10.1551056
vt 2.2841969 -10.2797814
vt 3.0662926 -10.7277484
vt 3.0493857 -10.4783969
vt 2.3011038 -10.5291329
vt 2.9986652 -9.7303425
vt 2.9902118 -9.6056667
vt 2.2503833 -9.7810784
vt 3.0155721 -9.9796940
vt 2.2419299 -9.6564026
vt 2.9817584 -9.4809910
vt 2.2334764 -9.5317269
vt 2.2165696 -9.2823754
vt 2.2250230 -9.4070512
vt 2.9733050 -9.3563152
vt 2.2081162 -9.1576997
vt 2.9648516 -9.2316395
vt 2.1996628 -9.0330239
vt 2.9563981 -9.1069637
vt 2.1912094 -8.9083482
vt 2.9394913 -8.8576122
vt 2.9310379 -8.7329365
vt 2.1827559 -8.7836724
vt 2.1658491 -8.5343209
vt 2.1743025 -8.6589967
vt 2.9225845 -8.6082608
vt 2.9141311 -8.4835850
vt 2.8972242 -8.2342335
vt 2.1489423 -8.2849694
vt 2.1320354 -8.0356180
vt 2.1404889 -8.1602937
vt 2.8810640 -7.9958930
vt 2.8803907 -7.9198741
vt 2.1311911 -8.0135712
vt 2.1601877 -7.6929074
vt 2.1367380 -7.8156494
vt 2.8891837 -7.8738490
vt 2.1840391 -7.6151093
vt 2.8923515 -7.8664839
vt 2.2919948 -7.4077020
vt 2.2317886 -7.5040935
vt 2.3734900 -7.3129706
vt 2.6229413 -7.1651649
vt 2.5118649 -7.2120794
vt 2.9076079 -7.8627619
vt 2.9451094 -7.1101112
vt 2.8011700 -7.1167321
vt 3.0687171 -7.1284588
vt 1.7147562 -3.7690208
vt 3.3688092 -5.1143360
vt 3.3036705 -5.0076943
vt 2.6636259 -5.3986455
vt 2.4283283 -3.5064749
vt 1.7765933 -3.8776103
vt 1.8384304 -3.9861997
vt 2.0239416 -4.3119682
vt 2.7993508 -4.1580119
vt 2.1476158 -4.5291472
vt 2.2094529 -4.6377367
vt 3.0440600 -4.5826737
vt 2.9829121 -4.4803561
vt 2.4011972 -4.9689775
vt 2.3331270 -4.8549156
vt 2.3370984 -4.8617223
vt 2.2712899 -4.7463262
vt 2.4901654 -3.6150644
vt 1.9002674 -4.0947892
vt 2.1809800 -3.0721170
vt 1.5292449 -3.4432523
vt 1.5910820 -3.5518418
vt 1.8099575 -2.4205801
vt 1.1582225 -2.7917154
vt 0.9108741 -2.3573574
vt 1.0345483 -2.5745364
vt 1.3770979 -1.6604536
vt 0.7253629 -2.0315890
vt 1.0679125 -1.1175062
vt 0.3543404 -1.3800520
vt 0.4161775 -1.4886415
vt -1.5045756 1.8745862
vt -1.4425185 1.7661223
vt -0.7915372 2.1385781
vt -1.5666327 1.9830501
vt -0.9156514 2.3555059
vt -0.9777085 2.4639698
vt -1.0397656 2.5724337
vt -1.6286898 2.0915140
vt -1.6907469 2.1999779
vt -1.7528040 2.3084418
vt -2.2492608 3.1761530
vt -2.9939460 4.4777198
vt -2.4553602 5.0466214
vt -3.1449291 5.4336727
vt -2.6668266 5.7959757
vt -2.4036415 5.0560669
vt -2.2026855 5.7786434
vt -1.5704505 4.6555188
vt -1.2331325 5.3253819
vt 1.5875416 3.9144216
vt 2.2119925 2.6092312
vt 2.6585048 3.2118312
vt 2.5581020 3.2862273
vt 2.1115897 2.6836273
vt 3.3613244 2.6910585
vt 3.7664533 2.3620329
vt 4.2455526 1.9609700
vt 5.4154977 0.7442245
vt 5.0704622 1.1284194
vt 6.1380975 -0.1175789
vt 6.7804084 -0.8836265
vt 6.9282979 -2.2273096
vt 7.5030082 -1.7454299
vt 7.7438748 -2.0326977
vt 9.2153880 -4.9295406
vt 10.4871233 -4.9191538
vt 11.3783259 -5.5017665
vt 11.3281982 -5.4629757
vt 11.1295233 -6.3043812
vt 11.7465406 -5.8600782
vt 11.8397952 -7.6595306
vt 12.5653666 -7.4696724
vt 12.3930264 -6.9384412
vt 12.6685123 -8.0093061
vt 12.5970000 -7.5905642
vt 14.4129843 -13.2352218
vt 14.8107575 -13.8711972
vt 16.1420437 -16.0755261
vt 16.3937360 -16.6279411
vt 17.0891829 -16.3471162
vt 17.2281475 -16.6952948
vt 18.8117493 -22.1293467
vt 18.0563391 -22.2157813
vt 18.5725913 -24.0177168
vt 18.6770070 -24.3788062
vt 18.8854241 -25.0990287
vt 19.0243688 -25.5791770
vt 19.8490188 -25.7308078
vt 19.2327858 -26.2993995
vt 19.3022582 -26.5394736
vt 19.3717305 -26.7795478
vt 19.6148837 -27.6198073
vt 20.4742699 -27.8914752
vt 19.7538284 -28.0999556
vt 19.7885646 -28.2199927
vt 19.9275093 -28.7001410
vt 20.3443434 -30.1405859
vt 21.2037296 -30.4122538
vt 21.3426743 -30.8924021
vt 21.4121467 -31.1324762
vt 20.9695946 -32.3012533
vt 22.0344977 -33.2977229
vt 22.4374378 -34.7421160
vt 22.5610009 -35.6381643
vt 21.6739981 -35.9333834
vt 22.2918130 -36.3587669
vt 22.0555949 -36.6150021
vt 21.9602539 -36.6976893
vt 21.6270817 -40.2126067
vt 21.6359908 -40.2853539
vt 21.6291966 -40.7184759
vt 21.5514163 -41.1184129
vt 20.8476177 -40.8306926
vt 20.4042809 -41.4105686
vt 20.8780823 -41.9919586
vt 20.3454056 -42.3727892
vt 16.3366099 -45.1442031
vt 16.4393995 -45.0731412
vt 15.9101088 -44.5272778
vt 13.3970601 -46.3354049
vt 13.6321003 -45.6227440
vt 12.9500542 -46.0688062
vt 12.6411722 -45.7039459
vt 12.3900485 -44.7864316
vt 13.1953804 -44.5476495
vt 12.4873704 -44.3000616
vt 12.6925322 -43.8976348
vt 12.7561670 -43.7900889
vt 13.0344767 -43.5307582
vt 13.4879036 -43.2243398
vt 13.5942097 -43.1586548
vt 14.6262759 -43.4025755
vt 15.4575569 -38.9754963
vt 14.3854517 -34.8176356
vt 15.2160166 -35.1676499
vt 14.4793764 -35.3085797
vt 14.9479688 -37.4039952
vt 15.6741381 -37.2164368
vt 14.9167185 -37.2830037
vt 15.7053883 -37.3374282
vt 14.9792190 -37.5249866
vt 14.6202634 -36.0449960
vt 15.2159102 -38.2657323
vt 15.9258901 -38.0240122
vt 14.6344512 -32.1082067
vt 14.3911662 -30.6285295
vt 13.6308289 -30.6269026
vt 13.5700077 -30.2569833
vt 11.0270452 -27.5449941
vt 8.7103295 -28.5866778
vt 7.9961293 -29.0755613
vt 4.7204192 -34.2530135
vt 4.5341470 -34.7168568
vt 4.3013067 -35.2966611
vt 4.9972834 -35.5761544
vt 4.8575792 -35.9240369
vt 2.7313371 -38.0210991
vt 3.0856588 -38.6823803
vt 2.5284398 -38.8695628
vt 2.0658998 -38.9087281
vt 1.3856455 -37.9724619
vt 1.0614518 -38.6488507
vt -4.0912751 -41.1113828
vt -4.5170114 -43.0377772
vt -5.8308839 -43.4114913
vt -5.7566701 -42.6646747
vt -6.3350463 -43.2364548
vt -8.1012101 -41.9723288
vt -8.7058735 -41.5290001
vt -8.7233005 -40.4939015
vt -9.3220526 -40.9455968
vt -8.6507680 -40.5885359
vt -8.8531978 -40.3052088
vt -9.7962224 -40.0971474
vt -9.3288816 -40.9363992
vt -9.9214924 -38.6769821
vt -9.1623399 -38.6598302
vt -9.9047395 -38.5531482
vt -9.0313043 -38.2579234
vt -9.7353828 -37.9995176
vt -9.6043148 -37.6462403
vt -7.3556649 -41.5877804
vt -3.2857880 -39.8465418
vt -3.2186641 -39.7411383
vt -2.4668206 -38.5638272
vt -2.1714952 -38.1574199
vt -2.0015573 -37.9450512
vt -1.3324842 -37.4572443
vt -0.9756024 -37.3424626
vt -0.5307622 -37.2776613
vt -0.0589175 -37.2995268
vt 0.1878039 -37.3394085
vt 0.3142785 -38.1928818
vt 0.6207096 -37.5082000
vt 3.4520921 -37.3273359
vt 5.0455762 -33.4415756
vt 5.8811517 -33.3719114
vt 5.4630959 -32.3972897
vt 5.7878333 -31.5850674
vt 5.9270065 -31.2369721
vt 6.3445261 -30.1926862
vt 6.4723900 -29.9335184
vt 6.9328312 -29.1390124
vt 7.5496427 -29.5656780
vt 8.9402234 -28.4886432
vt 8.9236728 -27.6952378
vt 9.4662072 -27.5490577
vt 9.9629586 -27.4935059
vt 11.8023988 -27.6080528
vt 12.2506956 -27.6877476
vt 13.2081141 -28.1807912
vt 13.1036250 -28.1122527
vt 14.2630802 -29.8722717
vt 14.3100713 -30.1353038
vt 14.3708925 -30.5052231
vt 14.7933556 -32.9584011
vt 14.5733010 -35.7995239
vt 15.3099412 -35.6585941
vt 15.5178869 -36.6114797
vt 16.2078112 -38.8520702
vt 16.4897323 -39.6801282
vt 15.8603013 -40.1584363
vt 16.6911045 -40.2715982
vt 16.6701762 -41.8919682
vt 16.8130564 -41.5583333
vt 15.9253129 -41.6519336
vt 16.4616858 -42.1761521
vt 16.6296363 -44.0298445
vt 17.3645062 -44.4335842
vt 17.6728751 -44.2203985
vt 17.7756647 -44.1493366
vt 17.6575326 -43.3192256
vt 17.9659015 -43.1060399
vt 18.3770600 -42.8217923
vt 19.1993771 -42.2532971
vt 20.2426159 -42.4438511
vt 19.8161149 -41.8269257
vt 21.1038183 -37.7073993
vt 20.3692373 -37.9994970
vt 20.6269130 -36.8254929
vt 20.9299807 -36.4758075
vt 18.5037577 -23.7774587
vt 18.5381745 -23.8975878
vt 18.4005072 -23.4170716
vt 18.2284232 -22.8164265
vt 17.7810046 -21.2547490
vt 18.4331644 -20.8079273
vt 18.0889962 -19.6066370
vt 17.8824954 -18.8858628
vt 17.5718697 -17.8029885
vt 17.5018271 -17.5630801
vt 15.7392976 -15.3539149
vt 11.9540381 -8.3476677
vt 13.5520669 -11.8576003
vt 14.1880856 -11.4601330
vt 13.4596171 -10.2944532
vt 13.2609439 -9.9765405
vt 13.0828886 -9.6736980
vt 12.3638331 -9.9208309
vt 12.9672534 -9.4600747
vt 12.3043466 -9.8109361
vt 12.0374607 -8.9842740
vt 9.2157475 -4.9298823
vt 8.5340752 -4.1424284
vt 8.2932086 -3.8551606
vt 5.1619428 -0.1206789
vt 3.4766713 1.6265137
vt -0.2136347 4.0005774
vt -0.5649851 5.0011827
vt -1.6820604 4.7117214
vt 1.0060754 -1.0089167
vt 0.9442384 -0.9003272
vt -0.8840046 0.7899472
vt -0.1089091 0.9454752
vt -0.2640304 -0.2941571
vt -0.2021934 -0.4027466
vt 0.4780145 -1.5972310
vt 1.1297496 -1.2260957
vt 2.2428171 -3.1807065
vt 2.9230250 -4.3751908
vt 3.0544582 -6.0384956
vt 4.1504739 -6.3940362
vt 3.6577855 -7.0549123
vt 4.4255710 -7.2302030
vt 3.6650772 -7.1390057
vt 3.8348271 -7.8697156
vt 2.9585978 -7.8703306
vt 2.3349174 -11.0278358
vt 2.3518243 -11.2771873
vt 3.2689069 -12.6918370
vt 3.9028984 -17.2828157
vt 5.0064909 -18.0634816
vt 5.4126564 -19.1106993
vt 5.5485020 -19.4601066
vt 4.8975307 -21.7835707
vt 4.8547983 -21.9009991
vt 5.6023156 -22.0400434
vt 4.6734737 -22.3370265
vt 4.6925873 -24.1262035
vt 2.9916689 -25.9321878
vt 2.5420146 -26.6169755
vt 3.1440409 -27.0642610
vt 3.2185658 -26.9639538
vt 1.5827152 -27.6659992
vt 2.0906758 -28.2178616
vt 1.3110694 -27.8842635
vt 1.7723945 -28.4756002
vt 1.4768161 -28.7061926
vt -0.4351733 -29.7753707
vt -1.0999492 -30.1221142
vt -3.6217409 -31.4625012
vt -4.7637045 -31.3330308
vt -4.3022029 -31.9242299
vt -7.1123534 -34.6627584
vt -7.6728182 -34.1643818
vt -7.8388932 -34.3511466
vt -8.7699435 -37.5543592
vt -8.0139122 -35.9115700
vt -6.9462784 -34.4759936
vt -8.0174429 -34.5818455
vt -6.6971659 -34.1958463
vt -7.0085181 -33.4173226
vt -6.2786077 -32.6962714
vt -5.7420714 -32.1725473
vt -4.9607109 -31.4868179
vt -3.7296703 -31.5254834
vt -4.1076784 -30.8777104
vt -4.2156078 -30.9406926
vt -3.2993740 -31.2743839
vt -3.6759610 -30.6257816
vt -1.8755212 -30.5266481
vt 1.7582697 -27.5005972
vt 3.5460389 -24.8424652
vt 4.2641574 -23.2490859
vt 5.0507390 -23.3281516
vt 4.3664865 -23.0210710
vt 5.8181051 -20.5713200
vt 3.7226964 -16.8124117
vt 3.5045782 -16.2269102
vt 3.8147810 -14.9111861
vt 2.9756572 -14.8060631
vt 3.6868016 -14.5676469
vt 2.9479447 -8.9822880
vt 2.8887708 -8.1095578
vt 2.6799671 -7.1463012
vt 3.1733931 -4.7944110
vt 2.4030710 -4.9720788
vt 2.4682097 -5.0787205
vt 2.5333484 -5.1853621
vt 3.4990867 -5.3276194
vt 3.4339480 -5.2209777
vt 2.7939033 -5.6119289
vt 1.4674079 -3.3346628
vt 1.2200595 -2.9003049
vt 1.4389350 -1.7690431
vt 0.7872000 -2.1401784
vt -0.8535943 2.2470420
vt -1.1018227 2.6808976
vt -3.1180602 4.6946476
vt -2.7847682 5.7546808
vt 1.7266204 2.9482204
vt 3.0933919 1.9473640
vt 4.3413725 1.8807574
vt 7.9847414 -2.3199655
vt 8.2256080 -2.6072334
vt 11.2232613 -5.3951249
vt 11.5143660 -6.8405056
vt 10.5012217 -5.8213858
vt 14.6116575 -13.5531345
vt 15.6453740 -13.7908557
vt 16.7169429 -15.5328909
vt 20.4047976 -27.6514010
vt 21.7247722 -32.2128099
vt 21.6142866 -34.5825490
vt 21.4702562 -36.1298842
vt 21.9611924 -36.6968780
vt 21.2990681 -41.5665390
vt 19.9189045 -41.7558638
vt 16.0128985 -44.4562159
vt 14.7267312 -46.2472772
vt 14.7944027 -46.2102328
vt 12.9674711 -46.0822372
vt 12.3906297 -44.8022582
vt 13.1398338 -44.7668178
vt 15.8856156 -37.9057182
vt 15.2864601 -35.5358581
vt 14.5498199 -35.6767879
vt 15.9661645 -38.1423062
vt 15.2561847 -38.3840263
vt 14.0567154 -33.0993309
vt 13.9627908 -32.6083868
vt 4.7178751 -36.2719195
vt 2.8240517 -37.9684635
vt 3.1943295 -38.6206861
vt 2.0476278 -38.1589263
vt 1.6065650 -38.8485754
vt -5.9862760 -42.5723488
vt -6.3112540 -43.2484159
vt -9.1774617 -39.5092350
vt -9.9070130 -39.6831832
vt -9.9570586 -39.2419752
vt -9.7784008 -38.1168418
vt -7.1537141 -41.7350145
vt -7.0906736 -42.7091363
vt -2.5860512 -40.1440044
vt -2.8159205 -39.1087178
vt -0.6549792 -37.2912865
vt -0.5732031 -38.0368150
vt 6.0203249 -33.0238161
vt 6.2522803 -32.4436572
vt 7.6207320 -29.4629074
vt 7.0039205 -29.0362417
vt 12.3288876 -28.5235388
vt 12.6922685 -28.7393777
vt 14.0995523 -29.3183133
vt 14.1506401 -33.5902751
vt 14.8872803 -33.4493453
vt 14.5199698 -43.4682605
vt 21.2457459 -38.5052048
vt 21.1479660 -37.4775535
vt 20.4333197 -37.2499999
vt 20.6479508 -28.4916606
vt 20.5090061 -28.0115123
vt 18.2610803 -20.2072821
vt 14.5192077 -11.9899874
vt 13.5258415 -10.4004241
vt 12.7761336 -8.8543117
vt 12.0393640 -8.9946630
vt 14.0818622 -12.7053674
vt 9.5572813 -5.2218244
vt 3.8599507 1.3056635
vt 4.4325510 -7.1346149
vt 3.6703991 -7.1346035
vt 4.2363371 -7.6269997
vt 4.9168169 -17.8301994
vt 4.3961801 -18.5659582
vt 5.5595832 -22.1574718
vt 5.3577262 -22.6441071
vt 2.9833477 -27.2726938
vt 2.1816281 -28.1321692
vt -0.5604302 -28.9948115
vt -0.1027853 -29.6019990
vt -7.9454158 -34.4797298
vt -8.6842436 -37.3195880
vt -5.3843806 -31.8233979
vt -4.6652012 -31.2561373
vt -5.5632260 -31.9979726
vt -5.0393427 -32.5346720
vt -2.2223700 -29.8616701
vt -0.1172462 -28.7636492
vt 2.9810946 -14.8217066
vt 2.2672901 -10.0304299
vt 3.0240255 -10.1043697
vt 2.1300908 -7.8893412
vt 2.8590420 -5.7185706
vt 0.5398516 -1.7058205
vt 1.6939684 3.8489323
vt 8.8679189 -3.3732809
vt 19.2591679 -23.6910241
vt 22.5208913 -35.8848488
vt 16.1156881 -44.3851540
vt 13.4167620 -45.4816053
vt -5.6591519 -42.6708000
vt -7.5955506 -42.3410512
vt -6.8887227 -42.8563704
vt -0.4489861 -38.0231898
vt 8.0879521 -28.9908023
vt 7.4874211 -28.5244569
vt 9.4141613 -27.5586353
vt 13.3645350 -29.5129029
vt 17.2463741 -43.6034731
vt 20.5589142 -36.9381552
vt -0.7902932 5.1093412
vt 5.5032202 -19.3436375
vt 2.4714708 -26.7119243
vt 3.0613656 -27.1751399
vt 1.6673175 -27.5862896
vt -0.4496342 -28.9370209
vt -3.7838904 -30.6887638
vt 2.3180106 -10.7784844
vt 3.1082544 -4.6877693
vt 2.7287646 -5.5052872
vt -0.7294801 2.0301142
vt 10.3962847 -5.7535350
vt 16.5421891 -45.0020793
vt 16.1675367 -38.7337762
vt -8.1005241 -41.9728306
vt -9.2079126 -39.2061944
vt -9.2019510 -39.3310141
vt -9.9510970 -39.3667949
vt 16.0099314 -41.5361919
vt 11.9239626 -8.0995600
vt 4.8041930 -19.6154113
vt 3.0695160 -27.1645682
vt -8.5985437 -37.0848167
vt 2.7140065 2.2372507
vt 10.8035134 -5.1237217
vt 15.4076761 -14.8243728
vt -7.9994523 -42.0465830
vt 6.3914535 -32.0955620
vt 16.3689089 -39.3252462
vt 11.8714286 -7.7804224
vt 3.6945029 -5.6475444
vt 4.1618283 -23.4771007
vt 4.2073937 -15.9650888
vt 5.6950512 -31.8171309
vt 16.3286345 -39.2069522
vt 21.5641901 -36.0484147
vt -0.3262888 4.0546566
vt 4.8460809 -23.7841813
vt -5.9209168 -32.3471220
vt 10.3818511 -4.8518312
vt 5.5561910 -34.1843974
vt -3.6885315 -40.4789623
vt 1.4898279 -38.0206713
vt 16.8456682 -40.8176202
vt -0.0017148 4.7307866
vt 2.9893195 -5.9318539
vt -9.1063991 -36.3294640
vt 13.5034794 -29.9057704
vt 4.9064639 -33.7895187
vt 21.7364942 -35.8394053
vt 5.1862472 -18.5283537
vt 20.9953126 -29.6920313
vt 20.4712338 -37.1309284
vt 2.8611879 -4.2666014
vt 5.1409653 -18.4118846
vt 14.3467598 -13.1292509
vt 20.2401349 -29.7804747
vt -8.3800727 -36.5658518
vt 14.9827785 -12.7317837
vt 20.9605764 -29.5719942
vt 8.7073412 -3.1817690
vt -8.9735266 -36.0905330
vt -8.3190459 -36.4568048
vt -8.9220373 -40.2009177
vt 15.4553865 -36.3694968
vt 15.4978313 -39.0937903
vt -8.5354429 -35.3177004
vt 15.5783802 -39.3303783
vt -8.5216324 -35.2966549
vt -7.5486169 -35.2183706
vt -7.0527387 -41.8086315
vt -4.9441932 -43.3020812
vt -4.8960977 -43.2803667
vt -3.8375996 -31.5884656
vt -5.1420549 -42.5609082
vt -5.0074690 -42.4703095
vt -2.9887948 -40.7764249
vt 0.6245382 -28.3594876
vt -1.2134760 -38.2522458
vt -1.3971025 -37.4849504
vt 2.6165396 -26.5166683
vt 4.0082803 -25.6302617
vt 2.9327224 -37.9067693
vt 3.9871340 -37.9093085
vt 5.6028053 -34.0681020
vt 5.0573126 -20.9237887
vt 7.3106668 -29.9517268
vt 5.8139276 -20.5032898
vt 4.4419381 -18.6836583
vt 4.3966562 -18.5671892
vt 7.8185431 -28.2474060
vt 3.9925724 -17.5160978
vt 8.1298117 -28.0384768
vt 3.8580614 -17.1661746
vt 10.2283586 -28.2426743
vt 3.2524200 -12.5679674
vt 11.1010976 -28.3017185
vt 11.4010762 -27.5702987
vt 3.2194461 -12.3202282
vt 11.3504516 -28.3185882
vt 12.5877794 -28.6708391
vt 12.9210960 -28.9360621
vt 13.0106524 -29.0232123
vt 13.5337125 -28.4857105
vt 13.6232689 -28.5728607
vt 13.4159346 -29.6268045
vt 15.6186547 -39.4486723
vt 16.1013895 -40.9108874
vt 16.8483120 -40.8419218
vt 16.1180030 -41.1297357
vt 16.8672301 -41.0911287
vt 0.1109393 4.6767074
vt 15.8385031 -41.7405389
vt 0.6742097 4.4063112
vt 13.8821333 -43.8623703
vt 13.5074314 -44.1128354
vt 13.1583395 -44.6577151
vt 10.1864107 -5.6178334
vt 10.6985764 -5.0558709
vt 10.2913477 -5.6856842
vt 13.2617743 -45.2828128
vt 12.7993568 -8.9717174
vt 13.9775789 -45.6913235
vt 13.0234021 -9.5638033
vt 20.4998624 -41.3323639
vt 16.7818831 -17.7732720
vt 20.6840364 -41.1373118
vt 21.6324136 -40.6783080
vt 20.1359264 -29.4203634
vt 21.4091755 -39.2369485
vt 20.2053987 -29.6604376
vt 20.5954945 -39.0345560
vt 22.5366177 -35.1224335
vt 22.5443247 -35.1713903
vt 20.3481546 -37.6232095
vn 0 0 1
f 1/1/1 2/2/1 3/3/1
f 3/3/1 4/4/1 1/1/1
f 5/5/1 1/1/1 6/6/1
f 6/6/1 7/7/1 8/8/1
f 9/9/1 10/10/1 11/11/1
f 12/12/1 13/13/1 9/9/1
f 13/13/1 14/14/1 15/15/1
f 16/16/1 15/15/1 17/17/1
f 18/18/1 19/19/1 20/20/1
f 19/19/1 21/21/1 22/22/1
f 23/23/1 24/24/1 21/21/1
f 25/25/1 26/26/1 23/23/1
f 26/26/1 27/27/1 28/28/1
f 29/29/1 30/30/1 31/31/1
f 32/32/1 29/29/1 31/31/1
f 33/33/1 34/34/1 31/31/1
f 31/31/1 35/35/1 33/33/1
f 36/36/1 37/37/1 31/31/1
f 31/31/1 38/38/1 36/36/1
f 39/39/1 40/40/1 41/41/1
f 41/41/1 42/42/1 39/39/1
f 41/41/1 43/43/1 42/42/1
f 44/44/1 45/45/1 46/46/1
f 44/44/1 47/47/1 45/45/1
f 48/48/1 49/49/1 50/50/1
f 51/51/1 52/52/1 53/53/1
f 54/54/1 55/55/1 56/56/1
f 57/57/1 58/58/1 59/59/1
f 60/60/1 61/61/1 57/57/1
f 62/62/1 63/63/1 64/64/1
f 65/65/1 66/66/1 67/67/1
f 68/68/1 69/69/1 70/70/1
f 70/70/1 65/65/1 71/71/1
f 72/72/1 64/64/1 73/73/1
f 74/74/1 72/72/1 75/75/1
f 76/76/1 71/71/1 65/65/1
f 67/67/1 77/77/1 65/65/1
f 78/78/1 79/79/1 80/80/1
f 79/79/1 81/81/1 82/82/1
f 82/82/1 83/83/1 79/79/1
f 80/80/1 84/84/1 85/85/1
f 86/86/1 85/85/1 84/84/1
f 87/87/1 88/88/1 89/89/1
f 90/90/1 91/91/1 92/92/1
f 92/92/1 93/93/1 90/90/1
f 92/92/1 89/89/1 93/93/1
f 94/94/1 95/95/1 96/96/1
f 97/97/1 98/98/1 99/99/1
f 100/100/1 101/101/1 102/102/1
f 103/103/1 104/104/1 105/105/1
f 103/103/1 106/106/1 104/104/1
f 94/94/1 96/96/1 107/107/1
f 108/108/1 109/109/1 110/110/1
f 108/108/1 111/111/1 109/109/1
f 112/112/1 113/113/1 114/114/1
f 115/115/1 116/116/1 117/117/1
f 118/118/1 119/119/1 120/120/1
f 121/121/1 122/122/1 123/123/1
f 124/124/1 125/125/1 126/126/1
f 127/127/1 128/128/1 129/129/1
f 130/130/1 131/131/1 132/132/1
f 133/133/1 134/134/1 135/135/1
f 136/136/1 137/137/1 138/138/1
f 139/139/1 140/140/1 141/141/1
f 142/142/1 143/143/1 144/144/1
f 145/145/1 146/146/1 147/147/1
f 148/148/1 149/149/1 150/150/1
f 151/151/1 152/152/1 153/153/1
f 154/154/1 155/155/1 156/156/1
f 157/157/1 158/158/1 159/159/1
f 160/160/1 161/161/1 162/162/1
f 163/163/1 164/164/1 165/165/1
f 166/166/1 167/167/1 168/168/1
f 169/169/1 170/170/1 171/171/1
f 172/172/1 173/173/1 174/174/1
f 174/174/1 175/175/1 172/172/1
f 176/176/1 177/177/1 178/178/1
f 179/179/1 180/180/1 181/181/1
f 182/182/1 178/178/1 177/177/1
f 177/177/1 183/183/1 184/184/1
f 185/185/1 184/184/1 183/183/1
f 186/186/1 187/187/1 188/188/1
f 189/189/1 188/188/1 187/187/1
f 187/187/1 190/190/1 189/189/1
f 191/191/1 192/192/1 193/193/1
f 191/191/1 194/194/1 192/192/1
f 191/191/1 195/195/1 194/194/1
f 196/196/1 197/197/1 198/198/1
f 196/196/1 199/199/1 197/197/1
f 200/200/1 201/201/1 202/202/1
f 203/203/1 204/204/1 205/205/1
f 203/203/1 206/206/1 204/204/1
f 207/207/1 208/208/1 206/206/1
f 209/209/1 210/210/1 211/211/1
f 212/212/1 213/213/1 214/214/1
f 215/215/1 216/216/1 217/217/1
f 218/218/1 219/219/1 220/220/1
f 221/221/1 222/222/1 223/223/1
f 224/224/1 225/225/1 226/226/1
f 226/226/1 227/227/1 228/228/1
f 229/229/1 230/230/1 231/231/1
f 232/232/1 233/233/1 234/234/1
f 235/235/1 232/232/1 236/236/1
f 237/237/1 238/238/1 239/239/1
f 240/240/1 241/241/1 242/242/1
f 243/243/1 244/244/1 245/245/1
f 245/245/1 246/246/1 247/247/1
f 248/248/1 247/247/1 249/249/1
f 250/250/1 251/251/1 252/252/1
f 252/252/1 253/253/1 254/254/1
f 253/253/1 255/255/1 256/256/1
f 257/257/1 256/256/1 258/258/1
f 259/259/1 260/260/1 261/261/1
f 261/261/1 262/262/1 259/259/1
f 263/263/1 264/264/1 265/265/1
f 266/266/1 263/263/1 265/265/1
f 265/265/1 267/267/1 266/266/1
f 268/268/1 269/269/1 270/270/1
f 271/271/1 272/272/1 268/268/1
f 271/271/1 273/273/1 272/272/1
f 274/274/1 275/275/1 276/276/1
f 276/276/1 277/277/1 274/274/1
f 275/275/1 278/278/1 276/276/1
f 279/279/1 280/280/1 281/281/1
f 279/279/1 282/282/1 280/280/1
f 283/283/1 284/284/1 285/285/1
f 286/286/1 287/287/1 288/288/1
f 289/289/1 290/290/1 291/291/1
f 292/292/1 293/293/1 294/294/1
f 295/295/1 292/292/1 296/296/1
f 297/297/1 291/291/1 290/290/1
f 298/298/1 299/299/1 300/300/1
f 301/301/1 302/302/1 303/303/1
f 304/304/1 305/305/1 306/306/1
f 307/307/1 308/308/1 309/309/1
f 309/309/1 310/310/1 311/311/1
f 312/312/1 313/313/1 314/314/1
f 315/315/1 316/316/1 317/317/1
f 318/318/1 319/319/1 320/320/1
f 321/321/1 322/322/1 323/323/1
f 324/324/1 323/323/1 322/322/1
f 325/325/1 326/326/1 327/327/1
f 328/328/1 329/329/1 330/330/1
f 331/331/1 332/332/1 333/333/1
f 334/334/1 335/335/1 336/336/1
f 337/337/1 338/338/1 339/339/1
f 340/340/1 341/341/1 342/342/1
f 343/343/1 344/344/1 345/345/1
f 346/346/1 347/347/1 348/348/1
f 349/349/1 350/350/1 351/351/1
f 352/352/1 349/349/1 353/353/1
f 354/354/1 355/355/1 356/356/1
f 355/355/1 357/357/1 358/358/1
f 359/359/1 360/360/1 361/361/1
f 360/360/1 362/362/1 363/363/1
f 362/362/1 364/364/1 365/365/1
f 366/366/1 367/367/1 368/368/1
f 369/369/1 368/368/1 370/370/1
f 371/371/1 372/372/1 373/373/1
f 374/374/1 375/375/1 376/376/1
f 377/377/1 378/378/1 379/379/1
f 378/378/1 376/376/1 379/379/1
f 380/380/1 381/381/1 382/382/1
f 383/383/1 382/382/1 384/384/1
f 385/385/1 386/386/1 387/387/1
f 388/388/1 389/389/1 390/390/1
f 391/391/1 392/392/1 393/393/1
f 394/394/1 395/395/1 393/393/1
f 396/396/1 397/397/1 398/398/1
f 399/399/1 400/400/1 401/401/1
f 402/402/1 401/401/1 400/400/1
f 403/403/1 404/404/1 405/405/1
f 406/406/1 407/407/1 408/408/1
f 409/409/1 403/403/1 406/406/1
f 410/410/1 406/406/1 403/403/1
f 411/411/1 412/412/1 413/413/1
f 414/414/1 396/396/1 398/398/1
f 415/415/1 416/416/1 417/417/1
f 416/416/1 418/418/1 419/419/1
f 420/420/1 419/419/1 421/421/1
f 421/421/1 422/422/1 420/420/1
f 423/423/1 424/424/1 425/425/1
f 426/426/1 427/427/1 428/428/1
f 429/429/1 426/426/1 428/428/1
f 430/430/1 431/431/1 432/432/1
f 432/432/1 433/433/1 430/430/1
f 432/432/1 434/434/1 433/433/1
f 435/435/1 436/436/1 437/437/1
f 435/435/1 438/438/1 436/436/1
f 439/439/1 440/440/1 441/441/1
f 439/439/1 441/441/1 442/442/1
f 443/443/1 444/444/1 440/440/1
f 445/445/1 446/446/1 447/447/1
f 448/448/1 449/449/1 450/450/1
f 451/451/1 452/452/1 453/453/1
f 454/454/1 453/453/1 452/452/1
f 452/452/1 455/455/1 456/456/1
f 457/457/1 458/458/1 459/459/1
f 460/460/1 461/461/1 458/458/1
f 462/462/1 460/460/1 463/463/1
f 464/464/1 465/465/1 462/462/1
f 465/465/1 466/466/1 467/467/1
f 468/468/1 469/469/1 466/466/1
f 466/466/1 470/470/1 468/468/1
f 471/471/1 472/472/1 473/473/1
f 474/474/1 475/475/1 472/472/1
f 476/476/1 477/477/1 478/478/1
f 479/479/1 480/480/1 477/477/1
f 481/481/1 482/482/1 483/483/1
f 481/481/1 484/484/1 482/482/1
f 485/485/1 486/486/1 487/487/1
f 488/488/1 489/489/1 490/490/1
f 488/488/1 491/491/1 489/489/1
f 492/492/1 493/493/1 494/494/1
f 495/495/1 496/496/1 497/497/1
f 498/498/1 499/499/1 500/500/1
f 501/501/1 502/502/1 503/503/1
f 504/504/1 505/505/1 506/506/1
f 507/507/1 508/508/1 509/509/1
f 510/510/1 511/511/1 512/512/1
f 513/513/1 514/514/1 515/515/1
f 516/516/1 517/517/1 518/518/1
f 519/519/1 518/518/1 520/520/1
f 520/520/1 521/521/1 522/522/1
f 523/523/1 524/524/1 525/525/1
f 526/526/1 527/527/1 524/524/1
f 528/528/1 529/529/1 526/526/1
f 530/530/1 531/531/1 529/529/1
f 532/532/1 533/533/1 530/530/1
f 534/534/1 535/535/1 533/533/1
f 536/536/1 537/537/1 534/534/1
f 538/538/1 539/539/1 537/537/1
f 540/540/1 541/541/1 538/538/1
f 542/542/1 543/543/1 541/541/1
f 544/544/1 545/545/1 542/542/1
f 546/546/1 547/547/1 545/545/1
f 548/548/1 549/549/1 546/546/1
f 550/550/1 551/551/1 552/552/1
f 553/553/1 554/554/1 551/551/1
f 554/554/1 552/552/1 551/551/1
f 552/552/1 555/555/1 556/556/1
f 557/557/1 558/558/1 559/559/1
f 560/560/1 561/561/1 562/562/1
f 560/560/1 563/563/1 561/561/1
f 564/564/1 565/565/1 566/566/1
f 567/567/1 568/568/1 569/569/1
f 567/567/1 570/570/1 568/568/1
f 571/571/1 572/572/1 573/573/1
f 571/571/1 573/573/1 574/574/1
f 575/575/1 576/576/1 577/577/1
f 577/577/1 578/578/1 575/575/1
f 579/579/1 580/580/1 578/578/1
f 581/581/1 582/582/1 583/583/1
f 584/584/1 585/585/1 586/586/1
f 587/587/1 588/588/1 589/589/1
f 587/587/1 589/589/1 590/590/1
f 591/591/1 592/592/1 593/593/1
f 591/591/1 594/594/1 592/592/1
f 591/591/1 595/595/1 594/594/1
f 596/596/1 597/597/1 598/598/1
f 599/599/1 600/600/1 597/597/1
f 601/601/1 602/602/1 603/603/1
f 601/601/1 604/604/1 602/602/1
f 605/605/1 606/606/1 607/607/1
f 608/608/1 609/609/1 610/610/1
f 611/611/1 612/612/1 613/613/1
f 614/614/1 615/615/1 616/616/1
f 617/617/1 618/618/1 619/619/1
f 620/620/1 621/621/1 622/622/1
f 623/623/1 624/624/1 625/625/1
f 626/626/1 627/627/1 628/628/1
f 629/629/1 630/630/1 631/631/1
f 632/632/1 633/633/1 634/634/1
f 635/635/1 636/636/1 637/637/1
f 638/638/1 639/639/1 640/640/1
f 640/640/1 641/641/1 642/642/1
f 643/643/1 644/644/1 645/645/1
f 646/646/1 647/647/1 648/648/1
f 649/649/1 650/650/1 646/646/1
f 651/651/1 652/652/1 653/653/1
f 653/653/1 654/654/1 651/651/1
f 655/655/1 651/651/1 654/654/1
f 654/654/1 656/656/1 655/655/1
f 647/647/1 646/646/1 657/657/1
f 658/658/1 659/659/1 660/660/1
f 658/658/1 661/661/1 659/659/1
f 658/658/1 662/662/1 661/661/1
f 663/663/1 664/664/1 665/665/1
f 649/649/1 666/666/1 650/650/1
f 667/667/1 668/668/1 669/669/1
f 670/670/1 671/671/1 672/672/1
f 657/657/1 673/673/1 647/647/1
f 674/674/1 675/675/1 676/676/1
f 674/674/1 637/637/1 675/675/1
f 677/677/1 678/678/1 679/679/1
f 680/680/1 681/681/1 682/682/1
f 683/683/1 684/684/1 681/681/1
f 685/685/1 686/686/1 687/687/1
f 688/688/1 689/689/1 690/690/1
f 691/691/1 692/692/1 693/693/1
f 694/694/1 695/695/1 696/696/1
f 694/694/1 697/697/1 695/695/1
f 688/688/1 698/698/1 689/689/1
f 699/699/1 700/700/1 701/701/1
f 702/702/1 703/703/1 704/704/1
f 705/705/1 706/706/1 707/707/1
f 708/708/1 709/709/1 710/710/1
f 711/711/1 712/712/1 713/713/1
f 714/714/1 715/715/1 716/716/1
f 717/717/1 718/718/1 719/719/1
f 720/720/1 721/721/1 722/722/1
f 723/723/1 724/724/1 725/725/1
f 726/726/1 727/727/1 728/728/1
f 728/728/1 729/729/1 730/730/1
f 731/731/1 730/730/1 732/732/1
f 733/733/1 734/734/1 735/735/1
f 736/736/1 737/737/1 738/738/1
f 739/739/1 740/740/1 741/741/1
f 742/742/1 741/741/1 743/743/1
f 744/744/1 742/742/1 745/745/1
f 746/746/1 747/747/1 748/748/1
f 749/749/1 750/750/1 751/751/1
f 752/752/1 753/753/1 754/754/1
f 755/755/1 756/756/1 757/757/1
f 758/758/1 759/759/1 760/760/1
f 761/761/1 762/762/1 763/763/1
f 762/762/1 764/764/1 765/765/1
f 766/766/1 765/765/1 764/764/1
f 767/767/1 766/766/1 768/768/1
f 769/769/1 770/770/1 771/771/1
f 772/772/1 771/771/1 770/770/1
f 773/773/1 774/774/1 775/775/1
f 775/775/1 776/776/1 777/777/1
f 778/778/1 779/779/1 780/780/1
f 781/781/1 782/782/1 783/783/1
f 784/784/1 785/785/1 786/786/1
f 786/786/1 787/787/1 784/784/1
f 785/785/1 781/781/1 786/786/1
f 788/788/1 780/780/1 779/779/1
f 789/789/1 790/790/1 791/791/1
f 790/790/1 792/792/1 793/793/1
f 794/794/1 793/793/1 795/795/1
f 795/795/1 796/796/1 797/797/1
f 798/798/1 799/799/1 800/800/1
f 801/801/1 802/802/1 798/798/1
f 803/803/1 804/804/1 802/802/1
f 805/805/1 806/806/1 803/803/1
f 807/807/1 808/808/1 806/806/1
f 809/809/1 807/807/1 810/810/1
f 810/810/1 811/811/1 809/809/1
f 812/812/1 813/813/1 814/814/1
f 815/815/1 816/816/1 817/817/1
f 815/815/1 817/817/1 818/818/1
f 819/819/1 812/812/1 820/820/1
f 821/821/1 822/822/1 813/813/1
f 813/813/1 823/823/1 821/821/1
f 824/824/1 825/825/1 826/826/1
f 827/827/1 828/828/1 829/829/1
f 827/827/1 830/830/1 828/828/1
f 827/827/1 831/831/1 830/830/1
f 832/832/1 833/833/1 834/834/1
f 835/835/1 836/836/1 833/833/1
f 837/837/1 838/838/1 839/839/1
f 837/837/1 840/840/1 838/838/1
f 841/841/1 842/842/1 843/843/1
f 841/841/1 844/844/1 842/842/1
f 845/845/1 846/846/1 847/847/1
f 848/848/1 849/849/1 850/850/1
f 848/848/1 851/851/1 849/849/1
f 852/852/1 853/853/1 854/854/1
f 855/855/1 856/856/1 857/857/1
f 858/858/1 859/859/1 860/860/1
f 861/861/1 862/862/1 863/863/1
f 864/864/1 865/865/1 866/866/1
f 867/867/1 868/868/1 869/869/1
f 870/870/1 871/871/1 872/872/1
f 873/873/1 874/874/1 875/875/1
f 876/876/1 877/877/1 878/878/1
f 879/879/1 876/876/1 880/880/1
f 881/881/1 879/879/1 882/882/1
f 883/883/1 884/884/1 885/885/1
f 886/886/1 883/883/1 887/887/1
f 888/888/1 886/886/1 889/889/1
f 890/890/1 888/888/1 891/891/1
f 892/892/1 893/893/1 894/894/1
f 895/895/1 896/896/1 892/892/1
f 897/897/1 898/898/1 899/899/1
f 899/899/1 900/900/1 901/901/1
f 902/902/1 901/901/1 903/903/1
f 904/904/1 905/905/1 906/906/1
f 906/906/1 907/907/1 904/904/1
f 908/908/1 909/909/1 910/910/1
f 911/911/1 912/912/1 913/913/1
f 911/911/1 914/914/1 912/912/1
f 915/915/1 916/916/1 917/917/1
f 918/918/1 919/919/1 915/915/1
f 920/920/1 921/921/1 919/919/1
f 919/919/1 922/922/1 920/920/1
f 923/923/1 924/924/1 925/925/1
f 926/926/1 927/927/1 928/928/1
f 926/926/1 929/929/1 927/927/1
f 930/930/1 931/931/1 932/932/1
f 930/930/1 932/932/1 933/933/1
f 934/934/1 935/935/1 936/936/1
f 937/937/1 938/938/1 939/939/1
f 938/938/1 940/940/1 941/941/1
f 942/942/1 943/943/1 944/944/1
f 945/945/1 946/946/1 947/947/1
f 946/946/1 948/948/1 947/947/1
f 948/948/1 949/949/1 950/950/1
f 951/951/1 950/950/1 949/949/1
f 952/952/1 951/951/1 949/949/1
f 949/949/1 953/953/1 952/952/1
f 954/954/1 955/955/1 956/956/1
f 957/957/1 958/958/1 959/959/1
f 957/957/1 960/960/1 958/958/1
f 961/961/1 962/962/1 963/963/1
f 961/961/1 964/964/1 965/965/1
f 966/966/1 967/967/1 964/964/1
f 968/968/1 969/969/1 970/970/1
f 971/971/1 972/972/1 969/969/1
f 973/973/1 974/974/1 975/975/1
f 973/973/1 976/976/1 974/974/1
f 977/977/1 978/978/1 979/979/1
f 980/980/1 981/981/1 982/982/1
f 980/980/1 983/983/1 981/981/1
f 984/984/1 985/985/1 986/986/1
f 984/984/1 987/987/1 985/985/1
f 988/988/1 989/989/1 990/990/1
f 988/988/1 991/991/1 989/989/1
f 988/988/1 992/992/1 991/991/1
f 993/993/1 994/994/1 995/995/1
f 996/996/1 997/997/1 998/998/1
f 999/999/1 1000/1000/1 1001/1001/1
f 1002/1002/1 1003/1003/1 1000/1000/1
f 1004/1004/1 971/971/1 1005/1005/1
f 1006/1006/1 966/966/1 1007/1007/1
f 1008/1008/1 944/944/1 943/943/1
f 1009/1009/1 1010/1010/1 1011/1011/1
f 1012/1012/1 1013/1013/1 1014/1014/1
f 1015/1015/1 1016/1016/1 1017/1017/1
f 1018/1018/1 1019/1019/1 1020/1020/1
f 935/935/1 1021/1021/1 1022/1022/1
f 931/931/1 930/930/1 1023/1023/1
f 1024/1024/1 926/926/1 1025/1025/1
f 1026/1026/1 917/917/1 1027/1027/1
f 1028/1028/1 872/872/1 871/871/1
f 1029/1029/1 1030/1030/1 1031/1031/1
f 1032/1032/1 1033/1033/1 1034/1034/1
f 1034/1034/1 1035/1035/1 1032/1032/1
f 1036/1036/1 1037/1037/1 1038/1038/1
f 1037/1037/1 1039/1039/1 1040/1040/1
f 1039/1039/1 1041/1041/1 1042/1042/1
f 1043/1043/1 1044/1044/1 1045/1045/1
f 1046/1046/1 1047/1047/1 1048/1048/1
f 1049/1049/1 1050/1050/1 1051/1051/1
f 1051/1051/1 1052/1052/1 1053/1053/1
f 1054/1054/1 1055/1055/1 1056/1056/1
f 1057/1057/1 1056/1056/1 1055/1055/1
f 1058/1058/1 1057/1057/1 1055/1055/1
f 1059/1059/1 1060/1060/1 1061/1061/1
f 1062/1062/1 1063/1063/1 1059/1059/1
f 1064/1064/1 1059/1059/1 1063/1063/1
f 1065/1065/1 868/868/1 1066/1066/1
f 1065/1065/1 1066/1066/1 1067/1067/1
f 1068/1068/1 1069/1069/1 1070/1070/1
f 1071/1071/1 1070/1070/1 1069/1069/1
f 1072/1072/1 862/862/1 1068/1068/1
f 862/862/1 861/861/1 1073/1073/1
f 863/863/1 1074/1074/1 861/861/1
f 1075/1075/1 1076/1076/1 1077/1077/1
f 1077/1077/1 1078/1078/1 1075/1075/1
f 1079/1079/1 1080/1080/1 1078/1078/1
f 856/856/1 855/855/1 1081/1081/1
f 1082/1082/1 1083/1083/1 1084/1084/1
f 856/856/1 1081/1081/1 1083/1083/1
f 1085/1085/1 1086/1086/1 1087/1087/1
f 1085/1085/1 1088/1088/1 1086/1086/1
f 1089/1089/1 1090/1090/1 1091/1091/1
f 1092/1092/1 1093/1093/1 1094/1094/1
f 831/831/1 827/827/1 1095/1095/1
f 1096/1096/1 817/817/1 816/816/1
f 1097/1097/1 1098/1098/1 1099/1099/1
f 1098/1098/1 1100/1100/1 1101/1101/1
f 1102/1102/1 1103/1103/1 1104/1104/1
f 1105/1105/1 1106/1106/1 1102/1102/1
f 1107/1107/1 1108/1108/1 1109/1109/1
f 1110/1110/1 1107/1107/1 1111/1111/1
f 1112/1112/1 1113/1113/1 1114/1114/1
f 1115/1115/1 1112/1112/1 1116/1116/1
f 1117/1117/1 1118/1118/1 1119/1119/1
f 1120/1120/1 1121/1121/1 1122/1122/1
f 1123/1123/1 1120/1120/1 1124/1124/1
f 1125/1125/1 1126/1126/1 1127/1127/1
f 1126/1126/1 1128/1128/1 1129/1129/1
f 1130/1130/1 1131/1131/1 1132/1132/1
f 1131/1131/1 1133/1133/1 1134/1134/1
f 1135/1135/1 1136/1136/1 1137/1137/1
f 1138/1138/1 1139/1139/1 1135/1135/1
f 1140/1140/1 1141/1141/1 1142/1142/1
f 1143/1143/1 1140/1140/1 1144/1144/1
f 1145/1145/1 1146/1146/1 1147/1147/1
f 1146/1146/1 1148/1148/1 1149/1149/1
f 1150/1150/1 1151/1151/1 1148/1148/1
f 1152/1152/1 752/752/1 1153/1153/1
f 1153/1153/1 1154/1154/1 1152/1152/1
f 1155/1155/1 1156/1156/1 1157/1157/1
f 1155/1155/1 1158/1158/1 1156/1156/1
f 1159/1159/1 1160/1160/1 1161/1161/1
f 746/746/1 1162/1162/1 1163/1163/1
f 746/746/1 1164/1164/1 1162/1162/1
f 1165/1165/1 736/736/1 1166/1166/1
f 1167/1167/1 1168/1168/1 1169/1169/1
f 1170/1170/1 1167/1167/1 1169/1169/1
f 1169/1169/1 1171/1171/1 1172/1172/1
f 1173/1173/1 1174/1174/1 1175/1175/1
f 1176/1176/1 1177/1177/1 1174/1174/1
f 1174/1174/1 1178/1178/1 1176/1176/1
f 1179/1179/1 1180/1180/1 1181/1181/1
f 1178/1178/1 1179/1179/1 1181/1181/1
f 1182/1182/1 1181/1181/1 1180/1180/1
f 1183/1183/1 1184/1184/1 1185/1185/1
f 1184/1184/1 1186/1186/1 1187/1187/1
f 1184/1184/1 1188/1188/1 1186/1186/1
f 734/734/1 733/733/1 1189/1189/1
f 1190/1190/1 1191/1191/1 1192/1192/1
f 1193/1193/1 1194/1194/1 1191/1191/1
f 1195/1195/1 1196/1196/1 1197/1197/1
f 1198/1198/1 1195/1195/1 1199/1199/1
f 1199/1199/1 1200/1200/1 1198/1198/1
f 1201/1201/1 1198/1198/1 1202/1202/1
f 1203/1203/1 1204/1204/1 1205/1205/1
f 1206/1206/1 1203/1203/1 1205/1205/1
f 1207/1207/1 1208/1208/1 1209/1209/1
f 1207/1207/1 1210/1210/1 1208/1208/1
f 1211/1211/1 1212/1212/1 1213/1213/1
f 1214/1214/1 1215/1215/1 1216/1216/1
f 722/722/1 721/721/1 1215/1215/1
f 718/718/1 1217/1217/1 1218/1218/1
f 1218/1218/1 719/719/1 718/718/1
f 1219/1219/1 1220/1220/1 1221/1221/1
f 1222/1222/1 1223/1223/1 1224/1224/1
f 1222/1222/1 1225/1225/1 1223/1223/1
f 715/715/1 1226/1226/1 1227/1227/1
f 715/715/1 714/714/1 1226/1226/1
f 716/716/1 1228/1228/1 1229/1229/1
f 713/713/1 1230/1230/1 711/711/1
f 713/713/1 1231/1231/1 1230/1230/1
f 709/709/1 708/708/1 1232/1232/1
f 703/703/1 702/702/1 1233/1233/1
f 700/700/1 699/699/1 1234/1234/1
f 1235/1235/1 1236/1236/1 1237/1237/1
f 690/690/1 1238/1238/1 688/688/1
f 686/686/1 1239/1239/1 1240/1240/1
f 1241/1241/1 1242/1242/1 685/685/1
f 684/684/1 683/683/1 1243/1243/1
f 637/637/1 1244/1244/1 635/635/1
f 676/676/1 1245/1245/1 674/674/1
f 672/672/1 1246/1246/1 670/670/1
f 668/668/1 1247/1247/1 1248/1248/1
f 1249/1249/1 1250/1250/1 667/667/1
f 645/645/1 1251/1251/1 643/643/1
f 664/664/1 1252/1252/1 1253/1253/1
f 646/646/1 648/648/1 649/649/1
f 1254/1254/1 679/679/1 678/678/1
f 1255/1255/1 1256/1256/1 1257/1257/1
f 1258/1258/1 1259/1259/1 1260/1260/1
f 1261/1261/1 1260/1260/1 1262/1262/1
f 1262/1262/1 1263/1263/1 1261/1261/1
f 1264/1264/1 1265/1265/1 1266/1266/1
f 1267/1267/1 1264/1264/1 1268/1268/1
f 1268/1268/1 1269/1269/1 1270/1270/1
f 1271/1271/1 1272/1272/1 1273/1273/1
f 1274/1274/1 1273/1273/1 1275/1275/1
f 1275/1275/1 1276/1276/1 1274/1274/1
f 1277/1277/1 1278/1278/1 1279/1279/1
f 1280/1280/1 1281/1281/1 1282/1282/1
f 1282/1282/1 1283/1283/1 1280/1280/1
f 1284/1284/1 1285/1285/1 1286/1286/1
f 1287/1287/1 1288/1288/1 1285/1285/1
f 1289/1289/1 1290/1290/1 1291/1291/1
f 1289/1289/1 1292/1292/1 1290/1290/1
f 1285/1285/1 1284/1284/1 1287/1287/1
f 1277/1277/1 1293/1293/1 1294/1294/1
f 633/633/1 1295/1295/1 1293/1293/1
f 630/630/1 1296/1296/1 632/632/1
f 627/627/1 1297/1297/1 629/629/1
f 625/625/1 1298/1298/1 623/623/1
f 625/625/1 620/620/1 1298/1298/1
f 618/618/1 1299/1299/1 1300/1300/1
f 615/615/1 614/614/1 617/617/1
f 1301/1301/1 1302/1302/1 611/611/1
f 610/610/1 1303/1303/1 1304/1304/1
f 606/606/1 605/605/1 1305/1305/1
f 595/595/1 1306/1306/1 1307/1307/1
f 1308/1308/1 584/584/1 1309/1309/1
f 572/572/1 571/571/1 1310/1310/1
f 565/565/1 564/564/1 1311/1311/1
f 1312/1312/1 546/546/1 549/549/1
f 518/518/1 1313/1313/1 516/516/1
f 1314/1314/1 1315/1315/1 1316/1316/1
f 1317/1317/1 1316/1316/1 1318/1318/1
f 514/514/1 1319/1319/1 515/515/1
f 515/515/1 1320/1320/1 513/513/1
f 1321/1321/1 1322/1322/1 1323/1323/1
f 1324/1324/1 1321/1321/1 1325/1325/1
f 1326/1326/1 1327/1327/1 1328/1328/1
f 1327/1327/1 1329/1329/1 1330/1330/1
f 1331/1331/1 1332/1332/1 1333/1333/1
f 1334/1334/1 1333/1333/1 1335/1335/1
f 1336/1336/1 1337/1337/1 1338/1338/1
f 1337/1337/1 1339/1339/1 1340/1340/1
f 511/511/1 1341/1341/1 1340/1340/1
f 508/508/1 1342/1342/1 510/510/1
f 505/505/1 504/504/1 1343/1343/1
f 499/499/1 1344/1344/1 501/501/1
f 496/496/1 495/495/1 1345/1345/1
f 493/493/1 492/492/1 1346/1346/1
f 1347/1347/1 488/488/1 1348/1348/1
f 484/484/1 481/481/1 485/485/1
f 1349/1349/1 1350/1350/1 1351/1351/1
f 1352/1352/1 1353/1353/1 1354/1354/1
f 1355/1355/1 1354/1354/1 1353/1353/1
f 1356/1356/1 1357/1357/1 1358/1358/1
f 1358/1358/1 1359/1359/1 1360/1360/1
f 1361/1361/1 1360/1360/1 1362/1362/1
f 1363/1363/1 1364/1364/1 1365/1365/1
f 1366/1366/1 1365/1365/1 1364/1364/1
f 1364/1364/1 1367/1367/1 1368/1368/1
f 1369/1369/1 1368/1368/1 1367/1367/1
f 1370/1370/1 1369/1369/1 1367/1367/1
f 1371/1371/1 1372/1372/1 1373/1373/1
f 1374/1374/1 1375/1375/1 1372/1372/1
f 1376/1376/1 1377/1377/1 1378/1378/1
f 1378/1378/1 1379/1379/1 1376/1376/1
f 1379/1379/1 1380/1380/1 1381/1381/1
f 446/446/1 1382/1382/1 1383/1383/1
f 446/446/1 445/445/1 1382/1382/1
f 1384/1384/1 1385/1385/1 1386/1386/1
f 1387/1387/1 1388/1388/1 1385/1385/1
f 444/444/1 443/443/1 1389/1389/1
f 1390/1390/1 1391/1391/1 429/429/1
f 1392/1392/1 1393/1393/1 424/424/1
f 341/341/1 1394/1394/1 1395/1395/1
f 1396/1396/1 1395/1395/1 1397/1397/1
f 1398/1398/1 1396/1396/1 1399/1399/1
f 339/339/1 1400/1400/1 337/337/1
f 1401/1401/1 337/337/1 1402/1402/1
f 314/314/1 1403/1403/1 312/312/1
f 310/310/1 1404/1404/1 311/311/1
f 308/308/1 1405/1405/1 1406/1406/1
f 1405/1405/1 304/304/1 306/306/1
f 1407/1407/1 298/298/1 300/300/1
f 1408/1408/1 297/297/1 1409/1409/1
f 1410/1410/1 1411/1411/1 1412/1412/1
f 1413/1413/1 1412/1412/1 1414/1414/1
f 1415/1415/1 1416/1416/1 1417/1417/1
f 1418/1418/1 1417/1417/1 1419/1419/1
f 1420/1420/1 1421/1421/1 1422/1422/1
f 1423/1423/1 1424/1424/1 1420/1420/1
f 1424/1424/1 1425/1425/1 1426/1426/1
f 1427/1427/1 1426/1426/1 1428/1428/1
f 1429/1429/1 1430/1430/1 1431/1431/1
f 1432/1432/1 1433/1433/1 1434/1434/1
f 1435/1435/1 294/294/1 293/293/1
f 296/296/1 1436/1436/1 1437/1437/1
f 1438/1438/1 1439/1439/1 1440/1440/1
f 1441/1441/1 1442/1442/1 1438/1438/1
f 1442/1442/1 1443/1443/1 1444/1444/1
f 1445/1445/1 1446/1446/1 1447/1447/1
f 1448/1448/1 1445/1445/1 1449/1449/1
f 1450/1450/1 1451/1451/1 1452/1452/1
f 1453/1453/1 1452/1452/1 1454/1454/1
f 1454/1454/1 1455/1455/1 1456/1456/1
f 1457/1457/1 1458/1458/1 1459/1459/1
f 1455/1455/1 1457/1457/1 1459/1459/1
f 1456/1456/1 1453/1453/1 1454/1454/1
f 1460/1460/1 318/318/1 320/320/1
f 1461/1461/1 327/327/1 326/326/1
f 1462/1462/1 1463/1463/1 1464/1464/1
f 330/330/1 1465/1465/1 328/328/1
f 1466/1466/1 1467/1467/1 1468/1468/1
f 1469/1469/1 1470/1470/1 1471/1471/1
f 1472/1472/1 1473/1473/1 1474/1474/1
f 1475/1475/1 1474/1474/1 1476/1476/1
f 1477/1477/1 1478/1478/1 1479/1479/1
f 1480/1480/1 1481/1481/1 1482/1482/1
f 1481/1481/1 1483/1483/1 1484/1484/1
f 1485/1485/1 1486/1486/1 1483/1483/1
f 1487/1487/1 1488/1488/1 1485/1485/1
f 1488/1488/1 1489/1489/1 1490/1490/1
f 1491/1491/1 1492/1492/1 1489/1489/1
f 1493/1493/1 1494/1494/1 1491/1491/1
f 1495/1495/1 1491/1491/1 1496/1496/1
f 1497/1497/1 1495/1495/1 1498/1498/1
f 1499/1499/1 287/287/1 1500/1500/1
f 287/287/1 286/286/1 1501/1501/1
f 284/284/1 283/283/1 1502/1502/1
f 1503/1503/1 1504/1504/1 1505/1505/1
f 273/273/1 1506/1506/1 1507/1507/1
f 1508/1508/1 1509/1509/1 1510/1510/1
f 1511/1511/1 1512/1512/1 1513/1513/1
f 1512/1512/1 1514/1514/1 1513/1513/1
f 1515/1515/1 1513/1513/1 1514/1514/1
f 1516/1516/1 1517/1517/1 1518/1518/1
f 1519/1519/1 1520/1520/1 1521/1521/1
f 1521/1521/1 1522/1522/1 1519/1519/1
f 1523/1523/1 1524/1524/1 1525/1525/1
f 1524/1524/1 1526/1526/1 1522/1522/1
f 1522/1522/1 1527/1527/1 1524/1524/1
f 1528/1528/1 1529/1529/1 1530/1530/1
f 1531/1531/1 1532/1532/1 1529/1529/1
f 1533/1533/1 1534/1534/1 1531/1531/1
f 1535/1535/1 1536/1536/1 1534/1534/1
f 1537/1537/1 1538/1538/1 1539/1539/1
f 1540/1540/1 1539/1539/1 1541/1541/1
f 1542/1542/1 1543/1543/1 1544/1544/1
f 1545/1545/1 1546/1546/1 1543/1543/1
f 1547/1547/1 1548/1548/1 1549/1549/1
f 1549/1549/1 1550/1550/1 1551/1551/1
f 1552/1552/1 1553/1553/1 1554/1554/1
f 1554/1554/1 1555/1555/1 1556/1556/1
f 1555/1555/1 1557/1557/1 1558/1558/1
f 1555/1555/1 1559/1559/1 1557/1557/1
f 219/219/1 1560/1560/1 1561/1561/1
f 219/219/1 1562/1562/1 1560/1560/1
f 1516/1516/1 1518/1518/1 218/218/1
f 1563/1563/1 1564/1564/1 1565/1565/1
f 1563/1563/1 1566/1566/1 1564/1564/1
f 216/216/1 215/215/1 1567/1567/1
f 216/216/1 1567/1567/1 1568/1568/1
f 213/213/1 212/212/1 1569/1569/1
f 1570/1570/1 1571/1571/1 1572/1572/1
f 201/201/1 200/200/1 1573/1573/1
f 195/195/1 1574/1574/1 1575/1575/1
f 1576/1576/1 1577/1577/1 1578/1578/1
f 1579/1579/1 1580/1580/1 149/149/1
f 1581/1581/1 1582/1582/1 1583/1583/1
f 1584/1584/1 1585/1585/1 1586/1586/1
f 1587/1587/1 1584/1584/1 1588/1588/1
f 1589/1589/1 1590/1590/1 1591/1591/1
f 1592/1592/1 1591/1591/1 1590/1590/1
f 166/166/1 1593/1593/1 1590/1590/1
f 1590/1590/1 167/167/1 166/166/1
f 164/164/1 163/163/1 1594/1594/1
f 164/164/1 1594/1594/1 1595/1595/1
f 162/162/1 157/157/1 1596/1596/1
f 159/159/1 154/154/1 1597/1597/1
f 152/152/1 151/151/1 1598/1598/1
f 1599/1599/1 1600/1600/1 1601/1601/1
f 1602/1602/1 1579/1579/1 1603/1603/1
f 149/149/1 148/148/1 1604/1604/1
f 1605/1605/1 1606/1606/1 1607/1607/1
f 146/146/1 145/145/1 1608/1608/1
f 143/143/1 1609/1609/1 1610/1610/1
f 1611/1611/1 1612/1612/1 1613/1613/1
f 140/140/1 139/139/1 1614/1614/1
f 137/137/1 136/136/1 1615/1615/1
f 1616/1616/1 133/133/1 1617/1617/1
f 135/135/1 1618/1618/1 1619/1619/1
f 1620/1620/1 1621/1621/1 1622/1622/1
f 128/128/1 127/127/1 1623/1623/1
f 126/126/1 1624/1624/1 1625/1625/1
f 122/122/1 121/121/1 1626/1626/1
f 119/119/1 118/118/1 1627/1627/1
f 1628/1628/1 1629/1629/1 1630/1630/1
f 114/114/1 1631/1631/1 1632/1632/1
f 1633/1633/1 97/97/1 1634/1634/1
f 99/99/1 1635/1635/1 1636/1636/1
f 95/95/1 1637/1637/1 1638/1638/1
f 88/88/1 87/87/1 1639/1639/1
f 1640/1640/1 1641/1641/1 1642/1642/1
f 1643/1643/1 1644/1644/1 1645/1645/1
f 1646/1646/1 1645/1645/1 1647/1647/1
f 1648/1648/1 1649/1649/1 1650/1650/1
f 1651/1651/1 1652/1652/1 1649/1649/1
f 1653/1653/1 1654/1654/1 1655/1655/1
f 1656/1656/1 1657/1657/1 1653/1653/1
f 1658/1658/1 1659/1659/1 1660/1660/1
f 1661/1661/1 1662/1662/1 1663/1663/1
f 1664/1664/1 1665/1665/1 1661/1661/1
f 1666/1666/1 1661/1661/1 1665/1665/1
f 1665/1665/1 1667/1667/1 1668/1668/1
f 1669/1669/1 1670/1670/1 1671/1671/1
f 1672/1672/1 1673/1673/1 1674/1674/1
f 1675/1675/1 1676/1676/1 1677/1677/1
f 1677/1677/1 1678/1678/1 1675/1675/1
f 1679/1679/1 1675/1675/1 1678/1678/1
f 1678/1678/1 1680/1680/1 1679/1679/1
f 49/49/1 1681/1681/1 51/51/1
f 47/47/1 1682/1682/1 48/48/1
f 47/47/1 44/44/1 1682/1682/1
f 1683/1683/1 1684/1684/1 1685/1685/1
f 1685/1685/1 1686/1686/1 1683/1683/1
f 1687/1687/1 1688/1688/1 1689/1689/1
f 1690/1690/1 1691/1691/1 1692/1692/1
f 1692/1692/1 1693/1693/1 1690/1690/1
f 1693/1693/1 1694/1694/1 1695/1695/1
f 1696/1696/1 1695/1695/1 1697/1697/1
f 1698/1698/1 1696/1696/1 1699/1699/1
f 1700/1700/1 1698/1698/1 1701/1701/1
f 1702/1702/1 1703/1703/1 1704/1704/1
f 1705/1705/1 1706/1706/1 1707/1707/1
f 1687/1687/1 1689/1689/1 1708/1708/1
f 1709/1709/1 1710/1710/1 1703/1703/1
f 1707/1707/1 1711/1711/1 1712/1712/1
f 1713/1713/1 1712/1712/1 1714/1714/1
f 1714/1714/1 1715/1715/1 1713/1713/1
f 1716/1716/1 1709/1709/1 1703/1703/1
f 1717/1717/1 1685/1685/1 1718/1718/1
f 1719/1719/1 1720/1720/1 1721/1721/1
f 1722/1722/1 1723/1723/1 1724/1724/1
f 1688/1688/1 1725/1725/1 1726/1726/1
f 1727/1727/1 1728/1728/1 1729/1729/1
f 1730/1730/1 1731/1731/1 1732/1732/1
f 1733/1733/1 1734/1734/1 1735/1735/1
f 1736/1736/1 1737/1737/1 1738/1738/1
f 1739/1739/1 1740/1740/1 1741/1741/1
f 1742/1742/1 1743/1743/1 1744/1744/1
f 1742/1742/1 1745/1745/1 1743/1743/1
f 1746/1746/1 1747/1747/1 1748/1748/1
f 1749/1749/1 1750/1750/1 1751/1751/1
f 1752/1752/1 1753/1753/1 1749/1749/1
f 1754/1754/1 1755/1755/1 1753/1753/1
f 1756/1756/1 1757/1757/1 1754/1754/1
f 1757/1757/1 1758/1758/1 1759/1759/1
f 1760/1760/1 1761/1761/1 1762/1762/1
f 1762/1762/1 1763/1763/1 1760/1760/1
f 1764/1764/1 1765/1765/1 1766/1766/1
f 1766/1766/1 1767/1767/1 1764/1764/1
f 1768/1768/1 1769/1769/1 1770/1770/1
f 1770/1770/1 1771/1771/1 1768/1768/1
f 1772/1772/1 1773/1773/1 1774/1774/1
f 1774/1774/1 1775/1775/1 1772/1772/1
f 1776/1776/1 1777/1777/1 1778/1778/1
f 1776/1776/1 1779/1779/1 1777/1777/1
f 1780/1780/1 1781/1781/1 1779/1779/1
f 1782/1782/1 1783/1783/1 1784/1784/1
f 1785/1785/1 1786/1786/1 1787/1787/1
f 1788/1788/1 1789/1789/1 1790/1790/1
f 1791/1791/1 1792/1792/1 1793/1793/1
f 1794/1794/1 1795/1795/1 1791/1791/1
f 1796/1796/1 1797/1797/1 1798/1798/1
f 1797/1797/1 1799/1799/1 1800/1800/1
f 1801/1801/1 1802/1802/1 1799/1799/1
f 1803/1803/1 1804/1804/1 1805/1805/1
f 1806/1806/1 1807/1807/1 1803/1803/1
f 1807/1807/1 1808/1808/1 1809/1809/1
f 1810/1810/1 1811/1811/1 1812/1812/1
f 1813/1813/1 1814/1814/1 1815/1815/1
f 1816/1816/1 1817/1817/1 1815/1815/1
f 1818/1818/1 1819/1819/1 1820/1820/1
f 1821/1821/1 1822/1822/1 1823/1823/1
f 1824/1824/1 1825/1825/1 1826/1826/1
f 1827/1827/1 1828/1828/1 1829/1829/1
f 1830/1830/1 1831/1831/1 1832/1832/1
f 1831/1831/1 1833/1833/1 1834/1834/1
f 1835/1835/1 1836/1836/1 1837/1837/1
f 1836/1836/1 1838/1838/1 1839/1839/1
f 1840/1840/1 1839/1839/1 1838/1838/1
f 1841/1841/1 1842/1842/1 1843/1843/1
f 1844/1844/1 1843/1843/1 1845/1845/1
f 1846/1846/1 1844/1844/1 1847/1847/1
f 1848/1848/1 1849/1849/1 1850/1850/1
f 1849/1849/1 1851/1851/1 1852/1852/1
f 1853/1853/1 1854/1854/1 1855/1855/1
f 1856/1856/1 1857/1857/1 1858/1858/1
f 1859/1859/1 1860/1860/1 1857/1857/1
f 1861/1861/1 1862/1862/1 1863/1863/1
f 1864/1864/1 1861/1861/1 1863/1863/1
f 1865/1865/1 1866/1866/1 1867/1867/1
f 1868/1868/1 1869/1869/1 1870/1870/1
f 1871/1871/1 1872/1872/1 1873/1873/1
f 1874/1874/1 1865/1865/1 1867/1867/1
f 1875/1875/1 1876/1876/1 1866/1866/1
f 1877/1877/1 1875/1875/1 1866/1866/1
f 1878/1878/1 1877/1877/1 1879/1879/1
f 1880/1880/1 1881/1881/1 1882/1882/1
f 1882/1882/1 1883/1883/1 1880/1880/1
f 1884/1884/1 1885/1885/1 1883/1883/1
f 1886/1886/1 1887/1887/1 1888/1888/1
f 1888/1888/1 1889/1889/1 1886/1886/1
f 1890/1890/1 1891/1891/1 1892/1892/1
f 1893/1893/1 1894/1894/1 1895/1895/1
f 1894/1894/1 1896/1896/1 1897/1897/1
f 1896/1896/1 1898/1898/1 1899/1899/1
f 1900/1900/1 1901/1901/1 1902/1902/1
f 1903/1903/1 1904/1904/1 1905/1905/1
f 1905/1905/1 1906/1906/1 1903/1903/1
f 1907/1907/1 1908/1908/1 1909/1909/1
f 1910/1910/1 1911/1911/1 1912/1912/1
f 1913/1913/1 1914/1914/1 1915/1915/1
f 1915/1915/1 1912/1912/1 1913/1913/1
f 1916/1916/1 1915/1915/1 1914/1914/1
f 1917/1917/1 1918/1918/1 1919/1919/1
f 1920/1920/1 1921/1921/1 1922/1922/1
f 1923/1923/1 1920/1920/1 1922/1922/1
f 1922/1922/1 1924/1924/1 1923/1923/1
f 1925/1925/1 1926/1926/1 1927/1927/1
f 1927/1927/1 1928/1928/1 1925/1925/1
f 1929/1929/1 1925/1925/1 1930/1930/1
f 1931/1931/1 1932/1932/1 1933/1933/1
f 1932/1932/1 1934/1934/1 1935/1935/1
f 1932/1932/1 1936/1936/1 1934/1934/1
f 1937/1937/1 1938/1938/1 1939/1939/1
f 1940/1940/1 1941/1941/1 1942/1942/1
f 1940/1940/1 1943/1943/1 1941/1941/1
f 1940/1940/1 1944/1944/1 1943/1943/1
f 1945/1945/1 1946/1946/1 1947/1947/1
f 1948/1948/1 1949/1949/1 1950/1950/1
f 1951/1951/1 1952/1952/1 1949/1949/1
f 1953/1953/1 1954/1954/1 1955/1955/1
f 1956/1956/1 1957/1957/1 1958/1958/1
f 1958/1958/1 1959/1959/1 1956/1956/1
f 1960/1960/1 1961/1961/1 1962/1962/1
f 1963/1963/1 1964/1964/1 1965/1965/1
f 1966/1966/1 1967/1967/1 1968/1968/1
f 1969/1969/1 1970/1970/1 1971/1971/1
f 1972/1972/1 1973/1973/1 1974/1974/1
f 1975/1975/1 1976/1976/1 1977/1977/1
f 1978/1978/1 1979/1979/1 1980/1980/1
f 1981/1981/1 1982/1982/1 1983/1983/1
f 1984/1984/1 1985/1985/1 1986/1986/1
f 1987/1987/1 1988/1988/1 1989/1989/1
f 1990/1990/1 1991/1991/1 1992/1992/1
f 1993/1993/1 1994/1994/1 1995/1995/1
f 1996/1996/1 1997/1997/1 1998/1998/1
f 1999/1999/1 2000/2000/1 2001/2001/1
f 2002/2002/1 2003/2003/1 2004/2004/1
f 2005/2005/1 2006/2006/1 2007/2007/1
f 2008/2008/1 2009/2009/1 2010/2010/1
f 2011/2011/1 2012/2012/1 2013/2013/1
f 2014/2014/1 2015/2015/1 2016/2016/1
f 2017/2017/1 2016/2016/1 2018/2018/1
f 2019/2019/1 2017/2017/1 2018/2018/1
f 2020/2020/1 2021/2021/1 2019/2019/1
f 2022/2022/1 2023/2023/1 2024/2024/1
f 2025/2025/1 2026/2026/1 2027/2027/1
f 2026/2026/1 2028/2028/1 2029/2029/1
f 2030/2030/1 2029/2029/1 2031/2031/1
f 2032/2032/1 2033/2033/1 2034/2034/1
f 2035/2035/1 2036/2036/1 2033/2033/1
f 2037/2037/1 2035/2035/1 2038/2038/1
f 2039/2039/1 2040/2040/1 2037/2037/1
f 2041/2041/1 2042/2042/1 2043/2043/1
f 2044/2044/1 2045/2045/1 2046/2046/1
f 995/995/1 2047/2047/1 993/993/1
f 994/994/1 993/993/1 2048/2048/1
f 2049/2049/1 2050/2050/1 2051/2051/1
f 994/994/1 2048/2048/1 2050/2050/1
f 992/992/1 2052/2052/1 2047/2047/1
f 992/992/1 988/988/1 2052/2052/1
f 2053/2053/1 2054/2054/1 2055/2055/1
f 983/983/1 2056/2056/1 2057/2057/1
f 977/977/1 979/979/1 980/980/1
f 2058/2058/1 2059/2059/1 2060/2060/1
f 2043/2043/1 2061/2061/1 2041/2041/1
f 2062/2062/1 2063/2063/1 2064/2064/1
f 2065/2065/1 2022/2022/1 2066/2066/1
f 2066/2066/1 2067/2067/1 2065/2065/1
f 2027/2027/1 2068/2068/1 2025/2025/1
f 2069/2069/1 2070/2070/1 2071/2071/1
f 2072/2072/1 2073/2073/1 2074/2074/1
f 2075/2075/1 2062/2062/1 2076/2076/1
f 2070/2070/1 2075/2075/1 2076/2076/1
f 2074/2074/1 2077/2077/1 2072/2072/1
f 2078/2078/1 2019/2019/1 2079/2079/1
f 2080/2080/1 2081/2081/1 2082/2082/1
f 2083/2083/1 2084/2084/1 2085/2085/1
f 2081/2081/1 2086/2086/1 2082/2082/1
f 2085/2085/1 2087/2087/1 2083/2083/1
f 2086/2086/1 2083/2083/1 2087/2087/1
f 2088/2088/1 2089/2089/1 2090/2090/1
f 2091/2091/1 2090/2090/1 2089/2089/1
f 2092/2092/1 2093/2093/1 2094/2094/1
f 2093/2093/1 2011/2011/1 2094/2094/1
f 2095/2095/1 2096/2096/1 2097/2097/1
f 2098/2098/1 2099/2099/1 2096/2096/1
f 2100/2100/1 2101/2101/1 2102/2102/1
f 2102/2102/1 2103/2103/1 2100/2100/1
f 2104/2104/1 2105/2105/1 2005/2005/1
f 2104/2104/1 2106/2106/1 2105/2105/1
f 2107/2107/1 2108/2108/1 2106/2106/1
f 2107/2107/1 2109/2109/1 2108/2108/1
f 2003/2003/1 2002/2002/1 2110/2110/1
f 2000/2000/1 2111/2111/1 2112/2112/1
f 2000/2000/1 2113/2113/1 2111/2111/1
f 2000/2000/1 1999/1999/1 2113/2113/1
f 1997/1997/1 1996/1996/1 2114/2114/1
f 1994/1994/1 1993/1993/1 2115/2115/1
f 2116/2116/1 1988/1988/1 1990/1990/1
f 1988/1988/1 1987/1987/1 2117/2117/1
f 1985/1985/1 1984/1984/1 2118/2118/1
f 1982/1982/1 1981/1981/1 2119/2119/1
f 1979/1979/1 1978/1978/1 2120/2120/1
f 2121/2121/1 2122/2122/1 2123/2123/1
f 1976/1976/1 1975/1975/1 2124/2124/1
f 1973/1973/1 1972/1972/1 2125/2125/1
f 2126/2126/1 2127/2127/1 2128/2128/1
f 1967/1967/1 1966/1966/1 2129/2129/1
f 1961/1961/1 2130/2130/1 1963/1963/1
f 2131/2131/1 2132/2132/1 1960/1960/1
f 2133/2133/1 2134/2134/1 2135/2135/1
f 1954/1954/1 1953/1953/1 2136/2136/1
f 1946/1946/1 1945/1945/1 2137/2137/1
f 1944/1944/1 1940/1940/1 2138/2138/1
f 1936/1936/1 2139/2139/1 1937/1937/1
f 2140/2140/1 1929/1929/1 1931/1931/1
f 2141/2141/1 1919/1919/1 2142/2142/1
f 1914/1914/1 2143/2143/1 2144/2144/1
f 2143/2143/1 2145/2145/1 2146/2146/1
f 2147/2147/1 1907/1907/1 2148/2148/1
f 2149/2149/1 1909/1909/1 2150/2150/1
f 2150/2150/1 2151/2151/1 2152/2152/1
f 2151/2151/1 2153/2153/1 2152/2152/1
f 2154/2154/1 2155/2155/1 2156/2156/1
f 2157/2157/1 2158/2158/1 2159/2159/1
f 2160/2160/1 2161/2161/1 2162/2162/1
f 2161/2161/1 2163/2163/1 2164/2164/1
f 1892/1892/1 2165/2165/1 1890/1890/1
f 1883/1883/1 2166/2166/1 2167/2167/1
f 2168/2168/1 1870/1870/1 2169/2169/1
f 2170/2170/1 2171/2171/1 2168/2168/1
f 1872/1872/1 2172/2172/1 2173/2173/1
f 2174/2174/1 2175/2175/1 2176/2176/1
f 2177/2177/1 2178/2178/1 2179/2179/1
f 2180/2180/1 2179/2179/1 1864/1864/1
f 2181/2181/1 2182/2182/1 2183/2183/1
f 2184/2184/1 2185/2185/1 2186/2186/1
f 2187/2187/1 2184/2184/1 2188/2188/1
f 2188/2188/1 2189/2189/1 2190/2190/1
f 2191/2191/1 2192/2192/1 2193/2193/1
f 2194/2194/1 2193/2193/1 2192/2192/1
f 2195/2195/1 2196/2196/1 2197/2197/1
f 2198/2198/1 2199/2199/1 2200/2200/1
f 2200/2200/1 2201/2201/1 2198/2198/1
f 2202/2202/1 2203/2203/1 2204/2204/1
f 2205/2205/1 2204/2204/1 2203/2203/1
f 2203/2203/1 2206/2206/1 2205/2205/1
f 2207/2207/1 2202/2202/1 2208/2208/1
f 2209/2209/1 2195/2195/1 2210/2210/1
f 2211/2211/1 2212/2212/1 2213/2213/1
f 2214/2214/1 2211/2211/1 2215/2215/1
f 2216/2216/1 2217/2217/1 2218/2218/1
f 2219/2219/1 2220/2220/1 2221/2221/1
f 2221/2221/1 2222/2222/1 2223/2223/1
f 2224/2224/1 2223/2223/1 2225/2225/1
f 2218/2218/1 2224/2224/1 2225/2225/1
f 2226/2226/1 2227/2227/1 2228/2228/1
f 2229/2229/1 2230/2230/1 2231/2231/1
f 2231/2231/1 2232/2232/1 2229/2229/1
f 2230/2230/1 2233/2233/1 2231/2231/1
f 2234/2234/1 1818/1818/1 2235/2235/1
f 2236/2236/1 2237/2237/1 2238/2238/1
f 2239/2239/1 1805/1805/1 1804/1804/1
f 2240/2240/1 2241/2241/1 1804/1804/1
f 2242/2242/1 2243/2243/1 2244/2244/1
f 2245/2245/1 2246/2246/1 2243/2243/1
f 2247/2247/1 2248/2248/1 2249/2249/1
f 2250/2250/1 2251/2251/1 2252/2252/1
f 2253/2253/1 2250/2250/1 2252/2252/1
f 2254/2254/1 2252/2252/1 2251/2251/1
f 2251/2251/1 2255/2255/1 2256/2256/1
f 2257/2257/1 2258/2258/1 2259/2259/1
f 2260/2260/1 2257/2257/1 2261/2261/1
f 2262/2262/1 2260/2260/1 2263/2263/1
f 2264/2264/1 2262/2262/1 2265/2265/1
f 2265/2265/1 2266/2266/1 2267/2267/1
f 2268/2268/1 2269/2269/1 2270/2270/1
f 2271/2271/1 2272/2272/1 2273/2273/1
f 2274/2274/1 2275/2275/1 2276/2276/1
f 2276/2276/1 2277/2277/1 2278/2278/1
f 2279/2279/1 2280/2280/1 2281/2281/1
f 2282/2282/1 2279/2279/1 2281/2281/1
f 2283/2283/1 2284/2284/1 2285/2285/1
f 2283/2283/1 2286/2286/1 2284/2284/1
f 2283/2283/1 2287/2287/1 2288/2288/1
f 2289/2289/1 2290/2290/1 2291/2291/1
f 2289/2289/1 2292/2292/1 2290/2290/1
f 1740/1740/1 1739/1739/1 2293/2293/1
f 2294/2294/1 2295/2295/1 2296/2296/1
f 2297/2297/1 2298/2298/1 2299/2299/1
f 1745/1745/1 1742/1742/1 2300/2300/1
f 2301/2301/1 2300/2300/1 2302/2302/1
f 2301/2301/1 2302/2302/1 2303/2303/1
f 2304/2304/1 2305/2305/1 2306/2306/1
f 2305/2305/1 2307/2307/1 2308/2308/1
f 2305/2305/1 2309/2309/1 2307/2307/1
f 2310/2310/1 2299/2299/1 2311/2311/1
f 2297/2297/1 2293/2293/1 2298/2298/1
f 2312/2312/1 2313/2313/1 2314/2314/1
f 1734/1734/1 1733/1733/1 1736/1736/1
f 2315/2315/1 1730/1730/1 2316/2316/1
f 1732/1732/1 2317/2317/1 2318/2318/1
f 2319/2319/1 1722/1722/1 2320/2320/1
f 2321/2321/1 2322/2322/1 2323/2323/1
f 2324/2324/1 2325/2325/1 2326/2326/1
f 2327/2327/1 2324/2324/1 2328/2328/1
f 2329/2329/1 2330/2330/1 2331/2331/1
f 2332/2332/1 2331/2331/1 2330/2330/1
f 2/2/1 2333/2333/1 3/3/1
f 7/7/1 11/11/1 8/8/1
f 2334/2334/1 9/9/1 13/13/1
f 20/20/1 16/16/1 17/17/1
f 22/22/1 20/20/1 19/19/1
f 21/21/1 25/25/1 23/23/1
f 2335/2335/1 28/28/1 27/27/1
f 2336/2336/1 31/31/1 30/30/1
f 34/34/1 32/32/1 31/31/1
f 37/37/1 2337/2337/1 31/31/1
f 40/40/1 2338/2338/1 31/31/1
f 2339/2339/1 2340/2340/1 43/43/1
f 48/48/1 50/50/1 47/47/1
f 2341/2341/1 2342/2342/1 52/52/1
f 58/58/1 54/54/1 56/56/1
f 2343/2343/1 57/57/1 61/61/1
f 73/73/1 75/75/1 72/72/1
f 71/71/1 68/68/1 70/70/1
f 63/63/1 73/73/1 64/64/1
f 77/77/1 76/76/1 65/65/1
f 2344/2344/1 82/82/1 2345/2345/1
f 81/81/1 2345/2345/1 82/82/1
f 83/83/1 80/80/1 79/79/1
f 2345/2345/1 2346/2346/1 2347/2347/1
f 91/91/1 2348/2348/1 1641/1641/1
f 1641/1641/1 92/92/1 91/91/1
f 1639/1639/1 2349/2349/1 88/88/1
f 1638/1638/1 2350/2350/1 95/95/1
f 1635/1635/1 99/99/1 106/106/1
f 103/103/1 105/105/1 101/101/1
f 108/108/1 110/110/1 113/113/1
f 1629/1629/1 1628/1628/1 2351/2351/1
f 1629/1629/1 2351/2351/1 111/111/1
f 1631/1631/1 2352/2352/1 1633/1633/1
f 1624/1624/1 126/126/1 2353/2353/1
f 130/130/1 132/132/1 128/128/1
f 1618/1618/1 135/135/1 2354/2354/1
f 136/136/1 138/138/1 1616/1616/1
f 2355/2355/1 2356/2356/1 140/140/1
f 142/142/1 144/144/1 2357/2357/1
f 148/148/1 150/150/1 1605/1605/1
f 154/154/1 159/159/1 155/155/1
f 2358/2358/1 168/168/1 164/164/1
f 170/170/1 2359/2359/1 171/171/1
f 2360/2360/1 2361/2361/1 176/176/1
f 2362/2362/1 186/186/1 185/185/1
f 2363/2363/1 185/185/1 186/186/1
f 184/184/1 182/182/1 177/177/1
f 188/188/1 2363/2363/1 186/186/1
f 187/187/1 1576/1576/1 190/190/1
f 2364/2364/1 2365/2365/1 201/201/1
f 196/196/1 198/198/1 2366/2366/1
f 200/200/1 202/202/1 199/199/1
f 207/207/1 2367/2367/1 208/208/1
f 203/203/1 205/205/1 2368/2368/1
f 212/212/1 214/214/1 210/210/1
f 2369/2369/1 226/226/1 225/225/1
f 230/230/1 228/228/1 227/227/1
f 231/231/1 234/234/1 229/229/1
f 234/234/1 2370/2370/1 232/232/1
f 239/239/1 235/235/1 236/236/1
f 238/238/1 240/240/1 242/242/1
f 246/246/1 249/249/1 247/247/1
f 256/256/1 254/254/1 253/253/1
f 1509/1509/1 257/257/1 258/258/1
f 262/262/1 265/265/1 259/259/1
f 2371/2371/1 271/271/1 268/268/1
f 267/267/1 270/270/1 269/269/1
f 270/270/1 2371/2371/1 268/268/1
f 2372/2372/1 2373/2373/1 277/277/1
f 279/279/1 281/281/1 2374/2374/1
f 283/283/1 285/285/1 282/282/1
f 2375/2375/1 1432/1432/1 1429/1429/1
f 1434/1434/1 2376/2376/1 1432/1432/1
f 2377/2377/1 289/289/1 291/291/1
f 299/299/1 1408/1408/1 2378/2378/1
f 302/302/1 2379/2379/1 303/303/1
f 1406/1406/1 2380/2380/1 308/308/1
f 2381/2381/1 311/311/1 1404/1404/1
f 1403/1403/1 2382/2382/1 316/316/1
f 2383/2383/1 320/320/1 319/319/1
f 323/323/1 1460/1460/1 2384/2384/1
f 329/329/1 1461/1461/1 326/326/1
f 1465/1465/1 2385/2385/1 332/332/1
f 2386/2386/1 336/336/1 2387/2387/1
f 2388/2388/1 1401/1401/1 1402/1402/1
f 2389/2389/1 1398/1398/1 1399/1399/1
f 347/347/1 2390/2390/1 348/348/1
f 351/351/1 353/353/1 349/349/1
f 2391/2391/1 356/356/1 355/355/1
f 357/357/1 359/359/1 358/358/1
f 2392/2392/1 363/363/1 362/362/1
f 364/364/1 366/366/1 365/365/1
f 368/368/1 2393/2393/1 366/366/1
f 370/370/1 373/373/1 369/369/1
f 373/373/1 374/374/1 371/371/1
f 379/379/1 2394/2394/1 377/377/1
f 381/381/1 384/384/1 382/382/1
f 384/384/1 385/385/1 387/387/1
f 386/386/1 390/390/1 389/389/1
f 390/390/1 393/393/1 392/392/1
f 393/393/1 414/414/1 394/394/1
f 2395/2395/1 398/398/1 397/397/1
f 405/405/1 410/410/1 403/403/1
f 408/408/1 409/409/1 406/406/1
f 413/413/1 415/415/1 417/417/1
f 419/419/1 2396/2396/1 416/416/1
f 418/418/1 421/421/1 419/419/1
f 425/425/1 429/429/1 1391/1391/1
f 428/428/1 2397/2397/1 429/429/1
f 427/427/1 432/432/1 431/431/1
f 2398/2398/1 2399/2399/1 434/434/1
f 435/435/1 2400/2400/1 438/438/1
f 439/439/1 442/442/1 2401/2401/1
f 459/459/1 456/456/1 457/457/1
f 2402/2402/1 462/462/1 465/465/1
f 467/467/1 2403/2403/1 465/465/1
f 469/469/1 467/467/1 466/466/1
f 473/473/1 2404/2404/1 471/471/1
f 2405/2405/1 474/474/1 476/476/1
f 478/478/1 2405/2405/1 476/476/1
f 472/472/1 2406/2406/1 474/474/1
f 2407/2407/1 490/490/1 2408/2408/1
f 488/488/1 1347/1347/1 491/491/1
f 1346/1346/1 2409/2409/1 493/493/1
f 501/501/1 503/503/1 499/499/1
f 510/510/1 512/512/1 508/508/1
f 2410/2410/1 2411/2411/1 2412/2412/1
f 2412/2412/1 523/523/1 525/525/1
f 531/531/1 526/526/1 529/529/1
f 533/533/1 536/536/1 534/534/1
f 543/543/1 538/538/1 541/541/1
f 545/545/1 548/548/1 546/546/1
f 556/556/1 550/550/1 552/552/1
f 557/557/1 559/559/1 555/555/1
f 560/560/1 562/562/1 558/558/1
f 564/564/1 566/566/1 563/563/1
f 569/569/1 2413/2413/1 2414/2414/1
f 574/574/1 2415/2415/1 571/571/1
f 579/579/1 583/583/1 580/580/1
f 576/576/1 2416/2416/1 577/577/1
f 584/584/1 1308/1308/1 585/585/1
f 590/590/1 2417/2417/1 587/587/1
f 2418/2418/1 593/593/1 2419/2419/1
f 1307/1307/1 2420/2420/1 595/595/1
f 598/598/1 2421/2421/1 596/596/1
f 601/601/1 603/603/1 2422/2422/1
f 1305/1305/1 2423/2423/1 606/606/1
f 1303/1303/1 610/610/1 2424/2424/1
f 2425/2425/1 616/616/1 612/612/1
f 626/626/1 628/628/1 624/624/1
f 679/679/1 2426/2426/1 677/677/1
f 1248/1248/1 2427/2427/1 668/668/1
f 2428/2428/1 1249/1249/1 2429/2429/1
f 2430/2430/1 2431/2431/1 673/673/1
f 673/673/1 2432/2432/1 2430/2430/1
f 2433/2433/1 2430/2430/1 2434/2434/1
f 654/654/1 2434/2434/1 656/656/1
f 641/641/1 653/653/1 642/642/1
f 1253/1253/1 2435/2435/1 664/664/1
f 663/663/1 665/665/1 662/662/1
f 639/639/1 2436/2436/1 2437/2437/1
f 670/670/1 676/676/1 671/671/1
f 1236/1236/1 1235/1235/1 698/698/1
f 2438/2438/1 690/690/1 697/697/1
f 694/694/1 696/696/1 692/692/1
f 685/685/1 687/687/1 1241/1241/1
f 2439/2439/1 2440/2440/1 706/706/1
f 1232/1232/1 2441/2441/1 709/709/1
f 2442/2442/1 728/728/1 727/727/1
f 729/729/1 732/732/1 730/730/1
f 735/735/1 731/731/1 733/733/1
f 738/738/1 2443/2443/1 736/736/1
f 743/743/1 745/745/1 742/742/1
f 749/749/1 751/751/1 2444/2444/1
f 758/758/1 760/760/1 757/757/1
f 2445/2445/1 768/768/1 766/766/1
f 2446/2446/1 775/775/1 774/774/1
f 780/780/1 777/777/1 776/776/1
f 779/779/1 2447/2447/1 2448/2448/1
f 787/787/1 2448/2448/1 784/784/1
f 2449/2449/1 786/786/1 781/781/1
f 792/792/1 795/795/1 793/793/1
f 799/799/1 797/797/1 800/800/1
f 804/804/1 798/798/1 802/802/1
f 808/808/1 803/803/1 806/806/1
f 806/806/1 810/810/1 807/807/1
f 820/820/1 1096/1096/1 816/816/1
f 822/822/1 814/814/1 813/813/1
f 824/824/1 826/826/1 823/823/1
f 2450/2450/1 829/829/1 2451/2451/1
f 832/832/1 834/834/1 2452/2452/1
f 835/835/1 2453/2453/1 836/836/1
f 837/837/1 1092/1092/1 840/840/1
f 845/845/1 847/847/1 844/844/1
f 2454/2454/1 850/850/1 2455/2455/1
f 848/848/1 1089/1089/1 851/851/1
f 852/852/1 1085/1085/1 853/853/1
f 1078/1078/1 1077/1077/1 1079/1079/1
f 865/865/1 867/867/1 866/866/1
f 878/878/1 880/880/1 876/876/1
f 884/884/1 881/881/1 882/882/1
f 885/885/1 2456/2456/1 883/883/1
f 889/889/1 891/891/1 888/888/1
f 901/901/1 897/897/1 899/899/1
f 905/905/1 902/902/1 906/906/1
f 908/908/1 910/910/1 907/907/1
f 913/913/1 2457/2457/1 911/911/1
f 916/916/1 1027/1027/1 917/917/1
f 923/923/1 925/925/1 922/922/1
f 928/928/1 2458/2458/1 2459/2459/1
f 926/926/1 1024/1024/1 929/929/1
f 930/930/1 933/933/1 2460/2460/1
f 1023/1023/1 936/936/1 931/931/1
f 939/939/1 2461/2461/1 937/937/1
f 940/940/1 1008/1008/1 943/943/1
f 947/947/1 2462/2462/1 945/945/1
f 950/950/1 947/947/1 948/948/1
f 2463/2463/1 2464/2464/1 955/955/1
f 954/954/1 956/956/1 953/953/1
f 955/955/1 2465/2465/1 2463/2463/1
f 2466/2466/1 963/963/1 960/960/1
f 961/961/1 965/965/1 962/962/1
f 968/968/1 970/970/1 2467/2467/1
f 971/971/1 1004/1004/1 972/972/1
f 2468/2468/1 2463/2463/1 957/957/1
f 2057/2057/1 2469/2469/1 983/983/1
f 980/980/1 982/982/1 977/977/1
f 2470/2470/1 986/986/1 2471/2471/1
f 984/984/1 2053/2053/1 987/987/1
f 2472/2472/1 990/990/1 2473/2473/1
f 2047/2047/1 2474/2474/1 992/992/1
f 999/999/1 1001/1001/1 997/997/1
f 1011/1011/1 1012/1012/1 1009/1009/1
f 1014/1014/1 2475/2475/1 1012/1012/1
f 1016/1016/1 1020/1020/1 1017/1017/1
f 1019/1019/1 1017/1017/1 1020/1020/1
f 935/935/1 934/934/1 1021/1021/1
f 1031/1031/1 870/870/1 1029/1029/1
f 2476/2476/1 1031/1031/1 1030/1030/1
f 1033/1033/1 2477/2477/1 1034/1034/1
f 1035/1035/1 1036/1036/1 1032/1032/1
f 1040/1040/1 1038/1038/1 1037/1037/1
f 1041/1041/1 1043/1043/1 1042/1042/1
f 1045/1045/1 1042/1042/1 1043/1043/1
f 1053/1053/1 2478/2478/1 1051/1051/1
f 1055/1055/1 1061/1061/1 1058/1058/1
f 2479/2479/1 1058/1058/1 1061/1061/1
f 1061/1061/1 1062/1062/1 1059/1059/1
f 1067/1067/1 2480/2480/1 1065/1065/1
f 1069/1069/1 2481/2481/1 1071/1071/1
f 1070/1070/1 1072/1072/1 1068/1068/1
f 1073/1073/1 2482/2482/1 862/862/1
f 1076/1076/1 2483/2483/1 1077/1077/1
f 1079/1079/1 2484/2484/1 1080/1080/1
f 1082/1082/1 1084/1084/1 2485/2485/1
f 2486/2486/1 1087/1087/1 2487/2487/1
f 1085/1085/1 852/852/1 1088/1088/1
f 1089/1089/1 848/848/1 1090/1090/1
f 1092/1092/1 837/837/1 1093/1093/1
f 1101/1101/1 2488/2488/1 1098/1098/1
f 1108/1108/1 2489/2489/1 1106/1106/1
f 2489/2489/1 1102/1102/1 1106/1106/1
f 2490/2490/1 1111/1111/1 1107/1107/1
f 1113/1113/1 1110/1110/1 1114/1114/1
f 2491/2491/1 1115/1115/1 1117/1117/1
f 1119/1119/1 2491/2491/1 1117/1117/1
f 2492/2492/1 1127/1127/1 1126/1126/1
f 1128/1128/1 1130/1130/1 1129/1129/1
f 2493/2493/1 1132/1132/1 1131/1131/1
f 1133/1133/1 1137/1137/1 1134/1134/1
f 1137/1137/1 1138/1138/1 1135/1135/1
f 1139/1139/1 1142/1142/1 1141/1141/1
f 1144/1144/1 1145/1145/1 1147/1147/1
f 1149/1149/1 2494/2494/1 1146/1146/1
f 1150/1150/1 2495/2495/1 1151/1151/1
f 754/754/1 1153/1153/1 752/752/1
f 1153/1153/1 2496/2496/1 1154/1154/1
f 1159/1159/1 1161/1161/1 1158/1158/1
f 750/750/1 749/749/1 1160/1160/1
f 1153/1153/1 2497/2497/1 2496/2496/1
f 1166/1166/1 2498/2498/1 1168/1168/1
f 1172/1172/1 1170/1170/1 1169/1169/1
f 2499/2499/1 1172/1172/1 1171/1171/1
f 1177/1177/1 1175/1175/1 1174/1174/1
f 1181/1181/1 2500/2500/1 1178/1178/1
f 1185/1185/1 2501/2501/1 1183/1183/1
f 1187/1187/1 1185/1185/1 1184/1184/1
f 1194/1194/1 1192/1192/1 1191/1191/1
f 1196/1196/1 2502/2502/1 1197/1197/1
f 1200/1200/1 1202/1202/1 1198/1198/1
f 2503/2503/1 1201/1201/1 1202/1202/1
f 1202/1202/1 1205/1205/1 1204/1204/1
f 1211/1211/1 1213/1213/1 1210/1210/1
f 2504/2504/1 2505/2505/1 1214/1214/1
f 1216/1216/1 2504/2504/1 1214/1214/1
f 1220/1220/1 717/717/1 1221/1221/1
f 719/719/1 1221/1221/1 717/717/1
f 1222/1222/1 1224/1224/1 1219/1219/1
f 712/712/1 2506/2506/1 1228/1228/1
f 712/712/1 711/711/1 2506/2506/1
f 713/713/1 2507/2507/1 1231/1231/1
f 2440/2440/1 2508/2508/1 708/708/1
f 704/704/1 1234/1234/1 702/702/1
f 684/684/1 1243/1243/1 2509/2509/1
f 637/637/1 674/674/1 1244/1244/1
f 668/668/1 667/667/1 1247/1247/1
f 644/644/1 643/643/1 2428/2428/1
f 2510/2510/1 1253/1253/1 2511/2511/1
f 666/666/1 649/649/1 2512/2512/1
f 1256/1256/1 2513/2513/1 1257/1257/1
f 1259/1259/1 1262/1262/1 1260/1260/1
f 1265/1265/1 2514/2514/1 1263/1263/1
f 1266/1266/1 2515/2515/1 1264/1264/1
f 1269/1269/1 1271/1271/1 1270/1270/1
f 1273/1273/1 2516/2516/1 1271/1271/1
f 1272/1272/1 1275/1275/1 1273/1273/1
f 1287/1287/1 2517/2517/1 1288/1288/1
f 1286/1286/1 2518/2518/1 1284/1284/1
f 2518/2518/1 1283/1283/1 1284/1284/1
f 2519/2519/1 2520/2520/1 1292/1292/1
f 1277/1277/1 1294/1294/1 1278/1278/1
f 630/630/1 629/629/1 1296/1296/1
f 624/624/1 623/623/1 626/626/1
f 618/618/1 617/617/1 1299/1299/1
f 1301/1301/1 608/608/1 1302/1302/1
f 610/610/1 1304/1304/1 608/608/1
f 604/604/1 601/601/1 605/605/1
f 595/595/1 591/591/1 1306/1306/1
f 1313/1313/1 1314/1314/1 516/516/1
f 1316/1316/1 2521/2521/1 1314/1314/1
f 1319/1319/1 1317/1317/1 1318/1318/1
f 2522/2522/1 515/515/1 1319/1319/1
f 1320/1320/1 2523/2523/1 513/513/1
f 2524/2524/1 1323/1323/1 1322/1322/1
f 1325/1325/1 1326/1326/1 1324/1324/1
f 1328/1328/1 2525/2525/1 1326/1326/1
f 1329/1329/1 1331/1331/1 1330/1330/1
f 1333/1333/1 2526/2526/1 1331/1331/1
f 1338/1338/1 1334/1334/1 1335/1335/1
f 2527/2527/1 1338/1338/1 1337/1337/1
f 510/510/1 1341/1341/1 511/511/1
f 508/508/1 507/507/1 1342/1342/1
f 502/502/1 2528/2528/1 504/504/1
f 499/499/1 498/498/1 1344/1344/1
f 2529/2529/1 2530/2530/1 495/495/1
f 1347/1347/1 1348/1348/1 492/492/1
f 1357/1357/1 1355/1355/1 1353/1353/1
f 1360/1360/1 1356/1356/1 1358/1358/1
f 1365/1365/1 1361/1361/1 1362/1362/1
f 1367/1367/1 2531/2531/1 1370/1370/1
f 1368/1368/1 2532/2532/1 1364/1364/1
f 1371/1371/1 1374/1374/1 1372/1372/1
f 2533/2533/1 1381/1381/1 1380/1380/1
f 446/446/1 1383/1383/1 2533/2533/1
f 1384/1384/1 1386/1386/1 2534/2534/1
f 1387/1387/1 1389/1389/1 1388/1388/1
f 1397/1397/1 1399/1399/1 1396/1396/1
f 1400/1400/1 1402/1402/1 337/337/1
f 2382/2382/1 317/317/1 316/316/1
f 305/305/1 303/303/1 2379/2379/1
f 2378/2378/1 300/300/1 299/299/1
f 2535/2535/1 2536/2536/1 1410/1410/1
f 1414/1414/1 1415/1415/1 1413/1413/1
f 1417/1417/1 2537/2537/1 1415/1415/1
f 1421/1421/1 1418/1418/1 1422/1422/1
f 1426/1426/1 2538/2538/1 1424/1424/1
f 1428/1428/1 1431/1431/1 1430/1430/1
f 2376/2376/1 1429/1429/1 1432/1432/1
f 294/294/1 296/296/1 292/292/1
f 1439/1439/1 1437/1437/1 1440/1440/1
f 1444/1444/1 2539/2539/1 1442/1442/1
f 1447/1447/1 1449/1449/1 1445/1445/1
f 2540/2540/1 1459/1459/1 1458/1458/1
f 1451/1451/1 1454/1454/1 1452/1452/1
f 1459/1459/1 1456/1456/1 1455/1455/1
f 327/327/1 324/324/1 322/322/1
f 1446/1446/1 1464/1464/1 1463/1463/1
f 1464/1464/1 2541/2541/1 1467/1467/1
f 1468/1468/1 1471/1471/1 1466/1466/1
f 1471/1471/1 1472/1472/1 1469/1469/1
f 1476/1476/1 2542/2542/1 1475/1475/1
f 2542/2542/1 1479/1479/1 1478/1478/1
f 1479/1479/1 1480/1480/1 1482/1482/1
f 1486/1486/1 1484/1484/1 1483/1483/1
f 1490/1490/1 1485/1485/1 1488/1488/1
f 1489/1489/1 1493/1493/1 1491/1491/1
f 1496/1496/1 2543/2543/1 1495/1495/1
f 1498/1498/1 2544/2544/1 1497/1497/1
f 284/284/1 1502/1502/1 286/286/1
f 1503/1503/1 2372/2372/1 1504/1504/1
f 264/264/1 259/259/1 265/265/1
f 258/258/1 2545/2545/1 1509/1509/1
f 210/210/1 209/209/1 2546/2546/1
f 1520/1520/1 1515/1515/1 1514/1514/1
f 1526/1526/1 1519/1519/1 1522/1522/1
f 2547/2547/1 1523/1523/1 1525/1525/1
f 1527/1527/1 1525/1525/1 1524/1524/1
f 2548/2548/1 1528/1528/1 1530/1530/1
f 1536/1536/1 1531/1531/1 1534/1534/1
f 1539/1539/1 1535/1535/1 1537/1537/1
f 1544/1544/1 1540/1540/1 1541/1541/1
f 1546/1546/1 1544/1544/1 1543/1543/1
f 2549/2549/1 1549/1549/1 1548/1548/1
f 1550/1550/1 2550/2550/1 1551/1551/1
f 2551/2551/1 2552/2552/1 1559/1559/1
f 1558/1558/1 1556/1556/1 1555/1555/1
f 2553/2553/1 1561/1561/1 2554/2554/1
f 219/219/1 218/218/1 1562/1562/1
f 1563/1563/1 1565/1565/1 1517/1517/1
f 216/216/1 1568/1568/1 2555/2555/1
f 213/213/1 1569/1569/1 215/215/1
f 1571/1571/1 1511/1511/1 1572/1572/1
f 195/195/1 191/191/1 1574/1574/1
f 1576/1576/1 187/187/1 1577/1577/1
f 1582/1582/1 1586/1586/1 1585/1585/1
f 168/168/1 2556/2556/1 166/166/1
f 1593/1593/1 1592/1592/1 1590/1590/1
f 164/164/1 1595/1595/1 2358/2358/1
f 162/162/1 1596/1596/1 160/160/1
f 156/156/1 2557/2557/1 154/154/1
f 1599/1599/1 1601/1601/1 2558/2558/1
f 1605/1605/1 1607/1607/1 148/148/1
f 143/143/1 142/142/1 1609/1609/1
f 1611/1611/1 2355/2355/1 1612/1612/1
f 137/137/1 1615/1615/1 139/139/1
f 135/135/1 1619/1619/1 133/133/1
f 128/128/1 1623/1623/1 130/130/1
f 122/122/1 1626/1626/1 1624/1624/1
f 116/116/1 2559/2559/1 118/118/1
f 1628/1628/1 1630/1630/1 115/115/1
f 99/99/1 1636/1636/1 97/97/1
f 95/95/1 94/94/1 1637/1637/1
f 107/107/1 1639/1639/1 2560/2560/1
f 1650/1650/1 1646/1646/1 1647/1647/1
f 1652/1652/1 1650/1650/1 1649/1649/1
f 1659/1659/1 1653/1653/1 1657/1657/1
f 2561/2561/1 1658/1658/1 1660/1660/1
f 1670/1670/1 1668/1668/1 2562/2562/1
f 1673/1673/1 1669/1669/1 1671/1671/1
f 52/52/1 51/51/1 2563/2563/1
f 52/52/1 2563/2563/1 2341/2341/1
f 1678/1678/1 2341/2341/1 1680/1680/1
f 49/49/1 48/48/1 1681/1681/1
f 2322/2322/1 2564/2564/1 2565/2565/1
f 1686/1686/1 2566/2566/1 1683/1683/1
f 2567/2567/1 1690/1690/1 1693/1693/1
f 1701/1701/1 1702/1702/1 1700/1700/1
f 1706/1706/1 1687/1687/1 1708/1708/1
f 1715/1715/1 1716/1716/1 2568/2568/1
f 2569/2569/1 1713/1713/1 1715/1715/1
f 1712/1712/1 1705/1705/1 1707/1707/1
f 2570/2570/1 2571/2571/1 2321/2321/1
f 1720/1720/1 1717/1717/1 1721/1721/1
f 1722/1722/1 2319/2319/1 1723/1723/1
f 1730/1730/1 2315/2315/1 1731/1731/1
f 1736/1736/1 1738/1738/1 1734/1734/1
f 1739/1739/1 1741/1741/1 2572/2572/1
f 2311/2311/1 1744/1744/1 2310/2310/1
f 2309/2309/1 2305/2305/1 2573/2573/1
f 2574/2574/1 1751/1751/1 1750/1750/1
f 1755/1755/1 1749/1749/1 1753/1753/1
f 2575/2575/1 1754/1754/1 1757/1757/1
f 1765/1765/1 1763/1763/1 2576/2576/1
f 1762/1762/1 2576/2576/1 1763/1763/1
f 1769/1769/1 2577/2577/1 1770/1770/1
f 2578/2578/1 2579/2579/1 1775/1775/1
f 1776/1776/1 1778/1778/1 2579/2579/1
f 1782/1782/1 1784/1784/1 1781/1781/1
f 1785/1785/1 2580/2580/1 1786/1786/1
f 1790/1790/1 2581/2581/1 1788/1788/1
f 1793/1793/1 2582/2582/1 1791/1791/1
f 1798/1798/1 1791/1791/1 1795/1795/1
f 1800/1800/1 1798/1798/1 1797/1797/1
f 1805/1805/1 1806/1806/1 1803/1803/1
f 1815/1815/1 2583/2583/1 1813/1813/1
f 2236/2236/1 1815/1815/1 1817/1817/1
f 2227/2227/1 2226/2226/1 1822/1822/1
f 2584/2584/1 1826/1826/1 1825/1825/1
f 1829/1829/1 1830/1830/1 1832/1832/1
f 1833/1833/1 1835/1835/1 1837/1837/1
f 1839/1839/1 2585/2585/1 1836/1836/1
f 1842/1842/1 1845/1845/1 1843/1843/1
f 1850/1850/1 1846/1846/1 1847/1847/1
f 1852/1852/1 2586/2586/1 1849/1849/1
f 1855/1855/1 2587/2587/1 1853/1853/1
f 1854/1854/1 1856/1856/1 1858/1858/1
f 1862/1862/1 1859/1859/1 1857/1857/1
f 1857/1857/1 1863/1863/1 1862/1862/1
f 1867/1867/1 1868/1868/1 1874/1874/1
f 2171/2171/1 1871/1871/1 2168/2168/1
f 2588/2588/1 2589/2589/1 2590/2590/1
f 1879/1879/1 2588/2588/1 2590/2590/1
f 1885/1885/1 1880/1880/1 1883/1883/1
f 2590/2590/1 1878/1878/1 1879/1879/1
f 2591/2591/1 1886/1886/1 1889/1889/1
f 2165/2165/1 1888/1888/1 1890/1890/1
f 2592/2592/1 1897/1897/1 1896/1896/1
f 1902/1902/1 1899/1899/1 1898/1898/1
f 1904/1904/1 1902/1902/1 1901/1901/1
f 1901/1901/1 1905/1905/1 1904/1904/1
f 1909/1909/1 2148/2148/1 1907/1907/1
f 1912/1912/1 2593/2593/1 1910/1910/1
f 1911/1911/1 1913/1913/1 1912/1912/1
f 2594/2594/1 2595/2595/1 2596/2596/1
f 1921/1921/1 1917/1917/1 1922/1922/1
f 1924/1924/1 2596/2596/1 1923/1923/1
f 1928/1928/1 1930/1930/1 1925/1925/1
f 1936/1936/1 1932/1932/1 2139/2139/1
f 1935/1935/1 1933/1933/1 1932/1932/1
f 2597/2597/1 1942/1942/1 2598/2598/1
f 2599/2599/1 2600/2600/1 1944/1944/1
f 1948/1948/1 1950/1950/1 2601/2601/1
f 1951/1951/1 1955/1955/1 1952/1952/1
f 2135/2135/1 1958/1958/1 1957/1957/1
f 1958/1958/1 2131/2131/1 1959/1959/1
f 1963/1963/1 1965/1965/1 1961/1961/1
f 1969/1969/1 2602/2602/1 1970/1970/1
f 1972/1972/1 1974/1974/1 2126/2126/1
f 2124/2124/1 2603/2603/1 1976/1976/1
f 1978/1978/1 1980/1980/1 2121/2121/1
f 2118/2118/1 1987/1987/1 1985/1985/1
f 1993/1993/1 1995/1995/1 1992/1992/1
f 1999/1999/1 2001/2001/1 1997/1997/1
f 2110/2110/1 2604/2604/1 2003/2003/1
f 2605/2605/1 2010/2010/1 2606/2606/1
f 2023/2023/1 2607/2607/1 2608/2608/1
f 2024/2024/1 2609/2609/1 2022/2022/1
f 2034/2034/1 2030/2030/1 2032/2032/1
f 2038/2038/1 2039/2039/1 2037/2037/1
f 2040/2040/1 2043/2043/1 2042/2042/1
f 2049/2049/1 2610/2610/1 996/996/1
f 2049/2049/1 2051/2051/1 2610/2610/1
f 2053/2053/1 984/984/1 2054/2054/1
f 983/983/1 980/980/1 2056/2056/1
f 2058/2058/1 2060/2060/1 1003/1003/1
f 2042/2042/1 2611/2611/1 2040/2040/1
f 2064/2064/1 2612/2612/1 2062/2062/1
f 2068/2068/1 2065/2065/1 2613/2613/1
f 2077/2077/1 2069/2069/1 2072/2072/1
f 2614/2614/1 2072/2072/1 2069/2069/1
f 2079/2079/1 2615/2615/1 2078/2078/1
f 2089/2089/1 2616/2616/1 2084/2084/1
f 2087/2087/1 2082/2082/1 2086/2086/1
f 2084/2084/1 2091/2091/1 2089/2089/1
f 2617/2617/1 2094/2094/1 2011/2011/1
f 2009/2009/1 2618/2618/1 2100/2100/1
f 2096/2096/1 2102/2102/1 2098/2098/1
f 2101/2101/1 2098/2098/1 2102/2102/1
f 2619/2619/1 2110/2110/1 2620/2620/1
f 2619/2619/1 2620/2620/1 2621/2621/1
f 2107/2107/1 2621/2621/1 2109/2109/1
f 2622/2622/1 2112/2112/1 2623/2623/1
f 1997/1997/1 2114/2114/1 1999/1999/1
f 2117/2117/1 1990/1990/1 1988/1988/1
f 2624/2624/1 1982/1982/1 2119/2119/1
f 2603/2603/1 2124/2124/1 2122/2122/1
f 2602/2602/1 1969/1969/1 2127/2127/1
f 1961/1961/1 1960/1960/1 2130/2130/1
f 1947/1947/1 2599/2599/1 1945/1945/1
f 1938/1938/1 1937/1937/1 2625/2625/1
f 2148/2148/1 2146/2146/1 2145/2145/1
f 2626/2626/1 2152/2152/1 2153/2153/1
f 2156/2156/1 2157/2157/1 2154/2154/1
f 2164/2164/1 2627/2627/1 2161/2161/1
f 2628/2628/1 1892/1892/1 2629/2629/1
f 1887/1887/1 1890/1890/1 1888/1888/1
f 1866/1866/1 1879/1879/1 1877/1877/1
f 2169/2169/1 2170/2170/1 2168/2168/1
f 2176/2176/1 2630/2630/1 2174/2174/1
f 2179/2179/1 2174/2174/1 2177/2177/1
f 2185/2185/1 2183/2183/1 2186/2186/1
f 2631/2631/1 2187/2187/1 2188/2188/1
f 2193/2193/1 2190/2190/1 2189/2189/1
f 2189/2189/1 2191/2191/1 2193/2193/1
f 2196/2196/1 2632/2632/1 2197/2197/1
f 2204/2204/1 2208/2208/1 2202/2202/1
f 2201/2201/1 2205/2205/1 2198/2198/1
f 2206/2206/1 2198/2198/1 2205/2205/1
f 2633/2633/1 2213/2213/1 2212/2212/1
f 2220/2220/1 2634/2634/1 2221/2221/1
f 2225/2225/1 2216/2216/1 2218/2218/1
f 2222/2222/1 2225/2225/1 2223/2223/1
f 2226/2226/1 2228/2228/1 2232/2232/1
f 2635/2635/1 2221/2221/1 2634/2634/1
f 1820/1820/1 2238/2238/1 1818/1818/1
f 1799/1799/1 2240/2240/1 1801/1801/1
f 2246/2246/1 2244/2244/1 2243/2243/1
f 2244/2244/1 2249/2249/1 2242/2242/1
f 2255/2255/1 2259/2259/1 2256/2256/1
f 2256/2256/1 2254/2254/1 2251/2251/1
f 2259/2259/1 2261/2261/1 2257/2257/1
f 2636/2636/1 2265/2265/1 2262/2262/1
f 2269/2269/1 2267/2267/1 2270/2270/1
f 2270/2270/1 2271/2271/1 2268/2268/1
f 2272/2272/1 2637/2637/1 2273/2273/1
f 2278/2278/1 2274/2274/1 2276/2276/1
f 2277/2277/1 2281/2281/1 2280/2280/1
f 2283/2283/1 2285/2285/1 2282/2282/1
f 2283/2283/1 2638/2638/1 2287/2287/1
f 2580/2580/1 1785/1785/1 2292/2292/1
f 2295/2295/1 2639/2639/1 2296/2296/1
f 2640/2640/1 2641/2641/1 2304/2304/1
f 2573/2573/1 2303/2303/1 2309/2309/1
f 2308/2308/1 2306/2306/1 2305/2305/1
f 2642/2642/1 2296/2296/1 2639/2639/1
f 2643/2643/1 2644/2644/1 2645/2645/1
f 1737/1737/1 1736/1736/1 2646/2646/1
f 1735/1735/1 2316/2316/1 2647/2647/1
f 1728/1728/1 1727/1727/1 2317/2317/1
f 2648/2648/1 2320/2320/1 2649/2649/1
f 2321/2321/1 2323/2323/1 2570/2570/1
f 2325/2325/1 1719/1719/1 2326/2326/1
f 2650/2650/1 2328/2328/1 2324/2324/1
f 2328/2328/1 2329/2329/1 2331/2331/1
f 2651/2651/1 3/3/1 2333/2333/1
f 10/10/1 8/8/1 11/11/1
f 15/15/1 2334/2334/1 13/13/1
f 24/24/1 22/22/1 21/21/1
f 27/27/1 2336/2336/1 2335/2335/1
f 2652/2652/1 2335/2335/1 2336/2336/1
f 31/31/1 2653/2653/1 38/38/1
f 44/44/1 46/46/1 2340/2340/1
f 2341/2341/1 1678/1678/1 2342/2342/1
f 56/56/1 59/59/1 58/58/1
f 59/59/1 60/60/1 57/57/1
f 2654/2654/1 70/70/1 69/69/1
f 75/75/1 2654/2654/1 69/69/1
f 85/85/1 78/78/1 80/80/1
f 2347/2347/1 2344/2344/1 2345/2345/1
f 1639/1639/1 107/107/1 2349/2349/1
f 89/89/1 92/92/1 2655/2655/1
f 100/100/1 102/102/1 2656/2656/1
f 115/115/1 117/117/1 1628/1628/1
f 1631/1631/1 114/114/1 2352/2352/1
f 1621/1621/1 1620/1620/1 131/131/1
f 133/133/1 1616/1616/1 134/134/1
f 1610/1610/1 2657/2657/1 143/143/1
f 1606/1606/1 1605/1605/1 2658/2658/1
f 157/157/1 162/162/1 158/158/1
f 2361/2361/1 2659/2659/1 176/176/1
f 2660/2660/1 193/193/1 180/180/1
f 183/183/1 2362/2362/1 185/185/1
f 1578/1578/1 181/181/1 1576/1576/1
f 2661/2661/1 174/174/1 173/173/1
f 209/209/1 211/211/1 2367/2367/1
f 2662/2662/1 231/231/1 230/230/1
f 242/242/1 2663/2663/1 238/238/1
f 244/244/1 242/242/1 241/241/1
f 255/255/1 258/258/1 256/256/1
f 1510/1510/1 261/261/1 1508/1508/1
f 269/269/1 2664/2664/1 267/267/1
f 2664/2664/1 266/266/1 267/267/1
f 2372/2372/1 1503/1503/1 2373/2373/1
f 286/286/1 288/288/1 284/284/1
f 1412/1412/1 2535/2535/1 1410/1410/1
f 1409/1409/1 2378/2378/1 1408/1408/1
f 2379/2379/1 306/306/1 305/305/1
f 313/313/1 2381/2381/1 1404/1404/1
f 319/319/1 315/315/1 317/317/1
f 322/322/1 325/325/1 327/327/1
f 336/336/1 2665/2665/1 334/334/1
f 350/350/1 348/348/1 2390/2390/1
f 356/356/1 352/352/1 353/353/1
f 358/358/1 2391/2391/1 355/355/1
f 363/363/1 361/361/1 360/360/1
f 367/367/1 370/370/1 368/368/1
f 2394/2394/1 380/380/1 377/377/1
f 382/382/1 2666/2666/1 380/380/1
f 389/389/1 387/387/1 386/386/1
f 395/395/1 391/391/1 393/393/1
f 412/412/1 405/405/1 2667/2667/1
f 407/407/1 402/402/1 408/408/1
f 400/400/1 408/408/1 402/402/1
f 398/398/1 394/394/1 414/414/1
f 2396/2396/1 417/417/1 416/416/1
f 2397/2397/1 1390/1390/1 429/429/1
f 2398/2398/1 437/437/1 2399/2399/1
f 2668/2668/1 2401/2401/1 2669/2669/1
f 455/455/1 457/457/1 456/456/1
f 463/463/1 464/464/1 462/462/1
f 2403/2403/1 2402/2402/1 465/465/1
f 2406/2406/1 476/476/1 474/474/1
f 479/479/1 2670/2670/1 480/480/1
f 492/492/1 494/494/1 1347/1347/1
f 2671/2671/1 2529/2529/1 2409/2409/1
f 498/498/1 500/500/1 496/496/1
f 507/507/1 509/509/1 505/505/1
f 2672/2672/1 2412/2412/1 2411/2411/1
f 524/524/1 528/528/1 526/526/1
f 535/535/1 530/530/1 533/533/1
f 537/537/1 540/540/1 538/538/1
f 547/547/1 542/542/1 545/545/1
f 551/551/1 2673/2673/1 553/553/1
f 2673/2673/1 2674/2674/1 553/553/1
f 567/567/1 2675/2675/1 570/570/1
f 2416/2416/1 572/572/1 1310/1310/1
f 2417/2417/1 2676/2676/1 2677/2677/1
f 2418/2418/1 2419/2419/1 588/588/1
f 599/599/1 2422/2422/1 600/600/1
f 1303/1303/1 2424/2424/1 2423/2423/1
f 617/617/1 619/619/1 615/615/1
f 629/629/1 631/631/1 627/627/1
f 2678/2678/1 640/640/1 639/639/1
f 667/667/1 669/669/1 1249/1249/1
f 2679/2679/1 2680/2680/1 2510/2510/1
f 652/652/1 642/642/1 653/653/1
f 673/673/1 657/657/1 2432/2432/1
f 2512/2512/1 660/660/1 666/666/1
f 1253/1253/1 2510/2510/1 2435/2435/1
f 678/678/1 2681/2681/1 2682/2682/1
f 2509/2509/1 1241/1241/1 2683/2683/1
f 691/691/1 693/693/1 2684/2684/1
f 1237/1237/1 701/701/1 1235/1235/1
f 708/708/1 710/710/1 2440/2440/1
f 730/730/1 726/726/1 728/728/1
f 764/764/1 2445/2445/1 766/766/1
f 770/770/1 2446/2446/1 774/774/1
f 776/776/1 778/778/1 780/780/1
f 783/783/1 2449/2449/1 781/781/1
f 2447/2447/1 784/784/1 2448/2448/1
f 793/793/1 2685/2685/1 790/790/1
f 800/800/1 801/801/1 798/798/1
f 802/802/1 805/805/1 803/803/1
f 2686/2686/1 2687/2687/1 825/825/1
f 816/816/1 819/819/1 820/820/1
f 2688/2688/1 839/839/1 2453/2453/1
f 2450/2450/1 2451/2451/1 2687/2687/1
f 841/841/1 843/843/1 2689/2689/1
f 1091/1091/1 854/854/1 1089/1089/1
f 2456/2456/1 887/887/1 883/883/1
f 893/893/1 890/890/1 891/891/1
f 896/896/1 899/899/1 898/898/1
f 903/903/1 906/906/1 902/902/1
f 921/921/1 915/915/1 919/919/1
f 2459/2459/1 2458/2458/1 924/924/1
f 2690/2690/1 2460/2460/1 2691/2691/1
f 943/943/1 941/941/1 940/940/1
f 2462/2462/1 942/942/1 945/945/1
f 2463/2463/1 2468/2468/1 2464/2464/1
f 957/957/1 959/959/1 2468/2468/1
f 966/966/1 1006/1006/1 967/967/1
f 2692/2692/1 975/975/1 2693/2693/1
f 978/978/1 2694/2694/1 979/979/1
f 2055/2055/1 2695/2695/1 2053/2053/1
f 2472/2472/1 2473/2473/1 2695/2695/1
f 996/996/1 998/998/1 2049/2049/1
f 2696/2696/1 1014/1014/1 1013/1013/1
f 1022/1022/1 1018/1018/1 2697/2697/1
f 936/936/1 1023/1023/1 934/934/1
f 2698/2698/1 1034/1034/1 2477/2477/1
f 1042/1042/1 2699/2699/1 1039/1039/1
f 1052/1052/1 1054/1054/1 1053/1053/1
f 1060/1060/1 2479/2479/1 1061/1061/1
f 2480/2480/1 1064/1064/1 1063/1063/1
f 2482/2482/1 1068/1068/1 862/862/1
f 2483/2483/1 2700/2700/1 2701/2701/1
f 1082/1082/1 2485/2485/1 858/858/1
f 2486/2486/1 2487/2487/1 855/855/1
f 1100/1100/1 811/811/1 810/810/1
f 1106/1106/1 1109/1109/1 1108/1108/1
f 1114/1114/1 2702/2702/1 1112/1112/1
f 1121/1121/1 1119/1119/1 2703/2703/1
f 1132/1132/1 1129/1129/1 1130/1130/1
f 1136/1136/1 1134/1134/1 1137/1137/1
f 1147/1147/1 1143/1143/1 1144/1144/1
f 2494/2494/1 1147/1147/1 1146/1146/1
f 2497/2497/1 2704/2704/1 2705/2705/1
f 1155/1155/1 1157/1157/1 2705/2705/1
f 2705/2705/1 2496/2496/1 2497/2497/1
f 2498/2498/1 1169/1169/1 1168/1168/1
f 1171/1171/1 1173/1173/1 1175/1175/1
f 2501/2501/1 1182/1182/1 1183/1183/1
f 734/734/1 1189/1189/1 1188/1188/1
f 1191/1191/1 1197/1197/1 2502/2502/1
f 1197/1197/1 1199/1199/1 1195/1195/1
f 1205/1205/1 2706/2706/1 1206/1206/1
f 2707/2707/1 1214/1214/1 2505/2505/1
f 715/715/1 1227/1227/1 2708/2708/1
f 716/716/1 1229/1229/1 714/714/1
f 1219/1219/1 1221/1221/1 1222/1222/1
f 701/701/1 1237/1237/1 699/699/1
f 1241/1241/1 2509/2509/1 1242/1242/1
f 2709/2709/1 635/635/1 2710/2710/1
f 672/672/1 1248/1248/1 1246/1246/1
f 664/664/1 663/663/1 1252/1252/1
f 1263/1263/1 1266/1266/1 1265/1265/1
f 2516/2516/1 1270/1270/1 1271/1271/1
f 1289/1289/1 1291/1291/1 2517/2517/1
f 2519/2519/1 1279/1279/1 2520/2520/1
f 633/633/1 632/632/1 1295/1295/1
f 616/616/1 2425/2425/1 614/614/1
f 612/612/1 611/611/1 2711/2711/1
f 1315/1315/1 1318/1318/1 1316/1316/1
f 1318/1318/1 2522/2522/1 1319/1319/1
f 2523/2523/1 2524/2524/1 1322/1322/1
f 2525/2525/1 1324/1324/1 1326/1326/1
f 1332/1332/1 1335/1335/1 1333/1333/1
f 505/505/1 1343/1343/1 507/507/1
f 2529/2529/1 2671/2671/1 2530/2530/1
f 1353/1353/1 2712/2712/1 1357/1357/1
f 1362/1362/1 1363/1363/1 1365/1365/1
f 2532/2532/1 1366/1366/1 1364/1364/1
f 1374/1374/1 2713/2713/1 2714/2714/1
f 1384/1384/1 2534/2534/1 445/445/1
f 440/440/1 439/439/1 443/443/1
f 1399/1399/1 2715/2715/1 2389/2389/1
f 1402/1402/1 2716/2716/1 2388/2388/1
f 2380/2380/1 309/309/1 308/308/1
f 2536/2536/1 2377/2377/1 291/291/1
f 1411/1411/1 1414/1414/1 1412/1412/1
f 1416/1416/1 1419/1419/1 1417/1417/1
f 1422/1422/1 1423/1423/1 1420/1420/1
f 1430/1430/1 1427/1427/1 1428/1428/1
f 1436/1436/1 1440/1440/1 1437/1437/1
f 2539/2539/1 1438/1438/1 1442/1442/1
f 1443/1443/1 2540/2540/1 1458/1458/1
f 2717/2717/1 1448/1448/1 1449/1449/1
f 1449/1449/1 1450/1450/1 2717/2717/1
f 1467/1467/1 1462/1462/1 1464/1464/1
f 1473/1473/1 1476/1476/1 1474/1474/1
f 1482/1482/1 1477/1477/1 1479/1479/1
f 1483/1483/1 1487/1487/1 1485/1485/1
f 1494/1494/1 1496/1496/1 1491/1491/1
f 1514/1514/1 2718/2718/1 1520/1520/1
f 1530/1530/1 2547/2547/1 2548/2548/1
f 1525/1525/1 2548/2548/1 2547/2547/1
f 1529/1529/1 1533/1533/1 1531/1531/1
f 1543/1543/1 2719/2719/1 1545/1545/1
f 1556/1556/1 1552/1552/1 1554/1554/1
f 2553/2553/1 2554/2554/1 2552/2552/1
f 2720/2720/1 2721/2721/1 1566/1566/1
f 2722/2722/1 1572/1572/1 1511/1511/1
f 181/181/1 1578/1578/1 179/179/1
f 1591/1591/1 2723/2723/1 1589/1589/1
f 168/168/1 2358/2358/1 2556/2556/1
f 159/159/1 1597/1597/1 157/157/1
f 1602/1602/1 1603/1603/1 1600/1600/1
f 2657/2657/1 1610/1610/1 145/145/1
f 140/140/1 1614/1614/1 2355/2355/1
f 1620/1620/1 1622/1622/1 1618/1618/1
f 125/125/1 124/124/1 127/127/1
f 116/116/1 115/115/1 2559/2559/1
f 2350/2350/1 1638/1638/1 2724/2724/1
f 1647/1647/1 1648/1648/1 1650/1650/1
f 1655/1655/1 1656/1656/1 1653/1653/1
f 1667/1667/1 2562/2562/1 1668/1668/1
f 1674/1674/1 1677/1677/1 1672/1672/1
f 1676/1676/1 1672/1672/1 1677/1677/1
f 1691/1691/1 1683/1683/1 2566/2566/1
f 1704/1704/1 1700/1700/1 1702/1702/1
f 1708/1708/1 1707/1707/1 1706/1706/1
f 2568/2568/1 2569/2569/1 1715/1715/1
f 1711/1711/1 1714/1714/1 1712/1712/1
f 2320/2320/1 2648/2648/1 2319/2319/1
f 2317/2317/1 1732/1732/1 1728/1728/1
f 2314/2314/1 2572/2572/1 2312/2312/1
f 2299/2299/1 2310/2310/1 2297/2297/1
f 1759/1759/1 2575/2575/1 1757/1757/1
f 1758/1758/1 1762/1762/1 1759/1759/1
f 2577/2577/1 2725/2725/1 1770/1770/1
f 2726/2726/1 1774/1774/1 2727/2727/1
f 2292/2292/1 2289/2289/1 2580/2580/1
f 1789/1789/1 2247/2247/1 1790/1790/1
f 2582/2582/1 1794/1794/1 1791/1791/1
f 1802/1802/1 1800/1800/1 1799/1799/1
f 2241/2241/1 2239/2239/1 1804/1804/1
f 1832/1832/1 1827/1827/1 1829/1829/1
f 1837/1837/1 2728/2728/1 1833/1833/1
f 1838/1838/1 2729/2729/1 1840/1840/1
f 2586/2586/1 1850/1850/1 1849/1849/1
f 1858/1858/1 1855/1855/1 1854/1854/1
f 1860/1860/1 1858/1858/1 1857/1857/1
f 1876/1876/1 1867/1867/1 1866/1866/1
f 2167/2167/1 1884/1884/1 1883/1883/1
f 1881/1881/1 2730/2730/1 1882/1882/1
f 1889/1889/1 2731/2731/1 2591/2591/1
f 1898/1898/1 1900/1900/1 1902/1902/1
f 2593/2593/1 2141/2141/1 2142/2142/1
f 2142/2142/1 1910/1910/1 2593/2593/1
f 1926/1926/1 2732/2732/1 1927/1927/1
f 1919/1919/1 1922/1922/1 1917/1917/1
f 1933/1933/1 2140/2140/1 1931/1931/1
f 1937/1937/1 1939/1939/1 1936/1936/1
f 2597/2597/1 2598/2598/1 2733/2733/1
f 1948/1948/1 2601/2601/1 1946/1946/1
f 1960/1960/1 1962/1962/1 2131/2131/1
f 2734/2734/1 1971/1971/1 2735/2735/1
f 1975/1975/1 1977/1977/1 1973/1973/1
f 1981/1981/1 1983/1983/1 1979/1979/1
f 1989/1989/1 1985/1985/1 1987/1987/1
f 1996/1996/1 1998/1998/1 1994/1994/1
f 2110/2110/1 2619/2619/1 2604/2604/1
f 2607/2607/1 2064/2064/1 2608/2608/1
f 2736/2736/1 2613/2613/1 2065/2065/1
f 2036/2036/1 2034/2034/1 2033/2033/1
f 997/997/1 996/996/1 2737/2737/1
f 2469/2469/1 2057/2057/1 2470/2470/1
f 2609/2609/1 2066/2066/1 2022/2022/1
f 2612/2612/1 2076/2076/1 2062/2062/1
f 2073/2073/1 2078/2078/1 2074/2074/1
f 2615/2615/1 2074/2074/1 2078/2078/1
f 2616/2616/1 2085/2085/1 2084/2084/1
f 2008/2008/1 2618/2618/1 2009/2009/1
f 2099/2099/1 2738/2738/1 2096/2096/1
f 2103/2103/1 2009/2009/1 2100/2100/1
f 2006/2006/1 2005/2005/1 2739/2739/1
f 2006/2006/1 2739/2739/1 2605/2605/1
f 2097/2097/1 2740/2740/1 2741/2741/1
f 1994/1994/1 2115/2115/1 1996/1996/1
f 2119/2119/1 2742/2742/1 2624/2624/1
f 1973/1973/1 2125/2125/1 1975/1975/1
f 1971/1971/1 2734/2734/1 1969/1969/1
f 1964/1964/1 1963/1963/1 2743/2743/1
f 1869/1869/1 2169/2169/1 1870/1870/1
f 2182/2182/1 2186/2186/1 2183/2183/1
f 2190/2190/1 2631/2631/1 2188/2188/1
f 2210/2210/1 2207/2207/1 2209/2209/1
f 2208/2208/1 2209/2209/1 2207/2207/1
f 2199/2199/1 2633/2633/1 2212/2212/1
f 2215/2215/1 2635/2635/1 2214/2214/1
f 2223/2223/1 2219/2219/1 2221/2221/1
f 1822/1822/1 1821/1821/1 2227/2227/1
f 2634/2634/1 2744/2744/1 2635/2635/1
f 2581/2581/1 1793/1793/1 1788/1788/1
f 2745/2745/1 2245/2245/1 2253/2253/1
f 2746/2746/1 2253/2253/1 2245/2245/1
f 2258/2258/1 2256/2256/1 2259/2259/1
f 2267/2267/1 2264/2264/1 2265/2265/1
f 2275/2275/1 2273/2273/1 2637/2637/1
f 2747/2747/1 2278/2278/1 2277/2277/1
f 2289/2289/1 2291/2291/1 2638/2638/1
f 1744/1744/1 2311/2311/1 1742/1742/1
f 2306/2306/1 2640/2640/1 2304/2304/1
f 2644/2644/1 2294/2294/1 2645/2645/1
f 2748/2748/1 1748/1748/1 2643/2643/1
f 1724/1724/1 2749/2749/1 1722/1722/1
f 2326/2326/1 2650/2650/1 2324/2324/1
f 8/8/1 5/5/1 6/6/1
f 14/14/1 17/17/1 15/15/1
f 28/28/1 23/23/1 26/26/1
f 31/31/1 2338/2338/1 2653/2653/1
f 64/64/1 2750/2750/1 62/62/1
f 2346/2346/1 67/67/1 66/66/1
f 66/66/1 2347/2347/1 2346/2346/1
f 2348/2348/1 1642/1642/1 1641/1641/1
f 2724/2724/1 2656/2656/1 2350/2350/1
f 118/118/1 120/120/1 116/116/1
f 1618/1618/1 2354/2354/1 1620/1620/1
f 1613/1613/1 2357/2357/1 1611/1611/1
f 2558/2558/1 153/153/1 2751/2751/1
f 2557/2557/1 156/156/1 152/152/1
f 175/175/1 176/176/1 2659/2659/1
f 178/178/1 2360/2360/1 176/176/1
f 2659/2659/1 172/172/1 175/175/1
f 2364/2364/1 2368/2368/1 2365/2365/1
f 233/233/1 229/229/1 234/234/1
f 241/241/1 245/245/1 244/244/1
f 2545/2545/1 1510/1510/1 1509/1509/1
f 1507/1507/1 278/278/1 273/273/1
f 1505/1505/1 2374/2374/1 1503/1503/1
f 291/291/1 2752/2752/1 2536/2536/1
f 306/306/1 1406/1406/1 1405/1405/1
f 332/332/1 328/328/1 1465/1465/1
f 2387/2387/1 2388/2388/1 2716/2716/1
f 2390/2390/1 351/351/1 350/350/1
f 361/361/1 358/358/1 359/359/1
f 2393/2393/1 365/365/1 366/366/1
f 375/375/1 379/379/1 376/376/1
f 397/397/1 399/399/1 401/401/1
f 404/404/1 2667/2667/1 405/405/1
f 417/417/1 411/411/1 413/413/1
f 431/431/1 2753/2753/1 427/427/1
f 2668/2668/1 2669/2669/1 2400/2400/1
f 461/461/1 459/459/1 458/458/1
f 458/458/1 463/463/1 460/460/1
f 481/481/1 483/483/1 2670/2670/1
f 2407/2407/1 2408/2408/1 486/486/1
f 2754/2754/1 2672/2672/1 2411/2411/1
f 527/527/1 525/525/1 524/524/1
f 541/541/1 544/544/1 542/542/1
f 549/549/1 553/553/1 1312/1312/1
f 2755/2755/1 2415/2415/1 2675/2675/1
f 2676/2676/1 1308/1308/1 2677/2677/1
f 605/605/1 607/607/1 604/604/1
f 620/620/1 625/625/1 621/621/1
f 1248/1248/1 672/672/1 2427/2427/1
f 2430/2430/1 2433/2433/1 2431/2431/1
f 2434/2434/1 654/654/1 2433/2433/1
f 2679/2679/1 645/645/1 2680/2680/1
f 2682/2682/1 1254/1254/1 678/678/1
f 2509/2509/1 2683/2683/1 684/684/1
f 1240/1240/1 2684/2684/1 686/686/1
f 1234/1234/1 704/704/1 700/700/1
f 768/768/1 769/769/1 771/771/1
f 777/777/1 773/773/1 775/775/1
f 791/791/1 783/783/1 782/782/1
f 797/797/1 794/794/1 795/795/1
f 796/796/1 800/800/1 797/797/1
f 829/829/1 2450/2450/1 827/827/1
f 832/832/1 2452/2452/1 831/831/1
f 2454/2454/1 2455/2455/1 846/846/1
f 887/887/1 889/889/1 886/886/1
f 898/898/1 892/892/1 896/896/1
f 900/900/1 903/903/1 901/901/1
f 923/923/1 2756/2756/1 924/924/1
f 2690/2690/1 2691/2691/1 1024/1024/1
f 941/941/1 939/939/1 938/938/1
f 2692/2692/1 2693/2693/1 1004/1004/1
f 968/968/1 2467/2467/1 1006/1006/1
f 2470/2470/1 2471/2471/1 2469/2469/1
f 2047/2047/1 995/995/1 2474/2474/1
f 2050/2050/1 2049/2049/1 994/994/1
f 1013/1013/1 2757/2757/1 2696/2696/1
f 1022/1022/1 2758/2758/1 935/935/1
f 1030/1030/1 2698/2698/1 2477/2477/1
f 1044/1044/1 1048/1048/1 1047/1047/1
f 2478/2478/1 1049/1049/1 1051/1051/1
f 1056/1056/1 1053/1053/1 1054/1054/1
f 863/863/1 2701/2701/1 2700/2700/1
f 2759/2759/1 1077/1077/1 2483/2483/1
f 1109/1109/1 2490/2490/1 1107/1107/1
f 1111/1111/1 1114/1114/1 1110/1110/1
f 2703/2703/1 1122/1122/1 1121/1121/1
f 1129/1129/1 2492/2492/1 1126/1126/1
f 1141/1141/1 1135/1135/1 1139/1139/1
f 1142/1142/1 1144/1144/1 1140/1140/1
f 2760/2760/1 1163/1163/1 2761/2761/1
f 2444/2444/1 2761/2761/1 749/749/1
f 2762/2762/1 1176/1176/1 1178/1178/1
f 2500/2500/1 2762/2762/1 1178/1178/1
f 1204/1204/1 2503/2503/1 1202/1202/1
f 1207/1207/1 1209/1209/1 1206/1206/1
f 2763/2763/1 2708/2708/1 1225/1225/1
f 2441/2441/1 1232/1232/1 2507/2507/1
f 703/703/1 1233/1233/1 705/705/1
f 686/686/1 685/685/1 1239/1239/1
f 2709/2709/1 2710/2710/1 680/680/1
f 2510/2510/1 2511/2511/1 2679/2679/1
f 2515/2515/1 1268/1268/1 1264/1264/1
f 1270/1270/1 1267/1267/1 1268/1268/1
f 1282/1282/1 1284/1284/1 1283/1283/1
f 627/627/1 626/626/1 1297/1297/1
f 612/612/1 2711/2711/1 2425/2425/1
f 1322/1322/1 2764/2764/1 2523/2523/1
f 1335/1335/1 1336/1336/1 1338/1338/1
f 1339/1339/1 511/511/1 1340/1340/1
f 496/496/1 1345/1345/1 498/498/1
f 1359/1359/1 1362/1362/1 1360/1360/1
f 1379/1379/1 2765/2765/1 1376/1376/1
f 2715/2715/1 339/339/1 2389/2389/1
f 303/303/1 1407/1407/1 301/301/1
f 1419/1419/1 1422/1422/1 1418/1418/1
f 1431/1431/1 2375/2375/1 1429/1429/1
f 1437/1437/1 295/295/1 296/296/1
f 1458/1458/1 1444/1444/1 1443/1443/1
f 1452/1452/1 2717/2717/1 1450/1450/1
f 2541/2541/1 1468/1468/1 1467/1467/1
f 1478/1478/1 1475/1475/1 2542/2542/1
f 2543/2543/1 1498/1498/1 1495/1495/1
f 1548/1548/1 1545/1545/1 2719/2719/1
f 2718/2718/1 1521/1521/1 1520/1520/1
f 1551/1551/1 1547/1547/1 1549/1549/1
f 1553/1553/1 1551/1551/1 2550/2550/1
f 2720/2720/1 2555/2555/1 2721/2721/1
f 2723/2723/1 1587/1587/1 1589/1589/1
f 165/165/1 160/160/1 163/163/1
f 146/146/1 1608/1608/1 1606/1606/1
f 1616/1616/1 1617/1617/1 136/136/1
f 126/126/1 1625/1625/1 124/124/1
f 107/107/1 2560/2560/1 94/94/1
f 2562/2562/1 1671/1671/1 1670/1670/1
f 2766/2766/1 1674/1674/1 1673/1673/1
f 2566/2566/1 1692/1692/1 1691/1691/1
f 1710/1710/1 1704/1704/1 1703/1703/1
f 1703/1703/1 2568/2568/1 1716/1716/1
f 1727/1727/1 1729/1729/1 2648/2648/1
f 2646/2646/1 2312/2312/1 1737/1737/1
f 1753/1753/1 1756/1756/1 1754/1754/1
f 1773/1773/1 2727/2727/1 1774/1774/1
f 1795/1795/1 1796/1796/1 1798/1798/1
f 2728/2728/1 1834/1834/1 1833/1833/1
f 2585/2585/1 1837/1837/1 1836/1836/1
f 1847/1847/1 1848/1848/1 1850/1850/1
f 2587/2587/1 2767/2767/1 1853/1853/1
f 2589/2589/1 1882/1882/1 2730/2730/1
f 2731/2731/1 2167/2167/1 2591/2591/1
f 1899/1899/1 2592/2592/1 1896/1896/1
f 2768/2768/1 1927/1927/1 2732/2732/1
f 2732/2732/1 2769/2769/1 2768/2768/1
f 2770/2770/1 2733/2733/1 1938/1938/1
f 2599/2599/1 1947/1947/1 2600/2600/1
f 1957/1957/1 2133/2133/1 2135/2135/1
f 2771/2771/1 2735/2735/1 1967/1967/1
f 1992/1992/1 1991/1991/1 1993/1993/1
f 2067/2067/1 2736/2736/1 2065/2065/1
f 997/997/1 2737/2737/1 999/999/1
f 986/986/1 2470/2470/1 984/984/1
f 2071/2071/1 2614/2614/1 2069/2069/1
f 2076/2076/1 2071/2071/1 2070/2070/1
f 2082/2082/1 2014/2014/1 2080/2080/1
f 2738/2738/1 2097/2097/1 2096/2096/1
f 2004/2004/1 2772/2772/1 2002/2002/1
f 2010/2010/1 2605/2605/1 2008/2008/1
f 2742/2742/1 1984/1984/1 2624/2624/1
f 1964/1964/1 2743/2743/1 1966/1966/1
f 2186/2186/1 2188/2188/1 2184/2184/1
f 2212/2212/1 2200/2200/1 2199/2199/1
f 2197/2197/1 2210/2210/1 2195/2195/1
f 2233/2233/1 2218/2218/1 2217/2217/1
f 2234/2234/1 2235/2235/1 1821/1821/1
f 2249/2249/1 2773/2773/1 2247/2247/1
f 2261/2261/1 2263/2263/1 2260/2260/1
f 2266/2266/1 2270/2270/1 2267/2267/1
f 2273/2273/1 2268/2268/1 2271/2271/1
f 1787/1787/1 1782/1782/1 1785/1785/1
f 2641/2641/1 2642/2642/1 2774/2774/1
f 2774/2774/1 2304/2304/1 2641/2641/1
f 2572/2572/1 2314/2314/1 1739/1739/1
f 2775/2775/1 2645/2645/1 2294/2294/1
f 2776/2776/1 2326/2326/1 1719/1719/1
f 4/4/1 6/6/1 1/1/1
f 17/17/1 18/18/1 20/20/1
f 51/51/1 53/53/1 49/49/1
f 61/61/1 62/62/1 2750/2750/1
f 69/69/1 74/74/1 75/75/1
f 97/97/1 1633/1633/1 98/98/1
f 121/121/1 123/123/1 119/119/1
f 139/139/1 141/141/1 137/137/1
f 2355/2355/1 1611/1611/1 2356/2356/1
f 2558/2558/1 2751/2751/1 1599/1599/1
f 1575/1575/1 2366/2366/1 195/195/1
f 2777/2777/1 2661/2661/1 173/173/1
f 2663/2663/1 239/239/1 238/238/1
f 254/254/1 250/250/1 252/252/1
f 271/271/1 1506/1506/1 273/273/1
f 290/290/1 1409/1409/1 297/297/1
f 311/311/1 307/307/1 309/309/1
f 320/320/1 2384/2384/1 1460/1460/1
f 338/338/1 2389/2389/1 339/339/1
f 372/372/1 369/369/1 373/373/1
f 2666/2666/1 377/377/1 380/380/1
f 2667/2667/1 413/413/1 412/412/1
f 401/401/1 2395/2395/1 397/397/1
f 2753/2753/1 428/428/1 427/427/1
f 456/456/1 454/454/1 452/452/1
f 485/485/1 487/487/1 484/484/1
f 2411/2411/1 2778/2778/1 2754/2754/1
f 529/529/1 532/532/1 530/530/1
f 539/539/1 534/534/1 537/537/1
f 586/586/1 582/582/1 584/584/1
f 608/608/1 1301/1301/1 609/609/1
f 632/632/1 634/634/1 630/630/1
f 642/642/1 638/638/1 640/640/1
f 2428/2428/1 2429/2429/1 644/644/1
f 2681/2681/1 2437/2437/1 2682/2682/1
f 2513/2513/1 2779/2779/1 2426/2426/1
f 774/774/1 772/772/1 770/770/1
f 2448/2448/1 788/788/1 779/779/1
f 2685/2685/1 791/791/1 790/790/1
f 2687/2687/1 2686/2686/1 2450/2450/1
f 1087/1087/1 2486/2486/1 1085/1085/1
f 891/891/1 894/894/1 893/893/1
f 894/894/1 895/895/1 892/892/1
f 917/917/1 918/918/1 915/915/1
f 2461/2461/1 2780/2780/1 937/937/1
f 953/953/1 949/949/1 954/954/1
f 2781/2781/1 979/979/1 2694/2694/1
f 2782/2782/1 2781/2781/1 2783/2783/1
f 1038/1038/1 1032/1032/1 1036/1036/1
f 1047/1047/1 1045/1045/1 1044/1044/1
f 1048/1048/1 1051/1051/1 1050/1050/1
f 859/859/1 858/858/1 2484/2484/1
f 1116/1116/1 1117/1117/1 1115/1115/1
f 1134/1134/1 2493/2493/1 1131/1131/1
f 756/756/1 758/758/1 757/757/1
f 1180/1180/1 1183/1183/1 1182/1182/1
f 1206/1206/1 2706/2706/1 1207/1207/1
f 1225/1225/1 1222/1222/1 2763/2763/1
f 698/698/1 688/688/1 1236/1236/1
f 676/676/1 670/670/1 1245/1245/1
f 2514/2514/1 1261/1261/1 1263/1263/1
f 2517/2517/1 1287/1287/1 2784/2784/1
f 502/502/1 501/501/1 2528/2528/1
f 2712/2712/1 1358/1358/1 1357/1357/1
f 1381/1381/1 2765/2765/1 1379/1379/1
f 1425/1425/1 1428/1428/1 1426/1426/1
f 1440/1440/1 1441/1441/1 1438/1438/1
f 1463/1463/1 1447/1447/1 1446/1446/1
f 1474/1474/1 1469/1469/1 1472/1472/1
f 1492/1492/1 1490/1490/1 1489/1489/1
f 2367/2367/1 2785/2785/1 209/209/1
f 1541/1541/1 1542/1542/1 1544/1544/1
f 210/210/1 2546/2546/1 212/212/1
f 1588/1588/1 1589/1589/1 1587/1587/1
f 152/152/1 1598/1598/1 2557/2557/1
f 131/131/1 130/130/1 1621/1621/1
f 1668/1668/1 1666/1666/1 1665/1665/1
f 1695/1695/1 2567/2567/1 1693/1693/1
f 1699/1699/1 1701/1701/1 1698/1698/1
f 2749/2749/1 1724/1724/1 2571/2571/1
f 2293/2293/1 2297/2297/1 1740/1740/1
f 1751/1751/1 1752/1752/1 1749/1749/1
f 1782/1782/1 1787/1787/1 1783/1783/1
f 1834/1834/1 1832/1832/1 1831/1831/1
f 2786/2786/1 1853/1853/1 2767/2767/1
f 2730/2730/1 2590/2590/1 2589/2589/1
f 1897/1897/1 1895/1895/1 1894/1894/1
f 2769/2769/1 2787/2787/1 2768/2768/1
f 1930/1930/1 1931/1931/1 1929/1929/1
f 1966/1966/1 1968/1968/1 1964/1964/1
f 1992/1992/1 2116/2116/1 1990/1990/1
f 2608/2608/1 2024/2024/1 2023/2023/1
f 1000/1000/1 999/999/1 2788/2788/1
f 2695/2695/1 2055/2055/1 2472/2472/1
f 2063/2063/1 2608/2608/1 2064/2064/1
f 2090/2090/1 2092/2092/1 2088/2088/1
f 2741/2741/1 2095/2095/1 2097/2097/1
f 2622/2622/1 2623/2623/1 2772/2772/1
f 1979/1979/1 2120/2120/1 1981/1981/1
f 1967/1967/1 2129/2129/1 2771/2771/1
f 2632/2632/1 2194/2194/1 2192/2192/1
f 2213/2213/1 2215/2215/1 2211/2211/1
f 2744/2744/1 2214/2214/1 2635/2635/1
f 2243/2243/1 2746/2746/1 2245/2245/1
f 2263/2263/1 2636/2636/1 2262/2262/1
f 1781/1781/1 1780/1780/1 1782/1782/1
f 2639/2639/1 2774/2774/1 2642/2642/1
f 2296/2296/1 2775/2775/1 2294/2294/1
f 1732/1732/1 2318/2318/1 1730/1730/1
f 1721/1721/1 2776/2776/1 1719/1719/1
f 11/11/1 12/12/1 9/9/1
f 1671/1671/1 2766/2766/1 1673/1673/1
f 84/84/1 2789/2789/1 86/86/1
f 2789/2789/1 1640/1640/1 86/86/1
f 1606/1606/1 2658/2658/1 146/146/1
f 173/173/1 2790/2790/1 2777/2777/1
f 236/236/1 237/237/1 239/239/1
f 2791/2791/1 252/252/1 251/251/1
f 300/300/1 301/301/1 1407/1407/1
f 387/387/1 383/383/1 384/384/1
f 392/392/1 388/388/1 390/390/1
f 1389/1389/1 1387/1387/1 444/444/1
f 449/449/1 451/451/1 453/453/1
f 495/495/1 497/497/1 2529/2529/1
f 2778/2778/1 522/522/1 2754/2754/1
f 525/525/1 2410/2410/1 2412/2412/1
f 611/611/1 613/613/1 1301/1301/1
f 2437/2437/1 2678/2678/1 639/639/1
f 2436/2436/1 2682/2682/1 2437/2437/1
f 2779/2779/1 677/677/1 2426/2426/1
f 771/771/1 767/767/1 768/768/1
f 782/782/1 789/789/1 791/791/1
f 882/882/1 885/885/1 884/884/1
f 2780/2780/1 2792/2792/1 937/937/1
f 2694/2694/1 2783/2783/1 2781/2781/1
f 1050/1050/1 1046/1046/1 1048/1048/1
f 854/854/1 1091/1091/1 852/852/1
f 1118/1118/1 2703/2703/1 1119/1119/1
f 2793/2793/1 1125/1125/1 1127/1127/1
f 2440/2440/1 2439/2439/1 2508/2508/1
f 1249/1249/1 2428/2428/1 1250/1250/1
f 1260/1260/1 2794/2794/1 1258/1258/1
f 622/622/1 1300/1300/1 620/620/1
f 1340/1340/1 2527/2527/1 1337/1337/1
f 1350/1350/1 1352/1352/1 1354/1354/1
f 2401/2401/1 2668/2668/1 439/439/1
f 2538/2538/1 1420/1420/1 1424/1424/1
f 1433/1433/1 1435/1435/1 293/293/1
f 1470/1470/1 1466/1466/1 1471/1471/1
f 1513/1513/1 2722/2722/1 1511/1511/1
f 1538/1538/1 1541/1541/1 1539/1539/1
f 2368/2368/1 2364/2364/1 2795/2795/1
f 1586/1586/1 1588/1588/1 1584/1584/1
f 153/153/1 2558/2558/1 151/151/1
f 1579/1579/1 1602/1602/1 1580/1580/1
f 1663/1663/1 1664/1664/1 1661/1661/1
f 1694/1694/1 1697/1697/1 1695/1695/1
f 1697/1697/1 1699/1699/1 1696/1696/1
f 2316/2316/1 1735/1735/1 2315/2315/1
f 1750/1750/1 2796/2796/1 2574/2574/1
f 2638/2638/1 2283/2283/1 2289/2289/1
f 1851/1851/1 2786/2786/1 2767/2767/1
f 2163/2163/1 2628/2628/1 2164/2164/1
f 2797/2797/1 1893/1893/1 1895/1895/1
f 2787/2787/1 2595/2595/1 2768/2768/1
f 2127/2127/1 2126/2126/1 2602/2602/1
f 1000/1000/1 2788/2788/1 1002/1002/1
f 990/990/1 2472/2472/1 988/988/1
f 2021/2021/1 2079/2079/1 2019/2019/1
f 2740/2740/1 2013/2013/1 2012/2012/1
f 2126/2126/1 2128/2128/1 1972/1972/1
f 2192/2192/1 2798/2798/1 2632/2632/1
f 2798/2798/1 2197/2197/1 2632/2632/1
f 2637/2637/1 2276/2276/1 2275/2275/1
f 1779/1779/1 1776/1776/1 1780/1780/1
f 2645/2645/1 2748/2748/1 2643/2643/1
f 2312/2312/1 2646/2646/1 2313/2313/1
f 2330/2330/1 2651/2651/1 2333/2333/1
f 1642/1642/1 86/86/1 1640/1640/1
f 160/160/1 165/165/1 161/161/1
f 2370/2370/1 236/236/1 232/232/1
f 249/249/1 2791/2791/1 251/251/1
f 316/316/1 312/312/1 1403/1403/1
f 376/376/1 371/371/1 374/374/1
f 1385/1385/1 1384/1384/1 1387/1387/1
f 504/504/1 506/506/1 502/502/1
f 521/521/1 2754/2754/1 522/522/1
f 1300/1300/1 622/622/1 618/618/1
f 635/635/1 2709/2709/1 636/636/1
f 705/705/1 707/707/1 703/703/1
f 765/765/1 763/763/1 762/762/1
f 880/880/1 882/882/1 879/879/1
f 973/973/1 2782/2782/1 2783/2783/1
f 2480/2480/1 1063/1063/1 1065/1065/1
f 850/850/1 2454/2454/1 848/848/1
f 1127/1127/1 2799/2799/1 2793/2793/1
f 706/706/1 705/705/1 2439/2439/1
f 2794/2794/1 2800/2800/1 1258/1258/1
f 2526/2526/1 1330/1330/1 1331/1331/1
f 2531/2531/1 1371/1371/1 1370/1370/1
f 2400/2400/1 2801/2801/1 2668/2668/1
f 2537/2537/1 1413/1413/1 1415/1415/1
f 293/293/1 1434/1434/1 1433/1433/1
f 1484/1484/1 1482/1482/1 1481/1481/1
f 2719/2719/1 2549/2549/1 1548/1548/1
f 1534/1534/1 1537/1537/1 1535/1535/1
f 1585/1585/1 1583/1583/1 1582/1582/1
f 149/149/1 1604/1604/1 1579/1579/1
f 1662/1662/1 2802/2802/1 1663/1663/1
f 1726/1726/1 2565/2565/1 1688/1688/1
f 2796/2796/1 1746/1746/1 2574/2574/1
f 2767/2767/1 1852/1852/1 1851/1851/1
f 1895/1895/1 2803/2803/1 2797/2797/1
f 2122/2122/1 2121/2121/1 2603/2603/1
f 1003/1003/1 1002/1002/1 2058/2058/1
f 2094/2094/1 2804/2804/1 2092/2092/1
f 2233/2233/1 2217/2217/1 2231/2231/1
f 1735/1735/1 2647/2647/1 1733/1733/1
f 2648/2648/1 2649/2649/1 1727/1727/1
f 2333/2333/1 2332/2332/1 2330/2330/1
f 2359/2359/1 2805/2805/1 1583/1583/1
f 227/227/1 2662/2662/1 230/230/1
f 251/251/1 248/248/1 249/249/1
f 333/333/1 334/334/1 2665/2665/1
f 365/365/1 2392/2392/1 362/362/1
f 445/445/1 447/447/1 1384/1384/1
f 680/680/1 682/682/1 2709/2709/1
f 763/763/1 2806/2806/1 761/761/1
f 2807/2807/1 878/878/1 877/877/1
f 2783/2783/1 976/976/1 973/973/1
f 846/846/1 2808/2808/1 2454/2454/1
f 2799/2799/1 1123/1123/1 2793/2793/1
f 690/690/1 2438/2438/1 1238/1238/1
f 2809/2809/1 1276/1276/1 1275/1275/1
f 2400/2400/1 435/435/1 2801/2801/1
f 2752/2752/1 1410/1410/1 2536/2536/1
f 2367/2367/1 207/207/1 2785/2785/1
f 1532/1532/1 1530/1530/1 1529/1529/1
f 2805/2805/1 1581/1581/1 1583/1583/1
f 2810/2810/1 1663/1663/1 2802/2802/1
f 1684/1684/1 1718/1718/1 1685/1685/1
f 2811/2811/1 2574/2574/1 1746/1746/1
f 1845/1845/1 1847/1847/1 1844/1844/1
f 2812/2812/1 2059/2059/1 2058/2058/1
f 1747/1747/1 2643/2643/1 1748/1748/1
f 2331/2331/1 2327/2327/1 2328/2328/1
f 247/247/1 243/243/1 245/245/1
f 344/344/1 340/340/1 345/345/1
f 353/353/1 354/354/1 356/356/1
f 2533/2533/1 1380/1380/1 446/446/1
f 1228/1228/1 2813/2813/1 712/712/1
f 2814/2814/1 761/761/1 2806/2806/1
f 874/874/1 2807/2807/1 877/877/1
f 975/975/1 2692/2692/1 973/973/1
f 846/846/1 845/845/1 2808/2808/1
f 1124/1124/1 2793/2793/1 1123/1123/1
f 697/697/1 694/694/1 2438/2438/1
f 434/434/1 2815/2815/1 2398/2398/1
f 1404/1404/1 314/314/1 313/313/1
f 206/206/1 203/203/1 207/207/1
f 2357/2357/1 1613/1613/1 142/142/1
f 2322/2322/1 2321/2321/1 2564/2564/1
f 1748/1748/1 2811/2811/1 1746/1746/1
f 1843/1843/1 2816/2816/1 1841/1841/1
f 2058/2058/1 2046/2046/1 2812/2812/1
f 1688/1688/1 1687/1687/1 1725/1725/1
f 228/228/1 224/224/1 226/226/1
f 348/348/1 2817/2817/1 346/346/1
f 2818/2818/1 2714/2714/1 1378/1378/1
f 1228/1228/1 716/716/1 2813/2813/1
f 1004/1004/1 1005/1005/1 2692/2692/1
f 844/844/1 841/841/1 845/845/1
f 1122/1122/1 1124/1124/1 1120/1120/1
f 692/692/1 691/691/1 694/694/1
f 317/317/1 2383/2383/1 319/319/1
f 2368/2368/1 2795/2795/1 203/203/1
f 119/119/1 1627/1627/1 121/121/1
f 1718/1718/1 1721/1721/1 1717/1717/1
f 2303/2303/1 2573/2573/1 2819/2819/1
f 2816/2816/1 2820/2820/1 1841/1841/1
f 2045/2045/1 2812/2812/1 2046/2046/1
f 2821/2821/1 2369/2369/1 225/225/1
f 2822/2822/1 346/346/1 2817/2817/1
f 969/969/1 968/968/1 971/971/1
f 2689/2689/1 1094/1094/1 841/841/1
f 2702/2702/1 1116/1116/1 1112/1112/1
f 2684/2684/1 1240/1240/1 691/691/1
f 2384/2384/1 321/321/1 323/323/1
f 2550/2550/1 1554/1554/1 1553/1553/1
f 111/111/1 108/108/1 1629/1629/1
f 2565/2565/1 1726/1726/1 2322/2322/1
f 2046/2046/1 2823/2823/1 2044/2044/1
f 225/225/1 2824/2824/1 2821/2821/1
f 2817/2817/1 2825/2825/1 2822/2822/1
f 1006/1006/1 1007/1007/1 968/968/1
f 759/759/1 758/758/1 2495/2495/1
f 681/681/1 680/680/1 683/683/1
f 326/326/1 330/330/1 329/329/1
f 201/201/1 1573/1573/1 2364/2364/1
f 1600/1600/1 2826/2826/1 1602/1602/1
f 2303/2303/1 2819/2819/1 2301/2301/1
f 2827/2827/1 2044/2044/1 2823/2823/1
f 2824/2824/1 223/223/1 2821/2821/1
f 421/421/1 1392/1392/1 422/422/1
f 964/964/1 961/961/1 966/966/1
f 1104/1104/1 1105/1105/1 1102/1102/1
f 645/645/1 2679/2679/1 1251/1251/1
f 2385/2385/1 333/333/1 332/332/1
f 199/199/1 196/196/1 200/200/1
f 1600/1600/1 1599/1599/1 2826/2826/1
f 2823/2823/1 2828/2828/1 2827/2827/1
f 963/963/1 2829/2829/1 961/961/1
f 1148/1148/1 1146/1146/1 1150/1150/1
f 662/662/1 658/658/1 663/663/1
f 1572/1572/1 221/221/1 1570/1570/1
f 113/113/1 112/112/1 108/108/1
f 2061/2061/1 2827/2827/1 2828/2828/1
f 963/963/1 2466/2466/1 2829/2829/1
f 660/660/1 2830/2830/1 658/658/1
f 2366/2366/1 1575/1575/1 196/196/1
f 114/114/1 1632/1632/1 112/112/1
f 2828/2828/1 2041/2041/1 2061/2061/1
f 960/960/1 957/957/1 2466/2466/1
f 660/660/1 2512/2512/1 2830/2830/1
f 1633/1633/1 1634/1634/1 1631/1631/1
f 2611/2611/1 2037/2037/1 2040/2040/1
f 955/955/1 954/954/1 2465/2465/1
f 2831/2831/1 1257/1257/1 2513/2513/1
f 106/106/1 103/103/1 1635/1635/1
f 2832/2832/1 2038/2038/1 2035/2035/1
f 944/944/1 945/945/1 942/942/1
f 1257/1257/1 2833/2833/1 1255/1255/1
f 2834/2834/1 2832/2832/1 2035/2035/1
f 1010/1010/1 937/937/1 2792/2792/1
f 2033/2033/1 2834/2834/1 2035/2035/1
f 2792/2792/1 1011/1011/1 1010/1010/1
f 2031/2031/1 2032/2032/1 2030/2030/1
f 2475/2475/1 1009/1009/1 1012/1012/1
f 2028/2028/1 2031/2031/1 2029/2029/1
f 2757/2757/1 1015/1015/1 2696/2696/1
f 2029/2029/1 2835/2835/1 2026/2026/1
f 2836/2836/1 2696/2696/1 1015/1015/1
f 2835/2835/1 2027/2027/1 2026/2026/1
f 1017/1017/1 2836/2836/1 1015/1015/1
f 2613/2613/1 2025/2025/1 2068/2068/1
f 1020/1020/1 2697/2697/1 1018/1018/1
f 2018/2018/1 2020/2020/1 2019/2019/1
f 2697/2697/1 2758/2758/1 1022/1022/1
f 2015/2015/1 2018/2018/1 2016/2016/1
f 2460/2460/1 2690/2690/1 930/930/1
f 2016/2016/1 2080/2080/1 2014/2014/1
f 1024/1024/1 1025/1025/1 2690/2690/1
f 2804/2804/1 2088/2088/1 2092/2092/1
f 928/928/1 2459/2459/1 926/926/1
f 2013/2013/1 2617/2617/1 2011/2011/1
f 924/924/1 2756/2756/1 2459/2459/1
f 2012/2012/1 2741/2741/1 2740/2740/1
f 919/919/1 923/923/1 922/922/1
f 2605/2605/1 2606/2606/1 2006/2006/1
f 1027/1027/1 2837/2837/1 1026/1026/1
f 2005/2005/1 2007/2007/1 2104/2104/1
f 2837/2837/1 2838/2838/1 1026/1026/1
f 2106/2106/1 2104/2104/1 2107/2107/1
f 2838/2838/1 914/914/1 1026/1026/1
f 2621/2621/1 2107/2107/1 2839/2839/1
f 2840/2840/1 1026/1026/1 914/914/1
f 2621/2621/1 2839/2839/1 2619/2619/1
f 911/911/1 2840/2840/1 914/914/1
f 2772/2772/1 2004/2004/1 2622/2622/1
f 2841/2841/1 911/911/1 2457/2457/1
f 2112/2112/1 2622/2622/1 2000/2000/1
f 2457/2457/1 909/909/1 2841/2841/1
f 1986/1986/1 2624/2624/1 1984/1984/1
f 909/909/1 908/908/1 2841/2841/1
f 2121/2121/1 2123/2123/1 1978/1978/1
f 907/907/1 906/906/1 908/908/1
f 2735/2735/1 2771/2771/1 2734/2734/1
f 877/877/1 2842/2842/1 874/874/1
f 2131/2131/1 1958/1958/1 2132/2132/1
f 2842/2842/1 875/875/1 874/874/1
f 2843/2843/1 2135/2135/1 2134/2134/1
f 875/875/1 1028/1028/1 873/873/1
f 2136/2136/1 2843/2843/1 2134/2134/1
f 871/871/1 873/873/1 1028/1028/1
f 2134/2134/1 1954/1954/1 2136/2136/1
f 872/872/1 1029/1029/1 870/870/1
f 1955/1955/1 1951/1951/1 1953/1953/1
f 2477/2477/1 2476/2476/1 1030/1030/1
f 1949/1949/1 1948/1948/1 1951/1951/1
f 2699/2699/1 1040/1040/1 1039/1039/1
f 1946/1946/1 2137/2137/1 1948/1948/1
f 869/869/1 868/868/1 1065/1065/1
f 1944/1944/1 2138/2138/1 2599/2599/1
f 869/869/1 2844/2844/1 867/867/1
f 1942/1942/1 2597/2597/1 1940/1940/1
f 2844/2844/1 866/866/1 867/867/1
f 2733/2733/1 2770/2770/1 2597/2597/1
f 866/866/1 1071/1071/1 864/864/1
f 1938/1938/1 2625/2625/1 2770/2770/1
f 2845/2845/1 864/864/1 1071/1071/1
f 2594/2594/1 2768/2768/1 2595/2595/1
f 2481/2481/1 2845/2845/1 1071/1071/1
f 2596/2596/1 2846/2846/1 2594/2594/1
f 2700/2700/1 1074/1074/1 863/863/1
f 2596/2596/1 1924/1924/1 2846/2846/1
f 2701/2701/1 2759/2759/1 2483/2483/1
f 1918/1918/1 2142/2142/1 1919/1919/1
f 2484/2484/1 1079/1079/1 859/859/1
f 2144/2144/1 1916/1916/1 1914/1914/1
f 858/858/1 860/860/1 1082/1082/1
f 2146/2146/1 2144/2144/1 2143/2143/1
f 1083/1083/1 1082/1082/1 856/856/1
f 2145/2145/1 2847/2847/1 2148/2148/1
f 855/855/1 857/857/1 2486/2486/1
f 2847/2847/1 2147/2147/1 2148/2148/1
f 1094/1094/1 2689/2689/1 1092/1092/1
f 1908/1908/1 2150/2150/1 1909/1909/1
f 839/839/1 2688/2688/1 837/837/1
f 2152/2152/1 2149/2149/1 2150/2150/1
f 2453/2453/1 835/835/1 2688/2688/1
f 2153/2153/1 2156/2156/1 2626/2626/1
f 833/833/1 832/832/1 835/835/1
f 2155/2155/1 2626/2626/1 2156/2156/1
f 831/831/1 1095/1095/1 832/832/1
f 2159/2159/1 2154/2154/1 2157/2157/1
f 825/825/1 2848/2848/1 2686/2686/1
f 1905/1905/1 2159/2159/1 2158/2158/1
f 825/825/1 824/824/1 2848/2848/1
f 2158/2158/1 1906/1906/1 1905/1905/1
f 823/823/1 813/813/1 824/824/1
f 2803/2803/1 2160/2160/1 2797/2797/1
f 814/814/1 820/820/1 812/812/1
f 2162/2162/1 2797/2797/1 2160/2160/1
f 818/818/1 2849/2849/1 815/815/1
f 2627/2627/1 2162/2162/1 2161/2161/1
f 2849/2849/1 1097/1097/1 815/815/1
f 2629/2629/1 2164/2164/1 2628/2628/1
f 1099/1099/1 815/815/1 1097/1097/1
f 1891/1891/1 2629/2629/1 1892/1892/1
f 2488/2488/1 1099/1099/1 1098/1098/1
f 2166/2166/1 2591/2591/1 2167/2167/1
f 810/810/1 1101/1101/1 1100/1100/1
f 1870/1870/1 1874/1874/1 1868/1868/1
f 2806/2806/1 2850/2850/1 2814/2814/1
f 1873/1873/1 2168/2168/1 1871/1871/1
f 2850/2850/1 1104/1104/1 2814/2814/1
f 2851/2851/1 1873/1873/1 1872/1872/1
f 1103/1103/1 2814/2814/1 1104/1104/1
f 2173/2173/1 2851/2851/1 1872/1872/1
f 2495/2495/1 1150/1150/1 759/759/1
f 2175/2175/1 2173/2173/1 2172/2172/1
f 757/757/1 2852/2852/1 755/755/1
f 2172/2172/1 2176/2176/1 2175/2175/1
f 2852/2852/1 754/754/1 755/755/1
f 2630/2630/1 2853/2853/1 2174/2174/1
f 753/753/1 755/755/1 754/754/1
f 2853/2853/1 2177/2177/1 2174/2174/1
f 2705/2705/1 2704/2704/1 1155/1155/1
f 2178/2178/1 1864/1864/1 2179/2179/1
f 1158/1158/1 1155/1155/1 1159/1159/1
f 1863/1863/1 2180/2180/1 1864/1864/1
f 1160/1160/1 1159/1159/1 750/750/1
f 2854/2854/1 1841/1841/1 2820/2820/1
f 2761/2761/1 2444/2444/1 2760/2760/1
f 2820/2820/1 1840/1840/1 2854/2854/1
f 1163/1163/1 2760/2760/1 746/746/1
f 2855/2855/1 2854/2854/1 1840/1840/1
f 748/748/1 1164/1164/1 746/746/1
f 2729/2729/1 2855/2855/1 1840/1840/1
f 2856/2856/1 748/748/1 747/747/1
f 2857/2857/1 1829/1829/1 1828/1828/1
f 745/745/1 2856/2856/1 747/747/1
f 1826/1826/1 2857/2857/1 1828/1828/1
f 747/747/1 744/744/1 745/745/1
f 1828/1828/1 1824/1824/1 1826/1826/1
f 2858/2858/1 743/743/1 741/741/1
f 1825/1825/1 2181/2181/1 2584/2584/1
f 740/740/1 2858/2858/1 741/741/1
f 2859/2859/1 2584/2584/1 2181/2181/1
f 741/741/1 738/738/1 739/739/1
f 2183/2183/1 2859/2859/1 2181/2181/1
f 737/737/1 739/739/1 738/738/1
f 2232/2232/1 2231/2231/1 2226/2226/1
f 2443/2443/1 1166/1166/1 736/736/1
f 1821/1821/1 1823/1823/1 2234/2234/1
f 1168/1168/1 1165/1165/1 1166/1166/1
f 1818/1818/1 2234/2234/1 1819/1819/1
f 1175/1175/1 2499/2499/1 1171/1171/1
f 2238/2238/1 1820/1820/1 2236/2236/1
f 1188/1188/1 1184/1184/1 2860/2860/1
f 1817/1817/1 2237/2237/1 2236/2236/1
f 1188/1188/1 2860/2860/1 734/734/1
f 1814/1814/1 1816/1816/1 1815/1815/1
f 732/732/1 733/733/1 731/731/1
f 1811/1811/1 1813/1813/1 2583/2583/1
f 724/724/1 2442/2442/1 727/727/1
f 2583/2583/1 2861/2861/1 1811/1811/1
f 727/727/1 2862/2862/1 724/724/1
f 2861/2861/1 1812/1812/1 1811/1811/1
f 2862/2862/1 725/725/1 724/724/1
f 1808/1808/1 1810/1810/1 1812/1812/1
f 2863/2863/1 723/723/1 725/725/1
f 1812/1812/1 2864/2864/1 1808/1808/1
f 725/725/1 2865/2865/1 2863/2863/1
f 2864/2864/1 1809/1809/1 1808/1808/1
f 2865/2865/1 1190/1190/1 2863/2863/1
f 1809/1809/1 1803/1803/1 1807/1807/1
f 1192/1192/1 2863/2863/1 1190/1190/1
f 1804/1804/1 1801/1801/1 2240/2240/1
f 2502/2502/1 1193/1193/1 1191/1191/1
f 1792/1792/1 1788/1788/1 1793/1793/1
f 1210/1210/1 1207/1207/1 1211/1211/1
f 2773/2773/1 1790/1790/1 2247/2247/1
f 1212/1212/1 1211/1211/1 2866/2866/1
f 2248/2248/1 2242/2242/1 2249/2249/1
f 2505/2505/1 1212/1212/1 2866/2866/1
f 2252/2252/1 2745/2745/1 2253/2253/1
f 2866/2866/1 2707/2707/1 2505/2505/1
f 2280/2280/1 2747/2747/1 2277/2277/1
f 1215/1215/1 1214/1214/1 722/722/1
f 2282/2282/1 2281/2281/1 2283/2283/1
f 722/722/1 2867/2867/1 720/720/1
f 2288/2288/1 2286/2286/1 2283/2283/1
f 2867/2867/1 2868/2868/1 720/720/1
f 2579/2579/1 2578/2578/1 1776/1776/1
f 2869/2869/1 720/720/1 2868/2868/1
f 1775/1775/1 1774/1774/1 2578/2578/1
f 2868/2868/1 1218/1218/1 2869/2869/1
f 2727/2727/1 1771/1771/1 2726/2726/1
f 2870/2870/1 2869/2869/1 1218/1218/1
f 1770/1770/1 2726/2726/1 1771/1771/1
f 1217/1217/1 2870/2870/1 1218/1218/1
f 1766/1766/1 1770/1770/1 2725/2725/1
f 2708/2708/1 2763/2763/1 2871/2871/1
f 2725/2725/1 1767/1767/1 1766/1766/1
f 2708/2708/1 2871/2871/1 715/715/1
f 1765/1765/1 2576/2576/1 1766/1766/1
f 2507/2507/1 713/713/1 2441/2441/1
f 1761/1761/1 1759/1759/1 1762/1762/1
f 2426/2426/1 2831/2831/1 2513/2513/1
f 2300/2300/1 2301/2301/1 1745/1745/1
f 2833/2833/1 2872/2872/1 1255/1255/1
f 2571/2571/1 2570/2570/1 2749/2749/1
f 2800/2800/1 1255/1255/1 2872/2872/1
f 30/30/1 2652/2652/1 2336/2336/1
f 2872/2872/1 1258/1258/1 2800/2800/1
f 2337/2337/1 35/35/1 31/31/1
f 1275/1275/1 2873/2873/1 2809/2809/1
f 40/40/1 31/31/1 41/41/1
f 2874/2874/1 2809/2809/1 2873/2873/1
f 43/43/1 41/41/1 2339/2339/1
f 2873/2873/1 2875/2875/1 2874/2874/1
f 2340/2340/1 2339/2339/1 44/44/1
f 2876/2876/1 2874/2874/1 2875/2875/1
f 2802/2802/1 2561/2561/1 2810/2810/1
f 1281/1281/1 2876/2876/1 2875/2875/1
f 2877/2877/1 2810/2810/1 2561/2561/1
f 2875/2875/1 1282/1282/1 1281/1281/1
f 1660/1660/1 2877/2877/1 2561/2561/1
f 2517/2517/1 2784/2784/1 1289/1289/1
f 1657/1657/1 1660/1660/1 1659/1659/1
f 1292/1292/1 1289/1289/1 2519/2519/1
f 1654/1654/1 1651/1651/1 1655/1655/1
f 1279/1279/1 2519/2519/1 2878/2878/1
f 2879/2879/1 1655/1655/1 1651/1651/1
f 1279/1279/1 2878/2878/1 1277/1277/1
f 1649/1649/1 2879/2879/1 1651/1651/1
f 1293/1293/1 1277/1277/1 633/633/1
f 1644/1644/1 1647/1647/1 1645/1645/1
f 2423/2423/1 2880/2880/1 1303/1303/1
f 55/55/1 1643/1643/1 1645/1645/1
f 2423/2423/1 1305/1305/1 2880/2880/1
f 1645/1645/1 56/56/1 55/55/1
f 2422/2422/1 2881/2881/1 601/601/1
f 2750/2750/1 2343/2343/1 61/61/1
f 2422/2422/1 599/599/1 2881/2881/1
f 89/89/1 2655/2655/1 87/87/1
f 597/597/1 596/596/1 599/599/1
f 2656/2656/1 2724/2724/1 100/100/1
f 2421/2421/1 2420/2420/1 596/596/1
f 101/101/1 100/100/1 103/103/1
f 1307/1307/1 596/596/1 2420/2420/1
f 1624/1624/1 2353/2353/1 122/122/1
f 593/593/1 2418/2418/1 591/591/1
f 127/127/1 129/129/1 125/125/1
f 588/588/1 2882/2882/1 2418/2418/1
f 145/145/1 147/147/1 2657/2657/1
f 588/588/1 587/587/1 2882/2882/1
f 1583/1583/1 171/171/1 2359/2359/1
f 2417/2417/1 2677/2677/1 587/587/1
f 171/171/1 2883/2883/1 169/169/1
f 1308/1308/1 1309/1309/1 2677/2677/1
f 2884/2884/1 169/169/1 2883/2883/1
f 581/581/1 584/584/1 582/582/1
f 2883/2883/1 2885/2885/1 2884/2884/1
f 583/583/1 579/579/1 581/581/1
f 2885/2885/1 2777/2777/1 2884/2884/1
f 578/578/1 577/577/1 579/579/1
f 2790/2790/1 2884/2884/1 2777/2777/1
f 2416/2416/1 2886/2886/1 577/577/1
f 180/180/1 179/179/1 2660/2660/1
f 2416/2416/1 1310/1310/1 2886/2886/1
f 193/193/1 2660/2660/1 191/191/1
f 2415/2415/1 2755/2755/1 571/571/1
f 215/215/1 217/217/1 213/213/1
f 2675/2675/1 567/567/1 2755/2755/1
f 2555/2555/1 2720/2720/1 216/216/1
f 569/569/1 2414/2414/1 567/567/1
f 1566/1566/1 2887/2887/1 2720/2720/1
f 2413/2413/1 565/565/1 2414/2414/1
f 1566/1566/1 1563/1563/1 2887/2887/1
f 1311/1311/1 2414/2414/1 565/565/1
f 1517/1517/1 1516/1516/1 1563/1563/1
f 563/563/1 560/560/1 564/564/1
f 218/218/1 220/220/1 1516/1516/1
f 558/558/1 2888/2888/1 560/560/1
f 1561/1561/1 2553/2553/1 219/219/1
f 558/558/1 557/557/1 2888/2888/1
f 2552/2552/1 2889/2889/1 2553/2553/1
f 555/555/1 552/552/1 557/557/1
f 2552/2552/1 2551/2551/1 2889/2889/1
f 2674/2674/1 1312/1312/1 553/553/1
f 1559/1559/1 1555/1555/1 2551/2551/1
f 522/522/1 519/519/1 520/520/1
f 223/223/1 1570/1570/1 221/221/1
f 517/517/1 520/520/1 518/518/1
f 222/222/1 2821/2821/1 223/223/1
f 2521/2521/1 516/516/1 1314/1314/1
f 260/260/1 1508/1508/1 261/261/1
f 2764/2764/1 513/513/1 2523/2523/1
f 278/278/1 1507/1507/1 276/276/1
f 1323/1323/1 1325/1325/1 1321/1321/1
f 277/277/1 276/276/1 2372/2372/1
f 1330/1330/1 1328/1328/1 1327/1327/1
f 2374/2374/1 1505/1505/1 279/279/1
f 2409/2409/1 1346/1346/1 2671/2671/1
f 282/282/1 279/279/1 283/283/1
f 490/490/1 2407/2407/1 488/488/1
f 1501/1501/1 1500/1500/1 287/287/1
f 486/486/1 2890/2890/1 2407/2407/1
f 2544/2544/1 1499/1499/1 1500/1500/1
f 486/486/1 485/485/1 2890/2890/1
f 1500/1500/1 2891/2891/1 2544/2544/1
f 2670/2670/1 2892/2892/1 481/481/1
f 2891/2891/1 1497/1497/1 2544/2544/1
f 2670/2670/1 479/479/1 2892/2892/1
f 2665/2665/1 331/331/1 333/333/1
f 477/477/1 476/476/1 479/479/1
f 335/335/1 2387/2387/1 336/336/1
f 475/475/1 473/473/1 472/472/1
f 2716/2716/1 2386/2386/1 2387/2387/1
f 2404/2404/1 2893/2893/1 471/471/1
f 1394/1394/1 1397/1397/1 1395/1395/1
f 2893/2893/1 468/468/1 471/471/1
f 1395/1395/1 342/342/1 341/341/1
f 470/470/1 471/471/1 468/468/1
f 342/342/1 2894/2894/1 340/340/1
f 453/453/1 2895/2895/1 449/449/1
f 2894/2894/1 345/345/1 340/340/1
f 2895/2895/1 450/450/1 449/449/1
f 345/345/1 2896/2896/1 343/343/1
f 1351/1351/1 448/448/1 450/450/1
f 2896/2896/1 2822/2822/1 343/343/1
f 450/450/1 1349/1349/1 1351/1351/1
f 2825/2825/1 343/343/1 2822/2822/1
f 2897/2897/1 1351/1351/1 1350/1350/1
f 2898/2898/1 422/422/1 1392/1392/1
f 1354/1354/1 2897/2897/1 1350/1350/1
f 2899/2899/1 2898/2898/1 1392/1392/1
f 2900/2900/1 1370/1370/1 1371/1371/1
f 424/424/1 2899/2899/1 1392/1392/1
f 1373/1373/1 2900/2900/1 1371/1371/1
f 1393/1393/1 425/425/1 424/424/1
f 2714/2714/1 1375/1375/1 1374/1374/1
f 1391/1391/1 423/423/1 425/425/1
f 2713/2713/1 1378/1378/1 2714/2714/1
f 434/434/1 432/432/1 2815/2815/1
f 1377/1377/1 2818/2818/1 1378/1378/1
f 437/437/1 2398/2398/1 435/435/1
