# F1-derived approximate flat training road. Metres, Z up.
mtllib track.mtl
usemtl asphalt
v 2.0782018 289.9715012 0.0000000
v 1.9389626 284.9748742 0.0000000
v 13.9343060 284.6406043 0.0000000
v 3.3313546 334.9411443 0.0000000
v 15.3261298 334.5864845 0.0000000
v 3.5058353 339.9773893 0.0000000
v 3.3326296 334.9819197 0.0000000
v 15.4980458 339.5447569 0.0000000
v 3.9095301 350.0000391 0.0000000
v 3.7083127 345.0055240 0.0000000
v 15.8998034 349.5169789 0.0000000
v 4.3119649 359.9890692 0.0000000
v 4.1107475 354.9945541 0.0000000
v 16.3022381 359.5060090 0.0000000
v 4.5131823 364.9835842 0.0000000
v 16.5034555 364.5005240 0.0000000
v 16.7046729 369.4950391 0.0000000
v 16.9058903 374.4895541 0.0000000
v 4.7143996 369.9780993 0.0000000
v 17.1071077 379.4840692 0.0000000
v 4.9156170 374.9726143 0.0000000
v 17.3083250 384.4785842 0.0000000
v 5.1168344 379.9671294 0.0000000
v 17.5095424 389.4730993 0.0000000
v 5.3180518 384.9616444 0.0000000
v 5.7204865 394.9506745 0.0000000
v 5.5192692 389.9561594 0.0000000
v 17.7107598 394.4676143 0.0000000
v 6.3241387 409.9342196 0.0000000
v 5.9217039 399.9451895 0.0000000
v 18.3144119 409.4511594 0.0000000
v 6.9277908 424.9177648 0.0000000
v 6.7265734 419.9232497 0.0000000
v 18.9180641 424.4347046 0.0000000
v 19.5217162 439.4182497 0.0000000
v 19.7229336 444.4127648 0.0000000
v 7.5314429 439.9013099 0.0000000
v 7.3302256 434.9067949 0.0000000
v 17.9119772 399.4621293 0.0000000
v 7.1290082 429.9122798 0.0000000
v 19.1192814 429.4292196 0.0000000
v 8.5375298 464.8738851 0.0000000
v 8.3363125 459.8793701 0.0000000
v 20.5278031 464.3908249 0.0000000
v 9.1411820 479.8574303 0.0000000
v 8.9399646 474.8629152 0.0000000
v 21.1314552 479.3743701 0.0000000
v 9.3423994 484.8519453 0.0000000
v 21.3326726 484.3688851 0.0000000
v 9.5436167 489.8464604 0.0000000
v 21.5338900 489.3634002 0.0000000
v 10.1472689 504.8300055 0.0000000
v 9.7448341 494.8409754 0.0000000
v 22.1375421 504.3469453 0.0000000
v 22.3387595 509.3414604 0.0000000
v 22.5399769 514.3359754 0.0000000
v 10.5497036 514.8190356 0.0000000
v 22.7411943 519.3304905 0.0000000
v 10.7509210 519.8135506 0.0000000
v 22.9424117 524.3250055 0.0000000
v 23.3448464 534.3140356 0.0000000
v 11.3545732 534.7970958 0.0000000
v 23.5460638 539.3085506 0.0000000
v 11.5557905 539.7916108 0.0000000
v 11.9582253 549.7806409 0.0000000
v 11.7570079 544.7861259 0.0000000
v 23.7472812 544.3030657 0.0000000
v 23.9484985 549.2975807 0.0000000
v 24.1342860 553.9091014 0.0000000
v 12.2389128 555.5360678 0.0000000
v 12.1594427 554.7751560 0.0000000
v 24.7755562 557.6934008 0.0000000
v 13.0616366 560.3911715 0.0000000
v 26.2329475 561.1303589 0.0000000
v 27.0581207 562.3680037 0.0000000
v 15.9365255 567.3190769 0.0000000
v 22.4419095 573.7373255 0.0000000
v 18.4957979 571.1576289 0.0000000
v 20.2048649 572.8512956 0.0000000
v 28.9144653 562.6966746 0.0000000
v 28.4554401 574.7004978 0.0000000
v 27.3639246 574.6087818 0.0000000
v 32.4755280 562.6696881 0.0000000
v 34.8529802 574.4570635 0.0000000
v 33.3374789 574.6635006 0.0000000
v 36.0705968 561.7010339 0.0000000
v 40.6244693 572.8148322 0.0000000
v 39.6794218 573.1566286 0.0000000
v 39.5184635 560.1161008 0.0000000
v 46.1414339 570.1417506 0.0000000
v 45.0886686 570.7627061 0.0000000
v 42.7869069 557.7082043 0.0000000
v 50.6661973 566.7648124 0.0000000
v 50.1658121 567.1769490 0.0000000
v 46.1114982 554.6539855 0.0000000
v 54.5479808 563.1890397 0.0000000
v 54.3375315 563.3920497 0.0000000
v 60.0563602 540.5300799 0.0000000
v 68.5955934 548.9610642 0.0000000
v 58.0598840 559.6320458 0.0000000
v 81.1277790 519.1881167 0.0000000
v 89.6670122 527.6191011 0.0000000
v 86.1551090 531.1760949 0.0000000
v 89.6401395 510.9730723 0.0000000
v 93.9859950 508.6997752 0.0000000
v 96.0325136 521.1718704 0.0000000
v 171.4729723 534.7981116 0.0000000
v 166.7180306 533.2566195 0.0000000
v 170.4186727 521.8414870 0.0000000
v 175.1736144 523.3829792 0.0000000
v 198.5553687 530.9630492 0.0000000
v 200.9466294 543.5766789 0.0000000
v 196.0473405 542.7052993 0.0000000
v 202.8553552 531.7278379 0.0000000
v 201.3336462 543.6325709 0.0000000
v 217.1154713 533.3148505 0.0000000
v 222.1232946 545.1261973 0.0000000
v 217.1380620 545.3233362 0.0000000
v 221.5739164 533.1385433 0.0000000
v 222.2736244 545.1183628 0.0000000
v 237.5159506 543.8637741 0.0000000
v 232.5610092 544.4445817 0.0000000
v 235.8966340 531.9714280 0.0000000
v 237.9579270 543.7951818 0.0000000
v 240.5843575 531.0638216 0.0000000
v 247.7727919 541.8948917 0.0000000
v 242.8653594 542.8450367 0.0000000
v 255.3066549 528.2133865 0.0000000
v 262.4950893 539.0444567 0.0000000
v 257.5876568 539.9946017 0.0000000
v 270.0289523 525.3629515 0.0000000
v 277.2173867 536.1940216 0.0000000
v 272.3099542 537.1441666 0.0000000
v 279.8438172 523.4626614 0.0000000
v 287.0322516 534.2937316 0.0000000
v 282.1248192 535.2438766 0.0000000
v 289.6586822 521.5623714 0.0000000
v 296.8471166 532.3934415 0.0000000
v 291.9396841 533.3435865 0.0000000
v 304.3809796 518.7119363 0.0000000
v 311.5694140 529.5430065 0.0000000
v 306.6619815 530.4931515 0.0000000
v 314.1958445 516.8116463 0.0000000
v 321.3842789 527.6427164 0.0000000
v 316.4768464 528.5928614 0.0000000
v 324.0107095 514.9113563 0.0000000
v 331.1991438 525.7424264 0.0000000
v 326.2917114 526.6925714 0.0000000
v 338.7330069 512.0609212 0.0000000
v 345.9214412 522.8919913 0.0000000
v 341.0140088 523.8421363 0.0000000
v 365.5511711 519.0914112 0.0000000
v 360.6437386 520.0415563 0.0000000
v 358.3627367 508.2603411 0.0000000
v 409.7180633 510.5401061 0.0000000
v 404.8106309 511.4902511 0.0000000
v 407.4370614 498.7588909 0.0000000
v 439.1626581 504.8392360 0.0000000
v 434.2552257 505.7893810 0.0000000
v 431.9742237 494.0081658 0.0000000
v 451.6039536 490.2075858 0.0000000
v 456.5113861 489.2574407 0.0000000
v 458.7923880 501.0386559 0.0000000
v 461.4188185 488.3072957 0.0000000
v 466.3262510 487.3571507 0.0000000
v 463.6998205 500.0885109 0.0000000
v 481.0485484 484.5067156 0.0000000
v 485.9559809 483.5565706 0.0000000
v 488.2369828 495.3377858 0.0000000
v 495.7708458 481.6562806 0.0000000
v 500.6782783 480.7061356 0.0000000
v 498.0518477 493.4374957 0.0000000
v 515.4005757 477.8557005 0.0000000
v 520.3080081 476.9055555 0.0000000
v 517.6815776 489.6369156 0.0000000
v 544.8451705 472.1548304 0.0000000
v 549.7526029 471.2046854 0.0000000
v 547.1261724 483.9360455 0.0000000
v 571.6633347 479.1853204 0.0000000
v 566.7559023 480.1354655 0.0000000
v 569.3823328 467.4041053 0.0000000
v 579.1971978 465.5038153 0.0000000
v 584.1046302 464.5536702 0.0000000
v 581.4781997 477.2850304 0.0000000
v 603.7343601 460.7530902 0.0000000
v 608.6417926 459.8029451 0.0000000
v 610.9227945 471.5841603 0.0000000
v 613.5492250 458.8528001 0.0000000
v 618.4566575 457.9026551 0.0000000
v 620.7376594 469.6838702 0.0000000
v 630.5525243 467.7835802 0.0000000
v 625.6450919 468.7337252 0.0000000
v 623.3640900 456.9525101 0.0000000
v 635.4599568 466.8334352 0.0000000
v 628.2715224 456.0023651 0.0000000
v 664.9045516 461.1325651 0.0000000
v 659.9971192 462.0827101 0.0000000
v 662.6235497 449.3513499 0.0000000
v 669.8119841 460.1824200 0.0000000
v 674.7194166 459.2322750 0.0000000
v 672.4384146 447.4510599 0.0000000
v 677.3458471 446.5009149 0.0000000
v 679.6268490 458.2821300 0.0000000
v 682.2532796 445.5507698 0.0000000
v 687.1607120 444.6006248 0.0000000
v 684.5342815 457.3319850 0.0000000
v 694.3491464 455.4316949 0.0000000
v 689.4417140 456.3818400 0.0000000
v 692.0681445 443.6504798 0.0000000
v 701.8830094 441.7501898 0.0000000
v 706.7904419 440.8000447 0.0000000
v 709.0714438 452.5812599 0.0000000
v 713.9788763 451.6311149 0.0000000
v 711.6978744 439.8498997 0.0000000
v 733.6086062 447.8305348 0.0000000
v 728.7011737 448.7806798 0.0000000
v 726.4201718 436.9994647 0.0000000
v 731.3276042 436.0493196 0.0000000
v 736.2350367 435.0991746 0.0000000
v 743.4234711 445.9302448 0.0000000
v 738.5160386 446.8803898 0.0000000
v 753.5152220 443.9695285 0.0000000
v 753.2383360 444.0299547 0.0000000
v 750.8181774 432.2756822 0.0000000
v 758.3668855 442.7900310 0.0000000
v 755.3941275 431.1632139 0.0000000
v 768.2326953 439.8979013 0.0000000
v 763.4369039 441.3071754 0.0000000
v 760.0536761 429.7939756 0.0000000
v 764.8494676 428.3847015 0.0000000
v 773.0284867 438.4886272 0.0000000
v 768.4362358 427.3307066 0.0000000
v 778.9404832 434.1733660 0.0000000
v 775.2014495 437.3216948 0.0000000
v 770.9668904 425.1998532 0.0000000
v 779.4061179 433.7369225 0.0000000
v 776.2762728 419.5426746 0.0000000
v 786.3123598 426.3425079 0.0000000
v 782.9751857 430.0126883 0.0000000
v 787.7768796 423.3763175 0.0000000
v 788.9736586 401.7069839 0.0000000
v 789.7139805 406.6504232 0.0000000
v 777.7689278 407.9108976 0.0000000
v 789.7782627 407.6896373 0.0000000
v 777.1107406 403.5159065 0.0000000
v 776.4437853 399.3650734 0.0000000
v 787.7507957 395.2757295 0.0000000
v 788.1719117 396.7151171 0.0000000
v 785.7586524 390.6912956 0.0000000
v 772.7875337 390.9510981 0.0000000
v 783.7114898 385.9840355 0.0000000
v 783.7665092 386.1068617 0.0000000
v 771.0474594 387.1804542 0.0000000
v 780.8188369 380.1730139 0.0000000
v 781.6229966 381.4583872 0.0000000
v 770.9223377 368.1243589 0.0000000
v 771.3229176 368.5670441 0.0000000
v 762.2247434 376.3972775 0.0000000
v 767.4027287 364.6039225 0.0000000
v 759.0914614 373.2632589 0.0000000
v 763.2256116 361.0370114 0.0000000
v 767.0388817 364.2688282 0.0000000
v 751.6690286 366.9726100 0.0000000
v 759.3817122 357.7794107 0.0000000
v 759.4123415 357.8051945 0.0000000
v 747.9440963 363.8581310 0.0000000
v 755.3564811 354.4203588 0.0000000
v 755.5474839 354.5735476 0.0000000
v 732.2166534 351.7632790 0.0000000
v 739.5069966 342.2316533 0.0000000
v 743.4693677 345.2788297 0.0000000
v 739.4568418 342.1935003 0.0000000
v 728.2612216 348.7870243 0.0000000
v 735.4358882 339.1680617 0.0000000
v 735.4628032 339.1881960 0.0000000
v 720.2528475 342.8311137 0.0000000
v 727.4140284 333.2021216 0.0000000
v 731.4249583 336.1850917 0.0000000
v 716.2419176 339.8481437 0.0000000
v 719.3921685 327.2361816 0.0000000
v 723.4030984 330.2191516 0.0000000
v 704.2091278 330.8992336 0.0000000
v 711.3703087 321.2702415 0.0000000
v 715.3812386 324.2532116 0.0000000
v 696.1872680 324.9332936 0.0000000
v 703.3484488 315.3043015 0.0000000
v 707.3593788 318.2872715 0.0000000
v 688.1654081 318.9673535 0.0000000
v 695.3265890 309.3383614 0.0000000
v 699.3375189 312.3213315 0.0000000
v 684.1544782 315.9843835 0.0000000
v 687.3047292 303.3724214 0.0000000
v 691.3156591 306.3553914 0.0000000
v 676.1326184 310.0184434 0.0000000
v 679.2960614 297.4162924 0.0000000
v 683.2937992 300.3894514 0.0000000
v 648.3186539 266.2332964 0.0000000
v 651.7831445 269.8364858 0.0000000
v 639.6685197 274.5504580 0.0000000
v 644.8541633 262.6301070 0.0000000
v 636.2040291 270.9472686 0.0000000
v 641.3896727 259.0269176 0.0000000
v 632.7395385 267.3440792 0.0000000
v 629.2750479 263.7408898 0.0000000
v 625.8105573 260.1377004 0.0000000
v 637.9251821 255.4237282 0.0000000
v 618.9132704 252.9642848 0.0000000
v 627.4678230 244.5487206 0.0000000
v 627.5317103 244.6141600 0.0000000
v 615.4593072 249.4799363 0.0000000
v 623.9492271 240.9991709 0.0000000
v 623.8838491 240.9342230 0.0000000
v 630.9962009 248.2173494 0.0000000
v 594.3918358 192.1149210 0.0000000
v 596.4104204 196.6877741 0.0000000
v 585.4324261 201.5337663 0.0000000
v 588.3360820 178.3963618 0.0000000
v 590.3546666 182.9692149 0.0000000
v 577.3580877 183.2423540 0.0000000
v 586.3174974 173.8235087 0.0000000
v 575.3395031 178.6695009 0.0000000
v 573.3209185 174.0966478 0.0000000
v 582.2803283 164.6778026 0.0000000
v 584.2989128 169.2506557 0.0000000
v 571.5167613 170.0095534 0.0000000
v 581.7694980 163.7514922 0.0000000
v 578.9835849 159.6107124 0.0000000
v 566.3676645 162.5054355 0.0000000
v 576.0600225 155.4258123 0.0000000
v 578.9234122 159.5229660 0.0000000
v 563.9475694 159.5939880 0.0000000
v 560.5181516 157.3489235 0.0000000
v 567.0907884 147.3089810 0.0000000
v 556.4180788 154.6648155 0.0000000
v 552.3738414 152.2021854 0.0000000
v 548.1130491 149.9116313 0.0000000
v 553.7950944 139.3421298 0.0000000
v 544.4235890 147.9282190 0.0000000
v 543.0913659 135.3131691 0.0000000
v 547.8897986 136.4112266 0.0000000
v 540.7469355 147.0868657 0.0000000
v 542.4200554 135.1991848 0.0000000
v 526.0299106 133.5510194 0.0000000
v 527.5173335 133.5318811 0.0000000
v 526.9280149 145.5408167 0.0000000
v 521.0953230 134.2320631 0.0000000
v 522.8179597 146.1080632 0.0000000
v 516.0007458 135.0767253 0.0000000
v 520.9316336 134.2569607 0.0000000
v 503.1760812 149.3735431 0.0000000
v 496.2771943 138.3557834 0.0000000
v 501.2080822 137.5360188 0.0000000
v 493.3143055 151.0130721 0.0000000
v 486.4154186 139.9953124 0.0000000
v 491.3463065 139.1755479 0.0000000
v 483.4525297 152.6526011 0.0000000
v 476.5536429 141.6348414 0.0000000
v 481.4845307 140.8150769 0.0000000
v 405.3680288 109.1571061 0.0000000
v 408.4647524 113.0808761 0.0000000
v 395.9482803 116.5913739 0.0000000
v 355.8204505 46.3767847 0.0000000
v 358.9171742 50.3005548 0.0000000
v 349.4974257 57.7348227 0.0000000
v 340.2072548 45.9635124 0.0000000
v 337.1105311 42.0397424 0.0000000
v 349.6270032 38.5292446 0.0000000
v 340.3368323 26.7579343 0.0000000
v 343.4335559 30.6817044 0.0000000
v 334.0138075 38.1159723 0.0000000
v 327.8203602 30.2684321 0.0000000
v 324.7236365 26.3446620 0.0000000
v 337.2401087 22.8341643 0.0000000
v 321.6269129 22.4208919 0.0000000
v 331.0466614 14.9866241 0.0000000
v 318.5301892 18.4971219 0.0000000
v 315.4334656 14.5733518 0.0000000
v 327.9499377 11.0628540 0.0000000
v 318.6597668 -0.7084562 0.0000000
v 321.7564904 3.2153138 0.0000000
v 312.3367420 10.6495817 0.0000000
v 309.2400183 6.7258116 0.0000000
v 306.1432947 2.8020415 0.0000000
v 299.9498474 -5.0454986 0.0000000
v 309.3695959 -12.4797665 0.0000000
v 303.1761486 -20.3273067 0.0000000
v 306.2728722 -16.4035366 0.0000000
v 296.8531237 -8.9692687 0.0000000
v 293.7564001 -12.8930388 0.0000000
v 290.8233825 -16.6093816 0.0000000
v 292.2264169 -31.9612252 0.0000000
v 295.9523694 -28.6291167 0.0000000
v 287.7628638 -19.8543191 0.0000000
v 284.2270634 -23.0163751 0.0000000
v 288.5004644 -35.2933337 0.0000000
v 281.1511840 -25.7671251 0.0000000
v 282.7242989 -38.2940608 0.0000000
v 287.0617122 -36.2469261 0.0000000
v 278.3735665 -27.0780809 0.0000000
v 281.1112007 -38.7927058 0.0000000
v 269.9680309 -28.4227969 0.0000000
v 271.2395939 -40.3719636 0.0000000
v 276.1753973 -39.5823347 0.0000000
v 267.8162957 -28.3123903 0.0000000
v 261.9331976 -38.9408526 0.0000000
v 265.3130808 -40.1997352 0.0000000
v 263.5263083 -39.8302682 0.0000000
v 252.2124251 -30.4114399 0.0000000
v 254.0467346 -32.7970445 0.0000000
v 262.6475704 -24.2857872 0.0000000
v 250.3450240 -26.0192920 0.0000000
v 261.5978588 -21.8168540 0.0000000
v 248.9063087 -20.1306217 0.0000000
v 250.0165476 -25.0043306 0.0000000
v 247.1754924 -9.5963538 0.0000000
v 247.6769402 -14.5308458 0.0000000
v 259.1523432 -8.7603948 0.0000000
v 247.1466179 -8.8400403 0.0000000
v 259.2676058 -4.1424536 0.0000000
v 247.3960661 1.1539805 0.0000000
v 247.2713420 -3.8430299 0.0000000
v 247.6881598 11.7277971 0.0000000
v 247.6455143 11.1480013 0.0000000
v 259.6345166 10.5576454 0.0000000
v 248.2946063 16.6786483 0.0000000
v 260.1894478 15.0879410 0.0000000
v 249.1591458 21.8709586 0.0000000
v 248.3326746 16.9411904 0.0000000
v 261.8204532 24.8166273 0.0000000
v 250.8120881 31.7304950 0.0000000
v 249.9856169 26.8007268 0.0000000
v 265.9528089 49.4654682 0.0000000
v 254.9444438 56.3793359 0.0000000
v 254.1179726 51.4495677 0.0000000
v 269.2586934 69.1845410 0.0000000
v 258.2503283 76.0984087 0.0000000
v 257.4238572 71.1686405 0.0000000
v 272.5645780 88.9036138 0.0000000
v 261.5562129 95.8174815 0.0000000
v 260.7297417 90.8877133 0.0000000
v 275.8704625 108.6226866 0.0000000
v 264.8620974 115.5365543 0.0000000
v 264.0356263 110.6067861 0.0000000
v 279.1763471 128.3417593 0.0000000
v 268.1679820 135.2556270 0.0000000
v 267.3415109 130.3258588 0.0000000
v 282.4822317 148.0608321 0.0000000
v 271.4738666 154.9746998 0.0000000
v 270.6473954 150.0449316 0.0000000
v 284.9616451 162.8501367 0.0000000
v 273.1268088 164.8342362 0.0000000
v 272.3003377 159.9044680 0.0000000
v 285.7881162 167.7799049 0.0000000
v 274.7792382 174.6907130 0.0000000
v 273.9532800 169.7640044 0.0000000
v 290.4935715 197.4795786 0.0000000
v 278.6335503 199.3071168 0.0000000
v 277.8722943 194.3668579 0.0000000
v 292.7773395 212.3003554 0.0000000
v 280.9173182 214.1278936 0.0000000
v 280.1560623 209.1876347 0.0000000
v 295.8223634 232.0613911 0.0000000
v 283.9623422 233.8889293 0.0000000
v 283.2010862 228.9486704 0.0000000
v 298.1061314 246.8821679 0.0000000
v 286.2461101 248.7097061 0.0000000
v 285.4848541 243.7694472 0.0000000
v 300.3898993 261.7029447 0.0000000
v 288.5298781 263.5304829 0.0000000
v 287.7686221 258.5902240 0.0000000
v 302.6762358 276.5405487 0.0000000
v 291.5433068 283.1775651 0.0000000
v 290.8123498 278.3428479 0.0000000
v 305.1956514 296.5749780 0.0000000
v 293.7669537 302.1502914 0.0000000
v 293.2772302 297.9718442 0.0000000
v 303.4384154 318.0842493 0.0000000
v 290.8135530 320.6122315 0.0000000
v 291.6098141 316.0627402 0.0000000
v 261.9614512 361.1041457 0.0000000
v 265.7437524 357.8361392 0.0000000
v 273.5892171 366.9162649 0.0000000
v 254.3968488 367.6401588 0.0000000
v 262.2423135 376.7202845 0.0000000
v 258.4600123 379.9882911 0.0000000
v 250.6145476 370.9081653 0.0000000
v 254.6777112 383.2562976 0.0000000
v 239.2676441 380.7121850 0.0000000
v 246.8322465 374.1761719 0.0000000
v 212.2733539 376.2105300 0.0000000
v 223.5014027 369.6594545 0.0000000
v 224.1666161 374.6135599 0.0000000
v 208.9472866 351.4400031 0.0000000
v 220.8405488 349.8430330 0.0000000
v 221.5057623 354.7971384 0.0000000
v 206.2864327 331.6235816 0.0000000
v 216.1840546 315.1642954 0.0000000
v 218.1796950 330.0266115 0.0000000
v 200.9647250 291.9907387 0.0000000
v 211.5275603 280.4855578 0.0000000
v 212.8579872 290.3937686 0.0000000
v 191.8561792 176.9880897 0.0000000
v 191.5817254 171.9970634 0.0000000
v 203.5637606 171.3406796 0.0000000
v 203.0240957 161.3615246 0.0000000
v 203.2936220 166.3523696 0.0000000
v 191.0415562 162.0086314 0.0000000
v 190.5024552 152.0260443 0.0000000
v 190.2329046 147.0347507 0.0000000
v 202.2154441 146.3876439 0.0000000
v 189.9633541 142.0434571 0.0000000
v 189.4242530 132.0608700 0.0000000
v 201.4067925 131.4137632 0.0000000
v 200.8676915 121.4311761 0.0000000
v 201.1372420 126.4224697 0.0000000
v 188.8851520 122.0782829 0.0000000
v 188.0765004 107.1044022 0.0000000
v 187.8069498 102.1131086 0.0000000
v 200.0590399 106.4572954 0.0000000
v 187.2678488 92.1305215 0.0000000
v 199.7894893 101.4660018 0.0000000
v 186.9982982 87.1392279 0.0000000
v 199.2503883 91.4834147 0.0000000
v 182.4928772 -2.8232560 0.0000000
v 182.3093583 -7.8184526 0.0000000
v 194.3012679 -8.2590244 0.0000000
v 193.3836731 -33.2350078 0.0000000
v 193.5671921 -28.2398111 0.0000000
v 181.3917635 -32.7944360 0.0000000
v 193.0166352 -43.2254011 0.0000000
v 193.2001541 -38.2302045 0.0000000
v 181.0247256 -42.7848293 0.0000000
v 180.8412066 -47.7800260 0.0000000
v 180.6576876 -52.7752227 0.0000000
v 192.8331162 -48.2205978 0.0000000
v 192.2825593 -63.2061878 0.0000000
v 192.6495973 -53.2157945 0.0000000
v 192.0990404 -68.2013845 0.0000000
v 180.2906497 -62.7656160 0.0000000
v 179.9236118 -72.7560094 0.0000000
v 179.7400928 -77.7512060 0.0000000
v 191.9155214 -73.1965812 0.0000000
v 179.3730549 -87.7415994 0.0000000
v 179.1895360 -92.7367960 0.0000000
v 191.3649645 -88.1821712 0.0000000
v 190.9979266 -98.1725645 0.0000000
v 191.1814456 -93.1773678 0.0000000
v 190.8144077 -103.1677612 0.0000000
v 179.0060170 -97.7319927 0.0000000
v 190.4473697 -113.1581545 0.0000000
v 190.6308887 -108.1629578 0.0000000
v 178.6389791 -107.7223860 0.0000000
v 190.0803318 -123.1485478 0.0000000
v 190.2638508 -118.1533512 0.0000000
v 178.2719412 -117.7127794 0.0000000
v 189.8968129 -128.1437445 0.0000000
v 177.9049032 -127.7031727 0.0000000
v 173.4657094 -237.5563457 0.0000000
v 173.2609476 -242.5507167 0.0000000
v 185.2508750 -243.0422859 0.0000000
v 188.5270640 -163.1323501 0.0000000
v 188.7318258 -158.1379791 0.0000000
v 176.5371366 -162.6407809 0.0000000
v 186.0699223 -223.0648020 0.0000000
v 186.2746841 -218.0704310 0.0000000
v 174.2847566 -217.5788617 0.0000000
v 186.6842077 -208.0816890 0.0000000
v 186.8889695 -203.0873180 0.0000000
v 187.2984931 -193.0985761 0.0000000
v 174.8990421 -202.5957488 0.0000000
v 175.5133275 -187.6126358 0.0000000
v 175.3085657 -192.6070068 0.0000000
v 187.5032549 -188.1042051 0.0000000
v 174.6942803 -207.5901198 0.0000000
v 188.3223022 -168.1267211 0.0000000
v 177.3547961 -142.6765203 0.0000000
v 177.1514012 -147.6581758 0.0000000
v 189.1413910 -148.1482213 0.0000000
v 185.0461132 -248.0366569 0.0000000
v 173.0561858 -247.5450877 0.0000000
v 184.8413514 -253.0310279 0.0000000
v 172.8514240 -252.5394587 0.0000000
v 178.4554601 -112.7175827 0.0000000
v 171.7169172 -293.3222606 0.0000000
v 172.2135003 -298.2960996 0.0000000
v 183.6708221 -292.2630178 0.0000000
v 185.1473028 -307.0516365 0.0000000
v 184.6507198 -302.0777975 0.0000000
v 173.2066663 -308.2437776 0.0000000
v 179.8960906 -324.3868011 0.0000000
v 192.2950774 -321.3507429 0.0000000
v 189.8796501 -317.7288329 0.0000000
v 210.5564252 -330.5747455 0.0000000
v 206.4223062 -329.7301407 0.0000000
v 208.1544286 -342.3318886 0.0000000
v 213.0518339 -343.3324336 0.0000000
v 217.9492392 -344.3329786 0.0000000
v 215.4538305 -331.5752906 0.0000000
v 252.6609426 -330.6062324 0.0000000
v 247.9002518 -331.5423783 0.0000000
v 254.9762918 -342.3807455 0.0000000
v 284.9760928 -333.4955586 0.0000000
v 284.2787278 -320.5148286 0.0000000
v 279.7742251 -322.6816522 0.0000000
v 293.9850982 -329.1619115 0.0000000
v 288.7832305 -318.3480051 0.0000000
v 316.0513375 -315.5818076 0.0000000
v 313.2099899 -302.8966820 0.0000000
v 309.1274165 -305.7808220 0.0000000
v 350.5811389 -283.3035991 0.0000000
v 353.1730003 -279.0295000 0.0000000
v 340.6571491 -276.5259665 0.0000000
v 358.3567232 -270.4813018 0.0000000
v 348.0959440 -264.2590506 0.0000000
v 345.5040826 -268.5331497 0.0000000
v 380.3257246 -219.0680942 0.0000000
v 382.1185341 -214.4020999 0.0000000
v 369.1241271 -214.7641176 0.0000000
v 385.7041531 -205.0701112 0.0000000
v 387.4969626 -200.4041169 0.0000000
v 376.2953651 -196.1001403 0.0000000
v 378.0881746 -191.4341460 0.0000000
v 389.2196740 -195.9205610 0.0000000
v 391.1776070 -191.6733901 0.0000000
v 380.3300367 -186.5406921 0.0000000
v 387.2516501 -172.9683905 0.0000000
v 384.9793393 -177.4206116 0.0000000
v 395.6677339 -182.8757213 0.0000000
v 397.9400447 -178.4235002 0.0000000
v 400.2123554 -173.9712791 0.0000000
v 402.3694196 -169.7448648 0.0000000
v 389.5239609 -168.5161694 0.0000000
v 394.6695262 -159.4033601 0.0000000
v 392.0454020 -163.6228610 0.0000000
v 404.6366448 -166.0992451 0.0000000
v 395.1635874 -158.7209314 0.0000000
v 407.5739046 -162.5900006 0.0000000
v 401.5801987 -151.0547867 0.0000000
v 398.3718930 -154.8878591 0.0000000
v 416.8745514 -151.6561341 0.0000000
v 412.7247785 -139.5219837 0.0000000
v 408.8695835 -142.7036719 0.0000000
v 408.1883789 -143.3629744 0.0000000
v 464.9112765 -122.7624197 0.0000000
v 466.8725916 -109.9117811 0.0000000
v 462.0211621 -111.1156503 0.0000000
v 431.7607746 -139.3705506 0.0000000
v 435.4902945 -136.7222068 0.0000000
v 428.7015678 -126.8251757 0.0000000
v 433.2814586 -123.9866222 0.0000000
v 429.0265794 -126.6099163 0.0000000
v 451.9276656 -126.5879455 0.0000000
v 451.4828335 -113.7970708 0.0000000
v 446.9144250 -115.6743567 0.0000000
v 455.6362048 -125.0640037 0.0000000
v 452.3183032 -113.5233885 0.0000000
v 474.6141355 -120.3546814 0.0000000
v 471.7240211 -108.7079120 0.0000000
v 479.1827678 -119.2209876 0.0000000
v 477.1465140 -107.3914243 0.0000000
v 476.5754506 -107.5040428 0.0000000
v 483.4252112 -118.5963469 0.0000000
v 482.0608238 -106.6678606 0.0000000
v 487.8299374 -106.5191723 0.0000000
v 482.8321032 -106.6047431 0.0000000
v 514.1774664 -106.2232965 0.0000000
v 512.8191083 -106.0913181 0.0000000
v 512.3378043 -118.1013175 0.0000000
v 519.0561681 -107.2674012 0.0000000
v 516.4966950 -118.9913734 0.0000000
v 519.1523641 -107.2888160 0.0000000
v 530.9364105 -122.3305949 0.0000000
v 535.1061032 -123.4806851 0.0000000
v 534.0060088 -110.7291575 0.0000000
v 544.3061769 -114.5736837 0.0000000
v 539.7945143 -112.4218080 0.0000000
v 538.8068780 -112.0533396 0.0000000
v 557.1868453 -134.0122816 0.0000000
v 562.3528277 -123.1811863 0.0000000
v 557.8411650 -121.0293106 0.0000000
v 561.6823808 -136.1564653 0.0000000
v 566.8966985 -125.3485417 0.0000000
v 566.8644904 -125.3330619 0.0000000
v 566.1377963 -138.3141788 0.0000000
v 571.3953304 -127.5271845 0.0000000
v 589.3560431 -136.4489776 0.0000000
v 584.8793992 -134.2251681 0.0000000
v 579.5407259 -144.9721940 0.0000000
v 598.3093307 -140.8965967 0.0000000
v 593.8326869 -138.6727872 0.0000000
v 588.4940136 -149.4198131 0.0000000
v 601.9239451 -156.0912418 0.0000000
v 606.4005889 -158.3150514 0.0000000
v 607.2626184 -145.3442159 0.0000000
v 633.2604519 -171.6579087 0.0000000
v 637.7370958 -173.8817183 0.0000000
v 638.5991253 -160.9108828 0.0000000
v 647.5524129 -165.3585019 0.0000000
v 643.0757691 -163.1346923 0.0000000
v 642.0899572 -176.0440379 0.0000000
v 652.1540356 -167.9077716 0.0000000
v 647.7970151 -165.4871163 0.0000000
v 646.0006611 -178.2167304 0.0000000
v 652.7801724 -168.3083059 0.0000000
v 656.8159853 -171.2575232 0.0000000
v 657.7480563 -186.8012762 0.0000000
v 664.8876113 -177.1559578 0.0000000
v 660.8517983 -174.2067405 0.0000000
v 661.3422873 -189.5655116 0.0000000
v 669.5363467 -180.7903184 0.0000000
v 668.9614208 -180.2867492 0.0000000
v 668.1564137 -196.3479037 0.0000000
v 676.6218674 -187.8428409 0.0000000
v 674.3674125 -202.7922984 0.0000000
v 683.7133722 -195.2288305 0.0000000
v 680.3535443 -191.5658882 0.0000000
v 684.5697185 -196.4310123 0.0000000
v 680.1646277 -191.3691021 0.0000000
v 671.6024785 -199.7779197 0.0000000
v 700.1102354 -224.5288259 0.0000000
v 699.3099244 -222.2377881 0.0000000
v 688.3789191 -227.3415362 0.0000000
v 700.7524464 -229.3497561 0.0000000
v 688.8049853 -230.5399176 0.0000000
v 700.8049853 -230.1420357 0.0000000
v 696.7412298 -217.9497259 0.0000000
v 688.6013241 -238.4295763 0.0000000
v 699.8322965 -242.8483783 0.0000000
v 700.5050437 -240.4200564 0.0000000
v 684.5933991 -246.0939803 0.0000000
v 695.1996917 -251.7073652 0.0000000
v 697.5159941 -247.2778717 0.0000000
v 682.6647674 -249.6106774 0.0000000
v 691.6505820 -257.6162483 0.0000000
v 692.7472212 -256.1816861 0.0000000
v 684.4531517 -264.5545242 0.0000000
v 669.1777173 -262.5185974 0.0000000
v 672.6621794 -274.9177314 0.0000000
v 676.6546043 -271.9100391 0.0000000
v 677.1452496 -271.4975420 0.0000000
v 653.5419368 -274.2978089 0.0000000
v 660.5279281 -284.0551321 0.0000000
v 660.6849049 -283.9408083 0.0000000
v 649.7927282 -276.9365161 0.0000000
v 656.4470575 -286.9272642 0.0000000
v 655.9256848 -287.2555272 0.0000000
v 661.4492233 -268.3408565 0.0000000
v 664.6773298 -280.9331160 0.0000000
v 668.6697546 -277.9254237 0.0000000
v 346.2846422 -460.6775040 0.0000000
v 350.6457836 -458.2349410 0.0000000
v 344.7819513 -447.7652002 0.0000000
v 340.4208099 -450.2077633 0.0000000
v 336.0596685 -452.6503263 0.0000000
v 341.9235007 -463.1200671 0.0000000
v 337.5623593 -465.5626301 0.0000000
v 331.6985270 -455.0928894 0.0000000
v 322.9762441 -459.9780155 0.0000000
v 318.6151027 -462.4205785 0.0000000
v 324.4789349 -472.8903193 0.0000000
v 314.2539612 -464.8631416 0.0000000
v 309.8928198 -467.3057046 0.0000000
v 320.1177935 -475.3328823 0.0000000
v 307.0343692 -482.6605715 0.0000000
v 311.3955106 -480.2180084 0.0000000
v 301.1705369 -472.1908308 0.0000000
v 298.3120863 -487.5456976 0.0000000
v 302.6732277 -485.1031345 0.0000000
v 296.8093954 -474.6333938 0.0000000
v 292.4482540 -477.0759569 0.0000000
v 288.0871126 -479.5185199 0.0000000
v 289.5898034 -492.4308237 0.0000000
v 293.9509448 -489.9882607 0.0000000
v 285.2286619 -494.8733868 0.0000000
v 279.3648297 -484.4036460 0.0000000
v 275.0036882 -486.8462091 0.0000000
v 280.8675205 -497.3159498 0.0000000
v 266.2814053 -491.7313352 0.0000000
v 261.9202639 -494.1738982 0.0000000
v 267.7840961 -504.6436390 0.0000000
v 241.6172475 -519.2990173 0.0000000
v 245.9783889 -516.8564542 0.0000000
v 235.7534152 -508.8292766 0.0000000
v 231.3922738 -511.2718396 0.0000000
v 227.0311323 -513.7144027 0.0000000
v 237.2561060 -521.7415804 0.0000000
v 228.5338231 -526.6267065 0.0000000
v 232.8949646 -524.1841434 0.0000000
v 224.1726817 -529.0692695 0.0000000
v 222.6699909 -516.1569657 0.0000000
v 218.3088494 -518.5995288 0.0000000
v 213.9477080 -521.0420918 0.0000000
v 215.4503988 -533.9543956 0.0000000
v 219.8115402 -531.5118326 0.0000000
v 209.5865665 -523.4846549 0.0000000
v 205.2254251 -525.9272179 0.0000000
v 211.0892573 -536.3969587 0.0000000
v 202.3669745 -541.2820848 0.0000000
v 206.7281159 -538.8395217 0.0000000
v 196.5031422 -530.8123440 0.0000000
v 192.1420007 -533.2549071 0.0000000
v 198.0058330 -543.7246478 0.0000000
v 187.7808593 -535.6974701 0.0000000
v 183.4197179 -538.1400332 0.0000000
v 193.6446916 -546.1672109 0.0000000
v 184.9224087 -551.0523370 0.0000000
v 189.2835501 -548.6097739 0.0000000
v 180.5612672 -553.4949000 0.0000000
v 179.0585764 -540.5825963 0.0000000
v 176.2001258 -555.9374631 0.0000000
v 170.3362935 -545.4677224 0.0000000
v 171.8389843 -558.3800262 0.0000000
v 165.9751521 -547.9102854 0.0000000
v 163.1167014 -563.2651523 0.0000000
v 167.4778429 -560.8225892 0.0000000
v 161.6140106 -550.3528485 0.0000000
v 157.2528692 -552.7954115 0.0000000
v 152.8917277 -555.2379746 0.0000000
v 148.5305863 -557.6805376 0.0000000
v 154.3944186 -568.1502784 0.0000000
v 144.1694448 -560.1231007 0.0000000
v 150.0332771 -570.5928414 0.0000000
v 145.6721357 -573.0354045 0.0000000
v 139.8083034 -562.5656637 0.0000000
v 141.3109942 -575.4779675 0.0000000
v 135.4471620 -565.0082268 0.0000000
v 131.0860205 -567.4507898 0.0000000
v 126.7248791 -569.8933529 0.0000000
v 136.9498528 -577.9205306 0.0000000
v 122.3637376 -572.3359160 0.0000000
v 128.2275699 -582.8056567 0.0000000
v 115.1441455 -590.1333459 0.0000000
v 119.5052870 -587.6907828 0.0000000
v 109.2803133 -579.6636051 0.0000000
v 106.4218627 -595.0184720 0.0000000
v 110.7830041 -592.5759089 0.0000000
v 104.9191718 -582.1061682 0.0000000
v 102.0607212 -597.4610350 0.0000000
v 96.1968889 -586.9912943 0.0000000
v 93.3384383 -602.3461611 0.0000000
v 97.6995798 -599.9035981 0.0000000
v 91.8357475 -589.4338573 0.0000000
v 83.1134646 -594.3189834 0.0000000
v 78.7523232 -596.7615465 0.0000000
v 88.9772969 -604.7887242 0.0000000
v 75.8938725 -612.1164133 0.0000000
v 84.6161554 -607.2312872 0.0000000
v 71.5327311 -614.5589764 0.0000000
v 65.6688988 -604.0892356 0.0000000
v 62.8104482 -619.4441025 0.0000000
v 67.1715896 -617.0015394 0.0000000
v 61.3077574 -606.5317987 0.0000000
v 54.0881653 -624.3292286 0.0000000
v 58.4493068 -621.8866656 0.0000000
v 52.5854745 -611.4169248 0.0000000
v 49.7270239 -626.7717917 0.0000000
v 48.2243330 -613.8594879 0.0000000
v 45.3658824 -629.2143547 0.0000000
v 39.5442820 -618.7209610 0.0000000
v 40.8816819 -631.6325251 0.0000000
v 45.2810427 -629.2609762 0.0000000
v 35.2337124 -621.0446456 0.0000000
v 40.7888870 -631.6815054 0.0000000
v 29.4444006 -636.9331078 0.0000000
v 31.9073135 -636.2706587 0.0000000
v 27.5581634 -625.0106400 0.0000000
v 24.4705149 -637.1749321 0.0000000
v 14.9462690 -625.4677117 0.0000000
v 12.8220585 -624.8524337 0.0000000
v 12.5176071 -637.2574956 0.0000000
v 8.0735118 -635.9702624 0.0000000
v 5.6013726 -634.5486446 0.0000000
v 10.4845972 -622.6226898 0.0000000
v 1.5717741 -630.6633197 0.0000000
v 1.9844964 -631.0984453 0.0000000
v 7.9977921 -619.7235075 0.0000000
v -2.5129227 -625.5701662 0.0000000
v -1.6388466 -626.9202942 0.0000000
v -15.2904710 -598.4368225 0.0000000
v -13.1608796 -602.9590464 0.0000000
v -2.3044300 -597.8465616 0.0000000
v -12.9523869 -575.2354418 0.0000000
v -15.0819782 -570.7132178 0.0000000
v -23.8088365 -580.3479266 0.0000000
v -16.9910375 -566.6592977 0.0000000
v -25.9384279 -575.8257027 0.0000000
v -28.0680192 -571.3034787 0.0000000
v -29.7305675 -565.5838299 0.0000000
v -28.4256190 -570.3360202 0.0000000
v -18.0281947 -562.8823147 0.0000000
v -29.9124454 -564.6167601 0.0000000
v -19.0129338 -553.4300125 0.0000000
v -31.4662851 -549.7017810 0.0000000
v -30.9483385 -554.6734407 0.0000000
v -20.0165515 -543.7964973 0.0000000
v -32.0168863 -539.1138646 0.0000000
v -32.0165292 -544.1088361 0.0000000
v -8.6932041 -584.2798897 0.0000000
v -10.8227955 -579.7576657 0.0000000
v -19.5496537 -589.3923745 0.0000000
v -19.7417918 -519.2037924 0.0000000
v -31.6717350 -514.0402545 0.0000000
v -31.7406512 -519.0383461 0.0000000
v -19.4503219 -499.2773201 0.0000000
v -31.4477770 -499.0260856 0.0000000
v -31.5335887 -504.0237883 0.0000000
v -31.4455424 -498.9356584 0.0000000
v -31.2843940 -493.9396900 0.0000000
v -18.6460385 -474.3426833 0.0000000
v -30.4786524 -468.9598480 0.0000000
v -30.6398008 -473.9558164 0.0000000
v -18.1625935 -459.3547781 0.0000000
v -29.9952075 -453.9719428 0.0000000
v -30.1563558 -458.9679112 0.0000000
v -17.1957036 -429.3789677 0.0000000
v -29.0283176 -423.9961325 0.0000000
v -29.1894659 -428.9921009 0.0000000
v -17.0345553 -424.3829993 0.0000000
v -28.8671693 -419.0001641 0.0000000
v -16.2288137 -399.4031574 0.0000000
v -28.0614277 -394.0203221 0.0000000
v -28.2225760 -399.0162905 0.0000000
v -15.9065171 -389.4112206 0.0000000
v -27.7391310 -384.0283853 0.0000000
v -27.9002794 -389.0243537 0.0000000
v -14.9396271 -359.4354102 0.0000000
v -26.7722411 -354.0525749 0.0000000
v -26.9333894 -359.0485433 0.0000000
v -13.6504406 -319.4676631 0.0000000
v -25.4830546 -314.0848278 0.0000000
v -25.6442029 -319.0807962 0.0000000
v -13.3281440 -309.4757263 0.0000000
v -24.5161647 -284.1090174 0.0000000
v -25.3219063 -309.0888594 0.0000000
v -10.2921694 -239.7854303 0.0000000
v -21.9253870 -233.9842306 0.0000000
v -22.2645192 -238.9712797 0.0000000
v -10.6313016 -244.7724793 0.0000000
v -22.6036514 -243.9583287 0.0000000
v -23.2819157 -253.9324269 0.0000000
v -11.6446486 -259.6740774 0.0000000
v -23.6279614 -259.0386429 0.0000000
v -23.8677787 -264.0306689 0.0000000
v -23.6210479 -258.9194759 0.0000000
v -14.2950339 -339.4515366 0.0000000
v -26.1276479 -334.0687014 0.0000000
v -26.2887962 -339.0646698 0.0000000
v -8.9356407 -219.8372340 0.0000000
v -20.9079905 -219.0230834 0.0000000
v -21.2471227 -224.0101325 0.0000000
v -8.2573764 -209.8631359 0.0000000
v -20.2297261 -209.0489853 0.0000000
v -20.5688583 -214.0360344 0.0000000
v -20.0168834 -539.1545847 0.0000000
v -19.5308803 -548.4583528 0.0000000
v -4.4340213 -593.3243376 0.0000000
v -6.5636127 -588.8021136 0.0000000
v -11.0312882 -607.4812704 0.0000000
v -0.1748386 -602.3687855 0.0000000
v -8.9016968 -612.0034943 0.0000000
v -4.6425141 -621.0479423 0.0000000
v 6.2139355 -615.9354574 0.0000000
v 257.5591224 -496.6164613 0.0000000
v 263.4229547 -507.0862020 0.0000000
v 276.5063790 -499.7585129 0.0000000
v 270.6425468 -489.2887721 0.0000000
v 315.7566520 -477.7754454 0.0000000
v 327.3373856 -457.5354524 0.0000000
v 333.2012178 -468.0051932 0.0000000
v 362.2265171 -437.9949480 0.0000000
v 357.8653757 -440.4375111 0.0000000
v 363.7292079 -450.9072518 0.0000000
v 366.5876586 -435.5523850 0.0000000
v 368.0903494 -448.4646887 0.0000000
v 370.9488000 -433.1098219 0.0000000
v 376.8126323 -443.5795626 0.0000000
v 385.5349152 -438.6944365 0.0000000
v 389.8960566 -436.2518735 0.0000000
v 384.0322244 -425.7821327 0.0000000
v 394.2571981 -433.8093104 0.0000000
v 398.6183395 -431.3667474 0.0000000
v 388.3933658 -423.3395697 0.0000000
v 402.9794810 -428.9241843 0.0000000
v 407.3406224 -426.4816213 0.0000000
v 397.1156487 -418.4544436 0.0000000
v 416.0629053 -421.5964952 0.0000000
v 410.1990730 -411.1267544 0.0000000
v 420.4240467 -419.1539321 0.0000000
v 424.7851882 -416.7113690 0.0000000
v 418.9213559 -406.2416283 0.0000000
v 423.2824974 -403.7990653 0.0000000
v 429.1463296 -414.2688060 0.0000000
v 436.3659217 -396.4713761 0.0000000
v 432.0047803 -398.9139391 0.0000000
v 442.2297540 -406.9411168 0.0000000
v 446.5908954 -404.4985538 0.0000000
v 440.7270631 -394.0288130 0.0000000
v 453.8104875 -386.7011239 0.0000000
v 449.4493460 -389.1436869 0.0000000
v 455.3131783 -399.6134277 0.0000000
v 464.0354612 -394.7283016 0.0000000
v 468.3966026 -392.2857385 0.0000000
v 458.1716289 -384.2585608 0.0000000
v 472.7577441 -389.8431755 0.0000000
v 462.5327704 -381.8159978 0.0000000
v 477.1188855 -387.4006124 0.0000000
v 481.4800270 -384.9580494 0.0000000
v 471.2550533 -376.9308717 0.0000000
v 485.8411684 -382.5154863 0.0000000
v 490.2023099 -380.0729232 0.0000000
v 484.3384776 -369.6031825 0.0000000
v 503.2857342 -372.7452341 0.0000000
v 507.6468756 -370.3026710 0.0000000
v 497.4219019 -362.2754933 0.0000000
v 519.2276092 -350.0626781 0.0000000
v 506.1441848 -357.3903672 0.0000000
v 512.0080171 -367.8601080 0.0000000
v 532.3110335 -342.7349889 0.0000000
v 523.5887506 -347.6201150 0.0000000
v 529.4525829 -358.0898558 0.0000000
v 538.1748658 -353.2047297 0.0000000
v 542.5360072 -350.7621666 0.0000000
v 546.8971487 -348.3196035 0.0000000
v 541.0333164 -337.8498628 0.0000000
v 551.2582901 -345.8770405 0.0000000
v 555.6194316 -343.4344774 0.0000000
v 545.3944578 -335.4072998 0.0000000
v 568.7028559 -336.1067883 0.0000000
v 573.0639973 -333.6642252 0.0000000
v 562.8390236 -325.6370475 0.0000000
v 577.4251388 -331.2216622 0.0000000
v 567.2001651 -323.1944845 0.0000000
v 581.7862802 -328.7790991 0.0000000
v 575.9224480 -318.3093584 0.0000000
v 584.6447309 -313.4242323 0.0000000
v 580.2835894 -315.8667953 0.0000000
v 586.1474217 -326.3365361 0.0000000
v 590.5085631 -323.8939730 0.0000000
v 594.8697046 -321.4514100 0.0000000
v 593.3670137 -308.5391062 0.0000000
v 589.0058723 -310.9816692 0.0000000
v 599.2308460 -319.0088469 0.0000000
v 606.4504381 -301.2114170 0.0000000
v 602.0892966 -303.6539801 0.0000000
v 607.9531289 -314.1237208 0.0000000
v 612.3142703 -311.6811577 0.0000000
v 616.6754118 -309.2385947 0.0000000
v 625.3976947 -304.3534686 0.0000000
v 619.5338624 -293.8837278 0.0000000
v 628.2561453 -288.9986017 0.0000000
v 623.8950039 -291.4411648 0.0000000
v 629.7588361 -301.9109055 0.0000000
v 634.1199776 -299.4683425 0.0000000
v 638.4811190 -297.0257794 0.0000000
v 641.3395696 -281.6709126 0.0000000
v 632.6172868 -286.5560387 0.0000000
v 657.4567984 -271.3485488 0.0000000
v 665.4416481 -265.3331643 0.0000000
v 681.2005955 -215.3506132 0.0000000
v 681.3095404 -215.5402365 0.0000000
v 691.6600411 -209.4674204 0.0000000
v 678.7902097 -210.9723978 0.0000000
v 689.3134235 -205.2050331 0.0000000
v 678.7683150 -210.9322672 0.0000000
v 665.0053366 -177.2442214 0.0000000
v 649.7358342 -180.9462517 0.0000000
v 620.6925499 -152.0156445 0.0000000
v 616.2159061 -149.7918350 0.0000000
v 615.3538766 -162.7626705 0.0000000
v 611.7392622 -147.5680254 0.0000000
v 602.7859746 -143.1204063 0.0000000
v 597.4473012 -153.8674323 0.0000000
v 580.4027554 -132.0013585 0.0000000
v 575.0640821 -142.7483845 0.0000000
v 570.5874382 -140.5245749 0.0000000
v 575.9261116 -129.7775490 0.0000000
v 571.4494677 -127.5537394 0.0000000
v 539.1401945 -125.4047790 0.0000000
v 493.0332005 -118.4318429 0.0000000
v 503.0288689 -118.2607012 0.0000000
v 502.8234399 -106.2624598 0.0000000
v 492.8277716 -106.4336014 0.0000000
v 488.0353663 -118.5174138 0.0000000
v 469.7627060 -121.5585506 0.0000000
v 457.1697326 -112.3195194 0.0000000
v 460.0598471 -123.9662888 0.0000000
v 424.6356174 -129.7124200 0.0000000
v 424.2903638 -129.9769191 0.0000000
v 420.4351687 -133.1586073 0.0000000
v 416.5799736 -136.3402955 0.0000000
v 424.2182149 -145.5954168 0.0000000
v 370.9169366 -210.0981233 0.0000000
v 365.5385081 -224.0961063 0.0000000
v 363.7456986 -228.7621006 0.0000000
v 376.7401056 -228.4000829 0.0000000
v 373.1544866 -237.7320715 0.0000000
v 374.9472961 -233.0660772 0.0000000
v 369.5688676 -247.0640602 0.0000000
v 371.3616771 -242.3980659 0.0000000
v 360.1600796 -238.0940893 0.0000000
v 358.3672701 -242.7600836 0.0000000
v 356.5744606 -247.4260779 0.0000000
v 367.7760581 -251.7300545 0.0000000
v 363.9203716 -261.1960943 0.0000000
v 365.8927649 -256.6181768 0.0000000
v 353.0641804 -256.0661996 0.0000000
v 363.5404462 -261.9331036 0.0000000
v 360.9485847 -266.2072027 0.0000000
v 346.3014406 -288.0001924 0.0000000
v 346.3548199 -287.9448335 0.0000000
v 337.6898085 -279.6430833 0.0000000
v 339.3162623 -295.1521125 0.0000000
v 330.7314973 -286.7674950 0.0000000
v 328.4337524 -306.2578322 0.0000000
v 328.8384950 -305.8799926 0.0000000
v 320.4473749 -297.2971077 0.0000000
v 324.6421636 -309.4831830 0.0000000
v 317.0722995 -300.1681476 0.0000000
v 324.2164842 -309.8135275 0.0000000
v 293.2328848 -316.2075655 0.0000000
v 298.4896009 -326.9950880 0.0000000
v 297.2390411 -314.1793827 0.0000000
v 298.5987512 -326.9412127 0.0000000
v 303.0517412 -324.6868130 0.0000000
v 275.2697224 -324.8484757 0.0000000
v 280.4715901 -335.6623821 0.0000000
v 271.3332261 -326.7420683 0.0000000
v 274.7866946 -338.2516661 0.0000000
v 275.9670873 -337.8292057 0.0000000
v 269.9530804 -339.4295457 0.0000000
v 249.7825397 -343.3947416 0.0000000
v 250.0716511 -343.3451978 0.0000000
v 239.4292695 -344.5289344 0.0000000
v 244.4145167 -344.1642707 0.0000000
v 243.3227992 -332.2120668 0.0000000
v 234.4440224 -344.8935980 0.0000000
v 238.5538259 -332.5609104 0.0000000
v 233.5685787 -332.9255740 0.0000000
v 224.2655013 -345.4509956 0.0000000
v 229.2389119 -345.2702931 0.0000000
v 224.5462309 -333.4328774 0.0000000
v 222.8466445 -345.3335236 0.0000000
v 201.7955843 -340.8297068 0.0000000
v 203.2570233 -341.3313436 0.0000000
v 197.3304659 -338.6187635 0.0000000
v 202.7218983 -327.8978507 0.0000000
v 197.1981865 -338.5512128 0.0000000
v 194.6999480 -323.6753121 0.0000000
v 183.4912250 -329.5304960 0.0000000
v 186.9764630 -332.8993578 0.0000000
v 182.6694488 -328.5454251 0.0000000
v 187.2222159 -313.7440358 0.0000000
v 176.9032569 -319.8728806 0.0000000
v 177.1227325 -320.2281771 0.0000000
v 185.5171392 -310.7559645 0.0000000
v 173.7032494 -313.2176165 0.0000000
v 174.4623123 -315.5952336 0.0000000
v 172.7100833 -303.2699386 0.0000000
v 171.8276149 -277.5113136 0.0000000
v 171.6228531 -282.5056846 0.0000000
v 183.6127805 -282.9972539 0.0000000
v 183.8175423 -278.0028829 0.0000000
v 184.6365896 -258.0253989 0.0000000
v 174.0799948 -222.5732327 0.0000000
v 189.3453064 -143.1538174 0.0000000
v 189.3462560 -143.1293345 0.0000000
v 178.0884222 -122.7079761 0.0000000
v 191.7320025 -78.1917778 0.0000000
v 182.6763962 2.1719407 0.0000000
v 194.6683058 1.7313689 0.0000000
v 194.8518248 6.7265656 0.0000000
v 182.8599152 7.1671374 0.0000000
v 183.0434341 12.1623340 0.0000000
v 195.0353437 11.7217622 0.0000000
v 183.2311875 17.2523424 0.0000000
v 183.2269531 17.1575307 0.0000000
v 195.2171204 16.6695363 0.0000000
v 183.4941413 22.2524115 0.0000000
v 183.4936906 22.2439557 0.0000000
v 195.4769091 21.6095324 0.0000000
v 195.7462313 26.5965983 0.0000000
v 183.7636918 27.2437051 0.0000000
v 184.0332424 32.2349986 0.0000000
v 196.0157819 31.5878918 0.0000000
v 184.3027929 37.2262922 0.0000000
v 196.2853324 36.5791854 0.0000000
v 196.5548829 41.5704790 0.0000000
v 184.5723434 42.2175858 0.0000000
v 197.3635345 56.5443597 0.0000000
v 197.6330851 61.5356533 0.0000000
v 185.3809950 57.1914665 0.0000000
v 185.9200961 67.1740536 0.0000000
v 185.6505456 62.1827600 0.0000000
v 184.8418940 47.2088793 0.0000000
v 196.8244335 46.5617726 0.0000000
v 186.1896466 72.1653472 0.0000000
v 198.1721861 71.5182404 0.0000000
v 198.9808377 86.4921211 0.0000000
v 201.9458936 141.3963504 0.0000000
v 202.4849946 151.3789375 0.0000000
v 202.7545452 156.3702311 0.0000000
v 190.7720057 157.0173378 0.0000000
v 204.1125309 181.3202382 0.0000000
v 204.6614384 191.3022909 0.0000000
v 192.6795404 191.9611688 0.0000000
v 193.2284479 201.9432215 0.0000000
v 192.9539942 196.9521952 0.0000000
v 205.2103459 201.2843437 0.0000000
v 205.4847997 206.2753700 0.0000000
v 193.5029017 206.9342479 0.0000000
v 209.6125000 356.3941085 0.0000000
v 194.6007167 226.8983533 0.0000000
v 194.3262629 221.9073270 0.0000000
v 206.3081609 221.2484491 0.0000000
v 194.0518092 216.9163006 0.0000000
v 206.5826147 226.2394754 0.0000000
v 206.8570684 231.2305018 0.0000000
v 215.5188411 310.2101901 0.0000000
v 203.6255789 311.8071602 0.0000000
v 201.6299385 296.9448440 0.0000000
v 195.6985317 246.8624588 0.0000000
v 195.4240779 241.8714324 0.0000000
v 207.6804297 246.2035809 0.0000000
v 207.9543385 251.1846975 0.0000000
v 208.2315440 255.9388324 0.0000000
v 195.9741081 251.8733027 0.0000000
v 196.2650355 256.8627726 0.0000000
v 196.3082308 257.3120011 0.0000000
v 199.6342981 282.0825279 0.0000000
v 198.9690846 277.1284226 0.0000000
v 207.1315222 236.2215282 0.0000000
v 194.8751704 231.8893797 0.0000000
v 211.6081404 371.2564246 0.0000000
v 224.8009744 379.3378743 0.0000000
v 212.9385673 381.1646353 0.0000000
v 213.0179186 381.6211509 0.0000000
v 218.7412215 394.3520020 0.0000000
v 217.1158874 392.4867376 0.0000000
v 226.9778678 385.5340759 0.0000000
v 222.4276289 397.1333465 0.0000000
v 228.6689816 386.8099984 0.0000000
v 224.6135801 398.1713240 0.0000000
v 233.4301451 398.9288651 0.0000000
v 231.4555723 399.4864346 0.0000000
v 229.4085913 399.3461134 0.0000000
v 230.1787314 387.1798908 0.0000000
v 237.9375150 396.7680121 0.0000000
v 232.3096258 386.1583306 0.0000000
v 242.8426186 393.4400016 0.0000000
v 238.7782912 396.2773645 0.0000000
v 235.7196404 383.7777525 0.0000000
v 247.1131088 389.7923107 0.0000000
v 243.3308076 393.0603173 0.0000000
v 281.1538194 360.3802518 0.0000000
v 277.3715182 363.6482584 0.0000000
v 269.5260535 354.5681326 0.0000000
v 273.3083547 351.3001261 0.0000000
v 277.0249047 348.0889303 0.0000000
v 279.9661106 345.3950089 0.0000000
v 285.0659503 356.9967435 0.0000000
v 289.8573087 352.2489780 0.0000000
v 288.7360208 353.6352375 0.0000000
v 286.7944965 333.7671161 0.0000000
v 299.5612614 333.5062283 0.0000000
v 297.9562331 338.2154013 0.0000000
v 288.1581943 329.7660098 0.0000000
v 299.6445097 333.2421760 0.0000000
v 302.5774084 323.0036704 0.0000000
v 303.4542167 317.9895078 0.0000000
v 305.7547679 303.1088391 0.0000000
v 305.0303834 308.0469115 0.0000000
v 305.7775122 301.5395633 0.0000000
v 304.6137907 291.6103927 0.0000000
v 303.4234377 281.4827134 0.0000000
v 303.4500692 281.6812222 0.0000000
v 301.9124113 271.5834625 0.0000000
v 302.6736672 276.5237215 0.0000000
v 298.8673873 251.8224268 0.0000000
v 299.6286433 256.7626857 0.0000000
v 296.5836194 237.0016500 0.0000000
v 297.3448754 241.9419089 0.0000000
v 294.2998514 222.1808732 0.0000000
v 295.0611074 227.1211322 0.0000000
v 291.2548275 202.4198375 0.0000000
v 292.0160835 207.3600964 0.0000000
v 276.3497824 184.4863400 0.0000000
v 288.2098036 182.6588018 0.0000000
v 288.9710596 187.5990607 0.0000000
v 275.5940915 179.5821968 0.0000000
v 287.4369778 177.6463818 0.0000000
v 287.4485476 177.7185428 0.0000000
v 286.6156101 172.7157927 0.0000000
v 289.7323156 192.5393196 0.0000000
v 279.3948063 204.2473757 0.0000000
v 280.0028182 133.2715275 0.0000000
v 276.6969337 113.5524547 0.0000000
v 273.3910491 93.8333820 0.0000000
v 270.0851646 74.1143092 0.0000000
v 266.7792800 54.3952364 0.0000000
v 251.6385592 36.6602632 0.0000000
v 262.6469243 29.7463955 0.0000000
v 263.4733954 34.6761637 0.0000000
v 259.3923299 0.8545568 0.0000000
v 260.6065642 -17.4652844 0.0000000
v 269.9843088 -40.4394184 0.0000000
v 300.0794249 -24.2510767 0.0000000
v 362.0138978 54.2243249 0.0000000
v 365.1106214 58.1480950 0.0000000
v 368.2073451 62.0718651 0.0000000
v 355.6908730 65.5823629 0.0000000
v 371.3040687 65.9956352 0.0000000
v 358.7875966 69.5061329 0.0000000
v 374.4007924 69.9194052 0.0000000
v 364.9810439 77.3536731 0.0000000
v 371.1744912 85.2012133 0.0000000
v 368.0777675 81.2774432 0.0000000
v 380.5942397 77.7669454 0.0000000
v 383.6909633 81.6907155 0.0000000
v 386.7876869 85.6144856 0.0000000
v 377.3679385 93.0487534 0.0000000
v 389.8844106 89.5382556 0.0000000
v 392.9811342 93.4620257 0.0000000
v 380.4646621 96.9725235 0.0000000
v 386.6581094 104.8200637 0.0000000
v 383.5613858 100.8962936 0.0000000
v 396.0778579 97.3857958 0.0000000
v 399.1745815 101.3095659 0.0000000
v 402.2713052 105.2333360 0.0000000
v 392.8515567 112.6676038 0.0000000
v 411.4958272 116.9214644 0.0000000
v 399.0450040 120.5151440 0.0000000
v 402.2759217 124.6029077 0.0000000
v 402.1417276 124.4389141 0.0000000
v 406.0063250 128.9325443 0.0000000
v 405.5023300 128.4067024 0.0000000
v 414.4176809 120.3662024 0.0000000
v 409.6777468 132.3246426 0.0000000
v 417.8211171 123.5107036 0.0000000
v 420.6920123 142.5009374 0.0000000
v 417.0205905 139.1088391 0.0000000
v 428.3021116 133.1942989 0.0000000
v 426.2209963 145.7555424 0.0000000
v 421.8606816 143.3449201 0.0000000
v 431.9563620 135.2145700 0.0000000
v 426.3633540 145.8317627 0.0000000
v 440.0362267 139.4017339 0.0000000
v 436.7624259 150.9753300 0.0000000
v 435.2394296 150.4315407 0.0000000
v 453.5162569 142.1035138 0.0000000
v 458.0144739 142.4713626 0.0000000
v 457.1724219 154.4425600 0.0000000
v 452.2031652 154.0361912 0.0000000
v 451.5382470 153.9441420 0.0000000
v 462.8734136 142.6469317 0.0000000
v 462.4400978 154.6391057 0.0000000
v 467.4882948 142.8136822 0.0000000
v 473.1496348 154.3487577 0.0000000
v 468.1949428 154.7989048 0.0000000
v 471.8422646 142.4181123 0.0000000
v 473.5907540 154.2921302 0.0000000
v 478.5216419 153.4723657 0.0000000
v 488.3834176 151.8328366 0.0000000
v 498.2451933 150.1933076 0.0000000
v 511.0698579 135.8964898 0.0000000
v 517.9687448 146.9142495 0.0000000
v 513.0378569 147.7340140 0.0000000
v 537.4524814 134.6434169 0.0000000
v 536.1182559 146.5690130 0.0000000
v 589.4695953 210.6794724 0.0000000
v 587.4510107 206.1066193 0.0000000
v 598.4290050 201.2606272 0.0000000
v 600.4475896 205.8334802 0.0000000
v 602.4661742 210.4063333 0.0000000
v 604.3577762 214.6915230 0.0000000
v 591.4881799 215.2523255 0.0000000
v 596.2897931 224.7470470 0.0000000
v 596.2749741 224.7213378 0.0000000
v 606.6789140 218.7415174 0.0000000
v 598.7967267 229.0715068 0.0000000
v 609.1784064 223.0531409 0.0000000
v 603.8105940 237.7204265 0.0000000
v 601.3036604 233.3959667 0.0000000
v 613.7946010 231.0160755 0.0000000
v 608.3108677 242.4864934 0.0000000
v 604.7704852 238.9655441 0.0000000
v 616.7552628 233.9604861 0.0000000
v 608.3460145 242.5211608 0.0000000
v 650.0619915 285.3600262 0.0000000
v 646.5975009 281.7568368 0.0000000
v 658.7121257 277.0428645 0.0000000
v 656.9909727 292.5664050 0.0000000
v 653.5264821 288.9632156 0.0000000
v 665.6411069 284.2492433 0.0000000
v 669.1055975 287.8524327 0.0000000
v 672.5700881 291.4556221 0.0000000
v 660.4554633 296.1695944 0.0000000
v 675.7010210 294.7119000 0.0000000
v 663.9199539 299.7727838 0.0000000
v 668.1025910 304.0121941 0.0000000
v 667.3844445 303.3759732 0.0000000
v 672.0953582 307.0157791 0.0000000
v 672.1216884 307.0354734 0.0000000
v 680.1435483 313.0014135 0.0000000
v 692.1763380 321.9503235 0.0000000
v 708.2200577 333.8822036 0.0000000
v 712.2309876 336.8651737 0.0000000
v 724.2637774 345.8140837 0.0000000
v 751.3941100 351.3731824 0.0000000
v 744.0787896 360.8856000 0.0000000
v 777.6535305 376.3043573 0.0000000
v 768.3660922 383.9032711 0.0000000
v 777.6699130 411.8551765 0.0000000
v 789.6544983 412.6198183 0.0000000
v 741.1424692 434.1490296 0.0000000
v 704.1640114 453.5314049 0.0000000
v 638.0863874 454.1020750 0.0000000
v 652.8086848 451.2516400 0.0000000
v 655.0896867 463.0328551 0.0000000
v 633.1789549 455.0522200 0.0000000
v 598.8269276 461.7032352 0.0000000
v 606.0153620 472.5343053 0.0000000
v 593.9194952 462.6533802 0.0000000
v 601.1079295 473.4844503 0.0000000
v 596.2004971 474.4345953 0.0000000
v 591.2930646 475.3847404 0.0000000
v 586.3856321 476.3348854 0.0000000
v 559.5674679 469.3043953 0.0000000
v 564.4749004 468.3542503 0.0000000
v 561.8484698 481.0856105 0.0000000
v 556.9410373 482.0357555 0.0000000
v 554.6600354 470.2545403 0.0000000
v 539.9377380 473.1049754 0.0000000
v 542.2187399 484.8861905 0.0000000
v 537.3113075 485.8363356 0.0000000
v 535.0303055 474.0551204 0.0000000
v 530.1228731 475.0052654 0.0000000
v 532.4038750 486.7864806 0.0000000
v 527.4964425 487.7366256 0.0000000
v 512.7741451 490.5870607 0.0000000
v 510.4931432 478.8058455 0.0000000
v 505.5857107 479.7559905 0.0000000
v 507.8667127 491.5372057 0.0000000
v 493.1444153 494.3876407 0.0000000
v 490.8634133 482.6064256 0.0000000
v 483.3295503 496.2879308 0.0000000
v 478.4221179 497.2380758 0.0000000
v 476.1411159 485.4568607 0.0000000
v 471.2336835 486.4070057 0.0000000
v 473.5146854 498.1882208 0.0000000
v 453.8849555 501.9888009 0.0000000
v 448.9775231 502.9389459 0.0000000
v 441.7890887 492.1078758 0.0000000
v 446.6965211 491.1577308 0.0000000
v 417.2519263 496.8586009 0.0000000
v 419.5329283 508.6398160 0.0000000
v 397.6221965 500.6591810 0.0000000
v 402.5296289 499.7090360 0.0000000
v 387.8073315 502.5594710 0.0000000
v 399.9031984 512.4403961 0.0000000
v 390.0883334 514.3406862 0.0000000
v 385.1809010 515.2908312 0.0000000
v 380.2734685 516.2409762 0.0000000
v 382.8998991 503.5096160 0.0000000
v 368.1776017 506.3600511 0.0000000
v 377.9924666 504.4597610 0.0000000
v 355.7363062 520.9917013 0.0000000
v 348.5478718 510.1606312 0.0000000
v 353.4553043 509.2104861 0.0000000
v 343.6404393 511.1107762 0.0000000
v 333.8255744 513.0110662 0.0000000
v 319.1032770 515.8615013 0.0000000
v 309.2884121 517.7617913 0.0000000
v 294.5661146 520.6122264 0.0000000
v 284.7512497 522.5125164 0.0000000
v 274.9363848 524.4128065 0.0000000
v 265.1215198 526.3130965 0.0000000
v 250.3992224 529.1635316 0.0000000
v 137.1340806 511.0510418 0.0000000
v 141.8890223 512.5925340 0.0000000
v 133.4334385 522.4661742 0.0000000
v 121.9462275 506.2062206 0.0000000
v 122.8692554 506.4265653 0.0000000
v 119.6213874 517.9884814 0.0000000
v 115.4271937 517.3323907 0.0000000
v 117.0396221 505.4386886 0.0000000
v 106.5828925 504.6485255 0.0000000
v 116.5530234 505.3828056 0.0000000
v 106.9324146 516.7067672 0.0000000
v 99.4873886 506.5813266 0.0000000
v 104.1852325 504.9604337 0.0000000
v 99.2248143 519.5019925 0.0000000
v 94.6507165 508.4019585 0.0000000
v 99.3280133 506.6388466 0.0000000
v 88.1515853 512.0741290 0.0000000
v 84.6396822 515.6311228 0.0000000
v 67.0801665 533.4160922 0.0000000
v 77.6158759 522.7451106 0.0000000
v 63.5682634 536.9730860 0.0000000
v 7.9338777 449.8903400 0.0000000
v 7.7326603 444.8958249 0.0000000
v 19.9241510 449.4072798 0.0000000
v 13.2381100 259.6574693 0.0000000
v 13.3773492 264.6540963 0.0000000
v 1.3820058 264.9883662 0.0000000
v 1.2427666 259.9917392 0.0000000
v 1.1035274 254.9951122 0.0000000
v 13.0988708 254.6608423 0.0000000
v 12.8203924 244.6675883 0.0000000
v 0.8250490 245.0018582 0.0000000
v 12.6811532 239.6709613 0.0000000
v 0.6858098 240.0052312 0.0000000
v 11.8457180 209.6911993 0.0000000
v 12.5419140 234.6743343 0.0000000
v -0.1496254 210.0254692 0.0000000
v 11.7064789 204.6945722 0.0000000
v -0.2888646 205.0288421 0.0000000
v -0.8458214 185.0423341 0.0000000
v -0.9850606 180.0457071 0.0000000
v 11.1495221 184.7080642 0.0000000
v 10.8710437 174.7148102 0.0000000
v 11.0102829 179.7114372 0.0000000
v -1.1242998 175.0490801 0.0000000
v 9.8963693 139.7384212 0.0000000
v 10.0356085 144.7350482 0.0000000
v -2.0989741 140.0726911 0.0000000
v 9.7571301 134.7417942 0.0000000
v -2.2382133 135.0760641 0.0000000
v 9.4786517 124.7485402 0.0000000
v 9.6178909 129.7451672 0.0000000
v -2.5166917 125.0828101 0.0000000
v -4.6052797 50.1334050 0.0000000
v -4.7445189 45.1367780 0.0000000
v 7.3900637 49.7991351 0.0000000
v -13.4470827 -109.3080041 0.0000000
v -1.4747329 -110.1221547 0.0000000
v -1.1356008 -105.1351056 0.0000000
v -12.4296862 -94.3468569 0.0000000
v -0.4573364 -95.1610075 0.0000000
v -0.1182042 -90.1739584 0.0000000
v -4.8837581 40.1401510 0.0000000
v -5.0229973 35.1435240 0.0000000
v 7.1115853 39.8058811 0.0000000
v 6.9723461 34.8092541 0.0000000
v 6.8331069 29.8126271 0.0000000
v -5.1622365 30.1468970 0.0000000
v -10.3948931 -64.4245625 0.0000000
v 1.5774566 -65.2387131 0.0000000
v 1.9165888 -60.2516640 0.0000000
v -5.3014757 25.1502700 0.0000000
v 6.6938677 24.8160001 0.0000000
v -9.0383644 -44.4763663 0.0000000
v 2.9339853 -45.2905169 0.0000000
v 3.2731175 -40.3034678 0.0000000
v -5.4407149 20.1536430 0.0000000
v -5.5799541 15.1570160 0.0000000
v 6.4153893 14.8227461 0.0000000
v -8.3601001 -34.5022681 0.0000000
v 3.6122497 -35.3164187 0.0000000
v 4.2905140 -25.3423206 0.0000000
v -7.6818357 -24.5281700 0.0000000
v 4.6296462 -20.3552715 0.0000000
v -7.0035714 -14.5540719 0.0000000
v 4.9687784 -15.3682225 0.0000000
v 5.9861749 -0.4070753 0.0000000
v 5.9976717 -0.1671349 0.0000000
v -5.9943253 0.2872202 0.0000000
v 5.6470427 -5.3941244 0.0000000
v -4.1875621 65.1232860 0.0000000
v -4.3268013 60.1266590 0.0000000
v 7.6685421 59.7923891 0.0000000
v -14.4644792 -124.2691513 0.0000000
v -2.4921294 -125.0833019 0.0000000
v -2.1529973 -120.0962528 0.0000000
v -15.4818757 -139.2302984 0.0000000
v -3.5095260 -140.0444490 0.0000000
v -3.1703938 -135.0574000 0.0000000
v 7.8077813 64.7890161 0.0000000
v 7.9470205 69.7856431 0.0000000
v -4.0483229 70.1199130 0.0000000
v -16.4992722 -154.1914456 0.0000000
v -4.5269225 -155.0055962 0.0000000
v -4.1877903 -150.0185472 0.0000000
v 8.0862597 74.7822701 0.0000000
v 8.3647381 84.7755241 0.0000000
v -3.6306053 85.1097940 0.0000000
v 8.5039773 89.7721511 0.0000000
v -3.4913661 90.1064210 0.0000000
v 8.6432165 94.7687781 0.0000000
v -3.3521269 95.1030480 0.0000000
v -3.2128877 100.0996750 0.0000000
v -3.0736485 105.0963020 0.0000000
v 8.7824557 99.7654051 0.0000000
v -2.7951701 115.0895561 0.0000000
v 8.9216949 104.7620322 0.0000000
v -18.5340653 -184.1137400 0.0000000
v -6.5617155 -184.9278906 0.0000000
v -6.2225833 -179.9408415 0.0000000
v -18.8731975 -189.1007891 0.0000000
v -7.2399799 -194.9019887 0.0000000
v -6.9008477 -189.9149397 0.0000000
v -19.8905940 -204.0619362 0.0000000
v -7.9182442 -204.8760868 0.0000000
v -7.5791120 -199.8890378 0.0000000
v -8.5965086 -214.8501850 0.0000000
v -21.5862548 -228.9971816 0.0000000
v -9.6139051 -229.8113322 0.0000000
v -9.2747729 -224.8242831 0.0000000
v 9.2001733 114.7552862 0.0000000
v 9.3394125 119.7519132 0.0000000
v -2.6559309 120.0861831 0.0000000
v -11.3095659 -254.7465775 0.0000000
v -24.0327197 -269.1211122 0.0000000
v -12.3612541 -279.4999159 0.0000000
v -12.0389574 -269.5079791 0.0000000
v -13.4892923 -314.4716947 0.0000000
v -14.1338856 -334.4555682 0.0000000
v -26.4499445 -344.0606382 0.0000000
v -14.6173305 -349.4434734 0.0000000
v -14.4561822 -344.4475050 0.0000000
v -26.6110928 -349.0566066 0.0000000
v -14.7784788 -354.4394418 0.0000000
v -15.7453687 -384.4152522 0.0000000
v -16.0676654 -394.4071890 0.0000000
v -16.8734070 -419.3870309 0.0000000
v -17.3568519 -434.3749361 0.0000000
v -18.0014452 -454.3588097 0.0000000
v -31.1232457 -488.9437216 0.0000000
v -19.2906317 -494.3265569 0.0000000
v -19.1294834 -489.3305885 0.0000000
v -19.8107080 -524.2018840 0.0000000
v -31.8784837 -529.0345293 0.0000000
v -19.9485404 -534.1980672 0.0000000
v -19.8796242 -529.1999756 0.0000000
v -31.9473999 -534.0326208 0.0000000
v -19.5514618 -199.0748872 0.0000000
v -19.2123296 -194.0878381 0.0000000
v -18.1949331 -179.1266909 0.0000000
v -16.8384044 -159.1784947 0.0000000
v -3.8486581 -145.0314981 0.0000000
v -15.8210079 -144.2173475 0.0000000
v -2.8312616 -130.0703509 0.0000000
v -14.8036114 -129.2562003 0.0000000
v -15.1427436 -134.2432494 0.0000000
v -13.7862149 -114.2950531 0.0000000
v -14.1253470 -119.2821022 0.0000000
v -13.1079505 -104.3209550 0.0000000
v -0.7964686 -100.1480565 0.0000000
v -12.7688183 -99.3339059 0.0000000
v 0.5600601 -80.1998603 0.0000000
v -11.4122896 -79.3857097 0.0000000
v -11.7514218 -84.3727588 0.0000000
v -10.7340253 -69.4116116 0.0000000
v -9.7166288 -54.4504644 0.0000000
v -10.0557610 -59.4375134 0.0000000
v -9.3774966 -49.4634153 0.0000000
v -8.6992323 -39.4893172 0.0000000
v -7.3427036 -19.5411209 0.0000000
v 5.3079105 -10.3811734 0.0000000
v -6.3253071 -4.5799738 0.0000000
v -6.6644392 -9.5670228 0.0000000
v 14.0735452 289.6372313 0.0000000
v 3.5070954 340.0110090 0.0000000
v 16.1010208 354.5114939 0.0000000
v 18.7168467 419.4401895 0.0000000
v 19.3204988 434.4237347 0.0000000
v 20.3265857 459.3963099 0.0000000
v 20.9302379 474.3798550 0.0000000
v 21.7351074 494.3579152 0.0000000
v 10.9521384 524.8080657 0.0000000
v 93.1789153 524.0621072 0.0000000
v 195.2476810 542.5055725 0.0000000
v 216.2373353 545.2912070 0.0000000
v 231.3191481 532.5079911 0.0000000
v 232.2498965 544.4728614 0.0000000
v 252.6802244 540.9447467 0.0000000
v 336.1065763 524.7922814 0.0000000
v 444.0700906 503.8890909 0.0000000
v 468.6072529 499.1383658 0.0000000
v 525.2154406 475.9554105 0.0000000
v 574.2897653 466.4539603 0.0000000
v 667.5309822 448.4012049 0.0000000
v 748.3309036 444.9800997 0.0000000
v 774.1504259 421.8806532 0.0000000
v 782.8661458 430.1294475 0.0000000
v 788.9638446 401.6437551 0.0000000
v 740.1164185 357.8384236 0.0000000
v 747.4317388 348.3260060 0.0000000
v 634.4606915 251.8205388 0.0000000
v 611.9191300 246.0166600 0.0000000
v 620.3107336 237.4387238 0.0000000
v 583.4138415 196.9609132 0.0000000
v 581.3952569 192.3880601 0.0000000
v 569.0569483 166.3534653 0.0000000
v 562.9086783 144.5711674 0.0000000
v 558.1977909 141.7089700 0.0000000
v 549.3923979 136.9752897 0.0000000
v 508.1069691 148.5537785 0.0000000
v 506.1389701 136.7162543 0.0000000
v 343.3039784 49.8872825 0.0000000
v 352.7237269 42.4530147 0.0000000
v 346.5302796 34.6054745 0.0000000
v 330.9170838 34.1922022 0.0000000
v 334.1433850 18.9103942 0.0000000
v 324.8532141 7.1390839 0.0000000
v 296.3175535 -28.2734854 0.0000000
v 257.9899661 -35.8689485 0.0000000
v 259.5781914 -12.9509499 0.0000000
v 265.1263377 44.5357001 0.0000000
v 253.2915015 46.5197996 0.0000000
v 268.4322223 64.2547728 0.0000000
v 256.5973860 66.2388723 0.0000000
v 271.7381068 83.9738456 0.0000000
v 259.9032706 85.9579451 0.0000000
v 275.0439914 103.6929184 0.0000000
v 263.2091552 105.6770179 0.0000000
v 266.5150397 125.3960906 0.0000000
v 269.8209243 145.1151634 0.0000000
v 282.4398302 224.0084115 0.0000000
v 284.7235981 238.8291883 0.0000000
v 301.1511553 266.6432036 0.0000000
v 289.2911340 268.4707418 0.0000000
v 290.0523900 273.4110008 0.0000000
v 269.8069159 370.1842715 0.0000000
v 210.8623469 275.5314525 0.0000000
v 191.3111553 167.0008221 0.0000000
v 188.3460509 112.0956957 0.0000000
v 186.7287477 82.1479343 0.0000000
v 193.9342300 -18.2494178 0.0000000
v 181.9423204 -17.8088460 0.0000000
v 179.5565739 -82.7464027 0.0000000
v 173.8752330 -227.5676037 0.0000000
v 187.7080168 -183.1098341 0.0000000
v 176.3323748 -167.6351518 0.0000000
v 175.7180893 -182.6182648 0.0000000
v 185.4556368 -238.0479150 0.0000000
v 172.6466621 -257.5338297 0.0000000
v 264.7855733 -340.4518409 0.0000000
v 305.0448432 -308.6649621 0.0000000
v 349.7965111 -284.3294233 0.0000000
v 355.7648618 -274.7554009 0.0000000
v 367.3313176 -219.4301120 0.0000000
v 380.4347178 -186.3250539 0.0000000
v 404.8891849 -147.1045270 0.0000000
v 420.3630199 -148.7771050 0.0000000
v 446.0460963 -116.1167400 0.0000000
v 524.0224072 -108.4150260 0.0000000
v 507.8212741 -106.1768889 0.0000000
v 548.1635199 -129.7085303 0.0000000
v 553.3295023 -118.8774350 0.0000000
v 584.0173697 -147.1960036 0.0000000
v 592.9706574 -151.6436227 0.0000000
v 700.8049853 -235.1406024 0.0000000
v 688.8049853 -234.9644317 0.0000000
v 700.7946489 -235.4926404 0.0000000
v 695.1435739 -251.8121396 0.0000000
v 680.7911883 -268.0837521 0.0000000
v 651.5645434 -289.6980903 0.0000000
v 305.5316783 -469.7482677 0.0000000
v 283.7259711 -481.9610830 0.0000000
v 272.1452376 -502.2010759 0.0000000
v 200.8642836 -528.3697810 0.0000000
v 174.6974350 -543.0251593 0.0000000
v 158.7555600 -565.7077153 0.0000000
v 132.5887113 -580.3630936 0.0000000
v 113.6414547 -577.2210421 0.0000000
v 100.5580304 -584.5487312 0.0000000
v 87.4746061 -591.8764204 0.0000000
v 70.0300403 -601.6466726 0.0000000
v 56.9466159 -608.9743618 0.0000000
v 43.8631916 -616.3020509 0.0000000
v 23.9397059 -625.1865650 0.0000000
v 24.3666227 -637.1790812 0.0000000
v -18.4949872 -558.4016722 0.0000000
v -30.4303919 -559.6451004 0.0000000
v -21.6792451 -584.8701506 0.0000000
v -32.0163161 -539.0307124 0.0000000
v -19.5351830 -504.2196594 0.0000000
v -31.5339026 -504.0440713 0.0000000
v -31.6028188 -509.0421629 0.0000000
v -29.8340592 -448.9759744 0.0000000
v -29.3506142 -433.9880693 0.0000000
v -13.8115889 -324.4636314 0.0000000
v -25.8053512 -324.0767646 0.0000000
v -24.3550163 -279.1130490 0.0000000
v -11.8793333 -264.5592631 0.0000000
v -23.8715714 -264.1251438 0.0000000
v 4.0843442 -611.4132334 0.0000000
v 328.8400764 -470.4477562 0.0000000
v 355.0069251 -455.7923779 0.0000000
v 359.3680665 -453.3498149 0.0000000
v 353.5042342 -442.8800741 0.0000000
v 372.4514908 -446.0221257 0.0000000
v 392.7545072 -420.8970066 0.0000000
v 414.5602145 -408.6841914 0.0000000
v 437.8686125 -409.3836799 0.0000000
v 498.9245928 -375.1877971 0.0000000
v 525.0914414 -360.5324188 0.0000000
v 536.6721750 -340.2924259 0.0000000
v 571.5613065 -320.7519214 0.0000000
v 610.8115795 -298.7688539 0.0000000
v 647.2034019 -292.1406533 0.0000000
v 645.7007111 -279.2283495 0.0000000
v 676.3910271 -206.5352032 0.0000000
v 653.7716472 -183.8954690 0.0000000
v 610.8772327 -160.5388609 0.0000000
v 543.6518572 -127.5566546 0.0000000
v 508.0267031 -118.1751304 0.0000000
v 428.0734100 -142.4137285 0.0000000
v 378.5329151 -223.7340885 0.0000000
v 361.9528891 -233.4280949 0.0000000
v 354.8246726 -251.9801038 0.0000000
v 350.6878055 -259.9849515 0.0000000
v 335.8236732 -298.7280725 0.0000000
v 327.2389082 -290.3434551 0.0000000
v 320.1339109 -312.6976675 0.0000000
v 303.8036175 -324.2342278 0.0000000
v 307.8861908 -321.3500877 0.0000000
v 289.4805955 -331.3287351 0.0000000
v 244.8453581 -344.1170590 0.0000000
v 228.6931528 -333.2822044 0.0000000
v 188.3517498 -333.8946868 0.0000000
v 192.7749682 -336.2229498 0.0000000
v 198.3644016 -325.6041818 0.0000000
v 183.4198220 -287.7037280 0.0000000
v 172.4419003 -262.5282006 0.0000000
v 189.5297749 -138.1341379 0.0000000
v 189.7132939 -133.1389412 0.0000000
v 177.7213843 -132.6983694 0.0000000
v 191.5484835 -83.1869745 0.0000000
v 197.9026356 66.5269468 0.0000000
v 200.3285904 111.4485889 0.0000000
v 192.1306329 181.9791161 0.0000000
v 205.7592534 211.2663964 0.0000000
v 206.9516462 336.5776870 0.0000000
v 206.0337072 216.2574227 0.0000000
v 195.1496242 236.8804060 0.0000000
v 208.8667065 260.6691363 0.0000000
v 196.9734442 262.2661064 0.0000000
v 207.4059759 241.2125545 0.0000000
v 204.2907923 316.7612655 0.0000000
v 204.9358922 196.2933173 0.0000000
v 284.9361206 357.1122453 0.0000000
v 297.4508851 339.3180608 0.0000000
v 301.0371019 328.4415140 0.0000000
v 302.4296940 323.6408519 0.0000000
v 293.1625031 306.2707836 0.0000000
v 304.0319299 286.6458074 0.0000000
v 284.1351740 157.9203685 0.0000000
v 286.6145874 172.7096731 0.0000000
v 278.3498760 123.4119911 0.0000000
v 277.5234048 118.4822229 0.0000000
v 259.5170540 5.8515672 0.0000000
v 361.8843203 73.4299030 0.0000000
v 377.4975160 73.8431753 0.0000000
v 374.2712148 89.1249833 0.0000000
v 389.7548330 108.7438338 0.0000000
v 425.1639607 130.2949001 0.0000000
v 430.8013918 148.1316517 0.0000000
v 457.4447910 154.4586092 0.0000000
v 467.4354046 154.8196022 0.0000000
v 531.1506820 146.0132451 0.0000000
v 611.6853400 227.3776007 0.0000000
v 700.1981979 327.9162636 0.0000000
v 662.1766163 280.6460539 0.0000000
v 657.7161172 450.3014949 0.0000000
v 589.0120627 463.6035252 0.0000000
v 370.4586036 518.1412662 0.0000000
v 350.8288737 521.9418463 0.0000000
v 328.9181419 513.9612112 0.0000000
v 260.2140874 527.2632415 0.0000000
v 245.4917900 530.1136766 0.0000000
v 132.3791388 509.5095496 0.0000000
v 103.4814136 517.8974630 0.0000000
v 49.5206508 551.2010615 0.0000000
v 1.5212450 269.9849932 0.0000000
v 0.5465706 235.0086042 0.0000000
v -1.9597349 145.0693181 0.0000000
v -2.3774525 130.0794371 0.0000000
v 7.2508245 44.8025081 0.0000000
v -11.0731575 -74.3986606 0.0000000
v 0.8991923 -75.2128112 0.0000000
v 1.2383245 -70.2257622 0.0000000
v 2.2557210 -55.2646150 0.0000000
v 2.5948531 -50.2775659 0.0000000
v -5.7191933 10.1603890 0.0000000
v 6.2761501 9.8261191 0.0000000
v -16.1601401 -149.2043966 0.0000000
v -3.9090837 75.1165400 0.0000000
v -17.5166688 -169.1525928 0.0000000
v -5.5443190 -169.9667434 0.0000000
v -5.2051868 -164.9796944 0.0000000
v -9.9530373 -234.7983812 0.0000000
v -17.8402969 -449.3628413 0.0000000
v -19.6728756 -514.2057008 0.0000000
v -31.8095675 -524.0364377 0.0000000
v -4.8660547 -159.9926453 0.0000000
v -17.1775366 -164.1655438 0.0000000
v 15.6985860 344.5224638 0.0000000
v 10.3484863 509.8245205 0.0000000
v 72.1074965 545.4040704 0.0000000
v 267.4025218 538.0943116 0.0000000
v 436.8816562 493.0580208 0.0000000
v 502.9592802 492.4873507 0.0000000
v 552.0336049 482.9859005 0.0000000
v 758.6411124 442.7164495 0.0000000
v 774.4882240 372.4357007 0.0000000
v 622.3460667 256.5345110 0.0000000
v 562.7428925 144.4664654 0.0000000
v 532.4849074 134.0876490 0.0000000
v 315.5630432 -4.6322263 0.0000000
v 247.7960699 -15.2569127 0.0000000
v 247.5207902 6.1509909 0.0000000
v 265.6885686 120.4663224 0.0000000
v 293.5385955 217.2406143 0.0000000
v 281.6785742 219.0681525 0.0000000
v 287.0073661 253.6499650 0.0000000
v 218.8449084 334.9807169 0.0000000
v 213.5232007 295.3478739 0.0000000
v 189.1547025 127.0695764 0.0000000
v 180.1071308 -67.7608127 0.0000000
v 178.8224980 -102.7271894 0.0000000
v 185.8651604 -228.0591730 0.0000000
v 176.7418984 -157.6464099 0.0000000
v 177.5378653 -137.6935661 0.0000000
v 184.4318278 -263.0197699 0.0000000
v 374.5025556 -200.7661346 0.0000000
v 378.2400950 -191.0742177 0.0000000
v 391.7962716 -164.0639483 0.0000000
v 413.9409301 -154.9830977 0.0000000
v 439.5791696 -134.2012605 0.0000000
v 441.7912171 -118.7400341 0.0000000
v 521.3187280 -120.1064810 0.0000000
v 528.8924503 -109.5412361 0.0000000
v 548.8178396 -116.7255593 0.0000000
v 628.7838081 -169.4340992 0.0000000
v 634.1224814 -158.6870732 0.0000000
v 686.9470065 -200.8280762 0.0000000
v 686.4469297 -224.1163608 0.0000000
v 672.5575237 -259.3539944 0.0000000
v 680.8544366 -268.0236622 0.0000000
v 244.4756981 -503.9441505 0.0000000
v 240.1145566 -506.3867135 0.0000000
v 36.3481003 -633.9760821 0.0000000
v 14.3743707 -637.4914522 0.0000000
v -31.9842316 -544.7301213 0.0000000
v -13.9727372 -329.4595998 0.0000000
v -25.9664995 -329.0727330 0.0000000
v -12.5224024 -284.4958843 0.0000000
v -6.7721055 -616.5257183 0.0000000
v 349.1430928 -445.3226372 0.0000000
v 459.6743197 -397.1708646 0.0000000
v 475.6161947 -374.4883086 0.0000000
v 479.9773362 -372.0457456 0.0000000
v 493.0607605 -364.7180564 0.0000000
v 549.7555993 -332.9647367 0.0000000
v 365.9832486 -256.3960488 0.0000000
v 323.7463191 -293.9194151 0.0000000
v 300.9622699 -311.5491022 0.0000000
v 229.4587752 -345.2582616 0.0000000
v 184.1541367 -297.1039586 0.0000000
v 193.7773554 211.9252742 0.0000000
v 195.9729854 251.8534851 0.0000000
v 214.6795849 388.1220956 0.0000000
v 305.0198791 308.1157356 0.0000000
v 304.2370479 313.0526217 0.0000000
v 413.3491687 135.7167409 0.0000000
v 593.7901028 220.3856562 0.0000000
v 593.5067645 219.8251786 0.0000000
v 128.6784968 520.9246821 0.0000000
v 0.2209279 -85.1869094 0.0000000
v 6.5546285 19.8193731 0.0000000
v -18.4848902 -469.3467149 0.0000000
v -19.6039594 -509.2076092 0.0000000
v -12.0905540 -89.3598078 0.0000000
v 15.4047824 566.3329908 0.0000000
v 75.6193996 541.8470765 0.0000000
v 363.2701692 507.3101961 0.0000000
v 522.5890101 488.6867706 0.0000000
v 576.5707672 478.2351754 0.0000000
v 640.3673893 465.8832902 0.0000000
v 721.5127393 437.9496097 0.0000000
v 723.7937412 449.7308248 0.0000000
v 579.3766723 187.8152071 0.0000000
v 558.4773010 141.8690475 0.0000000
v 299.7344115 -24.6507365 0.0000000
v 182.1258393 -12.8136493 0.0000000
v 448.0889281 -128.9546724 0.0000000
v 533.7624934 -110.6674461 0.0000000
v 683.8782350 -219.8282986 0.0000000
v 19.3704967 -637.3352667 0.0000000
v 466.8939118 -379.3734347 0.0000000
v 501.7830434 -359.8329303 0.0000000
v 552.6751826 -131.8604059 0.0000000
v 332.3310841 -302.3040325 0.0000000
v 311.9687642 -318.4659477 0.0000000
v 171.4180913 -287.5000556 0.0000000
v 292.1135087 288.0426737 0.0000000
v 283.3087028 152.9906003 0.0000000
v 421.4925389 126.9028018 0.0000000
v 446.6329963 152.9827967 0.0000000
v 615.8302269 470.6340153 0.0000000
v 11.2887613 189.7046912 0.0000000
v -0.7065822 190.0389611 0.0000000
v 718.8863088 450.6809698 0.0000000
v 181.5752824 -27.7992393 0.0000000
v 372.7097461 -205.4321290 0.0000000
v 526.1887712 -121.2326911 0.0000000
v 624.3071643 -167.2102896 0.0000000
v 694.1725351 -213.6616638 0.0000000
v 1.9547528 -606.8910095 0.0000000
v 379.6710829 -428.2246958 0.0000000
v 401.4767901 -416.0118805 0.0000000
v 716.6053068 438.8997547 0.0000000
v 181.2082445 -37.7896327 0.0000000
v 383.9113436 -209.7361056 0.0000000
v 643.1330103 278.1536474 0.0000000
v 346.4007020 53.8110526 0.0000000
v 281.6557605 143.1310639 0.0000000
v 171.4221267 -288.0756555 0.0000000
v 194.4847869 -3.2638278 0.0000000
v 655.2476351 273.4396751 0.0000000
v 171.6963072 -293.0560054 0.0000000
v 250.3395304 -514.4138912 0.0000000
v -1.8138651 -115.1092037 0.0000000
v 259.0618132 -509.5287651 0.0000000
v 194.1177489 -13.2542211 0.0000000
v 352.5941493 61.6585928 0.0000000
v 736.1540474 354.7912472 0.0000000
v 198.7112872 81.5008275 0.0000000
v 260.9939820 19.8868591 0.0000000
v -17.4200624 -593.9145985 0.0000000
v 755.4670270 370.1914838 0.0000000
v 13.5165884 269.6507233 0.0000000
v 18.9955440 -625.3411260 0.0000000
v 30.8395372 -623.3151378 0.0000000
v 13.4534010 561.7310587 0.0000000
v 253.1979810 -499.0590243 0.0000000
v 676.1248332 -255.9151313 0.0000000
v 138.1883802 524.0076664 0.0000000
v 686.8821615 -241.7171520 0.0000000
v 211.2694389 544.7383283 0.0000000
v 212.5967283 532.8119582 0.0000000
v 629.6458376 -156.4632636 0.0000000
v 746.0499016 433.1988846 0.0000000
v 788.6685193 418.4579186 0.0000000
v 776.8609772 416.3173697 0.0000000
v 789.5601590 413.5395197 0.0000000
v 774.7528561 395.4738104 0.0000000
v 765.2007858 380.0346145 0.0000000
v 404.7885044 -147.2217143 0.0000000
v 410.7822102 -158.7569282 0.0000000
v 592.3732512 187.5420679 0.0000000
v 575.7561155 155.0274774 0.0000000
v 572.6006674 151.2313782 0.0000000
v 571.2728986 150.0467947 0.0000000
v 342.9122211 -272.8072488 0.0000000
v 448.9408868 141.2068194 0.0000000
v 444.0775551 140.2536894 0.0000000
v 441.7277456 152.0214513 0.0000000
v 441.6440290 152.0044245 0.0000000
v 267.2427827 -327.7388482 0.0000000
v 436.3227081 137.4773067 0.0000000
v 269.6902140 -339.4873886 0.0000000
v 262.4702240 -328.6773278 0.0000000
v 220.3512358 -332.5758356 0.0000000
v 274.2797445 -27.7330098 0.0000000
v 265.3646498 -26.4024793 0.0000000
v 277.1110383 189.4265989 0.0000000
v 292.6953694 293.0072590 0.0000000
v 203.8380772 176.3292119 0.0000000
v 292.3851238 311.1732881 0.0000000
v 289.5122092 325.0983345 0.0000000
v 225.5972972 383.0607803 0.0000000
v 214.0513771 386.4526950 0.0000000
vt 1.0391009 144.9857506
vt 0.9694813 142.4874371
vt 6.9671530 142.3203022
vt 1.6656773 167.4705721
vt 7.6630649 167.2932422
vt 1.7529176 169.9886946
vt 1.6663148 167.4909598
vt 7.7490229 169.7723784
vt 1.9547651 175.0000195
vt 1.8541564 172.5027620
vt 7.9499017 174.7584894
vt 2.1559824 179.9945346
vt 2.0553737 177.4972771
vt 8.1511191 179.7530045
vt 2.2565911 182.4917921
vt 8.2517278 182.2502620
vt 8.3523364 184.7475195
vt 8.4529451 187.2447771
vt 2.3571998 184.9890496
vt 8.5535538 189.7420346
vt 2.4578085 187.4863072
vt 8.6541625 192.2392921
vt 2.5584172 189.9835647
vt 8.7547712 194.7365496
vt 2.6590259 192.4808222
vt 2.8602433 197.4753372
vt 2.7596346 194.9780797
vt 8.8553799 197.2338072
vt 3.1620693 204.9671098
vt 2.9608520 199.9725948
vt 9.1572060 204.7255797
vt 3.4638954 212.4588824
vt 3.3632867 209.9616249
vt 9.4590320 212.2173523
vt 9.7608581 219.7091249
vt 9.8614668 222.2063824
vt 3.7657215 219.9506550
vt 3.6651128 217.4533974
vt 8.9559886 199.7310647
vt 3.5645041 214.9561399
vt 9.5596407 214.7146098
vt 4.2687649 232.4369426
vt 4.1681562 229.9396850
vt 10.2639016 232.1954125
vt 4.5705910 239.9287151
vt 4.4699823 237.4314576
vt 10.5657276 239.6871850
vt 4.6711997 242.4259727
vt 10.6663363 242.1844426
vt 4.7718084 244.9232302
vt 10.7669450 244.6817001
vt 5.0736344 252.4150028
vt 4.8724171 247.4204877
vt 11.0687711 252.1734727
vt 11.1693798 254.6707302
vt 11.2699884 257.1679877
vt 5.2748518 257.4095178
vt 11.3705971 259.6652452
vt 5.3754605 259.9067753
vt 11.4712058 262.1625028
vt 11.6724232 267.1570178
vt 5.6772866 267.3985479
vt 11.7730319 269.6542753
vt 5.7778953 269.8958054
vt 5.9791126 274.8903205
vt 5.8785040 272.3930629
vt 11.8736406 272.1515328
vt 11.9742493 274.6487904
vt 12.0671430 276.9545507
vt 6.1194564 277.7680339
vt 6.0797213 277.3875780
vt 12.3877781 278.8467004
vt 6.5308183 280.1955858
vt 13.1164737 280.5651794
vt 13.5290604 281.1840018
vt 7.9682627 283.6595385
vt 11.2209547 286.8686627
vt 9.2478989 285.5788145
vt 10.1024325 286.4256478
vt 14.4572326 281.3483373
vt 14.2277200 287.3502489
vt 13.6819623 287.3043909
vt 16.2377640 281.3348440
vt 17.4264901 287.2285317
vt 16.6687395 287.3317503
vt 18.0352984 280.8505169
vt 20.3122347 286.4074161
vt 19.8397109 286.5783143
vt 19.7592317 280.0580504
vt 23.0707169 285.0708753
vt 22.5443343 285.3813531
vt 21.3934535 278.8541021
vt 25.3330986 283.3824062
vt 25.0829061 283.5884745
vt 23.0557491 277.3269928
vt 27.2739904 281.5945198
vt 27.1687657 281.6960248
vt 30.0281801 270.2650399
vt 34.2977967 274.4805321
vt 29.0299420 279.8160229
vt 40.5638895 259.5940584
vt 44.8335061 263.8095505
vt 43.0775545 265.5880475
vt 44.8200698 255.4865361
vt 46.9929975 254.3498876
vt 48.0162568 260.5859352
vt 85.7364862 267.3990558
vt 83.3590153 266.6283097
vt 85.2093363 260.9207435
vt 87.5868072 261.6914896
vt 99.2776843 265.4815246
vt 100.4733147 271.7883394
vt 98.0236702 271.3526496
vt 101.4276776 265.8639189
vt 100.6668231 271.8162855
vt 108.5577356 266.6574253
vt 111.0616473 272.5630987
vt 108.5690310 272.6616681
vt 110.7869582 266.5692716
vt 111.1368122 272.5591814
vt 118.7579753 271.9318870
vt 116.2805046 272.2222908
vt 117.9483170 265.9857140
vt 118.9789635 271.8975909
vt 120.2921788 265.5319108
vt 123.8863959 270.9474459
vt 121.4326797 271.4225184
vt 127.6533275 264.1066933
vt 131.2475446 269.5222283
vt 128.7938284 269.9973008
vt 135.0144762 262.6814757
vt 138.6086934 268.0970108
vt 136.1549771 268.5720833
vt 139.9219086 261.7313307
vt 143.5161258 267.1468658
vt 141.0624096 267.6219383
vt 144.8293411 260.7811857
vt 148.4235583 266.1967208
vt 145.9698421 266.6717933
vt 152.1904898 259.3559682
vt 155.7847070 264.7715032
vt 153.3309908 265.2465757
vt 157.0979223 258.4058232
vt 160.6921395 263.8213582
vt 158.2384232 264.2964307
vt 162.0053547 257.4556781
vt 165.5995719 262.8712132
vt 163.1458557 263.3462857
vt 169.3665034 256.0304606
vt 172.9607206 261.4459957
vt 170.5070044 261.9210682
vt 182.7755856 259.5457056
vt 180.3218693 260.0207781
vt 179.1813684 254.1301706
vt 204.8590317 255.2700530
vt 202.4053154 255.7451255
vt 203.7185307 249.3794455
vt 219.5813291 252.4196180
vt 217.1276128 252.8946905
vt 215.9871119 247.0040829
vt 225.8019768 245.1037929
vt 228.2556930 244.6287204
vt 229.3961940 250.5193279
vt 230.7094093 244.1536479
vt 233.1631255 243.6785753
vt 231.8499102 250.0442554
vt 240.5242742 242.2533578
vt 242.9779904 241.7782853
vt 244.1184914 247.6688929
vt 247.8854229 240.8281403
vt 250.3391391 240.3530678
vt 249.0259239 246.7187479
vt 257.7002878 238.9278503
vt 260.1540041 238.4527777
vt 258.8407888 244.8184578
vt 272.4225852 236.0774152
vt 274.8763015 235.6023427
vt 273.5630862 241.9680228
vt 285.8316674 239.5926602
vt 283.3779511 240.0677327
vt 284.6911664 233.7020526
vt 289.5985989 232.7519076
vt 292.0523151 232.2768351
vt 290.7390998 238.6425152
vt 301.8671800 230.3765451
vt 304.3208963 229.9014726
vt 305.4613972 235.7920801
vt 306.7746125 229.4264001
vt 309.2283287 228.9513275
vt 310.3688297 234.8419351
vt 315.2762622 233.8917901
vt 312.8225459 234.3668626
vt 311.6820450 228.4762550
vt 317.7299784 233.4167176
vt 314.1357612 228.0011825
vt 332.4522758 230.5662825
vt 329.9985596 231.0413550
vt 331.3117748 224.6756750
vt 334.9059920 230.0912100
vt 337.3597083 229.6161375
vt 336.2192073 223.7255299
vt 338.6729235 223.2504574
vt 339.8134245 229.1410650
vt 341.1266398 222.7753849
vt 343.5803560 222.3003124
vt 342.2671407 228.6659925
vt 347.1745732 227.7158475
vt 344.7208570 228.1909200
vt 346.0340723 221.8252399
vt 350.9415047 220.8750949
vt 353.3952210 220.4000224
vt 354.5357219 226.2906299
vt 356.9894381 225.8155574
vt 355.8489372 219.9249499
vt 366.8043031 223.9152674
vt 364.3505868 224.3903399
vt 363.2100859 218.4997323
vt 365.6638021 218.0246598
vt 368.1175184 217.5495873
vt 371.7117355 222.9651224
vt 369.2580193 223.4401949
vt 376.7576110 221.9847642
vt 376.6191680 222.0149774
vt 375.4090887 216.1378411
vt 379.1834428 221.3950155
vt 377.6970637 215.5816070
vt 384.1163477 219.9489507
vt 381.7184519 220.6535877
vt 380.0268381 214.8969878
vt 382.4247338 214.1923507
vt 386.5142434 219.2443136
vt 384.2181179 213.6653533
vt 389.4702416 217.0866830
vt 387.6007247 218.6608474
vt 385.4834452 212.5999266
vt 389.7030590 216.8684613
vt 388.1381364 209.7713373
vt 393.1561799 213.1712539
vt 391.4875929 215.0063442
vt 393.8884398 211.6881587
vt 394.4868293 200.8534919
vt 394.8569903 203.3252116
vt 388.8844639 203.9554488
vt 394.8891313 203.8448186
vt 388.5553703 201.7579533
vt 388.2218927 199.6825367
vt 393.8753978 197.6378648
vt 394.0859558 198.3575586
vt 392.8793262 195.3456478
vt 386.3937668 195.4755491
vt 391.8557449 192.9920178
vt 391.8832546 193.0534309
vt 385.5237297 193.5902271
vt 390.4094185 190.0865070
vt 390.8114983 190.7291936
vt 385.4611689 184.0621795
vt 385.6614588 184.2835220
vt 381.1123717 188.1986388
vt 383.7013643 182.3019612
vt 379.5457307 186.6316295
vt 381.6128058 180.5185057
vt 383.5194408 182.1344141
vt 375.8345143 183.4863050
vt 379.6908561 178.8897054
vt 379.7061707 178.9025973
vt 373.9720481 181.9290655
vt 377.6782406 177.2101794
vt 377.7737420 177.2867738
vt 366.1083267 175.8816395
vt 369.7534983 171.1158266
vt 371.7346839 172.6394148
vt 369.7284209 171.0967502
vt 364.1306108 174.3935121
vt 367.7179441 169.5840308
vt 367.7314016 169.5940980
vt 360.1264237 171.4155569
vt 363.7070142 166.6010608
vt 365.7124791 168.0925458
vt 358.1209588 169.9240718
vt 359.6960843 163.6180908
vt 361.7015492 165.1095758
vt 352.1045639 165.4496168
vt 355.6851543 160.6351208
vt 357.6906193 162.1266058
vt 348.0936340 162.4666468
vt 351.6742244 157.6521507
vt 353.6796894 159.1436358
vt 344.0827041 159.4836768
vt 347.6632945 154.6691807
vt 349.6687595 156.1606657
vt 342.0772391 157.9921917
vt 343.6523646 151.6862107
vt 345.6578295 153.1776957
vt 338.0663092 155.0092217
vt 339.6480307 148.7081462
vt 341.6468996 150.1947257
vt 324.1593270 133.1166482
vt 325.8915723 134.9182429
vt 319.8342599 137.2752290
vt 322.4270817 131.3150535
vt 318.1020146 135.4736343
vt 320.6948364 129.5134588
vt 316.3697693 133.6720396
vt 314.6375240 131.8704449
vt 312.9052787 130.0688502
vt 318.9625911 127.7118641
vt 309.4566352 126.4821424
vt 313.7339115 122.2743603
vt 313.7658552 122.3070800
vt 307.7296536 124.7399681
vt 311.9746136 120.4995854
vt 311.9419246 120.4671115
vt 315.4981005 124.1086747
vt 297.1959179 96.0574605
vt 298.2052102 98.3438870
vt 292.7162130 100.7668831
vt 294.1680410 89.1981809
vt 295.1773333 91.4846074
vt 288.6790438 91.6211770
vt 293.1587487 86.9117544
vt 287.6697516 89.3347505
vt 286.6604593 87.0483239
vt 291.1401641 82.3389013
vt 292.1494564 84.6253278
vt 285.7583806 85.0047767
vt 290.8847490 81.8757461
vt 289.4917924 79.8053562
vt 283.1838323 81.2527177
vt 288.0300113 77.7129061
vt 289.4617061 79.7614830
vt 281.9737847 79.7969940
vt 280.2590758 78.6744618
vt 283.5453942 73.6544905
vt 278.2090394 77.3324078
vt 276.1869207 76.1010927
vt 274.0565246 74.9558157
vt 276.8975472 69.6710649
vt 272.2117945 73.9641095
vt 271.5456830 67.6565845
vt 273.9448993 68.2056133
vt 270.3734677 73.5434329
vt 271.2100277 67.5995924
vt 263.0149553 66.7755097
vt 263.7586667 66.7659405
vt 263.4640074 72.7704084
vt 260.5476615 67.1160316
vt 261.4089799 73.0540316
vt 258.0003729 67.5383626
vt 260.4658168 67.1284804
vt 251.5880406 74.6867715
vt 248.1385972 69.1778917
vt 250.6040411 68.7680094
vt 246.6571527 75.5065361
vt 243.2077093 69.9976562
vt 245.6731532 69.5877739
vt 241.7262649 76.3263006
vt 238.2768214 70.8174207
vt 240.7422654 70.4075385
vt 202.6840144 54.5785530
vt 204.2323762 56.5404381
vt 197.9741402 58.2956870
vt 177.9102253 23.1883924
vt 179.4585871 25.1502774
vt 174.7487128 28.8674113
vt 170.1036274 22.9817562
vt 168.5552656 21.0198712
vt 174.8135016 19.2646223
vt 170.1684161 13.3789672
vt 171.7167780 15.3408522
vt 167.0069037 19.0579861
vt 163.9101801 15.1342161
vt 162.3618183 13.1723310
vt 168.6200543 11.4170821
vt 160.8134564 11.2104460
vt 165.5233307 7.4933120
vt 159.2650946 9.2485609
vt 157.7167328 7.2866759
vt 163.9749689 5.5314270
vt 159.3298834 -0.3542281
vt 160.8782452 1.6076569
vt 156.1683710 5.3247909
vt 154.6200092 3.3629058
vt 153.0716473 1.4010208
vt 149.9749237 -2.5227493
vt 154.6847979 -6.2398832
vt 151.5880743 -10.1636533
vt 153.1364361 -8.2017683
vt 148.4265619 -4.4846344
vt 146.8782001 -6.4465194
vt 145.4116912 -8.3046908
vt 146.1132085 -15.9806126
vt 147.9761847 -14.3145584
vt 143.8814319 -9.9271596
vt 142.1135317 -11.5081876
vt 144.2502322 -17.6466669
vt 140.5755920 -12.8835626
vt 141.3621494 -19.1470304
vt 143.5308561 -18.1234631
vt 139.1867832 -13.5390405
vt 140.5556004 -19.3963529
vt 134.9840155 -14.2113985
vt 135.6197970 -20.1859818
vt 138.0876987 -19.7911673
vt 133.9081479 -14.1561951
vt 130.9665988 -19.4704263
vt 132.6565404 -20.0998676
vt 131.7631541 -19.9151341
vt 126.1062126 -15.2057199
vt 127.0233673 -16.3985223
vt 131.3237852 -12.1428936
vt 125.1725120 -13.0096460
vt 130.7989294 -10.9084270
vt 124.4531544 -10.0653108
vt 125.0082738 -12.5021653
vt 123.5877462 -4.7981769
vt 123.8384701 -7.2654229
vt 129.5761716 -4.3801974
vt 123.5733090 -4.4200201
vt 129.6338029 -2.0712268
vt 123.6980331 0.5769903
vt 123.6356710 -1.9215149
vt 123.8440799 5.8638986
vt 123.8227572 5.5740006
vt 129.8172583 5.2788227
vt 124.1473032 8.3393242
vt 130.0947239 7.5439705
vt 124.5795729 10.9354793
vt 124.1663373 8.4705952
vt 130.9102266 12.4083136
vt 125.4060440 15.8652475
vt 124.9928085 13.4003634
vt 132.9764044 24.7327341
vt 127.4722219 28.1896680
vt 127.0589863 25.7247839
vt 134.6293467 34.5922705
vt 129.1251642 38.0492044
vt 128.7119286 35.5843203
vt 136.2822890 44.4518069
vt 130.7781064 47.9087407
vt 130.3648709 45.4438566
vt 137.9352313 54.3113433
vt 132.4310487 57.7682771
vt 132.0178131 55.3033930
vt 139.5881736 64.1708797
vt 134.0839910 67.6278135
vt 133.6707554 65.1629294
vt 141.2411158 74.0304160
vt 135.7369333 77.4873499
vt 135.3236977 75.0224658
vt 142.4808225 81.4250683
vt 136.5634044 82.4171181
vt 136.1501688 79.9522340
vt 142.8940581 83.8899524
vt 137.3896191 87.3453565
vt 136.9766400 84.8820022
vt 145.2467858 98.7397893
vt 139.3167751 99.6535584
vt 138.9361472 97.1834289
vt 146.3886697 106.1501777
vt 140.4586591 107.0639468
vt 140.0780311 104.5938173
vt 147.9111817 116.0306955
vt 141.9811711 116.9444647
vt 141.6005431 114.4743352
vt 149.0530657 123.4410839
vt 143.1230551 124.3548531
vt 142.7424271 121.8847236
vt 150.1949496 130.8514723
vt 144.2649390 131.7652415
vt 143.8843110 129.2951120
vt 151.3381179 138.2702743
vt 145.7716534 141.5887825
vt 145.4061749 139.1714240
vt 152.5978257 148.2874890
vt 146.8834769 151.0751457
vt 146.6386151 148.9859221
vt 151.7192077 159.0421246
vt 145.4067765 160.3061157
vt 145.8049071 158.0313701
vt 130.9807256 180.5520729
vt 132.8718762 178.9180696
vt 136.7946085 183.4581325
vt 127.1984244 183.8200794
vt 131.1211568 188.3601423
vt 129.2300062 189.9941455
vt 125.3072738 185.4540827
vt 127.3388556 191.6281488
vt 119.6338221 190.3560925
vt 123.4161232 187.0880859
vt 106.1366769 188.1052650
vt 111.7507013 184.8297273
vt 112.0833081 187.3067799
vt 104.4736433 175.7200016
vt 110.4202744 174.9215165
vt 110.7528811 177.3985692
vt 103.1432164 165.8117908
vt 108.0920273 157.5821477
vt 109.0898475 165.0133058
vt 100.4823625 145.9953693
vt 105.7637802 140.2427789
vt 106.4289936 145.1968843
vt 95.9280896 88.4940449
vt 95.7908627 85.9985317
vt 101.7818803 85.6703398
vt 101.5120479 80.6807623
vt 101.6468110 83.1761848
vt 95.5207781 81.0043157
vt 95.2512276 76.0130221
vt 95.1164523 73.5173754
vt 101.1077221 73.1938220
vt 94.9816770 71.0217286
vt 94.7121265 66.0304350
vt 100.7033963 65.7068816
vt 100.4338457 60.7155880
vt 100.5686210 63.2112348
vt 94.4425760 61.0391414
vt 94.0382502 53.5522011
vt 93.9034749 51.0565543
vt 100.0295199 53.2286477
vt 93.6339244 46.0652607
vt 99.8947447 50.7330009
vt 93.4991491 43.5696139
vt 99.6251941 45.7417073
vt 91.2464386 -1.4116280
vt 91.1546791 -3.9092263
vt 97.1506340 -4.1295122
vt 96.6918366 -16.6175039
vt 96.7835960 -14.1199056
vt 90.6958817 -16.3972180
vt 96.5083176 -21.6127006
vt 96.6000771 -19.1151022
vt 90.5123628 -21.3924147
vt 90.4206033 -23.8900130
vt 90.3288438 -26.3876113
vt 96.4165581 -24.1102989
vt 96.1412797 -31.6030939
vt 96.3247986 -26.6078972
vt 96.0495202 -34.1006922
vt 90.1453249 -31.3828080
vt 89.9618059 -36.3780047
vt 89.8700464 -38.8756030
vt 95.9577607 -36.5982906
vt 89.6865275 -43.8707997
vt 89.5947680 -46.3683980
vt 95.6824823 -44.0910856
vt 95.4989633 -49.0862823
vt 95.5907228 -46.5886839
vt 95.4072038 -51.5838806
vt 89.5030085 -48.8659964
vt 95.2236849 -56.5790773
vt 95.3154444 -54.0814789
vt 89.3194895 -53.8611930
vt 95.0401659 -61.5742739
vt 95.1319254 -59.0766756
vt 89.1359706 -58.8563897
vt 94.9484064 -64.0718723
vt 88.9524516 -63.8515864
vt 86.7328547 -118.7781728
vt 86.6304738 -121.2753583
vt 92.6254375 -121.5211430
vt 94.2635320 -81.5661751
vt 94.3659129 -79.0689896
vt 88.2685683 -81.3203904
vt 93.0349611 -111.5324010
vt 93.1373420 -109.0352155
vt 87.1423783 -108.7894309
vt 93.3421038 -104.0408445
vt 93.4444848 -101.5436590
vt 93.6492466 -96.5492880
vt 87.4495210 -101.2978744
vt 87.7566638 -93.8063179
vt 87.6542829 -96.3035034
vt 93.7516275 -94.0521025
vt 87.3471401 -103.7950599
vt 94.1611511 -84.0633606
vt 88.6773981 -71.3382602
vt 88.5757006 -73.8290879
vt 94.5706955 -74.0741107
vt 92.5230566 -124.0183285
vt 86.5280929 -123.7725438
vt 92.4206757 -126.5155140
vt 86.4257120 -126.2697293
vt 89.2277301 -56.3587914
vt 85.8584586 -146.6611303
vt 86.1067501 -149.1480498
vt 91.8354111 -146.1315089
vt 92.5736514 -153.5258183
vt 92.3253599 -151.0388988
vt 86.6033332 -154.1218888
vt 89.9480453 -162.1934005
vt 96.1475387 -160.6753715
vt 94.9398251 -158.8644165
vt 105.2782126 -165.2873728
vt 103.2111531 -164.8650704
vt 104.0772143 -171.1659443
vt 106.5259170 -171.6662168
vt 108.9746196 -172.1664893
vt 107.7269153 -165.7876453
vt 126.3304713 -165.3031162
vt 123.9501259 -165.7711891
vt 127.4881459 -171.1903727
vt 142.4880464 -166.7477793
vt 142.1393639 -160.2574143
vt 139.8871125 -161.3408261
vt 146.9925491 -164.5809558
vt 144.3916153 -159.1740025
vt 158.0256688 -157.7909038
vt 156.6049949 -151.4483410
vt 154.5637083 -152.8904110
vt 175.2905694 -141.6517995
vt 176.5865002 -139.5147500
vt 170.3285746 -138.2629833
vt 179.1783616 -135.2406509
vt 174.0479720 -132.1295253
vt 172.7520413 -134.2665748
vt 190.1628623 -109.5340471
vt 191.0592670 -107.2010499
vt 184.5620636 -107.3820588
vt 192.8520765 -102.5350556
vt 193.7484813 -100.2020585
vt 188.1476826 -98.0500702
vt 189.0440873 -95.7170730
vt 194.6098370 -97.9602805
vt 195.5888035 -95.8366950
vt 190.1650184 -93.2703460
vt 193.6258250 -86.4841953
vt 192.4896697 -88.7103058
vt 197.8338670 -91.4378606
vt 198.9700223 -89.2117501
vt 200.1061777 -86.9856395
vt 201.1847098 -84.8724324
vt 194.7619804 -84.2580847
vt 197.3347631 -79.7016800
vt 196.0227010 -81.8114305
vt 202.3183224 -83.0496226
vt 197.5817937 -79.3604657
vt 203.7869523 -81.2950003
vt 200.7900993 -75.5273933
vt 199.1859465 -77.4439295
vt 208.4372757 -75.8280671
vt 206.3623893 -69.7609919
vt 204.4347917 -71.3518360
vt 204.0941894 -71.6814872
vt 232.4556383 -61.3812099
vt 233.4362958 -54.9558906
vt 231.0105811 -55.5578251
vt 215.8803873 -69.6852753
vt 217.7451472 -68.3611034
vt 214.3507839 -63.4125879
vt 216.6407293 -61.9933111
vt 214.5132897 -63.3049581
vt 225.9638328 -63.2939727
vt 225.7414168 -56.8985354
vt 223.4572125 -57.8371784
vt 227.8181024 -62.5320019
vt 226.1591516 -56.7616943
vt 237.3070678 -60.1773407
vt 235.8620106 -54.3539560
vt 239.5913839 -59.6104938
vt 238.5732570 -53.6957121
vt 238.2877253 -53.7520214
vt 241.7126056 -59.2981735
vt 241.0304119 -53.3339303
vt 243.9149687 -53.2595861
vt 241.4160516 -53.3023716
vt 257.0887332 -53.1116482
vt 256.4095542 -53.0456590
vt 256.1689021 -59.0506588
vt 259.5280841 -53.6337006
vt 258.2483475 -59.4956867
vt 259.5761820 -53.6444080
vt 265.4682052 -61.1652975
vt 267.5530516 -61.7403425
vt 267.0030044 -55.3645787
vt 272.1530885 -57.2868418
vt 269.8972571 -56.2109040
vt 269.4034390 -56.0266698
vt 278.5934226 -67.0061408
vt 281.1764138 -61.5905931
vt 278.9205825 -60.5146553
vt 280.8411904 -68.0782326
vt 283.4483492 -62.6742709
vt 283.4322452 -62.6665310
vt 283.0688982 -69.1570894
vt 285.6976652 -63.7635923
vt 294.6780215 -68.2244888
vt 292.4396996 -67.1125840
vt 289.7703629 -72.4860970
vt 299.1546654 -70.4482984
vt 296.9163434 -69.3363936
vt 294.2470068 -74.7099066
vt 300.9619725 -78.0456209
vt 303.2002945 -79.1575257
vt 303.6313092 -72.6721079
vt 316.6302260 -85.8289544
vt 318.8685479 -86.9408591
vt 319.2995626 -80.4554414
vt 323.7762065 -82.6792509
vt 321.5378845 -81.5673462
vt 321.0449786 -88.0220189
vt 326.0770178 -83.9538858
vt 323.8985075 -82.7435582
vt 323.0003306 -89.1083652
vt 326.3900862 -84.1541529
vt 328.4079927 -85.6287616
vt 328.8740282 -93.4006381
vt 332.4438056 -88.5779789
vt 330.4258992 -87.1033702
vt 330.6711437 -94.7827558
vt 334.7681734 -90.3951592
vt 334.4807104 -90.1433746
vt 334.0782069 -98.1739519
vt 338.3109337 -93.9214204
vt 337.1837063 -101.3961492
vt 341.8566861 -97.6144153
vt 340.1767721 -95.7829441
vt 342.2848593 -98.2155061
vt 340.0823139 -95.6845510
vt 335.8012392 -99.8889599
vt 350.0551177 -112.2644129
vt 349.6549622 -111.1188940
vt 344.1894595 -113.6707681
vt 350.3762232 -114.6748780
vt 344.4024927 -115.2699588
vt 350.4024927 -115.0710179
vt 348.3706149 -108.9748630
vt 344.3006620 -119.2147881
vt 349.9161482 -121.4241891
vt 350.2525218 -120.2100282
vt 342.2966996 -123.0469902
vt 347.5998459 -125.8536826
vt 348.7579970 -123.6389359
vt 341.3323837 -124.8053387
vt 345.8252910 -128.8081242
vt 346.3736106 -128.0908430
vt 342.2265759 -132.2772621
vt 334.5888587 -131.2592987
vt 336.3310897 -137.4588657
vt 338.3273021 -135.9550196
vt 338.5726248 -135.7487710
vt 326.7709684 -137.1489044
vt 330.2639640 -142.0275660
vt 330.3424525 -141.9704041
vt 324.8963641 -138.4682580
vt 328.2235288 -143.4636321
vt 327.9628424 -143.6277636
vt 330.7246116 -134.1704283
vt 332.3386649 -140.4665580
vt 334.3348773 -138.9627118
vt 173.1423211 -230.3387520
vt 175.3228918 -229.1174705
vt 172.3909757 -223.8826001
vt 170.2104049 -225.1038816
vt 168.0298342 -226.3251632
vt 170.9617504 -231.5600335
vt 168.7811796 -232.7813151
vt 165.8492635 -227.5464447
vt 161.4881221 -229.9890077
vt 159.3075513 -231.2102893
vt 162.2394675 -236.4451596
vt 157.1269806 -232.4315708
vt 154.9464099 -233.6528523
vt 160.0588967 -237.6664412
vt 153.5171846 -241.3302857
vt 155.6977553 -240.1090042
vt 150.5852684 -236.0954154
vt 149.1560431 -243.7728488
vt 151.3366139 -242.5515673
vt 148.4046977 -237.3166969
vt 146.2241270 -238.5379784
vt 144.0435563 -239.7592600
vt 144.7949017 -246.2154119
vt 146.9754724 -244.9941303
vt 142.6143310 -247.4366934
vt 139.6824148 -242.2018230
vt 137.5018441 -243.4231045
vt 140.4337602 -248.6579749
vt 133.1407027 -245.8656676
vt 130.9601319 -247.0869491
vt 133.8920481 -252.3218195
vt 120.8086237 -259.6495086
vt 122.9891945 -258.4282271
vt 117.8767076 -254.4146383
vt 115.6961369 -255.6359198
vt 113.5155662 -256.8572013
vt 118.6280530 -260.8707902
vt 114.2669116 -263.3133532
vt 116.4474823 -262.0920717
vt 112.0863408 -264.5346348
vt 111.3349954 -258.0784829
vt 109.1544247 -259.2997644
vt 106.9738540 -260.5210459
vt 107.7251994 -266.9771978
vt 109.9057701 -265.7559163
vt 104.7932833 -261.7423274
vt 102.6127125 -262.9636090
vt 105.5446287 -268.1984793
vt 101.1834872 -270.6410424
vt 103.3640580 -269.4197609
vt 98.2515711 -265.4061720
vt 96.0710004 -266.6274535
vt 99.0029165 -271.8623239
vt 93.8904297 -267.8487351
vt 91.7098589 -269.0700166
vt 96.8223458 -273.0836054
vt 92.4612043 -275.5261685
vt 94.6417751 -274.3048870
vt 90.2806336 -276.7474500
vt 89.5292882 -270.2912981
vt 88.1000629 -277.9687316
vt 85.1681468 -272.7338612
vt 85.9194922 -279.1900131
vt 82.9875760 -273.9551427
vt 81.5583507 -281.6325761
vt 83.7389214 -280.4112946
vt 80.8070053 -275.1764242
vt 78.6264346 -276.3977058
vt 76.4458639 -277.6189873
vt 74.2652931 -278.8402688
vt 77.1972093 -284.0751392
vt 72.0847224 -280.0615503
vt 75.0166386 -285.2964207
vt 72.8360678 -286.5177022
vt 69.9041517 -281.2828319
vt 70.6554971 -287.7389838
vt 67.7235810 -282.5041134
vt 65.5430103 -283.7253949
vt 63.3624395 -284.9466764
vt 68.4749264 -288.9602653
vt 61.1818688 -286.1679580
vt 64.1137849 -291.4028283
vt 57.5720728 -295.0666729
vt 59.7526435 -293.8453914
vt 54.6401566 -289.8318026
vt 53.2109313 -297.5092360
vt 55.3915020 -296.2879545
vt 52.4595859 -291.0530841
vt 51.0303606 -298.7305175
vt 48.0984445 -293.4956471
vt 46.6692192 -301.1730806
vt 48.8497899 -299.9517990
vt 45.9178737 -294.7169287
vt 41.5567323 -297.1594917
vt 39.3761616 -298.3807732
vt 44.4886484 -302.3943621
vt 37.9469363 -306.0582067
vt 42.3080777 -303.6156436
vt 35.7663655 -307.2794882
vt 32.8344494 -302.0446178
vt 31.4052241 -309.7220512
vt 33.5857948 -308.5007697
vt 30.6538787 -303.2658994
vt 27.0440827 -312.1646143
vt 29.2246534 -310.9433328
vt 26.2927372 -305.7084624
vt 24.8635119 -313.3858958
vt 24.1121665 -306.9297439
vt 22.6829412 -314.6071774
vt 19.7721410 -309.3604805
vt 20.4408409 -315.8162625
vt 22.6405213 -314.6304881
vt 17.6168562 -310.5223228
vt 20.3944435 -315.8407527
vt 14.7222003 -318.4665539
vt 15.9536568 -318.1353294
vt 13.7790817 -312.5053200
vt 12.2352575 -318.5874660
vt 7.4731345 -312.7338559
vt 6.4110292 -312.4262168
vt 6.2588036 -318.6287478
vt 4.0367559 -317.9851312
vt 2.8006863 -317.2743223
vt 5.2422986 -311.3113449
vt 0.7858870 -315.3316598
vt 0.9922482 -315.5492226
vt 3.9988960 -309.8617537
vt -1.2564614 -312.7850831
vt -0.8194233 -313.4601471
vt -7.6452355 -299.2184112
vt -6.5804398 -301.4795232
vt -1.1522150 -298.9232808
vt -6.4761934 -287.6177209
vt -7.5409891 -285.3566089
vt -11.9044182 -290.1739633
vt -8.4955187 -283.3296488
vt -12.9692139 -287.9128513
vt -14.0340096 -285.6517394
vt -14.8652838 -282.7919150
vt -14.2128095 -285.1680101
vt -9.0140974 -281.4411573
vt -14.9562227 -282.3083801
vt -9.5064669 -276.7150062
vt -15.7331425 -274.8508905
vt -15.4741692 -277.3367204
vt -10.0082758 -271.8982486
vt -16.0084432 -269.5569323
vt -16.0082646 -272.0544181
vt -4.3466021 -292.1399448
vt -5.4113977 -289.8788329
vt -9.7748269 -294.6961873
vt -9.8708959 -259.6018962
vt -15.8358675 -257.0201272
vt -15.8703256 -259.5191730
vt -9.7251610 -249.6386600
vt -15.7238885 -249.5130428
vt -15.7667943 -252.0118941
vt -15.7227712 -249.4678292
vt -15.6421970 -246.9698450
vt -9.3230192 -237.1713416
vt -15.2393262 -234.4799240
vt -15.3199004 -236.9779082
vt -9.0812968 -229.6773890
vt -14.9976037 -226.9859714
vt -15.0781779 -229.4839556
vt -8.5978518 -214.6894839
vt -14.5141588 -211.9980662
vt -14.5947330 -214.4960504
vt -8.5172776 -212.1914997
vt -14.4335846 -209.5000820
vt -8.1144068 -199.7015787
vt -14.0307138 -197.0101611
vt -14.1112880 -199.5081452
vt -7.9532585 -194.7056103
vt -13.8695655 -192.0141927
vt -13.9501397 -194.5121769
vt -7.4698136 -179.7177051
vt -13.3861206 -177.0262875
vt -13.4666947 -179.5242717
vt -6.8252203 -159.7338315
vt -12.7415273 -157.0424139
vt -12.8221014 -159.5403981
vt -6.6640720 -154.7378631
vt -12.2580823 -142.0545087
vt -12.6609531 -154.5444297
vt -5.1460847 -119.8927151
vt -10.9626935 -116.9921153
vt -11.1322596 -119.4856398
vt -5.3156508 -122.3862397
vt -11.3018257 -121.9791644
vt -11.6409579 -126.9662134
vt -5.8223243 -129.8370387
vt -11.8139807 -129.5193214
vt -11.9338893 -132.0153345
vt -11.8105239 -129.4597380
vt -7.1475169 -169.7257683
vt -13.0638239 -167.0343507
vt -13.1443981 -169.5323349
vt -4.4678204 -109.9186170
vt -10.4539952 -109.5115417
vt -10.6235613 -112.0050662
vt -4.1286882 -104.9315680
vt -10.1148631 -104.5244927
vt -10.2844292 -107.0180172
vt -10.0084417 -269.5772923
vt -9.7654402 -274.2291764
vt -2.2170107 -296.6621688
vt -3.2818064 -294.4010568
vt -5.5156441 -303.7406352
vt -0.0874193 -301.1843928
vt -4.4508484 -306.0017472
vt -2.3212570 -310.5239711
vt 3.1069678 -307.9677287
vt 128.7795612 -248.3082306
vt 131.7114773 -253.5431010
vt 138.2531895 -249.8792564
vt 135.3212734 -244.6443861
vt 157.8783260 -238.8877227
vt 163.6686928 -228.7677262
vt 166.6006089 -234.0025966
vt 181.1132586 -218.9974740
vt 178.9326878 -220.2187555
vt 181.8646040 -225.4536259
vt 183.2938293 -217.7761925
vt 184.0451747 -224.2323444
vt 185.4744000 -216.5549109
vt 188.4063161 -221.7897813
vt 192.7674576 -219.3472183
vt 194.9480283 -218.1259367
vt 192.0161122 -212.8910664
vt 197.1285990 -216.9046552
vt 199.3091698 -215.6833737
vt 194.1966829 -211.6697848
vt 201.4897405 -214.4620922
vt 203.6703112 -213.2408106
vt 198.5578243 -209.2272218
vt 208.0314526 -210.7982476
vt 205.0995365 -205.5633772
vt 210.2120234 -209.5769661
vt 212.3925941 -208.3556845
vt 209.4606780 -203.1208142
vt 211.6412487 -201.8995326
vt 214.5731648 -207.1344030
vt 218.1829609 -198.2356880
vt 216.0023901 -199.4569696
vt 221.1148770 -203.4705584
vt 223.2954477 -202.2492769
vt 220.3635316 -197.0144065
vt 226.9052437 -193.3505619
vt 224.7246730 -194.5718435
vt 227.6565892 -199.8067138
vt 232.0177306 -197.3641508
vt 234.1983013 -196.1428693
vt 229.0858145 -192.1292804
vt 236.3788720 -194.9215877
vt 231.2663852 -190.9079989
vt 238.5594428 -193.7003062
vt 240.7400135 -192.4790247
vt 235.6275266 -188.4654358
vt 242.9205842 -191.2577431
vt 245.1011549 -190.0364616
vt 242.1692388 -184.8015913
vt 251.6428671 -186.3726170
vt 253.8234378 -185.1513355
vt 248.7109510 -181.1377467
vt 259.6138046 -175.0313390
vt 253.0720924 -178.6951836
vt 256.0040085 -183.9300540
vt 266.1555168 -171.3674945
vt 261.7943753 -173.8100575
vt 264.7262914 -179.0449279
vt 269.0874329 -176.6023648
vt 271.2680036 -175.3810833
vt 273.4485743 -174.1598018
vt 270.5166582 -168.9249314
vt 275.6291451 -172.9385202
vt 277.8097158 -171.7172387
vt 272.6972289 -167.7036499
vt 284.3514279 -168.0533941
vt 286.5319987 -166.8321126
vt 281.4195118 -162.8185238
vt 288.7125694 -165.6108311
vt 283.6000825 -161.5972422
vt 290.8931401 -164.3895496
vt 287.9612240 -159.1546792
vt 292.3223654 -156.7121161
vt 290.1417947 -157.9333977
vt 293.0737108 -163.1682680
vt 295.2542816 -161.9469865
vt 297.4348523 -160.7257050
vt 296.6835069 -154.2695531
vt 294.5029361 -155.4908346
vt 299.6154230 -159.5044235
vt 303.2252190 -150.6057085
vt 301.0446483 -151.8269900
vt 303.9765644 -157.0618604
vt 306.1571352 -155.8405789
vt 308.3377059 -154.6192973
vt 312.6988473 -152.1767343
vt 309.7669312 -146.9418639
vt 314.1280727 -144.4993009
vt 311.9475019 -145.7205824
vt 314.8794181 -150.9554528
vt 317.0599888 -149.7341712
vt 319.2405595 -148.5128897
vt 320.6697848 -140.8354563
vt 316.3086434 -143.2780193
vt 328.7283992 -135.6742744
vt 332.7208240 -132.6665821
vt 340.6002977 -107.6753066
vt 340.6547702 -107.7701183
vt 345.8300206 -104.7337102
vt 339.3951049 -105.4861989
vt 344.6567117 -102.6025165
vt 339.3841575 -105.4661336
vt 332.5026683 -88.6221107
vt 324.8679171 -90.4731258
vt 310.3462750 -76.0078223
vt 308.1079530 -74.8959175
vt 307.6769383 -81.3813352
vt 305.8696311 -73.7840127
vt 301.3929873 -71.5602031
vt 298.7236506 -76.9337161
vt 290.2013777 -66.0006793
vt 287.5320410 -71.3741922
vt 285.2937191 -70.2622875
vt 287.9630558 -64.8887745
vt 285.7247339 -63.7768697
vt 269.5700973 -62.7023895
vt 246.5166002 -59.2159215
vt 251.5144344 -59.1303506
vt 251.4117200 -53.1312299
vt 246.4138858 -53.2168007
vt 244.0176831 -59.2587069
vt 234.8813530 -60.7792753
vt 228.5848663 -56.1597597
vt 230.0299235 -61.9831444
vt 212.3178087 -64.8562100
vt 212.1451819 -64.9884595
vt 210.2175843 -66.5793036
vt 208.2899868 -68.1701477
vt 212.1091075 -72.7977084
vt 185.4584683 -105.0490617
vt 182.7692541 -112.0480531
vt 181.8728493 -114.3810503
vt 188.3700528 -114.2000414
vt 186.5772433 -118.8660358
vt 187.4736480 -116.5330386
vt 184.7844338 -123.5320301
vt 185.6808385 -121.1990329
vt 180.0800398 -119.0470446
vt 179.1836351 -121.3800418
vt 178.2872303 -123.7130390
vt 183.8880290 -125.8650273
vt 181.9601858 -130.5980471
vt 182.9463824 -128.3090884
vt 176.5320902 -128.0330998
vt 181.7702231 -130.9665518
vt 180.4742924 -133.1036013
vt 173.1507203 -144.0000962
vt 173.1774100 -143.9724167
vt 168.8449042 -139.8215417
vt 169.6581312 -147.5760562
vt 165.3657486 -143.3837475
vt 164.2168762 -153.1289161
vt 164.4192475 -152.9399963
vt 160.2236875 -148.6485538
vt 162.3210818 -154.7415915
vt 158.5361497 -150.0840738
vt 162.1082421 -154.9067637
vt 146.6164424 -158.1037828
vt 149.2448005 -163.4975440
vt 148.6195205 -157.0896914
vt 149.2993756 -163.4706064
vt 151.5258706 -162.3434065
vt 137.6348612 -162.4242378
vt 140.2357950 -167.8311911
vt 135.6666130 -163.3710341
vt 137.3933473 -169.1258330
vt 137.9835437 -168.9146028
vt 134.9765402 -169.7147728
vt 124.8912699 -171.6973708
vt 125.0358255 -171.6725989
vt 119.7146348 -172.2644672
vt 122.2072584 -172.0821354
vt 121.6613996 -166.1060334
vt 117.2220112 -172.4467990
vt 119.2769129 -166.2804552
vt 116.7842893 -166.4627870
vt 112.1327507 -172.7254978
vt 114.6194559 -172.6351466
vt 112.2731154 -166.7164387
vt 111.4233223 -172.6667618
vt 100.8977922 -170.4148534
vt 101.6285117 -170.6656718
vt 98.6652330 -169.3093818
vt 101.3609492 -163.9489253
vt 98.5990933 -169.2756064
vt 97.3499740 -161.8376560
vt 91.7456125 -164.7652480
vt 93.4882315 -166.4496789
vt 91.3347244 -164.2727125
vt 93.6111080 -156.8720179
vt 88.4516284 -159.9364403
vt 88.5613662 -160.1140885
vt 92.7585696 -155.3779823
vt 86.8516247 -156.6088083
vt 87.2311561 -157.7976168
vt 86.3550416 -151.6349693
vt 85.9138075 -138.7556568
vt 85.8114265 -141.2528423
vt 91.8063903 -141.4986269
vt 91.9087712 -139.0014414
vt 92.3182948 -129.0126995
vt 87.0399974 -111.2866164
vt 94.6726532 -71.5769087
vt 94.6731280 -71.5646673
vt 89.0442111 -61.3539880
vt 95.8660012 -39.0958889
vt 91.3381981 1.0859703
vt 97.3341529 0.8656844
vt 97.4259124 3.3632828
vt 91.4299576 3.5835687
vt 91.5217171 6.0811670
vt 97.5176719 5.8608811
vt 91.6155937 8.6261712
vt 91.6134765 8.5787654
vt 97.6085602 8.3347681
vt 91.7470706 11.1262057
vt 91.7468453 11.1219779
vt 97.7384546 10.8047662
vt 97.8731157 13.2982991
vt 91.8818459 13.6218525
vt 92.0166212 16.1174993
vt 98.0078909 15.7939459
vt 92.1513964 18.6131461
vt 98.1426662 18.2895927
vt 98.2774415 20.7852395
vt 92.2861717 21.1087929
vt 98.6817673 28.2721798
vt 98.8165425 30.7678266
vt 92.6904975 28.5957332
vt 92.9600480 33.5870268
vt 92.8252728 31.0913800
vt 92.4209470 23.6044397
vt 98.4122167 23.2808863
vt 93.0948233 36.0826736
vt 99.0860931 35.7591202
vt 99.4904189 43.2460606
vt 100.9729468 70.6981752
vt 101.2424973 75.6894687
vt 101.3772726 78.1851155
vt 95.3860028 78.5086689
vt 102.0562655 90.6601191
vt 102.3307192 95.6511455
vt 96.3397702 95.9805844
vt 96.6142240 100.9716108
vt 96.4769971 98.4760976
vt 102.6051730 100.6421718
vt 102.7423998 103.1376850
vt 96.7514508 103.4671239
vt 104.8062500 178.1970542
vt 97.3003583 113.4491767
vt 97.1631315 110.9536635
vt 103.1540805 110.6242245
vt 97.0259046 108.4581503
vt 103.2913073 113.1197377
vt 103.4285342 115.6152509
vt 107.7594205 155.1050950
vt 101.8127894 155.9035801
vt 100.8149692 148.4724220
vt 97.8492658 123.4312294
vt 97.7120390 120.9357162
vt 103.8402148 123.1017904
vt 103.9771693 125.5923488
vt 104.1157720 127.9694162
vt 97.9870540 125.9366514
vt 98.1325178 128.4313863
vt 98.1541154 128.6560005
vt 99.8171490 141.0412640
vt 99.4845423 138.5642113
vt 103.5657611 118.1107641
vt 97.4375852 115.9446898
vt 105.8040702 185.6282123
vt 112.4004872 189.6689372
vt 106.4692837 190.5823177
vt 106.5089593 190.8105755
vt 109.3706108 197.1760010
vt 108.5579437 196.2433688
vt 113.4889339 192.7670379
vt 111.2138145 198.5666733
vt 114.3344908 193.4049992
vt 112.3067901 199.0856620
vt 116.7150726 199.4644325
vt 115.7277862 199.7432173
vt 114.7042956 199.6730567
vt 115.0893657 193.5899454
vt 118.9687575 198.3840061
vt 116.1548129 193.0791653
vt 121.4213093 196.7200008
vt 119.3891456 198.1386822
vt 117.8598202 191.8888762
vt 123.5565544 194.8961554
vt 121.6654038 196.5301586
vt 140.5769097 180.1901259
vt 138.6857591 181.8241292
vt 134.7630268 177.2840663
vt 136.6541774 175.6500630
vt 138.5124523 174.0444651
vt 139.9830553 172.6975045
vt 142.5329751 178.4983717
vt 144.9286544 176.1244890
vt 144.3680104 176.8176188
vt 143.3972483 166.8835580
vt 149.7806307 166.7531142
vt 148.9781166 169.1077007
vt 144.0790972 164.8830049
vt 149.8222549 166.6210880
vt 151.2887042 161.5018352
vt 151.7271084 158.9947539
vt 152.8773840 151.5544196
vt 152.5151917 154.0234558
vt 152.8887561 150.7697817
vt 152.3068953 145.8051964
vt 151.7117188 140.7413567
vt 151.7250346 140.8406111
vt 150.9562056 135.7917313
vt 151.3368336 138.2618607
vt 149.4336937 125.9112134
vt 149.8143217 128.3813429
vt 148.2918097 118.5008250
vt 148.6724377 120.9709545
vt 147.1499257 111.0904366
vt 147.5305537 113.5605661
vt 145.6274138 101.2099187
vt 146.0080418 103.6800482
vt 138.1748912 92.2431700
vt 144.1049018 91.3294009
vt 144.4855298 93.7995303
vt 137.7970458 89.7910984
vt 143.7184889 88.8231909
vt 143.7242738 88.8592714
vt 143.3078050 86.3578963
vt 144.8661578 96.2696598
vt 139.6974031 102.1236879
vt 140.0014091 66.6357638
vt 138.3484668 56.7762274
vt 136.6955246 46.9166910
vt 135.0425823 37.0571546
vt 133.3896400 27.1976182
vt 125.8192796 18.3301316
vt 131.3234622 14.8731977
vt 131.7366977 17.3380818
vt 129.6961650 0.4272784
vt 130.3032821 -8.7326422
vt 134.9921544 -20.2197092
vt 150.0397125 -12.1255384
vt 181.0069489 27.1121625
vt 182.5553107 29.0740475
vt 184.1036725 31.0359325
vt 177.8454365 32.7911814
vt 185.6520344 32.9978176
vt 179.3937983 34.7530665
vt 187.2003962 34.9597026
vt 182.4905219 38.6768366
vt 185.5872456 42.6006066
vt 184.0388838 40.6387216
vt 190.2971198 38.8834727
vt 191.8454817 40.8453577
vt 193.3938435 42.8072428
vt 188.6839692 46.5243767
vt 194.9422053 44.7691278
vt 196.4905671 46.7310129
vt 190.2323311 48.4862618
vt 193.3290547 52.4100318
vt 191.7806929 50.4481468
vt 198.0389289 48.6928979
vt 199.5872908 50.6547829
vt 201.1356526 52.6166680
vt 196.4257783 56.3338019
vt 205.7479136 58.4607322
vt 199.5225020 60.2575720
vt 201.1379609 62.3014539
vt 201.0708638 62.2194570
vt 203.0031625 64.4662722
vt 202.7511650 64.2033512
vt 207.2088404 60.1831012
vt 204.8388734 66.1623213
vt 208.9105585 61.7553518
vt 210.3460062 71.2504687
vt 208.5102952 69.5544196
vt 214.1510558 66.5971494
vt 213.1104981 72.8777712
vt 210.9303408 71.6724601
vt 215.9781810 67.6072850
vt 213.1816770 72.9158814
vt 220.0181133 69.7008669
vt 218.3812129 75.4876650
vt 217.6197148 75.2157703
vt 226.7581285 71.0517569
vt 229.0072369 71.2356813
vt 228.5862109 77.2212800
vt 226.1015826 77.0180956
vt 225.7691235 76.9720710
vt 231.4367068 71.3234658
vt 231.2200489 77.3195528
vt 233.7441474 71.4068411
vt 236.5748174 77.1743788
vt 234.0974714 77.3994524
vt 235.9211323 71.2090561
vt 236.7953770 77.1460651
vt 239.2608209 76.7361828
vt 244.1917088 75.9164183
vt 249.1225967 75.0966538
vt 255.5349290 67.9482449
vt 258.9843724 73.4571248
vt 256.5189285 73.8670070
vt 268.7262407 67.3217085
vt 268.0591280 73.2845065
vt 294.7347976 105.3397362
vt 293.7255053 103.0533097
vt 299.2145025 100.6303136
vt 300.2237948 102.9167401
vt 301.2330871 105.2031666
vt 302.1788881 107.3457615
vt 295.7440899 107.6261627
vt 298.1448966 112.3735235
vt 298.1374870 112.3606689
vt 303.3394570 109.3707587
vt 299.3983634 114.5357534
vt 304.5892032 111.5265705
vt 301.9052970 118.8602132
vt 300.6518302 116.6979833
vt 306.8973005 115.5080377
vt 304.1554338 121.2432467
vt 302.3852426 119.4827721
vt 308.3776314 116.9802430
vt 304.1730073 121.2605804
vt 325.0309958 142.6800131
vt 323.2987505 140.8784184
vt 329.3560629 138.5214323
vt 328.4954864 146.2832025
vt 326.7632411 144.4816078
vt 332.8205535 142.1246217
vt 334.5527988 143.9262164
vt 336.2850441 145.7278111
vt 330.2277317 148.0847972
vt 337.8505105 147.3559500
vt 331.9599770 149.8863919
vt 334.0512955 152.0060970
vt 333.6922223 151.6879866
vt 336.0476791 153.5078896
vt 336.0608442 153.5177367
vt 340.0717741 156.5007067
vt 346.0881690 160.9751618
vt 354.1100289 166.9411018
vt 356.1154938 168.4325868
vt 362.1318887 172.9070419
vt 375.6970550 175.6865912
vt 372.0393948 180.4428000
vt 388.8267652 188.1521787
vt 384.1830461 191.9516355
vt 388.8349565 205.9275883
vt 394.8272492 206.3099091
vt 370.5712346 217.0745148
vt 352.0820057 226.7657025
vt 319.0431937 227.0510375
vt 326.4043424 225.6258200
vt 327.5448433 231.5164276
vt 316.5894774 227.5261100
vt 299.4134638 230.8516176
vt 303.0076810 236.2671526
vt 296.9597476 231.3266901
vt 300.5539648 236.7422252
vt 298.1002485 237.2172977
vt 295.6465323 237.6923702
vt 293.1928161 238.1674427
vt 279.7837339 234.6521977
vt 282.2374502 234.1771252
vt 280.9242349 240.5428052
vt 278.4705187 241.0178777
vt 277.3300177 235.1272702
vt 269.9688690 236.5524877
vt 271.1093700 242.4430953
vt 268.6556537 242.9181678
vt 267.5151528 237.0275602
vt 265.0614365 237.5026327
vt 266.2019375 243.3932403
vt 263.7482213 243.8683128
vt 256.3870726 245.2935303
vt 255.2465716 239.4029228
vt 252.7928554 239.8779953
vt 253.9333563 245.7686028
vt 246.5722076 247.1938204
vt 245.4317067 241.3032128
vt 241.6647752 248.1439654
vt 239.2110589 248.6190379
vt 238.0705580 242.7284303
vt 235.6168417 243.2035028
vt 236.7573427 249.0941104
vt 226.9424778 250.9944004
vt 224.4887615 251.4694730
vt 220.8945443 246.0539379
vt 223.3482606 245.5788654
vt 208.6259632 248.4293004
vt 209.7664641 254.3199080
vt 198.8110982 250.3295905
vt 201.2648145 249.8545180
vt 193.9036658 251.2797355
vt 199.9515992 256.2201981
vt 195.0441667 257.1703431
vt 192.5904505 257.6454156
vt 190.1367343 258.1204881
vt 191.4499495 251.7548080
vt 184.0888008 253.1800255
vt 188.9962333 252.2298805
vt 177.8681531 260.4958506
vt 174.2739359 255.0803156
vt 176.7276521 254.6052431
vt 171.8202197 255.5553881
vt 166.9127872 256.5055331
vt 159.5516385 257.9307506
vt 154.6442060 258.8808957
vt 147.2830573 260.3061132
vt 142.3756249 261.2562582
vt 137.4681924 262.2064032
vt 132.5607599 263.1565482
vt 125.1996112 264.5817658
vt 68.5670403 255.5255209
vt 70.9445111 256.2962670
vt 66.7167192 261.2330871
vt 60.9731138 253.1031103
vt 61.4346277 253.2132826
vt 59.8106937 258.9942407
vt 57.7135969 258.6661953
vt 58.5198111 252.7193443
vt 53.2914463 252.3242627
vt 58.2765117 252.6914028
vt 53.4662073 258.3533836
vt 49.7436943 253.2906633
vt 52.0926163 252.4802169
vt 49.6124072 259.7509963
vt 47.3253582 254.2009792
vt 49.6640066 253.3194233
vt 44.0757927 256.0370645
vt 42.3198411 257.8155614
vt 33.5400833 266.7080461
vt 38.8079380 261.3725553
vt 31.7841317 268.4865430
vt 3.9669389 224.9451700
vt 3.8663302 222.4479125
vt 9.9620755 224.7036399
vt 6.6190550 129.8287346
vt 6.6886746 132.3270482
vt 0.6910029 132.4941831
vt 0.6213833 129.9958696
vt 0.5517637 127.4975561
vt 6.5494354 127.3304211
vt 6.4101962 122.3337941
vt 0.4125245 122.5009291
vt 6.3405766 119.8354806
vt 0.3429049 120.0026156
vt 5.9228590 104.8455996
vt 6.2709570 117.3371671
vt -0.0748127 105.0127346
vt 5.8532394 102.3472861
vt -0.1444323 102.5144211
vt -0.4229107 92.5211671
vt -0.4925303 90.0228536
vt 5.5747610 92.3540321
vt 5.4355218 87.3574051
vt 5.5051414 89.8557186
vt -0.5621499 87.5245401
vt 4.9481846 69.8692106
vt 5.0178042 72.3675241
vt -1.0494871 70.0363455
vt 4.8785650 67.3708971
vt -1.1191067 67.5380320
vt 4.7393258 62.3742701
vt 4.8089454 64.8725836
vt -1.2583459 62.5414050
vt -2.3026399 25.0667025
vt -2.3722595 22.5683890
vt 3.6950318 24.8995675
vt -6.7235413 -54.6540020
vt -0.7373665 -55.0610773
vt -0.5678004 -52.5675528
vt -6.2148431 -47.1734284
vt -0.2286682 -47.5805037
vt -0.0591021 -45.0869792
vt -2.4418791 20.0700755
vt -2.5114987 17.5717620
vt 3.5557926 19.9029405
vt 3.4861730 17.4046270
vt 3.4165534 14.9063135
vt -2.5811183 15.0734485
vt -5.1974466 -32.2122813
vt 0.7887283 -32.6193566
vt 0.9582944 -30.1258320
vt -2.6507379 12.5751350
vt 3.3469339 12.4080000
vt -4.5191822 -22.2381831
vt 1.4669927 -22.6452584
vt 1.6365587 -20.1517339
vt -2.7203575 10.0768215
vt -2.7899771 7.5785080
vt 3.2076947 7.4113730
vt -4.1800500 -17.2511341
vt 1.8061248 -17.6582094
vt 2.1452570 -12.6711603
vt -3.8409179 -12.2640850
vt 2.3148231 -10.1776358
vt -3.5017857 -7.2770359
vt 2.4843892 -7.6841112
vt 2.9930874 -0.2035377
vt 2.9988359 -0.0835675
vt -2.9971627 0.1436101
vt 2.8235214 -2.6970622
vt -2.0937811 32.5616430
vt -2.1634007 30.0633295
vt 3.8342710 29.8961946
vt -7.2322396 -62.1345756
vt -1.2460647 -62.5416509
vt -1.0764986 -60.0481264
vt -7.7409379 -69.6151492
vt -1.7547630 -70.0222245
vt -1.5851969 -67.5287000
vt 3.9038906 32.3945081
vt 3.9735102 34.8928216
vt -2.0241615 35.0599565
vt -8.2496361 -77.0957228
vt -2.2634612 -77.5027981
vt -2.0938952 -75.0092736
vt 4.0431298 37.3911351
vt 4.1823690 42.3877621
vt -1.8153027 42.5548970
vt 4.2519886 44.8860756
vt -1.7456831 45.0532105
vt 4.3216082 47.3843891
vt -1.6760635 47.5515240
vt -1.6064439 50.0498375
vt -1.5368243 52.5481510
vt 4.3912278 49.8827026
vt -1.3975851 57.5447780
vt 4.4608474 52.3810161
vt -9.2670326 -92.0568700
vt -3.2808578 -92.4639453
vt -3.1112917 -89.9704208
vt -9.4365987 -94.5503945
vt -3.6199899 -97.4509944
vt -3.4504238 -94.9574698
vt -9.9452970 -102.0309681
vt -3.9591221 -102.4380434
vt -3.7895560 -99.9445189
vt -4.2982543 -107.4250925
vt -10.7931274 -114.4985908
vt -4.8069525 -114.9056661
vt -4.6373865 -112.4121415
vt 4.6000866 57.3776431
vt 4.6697062 59.8759566
vt -1.3279655 60.0430915
vt -5.6547830 -127.3732887
vt -12.0163599 -134.5605561
vt -6.1806270 -139.7499579
vt -6.0194787 -134.7539896
vt -6.7446461 -157.2358473
vt -7.0669428 -167.2277841
vt -13.2249722 -172.0303191
vt -7.3086653 -174.7217367
vt -7.2280911 -172.2237525
vt -13.3055464 -174.5283033
vt -7.3892394 -177.2197209
vt -7.8726844 -192.2076261
vt -8.0338327 -197.2035945
vt -8.4367035 -209.6935155
vt -8.6784260 -217.1874681
vt -9.0007226 -227.1794049
vt -15.5616229 -244.4718608
vt -9.6453159 -247.1632784
vt -9.5647417 -244.6652942
vt -9.9053540 -262.1009420
vt -15.9392418 -264.5172646
vt -9.9742702 -267.0990336
vt -9.9398121 -264.5999878
vt -15.9736999 -267.0163104
vt -9.7757309 -99.5374436
vt -9.6061648 -97.0439191
vt -9.0974666 -89.5633455
vt -8.4192022 -79.5892473
vt -1.9243291 -72.5157491
vt -7.9105039 -72.1086738
vt -1.4156308 -65.0351755
vt -7.4018057 -64.6281002
vt -7.5713718 -67.1216247
vt -6.8931074 -57.1475266
vt -7.0626735 -59.6410511
vt -6.5539753 -52.1604775
vt -0.3982343 -50.0740283
vt -6.3844092 -49.6669530
vt 0.2800301 -40.0999301
vt -5.7061448 -39.6928548
vt -5.8757109 -42.1863794
vt -5.3670127 -34.7058058
vt -4.8583144 -27.2252322
vt -5.0278805 -29.7187567
vt -4.6887483 -24.7317077
vt -4.3496161 -19.7446586
vt -3.6713518 -9.7705605
vt 2.6539553 -5.1905867
vt -3.1626535 -2.2899869
vt -3.3322196 -4.7835114
vt 7.0367726 144.8186157
vt 1.7535477 170.0055045
vt 8.0505104 177.2557470
vt 9.3584233 209.7200948
vt 9.6602494 217.2118673
vt 10.1632929 229.6981550
vt 10.4651189 237.1899275
vt 10.8675537 247.1789576
vt 5.4760692 262.4040328
vt 46.5894577 262.0310536
vt 97.6238405 271.2527863
vt 108.1186676 272.6456035
vt 115.6595741 266.2539955
vt 116.1249482 272.2364307
vt 126.3401122 270.4723733
vt 168.0532882 262.3961407
vt 222.0350453 251.9445455
vt 234.3036265 249.5691829
vt 262.6077203 237.9777052
vt 287.1448826 233.2269801
vt 333.7654911 224.2006025
vt 374.1654518 222.4900499
vt 387.0752129 210.9403266
vt 391.4330729 215.0647238
vt 394.4819223 200.8218776
vt 370.0582092 178.9192118
vt 373.7158694 174.1630030
vt 317.2303458 125.9102694
vt 305.9595650 123.0083300
vt 310.1553668 118.7193619
vt 291.7069207 98.4804566
vt 290.6976284 96.1940301
vt 284.5284742 83.1767327
vt 281.4543391 72.2855837
vt 279.0988954 70.8544850
vt 274.6961989 68.4876448
vt 254.0534845 74.2768893
vt 253.0694850 68.3581272
vt 171.6519892 24.9436413
vt 176.3618634 21.2265073
vt 173.2651398 17.3027372
vt 165.4585419 17.0961011
vt 167.0716925 9.4551971
vt 162.4266070 3.5695420
vt 148.1587767 -14.1367427
vt 128.9949830 -17.9344743
vt 129.7890957 -6.4754749
vt 132.5631689 22.2678500
vt 126.6457507 23.2598998
vt 134.2161111 32.1273864
vt 128.2986930 33.1194362
vt 135.8690534 41.9869228
vt 129.9516353 42.9789725
vt 137.5219957 51.8464592
vt 131.6045776 52.8385089
vt 133.2575199 62.6980453
vt 134.9104621 72.5575817
vt 141.2199151 112.0042057
vt 142.3617991 119.4145941
vt 150.5755776 133.3216018
vt 144.6455670 134.2353709
vt 145.0261950 136.7055004
vt 134.9034579 185.0921357
vt 105.4311734 137.7657262
vt 95.6555776 83.5004111
vt 94.1730254 56.0478479
vt 93.3643738 41.0739672
vt 96.9671150 -9.1247089
vt 90.9711602 -8.9044230
vt 89.7782869 -41.3732013
vt 86.9376165 -113.7838019
vt 93.8540084 -91.5549170
vt 88.1661874 -83.8175759
vt 87.8590447 -91.3091324
vt 92.7278184 -119.0239575
vt 86.3233311 -128.7669148
vt 132.3927866 -170.2259204
vt 152.5224216 -154.3324810
vt 174.8982556 -142.1647117
vt 177.8824309 -137.3777004
vt 183.6656588 -109.7150560
vt 190.2173589 -93.1625269
vt 202.4445924 -73.5522635
vt 210.1815099 -74.3885525
vt 223.0230481 -58.0583700
vt 262.0112036 -54.2075130
vt 253.9106371 -53.0884445
vt 274.0817599 -64.8542651
vt 276.6647512 -59.4387175
vt 292.0086849 -73.5980018
vt 296.4853287 -75.8218114
vt 350.4024927 -117.5703012
vt 344.4024927 -117.4822158
vt 350.3973244 -117.7463202
vt 347.5717869 -125.9060698
vt 340.3955942 -134.0418761
vt 325.7822717 -144.8490451
vt 152.7658392 -234.8741339
vt 141.8629856 -240.9805415
vt 136.0726188 -251.1005380
vt 100.4321418 -264.1848905
vt 87.3487175 -271.5125797
vt 79.3777800 -282.8538577
vt 66.2943557 -290.1815468
vt 56.8207274 -288.6105210
vt 50.2790152 -292.2743656
vt 43.7373030 -295.9382102
vt 35.0150201 -300.8233363
vt 28.4733080 -304.4871809
vt 21.9315958 -308.1510255
vt 11.9698530 -312.5932825
vt 12.1833114 -318.5895406
vt -9.2474936 -279.2008361
vt -15.2151960 -279.8225502
vt -10.8396226 -292.4350753
vt -16.0081580 -269.5153562
vt -9.7675915 -252.1098297
vt -15.7669513 -252.0220357
vt -15.8014094 -254.5210815
vt -14.9170296 -224.4879872
vt -14.6753071 -216.9940346
vt -6.9057945 -162.2318157
vt -12.9026756 -162.0383823
vt -12.1775082 -139.5565245
vt -5.9396666 -132.2796316
vt -11.9357857 -132.0625719
vt 2.0421721 -305.7066167
vt 164.4200382 -235.2238781
vt 177.5034625 -227.8961890
vt 179.6840332 -226.6749074
vt 176.7521171 -221.4400371
vt 186.2257454 -223.0110628
vt 196.3772536 -210.4485033
vt 207.2801072 -204.3420957
vt 218.9343063 -204.6918399
vt 249.4622964 -187.5938986
vt 262.5457207 -180.2662094
vt 268.3360875 -170.1462129
vt 285.7806533 -160.3759607
vt 305.4057898 -149.3844270
vt 323.6017010 -146.0703267
vt 322.8503555 -139.6141748
vt 338.1955135 -103.2676016
vt 326.8858236 -91.9477345
vt 305.4386164 -80.2694305
vt 271.8259286 -63.7783273
vt 254.0133515 -59.0875652
vt 214.0367050 -71.2068643
vt 189.2664575 -111.8670443
vt 180.9764446 -116.7140475
vt 177.4123363 -125.9900519
vt 175.3439027 -129.9924757
vt 167.9118366 -149.3640362
vt 163.6194541 -145.1717275
vt 160.0669554 -156.3488338
vt 151.9018088 -162.1171139
vt 153.9430954 -160.6750439
vt 144.7402977 -165.6643675
vt 122.4226791 -172.0585295
vt 114.3465764 -166.6411022
vt 94.1758749 -166.9473434
vt 96.3874841 -168.1114749
vt 99.1822008 -162.8020909
vt 91.7099110 -143.8518640
vt 86.2209502 -131.2641003
vt 94.7648875 -69.0670689
vt 94.8566470 -66.5694706
vt 88.8606921 -66.3491847
vt 95.7742418 -41.5934872
vt 98.9513178 33.2634734
vt 100.1642952 55.7242945
vt 96.0653165 90.9895580
vt 102.8796267 105.6331982
vt 103.4758231 168.2888435
vt 103.0168536 108.1287114
vt 97.5748121 118.4402030
vt 104.4333532 130.3345682
vt 98.4867221 131.1330532
vt 103.7029880 120.6062773
vt 102.1453962 158.3806328
vt 102.4679461 98.1466586
vt 142.4680603 178.5561226
vt 148.7254426 169.6590304
vt 150.5185509 164.2207570
vt 151.2148470 161.8204260
vt 146.5812516 153.1353918
vt 152.0159650 143.3229037
vt 142.0675870 78.9601842
vt 143.3072937 86.3548365
vt 139.1749380 61.7059956
vt 138.7617024 59.2411115
vt 129.7585270 2.9257836
vt 180.9421601 36.7149515
vt 188.7487580 36.9215877
vt 187.1356074 44.5624917
vt 194.8774165 54.3719169
vt 212.5819804 65.1474501
vt 215.4006959 74.0658258
vt 228.7223955 77.2293046
vt 233.7177023 77.4098011
vt 265.5753410 73.0066226
vt 305.8426700 113.6888004
vt 350.0990989 163.9581318
vt 331.0883082 140.3230270
vt 328.8580586 225.1507475
vt 294.5060313 231.8017626
vt 185.2293018 259.0706331
vt 175.4144369 260.9709232
vt 164.4590710 256.9806056
vt 130.1070437 263.6316208
vt 122.7458950 265.0568383
vt 66.1895694 254.7547748
vt 51.7407068 258.9487315
vt 24.7603254 275.6005307
vt 0.7606225 134.9924966
vt 0.2732853 117.5043021
vt -0.9798675 72.5346590
vt -1.1887263 65.0397185
vt 3.6254122 22.4012540
vt -5.5365787 -37.1993303
vt 0.4495961 -37.6064056
vt 0.6191622 -35.1128811
vt 1.1278605 -27.6323075
vt 1.2974266 -25.1387830
vt -2.8595967 5.0801945
vt 3.1380751 4.9130595
vt -8.0800700 -74.6021983
vt -1.9545419 37.5582700
vt -8.7583344 -84.5762964
vt -2.7721595 -84.9833717
vt -2.6025934 -82.4898472
vt -4.9765186 -117.3991906
vt -8.9201484 -224.6814207
vt -9.8364378 -257.1028504
vt -15.9047837 -262.0182188
vt -2.4330273 -79.9963226
vt -8.5887683 -82.0827719
vt 7.8492930 172.2612319
vt 5.1742431 254.9122603
vt 36.0537483 272.7020352
vt 133.7012609 269.0471558
vt 218.4408281 246.5290104
vt 251.4796401 246.2436754
vt 276.0168024 241.4929503
vt 379.3205562 221.3582248
vt 387.2441120 186.2178503
vt 311.1730334 128.2672555
vt 281.3714463 72.2332327
vt 266.2424537 67.0438245
vt 157.7815216 -2.3161132
vt 123.8980350 -7.6284564
vt 123.7603951 3.0754954
vt 132.8442843 60.2331612
vt 146.7692977 108.6203071
vt 140.8392871 109.5340763
vt 143.5036830 126.8249825
vt 109.4224542 167.4903585
vt 106.7616004 147.6739370
vt 94.5773512 63.5347882
vt 90.0535654 -33.8804063
vt 89.4112490 -51.3635947
vt 92.9325802 -114.0295865
vt 88.3709492 -78.8232049
vt 88.7689327 -68.8467830
vt 92.2159139 -131.5098850
vt 187.2512778 -100.3830673
vt 189.1200475 -95.5371089
vt 195.8981358 -82.0319742
vt 206.9704650 -77.4915488
vt 219.7895848 -67.1006303
vt 220.8956085 -59.3700170
vt 260.6593640 -60.0532405
vt 264.4462252 -54.7706180
vt 274.4089198 -58.3627797
vt 314.3919040 -84.7170496
vt 317.0612407 -79.3435366
vt 343.4735032 -100.4140381
vt 343.2234648 -112.0581804
vt 336.2787619 -129.6769972
vt 340.4272183 -134.0118311
vt 122.2378490 -251.9720752
vt 120.0572783 -253.1933568
vt 18.1740501 -316.9880410
vt 7.1871853 -318.7457261
vt -15.9921158 -272.3650606
vt -6.9863686 -164.7297999
vt -12.9832498 -164.5363665
vt -6.2612012 -142.2479421
vt -3.3860527 -308.2628592
vt 174.5715464 -222.6613186
vt 229.8371599 -198.5854323
vt 237.8080974 -187.2441543
vt 239.9886681 -186.0228728
vt 246.5303802 -182.3590282
vt 274.8777996 -166.4823683
vt 182.9916243 -128.1980244
vt 161.8731595 -146.9597076
vt 150.4811349 -155.7745511
vt 114.7293876 -172.6291308
vt 92.0770684 -148.5519793
vt 96.8886777 105.9626371
vt 97.9864927 125.9267426
vt 107.3397924 194.0610478
vt 152.5099395 154.0578678
vt 152.1185240 156.5263108
vt 206.6745843 67.8583704
vt 296.8950514 110.1928281
vt 296.7533822 109.9125893
vt 64.3392484 260.4623410
vt 0.1104640 -42.5934547
vt 3.2773143 9.9096865
vt -9.2424451 -234.6733574
vt -9.8019797 -254.6038046
vt -6.0452770 -44.6799039
vt 7.7023912 283.1664954
vt 37.8096998 270.9235383
vt 181.6350846 253.6550981
vt 261.2945050 244.3433853
vt 288.2853836 239.1175877
vt 320.1836946 232.9416451
vt 360.7563697 218.9748048
vt 361.8968706 224.8654124
vt 289.6883361 93.9076035
vt 279.2386505 70.9345238
vt 149.8672057 -12.3253682
vt 91.0629197 -6.4068247
vt 224.0444640 -64.4773362
vt 266.8812467 -55.3337231
vt 341.9391175 -109.9141493
vt 9.6852483 -318.6676334
vt 233.4469559 -189.6867174
vt 250.8915217 -179.9164651
vt 276.3375913 -65.9302030
vt 166.1655420 -151.1520163
vt 155.9843821 -159.2329738
vt 85.7090456 -143.7500278
vt 146.0567543 144.0213368
vt 141.6543514 76.4953001
vt 210.7462695 63.4514009
vt 223.3164982 76.4913983
vt 307.9151135 235.3170076
vt 5.6443806 94.8523456
vt -0.3532911 95.0194806
vt 359.4431544 225.3404849
vt 90.7876412 -13.8996197
vt 186.3548731 -102.7160645
vt 263.0943856 -60.6163455
vt 312.1535821 -83.6051448
vt 347.0862676 -106.8308319
vt 0.9773764 -303.4455047
vt 189.8355415 -214.1123479
vt 200.7383951 -208.0059403
vt 358.3026534 219.4498774
vt 90.6041223 -18.8948163
vt 191.9556718 -104.8680528
vt 321.5665052 139.0768237
vt 173.2003510 26.9055263
vt 140.8278803 71.5655320
vt 85.7110633 -144.0378278
vt 97.2423934 -1.6319139
vt 327.6238176 136.7198376
vt 85.8481536 -146.5280027
vt 125.1697652 -257.2069456
vt -0.9069325 -57.5546019
vt 129.5309066 -254.7643825
vt 97.0588745 -6.6271106
vt 176.2970747 30.8292964
vt 368.0770237 177.3956236
vt 99.3556436 40.7504138
vt 130.4969910 9.9434295
vt -8.7100312 -296.9572993
vt 377.7335135 185.0957419
vt 6.7582942 134.8253617
vt 9.4977720 -312.6705630
vt 15.4197686 -311.6575689
vt 6.7267005 280.8655293
vt 126.5989905 -249.5295122
vt 338.0624166 -127.9575657
vt 69.0941901 262.0038332
vt 343.4410807 -120.8585760
vt 105.6347195 272.3691642
vt 106.2983642 266.4059791
vt 314.8229188 -78.2316318
vt 373.0249508 216.5994423
vt 394.3342597 209.2289593
vt 388.4304886 208.1586848
vt 394.7800795 206.7697599
vt 387.3764281 197.7369052
vt 382.6003929 190.0173072
vt 202.3942522 -73.6108572
vt 205.3911051 -79.3784641
vt 296.1866256 93.7710340
vt 287.8780577 77.5137387
vt 286.3003337 75.6156891
vt 285.6364493 75.0233973
vt 171.4561106 -136.4036244
vt 224.4704434 70.6034097
vt 222.0387775 70.1268447
vt 220.8638728 76.0107256
vt 220.8220145 76.0022122
vt 133.6213913 -163.8694241
vt 218.1613540 68.7386534
vt 134.8451070 -169.7436943
vt 131.2351120 -164.3386639
vt 110.1756179 -166.2879178
vt 137.1398723 -13.8665049
vt 132.6823249 -13.2012397
vt 138.5555192 94.7132995
vt 146.3476847 146.5036295
vt 101.9190386 88.1646059
vt 146.1925619 155.5866441
vt 144.7561046 162.5491672
vt 112.7986486 191.5303901
vt 107.0256886 193.2263475
vn 0 0 1
f 1/1/1 2/2/1 3/3/1
f 4/4/1 1/1/1 5/5/1
f 6/6/1 7/7/1 5/5/1
f 5/5/1 8/8/1 6/6/1
f 9/9/1 10/10/1 11/11/1
f 12/12/1 13/13/1 14/14/1
f 15/15/1 12/12/1 16/16/1
f 17/17/1 18/18/1 19/19/1
f 18/18/1 20/20/1 21/21/1
f 20/20/1 22/22/1 23/23/1
f 22/22/1 24/24/1 25/25/1
f 26/26/1 27/27/1 28/28/1
f 29/29/1 30/30/1 31/31/1
f 32/32/1 33/33/1 34/34/1
f 35/35/1 36/36/1 37/37/1
f 37/37/1 38/38/1 35/35/1
f 24/24/1 28/28/1 27/27/1
f 39/39/1 31/31/1 30/30/1
f 40/40/1 32/32/1 41/41/1
f 42/42/1 43/43/1 44/44/1
f 45/45/1 46/46/1 47/47/1
f 48/48/1 45/45/1 49/49/1
f 50/50/1 48/48/1 51/51/1
f 52/52/1 53/53/1 54/54/1
f 55/55/1 56/56/1 57/57/1
f 56/56/1 58/58/1 59/59/1
f 60/60/1 61/61/1 62/62/1
f 61/61/1 63/63/1 64/64/1
f 65/65/1 66/66/1 67/67/1
f 68/68/1 69/69/1 65/65/1
f 70/70/1 71/71/1 69/69/1
f 72/72/1 73/73/1 70/70/1
f 74/74/1 75/75/1 76/76/1
f 75/75/1 77/77/1 78/78/1
f 78/78/1 77/77/1 79/79/1
f 80/80/1 81/81/1 82/82/1
f 83/83/1 84/84/1 85/85/1
f 86/86/1 87/87/1 88/88/1
f 89/89/1 90/90/1 91/91/1
f 92/92/1 93/93/1 94/94/1
f 95/95/1 96/96/1 97/97/1
f 98/98/1 99/99/1 100/100/1
f 101/101/1 102/102/1 103/103/1
f 104/104/1 105/105/1 106/106/1
f 107/107/1 108/108/1 109/109/1
f 110/110/1 111/111/1 107/107/1
f 111/111/1 112/112/1 113/113/1
f 114/114/1 115/115/1 112/112/1
f 116/116/1 117/117/1 118/118/1
f 119/119/1 120/120/1 117/117/1
f 121/121/1 122/122/1 123/123/1
f 123/123/1 124/124/1 121/121/1
f 125/125/1 126/126/1 127/127/1
f 128/128/1 129/129/1 130/130/1
f 131/131/1 132/132/1 133/133/1
f 134/134/1 135/135/1 136/136/1
f 137/137/1 138/138/1 139/139/1
f 140/140/1 141/141/1 142/142/1
f 143/143/1 144/144/1 145/145/1
f 146/146/1 147/147/1 148/148/1
f 149/149/1 150/150/1 151/151/1
f 152/152/1 153/153/1 154/154/1
f 155/155/1 156/156/1 157/157/1
f 158/158/1 159/159/1 160/160/1
f 161/161/1 162/162/1 163/163/1
f 164/164/1 165/165/1 166/166/1
f 167/167/1 168/168/1 169/169/1
f 170/170/1 171/171/1 172/172/1
f 173/173/1 174/174/1 175/175/1
f 176/176/1 177/177/1 178/178/1
f 179/179/1 180/180/1 181/181/1
f 182/182/1 183/183/1 184/184/1
f 185/185/1 186/186/1 187/187/1
f 188/188/1 189/189/1 190/190/1
f 191/191/1 192/192/1 193/193/1
f 194/194/1 191/191/1 195/195/1
f 196/196/1 197/197/1 198/198/1
f 199/199/1 196/196/1 198/198/1
f 200/200/1 199/199/1 201/201/1
f 201/201/1 202/202/1 203/203/1
f 204/204/1 205/205/1 206/206/1
f 207/207/1 208/208/1 205/205/1
f 209/209/1 210/210/1 207/207/1
f 210/210/1 211/211/1 212/212/1
f 213/213/1 212/212/1 214/214/1
f 215/215/1 216/216/1 217/217/1
f 218/218/1 219/219/1 215/215/1
f 220/220/1 221/221/1 219/219/1
f 222/222/1 223/223/1 224/224/1
f 225/225/1 222/222/1 226/226/1
f 227/227/1 228/228/1 229/229/1
f 229/229/1 230/230/1 227/227/1
f 231/231/1 227/227/1 232/232/1
f 232/232/1 233/233/1 234/234/1
f 235/235/1 236/236/1 233/233/1
f 237/237/1 238/238/1 239/239/1
f 237/237/1 240/240/1 238/238/1
f 241/241/1 242/242/1 243/243/1
f 243/243/1 242/242/1 244/244/1
f 243/243/1 245/245/1 241/241/1
f 246/246/1 247/247/1 248/248/1
f 246/246/1 249/249/1 247/247/1
f 250/250/1 251/251/1 252/252/1
f 253/253/1 254/254/1 255/255/1
f 256/256/1 257/257/1 258/258/1
f 258/258/1 259/259/1 256/256/1
f 260/260/1 261/261/1 262/262/1
f 263/263/1 264/264/1 265/265/1
f 266/266/1 267/267/1 268/268/1
f 269/269/1 270/270/1 271/271/1
f 269/269/1 272/272/1 270/270/1
f 273/273/1 274/274/1 275/275/1
f 276/276/1 277/277/1 278/278/1
f 279/279/1 280/280/1 281/281/1
f 282/282/1 283/283/1 284/284/1
f 285/285/1 286/286/1 287/287/1
f 288/288/1 289/289/1 290/290/1
f 291/291/1 292/292/1 293/293/1
f 294/294/1 295/295/1 296/296/1
f 297/297/1 298/298/1 299/299/1
f 300/300/1 297/297/1 301/301/1
f 302/302/1 300/300/1 301/301/1
f 303/303/1 304/304/1 302/302/1
f 304/304/1 305/305/1 306/306/1
f 307/307/1 308/308/1 309/309/1
f 310/310/1 311/311/1 308/308/1
f 310/310/1 312/312/1 311/311/1
f 307/307/1 309/309/1 313/313/1
f 314/314/1 315/315/1 316/316/1
f 317/317/1 318/318/1 319/319/1
f 320/320/1 317/317/1 319/319/1
f 321/321/1 322/322/1 320/320/1
f 323/323/1 324/324/1 325/325/1
f 326/326/1 323/323/1 325/325/1
f 325/325/1 327/327/1 326/326/1
f 328/328/1 329/329/1 330/330/1
f 331/331/1 332/332/1 333/333/1
f 332/332/1 334/334/1 333/333/1
f 335/335/1 336/336/1 337/337/1
f 336/336/1 338/338/1 337/337/1
f 338/338/1 339/339/1 340/340/1
f 341/341/1 342/342/1 339/339/1
f 343/343/1 344/344/1 345/345/1
f 345/345/1 346/346/1 343/343/1
f 347/347/1 348/348/1 349/349/1
f 350/350/1 351/351/1 352/352/1
f 353/353/1 354/354/1 355/355/1
f 356/356/1 357/357/1 358/358/1
f 359/359/1 360/360/1 361/361/1
f 362/362/1 363/363/1 364/364/1
f 365/365/1 366/366/1 367/367/1
f 368/368/1 369/369/1 370/370/1
f 371/371/1 372/372/1 373/373/1
f 372/372/1 374/374/1 375/375/1
f 376/376/1 377/377/1 378/378/1
f 379/379/1 380/380/1 381/381/1
f 381/381/1 382/382/1 379/379/1
f 383/383/1 384/384/1 385/385/1
f 386/386/1 387/387/1 388/388/1
f 389/389/1 390/390/1 386/386/1
f 391/391/1 392/392/1 393/393/1
f 393/393/1 394/394/1 391/391/1
f 395/395/1 391/391/1 396/396/1
f 396/396/1 397/397/1 398/398/1
f 399/399/1 400/400/1 397/397/1
f 401/401/1 402/402/1 403/403/1
f 404/404/1 405/405/1 406/406/1
f 406/406/1 405/405/1 407/407/1
f 408/408/1 409/409/1 410/410/1
f 410/410/1 411/411/1 408/408/1
f 412/412/1 413/413/1 414/414/1
f 415/415/1 416/416/1 417/417/1
f 417/417/1 418/418/1 415/415/1
f 419/419/1 420/420/1 421/421/1
f 422/422/1 423/423/1 424/424/1
f 424/424/1 425/425/1 422/422/1
f 426/426/1 427/427/1 428/428/1
f 429/429/1 430/430/1 431/431/1
f 432/432/1 433/433/1 434/434/1
f 435/435/1 436/436/1 437/437/1
f 438/438/1 439/439/1 440/440/1
f 441/441/1 442/442/1 443/443/1
f 444/444/1 445/445/1 446/446/1
f 447/447/1 448/448/1 449/449/1
f 450/450/1 451/451/1 452/452/1
f 453/453/1 454/454/1 455/455/1
f 456/456/1 457/457/1 458/458/1
f 459/459/1 460/460/1 461/461/1
f 462/462/1 463/463/1 464/464/1
f 465/465/1 466/466/1 467/467/1
f 468/468/1 469/469/1 470/470/1
f 471/471/1 472/472/1 473/473/1
f 474/474/1 475/475/1 476/476/1
f 477/477/1 478/478/1 479/479/1
f 480/480/1 481/481/1 482/482/1
f 483/483/1 480/480/1 484/484/1
f 484/484/1 485/485/1 486/486/1
f 487/487/1 488/488/1 489/489/1
f 490/490/1 491/491/1 492/492/1
f 493/493/1 494/494/1 495/495/1
f 496/496/1 497/497/1 498/498/1
f 499/499/1 500/500/1 501/501/1
f 502/502/1 503/503/1 504/504/1
f 505/505/1 506/506/1 507/507/1
f 508/508/1 509/509/1 510/510/1
f 511/511/1 512/512/1 513/513/1
f 514/514/1 515/515/1 516/516/1
f 517/517/1 518/518/1 519/519/1
f 518/518/1 520/520/1 521/521/1
f 520/520/1 522/522/1 523/523/1
f 524/524/1 525/525/1 526/526/1
f 527/527/1 528/528/1 529/529/1
f 530/530/1 531/531/1 532/532/1
f 533/533/1 534/534/1 535/535/1
f 536/536/1 537/537/1 534/534/1
f 538/538/1 536/536/1 539/539/1
f 540/540/1 541/541/1 542/542/1
f 543/543/1 544/544/1 545/545/1
f 546/546/1 547/547/1 544/544/1
f 548/548/1 546/546/1 549/549/1
f 550/550/1 551/551/1 552/552/1
f 553/553/1 554/554/1 555/555/1
f 556/556/1 553/553/1 557/557/1
f 558/558/1 559/559/1 560/560/1
f 561/561/1 562/562/1 563/563/1
f 564/564/1 565/565/1 566/566/1
f 565/565/1 567/567/1 566/566/1
f 568/568/1 569/569/1 570/570/1
f 571/571/1 572/572/1 573/573/1
f 570/570/1 574/574/1 568/568/1
f 575/575/1 561/561/1 563/563/1
f 576/576/1 577/577/1 578/578/1
f 579/579/1 560/560/1 580/580/1
f 581/581/1 579/579/1 582/582/1
f 552/552/1 583/583/1 550/550/1
f 584/584/1 585/585/1 586/586/1
f 587/587/1 588/588/1 589/589/1
f 590/590/1 591/591/1 592/592/1
f 593/593/1 594/594/1 595/595/1
f 596/596/1 597/597/1 598/598/1
f 599/599/1 600/600/1 601/601/1
f 602/602/1 603/603/1 604/604/1
f 605/605/1 606/606/1 603/603/1
f 607/607/1 608/608/1 609/609/1
f 610/610/1 611/611/1 612/612/1
f 613/613/1 614/614/1 615/615/1
f 616/616/1 617/617/1 618/618/1
f 619/619/1 620/620/1 621/621/1
f 622/622/1 621/621/1 623/623/1
f 623/623/1 624/624/1 625/625/1
f 626/626/1 627/627/1 628/628/1
f 628/628/1 629/629/1 626/626/1
f 630/630/1 631/631/1 632/632/1
f 633/633/1 634/634/1 635/635/1
f 635/635/1 636/636/1 633/633/1
f 637/637/1 638/638/1 639/639/1
f 640/640/1 641/641/1 642/642/1
f 640/640/1 642/642/1 643/643/1
f 644/644/1 645/645/1 646/646/1
f 647/647/1 648/648/1 649/649/1
f 650/650/1 651/651/1 648/648/1
f 652/652/1 653/653/1 654/654/1
f 655/655/1 656/656/1 653/653/1
f 657/657/1 658/658/1 645/645/1
f 659/659/1 660/660/1 661/661/1
f 662/662/1 663/663/1 660/660/1
f 662/662/1 664/664/1 665/665/1
f 666/666/1 667/667/1 668/668/1
f 668/668/1 669/669/1 666/666/1
f 670/670/1 671/671/1 669/669/1
f 672/672/1 673/673/1 674/674/1
f 673/673/1 675/675/1 676/676/1
f 673/673/1 676/676/1 677/677/1
f 678/678/1 679/679/1 680/680/1
f 681/681/1 682/682/1 683/683/1
f 684/684/1 685/685/1 682/682/1
f 686/686/1 687/687/1 688/688/1
f 689/689/1 690/690/1 691/691/1
f 692/692/1 693/693/1 694/694/1
f 695/695/1 696/696/1 697/697/1
f 698/698/1 699/699/1 700/700/1
f 701/701/1 702/702/1 703/703/1
f 703/703/1 704/704/1 701/701/1
f 703/703/1 705/705/1 704/704/1
f 706/706/1 707/707/1 708/708/1
f 709/709/1 710/710/1 711/711/1
f 709/709/1 712/712/1 713/713/1
f 714/714/1 715/715/1 716/716/1
f 714/714/1 717/717/1 715/715/1
f 718/718/1 713/713/1 719/719/1
f 720/720/1 721/721/1 722/722/1
f 722/722/1 723/723/1 720/720/1
f 724/724/1 725/725/1 723/723/1
f 721/721/1 726/726/1 722/722/1
f 727/727/1 728/728/1 729/729/1
f 730/730/1 731/731/1 732/732/1
f 733/733/1 734/734/1 735/735/1
f 733/733/1 736/736/1 734/734/1
f 737/737/1 738/738/1 739/739/1
f 737/737/1 739/739/1 740/740/1
f 741/741/1 742/742/1 743/743/1
f 744/744/1 745/745/1 742/742/1
f 744/744/1 746/746/1 745/745/1
f 747/747/1 748/748/1 749/749/1
f 750/750/1 751/751/1 752/752/1
f 753/753/1 754/754/1 755/755/1
f 756/756/1 755/755/1 757/757/1
f 758/758/1 759/759/1 760/760/1
f 761/761/1 762/762/1 763/763/1
f 764/764/1 765/765/1 766/766/1
f 767/767/1 768/768/1 769/769/1
f 770/770/1 771/771/1 767/767/1
f 772/772/1 773/773/1 771/771/1
f 774/774/1 772/772/1 775/775/1
f 775/775/1 776/776/1 777/777/1
f 778/778/1 779/779/1 780/780/1
f 781/781/1 782/782/1 783/783/1
f 784/784/1 785/785/1 786/786/1
f 787/787/1 788/788/1 785/785/1
f 789/789/1 787/787/1 790/790/1
f 791/791/1 792/792/1 789/789/1
f 793/793/1 794/794/1 792/792/1
f 795/795/1 796/796/1 797/797/1
f 798/798/1 799/799/1 800/800/1
f 800/800/1 801/801/1 802/802/1
f 803/803/1 804/804/1 805/805/1
f 806/806/1 807/807/1 804/804/1
f 808/808/1 806/806/1 809/809/1
f 810/810/1 808/808/1 811/811/1
f 812/812/1 810/810/1 813/813/1
f 814/814/1 815/815/1 816/816/1
f 817/817/1 818/818/1 814/814/1
f 818/818/1 819/819/1 820/820/1
f 819/819/1 821/821/1 822/822/1
f 823/823/1 822/822/1 824/824/1
f 825/825/1 823/823/1 826/826/1
f 827/827/1 828/828/1 829/829/1
f 828/828/1 830/830/1 831/831/1
f 832/832/1 833/833/1 834/834/1
f 835/835/1 836/836/1 837/837/1
f 838/838/1 835/835/1 839/839/1
f 840/840/1 841/841/1 842/842/1
f 843/843/1 844/844/1 845/845/1
f 846/846/1 847/847/1 844/844/1
f 848/848/1 846/846/1 849/849/1
f 850/850/1 851/851/1 852/852/1
f 853/853/1 854/854/1 855/855/1
f 856/856/1 853/853/1 857/857/1
f 858/858/1 856/856/1 859/859/1
f 860/860/1 861/861/1 862/862/1
f 862/862/1 863/863/1 860/860/1
f 864/864/1 865/865/1 866/866/1
f 866/866/1 867/867/1 864/864/1
f 868/868/1 869/869/1 870/870/1
f 871/871/1 870/870/1 869/869/1
f 869/869/1 872/872/1 871/871/1
f 873/873/1 874/874/1 875/875/1
f 876/876/1 877/877/1 878/878/1
f 879/879/1 880/880/1 881/881/1
f 882/882/1 883/883/1 884/884/1
f 883/883/1 885/885/1 886/886/1
f 887/887/1 886/886/1 885/885/1
f 885/885/1 888/888/1 889/889/1
f 890/890/1 891/891/1 888/888/1
f 892/892/1 893/893/1 894/894/1
f 895/895/1 896/896/1 897/897/1
f 898/898/1 899/899/1 900/900/1
f 901/901/1 902/902/1 903/903/1
f 904/904/1 905/905/1 906/906/1
f 904/904/1 907/907/1 905/905/1
f 904/904/1 908/908/1 907/907/1
f 909/909/1 910/910/1 911/911/1
f 912/912/1 913/913/1 914/914/1
f 915/915/1 916/916/1 917/917/1
f 918/918/1 919/919/1 916/916/1
f 920/920/1 921/921/1 922/922/1
f 923/923/1 924/924/1 925/925/1
f 926/926/1 927/927/1 928/928/1
f 929/929/1 930/930/1 931/931/1
f 932/932/1 933/933/1 934/934/1
f 935/935/1 936/936/1 937/937/1
f 938/938/1 939/939/1 940/940/1
f 941/941/1 942/942/1 943/943/1
f 941/941/1 944/944/1 942/942/1
f 941/941/1 940/940/1 944/944/1
f 945/945/1 946/946/1 947/947/1
f 948/948/1 949/949/1 950/950/1
f 951/951/1 952/952/1 953/953/1
f 896/896/1 895/895/1 954/954/1
f 893/893/1 892/892/1 955/955/1
f 956/956/1 957/957/1 879/879/1
f 881/881/1 956/956/1 879/879/1
f 880/880/1 958/958/1 959/959/1
f 958/958/1 960/960/1 959/959/1
f 961/961/1 876/876/1 962/962/1
f 779/779/1 963/963/1 780/780/1
f 964/964/1 780/780/1 963/963/1
f 965/965/1 777/777/1 966/966/1
f 765/765/1 967/967/1 762/762/1
f 968/968/1 758/758/1 969/969/1
f 755/755/1 750/750/1 753/753/1
f 970/970/1 971/971/1 972/972/1
f 973/973/1 970/970/1 974/974/1
f 975/975/1 973/973/1 976/976/1
f 977/977/1 978/978/1 979/979/1
f 980/980/1 981/981/1 982/982/1
f 983/983/1 984/984/1 985/985/1
f 984/984/1 986/986/1 987/987/1
f 988/988/1 989/989/1 990/990/1
f 991/991/1 990/990/1 992/992/1
f 993/993/1 994/994/1 995/995/1
f 995/995/1 996/996/1 997/997/1
f 998/998/1 999/999/1 1000/1000/1
f 1001/1001/1 1002/1002/1 1003/1003/1
f 1002/1002/1 1004/1004/1 1005/1005/1
f 1006/1006/1 1007/1007/1 1008/1008/1
f 1009/1009/1 1010/1010/1 1011/1011/1
f 1012/1012/1 1013/1013/1 1014/1014/1
f 1015/1015/1 1016/1016/1 1017/1017/1
f 1018/1018/1 1019/1019/1 1020/1020/1
f 1021/1021/1 1022/1022/1 1018/1018/1
f 1022/1022/1 1023/1023/1 1024/1024/1
f 1025/1025/1 1026/1026/1 1027/1027/1
f 1028/1028/1 1029/1029/1 1030/1030/1
f 1029/1029/1 1031/1031/1 1032/1032/1
f 1031/1031/1 1033/1033/1 1034/1034/1
f 1035/1035/1 1036/1036/1 1037/1037/1
f 1038/1038/1 1039/1039/1 1035/1035/1
f 1040/1040/1 1041/1041/1 1042/1042/1
f 1043/1043/1 1044/1044/1 1045/1045/1
f 1046/1046/1 1047/1047/1 1043/1043/1
f 1047/1047/1 1048/1048/1 1049/1049/1
f 1050/1050/1 1051/1051/1 1052/1052/1
f 1053/1053/1 1054/1054/1 1050/1050/1
f 1054/1054/1 1055/1055/1 1056/1056/1
f 748/748/1 747/747/1 1057/1057/1
f 738/738/1 737/737/1 1058/1058/1
f 1059/1059/1 1060/1060/1 1061/1061/1
f 1061/1061/1 1062/1062/1 1059/1059/1
f 1063/1063/1 1064/1064/1 1062/1062/1
f 706/706/1 709/709/1 1065/1065/1
f 705/705/1 703/703/1 1066/1066/1
f 1067/1067/1 1068/1068/1 1069/1069/1
f 1070/1070/1 694/694/1 693/693/1
f 1071/1071/1 689/689/1 1072/1072/1
f 687/687/1 1073/1073/1 1074/1074/1
f 1075/1075/1 1074/1074/1 1076/1076/1
f 1077/1077/1 685/685/1 684/684/1
f 675/675/1 673/673/1 1078/1078/1
f 669/669/1 668/668/1 670/670/1
f 1079/1079/1 1080/1080/1 1081/1081/1
f 1082/1082/1 1083/1083/1 1079/1079/1
f 645/645/1 1084/1084/1 657/657/1
f 1085/1085/1 655/655/1 1086/1086/1
f 1087/1087/1 1088/1088/1 647/647/1
f 1089/1089/1 1090/1090/1 1091/1091/1
f 1092/1092/1 618/618/1 617/617/1
f 1093/1093/1 1094/1094/1 1095/1095/1
f 1096/1096/1 1097/1097/1 1094/1094/1
f 1098/1098/1 1099/1099/1 1100/1100/1
f 1101/1101/1 1102/1102/1 1098/1098/1
f 1103/1103/1 1098/1098/1 1102/1102/1
f 1104/1104/1 1105/1105/1 1106/1106/1
f 1106/1106/1 1107/1107/1 1104/1104/1
f 1106/1106/1 1108/1108/1 1107/1107/1
f 1109/1109/1 1110/1110/1 1111/1111/1
f 1112/1112/1 1109/1109/1 1111/1111/1
f 1111/1111/1 1113/1113/1 1112/1112/1
f 1114/1114/1 1115/1115/1 1116/1116/1
f 1116/1116/1 1117/1117/1 1114/1114/1
f 1118/1118/1 1119/1119/1 1117/1117/1
f 1120/1120/1 605/605/1 1121/1121/1
f 1122/1122/1 1123/1123/1 1124/1124/1
f 1120/1120/1 1121/1121/1 1123/1123/1
f 1125/1125/1 1126/1126/1 602/602/1
f 1127/1127/1 1128/1128/1 1129/1129/1
f 1127/1127/1 1130/1130/1 1128/1128/1
f 1131/1131/1 1132/1132/1 600/600/1
f 1133/1133/1 1134/1134/1 1135/1135/1
f 1136/1136/1 1133/1133/1 1137/1137/1
f 1137/1137/1 1138/1138/1 1136/1136/1
f 1139/1139/1 1140/1140/1 1141/1141/1
f 1141/1141/1 1142/1142/1 1139/1139/1
f 1143/1143/1 1144/1144/1 594/594/1
f 594/594/1 1145/1145/1 1143/1143/1
f 1146/1146/1 1147/1147/1 1145/1145/1
f 1148/1148/1 1149/1149/1 1150/1150/1
f 591/591/1 1151/1151/1 1149/1149/1
f 1152/1152/1 1153/1153/1 1154/1154/1
f 1155/1155/1 1156/1156/1 1157/1157/1
f 585/585/1 1158/1158/1 588/588/1
f 1159/1159/1 1160/1160/1 1161/1161/1
f 1161/1161/1 1162/1162/1 1159/1159/1
f 1163/1163/1 581/581/1 582/582/1
f 566/566/1 1164/1164/1 564/564/1
f 569/569/1 573/573/1 572/572/1
f 1165/1165/1 1166/1166/1 576/576/1
f 1167/1167/1 557/557/1 553/553/1
f 1168/1168/1 542/542/1 541/541/1
f 535/535/1 530/530/1 532/532/1
f 1169/1169/1 524/524/1 1170/1170/1
f 1170/1170/1 1171/1171/1 1172/1172/1
f 1173/1173/1 1172/1172/1 1174/1174/1
f 1175/1175/1 1176/1176/1 1177/1177/1
f 1178/1178/1 1179/1179/1 1180/1180/1
f 1180/1180/1 1181/1181/1 1182/1182/1
f 1183/1183/1 1182/1182/1 1184/1184/1
f 1185/1185/1 1183/1183/1 1186/1186/1
f 1186/1186/1 1187/1187/1 1188/1188/1
f 1189/1189/1 1190/1190/1 1191/1191/1
f 1192/1192/1 1193/1193/1 1190/1190/1
f 1191/1191/1 1194/1194/1 1195/1195/1
f 1195/1195/1 1189/1189/1 1191/1191/1
f 1196/1196/1 1192/1192/1 1197/1197/1
f 1198/1198/1 523/523/1 522/522/1
f 1199/1199/1 510/510/1 509/509/1
f 1200/1200/1 1201/1201/1 1202/1202/1
f 507/507/1 1202/1202/1 1201/1201/1
f 1203/1203/1 1204/1204/1 1205/1205/1
f 1206/1206/1 1207/1207/1 1208/1208/1
f 1208/1208/1 1209/1209/1 1210/1210/1
f 495/495/1 1211/1211/1 493/493/1
f 1212/1212/1 1213/1213/1 1214/1214/1
f 1213/1213/1 1215/1215/1 1214/1214/1
f 1216/1216/1 1217/1217/1 1212/1212/1
f 1218/1218/1 1219/1219/1 1220/1220/1
f 1221/1221/1 1222/1222/1 1223/1223/1
f 1224/1224/1 1225/1225/1 1226/1226/1
f 1227/1227/1 1226/1226/1 1225/1225/1
f 1225/1225/1 1228/1228/1 1227/1227/1
f 500/500/1 1229/1229/1 1230/1230/1
f 1217/1217/1 1231/1231/1 1232/1232/1
f 491/491/1 1233/1233/1 1211/1211/1
f 1234/1234/1 1235/1235/1 490/490/1
f 1234/1234/1 1236/1236/1 1235/1235/1
f 1237/1237/1 1238/1238/1 1239/1239/1
f 1239/1239/1 1240/1240/1 1237/1237/1
f 1241/1241/1 1242/1242/1 1240/1240/1
f 1243/1243/1 1244/1244/1 1245/1245/1
f 1246/1246/1 1247/1247/1 1243/1243/1
f 1248/1248/1 1249/1249/1 1250/1250/1
f 1251/1251/1 1252/1252/1 1253/1253/1
f 1254/1254/1 1255/1255/1 1256/1256/1
f 1257/1257/1 1258/1258/1 1254/1254/1
f 1258/1258/1 1259/1259/1 1260/1260/1
f 1259/1259/1 1261/1261/1 1262/1262/1
f 1263/1263/1 1264/1264/1 1265/1265/1
f 1266/1266/1 1267/1267/1 1264/1264/1
f 478/478/1 477/477/1 1268/1268/1
f 479/479/1 1269/1269/1 477/477/1
f 1270/1270/1 1271/1271/1 475/475/1
f 475/475/1 1272/1272/1 1270/1270/1
f 476/476/1 1273/1273/1 474/474/1
f 472/472/1 1274/1274/1 1275/1275/1
f 472/472/1 471/471/1 1274/1274/1
f 473/473/1 1276/1276/1 1277/1277/1
f 470/470/1 1278/1278/1 1279/1279/1
f 467/467/1 1280/1280/1 1281/1281/1
f 464/464/1 1282/1282/1 1283/1283/1
f 461/461/1 1284/1284/1 1285/1285/1
f 1286/1286/1 1287/1287/1 1288/1288/1
f 1289/1289/1 1290/1290/1 1291/1291/1
f 1289/1289/1 1292/1292/1 1290/1290/1
f 1289/1289/1 1291/1291/1 1287/1287/1
f 458/458/1 1293/1293/1 456/456/1
f 1294/1294/1 456/456/1 1284/1284/1
f 445/445/1 444/444/1 1295/1295/1
f 442/442/1 441/441/1 1296/1296/1
f 439/439/1 438/438/1 1297/1297/1
f 436/436/1 435/435/1 1298/1298/1
f 433/433/1 432/432/1 1299/1299/1
f 1300/1300/1 1301/1301/1 1302/1302/1
f 425/425/1 424/424/1 426/426/1
f 420/420/1 419/419/1 1303/1303/1
f 413/413/1 412/412/1 1304/1304/1
f 401/401/1 404/404/1 1305/1305/1
f 1306/1306/1 386/386/1 390/390/1
f 363/363/1 1307/1307/1 364/364/1
f 1308/1308/1 1309/1309/1 1310/1310/1
f 1309/1309/1 1311/1311/1 1312/1312/1
f 1311/1311/1 1313/1313/1 1314/1314/1
f 1315/1315/1 1316/1316/1 1317/1317/1
f 1318/1318/1 1319/1319/1 1320/1320/1
f 1321/1321/1 1322/1322/1 1323/1323/1
f 1324/1324/1 1325/1325/1 1326/1326/1
f 1327/1327/1 1328/1328/1 1329/1329/1
f 360/360/1 1330/1330/1 1331/1331/1
f 1332/1332/1 1333/1333/1 1330/1330/1
f 1334/1334/1 1335/1335/1 1336/1336/1
f 1337/1337/1 1334/1334/1 1336/1336/1
f 1336/1336/1 1338/1338/1 1337/1337/1
f 1339/1339/1 1340/1340/1 1341/1341/1
f 1341/1341/1 1342/1342/1 1343/1343/1
f 1344/1344/1 1345/1345/1 1342/1342/1
f 1346/1346/1 1347/1347/1 1348/1348/1
f 1349/1349/1 1350/1350/1 1351/1351/1
f 1352/1352/1 1353/1353/1 1349/1349/1
f 1349/1349/1 1351/1351/1 1352/1352/1
f 1350/1350/1 1354/1354/1 1355/1355/1
f 1356/1356/1 1357/1357/1 1358/1358/1
f 1359/1359/1 1360/1360/1 1357/1357/1
f 357/357/1 356/356/1 1361/1361/1
f 354/354/1 353/353/1 1362/1362/1
f 351/351/1 350/350/1 1363/1363/1
f 1364/1364/1 1365/1365/1 1366/1366/1
f 1367/1367/1 341/341/1 1368/1368/1
f 1369/1369/1 1370/1370/1 1371/1371/1
f 1372/1372/1 1373/1373/1 1369/1369/1
f 1373/1373/1 1374/1374/1 1375/1375/1
f 1376/1376/1 1377/1377/1 1378/1378/1
f 1379/1379/1 1376/1376/1 1378/1378/1
f 1378/1378/1 1380/1380/1 1379/1379/1
f 1381/1381/1 1382/1382/1 1383/1383/1
f 1383/1383/1 1384/1384/1 1385/1385/1
f 1386/1386/1 1387/1387/1 1384/1384/1
f 1374/1374/1 1378/1378/1 1377/1377/1
f 1388/1388/1 1389/1389/1 1390/1390/1
f 1391/1391/1 1392/1392/1 1393/1393/1
f 1393/1393/1 1394/1394/1 1391/1391/1
f 1394/1394/1 1395/1395/1 1396/1396/1
f 1395/1395/1 1397/1397/1 1398/1398/1
f 1399/1399/1 1400/1400/1 1397/1397/1
f 1397/1397/1 1401/1401/1 1399/1399/1
f 295/295/1 1402/1402/1 1401/1401/1
f 292/292/1 1403/1403/1 294/294/1
f 290/290/1 285/285/1 1404/1404/1
f 284/284/1 1405/1405/1 282/282/1
f 280/280/1 279/279/1 1406/1406/1
f 278/278/1 273/273/1 1407/1407/1
f 1408/1408/1 266/266/1 1409/1409/1
f 1410/1410/1 253/253/1 1411/1411/1
f 1412/1412/1 243/243/1 1413/1413/1
f 219/219/1 1414/1414/1 220/220/1
f 1415/1415/1 207/207/1 210/210/1
f 1416/1416/1 1417/1417/1 1418/1418/1
f 195/195/1 1419/1419/1 194/194/1
f 1420/1420/1 185/185/1 1421/1421/1
f 1422/1422/1 1420/1420/1 1423/1423/1
f 1424/1424/1 1425/1425/1 1422/1422/1
f 1426/1426/1 184/184/1 183/183/1
f 1427/1427/1 1428/1428/1 180/180/1
f 1429/1429/1 1430/1430/1 1427/1427/1
f 177/177/1 1431/1431/1 1430/1430/1
f 1432/1432/1 176/176/1 1433/1433/1
f 1433/1433/1 1434/1434/1 1435/1435/1
f 1436/1436/1 1435/1435/1 1437/1437/1
f 1437/1437/1 1438/1438/1 1436/1436/1
f 175/175/1 1439/1439/1 1440/1440/1
f 1441/1441/1 1440/1440/1 1442/1442/1
f 172/172/1 1443/1443/1 1444/1444/1
f 1445/1445/1 1446/1446/1 1447/1447/1
f 1448/1448/1 1447/1447/1 1449/1449/1
f 1450/1450/1 1451/1451/1 161/161/1
f 1452/1452/1 1453/1453/1 1451/1451/1
f 1454/1454/1 160/160/1 1455/1455/1
f 1456/1456/1 1457/1457/1 156/156/1
f 1458/1458/1 1456/1456/1 1459/1459/1
f 1460/1460/1 1461/1461/1 1458/1458/1
f 1461/1461/1 1462/1462/1 1463/1463/1
f 1464/1464/1 1465/1465/1 1462/1462/1
f 153/153/1 1466/1466/1 154/154/1
f 1467/1467/1 1468/1468/1 1466/1466/1
f 150/150/1 1469/1469/1 1467/1467/1
f 151/151/1 1470/1470/1 149/149/1
f 144/144/1 1471/1471/1 146/146/1
f 141/141/1 1472/1472/1 143/143/1
f 138/138/1 1473/1473/1 140/140/1
f 135/135/1 1474/1474/1 137/137/1
f 132/132/1 1475/1475/1 134/134/1
f 133/133/1 1476/1476/1 131/131/1
f 130/130/1 1477/1477/1 128/128/1
f 127/127/1 123/123/1 125/125/1
f 1478/1478/1 1479/1479/1 1480/1480/1
f 1481/1481/1 1482/1482/1 1483/1483/1
f 1483/1483/1 1484/1484/1 1485/1485/1
f 1486/1486/1 1487/1487/1 1488/1488/1
f 1488/1488/1 1489/1489/1 1490/1490/1
f 1491/1491/1 1492/1492/1 1493/1493/1
f 1491/1491/1 105/105/1 1492/1492/1
f 106/106/1 1494/1494/1 104/104/1
f 102/102/1 101/101/1 1495/1495/1
f 103/103/1 1496/1496/1 1497/1497/1
f 99/99/1 98/98/1 1498/1498/1
f 92/92/1 95/95/1 97/97/1
f 1499/1499/1 1500/1500/1 1501/1501/1
f 1502/1502/1 1503/1503/1 1504/1504/1
f 1505/1505/1 1506/1506/1 1507/1507/1
f 1508/1508/1 1507/1507/1 1509/1509/1
f 1510/1510/1 1508/1508/1 1511/1511/1
f 1512/1512/1 1513/1513/1 1514/1514/1
f 1515/1515/1 1512/1512/1 1516/1516/1
f 1517/1517/1 1518/1518/1 1519/1519/1
f 1520/1520/1 1521/1521/1 1522/1522/1
f 1523/1523/1 1524/1524/1 1525/1525/1
f 1526/1526/1 1523/1523/1 1527/1527/1
f 1528/1528/1 1529/1529/1 1530/1530/1
f 1531/1531/1 1532/1532/1 1533/1533/1
f 1534/1534/1 1535/1535/1 1536/1536/1
f 1537/1537/1 1538/1538/1 1539/1539/1
f 1540/1540/1 1541/1541/1 1542/1542/1
f 1543/1543/1 1542/1542/1 1541/1541/1
f 1544/1544/1 1543/1543/1 1545/1545/1
f 1546/1546/1 1547/1547/1 1548/1548/1
f 1545/1545/1 1549/1549/1 1550/1550/1
f 1551/1551/1 1552/1552/1 1553/1553/1
f 1554/1554/1 1555/1555/1 1556/1556/1
f 1557/1557/1 1558/1558/1 1559/1559/1
f 1560/1560/1 1559/1559/1 1561/1561/1
f 1562/1562/1 1561/1561/1 1563/1563/1
f 1564/1564/1 1565/1565/1 1566/1566/1
f 1566/1566/1 1567/1567/1 1564/1564/1
f 1568/1568/1 1569/1569/1 1570/1570/1
f 1571/1571/1 1572/1572/1 1573/1573/1
f 1574/1574/1 1575/1575/1 1576/1576/1
f 1577/1577/1 1578/1578/1 1579/1579/1
f 1580/1580/1 1581/1581/1 1582/1582/1
f 1583/1583/1 1584/1584/1 1585/1585/1
f 1584/1584/1 1586/1586/1 1587/1587/1
f 1586/1586/1 1588/1588/1 1589/1589/1
f 1590/1590/1 1589/1589/1 1588/1588/1
f 1591/1591/1 1590/1590/1 1592/1592/1
f 1593/1593/1 1591/1591/1 1594/1594/1
f 1595/1595/1 1596/1596/1 1597/1597/1
f 1598/1598/1 1599/1599/1 1600/1600/1
f 1601/1601/1 1602/1602/1 1603/1603/1
f 949/949/1 948/948/1 1604/1604/1
f 1605/1605/1 1606/1606/1 1607/1607/1
f 1608/1608/1 1609/1609/1 1610/1610/1
f 940/940/1 941/941/1 1611/1611/1
f 1612/1612/1 1613/1613/1 1614/1614/1
f 930/930/1 929/929/1 1615/1615/1
f 946/946/1 945/945/1 1616/1616/1
f 1617/1617/1 1618/1618/1 1619/1619/1
f 1620/1620/1 1621/1621/1 1618/1618/1
f 924/924/1 923/923/1 1622/1622/1
f 921/921/1 920/920/1 1623/1623/1
f 919/919/1 918/918/1 1624/1624/1
f 917/917/1 1625/1625/1 915/915/1
f 913/913/1 912/912/1 1626/1626/1
f 1627/1627/1 1628/1628/1 1629/1629/1
f 903/903/1 1630/1630/1 901/901/1
f 1631/1631/1 1632/1632/1 1633/1633/1
f 1634/1634/1 954/954/1 1632/1632/1
f 1603/1603/1 1635/1635/1 1601/1601/1
f 1599/1599/1 1598/1598/1 1636/1636/1
f 1597/1597/1 1637/1637/1 1595/1595/1
f 1581/1581/1 1580/1580/1 1638/1638/1
f 1639/1639/1 1574/1574/1 1640/1640/1
f 1641/1641/1 1642/1642/1 1643/1643/1
f 1573/1573/1 1644/1644/1 1645/1645/1
f 1536/1536/1 1646/1646/1 1534/1534/1
f 1647/1647/1 1537/1537/1 1648/1648/1
f 1649/1649/1 1650/1650/1 1651/1651/1
f 1547/1547/1 1546/1546/1 1652/1652/1
f 1548/1548/1 1653/1653/1 1654/1654/1
f 1552/1552/1 1551/1551/1 1655/1655/1
f 1558/1558/1 1557/1557/1 1656/1656/1
f 1561/1561/1 1562/1562/1 1657/1657/1
f 1658/1658/1 1659/1659/1 1660/1660/1
f 1661/1661/1 5/5/1 1/1/1
f 10/10/1 1662/1662/1 8/8/1
f 11/11/1 1663/1663/1 9/9/1
f 14/14/1 16/16/1 12/12/1
f 23/23/1 21/21/1 20/20/1
f 30/30/1 26/26/1 39/39/1
f 1664/1664/1 34/34/1 33/33/1
f 1665/1665/1 35/35/1 38/38/1
f 28/28/1 39/39/1 26/26/1
f 34/34/1 41/41/1 32/32/1
f 1666/1666/1 44/44/1 43/43/1
f 1667/1667/1 47/47/1 46/46/1
f 1668/1668/1 54/54/1 53/53/1
f 1669/1669/1 59/59/1 58/58/1
f 62/62/1 1669/1669/1 60/60/1
f 63/63/1 67/67/1 66/66/1
f 71/71/1 65/65/1 69/69/1
f 78/78/1 76/76/1 75/75/1
f 75/75/1 82/82/1 77/77/1
f 83/83/1 88/88/1 84/84/1
f 89/89/1 94/94/1 90/90/1
f 95/95/1 100/100/1 96/96/1
f 1495/1495/1 106/106/1 1670/1670/1
f 1671/1671/1 107/107/1 111/111/1
f 113/113/1 1671/1671/1 111/111/1
f 118/118/1 1672/1672/1 116/116/1
f 1673/1673/1 1674/1674/1 120/120/1
f 123/123/1 127/127/1 124/124/1
f 1477/1477/1 130/130/1 1675/1675/1
f 134/134/1 136/136/1 132/132/1
f 143/143/1 145/145/1 141/141/1
f 1470/1470/1 151/151/1 1676/1676/1
f 1451/1451/1 1677/1677/1 1452/1452/1
f 1678/1678/1 166/166/1 165/165/1
f 1443/1443/1 169/169/1 1444/1444/1
f 1679/1679/1 1436/1436/1 1438/1438/1
f 1680/1680/1 182/182/1 184/184/1
f 189/189/1 193/193/1 192/192/1
f 1681/1681/1 201/201/1 199/199/1
f 202/202/1 204/204/1 206/206/1
f 212/212/1 1415/1415/1 210/210/1
f 217/217/1 218/218/1 215/215/1
f 223/223/1 1682/1682/1 224/224/1
f 226/226/1 229/229/1 228/228/1
f 230/230/1 232/232/1 227/227/1
f 234/234/1 231/231/1 232/232/1
f 1683/1683/1 239/239/1 1684/1684/1
f 244/244/1 1413/1413/1 243/243/1
f 246/246/1 248/248/1 1685/1685/1
f 250/250/1 252/252/1 249/249/1
f 253/253/1 1410/1410/1 254/254/1
f 260/260/1 262/262/1 259/259/1
f 263/263/1 265/265/1 261/261/1
f 266/266/1 1408/1408/1 267/267/1
f 1686/1686/1 271/271/1 1687/1687/1
f 273/273/1 278/278/1 274/274/1
f 1405/1405/1 284/284/1 280/280/1
f 288/288/1 293/293/1 289/289/1
f 1688/1688/1 306/306/1 305/305/1
f 1689/1689/1 1386/1386/1 1690/1690/1
f 310/310/1 1690/1690/1 312/312/1
f 1691/1691/1 1692/1692/1 314/314/1
f 319/319/1 321/321/1 320/320/1
f 325/325/1 1693/1693/1 327/327/1
f 1693/1693/1 330/330/1 327/327/1
f 1694/1694/1 333/333/1 334/334/1
f 337/337/1 1695/1695/1 335/335/1
f 340/340/1 1696/1696/1 338/338/1
f 341/341/1 1367/1367/1 342/342/1
f 347/347/1 349/349/1 346/346/1
f 1365/1365/1 1364/1364/1 348/348/1
f 1697/1697/1 352/352/1 1698/1698/1
f 356/356/1 358/358/1 354/354/1
f 1330/1330/1 1336/1336/1 1332/1332/1
f 1699/1699/1 365/365/1 1700/1700/1
f 1701/1701/1 367/367/1 366/366/1
f 370/370/1 1702/1702/1 368/368/1
f 1703/1703/1 373/373/1 372/372/1
f 375/375/1 1703/1703/1 372/372/1
f 374/374/1 376/376/1 378/378/1
f 380/380/1 1704/1704/1 381/381/1
f 384/384/1 388/388/1 385/385/1
f 388/388/1 389/389/1 386/386/1
f 392/392/1 1705/1705/1 393/393/1
f 398/398/1 395/395/1 396/396/1
f 399/399/1 403/403/1 400/400/1
f 404/404/1 1706/1706/1 405/405/1
f 409/409/1 1706/1706/1 410/410/1
f 1707/1707/1 417/417/1 416/416/1
f 417/417/1 421/421/1 418/418/1
f 426/426/1 428/428/1 425/425/1
f 429/429/1 431/431/1 427/427/1
f 1708/1708/1 434/434/1 1709/1709/1
f 1710/1710/1 437/437/1 1711/1711/1
f 1712/1712/1 440/440/1 1713/1713/1
f 1714/1714/1 443/443/1 1715/1715/1
f 444/444/1 446/446/1 1716/1716/1
f 447/447/1 449/449/1 1717/1717/1
f 453/453/1 455/455/1 451/451/1
f 1284/1284/1 461/461/1 1294/1294/1
f 1282/1282/1 464/464/1 1718/1718/1
f 1280/1280/1 467/467/1 1719/1719/1
f 1720/1720/1 1721/1721/1 469/469/1
f 1276/1276/1 473/473/1 1722/1722/1
f 1723/1723/1 484/484/1 480/480/1
f 1251/1251/1 488/488/1 1252/1252/1
f 1211/1211/1 495/495/1 491/491/1
f 1219/1219/1 1218/1218/1 497/497/1
f 1230/1230/1 1724/1724/1 500/500/1
f 506/506/1 504/504/1 1725/1725/1
f 1202/1202/1 508/508/1 1200/1200/1
f 515/515/1 513/513/1 512/512/1
f 516/516/1 1726/1726/1 514/514/1
f 521/521/1 519/519/1 518/518/1
f 522/522/1 1727/1727/1 1198/1198/1
f 528/528/1 1728/1728/1 1729/1729/1
f 531/531/1 527/527/1 529/529/1
f 534/534/1 539/539/1 536/536/1
f 1730/1730/1 543/543/1 545/545/1
f 544/544/1 549/549/1 546/546/1
f 555/555/1 1167/1167/1 553/553/1
f 578/578/1 1165/1165/1 576/576/1
f 1164/1164/1 1731/1731/1 564/564/1
f 572/572/1 570/570/1 569/569/1
f 573/573/1 1732/1732/1 571/571/1
f 1733/1733/1 1734/1734/1 575/575/1
f 560/560/1 1735/1735/1 558/558/1
f 559/559/1 580/580/1 560/560/1
f 582/582/1 1736/1736/1 1163/1163/1
f 1155/1155/1 587/587/1 589/589/1
f 601/601/1 1737/1737/1 599/599/1
f 602/602/1 604/604/1 1125/1125/1
f 607/607/1 609/609/1 1738/1738/1
f 1739/1739/1 610/610/1 612/612/1
f 1740/1740/1 613/613/1 615/615/1
f 618/618/1 1741/1741/1 616/616/1
f 620/620/1 623/623/1 621/621/1
f 1742/1742/1 625/625/1 624/624/1
f 624/624/1 628/628/1 627/627/1
f 629/629/1 630/630/1 626/626/1
f 631/631/1 635/635/1 634/634/1
f 635/635/1 639/639/1 636/636/1
f 643/643/1 1743/1743/1 640/640/1
f 1744/1744/1 1090/1090/1 641/641/1
f 649/649/1 1087/1087/1 647/647/1
f 654/654/1 1745/1745/1 652/652/1
f 655/655/1 1085/1085/1 656/656/1
f 659/659/1 661/661/1 658/658/1
f 1083/1083/1 1082/1082/1 664/664/1
f 670/670/1 1746/1746/1 671/671/1
f 667/667/1 1747/1747/1 668/668/1
f 677/677/1 674/674/1 673/673/1
f 1748/1748/1 680/680/1 1749/1749/1
f 681/681/1 683/683/1 679/679/1
f 688/688/1 1750/1750/1 686/686/1
f 691/691/1 1751/1751/1 689/689/1
f 1072/1072/1 692/692/1 694/694/1
f 699/699/1 697/697/1 696/696/1
f 700/700/1 703/703/1 702/702/1
f 1066/1066/1 708/708/1 705/705/1
f 713/713/1 710/710/1 709/709/1
f 716/716/1 718/718/1 719/719/1
f 724/724/1 1752/1752/1 725/725/1
f 1753/1753/1 1754/1754/1 1752/1752/1
f 727/727/1 732/732/1 728/728/1
f 735/735/1 1755/1755/1 733/733/1
f 737/737/1 740/740/1 1756/1756/1
f 741/741/1 743/743/1 748/748/1
f 744/744/1 1757/1757/1 746/746/1
f 752/752/1 753/753/1 750/750/1
f 757/757/1 968/968/1 969/969/1
f 763/763/1 760/760/1 759/759/1
f 1758/1758/1 766/766/1 765/765/1
f 766/766/1 769/769/1 768/768/1
f 1759/1759/1 775/775/1 772/772/1
f 780/780/1 1760/1760/1 778/778/1
f 786/786/1 781/781/1 783/783/1
f 785/785/1 790/790/1 787/787/1
f 797/797/1 793/793/1 795/795/1
f 1761/1761/1 800/800/1 799/799/1
f 801/801/1 803/803/1 805/805/1
f 809/809/1 1762/1762/1 808/808/1
f 815/815/1 812/812/1 813/813/1
f 816/816/1 817/817/1 814/814/1
f 820/820/1 1763/1763/1 818/818/1
f 826/826/1 827/827/1 829/829/1
f 831/831/1 1764/1764/1 828/828/1
f 1765/1765/1 834/834/1 833/833/1
f 834/834/1 837/837/1 836/836/1
f 1766/1766/1 839/839/1 835/835/1
f 842/842/1 1767/1767/1 840/840/1
f 845/845/1 840/840/1 843/843/1
f 844/844/1 1768/1768/1 846/846/1
f 851/851/1 848/848/1 849/849/1
f 852/852/1 1769/1769/1 850/850/1
f 854/854/1 850/850/1 855/855/1
f 857/857/1 1770/1770/1 856/856/1
f 861/861/1 858/858/1 859/859/1
f 859/859/1 862/862/1 861/861/1
f 1771/1771/1 1772/1772/1 867/867/1
f 876/876/1 878/878/1 874/874/1
f 869/869/1 875/875/1 872/872/1
f 876/876/1 961/961/1 877/877/1
f 899/899/1 882/882/1 884/884/1
f 1773/1773/1 894/894/1 1774/1774/1
f 889/889/1 887/887/1 885/885/1
f 890/890/1 1774/1774/1 891/891/1
f 1775/1775/1 900/900/1 899/899/1
f 954/954/1 1634/1634/1 1776/1776/1
f 1777/1777/1 1778/1778/1 1779/1779/1
f 1777/1777/1 906/906/1 1778/1778/1
f 1628/1628/1 1627/1627/1 908/908/1
f 1626/1626/1 1780/1780/1 913/913/1
f 1625/1625/1 917/917/1 1781/1781/1
f 1623/1623/1 925/925/1 921/921/1
f 1782/1782/1 931/931/1 1783/1783/1
f 1613/1613/1 1612/1612/1 1784/1784/1
f 1785/1785/1 1786/1786/1 1612/1612/1
f 1785/1785/1 943/943/1 1786/1786/1
f 1619/1619/1 947/947/1 1617/1617/1
f 1607/1607/1 950/950/1 1605/1605/1
f 1604/1604/1 953/953/1 949/949/1
f 959/959/1 881/881/1 880/880/1
f 962/962/1 1787/1787/1 961/961/1
f 1760/1760/1 965/965/1 778/778/1
f 776/776/1 966/966/1 777/777/1
f 1788/1788/1 969/969/1 758/758/1
f 969/969/1 756/756/1 757/757/1
f 1789/1789/1 1790/1790/1 1791/1791/1
f 971/971/1 1791/1791/1 972/972/1
f 974/974/1 1792/1792/1 973/973/1
f 976/976/1 977/977/1 975/975/1
f 982/982/1 979/979/1 978/978/1
f 1793/1793/1 982/982/1 981/981/1
f 981/981/1 983/983/1 985/985/1
f 986/986/1 988/988/1 987/987/1
f 990/990/1 1794/1794/1 988/988/1
f 994/994/1 991/991/1 992/992/1
f 1795/1795/1 995/995/1 994/994/1
f 999/999/1 997/997/1 1000/1000/1
f 1005/1005/1 1003/1003/1 1002/1002/1
f 1004/1004/1 1006/1006/1 1008/1008/1
f 1010/1010/1 1796/1796/1 1011/1011/1
f 1796/1796/1 1012/1012/1 1014/1014/1
f 1017/1017/1 1797/1797/1 1015/1015/1
f 1019/1019/1 1015/1015/1 1020/1020/1
f 1798/1798/1 1018/1018/1 1022/1022/1
f 1027/1027/1 1024/1024/1 1025/1025/1
f 1032/1032/1 1030/1030/1 1029/1029/1
f 1034/1034/1 1799/1799/1 1031/1031/1
f 1037/1037/1 1038/1038/1 1035/1035/1
f 1039/1039/1 1042/1042/1 1041/1041/1
f 1042/1042/1 1045/1045/1 1044/1044/1
f 1049/1049/1 1800/1800/1 1047/1047/1
f 1052/1052/1 1053/1053/1 1050/1050/1
f 1801/1801/1 1802/1802/1 1055/1055/1
f 1063/1063/1 1803/1803/1 1064/1064/1
f 1062/1062/1 1061/1061/1 1063/1063/1
f 708/708/1 1066/1066/1 1804/1804/1
f 693/693/1 1805/1805/1 1068/1068/1
f 1068/1068/1 1070/1070/1 693/693/1
f 1073/1073/1 1076/1076/1 1074/1074/1
f 1076/1076/1 1077/1077/1 684/684/1
f 675/675/1 1078/1078/1 1806/1806/1
f 1080/1080/1 1807/1807/1 1747/1747/1
f 662/662/1 1083/1083/1 664/664/1
f 1085/1085/1 1086/1086/1 644/644/1
f 1808/1808/1 647/647/1 1089/1089/1
f 641/641/1 640/640/1 1744/1744/1
f 1809/1809/1 616/616/1 1741/1741/1
f 1094/1094/1 1810/1810/1 1096/1096/1
f 1099/1099/1 1096/1096/1 1100/1100/1
f 1102/1102/1 1811/1811/1 1103/1103/1
f 1811/1811/1 1106/1106/1 1105/1105/1
f 1812/1812/1 613/613/1 1108/1108/1
f 1813/1813/1 1112/1112/1 1113/1113/1
f 1113/1113/1 1814/1814/1 1813/1813/1
f 1116/1116/1 1118/1118/1 1117/1117/1
f 1118/1118/1 1815/1815/1 1119/1119/1
f 1816/1816/1 1817/1817/1 1122/1122/1
f 1124/1124/1 1816/1816/1 1122/1122/1
f 602/602/1 1818/1818/1 603/603/1
f 1127/1127/1 1129/1129/1 1126/1126/1
f 1819/1819/1 1131/1131/1 1135/1135/1
f 1135/1135/1 1137/1137/1 1133/1133/1
f 1820/1820/1 1141/1141/1 1140/1140/1
f 1141/1141/1 597/597/1 1142/1142/1
f 1821/1821/1 1822/1822/1 1148/1148/1
f 1152/1152/1 1154/1154/1 590/590/1
f 1150/1150/1 1821/1821/1 1148/1148/1
f 1823/1823/1 1148/1148/1 1822/1822/1
f 1155/1155/1 589/589/1 1156/1156/1
f 1824/1824/1 1161/1161/1 1160/1160/1
f 1825/1825/1 1159/1159/1 1162/1162/1
f 567/567/1 568/568/1 574/574/1
f 1826/1826/1 1827/1827/1 1828/1828/1
f 583/583/1 555/555/1 550/550/1
f 545/545/1 1829/1829/1 1730/1730/1
f 1171/1171/1 1174/1174/1 1172/1172/1
f 1179/1179/1 1175/1175/1 1177/1177/1
f 1182/1182/1 1178/1178/1 1180/1180/1
f 1188/1188/1 1185/1185/1 1186/1186/1
f 1190/1190/1 1830/1830/1 1192/1192/1
f 1830/1830/1 1197/1197/1 1192/1192/1
f 519/519/1 1831/1831/1 517/517/1
f 1205/1205/1 1832/1832/1 1203/1203/1
f 1210/1210/1 1206/1206/1 1208/1208/1
f 1209/1209/1 1833/1833/1 1210/1210/1
f 494/494/1 493/493/1 1834/1834/1
f 1835/1835/1 1214/1214/1 1215/1215/1
f 1232/1232/1 1212/1212/1 1217/1217/1
f 1222/1222/1 1836/1836/1 1231/1231/1
f 1225/1225/1 1837/1837/1 1838/1838/1
f 1724/1724/1 1230/1230/1 1838/1838/1
f 1225/1225/1 1838/1838/1 1228/1228/1
f 1839/1839/1 1223/1223/1 1222/1222/1
f 497/497/1 1840/1840/1 1219/1219/1
f 1204/1204/1 1841/1841/1 1205/1205/1
f 503/503/1 1725/1725/1 504/504/1
f 1246/1246/1 1245/1245/1 1242/1242/1
f 1240/1240/1 1239/1239/1 1241/1241/1
f 1248/1248/1 1250/1250/1 1247/1247/1
f 488/488/1 487/487/1 1252/1252/1
f 1842/1842/1 1254/1254/1 1258/1258/1
f 1260/1260/1 1842/1842/1 1258/1258/1
f 1259/1259/1 1843/1843/1 1261/1261/1
f 1266/1266/1 1844/1844/1 1267/1267/1
f 1268/1268/1 1845/1845/1 478/478/1
f 1846/1846/1 475/475/1 1271/1271/1
f 475/475/1 474/474/1 1272/1272/1
f 472/472/1 1275/1275/1 1847/1847/1
f 1722/1722/1 1720/1720/1 1276/1276/1
f 470/470/1 1279/1279/1 468/468/1
f 467/467/1 1281/1281/1 465/465/1
f 464/464/1 1283/1283/1 462/462/1
f 461/461/1 1285/1285/1 459/459/1
f 452/452/1 1848/1848/1 450/450/1
f 454/454/1 1849/1849/1 1292/1292/1
f 451/451/1 450/450/1 453/453/1
f 1716/1716/1 1850/1850/1 444/444/1
f 442/442/1 1296/1296/1 1851/1851/1
f 440/440/1 1712/1712/1 438/438/1
f 437/437/1 1710/1710/1 435/435/1
f 434/434/1 1708/1708/1 432/432/1
f 430/430/1 429/429/1 1301/1301/1
f 1303/1303/1 1852/1852/1 420/420/1
f 1307/1307/1 1308/1308/1 1310/1310/1
f 1314/1314/1 1853/1853/1 1311/1311/1
f 1854/1854/1 1317/1317/1 1316/1316/1
f 1320/1320/1 1855/1855/1 1318/1318/1
f 1322/1322/1 1326/1326/1 1325/1325/1
f 1329/1329/1 1856/1856/1 1327/1327/1
f 1331/1331/1 361/361/1 360/360/1
f 1335/1335/1 1332/1332/1 1336/1336/1
f 1857/1857/1 1341/1341/1 1340/1340/1
f 1343/1343/1 1339/1339/1 1341/1341/1
f 1346/1346/1 1348/1348/1 1858/1858/1
f 1355/1355/1 1859/1859/1 1350/1350/1
f 1350/1350/1 1859/1859/1 1351/1351/1
f 1356/1356/1 1358/1358/1 1860/1860/1
f 351/351/1 1363/1363/1 353/353/1
f 1364/1364/1 1366/1366/1 1697/1697/1
f 1368/1368/1 1861/1861/1 1367/1367/1
f 1371/1371/1 1372/1372/1 1369/1369/1
f 1382/1382/1 1379/1379/1 1380/1380/1
f 1380/1380/1 1862/1862/1 1382/1382/1
f 1862/1862/1 1383/1383/1 1382/1382/1
f 1385/1385/1 1381/1381/1 1383/1383/1
f 283/283/1 282/282/1 1863/1863/1
f 1400/1400/1 1398/1398/1 1397/1397/1
f 295/295/1 294/294/1 1402/1402/1
f 1392/1392/1 1388/1388/1 1864/1864/1
f 281/281/1 276/276/1 279/279/1
f 1408/1408/1 1409/1409/1 1686/1686/1
f 197/197/1 1418/1418/1 1865/1865/1
f 1419/1419/1 1416/1416/1 194/194/1
f 1866/1866/1 1422/1422/1 1425/1425/1
f 1428/1428/1 181/181/1 180/180/1
f 178/178/1 1433/1433/1 176/176/1
f 174/174/1 1679/1679/1 1438/1438/1
f 1440/1440/1 173/173/1 175/175/1
f 1444/1444/1 170/170/1 172/172/1
f 1447/1447/1 167/167/1 1445/1445/1
f 163/163/1 1450/1450/1 161/161/1
f 159/159/1 1455/1455/1 160/160/1
f 1457/1457/1 157/157/1 156/156/1
f 1463/1463/1 1458/1458/1 1461/1461/1
f 1462/1462/1 1867/1867/1 1464/1464/1
f 1466/1466/1 1868/1868/1 1467/1467/1
f 147/147/1 146/146/1 1869/1869/1
f 141/141/1 140/140/1 1472/1472/1
f 135/135/1 134/134/1 1474/1474/1
f 129/129/1 128/128/1 1870/1870/1
f 126/126/1 125/125/1 1871/1871/1
f 1482/1482/1 1872/1872/1 1483/1483/1
f 1487/1487/1 1485/1485/1 1484/1484/1
f 1490/1490/1 1486/1486/1 1488/1488/1
f 1873/1873/1 1493/1493/1 1489/1489/1
f 106/106/1 1495/1495/1 1494/1494/1
f 100/100/1 1874/1874/1 98/98/1
f 1875/1875/1 1504/1504/1 1503/1503/1
f 1506/1506/1 1509/1509/1 1507/1507/1
f 1511/1511/1 1876/1876/1 1510/1510/1
f 1876/1876/1 1514/1514/1 1513/1513/1
f 1521/1521/1 1519/1519/1 1518/1518/1
f 1877/1877/1 1525/1525/1 1524/1524/1
f 1527/1527/1 1878/1878/1 1526/1526/1
f 1878/1878/1 1530/1530/1 1529/1529/1
f 1646/1646/1 1536/1536/1 1647/1647/1
f 1542/1542/1 1879/1879/1 1540/1540/1
f 1880/1880/1 1649/1649/1 1881/1881/1
f 1652/1652/1 1882/1882/1 1547/1547/1
f 1653/1653/1 1883/1883/1 1884/1884/1
f 1656/1656/1 1553/1553/1 1558/1558/1
f 1885/1885/1 1566/1566/1 1886/1886/1
f 1659/1659/1 1658/1658/1 1567/1567/1
f 1642/1642/1 1641/1641/1 1572/1572/1
f 1579/1579/1 1568/1568/1 1577/1577/1
f 1887/1887/1 1582/1582/1 1639/1639/1
f 1585/1585/1 1888/1888/1 1583/1583/1
f 1589/1589/1 1587/1587/1 1586/1586/1
f 1889/1889/1 1890/1890/1 1891/1891/1
f 1598/1598/1 1600/1600/1 1596/1596/1
f 950/950/1 1607/1607/1 948/948/1
f 936/936/1 935/935/1 1892/1892/1
f 934/934/1 1615/1615/1 932/932/1
f 947/947/1 1619/1619/1 945/945/1
f 928/928/1 1622/1622/1 926/926/1
f 922/922/1 1624/1624/1 920/920/1
f 1780/1780/1 1626/1626/1 1893/1893/1
f 911/911/1 1629/1629/1 909/909/1
f 902/902/1 901/901/1 1894/1894/1
f 1895/1895/1 1633/1633/1 1630/1630/1
f 1599/1599/1 1636/1636/1 1635/1635/1
f 1890/1890/1 1889/1889/1 1637/1637/1
f 1896/1896/1 1638/1638/1 1897/1897/1
f 1572/1572/1 1571/1571/1 1642/1642/1
f 1647/1647/1 1648/1648/1 1646/1646/1
f 1649/1649/1 1880/1880/1 1650/1650/1
f 1548/1548/1 1654/1654/1 1546/1546/1
f 1553/1553/1 1656/1656/1 1551/1551/1
f 1658/1658/1 1660/1660/1 1562/1562/1
f 7/7/1 4/4/1 5/5/1
f 8/8/1 1898/1898/1 10/10/1
f 13/13/1 9/9/1 1663/1663/1
f 16/16/1 17/17/1 15/15/1
f 25/25/1 23/23/1 22/22/1
f 33/33/1 29/29/1 1664/1664/1
f 1500/1500/1 37/37/1 36/36/1
f 46/46/1 42/42/1 1667/1667/1
f 57/57/1 1899/1899/1 55/55/1
f 64/64/1 62/62/1 61/61/1
f 67/67/1 68/68/1 65/65/1
f 83/83/1 85/85/1 81/81/1
f 91/91/1 87/87/1 89/89/1
f 1498/1498/1 1900/1900/1 99/99/1
f 1495/1495/1 1670/1670/1 102/102/1
f 109/109/1 110/110/1 107/107/1
f 1673/1673/1 122/122/1 1674/1674/1
f 1477/1477/1 1675/1675/1 126/126/1
f 1476/1476/1 133/133/1 1901/1901/1
f 146/146/1 148/148/1 144/144/1
f 1467/1467/1 1868/1868/1 150/150/1
f 1902/1902/1 1452/1452/1 158/158/1
f 165/165/1 1448/1448/1 1449/1449/1
f 1903/1903/1 172/172/1 171/171/1
f 1904/1904/1 178/178/1 177/177/1
f 183/183/1 1866/1866/1 1425/1425/1
f 193/193/1 195/195/1 191/191/1
f 203/203/1 200/200/1 201/201/1
f 208/208/1 206/206/1 205/205/1
f 211/211/1 214/214/1 212/212/1
f 221/221/1 215/215/1 219/219/1
f 224/224/1 226/226/1 222/222/1
f 228/228/1 1905/1905/1 226/226/1
f 235/235/1 1684/1684/1 236/236/1
f 1685/1685/1 241/241/1 245/245/1
f 253/253/1 255/255/1 251/251/1
f 257/257/1 1906/1906/1 258/258/1
f 1686/1686/1 1687/1687/1 1408/1408/1
f 276/276/1 281/281/1 277/277/1
f 306/306/1 302/302/1 304/304/1
f 313/313/1 1688/1688/1 1907/1907/1
f 324/324/1 320/320/1 322/322/1
f 322/322/1 325/325/1 324/324/1
f 334/334/1 335/335/1 1908/1908/1
f 1696/1696/1 337/337/1 338/338/1
f 344/344/1 1909/1909/1 345/345/1
f 367/367/1 1700/1700/1 365/365/1
f 366/366/1 370/370/1 369/369/1
f 373/373/1 368/368/1 371/371/1
f 1704/1704/1 378/378/1 377/377/1
f 385/385/1 1910/1910/1 383/383/1
f 390/390/1 393/393/1 1705/1705/1
f 394/394/1 396/396/1 391/391/1
f 406/406/1 1305/1305/1 404/404/1
f 1707/1707/1 1911/1911/1 413/413/1
f 423/423/1 1912/1912/1 424/424/1
f 1710/1710/1 1711/1711/1 433/433/1
f 1850/1850/1 1716/1716/1 1913/1913/1
f 1914/1914/1 1718/1718/1 1915/1915/1
f 1278/1278/1 470/470/1 1916/1916/1
f 1834/1834/1 1917/1917/1 494/494/1
f 1220/1220/1 1918/1918/1 1218/1218/1
f 1838/1838/1 1837/1837/1 1724/1724/1
f 1725/1725/1 507/507/1 506/506/1
f 1919/1919/1 516/516/1 515/515/1
f 523/523/1 521/521/1 520/520/1
f 539/539/1 1920/1920/1 538/538/1
f 549/549/1 1921/1921/1 548/548/1
f 557/557/1 1828/1828/1 1827/1827/1
f 1922/1922/1 564/564/1 1731/1731/1
f 1734/1734/1 571/571/1 1732/1732/1
f 1923/1923/1 563/563/1 562/562/1
f 1924/1924/1 576/576/1 1826/1826/1
f 1925/1925/1 1163/1163/1 1736/1736/1
f 621/621/1 1926/1926/1 619/619/1
f 625/625/1 1927/1927/1 623/623/1
f 632/632/1 626/626/1 630/630/1
f 634/634/1 1928/1928/1 631/631/1
f 1929/1929/1 640/640/1 1743/1743/1
f 648/648/1 1930/1930/1 650/650/1
f 644/644/1 646/646/1 1085/1085/1
f 1931/1931/1 650/650/1 1930/1930/1
f 1932/1932/1 1933/1933/1 1746/1746/1
f 1806/1806/1 1934/1934/1 675/675/1
f 1748/1748/1 1749/1749/1 1934/1934/1
f 690/690/1 686/686/1 691/691/1
f 1935/1935/1 695/695/1 1936/1936/1
f 696/696/1 700/700/1 699/699/1
f 702/702/1 698/698/1 700/700/1
f 714/714/1 1937/1937/1 717/717/1
f 1938/1938/1 722/722/1 726/726/1
f 1755/1755/1 731/731/1 730/730/1
f 1939/1939/1 1756/1756/1 1940/1940/1
f 1802/1802/1 1801/1801/1 1757/1757/1
f 760/760/1 1788/1788/1 758/758/1
f 759/759/1 761/761/1 763/763/1
f 769/769/1 770/770/1 767/767/1
f 777/777/1 774/774/1 775/775/1
f 1941/1941/1 1942/1942/1 782/782/1
f 783/783/1 784/784/1 786/786/1
f 790/790/1 791/791/1 789/789/1
f 792/792/1 795/795/1 793/793/1
f 796/796/1 1761/1761/1 799/799/1
f 805/805/1 802/802/1 801/801/1
f 804/804/1 809/809/1 806/806/1
f 813/813/1 816/816/1 815/815/1
f 822/822/1 820/820/1 819/819/1
f 829/829/1 825/825/1 826/826/1
f 833/833/1 831/831/1 830/830/1
f 837/837/1 1766/1766/1 835/835/1
f 841/841/1 838/838/1 839/839/1
f 847/847/1 845/845/1 844/844/1
f 1769/1769/1 855/855/1 850/850/1
f 1770/1770/1 859/859/1 856/856/1
f 865/865/1 1943/1943/1 866/866/1
f 870/870/1 1944/1944/1 868/868/1
f 884/884/1 1775/1775/1 899/899/1
f 886/886/1 884/884/1 883/883/1
f 895/895/1 1945/1945/1 893/893/1
f 1632/1632/1 1631/1631/1 1634/1634/1
f 1894/1894/1 1779/1779/1 902/902/1
f 1629/1629/1 911/911/1 1627/1627/1
f 1624/1624/1 922/922/1 919/919/1
f 1946/1946/1 1783/1783/1 1947/1947/1
f 1948/1948/1 1784/1784/1 933/933/1
f 935/935/1 937/937/1 939/939/1
f 1618/1618/1 1617/1617/1 1620/1620/1
f 1606/1606/1 1605/1605/1 936/936/1
f 1949/1949/1 961/961/1 1787/1787/1
f 966/966/1 778/778/1 965/965/1
f 1791/1791/1 1950/1950/1 1789/1789/1
f 1792/1792/1 976/976/1 973/973/1
f 985/985/1 1793/1793/1 981/981/1
f 1794/1794/1 987/987/1 988/988/1
f 997/997/1 993/993/1 995/995/1
f 1000/1000/1 1951/1951/1 998/998/1
f 1003/1003/1 998/998/1 1001/1001/1
f 1952/1952/1 1008/1008/1 1007/1007/1
f 1011/1011/1 1953/1953/1 1009/1009/1
f 1014/1014/1 1954/1954/1 1796/1796/1
f 1013/1013/1 1017/1017/1 1016/1016/1
f 1024/1024/1 1798/1798/1 1022/1022/1
f 1955/1955/1 1027/1027/1 1026/1026/1
f 1033/1033/1 1037/1037/1 1034/1034/1
f 1041/1041/1 1035/1035/1 1039/1039/1
f 1045/1045/1 1046/1046/1 1043/1043/1
f 1051/1051/1 1049/1049/1 1052/1052/1
f 1757/1757/1 744/744/1 1802/1802/1
f 1937/1937/1 714/714/1 1803/1803/1
f 1074/1074/1 688/688/1 687/687/1
f 1934/1934/1 1806/1806/1 1748/1748/1
f 645/645/1 644/644/1 1084/1084/1
f 1100/1100/1 1101/1101/1 1098/1098/1
f 1956/1956/1 1103/1103/1 1811/1811/1
f 1814/1814/1 1957/1957/1 1813/1813/1
f 608/608/1 607/607/1 1815/1815/1
f 603/603/1 1818/1818/1 605/605/1
f 1958/1958/1 1122/1122/1 1817/1817/1
f 1138/1138/1 1820/1820/1 1136/1136/1
f 1959/1959/1 1136/1136/1 1820/1820/1
f 1146/1146/1 1823/1823/1 1822/1822/1
f 591/591/1 590/590/1 1151/1151/1
f 1960/1960/1 586/586/1 585/585/1
f 1736/1736/1 1825/1825/1 1925/1925/1
f 574/574/1 566/566/1 567/567/1
f 1921/1921/1 552/552/1 548/548/1
f 1920/1920/1 540/540/1 538/538/1
f 1174/1174/1 1177/1177/1 1173/1173/1
f 1181/1181/1 1184/1184/1 1182/1182/1
f 1187/1187/1 1195/1195/1 1188/1188/1
f 1193/1193/1 1191/1191/1 1190/1190/1
f 513/513/1 1199/1199/1 511/511/1
f 1207/1207/1 1205/1205/1 1841/1841/1
f 491/491/1 490/490/1 1233/1233/1
f 1833/1833/1 1835/1835/1 1961/1961/1
f 1231/1231/1 1839/1839/1 1222/1222/1
f 1962/1962/1 1221/1221/1 1224/1224/1
f 1223/1223/1 1224/1224/1 1221/1221/1
f 1917/1917/1 1834/1834/1 496/496/1
f 1215/1215/1 1961/1961/1 1835/1835/1
f 1238/1238/1 1963/1963/1 1239/1239/1
f 1251/1251/1 1253/1253/1 1249/1249/1
f 1262/1262/1 1260/1260/1 1259/1259/1
f 1263/1263/1 1265/1265/1 1843/1843/1
f 1271/1271/1 1964/1964/1 1846/1846/1
f 1964/1964/1 1965/1965/1 1846/1846/1
f 469/469/1 468/468/1 1720/1720/1
f 1718/1718/1 1914/1914/1 1282/1282/1
f 458/458/1 1288/1288/1 1293/1293/1
f 454/454/1 453/453/1 1849/1849/1
f 443/443/1 1714/1714/1 441/441/1
f 433/433/1 1299/1299/1 1710/1710/1
f 421/421/1 417/417/1 419/419/1
f 1316/1316/1 1314/1314/1 1313/1313/1
f 1317/1317/1 1318/1318/1 1315/1315/1
f 1323/1323/1 1320/1320/1 1319/1319/1
f 1856/1856/1 1324/1324/1 1326/1326/1
f 361/361/1 1329/1329/1 1328/1328/1
f 1333/1333/1 1331/1331/1 1330/1330/1
f 1340/1340/1 1966/1966/1 1857/1857/1
f 1344/1344/1 1858/1858/1 1345/1345/1
f 1356/1356/1 1860/1860/1 1355/1355/1
f 1359/1359/1 1361/1361/1 1360/1360/1
f 352/352/1 1697/1697/1 350/350/1
f 1967/1967/1 1968/1968/1 1374/1374/1
f 1690/1690/1 310/310/1 1689/1689/1
f 1386/1386/1 1689/1689/1 1387/1387/1
f 1398/1398/1 1396/1396/1 1395/1395/1
f 292/292/1 291/291/1 1403/1403/1
f 1390/1390/1 1864/1864/1 1388/1388/1
f 1417/1417/1 1865/1865/1 1418/1418/1
f 187/187/1 1421/1421/1 185/185/1
f 1425/1425/1 1426/1426/1 183/183/1
f 180/180/1 1429/1429/1 1427/1427/1
f 1435/1435/1 1432/1432/1 1433/1433/1
f 1439/1439/1 1442/1442/1 1440/1440/1
f 1446/1446/1 1449/1449/1 1447/1447/1
f 166/166/1 163/163/1 164/164/1
f 156/156/1 1459/1459/1 1456/1456/1
f 1867/1867/1 152/152/1 1464/1464/1
f 1468/1468/1 154/154/1 1466/1466/1
f 144/144/1 143/143/1 1471/1471/1
f 132/132/1 131/131/1 1475/1475/1
f 1969/1969/1 1483/1483/1 1872/1872/1
f 1484/1484/1 1488/1488/1 1487/1487/1
f 103/103/1 1497/1497/1 101/101/1
f 1507/1507/1 1502/1502/1 1505/1505/1
f 1514/1514/1 1516/1516/1 1512/1512/1
f 1518/1518/1 1522/1522/1 1521/1521/1
f 1524/1524/1 1520/1520/1 1877/1877/1
f 1529/1529/1 1526/1526/1 1878/1878/1
f 1532/1532/1 1540/1540/1 1879/1879/1
f 1651/1651/1 1970/1970/1 1649/1649/1
f 1971/1971/1 1550/1550/1 1549/1549/1
f 1886/1886/1 1556/1556/1 1885/1885/1
f 1565/1565/1 1886/1886/1 1566/1566/1
f 1643/1643/1 1576/1576/1 1641/1641/1
f 1578/1578/1 1583/1583/1 1888/1888/1
f 1588/1588/1 1592/1592/1 1590/1590/1
f 1635/1635/1 1603/1603/1 1599/1599/1
f 936/936/1 1892/1892/1 1606/1606/1
f 1947/1947/1 1616/1616/1 1946/1946/1
f 914/914/1 1972/1972/1 912/912/1
f 1779/1779/1 1894/1894/1 1973/1973/1
f 1582/1582/1 1887/1887/1 1580/1580/1
f 1573/1573/1 1645/1645/1 1571/1571/1
f 1539/1539/1 1974/1974/1 1537/1537/1
f 1559/1559/1 1560/1560/1 1557/1557/1
f 1662/1662/1 6/6/1 8/8/1
f 1663/1663/1 14/14/1 13/13/1
f 21/21/1 19/19/1 18/18/1
f 31/31/1 1664/1664/1 29/29/1
f 36/36/1 1501/1501/1 1500/1500/1
f 47/47/1 49/49/1 45/45/1
f 1899/1899/1 52/52/1 55/55/1
f 58/58/1 60/60/1 1669/1669/1
f 66/66/1 64/64/1 63/63/1
f 76/76/1 1975/1975/1 74/74/1
f 1496/1496/1 103/103/1 1976/1976/1
f 112/112/1 111/111/1 114/114/1
f 117/117/1 116/116/1 119/119/1
f 137/137/1 139/139/1 135/135/1
f 1977/1977/1 1464/1464/1 152/152/1
f 160/160/1 1902/1902/1 158/158/1
f 169/169/1 1445/1445/1 167/167/1
f 1978/1978/1 175/175/1 174/174/1
f 1979/1979/1 179/179/1 1680/1680/1
f 1418/1418/1 1980/1980/1 1416/1416/1
f 206/206/1 203/203/1 202/202/1
f 205/205/1 209/209/1 207/207/1
f 1981/1981/1 217/217/1 1982/1982/1
f 1682/1682/1 220/220/1 1414/1414/1
f 1905/1905/1 225/225/1 226/226/1
f 251/251/1 250/250/1 253/253/1
f 266/266/1 268/268/1 264/264/1
f 1863/1863/1 287/287/1 283/283/1
f 301/301/1 303/303/1 302/302/1
f 1384/1384/1 1383/1383/1 1386/1386/1
f 1983/1983/1 319/319/1 318/318/1
f 1695/1695/1 1984/1984/1 335/335/1
f 1697/1697/1 1698/1698/1 1364/1364/1
f 1702/1702/1 371/371/1 368/368/1
f 377/377/1 381/381/1 1704/1704/1
f 387/387/1 385/385/1 388/388/1
f 1985/1985/1 1306/1306/1 390/390/1
f 412/412/1 414/414/1 411/411/1
f 1301/1301/1 1300/1300/1 430/430/1
f 1851/1851/1 1913/1913/1 442/442/1
f 1280/1280/1 1719/1719/1 463/463/1
f 1720/1720/1 1722/1722/1 1721/1721/1
f 1986/1986/1 1729/1729/1 1728/1728/1
f 542/542/1 538/538/1 540/540/1
f 551/551/1 548/548/1 552/552/1
f 577/577/1 1923/1923/1 562/562/1
f 1732/1732/1 575/575/1 1734/1734/1
f 1735/1735/1 1922/1922/1 1731/1731/1
f 1162/1162/1 1925/1925/1 1825/1825/1
f 1927/1927/1 622/622/1 623/623/1
f 627/627/1 1742/1742/1 624/624/1
f 1987/1987/1 652/652/1 1931/1931/1
f 1745/1745/1 1931/1931/1 652/652/1
f 674/674/1 1988/1988/1 672/672/1
f 1988/1988/1 1933/1933/1 672/672/1
f 694/694/1 1071/1071/1 1072/1072/1
f 697/697/1 1936/1936/1 695/695/1
f 1803/1803/1 1063/1063/1 1937/1937/1
f 1989/1989/1 1938/1938/1 726/726/1
f 1939/1939/1 1940/1940/1 736/736/1
f 1055/1055/1 1054/1054/1 1801/1801/1
f 762/762/1 1758/1758/1 765/765/1
f 771/771/1 1759/1759/1 772/772/1
f 788/788/1 786/786/1 785/785/1
f 1762/1762/1 811/811/1 808/808/1
f 1763/1763/1 814/814/1 818/818/1
f 1764/1764/1 829/829/1 828/828/1
f 836/836/1 832/832/1 834/834/1
f 1767/1767/1 843/843/1 840/840/1
f 849/849/1 852/852/1 851/851/1
f 855/855/1 857/857/1 853/853/1
f 1944/1944/1 1990/1990/1 868/868/1
f 895/895/1 897/897/1 1945/1945/1
f 954/954/1 1776/1776/1 896/896/1
f 1630/1630/1 903/903/1 1895/1895/1
f 1893/1893/1 1781/1781/1 1780/1780/1
f 1615/1615/1 934/934/1 930/930/1
f 1616/1616/1 1947/1947/1 946/946/1
f 960/960/1 1949/1949/1 1787/1787/1
f 1950/1950/1 752/752/1 1789/1789/1
f 972/972/1 974/974/1 970/970/1
f 978/978/1 980/980/1 982/982/1
f 989/989/1 992/992/1 990/990/1
f 1951/1951/1 1001/1001/1 998/998/1
f 1008/1008/1 1991/1991/1 1004/1004/1
f 1953/1953/1 1952/1952/1 1009/1009/1
f 1016/1016/1 1992/1992/1 1013/1013/1
f 1030/1030/1 1955/1955/1 1026/1026/1
f 1799/1799/1 1032/1032/1 1031/1031/1
f 1048/1048/1 1052/1052/1 1049/1049/1
f 716/716/1 719/719/1 714/714/1
f 1750/1750/1 691/691/1 686/686/1
f 680/680/1 1748/1748/1 1993/1993/1
f 1810/1810/1 1100/1100/1 1096/1096/1
f 1957/1957/1 1116/1116/1 1994/1994/1
f 1995/1995/1 607/607/1 1738/1738/1
f 1140/1140/1 1959/1959/1 1820/1820/1
f 1822/1822/1 1147/1147/1 1146/1146/1
f 1160/1160/1 1996/1996/1 1824/1824/1
f 1827/1827/1 556/556/1 557/557/1
f 1176/1176/1 1173/1173/1 1177/1177/1
f 1184/1184/1 1186/1186/1 1183/1183/1
f 1194/1194/1 1188/1188/1 1195/1195/1
f 1841/1841/1 1208/1208/1 1207/1207/1
f 1961/1961/1 1210/1210/1 1833/1833/1
f 1918/1918/1 1220/1220/1 499/499/1
f 500/500/1 499/499/1 1229/1229/1
f 1214/1214/1 1216/1216/1 1212/1212/1
f 486/486/1 485/485/1 487/487/1
f 1256/1256/1 1257/1257/1 1254/1254/1
f 1997/1997/1 1847/1847/1 1273/1273/1
f 466/466/1 465/465/1 1278/1278/1
f 448/448/1 447/447/1 1998/1998/1
f 448/448/1 1998/1998/1 1848/1848/1
f 1913/1913/1 1851/1851/1 1850/1850/1
f 436/436/1 1298/1298/1 1712/1712/1
f 1855/1855/1 1315/1315/1 1318/1318/1
f 1328/1328/1 359/359/1 361/361/1
f 1338/1338/1 1999/1999/1 1337/1337/1
f 1353/1353/1 2000/2000/1 1349/1349/1
f 313/313/1 1907/1907/1 307/307/1
f 308/308/1 307/307/1 310/310/1
f 1396/1396/1 1391/1391/1 1394/1394/1
f 293/293/1 288/288/1 291/291/1
f 1864/1864/1 1393/1393/1 1392/1392/1
f 2001/2001/1 187/187/1 188/188/1
f 1423/1423/1 1424/1424/1 1422/1422/1
f 1431/1431/1 1427/1427/1 1430/1430/1
f 1438/1438/1 1978/1978/1 174/174/1
f 1453/1453/1 161/161/1 1451/1451/1
f 154/154/1 1977/1977/1 152/152/1
f 1872/1872/1 1478/1478/1 1480/1480/1
f 1900/1900/1 1498/1498/1 1496/1496/1
f 1509/1509/1 1511/1511/1 1508/1508/1
f 2002/2002/1 1515/1515/1 2003/2003/1
f 1519/1519/1 2002/2002/1 1517/1517/1
f 1609/1609/1 1528/1528/1 1530/1530/1
f 1537/1537/1 1647/1647/1 1538/1538/1
f 1880/1880/1 1881/1881/1 1882/1882/1
f 1653/1653/1 1548/1548/1 1883/1883/1
f 1555/1555/1 1885/1885/1 1556/1556/1
f 1562/1562/1 1563/1563/1 1658/1658/1
f 1570/1570/1 1577/1577/1 1568/1568/1
f 1888/1888/1 1579/1579/1 1578/1578/1
f 1592/1592/1 1594/1594/1 1591/1591/1
f 1610/1610/1 1593/1593/1 1608/1608/1
f 953/953/1 1604/1604/1 951/951/1
f 1783/1783/1 1946/1946/1 1782/1782/1
f 1781/1781/1 1893/1893/1 1625/1625/1
f 1779/1779/1 1973/1973/1 1777/1777/1
f 1891/1891/1 1897/1897/1 1889/1889/1
f 1970/1970/1 1651/1651/1 1974/1974/1
f 1561/1561/1 1657/1657/1 1560/1560/1
f 27/27/1 25/25/1 24/24/1
f 38/38/1 40/40/1 1665/1665/1
f 49/49/1 51/51/1 48/48/1
f 54/54/1 55/55/1 52/52/1
f 59/59/1 57/57/1 56/56/1
f 1476/1476/1 1901/1901/1 129/129/1
f 1470/1470/1 1676/1676/1 147/147/1
f 171/171/1 1441/1441/1 1903/1903/1
f 186/186/1 188/188/1 187/187/1
f 1982/1982/1 2004/2004/1 1981/1981/1
f 216/216/1 1982/1982/1 217/217/1
f 269/269/1 275/275/1 272/272/1
f 305/305/1 1907/1907/1 1688/1688/1
f 330/330/1 1693/1693/1 328/328/1
f 353/353/1 355/355/1 351/351/1
f 369/369/1 1701/1701/1 366/366/1
f 382/382/1 383/383/1 379/379/1
f 1708/1708/1 1709/1709/1 1300/1300/1
f 1714/1714/1 1715/1715/1 439/439/1
f 1278/1278/1 1916/1916/1 466/466/1
f 1729/1729/1 2005/2005/1 528/528/1
f 547/547/1 545/545/1 544/544/1
f 1166/1166/1 1826/1826/1 576/576/1
f 580/580/1 582/582/1 579/579/1
f 1926/1926/1 2006/2006/1 619/619/1
f 1930/1930/1 1987/1987/1 1931/1931/1
f 2007/2007/1 672/672/1 1933/1933/1
f 2008/2008/1 1935/1935/1 1936/1936/1
f 726/726/1 2009/2009/1 1989/1989/1
f 747/747/1 749/749/1 738/738/1
f 773/773/1 767/767/1 771/771/1
f 794/794/1 789/789/1 792/792/1
f 807/807/1 805/805/1 804/804/1
f 821/821/1 824/824/1 822/822/1
f 839/839/1 842/842/1 841/841/1
f 1768/1768/1 849/849/1 846/846/1
f 888/888/1 885/885/1 890/890/1
f 1972/1972/1 914/914/1 910/910/1
f 1621/1621/1 1620/1620/1 927/927/1
f 1787/1787/1 2010/2010/1 960/960/1
f 751/751/1 1789/1789/1 752/752/1
f 2011/2011/1 975/975/1 977/977/1
f 2012/2012/1 985/985/1 984/984/1
f 992/992/1 1795/1795/1 994/994/1
f 1991/1991/1 1005/1005/1 1004/1004/1
f 1954/1954/1 1011/1011/1 1796/1796/1
f 1797/1797/1 1020/1020/1 1015/1015/1
f 1026/1026/1 1028/1028/1 1030/1030/1
f 1800/1800/1 1043/1043/1 1047/1047/1
f 1105/1105/1 1956/1956/1 1811/1811/1
f 1115/1115/1 1994/1994/1 1116/1116/1
f 1731/1731/1 558/558/1 1735/1735/1
f 1177/1177/1 1180/1180/1 1179/1179/1
f 1201/1201/1 505/505/1 507/507/1
f 1836/1836/1 1232/1232/1 1231/1231/1
f 481/481/1 1256/1256/1 1255/1255/1
f 473/473/1 1277/1277/1 471/471/1
f 1915/1915/1 459/459/1 1914/1914/1
f 1313/1313/1 1854/1854/1 1316/1316/1
f 1326/1326/1 1327/1327/1 1856/1856/1
f 354/354/1 1362/1362/1 356/356/1
f 1377/1377/1 1967/1967/1 1374/1374/1
f 287/287/1 1863/1863/1 285/285/1
f 290/290/1 1404/1404/1 288/288/1
f 1430/1430/1 1904/1904/1 177/177/1
f 1442/1442/1 1903/1903/1 1441/1441/1
f 1677/1677/1 158/158/1 1452/1452/1
f 150/150/1 149/149/1 1469/1469/1
f 1504/1504/1 1505/1505/1 1502/1502/1
f 2003/2003/1 1517/1517/1 2002/2002/1
f 1522/1522/1 1877/1877/1 1520/1520/1
f 1879/1879/1 1533/1533/1 1532/1532/1
f 1655/1655/1 1884/1884/1 1552/1552/1
f 1556/1556/1 1971/1971/1 1554/1554/1
f 1638/1638/1 1896/1896/1 1581/1581/1
f 1594/1594/1 1608/1608/1 1593/1593/1
f 916/916/1 915/915/1 918/918/1
f 906/906/1 1777/1777/1 904/904/1
f 1639/1639/1 1640/1640/1 1887/1887/1
f 1535/1535/1 1534/1534/1 1644/1644/1
f 1884/1884/1 1655/1655/1 1653/1653/1
f 19/19/1 15/15/1 17/17/1
f 41/41/1 1665/1665/1 40/40/1
f 53/53/1 50/50/1 1668/1668/1
f 140/140/1 142/142/1 138/138/1
f 162/162/1 164/164/1 163/163/1
f 190/190/1 2001/2001/1 188/188/1
f 2013/2013/1 1981/1981/1 2004/2004/1
f 285/285/1 290/290/1 286/286/1
f 299/299/1 301/301/1 297/297/1
f 1357/1357/1 1356/1356/1 1359/1359/1
f 378/378/1 375/375/1 374/374/1
f 1712/1712/1 1713/1713/1 436/436/1
f 529/529/1 2014/2014/1 531/531/1
f 554/554/1 550/550/1 555/555/1
f 1828/1828/1 1924/1924/1 1826/1826/1
f 2015/2015/1 619/619/1 2006/2006/1
f 768/768/1 764/764/1 766/766/1
f 802/802/1 798/798/1 800/800/1
f 824/824/1 826/826/1 823/823/1
f 830/830/1 1765/1765/1 833/833/1
f 1622/1622/1 928/928/1 924/924/1
f 979/979/1 2011/2011/1 977/977/1
f 1007/1007/1 1009/1009/1 1952/1952/1
f 1992/1992/1 1014/1014/1 1013/1013/1
f 1023/1023/1 1025/1025/1 1024/1024/1
f 563/563/1 1733/1733/1 575/575/1
f 1172/1172/1 1169/1169/1 1170/1170/1
f 510/510/1 1200/1200/1 508/508/1
f 497/497/1 496/496/1 1840/1840/1
f 463/463/1 462/462/1 1280/1280/1
f 1319/1319/1 1321/1321/1 1323/1323/1
f 1325/1325/1 1323/1323/1 1322/1322/1
f 348/348/1 347/347/1 1365/1365/1
f 1968/1968/1 1375/1375/1 1374/1374/1
f 280/280/1 1406/1406/1 1405/1405/1
f 278/278/1 1407/1407/1 276/276/1
f 168/168/1 1444/1444/1 169/169/1
f 157/157/1 1454/1454/1 1455/1455/1
f 1516/1516/1 2003/2003/1 1515/1515/1
f 1974/1974/1 1539/1539/1 1970/1970/1
f 1550/1550/1 1544/1544/1 1545/1545/1
f 1549/1549/1 1554/1554/1 1971/1971/1
f 1897/1897/1 1891/1891/1 1896/1896/1
f 925/925/1 1623/1623/1 923/923/1
f 908/908/1 904/904/1 1628/1628/1
f 1882/1882/1 1652/1652/1 1880/1880/1
f 1898/1898/1 11/11/1 10/10/1
f 51/51/1 1668/1668/1 50/50/1
f 1455/1455/1 155/155/1 157/157/1
f 1980/1980/1 194/194/1 1416/1416/1
f 214/214/1 2013/2013/1 2004/2004/1
f 294/294/1 296/296/1 292/292/1
f 2016/2016/1 299/299/1 298/298/1
f 2017/2017/1 1699/1699/1 1700/1700/1
f 2018/2018/1 1717/1717/1 445/445/1
f 1996/1996/1 2019/2019/1 1824/1824/1
f 967/967/1 763/763/1 762/762/1
f 799/799/1 797/797/1 796/796/1
f 811/811/1 813/813/1 810/810/1
f 1633/1633/1 1895/1895/1 1631/1631/1
f 996/996/1 1000/1000/1 997/997/1
f 1020/1020/1 1021/1021/1 1018/1018/1
f 562/562/1 578/578/1 577/577/1
f 2020/2020/1 1170/1170/1 524/524/1
f 512/512/1 1919/1919/1 515/515/1
f 1717/1717/1 2018/2018/1 447/447/1
f 1853/1853/1 1312/1312/1 1311/1311/1
f 1861/1861/1 345/345/1 1909/1909/1
f 1375/1375/1 1369/1369/1 1373/1373/1
f 2021/2021/1 1390/1390/1 1389/1389/1
f 1459/1459/1 1460/1460/1 1458/1458/1
f 1513/1513/1 1510/1510/1 1876/1876/1
f 1541/1541/1 1545/1545/1 1543/1543/1
f 1637/1637/1 1597/1597/1 1890/1890/1
f 927/927/1 926/926/1 1621/1621/1
f 910/910/1 909/909/1 1972/1972/1
f 1501/1501/1 1666/1666/1 1499/1499/1
f 181/181/1 1680/1680/1 179/179/1
f 1389/1389/1 2016/2016/1 2021/2021/1
f 1700/1700/1 362/362/1 2017/2017/1
f 1848/1848/1 452/452/1 448/448/1
f 2019/2019/1 2022/2022/1 1824/1824/1
f 782/782/1 2023/2023/1 1941/1941/1
f 1942/1942/1 783/783/1 782/782/1
f 893/893/1 955/955/1 895/895/1
f 987/987/1 2012/2012/1 984/984/1
f 2014/2014/1 532/532/1 531/531/1
f 526/526/1 2020/2020/1 524/524/1
f 1831/1831/1 514/514/1 1726/1726/1
f 445/445/1 1295/1295/1 2018/2018/1
f 1312/1312/1 1310/1310/1 1309/1309/1
f 275/275/1 269/269/1 273/273/1
f 1449/1449/1 1678/1678/1 165/165/1
f 1644/1644/1 2024/2024/1 1535/1535/1
f 1530/1530/1 1610/1610/1 1609/1609/1
f 931/931/1 1782/1782/1 929/929/1
f 43/43/1 1499/1499/1 1666/1666/1
f 1292/1292/1 1289/1289/1 454/454/1
f 586/586/1 1824/1824/1 2022/2022/1
f 2023/2023/1 2025/2025/1 1941/1941/1
f 894/894/1 1773/1773/1 892/892/1
f 2005/2005/1 529/529/1 528/528/1
f 2026/2026/1 526/526/1 1986/1986/1
f 439/439/1 1297/1297/1 1714/1714/1
f 1310/1310/1 2027/2027/1 1307/1307/1
f 271/271/1 2028/2028/1 269/269/1
f 1465/1465/1 1463/1463/1 1462/1462/1
f 1644/1644/1 1573/1573/1 2024/2024/1
f 933/933/1 932/932/1 1948/1948/1
f 44/44/1 1667/1667/1 42/42/1
f 2022/2022/1 584/584/1 586/586/1
f 1774/1774/1 890/890/1 1773/1773/1
f 1728/1728/1 2026/2026/1 1986/1986/1
f 1300/1300/1 1302/1302/1 1708/1708/1
f 271/271/1 1686/1686/1 2028/2028/1
f 147/147/1 1869/1869/1 1470/1470/1
f 1533/1533/1 1570/1570/1 1531/1531/1
f 1784/1784/1 1948/1948/1 1613/1613/1
f 957/957/1 898/898/1 900/900/1
f 2029/2029/1 1198/1198/1 1727/1727/1
f 427/427/1 2030/2030/1 429/429/1
f 264/264/1 263/263/1 266/266/1
f 1434/1434/1 1437/1437/1 1435/1435/1
f 1569/1569/1 1531/1531/1 1570/1570/1
f 1612/1612/1 1614/1614/1 1785/1785/1
f 900/900/1 2031/2031/1 957/957/1
f 261/261/1 2032/2032/1 263/263/1
f 184/184/1 1979/1979/1 1680/1680/1
f 1574/1574/1 1639/1639/1 1575/1575/1
f 943/943/1 1785/1785/1 941/941/1
f 2031/2031/1 879/879/1 957/957/1
f 259/259/1 258/258/1 260/260/1
f 1587/1587/1 1585/1585/1 1584/1584/1
f 940/940/1 1611/1611/1 938/938/1
f 2010/2010/1 959/959/1 960/960/1
f 952/952/1 951/951/1 1602/1602/1
f 939/939/1 938/938/1 935/935/1
f 874/874/1 873/873/1 876/876/1
f 1525/1525/1 1527/1527/1 1523/1523/1
f 1602/1602/1 1601/1601/1 952/952/1
f 875/875/1 869/869/1 873/873/1
f 1503/1503/1 2033/2033/1 1875/1875/1
f 1596/1596/1 1595/1595/1 1598/1598/1
f 2034/2034/1 868/868/1 1990/1990/1
f 2/2/1 1875/1875/1 2033/2033/1
f 1576/1576/1 1643/1643/1 1574/1574/1
f 1771/1771/1 2034/2034/1 1990/1990/1
f 1567/1567/1 1566/1566/1 1659/1659/1
f 1990/1990/1 1772/1772/1 1771/1771/1
f 2033/2033/1 3/3/1 2/2/1
f 867/867/1 866/866/1 1771/1771/1
f 3/3/1 1661/1661/1 1/1/1
f 2035/2035/1 866/866/1 1943/1943/1
f 70/70/1 69/69/1 72/72/1
f 862/862/1 2035/2035/1 1943/1943/1
f 2036/2036/1 73/73/1 72/72/1
f 1943/1943/1 863/863/1 862/862/1
f 1975/1975/1 2036/2036/1 72/72/1
f 2037/2037/1 1941/1941/1 2025/2025/1
f 72/72/1 74/74/1 1975/1975/1
f 963/963/1 2037/2037/1 2025/2025/1
f 82/82/1 75/75/1 80/80/1
f 2025/2025/1 964/964/1 963/963/1
f 81/81/1 80/80/1 83/83/1
f 754/754/1 757/757/1 755/755/1
f 88/88/1 83/83/1 86/86/1
f 1790/1790/1 972/972/1 1791/1791/1
f 87/87/1 86/86/1 89/89/1
f 1036/1036/1 1034/1034/1 1037/1037/1
f 94/94/1 89/89/1 92/92/1
f 1044/1044/1 1040/1040/1 1042/1042/1
f 97/97/1 93/93/1 92/92/1
f 1056/1056/1 1050/1050/1 1054/1054/1
f 95/95/1 1874/1874/1 100/100/1
f 742/742/1 741/741/1 744/744/1
f 1496/1496/1 1976/1976/1 1900/1900/1
f 748/748/1 1057/1057/1 741/741/1
f 105/105/1 1491/1491/1 106/106/1
f 738/738/1 1058/1058/1 747/747/1
f 1493/1493/1 1873/1873/1 1491/1491/1
f 1756/1756/1 1939/1939/1 737/737/1
f 1489/1489/1 1488/1488/1 1873/1873/1
f 736/736/1 2038/2038/1 1939/1939/1
f 1485/1485/1 1481/1481/1 1483/1483/1
f 736/736/1 733/733/1 2038/2038/1
f 1480/1480/1 1969/1969/1 1872/1872/1
f 1755/1755/1 730/730/1 733/733/1
f 2039/2039/1 1480/1480/1 1479/1479/1
f 732/732/1 2040/2040/1 730/730/1
f 1479/1479/1 109/109/1 2039/2039/1
f 732/732/1 727/727/1 2040/2040/1
f 108/108/1 2039/2039/1 109/109/1
f 729/729/1 1754/1754/1 727/727/1
f 2041/2041/1 115/115/1 114/114/1
f 1754/1754/1 1753/1753/1 727/727/1
f 114/114/1 2042/2042/1 2041/2041/1
f 1752/1752/1 724/724/1 1753/1753/1
f 2042/2042/1 116/116/1 2041/2041/1
f 723/723/1 722/722/1 724/724/1
f 1672/1672/1 2041/2041/1 116/116/1
f 2009/2009/1 1061/1061/1 1989/1989/1
f 120/120/1 119/119/1 1673/1673/1
f 1060/1060/1 1989/1989/1 1061/1061/1
f 122/122/1 1673/1673/1 123/123/1
f 712/712/1 719/719/1 713/713/1
f 126/126/1 1871/1871/1 1477/1477/1
f 711/711/1 1065/1065/1 709/709/1
f 129/129/1 1870/1870/1 1476/1476/1
f 1065/1065/1 707/707/1 706/706/1
f 138/138/1 137/137/1 1473/1473/1
f 708/708/1 1804/1804/1 706/706/1
f 1421/1421/1 1423/1423/1 1420/1420/1
f 1936/1936/1 2043/2043/1 2008/2008/1
f 192/192/1 190/190/1 189/189/1
f 2043/2043/1 1067/1067/1 2008/2008/1
f 1865/1865/1 198/198/1 197/197/1
f 1069/1069/1 2008/2008/1 1067/1067/1
f 198/198/1 1681/1681/1 199/199/1
f 1805/1805/1 1069/1069/1 1068/1068/1
f 2004/2004/1 213/213/1 214/214/1
f 1751/1751/1 1072/1072/1 689/689/1
f 1414/1414/1 2044/2044/1 1682/1682/1
f 684/684/1 1075/1075/1 1076/1076/1
f 2044/2044/1 224/224/1 1682/1682/1
f 682/682/1 681/681/1 684/684/1
f 233/233/1 232/232/1 235/235/1
f 679/679/1 678/678/1 681/681/1
f 1684/1684/1 235/235/1 1683/1683/1
f 680/680/1 1993/1993/1 678/678/1
f 239/239/1 1683/1683/1 237/237/1
f 1932/1932/1 2007/2007/1 1933/1933/1
f 2045/2045/1 240/240/1 237/237/1
f 1746/1746/1 670/670/1 1932/1932/1
f 237/237/1 2046/2046/1 2045/2045/1
f 1807/1807/1 668/668/1 1747/1747/1
f 2046/2046/1 1412/1412/1 2045/2045/1
f 1747/1747/1 1081/1081/1 1080/1080/1
f 2047/2047/1 2045/2045/1 1412/1412/1
f 1081/1081/1 1082/1082/1 1079/1079/1
f 1413/1413/1 2047/2047/1 1412/1412/1
f 665/665/1 663/663/1 662/662/1
f 1685/1685/1 245/245/1 246/246/1
f 660/660/1 659/659/1 662/662/1
f 249/249/1 246/246/1 2048/2048/1
f 658/658/1 657/657/1 659/659/1
f 249/249/1 2048/2048/1 250/250/1
f 653/653/1 652/652/1 655/655/1
f 1411/1411/1 2049/2049/1 1410/1410/1
f 651/651/1 649/649/1 648/648/1
f 1906/1906/1 1410/1410/1 2049/2049/1
f 1088/1088/1 1089/1089/1 647/647/1
f 2049/2049/1 258/258/1 1906/1906/1
f 1091/1091/1 1808/1808/1 1089/1089/1
f 261/261/1 260/260/1 2032/2032/1
f 1744/1744/1 1091/1091/1 1090/1090/1
f 1401/1401/1 1397/1397/1 295/295/1
f 1743/1743/1 2050/2050/1 1929/1929/1
f 298/298/1 2021/2021/1 2016/2016/1
f 2050/2050/1 638/638/1 1929/1929/1
f 1370/1370/1 316/316/1 1371/1371/1
f 638/638/1 2051/2051/1 1929/1929/1
f 315/315/1 1371/1371/1 316/316/1
f 638/638/1 637/637/1 2051/2051/1
f 316/316/1 1691/1691/1 314/314/1
f 639/639/1 635/635/1 637/637/1
f 2052/2052/1 314/314/1 1692/1692/1
f 1928/1928/1 632/632/1 631/631/1
f 318/318/1 2052/2052/1 1692/1692/1
f 617/617/1 2015/2015/1 2006/2006/1
f 1692/1692/1 1983/1983/1 318/318/1
f 2006/2006/1 1092/1092/1 617/617/1
f 2053/2053/1 329/329/1 328/328/1
f 1095/1095/1 1809/1809/1 1741/1741/1
f 328/328/1 331/331/1 2053/2053/1
f 1741/1741/1 1093/1093/1 1095/1095/1
f 2054/2054/1 2053/2053/1 331/331/1
f 1097/1097/1 1095/1095/1 1094/1094/1
f 2055/2055/1 2054/2054/1 331/331/1
f 1108/1108/1 1106/1106/1 1812/1812/1
f 333/333/1 2055/2055/1 331/331/1
f 614/614/1 613/613/1 1812/1812/1
f 1908/1908/1 1694/1694/1 334/334/1
f 611/611/1 1740/1740/1 615/615/1
f 1984/1984/1 1908/1908/1 335/335/1
f 615/615/1 2056/2056/1 611/611/1
f 339/339/1 338/338/1 341/341/1
f 2056/2056/1 612/612/1 611/611/1
f 1909/1909/1 1367/1367/1 1861/1861/1
f 1110/1110/1 1739/1739/1 612/612/1
f 346/346/1 345/345/1 347/347/1
f 612/612/1 1111/1111/1 1110/1110/1
f 1361/1361/1 1359/1359/1 357/357/1
f 1994/1994/1 1813/1813/1 1957/1957/1
f 1355/1355/1 1354/1354/1 1356/1356/1
f 1815/1815/1 1118/1118/1 608/608/1
f 2057/2057/1 1349/1349/1 2000/2000/1
f 1995/1995/1 1738/1738/1 1958/1958/1
f 2058/2058/1 2057/2057/1 2000/2000/1
f 1817/1817/1 1995/1995/1 1958/1958/1
f 2000/2000/1 2059/2059/1 2058/2058/1
f 1123/1123/1 1122/1122/1 1120/1120/1
f 2059/2059/1 2060/2060/1 2058/2058/1
f 605/605/1 1120/1120/1 606/606/1
f 1346/1346/1 2058/2058/1 2060/2060/1
f 1126/1126/1 1125/1125/1 1127/1127/1
f 2060/2060/1 1347/1347/1 1346/1346/1
f 2061/2061/1 1130/1130/1 1127/1127/1
f 1858/1858/1 2062/2062/1 1346/1346/1
f 2063/2063/1 1130/1130/1 2061/2061/1
f 1858/1858/1 1344/1344/1 2062/2062/1
f 1737/1737/1 2063/2063/1 2061/2061/1
f 1342/1342/1 1341/1341/1 1344/1344/1
f 2061/2061/1 2064/2064/1 1737/1737/1
f 1999/1999/1 1857/1857/1 1966/1966/1
f 2064/2064/1 599/599/1 1737/1737/1
f 1966/1966/1 1337/1337/1 1999/1999/1
f 1132/1132/1 601/601/1 600/600/1
f 2027/2027/1 364/364/1 1307/1307/1
f 600/600/1 1135/1135/1 1131/1131/1
f 364/364/1 2017/2017/1 362/362/1
f 1134/1134/1 1819/1819/1 1135/1135/1
f 1910/1910/1 379/379/1 383/383/1
f 2065/2065/1 597/597/1 1141/1141/1
f 1705/1705/1 1985/1985/1 390/390/1
f 598/598/1 597/597/1 2065/2065/1
f 397/397/1 396/396/1 399/399/1
f 595/595/1 596/596/1 598/598/1
f 403/403/1 399/399/1 2066/2066/1
f 598/598/1 593/593/1 595/595/1
f 403/403/1 2066/2066/1 401/401/1
f 1144/1144/1 595/595/1 594/594/1
f 1305/1305/1 402/402/1 401/401/1
f 1145/1145/1 594/594/1 1146/1146/1
f 404/404/1 2067/2067/1 1706/1706/1
f 1149/1149/1 1148/1148/1 591/591/1
f 1706/1706/1 2067/2067/1 410/410/1
f 590/590/1 592/592/1 1152/1152/1
f 411/411/1 410/410/1 412/412/1
f 1155/1155/1 1153/1153/1 1152/1152/1
f 413/413/1 1304/1304/1 1707/1707/1
f 1157/1157/1 1153/1153/1 1155/1155/1
f 416/416/1 1911/1911/1 1707/1707/1
f 1158/1158/1 589/589/1 588/588/1
f 1912/1912/1 420/420/1 1852/1852/1
f 588/588/1 1960/1960/1 585/585/1
f 1852/1852/1 424/424/1 1912/1912/1
f 541/541/1 1730/1730/1 1829/1829/1
f 427/427/1 426/426/1 2030/2030/1
f 1829/1829/1 1168/1168/1 541/541/1
f 1287/1287/1 1286/1286/1 1289/1289/1
f 537/537/1 535/535/1 534/534/1
f 1288/1288/1 2068/2068/1 1286/1286/1
f 532/532/1 533/533/1 535/535/1
f 1288/1288/1 458/458/1 2068/2068/1
f 525/525/1 1986/1986/1 526/526/1
f 456/456/1 1294/1294/1 457/457/1
f 1197/1197/1 2029/2029/1 1196/1196/1
f 459/459/1 1915/1915/1 460/460/1
f 1727/1727/1 1196/1196/1 2029/2029/1
f 1847/1847/1 1997/1997/1 472/472/1
f 1726/1726/1 517/517/1 1831/1831/1
f 1273/1273/1 2069/2069/1 1997/1997/1
f 509/509/1 511/511/1 1199/1199/1
f 1273/1273/1 476/476/1 2069/2069/1
f 504/504/1 2070/2070/1 502/502/1
f 2071/2071/1 1846/1846/1 1965/1965/1
f 2070/2070/1 1203/1203/1 502/502/1
f 479/479/1 2071/2071/1 1965/1965/1
f 1832/1832/1 502/502/1 1203/1203/1
f 1965/1965/1 1269/1269/1 479/479/1
f 1226/1226/1 1962/1962/1 1224/1224/1
f 1845/1845/1 1844/1844/1 478/478/1
f 499/499/1 501/501/1 1918/1918/1
f 1844/1844/1 2072/2072/1 478/478/1
f 496/496/1 498/498/1 1917/1917/1
f 1844/1844/1 1266/1266/1 2072/2072/1
f 490/490/1 492/492/1 1234/1234/1
f 1264/1264/1 1263/1263/1 1266/1266/1
f 2073/2073/1 1236/1236/1 1234/1234/1
f 1843/1843/1 1259/1259/1 1263/1263/1
f 2074/2074/1 1236/1236/1 2073/2073/1
f 1255/1255/1 482/482/1 481/481/1
f 1963/1963/1 2074/2074/1 2073/2073/1
f 482/482/1 1723/1723/1 480/480/1
f 2073/2073/1 1239/1239/1 1963/1963/1
f 486/486/1 483/483/1 484/484/1
f 1242/1242/1 1241/1241/1 1246/1246/1
f 487/487/1 489/489/1 486/486/1
f 1245/1245/1 1246/1246/1 1243/1243/1
f 1249/1249/1 1248/1248/1 1251/1251/1
f 1246/1246/1 1248/1248/1 1247/1247/1
