<?xml version='1.0' encoding='utf-8'?>
<COLLADA xmlns="http://www.collada.org/2005/11/COLLADASchema" version="1.4.1"><asset><created>2026-09-12T00:00:00Z</created><modified>2026-09-12T00:00:00Z</modified><unit name="meter" meter="1" /><up_axis>Z_UP</up_axis></asset><library_images><image id="asphalt-image"><init_from>textures/asphalt.png</init_from></image></library_images><library_effects><effect id="asphalt-effect"><profile_COMMON><newparam sid="surface"><surface type="2D"><init_from>asphalt-image</init_from></surface></newparam><newparam sid="sampler"><sampler2D><source>surface</source></sampler2D></newparam><technique sid="common"><phong><diffuse><texture texture="sampler" texcoord="UVSET0" /></diffuse><specular><color>0.02 0.02 0.02 1</color></specular></phong></technique></profile_COMMON></effect></library_effects><library_materials><material id="asphalt-material"><instance_effect url="#asphalt-effect" /></material></library_materials><library_geometries><geometry id="road"><mesh><source id="positions"><float_array id="positions-array" count="7578">2.6782708 -5.6964282 0.0000000 2.6007560 -5.4589081 0.0000000 1.2512942 -6.1587571 0.0000000 5.1707294 -21.8213306 0.0000000 6.6393251 -21.5160002 0.0000000 6.5884664 -21.2713774 0.0000000 4.9672948 -20.8428396 0.0000000 6.4358905 -20.5375092 0.0000000 6.3850319 -20.2928864 0.0000000 4.6112844 -19.1304804 0.0000000 6.0798801 -18.8251500 0.0000000 6.0290215 -18.5805272 0.0000000 2.3029397 -9.4782179 0.0000000 2.3676209 -9.7076815 0.0000000 3.8113601 -9.3007206 0.0000000 2.7065565 -10.9100936 0.0000000 2.7743437 -11.1505760 0.0000000 4.2180828 -10.7436151 0.0000000 4.1026981 -16.6842529 0.0000000 5.6730110 -16.8681680 0.0000000 5.5712938 -16.3789225 0.0000000 1.9297105 -8.2993061 0.0000000 2.2314723 -9.2514292 0.0000000 3.3596131 -7.8461189 0.0000000 3.6619325 -8.8000050 0.0000000 3.6615611 -8.7988296 0.0000000 4.6248056 -12.1865097 0.0000000 4.5570185 -11.9460272 0.0000000 3.1810664 -12.5934705 0.0000000 3.8484049 -15.4611392 0.0000000 5.3170006 -15.1558087 0.0000000 5.2661420 -14.9111860 0.0000000 2.4354080 -9.9481639 0.0000000 2.5031951 -10.1886463 0.0000000 3.9469343 -9.7816854 0.0000000 2.5709823 -10.4291287 0.0000000 4.0147215 -10.0221679 0.0000000 2.6387694 -10.6696112 0.0000000 4.1502957 -10.5031327 0.0000000 2.8421308 -11.3910584 0.0000000 3.1132793 -12.3529881 0.0000000 3.5941118 -14.2380254 0.0000000 5.1135661 -14.1773177 0.0000000 5.0627075 -13.9326950 0.0000000 3.4458480 -13.5328126 0.0000000 4.8959541 -13.1484393 0.0000000 4.8281670 -12.9079569 0.0000000 4.9598713 -13.4381633 0.0000000 4.9072635 -13.1939684 0.0000000 3.4929444 -13.7514250 0.0000000 4.9609902 -13.4434495 0.0000000 4.3061326 -17.6627439 0.0000000 5.7747283 -17.3574135 0.0000000 5.7238697 -17.1127907 0.0000000 3.8791472 -9.5412030 0.0000000 4.3569912 -17.9073666 0.0000000 5.8255869 -17.6020362 0.0000000 4.4587085 -18.3966121 0.0000000 5.9781628 -18.3359045 0.0000000 5.9273042 -18.0912817 0.0000000 2.9821781 -6.6552306 0.0000000 2.9066911 -6.4170529 0.0000000 1.4767885 -6.8702400 0.0000000 5.0690121 -21.3320851 0.0000000 6.5376078 -21.0267547 0.0000000 4.0825086 -10.2626503 0.0000000 2.8312041 -6.1788752 0.0000000 2.7557171 -5.9406976 0.0000000 1.3258145 -6.3938847 0.0000000 1.8917182 -3.3211372 0.0000000 1.8130613 -3.0839875 0.0000000 0.3893300 -3.5562048 0.0000000 7.9649846 -27.6079094 0.0000000 7.9103221 -27.3641084 0.0000000 6.5013227 -27.9360764 0.0000000 6.5559852 -28.1798774 0.0000000 8.0743097 -28.0955113 0.0000000 8.0196471 -27.8517103 0.0000000 8.1289722 -28.3393122 0.0000000 6.6106477 -28.4236783 0.0000000 8.2382972 -28.8269141 0.0000000 8.1836347 -28.5831132 0.0000000 6.7746352 -29.1550811 0.0000000 8.3371162 -29.3841851 0.0000000 8.3047711 -29.1373518 0.0000000 6.8218872 -29.3658304 0.0000000 8.3549256 -29.6940417 0.0000000 8.3425537 -29.4444945 0.0000000 6.8458941 -29.5490339 0.0000000 6.8567656 -29.7683166 0.0000000 6.8672175 -29.9791354 0.0000000 8.3672975 -29.9435889 0.0000000 8.3540319 -30.2644438 0.0000000 8.3671334 -30.0210373 0.0000000 6.8658274 -30.0049616 0.0000000 8.2549934 -30.5985115 0.0000000 6.8305187 -30.0662533 0.0000000 8.0055537 -31.0315096 0.0000000 8.1302735 -30.8150106 0.0000000 6.6301451 -30.4140783 0.0000000 7.5911890 -31.5747830 0.0000000 7.7624100 -31.4028342 0.0000000 6.5872744 -30.4571313 0.0000000 7.4616058 -31.6788246 0.0000000 6.2482686 -30.6722712 0.0000000 7.0147533 -31.9617339 0.0000000 7.0396890 -31.9465815 0.0000000 6.1288596 -30.7416875 0.0000000 6.6245390 -32.1606656 0.0000000 6.7998191 -32.0866820 0.0000000 5.5328552 -32.3707463 0.0000000 5.9025799 -32.3622023 0.0000000 5.6868542 -30.8650744 0.0000000 5.2995731 -32.3171051 0.0000000 4.4875641 -31.9908855 0.0000000 5.1796698 -32.2786903 0.0000000 4.7150657 -30.4449925 0.0000000 3.6903019 -31.5588279 0.0000000 3.8950988 -31.7019540 0.0000000 3.9768606 -31.7516490 0.0000000 4.1399675 -30.0430745 0.0000000 3.2807079 -31.2725756 0.0000000 3.4855049 -31.4157017 0.0000000 3.5255766 -29.6136961 0.0000000 2.4615201 -30.7000710 0.0000000 2.6663170 -30.8431972 0.0000000 2.7063888 -29.0411915 0.0000000 1.8471292 -30.2706926 0.0000000 2.0519262 -30.4138187 0.0000000 2.2967949 -28.7549392 0.0000000 1.4375353 -29.9844403 0.0000000 1.6423322 -30.1275664 0.0000000 1.8872009 -28.4686869 0.0000000 0.8231444 -29.5550618 0.0000000 1.0279414 -29.6981880 0.0000000 1.0680131 -27.8961823 0.0000000 0.2087535 -29.1256834 0.0000000 0.4135505 -29.2688096 0.0000000 0.6584192 -27.6099300 0.0000000 -0.4021824 -28.6987195 0.0000000 -0.2008404 -28.8394311 0.0000000 -2.4950542 -25.3101154 0.0000000 -2.6817385 -25.1440555 0.0000000 -3.6786808 -26.2648170 0.0000000 -2.9319436 -26.9290563 0.0000000 -2.7452593 -27.0951161 0.0000000 -1.7716392 -25.9536091 0.0000000 -1.9350014 -25.8082949 0.0000000 -3.3053122 -26.5969366 0.0000000 -3.1186279 -26.7629965 0.0000000 -2.1216857 -25.6422350 0.0000000 -4.6121022 -25.4345179 0.0000000 -4.4254179 -25.6005777 0.0000000 -3.4284757 -24.4798162 0.0000000 -3.0551071 -24.8119359 0.0000000 -3.2417914 -24.6458761 0.0000000 -4.2387336 -25.7666375 0.0000000 -3.6151600 -24.3137564 0.0000000 -3.7936648 -24.1549724 0.0000000 -3.9399767 -24.0169682 0.0000000 -4.8149296 -25.2536708 0.0000000 -4.9964232 -25.0824825 0.0000000 -4.0792420 -23.8565460 0.0000000 -5.2119620 -24.8398797 0.0000000 -5.0481690 -25.0285560 0.0000000 -5.2257935 -22.5358124 0.0000000 -5.3895866 -22.3471362 0.0000000 -6.5223067 -23.3304700 0.0000000 -6.6860997 -23.1417937 0.0000000 -5.5453262 -22.1677369 0.0000000 -6.8593495 -22.9291339 0.0000000 -6.7018985 -23.1229811 0.0000000 -5.6881686 -21.9918752 0.0000000 -6.8728280 -22.9120386 0.0000000 -4.7344143 -23.1018411 0.0000000 -4.8982074 -22.9131649 0.0000000 -6.0309274 -23.8964986 0.0000000 -6.7416999 -20.6150014 0.0000000 -7.9356434 -21.5230314 0.0000000 -7.7838126 -21.7214610 0.0000000 -6.8821913 -20.4268663 0.0000000 -8.0904118 -21.3158635 0.0000000 -7.9409401 -21.5160244 0.0000000 -8.1028735 -21.2986734 0.0000000 -8.2466433 -21.0943278 0.0000000 -7.7299441 -19.2219224 0.0000000 -8.9654924 -20.0725998 0.0000000 -8.8217226 -20.2769454 0.0000000 -7.8418455 -19.0483112 0.0000000 -9.1176534 -19.8376667 0.0000000 -8.9824942 -20.0473616 0.0000000 -9.1459195 -19.7900382 0.0000000 -9.2654146 -19.5706121 0.0000000 -8.3065729 -18.1949434 0.0000000 -9.7433952 -18.6929079 0.0000000 -9.6239000 -18.9123339 0.0000000 -8.5455632 -17.7560912 0.0000000 -9.9823855 -18.2540557 0.0000000 -9.8628903 -18.4734818 0.0000000 -9.1346790 -16.6743119 0.0000000 -10.4603660 -17.3763514 0.0000000 -10.3408709 -17.5957775 0.0000000 -10.5854064 -17.1207236 0.0000000 -10.4763615 -17.3452766 0.0000000 -10.7983332 -16.6369012 0.0000000 -10.6979306 -16.8656941 0.0000000 -9.4247718 -16.0341333 0.0000000 -10.4598431 -13.3211110 0.0000000 -11.9678127 -13.5172090 0.0000000 -11.8953211 -13.7563154 0.0000000 -10.1100970 -14.4724437 0.0000000 -11.5011509 -15.0353504 0.0000000 -11.4007484 -15.2641434 0.0000000 -11.6046522 -14.7150442 0.0000000 -11.5314069 -14.9538721 0.0000000 -10.1702259 -14.2763842 0.0000000 -11.6053545 -14.7127408 0.0000000 -10.2423682 -14.0384301 0.0000000 -11.7503378 -14.2345281 0.0000000 -11.6778462 -14.4736345 0.0000000 -9.7259794 -15.3477544 0.0000000 -9.8263819 -15.1189615 0.0000000 -11.0995408 -15.9505223 0.0000000 -10.7468672 -12.3706134 0.0000000 -12.1851822 -12.7963600 0.0000000 -12.1137621 -13.0357837 0.0000000 -12.1869658 -12.7902872 0.0000000 -12.2563641 -12.5502648 0.0000000 -10.9541831 -11.6535863 0.0000000 -11.0235814 -11.4135639 0.0000000 -12.3951607 -12.0702199 0.0000000 -12.8065915 -10.6184764 0.0000000 -12.7403440 -10.8593874 0.0000000 -11.2940312 -10.4616697 0.0000000 -12.6740965 -11.1002985 0.0000000 -12.6725658 -11.1057833 0.0000000 -11.2285386 -10.6998355 0.0000000 -12.6044926 -11.3461794 0.0000000 -11.6884778 -9.0234988 0.0000000 -11.7494829 -8.7861258 0.0000000 -13.2022721 -9.1594936 0.0000000 -13.2644636 -8.9175037 0.0000000 -11.8116744 -8.5441359 0.0000000 -13.3266552 -8.6755138 0.0000000 -11.8738660 -8.3021460 0.0000000 -13.4510383 -8.1915341 0.0000000 -13.3888468 -8.4335239 0.0000000 -11.9360575 -8.0601562 0.0000000 -13.6998045 -7.2235746 0.0000000 -13.6376130 -7.4655644 0.0000000 -12.2470153 -6.8502068 0.0000000 -12.3092069 -6.6082169 0.0000000 -13.7619961 -6.9815847 0.0000000 -12.3632136 -6.3980746 0.0000000 -13.8377387 -6.6753055 0.0000000 -13.8241877 -6.7395948 0.0000000 -12.4547384 -5.4967575 0.0000000 -12.4759407 -5.2478050 0.0000000 -13.9705302 -5.3750931 0.0000000 -14.1008324 -3.2697629 0.0000000 -14.1173859 -3.5190677 0.0000000 -12.6171774 -3.5656725 0.0000000 -14.0508702 -2.5174921 0.0000000 -14.0511722 -2.5218485 0.0000000 -12.5546125 -2.6234059 0.0000000 -14.0842790 -3.0204581 0.0000000 -12.5875747 -3.1198368 0.0000000 -14.0677256 -2.7711533 0.0000000 -12.5710213 -2.8705320 0.0000000 -14.0269317 -2.2139021 0.0000000 -14.0328693 -2.2683410 0.0000000 -12.5387434 -2.4037603 0.0000000 -13.9907913 -1.9666760 0.0000000 -12.5065662 -2.1836452 0.0000000 -12.3237191 -1.0202661 0.0000000 -13.7865465 -0.6875462 0.0000000 -13.8379858 -0.9315404 0.0000000 -13.7752603 -0.6413272 0.0000000 -13.7083212 -0.4006073 0.0000000 -12.1962175 -0.5617567 0.0000000 -13.5744432 0.0808324 0.0000000 -13.6413822 -0.1598874 0.0000000 -11.7178631 1.0321826 0.0000000 -12.9233219 2.0552060 0.0000000 -13.1096663 1.5915431 0.0000000 -11.8658668 0.6262196 0.0000000 -13.2973270 1.0747555 0.0000000 -13.3066871 1.0437119 0.0000000 -11.8015676 0.8239090 0.0000000 -13.2028385 1.3597116 0.0000000 -13.2201592 1.3120097 0.0000000 -11.2535667 2.1874470 0.0000000 -12.6406326 2.7584687 0.0000000 -12.6438053 2.7507004 0.0000000 -11.1708973 2.3866740 0.0000000 -12.5449151 2.9891406 0.0000000 -12.5198804 3.0432832 0.0000000 -10.8431008 3.0274044 0.0000000 -12.0646920 3.9330212 0.0000000 -12.1784891 3.7105867 0.0000000 -11.6095036 4.8227592 0.0000000 -11.7233007 4.6003247 0.0000000 -10.3879123 3.9171424 0.0000000 -9.3637384 5.9190530 0.0000000 -9.2499413 6.1414875 0.0000000 -10.6991267 6.6022353 0.0000000 -10.5853296 6.8246698 0.0000000 -9.1361442 6.3639220 0.0000000 -9.0223471 6.5863565 0.0000000 -10.4715325 7.0471043 0.0000000 -10.1301412 7.7144078 0.0000000 -10.2439383 7.4919733 0.0000000 -8.9085500 6.8087910 0.0000000 -8.4549539 7.6954166 0.0000000 -9.7887499 8.3817113 0.0000000 -9.9025470 8.1592768 0.0000000 -9.6696747 8.6092773 0.0000000 -9.7855364 8.3879211 0.0000000 -8.3420222 7.9111749 0.0000000 -9.6670382 8.6142685 0.0000000 -8.2258213 8.1291699 0.0000000 -9.4319811 9.0552398 0.0000000 -9.5495097 8.8347541 0.0000000 -7.8732356 8.7906269 0.0000000 -9.1969239 9.4962111 0.0000000 -9.3144525 9.2757254 0.0000000 -7.2502528 10.2899503 0.0000000 -8.6090246 10.9608175 0.0000000 -8.6759325 10.7562521 0.0000000 -7.2727180 12.8917898 0.0000000 -7.3786821 13.3801331 0.0000000 -8.7386055 12.5737115 0.0000000 -7.4316641 13.6243048 0.0000000 -8.8975516 13.3062264 0.0000000 -7.4846462 13.8684764 0.0000000 -7.5906102 14.3568197 0.0000000 -8.9505337 13.5503981 0.0000000 -9.1094798 14.2829130 0.0000000 -9.0564977 14.0387414 0.0000000 -7.6435923 14.6009914 0.0000000 -9.1624618 14.5270847 0.0000000 -7.8555204 15.5776779 0.0000000 -9.3743900 15.5037713 0.0000000 -9.3214079 15.2595996 0.0000000 -10.9154124 19.6452700 0.0000000 -11.0988833 19.8094379 0.0000000 -12.0991084 18.6916053 0.0000000 -11.4553816 20.2450860 0.0000000 -11.5839159 20.4336386 0.0000000 -12.6947967 19.4001895 0.0000000 -11.5876111 22.1998553 0.0000000 -13.0200618 22.6449227 0.0000000 -13.0940228 22.4070947 0.0000000 -13.1329893 20.2803002 0.0000000 -11.6483391 20.5409685 0.0000000 -11.6884041 20.6842478 0.0000000 -12.5540630 19.1937411 0.0000000 -12.5345474 19.1664455 0.0000000 -11.3241003 20.0525038 0.0000000 -13.0657040 20.0396769 0.0000000 -12.9864646 19.8556680 0.0000000 -13.2768392 20.9089346 0.0000000 -13.2630761 20.8124517 0.0000000 -11.7849868 21.0725224 0.0000000 -11.8125378 21.4311452 0.0000000 -13.2666562 21.8304138 0.0000000 -13.3070935 21.5880524 0.0000000 -11.7955930 21.5327044 0.0000000 -13.2428093 21.9304764 0.0000000 -11.5057761 18.1801731 0.0000000 -11.3122298 18.0221646 0.0000000 -10.5571701 19.3421312 0.0000000 -11.0431311 24.7319013 0.0000000 -12.4772116 25.2377075 0.0000000 -12.5204741 24.9916278 0.0000000 -10.8205145 26.2508112 0.0000000 -12.2774725 26.6863570 0.0000000 -12.3087300 26.4384662 0.0000000 -10.7579994 26.7465928 0.0000000 -12.2168576 27.1670691 0.0000000 -12.2462149 26.9342479 0.0000000 -10.6926632 27.5647023 0.0000000 -12.1846777 27.8585040 0.0000000 -12.1920161 27.6087580 0.0000000 -10.6559715 28.8134320 0.0000000 -12.1553244 28.8574877 0.0000000 -12.1626628 28.6077418 0.0000000 -11.0454124 33.5097473 0.0000000 -11.1115735 33.7506822 0.0000000 -12.4973261 33.1324258 0.0000000 -11.1777345 33.9916170 0.0000000 -12.6241899 33.5944183 0.0000000 -12.6903510 33.8353531 0.0000000 -11.2438956 34.2325519 0.0000000 -12.8888342 34.5581577 0.0000000 -12.8226731 34.3172228 0.0000000 -11.3762177 34.7144216 0.0000000 -12.9549952 34.7990925 0.0000000 -11.4423788 34.9553565 0.0000000 -13.0211563 35.0400274 0.0000000 -11.5747009 35.4372262 0.0000000 -13.1436094 35.4783722 0.0000000 -13.0863625 35.2774850 0.0000000 -11.6428051 35.6851062 0.0000000 -11.7112472 35.9252791 0.0000000 -11.7351594 35.9957268 0.0000000 -11.8271031 36.2280483 0.0000000 -11.9190467 36.4603697 0.0000000 -13.3137914 35.9083849 0.0000000 -15.6166201 40.1724447 0.0000000 -15.4837480 39.9608510 0.0000000 -14.2134426 40.7585504 0.0000000 -15.7494922 40.3840384 0.0000000 -14.4791869 41.1817378 0.0000000 -16.0215969 40.8264377 0.0000000 -16.0185248 40.8212943 0.0000000 -14.7322899 41.5930514 0.0000000 -17.0229543 42.6381950 0.0000000 -16.9172666 42.4117949 0.0000000 -15.6637584 43.2726922 0.0000000 -16.9097980 48.7505338 0.0000000 -18.4118558 48.9877030 0.0000000 -18.4097445 48.7378582 0.0000000 -15.4622902 42.8411145 0.0000000 -15.5580708 43.0462921 0.0000000 -18.0043301 45.2964589 0.0000000 -17.9263120 45.0590983 0.0000000 -16.5740257 45.7486957 0.0000000 -17.4582034 43.6349345 0.0000000 -17.4505312 43.6127675 0.0000000 -16.0368687 44.1144607 0.0000000 -17.3400172 43.3173954 0.0000000 -17.1286419 42.8645951 0.0000000 -15.9668681 43.9220022 0.0000000 -17.3652458 43.3782856 0.0000000 -16.1112241 44.3406778 0.0000000 -17.5362215 43.8722951 0.0000000 -16.1892422 44.5780384 0.0000000 -16.3452784 45.0527596 0.0000000 -17.6142396 44.1096558 0.0000000 -15.7694461 43.4990923 0.0000000 -16.5013146 45.5274809 0.0000000 -18.0811944 45.5689136 0.0000000 -18.0142072 45.3289744 0.0000000 -16.6232596 45.9250449 0.0000000 -18.1013014 45.6646684 0.0000000 -18.1365877 45.9120179 0.0000000 -16.8959056 47.5815955 0.0000000 -18.4009657 47.7215778 0.0000000 -18.3932385 47.4723151 0.0000000 -16.9014240 47.7596069 0.0000000 -18.4012990 47.7384789 0.0000000 -16.9034639 48.0009993 0.0000000 -18.4055217 48.2381685 0.0000000 -18.4034104 47.9883237 0.0000000 -16.8503423 50.6684088 0.0000000 -18.3435873 50.8106030 0.0000000 -18.3672725 50.5618744 0.0000000 -16.9182142 49.7464493 0.0000000 -18.4182165 49.7441650 0.0000000 -18.4181899 49.7372374 0.0000000 -16.9180483 49.9573972 0.0000000 -18.4180201 49.9939099 0.0000000 -18.4146428 50.0644173 0.0000000 -16.8740274 50.4196802 0.0000000 -18.3909577 50.3131458 0.0000000 -16.7862045 51.7055091 0.0000000 -18.2745162 52.0175269 0.0000000 -18.2849068 51.7678893 0.0000000 -16.7654232 52.2047843 0.0000000 -18.2537349 52.5168021 0.0000000 -18.2641256 52.2671645 0.0000000 -16.7715634 53.3242679 0.0000000 -18.2908380 53.3893197 0.0000000 -18.2603663 53.1413311 0.0000000 -16.8934499 54.3162225 0.0000000 -18.3822529 54.1332857 0.0000000 -18.3517812 53.8852970 0.0000000 -16.9239216 54.5642111 0.0000000 -18.4127245 54.3812743 0.0000000 -18.9816214 60.6811024 0.0000000 -19.0870758 60.9076112 0.0000000 -20.3414700 60.0480054 0.0000000 -20.5523789 60.5010230 0.0000000 -20.4469244 60.2745142 0.0000000 -19.5088936 61.8136466 0.0000000 -19.6143480 62.0401554 0.0000000 -20.8687422 61.1805495 0.0000000 -21.0796510 61.6335672 0.0000000 -20.9741966 61.4070584 0.0000000 -21.2905599 62.0865849 0.0000000 -21.1851055 61.8600760 0.0000000 -19.9307113 62.7196819 0.0000000 -21.0495458 68.7124303 0.0000000 -22.5491731 68.7478945 0.0000000 -22.5495458 68.7242537 0.0000000 -20.2066650 63.3432445 0.0000000 -20.2791800 63.5618031 0.0000000 -21.7028639 63.0894427 0.0000000 -20.3578607 63.7989449 0.0000000 -21.7815445 63.3265845 0.0000000 -20.5152220 64.2732285 0.0000000 -21.9389059 63.8008681 0.0000000 -22.0962672 64.2751518 0.0000000 -22.0175866 64.0380099 0.0000000 -20.5939027 64.5103703 0.0000000 -20.6725834 64.7475121 0.0000000 -20.7324476 64.9279415 0.0000000 -22.2434649 64.8743491 0.0000000 -22.2033639 64.6279825 0.0000000 -20.7622076 65.1107770 0.0000000 -22.2448915 64.8834673 0.0000000 -20.9096508 66.0926685 0.0000000 -22.3938570 65.8755615 0.0000000 -22.3933021 65.8718015 0.0000000 -20.9419738 66.3156099 0.0000000 -22.4297016 66.1227920 0.0000000 -22.4348416 66.1677641 0.0000000 -21.0427756 67.5182898 0.0000000 -22.5414421 67.4520476 0.0000000 -22.5391824 67.4126678 0.0000000 -22.5491850 67.7015774 0.0000000 -21.0495458 67.7364721 0.0000000 -22.5495458 67.7248387 0.0000000 -20.1316198 63.1512193 0.0000000 -21.6108906 62.8154814 0.0000000 -21.0220442 69.4428634 0.0000000 -22.5106916 69.7532755 0.0000000 -22.5208129 69.5036269 0.0000000 -21.5200938 62.5831514 0.0000000 -21.5014688 62.5396025 0.0000000 -20.9828625 70.4093039 0.0000000 -22.4749710 70.5662998 0.0000000 -22.4803276 70.5022215 0.0000000 -22.4435708 70.8136274 0.0000000 -20.9579005 70.6059200 0.0000000 -22.4378553 70.8510577 0.0000000 -20.9172931 70.8332372 0.0000000 -22.3499799 71.3429778 0.0000000 -22.3939176 71.0970177 0.0000000 -20.7430250 71.8087774 0.0000000 -22.2150151 72.0974230 0.0000000 -22.2181668 72.0808581 0.0000000 -20.6996202 72.0237212 0.0000000 -22.1655916 72.3421719 0.0000000 -22.0919275 72.6265553 0.0000000 -22.1556383 72.3849609 0.0000000 -20.5417309 72.6173105 0.0000000 -21.9605165 73.1155926 0.0000000 -22.0263966 72.8749230 0.0000000 -21.8772975 73.3083240 0.0000000 -20.1207225 73.3070530 0.0000000 -21.2524695 74.2951975 0.0000000 -21.3566038 74.1613821 0.0000000 -21.0795794 74.4718678 0.0000000 -22.4765779 66.6657256 0.0000000 -20.9818189 66.7910078 0.0000000 -21.0026871 67.0399885 0.0000000 -22.2819942 65.1305508 0.0000000 -20.7986250 65.3532971 0.0000000 -18.7707125 60.2280847 0.0000000 -18.8761670 60.4545936 0.0000000 -20.1305611 59.5949877 0.0000000 -18.4160785 49.4873926 0.0000000 -16.9140207 49.2502234 0.0000000 -16.9161321 49.5000682 0.0000000 -18.0788760 58.5848324 0.0000000 -18.2688847 59.0470058 0.0000000 -19.4662078 58.0144725 0.0000000 -19.3712034 57.7833858 0.0000000 -17.9838716 58.3537457 0.0000000 -17.5075597 57.1191793 0.0000000 -17.5786779 57.3581489 0.0000000 -19.0055710 56.8940291 0.0000000 -19.2761990 57.5522991 0.0000000 -19.0861903 57.0901258 0.0000000 -17.8888672 58.1226591 0.0000000 -17.6988585 57.6604857 0.0000000 -17.3768446 56.6044837 0.0000000 -17.4992513 57.0889671 0.0000000 -18.9497138 56.7063389 0.0000000 -18.6475354 55.5103233 0.0000000 -18.5863320 55.2680817 0.0000000 -17.1320310 55.6355169 0.0000000 -17.3156412 56.3622420 0.0000000 -18.8311456 56.2370484 0.0000000 -18.7699422 55.9948067 0.0000000 -18.7087388 55.7525650 0.0000000 -17.1932344 55.8777586 0.0000000 -17.2544378 56.1200003 0.0000000 -16.8325067 53.8202452 0.0000000 -16.8629783 54.0682338 0.0000000 -16.9955159 55.0814881 0.0000000 -17.0096243 55.1510336 0.0000000 -18.4726263 54.8180369 0.0000000 -16.9575358 54.8349036 0.0000000 -18.4417983 54.6178871 0.0000000 -16.9543932 54.8121998 0.0000000 -16.7758139 51.9551467 0.0000000 -18.2370579 52.9516393 0.0000000 -16.7410918 53.0762793 0.0000000 -16.7444278 52.7097198 0.0000000 -16.7359279 52.9592811 0.0000000 -18.2434621 52.7636099 0.0000000 -16.7446420 52.7040594 0.0000000 -16.7550326 52.4544219 0.0000000 -17.0708277 55.3932752 0.0000000 -18.5251286 55.0258400 0.0000000 -18.3052781 51.2784642 0.0000000 -16.8080645 51.1865480 0.0000000 -16.8069857 51.2062339 0.0000000 -18.3208639 51.0492322 0.0000000 -16.8266571 50.9171374 0.0000000 -16.8250072 50.9373584 0.0000000 -16.8977126 50.1709517 0.0000000 -18.5572005 59.7481707 0.0000000 -18.6548192 59.9781121 0.0000000 -20.0305270 59.3801214 0.0000000 -18.4076331 48.4880133 0.0000000 -16.9055753 48.2508441 0.0000000 -16.9076866 48.5006889 0.0000000 -18.2403005 46.6390217 0.0000000 -16.7623812 46.8958982 0.0000000 -16.8076438 47.1415360 0.0000000 -16.7574811 46.8659083 0.0000000 -16.7221948 46.6185588 0.0000000 -16.6516221 46.1238598 0.0000000 -14.9852938 42.0204994 0.0000000 -15.1125586 42.2355123 0.0000000 -16.2761265 41.2564635 0.0000000 -15.8895559 40.6073205 0.0000000 -15.8823643 40.5956321 0.0000000 -14.6084097 41.3875202 0.0000000 -15.0851316 39.3260699 0.0000000 -14.9522595 39.1144763 0.0000000 -13.6819542 39.9121757 0.0000000 -14.6909109 38.6982888 0.0000000 -14.5727719 38.5006133 0.0000000 -13.4075739 39.4748932 0.0000000 -13.2682204 39.2410667 0.0000000 -13.2794396 39.2604932 0.0000000 -12.6596964 38.1500256 0.0000000 -12.7814012 38.3682338 0.0000000 -14.0914171 37.6375776 0.0000000 -12.5379916 37.9318173 0.0000000 -13.8519222 37.2081799 0.0000000 -12.5303135 37.9176974 0.0000000 -13.7582463 37.0314252 0.0000000 -12.2868213 37.3896555 0.0000000 -12.3787649 37.6219770 0.0000000 -13.5896223 36.6053493 0.0000000 -13.4976787 36.3730279 0.0000000 -12.1948776 37.1573341 0.0000000 -12.1029340 36.9250126 0.0000000 -13.4057351 36.1407064 0.0000000 -12.0109903 36.6926912 0.0000000 -12.4314177 32.7313765 0.0000000 -12.4020745 32.4832518 0.0000000 -10.9417979 32.9075386 0.0000000 -12.7565120 34.0762880 0.0000000 -11.3100567 34.4734868 0.0000000 -12.5580289 33.3534834 0.0000000 -10.9711411 33.1556633 0.0000000 -10.9829067 33.2261574 0.0000000 -12.4565593 32.9439736 0.0000000 -10.7458875 31.1302731 0.0000000 -10.7621379 31.3795070 0.0000000 -12.2576759 31.2622227 0.0000000 -10.7657389 31.4187904 0.0000000 -10.7950821 31.6669151 0.0000000 -10.8244253 31.9150398 0.0000000 -12.3140450 31.7388777 0.0000000 -12.2847018 31.4907530 0.0000000 -10.7452860 31.1199532 0.0000000 -12.2430455 31.0378357 0.0000000 -10.6940123 30.1218544 0.0000000 -10.7068307 30.3713791 0.0000000 -12.1920369 30.0448988 0.0000000 -10.7196491 30.6209038 0.0000000 -12.2176738 30.5439483 0.0000000 -12.2048554 30.2944236 0.0000000 -10.6683755 29.6228050 0.0000000 -10.6811939 29.8723297 0.0000000 -12.1664001 29.5458494 0.0000000 -10.6633099 28.5636861 0.0000000 -12.1485859 29.0868192 0.0000000 -10.6485454 29.1040094 0.0000000 -10.6548051 29.3536061 0.0000000 -10.6486332 29.0631779 0.0000000 -12.1773394 28.1082499 0.0000000 -10.6853249 27.8144482 0.0000000 -10.6779865 28.0641942 0.0000000 -12.1987423 27.3798431 0.0000000 -10.7000015 27.3149563 0.0000000 -10.7235531 27.0246874 0.0000000 -10.7023815 27.2733605 0.0000000 -10.7267418 26.9944836 0.0000000 -10.7892569 26.4987020 0.0000000 -12.4356262 25.4742487 0.0000000 -10.9534992 25.2431782 0.0000000 -10.9166164 25.4902204 0.0000000 -10.9566063 25.2240608 0.0000000 -10.9998687 24.9779811 0.0000000 -11.5873827 22.2005910 0.0000000 -11.5134320 22.4392501 0.0000000 -12.8158164 23.3116994 0.0000000 -11.4370501 22.6859132 0.0000000 -11.3658117 22.9252282 0.0000000 -12.8735124 23.1178779 0.0000000 -11.4394814 22.6779093 0.0000000 -11.7365017 21.7219954 0.0000000 -11.6620480 21.9604981 0.0000000 -11.6618068 21.9612724 0.0000000 -13.1683556 22.1689791 0.0000000 -11.1186834 17.8641561 0.0000000 -10.9251370 17.7061476 0.0000000 -10.1700774 19.0261142 0.0000000 -9.7829846 18.7100972 0.0000000 -9.9765310 18.8681057 0.0000000 -10.7315906 17.5481391 0.0000000 -8.6583491 17.4459186 0.0000000 -8.8023947 17.6489094 0.0000000 -9.9069199 16.6134654 0.0000000 -10.4427263 17.2915433 0.0000000 -10.0115348 16.7608900 0.0000000 -8.8319763 17.6878421 0.0000000 -9.4667229 15.8092544 0.0000000 -8.1322422 16.4953137 0.0000000 -8.2522078 16.7144829 0.0000000 -8.6121045 17.3719906 0.0000000 -9.5679930 15.9942681 0.0000000 -9.4127468 15.6805416 0.0000000 -8.0027820 16.1970261 0.0000000 -8.0984886 16.4252503 0.0000000 -7.9614845 16.0660212 0.0000000 -7.9085025 15.8218496 0.0000000 -7.6965743 14.8451630 0.0000000 -7.0830789 11.2588663 0.0000000 -8.5830047 11.2439540 0.0000000 -8.5813964 11.0821778 0.0000000 -8.5854887 11.4937954 0.0000000 -7.0855628 11.5087077 0.0000000 -7.0971731 12.0264276 0.0000000 -7.1137719 12.1592749 0.0000000 -8.5939111 11.9068765 0.0000000 -7.0884671 11.7772848 0.0000000 -8.5878794 11.7342663 0.0000000 -7.1541319 10.5940940 0.0000000 -7.0992687 10.8350873 0.0000000 -7.1725813 10.5274245 0.0000000 -8.8955978 10.0846435 0.0000000 -7.5145370 9.4976893 0.0000000 -7.4832673 9.5775275 0.0000000 -7.6184525 9.2714013 0.0000000 -8.9723194 9.9175731 0.0000000 -7.7557070 9.0111125 0.0000000 -7.6381784 9.2315982 0.0000000 -7.1667539 12.4034465 0.0000000 -8.6809558 7.2536600 0.0000000 -8.5671587 7.4760945 0.0000000 -10.3577354 7.2695388 0.0000000 -9.5913326 5.4741839 0.0000000 -9.4775355 5.6966184 0.0000000 -10.9267210 6.1573662 0.0000000 -9.8189268 5.0293149 0.0000000 -9.7051297 5.2517494 0.0000000 -11.0405181 5.9349317 0.0000000 -9.9327239 4.8068804 0.0000000 -11.2681123 5.4900627 0.0000000 -10.1603181 4.3620114 0.0000000 -10.0465210 4.5844459 0.0000000 -11.4957065 5.0451937 0.0000000 -10.2741152 4.1395769 0.0000000 -11.8370978 4.3778902 0.0000000 -10.6155066 3.4722734 0.0000000 -10.5017094 3.6947079 0.0000000 -12.4060833 3.2657177 0.0000000 -11.0706950 2.5825354 0.0000000 -11.5315187 1.4958456 0.0000000 -13.4405651 0.5622722 0.0000000 -11.9954004 0.1604029 0.0000000 -11.9284614 0.4011227 0.0000000 -12.2631565 -0.8024766 0.0000000 -14.0977438 -3.8813780 0.0000000 -14.0765415 -4.1303305 0.0000000 -12.6028216 -3.7579964 0.0000000 -14.0553392 -4.3792830 0.0000000 -12.5607498 -4.2519949 0.0000000 -12.5183452 -4.7499000 0.0000000 -12.5395475 -4.5009474 0.0000000 -14.0341370 -4.6282355 0.0000000 -14.0129347 -4.8771880 0.0000000 -13.9917324 -5.1261405 0.0000000 -13.9493279 -5.6240456 0.0000000 -12.4335362 -5.7457100 0.0000000 -13.9281256 -5.8729981 0.0000000 -13.9069234 -6.1219506 0.0000000 -12.4123339 -5.9946625 0.0000000 -13.8857211 -6.3709031 0.0000000 -12.3936458 -6.2140946 0.0000000 -13.8783720 -6.4296536 0.0000000 -12.1226322 -7.3341865 0.0000000 -12.1848238 -7.0921967 0.0000000 -13.5754214 -7.7075543 0.0000000 -13.5132299 -7.9495442 0.0000000 -12.0604407 -7.5761764 0.0000000 -13.1376489 -9.4107016 0.0000000 -13.0723881 -9.6518752 0.0000000 -11.5590212 -9.4980253 0.0000000 -11.6248624 -9.2585918 0.0000000 -13.0053340 -9.8957431 0.0000000 -11.3602787 -10.2207586 0.0000000 -11.4265262 -9.9798475 0.0000000 -12.6033556 -11.3501526 0.0000000 -11.1618041 -10.9355041 0.0000000 -10.8847848 -11.8936087 0.0000000 -10.8153865 -12.1336312 0.0000000 -10.6768313 -12.6053971 0.0000000 -11.8228294 -13.9954218 0.0000000 -10.3873514 -13.5602173 0.0000000 -10.3148598 -13.7993237 0.0000000 -9.6255768 -15.5765474 0.0000000 -10.9991382 -16.1793152 0.0000000 -10.8987357 -16.4081082 0.0000000 -9.5251743 -15.8053403 0.0000000 -9.2297747 -16.4784842 0.0000000 -9.3243692 -16.2629263 0.0000000 -8.6650583 -17.5366652 0.0000000 -8.4260680 -17.9755173 0.0000000 -7.9480875 -18.8532216 0.0000000 -8.6779527 -20.4812910 0.0000000 -7.1636217 -20.0268583 0.0000000 -7.4511614 -19.6181671 0.0000000 -7.6319818 -21.9198906 0.0000000 -6.2888765 -21.2068023 0.0000000 -6.4407072 -21.0083727 0.0000000 -7.1764895 -22.5151794 0.0000000 -5.8333842 -21.8020911 0.0000000 -5.9852149 -21.6036615 0.0000000 -5.0620005 -22.7244886 0.0000000 -5.8671344 -24.0851748 0.0000000 -5.5395482 -24.4625273 0.0000000 -4.4068282 -23.4791935 0.0000000 -2.8684228 -24.9779957 0.0000000 -2.6969719 -27.1345976 0.0000000 -2.4975585 -27.2842531 0.0000000 -2.4664043 -27.3064152 0.0000000 -2.2591841 -27.4460100 0.0000000 -1.6124857 -26.0730505 0.0000000 -1.2139050 -26.3415561 0.0000000 -1.4211252 -26.2019613 0.0000000 -2.0519640 -27.5856048 0.0000000 -1.8447438 -27.7251996 0.0000000 -0.5922446 -26.7603404 0.0000000 -1.0066849 -26.4811509 0.0000000 -1.2230834 -28.1439839 0.0000000 -0.8086431 -28.4231735 0.0000000 0.0294159 -27.1791248 0.0000000 -0.6032584 -28.5615318 0.0000000 0.2402994 -27.3212032 0.0000000 0.4466853 -27.4620137 0.0000000 0.4536222 -27.4668039 0.0000000 0.2366360 -27.3187195 0.0000000 1.6824040 -28.3255607 0.0000000 1.2327383 -29.8413141 0.0000000 2.0919979 -28.6118130 0.0000000 2.5015918 -28.8980653 0.0000000 3.1159827 -29.3274438 0.0000000 2.9111858 -29.1843176 0.0000000 3.3207797 -29.4705699 0.0000000 2.8711140 -30.9863233 0.0000000 3.7303736 -29.7568222 0.0000000 4.5495614 -30.3293268 0.0000000 4.3447645 -30.1862007 0.0000000 5.9805767 -30.7830810 0.0000000 6.3838860 -32.2278445 0.0000000 6.7057988 -30.2827524 0.0000000 6.0640226 -25.9856689 0.0000000 6.1186851 -26.2294698 0.0000000 7.5823471 -25.9013028 0.0000000 6.1733476 -26.4732707 0.0000000 6.0093601 -25.7418679 0.0000000 7.4730221 -25.4137009 0.0000000 7.4183596 -25.1699000 0.0000000 7.3636971 -24.9260990 0.0000000 5.9546976 -25.4980670 0.0000000 5.8453726 -25.0104651 0.0000000 5.9000351 -25.2542660 0.0000000 7.3090346 -24.6822981 0.0000000 5.7907101 -24.7666641 0.0000000 7.2543721 -24.4384971 0.0000000 5.6815165 -24.2777852 0.0000000 5.7357815 -24.5216720 0.0000000 7.1468466 -23.9571064 0.0000000 5.6793157 -24.2675581 0.0000000 6.8427596 -22.4944912 0.0000000 5.3741639 -22.7998216 0.0000000 5.1198707 -21.5767079 0.0000000 7.6370096 -26.1451037 0.0000000 4.5095671 -18.6412349 0.0000000 5.8764456 -17.8466590 0.0000000 4.4078499 -18.1519894 0.0000000 4.2044153 -17.1734984 0.0000000 4.2552740 -17.4181211 0.0000000 5.5204351 -16.1342997 0.0000000 4.0009808 -16.1950074 0.0000000 4.0518394 -16.4396302 0.0000000 5.3678593 -15.4004315 0.0000000 3.8992636 -15.7057619 0.0000000 5.2152834 -14.6665632 0.0000000 3.6958290 -14.7272709 0.0000000 3.7466877 -14.9718937 0.0000000 3.6449704 -14.4826482 0.0000000 5.0118488 -13.6880722 0.0000000 3.5432531 -13.9934027 0.0000000 3.3166407 -13.0744354 0.0000000 3.3844278 -13.3149178 0.0000000 1.4013015 -6.6320624 0.0000000 0.7039574 -4.5048037 0.0000000 0.7826142 -4.7419534 0.0000000 2.1276887 -4.0325864 0.0000000 0.4679869 -3.7933545 0.0000000 -0.0826110 -2.1333064 0.0000000 -0.0039541 -2.3704562 0.0000000 1.4197772 -1.8982389 0.0000000 1.2624635 -1.4239394 0.0000000 1.1838067 -1.1867897 0.0000000 -0.2399246 -1.6590070 0.0000000 -0.3417857 3.3159956 0.0000000 -0.4226630 3.5523973 0.0000000 -1.8419033 3.0668490 0.0000000 -1.9227807 3.3032506 0.0000000 -0.5035404 3.7887989 0.0000000 -2.0845354 3.7760539 0.0000000 -2.0036580 3.5396523 0.0000000 -0.5844178 4.0252006 0.0000000 -2.1654128 4.0124556 0.0000000 -0.7461725 4.4980039 0.0000000 -0.8270499 4.7344055 0.0000000 -2.2462901 4.2488572 0.0000000 -0.9079273 4.9708072 0.0000000 -0.9888046 5.2072088 0.0000000 -2.4080449 4.7216605 0.0000000 -1.0696820 5.4436105 0.0000000 -2.4889222 4.9580622 0.0000000 -1.1505594 5.6800121 0.0000000 -1.2314367 5.9164138 0.0000000 -2.5697996 5.1944638 0.0000000 -1.3123141 6.1528154 0.0000000 -2.6506770 5.4308655 0.0000000 -1.3931915 6.3892171 0.0000000 -2.8124317 5.9036688 0.0000000 -1.4740688 6.6256187 0.0000000 -1.5549462 6.8620204 0.0000000 -1.6358236 7.0984220 0.0000000 -2.9741865 6.3764721 0.0000000 -3.2168186 7.0856770 0.0000000 -3.1359412 6.8492754 0.0000000 -1.7167010 7.3348237 0.0000000 -1.8784557 7.8076270 0.0000000 -1.9593331 8.0440286 0.0000000 -3.2976959 7.3220787 0.0000000 -3.4594507 7.7948820 0.0000000 -3.3785733 7.5584803 0.0000000 -2.0402104 8.2804303 0.0000000 -2.2019652 8.7532336 0.0000000 -2.2828425 8.9896352 0.0000000 -2.3637199 9.2260369 0.0000000 -3.7020828 8.5040869 0.0000000 -3.8638375 8.9768902 0.0000000 -3.7829601 8.7404886 0.0000000 -3.9447149 9.2132919 0.0000000 -2.5254746 9.6988402 0.0000000 -2.6063520 9.9352418 0.0000000 -2.6872294 10.1716435 0.0000000 -4.0255923 9.4496935 0.0000000 -4.1873470 9.9224969 0.0000000 -4.1064696 9.6860952 0.0000000 -2.7681068 10.4080451 0.0000000 -2.8489841 10.6444468 0.0000000 -4.2682244 10.1588985 0.0000000 -4.3491017 10.3953002 0.0000000 -2.9298615 10.8808484 0.0000000 -3.0107389 11.1172501 0.0000000 -4.4299791 10.6317018 0.0000000 -4.5917338 11.1045051 0.0000000 -4.5108565 10.8681035 0.0000000 -3.0916162 11.3536517 0.0000000 -3.1724936 11.5900534 0.0000000 -3.2533710 11.8264550 0.0000000 -3.3342483 12.0628567 0.0000000 -4.6726112 11.3409068 0.0000000 -3.4151257 12.2992583 0.0000000 -4.8343659 11.8137101 0.0000000 -3.4960031 12.5356600 0.0000000 -4.9961207 12.2865134 0.0000000 -4.9152433 12.0501117 0.0000000 -3.6577578 13.0084633 0.0000000 -5.1578754 12.7593167 0.0000000 -5.0769981 12.5229150 0.0000000 -3.9003899 13.7176683 0.0000000 -5.4005075 13.4685216 0.0000000 -5.3196302 13.2321200 0.0000000 -4.0621447 14.1904716 0.0000000 -5.5622623 13.9413249 0.0000000 -5.4813849 13.7049233 0.0000000 -4.2238994 14.6632749 0.0000000 -5.7240170 14.4141282 0.0000000 -5.6431396 14.1777266 0.0000000 -4.4665315 15.3724798 0.0000000 -5.9666491 15.1233332 0.0000000 -5.8857717 14.8869315 0.0000000 -4.6282862 15.8452831 0.0000000 -6.1284039 15.5961365 0.0000000 -6.0475265 15.3597348 0.0000000 -5.1135505 17.2636930 0.0000000 -6.5327907 16.7781447 0.0000000 -6.4519133 16.5417431 0.0000000 -5.2753052 17.7364963 0.0000000 -6.6945454 17.2509480 0.0000000 -6.6136681 17.0145464 0.0000000 -5.4370599 18.2092996 0.0000000 -6.8563002 17.7237513 0.0000000 -6.7754228 17.4873497 0.0000000 -5.5988147 18.6821029 0.0000000 -7.0180549 18.1965546 0.0000000 -6.9371775 17.9601530 0.0000000 -6.0840789 20.1005128 0.0000000 -7.5033191 19.6149645 0.0000000 -7.3415644 19.1421612 0.0000000 -6.1649563 20.3369145 0.0000000 -7.6632696 20.0824941 0.0000000 -7.5841965 19.8513662 0.0000000 -10.4337576 20.0080362 0.0000000 -9.6709038 21.3002056 0.0000000 -9.7240831 21.3335729 0.0000000 -9.3955730 19.7061143 0.0000000 -9.0946576 19.7396888 0.0000000 -9.4114808 21.2139737 0.0000000 -9.6369512 19.7284173 0.0000000 -9.5552914 21.2440404 0.0000000 -10.1384442 19.8597015 0.0000000 -9.9880373 19.8055716 0.0000000 -10.3628678 19.9687277 0.0000000 -10.8462967 20.3281839 0.0000000 -10.6416198 20.1384593 0.0000000 -10.9947344 20.5291643 0.0000000 -9.8355827 21.4970924 0.0000000 -11.2452269 20.9730029 0.0000000 -11.1562274 20.7776037 0.0000000 -11.3151783 21.2128647 0.0000000 -9.9046859 21.7340459 0.0000000 -11.3878739 21.9799696 0.0000000 -11.4116209 21.7350964 0.0000000 -9.8977832 21.8052249 0.0000000 -11.3796719 22.0395580 0.0000000 -9.6863744 22.9878338 0.0000000 -11.1527336 23.3042325 0.0000000 -11.1598317 23.2693313 0.0000000 -9.6419872 23.1823172 0.0000000 -11.0972514 23.5473285 0.0000000 -11.0803489 23.6090991 0.0000000 -9.4232390 23.8656705 0.0000000 -10.7756566 24.5609356 0.0000000 -10.8518296 24.3229765 0.0000000 -9.2708928 24.3415887 0.0000000 -10.6233104 25.0368539 0.0000000 -10.6994835 24.7988948 0.0000000 -9.1185467 24.8175070 0.0000000 -10.4709642 25.5127722 0.0000000 -10.5471373 25.2748130 0.0000000 -8.9662005 25.2934253 0.0000000 -10.3186181 25.9886905 0.0000000 -10.3947912 25.7507313 0.0000000 -8.6615082 26.2452618 0.0000000 -10.0139258 26.9405270 0.0000000 -10.0900988 26.7025679 0.0000000 -8.4499599 29.5393142 0.0000000 -8.5284533 30.0328183 0.0000000 -10.0098324 29.7972004 0.0000000 -10.7472301 34.2249429 0.0000000 -10.7051653 33.9786556 0.0000000 -9.2265764 34.2311923 0.0000000 -10.7892950 34.4712302 0.0000000 -9.2686412 34.4774796 0.0000000 -9.3107060 34.7237669 0.0000000 -9.4369005 35.4626288 0.0000000 -10.9154894 35.2100921 0.0000000 -10.9575543 35.4563794 0.0000000 -9.4789653 35.7089161 0.0000000 -11.1678784 36.6878160 0.0000000 -11.1258135 36.4415287 0.0000000 -9.6892894 36.9403527 0.0000000 -9.7313543 37.1866400 0.0000000 -11.2099432 36.9341033 0.0000000 -9.8154839 37.6792146 0.0000000 -9.8575487 37.9255019 0.0000000 -11.2940728 37.4266779 0.0000000 -9.8996136 38.1717893 0.0000000 -10.0678729 39.1569385 0.0000000 -11.3782025 37.9192526 0.0000000 -11.5885266 39.1506891 0.0000000 -11.5464618 38.9044018 0.0000000 -10.1099377 39.4032258 0.0000000 -11.7147211 39.8895511 0.0000000 -11.6726563 39.6432637 0.0000000 -10.1940673 39.8958004 0.0000000 -10.4606158 42.3036340 0.0000000 -11.9691178 42.3684620 0.0000000 -11.9567730 42.1963324 0.0000000 -10.4427427 42.0544203 0.0000000 -11.9388999 41.9471188 0.0000000 -11.9210268 41.6979052 0.0000000 -11.8495343 40.7010506 0.0000000 -11.8408341 40.6289256 0.0000000 -10.3559785 40.8446255 0.0000000 -11.8674074 40.9502642 0.0000000 -11.7567859 40.1358384 0.0000000 -10.2781970 40.3883751 0.0000000 -9.5210301 35.9552034 0.0000000 -10.9996191 35.7026668 0.0000000 -14.3740298 43.7415403 0.0000000 -14.1628799 43.6080642 0.0000000 -13.5252117 44.9795395 0.0000000 -14.1610579 43.6069162 0.0000000 -13.3622932 44.8765524 0.0000000 -13.6718903 45.1063115 0.0000000 -14.6527413 43.9714409 0.0000000 -13.8609247 45.2696910 0.0000000 -14.8417758 44.1348204 0.0000000 -13.9804710 45.3730130 0.0000000 -14.0591785 45.4845868 0.0000000 -15.2963353 44.6361547 0.0000000 -15.3183485 44.6691820 0.0000000 -16.2378169 46.3515568 0.0000000 -16.1581891 46.1147314 0.0000000 -14.7465177 46.6228561 0.0000000 -14.8160323 46.8296034 0.0000000 -16.3174447 46.5883823 0.0000000 -16.3970725 46.8252078 0.0000000 -14.8956601 47.0664288 0.0000000 -15.1103403 48.0727714 0.0000000 -15.1216978 48.3223669 0.0000000 -16.6087897 48.0045863 0.0000000 -16.6201473 48.2541818 0.0000000 -15.1330553 48.5719624 0.0000000 -16.6542199 49.0029682 0.0000000 -16.6428623 48.7533727 0.0000000 -15.1528822 49.0076819 0.0000000 -16.6492776 49.1294923 0.0000000 -16.6186273 49.3762970 0.0000000 -15.1325858 49.1711144 0.0000000 -16.5682004 49.6626678 0.0000000 -16.6124754 49.4167682 0.0000000 -14.9724599 50.0604398 0.0000000 -16.3025899 50.7750010 0.0000000 -16.3942128 50.5444757 0.0000000 -14.9185595 50.1960544 0.0000000 -16.2810237 50.8240755 0.0000000 -14.7247730 50.5974319 0.0000000 -15.9140225 51.5381921 0.0000000 -16.0383859 51.3221111 0.0000000 -14.6251379 50.7705477 0.0000000 -15.8905424 51.5763100 0.0000000 -14.3627842 51.1692934 0.0000000 -15.4785483 52.2024911 0.0000000 -15.6158796 51.9937641 0.0000000 -13.9507901 51.7954745 0.0000000 -15.0665541 52.8286722 0.0000000 -15.2038855 52.6199452 0.0000000 -13.3908777 52.7693862 0.0000000 -14.6652307 53.5991160 0.0000000 -14.7653042 53.3701789 0.0000000 -14.5380862 56.3083208 0.0000000 -14.4898406 56.1011779 0.0000000 -13.0771875 56.6485780 0.0000000 -13.1338638 56.8919186 0.0000000 -13.1905402 57.1352593 0.0000000 -14.5947625 56.5516615 0.0000000 -14.7647916 57.2816835 0.0000000 -14.7081152 57.0383428 0.0000000 -13.2472165 57.3786000 0.0000000 -13.3038929 57.6219406 0.0000000 -13.3605692 57.8652813 0.0000000 -13.4172456 58.1086220 0.0000000 -14.8781443 57.7683648 0.0000000 -13.4739219 58.3519626 0.0000000 -14.9906198 58.2512797 0.0000000 -14.9348206 58.0117055 0.0000000 -15.5388844 61.1096003 0.0000000 -15.7440660 61.2521744 0.0000000 -16.3948299 59.8777897 0.0000000 -15.9477504 61.3937081 0.0000000 -16.6000115 60.0203638 0.0000000 -17.4310545 60.6210887 0.0000000 -17.2309708 60.4714445 0.0000000 -16.5071959 61.8032464 0.0000000 -16.6373217 61.9189777 0.0000000 -17.4802856 60.6612710 0.0000000 -17.6660837 60.8265162 0.0000000 -16.7745558 62.0722865 0.0000000 -16.8203683 62.1238491 0.0000000 -17.8949702 61.0749533 0.0000000 -17.8931176 61.0728760 0.0000000 -18.2889899 61.8105866 0.0000000 -18.2254390 61.5689502 0.0000000 -18.0607747 61.2615682 0.0000000 -18.5478935 62.9839467 0.0000000 -18.5362683 62.8380419 0.0000000 -17.0468025 63.0301331 0.0000000 -18.5433402 63.2337590 0.0000000 -17.0435893 63.2064230 0.0000000 -17.0390359 63.4562353 0.0000000 -18.5387868 63.4835712 0.0000000 -17.0344826 63.7060475 0.0000000 -17.0299293 63.9558597 0.0000000 -18.5296802 63.9831957 0.0000000 -17.0253760 64.2056720 0.0000000 -17.0162693 64.7052965 0.0000000 -18.5160202 64.7326324 0.0000000 -16.9798427 66.7037944 0.0000000 -16.9752894 66.9536067 0.0000000 -18.4795936 66.7311304 0.0000000 -16.9661827 67.4532311 0.0000000 -18.4659336 67.4805671 0.0000000 -18.4137587 68.0797007 0.0000000 -18.4524547 67.8328721 0.0000000 -16.9625690 67.6514902 0.0000000 -18.3748428 68.3269615 0.0000000 -16.9318939 67.8471565 0.0000000 -18.3359968 68.5737770 0.0000000 -16.8930830 68.0937493 0.0000000 -16.8542370 68.3405648 0.0000000 -16.8375212 68.4467718 0.0000000 -16.8109376 68.4920164 0.0000000 -18.0794377 69.2940771 0.0000000 -18.0245959 69.3748682 0.0000000 -16.6875072 68.6505612 0.0000000 -17.8711093 69.5720199 0.0000000 -16.5340206 68.8477128 0.0000000 -16.3805340 69.0448644 0.0000000 -17.5641361 69.9663231 0.0000000 -16.9461148 70.7085517 0.0000000 -17.1036764 70.5577779 0.0000000 -15.9877771 69.5493558 0.0000000 -16.7426648 70.8530253 0.0000000 -15.8768944 69.6280956 0.0000000 -16.7372304 70.8568482 0.0000000 -15.3440580 69.9994159 0.0000000 -16.1222644 71.2854025 0.0000000 -16.3272531 71.1425511 0.0000000 -15.7177811 71.4601217 0.0000000 -15.9520104 71.3741016 0.0000000 -15.2042683 70.0507533 0.0000000 -15.7105887 71.4627215 0.0000000 -14.9724673 70.1332089 0.0000000 -15.2397810 71.6301960 0.0000000 -15.4751849 71.5464587 0.0000000 -14.0308520 70.4681579 0.0000000 -14.2981657 71.9651449 0.0000000 -14.5335695 71.8814077 0.0000000 -12.1310580 71.9455718 0.0000000 -11.9989543 72.1576460 0.0000000 -13.2801672 72.9378535 0.0000000 -11.3975153 74.8480065 0.0000000 -11.3506784 75.0881237 0.0000000 -12.8229317 75.3752996 0.0000000 -11.3028437 75.3333557 0.0000000 -12.7750971 75.6205316 0.0000000 -12.6794278 76.1109956 0.0000000 -12.7272624 75.8657636 0.0000000 -11.2550091 75.5785877 0.0000000 -11.2071744 75.8238197 0.0000000 -12.5129336 76.8846263 0.0000000 -12.5744648 76.6428414 0.0000000 -11.1155667 76.2934614 0.0000000 -11.0640113 76.4960469 0.0000000 -12.4285465 77.1602976 0.0000000 -12.5024972 76.9216385 0.0000000 -10.9218027 76.9549930 0.0000000 -12.2806452 77.6376159 0.0000000 -12.3545959 77.3989568 0.0000000 -10.4065557 78.6178368 0.0000000 -11.8369412 79.0695708 0.0000000 -11.9108918 78.8309116 0.0000000 -10.3340666 78.8350014 0.0000000 -11.7528771 79.3219692 0.0000000 -11.8319579 79.0850571 0.0000000 -11.7444405 79.3458893 0.0000000 -10.1643303 79.2914896 0.0000000 -11.4832051 80.0484546 0.0000000 -11.5702836 79.8142662 0.0000000 -9.9901734 79.7598665 0.0000000 -11.3090482 80.5168316 0.0000000 -11.3961266 80.2826431 0.0000000 -9.2325753 84.6498413 0.0000000 -9.2315040 84.7276645 0.0000000 -10.7318989 84.7093989 0.0000000 -10.7399414 84.9201314 0.0000000 -9.2410326 84.9773364 0.0000000 -9.2505612 85.2270084 0.0000000 -9.2600898 85.4766804 0.0000000 -10.7494700 85.1698034 0.0000000 -9.2696184 85.7263524 0.0000000 -9.2791470 85.9760243 0.0000000 -10.7685272 85.6691473 0.0000000 -10.7875844 86.1684913 0.0000000 -10.7780558 85.9188193 0.0000000 -9.2886756 86.2256963 0.0000000 -10.8061414 86.6695447 0.0000000 -10.7971755 86.4198524 0.0000000 -9.2981720 86.4745237 0.0000000 -9.3070800 86.7226070 0.0000000 -9.3155107 86.9715533 0.0000000 -10.8146513 86.9207839 0.0000000 -9.3239673 87.2212638 0.0000000 -10.8315645 87.4202051 0.0000000 -10.8231079 87.1704945 0.0000000 -9.3324240 87.4709744 0.0000000 -9.3408806 87.7206850 0.0000000 -10.8484777 87.9196263 0.0000000 -10.8400211 87.6699157 0.0000000 -9.3662504 88.4698168 0.0000000 -10.8738476 88.6687580 0.0000000 -10.8653909 88.4190474 0.0000000 -9.3916202 89.2189485 0.0000000 -10.8992174 89.4178898 0.0000000 -10.8907608 89.1681792 0.0000000 -9.4085334 89.7183697 0.0000000 -10.9161306 89.9173109 0.0000000 -10.9076740 89.6676003 0.0000000 -9.4254466 90.2177908 0.0000000 -10.9330438 90.4167321 0.0000000 -10.9245872 90.1670215 0.0000000 -9.4508164 90.9669226 0.0000000 -10.9584136 91.1658638 0.0000000 -10.9499570 90.9161533 0.0000000 -9.4677296 91.4663438 0.0000000 -10.9753268 91.6652850 0.0000000 -10.9668702 91.4155744 0.0000000 -9.4930994 92.2154755 0.0000000 -11.0006966 92.4144168 0.0000000 -10.9922400 92.1647062 0.0000000 -9.5184693 92.9646073 0.0000000 -11.0260664 93.1635485 0.0000000 -11.0176098 92.9138379 0.0000000 -9.5353825 93.4640284 0.0000000 -11.0429797 93.6629697 0.0000000 -11.0345230 93.4132591 0.0000000 -9.6092398 94.9799253 0.0000000 -11.1066505 94.8918267 0.0000000 -11.0919759 94.6424043 0.0000000 -11.1213250 95.1412491 0.0000000 -9.6826124 96.2270375 0.0000000 -11.1946975 96.3883613 0.0000000 -11.1800230 96.1389388 0.0000000 -9.8000085 98.2224169 0.0000000 -11.3120936 98.3837407 0.0000000 -11.2974191 98.1343183 0.0000000 -9.9027301 99.9683739 0.0000000 -11.4001407 99.8802753 0.0000000 -11.3854662 99.6308528 0.0000000 -9.9467536 100.7166412 0.0000000 -11.4441643 100.6285426 0.0000000 -11.4294898 100.3791201 0.0000000 -10.0201262 101.9637533 0.0000000 -11.5175368 101.8756547 0.0000000 -11.5028623 101.6262323 0.0000000 -10.0788242 102.9614430 0.0000000 -11.5762349 102.8733444 0.0000000 -11.5322113 102.1250771 0.0000000 -10.2271612 104.1228333 0.0000000 -11.6564237 103.6673090 0.0000000 -11.6149840 103.5319619 0.0000000 -11.3001460 105.7792475 0.0000000 -11.5061810 105.9205857 0.0000000 -12.2207375 104.5917507 0.0000000 -11.7122160 106.0619238 0.0000000 -12.5607412 104.8249901 0.0000000 -12.7985021 106.5475003 0.0000000 -13.2941903 105.1317696 0.0000000 -13.0583733 105.0492033 0.0000000 -15.0313616 106.4134698 0.0000000 -15.0807970 106.3900691 0.0000000 -14.4143110 105.0459913 0.0000000 -16.8033220 105.0846068 0.0000000 -16.9202029 104.8637771 0.0000000 -15.4871120 104.3648794 0.0000000 -17.1539646 104.4221177 0.0000000 -15.9123721 103.5614112 0.0000000 -15.8282108 103.7204220 0.0000000 -17.6666834 101.3549175 0.0000000 -17.6540962 101.1053810 0.0000000 -16.1685880 101.4304847 0.0000000 -16.1447564 100.9580309 0.0000000 -16.1560009 101.1809482 0.0000000 -16.1232840 100.7820920 0.0000000 -17.6369374 100.8027687 0.0000000 -14.6343879 97.6517673 0.0000000 -14.7583386 97.8687076 0.0000000 -16.0607426 97.1245681 0.0000000 -15.6888906 96.4737471 0.0000000 -15.6823704 96.4625606 0.0000000 -14.3896983 97.2235079 0.0000000 -15.2672470 95.8037029 0.0000000 -14.8592725 95.1748955 0.0000000 -13.6009213 95.9913221 0.0000000 -13.4649298 95.7817196 0.0000000 -14.7598886 95.0217160 0.0000000 -14.4414503 94.1807857 0.0000000 -14.2681514 93.7120906 0.0000000 -13.0345420 94.7009867 0.0000000 -14.6147492 94.6494807 0.0000000 -14.5280997 94.4151332 0.0000000 -13.2078409 95.1696818 0.0000000 -13.1211915 94.9353342 0.0000000 -12.6771597 93.7323259 0.0000000 -12.6879442 93.7635966 0.0000000 -14.1005897 93.2589120 0.0000000 -14.0394668 93.0681314 0.0000000 -12.5285926 93.1885535 0.0000000 -12.5839556 93.4321963 0.0000000 -12.6010733 93.4948400 0.0000000 -13.9913055 92.8561814 0.0000000 -12.4732297 92.9449106 0.0000000 -12.2403893 91.6385423 0.0000000 -12.2696790 91.8866734 0.0000000 -13.7593366 91.7108319 0.0000000 -13.7300469 91.4627009 0.0000000 -13.6148076 89.8418817 0.0000000 -13.6252691 89.5922471 0.0000000 -12.1265845 89.5294415 0.0000000 -12.0978824 90.3804509 0.0000000 -12.1213991 90.6288002 0.0000000 -13.5960280 90.2900067 0.0000000 -12.0952001 90.2783454 0.0000000 -12.2245138 88.2376340 0.0000000 -12.1724587 88.7346227 0.0000000 -13.6650031 88.8841457 0.0000000 -13.7163529 88.3938908 0.0000000 -12.2505414 87.9891396 0.0000000 -13.7914418 87.6769899 0.0000000 -13.8216444 87.5119134 0.0000000 -12.3107624 87.4352991 0.0000000 -13.8837661 87.3240386 0.0000000 -12.4596009 86.8531315 0.0000000 -12.3811623 87.0903535 0.0000000 -12.6164781 86.3786875 0.0000000 -14.3450658 85.9551283 0.0000000 -12.9491091 85.4056585 0.0000000 -12.8615572 85.6393259 0.0000000 -12.9679814 85.3599384 0.0000000 -13.0708776 85.1322561 0.0000000 -14.8478104 84.8426859 0.0000000 -13.4855884 84.2147007 0.0000000 -13.4824624 84.2215266 0.0000000 -14.9448378 84.6335925 0.0000000 -13.5907367 83.9881068 0.0000000 -13.6043966 83.9601988 0.0000000 -15.1666534 84.2032243 0.0000000 -13.9477987 83.2939278 0.0000000 -13.8333313 83.5160181 0.0000000 -15.3955881 83.7590436 0.0000000 -14.1767334 82.8497471 0.0000000 -14.0622660 83.0718375 0.0000000 -15.6245228 83.3148629 0.0000000 -14.3990318 82.4184423 0.0000000 -14.2912007 82.6276568 0.0000000 -16.1656851 82.1369438 0.0000000 -14.7915177 81.5355588 0.0000000 -14.6913455 81.7644528 0.0000000 -14.8916898 81.3066649 0.0000000 -16.3660295 81.6791559 0.0000000 -15.0725208 80.8934653 0.0000000 -14.9918620 81.0777710 0.0000000 -16.8708586 78.4250318 0.0000000 -16.8666503 78.1783055 0.0000000 -15.3710767 78.4506128 0.0000000 -15.4055179 76.9439933 0.0000000 -15.3645054 77.1886087 0.0000000 -16.8645054 77.3143546 0.0000000 -16.8897748 77.2411145 0.0000000 -15.4854932 76.7121947 0.0000000 -15.5172242 76.6345935 0.0000000 -16.9790800 77.0534069 0.0000000 -15.6245670 76.4089734 0.0000000 -17.0613501 76.8804861 0.0000000 -15.9297985 75.8777169 0.0000000 -15.7899052 76.0824675 0.0000000 -17.1478295 76.7539131 0.0000000 -17.2847639 76.5900702 0.0000000 -16.1338103 75.6281420 0.0000000 -16.5661225 75.1887646 0.0000000 -16.3798863 75.3492694 0.0000000 -17.4894048 76.3732519 0.0000000 -16.6864094 75.1041347 0.0000000 -17.6425495 76.2865995 0.0000000 -17.1213237 74.8580511 0.0000000 -16.9038665 74.9810929 0.0000000 -18.0180790 76.0741170 0.0000000 -17.6977284 74.5976421 0.0000000 -17.4626390 74.6790751 0.0000000 -18.1721368 76.0207527 0.0000000 -17.7310945 74.5869505 0.0000000 -18.3949816 75.9550444 0.0000000 -18.2104000 74.4456218 0.0000000 -17.9707472 74.5162861 0.0000000 -18.8742871 75.8137156 0.0000000 -18.6897055 74.3042931 0.0000000 -18.4500527 74.3749574 0.0000000 -19.6776566 73.6974156 0.0000000 -19.4868974 73.8587779 0.0000000 -20.4556383 75.0040033 0.0000000 -20.0322121 73.3974987 0.0000000 -19.8684158 73.5360532 0.0000000 -20.8371567 74.6812786 0.0000000 -21.0279159 74.5199162 0.0000000 -21.6169506 73.7348530 0.0000000 -20.3366143 72.9533552 0.0000000 -20.8733554 71.0791973 0.0000000 -22.4904489 70.2525728 0.0000000 -21.0018015 69.9421607 0.0000000 -20.9916802 70.1918093 0.0000000 -21.0119228 69.6925120 0.0000000 -22.5309343 69.2539782 0.0000000 -21.0421502 68.9469360 0.0000000 -21.0321655 69.1932147 0.0000000 -19.2961382 74.0201403 0.0000000 -19.9824799 75.3930697 0.0000000 -20.0741198 75.3267280 0.0000000 -19.1486899 74.1448661 0.0000000 -19.7738587 75.5212979 0.0000000 -19.0733574 74.1911689 0.0000000 -19.5932453 75.6017226 0.0000000 -19.3535926 75.6723869 0.0000000 -18.6346343 75.8843800 0.0000000 -16.2940379 75.4364286 0.0000000 -17.4056334 76.4454490 0.0000000 -15.9735827 75.8198554 0.0000000 -15.2386744 80.0438218 0.0000000 -15.1956422 80.2899419 0.0000000 -16.7162597 80.3021658 0.0000000 -15.3636604 79.3289710 0.0000000 -15.2817065 79.7977016 0.0000000 -16.7592919 80.0560457 0.0000000 -16.8453562 79.5638054 0.0000000 -16.4993019 81.3589376 0.0000000 -16.5685546 81.1207223 0.0000000 -16.4662017 81.4502620 0.0000000 -16.0655129 82.3658377 0.0000000 -14.4947226 82.2137370 0.0000000 -15.8575164 82.8405379 0.0000000 -15.8651686 82.8236255 0.0000000 -15.7389901 83.0927726 0.0000000 -15.7517606 83.0667744 0.0000000 -15.5100554 83.5369533 0.0000000 -15.2811208 83.9811339 0.0000000 -13.1737738 84.9045737 0.0000000 -14.4377716 85.7499946 0.0000000 -14.5406678 85.5223122 0.0000000 -14.0406433 86.8495946 0.0000000 -13.6357306 89.3426125 0.0000000 -12.1232303 90.6460183 0.0000000 -12.1525200 90.8941493 0.0000000 -13.6139028 90.4787753 0.0000000 -13.6714674 90.9664389 0.0000000 -12.1818098 91.1422803 0.0000000 -12.3090350 92.1972961 0.0000000 -12.3590976 92.4418513 0.0000000 -13.7849130 91.9275045 0.0000000 -12.3625038 92.4576249 0.0000000 -13.8270046 92.1331213 0.0000000 -13.9359425 92.6125385 0.0000000 -13.8805796 92.3688957 0.0000000 -14.2728812 97.0270079 0.0000000 -14.5104372 97.4348269 0.0000000 -15.8128413 96.6906874 0.0000000 -15.3780920 98.9534094 0.0000000 -15.5020427 99.1703497 0.0000000 -16.6804961 98.2092699 0.0000000 -16.5565454 97.9923295 0.0000000 -16.4325947 97.7753892 0.0000000 -15.2541413 98.7364690 0.0000000 -15.1301906 98.5195287 0.0000000 -15.6259934 99.3872901 0.0000000 -16.9283975 98.6431506 0.0000000 -15.7499441 99.6042304 0.0000000 -15.8535716 99.7856008 0.0000000 -17.0523482 98.8600909 0.0000000 -17.2129501 99.1501731 0.0000000 -17.1762989 99.0770313 0.0000000 -15.9106012 99.9168298 0.0000000 -15.9550828 100.0977954 0.0000000 -17.4117242 99.7397507 0.0000000 -17.4713634 99.9823822 0.0000000 -16.0147221 100.3404269 0.0000000 -17.6918577 101.8539905 0.0000000 -17.6792705 101.6044540 0.0000000 -16.1811752 101.6800211 0.0000000 -16.1937623 101.9295576 0.0000000 -16.2023606 102.1000143 0.0000000 -17.6561439 102.5066894 0.0000000 -17.6958214 102.2607760 0.0000000 -16.1321522 102.4918609 0.0000000 -16.0852544 102.7372738 0.0000000 -17.6054915 102.7734127 0.0000000 -16.0383565 102.9826867 0.0000000 -17.5585937 103.0188255 0.0000000 -15.9914587 103.2280996 0.0000000 -15.9524523 103.4322171 0.0000000 -17.4647980 103.5096513 0.0000000 -17.3975514 103.8365143 0.0000000 -17.2708455 104.2012881 0.0000000 -17.3242895 104.0726661 0.0000000 -16.4349172 105.5656103 0.0000000 -16.6560844 105.3317291 0.0000000 -15.4553283 104.4177602 0.0000000 -16.2282892 105.7060800 0.0000000 -15.3849773 104.4655862 0.0000000 -14.9905778 104.7337066 0.0000000 -14.8143772 104.8384348 0.0000000 -15.5621731 106.1389230 0.0000000 -15.3025798 106.2750070 0.0000000 -15.5243625 106.1599449 0.0000000 -14.1450708 105.1196979 0.0000000 -13.8982242 105.1583456 0.0000000 -14.1302463 106.6402922 0.0000000 -14.2986854 105.0956471 0.0000000 -14.3770929 106.6016445 0.0000000 -13.6513776 105.1969933 0.0000000 -13.5469285 105.2133465 0.0000000 -13.8833997 106.6789399 0.0000000 -13.3536378 106.7078072 0.0000000 -13.6365531 106.7175877 0.0000000 -13.1152590 106.6533941 0.0000000 -13.4901935 105.2003960 0.0000000 -13.0343192 106.6300666 0.0000000 -12.8338420 104.9705884 0.0000000 -12.3044282 106.3741068 0.0000000 -12.3268680 106.3823675 0.0000000 -12.6945262 104.9167653 0.0000000 -11.9182510 106.2032619 0.0000000 -12.0722296 106.2843996 0.0000000 -10.8028297 105.2098789 0.0000000 -10.9477482 105.4134115 0.0000000 -12.1437913 104.5070618 0.0000000 -12.0247400 104.3398588 0.0000000 -11.8798215 104.1363262 0.0000000 -10.4318063 104.6566637 0.0000000 -10.5129926 104.8028137 0.0000000 -11.7836920 104.0013158 0.0000000 -11.7280186 103.8679163 0.0000000 -10.3361418 104.4274406 0.0000000 -10.3219205 104.3906751 0.0000000 -10.0934988 103.2108655 0.0000000 -10.1228478 103.7097103 0.0000000 -10.1544134 103.8852303 0.0000000 -10.0348007 102.2131758 0.0000000 -9.9907772 101.4649085 0.0000000 -10.0054517 101.7143309 0.0000000 -9.9174046 100.2177963 0.0000000 -9.9320791 100.4672188 0.0000000 -11.3414427 98.8825856 0.0000000 -9.8440320 98.9706842 0.0000000 -9.8880556 99.7189515 0.0000000 -11.3267682 98.6331631 0.0000000 -9.8146830 98.4718393 0.0000000 -9.8293575 98.7212618 0.0000000 -9.6972869 96.4764599 0.0000000 -11.1359995 95.3906716 0.0000000 -9.6239143 95.2293477 0.0000000 -9.6385888 95.4787702 0.0000000 -11.0628580 94.1474876 0.0000000 -9.5647953 94.2237995 0.0000000 -9.5652163 94.2316580 0.0000000 -11.0512532 93.9072756 0.0000000 -9.5527397 93.9742557 0.0000000 -9.5522957 93.9634496 0.0000000 -9.5798908 94.4810805 0.0000000 -9.5269259 93.2143178 0.0000000 -9.5015560 92.4651861 0.0000000 -9.5100127 92.7148967 0.0000000 -11.1506740 95.6400940 0.0000000 -9.6532634 95.7281926 0.0000000 -9.4592730 91.2166332 0.0000000 -9.4339032 90.4675014 0.0000000 -9.4423598 90.7172120 0.0000000 -9.4169900 89.9680803 0.0000000 -9.4000768 89.4686591 0.0000000 -9.3747070 88.7195273 0.0000000 -9.3831636 88.9692379 0.0000000 -9.3493372 87.9703956 0.0000000 -9.3577938 88.2201062 0.0000000 -9.6579683 81.1095007 0.0000000 -11.0987820 81.5957955 0.0000000 -11.1387004 81.3491512 0.0000000 -9.5382131 81.8494336 0.0000000 -9.4982948 82.0960779 0.0000000 -10.9790269 82.3357284 0.0000000 -9.3093185 83.6431043 0.0000000 -9.2894518 83.8921670 0.0000000 -10.8045692 83.7623740 0.0000000 -10.8244358 83.5133114 0.0000000 -9.3291851 83.3940417 0.0000000 -9.3496532 83.1378665 0.0000000 -9.3490518 83.1449790 0.0000000 -10.8440187 83.2678064 0.0000000 -9.4184580 82.5893665 0.0000000 -9.3785396 82.8360108 0.0000000 -10.8635477 83.0492412 0.0000000 -10.8991901 82.8290170 0.0000000 -9.4583764 82.3427222 0.0000000 -10.9391085 82.5823727 0.0000000 -9.5781315 81.6027893 0.0000000 -11.0189453 82.0890841 0.0000000 -11.2183141 80.8572411 0.0000000 -9.7378051 80.6162121 0.0000000 -9.6978867 80.8628564 0.0000000 -11.2471154 80.6833933 0.0000000 -9.7790784 80.3670503 0.0000000 -9.7382564 80.6134559 0.0000000 -9.8160164 80.2282434 0.0000000 -9.9030949 79.9940549 0.0000000 -10.0772518 79.5256780 0.0000000 -11.6573620 79.5800777 0.0000000 -10.2514088 79.0573011 0.0000000 -11.9848425 78.5922525 0.0000000 -10.6260000 77.9096296 0.0000000 -10.5520494 78.1482887 0.0000000 -12.2066945 77.8762750 0.0000000 -10.8478521 77.1936521 0.0000000 -10.7739014 77.4323113 0.0000000 -10.9957534 76.7163338 0.0000000 -12.9602608 74.6195876 0.0000000 -13.0020045 74.3732456 0.0000000 -11.5230875 74.1226371 0.0000000 -11.5648312 73.8762951 0.0000000 -13.0437481 74.1269037 0.0000000 -13.0854918 73.8805617 0.0000000 -11.6065748 73.6299532 0.0000000 -11.6900621 73.1372693 0.0000000 -11.6483185 73.3836112 0.0000000 -13.1272354 73.6342198 0.0000000 -13.1689791 73.3878778 0.0000000 -13.2107228 73.1415359 0.0000000 -13.2303902 73.0254720 0.0000000 -11.7318058 72.8909273 0.0000000 -11.8608955 72.3994178 0.0000000 -11.7735495 72.6445854 0.0000000 -11.9834372 72.1837173 0.0000000 -13.6684560 72.3145093 0.0000000 -13.7154727 72.2390304 0.0000000 -12.3952654 71.5214232 0.0000000 -13.7546399 72.2127510 0.0000000 -13.2319115 70.7906963 0.0000000 -13.0118690 70.9090525 0.0000000 -12.9492731 70.9467642 0.0000000 -12.7460918 71.0830898 0.0000000 -14.1018673 72.0349717 0.0000000 -13.4836073 70.6676834 0.0000000 -13.2593923 70.7766362 0.0000000 -13.5600443 70.6356324 0.0000000 -14.7689734 71.7976705 0.0000000 -14.2662558 70.3844206 0.0000000 -15.0043772 71.7139332 0.0000000 -14.7370635 70.2169462 0.0000000 -14.5016596 70.3006834 0.0000000 -17.7176227 69.7691715 0.0000000 -18.2971509 68.8205925 0.0000000 -18.4841469 66.4813181 0.0000000 -18.4887002 66.2315059 0.0000000 -16.9843960 66.4539822 0.0000000 -18.4932536 65.9816936 0.0000000 -18.4978069 65.7318814 0.0000000 -16.9980560 65.7045454 0.0000000 -18.5023602 65.4820692 0.0000000 -17.0071626 65.2049210 0.0000000 -17.0026093 65.4547332 0.0000000 -18.5069135 65.2322569 0.0000000 -18.5114669 64.9824447 0.0000000 -17.0117160 64.9551087 0.0000000 -17.0213468 62.8880192 0.0000000 -18.4925592 62.5940235 0.0000000 -18.4796427 62.5354960 0.0000000 -18.4160917 62.2938595 0.0000000 -18.3525408 62.0522231 0.0000000 -16.9018734 62.4337518 0.0000000 -16.8383225 62.1921154 0.0000000 -13.8216969 59.2810935 0.0000000 -13.9558967 59.4918476 0.0000000 -15.2211616 58.6861773 0.0000000 -14.4672313 60.2579606 0.0000000 -14.6444924 60.4309978 0.0000000 -15.5771391 59.2452222 0.0000000 -14.3584962 60.1241100 0.0000000 -15.4895613 59.1076856 0.0000000 -15.3553615 58.8969315 0.0000000 -14.2242963 59.9133558 0.0000000 -14.0900965 59.7026017 0.0000000 -15.0869618 58.4754232 0.0000000 -15.0193986 58.3693185 0.0000000 -13.5914735 58.8451565 0.0000000 -13.6874971 59.0703394 0.0000000 -13.5323916 58.6028270 0.0000000 -13.5305983 58.5953033 0.0000000 -12.9710934 56.0478341 0.0000000 -12.9750095 56.0850456 0.0000000 -14.4648135 55.9094488 0.0000000 -14.3887881 54.6112998 0.0000000 -14.4311333 54.3958455 0.0000000 -12.9592908 54.1065709 0.0000000 -14.4064770 55.1809339 0.0000000 -14.3865336 54.9318774 0.0000000 -12.8913197 55.0516080 0.0000000 -14.3723934 54.7552932 0.0000000 -12.9018424 54.4115271 0.0000000 -12.9111066 54.3517345 0.0000000 -14.5158638 53.9647327 0.0000000 -13.0882532 53.5004378 0.0000000 -13.0556593 53.6162438 0.0000000 -13.1746166 53.2672134 0.0000000 -13.0074751 53.8614074 0.0000000 -14.8486194 53.1795796 0.0000000 -13.6531386 52.2501940 0.0000000 -13.5286281 52.4658755 0.0000000 -14.9412612 53.0191023 0.0000000 -13.6761273 52.2129286 0.0000000 -15.7532110 51.7850370 0.0000000 -14.5001156 50.9605663 0.0000000 -16.1354581 46.0555367 0.0000000 -15.9834590 45.7266792 0.0000000 -15.8504369 45.5151798 0.0000000 -14.6832122 46.4767738 0.0000000 -15.7174148 45.3036803 0.0000000 -14.5806974 46.3137796 0.0000000 -15.5843927 45.0921809 0.0000000 -14.3146532 45.8907807 0.0000000 -15.4513706 44.8806815 0.0000000 -14.1816311 45.6792812 0.0000000 -12.3800410 44.3714051 0.0000000 -12.6124309 44.4631756 0.0000000 -12.9309861 42.9762494 0.0000000 -11.3076039 43.9292270 0.0000000 -11.4504813 44.0043233 0.0000000 -12.0976435 42.6471636 0.0000000 -10.8684037 43.5289751 0.0000000 -11.1110927 43.7971581 0.0000000 -10.6323428 43.0885402 0.0000000 -11.9926648 42.4512977 0.0000000 -10.5051485 42.7042688 0.0000000 -10.5719627 42.9393136 0.0000000 -10.4784889 42.5528476 0.0000000 -11.8852805 41.1994779 0.0000000 -10.3891233 41.3067794 0.0000000 -10.4069964 41.5559931 0.0000000 -10.3712502 41.0575658 0.0000000 -9.1424467 33.7386176 0.0000000 -9.1845116 33.9849050 0.0000000 -10.6210357 33.4860809 0.0000000 -9.0162523 32.9997557 0.0000000 -9.1003819 33.4923303 0.0000000 -10.5789708 33.2397936 0.0000000 -10.4948412 32.7472190 0.0000000 -10.4527764 32.5009317 0.0000000 -10.4107115 32.2546444 0.0000000 -8.9321226 32.5071811 0.0000000 -8.8900578 32.2608938 0.0000000 -10.3686467 32.0083571 0.0000000 -10.3265819 31.7620698 0.0000000 -8.8479930 32.0146065 0.0000000 -8.8059281 31.7683191 0.0000000 -10.2848923 31.5179793 0.0000000 -8.7639333 31.5133308 0.0000000 -8.7645911 31.5173943 0.0000000 -10.2449892 31.2756803 0.0000000 -8.6854400 31.0198267 0.0000000 -8.7246866 31.2665787 0.0000000 -10.1668191 30.7842088 0.0000000 -10.1275724 30.5374567 0.0000000 -8.6461933 30.7730746 0.0000000 -8.6069466 30.5263225 0.0000000 -10.0883258 30.2907046 0.0000000 -8.5676999 30.2795704 0.0000000 -8.3714666 29.0458100 0.0000000 -8.4107132 29.2925621 0.0000000 -9.8920924 29.0569442 0.0000000 -8.3322199 28.7990580 0.0000000 -9.8207732 28.6085453 0.0000000 -8.3233978 28.7083102 0.0000000 -9.8197544 28.2008432 0.0000000 -9.8258010 27.9510627 0.0000000 -8.3262403 27.9147617 0.0000000 -9.8142551 28.4280139 0.0000000 -8.3144158 28.4595345 0.0000000 -8.3201937 28.1645423 0.0000000 -8.3141470 28.4143228 0.0000000 -9.9456093 27.1539427 0.0000000 -8.4951520 26.7707484 0.0000000 -8.4355229 27.0132495 0.0000000 -9.8490328 27.5591933 0.0000000 -8.4329116 27.0242245 0.0000000 -8.3769078 27.2677209 0.0000000 -8.3618596 27.3581359 0.0000000 -8.5853351 26.4832210 0.0000000 -8.5091620 26.7211801 0.0000000 -8.8900274 25.5313844 0.0000000 -8.7376813 26.0073027 0.0000000 -9.0423736 25.0554662 0.0000000 -9.1947198 24.5795479 0.0000000 -9.3470659 24.1036296 0.0000000 -11.0041758 23.8470582 0.0000000 -9.5755852 23.3897522 0.0000000 -11.2917358 22.5314673 0.0000000 -9.8591119 22.0215500 0.0000000 -9.8151439 22.2675047 0.0000000 -7.9690598 21.6633806 0.0000000 -8.1328246 21.6297272 0.0000000 -7.7489986 20.1772282 0.0000000 -7.7262937 21.6855302 0.0000000 -7.7380851 20.1782239 0.0000000 -6.7362000 21.2948253 0.0000000 -6.9248048 21.4587006 0.0000000 -7.2761163 21.6292576 0.0000000 -7.6792874 20.1271357 0.0000000 -6.3335754 20.8180985 0.0000000 -6.5475952 21.1309500 0.0000000 -6.2458336 20.5733161 0.0000000 -6.2495203 20.5838362 0.0000000 -5.6796920 18.9185046 0.0000000 -5.9223242 19.6277095 0.0000000 -5.5179373 18.4457013 0.0000000 -5.3561826 17.9728980 0.0000000 -5.1944278 17.5000947 0.0000000 -4.8709184 16.5544881 0.0000000 -5.0326731 17.0272914 0.0000000 -4.7091636 16.0816848 0.0000000 -4.7900410 16.3180864 0.0000000 -4.5474089 15.6088815 0.0000000 -4.3047768 14.8996765 0.0000000 -3.9812673 13.9540699 0.0000000 -3.7386352 13.2448650 0.0000000 -3.8195126 13.4812666 0.0000000 -1.5992712 2.3576440 0.0000000 -1.4375164 1.8848407 0.0000000 -0.1800309 2.8431923 0.0000000 -1.3566391 1.6484391 0.0000000 -0.0182762 2.3703890 0.0000000 0.0626012 2.1339874 0.0000000 0.3861106 1.1883807 0.0000000 0.1434785 1.8975857 0.0000000 -1.2757617 1.4120374 0.0000000 0.4669880 0.9519791 0.0000000 -1.0331296 0.7028325 0.0000000 0.5478654 0.7155774 0.0000000 -0.8713749 0.2300292 0.0000000 0.7118657 0.2361086 0.0000000 0.7096201 0.2427741 0.0000000 -0.7107585 -0.2394467 0.0000000 -0.5545520 -0.7104081 0.0000000 0.8691793 -0.2381908 0.0000000 -0.4758951 -0.9475578 0.0000000 -0.3972383 -1.1847075 0.0000000 0.9478362 -0.4753405 0.0000000 -0.3185815 -1.4218573 0.0000000 1.1051498 -0.9496400 0.0000000 -0.1612678 -1.8961567 0.0000000 0.0747027 -2.6076059 0.0000000 1.5770908 -2.3725383 0.0000000 1.4984340 -2.1353886 0.0000000 0.1533595 -2.8447556 0.0000000 0.6253005 -4.2676540 0.0000000 5.4250225 -23.0444444 0.0000000 6.8936182 -22.7391139 0.0000000 2.5996297 -5.4554847 0.0000000 1.1753311 -5.9259917 0.0000000 2.5209729 -5.2183350 0.0000000 2.4423160 -4.9811853 0.0000000 1.0185847 -5.4534026 0.0000000 1.0972416 -5.6905523 0.0000000 2.6802301 -5.7025199 0.0000000 1.6277625 -7.3465954 0.0000000 1.8542235 -8.0611284 0.0000000 3.2841261 -7.6079413 0.0000000 2.9777050 -11.8720233 0.0000000 3.0454922 -12.1125057 0.0000000 4.4892314 -11.7055448 0.0000000 3.7370261 -9.0383004 0.0000000 2.9099179 -11.6315408 0.0000000 4.3536571 -11.2245800 0.0000000 5.4695765 -15.8896770 0.0000000 5.1644247 -14.4219405 0.0000000 3.0576651 -6.8934083 0.0000000 5.0181535 -21.0874624 0.0000000 6.4867492 -20.7821319 0.0000000 2.2063455 -4.2697361 0.0000000 6.4466602 -27.6922755 0.0000000 6.6653102 -28.6674792 0.0000000 6.7199727 -28.9112802 0.0000000 8.2929597 -29.0707151 0.0000000 7.8808338 -31.2480087 0.0000000 7.2506474 -31.8127030 0.0000000 4.1969674 -31.8668851 0.0000000 2.2567231 -30.5569449 0.0000000 0.0039565 -28.9825573 0.0000000 -2.3083700 -25.4761752 0.0000000 -4.7987865 -25.2684580 0.0000000 -5.3757551 -24.6512035 0.0000000 -6.3585136 -23.5191462 0.0000000 -7.0246587 -22.7136090 0.0000000 -8.3904131 -20.8899822 0.0000000 -9.0235438 -16.8783869 0.0000000 -10.5975281 -17.0944871 0.0000000 -9.9267844 -14.8901685 0.0000000 -11.3003458 -15.4929364 0.0000000 -10.0271870 -14.6613755 0.0000000 -11.1999433 -15.7217293 0.0000000 -12.1127960 -13.0389963 0.0000000 -12.3257624 -12.3102423 0.0000000 -11.9982491 -7.8181663 0.0000000 -12.4971430 -4.9988525 0.0000000 -14.1169530 -3.6245848 0.0000000 -12.6041281 -3.3691416 0.0000000 -12.4342854 -1.6891929 0.0000000 -12.3981450 -1.4419667 0.0000000 -13.8823702 -1.2249976 0.0000000 -13.8462299 -0.9777714 0.0000000 -12.3654027 -1.2179853 0.0000000 -13.3736261 0.8029920 0.0000000 -12.7369775 2.5188690 0.0000000 -11.4383465 1.7276770 0.0000000 -12.8301497 2.2870375 0.0000000 -10.8129239 6.3798008 0.0000000 -8.7947529 7.0312255 0.0000000 -9.0793954 9.7166967 0.0000000 -9.2684259 15.0154280 0.0000000 -12.3853843 18.9673843 0.0000000 -11.2296240 19.9264233 0.0000000 -12.8588760 19.6431034 0.0000000 -12.8355304 19.6066378 0.0000000 -11.7490265 20.9010440 0.0000000 -13.2002745 20.5209235 0.0000000 -12.6069989 24.4994682 0.0000000 -12.3399876 26.1905754 0.0000000 -10.6706482 28.3139401 0.0000000 -12.1700011 28.3579959 0.0000000 -11.6408620 35.6781610 0.0000000 -13.2218478 35.6760635 0.0000000 -14.3463148 40.9701441 0.0000000 -16.1488617 41.0414506 0.0000000 -18.4139672 49.2375478 0.0000000 -17.7702758 44.5843770 0.0000000 -18.2071604 46.4067168 0.0000000 -18.3789224 47.3479095 0.0000000 -18.3213096 53.6373084 0.0000000 -19.1925303 61.1341201 0.0000000 -19.4034392 61.5871377 0.0000000 -19.8252569 62.4931731 0.0000000 -22.1749479 64.5122936 0.0000000 -22.3561995 65.6247179 0.0000000 -22.5183142 67.1636871 0.0000000 -22.2621045 71.8348980 0.0000000 -20.5786964 72.4822702 0.0000000 -22.0282168 72.8681496 0.0000000 -21.4867772 73.9481176 0.0000000 -21.0235552 67.2889692 0.0000000 -17.6038541 57.4293990 0.0000000 -16.8020350 53.5722565 0.0000000 -18.6652581 60.0015759 0.0000000 -18.2817264 46.8638383 0.0000000 -16.8099027 47.1532697 0.0000000 -16.4033913 41.4714764 0.0000000 -13.4162099 39.4889883 0.0000000 -13.1465156 39.0228585 0.0000000 -13.9697123 37.4193693 0.0000000 -12.4134512 37.6971928 0.0000000 -13.6815660 36.8376708 0.0000000 -11.0355958 33.4697231 0.0000000 -10.8537684 32.1631645 0.0000000 -10.8831116 32.4112892 0.0000000 -12.3727313 32.2351271 0.0000000 -10.7324676 30.8704285 0.0000000 -10.6555570 29.3732803 0.0000000 -12.1540868 29.3061569 0.0000000 -12.1792185 29.7953741 0.0000000 -12.4014344 25.7032662 0.0000000 -10.9142871 25.5071387 0.0000000 -11.3459681 23.0093429 0.0000000 -9.3046676 18.2695679 0.0000000 -10.5652658 17.4123539 0.0000000 -9.5371924 18.5051942 0.0000000 -7.0880467 11.7585491 0.0000000 -7.0805949 11.0090249 0.0000000 -8.1082927 8.3496555 0.0000000 -7.9907641 8.5701412 0.0000000 -8.6326414 12.0853682 0.0000000 -11.3819094 5.2676282 0.0000000 -11.9508949 4.1554557 0.0000000 -10.7293037 3.2498389 0.0000000 -12.2922862 3.4881522 0.0000000 -10.9568979 2.8049699 0.0000000 -12.0623394 -0.0803170 0.0000000 -12.1292785 -0.3210369 0.0000000 -13.1400805 -9.4014834 0.0000000 -12.9390865 -10.1366542 0.0000000 -12.5339573 -11.5901751 0.0000000 -6.5925380 -20.8099431 0.0000000 -7.3283203 -22.3167498 0.0000000 -6.1370457 -21.4052319 0.0000000 -4.2430351 -23.6678698 0.0000000 -0.3850244 -26.8999352 0.0000000 0.8632161 -27.7530562 0.0000000 7.5276846 -25.6575018 0.0000000 7.1998431 -24.1952917 0.0000000 5.6284570 -24.0229353 0.0000000 4.5604258 -18.8858576 0.0000000 3.7975463 -15.2165164 0.0000000 2.0490319 -3.7954367 0.0000000 -2.3271675 4.4852589 0.0000000 -2.7315544 5.6672671 0.0000000 -1.7975783 7.5712253 0.0000000 -3.6212054 8.2676853 0.0000000 -2.4445973 9.4624385 0.0000000 -4.7534886 11.5773084 0.0000000 -5.2387528 12.9957183 0.0000000 -9.4441198 21.2169895 0.0000000 -9.7452671 19.7464993 0.0000000 -9.7736347 21.4006644 0.0000000 -11.0224473 20.5693620 0.0000000 -11.3851296 21.4527265 0.0000000 -9.4994121 23.6277113 0.0000000 -10.9280027 24.0850174 0.0000000 -10.1662719 26.4646087 0.0000000 -11.9031536 41.4486915 0.0000000 -11.7988507 40.3821257 0.0000000 -12.9600607 44.6238992 0.0000000 -14.4637069 43.8080614 0.0000000 -15.1532413 44.4333080 0.0000000 -15.0308102 44.2981999 0.0000000 -16.5974322 47.7549909 0.0000000 -16.5860747 47.5053954 0.0000000 -15.0918071 47.6654830 0.0000000 -16.6315048 48.5037773 0.0000000 -16.0637600 51.2740800 0.0000000 -16.4353754 50.4003666 0.0000000 -13.2908042 52.9983233 0.0000000 -14.5737881 53.8083080 0.0000000 -13.0205111 56.4052373 0.0000000 -14.6514389 56.7950021 0.0000000 -14.8214679 57.5250241 0.0000000 -16.1896482 59.7352156 0.0000000 -16.3325797 61.6726495 0.0000000 -18.5251269 64.2330079 0.0000000 -18.4750403 66.9809426 0.0000000 -18.4613803 67.7303793 0.0000000 -16.5322418 70.9996996 0.0000000 -17.2571629 70.3606263 0.0000000 -13.4042486 72.7386579 0.0000000 -12.6315931 76.3562276 0.0000000 -11.1593398 76.0690518 0.0000000 -10.4780987 78.3869479 0.0000000 -12.8707664 75.1300676 0.0000000 -10.7589986 85.4194754 0.0000000 -10.7971130 86.4181633 0.0000000 -10.8061947 86.6710734 0.0000000 -10.8823042 88.9184686 0.0000000 -10.9415004 90.6664427 0.0000000 -9.4846428 91.9657649 0.0000000 -10.9837834 91.9149956 0.0000000 -11.0091532 92.6641273 0.0000000 -11.2533956 97.3860510 0.0000000 -11.4148152 100.1296977 0.0000000 -11.4881878 101.3768099 0.0000000 -15.7113299 103.9412517 0.0000000 -17.0370837 104.6429474 0.0000000 -17.6067972 100.5558082 0.0000000 -15.0062399 98.3025883 0.0000000 -15.4032384 96.0133054 0.0000000 -14.1448873 96.8297321 0.0000000 -12.8612431 94.2322917 0.0000000 -12.7745937 93.9979441 0.0000000 -12.1056616 90.0287108 0.0000000 -12.3025965 87.4921508 0.0000000 -12.3554913 87.1908270 0.0000000 -14.1190819 86.6123726 0.0000000 -12.6949167 86.1414655 0.0000000 -14.2713486 86.1518721 0.0000000 -12.8517939 85.6670215 0.0000000 -13.3795662 84.4492089 0.0000000 -14.5911733 81.9933467 0.0000000 -15.3668157 78.2007954 0.0000000 -15.3645054 77.9381699 0.0000000 -15.7319097 76.1833533 0.0000000 -17.3387808 74.7350093 0.0000000 -20.2064409 73.1666198 0.0000000 -20.8294177 71.3251574 0.0000000 -22.5412985 68.9975887 0.0000000 -20.2648790 75.1653656 0.0000000 -19.1139398 75.7430513 0.0000000 -16.2658573 81.9080498 0.0000000 -16.5871633 81.0405262 0.0000000 -15.1166782 80.7415728 0.0000000 -15.9653408 82.5947316 0.0000000 -15.9367920 96.9076278 0.0000000 -16.8044468 98.4262102 0.0000000 -17.3116176 99.3772136 0.0000000 -17.3520850 99.4971191 0.0000000 -16.0743613 100.5830584 0.0000000 -17.7044448 102.1035269 0.0000000 -16.1770190 102.2570761 0.0000000 -17.5116958 103.2642384 0.0000000 -17.4179002 103.7550642 0.0000000 -15.1783493 104.6060559 0.0000000 -16.0216612 105.8465498 0.0000000 -15.7765762 106.0114885 0.0000000 -12.5626851 106.4649339 0.0000000 -11.0036057 105.4827492 0.0000000 -10.6579111 105.0063463 0.0000000 -9.7413104 97.2247272 0.0000000 -9.5945653 94.7305029 0.0000000 -9.5438391 93.7137390 0.0000000 -10.7847025 84.0114367 0.0000000 -10.7648359 84.2604993 0.0000000 -9.3718817 82.8890887 0.0000000 -11.0588637 81.8424398 0.0000000 -9.6180499 81.3561450 0.0000000 -10.6999507 77.6709704 0.0000000 -12.5273691 71.3093489 0.0000000 -13.7954481 70.5518951 0.0000000 -16.9935027 65.9543577 0.0000000 -16.9889493 66.2041699 0.0000000 -16.9654244 62.6753883 0.0000000 -15.6723672 59.3381811 0.0000000 -14.4793175 54.1506820 0.0000000 -12.9112631 55.3006645 0.0000000 -12.8737977 54.6578415 0.0000000 -13.1907307 53.2272604 0.0000000 -13.8134587 52.0042016 0.0000000 -13.4909512 52.5404492 0.0000000 -13.0072696 56.3321856 0.0000000 -8.8051908 31.7639232 0.0000000 -8.3361024 27.6054371 0.0000000 -9.8934805 27.3659412 0.0000000 -9.8528457 28.8101921 0.0000000 -8.3704336 21.5524689 0.0000000 -7.5175457 21.6753353 0.0000000 -4.1430220 14.4268732 0.0000000 -0.9522522 0.4664308 0.0000000 1.0264930 -0.7124903 0.0000000 7.0970527 -23.7176049 0.0000000 4.4214442 -11.4650624 0.0000000 4.7603799 -12.6674745 0.0000000 2.2850024 -4.5068858 0.0000000 0.8612710 -4.9791031 0.0000000 4.8633755 -30.5226395 0.0000000 4.2568621 -31.8949505 0.0000000 -3.4919965 -26.4308768 0.0000000 -7.5949312 -19.4138215 0.0000000 -12.0403043 -13.2781027 0.0000000 -11.4927737 -9.7389364 0.0000000 -12.5819520 -4.0030424 0.0000000 -13.9185106 -1.4722237 0.0000000 -10.0163441 7.9368423 0.0000000 -7.8025384 15.3335063 0.0000000 -12.2853048 18.8582119 0.0000000 -13.2120152 20.5689652 0.0000000 -13.3151162 21.4071740 0.0000000 -11.1296560 24.2397418 0.0000000 -12.6502613 24.2533885 0.0000000 -10.8517720 26.0029203 0.0000000 -12.3712451 25.9426846 0.0000000 -11.5085399 35.1962913 0.0000000 -14.8580290 41.8054865 0.0000000 -16.4232965 45.2901203 0.0000000 -17.8482939 44.8217376 0.0000000 -18.3297363 47.1029449 0.0000000 -16.6579210 41.9015023 0.0000000 -16.5306561 41.6864893 0.0000000 -15.3603544 42.6541614 0.0000000 -15.2398234 42.4505253 0.0000000 -22.4974461 66.9147063 0.0000000 -20.8728303 65.8474642 0.0000000 -22.3190968 65.3776344 0.0000000 -22.5005703 70.0029242 0.0000000 -20.7854800 71.5711175 0.0000000 -22.3060422 71.5889379 0.0000000 -18.3638891 59.2780925 0.0000000 -18.5538978 59.7402659 0.0000000 -19.9396008 59.1659442 0.0000000 -16.8590887 47.3982342 0.0000000 -14.4565314 38.2922023 0.0000000 -14.2131219 37.8557858 0.0000000 -10.9124548 32.6594139 0.0000000 -12.2304922 30.7934730 0.0000000 -10.8830296 25.7550295 0.0000000 -11.1729184 23.9936620 0.0000000 -11.3027056 23.2554227 0.0000000 -12.7367862 23.7612289 0.0000000 -11.2594432 23.5015024 0.0000000 -9.3601851 18.3306844 0.0000000 -7.3279243 10.0524760 0.0000000 1.4776070 -28.1824346 0.0000000 4.9164362 -20.5982169 0.0000000 5.7360476 -24.5228632 0.0000000 0.3106732 -3.3190551 0.0000000 1.7344045 -2.8468378 0.0000000 1.3411203 -1.6610892 0.0000000 -0.6652952 4.2616022 0.0000000 -3.5768804 12.7720616 0.0000000 -7.0989323 18.4329563 0.0000000 -11.3361377 37.6729652 0.0000000 -10.3202198 40.6344161 0.0000000 -13.7379027 43.3411208 0.0000000 -15.0989827 47.8231760 0.0000000 -16.1415134 61.5297495 0.0000000 -17.7264739 60.8867127 0.0000000 -18.5342335 63.7333835 0.0000000 -18.2029138 69.0839245 0.0000000 -15.4696427 69.9118991 0.0000000 -12.5837585 76.6014597 0.0000000 -12.0587932 78.3535933 0.0000000 -11.2387211 97.1366286 0.0000000 -11.4588388 100.8779650 0.0000000 -14.0088958 96.6201296 0.0000000 -14.6958705 94.8688773 0.0000000 -13.3061768 95.4336829 0.0000000 -14.1815019 93.4777431 0.0000000 -13.6421776 90.7183079 0.0000000 -14.1975205 86.3751507 0.0000000 -12.7733553 85.9042435 0.0000000 -12.1161230 89.7790761 0.0000000 -13.6454944 89.1096247 0.0000000 -12.1711698 88.7481020 0.0000000 -14.6435640 85.2946299 0.0000000 -13.2766700 84.6768913 0.0000000 -16.8645054 77.9348659 0.0000000 -16.8520741 79.5165723 0.0000000 -16.6732276 80.5482860 0.0000000 -17.6523893 102.5279998 0.0000000 -14.6118030 104.9435314 0.0000000 -10.2379382 104.1553586 0.0000000 -9.9614281 100.9660636 0.0000000 -9.7559849 97.4741496 0.0000000 -11.1786188 81.1025069 0.0000000 -13.9288690 72.1190368 0.0000000 -14.6857189 60.4683581 0.0000000 -12.8713763 54.8025515 0.0000000 -11.6828713 44.0960938 0.0000000 -11.9152612 44.1878642 0.0000000 -12.2338163 42.7009380 0.0000000 -10.2361322 40.1420878 0.0000000 -8.9741874 32.7534684 0.0000000 -10.2060658 31.0309608 0.0000000 -9.8311250 27.7311301 0.0000000 -8.3322869 27.6649812 0.0000000 -7.9066125 20.1259802 0.0000000 -6.2092812 15.8325381 0.0000000 3.7435729 -9.0602382 0.0000000 0.6183474 -29.4119357 0.0000000 -4.0520493 -25.9326973 0.0000000 -7.4801511 -22.1183202 0.0000000 -10.6048263 -12.8428982 0.0000000 -11.0929797 -11.1735415 0.0000000 -11.3451743 1.9595085 0.0000000 -16.7904599 42.1436092 0.0000000 -16.6709835 41.9244861 0.0000000 -22.5410556 69.0043296 0.0000000 -20.8357277 65.6003806 0.0000000 -19.6562165 58.4766459 0.0000000 -18.2952974 51.5182518 0.0000000 -16.7965951 51.4558715 0.0000000 -12.9031060 38.5864420 0.0000000 -12.3433881 31.9870024 0.0000000 -9.5894382 18.5520887 0.0000000 -8.7536040 10.5187778 0.0000000 1.2728101 -28.0393085 0.0000000 -3.0550638 6.6128737 0.0000000 -13.6971291 43.3172666 0.0000000 -16.5556229 47.3253258 0.0000000 -15.1444129 48.8215578 0.0000000 -17.0308870 60.3218003 0.0000000 -16.0735608 69.4391677 0.0000000 -12.1327439 78.1149342 0.0000000 -11.4402821 74.6112967 0.0000000 -12.9171096 74.8739703 0.0000000 -13.4023377 95.6632604 0.0000000 -12.1496413 88.9969259 0.0000000 -15.3645345 77.9447779 0.0000000 -15.3830495 79.1525615 0.0000000 -15.8150332 105.9870195 0.0000000 -9.2695852 84.1412296 0.0000000 -15.8316509 59.4721104 0.0000000 -14.8769556 60.6291542 0.0000000 -12.4662062 42.7927085 0.0000000 -8.1442215 20.0487220 0.0000000 4.2858700 -10.9840975 0.0000000 1.5522755 -7.1084177 0.0000000 -3.8653650 -26.0987572 0.0000000 -6.1947205 -23.7078224 0.0000000 -13.5075042 0.3215523 0.0000000 -11.9129119 18.5249986 0.0000000 -16.8115789 42.1853948 0.0000000 -21.6241832 62.8523008 0.0000000 -8.8570486 19.8169471 0.0000000 -11.3357038 22.2855126 0.0000000 -12.8023037 44.5381561 0.0000000 -17.0126538 60.3085856 0.0000000 -16.2270474 69.2420160 0.0000000 -12.8726906 75.1198247 0.0000000 -10.8569343 88.1693369 0.0000000 -13.2944903 95.4040293 0.0000000 -13.7423805 88.1453964 0.0000000 -12.1475075 89.0301723 0.0000000 -15.3667358 78.1946129 0.0000000 -18.9293582 74.2336287 0.0000000 -16.8792612 79.2692135 0.0000000 -17.5310026 100.2250137 0.0000000 -14.6239395 106.5629968 0.0000000 -9.4761862 91.7160543 0.0000000 -10.7453844 84.5043575 0.0000000 -12.2631617 71.7334975 0.0000000 -13.5363523 72.5265836 0.0000000 -14.8985731 60.6466569 0.0000000 -14.2254528 51.3780204 0.0000000 -10.4248696 41.8052067 0.0000000 -8.6080426 21.4752106 0.0000000 6.3919977 -27.4484745 0.0000000 -11.1543152 5.7124972 0.0000000 -11.9074373 18.5201479 0.0000000 -19.7512209 58.7077326 0.0000000 -2.8933091 6.1400704 0.0000000 -9.3208697 21.2434358 0.0000000 -16.4845810 47.0868943 0.0000000 -16.8081827 60.1650260 0.0000000 -12.1370460 89.2798069 0.0000000 -17.8600066 76.1635577 0.0000000 -16.8836416 79.1744840 0.0000000 -9.2497185 84.3902923 0.0000000 -16.0013405 59.6043666 0.0000000 7.8556596 -27.1203075 0.0000000 -10.7403962 19.4917144 0.0000000 -19.7198025 62.2666642 0.0000000 -9.6472246 36.6940654 0.0000000 -12.9185172 74.8659295 0.0000000 -15.0954405 60.8000954 0.0000000 -12.6985962 42.8844789 0.0000000 -10.0490791 30.0439525 0.0000000 7.8009971 -26.8765066 0.0000000 -11.7196574 18.3553936 0.0000000 6.2280101 -26.7170717 0.0000000 -11.4813439 74.3689790 0.0000000 -15.1285211 60.8244520 0.0000000 -12.1476511 44.2796347 0.0000000 -11.6993225 18.3381816 0.0000000 -20.7632877 60.9540407 0.0000000 -8.6856235 12.3295399 0.0000000 7.6916721 -26.3889047 0.0000000 -6.2901586 16.0689398 0.0000000 -14.7464601 85.0669475 0.0000000 -15.3337027 60.9670261 0.0000000 -0.2609083 3.0795940 0.0000000 -20.6578333 60.7275319 0.0000000 -16.9119094 49.0003786 0.0000000 -20.6415129 72.2440668 0.0000000 -9.2489607 84.4007065 0.0000000 -1.6801486 2.5940457 0.0000000 -19.2979847 61.3606289 0.0000000 -13.1633760 43.0680199 0.0000000 -12.9462252 22.8832139 0.0000000 -15.2180037 39.5376636 0.0000000 -10.6631005 33.7323683 0.0000000 -13.9476984 40.3353631 0.0000000 -20.2360155 59.8214965 0.0000000 -20.6463975 74.8426409 0.0000000 -16.8751196 78.6748492 0.0000000 -15.3753377 78.7004302 0.0000000 -16.8793806 78.9246666 0.0000000 -15.3795987 78.9502476 0.0000000 -13.8148263 40.1237694 0.0000000 -13.6043461 90.0915164 0.0000000 -12.2989688 92.1348044 0.0000000 -12.4178668 92.7012678 0.0000000 -15.5392299 96.2229079 0.0000000 -15.5547362 96.2478650 0.0000000 -16.3086440 97.5584488 0.0000000 -12.7800486 23.5151492 0.0000000 -17.5906418 100.4676452 0.0000000 -17.6415090 100.8558445 0.0000000 -10.3636237 19.1841227 0.0000000 -15.5944491 104.1620814 0.0000000 -16.7832682 105.1201247 0.0000000 -8.8445696 13.0620548 0.0000000 -7.2197360 12.6476182 0.0000000 -14.8038815 106.5111619 0.0000000 -12.3547062 104.6836519 0.0000000 -11.1693110 105.6651284 0.0000000 -14.0983683 -3.8735617 0.0000000 -11.5909094 103.1227669 0.0000000 -11.0773014 94.3929818 0.0000000 -13.0715815 -9.6548320 0.0000000 -12.8728390 -10.3775653 0.0000000 -12.4645590 -11.8301975 0.0000000 -10.5323347 -13.0820046 0.0000000 -15.6746313 69.7690477 0.0000000 -17.4106495 70.1634747 0.0000000 -7.0198519 -20.2312039 0.0000000 -16.8051932 60.1629379 0.0000000 -1.4303035 -28.0043891 0.0000000 5.0635106 -30.6058636 0.0000000 -15.0919391 49.3968623 0.0000000 6.4469066 -30.5462115 0.0000000 -15.0507592 47.5277178 0.0000000 -16.4767003 47.0620332 0.0000000 6.3373351 -27.2046736 0.0000000 -14.9752879 47.3032543 0.0000000 7.7463346 -26.6327056 0.0000000 6.2826726 -26.9608726 0.0000000 -16.0367505 45.8277611 0.0000000 -14.4476753 46.1022801 0.0000000 -13.4784462 43.1984095 0.0000000 -1.7610259 2.8304473 0.0000000 -13.3957659 43.1597903 0.0000000 -9.9313391 29.3036963 0.0000000 -7.7200273 20.1625339 0.0000000 -8.3818305 19.9714637 0.0000000 -8.8456516 21.3979524 0.0000000 -9.8751648 21.6328186 0.0000000</float_array><technique_common><accessor source="#positions-array" count="2526" stride="3"><param name="X" type="float" /><param name="Y" type="float" /><param name="Z" type="float" /></accessor></technique_common></source><source id="uv"><float_array id="uv-array" count="5052">1.3391354 -2.8482141 1.3003780 -2.7294541 0.6256471 -3.0793785 2.5853647 -10.9106653 3.3196625 -10.7580001 3.2942332 -10.6356887 2.4836474 -10.4214198 3.2179453 -10.2687546 3.1925159 -10.1464432 2.3056422 -9.5652402 3.0399401 -9.4125750 3.0145107 -9.2902636 1.1514699 -4.7391090 1.1838104 -4.8538407 1.9056800 -4.6503603 1.3532783 -5.4550468 1.3871718 -5.5752880 2.1090414 -5.3718076 2.0513490 -8.3421264 2.8365055 -8.4340840 2.7856469 -8.1894612 0.9648553 -4.1496530 1.1157361 -4.6257146 1.6798066 -3.9230595 1.8309663 -4.4000025 1.8307805 -4.3994148 2.3124028 -6.0932548 2.2785092 -5.9730136 1.5905332 -6.2967353 1.9242025 -7.7305696 2.6585003 -7.5779044 2.6330710 -7.4555930 1.2177040 -4.9740819 1.2515976 -5.0943232 1.9734672 -4.8908427 1.2854911 -5.2145644 2.0073607 -5.0110839 1.3193847 -5.3348056 2.0751479 -5.2515664 1.4210654 -5.6955292 1.5566396 -6.1764940 1.7970559 -7.1190127 2.5567830 -7.0886589 2.5313537 -6.9663475 1.7229240 -6.7664063 2.4479771 -6.5742197 2.4140835 -6.4539785 2.4799356 -6.7190816 2.4536317 -6.5969842 1.7464722 -6.8757125 2.4804951 -6.7217247 2.1530663 -8.8313719 2.8873642 -8.6787067 2.8619348 -8.5563954 1.9395736 -4.7706015 2.1784956 -8.9536833 2.9127935 -8.8010181 2.2293543 -9.1983061 2.9890814 -9.1679522 2.9636521 -9.0456409 1.4910891 -3.3276153 1.4533456 -3.2085265 0.7383943 -3.4351200 2.5345060 -10.6660426 3.2688039 -10.5133773 2.0412543 -5.1313251 1.4156021 -3.0894376 1.3778586 -2.9703488 0.6629073 -3.1969423 0.9458591 -1.6605686 0.9065307 -1.5419937 0.1946650 -1.7781024 3.9824923 -13.8039547 3.9551611 -13.6820542 3.2506613 -13.9680382 3.2779926 -14.0899387 4.0371548 -14.0477556 4.0098236 -13.9258552 4.0644861 -14.1696561 3.3053238 -14.2118391 4.1191486 -14.4134571 4.0918173 -14.2915566 3.3873176 -14.5775406 4.1685581 -14.6920926 4.1523856 -14.5686759 3.4109436 -14.6829152 4.1774628 -14.8470209 4.1712768 -14.7222472 3.4229471 -14.7745170 3.4283828 -14.8841583 3.4336087 -14.9895677 4.1836487 -14.9717945 4.1770159 -15.1322219 4.1835667 -15.0105187 3.4329137 -15.0024808 4.1274967 -15.2992558 3.4152594 -15.0331266 4.0027768 -15.5157548 4.0651368 -15.4075053 3.3150726 -15.2070392 3.7955945 -15.7873915 3.8812050 -15.7014171 3.2936372 -15.2285657 3.7308029 -15.8394123 3.1241343 -15.3361356 3.5073767 -15.9808669 3.5198445 -15.9732907 3.0644298 -15.3708437 3.3122695 -16.0803328 3.3999096 -16.0433410 2.7664276 -16.1853732 2.9512900 -16.1811012 2.8434271 -15.4325372 2.6497865 -16.1585526 2.2437820 -15.9954427 2.5898349 -16.1393451 2.3575328 -15.2224962 1.8451509 -15.7794139 1.9475494 -15.8509770 1.9884303 -15.8758245 2.0699838 -15.0215373 1.6403540 -15.6362878 1.7427524 -15.7078509 1.7627883 -14.8068480 1.2307600 -15.3500355 1.3331585 -15.4215986 1.3531944 -14.5205957 0.9235646 -15.1353463 1.0259631 -15.2069094 1.1483974 -14.3774696 0.7187676 -14.9922201 0.8211661 -15.0637832 0.9436005 -14.2343434 0.4115722 -14.7775309 0.5139707 -14.8490940 0.5340065 -13.9480912 0.1043768 -14.5628417 0.2067752 -14.6344048 0.3292096 -13.8049650 -0.2010912 -14.3493598 -0.1004202 -14.4197156 -1.2475271 -12.6550577 -1.3408693 -12.5720278 -1.8393404 -13.1324085 -1.4659718 -13.4645281 -1.3726297 -13.5475581 -0.8858196 -12.9768046 -0.9675007 -12.9041474 -1.6526561 -13.2984683 -1.5593139 -13.3814982 -1.0608428 -12.8211175 -2.3060511 -12.7172589 -2.2127090 -12.8002888 -1.7142378 -12.2399081 -1.5275536 -12.4059679 -1.6208957 -12.3229380 -2.1193668 -12.8833188 -1.8075800 -12.1568782 -1.8968324 -12.0774862 -1.9699884 -12.0084841 -2.4074648 -12.6268354 -2.4982116 -12.5412413 -2.0396210 -11.9282730 -2.6059810 -12.4199399 -2.5240845 -12.5142780 -2.6128968 -11.2679062 -2.6947933 -11.1735681 -3.2611533 -11.6652350 -3.3430499 -11.5708969 -2.7726631 -11.0838684 -3.4296747 -11.4645669 -3.3509493 -11.5614905 -2.8440843 -10.9959376 -3.4364140 -11.4560193 -2.3672072 -11.5509205 -2.4491037 -11.4565824 -3.0154637 -11.9482493 -3.3708500 -10.3075007 -3.9678217 -10.7615157 -3.8919063 -10.8607305 -3.4410956 -10.2134332 -4.0452059 -10.6579317 -3.9704700 -10.7580122 -4.0514367 -10.6493367 -4.1233216 -10.5471639 -3.8649720 -9.6109612 -4.4827462 -10.0362999 -4.4108613 -10.1384727 -3.9209227 -9.5241556 -4.5588267 -9.9188334 -4.4912471 -10.0236808 -4.5729597 -9.8950191 -4.6327073 -9.7853061 -4.1532865 -9.0974717 -4.8716976 -9.3464539 -4.8119500 -9.4561670 -4.2727816 -8.8780456 -4.9911927 -9.1270279 -4.9314452 -9.2367409 -4.5673395 -8.3371559 -5.2301830 -8.6881757 -5.1704354 -8.7978888 -5.2927032 -8.5603618 -5.2381808 -8.6726383 -5.3991666 -8.3184506 -5.3489653 -8.4328471 -4.7123859 -8.0170667 -5.2299215 -6.6605555 -5.9839063 -6.7586045 -5.9476605 -6.8781577 -5.0550485 -7.2362219 -5.7505755 -7.5176752 -5.7003742 -7.6320717 -5.8023261 -7.3575221 -5.7657034 -7.4769360 -5.0851129 -7.1381921 -5.8026773 -7.3563704 -5.1211841 -7.0192150 -5.8751689 -7.1172641 -5.8389231 -7.2368172 -4.8629897 -7.6738772 -4.9131910 -7.5594807 -5.5497704 -7.9752611 -5.3734336 -6.1853067 -6.0925911 -6.3981800 -6.0568811 -6.5178918 -6.0934829 -6.3951436 -6.1281820 -6.2751324 -5.4770916 -5.8267932 -5.5117907 -5.7067819 -6.1975804 -6.0351100 -6.4032957 -5.3092382 -6.3701720 -5.4296937 -5.6470156 -5.2308349 -6.3370482 -5.5501493 -6.3362829 -5.5528916 -5.6142693 -5.3499178 -6.3022463 -5.6730897 -5.8442389 -4.5117494 -5.8747414 -4.3930629 -6.6011360 -4.5797468 -6.6322318 -4.4587518 -5.9058372 -4.2720680 -6.6633276 -4.3377569 -5.9369330 -4.1510730 -6.7255192 -4.0957670 -6.6944234 -4.2167620 -5.9680288 -4.0300781 -6.8499023 -3.6117873 -6.8188065 -3.7327822 -6.1235077 -3.4251034 -6.1546034 -3.3041085 -6.8809980 -3.4907923 -6.1816068 -3.1990373 -6.9188693 -3.3376527 -6.9120938 -3.3697974 -6.2273692 -2.7483787 -6.2379703 -2.6239025 -6.9852651 -2.6875465 -7.0504162 -1.6348814 -7.0586929 -1.7595338 -6.3085887 -1.7828363 -7.0254351 -1.2587461 -7.0255861 -1.2609243 -6.2773062 -1.3117029 -7.0421395 -1.5102291 -6.2937873 -1.5599184 -7.0338628 -1.3855767 -6.2855106 -1.4352660 -7.0134659 -1.1069511 -7.0164346 -1.1341705 -6.2693717 -1.2018802 -6.9953957 -0.9833380 -6.2532831 -1.0918226 -6.1618595 -0.5101330 -6.8932732 -0.3437731 -6.9189929 -0.4657702 -6.8876301 -0.3206636 -6.8541606 -0.2003037 -6.0981087 -0.2808784 -6.7872216 0.0404162 -6.8206911 -0.0799437 -5.8589316 0.5160913 -6.4616609 1.0276030 -6.5548331 0.7957715 -5.9329334 0.3131098 -6.6486635 0.5373778 -6.6533435 0.5218560 -5.9007838 0.4119545 -6.6014192 0.6798558 -6.6100796 0.6560048 -5.6267834 1.0937235 -6.3203163 1.3792344 -6.3219026 1.3753502 -5.5854486 1.1933370 -6.2724576 1.4945703 -6.2599402 1.5216416 -5.4215504 1.5137022 -6.0323460 1.9665106 -6.0892445 1.8552933 -5.8047518 2.4113796 -5.8616503 2.3001624 -5.1939562 1.9585712 -4.6818692 2.9595265 -4.6249707 3.0707437 -5.3495634 3.3011176 -5.2926648 3.4123349 -4.5680721 3.1819610 -4.5111736 3.2931782 -5.2357663 3.5235521 -5.0650706 3.8572039 -5.1219692 3.7459866 -4.4542750 3.4043955 -4.2274770 3.8477083 -4.8943750 4.1908557 -4.9512735 4.0796384 -4.8348373 4.3046386 -4.8927682 4.1939605 -4.1710111 3.9555874 -4.8335191 4.3071342 -4.1129106 4.0645849 -4.7159905 4.5276199 -4.7747548 4.4173771 -3.9366178 4.3953134 -4.5984620 4.7481055 -4.6572263 4.6378627 -3.6251264 5.1449751 -4.3045123 5.4804087 -4.3379663 5.3781260 -3.6363590 6.4458949 -3.6893410 6.6900666 -4.3693028 6.2868558 -3.7158321 6.8121524 -4.4487758 6.6531132 -3.7423231 6.9342382 -3.7953051 7.1784099 -4.4752668 6.7751990 -4.5547399 7.1414565 -4.5282489 7.0193707 -3.8217961 7.3004957 -4.5812309 7.2635423 -3.9277602 7.7888390 -4.6871950 7.7518856 -4.6607040 7.6297998 -5.4577062 9.8226350 -5.5494417 9.9047190 -6.0495542 9.3458026 -5.7276908 10.1225430 -5.7919580 10.2168193 -6.3473983 9.7000947 -5.7938055 11.0999276 -6.5100309 11.3224613 -6.5470114 11.2035474 -6.5664946 10.1401501 -5.8241695 10.2704843 -5.8442020 10.3421239 -6.2770315 9.5968706 -6.2672737 9.5832227 -5.6620501 10.0262519 -6.5328520 10.0198384 -6.4932323 9.9278340 -6.6384196 10.4544673 -6.6315380 10.4062258 -5.8924934 10.5362612 -5.9062689 10.7155726 -6.6333281 10.9152069 -6.6535468 10.7940262 -5.8977965 10.7663522 -6.6214047 10.9652382 -5.7528881 9.0900866 -5.6561149 9.0110823 -5.2785851 9.6710656 -5.5215656 12.3659506 -6.2386058 12.6188538 -6.2602370 12.4958139 -5.4102572 13.1254056 -6.1387362 13.3431785 -6.1543650 13.2192331 -5.3789997 13.3732964 -6.1084288 13.5835345 -6.1231075 13.4671239 -5.3463316 13.7823511 -6.0923389 13.9292520 -6.0960080 13.8043790 -5.3279858 14.4067160 -6.0776622 14.4287439 -6.0813314 14.3038709 -5.5227062 16.7548737 -5.5557867 16.8753411 -6.2486630 16.5662129 -5.5888673 16.9958085 -6.3120950 16.7972091 -6.3451755 16.9176766 -5.6219478 17.1162759 -6.4444171 17.2790788 -6.4113366 17.1586114 -5.6881089 17.3572108 -6.4774976 17.3995463 -5.7211894 17.4776782 -6.5105782 17.5200137 -5.7873505 17.7186131 -6.5718047 17.7391861 -6.5431813 17.6387425 -5.8214026 17.8425531 -5.8556236 17.9626395 -5.8675797 17.9978634 -5.9135515 18.1140241 -5.9595234 18.2301849 -6.6568957 17.9541925 -7.8083100 20.0862223 -7.7418740 19.9804255 -7.1067213 20.3792752 -7.8747461 20.1920192 -7.2395934 20.5908689 -8.0107984 20.4132188 -8.0092624 20.4106472 -7.3661450 20.7965257 -8.5114771 21.3190975 -8.4586333 21.2058975 -7.8318792 21.6363461 -8.4548990 24.3752669 -9.2059279 24.4938515 -9.2048722 24.3689291 -7.7311451 21.4205573 -7.7790354 21.5231460 -9.0021651 22.6482294 -8.9631560 22.5295491 -8.2870128 22.8743478 -8.7291017 21.8174673 -8.7252656 21.8063838 -8.0184344 22.0572303 -8.6700086 21.6586977 -8.5643210 21.4322976 -7.9834340 21.9610011 -8.6826229 21.6891428 -8.0556120 22.1703389 -8.7681108 21.9361476 -8.0946211 22.2890192 -8.1726392 22.5263798 -8.8071198 22.0548279 -7.8847230 21.7495462 -8.2506573 22.7637404 -9.0405972 22.7844568 -9.0071036 22.6644872 -8.3116298 22.9625225 -9.0506507 22.8323342 -9.0682939 22.9560089 -8.4479528 23.7907978 -9.2004828 23.8607889 -9.1966192 23.7361576 -8.4507120 23.8798035 -9.2006495 23.8692395 -8.4517320 24.0004997 -9.2027609 24.1190843 -9.2017052 23.9941619 -8.4251711 25.3342044 -9.1717937 25.4053015 -9.1836363 25.2809372 -8.4591071 24.8732247 -9.2091082 24.8720825 -9.2090950 24.8686187 -8.4590242 24.9786986 -9.2090100 24.9969550 -9.2073214 25.0322086 -8.4370137 25.2098401 -9.1954788 25.1565729 -8.3931022 25.8527545 -9.1372581 26.0087635 -9.1424534 25.8839447 -8.3827116 26.1023921 -9.1268675 26.2584011 -9.1320628 26.1335823 -8.3857817 26.6621340 -9.1454190 26.6946599 -9.1301832 26.5706655 -8.4467250 27.1581112 -9.1911264 27.0666428 -9.1758906 26.9426485 -8.4619608 27.2821056 -9.2063622 27.1906372 -9.4908107 30.3405512 -9.5435379 30.4538056 -10.1707350 30.0240027 -10.2761894 30.2505115 -10.2234622 30.1372571 -9.7544468 30.9068233 -9.8071740 31.0200777 -10.4343711 30.5902748 -10.5398255 30.8167836 -10.4870983 30.7035292 -10.6452800 31.0432924 -10.5925527 30.9300380 -9.9653557 31.3598409 -10.5247729 34.3562151 -11.2745865 34.3739473 -11.2747729 34.3621268 -10.1033325 31.6716222 -10.1395900 31.7809015 -10.8514319 31.5447213 -10.1789304 31.8994724 -10.8907723 31.6632922 -10.2576110 32.1366143 -10.9694529 31.9004341 -11.0481336 32.1375759 -11.0087933 32.0190050 -10.2969514 32.2551852 -10.3362917 32.3737561 -10.3662238 32.4639707 -11.1217324 32.4371746 -11.1016820 32.3139912 -10.3811038 32.5553885 -11.1224457 32.4417336 -10.4548254 33.0463342 -11.1969285 32.9377807 -11.1966511 32.9359007 -10.4709869 33.1578049 -11.2148508 33.0613960 -11.2174208 33.0838820 -10.5213878 33.7591449 -11.2707210 33.7260238 -11.2695912 33.7063339 -11.2745925 33.8507887 -10.5247729 33.8682361 -11.2747729 33.8624194 -10.0658099 31.5756097 -10.8054453 31.4077407 -10.5110221 34.7214317 -11.2553458 34.8766378 -11.2604065 34.7518134 -10.7600469 31.2915757 -10.7507344 31.2698013 -10.4914312 35.2046519 -11.2374855 35.2831499 -11.2401638 35.2511107 -11.2217854 35.4068137 -10.4789503 35.3029600 -11.2189277 35.4255288 -10.4586466 35.4166186 -11.1749900 35.6714889 -11.1969588 35.5485089 -10.3715125 35.9043887 -11.1075076 36.0487115 -11.1090834 36.0404291 -10.3498101 36.0118606 -11.0827958 36.1710859 -11.0459638 36.3132776 -11.0778192 36.1924805 -10.2708654 36.3086552 -10.9802583 36.5577963 -11.0131983 36.4374615 -10.9386487 36.6541620 -10.0603613 36.6535265 -10.6262347 37.1475988 -10.6783019 37.0806911 -10.5397897 37.2359339 -11.2382890 33.3328628 -10.4909095 33.3955039 -10.5013435 33.5199943 -11.1409971 32.5652754 -10.3993125 32.6766485 -9.3853563 30.1140424 -9.4380835 30.2272968 -10.0652805 29.7974939 -9.2080393 24.7436963 -8.4570104 24.6251117 -8.4580660 24.7500341 -9.0394380 29.2924162 -9.1344423 29.5235029 -9.7331039 29.0072363 -9.6856017 28.8916929 -8.9919358 29.1768729 -8.7537799 28.5595897 -8.7893389 28.6790745 -9.5027855 28.4470146 -9.6380995 28.7761496 -9.5430951 28.5450629 -8.9444336 29.0613295 -8.8494292 28.8302428 -8.6884223 28.3022418 -8.7496257 28.5444835 -9.4748569 28.3531694 -9.3237677 27.7551617 -9.2931660 27.6340408 -8.5660155 27.8177585 -8.6578206 28.1811210 -9.4155728 28.1185242 -9.3849711 27.9974034 -9.3543694 27.8762825 -8.5966172 27.9388793 -8.6272189 28.0600002 -8.4162533 26.9101226 -8.4314892 27.0341169 -8.4977579 27.5407441 -8.5048121 27.5755168 -9.2363132 27.4090185 -8.4787679 27.4174518 -9.2208991 27.3089435 -8.4771966 27.4060999 -8.3879069 25.9775733 -9.1185290 26.4758197 -8.3705459 26.5381396 -8.3722139 26.3548599 -8.3679639 26.4796406 -9.1217310 26.3818049 -8.3723210 26.3520297 -8.3775163 26.2272109 -8.5354138 27.6966376 -9.2625643 27.5129200 -9.1526390 25.6392321 -8.4040322 25.5932740 -8.4034929 25.6031170 -9.1604319 25.5246161 -8.4133286 25.4585687 -8.4125036 25.4686792 -8.4488563 25.0854758 -9.2786003 29.8740853 -9.3274096 29.9890561 -10.0152635 29.6900607 -9.2038165 24.2440067 -8.4527876 24.1254221 -8.4538433 24.2503445 -9.1201503 23.3195108 -8.3811906 23.4479491 -8.4038219 23.5707680 -8.3787405 23.4329541 -8.3610974 23.3092794 -8.3258110 23.0619299 -7.4926469 21.0102497 -7.5562793 21.1177562 -8.1380632 20.6282318 -7.9447780 20.3036602 -7.9411822 20.2978160 -7.3042049 20.6937601 -7.5425658 19.6630350 -7.4761297 19.5572381 -6.8409771 19.9560878 -7.3454555 19.3491444 -7.2863859 19.2503067 -6.7037869 19.7374466 -6.6341102 19.6205334 -6.6397198 19.6302466 -6.3298482 19.0750128 -6.3907006 19.1841169 -7.0457085 18.8187888 -6.2689958 18.9659087 -6.9259611 18.6040900 -6.2651567 18.9588487 -6.8791232 18.5157126 -6.1434106 18.6948278 -6.1893824 18.8109885 -6.7948112 18.3026747 -6.7488393 18.1865139 -6.0974388 18.5786670 -6.0514670 18.4625063 -6.7028675 18.0703532 -6.0054952 18.3463456 -6.2157088 16.3656883 -6.2010372 16.2416259 -5.4708990 16.4537693 -6.3782560 17.0381440 -5.6550283 17.2367434 -6.2790144 16.6767417 -5.4855706 16.5778317 -5.4914533 16.6130787 -6.2282797 16.4719868 -5.3729437 15.5651365 -5.3810690 15.6897535 -6.1288379 15.6311113 -5.3828695 15.7093952 -5.3975410 15.8334576 -5.4122126 15.9575199 -6.1570225 15.8694389 -6.1423509 15.7453765 -5.3726430 15.5599766 -6.1215227 15.5189178 -5.3470061 15.0609272 -5.3534154 15.1856896 -6.0960185 15.0224494 -5.3598246 15.3104519 -6.1088369 15.2719741 -6.1024277 15.1472118 -5.3341877 14.8114025 -5.3405969 14.9361648 -6.0832001 14.7729247 -5.3316549 14.2818430 -6.0742930 14.5434096 -5.3242727 14.5520047 -5.3274026 14.6768030 -5.3243166 14.5315890 -6.0886697 14.0541250 -5.3426624 13.9072241 -5.3389933 14.0320971 -6.0993712 13.6899215 -5.3500008 13.6574782 -5.3617766 13.5123437 -5.3511907 13.6366802 -5.3633709 13.4972418 -5.3946285 13.2493510 -6.2178131 12.7371243 -5.4767496 12.6215891 -5.4583082 12.7451102 -5.4783031 12.6120304 -5.4999344 12.4889905 -5.7936914 11.1002955 -5.7567160 11.2196251 -6.4079082 11.6558497 -5.7185251 11.3429566 -5.6829059 11.4626141 -6.4367562 11.5589389 -5.7197407 11.3389546 -5.8682509 10.8609977 -5.8310240 10.9802490 -5.8309034 10.9806362 -6.5841778 11.0844896 -5.5593417 8.9320781 -5.4625685 8.8530738 -5.0850387 9.5130571 -4.8914923 9.3550486 -4.9882655 9.4340528 -5.3657953 8.7740695 -4.3291745 8.7229593 -4.4011973 8.8244547 -4.9534599 8.3067327 -5.2213631 8.6457717 -5.0057674 8.3804450 -4.4159882 8.8439210 -4.7333615 7.9046272 -4.0661211 8.2476568 -4.1261039 8.3572415 -4.3060522 8.6859953 -4.7839965 7.9971341 -4.7063734 7.8402708 -4.0013910 8.0985130 -4.0492443 8.2126251 -3.9807422 8.0330106 -3.9542512 7.9109248 -3.8482872 7.4225815 -3.5415394 5.6294331 -4.2915024 5.6219770 -4.2906982 5.5410889 -4.2927443 5.7468977 -3.5427814 5.7543538 -3.5485866 6.0132138 -3.5568859 6.0796374 -4.2969555 5.9534383 -3.5442336 5.8886424 -4.2939397 5.8671332 -3.5770660 5.2970470 -3.5496343 5.4175437 -3.5862906 5.2637123 -4.4477989 5.0423218 -3.7572685 4.7488447 -3.7416336 4.7887637 -3.8092262 4.6357006 -4.4861597 4.9587865 -3.8778535 4.5055563 -3.8190892 4.6157991 -3.5833770 6.2017233 -4.3404779 3.6268300 -4.2835794 3.7380472 -5.1788677 3.6347694 -4.7956663 2.7370920 -4.7387678 2.8483092 -5.4633605 3.0786831 -4.9094634 2.5146575 -4.8525649 2.6258747 -5.5202590 2.9674659 -4.9663620 2.4034402 -5.6340561 2.7450314 -5.0801591 2.1810057 -5.0232605 2.2922230 -5.7478532 2.5225969 -5.1370576 2.0697885 -5.9185489 2.1889451 -5.3077533 1.7361367 -5.2508547 1.8473539 -6.2030416 1.6328588 -5.5353475 1.2912677 -5.7657594 0.7479228 -6.7202826 0.2811361 -5.9977002 0.0802014 -5.9642307 0.2005614 -6.1315783 -0.4012383 -7.0488719 -1.9406890 -7.0382708 -2.0651652 -6.3014108 -1.8789982 -7.0276696 -2.1896415 -6.2803749 -2.1259975 -6.2591726 -2.3749500 -6.2697737 -2.2504737 -7.0170685 -2.3141178 -7.0064674 -2.4385940 -6.9958662 -2.5630703 -6.9746640 -2.8120228 -6.2167681 -2.8728550 -6.9640628 -2.9364990 -6.9534617 -3.0609753 -6.2061669 -2.9973313 -6.9428606 -3.1854516 -6.1968229 -3.1070473 -6.9391860 -3.2148268 -6.0613161 -3.6670933 -6.0924119 -3.5460983 -6.7877107 -3.8537772 -6.7566149 -3.9747721 -6.0302203 -3.7880882 -6.5688244 -4.7053508 -6.5361940 -4.8259376 -5.7795106 -4.7490127 -5.8124312 -4.6292959 -6.5026670 -4.9478715 -5.6801394 -5.1103793 -5.7132631 -4.9899238 -6.3016778 -5.6750763 -5.5809020 -5.4677520 -5.4423924 -5.9468044 -5.4076932 -6.0668156 -5.3384156 -6.3026986 -5.9114147 -6.9977109 -5.1936757 -6.7801087 -5.1574299 -6.8996618 -4.8127884 -7.7882737 -5.4995691 -8.0896576 -5.4493678 -8.2040541 -4.7625872 -7.9026702 -4.6148874 -8.2392421 -4.6621846 -8.1314631 -4.3325292 -8.7683326 -4.2130340 -8.9877586 -3.9740437 -9.4266108 -4.3389764 -10.2406455 -3.5818109 -10.0134292 -3.7255807 -9.8090835 -3.8159909 -10.9599453 -3.1444382 -10.6034011 -3.2203536 -10.5041863 -3.5882448 -11.2575897 -2.9166921 -10.9010455 -2.9926075 -10.8018307 -2.5310002 -11.3622443 -2.9335672 -12.0425874 -2.7697741 -12.2312636 -2.2034141 -11.7395968 -1.4342114 -12.4889979 -1.3484859 -13.5672988 -1.2487792 -13.6421265 -1.2332021 -13.6532076 -1.1295921 -13.7230050 -0.8062428 -13.0365252 -0.6069525 -13.1707780 -0.7105626 -13.1009807 -1.0259820 -13.7928024 -0.9223719 -13.8625998 -0.2961223 -13.3801702 -0.5033424 -13.2405754 -0.6115417 -14.0719919 -0.4043216 -14.2115867 0.0147079 -13.5895624 -0.3016292 -14.2807659 0.1201497 -13.6606016 0.2233427 -13.7310069 0.2268111 -13.7334019 0.1183180 -13.6593598 0.8412020 -14.1627804 0.6163692 -14.9206571 1.0459990 -14.3059065 1.2507959 -14.4490327 1.5579914 -14.6637219 1.4555929 -14.5921588 1.6603898 -14.7352850 1.4355570 -15.4931617 1.8651868 -14.8784111 2.2747807 -15.1646634 2.1723822 -15.0931003 2.9902883 -15.3915405 3.1919430 -16.1139223 3.3528994 -15.1413762 3.0320113 -12.9928344 3.0593426 -13.1147349 3.7911736 -12.9506514 3.0866738 -13.2366354 3.0046801 -12.8709340 3.7365111 -12.7068504 3.7091798 -12.5849500 3.6818485 -12.4630495 2.9773488 -12.7490335 2.9226863 -12.5052325 2.9500176 -12.6271330 3.6545173 -12.3411490 2.8953551 -12.3833321 3.6271860 -12.2192486 2.8407582 -12.1388926 2.8678908 -12.2608360 3.5734233 -11.9785532 2.8396578 -12.1337790 3.4213798 -11.2472456 2.6870819 -11.3999108 2.5599354 -10.7883539 3.8185048 -13.0725519 2.2547836 -9.3206174 2.9382228 -8.9233295 2.2039249 -9.0759947 2.1022077 -8.5867492 2.1276370 -8.7090606 2.7602176 -8.0671499 2.0004904 -8.0975037 2.0259197 -8.2198151 2.6839296 -7.7002157 1.9496318 -7.8528810 2.6076417 -7.3332816 1.8479145 -7.3636355 1.8733438 -7.4859468 1.8224852 -7.2413241 2.5059244 -6.8440361 1.7716266 -6.9967013 1.6583203 -6.5372177 1.6922139 -6.6574589 0.7006508 -3.3160312 0.3519787 -2.2524018 0.3913071 -2.3709767 1.0638443 -2.0162932 0.2339934 -1.8966773 -0.0413055 -1.0666532 -0.0019771 -1.1852281 0.7098886 -0.9491194 0.6312317 -0.7119697 0.5919033 -0.5933949 -0.1199623 -0.8295035 -0.1708928 1.6579978 -0.2113315 1.7761986 -0.9209516 1.5334245 -0.9613903 1.6516253 -0.2517702 1.8943995 -1.0422677 1.8880270 -1.0018290 1.7698261 -0.2922089 2.0126003 -1.0827064 2.0062278 -0.3730863 2.2490019 -0.4135249 2.3672028 -1.1231451 2.1244286 -0.4539636 2.4854036 -0.4944023 2.6036044 -1.2040224 2.3608303 -0.5348410 2.7218052 -1.2444611 2.4790311 -0.5752797 2.8400061 -0.6157184 2.9582069 -1.2848998 2.5972319 -0.6561571 3.0764077 -1.3253385 2.7154327 -0.6965957 3.1946085 -1.4062159 2.9518344 -0.7370344 3.3128094 -0.7774731 3.4310102 -0.8179118 3.5492110 -1.4870932 3.1882360 -1.6084093 3.5428385 -1.5679706 3.4246377 -0.8583505 3.6674118 -0.9392278 3.9038135 -0.9796665 4.0220143 -1.6488480 3.6610393 -1.7297253 3.8974410 -1.6892867 3.7792402 -1.0201052 4.1402151 -1.1009826 4.3766168 -1.1414213 4.4948176 -1.1818600 4.6130184 -1.8510414 4.2520435 -1.9319188 4.4884451 -1.8914801 4.3702443 -1.9723574 4.6066459 -1.2627373 4.8494201 -1.3031760 4.9676209 -1.3436147 5.0858217 -2.0127961 4.7248468 -2.0936735 4.9612484 -2.0532348 4.8430476 -1.3840534 5.2040226 -1.4244921 5.3222234 -2.1341122 5.0794493 -2.1745509 5.1976501 -1.4649307 5.4404242 -1.5053694 5.5586250 -2.2149896 5.3158509 -2.2958669 5.5522526 -2.2554282 5.4340517 -1.5458081 5.6768259 -1.5862468 5.7950267 -1.6266855 5.9132275 -1.6671242 6.0314283 -2.3363056 5.6704534 -1.7075629 6.1496292 -2.4171830 5.9068550 -1.7480015 6.2678300 -2.4980603 6.1432567 -2.4576217 6.0250559 -1.8288789 6.5042316 -2.5789377 6.3796583 -2.5384990 6.2614575 -1.9501950 6.8588341 -2.7002538 6.7342608 -2.6598151 6.6160600 -2.0310723 7.0952358 -2.7811311 6.9706625 -2.7406925 6.8524616 -2.1119497 7.3316374 -2.8620085 7.2070641 -2.8215698 7.0888633 -2.2332658 7.6862399 -2.9833246 7.5616666 -2.9428859 7.4434658 -2.3141431 7.9226416 -3.0642019 7.7980682 -3.0237632 7.6798674 -2.5567752 8.6318465 -3.2663954 8.3890724 -3.2259567 8.2708715 -2.6376526 8.8682482 -3.3472727 8.6254740 -3.3068340 8.5072732 -2.7185300 9.1046498 -3.4281501 8.8618757 -3.3877114 8.7436748 -2.7994073 9.3410515 -3.5090275 9.0982773 -3.4685888 8.9800765 -3.0420394 10.0502564 -3.7516596 9.8074823 -3.6707822 9.5710806 -3.0824781 10.1684572 -3.8316348 10.0412470 -3.7920983 9.9256831 -5.2168788 10.0040181 -4.8354519 10.6501028 -4.8620416 10.6667864 -4.6977865 9.8530572 -4.5473288 9.8698444 -4.7057404 10.6069868 -4.8184756 9.8642086 -4.7776457 10.6220202 -5.0692221 9.9298508 -4.9940186 9.9027858 -5.1814339 9.9843639 -5.4231483 10.1640920 -5.3208099 10.0692296 -5.4973672 10.2645822 -4.9177914 10.7485462 -5.6226134 10.4865014 -5.5781137 10.3888018 -5.6575891 10.6064323 -4.9523430 10.8670229 -5.6939370 10.9899848 -5.7058105 10.8675482 -4.9488916 10.9026125 -5.6898359 11.0197790 -4.8431872 11.4939169 -5.5763668 11.6521162 -5.5799159 11.6346657 -4.8209936 11.5911586 -5.5486257 11.7736643 -5.5401744 11.8045495 -4.7116195 11.9328352 -5.3878283 12.2804678 -5.4259148 12.1614882 -4.6354464 12.1707944 -5.3116552 12.5184270 -5.3497417 12.3994474 -4.5592733 12.4087535 -5.2354821 12.7563861 -5.2735687 12.6374065 -4.4831003 12.6467126 -5.1593090 12.9943452 -5.1973956 12.8753657 -4.3307541 13.1226309 -5.0069629 13.4702635 -5.0450494 13.3512839 -4.2249800 14.7696571 -4.2642266 15.0164092 -5.0049162 14.8986002 -5.3736151 17.1124714 -5.3525827 16.9893278 -4.6132882 17.1155961 -5.3946475 17.2356151 -4.6343206 17.2387398 -4.6553530 17.3618834 -4.7184502 17.7313144 -5.4577447 17.6050461 -5.4787771 17.7281897 -4.7394827 17.8544581 -5.5839392 18.3439080 -5.5629068 18.2207643 -4.8446447 18.4701763 -4.8656771 18.5933200 -5.6049716 18.4670517 -4.9077420 18.8396073 -4.9287744 18.9627510 -5.6470364 18.7133390 -4.9498068 19.0858946 -5.0339364 19.5784693 -5.6891012 18.9596263 -5.7942633 19.5753446 -5.7732309 19.4522009 -5.0549688 19.7016129 -5.8573605 19.9447755 -5.8363281 19.8216319 -5.0970337 19.9479002 -5.2303079 21.1518170 -5.9845589 21.1842310 -5.9783865 21.0981662 -5.2213713 21.0272102 -5.9694499 20.9735594 -5.9605134 20.8489526 -5.9247671 20.3505253 -5.9204170 20.3144628 -5.1779893 20.4223128 -5.9337037 20.4751321 -5.8783930 20.0679192 -5.1390985 20.1941875 -4.7605151 17.9776017 -5.4998095 17.8513334 -7.1870149 21.8707701 -7.0814399 21.8040321 -6.7626058 22.4897697 -7.0805290 21.8034581 -6.6811466 22.4382762 -6.8359451 22.5531557 -7.3263707 21.9857204 -6.9304624 22.6348455 -7.4208879 22.0674102 -6.9902355 22.6865065 -7.0295892 22.7422934 -7.6481677 22.3180774 -7.6591742 22.3345910 -8.1189085 23.1757784 -8.0790946 23.0573657 -7.3732588 23.3114281 -7.4080161 23.4148017 -8.1587224 23.2941912 -8.1985363 23.4126039 -7.4478301 23.5332144 -7.5551701 24.0363857 -7.5608489 24.1611835 -8.3043949 24.0022932 -8.3100736 24.1270909 -7.5665277 24.2859812 -8.3271099 24.5014841 -8.3214312 24.3766864 -7.5764411 24.5038410 -8.3246388 24.5647461 -8.3093136 24.6881485 -7.5662929 24.5855572 -8.2841002 24.8313339 -8.3062377 24.7083841 -7.4862299 25.0302199 -8.1512949 25.3875005 -8.1971064 25.2722379 -7.4592797 25.0980272 -8.1405119 25.4120377 -7.3623865 25.2987160 -7.9570112 25.7690961 -8.0191930 25.6610555 -7.3125689 25.3852738 -7.9452712 25.7881550 -7.1813921 25.5846467 -7.7392741 26.1012456 -7.8079398 25.9968820 -6.9753950 25.8977373 -7.5332770 26.4143361 -7.6019427 26.3099726 -6.6954389 26.3846931 -7.3326153 26.7995580 -7.3826521 26.6850895 -7.2690431 28.1541604 -7.2449203 28.0505890 -6.5385937 28.3242890 -6.5669319 28.4459593 -6.5952701 28.5676297 -7.2973813 28.2758307 -7.3823958 28.6408417 -7.3540576 28.5191714 -6.6236083 28.6893000 -6.6519464 28.8109703 -6.6802846 28.9326407 -6.7086228 29.0543110 -7.4390721 28.8841824 -6.7369610 29.1759813 -7.4953099 29.1256398 -7.4674103 29.0058527 -7.7694422 30.5548001 -7.8720330 30.6260872 -8.1974149 29.9388948 -7.9738752 30.6968541 -8.3000058 30.0101819 -8.7155272 30.3105444 -8.6154854 30.2357223 -8.2535980 30.9016232 -8.3186608 30.9594888 -8.7401428 30.3306355 -8.8330419 30.4132581 -8.3872779 31.0361432 -8.4101842 31.0619245 -8.9474851 30.5374767 -8.9465588 30.5364380 -9.1444949 30.9052933 -9.1127195 30.7844751 -9.0303874 30.6307841 -9.2739467 31.4919734 -9.2681341 31.4190209 -8.5234013 31.5150665 -9.2716701 31.6168795 -8.5217946 31.6032115 -8.5195180 31.7281176 -9.2693934 31.7417856 -8.5172413 31.8530237 -8.5149646 31.9779299 -9.2648401 31.9915978 -8.5126880 32.1028360 -8.5081347 32.3526482 -9.2580101 32.3663162 -8.4899213 33.3518972 -8.4876447 33.4768033 -9.2397968 33.3655652 -8.4830914 33.7266156 -9.2329668 33.7402835 -9.2068793 34.0398503 -9.2262273 33.9164360 -8.4812845 33.8257451 -9.1874214 34.1634808 -8.4659469 33.9235783 -9.1679984 34.2868885 -8.4465415 34.0468747 -8.4271185 34.1702824 -8.4187606 34.2233859 -8.4054688 34.2460082 -9.0397189 34.6470385 -9.0122979 34.6874341 -8.3437536 34.3252806 -8.9355546 34.7860099 -8.2670103 34.4238564 -8.1902670 34.5224322 -8.7820681 34.9831615 -8.4730574 35.3542758 -8.5518382 35.2788889 -7.9938886 34.7746779 -8.3713324 35.4265126 -7.9384472 34.8140478 -8.3686152 35.4284241 -7.6720290 34.9997080 -8.0611322 35.6427013 -8.1636266 35.5712755 -7.8588905 35.7300608 -7.9760052 35.6870508 -7.6021342 35.0253766 -7.8552944 35.7313607 -7.4862337 35.0666045 -7.6198905 35.8150980 -7.7375924 35.7732294 -7.0154260 35.2340789 -7.1490829 35.9825725 -7.2667848 35.9407039 -6.0655290 35.9727859 -5.9994772 36.0788230 -6.6400836 36.4689268 -5.6987577 37.4240032 -5.6753392 37.5440619 -6.4114659 37.6876498 -5.6514219 37.6666779 -6.3875485 37.8102658 -6.3397139 38.0554978 -6.3636312 37.9328818 -5.6275045 37.7892939 -5.6035872 37.9119099 -6.2564668 38.4423132 -6.2872324 38.3214207 -5.5577834 38.1467307 -5.5320056 38.2480235 -6.2142733 38.5801488 -6.2512486 38.4608192 -5.4609014 38.4774965 -6.1403226 38.8188079 -6.1772979 38.6994784 -5.2032778 39.3089184 -5.9184706 39.5347854 -5.9554459 39.4154558 -5.1670333 39.4175007 -5.8764386 39.6609846 -5.9159789 39.5425285 -5.8722202 39.6729446 -5.0821652 39.6457448 -5.7416026 40.0242273 -5.7851418 39.9071331 -4.9950867 39.8799332 -5.6545241 40.2584158 -5.6980633 40.1413216 -4.6162876 42.3249206 -4.6157520 42.3638322 -5.3659495 42.3546994 -5.3699707 42.4600657 -4.6205163 42.4886682 -4.6252806 42.6135042 -4.6300449 42.7383402 -5.3747350 42.5849017 -4.6348092 42.8631762 -4.6395735 42.9880122 -5.3842636 42.8345737 -5.3937922 43.0842456 -5.3890279 42.9594097 -4.6443378 43.1128482 -5.4030707 43.3347723 -5.3985878 43.2099262 -4.6490860 43.2372619 -4.6535400 43.3613035 -4.6577554 43.4857766 -5.4073257 43.4603920 -4.6619837 43.6106319 -5.4157823 43.7101026 -5.4115540 43.5852473 -4.6662120 43.7354872 -4.6704403 43.8603425 -5.4242389 43.9598131 -5.4200106 43.8349578 -4.6831252 44.2349084 -5.4369238 44.3343790 -5.4326955 44.2095237 -4.6958101 44.6094743 -5.4496087 44.7089449 -5.4453804 44.5840896 -4.7042667 44.8591848 -5.4580653 44.9586555 -5.4538370 44.8338002 -4.7127233 45.1088954 -5.4665219 45.2083660 -5.4622936 45.0835108 -4.7254082 45.4834613 -5.4792068 45.5829319 -5.4749785 45.4580766 -4.7338648 45.7331719 -5.4876634 45.8326425 -5.4834351 45.7077872 -4.7465497 46.1077378 -5.5003483 46.2072084 -5.4961200 46.0823531 -4.7592346 46.4823036 -5.5130332 46.5817743 -5.5088049 46.4569190 -4.7676912 46.7320142 -5.5214898 46.8314848 -5.5172615 46.7066295 -4.8046199 47.4899627 -5.5533252 47.4459133 -5.5459880 47.3212021 -5.5606625 47.5706246 -4.8413062 48.1135187 -5.5973488 48.1941806 -5.5900115 48.0694694 -4.9000042 49.1112084 -5.6560468 49.1918704 -5.6487096 49.0671591 -4.9513650 49.9841870 -5.7000704 49.9401376 -5.6927331 49.8154264 -4.9733768 50.3583206 -5.7220821 50.3142713 -5.7147449 50.1895601 -5.0100631 50.9818767 -5.7587684 50.9378274 -5.7514312 50.8131161 -5.0394121 51.4807215 -5.7881174 51.4366722 -5.7661057 51.0625386 -5.1135806 52.0614167 -5.8282118 51.8336545 -5.8074920 51.7659809 -5.6500730 52.8896238 -5.7530905 52.9602928 -6.1103687 52.2958753 -5.8561080 53.0309619 -6.2803706 52.4124950 -6.3992511 53.2737501 -6.6470952 52.5658848 -6.5291866 52.5246016 -7.5156808 53.2067349 -7.5403985 53.1950346 -7.2071555 52.5229956 -8.4016610 52.5423034 -8.4601014 52.4318886 -7.7435560 52.1824397 -8.5769823 52.2110589 -7.9561861 51.7807056 -7.9141054 51.8602110 -8.8333417 50.6774587 -8.8270481 50.5526905 -8.0842940 50.7152423 -8.0723782 50.4790154 -8.0780004 50.5904741 -8.0616420 50.3910460 -8.8184687 50.4013844 -7.3171939 48.8258836 -7.3791693 48.9343538 -8.0303713 48.5622841 -7.8444453 48.2368735 -7.8411852 48.2312803 -7.1948492 48.6117540 -7.6336235 47.9018515 -7.4296362 47.5874477 -6.8004607 47.9956611 -6.7324649 47.8908598 -7.3799443 47.5108580 -7.2207251 47.0903928 -7.1340757 46.8560453 -6.5172710 47.3504934 -7.3073746 47.3247404 -7.2640499 47.2075666 -6.6039204 47.5848409 -6.5605957 47.4676671 -6.3385798 46.8661629 -6.3439721 46.8817983 -7.0502948 46.6294560 -7.0197334 46.5340657 -6.2642963 46.5942767 -6.2919778 46.7160981 -6.3005366 46.7474200 -6.9956527 46.4280907 -6.2366148 46.4724553 -6.1201946 45.8192712 -6.1348395 45.9433367 -6.8796683 45.8554160 -6.8650234 45.7313505 -6.8074038 44.9209409 -6.8126345 44.7961236 -6.0632923 44.7647208 -6.0489412 45.1902254 -6.0606995 45.3144001 -6.7980140 45.1450034 -6.0476000 45.1391727 -6.1122569 44.1188170 -6.0862293 44.3673114 -6.8325015 44.4420729 -6.8581764 44.1969454 -6.1252707 43.9945698 -6.8957209 43.8384950 -6.9108222 43.7559567 -6.1553812 43.7176496 -6.9418830 43.6620193 -6.2298005 43.4265658 -6.1905812 43.5451768 -6.3082391 43.1893438 -7.1725329 42.9775641 -6.4745545 42.7028292 -6.4307786 42.8196629 -6.4839907 42.6799692 -6.5354388 42.5661280 -7.4239052 42.4213429 -6.7427942 42.1073504 -6.7412312 42.1107633 -7.4724189 42.3167962 -6.7953684 41.9940534 -6.8021983 41.9800994 -7.5833267 42.1016121 -6.9738993 41.6469639 -6.9166657 41.7580091 -7.6977940 41.8795218 -7.0883667 41.4248736 -7.0311330 41.5359187 -7.8122614 41.6574315 -7.1995159 41.2092211 -7.1456004 41.3138284 -8.0828426 41.0684719 -7.3957588 40.7677794 -7.3456727 40.8822264 -7.4458449 40.6533325 -8.1830147 40.8395780 -7.5362604 40.4467326 -7.4959310 40.5388855 -8.4354293 39.2125159 -8.4333252 39.0891528 -7.6855384 39.2253064 -7.7027589 38.4719966 -7.6822527 38.5943044 -8.4322527 38.6571773 -8.4448874 38.6205572 -7.7427466 38.3560974 -7.7586121 38.3172967 -8.4895400 38.5267034 -7.8122835 38.2044867 -8.5306750 38.4402430 -7.9648992 37.9388585 -7.8949526 38.0412337 -8.5739148 38.3769565 -8.6423819 38.2950351 -8.0669052 37.8140710 -8.2830613 37.5943823 -8.1899432 37.6746347 -8.7447024 38.1866260 -8.3432047 37.5520673 -8.8212747 38.1432997 -8.5606618 37.4290255 -8.4519333 37.4905464 -9.0090395 38.0370585 -8.8488642 37.2988211 -8.7313195 37.3395375 -9.0860684 38.0103763 -8.8655472 37.2934752 -9.1974908 37.9775222 -9.1052000 37.2228109 -8.9853736 37.2581431 -9.4371435 37.9068578 -9.3448527 37.1521465 -9.2250264 37.1874787 -9.8388283 36.8487078 -9.7434487 36.9293890 -10.2278191 37.5020016 -10.0161060 36.6987494 -9.9342079 36.7680266 -10.4185784 37.3406393 -10.5139580 37.2599581 -10.8084753 36.8674265 -10.1683071 36.4766776 -10.4366777 35.5395986 -11.2452245 35.1262864 -10.5009008 34.9710803 -10.4958401 35.0959047 -10.5059614 34.8462560 -11.2654671 34.6269891 -10.5210751 34.4734680 -10.5160827 34.5966074 -9.6480691 37.0100701 -9.9912400 37.6965349 -10.0370599 37.6633640 -9.5743450 37.0724330 -9.8869293 37.7606489 -9.5366787 37.0955844 -9.7966227 37.8008613 -9.6767963 37.8361935 -9.3173172 37.9421900 -8.1470189 37.7182143 -8.7028167 38.2227245 -7.9867914 37.9099277 -7.6193372 40.0219109 -7.5978211 40.1449710 -8.3581299 40.1510829 -7.6818302 39.6644855 -7.6408533 39.8988508 -8.3796459 40.0280228 -8.4226781 39.7819027 -8.2496510 40.6794688 -8.2842773 40.5603611 -8.2331008 40.7251310 -8.0327565 41.1829188 -7.2473613 41.1068685 -7.9287582 41.4202689 -7.9325843 41.4118127 -7.8694951 41.5463863 -7.8758803 41.5333872 -7.7550277 41.7684766 -7.6405604 41.9905670 -6.5868869 42.4522868 -7.2188858 42.8749973 -7.2703339 42.7611561 -7.0203217 43.4247973 -6.8178653 44.6713062 -6.0616151 45.3230091 -6.0762600 45.4470747 -6.8069514 45.2393877 -6.8357337 45.4832194 -6.0909049 45.5711402 -6.1545175 46.0986480 -6.1795488 46.2209257 -6.8924565 45.9637523 -6.1812519 46.2288125 -6.9135023 46.0665607 -6.9679713 46.3062693 -6.9402898 46.1844478 -7.1364406 48.5135039 -7.2552186 48.7174135 -7.9064206 48.3453437 -7.6890460 49.4767047 -7.7510214 49.5851749 -8.3402481 49.1046349 -8.2782727 48.9961648 -8.2162974 48.8876946 -7.6270707 49.3682345 -7.5650953 49.2597643 -7.8129967 49.6936450 -8.4641987 49.3215753 -7.8749720 49.8021152 -7.9267858 49.8928004 -8.5261741 49.4300455 -8.6064750 49.5750865 -8.5881494 49.5385156 -7.9553006 49.9584149 -7.9775414 50.0488977 -8.7058621 49.8698753 -8.7356817 49.9911911 -8.0073610 50.1702135 -8.8459288 50.9269952 -8.8396353 50.8022270 -8.0905876 50.8400106 -8.0968812 50.9647788 -8.1011803 51.0500072 -8.8280719 51.2533447 -8.8479107 51.1303880 -8.0660761 51.2459305 -8.0426272 51.3686369 -8.8027457 51.3867063 -8.0191783 51.4913434 -8.7792968 51.5094128 -7.9957294 51.6140498 -7.9762262 51.7161085 -8.7323990 51.7548256 -8.6987757 51.9182571 -8.6354227 52.1006440 -8.6621447 52.0363331 -8.2174586 52.7828051 -8.3280422 52.6658645 -7.7276641 52.2088801 -8.1141446 52.8530400 -7.6924887 52.2327931 -7.4952889 52.3668533 -7.4071886 52.4192174 -7.7810865 53.0694615 -7.6512899 53.1375035 -7.7621813 53.0799725 -7.0725354 52.5598489 -6.9491121 52.5791728 -7.0651232 53.3201461 -7.1493427 52.5478236 -7.1885465 53.3008222 -6.8256888 52.5984967 -6.7734643 52.6066732 -6.9416999 53.3394700 -6.6768189 53.3539036 -6.8182766 53.3587938 -6.5576295 53.3266971 -6.7450968 52.6001980 -6.5171596 53.3150333 -6.4169210 52.4852942 -6.1522141 53.1870534 -6.1634340 53.1911838 -6.3472631 52.4583827 -5.9591255 53.1016310 -6.0361148 53.1421998 -5.4014148 52.6049394 -5.4738741 52.7067057 -6.0718957 52.2535309 -6.0123700 52.1699294 -5.9399108 52.0681631 -5.2159032 52.3283319 -5.2564963 52.4014069 -5.8918460 52.0006579 -5.8640093 51.9339581 -5.1680709 52.2137203 -5.1609603 52.1953376 -5.0467494 51.6054327 -5.0614239 51.8548552 -5.0772067 51.9426152 -5.0174004 51.1065879 -4.9953886 50.7324542 -5.0027258 50.8571655 -4.9587023 50.1088982 -4.9660396 50.2336094 -5.6707213 49.4412928 -4.9220160 49.4853421 -4.9440278 49.8594757 -5.6633841 49.3165816 -4.9073415 49.2359197 -4.9146788 49.3606309 -4.8486434 48.2382299 -5.5679997 47.6953358 -4.8119572 47.6146739 -4.8192944 47.7393851 -5.5314290 47.0737438 -4.7823976 47.1118998 -4.7826081 47.1158290 -5.5256266 46.9536378 -4.7763698 46.9871279 -4.7761478 46.9817248 -4.7899454 47.2405402 -4.7634629 46.6071589 -4.7507780 46.2325930 -4.7550063 46.3574483 -5.5753370 47.8200470 -4.8266317 47.8640963 -4.7296365 45.6083166 -4.7169516 45.2337507 -4.7211799 45.3586060 -4.7084950 44.9840401 -4.7000384 44.7343295 -4.6873535 44.3597637 -4.6915818 44.4846190 -4.6746686 43.9851978 -4.6788969 44.1100531 -4.8289842 40.5547503 -5.5493910 40.7978978 -5.5693502 40.6745756 -4.7691066 40.9247168 -4.7491474 41.0480389 -5.4895134 41.1678642 -4.6546592 41.8215522 -4.6447259 41.9460835 -5.4022846 41.8811870 -5.4122179 41.7566557 -4.6645926 41.6970208 -4.6748266 41.5689333 -4.6745259 41.5724895 -5.4220094 41.6339032 -4.7092290 41.2946833 -4.6892698 41.4180054 -5.4317739 41.5246206 -5.4495951 41.4145085 -4.7291882 41.1713611 -5.4695543 41.2911864 -4.7890658 40.8013946 -5.5094726 41.0445421 -5.6091570 40.4286206 -4.8689025 40.3081060 -4.8489433 40.4314282 -5.6235577 40.3416966 -4.8895392 40.1835251 -4.8691282 40.3067280 -4.9080082 40.1141217 -4.9515475 39.9970275 -5.0386259 39.7628390 -5.8286810 39.7900389 -5.1257044 39.5286506 -5.9924213 39.2961262 -5.3130000 38.9548148 -5.2760247 39.0741444 -6.1033473 38.9381375 -5.4239260 38.5968261 -5.3869507 38.7161556 -5.4978767 38.3581669 -6.4801304 37.3097938 -6.5010022 37.1866228 -5.7615438 37.0613185 -5.7824156 36.9381476 -6.5218741 37.0634518 -6.5427459 36.9402809 -5.8032874 36.8149766 -5.8450311 36.5686346 -5.8241592 36.6918056 -6.5636177 36.8171099 -6.5844895 36.6939389 -6.6053614 36.5707679 -6.6151951 36.5127360 -5.8659029 36.4454637 -5.9304477 36.1997089 -5.8867747 36.3222927 -5.9917186 36.0918586 -6.8342280 36.1572546 -6.8577364 36.1195152 -6.1976327 35.7607116 -6.8773200 36.1063755 -6.6159557 35.3953481 -6.5059345 35.4545263 -6.4746365 35.4733821 -6.3730459 35.5415449 -7.0509336 36.0174859 -6.7418037 35.3338417 -6.6296962 35.3883181 -6.7800222 35.3178162 -7.3844867 35.8988352 -7.1331279 35.1922103 -7.5021886 35.8569666 -7.3685317 35.1084731 -7.2508298 35.1503417 -8.8588114 34.8845857 -9.1485754 34.4102962 -9.2420735 33.2406591 -9.2443501 33.1157529 -8.4921980 33.2269911 -9.2466268 32.9908468 -9.2489034 32.8659407 -8.4990280 32.8522727 -9.2511801 32.7410346 -8.5035813 32.6024605 -8.5013047 32.7273666 -9.2534568 32.6161285 -9.2557334 32.4912223 -8.5058580 32.4775544 -8.5106734 31.4440096 -9.2462796 31.2970117 -9.2398213 31.2677480 -9.2080459 31.1469298 -9.1762704 31.0261115 -8.4509367 31.2168759 -8.4191613 31.0960577 -6.9108484 29.6405467 -6.9779483 29.7459238 -7.6105808 29.3430887 -7.2336157 30.1289803 -7.3222462 30.2154989 -7.7885696 29.6226111 -7.1792481 30.0620550 -7.7447806 29.5538428 -7.6776807 29.4484657 -7.1121482 29.9566779 -7.0450483 29.8513009 -7.5434809 29.2377116 -7.5096993 29.1846592 -6.7957367 29.4225782 -6.8437485 29.5351697 -6.7661958 29.3014135 -6.7652991 29.2976517 -6.4855467 28.0239170 -6.4875047 28.0425228 -7.2324067 27.9547244 -7.1943941 27.3056499 -7.2155666 27.1979228 -6.4796454 27.0532855 -7.2032385 27.5904669 -7.1932668 27.4659387 -6.4456598 27.5258040 -7.1861967 27.3776466 -6.4509212 27.2057636 -6.4555533 27.1758672 -7.2579319 26.9823663 -6.5441266 26.7502189 -6.5278296 26.8081219 -6.5873083 26.6336067 -6.5037375 26.9307037 -7.4243097 26.5897898 -6.8265693 26.1250970 -6.7643141 26.2329378 -7.4706306 26.5095511 -6.8380636 26.1064643 -7.8766055 25.8925185 -7.2500578 25.4802832 -8.0677291 23.0277683 -7.9917295 22.8633396 -7.9252184 22.7575899 -7.3416061 23.2383869 -7.8587074 22.6518402 -7.2903487 23.1568898 -7.7921963 22.5460905 -7.1573266 22.9453903 -7.7256853 22.4403407 -7.0908155 22.8396406 -6.1900205 22.1857026 -6.3062155 22.2315878 -6.4654930 21.4881247 -5.6538019 21.9646135 -5.7252407 22.0021617 -6.0488218 21.3235818 -5.4342018 21.7644875 -5.5555463 21.8985790 -5.3161714 21.5442701 -5.9963324 21.2256488 -5.2525742 21.3521344 -5.2859814 21.4696568 -5.2392445 21.2764238 -5.9426403 20.5997389 -5.1945617 20.6533897 -5.2034982 20.7779965 -5.1856251 20.5287829 -4.5712234 16.8693088 -4.5922558 16.9924525 -5.3105178 16.7430405 -4.5081261 16.4998779 -4.5501910 16.7461652 -5.2894854 16.6198968 -5.2474206 16.3736095 -5.2263882 16.2504658 -5.2053558 16.1273222 -4.4660613 16.2535905 -4.4450289 16.1304469 -5.1843234 16.0041785 -5.1632909 15.8810349 -4.4239965 16.0073032 -4.4029641 15.8841596 -5.1424461 15.7589897 -4.3819667 15.7566654 -4.3822955 15.7586971 -5.1224946 15.6378401 -4.3427200 15.5099133 -4.3623433 15.6332894 -5.0834096 15.3921044 -5.0637862 15.2687283 -4.3230966 15.3865373 -4.3034733 15.2631613 -5.0441629 15.1453523 -4.2838500 15.1397852 -4.1857333 14.5229050 -4.2053566 14.6462811 -4.9460462 14.5284721 -4.1661099 14.3995290 -4.9103866 14.3042727 -4.1616989 14.3541551 -4.9098772 14.1004216 -4.9129005 13.9755313 -4.1631201 13.9573809 -4.9071275 14.2140070 -4.1572079 14.2297673 -4.1600968 14.0822711 -4.1570735 14.2071614 -4.9728046 13.5769713 -4.2475760 13.3853742 -4.2177614 13.5066247 -4.9245164 13.7795966 -4.2164558 13.5121123 -4.1884539 13.6338604 -4.1809298 13.6790680 -4.2926676 13.2416105 -4.2545810 13.3605901 -4.4450137 12.7656922 -4.3688406 13.0036514 -4.5211868 12.5277331 -4.5973599 12.2897739 -4.6735330 12.0518148 -5.5020879 11.9235291 -4.7877926 11.6948761 -5.6458679 11.2657337 -4.9295560 11.0107750 -4.9075719 11.1337523 -3.9845299 10.8316903 -4.0664123 10.8148636 -3.8744993 10.0886141 -3.8631468 10.8427651 -3.8690425 10.0891120 -3.3681000 10.6474126 -3.4624024 10.7293503 -3.6380581 10.8146288 -3.8396437 10.0635678 -3.1667877 10.4090493 -3.2737976 10.5654750 -3.1229168 10.2866581 -3.1247602 10.2919181 -2.8398460 9.4592523 -2.9611621 9.8138548 -2.7589687 9.2228506 -2.6780913 8.9864490 -2.5972139 8.7500473 -2.4354592 8.2772440 -2.5163365 8.5136457 -2.3545818 8.0408424 -2.3950205 8.1590432 -2.2737044 7.8044407 -2.1523884 7.4498383 -1.9906336 6.9770350 -1.8693176 6.6224325 -1.9097563 6.7406333 -0.7996356 1.1788220 -0.7187582 0.9424204 -0.0900155 1.4215962 -0.6783195 0.8242195 -0.0091381 1.1851945 0.0313006 1.0669937 0.1930553 0.5941904 0.0717393 0.9487929 -0.6378809 0.7060187 0.2334940 0.4759895 -0.5165648 0.3514162 0.2739327 0.3577887 -0.4356874 0.1150146 0.3559328 0.1180543 0.3548101 0.1213871 -0.3553793 -0.1197233 -0.2772760 -0.3552040 0.4345897 -0.1190954 -0.2379476 -0.4737789 -0.1986192 -0.5923538 0.4739181 -0.2376703 -0.1592907 -0.7109286 0.5525749 -0.4748200 -0.0806339 -0.9480784 0.0373513 -1.3038029 0.7885454 -1.1862692 0.7492170 -1.0676943 0.0766798 -1.4223778 0.3126503 -2.1338270 2.7125113 -11.5222222 3.4468091 -11.3695570 1.2998148 -2.7277424 0.5876656 -2.9629958 1.2604864 -2.6091675 1.2211580 -2.4905926 0.5092924 -2.7267013 0.5486208 -2.8452762 1.3401151 -2.8512600 0.8138813 -3.6732977 0.9271118 -4.0305642 1.6420631 -3.8039706 1.4888525 -5.9360116 1.5227461 -6.0562528 2.2446157 -5.8527724 1.8685130 -4.5191502 1.4549590 -5.8157704 2.1768286 -5.6122900 2.7347883 -7.9448385 2.5822124 -7.2109702 1.5288326 -3.4467041 2.5090767 -10.5437312 3.2433746 -10.3910660 1.1031728 -2.1348681 3.2233301 -13.8461377 3.3326551 -14.3337396 3.3599863 -14.4556401 4.1464798 -14.5353575 3.9404169 -15.6240043 3.6253237 -15.9063515 2.0984837 -15.9334426 1.1283616 -15.2784724 0.0019783 -14.4912786 -1.1541850 -12.7380876 -2.3993932 -12.6342290 -2.6878776 -12.3256018 -3.1792568 -11.7595731 -3.5123294 -11.3568045 -4.1952066 -10.4449911 -4.5117719 -8.4391935 -5.2987640 -8.5472436 -4.9633922 -7.4450842 -5.6501729 -7.7464682 -5.0135935 -7.3306878 -5.5999717 -7.8608647 -6.0563980 -6.5194982 -6.1628812 -6.1551212 -5.9991245 -3.9090831 -6.2485715 -2.4994262 -7.0584765 -1.8122924 -6.3020641 -1.6845708 -6.2171427 -0.8445964 -6.1990725 -0.7209834 -6.9411851 -0.6124988 -6.9231149 -0.4888857 -6.1827013 -0.6089926 -6.6868130 0.4014960 -6.3684887 1.2594345 -5.7191733 0.8638385 -6.4150748 1.1435187 -5.4064619 3.1899004 -4.3973765 3.5156127 -4.5396977 4.8583484 -4.6342129 7.5077140 -6.1926921 9.4836922 -5.6148120 9.9632117 -6.4294380 9.8215517 -6.4177652 9.8033189 -5.8745133 10.4505220 -6.6001372 10.2604618 -6.3034995 12.2497341 -6.1699938 13.0952877 -5.3353241 14.1569701 -6.0850005 14.1789979 -5.8204310 17.8390805 -6.6109239 17.8380317 -7.1731574 20.4850721 -8.0744308 20.5207253 -9.2069836 24.6187739 -8.8851379 22.2921885 -9.1035802 23.2033584 -9.1894612 23.6739547 -9.1606548 26.8186542 -9.5962651 30.5670600 -9.7017196 30.7935689 -9.9126285 31.2465865 -11.0874740 32.2561468 -11.1780997 32.8123590 -11.2591571 33.5818435 -11.1310522 35.9174490 -10.2893482 36.2411351 -11.0141084 36.4340748 -10.7433886 36.9740588 -10.5117776 33.6444846 -8.8019271 28.7146995 -8.4010175 26.7861283 -9.3326290 30.0007880 -9.1408632 23.4319191 -8.4049513 23.5766348 -8.2016957 20.7357382 -6.7081050 19.7444942 -6.5732578 19.5114292 -6.9848561 18.7096847 -6.2067256 18.8485964 -6.8407830 18.4188354 -5.5177979 16.7348616 -5.4268842 16.0815823 -5.4415558 16.2056446 -6.1863657 16.1175636 -5.3662338 15.4352143 -5.3277785 14.6866401 -6.0770434 14.6530785 -6.0896093 14.8976871 -6.2007172 12.8516331 -5.4571436 12.7535694 -5.6729840 11.5046715 -4.6523338 9.1347840 -5.2826329 8.7061769 -4.7685962 9.2525971 -3.5440234 5.8792745 -3.5402975 5.5045124 -4.0541464 4.1748278 -3.9953821 4.2850706 -4.3163207 6.0426841 -5.6909547 2.6338141 -5.9754474 2.0777278 -5.3646518 1.6249194 -6.1461431 1.7440761 -5.4784489 1.4024849 -6.0311697 -0.0401585 -6.0646392 -0.1605184 -6.5700403 -4.7007417 -6.4695432 -5.0683271 -6.2669787 -5.7950875 -3.2962690 -10.4049715 -3.6641601 -11.1583749 -3.0685229 -10.7026159 -2.1215175 -11.8339349 -0.1925122 -13.4499676 0.4316081 -13.8765281 3.7638423 -12.8287509 3.5999215 -12.0976458 2.8142285 -12.0114677 2.2802129 -9.4429288 1.8987731 -7.6082582 1.0245159 -1.8977183 -1.1635838 2.2426294 -1.3657772 2.8336336 -0.8987892 3.7856127 -1.8106027 4.1338426 -1.2222986 4.7312193 -2.3767443 5.7886542 -2.6193764 6.4978592 -4.7220599 10.6084947 -4.8726336 9.8732496 -4.8868174 10.7003322 -5.5112237 10.2846810 -5.6925648 10.7263633 -4.7497060 11.8138557 -5.4640014 12.0425087 -5.0831360 13.2323044 -5.9515768 20.7243458 -5.8994254 20.1910628 -6.4800304 22.3119496 -7.2318534 21.9040307 -7.5766206 22.2166540 -7.5154051 22.1491000 -8.2987161 23.8774954 -8.2930373 23.7526977 -7.5459036 23.8327415 -8.3157524 24.2518886 -8.0318800 25.6370400 -8.2176877 25.2001833 -6.6454021 26.4991617 -7.2868941 26.9041540 -6.5102556 28.2026187 -7.3257194 28.3975011 -7.4107340 28.7625121 -8.0948241 29.8676078 -8.1662899 30.8363248 -9.2625634 32.1165040 -9.2375201 33.4904713 -9.2306901 33.8651897 -8.2661209 35.4998498 -8.6285815 35.1803131 -6.7021243 36.3693289 -6.3157966 38.1781138 -5.5796699 38.0345259 -5.2390494 39.1934739 -6.4353832 37.5650338 -5.3794993 42.7097377 -5.3985565 43.2090816 -5.4030974 43.3355367 -5.4411521 44.4592343 -5.4707502 45.3332213 -4.7423214 45.9828825 -5.4918917 45.9574978 -5.5045766 46.3320637 -5.6266978 48.6930255 -5.7074076 50.0648489 -5.7440939 50.6884049 -7.8556650 51.9706258 -8.5185419 52.3214737 -8.8033986 50.2779041 -7.5031200 49.1512942 -7.7016192 48.0066527 -7.0724437 48.4148660 -6.4306216 47.1161458 -6.3872968 46.9989721 -6.0528308 45.0143554 -6.1512983 43.7460754 -6.1777456 43.5954135 -7.0595410 43.3061863 -6.3474584 43.0707328 -7.1356743 43.0759360 -6.4258970 42.8335108 -6.6897831 42.2246045 -7.2955867 40.9966733 -7.6834079 39.1003977 -7.6822527 38.9690850 -7.8659549 38.0916766 -8.6693904 37.3675046 -10.1032204 36.5833099 -10.4147089 35.6625787 -11.2706493 34.4987944 -10.1324395 37.5826828 -9.5569699 37.8715256 -8.1329286 40.9540249 -8.2935816 40.5202631 -7.5583391 40.3707864 -7.9826704 41.2973658 -7.9683960 48.4538139 -8.4022234 49.2131051 -8.6558088 49.6886068 -8.6760425 49.7485596 -8.0371806 50.2915292 -8.8522224 51.0517635 -8.0885095 51.1285381 -8.7558479 51.6321192 -8.7089501 51.8775321 -7.5891746 52.3030280 -8.0108306 52.9232749 -7.8882881 53.0057442 -6.2813425 53.2324669 -5.5018029 52.7413746 -5.3289556 52.5031732 -4.8706552 48.6123636 -4.7972826 47.3652514 -4.7719195 46.8568695 -5.3923513 42.0057183 -5.3824179 42.1302497 -4.6859409 41.4445444 -5.5294318 40.9212199 -4.8090250 40.6780725 -5.3499754 38.8354852 -6.2636845 35.6546744 -6.8977241 35.2759476 -8.4967513 32.9771788 -8.4944747 33.1020850 -8.4827122 31.3376941 -7.8361836 29.6690905 -7.2396588 27.0753410 -6.4556316 27.6503322 -6.4368989 27.3289208 -6.5953653 26.6136302 -6.9067293 26.0021008 -6.7454756 26.2702246 -6.5036348 28.1660928 -4.4025954 15.8819616 -4.1680512 13.8027185 -4.9467402 13.6829706 -4.9264229 14.4050961 -4.1852168 10.7762345 -3.7587728 10.8376676 -2.0715110 7.2134366 -0.4761261 0.2332154 0.5132465 -0.3562451 3.5485264 -11.8588025 2.2107221 -5.7325312 2.3801899 -6.3337372 1.1425012 -2.2534429 0.4306355 -2.4895516 2.4316877 -15.2613198 2.1284311 -15.9474753 -1.7459982 -13.2154384 -3.7974656 -9.7069107 -6.0201522 -6.6390513 -5.7463869 -4.8694682 -6.2909760 -2.0015212 -6.9592553 -0.7361119 -5.0081721 3.9684211 -3.9012692 7.6667531 -6.1426524 9.4291060 -6.6060076 10.2844826 -6.6575581 10.7035870 -5.5648280 12.1198709 -6.3251307 12.1266942 -5.4258860 13.0014602 -6.1856226 12.9713423 -5.7542699 17.5981457 -7.4290145 20.9027433 -8.2116482 22.6450601 -8.9241470 22.4108688 -9.1648682 23.5514725 -8.3289605 20.9507511 -8.2653281 20.8432447 -7.6801772 21.3270807 -7.6199117 21.2252626 -11.2487230 33.4573532 -10.4364152 32.9237321 -11.1595484 32.6888172 -11.2502851 35.0014621 -10.3927400 35.7855587 -11.1530211 35.7944690 -9.1819445 29.6390463 -9.2769489 29.8701329 -9.9698004 29.5829721 -8.4295444 23.6991171 -7.2282657 19.1461011 -7.1065609 18.9278929 -5.4562274 16.3297070 -6.1152461 15.3967365 -5.4415148 12.8775148 -5.5864592 11.9968310 -5.6513528 11.6277113 -6.3683931 11.8806145 -5.6297216 11.7507512 -4.6800926 9.1653422 -3.6639621 5.0262380 0.7388035 -14.0912173 2.4582181 -10.2991084 2.8680238 -12.2614316 0.1553366 -1.6595275 0.8672023 -1.4234189 0.6705602 -0.8305446 -0.3326476 2.1308011 -1.7884402 6.3860308 -3.5494661 9.2164781 -5.6680688 18.8364826 -5.1601099 20.3172080 -6.8689513 21.6705604 -7.5494914 23.9115880 -8.0707567 30.7648748 -8.8632369 30.4433563 -9.2671168 31.8666917 -9.1014569 34.5419623 -7.7348213 34.9559496 -6.2918793 38.3007298 -6.0293966 39.1767967 -5.6193605 48.5683143 -5.7294194 50.4389825 -7.0044479 48.3100648 -7.3479353 47.4344386 -6.6530884 47.7168414 -7.0907510 46.7388716 -6.8210888 45.3591539 -7.0987603 43.1875753 -6.3866777 42.9521218 -6.0580615 44.8895381 -6.8227472 44.5548124 -6.0855849 44.3740510 -7.3217820 42.6473149 -6.6383350 42.3384457 -8.4322527 38.9674330 -8.4260370 39.7582862 -8.3366138 40.2741430 -8.8261947 51.2639999 -7.3059015 52.4717657 -5.1189691 52.0776793 -4.9807141 50.4830318 -4.8779925 48.7370748 -5.5893094 40.5512535 -6.9644345 36.0595184 -7.3428594 30.2341790 -6.4356881 27.4012757 -5.8414356 22.0480469 -5.9576306 22.0939321 -6.1169082 21.3504690 -5.1180661 20.0710439 -4.4870937 16.3767342 -5.1030329 15.5154804 -4.9155625 13.8655651 -4.1661435 13.8324906 -3.9533062 10.0629901 -3.1046406 7.9162691 1.8717865 -4.5301191 0.3091737 -14.7059678 -2.0260247 -12.9663487 -3.7400755 -11.0591601 -5.3024132 -6.4214491 -5.5464899 -5.5867707 -5.6725872 0.9797543 -8.3952300 21.0718046 -8.3354917 20.9622430 -11.2705278 34.5021648 -10.4178638 32.8001903 -9.8281083 29.2383230 -9.1476487 25.7591259 -8.3982976 25.7279358 -6.4515530 19.2932210 -6.1716941 15.9935012 -4.7947191 9.2760443 -4.3768020 5.2593889 0.6364050 -14.0196542 -1.5275319 3.3064369 -6.8485645 21.6586333 -8.2778114 23.6626629 -7.5722064 24.4107789 -8.5154435 30.1609001 -8.0367804 34.7195838 -6.0663719 39.0574671 -5.7201411 37.3056484 -6.4585548 37.4369851 -6.7011688 47.8316302 -6.0748206 44.4984630 -7.6822672 38.9723890 -7.6915247 39.5762808 -7.9075166 52.9935098 -4.6347926 42.0706148 -7.9158254 29.7360552 -7.4384778 30.3145771 -6.2331031 21.3963542 -4.0721108 10.0243610 2.1429350 -5.4920488 0.7761378 -3.5542089 -1.9326825 -13.0493786 -3.0973603 -11.8539112 -6.7537521 0.1607762 -5.9564560 9.2624993 -8.4057895 21.0926974 -10.8120916 31.4261504 -4.4285243 9.9084735 -5.6678519 11.1427563 -6.4011519 22.2690781 -8.5063269 30.1542928 -8.1135237 34.6210080 -6.4363453 37.5599124 -5.4284672 44.0846684 -6.6472452 47.7020146 -6.8711902 44.0726982 -6.0737537 44.5150861 -7.6833679 39.0973064 -9.4646791 37.1168144 -8.4396306 39.6346067 -8.7655013 50.1125069 -7.3119698 53.2814984 -4.7380931 45.8580272 -5.3726922 42.2521788 -6.1315808 35.8667487 -6.7681762 36.2632918 -7.4492866 30.3233284 -7.1127264 25.6890102 -5.2124348 20.9026034 -4.3040213 10.7376053 3.1959988 -13.7242373 -5.5771576 2.8562486 -5.9537187 9.2600739 -9.8756104 29.3538663 -1.4466545 3.0700352 -4.6604348 10.6217179 -8.2422905 23.5434471 -8.4040913 30.0825130 -6.0685230 44.6399034 -8.9300033 38.0817788 -8.4418208 39.5872420 -4.6248593 42.1951461 -8.0006703 29.8021833 3.9278298 -13.5601538 -5.3701981 9.7458572 -9.8599012 31.1333321 -4.8236123 18.3470327 -6.4592586 37.4329648 -7.5477202 30.4000477 -6.3492981 21.4422395 -5.0245395 15.0219763 3.9004986 -13.4382533 -5.8598287 9.1776968 3.1140051 -13.3585358 -5.7406719 37.1844895 -7.5642605 30.4122260 -6.0738255 22.1398173 -5.8496613 9.1690908 -10.3816439 30.4770204 -4.3428117 6.1647699 3.8458361 -13.1944523 -3.1450793 8.0344699 -7.3732301 42.5334737 -7.6668514 30.4835131 -0.1304542 1.5397970 -10.3289166 30.3637659 -8.4559547 24.5001893 -10.3207565 36.1220334 -4.6244804 42.2003532 -0.8400743 1.2970228 -9.6489924 30.6803144 -6.5816880 21.5340099 -6.4731126 11.4416069 -7.6090019 19.7688318 -5.3315502 16.8661841 -6.9738492 20.1676815 -10.1180078 29.9107483 -10.3231987 37.4213205 -8.4375598 39.3374246 -7.6876689 39.3502151 -8.4396903 39.4623333 -7.6897994 39.4751238 -6.9074131 20.0618847 -6.8021731 45.0457582 -6.1494844 46.0674022 -6.2089334 46.3506339 -7.7696150 48.1114540 -7.7773681 48.1239325 -8.1543220 48.7792244 -6.3900243 11.7575746 -8.7953209 50.2338226 -8.8207545 50.4279223 -5.1818119 9.5920614 -7.7972245 52.0810407 -8.3916341 52.5600623 -4.4222848 6.5310274 -3.6098680 6.3238091 -7.4019407 53.2555810 -6.1773531 52.3418260 -5.5846555 52.8325642 -7.0491842 -1.9367809 -5.7954547 51.5613834 -5.5386507 47.1964909 -6.5357908 -4.8274160 -6.4364195 -5.1887826 -6.2322795 -5.9150987 -5.2661673 -6.5410023 -7.8373157 34.8845238 -8.7053248 35.0817373 -3.5099259 -10.1156020 -8.4025966 30.0814690 -0.7151518 -14.0021946 2.5317553 -15.3029318 -7.5459696 24.6984312 3.2234533 -15.2731058 -7.5253796 23.7638589 -8.2383502 23.5310166 3.1686676 -13.6023368 -7.4876440 23.6516271 3.8731673 -13.3163528 3.1413363 -13.4804363 -8.0183753 22.9138806 -7.2238376 23.0511401 -6.7392231 21.5992048 -0.8805130 1.4152237 -6.6978830 21.5798952 -4.9656695 14.6518481 -3.8600137 10.0812669 -4.1909153 9.9857318 -4.4228258 10.6989762 -4.9375824 10.8164093</float_array><technique_common><accessor source="#uv-array" count="2526" stride="2"><param name="S" type="float" /><param name="T" type="float" /></accessor></technique_common></source><source id="normals"><float_array id="normals-array" count="3">0.0000000 0.0000000 1.0000000</float_array><technique_common><accessor source="#normals-array" count="1" stride="3"><param name="X" type="float" /><param name="Y" type="float" /><param name="Z" type="float" /></accessor></technique_common></source><vertices id="road-vertices"><input semantic="POSITION" source="#positions" /></vertices><triangles count="2526" material="asphalt"><input semantic="VERTEX" source="#road-vertices" offset="0" /><input semantic="TEXCOORD" source="#uv" offset="1" set="0" /><input semantic="NORMAL" source="#normals" offset="2" /><p>0 0 0 1 1 0 2 2 0 3 3 0 4 4 0 5 5 0 6 6 0 7 7 0 8 8 0 9 9 0 10 10 0 11 11 0 12 12 0 13 13 0 14 14 0 15 15 0 16 16 0 17 17 0 18 18 0 19 19 0 20 20 0 21 21 0 22 22 0 23 23 0 22 22 0 12 12 0 24 24 0 24 24 0 25 25 0 22 22 0 26 26 0 27 27 0 28 28 0 29 29 0 30 30 0 31 31 0 32 32 0 33 33 0 34 34 0 33 33 0 35 35 0 34 34 0 36 36 0 34 34 0 35 35 0 37 37 0 15 15 0 38 38 0 16 16 0 39 39 0 17 17 0 40 40 0 28 28 0 27 27 0 41 41 0 42 42 0 43 43 0 44 44 0 45 45 0 46 46 0 44 44 0 47 47 0 48 48 0 49 49 0 50 50 0 47 47 0 51 51 0 52 52 0 53 53 0 34 34 0 54 54 0 32 32 0 55 55 0 56 56 0 52 52 0 57 57 0 58 58 0 59 59 0 13 13 0 32 32 0 14 14 0 9 9 0 8 8 0 10 10 0 60 60 0 61 61 0 62 62 0 63 63 0 5 5 0 64 64 0 38 38 0 65 65 0 37 37 0 66 66 0 67 67 0 68 68 0 69 69 0 70 70 0 71 71 0 72 72 0 73 73 0 74 74 0 74 74 0 75 75 0 72 72 0 76 76 0 77 77 0 75 75 0 78 78 0 76 76 0 79 79 0 80 80 0 81 81 0 82 82 0 83 83 0 84 84 0 85 85 0 86 86 0 87 87 0 88 88 0 89 89 0 90 90 0 86 86 0 91 91 0 86 86 0 90 90 0 92 92 0 93 93 0 94 94 0 94 94 0 95 95 0 92 92 0 96 96 0 97 97 0 98 98 0 99 99 0 100 100 0 101 101 0 102 102 0 103 103 0 100 100 0 104 104 0 105 105 0 106 106 0 107 107 0 108 108 0 109 109 0 110 110 0 111 111 0 112 112 0 112 112 0 113 113 0 110 110 0 112 112 0 114 114 0 115 115 0 116 116 0 117 117 0 118 118 0 116 116 0 118 118 0 119 119 0 120 120 0 121 121 0 122 122 0 123 123 0 124 124 0 125 125 0 126 126 0 127 127 0 128 128 0 129 129 0 130 130 0 131 131 0 132 132 0 133 133 0 134 134 0 135 135 0 136 136 0 137 137 0 138 138 0 139 139 0 140 140 0 141 141 0 142 142 0 143 143 0 144 144 0 145 145 0 146 146 0 146 146 0 147 147 0 144 144 0 148 148 0 149 149 0 150 150 0 149 149 0 144 144 0 150 150 0 151 151 0 152 152 0 153 153 0 154 154 0 155 155 0 156 156 0 157 157 0 158 158 0 151 151 0 158 158 0 159 159 0 160 160 0 161 161 0 160 160 0 159 159 0 159 159 0 162 162 0 163 163 0 163 163 0 164 164 0 159 159 0 165 165 0 166 166 0 167 167 0 168 168 0 167 167 0 169 169 0 169 169 0 170 170 0 171 171 0 172 172 0 173 173 0 170 170 0 174 174 0 175 175 0 176 176 0 177 177 0 178 178 0 179 179 0 180 180 0 181 181 0 182 182 0 180 180 0 183 183 0 181 181 0 180 180 0 184 184 0 183 183 0 185 185 0 186 186 0 187 187 0 188 188 0 189 189 0 190 190 0 188 188 0 191 191 0 189 189 0 188 188 0 192 192 0 191 191 0 193 193 0 194 194 0 195 195 0 196 196 0 197 197 0 198 198 0 199 199 0 200 200 0 201 201 0 199 199 0 202 202 0 203 203 0 204 204 0 205 205 0 206 206 0 207 207 0 208 208 0 209 209 0 210 210 0 211 211 0 212 212 0 210 210 0 213 213 0 214 214 0 215 215 0 216 216 0 213 213 0 217 217 0 218 218 0 219 219 0 220 220 0 221 221 0 222 222 0 223 223 0 224 224 0 225 225 0 223 223 0 226 226 0 224 224 0 223 223 0 227 227 0 226 226 0 228 228 0 229 229 0 230 230 0 231 231 0 232 232 0 233 233 0 234 234 0 235 235 0 236 236 0 232 232 0 234 234 0 236 236 0 235 235 0 237 237 0 236 236 0 238 238 0 239 239 0 240 240 0 241 241 0 240 240 0 239 239 0 239 239 0 242 242 0 241 241 0 243 243 0 241 241 0 244 244 0 245 245 0 246 246 0 247 247 0 248 248 0 249 249 0 250 250 0 250 250 0 251 251 0 252 252 0 253 253 0 254 254 0 255 255 0 256 256 0 257 257 0 258 258 0 259 259 0 260 260 0 261 261 0 262 262 0 263 263 0 264 264 0 265 265 0 259 259 0 266 266 0 267 267 0 265 265 0 266 266 0 266 266 0 268 268 0 267 267 0 269 269 0 270 270 0 271 271 0 272 272 0 269 269 0 271 271 0 271 271 0 273 273 0 272 272 0 274 274 0 275 275 0 276 276 0 274 274 0 277 277 0 275 275 0 274 274 0 278 278 0 277 277 0 279 279 0 280 280 0 281 281 0 282 282 0 283 283 0 284 284 0 285 285 0 286 286 0 287 287 0 288 288 0 289 289 0 290 290 0 288 288 0 284 284 0 289 289 0 291 291 0 292 292 0 293 293 0 294 294 0 295 295 0 292 292 0 294 294 0 296 296 0 295 295 0 297 297 0 298 298 0 299 299 0 300 300 0 301 301 0 302 302 0 303 303 0 304 304 0 305 305 0 306 306 0 305 305 0 304 304 0 307 307 0 308 308 0 309 309 0 310 310 0 311 311 0 312 312 0 313 313 0 314 314 0 315 315 0 313 313 0 316 316 0 317 317 0 318 318 0 319 319 0 316 316 0 320 320 0 321 321 0 322 322 0 323 323 0 324 324 0 325 325 0 326 326 0 327 327 0 328 328 0 329 329 0 330 330 0 331 331 0 330 330 0 332 332 0 333 333 0 334 334 0 335 335 0 336 336 0 337 337 0 338 338 0 339 339 0 339 339 0 340 340 0 337 337 0 341 341 0 342 342 0 343 343 0 344 344 0 345 345 0 346 346 0 347 347 0 348 348 0 349 349 0 350 350 0 351 351 0 352 352 0 353 353 0 354 354 0 355 355 0 356 356 0 357 357 0 358 358 0 349 349 0 356 356 0 358 358 0 358 358 0 347 347 0 349 349 0 354 354 0 353 353 0 359 359 0 354 354 0 359 359 0 360 360 0 361 361 0 362 362 0 363 363 0 363 363 0 364 364 0 361 361 0 364 364 0 365 365 0 366 366 0 367 367 0 368 368 0 365 365 0 369 369 0 370 370 0 371 371 0 372 372 0 373 373 0 374 374 0 375 375 0 376 376 0 377 377 0 378 378 0 379 379 0 380 380 0 381 381 0 382 382 0 383 383 0 384 384 0 385 385 0 386 386 0 387 387 0 388 388 0 389 389 0 388 388 0 390 390 0 391 391 0 392 392 0 391 391 0 393 393 0 394 394 0 395 395 0 396 396 0 397 397 0 394 394 0 398 398 0 399 399 0 397 397 0 400 400 0 401 401 0 402 402 0 403 403 0 403 403 0 404 404 0 401 401 0 405 405 0 406 406 0 401 401 0 406 406 0 407 407 0 408 408 0 409 409 0 410 410 0 411 411 0 412 412 0 409 409 0 413 413 0 414 414 0 415 415 0 416 416 0 417 417 0 418 418 0 419 419 0 420 420 0 421 421 0 422 422 0 423 423 0 424 424 0 418 418 0 424 424 0 419 419 0 418 418 0 425 425 0 426 426 0 427 427 0 428 428 0 429 429 0 430 430 0 431 431 0 432 432 0 433 433 0 434 434 0 431 431 0 433 433 0 430 430 0 435 435 0 436 436 0 435 435 0 437 437 0 436 436 0 437 437 0 438 438 0 439 439 0 419 419 0 440 440 0 417 417 0 441 441 0 427 427 0 426 426 0 442 442 0 443 443 0 444 444 0 444 444 0 445 445 0 442 442 0 444 444 0 446 446 0 445 445 0 447 447 0 448 448 0 449 449 0 450 450 0 451 451 0 448 448 0 452 452 0 453 453 0 454 454 0 455 455 0 456 456 0 457 457 0 458 458 0 459 459 0 460 460 0 461 461 0 462 462 0 459 459 0 461 461 0 463 463 0 462 462 0 464 464 0 457 457 0 465 465 0 466 466 0 467 467 0 468 468 0 469 469 0 470 470 0 471 471 0 472 472 0 473 473 0 474 474 0 475 475 0 476 476 0 477 477 0 478 478 0 479 479 0 476 476 0 480 480 0 481 481 0 482 482 0 483 483 0 484 484 0 481 481 0 485 485 0 486 486 0 487 487 0 488 488 0 489 489 0 486 486 0 490 490 0 491 491 0 492 492 0 493 493 0 494 494 0 495 495 0 496 496 0 497 497 0 498 498 0 497 497 0 499 499 0 500 500 0 499 499 0 501 501 0 500 500 0 502 502 0 500 500 0 501 501 0 503 503 0 504 504 0 505 505 0 506 506 0 507 507 0 503 503 0 507 507 0 508 508 0 509 509 0 510 510 0 511 511 0 508 508 0 512 512 0 513 513 0 514 514 0 515 515 0 516 516 0 513 513 0 515 515 0 517 517 0 516 516 0 518 518 0 519 519 0 520 520 0 518 518 0 521 521 0 519 519 0 522 522 0 523 523 0 521 521 0 524 524 0 496 496 0 525 525 0 526 526 0 527 527 0 528 528 0 529 529 0 530 530 0 524 524 0 531 531 0 532 532 0 533 533 0 531 531 0 534 534 0 532 532 0 535 535 0 536 536 0 534 534 0 537 537 0 538 538 0 539 539 0 540 540 0 541 541 0 542 542 0 543 543 0 544 544 0 541 541 0 543 543 0 545 545 0 546 546 0 547 547 0 548 548 0 549 549 0 547 547 0 550 550 0 548 548 0 551 551 0 552 552 0 553 553 0 551 551 0 554 554 0 552 552 0 555 555 0 556 556 0 557 557 0 558 558 0 510 510 0 559 559 0 560 560 0 561 561 0 562 562 0 563 563 0 564 564 0 565 565 0 566 566 0 567 567 0 568 568 0 568 568 0 569 569 0 570 570 0 571 571 0 572 572 0 573 573 0 574 574 0 575 575 0 576 576 0 577 577 0 576 576 0 575 575 0 575 575 0 573 573 0 577 577 0 578 578 0 579 579 0 580 580 0 581 581 0 582 582 0 583 583 0 584 584 0 578 578 0 585 585 0 585 585 0 586 586 0 584 584 0 586 586 0 587 587 0 584 584 0 588 588 0 589 589 0 581 581 0 477 477 0 590 590 0 591 591 0 592 592 0 593 593 0 594 594 0 594 594 0 595 595 0 592 592 0 596 596 0 478 478 0 597 597 0 467 467 0 598 598 0 469 469 0 599 599 0 600 600 0 472 472 0 599 599 0 601 601 0 602 602 0 603 603 0 604 604 0 601 601 0 470 470 0 469 469 0 605 605 0 606 606 0 583 583 0 607 607 0 608 608 0 609 609 0 610 610 0 611 611 0 612 612 0 613 613 0 611 611 0 455 455 0 612 612 0 465 465 0 614 614 0 464 464 0 615 615 0 616 616 0 617 617 0 618 618 0 619 619 0 620 620 0 621 621 0 622 622 0 623 623 0 621 621 0 624 624 0 622 622 0 621 621 0 625 625 0 624 624 0 446 446 0 444 444 0 626 626 0 627 627 0 628 628 0 629 629 0 630 630 0 631 631 0 632 632 0 633 633 0 634 634 0 635 635 0 634 634 0 636 636 0 635 635 0 636 636 0 637 637 0 638 638 0 639 639 0 640 640 0 637 637 0 641 641 0 642 642 0 643 643 0 644 644 0 641 641 0 645 645 0 646 646 0 644 644 0 645 645 0 645 645 0 647 647 0 646 646 0 648 648 0 649 649 0 647 647 0 650 650 0 651 651 0 652 652 0 653 653 0 652 652 0 651 651 0 651 651 0 654 654 0 655 655 0 656 656 0 657 657 0 658 658 0 395 395 0 659 659 0 396 396 0 660 660 0 396 396 0 659 659 0 391 391 0 661 661 0 388 388 0 662 662 0 663 663 0 664 664 0 665 665 0 666 666 0 667 667 0 668 668 0 669 669 0 667 667 0 669 669 0 670 670 0 671 671 0 671 671 0 672 672 0 669 669 0 673 673 0 665 665 0 674 674 0 675 675 0 676 676 0 677 677 0 676 676 0 678 678 0 679 679 0 679 679 0 680 680 0 676 676 0 681 681 0 682 682 0 683 683 0 386 386 0 684 684 0 384 384 0 685 685 0 686 686 0 687 687 0 685 685 0 688 688 0 686 686 0 685 685 0 384 384 0 688 688 0 689 689 0 690 690 0 691 691 0 692 692 0 693 693 0 381 381 0 692 692 0 694 694 0 695 695 0 379 379 0 696 696 0 694 694 0 376 376 0 375 375 0 697 697 0 698 698 0 699 699 0 700 700 0 698 698 0 701 701 0 699 699 0 373 373 0 372 372 0 702 702 0 351 351 0 703 703 0 704 704 0 705 705 0 706 706 0 707 707 0 708 708 0 709 709 0 706 706 0 352 352 0 710 710 0 711 711 0 352 352 0 711 711 0 712 712 0 713 713 0 367 367 0 710 710 0 714 714 0 715 715 0 716 716 0 717 717 0 718 718 0 719 719 0 720 720 0 721 721 0 722 722 0 723 723 0 724 724 0 725 725 0 721 721 0 725 725 0 724 724 0 726 726 0 727 727 0 728 728 0 728 728 0 729 729 0 722 722 0 722 722 0 730 730 0 728 728 0 731 731 0 732 732 0 733 733 0 731 731 0 734 734 0 732 732 0 342 342 0 341 341 0 735 735 0 340 340 0 339 339 0 736 736 0 737 737 0 738 738 0 739 739 0 740 740 0 738 738 0 741 741 0 742 742 0 743 743 0 744 744 0 744 744 0 745 745 0 742 742 0 746 746 0 740 740 0 741 741 0 739 739 0 747 747 0 748 748 0 327 327 0 749 749 0 747 747 0 750 750 0 751 751 0 752 752 0 750 750 0 753 753 0 751 751 0 754 754 0 755 755 0 756 756 0 743 743 0 757 757 0 744 744 0 315 315 0 758 758 0 759 759 0 760 760 0 309 309 0 308 308 0 761 761 0 762 762 0 763 763 0 764 764 0 765 765 0 766 766 0 767 767 0 764 764 0 768 768 0 769 769 0 770 770 0 771 771 0 300 300 0 302 302 0 772 772 0 773 773 0 774 774 0 775 775 0 776 776 0 294 294 0 777 777 0 283 283 0 282 282 0 778 778 0 779 779 0 780 780 0 781 781 0 278 278 0 782 782 0 279 279 0 278 278 0 274 274 0 782 782 0 783 783 0 784 784 0 785 785 0 784 784 0 786 786 0 787 787 0 788 788 0 789 789 0 790 790 0 791 791 0 792 792 0 788 788 0 258 258 0 793 793 0 256 256 0 794 794 0 256 256 0 795 795 0 795 795 0 796 796 0 797 797 0 796 796 0 798 798 0 799 799 0 253 253 0 799 799 0 800 800 0 801 801 0 802 802 0 803 803 0 804 804 0 245 245 0 805 805 0 806 806 0 807 807 0 238 238 0 808 808 0 809 809 0 810 810 0 811 811 0 812 812 0 231 231 0 237 237 0 813 813 0 814 814 0 815 815 0 228 228 0 230 230 0 227 227 0 816 816 0 815 815 0 225 225 0 817 817 0 223 223 0 818 818 0 819 819 0 207 207 0 218 218 0 217 217 0 820 820 0 821 821 0 220 220 0 822 822 0 822 822 0 823 823 0 824 824 0 825 825 0 826 826 0 205 205 0 197 197 0 196 196 0 827 827 0 194 194 0 193 193 0 828 828 0 192 192 0 188 188 0 829 829 0 830 830 0 831 831 0 832 832 0 833 833 0 834 834 0 835 835 0 836 836 0 837 837 0 838 838 0 175 175 0 839 839 0 176 176 0 840 840 0 841 841 0 842 842 0 142 142 0 843 843 0 143 143 0 844 844 0 845 845 0 146 146 0 846 846 0 847 847 0 848 848 0 849 849 0 850 850 0 847 847 0 851 851 0 852 852 0 849 849 0 853 853 0 854 854 0 852 852 0 855 855 0 856 856 0 857 857 0 858 858 0 139 139 0 859 859 0 860 860 0 859 859 0 139 139 0 139 139 0 861 861 0 860 860 0 862 862 0 857 857 0 858 858 0 856 856 0 858 858 0 857 857 0 133 133 0 132 132 0 863 863 0 864 864 0 129 129 0 865 865 0 131 131 0 126 126 0 866 866 0 128 128 0 867 867 0 868 868 0 124 124 0 123 123 0 869 869 0 870 870 0 120 120 0 871 871 0 122 122 0 872 872 0 873 873 0 107 107 0 874 874 0 875 875 0 97 97 0 96 96 0 876 876 0 877 877 0 878 878 0 879 879 0 878 878 0 880 880 0 879 879 0 881 881 0 877 877 0 882 882 0 883 883 0 884 884 0 885 885 0 886 886 0 887 887 0 888 888 0 889 889 0 886 886 0 890 890 0 891 891 0 892 892 0 893 893 0 893 893 0 894 894 0 891 891 0 895 895 0 3 3 0 896 896 0 5 5 0 63 63 0 897 897 0 898 898 0 879 879 0 880 880 0 58 58 0 57 57 0 899 899 0 900 900 0 55 55 0 901 901 0 53 53 0 902 902 0 903 903 0 904 904 0 905 905 0 906 906 0 907 907 0 29 29 0 908 908 0 909 909 0 910 910 0 911 911 0 42 42 0 41 41 0 912 912 0 913 913 0 49 49 0 914 914 0 46 46 0 915 915 0 916 916 0 68 68 0 917 917 0 66 66 0 918 918 0 919 919 0 920 920 0 71 71 0 921 921 0 69 69 0 922 922 0 923 923 0 924 924 0 925 925 0 926 926 0 927 927 0 928 928 0 929 929 0 930 930 0 931 931 0 930 930 0 932 932 0 933 933 0 934 934 0 935 935 0 936 936 0 933 933 0 937 937 0 937 937 0 938 938 0 939 939 0 940 940 0 941 941 0 942 942 0 941 941 0 943 943 0 944 944 0 945 945 0 946 946 0 947 947 0 946 946 0 948 948 0 949 949 0 948 948 0 950 950 0 951 951 0 950 950 0 952 952 0 951 951 0 953 953 0 954 954 0 955 955 0 956 956 0 957 957 0 958 958 0 959 959 0 960 960 0 961 961 0 962 962 0 963 963 0 960 960 0 964 964 0 965 965 0 962 962 0 966 966 0 967 967 0 968 968 0 969 969 0 970 970 0 967 967 0 971 971 0 969 969 0 972 972 0 973 973 0 974 974 0 975 975 0 976 976 0 977 977 0 978 978 0 978 978 0 979 979 0 980 980 0 981 981 0 980 980 0 982 982 0 982 982 0 983 983 0 984 984 0 985 985 0 986 986 0 987 987 0 988 988 0 989 989 0 985 985 0 989 989 0 990 990 0 991 991 0 990 990 0 992 992 0 993 993 0 994 994 0 995 995 0 996 996 0 997 997 0 998 998 0 999 999 0 1000 1000 0 1001 1001 0 1002 1002 0 1003 1003 0 1004 1004 0 1005 1005 0 1006 1006 0 1007 1007 0 1008 1008 0 1009 1009 0 1010 1010 0 1011 1011 0 1012 1012 0 1013 1013 0 1014 1014 0 1015 1015 0 1016 1016 0 1017 1017 0 1018 1018 0 1019 1019 0 1020 1020 0 1021 1021 0 1022 1022 0 1023 1023 0 1024 1024 0 1025 1025 0 1026 1026 0 1027 1027 0 1028 1028 0 1029 1029 0 1030 1030 0 1031 1031 0 1032 1032 0 1033 1033 0 1034 1034 0 1035 1035 0 1036 1036 0 1037 1037 0 1038 1038 0 1038 1038 0 1039 1039 0 1036 1036 0 1040 1040 0 1041 1041 0 1042 1042 0 1040 1040 0 1043 1043 0 1041 1041 0 1035 1035 0 1044 1044 0 1045 1045 0 1035 1035 0 1046 1046 0 1044 1044 0 1047 1047 0 1048 1048 0 1049 1049 0 1047 1047 0 1050 1050 0 1048 1048 0 1051 1051 0 1052 1052 0 1053 1053 0 1054 1054 0 1055 1055 0 1052 1052 0 1056 1056 0 1057 1057 0 1058 1058 0 1059 1059 0 1060 1060 0 1057 1057 0 1059 1059 0 1061 1061 0 1060 1060 0 1062 1062 0 1063 1063 0 1064 1064 0 1065 1065 0 1066 1066 0 1067 1067 0 1068 1068 0 1069 1069 0 1070 1070 0 1071 1071 0 1072 1072 0 1073 1073 0 1074 1074 0 1075 1075 0 1076 1076 0 1077 1077 0 1078 1078 0 1079 1079 0 1080 1080 0 1081 1081 0 1082 1082 0 1083 1083 0 1080 1080 0 1084 1084 0 1085 1085 0 1086 1086 0 1083 1083 0 1087 1087 0 1083 1083 0 1086 1086 0 1088 1088 0 1087 1087 0 1089 1089 0 1090 1090 0 1091 1091 0 1092 1092 0 1092 1092 0 1093 1093 0 1094 1094 0 1095 1095 0 1096 1096 0 1097 1097 0 1098 1098 0 1099 1099 0 1100 1100 0 1101 1101 0 1102 1102 0 1103 1103 0 1104 1104 0 1105 1105 0 1106 1106 0 1107 1107 0 1108 1108 0 1109 1109 0 1110 1110 0 1111 1111 0 1112 1112 0 1113 1113 0 1114 1114 0 1115 1115 0 1115 1115 0 1116 1116 0 1113 1113 0 1117 1117 0 1104 1104 0 1118 1118 0 1089 1089 0 1119 1119 0 1120 1120 0 1121 1121 0 1122 1122 0 1123 1123 0 1122 1122 0 1124 1124 0 1125 1125 0 1125 1125 0 1123 1123 0 1122 1122 0 1123 1123 0 1126 1126 0 1127 1127 0 1126 1126 0 1128 1128 0 1129 1129 0 1128 1128 0 1130 1130 0 1129 1129 0 1130 1130 0 1131 1131 0 1132 1132 0 1131 1131 0 1133 1133 0 1132 1132 0 1134 1134 0 1135 1135 0 1136 1136 0 1136 1136 0 1137 1137 0 1134 1134 0 1138 1138 0 1134 1134 0 1137 1137 0 1139 1139 0 1138 1138 0 1140 1140 0 1141 1141 0 1142 1142 0 1143 1143 0 1144 1144 0 1143 1143 0 1142 1142 0 1142 1142 0 1145 1145 0 1144 1144 0 1146 1146 0 1147 1147 0 1148 1148 0 1149 1149 0 1146 1146 0 1148 1148 0 1148 1148 0 1150 1150 0 1149 1149 0 1151 1151 0 1152 1152 0 1153 1153 0 1154 1154 0 1155 1155 0 1156 1156 0 1157 1157 0 1158 1158 0 1155 1155 0 1159 1159 0 1160 1160 0 1161 1161 0 1162 1162 0 1163 1163 0 1160 1160 0 1164 1164 0 1165 1165 0 1166 1166 0 1167 1167 0 1168 1168 0 1169 1169 0 1170 1170 0 1171 1171 0 1172 1172 0 1173 1173 0 1174 1174 0 1175 1175 0 1176 1176 0 1177 1177 0 1178 1178 0 1179 1179 0 1180 1180 0 1181 1181 0 1182 1182 0 1183 1183 0 1179 1179 0 1183 1183 0 1184 1184 0 1185 1185 0 1186 1186 0 1187 1187 0 1188 1188 0 1189 1189 0 1190 1190 0 1191 1191 0 1190 1190 0 1192 1192 0 1193 1193 0 1194 1194 0 1195 1195 0 1196 1196 0 1196 1196 0 1197 1197 0 1198 1198 0 1199 1199 0 1198 1198 0 1197 1197 0 1200 1200 0 1201 1201 0 1202 1202 0 1202 1202 0 1203 1203 0 1200 1200 0 1201 1201 0 1204 1204 0 1205 1205 0 1201 1201 0 1205 1205 0 1206 1206 0 1207 1207 0 1208 1208 0 1209 1209 0 1210 1210 0 1207 1207 0 1209 1209 0 1211 1211 0 1212 1212 0 1213 1213 0 1214 1214 0 1215 1215 0 1216 1216 0 1217 1217 0 1218 1218 0 1219 1219 0 1220 1220 0 1221 1221 0 1222 1222 0 1221 1221 0 1223 1223 0 1224 1224 0 1225 1225 0 1226 1226 0 1227 1227 0 1228 1228 0 1225 1225 0 1229 1229 0 1230 1230 0 1228 1228 0 1231 1231 0 1231 1231 0 1232 1232 0 1230 1230 0 1233 1233 0 1234 1234 0 1235 1235 0 1236 1236 0 1235 1235 0 1234 1234 0 1234 1234 0 1237 1237 0 1238 1238 0 1239 1239 0 1240 1240 0 1241 1241 0 1242 1242 0 1243 1243 0 1244 1244 0 1244 1244 0 1245 1245 0 1242 1242 0 1246 1246 0 1247 1247 0 1245 1245 0 1248 1248 0 1249 1249 0 1250 1250 0 1248 1248 0 1251 1251 0 1252 1252 0 1253 1253 0 1254 1254 0 1251 1251 0 1255 1255 0 1256 1256 0 1257 1257 0 1258 1258 0 1259 1259 0 1260 1260 0 1261 1261 0 1262 1262 0 1263 1263 0 1264 1264 0 1265 1265 0 1266 1266 0 1265 1265 0 1267 1267 0 1268 1268 0 1269 1269 0 1270 1270 0 1271 1271 0 1267 1267 0 1271 1271 0 1270 1270 0 1271 1271 0 1272 1272 0 1269 1269 0 1273 1273 0 1274 1274 0 1275 1275 0 1275 1275 0 1276 1276 0 1273 1273 0 1276 1276 0 1277 1277 0 1278 1278 0 1279 1279 0 1280 1280 0 1281 1281 0 1282 1282 0 1283 1283 0 1284 1284 0 1285 1285 0 1286 1286 0 1287 1287 0 1285 1285 0 1288 1288 0 1286 1286 0 1289 1289 0 1290 1290 0 1291 1291 0 1292 1292 0 1293 1293 0 1294 1294 0 1295 1295 0 1296 1296 0 1297 1297 0 1298 1298 0 1297 1297 0 1299 1299 0 1300 1300 0 1301 1301 0 1302 1302 0 1303 1303 0 1304 1304 0 1305 1305 0 1306 1306 0 1307 1307 0 1308 1308 0 1309 1309 0 1310 1310 0 1311 1311 0 1311 1311 0 1312 1312 0 1309 1309 0 1312 1312 0 1313 1313 0 1314 1314 0 1313 1313 0 1315 1315 0 1314 1314 0 1316 1316 0 1317 1317 0 1315 1315 0 1318 1318 0 1319 1319 0 1316 1316 0 1319 1319 0 1320 1320 0 1321 1321 0 1322 1322 0 1323 1323 0 1324 1324 0 1325 1325 0 1326 1326 0 1327 1327 0 1328 1328 0 1329 1329 0 1330 1330 0 1331 1331 0 1332 1332 0 1333 1333 0 1334 1334 0 1335 1335 0 1336 1336 0 1337 1337 0 1338 1338 0 1339 1339 0 1340 1340 0 1341 1341 0 1342 1342 0 1343 1343 0 1344 1344 0 1345 1345 0 1346 1346 0 1347 1347 0 1348 1348 0 1349 1349 0 1350 1350 0 1351 1351 0 1349 1349 0 1352 1352 0 1350 1350 0 1353 1353 0 1354 1354 0 1355 1355 0 1356 1356 0 1357 1357 0 1358 1358 0 1359 1359 0 1360 1360 0 1361 1361 0 1362 1362 0 1363 1363 0 1364 1364 0 1365 1365 0 1366 1366 0 1367 1367 0 1368 1368 0 1369 1369 0 1370 1370 0 1371 1371 0 1372 1372 0 1373 1373 0 1374 1374 0 1375 1375 0 1376 1376 0 1375 1375 0 1377 1377 0 1378 1378 0 1379 1379 0 1380 1380 0 1381 1381 0 1382 1382 0 1383 1383 0 1384 1384 0 1385 1385 0 1386 1386 0 1387 1387 0 1388 1388 0 1389 1389 0 1390 1390 0 1391 1391 0 1392 1392 0 1393 1393 0 1394 1394 0 1395 1395 0 1392 1392 0 1396 1396 0 1394 1394 0 1397 1397 0 1398 1398 0 1399 1399 0 1400 1400 0 1401 1401 0 1402 1402 0 1403 1403 0 1404 1404 0 1405 1405 0 1406 1406 0 1407 1407 0 1406 1406 0 1408 1408 0 1409 1409 0 1410 1410 0 1411 1411 0 1412 1412 0 1413 1413 0 1414 1414 0 1415 1415 0 1414 1414 0 1413 1413 0 1411 1411 0 1415 1415 0 1409 1409 0 1416 1416 0 1417 1417 0 1418 1418 0 1419 1419 0 1420 1420 0 1421 1421 0 1419 1419 0 1421 1421 0 1422 1422 0 1423 1423 0 1424 1424 0 1420 1420 0 1425 1425 0 1426 1426 0 1427 1427 0 1427 1427 0 1428 1428 0 1425 1425 0 1429 1429 0 1430 1430 0 1431 1431 0 1432 1432 0 1433 1433 0 1434 1434 0 1434 1434 0 1435 1435 0 1432 1432 0 1436 1436 0 1437 1437 0 1438 1438 0 1438 1438 0 1439 1439 0 1436 1436 0 1440 1440 0 1436 1436 0 1439 1439 0 1441 1441 0 1442 1442 0 1443 1443 0 1442 1442 0 1444 1444 0 1445 1445 0 1445 1445 0 1446 1446 0 1442 1442 0 1444 1444 0 1447 1447 0 1445 1445 0 1448 1448 0 1449 1449 0 1450 1450 0 1448 1448 0 1451 1451 0 1449 1449 0 1448 1448 0 1452 1452 0 1451 1451 0 1453 1453 0 1454 1454 0 1455 1455 0 1456 1456 0 1457 1457 0 1454 1454 0 1456 1456 0 1458 1458 0 1457 1457 0 1459 1459 0 1460 1460 0 1461 1461 0 1462 1462 0 1463 1463 0 1464 1464 0 1465 1465 0 1466 1466 0 1467 1467 0 1468 1468 0 1469 1469 0 1470 1470 0 1468 1468 0 1471 1471 0 1469 1469 0 1472 1472 0 1473 1473 0 1474 1474 0 1475 1475 0 1476 1476 0 1477 1477 0 1478 1478 0 1479 1479 0 1480 1480 0 1480 1480 0 1481 1481 0 1482 1482 0 1483 1483 0 1482 1482 0 1481 1481 0 1481 1481 0 1484 1484 0 1485 1485 0 1484 1484 0 1486 1486 0 1485 1485 0 1487 1487 0 1488 1488 0 1486 1486 0 1486 1486 0 1489 1489 0 1487 1487 0 1489 1489 0 1490 1490 0 1491 1491 0 1492 1492 0 1493 1493 0 1494 1494 0 1494 1494 0 1495 1495 0 1492 1492 0 1496 1496 0 1497 1497 0 1498 1498 0 1499 1499 0 1500 1500 0 1501 1501 0 1502 1502 0 1503 1503 0 1500 1500 0 1504 1504 0 1505 1505 0 1506 1506 0 1507 1507 0 1508 1508 0 1509 1509 0 1510 1510 0 1511 1511 0 1512 1512 0 1513 1513 0 1514 1514 0 1515 1515 0 1516 1516 0 554 554 0 1513 1513 0 1517 1517 0 547 547 0 1518 1518 0 538 538 0 537 537 0 1519 1519 0 1520 1520 0 1521 1521 0 1522 1522 0 527 527 0 526 526 0 1523 1523 0 1524 1524 0 1525 1525 0 1526 1526 0 523 523 0 522 522 0 493 493 0 1511 1511 0 1527 1527 0 1512 1512 0 1528 1528 0 1529 1529 0 1530 1530 0 1531 1531 0 1528 1528 0 1532 1532 0 1532 1532 0 1533 1533 0 1531 1531 0 1532 1532 0 1534 1534 0 1533 1533 0 1505 1505 0 1504 1504 0 1535 1535 0 1536 1536 0 1491 1491 0 1537 1537 0 1538 1538 0 1487 1487 0 1489 1489 0 1539 1539 0 1540 1540 0 1541 1541 0 1542 1542 0 1543 1543 0 1544 1544 0 1541 1541 0 1544 1544 0 1543 1543 0 1544 1544 0 1545 1545 0 1542 1542 0 1546 1546 0 1547 1547 0 1473 1473 0 1473 1473 0 1548 1548 0 1546 1546 0 1473 1473 0 1472 1472 0 1548 1548 0 1470 1470 0 1549 1549 0 1468 1468 0 1550 1550 0 1551 1551 0 1552 1552 0 1466 1466 0 1553 1553 0 1554 1554 0 1466 1466 0 1465 1465 0 1553 1553 0 1463 1463 0 1462 1462 0 1555 1555 0 1460 1460 0 1459 1459 0 1556 1556 0 1557 1557 0 1558 1558 0 1559 1559 0 1447 1447 0 1444 1444 0 1560 1560 0 1430 1430 0 1561 1561 0 1431 1431 0 1562 1562 0 1563 1563 0 1564 1564 0 1428 1428 0 1565 1565 0 1566 1566 0 1567 1567 0 1568 1568 0 1569 1569 0 1568 1568 0 1570 1570 0 1571 1571 0 1424 1424 0 1572 1572 0 1573 1573 0 1574 1574 0 1403 1403 0 1402 1402 0 1575 1575 0 1398 1398 0 1576 1576 0 1577 1577 0 1578 1578 0 1579 1579 0 1580 1580 0 1581 1581 0 1582 1582 0 1583 1583 0 1582 1582 0 1581 1581 0 1579 1579 0 1580 1580 0 1577 1577 0 1578 1578 0 1584 1584 0 1585 1585 0 1586 1586 0 1587 1587 0 1588 1588 0 1589 1589 0 1590 1590 0 1587 1587 0 1591 1591 0 1592 1592 0 1593 1593 0 1594 1594 0 1593 1593 0 1592 1592 0 1592 1592 0 1595 1595 0 1594 1594 0 1596 1596 0 1597 1597 0 1598 1598 0 1599 1599 0 1600 1600 0 1596 1596 0 1601 1601 0 1602 1602 0 1600 1600 0 1603 1603 0 1604 1604 0 1605 1605 0 1604 1604 0 1606 1606 0 1607 1607 0 1608 1608 0 1609 1609 0 1610 1610 0 1609 1609 0 1389 1389 0 1611 1611 0 1389 1389 0 1612 1612 0 1613 1613 0 1389 1389 0 1388 1388 0 1612 1612 0 1614 1614 0 1615 1615 0 1616 1616 0 1617 1617 0 1614 1614 0 1616 1616 0 1616 1616 0 1618 1618 0 1617 1617 0 1619 1619 0 1620 1620 0 1621 1621 0 1622 1622 0 1623 1623 0 1620 1620 0 1624 1624 0 1625 1625 0 1626 1626 0 1627 1627 0 1624 1624 0 1628 1628 0 1629 1629 0 1630 1630 0 1631 1631 0 1632 1632 0 1633 1633 0 1630 1630 0 1630 1630 0 1634 1634 0 1632 1632 0 1635 1635 0 1379 1379 0 1636 1636 0 1637 1637 0 1638 1638 0 1639 1639 0 1640 1640 0 1641 1641 0 1642 1642 0 1640 1640 0 1377 1377 0 1641 1641 0 1643 1643 0 1644 1644 0 1645 1645 0 1646 1646 0 1647 1647 0 1643 1643 0 1648 1648 0 1649 1649 0 1650 1650 0 1650 1650 0 1651 1651 0 1652 1652 0 1651 1651 0 1653 1653 0 1652 1652 0 1373 1373 0 1654 1654 0 1655 1655 0 1373 1373 0 1655 1655 0 1656 1656 0 1370 1370 0 1365 1365 0 1657 1657 0 1367 1367 0 1658 1658 0 1659 1659 0 1364 1364 0 1660 1660 0 1661 1661 0 1662 1662 0 1663 1663 0 1664 1664 0 1665 1665 0 1666 1666 0 1667 1667 0 1354 1354 0 1353 1353 0 1668 1668 0 1669 1669 0 1670 1670 0 1671 1671 0 1672 1672 0 1673 1673 0 1674 1674 0 1675 1675 0 1676 1676 0 1673 1673 0 1675 1675 0 1677 1677 0 1676 1676 0 1672 1672 0 1674 1674 0 1678 1678 0 1344 1344 0 1343 1343 0 1679 1679 0 1341 1341 0 1680 1680 0 1681 1681 0 1682 1682 0 1683 1683 0 1353 1353 0 1335 1335 0 1684 1684 0 1337 1337 0 1332 1332 0 1685 1685 0 1686 1686 0 1329 1329 0 1328 1328 0 1687 1687 0 1326 1326 0 1325 1325 0 1688 1688 0 1323 1323 0 1689 1689 0 1690 1690 0 1320 1320 0 1691 1691 0 1692 1692 0 1693 1693 0 1694 1694 0 1695 1695 0 1696 1696 0 1697 1697 0 1698 1698 0 1699 1699 0 1700 1700 0 1701 1701 0 1701 1701 0 1702 1702 0 1699 1699 0 1703 1703 0 1699 1699 0 1702 1702 0 1704 1704 0 1705 1705 0 1706 1706 0 1707 1707 0 1708 1708 0 1709 1709 0 1709 1709 0 1710 1710 0 1707 1707 0 1711 1711 0 1707 1707 0 1710 1710 0 1712 1712 0 1698 1698 0 1711 1711 0 1713 1713 0 1696 1696 0 1714 1714 0 1715 1715 0 1716 1716 0 1717 1717 0 1718 1718 0 1719 1719 0 1720 1720 0 1718 1718 0 1721 1721 0 1719 1719 0 1718 1718 0 1722 1722 0 1721 1721 0 1290 1290 0 1289 1289 0 1723 1723 0 1724 1724 0 1285 1285 0 1725 1725 0 1726 1726 0 1727 1727 0 1728 1728 0 1729 1729 0 1730 1730 0 1731 1731 0 1277 1277 0 1276 1276 0 1732 1732 0 1733 1733 0 1734 1734 0 1735 1735 0 1736 1736 0 1735 1735 0 1737 1737 0 1737 1737 0 1738 1738 0 1739 1739 0 1740 1740 0 1741 1741 0 1742 1742 0 1743 1743 0 1744 1744 0 1740 1740 0 1744 1744 0 1745 1745 0 1746 1746 0 1747 1747 0 1748 1748 0 1745 1745 0 1745 1745 0 1749 1749 0 1747 1747 0 1750 1750 0 1751 1751 0 1752 1752 0 1753 1753 0 1754 1754 0 1755 1755 0 1751 1751 0 1756 1756 0 1757 1757 0 1753 1753 0 1755 1755 0 1756 1756 0 1758 1758 0 1759 1759 0 1760 1760 0 1758 1758 0 1761 1761 0 1759 1759 0 1762 1762 0 1763 1763 0 1258 1258 0 1764 1764 0 1765 1765 0 1766 1766 0 1245 1245 0 1244 1244 0 1246 1246 0 1241 1241 0 1767 1767 0 1239 1239 0 1768 1768 0 1230 1230 0 1233 1233 0 1769 1769 0 1770 1770 0 1771 1771 0 1772 1772 0 1773 1773 0 1774 1774 0 1773 1773 0 1775 1775 0 1774 1774 0 1776 1776 0 1777 1777 0 1775 1775 0 1778 1778 0 1779 1779 0 1780 1780 0 1212 1212 0 1214 1214 0 1213 1213 0 1781 1781 0 1209 1209 0 1782 1782 0 1783 1783 0 1784 1784 0 1781 1781 0 1785 1785 0 1204 1204 0 1786 1786 0 1204 1204 0 1201 1201 0 1787 1787 0 1788 1788 0 1789 1789 0 1790 1790 0 1791 1791 0 1792 1792 0 1793 1793 0 1794 1794 0 1791 1791 0 1793 1793 0 1795 1795 0 1796 1796 0 1797 1797 0 1798 1798 0 1797 1797 0 1796 1796 0 1789 1789 0 1798 1798 0 1796 1796 0 1790 1790 0 1799 1799 0 1788 1788 0 1800 1800 0 1801 1801 0 1802 1802 0 1800 1800 0 1803 1803 0 1801 1801 0 1187 1187 0 1186 1186 0 1804 1804 0 1805 1805 0 1806 1806 0 1807 1807 0 1808 1808 0 1809 1809 0 1810 1810 0 1811 1811 0 1812 1812 0 1813 1813 0 1812 1812 0 1814 1814 0 1813 1813 0 1814 1814 0 1808 1808 0 1815 1815 0 1808 1808 0 1816 1816 0 1815 1815 0 1817 1817 0 1818 1818 0 1819 1819 0 1817 1817 0 1820 1820 0 1818 1818 0 1817 1817 0 1819 1819 0 1821 1821 0 1822 1822 0 1823 1823 0 1824 1824 0 1825 1825 0 1826 1826 0 1823 1823 0 1827 1827 0 1828 1828 0 1164 1164 0 1827 1827 0 1162 1162 0 1828 1828 0 1135 1135 0 1829 1829 0 1136 1136 0 1830 1830 0 1831 1831 0 1832 1832 0 1831 1831 0 1833 1833 0 1834 1834 0 1833 1833 0 1835 1835 0 1836 1836 0 1837 1837 0 1838 1838 0 1836 1836 0 1839 1839 0 1840 1840 0 1841 1841 0 1109 1109 0 1110 1110 0 1107 1107 0 1842 1842 0 1843 1843 0 1844 1844 0 1844 1844 0 1845 1845 0 1846 1846 0 1844 1844 0 1847 1847 0 1845 1845 0 1848 1848 0 1849 1849 0 1850 1850 0 1108 1108 0 1107 1107 0 1851 1851 0 1852 1852 0 1853 1853 0 1854 1854 0 1116 1116 0 1115 1115 0 1855 1855 0 1856 1856 0 1857 1857 0 1858 1858 0 1859 1859 0 1860 1860 0 1861 1861 0 1862 1862 0 1863 1863 0 1859 1859 0 1863 1863 0 1864 1864 0 1865 1865 0 1866 1866 0 1865 1865 0 1867 1867 0 1867 1867 0 1868 1868 0 1869 1869 0 1870 1870 0 1869 1869 0 1871 1871 0 1872 1872 0 1873 1873 0 1874 1874 0 1875 1875 0 1876 1876 0 1877 1877 0 1877 1877 0 1878 1878 0 1879 1879 0 1880 1880 0 1879 1879 0 1881 1881 0 1882 1882 0 1880 1880 0 1881 1881 0 1883 1883 0 1884 1884 0 1885 1885 0 1886 1886 0 1883 1883 0 1887 1887 0 1888 1888 0 1886 1886 0 1887 1887 0 1889 1889 0 1890 1890 0 1891 1891 0 1887 1887 0 1892 1892 0 1893 1893 0 1894 1894 0 1895 1895 0 1892 1892 0 1896 1896 0 1897 1897 0 1898 1898 0 1899 1899 0 1900 1900 0 1901 1901 0 1899 1899 0 1901 1901 0 1902 1902 0 1896 1896 0 1903 1903 0 1904 1904 0 1896 1896 0 1904 1904 0 1897 1897 0 1072 1072 0 1905 1905 0 1906 1906 0 1072 1072 0 1071 1071 0 1905 1905 0 1069 1069 0 1068 1068 0 1907 1907 0 1066 1066 0 1065 1065 0 1908 1908 0 1063 1063 0 1062 1062 0 1909 1909 0 1910 1910 0 1059 1059 0 1911 1911 0 1912 1912 0 1913 1913 0 1914 1914 0 1915 1915 0 1916 1916 0 1917 1917 0 1918 1918 0 1915 1915 0 1919 1919 0 1919 1919 0 1920 1920 0 1921 1921 0 1919 1919 0 1921 1921 0 1922 1922 0 1923 1923 0 1924 1924 0 1925 1925 0 1031 1031 0 1926 1926 0 1927 1927 0 1028 1028 0 1027 1027 0 1030 1030 0 1029 1029 0 1928 1928 0 1929 1929 0 1026 1026 0 1930 1930 0 1024 1024 0 1019 1019 0 1018 1018 0 1931 1931 0 1020 1020 0 1015 1015 0 1932 1932 0 1017 1017 0 1933 1933 0 1934 1934 0 1013 1013 0 1935 1935 0 1936 1936 0 1010 1010 0 1009 1009 0 1937 1937 0 1007 1007 0 1006 1006 0 1938 1938 0 1001 1001 0 1939 1939 0 1003 1003 0 998 998 0 1940 1940 0 1941 1941 0 998 998 0 997 997 0 1940 1940 0 993 993 0 992 992 0 994 994 0 1942 1942 0 1943 1943 0 1944 1944 0 1943 1943 0 1945 1945 0 1946 1946 0 1947 1947 0 1946 1946 0 1945 1945 0 1948 1948 0 1949 1949 0 1950 1950 0 1951 1951 0 1948 1948 0 1952 1952 0 1953 1953 0 1951 1951 0 1954 1954 0 1955 1955 0 1956 1956 0 1957 1957 0 1957 1957 0 1958 1958 0 1959 1959 0 1960 1960 0 1961 1961 0 1962 1962 0 1961 1961 0 1963 1963 0 1964 1964 0 926 926 0 1964 1964 0 927 927 0 1965 1965 0 922 922 0 925 925 0 923 923 0 1966 1966 0 924 924 0 1967 1967 0 1968 1968 0 1969 1969 0 921 921 0 1970 1970 0 69 69 0 1970 1970 0 918 918 0 920 920 0 1971 1971 0 1972 1972 0 895 895 0 1 1 0 1973 1973 0 1974 1974 0 1975 1975 0 1976 1976 0 1977 1977 0 1977 1977 0 1978 1978 0 1975 1975 0 67 67 0 1979 1979 0 2 2 0 1980 1980 0 1981 1981 0 1982 1982 0 54 54 0 14 14 0 32 32 0 1983 1983 0 1984 1984 0 1985 1985 0 1986 1986 0 24 24 0 12 12 0 25 25 0 23 23 0 22 22 0 39 39 0 1987 1987 0 1988 1988 0 35 35 0 37 37 0 65 65 0 65 65 0 36 36 0 35 35 0 905 905 0 1989 1989 0 907 907 0 910 910 0 1990 1990 0 42 42 0 49 49 0 913 913 0 50 50 0 44 44 0 48 48 0 45 45 0 1982 1982 0 1991 1991 0 1980 1980 0 55 55 0 900 900 0 56 56 0 1981 1981 0 21 21 0 1982 1982 0 1991 1991 0 60 60 0 1980 1980 0 1992 1992 0 1993 1993 0 7 7 0 917 917 0 62 62 0 66 66 0 3 3 0 895 895 0 4 4 0 1994 1994 0 920 920 0 919 919 0 1995 1995 0 74 74 0 73 73 0 79 79 0 1996 1996 0 78 78 0 1997 1997 0 82 82 0 81 81 0 84 84 0 1998 1998 0 85 85 0 87 87 0 83 83 0 88 88 0 88 88 0 89 89 0 86 86 0 90 90 0 94 94 0 93 93 0 94 94 0 98 98 0 95 95 0 99 99 0 101 101 0 1999 1999 0 104 104 0 106 106 0 2000 2000 0 874 874 0 112 112 0 875 875 0 112 112 0 115 115 0 113 113 0 119 119 0 2001 2001 0 116 116 0 120 120 0 870 870 0 121 121 0 867 867 0 2002 2002 0 124 124 0 126 126 0 131 131 0 127 127 0 132 132 0 134 134 0 864 864 0 138 138 0 140 140 0 2003 2003 0 150 150 0 2004 2004 0 148 148 0 147 147 0 150 150 0 144 144 0 2005 2005 0 151 151 0 158 158 0 162 162 0 2006 2006 0 163 163 0 164 164 0 161 161 0 159 159 0 167 167 0 2007 2007 0 165 165 0 837 837 0 836 836 0 2008 2008 0 171 171 0 168 168 0 169 169 0 172 172 0 2008 2008 0 173 173 0 177 177 0 182 182 0 178 178 0 831 831 0 830 830 0 2009 2009 0 185 185 0 190 190 0 186 186 0 193 193 0 195 195 0 192 192 0 2010 2010 0 201 201 0 197 197 0 205 205 0 2011 2011 0 825 825 0 221 221 0 2012 2012 0 2013 2013 0 2012 2012 0 2014 2014 0 212 212 0 210 210 0 214 214 0 211 211 0 215 215 0 219 219 0 216 216 0 2015 2015 0 222 222 0 221 221 0 817 817 0 225 225 0 2016 2016 0 815 815 0 2017 2017 0 227 227 0 233 233 0 811 811 0 231 231 0 236 236 0 233 233 0 232 232 0 244 244 0 247 247 0 243 243 0 242 242 0 244 244 0 241 241 0 2018 2018 0 805 805 0 245 245 0 251 251 0 253 253 0 252 252 0 255 255 0 252 252 0 253 253 0 2019 2019 0 788 788 0 792 792 0 260 260 0 2020 2020 0 261 261 0 270 270 0 262 262 0 271 271 0 2021 2021 0 266 266 0 259 259 0 268 268 0 264 264 0 267 267 0 2022 2022 0 2023 2023 0 2024 2024 0 273 273 0 2022 2022 0 272 272 0 276 276 0 2025 2025 0 2026 2026 0 279 279 0 281 281 0 278 278 0 285 285 0 287 287 0 2027 2027 0 288 288 0 290 290 0 286 286 0 291 291 0 293 293 0 2028 2028 0 294 294 0 776 776 0 296 296 0 2029 2029 0 2030 2030 0 283 283 0 771 771 0 300 300 0 769 769 0 305 305 0 2031 2031 0 762 762 0 311 311 0 760 760 0 308 308 0 312 312 0 2032 2032 0 310 310 0 313 313 0 317 317 0 314 314 0 318 318 0 322 322 0 319 319 0 323 323 0 2033 2033 0 324 324 0 332 332 0 334 334 0 336 336 0 335 335 0 339 339 0 338 338 0 341 341 0 343 343 0 2034 2034 0 357 357 0 2035 2035 0 2036 2036 0 2037 2037 0 2038 2038 0 348 348 0 2038 2038 0 349 349 0 348 348 0 710 710 0 352 352 0 713 713 0 360 360 0 2037 2037 0 354 354 0 2039 2039 0 2040 2040 0 353 353 0 367 367 0 713 713 0 368 368 0 365 365 0 364 364 0 367 367 0 372 372 0 374 374 0 2041 2041 0 375 375 0 377 377 0 2042 2042 0 690 690 0 689 689 0 382 382 0 2043 2043 0 386 386 0 2044 2044 0 390 390 0 393 393 0 391 391 0 396 396 0 398 398 0 394 394 0 2045 2045 0 403 403 0 402 402 0 2046 2046 0 401 401 0 406 406 0 2047 2047 0 413 413 0 409 409 0 2048 2048 0 414 414 0 416 416 0 564 564 0 2049 2049 0 421 421 0 564 564 0 563 563 0 2049 2049 0 436 436 0 428 428 0 430 430 0 433 433 0 430 430 0 429 429 0 429 429 0 434 434 0 433 433 0 432 432 0 417 417 0 440 440 0 2050 2050 0 439 439 0 438 438 0 427 427 0 444 444 0 443 443 0 626 626 0 2051 2051 0 446 446 0 447 447 0 449 449 0 2052 2052 0 450 450 0 454 454 0 451 451 0 458 458 0 460 460 0 563 563 0 461 461 0 465 465 0 463 463 0 605 605 0 603 603 0 470 470 0 590 590 0 2053 2053 0 473 473 0 478 478 0 596 596 0 479 479 0 481 481 0 2054 2054 0 483 483 0 2055 2055 0 485 485 0 487 487 0 2056 2056 0 492 492 0 491 491 0 508 508 0 507 507 0 510 510 0 500 500 0 498 498 0 497 497 0 501 501 0 505 505 0 504 504 0 504 504 0 502 502 0 501 501 0 509 509 0 2057 2057 0 507 507 0 510 510 0 558 558 0 511 511 0 512 512 0 514 514 0 2058 2058 0 515 515 0 555 555 0 517 517 0 493 493 0 495 495 0 523 523 0 518 518 0 520 520 0 2059 2059 0 525 525 0 529 529 0 524 524 0 535 535 0 539 539 0 536 536 0 531 531 0 533 533 0 1520 1520 0 540 540 0 542 542 0 2060 2060 0 2061 2061 0 549 549 0 2062 2062 0 547 547 0 1517 1517 0 550 550 0 551 551 0 553 553 0 2063 2063 0 2059 2059 0 557 557 0 2064 2064 0 562 562 0 617 617 0 560 560 0 570 570 0 566 566 0 568 568 0 576 576 0 570 570 0 574 574 0 2065 2065 0 577 577 0 573 573 0 465 465 0 461 461 0 614 614 0 587 587 0 581 581 0 589 589 0 589 589 0 584 584 0 587 587 0 593 593 0 606 606 0 594 594 0 596 596 0 597 597 0 595 595 0 476 476 0 475 475 0 478 478 0 473 473 0 472 472 0 2066 2066 0 599 599 0 602 602 0 600 600 0 457 457 0 464 464 0 455 455 0 611 611 0 613 613 0 609 609 0 616 616 0 2067 2067 0 617 617 0 2068 2068 0 623 623 0 2069 2069 0 2051 2051 0 626 626 0 625 625 0 2070 2070 0 629 629 0 628 628 0 2071 2071 0 635 635 0 636 636 0 2072 2072 0 639 639 0 637 637 0 643 643 0 2073 2073 0 641 641 0 2073 2073 0 645 645 0 641 641 0 2074 2074 0 646 646 0 647 647 0 2075 2075 0 650 650 0 652 652 0 655 655 0 653 653 0 651 651 0 658 658 0 662 662 0 664 664 0 663 663 0 2076 2076 0 664 664 0 2077 2077 0 2078 2078 0 2079 2079 0 666 666 0 668 668 0 667 667 0 672 672 0 667 667 0 669 669 0 680 680 0 677 677 0 676 676 0 678 678 0 2080 2080 0 679 679 0 2081 2081 0 681 681 0 2082 2082 0 687 687 0 2081 2081 0 2082 2082 0 386 386 0 2043 2043 0 684 684 0 2083 2083 0 683 683 0 682 682 0 692 692 0 695 695 0 693 693 0 376 376 0 697 697 0 378 378 0 2084 2084 0 700 700 0 2085 2085 0 698 698 0 702 702 0 701 701 0 351 351 0 350 350 0 703 703 0 705 705 0 707 707 0 2086 2086 0 708 708 0 704 704 0 709 709 0 352 352 0 712 712 0 350 350 0 724 724 0 722 722 0 721 721 0 725 725 0 2087 2087 0 723 723 0 729 729 0 720 720 0 722 722 0 726 726 0 733 733 0 727 727 0 731 731 0 735 735 0 734 734 0 2088 2088 0 723 723 0 2089 2089 0 2033 2033 0 323 323 0 755 755 0 737 737 0 741 741 0 738 738 0 741 741 0 2090 2090 0 746 746 0 748 748 0 2091 2091 0 739 739 0 327 327 0 326 326 0 749 749 0 754 754 0 756 756 0 753 753 0 325 325 0 2092 2092 0 2093 2093 0 2094 2094 0 744 744 0 757 757 0 304 304 0 307 307 0 309 309 0 763 763 0 766 766 0 765 765 0 768 768 0 2095 2095 0 770 770 0 772 772 0 769 769 0 300 300 0 2096 2096 0 2097 2097 0 774 774 0 2098 2098 0 777 777 0 2099 2099 0 284 284 0 288 288 0 282 282 0 779 779 0 2100 2100 0 780 780 0 280 280 0 279 279 0 2101 2101 0 790 790 0 791 791 0 788 788 0 793 793 0 795 795 0 256 256 0 798 798 0 800 800 0 799 799 0 803 803 0 804 804 0 805 805 0 2102 2102 0 806 806 0 238 238 0 810 810 0 2103 2103 0 808 808 0 813 813 0 2104 2104 0 814 814 0 230 230 0 2017 2017 0 815 815 0 818 818 0 820 820 0 819 819 0 824 824 0 821 821 0 822 822 0 826 826 0 206 206 0 205 205 0 192 192 0 829 829 0 193 193 0 833 833 0 835 835 0 2105 2105 0 2106 2106 0 838 838 0 2107 2107 0 176 176 0 840 840 0 174 174 0 2006 2006 0 2108 2108 0 842 842 0 845 845 0 846 846 0 848 848 0 847 847 0 851 851 0 849 849 0 857 857 0 2109 2109 0 855 855 0 2003 2003 0 2110 2110 0 138 138 0 139 139 0 138 138 0 861 861 0 864 864 0 865 865 0 132 132 0 870 870 0 871 871 0 123 123 0 93 93 0 91 91 0 90 90 0 879 879 0 2111 2111 0 877 877 0 2111 2111 0 882 882 0 877 877 0 882 882 0 883 883 0 885 885 0 884 884 0 888 888 0 887 887 0 2112 2112 0 893 893 0 892 892 0 893 893 0 2113 2113 0 894 894 0 64 64 0 1992 1992 0 63 63 0 11 11 0 899 899 0 2114 2114 0 52 52 0 51 51 0 55 55 0 19 19 0 18 18 0 902 902 0 907 907 0 908 908 0 905 905 0 909 909 0 911 911 0 2115 2115 0 1984 1984 0 40 40 0 27 27 0 2 2 0 68 68 0 67 67 0 2116 2116 0 69 69 0 1970 1970 0 1968 1968 0 924 924 0 1966 1966 0 929 929 0 932 932 0 930 930 0 934 934 0 931 931 0 935 935 0 2117 2117 0 939 939 0 938 938 0 943 943 0 945 945 0 947 947 0 951 951 0 2118 2118 0 948 948 0 958 958 0 2119 2119 0 956 956 0 2119 2119 0 959 959 0 956 956 0 963 963 0 961 961 0 960 960 0 2120 2120 0 962 962 0 965 965 0 965 965 0 966 966 0 968 968 0 967 967 0 2121 2121 0 969 969 0 975 975 0 971 971 0 972 972 0 974 974 0 978 978 0 977 977 0 979 979 0 982 982 0 980 980 0 986 986 0 984 984 0 987 987 0 2122 2122 0 991 991 0 990 990 0 997 997 0 999 999 0 995 995 0 1941 1941 0 1002 1002 0 2123 2123 0 1012 1012 0 1014 1014 0 1010 1010 0 1015 1015 0 1020 1020 0 1016 1016 0 1021 1021 0 1026 1026 0 1022 1022 0 1030 1030 0 1032 1032 0 1028 1028 0 2124 2124 0 2125 2125 0 1039 1039 0 2126 2126 0 2127 2127 0 1046 1046 0 1035 1035 0 1045 1045 0 1033 1033 0 1047 1047 0 1049 1049 0 2127 2127 0 1051 1051 0 1053 1053 0 2128 2128 0 2129 2129 0 2130 2130 0 1910 1910 0 1059 1059 0 1910 1910 0 1061 1061 0 1065 1065 0 1067 1067 0 1063 1063 0 1906 1906 0 2131 2131 0 1072 1072 0 1086 1086 0 1089 1089 0 1087 1087 0 1094 1094 0 1090 1090 0 1092 1092 0 1097 1097 0 1094 1094 0 1095 1095 0 1096 1096 0 1098 1098 0 1100 1100 0 1105 1105 0 1101 1101 0 1103 1103 0 1110 1110 0 1109 1109 0 1111 1111 0 1854 1854 0 2132 2132 0 1852 1852 0 1114 1114 0 2133 2133 0 1115 1115 0 1855 1855 0 1852 1852 0 1116 1116 0 2134 2134 0 1125 1125 0 1124 1124 0 2135 2135 0 1121 1121 0 1123 1123 0 1129 1129 0 1127 1127 0 1126 1126 0 2136 2136 0 2137 2137 0 1130 1130 0 1132 1132 0 2136 2136 0 1130 1130 0 1137 1137 0 1140 1140 0 1138 1138 0 2138 2138 0 2139 2139 0 2140 2140 0 1143 1143 0 2138 2138 0 1141 1141 0 2141 2141 0 1144 1144 0 1145 1145 0 1159 1159 0 2142 2142 0 1158 1158 0 1151 1151 0 1153 1153 0 1150 1150 0 1156 1156 0 2143 2143 0 1154 1154 0 1162 1162 0 1827 1827 0 1163 1163 0 2144 2144 0 2145 2145 0 1171 1171 0 2146 2146 0 1175 1175 0 1174 1174 0 2147 2147 0 1178 1178 0 1177 1177 0 2148 2148 0 1179 1179 0 1183 1183 0 1191 1191 0 2149 2149 0 1189 1189 0 2150 2150 0 1196 1196 0 1195 1195 0 1198 1198 0 1194 1194 0 1196 1196 0 1206 1206 0 1202 1202 0 1201 1201 0 1197 1197 0 1200 1200 0 1203 1203 0 1208 1208 0 1782 1782 0 1209 1209 0 1209 1209 0 1211 1211 0 1210 1210 0 1217 1217 0 2151 2151 0 1216 1216 0 2152 2152 0 1222 1222 0 1221 1221 0 2153 2153 0 1224 1224 0 1227 1227 0 1227 1227 0 1229 1229 0 1225 1225 0 1229 1229 0 1231 1231 0 1228 1228 0 1238 1238 0 1236 1236 0 1234 1234 0 1239 1239 0 1767 1767 0 1238 1238 0 1246 1246 0 2154 2154 0 1247 1247 0 1243 1243 0 2155 2155 0 1244 1244 0 1248 1248 0 1252 1252 0 1249 1249 0 1765 1765 0 1764 1764 0 1256 1256 0 1263 1263 0 2156 2156 0 1261 1261 0 1270 1270 0 1268 1268 0 1267 1267 0 2157 2157 0 1269 1269 0 2158 2158 0 1276 1276 0 1278 1278 0 1273 1273 0 1279 1279 0 1281 1281 0 1277 1277 0 2159 2159 0 1284 1284 0 1726 1726 0 1282 1282 0 1287 1287 0 1283 1283 0 1285 1285 0 1724 1724 0 1288 1288 0 1266 1266 0 2160 2160 0 1264 1264 0 1299 1299 0 1300 1300 0 1298 1298 0 2161 2161 0 1302 1302 0 1301 1301 0 1304 1304 0 1308 1308 0 1307 1307 0 1310 1310 0 2162 2162 0 1311 1311 0 1314 1314 0 2163 2163 0 1312 1312 0 1317 1317 0 1314 1314 0 1315 1315 0 2162 2162 0 1306 1306 0 1311 1311 0 1690 1690 0 2164 2164 0 1323 1323 0 1686 1686 0 2165 2165 0 1332 1332 0 2166 2166 0 2167 2167 0 1338 1338 0 1681 1681 0 2168 2168 0 1341 1341 0 1683 1683 0 1682 1682 0 1669 1669 0 1353 1353 0 1355 1355 0 1682 1682 0 1356 1356 0 1358 1358 0 2169 2169 0 1660 1660 0 1364 1364 0 2170 2170 0 1658 1658 0 1367 1367 0 2171 2171 0 1384 1384 0 1627 1627 0 1382 1382 0 1390 1390 0 2172 2172 0 2173 2173 0 1393 1393 0 1598 1598 0 1391 1391 0 1397 1397 0 2174 2174 0 1396 1396 0 1399 1399 0 2175 2175 0 1400 1400 0 2176 2176 0 1404 1404 0 2177 2177 0 1405 1405 0 1408 1408 0 1406 1406 0 2178 2178 0 1411 1411 0 1410 1410 0 1413 1413 0 1409 1409 0 1415 1415 0 1417 1417 0 2179 2179 0 1418 1418 0 1422 1422 0 1416 1416 0 1419 1419 0 1569 1569 0 1427 1427 0 1426 1426 0 1566 1566 0 1425 1425 0 1428 1428 0 1564 1564 0 1434 1434 0 1433 1433 0 1434 1434 0 2180 2180 0 1435 1435 0 1443 1443 0 2181 2181 0 1441 1441 0 2181 2181 0 1440 1440 0 1441 1441 0 1446 1446 0 2182 2182 0 1442 1442 0 2183 2183 0 2184 2184 0 1447 1447 0 2185 2185 0 1450 1450 0 2186 2186 0 1558 1558 0 1557 1557 0 1452 1452 0 1453 1453 0 1455 1455 0 2187 2187 0 1456 1456 0 1461 1461 0 1458 1458 0 1549 1549 0 1470 1470 0 2188 2188 0 2189 2189 0 1477 1477 0 1476 1476 0 1479 1479 0 2190 2190 0 1480 1480 0 1482 1482 0 1478 1478 0 1480 1480 0 2191 2191 0 1485 1485 0 1486 1486 0 1488 1488 0 2191 2191 0 1486 1486 0 1537 1537 0 1494 1494 0 1493 1493 0 1494 1494 0 1498 1498 0 1495 1495 0 1499 1499 0 1501 1501 0 2192 2192 0 1507 1507 0 1509 1509 0 1505 1505 0 1517 1517 0 1518 1518 0 2193 2193 0 538 538 0 1519 1519 0 2194 2194 0 1524 1524 0 1526 1526 0 526 526 0 2195 2195 0 493 493 0 1525 1525 0 1527 1527 0 1530 1530 0 2196 2196 0 1530 1530 0 1532 1532 0 1528 1528 0 1508 1508 0 2197 2197 0 1534 1534 0 1505 1505 0 1535 1535 0 1507 1507 0 1543 1543 0 1539 1539 0 1541 1541 0 1471 1471 0 1468 1468 0 2198 2198 0 1547 1547 0 2199 2199 0 2200 2200 0 1471 1471 0 2198 2198 0 1472 1472 0 2188 2188 0 2201 2201 0 1549 1549 0 1466 1466 0 1554 1554 0 1551 1551 0 1447 1447 0 1560 1560 0 2183 2183 0 1571 1571 0 1569 1569 0 1568 1568 0 2202 2202 0 1576 1576 0 1398 1398 0 1582 1582 0 1577 1577 0 1580 1580 0 1585 1585 0 2203 2203 0 1578 1578 0 2204 2204 0 1589 1589 0 1591 1591 0 1593 1593 0 2205 2205 0 1591 1591 0 1595 1595 0 2206 2206 0 1594 1594 0 1597 1597 0 1391 1391 0 1598 1598 0 2207 2207 0 1596 1596 0 1600 1600 0 2208 2208 0 1603 1603 0 1605 1605 0 2209 2209 0 1607 1607 0 1606 1606 0 1611 1611 0 2210 2210 0 1609 1609 0 1613 1613 0 1611 1611 0 1389 1389 0 1618 1618 0 2211 2211 0 1617 1617 0 2211 2211 0 2212 2212 0 1617 1617 0 1621 1621 0 2213 2213 0 1619 1619 0 1625 1625 0 1629 1629 0 1626 1626 0 1626 1626 0 1628 1628 0 1624 1624 0 1635 1635 0 1636 1636 0 1634 1634 0 1381 1381 0 2214 2214 0 1379 1379 0 1640 1640 0 1642 1642 0 1638 1638 0 1644 1644 0 2215 2215 0 1645 1645 0 2216 2216 0 1643 1643 0 1647 1647 0 1652 1652 0 1648 1648 0 1650 1650 0 1373 1373 0 1656 1656 0 1371 1371 0 1370 1370 0 1657 1657 0 1368 1368 0 1364 1364 0 1661 1661 0 1362 1362 0 1357 1357 0 1356 1356 0 1666 1666 0 1354 1354 0 1668 1668 0 2217 2217 0 1351 1351 0 2218 2218 0 1349 1349 0 1347 1347 0 1346 1346 0 2219 2219 0 1675 1675 0 2219 2219 0 1677 1677 0 1669 1669 0 1671 1671 0 1683 1683 0 2165 2165 0 1686 1686 0 1334 1334 0 1323 1323 0 1322 1322 0 1689 1689 0 2220 2220 0 1701 1701 0 1700 1700 0 1702 1702 0 1706 1706 0 1703 1703 0 2221 2221 0 2220 2220 0 1700 1700 0 1708 1708 0 2222 2222 0 1709 1709 0 1710 1710 0 1712 1712 0 1711 1711 0 2223 2223 0 2224 2224 0 1713 1713 0 1715 1715 0 1720 1720 0 1716 1716 0 1293 1293 0 1292 1292 0 1722 1722 0 1724 1724 0 1725 1725 0 1289 1289 0 1729 1729 0 1731 1731 0 2225 2225 0 1277 1277 0 1732 1732 0 1279 1279 0 1734 1734 0 1737 1737 0 1735 1735 0 1748 1748 0 1746 1746 0 1745 1745 0 1756 1756 0 1751 1751 0 1753 1753 0 1757 1757 0 2226 2226 0 1751 1751 0 1758 1758 0 2227 2227 0 1761 1761 0 1764 1764 0 1766 1766 0 1763 1763 0 1237 1237 0 1239 1239 0 1238 1238 0 2228 2228 0 2229 2229 0 1770 1770 0 1775 1775 0 1778 1778 0 1776 1776 0 1779 1779 0 1219 1219 0 1780 1780 0 2230 2230 0 1781 1781 0 1784 1784 0 1787 1787 0 1786 1786 0 1204 1204 0 2231 2231 0 1793 1793 0 1792 1792 0 1793 1793 0 1795 1795 0 1797 1797 0 1796 1796 0 1790 1790 0 1789 1789 0 1187 1187 0 1804 1804 0 1803 1803 0 1185 1185 0 1184 1184 0 1186 1186 0 1821 1821 0 2232 2232 0 1817 1817 0 1813 1813 0 2233 2233 0 1811 1811 0 1815 1815 0 2234 2234 0 1814 1814 0 1808 1808 0 1810 1810 0 1816 1816 0 2145 2145 0 2235 2235 0 1820 1820 0 1825 1825 0 2236 2236 0 1826 1826 0 1822 1822 0 1824 1824 0 2237 2237 0 1806 1806 0 2238 2238 0 1174 1174 0 1832 1832 0 1136 1136 0 1829 1829 0 1837 1837 0 1131 1131 0 1838 1838 0 1848 1848 0 1850 1850 0 1847 1847 0 1846 1846 0 1842 1842 0 1844 1844 0 1108 1108 0 1851 1851 0 1849 1849 0 1852 1852 0 1855 1855 0 1853 1853 0 1860 1860 0 1856 1856 0 1858 1858 0 1861 1861 0 1862 1862 0 1859 1859 0 1864 1864 0 1867 1867 0 1865 1865 0 2239 2239 0 1870 1870 0 1871 1871 0 1876 1876 0 1872 1872 0 1874 1874 0 1879 1879 0 1875 1875 0 1877 1877 0 1878 1878 0 1881 1881 0 1879 1879 0 1075 1075 0 1074 1074 0 1903 1903 0 1893 1893 0 1888 1888 0 1887 1887 0 1892 1892 0 1889 1889 0 1894 1894 0 1902 1902 0 2240 2240 0 1899 1899 0 2241 2241 0 1898 1898 0 1900 1900 0 1885 1885 0 2242 2242 0 1883 1883 0 2242 2242 0 1887 1887 0 1883 1883 0 1910 1910 0 1911 1911 0 2129 2129 0 1916 1916 0 2243 2243 0 1917 1917 0 1917 1917 0 1919 1919 0 1915 1915 0 1922 1922 0 2244 2244 0 1919 1919 0 1923 1923 0 1925 1925 0 1920 1920 0 1031 1031 0 1030 1030 0 1926 1926 0 1026 1026 0 1021 1021 0 1930 1930 0 1020 1020 0 1932 1932 0 1018 1018 0 1013 1013 0 1012 1012 0 1935 1935 0 1004 1004 0 2245 2245 0 1006 1006 0 1002 1002 0 1941 1941 0 1000 1000 0 1949 1949 0 1947 1947 0 1945 1945 0 1950 1950 0 1952 1952 0 1948 1948 0 2246 2246 0 1954 1954 0 1951 1951 0 1958 1958 0 1960 1960 0 1962 1962 0 1964 1964 0 2247 2247 0 1961 1961 0 1966 1966 0 1969 1969 0 1968 1968 0 2113 2113 0 893 893 0 2248 2248 0 1979 1979 0 0 0 0 2 2 0 1978 1978 0 1974 1974 0 1975 1975 0 1973 1973 0 1975 1975 0 1974 1974 0 1985 1985 0 2249 2249 0 1983 1983 0 23 23 0 1982 1982 0 21 21 0 2115 2115 0 31 31 0 909 909 0 17 17 0 38 38 0 15 15 0 46 46 0 2250 2250 0 915 915 0 41 41 0 43 43 0 913 913 0 57 57 0 59 59 0 900 900 0 899 899 0 11 11 0 58 58 0 1992 1992 0 64 64 0 1993 1993 0 2251 2251 0 1994 1994 0 2252 2252 0 75 75 0 79 79 0 76 76 0 85 85 0 88 88 0 83 83 0 99 99 0 1999 1999 0 97 97 0 102 102 0 2000 2000 0 103 103 0 111 111 0 875 875 0 112 112 0 2253 2253 0 2001 2001 0 2254 2254 0 129 129 0 864 864 0 130 130 0 135 135 0 2003 2003 0 136 136 0 143 143 0 2255 2255 0 141 141 0 842 842 0 841 841 0 2006 2006 0 166 166 0 169 169 0 167 167 0 838 838 0 2106 2106 0 836 836 0 2105 2105 0 179 179 0 833 833 0 2256 2256 0 187 187 0 830 830 0 196 196 0 198 198 0 194 194 0 823 823 0 204 204 0 206 206 0 212 212 0 2013 2013 0 2012 2012 0 820 820 0 818 818 0 218 218 0 817 817 0 2016 2016 0 2257 2257 0 2258 2258 0 808 808 0 2103 2103 0 809 809 0 238 238 0 807 807 0 246 246 0 243 243 0 247 247 0 252 252 0 248 248 0 250 250 0 2259 2259 0 785 785 0 784 784 0 2024 2024 0 2260 2260 0 2022 2022 0 263 263 0 267 267 0 264 264 0 2023 2023 0 2026 2026 0 2024 2024 0 2025 2025 0 2024 2024 0 2026 2026 0 261 261 0 2021 2021 0 259 259 0 297 297 0 299 299 0 2098 2098 0 777 777 0 2098 2098 0 776 776 0 2031 2031 0 763 763 0 762 762 0 308 308 0 312 312 0 311 311 0 758 758 0 315 315 0 2261 2261 0 2092 2092 0 325 325 0 321 321 0 2262 2262 0 2034 2034 0 340 340 0 2263 2263 0 346 346 0 2036 2036 0 2264 2264 0 2040 2040 0 2039 2039 0 348 348 0 354 354 0 2037 2037 0 2265 2265 0 361 361 0 364 364 0 2266 2266 0 2041 2041 0 2267 2267 0 2268 2268 0 2042 2042 0 2269 2269 0 661 661 0 389 389 0 388 388 0 398 398 0 2270 2270 0 397 397 0 411 411 0 2047 2047 0 409 409 0 416 416 0 2271 2271 0 2048 2048 0 438 438 0 2272 2272 0 2273 2273 0 440 440 0 433 433 0 432 432 0 2273 2273 0 2050 2050 0 438 438 0 426 426 0 2273 2273 0 441 441 0 443 443 0 425 425 0 427 427 0 447 447 0 2052 2052 0 2274 2274 0 619 619 0 618 618 0 453 453 0 2275 2275 0 2276 2276 0 2277 2277 0 2278 2278 0 2277 2277 0 2276 2276 0 590 590 0 477 477 0 2053 2053 0 484 484 0 482 482 0 481 481 0 489 489 0 487 487 0 486 486 0 492 492 0 524 524 0 490 490 0 505 505 0 506 506 0 503 503 0 557 557 0 2279 2279 0 555 555 0 2057 2057 0 503 503 0 507 507 0 2280 2280 0 2058 2058 0 2281 2281 0 526 526 0 528 528 0 1524 1524 0 530 530 0 490 490 0 524 524 0 1521 1521 0 1520 1520 0 2282 2282 0 2283 2283 0 2060 2060 0 2284 2284 0 2061 2061 0 2062 2062 0 545 545 0 2193 2193 0 2063 2063 0 1517 1517 0 2285 2285 0 2286 2286 0 2287 2287 0 569 569 0 574 574 0 570 570 0 579 579 0 571 571 0 580 580 0 583 583 0 588 588 0 581 581 0 580 580 0 585 585 0 578 578 0 607 607 0 594 594 0 606 606 0 477 477 0 591 591 0 475 475 0 603 603 0 605 605 0 604 604 0 582 582 0 607 607 0 583 583 0 2067 2067 0 560 560 0 617 617 0 2068 2068 0 2069 2069 0 2288 2288 0 629 629 0 2048 2048 0 2271 2271 0 637 637 0 2289 2289 0 2072 2072 0 2290 2290 0 643 643 0 642 642 0 647 647 0 2075 2075 0 648 648 0 652 652 0 648 648 0 2075 2075 0 664 664 0 656 656 0 658 658 0 2291 2291 0 658 658 0 657 657 0 667 667 0 674 674 0 665 665 0 670 670 0 2077 2077 0 671 671 0 2292 2292 0 679 679 0 2080 2080 0 683 683 0 2082 2082 0 681 681 0 689 689 0 691 691 0 2043 2043 0 379 379 0 378 378 0 696 696 0 2269 2269 0 2293 2293 0 2268 2268 0 2267 2267 0 2294 2294 0 2266 2266 0 705 705 0 2086 2086 0 2295 2295 0 2296 2296 0 2295 2295 0 2297 2297 0 2087 2087 0 2298 2298 0 723 723 0 340 340 0 736 736 0 2262 2262 0 2034 2034 0 2262 2262 0 341 341 0 2090 2090 0 745 745 0 746 746 0 750 750 0 752 752 0 2299 2299 0 739 739 0 2091 2091 0 737 737 0 325 325 0 2093 2093 0 323 323 0 762 762 0 303 303 0 305 305 0 2095 2095 0 771 771 0 770 770 0 298 298 0 297 297 0 2097 2097 0 799 799 0 797 797 0 796 796 0 227 227 0 223 223 0 816 816 0 2011 2011 0 202 202 0 825 825 0 194 194 0 828 828 0 196 196 0 2006 2006 0 162 162 0 2108 2108 0 850 850 0 848 848 0 847 847 0 2003 2003 0 135 135 0 2110 2110 0 859 859 0 862 862 0 858 858 0 133 133 0 863 863 0 2300 2300 0 124 124 0 869 869 0 867 867 0 8 8 0 2301 2301 0 6 6 0 888 888 0 890 890 0 886 886 0 892 892 0 2302 2302 0 2112 2112 0 1972 1972 0 1971 1971 0 2113 2113 0 5 5 0 897 897 0 3 3 0 11 11 0 2114 2114 0 9 9 0 904 904 0 906 906 0 18 18 0 42 42 0 912 912 0 910 910 0 1987 1987 0 1983 1983 0 1988 1988 0 2303 2303 0 71 71 0 2304 2304 0 2305 2305 0 925 925 0 922 922 0 935 935 0 2306 2306 0 933 933 0 938 938 0 940 940 0 2117 2117 0 947 947 0 944 944 0 943 943 0 2118 2118 0 949 949 0 948 948 0 961 961 0 956 956 0 959 959 0 968 968 0 2120 2120 0 965 965 0 2121 2121 0 972 972 0 969 969 0 977 977 0 975 975 0 974 974 0 983 983 0 987 987 0 984 984 0 991 991 0 985 985 0 989 989 0 994 994 0 2307 2307 0 995 995 0 1009 1009 0 1011 1011 0 1007 1007 0 1931 1931 0 1023 1023 0 1019 1019 0 1928 1928 0 1029 1029 0 2308 2308 0 1043 1043 0 1040 1040 0 1034 1034 0 1034 1034 0 1033 1033 0 1043 1043 0 1051 1051 0 2128 2128 0 1050 1050 0 1062 1062 0 1064 1064 0 2130 2130 0 1068 1068 0 1070 1070 0 1066 1066 0 1906 1906 0 1076 1076 0 2131 2131 0 1120 1120 0 1088 1088 0 1089 1089 0 2309 2309 0 1097 1097 0 1096 1096 0 1102 1102 0 1100 1100 0 1099 1099 0 1103 1103 0 1106 1106 0 1105 1105 0 2133 2133 0 1117 1117 0 2310 2310 0 2310 2310 0 1115 1115 0 2133 2133 0 1124 1124 0 2311 2311 0 2134 2134 0 2137 2137 0 1129 1129 0 1130 1130 0 1131 1131 0 1837 1837 0 1133 1133 0 2140 2140 0 2312 2312 0 2138 2138 0 2312 2312 0 1141 1141 0 2138 2138 0 1159 1159 0 1161 1161 0 2142 2142 0 2143 2143 0 1152 1152 0 1154 1154 0 1150 1150 0 1148 1148 0 1151 1151 0 1185 1185 0 2148 2148 0 1183 1183 0 2313 2313 0 2150 2150 0 1195 1195 0 1203 1203 0 2314 2314 0 1197 1197 0 1218 1218 0 1780 1780 0 1219 1219 0 1214 1214 0 2315 2315 0 1213 1213 0 1223 1223 0 1227 1227 0 1224 1224 0 1226 1226 0 2153 2153 0 1227 1227 0 1235 1235 0 2316 2316 0 1233 1233 0 2317 2317 0 1250 1250 0 2154 2154 0 1253 1253 0 1257 1257 0 1254 1254 0 1268 1268 0 1266 1266 0 1265 1265 0 2318 2318 0 2157 2157 0 1275 1275 0 1274 1274 0 2318 2318 0 1275 1275 0 1730 1730 0 1729 1729 0 1280 1280 0 1727 1727 0 1726 1726 0 2319 2319 0 1289 1289 0 1291 1291 0 1724 1724 0 1296 1296 0 1299 1299 0 1297 1297 0 2163 2163 0 1309 1309 0 1312 1312 0 1315 1315 0 1318 1318 0 1316 1316 0 1331 1331 0 1333 1333 0 1329 1329 0 1337 1337 0 1339 1339 0 1335 1335 0 2217 2217 0 2320 2320 0 1354 1354 0 1666 1666 0 1665 1665 0 1357 1357 0 1660 1660 0 2170 2170 0 1360 1360 0 1658 1658 0 2171 2171 0 2321 2321 0 2322 2322 0 2177 2177 0 1404 1404 0 1408 1408 0 2323 2323 0 2324 2324 0 1410 1410 0 2325 2325 0 2179 2179 0 2323 2323 0 1412 1412 0 1414 1414 0 1418 1418 0 1419 1419 0 1416 1416 0 2326 2326 0 1564 1564 0 1563 1563 0 2327 2327 0 2328 2328 0 2184 2184 0 1431 1431 0 2329 2329 0 1429 1429 0 2330 2330 0 1438 1438 0 2331 2331 0 2182 2182 0 1443 1443 0 1442 1442 0 2185 2185 0 2186 2186 0 2328 2328 0 2332 2332 0 2187 2187 0 2333 2333 0 2334 2334 0 1480 1480 0 2190 2190 0 1485 1485 0 1483 1483 0 1481 1481 0 1493 1493 0 1536 1536 0 1537 1537 0 1502 1502 0 1506 1506 0 1503 1503 0 527 527 0 1523 1523 0 1521 1521 0 1508 1508 0 1507 1507 0 2197 2197 0 1529 1529 0 2196 2196 0 1530 1530 0 1545 1545 0 2335 2335 0 1542 1542 0 2199 2199 0 2336 2336 0 2200 2200 0 1540 1540 0 2200 2200 0 2336 2336 0 1463 1463 0 1555 1555 0 1465 1465 0 2203 2203 0 1579 1579 0 1578 1578 0 1584 1584 0 1586 1586 0 1585 1585 0 1587 1587 0 1591 1591 0 1589 1589 0 2205 2205 0 2204 2204 0 1591 1591 0 1598 1598 0 1599 1599 0 1596 1596 0 1605 1605 0 2337 2337 0 2208 2208 0 1610 1610 0 2209 2209 0 1608 1608 0 1390 1390 0 2173 2173 0 1388 1388 0 2211 2211 0 1619 1619 0 2212 2212 0 2338 2338 0 1384 1384 0 1622 1622 0 1633 1633 0 1631 1631 0 1630 1630 0 1637 1637 0 1639 1639 0 2214 2214 0 1645 1645 0 1646 1646 0 1643 1643 0 1651 1651 0 2339 2339 0 1653 1653 0 1369 1369 0 1368 1368 0 1654 1654 0 1363 1363 0 1362 1362 0 2340 2340 0 1665 1665 0 1667 1667 0 1663 1663 0 2320 2320 0 2217 2217 0 2341 2341 0 1352 1352 0 1349 1349 0 1670 1670 0 1344 1344 0 1679 1679 0 1346 1346 0 2168 2168 0 1681 1681 0 1343 1343 0 2164 2164 0 1690 1690 0 1325 1325 0 1705 1705 0 1703 1703 0 1706 1706 0 1698 1698 0 1714 1714 0 1696 1696 0 1698 1698 0 1697 1697 0 1711 1711 0 1290 1290 0 1723 1723 0 1292 1292 0 2342 2342 0 1717 1717 0 1693 1693 0 1280 1280 0 1279 1279 0 1730 1730 0 1746 1746 0 1740 1740 0 1744 1744 0 2226 2226 0 1752 1752 0 1751 1751 0 2343 2343 0 1760 1760 0 1754 1754 0 1777 1777 0 1774 1774 0 1775 1775 0 1782 1782 0 1783 1783 0 1781 1781 0 1792 1792 0 2344 2344 0 2231 2231 0 1797 1797 0 1794 1794 0 1793 1793 0 1800 1800 0 1802 1802 0 1788 1788 0 1807 1807 0 1811 1811 0 2233 2233 0 2234 2234 0 2345 2345 0 1814 1814 0 2232 2232 0 1821 1821 0 1810 1810 0 1822 1822 0 2237 2237 0 1170 1170 0 2233 2233 0 1805 1805 0 1807 1807 0 1843 1843 0 2346 2346 0 1844 1844 0 2346 2346 0 2347 2347 0 2348 2348 0 1106 1106 0 2349 2349 0 1104 1104 0 2350 2350 0 1859 1859 0 1863 1863 0 1869 1869 0 1866 1866 0 1867 1867 0 1873 1873 0 2239 2239 0 1871 1871 0 1874 1874 0 2351 2351 0 1876 1876 0 2351 2351 0 1877 1877 0 1876 1876 0 1891 1891 0 1890 1890 0 2352 2352 0 1895 1895 0 1893 1893 0 1892 1892 0 2240 2240 0 2353 2353 0 2352 2352 0 1066 1066 0 1908 1908 0 1068 1068 0 2354 2354 0 1917 1917 0 2243 2243 0 2244 2244 0 1918 1918 0 1919 1919 0 1029 1029 0 1929 1929 0 1027 1027 0 2355 2355 0 1936 1936 0 1933 1933 0 1001 1001 0 1000 1000 0 1939 1939 0 1946 1946 0 1944 1944 0 1943 1943 0 1952 1952 0 2246 2246 0 1951 1951 0 2247 2247 0 1962 1962 0 1961 1961 0 924 924 0 2305 2305 0 922 922 0 2113 2113 0 2248 2248 0 1972 1972 0 1974 1974 0 2 2 0 1 1 0 905 905 0 904 904 0 1989 1989 0 14 14 0 2356 2356 0 12 12 0 2249 2249 0 1988 1988 0 1983 1983 0 2250 2250 0 26 26 0 28 28 0 27 27 0 1985 1985 0 1984 1984 0 2356 2356 0 1986 1986 0 12 12 0 61 61 0 66 66 0 62 62 0 77 77 0 72 72 0 75 75 0 1998 1998 0 80 80 0 85 85 0 98 98 0 94 94 0 96 96 0 2253 2253 0 2254 2254 0 114 114 0 2300 2300 0 2357 2357 0 133 133 0 843 843 0 154 154 0 2358 2358 0 152 152 0 156 156 0 153 153 0 156 156 0 2358 2358 0 154 154 0 833 833 0 2359 2359 0 834 834 0 831 831 0 2009 2009 0 184 184 0 207 207 0 209 209 0 818 818 0 2360 2360 0 2257 2257 0 208 208 0 2361 2361 0 814 814 0 2104 2104 0 802 802 0 250 250 0 249 249 0 2260 2260 0 272 272 0 2022 2022 0 264 264 0 271 271 0 262 262 0 781 781 0 2027 2027 0 779 779 0 2362 2362 0 2028 2028 0 2030 2030 0 765 765 0 761 761 0 763 763 0 755 755 0 754 754 0 2033 2033 0 758 758 0 2261 2261 0 310 310 0 345 345 0 2036 2036 0 346 346 0 2039 2039 0 363 363 0 2264 2264 0 2270 2270 0 400 400 0 397 397 0 2272 2272 0 441 441 0 2273 2273 0 439 439 0 436 436 0 437 437 0 625 625 0 621 621 0 2051 2051 0 2288 2288 0 2274 2274 0 2068 2068 0 2363 2363 0 2364 2364 0 423 423 0 1525 1525 0 2365 2365 0 2195 2195 0 557 557 0 2059 2059 0 2279 2279 0 2366 2366 0 2281 2281 0 558 558 0 493 493 0 2195 2195 0 494 494 0 2194 2194 0 2284 2284 0 538 538 0 543 543 0 546 546 0 544 544 0 2367 2367 0 568 568 0 567 567 0 467 467 0 466 466 0 598 598 0 473 473 0 2066 2066 0 590 590 0 2368 2368 0 2369 2369 0 466 466 0 642 642 0 2370 2370 0 2290 2290 0 649 649 0 2074 2074 0 647 647 0 2079 2079 0 2371 2371 0 2077 2077 0 2371 2371 0 671 671 0 2077 2077 0 674 674 0 2292 2292 0 2080 2080 0 382 382 0 381 381 0 690 690 0 677 677 0 2083 2083 0 682 682 0 2296 2296 0 2297 2297 0 2294 2294 0 2089 2089 0 2372 2372 0 2088 2088 0 2298 2298 0 2089 2089 0 723 723 0 744 744 0 746 746 0 745 745 0 2373 2373 0 2299 2299 0 326 326 0 773 773 0 2096 2096 0 774 774 0 797 797 0 794 794 0 795 795 0 206 206 0 824 824 0 823 823 0 137 137 0 2374 2374 0 135 135 0 137 137 0 2300 2300 0 2374 2374 0 128 128 0 868 868 0 126 126 0 885 885 0 881 881 0 882 882 0 2302 2302 0 889 889 0 2112 2112 0 895 895 0 896 896 0 1971 1971 0 900 900 0 901 901 0 57 57 0 2304 2304 0 1967 1967 0 1969 1969 0 942 942 0 2117 2117 0 940 940 0 949 949 0 947 947 0 946 946 0 957 957 0 2375 2375 0 958 958 0 980 980 0 976 976 0 978 978 0 993 993 0 2122 2122 0 990 990 0 1936 1936 0 2355 2355 0 1013 1013 0 1039 1039 0 1038 1038 0 2124 2124 0 1040 1040 0 1042 1042 0 2125 2125 0 1056 1056 0 1058 1058 0 1912 1912 0 1071 1071 0 1073 1073 0 1069 1069 0 1099 1099 0 1103 1103 0 1102 1102 0 2349 2349 0 1118 1118 0 1104 1104 0 1854 1854 0 1112 1112 0 2132 2132 0 2311 2311 0 2376 2376 0 2134 2134 0 1127 1127 0 2135 2135 0 1123 1123 0 2139 2139 0 2377 2377 0 2140 2140 0 1147 1147 0 2141 2141 0 1145 1145 0 1145 1145 0 2378 2378 0 1147 1147 0 1195 1195 0 2379 2379 0 2313 2313 0 2314 2314 0 1199 1199 0 1197 1197 0 1219 1219 0 2151 2151 0 1217 1217 0 1224 1224 0 2152 2152 0 1221 1221 0 2380 2380 0 1244 1244 0 2155 2155 0 1763 1763 0 1762 1762 0 1764 1764 0 1292 1292 0 1294 1294 0 1290 1290 0 2158 2158 0 1275 1275 0 2157 2157 0 2225 2225 0 2381 2381 0 1729 1729 0 2382 2382 0 1264 1264 0 2383 2383 0 1319 1319 0 1321 1321 0 1316 1316 0 1328 1328 0 1330 1330 0 1326 1326 0 2341 2341 0 2169 2169 0 2320 2320 0 2340 2340 0 2321 2321 0 1363 1363 0 2324 2324 0 2384 2384 0 1408 1408 0 2179 2179 0 2178 2178 0 1410 1410 0 2325 2325 0 1418 1418 0 2179 2179 0 1565 1565 0 2326 2326 0 1563 1563 0 2331 2331 0 2385 2385 0 2330 2330 0 2332 2332 0 2333 2333 0 1557 1557 0 1462 1462 0 1464 1464 0 1460 1460 0 2190 2190 0 2386 2386 0 2334 2334 0 1499 1499 0 2192 2192 0 1497 1497 0 1520 1520 0 1522 1522 0 531 531 0 2196 2196 0 1512 1512 0 1527 1527 0 2387 2387 0 1542 1542 0 2335 2335 0 2336 2336 0 1541 1541 0 1540 1540 0 1460 1460 0 1556 1556 0 1462 1462 0 2175 2175 0 1583 1583 0 1581 1581 0 1590 1590 0 1588 1588 0 1587 1587 0 2337 2337 0 1601 1601 0 2208 2208 0 2210 2210 0 1610 1610 0 1609 1609 0 2213 2213 0 2388 2388 0 1619 1619 0 1631 1631 0 1626 1626 0 1629 1629 0 1372 1372 0 1371 1371 0 2339 2339 0 2321 2321 0 2340 2340 0 1658 1658 0 1361 1361 0 1664 1664 0 1359 1359 0 1341 1341 0 1340 1340 0 1680 1680 0 1351 1351 0 1678 1678 0 2218 2218 0 1326 1326 0 1688 1688 0 1328 1328 0 1700 1700 0 2389 2389 0 2221 2221 0 2222 2222 0 1704 1704 0 1709 1709 0 1694 1694 0 1693 1693 0 2224 2224 0 1742 1742 0 1743 1743 0 1740 1740 0 1259 1259 0 1258 1258 0 2227 2227 0 1780 1780 0 1776 1776 0 1778 1778 0 2390 2390 0 2231 2231 0 2391 2391 0 2344 2344 0 2391 2391 0 2231 2231 0 1174 1174 0 1807 1807 0 1806 1806 0 2145 2145 0 2144 2144 0 2235 2235 0 1171 1171 0 1170 1170 0 2144 2144 0 2348 2348 0 1844 1844 0 2346 2346 0 2392 2392 0 2348 2348 0 2347 2347 0 1871 1871 0 1874 1874 0 1873 1873 0 1076 1076 0 1906 1906 0 1074 1074 0 2353 2353 0 1891 1891 0 2352 2352 0 1063 1063 0 1909 1909 0 1065 1065 0 2393 2393 0 2354 2354 0 2243 2243 0 1025 1025 0 1024 1024 0 1928 1928 0 1010 1010 0 1937 1937 0 1012 1012 0 1004 1004 0 1003 1003 0 2245 2245 0 1945 1945 0 1950 1950 0 1949 1949 0 1963 1963 0 927 927 0 1964 1964 0 1969 1969 0 2303 2303 0 2304 2304 0 920 920 0 2116 2116 0 1970 1970 0 1988 1988 0 2394 2394 0 39 39 0 29 29 0 907 907 0 30 30 0 28 28 0 915 915 0 2250 2250 0 2395 2395 0 1980 1980 0 60 60 0 1996 1996 0 1997 1997 0 78 78 0 82 82 0 85 85 0 80 80 0 872 872 0 122 122 0 117 117 0 2300 2300 0 137 137 0 2357 2357 0 2358 2358 0 2396 2396 0 843 843 0 155 155 0 153 153 0 156 156 0 2007 2007 0 2397 2397 0 839 839 0 834 834 0 2359 2359 0 2106 2106 0 2013 2013 0 2015 2015 0 221 221 0 240 240 0 2102 2102 0 238 238 0 2100 2100 0 2398 2398 0 280 280 0 2100 2100 0 779 779 0 2398 2398 0 309 309 0 306 306 0 304 304 0 346 346 0 2399 2399 0 344 344 0 2400 2400 0 2363 2363 0 423 423 0 623 623 0 2068 2068 0 621 621 0 620 620 0 422 422 0 618 618 0 1525 1525 0 1524 1524 0 2365 2365 0 498 498 0 2401 2401 0 496 496 0 1521 1521 0 2282 2282 0 527 527 0 459 459 0 458 458 0 461 461 0 595 595 0 594 594 0 596 596 0 608 608 0 610 610 0 2369 2369 0 2289 2289 0 2290 2290 0 2370 2370 0 2080 2080 0 673 673 0 674 674 0 2078 2078 0 2291 2291 0 657 657 0 2084 2084 0 2085 2085 0 2293 2293 0 2372 2372 0 717 717 0 2088 2088 0 321 321 0 320 320 0 2092 2092 0 775 775 0 302 302 0 773 773 0 2109 2109 0 853 853 0 855 855 0 887 887 0 885 885 0 884 884 0 890 890 0 2112 2112 0 889 889 0 53 53 0 903 903 0 51 51 0 939 939 0 936 936 0 937 937 0 954 954 0 958 958 0 2375 2375 0 984 984 0 981 981 0 982 982 0 1006 1006 0 1008 1008 0 1004 1004 0 1037 1037 0 2402 2402 0 1038 1038 0 1913 1913 0 1912 1912 0 2403 2403 0 1100 1100 0 2309 2309 0 1096 1096 0 1118 1118 0 2310 2310 0 1117 1117 0 2404 2404 0 2134 2134 0 2376 2376 0 1164 1164 0 1166 1166 0 1827 1827 0 1167 1167 0 1169 1169 0 1165 1165 0 2379 2379 0 2405 2405 0 2313 2313 0 1771 1771 0 1220 1220 0 1222 1222 0 2406 2406 0 2380 2380 0 2155 2155 0 2407 2407 0 2383 2383 0 1264 1264 0 1272 1272 0 2158 2158 0 1269 1269 0 1692 1692 0 2408 2408 0 1320 1320 0 1334 1334 0 1336 1336 0 2165 2165 0 1663 1663 0 1662 1662 0 1665 1665 0 2384 2384 0 1407 1407 0 1408 1408 0 1414 1414 0 2409 2409 0 2323 2323 0 1439 1439 0 2410 2410 0 1440 1440 0 2385 2385 0 2411 2411 0 2330 2330 0 2386 2386 0 2412 2412 0 2334 2334 0 1534 1534 0 2413 2413 0 1508 1508 0 534 534 0 531 531 0 535 535 0 1506 1506 0 1502 1502 0 1504 1504 0 2335 2335 0 2414 2414 0 2387 2387 0 1550 1550 0 1552 1552 0 2201 2201 0 2415 2415 0 1594 1594 0 2206 2206 0 1606 1606 0 1608 1608 0 2209 2209 0 1628 1628 0 2416 2416 0 1627 1627 0 1649 1649 0 2216 2216 0 1650 1650 0 1338 1338 0 2417 2417 0 2166 2166 0 2167 2167 0 2166 2166 0 1340 1340 0 2408 2408 0 1692 1692 0 1322 1322 0 2418 2418 0 2221 2221 0 2389 2389 0 1287 1287 0 1282 1282 0 1285 1285 0 1741 1741 0 1739 1739 0 1742 1742 0 1752 1752 0 2419 2419 0 2420 2420 0 1216 1216 0 2315 2315 0 1214 1214 0 2391 2391 0 2421 2421 0 2390 2390 0 1165 1165 0 2422 2422 0 1167 1167 0 1168 1168 0 1167 1167 0 2236 2236 0 1112 1112 0 2423 2423 0 1110 1110 0 1868 1868 0 1871 1871 0 1869 1869 0 1891 1891 0 1894 1894 0 1889 1889 0 2130 2130 0 2129 2129 0 1062 1062 0 2243 2243 0 2424 2424 0 2393 2393 0 1023 1023 0 1931 1931 0 1021 1021 0 1007 1007 0 1938 1938 0 1009 1009 0 1956 1956 0 1953 1953 0 1957 1957 0 927 927 0 1965 1965 0 925 925 0 70 70 0 2304 2304 0 71 71 0 18 18 0 20 20 0 904 904 0 910 910 0 909 909 0 1990 1990 0 62 62 0 2395 2395 0 60 60 0 2425 2425 0 1995 1995 0 73 73 0 123 123 0 125 125 0 870 870 0 160 160 0 2005 2005 0 158 158 0 153 153 0 157 157 0 151 151 0 229 229 0 2361 2361 0 2104 2104 0 2097 2097 0 2096 2096 0 298 298 0 766 766 0 2426 2426 0 764 764 0 2399 2399 0 2427 2427 0 344 344 0 2364 2364 0 2275 2275 0 2277 2277 0 418 418 0 2400 2400 0 423 423 0 491 491 0 488 488 0 2056 2056 0 521 521 0 518 518 0 522 522 0 2428 2428 0 2367 2367 0 567 567 0 572 572 0 2065 2065 0 573 573 0 2370 2370 0 2072 2072 0 2289 2289 0 657 657 0 2079 2079 0 2078 2078 0 2041 2041 0 2266 2266 0 372 372 0 719 719 0 2088 2088 0 717 717 0 322 322 0 318 318 0 320 320 0 131 131 0 866 866 0 129 129 0 7 7 0 6 6 0 1992 1992 0 2429 2429 0 951 951 0 952 952 0 2375 2375 0 955 955 0 954 954 0 972 972 0 973 973 0 975 975 0 1003 1003 0 1005 1005 0 1001 1001 0 2430 2430 0 1038 1038 0 2402 2402 0 1903 1903 0 1896 1896 0 1075 1075 0 1093 1093 0 1095 1095 0 1094 1094 0 2377 2377 0 2431 2431 0 2140 2140 0 2405 2405 0 2432 2432 0 2313 2313 0 1258 1258 0 1260 1260 0 1762 1762 0 1722 1722 0 1718 1718 0 1293 1293 0 1727 1727 0 2319 2319 0 2381 2381 0 1322 1322 0 1324 1324 0 2408 2408 0 1340 1340 0 1342 1342 0 2167 2167 0 2409 2409 0 2324 2324 0 2323 2323 0 2411 2411 0 2433 2433 0 2330 2330 0 539 539 0 535 535 0 537 537 0 1497 1497 0 2434 2434 0 1499 1499 0 2414 2414 0 2435 2435 0 2387 2387 0 1367 1367 0 1659 1659 0 1365 1365 0 2169 2169 0 2341 2341 0 1356 1356 0 1329 1329 0 1687 1687 0 1331 1331 0 2389 2389 0 2436 2436 0 2418 2418 0 1706 1706 0 1709 1709 0 1704 1704 0 1738 1738 0 1742 1742 0 1739 1739 0 1256 1256 0 1255 1255 0 1765 1765 0 2437 2437 0 2390 2390 0 2421 2421 0 1165 1165 0 1164 1164 0 2422 2422 0 1112 1112 0 1854 1854 0 2423 2423 0 1865 1865 0 2350 2350 0 1863 1863 0 1069 1069 0 1907 1907 0 1071 1071 0 1017 1017 0 1934 1934 0 1015 1015 0 1962 1962 0 1959 1959 0 1958 1958 0 2394 2394 0 17 17 0 39 39 0 2252 2252 0 1977 1977 0 2251 2251 0 73 73 0 2438 2438 0 2425 2425 0 867 867 0 128 128 0 2002 2002 0 170 170 0 169 169 0 172 172 0 276 276 0 2026 2026 0 274 274 0 2426 2426 0 768 768 0 764 764 0 2439 2439 0 344 344 0 2427 2427 0 2276 2276 0 2070 2070 0 628 628 0 2440 2440 0 2056 2056 0 488 488 0 2059 2059 0 2064 2064 0 518 518 0 567 567 0 2285 2285 0 2428 2428 0 654 654 0 408 408 0 655 655 0 2042 2042 0 2268 2268 0 375 375 0 715 715 0 719 719 0 718 718 0 316 316 0 313 313 0 318 318 0 122 122 0 873 873 0 120 120 0 8 8 0 9 9 0 2301 2301 0 952 952 0 953 953 0 955 955 0 970 970 0 968 968 0 967 967 0 1941 1941 0 2123 2123 0 998 998 0 2441 2441 0 1092 1092 0 1091 1091 0 2236 2236 0 1825 1825 0 1168 1168 0 1192 1192 0 2313 2313 0 2432 2432 0 2227 2227 0 1758 1758 0 1259 1259 0 2383 2383 0 2442 2442 0 2382 2382 0 1325 1325 0 1327 1327 0 2164 2164 0 1406 1406 0 2322 2322 0 1404 1404 0 1465 1465 0 1467 1467 0 1463 1463 0 2284 2284 0 2194 2194 0 2283 2283 0 1461 1461 0 1456 1456 0 1459 1459 0 1360 1360 0 1359 1359 0 1660 1660 0 1693 1693 0 1695 1695 0 2342 2342 0 1284 1284 0 2159 2159 0 1282 1282 0 1739 1739 0 1736 1736 0 1737 1737 0 1257 1257 0 1253 1253 0 1255 1255 0 2421 2421 0 2443 2443 0 2437 2437 0 2238 2238 0 2146 2146 0 1174 1174 0 2444 2444 0 2392 2392 0 2347 2347 0 1881 1881 0 2445 2445 0 1882 1882 0 1884 1884 0 1077 1077 0 1885 1885 0 995 995 0 2307 2307 0 997 997 0 1959 1959 0 1955 1955 0 1957 1957 0 902 902 0 53 53 0 19 19 0 2438 2438 0 2446 2446 0 2425 2425 0 2427 2427 0 2447 2447 0 2439 2439 0 2271 2271 0 627 627 0 629 629 0 486 486 0 2440 2440 0 488 488 0 555 555 0 515 515 0 556 556 0 563 563 0 565 565 0 458 458 0 366 366 0 2265 2265 0 364 364 0 718 718 0 716 716 0 715 715 0 315 315 0 759 759 0 313 313 0 117 117 0 116 116 0 872 872 0 880 880 0 2448 2448 0 898 898 0 987 987 0 988 988 0 985 985 0 1091 1091 0 1120 1120 0 2441 2441 0 1760 1760 0 2343 2343 0 1758 1758 0 1343 1343 0 1345 1345 0 2168 2168 0 1551 1551 0 1550 1550 0 1466 1466 0 2060 2060 0 2283 2283 0 540 540 0 1454 1454 0 1453 1453 0 1456 1456 0 1338 1338 0 1337 1337 0 2417 2417 0 2224 2224 0 2223 2223 0 1694 1694 0 1726 1726 0 1728 1728 0 2159 2159 0 1735 1735 0 2449 2449 0 1733 1733 0 1251 1251 0 1248 1248 0 1253 1253 0 2443 2443 0 2450 2450 0 2437 2437 0 1160 1160 0 1159 1159 0 1162 1162 0 2347 2347 0 2451 2451 0 2444 2444 0 1057 1057 0 1056 1056 0 1059 1059 0 996 996 0 993 993 0 994 994 0 1954 1954 0 1957 1957 0 1953 1953 0 1976 1976 0 2251 2251 0 1977 1977 0 2447 2447 0 2452 2452 0 2439 2439 0 632 632 0 416 416 0 415 415 0 487 487 0 2453 2453 0 2055 2055 0 513 513 0 512 512 0 515 515 0 2287 2287 0 2428 2428 0 2285 2285 0 728 728 0 730 730 0 726 726 0 2454 2454 0 2094 2094 0 757 757 0 2455 2455 0 898 898 0 2448 2448 0 1933 1933 0 2456 2456 0 2355 2355 0 1119 1119 0 2441 2441 0 1120 1120 0 1754 1754 0 1753 1753 0 2343 2343 0 1346 1346 0 1348 1348 0 1344 1344 0 2201 2201 0 2188 2188 0 1550 1550 0 541 541 0 540 540 0 543 543 0 2187 2187 0 2457 2457 0 1453 1453 0 1335 1335 0 1334 1334 0 1684 1684 0 1713 1713 0 1714 1714 0 2223 2223 0 2381 2381 0 2225 2225 0 1727 1727 0 2450 2450 0 2458 2458 0 2437 2437 0 1158 1158 0 1157 1157 0 1159 1159 0 1841 1841 0 2444 2444 0 2451 2451 0 1912 1912 0 1914 1914 0 1056 1056 0 1944 1944 0 2459 2459 0 1942 1942 0 2452 2452 0 369 369 0 2439 2439 0 631 631 0 412 412 0 632 632 0 2453 2453 0 2460 2460 0 2055 2055 0 2058 2058 0 2280 2280 0 512 512 0 421 421 0 2461 2461 0 564 564 0 310 310 0 2032 2032 0 758 758 0 31 31 0 2115 2115 0 29 29 0 1084 1084 0 1085 1085 0 1083 1083 0 2156 2156 0 2420 2420 0 2419 2419 0 2219 2219 0 1675 1675 0 1347 1347 0 1472 1472 0 1474 1474 0 1471 1471 0 545 545 0 543 543 0 2462 2462 0 2187 2187 0 2332 2332 0 2457 2457 0 1332 1332 0 1331 1331 0 1685 1685 0 2436 2436 0 2463 2463 0 2418 2418 0 1788 1788 0 1799 1799 0 1800 1800 0 1155 1155 0 1154 1154 0 1157 1157 0 2451 2451 0 1839 1839 0 1841 1841 0 2403 2403 0 1054 1054 0 1913 1913 0 2464 2464 0 1942 1942 0 2459 2459 0 371 371 0 2439 2439 0 369 369 0 413 413 0 632 632 0 412 412 0 2465 2465 0 2055 2055 0 2460 2460 0 2281 2281 0 2366 2366 0 2280 2280 0 421 421 0 420 420 0 2461 2461 0 913 913 0 914 914 0 41 41 0 1082 1082 0 1084 1084 0 1080 1080 0 1547 1547 0 2200 2200 0 1473 1473 0 545 545 0 2462 2462 0 2061 2061 0 1557 1557 0 1559 1559 0 2332 2332 0 2160 2160 0 2407 2407 0 1264 1264 0 2466 2466 0 1841 1841 0 1840 1840 0 704 704 0 2467 2467 0 351 351 0 410 410 0 2468 2468 0 411 411 0 558 558 0 559 559 0 2366 2366 0 2286 2286 0 615 615 0 2287 2287 0 1081 1081 0 2469 2469 0 1082 1082 0 549 549 0 2061 2061 0 547 547 0 1452 1452 0 1448 1448 0 1558 1558 0 2449 2449 0 2382 2382 0 1733 1733 0 1840 1840 0 2404 2404 0 2466 2466 0 704 704 0 708 708 0 2467 2467 0 2470 2470 0 411 411 0 2468 2468 0 2401 2401 0 525 525 0 496 496 0 617 617 0 2287 2287 0 615 615 0 1857 1857 0 1082 1082 0 2469 2469 0 2063 2063 0 2193 2193 0 551 551 0 1450 1450 0 2185 2185 0 1448 1448 0 2054 2054 0 2465 2465 0 2460 2460 0 422 422 0 620 620 0 420 420 0 1513 1513 0 554 554 0 551 551 0 2328 2328 0 2327 2327 0 2185 2185 0 2460 2460 0 483 483 0 2054 2054 0 453 453 0 452 452 0 619 619 0 1515 1515 0 1516 1516 0 1513 1513 0 2184 2184 0 2183 2183 0 2327 2327 0 561 561 0 480 480 0 482 482 0 1514 1514 0 1510 1510 0 1515 1515 0 2410 2410 0 1441 1441 0 1440 1440 0 482 482 0 2471 2471 0 561 561 0 2472 2472 0 1515 1515 0 1510 1510 0 2471 2471 0 562 562 0 561 561 0 1512 1512 0 2472 2472 0 1510 1510 0 573 573 0 580 580 0 571 571 0 1534 1534 0 1532 1532 0 2413 2413 0 472 472 0 474 474 0 599 599 0 1500 1500 0 1499 1499 0 1502 1502 0 601 601 0 599 599 0 603 603 0 1497 1497 0 1496 1496 0 2434 2434 0 469 469 0 471 471 0 467 467 0 1498 1498 0 1494 1494 0 1496 1496 0 466 466 0 468 468 0 2368 2368 0 1490 1490 0 1537 1537 0 1491 1491 0 2369 2369 0 2368 2368 0 608 608 0 1491 1491 0 1538 1538 0 1489 1489 0 609 609 0 608 608 0 611 611 0 1476 1476 0 2334 2334 0 2412 2412 0 455 455 0 611 611 0 456 456 0 2412 2412 0 2189 2189 0 1476 1476 0 454 454 0 450 450 0 452 452 0 2473 2473 0 1475 1475 0 1477 1477 0 448 448 0 447 447 0 450 450 0 1477 1477 0 2474 2474 0 2473 2473 0 2274 2274 0 2288 2288 0 447 447 0 2475 2475 0 2473 2473 0 2474 2474 0 2277 2277 0 423 423 0 2364 2364 0 2474 2474 0 2476 2476 0 2475 2475 0 628 628 0 2278 2278 0 2276 2276 0 2476 2476 0 2387 2387 0 2475 2475 0 415 415 0 630 630 0 632 632 0 2435 2435 0 2475 2475 0 2387 2387 0 2468 2468 0 633 633 0 2470 2470 0 1437 1437 0 2331 2331 0 1438 1438 0 2477 2477 0 2470 2470 0 633 633 0 1561 1561 0 2330 2330 0 2433 2433 0 635 635 0 2477 2477 0 633 633 0 2433 2433 0 1431 1431 0 1561 1561 0 638 638 0 2071 2071 0 636 636 0 2329 2329 0 2180 2180 0 1429 1429 0 640 640 0 638 638 0 637 637 0 2478 2478 0 1429 1429 0 2180 2180 0 407 407 0 655 655 0 408 408 0 1434 1434 0 2478 2478 0 2180 2180 0 408 408 0 2046 2046 0 406 406 0 1433 1433 0 1562 1562 0 1564 1564 0 404 404 0 405 405 0 401 401 0 1563 1563 0 1566 1566 0 1565 1565 0 400 400 0 2045 2045 0 402 402 0 1426 1426 0 2479 2479 0 1569 1569 0 402 402 0 399 399 0 400 400 0 2479 2479 0 1567 1567 0 1569 1569 0 393 393 0 660 660 0 659 659 0 1570 1570 0 2480 2480 0 1571 1571 0 659 659 0 392 392 0 393 393 0 1573 1573 0 1571 1571 0 2480 2480 0 2076 2076 0 387 387 0 389 389 0 2480 2480 0 1424 1424 0 1573 1573 0 389 389 0 664 664 0 2076 2076 0 1424 1424 0 1423 1423 0 1572 1572 0 682 682 0 675 675 0 677 677 0 1420 1420 0 1419 1419 0 1423 1423 0 687 687 0 2082 2082 0 685 685 0 2177 2177 0 1574 1574 0 2176 2176 0 384 384 0 685 685 0 385 385 0 2481 2481 0 2176 2176 0 1574 1574 0 2043 2043 0 2044 2044 0 689 689 0 2482 2482 0 2481 2481 0 1574 1574 0 381 381 0 383 383 0 692 692 0 1402 1402 0 2482 2482 0 1574 1574 0 694 694 0 692 692 0 379 379 0 1576 1576 0 1401 1401 0 1403 1403 0 378 378 0 380 380 0 376 376 0 1403 1403 0 1575 1575 0 1576 1576 0 2293 2293 0 2269 2269 0 2084 2084 0 1400 1400 0 2202 2202 0 1398 1398 0 700 700 0 2084 2084 0 698 698 0 2483 2483 0 1400 1400 0 2175 2175 0 702 702 0 698 698 0 373 373 0 1581 1581 0 2483 2483 0 2175 2175 0 2294 2294 0 2267 2267 0 2296 2296 0 1588 1588 0 1585 1585 0 1586 1586 0 2295 2295 0 2296 2296 0 2484 2484 0 2206 2206 0 1396 1396 0 2415 2415 0 2295 2295 0 2484 2484 0 705 705 0 2485 2485 0 2415 2415 0 1396 1396 0 706 706 0 705 705 0 708 708 0 2174 2174 0 2485 2485 0 1396 1396 0 362 362 0 2264 2264 0 363 363 0 2486 2486 0 1397 1397 0 1394 1394 0 353 353 0 355 355 0 2039 2039 0 1392 1392 0 2486 2486 0 1394 1394 0 2036 2036 0 358 358 0 357 357 0 1395 1395 0 1393 1393 0 1392 1392 0 2035 2035 0 2263 2263 0 2036 2036 0 1602 1602 0 2207 2207 0 1600 1600 0 2487 2487 0 371 371 0 370 370 0 1600 1600 0 2208 2208 0 1601 1601 0 716 716 0 2487 2487 0 370 370 0 1607 1607 0 1605 1605 0 1604 1604 0 370 370 0 714 714 0 716 716 0 2172 2172 0 2488 2488 0 2173 2173 0 733 733 0 726 726 0 731 731 0 1386 1386 0 2173 2173 0 2488 2488 0 735 735 0 731 731 0 342 342 0 2488 2488 0 1387 1387 0 1386 1386 0 338 338 0 336 336 0 335 335 0 2489 2489 0 1385 1385 0 1387 1387 0 336 336 0 333 333 0 332 332 0 1387 1387 0 1616 1616 0 2489 2489 0 333 333 0 2490 2490 0 330 330 0 1615 1615 0 2489 2489 0 1616 1616 0 2490 2490 0 331 331 0 330 330 0 2388 2388 0 2212 2212 0 1619 1619 0 2491 2491 0 329 329 0 331 331 0 1623 1623 0 1621 1621 0 1620 1620 0 331 331 0 2454 2454 0 2491 2491 0 1620 1620 0 2338 2338 0 1622 1622 0 757 757 0 2491 2491 0 2454 2454 0 1383 1383 0 1622 1622 0 1384 1384 0 747 747 0 739 739 0 327 327 0 2492 2492 0 1382 1382 0 1627 1627 0 326 326 0 328 328 0 2373 2373 0 2416 2416 0 2492 2492 0 1627 1627 0 2299 2299 0 2373 2373 0 750 750 0 1634 1634 0 1630 1630 0 1635 1635 0 753 753 0 750 750 0 754 754 0 1379 1379 0 1635 1635 0 1380 1380 0 770 770 0 767 767 0 768 768 0 2214 2214 0 1381 1381 0 1637 1637 0 301 301 0 773 773 0 302 302 0 1638 1638 0 1637 1637 0 1640 1640 0 2098 2098 0 2099 2099 0 297 297 0 1378 1378 0 1377 1377 0 1640 1640 0 292 292 0 291 291 0 294 294 0 1378 1378 0 2493 2493 0 1375 1375 0 2028 2028 0 2362 2362 0 291 291 0 2493 2493 0 1376 1376 0 1375 1375 0 2030 2030 0 2029 2029 0 2362 2362 0 2494 2494 0 1374 1374 0 1376 1376 0 283 283 0 778 778 0 2029 2029 0 2215 2215 0 2494 2494 0 1376 1376 0 286 286 0 285 285 0 288 288 0 1376 1376 0 1645 1645 0 2215 2215 0 2027 2027 0 781 781 0 285 285 0 1647 1647 0 1650 1650 0 2216 2216 0 280 280 0 2101 2101 0 2100 2100 0 2339 2339 0 1651 1651 0 1372 1372 0 2020 2020 0 2495 2495 0 261 261 0 1654 1654 0 1373 1373 0 2496 2496 0 785 785 0 261 261 0 2495 2495 0 1654 1654 0 2496 2496 0 1369 1369 0 2495 2495 0 783 783 0 785 785 0 1365 1365 0 1370 1370 0 1366 1366 0 787 787 0 2259 2259 0 784 784 0 1664 1664 0 1361 1361 0 1662 1662 0 786 786 0 790 790 0 787 787 0 1670 1670 0 1669 1669 0 1352 1352 0 789 789 0 787 787 0 790 790 0 1678 1678 0 1351 1351 0 2497 2497 0 257 257 0 2019 2019 0 792 792 0 1678 1678 0 2497 2497 0 1672 1672 0 792 792 0 258 258 0 257 257 0 1673 1673 0 1672 1672 0 1675 1675 0 800 800 0 254 254 0 253 253 0 1320 1320 0 1319 1319 0 1691 1691 0 249 249 0 803 803 0 802 802 0 1308 1308 0 1311 1311 0 1306 1306 0 805 805 0 801 801 0 803 803 0 1307 1307 0 1305 1305 0 1304 1304 0 247 247 0 2018 2018 0 245 245 0 1301 1301 0 1303 1303 0 1305 1305 0 807 807 0 2498 2498 0 809 809 0 1305 1305 0 2161 2161 0 1301 1301 0 2498 2498 0 810 810 0 809 809 0 1302 1302 0 1298 1298 0 1300 1300 0 812 812 0 2258 2258 0 2103 2103 0 2463 2463 0 1295 1295 0 1297 1297 0 2103 2103 0 2499 2499 0 812 812 0 1297 1297 0 2418 2418 0 2463 2463 0 2499 2499 0 231 231 0 812 812 0 1717 1717 0 2342 2342 0 1715 1715 0 814 814 0 236 236 0 237 237 0 1720 1720 0 1715 1715 0 1718 1718 0 2104 2104 0 2500 2500 0 229 229 0 2442 2442 0 1733 1733 0 2382 2382 0 2500 2500 0 230 230 0 229 229 0 1263 1263 0 1749 1749 0 1745 1745 0 2257 2257 0 2360 2360 0 817 817 0 1262 1262 0 1749 1749 0 1263 1263 0 208 208 0 2501 2501 0 2360 2360 0 2419 2419 0 1261 1261 0 2156 2156 0 208 208 0 207 207 0 2501 2501 0 2420 2420 0 1750 1750 0 1752 1752 0 219 219 0 215 215 0 217 217 0 1250 1250 0 2317 2317 0 1248 1248 0 213 213 0 210 210 0 215 215 0 2154 2154 0 2502 2502 0 2317 2317 0 212 212 0 2014 2014 0 210 210 0 2154 2154 0 1246 1246 0 2502 2502 0 222 222 0 822 822 0 220 220 0 2155 2155 0 2503 2503 0 2406 2406 0 199 199 0 825 825 0 202 202 0 2503 2503 0 1241 1241 0 2406 2406 0 203 203 0 200 200 0 199 199 0 1240 1240 0 2406 2406 0 1241 1241 0 201 201 0 2010 2010 0 199 199 0 2316 2316 0 1768 1768 0 1233 1233 0 197 197 0 827 827 0 2010 2010 0 1232 1232 0 1233 1233 0 1230 1230 0 190 190 0 185 185 0 188 188 0 1222 1222 0 1769 1769 0 1771 1771 0 187 187 0 2256 2256 0 185 185 0 2229 2229 0 1771 1771 0 1770 1770 0 830 830 0 832 832 0 2256 2256 0 1770 1770 0 1772 1772 0 2228 2228 0 184 184 0 2504 2504 0 831 831 0 1774 1774 0 2228 2228 0 1772 1772 0 184 184 0 180 180 0 2504 2504 0 1215 1215 0 1217 1217 0 1216 1216 0 182 182 0 177 177 0 180 180 0 1213 1213 0 1210 1210 0 1211 1211 0 179 179 0 2105 2105 0 177 177 0 1786 1786 0 2230 2230 0 1784 1784 0 2106 2106 0 2107 2107 0 834 834 0 1784 1784 0 1785 1785 0 1786 1786 0 2008 2008 0 172 172 0 837 837 0 2432 2432 0 2505 2505 0 1192 1192 0 839 839 0 165 165 0 2007 2007 0 2505 2505 0 1193 1193 0 1192 1192 0 2397 2397 0 176 176 0 839 839 0 1193 1193 0 1191 1191 0 1190 1190 0 842 842 0 174 174 0 840 840 0 2458 2458 0 1189 1189 0 2149 2149 0 2396 2396 0 143 143 0 843 843 0 2149 2149 0 2437 2437 0 2458 2458 0 2255 2255 0 148 148 0 141 141 0 1803 1803 0 1800 1800 0 1187 1187 0 2004 2004 0 141 141 0 148 148 0 1186 1186 0 1188 1188 0 1185 1185 0 145 145 0 844 844 0 146 146 0 1181 1181 0 1182 1182 0 1179 1179 0 848 848 0 146 146 0 845 845 0 1177 1177 0 1181 1181 0 1180 1180 0 854 854 0 849 849 0 852 852 0 1180 1180 0 2147 2147 0 1177 1177 0 852 852 0 2506 2506 0 853 853 0 1178 1178 0 1173 1173 0 1176 1176 0 2506 2506 0 855 855 0 853 853 0 1175 1175 0 1176 1176 0 1173 1173 0 2001 2001 0 2253 2253 0 116 116 0 2345 2345 0 1813 1813 0 1814 1814 0 114 114 0 2507 2507 0 2253 2253 0 1810 1810 0 1809 1809 0 2232 2232 0 114 114 0 112 112 0 2507 2507 0 1820 1820 0 1817 1817 0 2145 2145 0 875 875 0 108 108 0 107 107 0 1170 1170 0 1172 1172 0 1822 1822 0 109 109 0 105 105 0 107 107 0 1823 1823 0 1822 1822 0 1825 1825 0 105 105 0 104 104 0 107 107 0 1152 1152 0 2508 2508 0 1154 1154 0 2000 2000 0 2509 2509 0 104 104 0 1152 1152 0 1151 1151 0 2508 2508 0 2000 2000 0 102 102 0 2509 2509 0 2378 2378 0 1148 1148 0 1147 1147 0 100 100 0 99 99 0 102 102 0 2510 2510 0 2140 2140 0 2431 2431 0 97 97 0 876 876 0 99 99 0 2431 2431 0 2511 2511 0 2510 2510 0 81 81 0 78 78 0 1997 1997 0 2511 2511 0 1139 1139 0 2510 2510 0 2512 2512 0 2425 2425 0 2446 2446 0 2513 2513 0 2510 2510 0 1139 1139 0 2446 2446 0 2514 2514 0 2512 2512 0 1140 1140 0 2513 2513 0 1139 1139 0 2515 2515 0 2512 2512 0 2514 2514 0 1829 1829 0 2516 2516 0 1832 1832 0 2448 2448 0 2515 2515 0 2514 2514 0 2516 2516 0 1830 1830 0 1832 1832 0 2514 2514 0 2455 2455 0 2448 2448 0 1834 1834 0 1832 1832 0 1831 1831 0 47 47 0 44 44 0 49 49 0 2517 2517 0 1834 1834 0 1833 1833 0 46 46 0 916 916 0 44 44 0 1836 1836 0 2517 2517 0 1833 1833 0 919 919 0 2252 2252 0 1994 1994 0 1835 1835 0 1837 1837 0 1836 1836 0 2459 2459 0 928 928 0 2464 2464 0 2376 2376 0 2518 2518 0 2404 2404 0 2519 2519 0 2464 2464 0 928 928 0 2518 2518 0 2520 2520 0 2404 2404 0 930 930 0 2519 2519 0 928 928 0 2520 2520 0 2466 2466 0 2404 2404 0 932 932 0 935 935 0 931 931 0 1847 1847 0 1844 1844 0 1848 1848 0 2306 2306 0 937 937 0 933 933 0 1849 1849 0 1848 1848 0 1108 1108 0 944 944 0 942 942 0 941 941 0 2469 2469 0 1858 1858 0 1857 1857 0 955 955 0 2429 2429 0 952 952 0 1858 1858 0 1861 1861 0 1860 1860 0 960 960 0 964 964 0 962 962 0 2445 2445 0 1079 1079 0 1882 1882 0 1933 1933 0 1017 1017 0 2456 2456 0 1078 1078 0 1882 1882 0 1079 1079 0 1928 1928 0 2308 2308 0 1025 1025 0 1079 1079 0 2521 2521 0 1077 1077 0 1927 1927 0 1923 1923 0 1031 1031 0 2521 2521 0 1885 1885 0 1077 1077 0 1927 1927 0 1924 1924 0 1923 1923 0 2240 2240 0 2352 2352 0 1899 1899 0 1920 1920 0 2522 2522 0 1923 1923 0 1900 1900 0 1899 1899 0 2241 2241 0 1920 1920 0 1919 1919 0 2522 2522 0 1898 1898 0 2241 2241 0 1896 1896 0 2523 2523 0 2393 2393 0 2424 2424 0 2403 2403 0 1055 1055 0 1054 1054 0 2424 2424 0 2524 2524 0 2523 2523 0 1052 1052 0 1051 1051 0 1054 1054 0 2524 2524 0 2430 2430 0 2523 2523 0 1050 1050 0 2525 2525 0 1051 1051 0 2402 2402 0 2523 2523 0 2430 2430 0 1050 1050 0 1047 1047 0 2525 2525 0 2125 2125 0 2124 2124 0 1040 1040 0 2127 2127 0 2126 2126 0 1047 1047 0 1046 1046 0 1035 1035 0 2126 2126 0</p></triangles></mesh></geometry></library_geometries><library_visual_scenes><visual_scene id="Scene"><node id="road-node"><instance_geometry url="#road"><bind_material><technique_common><instance_material symbol="asphalt" target="#asphalt-material"><bind_vertex_input semantic="UVSET0" input_semantic="TEXCOORD" input_set="0" /></instance_material></technique_common></bind_material></instance_geometry></node></visual_scene></library_visual_scenes><scene><instance_visual_scene url="#Scene" /></scene></COLLADA>