<?xml version='1.0' encoding='utf-8'?>
<COLLADA xmlns="http://www.collada.org/2005/11/COLLADASchema" version="1.4.1"><asset><created>2026-09-12T00:00:00Z</created><modified>2026-09-12T00:00:00Z</modified><unit name="meter" meter="1" /><up_axis>Z_UP</up_axis></asset><library_images><image id="asphalt-image"><init_from>textures/asphalt.png</init_from></image></library_images><library_effects><effect id="asphalt-effect"><profile_COMMON><newparam sid="surface"><surface type="2D"><init_from>asphalt-image</init_from></surface></newparam><newparam sid="sampler"><sampler2D><source>surface</source></sampler2D></newparam><technique sid="common"><phong><diffuse><texture texture="sampler" texcoord="UVSET0" /></diffuse><specular><color>0.02 0.02 0.02 1</color></specular></phong></technique></profile_COMMON></effect></library_effects><library_materials><material id="asphalt-material"><instance_effect url="#asphalt-effect" /></material></library_materials><library_geometries><geometry id="road"><mesh><source id="positions"><float_array id="positions-array" count="7347">89.1014415 13.7790435 0.0000000 79.1434661 12.9121937 0.0000000 90.1421156 1.8242538 0.0000000 95.1211033 2.2576787 0.0000000 100.1000910 2.6911036 0.0000000 94.0804292 14.2124684 0.0000000 65.2471772 -0.3428708 0.0000000 70.2261649 0.0905541 0.0000000 64.2065030 11.6119189 0.0000000 123.9543554 16.8130180 0.0000000 113.9963800 15.9461681 0.0000000 124.9950295 4.8582283 0.0000000 129.9740172 5.2916532 0.0000000 139.9319926 6.1585031 0.0000000 128.9333431 17.2464429 0.0000000 144.9109803 6.5919280 0.0000000 138.8913185 18.1132928 0.0000000 149.8899680 7.0253529 0.0000000 143.8703062 18.5467177 0.0000000 154.8689557 7.4587778 0.0000000 148.8492939 18.9801426 0.0000000 163.7862569 20.2804174 0.0000000 153.8282816 19.4135676 0.0000000 164.8269311 8.3256277 0.0000000 168.7652446 20.7138423 0.0000000 169.8059188 8.7590526 0.0000000 173.7442323 21.1472673 0.0000000 174.7849065 9.1924775 0.0000000 183.7022077 22.0141171 0.0000000 178.7232200 21.5806922 0.0000000 184.5035997 10.0384977 0.0000000 189.1659558 22.0705378 0.0000000 184.1816715 22.0365830 0.0000000 189.0462489 10.0694439 0.0000000 189.5685013 22.0597666 0.0000000 240.0274353 13.7944023 0.0000000 235.2835354 15.3671671 0.0000000 236.2511511 2.4040697 0.0000000 220.8799186 20.0050488 0.0000000 219.5008752 20.2521953 0.0000000 218.0734826 8.3165327 0.0000000 225.6483089 18.5594735 0.0000000 222.0928632 7.0980256 0.0000000 230.5396355 16.9399319 0.0000000 225.7957356 18.5126968 0.0000000 245.5463314 11.9030588 0.0000000 244.7713353 12.2216375 0.0000000 240.5964031 0.9634702 0.0000000 249.9856440 9.7041728 0.0000000 244.3215501 -0.8816743 0.0000000 250.6376780 9.3285484 0.0000000 263.8376592 0.4990602 0.0000000 263.1346277 1.0442362 0.0000000 256.1325029 -8.7112345 0.0000000 267.5145048 -2.8166983 0.0000000 259.1966887 -11.4744999 0.0000000 271.3041132 -7.1450260 0.0000000 268.0431593 -3.3576317 0.0000000 287.5410553 -27.0054279 0.0000000 284.7943588 -22.8827357 0.0000000 277.3162330 -33.3012715 0.0000000 287.9641577 -27.7509258 0.0000000 290.1142379 -32.2626141 0.0000000 281.4315369 -41.9367486 0.0000000 294.4143983 -41.2859905 0.0000000 292.2643181 -36.7743023 0.0000000 287.7585430 -55.2132205 0.0000000 300.6420600 -55.5214450 0.0000000 298.9358314 -50.8371170 0.0000000 289.3132064 -59.4814371 0.0000000 300.7413851 -55.8179426 0.0000000 290.7309153 -64.1106303 0.0000000 303.6683994 -65.3754156 0.0000000 302.2048922 -60.5966791 0.0000000 293.6579295 -73.6681033 0.0000000 306.5954136 -74.9328886 0.0000000 305.1319065 -70.1541521 0.0000000 298.0169160 -87.9013429 0.0000000 310.8725617 -89.5244265 0.0000000 309.5817823 -84.6973668 0.0000000 299.2698826 -92.5869963 0.0000000 310.8920654 -89.5992943 0.0000000 295.1214367 -78.4468398 0.0000000 308.0589207 -79.7116251 0.0000000 304.1752341 -111.9271914 0.0000000 317.0356430 -113.8214091 0.0000000 315.8069274 -108.9769861 0.0000000 306.6326652 -121.6160373 0.0000000 319.4930740 -123.5102550 0.0000000 318.2643585 -118.6658320 0.0000000 310.3188117 -136.1493062 0.0000000 323.1779699 -138.0385930 0.0000000 321.9505050 -133.1991009 0.0000000 331.6725874 -232.9612282 0.0000000 343.5577968 -231.3053908 0.0000000 342.8681658 -226.3553822 0.0000000 325.5773905 -194.2120796 0.0000000 326.7836435 -198.7733679 0.0000000 337.1785744 -191.1440948 0.0000000 338.5739045 -196.5221479 0.0000000 338.4563434 -195.9758111 0.0000000 339.3955591 -201.4456026 0.0000000 329.6036943 -218.1112025 0.0000000 330.2933254 -223.0612111 0.0000000 342.1785348 -221.4053737 0.0000000 335.9008055 -186.3123785 0.0000000 324.2996216 -189.3803633 0.0000000 335.6794566 -262.4787550 0.0000000 347.6053792 -261.1457345 0.0000000 347.0223630 -256.1832578 0.0000000 347.6196457 -261.2802322 0.0000000 339.2568541 -302.0013876 0.0000000 352.0225314 -316.3221495 0.0000000 351.2391436 -301.3491777 0.0000000 338.9614205 -297.1396593 0.0000000 350.9331904 -296.3108309 0.0000000 350.9175200 -296.1091660 0.0000000 351.2362916 -301.2987378 0.0000000 340.3000514 -321.9401241 0.0000000 352.2836606 -321.3131401 0.0000000 343.1724732 -376.8410207 0.0000000 355.4172118 -381.2050273 0.0000000 355.1560825 -376.2140367 0.0000000 344.4382840 -411.6415180 0.0000000 356.4342627 -411.3308808 0.0000000 356.3048871 -406.3347385 0.0000000 343.6938248 -386.8056682 0.0000000 355.6800545 -386.2306903 0.0000000 355.6783410 -386.1960179 0.0000000 343.9223811 -391.7187224 0.0000000 355.9122889 -391.2228107 0.0000000 355.9167601 -391.3463117 0.0000000 344.8264110 -426.6299448 0.0000000 356.8223897 -426.3193076 0.0000000 341.8668269 -351.8860677 0.0000000 353.8504362 -351.2590837 0.0000000 353.3281777 -341.2771025 0.0000000 345.6026649 -456.6067984 0.0000000 357.8551466 -466.2016231 0.0000000 357.5986436 -456.2961613 0.0000000 347.1982915 -481.9927449 0.0000000 347.7148008 -486.9638005 0.0000000 359.1340358 -480.7525810 0.0000000 360.1670545 -490.6946922 0.0000000 359.6505452 -485.7236366 0.0000000 388.8118765 -556.7641319 0.0000000 386.4025234 -552.3854114 0.0000000 375.8890042 -558.1703845 0.0000000 391.2212296 -561.1428525 0.0000000 380.7077104 -566.9278255 0.0000000 395.8920645 -570.5073229 0.0000000 393.8468087 -565.9551108 0.0000000 383.0001919 -571.0941454 0.0000000 397.8599575 -575.3351323 0.0000000 395.9769104 -570.7056281 0.0000000 384.9018879 -575.3268303 0.0000000 386.7442946 -579.8564193 0.0000000 388.6273417 -584.4859235 0.0000000 401.6260518 -584.5941406 0.0000000 399.7430047 -579.9646364 0.0000000 403.9268986 -590.9440722 0.0000000 403.5090990 -589.2236448 0.0000000 392.0562196 -592.9158795 0.0000000 404.3693003 -595.8377233 0.0000000 392.3872690 -596.5778008 0.0000000 404.3919937 -596.5197254 0.0000000 391.8636927 -610.5461463 0.0000000 403.8102271 -611.7449562 0.0000000 404.1439910 -606.7726234 0.0000000 403.7054790 -612.5282983 0.0000000 388.9893437 -624.8108528 0.0000000 388.0319792 -629.2122639 0.0000000 400.7249443 -627.3164062 0.0000000 399.6638910 -632.1945183 0.0000000 399.4138464 -633.0395755 0.0000000 386.4219565 -633.4742874 0.0000000 395.8815277 -642.3902668 0.0000000 397.6476871 -637.7149211 0.0000000 379.3573193 -652.1756700 0.0000000 388.8168905 -661.0916494 0.0000000 390.5830498 -656.4163037 0.0000000 374.0588413 -666.2017070 0.0000000 383.5184125 -675.1176863 0.0000000 385.2845719 -670.4423407 0.0000000 366.9942041 -684.9030896 0.0000000 376.4537753 -693.8190689 0.0000000 378.2199346 -689.1437233 0.0000000 361.6957261 -698.9291265 0.0000000 371.1552973 -707.8451059 0.0000000 372.9214567 -703.1697602 0.0000000 355.1791528 -734.7445620 0.0000000 367.1568519 -735.4758092 0.0000000 367.4614052 -730.4872800 0.0000000 354.8745995 -739.7330911 0.0000000 366.5728077 -745.0423508 0.0000000 366.8522986 -740.4643383 0.0000000 376.8703529 -780.0264568 0.0000000 374.4468732 -775.6555391 0.0000000 363.9520888 -781.4744308 0.0000000 395.8759876 -808.5110931 0.0000000 392.9644547 -804.4489322 0.0000000 386.1225431 -815.5018242 0.0000000 397.7686748 -831.7504680 0.0000000 400.5660414 -835.6533446 0.0000000 407.5221193 -824.7597370 0.0000000 409.3641448 -865.5220388 0.0000000 421.5306463 -870.0996382 0.0000000 421.3568904 -865.1048425 0.0000000 404.2380922 -843.2731349 0.0000000 417.2226625 -843.8888549 0.0000000 415.5218286 -839.1893507 0.0000000 413.2735439 -833.3620522 0.0000000 410.6513473 -829.1475771 0.0000000 402.7517492 -839.1662813 0.0000000 413.8209948 -834.4898465 0.0000000 409.0253847 -856.5007061 0.0000000 420.9774374 -855.0842556 0.0000000 420.6243302 -853.2878633 0.0000000 421.1817371 -860.0731451 0.0000000 409.7042117 -875.2976187 0.0000000 421.7044023 -875.0944340 0.0000000 409.5530532 -879.4284226 0.0000000 421.5225831 -880.4805826 0.0000000 421.7040163 -875.5224433 0.0000000 421.3539813 -881.6900115 0.0000000 416.5932604 -901.1061478 0.0000000 417.7834406 -896.2521137 0.0000000 405.2049714 -897.1616509 0.0000000 412.8632186 -907.1568363 0.0000000 415.6864536 -903.1106603 0.0000000 403.1407593 -900.1200180 0.0000000 412.6143595 -907.4884592 0.0000000 390.7264820 -915.5241068 0.0000000 387.9922010 -918.9169026 0.0000000 400.0699203 -923.0540577 0.0000000 392.1716522 -930.9687365 0.0000000 396.0339729 -927.8466270 0.0000000 384.7657552 -921.5250022 0.0000000 391.8895808 -931.1832907 0.0000000 380.8444868 -924.3287977 0.0000000 376.7790132 -927.2357031 0.0000000 383.7586335 -936.9971016 0.0000000 371.1819641 -945.9684563 0.0000000 371.5622124 -945.7178180 0.0000000 364.7679567 -935.8238796 0.0000000 366.9105275 -948.5569230 0.0000000 360.7358485 -938.2673147 0.0000000 366.8211782 -948.6100156 0.0000000 352.1438085 -943.2726454 0.0000000 353.8657615 -956.1572507 0.0000000 358.1842337 -953.6415057 0.0000000 339.1883918 -950.8198805 0.0000000 340.9120520 -963.7034912 0.0000000 345.2288170 -961.1887407 0.0000000 321.9155168 -960.9479489 0.0000000 328.0112230 -971.2844070 0.0000000 332.3162003 -968.7456383 0.0000000 317.6105396 -963.4867176 0.0000000 319.4012685 -976.3619444 0.0000000 323.7062458 -973.8231757 0.0000000 296.4873806 -979.0703678 0.0000000 301.2865285 -991.1511937 0.0000000 304.8648554 -987.6621032 0.0000000 230.0225916 -1114.8144769 0.0000000 232.4083607 -1110.4228620 0.0000000 221.8551725 -1104.7105463 0.0000000 227.6368224 -1119.2060918 0.0000000 219.4781123 -1109.0861301 0.0000000 222.8652841 -1127.9893216 0.0000000 225.2510533 -1123.5977067 0.0000000 212.3208049 -1122.2609747 0.0000000 121.6615772 -1289.1423400 0.0000000 119.2758081 -1293.5339549 0.0000000 132.2060565 -1294.8706869 0.0000000 114.5042698 -1302.3171847 0.0000000 112.1185006 -1306.7087995 0.0000000 122.6629799 -1312.4371464 0.0000000 125.0487490 -1308.0455315 0.0000000 127.4345182 -1303.6539166 0.0000000 116.8900389 -1297.9255698 0.0000000 153.6779788 -1255.3461530 0.0000000 156.0637479 -1250.9545381 0.0000000 143.1334996 -1249.6178061 0.0000000 178.9200368 -1183.7435830 0.0000000 176.5342676 -1188.1351979 0.0000000 187.0787469 -1193.8635447 0.0000000 190.8488825 -1161.7855086 0.0000000 188.4631134 -1166.1771235 0.0000000 201.3933618 -1167.5138555 0.0000000 196.6218235 -1176.2970852 0.0000000 199.0075926 -1171.9054703 0.0000000 133.5904230 -1267.1842657 0.0000000 131.2046538 -1271.5758805 0.0000000 141.7491330 -1277.3042274 0.0000000 117.8914416 -1321.2203762 0.0000000 120.2772107 -1316.8287613 0.0000000 109.7327315 -1311.1004144 0.0000000 124.0473464 -1284.7507252 0.0000000 134.5918256 -1290.4790720 0.0000000 95.4181166 -1337.4501037 0.0000000 93.0323474 -1341.8417186 0.0000000 103.5768267 -1347.5700654 0.0000000 98.8052884 -1356.3532952 0.0000000 101.1910575 -1351.9616803 0.0000000 90.6465783 -1346.2333334 0.0000000 78.7177325 -1368.1914078 0.0000000 76.3319634 -1372.5830227 0.0000000 89.2622118 -1373.9197547 0.0000000 84.4906735 -1382.7029844 0.0000000 86.8764426 -1378.3113696 0.0000000 82.1049043 -1387.0945993 0.0000000 71.5604251 -1381.3662525 0.0000000 69.1746559 -1385.7578673 0.0000000 66.7888868 -1390.1494822 0.0000000 79.7191352 -1391.4862142 0.0000000 77.3333660 -1395.8778291 0.0000000 62.0173485 -1398.9327120 0.0000000 72.5618277 -1404.6610588 0.0000000 67.7902894 -1413.4442886 0.0000000 70.1760586 -1409.0526737 0.0000000 59.6315793 -1403.3243268 0.0000000 57.2458102 -1407.7159417 0.0000000 65.4045203 -1417.8359035 0.0000000 54.8600410 -1412.1075566 0.0000000 52.4742719 -1416.4991715 0.0000000 50.0885028 -1420.8907864 0.0000000 63.0187511 -1422.2275183 0.0000000 48.7041362 -1448.5772076 0.0000000 51.0899054 -1444.1855927 0.0000000 40.5454262 -1438.4572459 0.0000000 38.1596570 -1442.8488607 0.0000000 35.7738879 -1447.2404756 0.0000000 43.9325979 -1457.3604373 0.0000000 46.3183671 -1452.9688225 0.0000000 33.3881187 -1451.6320905 0.0000000 31.0023496 -1456.0237054 0.0000000 39.1610596 -1466.1436671 0.0000000 41.5468288 -1461.7520522 0.0000000 26.2308113 -1464.8069351 0.0000000 23.8450421 -1469.1985500 0.0000000 34.3895213 -1474.9268969 0.0000000 32.0037522 -1479.3185117 0.0000000 21.4592730 -1473.5901649 0.0000000 19.0735038 -1477.9817798 0.0000000 29.6179831 -1483.7101266 0.0000000 14.3019655 -1486.7650095 0.0000000 11.9161964 -1491.1566244 0.0000000 22.4606756 -1496.8849712 0.0000000 20.0749065 -1501.2765861 0.0000000 9.5304272 -1495.5482393 0.0000000 7.1446581 -1499.9398541 0.0000000 17.6891373 -1505.6682010 0.0000000 15.3033682 -1510.0598159 0.0000000 4.7588889 -1504.3314690 0.0000000 2.3731198 -1508.7230839 0.0000000 -0.0126494 -1513.1146988 0.0000000 12.9175990 -1514.4514308 0.0000000 -2.3838203 -1517.4794420 0.0000000 -4.7064949 -1521.6529247 0.0000000 8.1165912 -1523.2882537 0.0000000 5.6869623 -1527.6539166 0.0000000 5.4925464 -1527.9786984 0.0000000 2.7916024 -1532.1838236 0.0000000 -7.3051059 -1525.6987268 0.0000000 -10.0060499 -1529.9038519 0.0000000 0.0906585 -1536.3889487 0.0000000 -20.8098258 -1546.7243524 0.0000000 -10.7131174 -1553.2094492 0.0000000 -8.0121734 -1549.0043241 0.0000000 -23.5107697 -1550.9294776 0.0000000 -16.1150053 -1561.6196995 0.0000000 -13.4140614 -1557.4145743 0.0000000 10.5318299 -1518.8430456 0.0000000 -37.0154896 -1571.9551032 0.0000000 -29.6197252 -1582.6453251 0.0000000 -26.9187812 -1578.4402000 0.0000000 -42.4173775 -1580.3653535 0.0000000 -32.3206691 -1586.8504503 0.0000000 -47.8192654 -1588.7756037 0.0000000 -37.7225571 -1595.2607005 0.0000000 -35.0216131 -1591.0555754 0.0000000 -53.2211533 -1597.1858540 0.0000000 -45.8253890 -1607.8760759 0.0000000 -43.1244450 -1603.6709508 0.0000000 -58.6230413 -1605.5961042 0.0000000 -48.5263329 -1612.0812010 0.0000000 -64.0249292 -1614.0063545 0.0000000 -53.9282209 -1620.4914513 0.0000000 -51.2272769 -1616.2863262 0.0000000 -74.8287051 -1630.8268550 0.0000000 -64.7319967 -1637.3119518 0.0000000 -59.3301088 -1628.9017016 0.0000000 -77.4654129 -1634.9319703 0.0000000 -67.5653235 -1641.7144741 0.0000000 -67.4329407 -1641.5170769 0.0000000 -70.4291039 -1645.8070570 0.0000000 -80.2128743 -1638.8583236 0.0000000 -73.5062682 -1649.9563778 0.0000000 -70.5273574 -1645.9433657 0.0000000 -92.0784363 -1654.8429056 0.0000000 -82.4430006 -1661.9954142 0.0000000 -79.4640898 -1657.9824020 0.0000000 -97.8466195 -1662.6134603 0.0000000 -88.8060530 -1670.5108893 0.0000000 -88.4008221 -1670.0214384 0.0000000 -92.1751417 -1674.1673423 0.0000000 -100.8012791 -1665.8201358 0.0000000 -92.5929229 -1674.5785028 0.0000000 -108.7654071 -1688.7500595 0.0000000 -107.5092933 -1687.8883753 0.0000000 -114.9257843 -1678.4234272 0.0000000 -113.2086367 -1691.0293663 0.0000000 -118.6688360 -1680.3435538 0.0000000 -113.2426612 -1691.0466838 0.0000000 -131.7216622 -1686.9348765 0.0000000 -131.9365593 -1699.7903245 0.0000000 -127.2707699 -1698.0844622 0.0000000 -135.7680726 -1688.4142873 0.0000000 -132.5239541 -1699.9715539 0.0000000 -149.7436301 -1691.9533117 0.0000000 -147.5850284 -1703.7606315 0.0000000 -147.0586264 -1703.6521628 0.0000000 -153.6452052 -1692.5765788 0.0000000 -152.4671601 -1704.5405401 0.0000000 -158.8847768 -1704.1874572 0.0000000 -153.9036546 -1704.5956205 0.0000000 -184.3651883 -1700.2986156 0.0000000 -179.4915391 -1701.4057376 0.0000000 -176.8332856 -1689.7038708 0.0000000 -172.1837493 -1690.7600823 0.0000000 -190.7830066 -1686.4147227 0.0000000 -194.9120167 -1684.6059077 0.0000000 -199.7271445 -1695.5974747 0.0000000 -194.2257512 -1697.9207036 0.0000000 -189.3937014 -1699.1541451 0.0000000 -195.1493244 -1697.6029020 0.0000000 -213.6500140 -1689.1206136 0.0000000 -209.2452883 -1691.4131224 0.0000000 -207.5963291 -1678.7433271 0.0000000 -214.6165344 -1688.4927832 0.0000000 -218.5268726 -1685.3803194 0.0000000 -218.7143010 -1669.8938921 0.0000000 -226.6586435 -1678.8899623 0.0000000 -226.3475491 -1679.1553920 0.0000000 -221.6868457 -1667.1772865 0.0000000 -231.2563657 -1674.4539845 0.0000000 -230.3175987 -1675.5460468 0.0000000 -234.0359545 -1670.3004244 0.0000000 -245.1056907 -1653.3432401 0.0000000 -242.5201267 -1657.6114887 0.0000000 -234.7382598 -1647.2970469 0.0000000 -245.3014897 -1652.9942611 0.0000000 -247.6002600 -1648.5564879 0.0000000 -236.9025362 -1643.1189138 0.0000000 -249.8433075 -1643.8862797 0.0000000 -247.6825557 -1648.3914545 0.0000000 -239.0018983 -1638.7417369 0.0000000 -251.9718765 -1639.2546958 0.0000000 -249.8855813 -1643.7962317 0.0000000 -243.1537250 -1629.7038645 0.0000000 -256.1444670 -1630.1716241 0.0000000 -254.0581718 -1634.7131600 0.0000000 -249.4126107 -1616.0792569 0.0000000 -262.4033526 -1616.5470165 0.0000000 -260.3170574 -1621.0885524 0.0000000 -253.5852011 -1606.9961852 0.0000000 -266.5759431 -1607.4639448 0.0000000 -264.4896478 -1612.0054807 0.0000000 -275.4199952 -1567.0856162 0.0000000 -277.9101134 -1562.7523164 0.0000000 -285.8244571 -1573.0645101 0.0000000 -280.4002316 -1558.4190166 0.0000000 -280.7405640 -1557.8925081 0.0000000 -290.6482995 -1564.6700670 0.0000000 -346.6007840 -1495.5917252 0.0000000 -343.2431914 -1499.2874568 0.0000000 -334.3613230 -1491.2182304 0.0000000 -349.8940106 -1491.9780767 0.0000000 -337.7282725 -1487.5122102 0.0000000 -367.2828892 -1474.1764049 0.0000000 -363.7905936 -1477.7516038 0.0000000 -355.2063685 -1469.3664336 0.0000000 -384.8688782 -1455.7890987 0.0000000 -384.7632895 -1455.9119389 0.0000000 -375.7158868 -1448.0283443 0.0000000 -420.1388222 -1413.6181335 0.0000000 -413.7261051 -1421.2855817 0.0000000 -410.9338656 -1405.9195119 0.0000000 -401.3147899 -1417.4206842 0.0000000 -404.5211485 -1413.5869601 0.0000000 -407.3133880 -1428.9530299 0.0000000 -404.1070294 -1432.7867540 0.0000000 -398.1084314 -1421.2544083 0.0000000 -385.2829972 -1436.5893048 0.0000000 -391.6957143 -1428.9218565 0.0000000 -394.4879538 -1444.2879263 0.0000000 -382.0766387 -1440.4230289 0.0000000 -410.5197465 -1425.1193058 0.0000000 -420.5529412 -1394.4183395 0.0000000 -423.7592997 -1390.5846154 0.0000000 -429.7578978 -1402.1169611 0.0000000 -448.9960490 -1379.1146165 0.0000000 -436.1706149 -1394.4495129 0.0000000 -439.7910925 -1371.4159949 0.0000000 -442.9974510 -1367.5822708 0.0000000 -452.2024076 -1375.2808924 0.0000000 -492.7113092 -1386.5438838 0.0000000 -485.2962451 -1379.8409347 0.0000000 -493.3432971 -1370.9389713 0.0000000 -503.8339055 -1396.5983073 0.0000000 -496.4188413 -1389.8953583 0.0000000 -511.4066803 -1387.2676145 0.0000000 -509.1068803 -1399.7917578 0.0000000 -504.8621523 -1397.3462007 0.0000000 -514.6093994 -1389.1128286 0.0000000 -518.4238828 -1390.4428311 0.0000000 -521.9158809 -1391.1654552 0.0000000 -515.6054800 -1402.1138435 0.0000000 -522.2464938 -1403.1973191 0.0000000 -520.4001923 -1403.1060474 0.0000000 -527.2166454 -1402.6721824 0.0000000 -529.8539126 -1390.1114291 0.0000000 -532.4328091 -1401.8522839 0.0000000 -527.5270410 -1402.6311722 0.0000000 -538.4018197 -1399.5641177 0.0000000 -533.7825276 -1401.4720789 0.0000000 -536.9254014 -1386.7962662 0.0000000 -544.6129912 -1396.0477715 0.0000000 -543.2789388 -1397.0100779 0.0000000 -555.4558148 -1385.6922533 0.0000000 -547.1067845 -1377.0724617 0.0000000 -559.0915734 -1382.0223696 0.0000000 -555.5761479 -1385.5740497 0.0000000 -557.5052771 -1366.4551520 0.0000000 -560.7389684 -1363.1362642 0.0000000 -566.1001574 -1374.8294001 0.0000000 -573.0910728 -1366.7255973 0.0000000 -570.0626251 -1370.6994619 0.0000000 -563.5377008 -1359.4638270 0.0000000 -573.1091129 -1366.7018028 0.0000000 -572.5573371 -1347.5054718 0.0000000 -582.1377396 -1354.7315280 0.0000000 -579.1281974 -1358.7216196 0.0000000 -575.4292112 -1343.6979024 0.0000000 -585.4083296 -1350.3664453 0.0000000 -585.1472818 -1350.7414363 0.0000000 -577.8376777 -1339.9407607 0.0000000 -588.0956637 -1346.1742777 0.0000000 -584.5510077 -1326.8572557 0.0000000 -586.8067895 -1322.4609975 0.0000000 -595.2275446 -1332.3355366 0.0000000 -599.7548344 -1323.3037355 0.0000000 -597.5598879 -1327.7877300 0.0000000 -588.8250460 -1318.3379581 0.0000000 -600.0218690 -1322.6681283 0.0000000 -611.0648505 -1288.9888137 0.0000000 -608.4962753 -1298.6487890 0.0000000 -596.9600125 -1295.3366040 0.0000000 -599.4678170 -1285.9051772 0.0000000 -600.7521046 -1281.0751895 0.0000000 -593.7134856 -1304.5295539 0.0000000 -595.3797969 -1299.8227148 0.0000000 -605.0255373 -1308.5342370 0.0000000 -590.3777067 -1313.9521481 0.0000000 -601.6897584 -1317.9568312 0.0000000 -592.9459241 -1336.7821514 0.0000000 -588.3826831 -1345.6753811 0.0000000 -566.5382526 -1355.4856551 0.0000000 -569.5477948 -1351.4955635 0.0000000 -559.1246640 -1381.9886734 0.0000000 -550.5462627 -1373.5975121 0.0000000 -485.9282330 -1364.2360222 0.0000000 -489.6357650 -1367.5874967 0.0000000 -477.9932659 -1373.2393065 0.0000000 -485.6991052 -1364.0391505 0.0000000 -480.6352711 -1360.1279168 0.0000000 -481.8510656 -1360.8977014 0.0000000 -474.8236757 -1370.6517275 0.0000000 -476.1225438 -1357.9800184 0.0000000 -467.9124268 -1367.3622179 0.0000000 -468.5387148 -1355.2700051 0.0000000 -471.6098164 -1355.8321200 0.0000000 -463.5943066 -1355.6772310 0.0000000 -456.0892957 -1357.0242254 0.0000000 -458.4632226 -1356.2390967 0.0000000 -461.0452154 -1368.0275335 0.0000000 -451.8111655 -1359.5268886 0.0000000 -454.9204899 -1372.0309821 0.0000000 -446.2038096 -1363.7485467 0.0000000 -447.3106633 -1362.7213209 0.0000000 -381.4568486 -1459.6551752 0.0000000 -372.5626936 -1451.5980882 0.0000000 -362.1909597 -1462.2160358 0.0000000 -365.6832553 -1458.6408369 0.0000000 -374.2674804 -1467.0260071 0.0000000 -356.8060025 -1484.9020017 0.0000000 -353.3137069 -1488.4772006 0.0000000 -344.7294818 -1480.0920304 0.0000000 -336.5217717 -1506.6857824 0.0000000 -333.1973356 -1510.3450184 0.0000000 -327.6399034 -1498.6165560 0.0000000 -320.8200838 -1506.2647307 0.0000000 -320.9144301 -1506.1543900 0.0000000 -329.9877863 -1514.0080182 0.0000000 -324.2073700 -1502.3962180 0.0000000 -326.8325460 -1517.7898543 0.0000000 -323.6308001 -1521.6274316 0.0000000 -314.4165920 -1513.9398852 0.0000000 -311.2148462 -1517.7774624 0.0000000 -320.4290542 -1525.4650088 0.0000000 -317.2520124 -1529.2729759 0.0000000 -314.2021627 -1533.0255136 0.0000000 -307.9640747 -1521.6745748 0.0000000 -304.8127459 -1525.5519725 0.0000000 -304.6623643 -1525.7449084 0.0000000 -292.6965836 -1541.7596173 0.0000000 -295.6880288 -1537.7559400 0.0000000 -302.3096058 -1548.9422215 0.0000000 -305.3010510 -1544.9385443 0.0000000 -298.6794740 -1533.7522628 0.0000000 -286.7136932 -1549.7669717 0.0000000 -289.7051384 -1545.7632945 0.0000000 -296.3267154 -1556.9495760 0.0000000 -293.3632576 -1560.9157957 0.0000000 -283.6668606 -1553.8459957 0.0000000 -283.7222480 -1553.7706490 0.0000000 -280.8442208 -1581.7311097 0.0000000 -278.3541026 -1586.0644095 0.0000000 -270.4397589 -1575.7522158 0.0000000 -255.6714963 -1602.4546493 0.0000000 -268.5535260 -1603.1590585 0.0000000 -260.4668140 -1593.1072245 0.0000000 -260.4792862 -1593.0854149 0.0000000 -270.8900070 -1599.0534171 0.0000000 -257.7577915 -1597.9131135 0.0000000 -257.9953118 -1597.4501239 0.0000000 -273.3738663 -1594.7310090 0.0000000 -262.9694044 -1588.7521151 0.0000000 -245.2400202 -1625.1623286 0.0000000 -236.8155433 -1666.1468643 0.0000000 -224.0630563 -1663.6264975 0.0000000 -226.8426451 -1659.4729374 0.0000000 -211.0536970 -1675.9914086 0.0000000 -214.9640353 -1672.8789449 0.0000000 -181.7069347 -1688.5967487 0.0000000 -169.2346745 -1703.3266351 0.0000000 -168.8470212 -1703.3711306 0.0000000 -167.6724509 -1691.4271577 0.0000000 -157.9047570 -1692.2275424 0.0000000 -100.0511081 -1681.2334390 0.0000000 -104.3114271 -1668.9522396 0.0000000 -108.0405197 -1672.2797078 0.0000000 -89.0995255 -1650.8298935 0.0000000 -83.1417039 -1642.8038693 0.0000000 -69.4268171 -1622.4166048 0.0000000 -55.9220973 -1601.3909791 0.0000000 -45.1183214 -1584.5704786 0.0000000 -39.7164335 -1576.1602283 0.0000000 -26.2117137 -1555.1346027 0.0000000 -31.6136016 -1563.5448529 0.0000000 -2.6102855 -1540.5940738 0.0000000 -12.7069939 -1534.1089770 0.0000000 -15.4079378 -1538.3141022 0.0000000 16.6877347 -1482.3733946 0.0000000 110.7341341 -1334.3952208 0.0000000 113.1199033 -1330.0036059 0.0000000 100.1896549 -1328.6668739 0.0000000 128.8188847 -1275.9674954 0.0000000 126.4331155 -1280.3591103 0.0000000 136.9775947 -1286.0874571 0.0000000 139.3633639 -1281.6958423 0.0000000 146.5206713 -1268.5209976 0.0000000 148.9064405 -1264.1293828 0.0000000 138.3619613 -1258.4010359 0.0000000 140.7477304 -1254.0094210 0.0000000 151.2922096 -1259.7377679 0.0000000 145.5192687 -1245.2261913 0.0000000 158.4495171 -1246.5629232 0.0000000 147.9050379 -1240.8345764 0.0000000 160.8352862 -1242.1713084 0.0000000 163.2210554 -1237.7796935 0.0000000 150.2908070 -1236.4429615 0.0000000 165.6068245 -1233.3880786 0.0000000 167.9925937 -1228.9964637 0.0000000 155.0623453 -1227.6597318 0.0000000 170.3783628 -1224.6048489 0.0000000 159.8338836 -1218.8765020 0.0000000 162.2196527 -1214.4848871 0.0000000 172.7641320 -1220.2132340 0.0000000 175.1499011 -1215.8216191 0.0000000 164.6054219 -1210.0932723 0.0000000 169.3769602 -1201.3100425 0.0000000 166.9911910 -1205.7016574 0.0000000 177.5356703 -1211.4300042 0.0000000 179.9214394 -1207.0383893 0.0000000 182.3072086 -1202.6467745 0.0000000 174.1484985 -1192.5268127 0.0000000 171.7627293 -1196.9184276 0.0000000 184.6929777 -1198.2551596 0.0000000 189.4645160 -1189.4719298 0.0000000 183.6915751 -1174.9603532 0.0000000 181.3058059 -1179.3519681 0.0000000 191.8502852 -1185.0803150 0.0000000 194.2360543 -1180.6887001 0.0000000 186.0773442 -1170.5687384 0.0000000 203.7791309 -1163.1222406 0.0000000 193.2346517 -1157.3938937 0.0000000 195.6204208 -1153.0022788 0.0000000 206.1649001 -1158.7306257 0.0000000 208.5506692 -1154.3390108 0.0000000 198.0061900 -1148.6106640 0.0000000 200.3919591 -1144.2190491 0.0000000 210.9364384 -1149.9473959 0.0000000 213.3222075 -1145.5557811 0.0000000 202.7777283 -1139.8274342 0.0000000 205.1634974 -1135.4358193 0.0000000 215.7079767 -1141.1641662 0.0000000 218.0937458 -1136.7725513 0.0000000 207.5492666 -1131.0442045 0.0000000 209.9350357 -1126.6525896 0.0000000 220.4795150 -1132.3809364 0.0000000 214.7065740 -1117.8693598 0.0000000 217.0923432 -1113.4777450 0.0000000 224.2024451 -1100.3264424 0.0000000 234.7846837 -1105.9847346 0.0000000 234.7909084 -1105.9730777 0.0000000 237.1402170 -1101.5618505 0.0000000 228.8979564 -1091.5098201 0.0000000 226.5486478 -1095.9210472 0.0000000 239.4895256 -1097.1506234 0.0000000 231.2472650 -1087.0985930 0.0000000 241.8388342 -1092.7393963 0.0000000 244.1881428 -1088.3281692 0.0000000 246.5374514 -1083.9169420 0.0000000 235.9458822 -1078.2761387 0.0000000 248.8867600 -1079.5057149 0.0000000 238.2951908 -1073.8649116 0.0000000 242.9938081 -1065.0424573 0.0000000 240.6444995 -1069.4536845 0.0000000 251.2360686 -1075.0944878 0.0000000 253.5853772 -1070.6832607 0.0000000 255.9346859 -1066.2720335 0.0000000 247.6924253 -1056.2200031 0.0000000 245.3431167 -1060.6312302 0.0000000 258.2839945 -1061.8608064 0.0000000 265.3319203 -1048.6271251 0.0000000 267.6812289 -1044.2158979 0.0000000 254.7403511 -1042.9863217 0.0000000 259.4389683 -1034.1638675 0.0000000 257.0896597 -1038.5750946 0.0000000 261.7882769 -1029.7526404 0.0000000 272.3684956 -1035.4147561 0.0000000 274.6828363 -1031.1522360 0.0000000 261.8111490 -1029.7101075 0.0000000 277.1821194 -1026.9663475 0.0000000 279.7442352 -1022.6752243 0.0000000 266.8789256 -1020.8145837 0.0000000 274.5652731 -1007.9412142 0.0000000 272.0031573 -1012.2323374 0.0000000 284.8684669 -1014.0929780 0.0000000 282.3063511 -1018.3841012 0.0000000 287.4305827 -1009.8018548 0.0000000 277.1273890 -1003.6500910 0.0000000 292.9090538 -982.5594583 0.0000000 285.7503825 -989.5824525 0.0000000 284.8137365 -990.7767215 0.0000000 294.7247441 -997.5853327 0.0000000 289.3045134 -986.0742656 0.0000000 289.3307270 -986.0485488 0.0000000 297.7213478 -994.6274660 0.0000000 311.5673955 -981.1267110 0.0000000 308.8504705 -968.6557723 0.0000000 304.6348040 -971.3113427 0.0000000 303.6440343 -972.0921868 0.0000000 315.1720191 -978.8560543 0.0000000 309.0005851 -968.5642551 0.0000000 336.6090809 -966.2140033 0.0000000 330.5496978 -955.8562008 0.0000000 330.5254713 -955.8704115 0.0000000 334.8699195 -953.3356255 0.0000000 347.8253363 -945.7883904 0.0000000 372.7135395 -930.1426086 0.0000000 387.8241071 -934.0901961 0.0000000 409.4782497 -911.3798589 0.0000000 400.1348114 -903.8499079 0.0000000 396.9987016 -907.7413075 0.0000000 418.9736208 -891.3980796 0.0000000 406.1286706 -893.3944336 0.0000000 408.5090310 -883.6863655 0.0000000 420.1638010 -886.5440456 0.0000000 409.5379007 -870.5168346 0.0000000 404.6105864 -820.6975760 0.0000000 387.1413889 -796.3246102 0.0000000 384.2415591 -792.2787774 0.0000000 377.3879444 -803.3153413 0.0000000 374.4764114 -799.2531803 0.0000000 371.5699013 -795.1403694 0.0000000 374.4531148 -799.2204460 0.0000000 381.5587041 -788.4822311 0.0000000 368.7990483 -790.2162663 0.0000000 371.2225280 -794.5871840 0.0000000 379.2938326 -784.3973746 0.0000000 361.5286091 -777.1035131 0.0000000 372.1915491 -771.5879019 0.0000000 359.0120429 -770.8121412 0.0000000 359.3455949 -771.9095898 0.0000000 370.6603486 -767.8712369 0.0000000 357.0327694 -761.0144283 0.0000000 358.0224061 -765.9132848 0.0000000 369.7847969 -763.5371192 0.0000000 368.7951602 -758.6382627 0.0000000 354.5700462 -744.7216203 0.0000000 354.5761719 -745.5422337 0.0000000 359.9295668 -703.6044721 0.0000000 368.3340575 -716.1933911 0.0000000 356.6271636 -713.4728222 0.0000000 356.3973660 -714.7904455 0.0000000 358.0172208 -708.7168878 0.0000000 369.4706306 -712.3047258 0.0000000 358.1634075 -708.2798178 0.0000000 365.2280448 -689.5784352 0.0000000 363.4618855 -694.2537808 0.0000000 372.2926820 -670.8770526 0.0000000 368.7603634 -680.2277439 0.0000000 377.5911600 -656.8510157 0.0000000 375.8250007 -661.5263613 0.0000000 394.1153684 -647.0656124 0.0000000 384.6557972 -638.1496331 0.0000000 382.8896379 -642.8249787 0.0000000 390.9546967 -615.0572759 0.0000000 402.7182576 -617.4276421 0.0000000 404.2738904 -601.5161468 0.0000000 392.2772414 -601.2325750 0.0000000 366.2515918 -540.6555024 0.0000000 368.6609449 -545.0342229 0.0000000 379.1744641 -539.2492499 0.0000000 376.7651110 -534.8705294 0.0000000 374.3709493 -530.5194175 0.0000000 359.2965850 -526.6129439 0.0000000 361.1789063 -531.2427432 0.0000000 372.1749783 -526.4273071 0.0000000 357.4142637 -521.9831445 0.0000000 370.4129567 -522.0933996 0.0000000 368.5306354 -517.4636002 0.0000000 366.6483141 -512.8338008 0.0000000 351.7672998 -508.0937464 0.0000000 353.6496211 -512.7235458 0.0000000 362.8836714 -503.5742021 0.0000000 349.5077388 -502.0820839 0.0000000 349.8849785 -503.4639470 0.0000000 361.2730398 -499.6126568 0.0000000 348.7802662 -497.1637388 0.0000000 360.6701328 -495.5364829 0.0000000 348.2313101 -491.9348560 0.0000000 348.7478195 -496.9059116 0.0000000 346.1421643 -471.7594143 0.0000000 346.1652728 -472.0506337 0.0000000 358.1161173 -470.9557981 0.0000000 345.8684249 -466.7726270 0.0000000 345.8614162 -466.5990830 0.0000000 357.4692679 -451.3000190 0.0000000 345.4732892 -451.6106562 0.0000000 356.9517653 -431.3154499 0.0000000 344.9557866 -431.6260871 0.0000000 345.0851623 -436.6222294 0.0000000 344.3089084 -406.6453757 0.0000000 343.4336025 -381.8320113 0.0000000 354.1115655 -356.2500743 0.0000000 342.1279562 -356.8770583 0.0000000 352.5447899 -326.3041307 0.0000000 340.5611806 -326.9311147 0.0000000 341.0834391 -336.9130959 0.0000000 348.5618955 -271.2313561 0.0000000 336.6153311 -272.3625497 0.0000000 337.0864560 -277.3381117 0.0000000 348.0907706 -266.2557941 0.0000000 336.1442062 -267.3869878 0.0000000 344.9370589 -241.2054079 0.0000000 332.3622185 -237.9112367 0.0000000 333.0518495 -242.8612453 0.0000000 321.7440837 -179.7169308 0.0000000 323.0218527 -184.5486471 0.0000000 334.6230366 -181.4806622 0.0000000 333.3452677 -176.6489459 0.0000000 316.6330081 -160.3900656 0.0000000 317.9107770 -165.2217819 0.0000000 328.2341920 -157.3220808 0.0000000 305.4039497 -116.7716143 0.0000000 312.7997013 -145.8949168 0.0000000 314.0774702 -150.7266331 0.0000000 324.4073613 -142.8514201 0.0000000 311.5500369 -141.0035887 0.0000000 312.7869563 -145.8458866 0.0000000 311.5475272 -140.9937291 0.0000000 326.9564231 -152.4903645 0.0000000 325.6786542 -147.6586482 0.0000000 329.5119609 -162.1537971 0.0000000 319.1885459 -170.0534982 0.0000000 292.1944224 -68.8893668 0.0000000 279.2814567 -37.4250604 0.0000000 284.3479288 -22.2946030 0.0000000 277.8260210 -14.7198145 0.0000000 275.0128688 -29.8440051 0.0000000 274.5650671 -10.9324202 0.0000000 265.4713507 -18.7621279 0.0000000 262.2103968 -14.9747336 0.0000000 226.7633513 5.5495993 0.0000000 208.8000729 8.8765400 0.0000000 213.7888019 8.5752781 0.0000000 214.5121462 20.5534572 0.0000000 209.5234173 20.8547190 0.0000000 204.5346883 21.1559809 0.0000000 203.8113439 9.1778019 0.0000000 199.5459593 21.4572428 0.0000000 198.8226150 9.4790638 0.0000000 194.5572303 21.7585047 0.0000000 193.8338860 9.7803257 0.0000000 105.0790787 3.1245286 0.0000000 110.0580664 3.5579535 0.0000000 104.0384046 15.0793183 0.0000000 34.3325768 9.0113693 0.0000000 29.3535891 8.5779444 0.0000000 35.3732510 -2.9434204 0.0000000 24.3746014 8.1445195 0.0000000 25.4152756 -3.8102702 0.0000000 19.3956137 7.7110946 0.0000000 20.4362879 -4.2436952 0.0000000 14.4166260 7.2776696 0.0000000 9.4376383 6.8442447 0.0000000 10.4783125 -5.1105450 0.0000000 -0.5203371 5.9773949 0.0000000 0.5346574 -5.9761483 0.0000000 -4.4278822 -6.4321097 0.0000000 -5.5258254 5.5175565 0.0000000 -9.4047360 -6.8893862 0.0000000 -10.5026792 5.0602799 0.0000000 -15.4795330 4.6030033 0.0000000 -20.4563868 4.1457267 0.0000000 -14.3815898 -7.3466628 0.0000000 -29.3121513 -8.7184926 0.0000000 -19.3584436 -7.8039394 0.0000000 -30.4100944 3.2311736 0.0000000 -35.3869482 2.7738970 0.0000000 -40.3638020 2.3166204 0.0000000 -45.3406558 1.8593438 0.0000000 -39.2658589 -9.6330457 0.0000000 -49.2195665 -10.5475989 0.0000000 -44.2427127 -10.0903223 0.0000000 -50.3175096 1.4020672 0.0000000 -55.2943634 0.9447906 0.0000000 -65.2480710 0.0302375 0.0000000 -70.2249248 -0.4270391 0.0000000 -69.1269817 -12.3767053 0.0000000 -74.1038355 -12.8339818 0.0000000 -79.0806893 -13.2912584 0.0000000 -80.1786324 -1.3415923 0.0000000 -94.0112507 -14.6630882 0.0000000 -84.0575431 -13.7485350 0.0000000 -85.1554862 -1.7988689 0.0000000 -100.0860477 -3.1706986 0.0000000 -98.9881045 -15.1203648 0.0000000 -110.0397553 -4.0852518 0.0000000 -108.9418121 -16.0349179 0.0000000 -103.9649583 -15.5776414 0.0000000 -119.9934629 -4.9998050 0.0000000 -123.8723735 -17.4067477 0.0000000 -118.8955197 -16.9494711 0.0000000 -129.9471705 -5.9143581 0.0000000 -133.8260811 -18.3213009 0.0000000 -128.8492273 -17.8640243 0.0000000 -139.9008781 -6.8289113 0.0000000 -143.7797887 -19.2358540 0.0000000 -138.8029349 -18.7785774 0.0000000 -154.8314395 -8.2007411 0.0000000 -158.7103502 -20.6076838 0.0000000 -153.7334964 -20.1504072 0.0000000 -159.8082933 -8.6580176 0.0000000 -163.6872040 -21.0649604 0.0000000 -184.8413637 -11.4114808 0.0000000 -188.3080585 -23.9398567 0.0000000 -183.3490389 -23.3183261 0.0000000 -204.6774421 -13.8976029 0.0000000 -203.1851173 -25.8044483 0.0000000 -198.2260977 -25.1829177 0.0000000 -208.1441369 -26.4259788 0.0000000 -249.6681095 -25.2277729 0.0000000 -254.2761625 -27.1627207 0.0000000 -245.1366785 -36.3399980 0.0000000 -254.2383123 -40.1618262 0.0000000 -249.6302593 -38.2268784 0.0000000 -272.7083745 -34.9025122 0.0000000 -273.3033004 -35.1918827 0.0000000 -267.7570196 -45.8384089 0.0000000 -290.4547276 -46.5215497 0.0000000 -287.6285469 -59.1862315 0.0000000 -283.5810983 -56.3578711 0.0000000 -332.9025731 -83.0404231 0.0000000 -336.4067247 -86.6040024 0.0000000 -327.8503990 -95.0176395 0.0000000 -334.7255438 -102.0093813 0.0000000 -331.3545506 -98.5812188 0.0000000 -339.9108763 -90.1675816 0.0000000 -337.8475189 -105.6144675 0.0000000 -346.9430057 -97.7867293 0.0000000 -341.0486641 -109.4043061 0.0000000 -350.2160250 -101.6609545 0.0000000 -353.4410129 -105.4790206 0.0000000 -356.6660009 -109.2970866 0.0000000 -344.2736521 -113.2223722 0.0000000 -359.8909888 -113.1151527 0.0000000 -353.5273487 -124.1778319 0.0000000 -350.7236279 -120.8585043 0.0000000 -390.9726274 -171.6016082 0.0000000 -393.2234738 -176.0638796 0.0000000 -380.2584984 -177.0059990 0.0000000 -395.4743202 -180.5261510 0.0000000 -382.5093448 -181.4682704 0.0000000 -387.0110376 -190.3928132 0.0000000 -384.7601912 -185.9305418 0.0000000 -391.5127304 -199.3173560 0.0000000 -402.2268594 -193.9129652 0.0000000 -398.2652696 -212.7041703 0.0000000 -393.7635768 -203.7796274 0.0000000 -408.9793986 -207.2997794 0.0000000 -411.2302450 -211.7620509 0.0000000 -400.5161160 -217.1664417 0.0000000 -402.7669624 -221.6287131 0.0000000 -413.4810914 -216.2243223 0.0000000 -417.9827842 -225.1488651 0.0000000 -409.5195016 -235.0155273 0.0000000 -407.2686552 -230.5532559 0.0000000 -426.7575273 -243.4606601 0.0000000 -417.7785515 -252.8604563 0.0000000 -415.7696346 -248.2841665 0.0000000 -432.7842780 -257.1895295 0.0000000 -423.5509519 -266.0099186 0.0000000 -421.7963854 -262.0130360 0.0000000 -438.0666548 -284.3561906 0.0000000 -437.6492710 -289.3365487 0.0000000 -426.0879624 -283.5999861 0.0000000 -436.8449770 -295.9902431 0.0000000 -435.0597318 -300.5815099 0.0000000 -425.3462695 -292.4501038 0.0000000 -386.5564573 -340.0197881 0.0000000 -383.5518988 -328.4020160 0.0000000 -388.3905238 -327.1506632 0.0000000 -362.5232044 -326.5891549 0.0000000 -366.4424775 -327.4440093 0.0000000 -364.0968012 -339.2145106 0.0000000 -348.9187514 -333.2853070 0.0000000 -350.1727600 -320.5361920 0.0000000 -354.1998103 -322.5098526 0.0000000 -335.7192374 -300.1887792 0.0000000 -337.3094345 -304.9268642 0.0000000 -325.9330639 -308.7450040 0.0000000 -322.7526698 -299.2688341 0.0000000 -322.5316423 -298.3995739 0.0000000 -334.2721310 -295.8770411 0.0000000 -315.5946285 -243.5673996 0.0000000 -314.9918942 -238.6060604 0.0000000 -326.9043091 -237.1588663 0.0000000 -314.3891599 -233.6447211 0.0000000 -313.7864257 -228.6833819 0.0000000 -325.6988406 -227.2361878 0.0000000 -325.0211463 -221.8106208 0.0000000 -325.0961063 -222.2748486 0.0000000 -313.2120686 -223.9556264 0.0000000 -312.3766936 -219.8194549 0.0000000 -323.7536943 -215.9693134 0.0000000 -324.0382943 -216.9442499 0.0000000 -310.8776063 -192.7374028 0.0000000 -317.1812828 -200.4947454 0.0000000 -307.3713584 -207.4507916 0.0000000 -318.0005431 -201.8257025 0.0000000 -309.7635533 -191.6785852 0.0000000 -302.0533866 -200.9064631 0.0000000 -305.8219875 -188.7953556 0.0000000 -299.1708890 -198.7979350 0.0000000 -300.4112823 -186.0559760 0.0000000 -304.9051780 -188.2430008 0.0000000 -282.1873701 -190.5326394 0.0000000 -286.9295953 -179.4949018 0.0000000 -291.4234909 -181.6819265 0.0000000 -285.8744033 -179.0990863 0.0000000 -278.4148074 -189.5095811 0.0000000 -280.2328480 -177.6394758 0.0000000 -281.1189392 -177.8094810 0.0000000 -268.9338481 -188.4211874 0.0000000 -270.3024338 -176.4994857 0.0000000 -275.2676409 -177.0694807 0.0000000 -259.8332518 -187.4504561 0.0000000 -253.8791141 -176.1906735 0.0000000 -258.8248130 -175.4707856 0.0000000 -260.2690864 -175.4363185 0.0000000 -250.6619009 -188.7854230 0.0000000 -243.9877164 -177.6304493 0.0000000 -248.9334153 -176.9105614 0.0000000 -241.4981991 -190.1192766 0.0000000 -237.6337433 -178.7347809 0.0000000 -239.0420176 -178.3503372 0.0000000 -237.8325467 -191.6194165 0.0000000 -232.5999731 -180.8174231 0.0000000 -233.0554210 -180.6084239 0.0000000 -218.8505348 -187.8553382 0.0000000 -219.2458359 -187.6343580 0.0000000 -224.9035892 -198.2193084 0.0000000 -214.5857426 -190.4553890 0.0000000 -206.0537991 -195.8406767 0.0000000 -210.2799440 -193.1727423 0.0000000 -212.8506353 -205.7410213 0.0000000 -201.5534673 -199.6694722 0.0000000 -205.3142422 -196.3913376 0.0000000 -209.4905467 -208.6698918 0.0000000 -201.4502759 -199.7615347 0.0000000 -194.7785080 -222.1029385 0.0000000 -182.9963959 -216.6111253 0.0000000 -186.6871719 -213.2412072 0.0000000 -183.7061800 -232.2126929 0.0000000 -171.9240679 -226.7208797 0.0000000 -175.6148439 -223.3509616 0.0000000 -176.3246280 -238.9525291 0.0000000 -164.5425159 -233.4607160 0.0000000 -168.2332919 -230.0907979 0.0000000 -165.2523000 -249.0622835 0.0000000 -153.4701880 -243.5704704 0.0000000 -157.1609640 -240.2005523 0.0000000 -157.8707480 -255.8021198 0.0000000 -146.0886360 -250.3103067 0.0000000 -149.7794120 -246.9403885 0.0000000 -150.4891960 -262.5419561 0.0000000 -138.7070840 -257.0501429 0.0000000 -142.3978600 -253.6802248 0.0000000 -143.1076440 -269.2817923 0.0000000 -131.3255320 -263.7899792 0.0000000 -135.0163080 -260.4200611 0.0000000 -132.0353161 -279.3915467 0.0000000 -120.2532040 -273.8997336 0.0000000 -123.9439800 -270.5298155 0.0000000 -120.9629881 -289.5013011 0.0000000 -109.1808760 -284.0094880 0.0000000 -112.8716520 -280.6395699 0.0000000 -106.1998841 -302.9809737 0.0000000 -102.5091081 -306.3508918 0.0000000 -98.1085481 -294.1192424 0.0000000 -95.1275561 -313.0907281 0.0000000 -87.0362201 -304.2289968 0.0000000 -90.7269961 -300.8590787 0.0000000 -87.7460042 -319.8305643 0.0000000 -75.9638921 -314.3387512 0.0000000 -79.6546681 -310.9688331 0.0000000 -76.6736762 -329.9403187 0.0000000 -72.9829002 -333.3102369 0.0000000 -64.8915641 -324.4485056 0.0000000 -39.0561322 -348.0379326 0.0000000 -42.7469082 -344.6680144 0.0000000 -47.1474682 -356.8996638 0.0000000 -31.6745802 -354.7777688 0.0000000 -35.3653562 -351.4078507 0.0000000 -43.4566922 -360.2695820 0.0000000 -36.0751402 -367.0094182 0.0000000 -32.3843643 -370.3793364 0.0000000 -27.9838042 -358.1476870 0.0000000 -5.8391482 -378.3671958 0.0000000 -9.5299242 -374.9972776 0.0000000 -13.9304843 -387.2289270 0.0000000 -10.2397083 -390.5988452 0.0000000 -2.1483722 -381.7371139 0.0000000 5.2331797 -388.4769502 0.0000000 1.5424037 -385.1070320 0.0000000 -2.8581563 -397.3386814 0.0000000 0.8326197 -400.7085996 0.0000000 4.5233957 -404.0785177 0.0000000 8.9239557 -391.8468683 0.0000000 34.0496036 -431.0378628 0.0000000 37.7403796 -434.4077809 0.0000000 42.1409397 -422.1761315 0.0000000 41.4311556 -437.7776990 0.0000000 49.5224917 -428.9159678 0.0000000 138.1011155 -509.7940030 0.0000000 134.4103395 -506.4240849 0.0000000 126.3190034 -515.2858161 0.0000000 130.0097794 -518.6557343 0.0000000 152.8642195 -523.2736755 0.0000000 149.1734435 -519.9037574 0.0000000 144.7728834 -532.1354068 0.0000000 156.5549955 -526.6435937 0.0000000 160.2457715 -530.0135118 0.0000000 152.1544354 -538.8752431 0.0000000 163.9365474 -533.3834299 0.0000000 155.8452114 -542.2451612 0.0000000 171.3180994 -540.1232662 0.0000000 167.6273234 -536.7533481 0.0000000 159.5359874 -545.6150793 0.0000000 178.6996514 -546.8631025 0.0000000 175.0088754 -543.4931843 0.0000000 166.9175394 -552.3549156 0.0000000 170.6083154 -555.7248337 0.0000000 174.2990914 -559.0947519 0.0000000 200.8443074 -567.0826113 0.0000000 197.1535314 -563.7126931 0.0000000 189.0621953 -572.5744244 0.0000000 192.7529713 -575.9443425 0.0000000 196.4437473 -579.3142607 0.0000000 208.2258594 -573.8224475 0.0000000 204.5350834 -570.4525294 0.0000000 211.9166354 -577.1923657 0.0000000 200.1345233 -582.6841788 0.0000000 215.6074113 -580.5622838 0.0000000 207.5160753 -589.4240151 0.0000000 211.2068513 -592.7939332 0.0000000 214.8976273 -596.1638513 0.0000000 219.2981873 -583.9322019 0.0000000 218.5884033 -599.5337695 0.0000000 222.9889633 -587.3021201 0.0000000 230.3705153 -594.0419564 0.0000000 226.6797393 -590.6720382 0.0000000 234.0612913 -597.4118745 0.0000000 225.9699553 -606.2736057 0.0000000 241.4428433 -604.1517108 0.0000000 237.7520673 -600.7817926 0.0000000 229.6607313 -609.6435239 0.0000000 245.1336193 -607.5216289 0.0000000 237.0422832 -616.3833601 0.0000000 252.5151713 -614.2614652 0.0000000 248.8243953 -610.8915470 0.0000000 240.7330592 -619.7532783 0.0000000 254.3658603 -633.4537424 0.0000000 257.6557922 -637.1687786 0.0000000 263.3495530 -625.4980360 0.0000000 247.9234891 -626.3186076 0.0000000 251.0918283 -629.7566606 0.0000000 259.9564522 -621.6682754 0.0000000 266.6629835 -629.2396070 0.0000000 269.9728715 -633.0667133 0.0000000 266.7096654 -629.2929525 0.0000000 260.3070371 -640.2348319 0.0000000 270.9246993 -634.5713058 0.0000000 272.9404150 -639.1446050 0.0000000 263.7074690 -647.9498054 0.0000000 275.3525411 -644.9776564 0.0000000 274.9561306 -643.7179043 0.0000000 264.4574566 -651.7553066 0.0000000 276.4052236 -650.5726853 0.0000000 276.3053090 -649.8120818 0.0000000 277.7447675 -671.1654704 0.0000000 277.7365076 -670.5195772 0.0000000 265.7416060 -670.9959724 0.0000000 277.5400794 -676.1468981 0.0000000 265.5557747 -675.5184887 0.0000000 277.0917855 -681.3971889 0.0000000 277.5227858 -676.4179907 0.0000000 264.7054901 -685.3415346 0.0000000 276.2297849 -691.3555852 0.0000000 276.6607852 -686.3763870 0.0000000 263.8571368 -695.1422689 0.0000000 275.0703783 -701.5983395 0.0000000 275.7631981 -696.6491688 0.0000000 263.1874829 -699.9259528 0.0000000 275.0678989 -701.6158624 0.0000000 261.0862234 -714.6205175 0.0000000 272.8992002 -716.7355437 0.0000000 272.9454893 -716.4583339 0.0000000 260.2142063 -719.1823009 0.0000000 271.9623231 -721.6366291 0.0000000 270.6006954 -726.8695020 0.0000000 271.8717487 -722.0360147 0.0000000 255.2164901 -738.1873249 0.0000000 266.7875357 -741.3699638 0.0000000 268.0585889 -736.5364765 0.0000000 265.2262938 -746.3982110 0.0000000 266.7128975 -741.6298392 0.0000000 253.7945874 -742.7481647 0.0000000 265.1752487 -746.5543831 0.0000000 258.7048165 -765.4695706 0.0000000 260.3224246 -760.7407737 0.0000000 247.3627101 -761.5506438 0.0000000 258.6804606 -765.5393642 0.0000000 257.0047891 -770.2476696 0.0000000 245.7064962 -766.2042772 0.0000000 255.2817491 -774.9839437 0.0000000 256.9905206 -770.2873198 0.0000000 244.0367417 -803.3777858 0.0000000 246.1921367 -798.8686341 0.0000000 233.2855065 -798.0447235 0.0000000 243.8767608 -803.6888305 0.0000000 240.9702248 -808.8115734 0.0000000 241.4730382 -808.0452163 0.0000000 231.1883624 -801.8454818 0.0000000 237.9173869 -812.7686376 0.0000000 228.4162849 -805.4386266 0.0000000 225.9465908 -808.6398245 0.0000000 229.4786315 -820.7539807 0.0000000 233.4924643 -818.0191200 0.0000000 223.1670396 -810.5336965 0.0000000 228.5410078 -821.2766415 0.0000000 215.5555383 -813.9232584 0.0000000 212.3559648 -826.0922260 0.0000000 217.2591698 -825.8548317 0.0000000 212.0624643 -814.0923797 0.0000000 211.7823221 -826.0925453 0.0000000 200.7193742 -824.1721363 0.0000000 205.2937111 -825.5930409 0.0000000 205.2325042 -813.0084294 0.0000000 198.9598272 -823.2870585 0.0000000 198.8810683 -808.3683861 0.0000000 186.6926708 -811.5692050 0.0000000 189.3671466 -815.7687626 0.0000000 194.3350049 -801.0488756 0.0000000 184.0295801 -807.1978413 0.0000000 186.6287750 -811.4666071 0.0000000 183.9210817 -807.0122439 0.0000000 192.2965765 -797.4140046 0.0000000 180.9506019 -801.3840949 0.0000000 181.4867117 -802.6713404 0.0000000 189.7446078 -788.4775786 0.0000000 176.8335169 -786.9669804 0.0000000 178.2058786 -791.7726852 0.0000000 186.9998845 -778.8661689 0.0000000 174.0887936 -777.3555707 0.0000000 175.4611552 -782.1612755 0.0000000 182.8827995 -764.4490544 0.0000000 169.9717085 -762.9384561 0.0000000 171.3440702 -767.7441610 0.0000000 174.6486295 -735.6148253 0.0000000 161.7375385 -734.1042270 0.0000000 163.1099002 -738.9099319 0.0000000 156.1058765 -716.1220004 0.0000000 157.7141208 -720.0151143 0.0000000 168.9352766 -715.7487318 0.0000000 121.4911211 -694.7768877 0.0000000 122.6617397 -707.6491101 0.0000000 126.9405297 -705.4681901 0.0000000 25.2615437 -768.1050472 0.0000000 21.3490543 -771.2148064 0.0000000 32.7282255 -777.4991232 0.0000000 17.4365648 -774.3245655 0.0000000 24.9032466 -783.7186415 0.0000000 28.8157360 -780.6088823 0.0000000 13.1657782 -793.0479189 0.0000000 17.0782677 -789.9381598 0.0000000 9.6115859 -780.5440838 0.0000000 5.3407993 -799.2674372 0.0000000 9.2532887 -796.1576781 0.0000000 1.7866070 -786.7636021 0.0000000 -2.1258825 -789.8733612 0.0000000 -9.9508614 -796.0928795 0.0000000 -2.4841796 -805.4869555 0.0000000 -10.3091585 -811.7064738 0.0000000 -6.3966691 -808.5967146 0.0000000 -13.8633508 -799.2026387 0.0000000 -17.7758403 -802.3123978 0.0000000 -21.6883297 -805.4221569 0.0000000 -25.6008192 -808.5319161 0.0000000 -14.2216480 -814.8162329 0.0000000 -25.9591163 -824.1455103 0.0000000 -22.0466269 -821.0357512 0.0000000 -29.5133087 -811.6416752 0.0000000 -36.9873707 -817.5822747 0.0000000 -30.6109888 -827.7578676 0.0000000 -29.8716058 -827.2552695 0.0000000 -40.8861547 -819.8272001 0.0000000 -35.0156706 -830.2933094 0.0000000 -34.9372717 -830.2489476 0.0000000 -61.7580651 -830.3079452 0.0000000 -63.5547030 -843.1580838 0.0000000 -58.7138064 -841.9155478 0.0000000 -57.6995307 -829.1751043 0.0000000 -58.5924076 -841.8830289 0.0000000 -53.7904983 -840.5426929 0.0000000 -80.7582665 -835.1848175 0.0000000 -83.6298226 -847.7419594 0.0000000 -78.6888503 -847.0091594 0.0000000 -85.3583575 -835.8670611 0.0000000 -83.6937501 -847.7510892 0.0000000 -100.1804076 -837.9025511 0.0000000 -98.5477886 -849.7909721 0.0000000 -93.5964424 -849.1110111 0.0000000 -104.8602583 -838.5452279 0.0000000 -104.0443940 -850.5205971 0.0000000 -103.4991347 -850.4709331 0.0000000 -109.0171009 -850.7454689 0.0000000 -109.2957240 -838.7458051 0.0000000 -114.5373533 -850.5329483 0.0000000 -109.5440850 -850.7461334 0.0000000 -133.5703406 -837.4197645 0.0000000 -139.8948159 -848.7585807 0.0000000 -134.9312176 -849.3424200 0.0000000 -128.8233782 -837.9120817 0.0000000 -134.8492570 -849.3514900 0.0000000 -129.8801766 -849.8668435 0.0000000 -153.2530735 -835.0638986 0.0000000 -154.8292725 -846.9601782 0.0000000 -149.8711866 -847.5849122 0.0000000 -154.9810517 -846.9390812 0.0000000 -177.8824968 -831.3192797 0.0000000 -184.6272655 -842.4317174 0.0000000 -179.6862299 -843.1829447 0.0000000 -197.6466394 -828.3143704 0.0000000 -199.4503724 -840.1780354 0.0000000 -194.5093368 -840.9292627 0.0000000 -204.3914081 -839.4268081 0.0000000 -212.4697463 -826.0606885 0.0000000 -219.1503386 -837.1828835 0.0000000 -214.2734793 -837.9243535 0.0000000 -232.7136540 -823.7664396 0.0000000 -238.7171605 -835.2962308 0.0000000 -233.7375702 -835.7226762 0.0000000 -258.3480483 -822.9986859 0.0000000 -257.9741759 -834.9928603 0.0000000 -252.9787851 -834.8371482 0.0000000 -288.1397871 -843.0478232 0.0000000 -284.5597948 -840.6915910 0.0000000 -294.7370886 -833.0240708 0.0000000 -298.9118287 -835.7717463 0.0000000 -303.0865688 -838.5194219 0.0000000 -292.3145272 -845.7954987 0.0000000 -300.0007431 -850.8543112 0.0000000 -296.4892673 -848.5431743 0.0000000 -318.4905148 -853.8356641 0.0000000 -321.6084814 -857.7400584 0.0000000 -309.1846006 -861.4127947 0.0000000 -398.1293399 -956.6617814 0.0000000 -404.2105640 -964.5947138 0.0000000 -394.6868872 -971.8953699 0.0000000 -403.8087232 -983.7947686 0.0000000 -400.7681112 -979.8283024 0.0000000 -410.2917880 -972.5276462 0.0000000 -413.3324000 -976.4941124 0.0000000 -416.3730120 -980.4605787 0.0000000 -415.9711712 -999.6606335 0.0000000 -412.9305592 -995.6941673 0.0000000 -425.4948480 -992.3599773 0.0000000 -431.5760720 -1000.2929098 0.0000000 -422.0523952 -1007.5935659 0.0000000 -425.0930073 -1011.5600321 0.0000000 -434.6166841 -1004.2593760 0.0000000 -449.8197441 -1024.0917071 0.0000000 -452.8603561 -1028.0581733 0.0000000 -440.2960673 -1031.3923632 0.0000000 -446.3772913 -1039.3252957 0.0000000 -443.3366793 -1035.3588295 0.0000000 -455.9009681 -1032.0246395 0.0000000 -458.9415801 -1035.9911057 0.0000000 -461.9821921 -1039.9575720 0.0000000 -449.4179033 -1043.2917619 0.0000000 -465.0228041 -1043.9240382 0.0000000 -468.0634162 -1047.8905044 0.0000000 -455.4991274 -1051.2246943 0.0000000 -464.6209634 -1063.1240930 0.0000000 -461.5803514 -1059.1576268 0.0000000 -474.1446402 -1055.8234368 0.0000000 -477.1852522 -1059.7899030 0.0000000 -467.6615754 -1067.0905592 0.0000000 -470.7021874 -1071.0570254 0.0000000 -480.2258642 -1063.7563693 0.0000000 -482.8646354 -1086.9228903 0.0000000 -479.8240234 -1082.9564241 0.0000000 -492.3883122 -1079.6222341 0.0000000 -485.9052475 -1090.8893565 0.0000000 -495.4289242 -1083.5887004 0.0000000 -498.4695363 -1087.5551666 0.0000000 -501.5101483 -1091.5216328 0.0000000 -488.9458595 -1094.8558227 0.0000000 -498.0676955 -1106.7552214 0.0000000 -495.0270835 -1102.7887552 0.0000000 -507.5913723 -1099.4545652 0.0000000 -516.7132083 -1111.3539639 0.0000000 -519.7538203 -1115.3204301 0.0000000 -507.1895315 -1118.6546201 0.0000000 -528.8756564 -1127.2198288 0.0000000 -531.9162684 -1131.1862950 0.0000000 -519.3519796 -1134.5204849 0.0000000 -525.4332036 -1142.4534174 0.0000000 -522.3925916 -1138.4869511 0.0000000 -544.0787164 -1147.0521599 0.0000000 -547.1193284 -1151.0186261 0.0000000 -534.5550396 -1154.3528160 0.0000000 -537.5956516 -1158.3192822 0.0000000 -553.2005524 -1158.9515585 0.0000000 -556.2411644 -1162.9180247 0.0000000 -543.6768756 -1166.2522147 0.0000000 -562.3223885 -1170.8509572 0.0000000 -565.3630005 -1174.8174234 0.0000000 -552.7987117 -1178.1516133 0.0000000 -555.8393237 -1182.1180796 0.0000000 -583.6066725 -1198.6162207 0.0000000 -586.6472845 -1202.5826869 0.0000000 -574.0829957 -1205.9168769 0.0000000 -592.7285086 -1210.5156194 0.0000000 -593.0301292 -1210.9470374 0.0000000 -583.0445499 -1217.6071885 0.0000000 -585.5766157 -1221.5902173 0.0000000 -595.7108482 -1215.1639029 0.0000000 -588.2314122 -1225.8085271 0.0000000 -598.3874831 -1219.4167962 0.0000000 -603.7116001 -1227.8764937 0.0000000 -606.3736586 -1232.1063424 0.0000000 -596.1870191 -1238.4495016 0.0000000 -612.3491381 -1284.1588260 0.0000000 -602.0363922 -1276.2452018 0.0000000 -613.6334257 -1279.3288383 0.0000000 -615.0117009 -1274.0876927 0.0000000 -614.9177133 -1274.4988506 0.0000000 -603.2664561 -1271.6191404 0.0000000 -604.0994755 -1267.2778096 0.0000000 -604.4352810 -1262.7700030 0.0000000 -616.4118898 -1263.5303497 0.0000000 -616.0406101 -1268.5143569 0.0000000 -614.6488546 -1247.1874668 0.0000000 -616.4789305 -1257.0141409 0.0000000 -603.0259858 -1250.3203782 0.0000000 -604.5634091 -1258.5756413 0.0000000 -611.6370665 -1241.0430094 0.0000000 -614.0191593 -1245.4156511 0.0000000 -601.1327040 -1246.8450129 0.0000000 -611.5688355 -1240.9211598 0.0000000 -598.7057900 -1242.6268526 0.0000000 -606.4338611 -1232.2040616 0.0000000 -609.0140166 -1236.4832181 0.0000000 -574.4848365 -1186.7168221 0.0000000 -577.5254485 -1190.6832883 0.0000000 -568.0017717 -1197.9839444 0.0000000 -564.9611597 -1194.0174782 0.0000000 -561.9205477 -1190.0510120 0.0000000 -580.1642198 -1213.8498093 0.0000000 -589.6878966 -1206.5491532 0.0000000 -577.1236078 -1209.8833431 0.0000000 -559.2817765 -1166.8844910 0.0000000 -546.7174877 -1170.2186809 0.0000000 -531.5144276 -1150.3863498 0.0000000 -510.2301435 -1122.6210863 0.0000000 -501.1083075 -1110.7216876 0.0000000 -491.9864715 -1098.8222890 0.0000000 -473.7427994 -1075.0234916 0.0000000 -458.5397394 -1055.1911605 0.0000000 -437.2554553 -1027.4258970 0.0000000 -446.7791321 -1020.1252409 0.0000000 -440.6979081 -1012.1923084 0.0000000 -443.7385201 -1016.1587746 0.0000000 -434.2148433 -1023.4594308 0.0000000 -437.6572961 -1008.2258422 0.0000000 -406.8493352 -987.7612348 0.0000000 -407.2511760 -968.5611800 0.0000000 -395.0887279 -952.6953151 0.0000000 -385.5650511 -959.9959713 0.0000000 -382.5244391 -956.0295051 0.0000000 -392.0481159 -948.7288489 0.0000000 -379.4838271 -952.0630389 0.0000000 -376.4432151 -948.0965726 0.0000000 -389.0075039 -944.7623827 0.0000000 -379.8856679 -932.8629840 0.0000000 -382.9262799 -936.8294503 0.0000000 -373.4026031 -944.1301064 0.0000000 -370.3619911 -940.1636402 0.0000000 -367.3213791 -936.1971740 0.0000000 -367.6911774 -916.9899683 0.0000000 -370.7484321 -920.9435838 0.0000000 -361.2478339 -928.2742585 0.0000000 -364.6125825 -913.0316367 0.0000000 -367.6808971 -916.9767123 0.0000000 -358.2034309 -924.3372628 0.0000000 -361.5442680 -909.0865612 0.0000000 -352.0719511 -916.4537325 0.0000000 -349.0036366 -912.5086569 0.0000000 -345.9353220 -908.5635814 0.0000000 -355.4076388 -901.1964100 0.0000000 -342.8670074 -904.6185058 0.0000000 -333.6620636 -892.7832791 0.0000000 -330.5937491 -888.8382035 0.0000000 -340.0660659 -881.4710321 0.0000000 -336.7303782 -896.7283546 0.0000000 -343.1343805 -885.4161077 0.0000000 -346.2026951 -889.3611833 0.0000000 -349.2710096 -893.3062589 0.0000000 -327.5254345 -884.8931279 0.0000000 -324.4571199 -880.9480523 0.0000000 -333.9294367 -873.5808810 0.0000000 -327.7928076 -865.6907298 0.0000000 -330.8611222 -869.6358054 0.0000000 -321.3888053 -877.0029768 0.0000000 -318.3204907 -873.0579012 0.0000000 -315.2521762 -869.1128256 0.0000000 -312.2075158 -865.1981633 0.0000000 -324.7244930 -861.7456542 0.0000000 -305.9943664 -857.7146735 0.0000000 -315.0806138 -849.8762995 0.0000000 -302.7567544 -853.9616319 0.0000000 -308.4514522 -842.2976763 0.0000000 -311.7617209 -846.0299056 0.0000000 -307.2613089 -841.2670974 0.0000000 -284.0219646 -827.7813954 0.0000000 -284.6572510 -827.9713737 0.0000000 -280.9015178 -839.3733352 0.0000000 -276.3643114 -838.2856099 0.0000000 -271.5042049 -837.1204743 0.0000000 -279.1618581 -826.6162598 0.0000000 -264.3238229 -823.2661336 0.0000000 -269.2101918 -824.2353120 0.0000000 -262.4747654 -835.1331489 0.0000000 -263.3434391 -823.1543980 0.0000000 -248.2015476 -834.6882361 0.0000000 -247.9210425 -822.6895298 0.0000000 -248.3572667 -822.6872616 0.0000000 -242.9355048 -822.8968479 0.0000000 -243.5655990 -834.8810169 0.0000000 -237.6932443 -823.3399941 0.0000000 -242.6728347 -822.9135486 0.0000000 -223.9093779 -836.5643496 0.0000000 -222.4931137 -824.6474926 0.0000000 -222.7544733 -824.6193305 0.0000000 -217.5393307 -825.2913374 0.0000000 -217.4107819 -825.3094612 0.0000000 -209.3324437 -838.6755808 0.0000000 -202.5876750 -827.5631431 0.0000000 -207.5287107 -826.8119158 0.0000000 -182.8235325 -830.5680524 0.0000000 -148.3955866 -835.6759568 0.0000000 -138.4929896 -836.8407418 0.0000000 -114.0254856 -838.5438703 0.0000000 -119.0187538 -838.3306852 0.0000000 -90.2777153 -836.5426291 0.0000000 -95.2290615 -837.2225901 0.0000000 -68.3955996 -844.4006199 0.0000000 -66.5380920 -831.5348575 0.0000000 -71.3789886 -832.7773935 0.0000000 -49.5829697 -824.6624570 0.0000000 -43.7518516 -835.1504531 0.0000000 -33.4257981 -814.7514344 0.0000000 40.5532044 -771.2796049 0.0000000 44.4656938 -768.1698458 0.0000000 33.0865226 -761.8855289 0.0000000 52.2906728 -761.9503275 0.0000000 44.8239910 -752.5562515 0.0000000 52.6489699 -746.3367332 0.0000000 48.7364804 -749.4464924 0.0000000 60.1156517 -755.7308092 0.0000000 64.0281411 -752.6210501 0.0000000 67.9406306 -749.5112909 0.0000000 56.5614594 -743.2269741 0.0000000 68.2989277 -733.8976967 0.0000000 60.4739488 -740.1172149 0.0000000 83.9488855 -721.4586601 0.0000000 72.2114172 -730.7879375 0.0000000 91.4155673 -730.8527361 0.0000000 103.7810377 -705.7075937 0.0000000 103.5113328 -705.9098644 0.0000000 110.8460045 -715.4088657 0.0000000 112.1351318 -699.9573498 0.0000000 107.9830890 -702.7392046 0.0000000 118.6802409 -710.0165578 0.0000000 114.7249676 -712.6665776 0.0000000 116.6965416 -697.2349590 0.0000000 112.4082963 -699.7848019 0.0000000 117.0383566 -697.0464834 0.0000000 130.4716522 -703.6683598 0.0000000 127.8912676 -691.9035088 0.0000000 125.9438855 -692.5072921 0.0000000 139.4789483 -690.8052184 0.0000000 138.0014136 -690.7629145 0.0000000 138.3967353 -702.7795014 0.0000000 144.2998939 -691.5442682 0.0000000 151.5049694 -694.2478107 0.0000000 150.1357969 -693.5402590 0.0000000 145.3110558 -704.5550513 0.0000000 155.5456636 -697.0465259 0.0000000 145.4378860 -691.8350292 0.0000000 141.8982445 -703.3162820 0.0000000 151.4926683 -709.4863789 0.0000000 160.4671764 -701.5081309 0.0000000 159.8594570 -700.8729543 0.0000000 154.0433625 -712.5769425 0.0000000 164.1690806 -706.1185998 0.0000000 163.6104691 -705.3167201 0.0000000 167.0417185 -711.1649521 0.0000000 166.6823915 -710.4384892 0.0000000 169.1591828 -716.3920059 0.0000000 176.0209911 -740.4205301 0.0000000 168.5993469 -758.1327513 0.0000000 181.5104378 -759.6433495 0.0000000 180.1380761 -754.8376447 0.0000000 185.6275228 -774.0604641 0.0000000 194.9242132 -820.3388396 0.0000000 202.0030292 -810.6491355 0.0000000 223.9754315 -823.3097889 0.0000000 219.0937465 -812.3476198 0.0000000 244.0049286 -770.8811010 0.0000000 242.2961571 -775.5777249 0.0000000 253.5729777 -779.6805676 0.0000000 263.5576407 -751.2831800 0.0000000 252.2035712 -747.3992250 0.0000000 258.9952592 -723.8176418 0.0000000 264.2744898 -690.3207327 0.0000000 276.7380446 -655.5594083 0.0000000 264.7646822 -656.3585275 0.0000000 261.9597028 -643.9844355 0.0000000 148.4636594 -535.5053249 0.0000000 137.3913314 -525.3955705 0.0000000 118.9374515 -508.5459799 0.0000000 122.6282275 -511.9158980 0.0000000 130.7195635 -503.0541667 0.0000000 115.2466755 -505.1760617 0.0000000 123.3380115 -496.3143305 0.0000000 119.6472355 -492.9444123 0.0000000 111.5558995 -501.8061436 0.0000000 115.9564595 -489.5744942 0.0000000 108.5749075 -482.8346579 0.0000000 107.8651235 -498.4362255 0.0000000 96.7927955 -488.3264710 0.0000000 100.4835715 -491.6963892 0.0000000 104.8841316 -479.4647398 0.0000000 101.1933556 -476.0948217 0.0000000 97.5025796 -472.7249035 0.0000000 89.4112435 -481.5866348 0.0000000 90.1210276 -465.9850673 0.0000000 86.4302516 -462.6151491 0.0000000 82.0296915 -474.8467985 0.0000000 74.6481395 -468.1069622 0.0000000 78.3389155 -471.4768804 0.0000000 70.9573636 -464.7370441 0.0000000 79.0486996 -455.8753129 0.0000000 75.3579236 -452.5053947 0.0000000 67.2665876 -461.3671260 0.0000000 71.6671476 -449.1354766 0.0000000 67.9763716 -445.7655585 0.0000000 59.8850356 -454.6272897 0.0000000 56.1942596 -451.2573716 0.0000000 60.5948196 -439.0257222 0.0000000 53.2132677 -432.2858859 0.0000000 45.1219316 -441.1476172 0.0000000 45.8317157 -425.5460496 0.0000000 34.7593877 -415.4362952 0.0000000 31.0686117 -412.0663771 0.0000000 26.6680516 -424.2980265 0.0000000 27.3778357 -408.6964590 0.0000000 22.9772756 -420.9281084 0.0000000 15.5957237 -414.1882721 0.0000000 19.2864996 -417.5581902 0.0000000 11.9049477 -410.8183540 0.0000000 19.9962837 -401.9566227 0.0000000 12.6147317 -395.2167864 0.0000000 8.2141717 -407.4484358 0.0000000 -6.5489323 -393.9687633 0.0000000 -25.0028123 -377.1191726 0.0000000 -21.3120363 -380.4890908 0.0000000 -13.2207002 -371.6273595 0.0000000 -28.6935883 -373.7492545 0.0000000 -20.6022522 -364.8875232 0.0000000 -46.4376842 -341.2980963 0.0000000 -50.8382442 -353.5297457 0.0000000 -58.2197962 -346.7899094 0.0000000 -54.5290202 -350.1598276 0.0000000 -50.1284602 -337.9281782 0.0000000 -53.8192361 -334.5582600 0.0000000 -65.6013482 -340.0500731 0.0000000 -61.9105722 -343.4199913 0.0000000 -69.2921242 -336.6801550 0.0000000 -72.2731161 -317.7086694 0.0000000 -80.3644522 -326.5704006 0.0000000 -83.3454441 -307.5989150 0.0000000 -91.4367801 -316.4606462 0.0000000 -101.7993241 -290.7493243 0.0000000 -109.8906601 -299.6110555 0.0000000 -117.2722121 -292.8712193 0.0000000 -128.3445401 -282.7614649 0.0000000 -124.6537641 -286.1313830 0.0000000 -139.4168681 -272.6517105 0.0000000 -135.7260921 -276.0216286 0.0000000 -146.7984200 -265.9118742 0.0000000 -161.5615240 -252.4322017 0.0000000 -160.8517399 -236.8306341 0.0000000 -168.9430760 -245.6923654 0.0000000 -180.0154040 -235.5826110 0.0000000 -179.3056199 -219.9810435 0.0000000 -187.3969560 -228.8427747 0.0000000 -190.3779479 -209.8712891 0.0000000 -198.4692839 -218.7330203 0.0000000 -255.6075997 -188.0655351 0.0000000 -290.6662347 -194.6590117 0.0000000 -286.1723390 -192.4719869 0.0000000 -295.1601304 -196.8460364 0.0000000 -329.9179805 -261.9655625 0.0000000 -330.5207147 -266.9269018 0.0000000 -318.0055655 -263.4127566 0.0000000 -318.6082998 -268.3740958 0.0000000 -331.1234490 -271.8882410 0.0000000 -331.7261833 -276.8495802 0.0000000 -319.2110341 -273.3354351 0.0000000 -332.3289175 -281.8109195 0.0000000 -319.8137683 -278.2967743 0.0000000 -321.0192369 -288.2194528 0.0000000 -320.4165026 -283.2581135 0.0000000 -332.9316518 -286.7722587 0.0000000 -333.5151023 -291.5748654 0.0000000 -321.6689658 -293.4970047 0.0000000 -321.6219711 -293.1807920 0.0000000 -324.3428669 -304.0069191 0.0000000 -340.9728425 -311.4068949 0.0000000 -335.2924689 -323.0762438 0.0000000 -331.9707842 -319.3419987 0.0000000 -338.5273745 -308.5557876 0.0000000 -331.8996077 -319.2605143 0.0000000 -347.1449127 -318.3455495 0.0000000 -339.5801861 -327.6838557 0.0000000 -338.6141535 -326.8104890 0.0000000 -343.5544495 -330.5592286 0.0000000 -344.4309389 -331.0858264 0.0000000 -359.2562742 -338.1587164 0.0000000 -369.4698428 -340.0016947 0.0000000 -364.5227517 -339.2914373 0.0000000 -379.3872324 -341.4048036 0.0000000 -374.4412943 -340.7153986 0.0000000 -379.8653195 -329.3554297 0.0000000 -381.7178323 -341.2711409 0.0000000 -391.3950823 -338.7684353 0.0000000 -397.3170286 -324.8421134 0.0000000 -402.4997937 -335.6929319 0.0000000 -401.0723322 -336.2657298 0.0000000 -415.5223441 -327.3856004 0.0000000 -411.3892911 -330.1955911 0.0000000 -408.5999531 -317.5812379 0.0000000 -414.3253294 -311.7374336 0.0000000 -417.2671476 -307.9080461 0.0000000 -423.8414565 -319.0479278 0.0000000 -411.7360989 -315.1078551 0.0000000 -429.8910346 -310.6977231 0.0000000 -427.0842511 -314.8111615 0.0000000 -419.7617951 -304.2520537 0.0000000 -430.2825163 -310.0367381 0.0000000 -432.5488743 -305.5823249 0.0000000 -423.9840764 -295.9533716 0.0000000 -434.8152324 -301.1279117 0.0000000 -437.2318872 -294.3169067 0.0000000 -426.0937353 -279.4312909 0.0000000 -437.1039096 -272.9042029 0.0000000 -437.9977473 -277.8214409 0.0000000 -438.0944786 -278.9028236 0.0000000 -435.1754324 -262.9649456 0.0000000 -436.1829928 -267.8474116 0.0000000 -434.7931950 -261.7658193 0.0000000 -413.7922870 -243.7797911 0.0000000 -424.6836004 -238.7413925 0.0000000 -424.7486104 -238.8843703 0.0000000 -411.7334041 -239.4045578 0.0000000 -422.5563488 -234.2208723 0.0000000 -422.4844770 -234.0734079 0.0000000 -378.0076520 -172.5437276 0.0000000 -375.7568056 -168.0814562 0.0000000 -386.4709346 -162.6770653 0.0000000 -384.2200882 -158.2147939 0.0000000 -373.5059592 -163.6191847 0.0000000 -371.2551128 -159.1569133 0.0000000 -381.9692418 -153.7525225 0.0000000 -375.2167026 -140.3657083 0.0000000 -377.4675490 -144.8279797 0.0000000 -366.7534200 -150.2323705 0.0000000 -370.7150098 -131.4411655 0.0000000 -372.9658562 -135.9034369 0.0000000 -362.2517272 -141.3078277 0.0000000 -355.5227674 -127.9677593 0.0000000 -366.1653461 -122.4235496 0.0000000 -363.1159767 -116.9332188 0.0000000 -363.8413899 -118.0096261 0.0000000 -368.4641634 -126.9788941 0.0000000 -357.7500344 -132.3832849 0.0000000 -321.8383568 -72.3157238 0.0000000 -325.5849808 -75.6203010 0.0000000 -317.4873850 -84.4788772 0.0000000 -324.3462474 -91.4540603 0.0000000 -320.8420957 -87.8904811 0.0000000 -329.3984214 -79.4768439 0.0000000 -325.8942698 -75.9132647 0.0000000 -313.9269331 -81.3385065 0.0000000 -310.1669233 -78.0995429 0.0000000 -317.9988357 -69.0077251 0.0000000 -314.2122322 -65.7458530 0.0000000 -306.3803199 -74.8376707 0.0000000 -310.4256287 -62.4839809 0.0000000 -302.5937164 -71.5757986 0.0000000 -279.4844203 -53.4951093 0.0000000 -286.3580496 -43.6587878 0.0000000 -298.6844369 -52.3958943 0.0000000 -299.0658182 -52.6983646 0.0000000 -291.4184568 -61.9491590 0.0000000 -294.6491657 -49.4540931 0.0000000 -294.5514056 -49.3843115 0.0000000 -271.5422453 -47.9451110 0.0000000 -278.1646937 -37.9332642 0.0000000 -282.2613717 -40.7960260 0.0000000 -277.6457566 -37.6087166 0.0000000 -263.4544183 -44.0317220 0.0000000 -258.8463653 -42.0967741 0.0000000 -263.4922685 -31.0326165 0.0000000 -258.8842155 -29.0976686 0.0000000 -240.6873090 -34.6846757 0.0000000 -244.7570675 -23.3952123 0.0000000 -244.5264788 -23.3147288 0.0000000 -235.0240945 -20.2135364 0.0000000 -239.7752867 -21.7641326 0.0000000 -231.3010382 -31.6213780 0.0000000 -217.7690528 -27.6323018 0.0000000 -220.1357209 -15.8642878 0.0000000 -224.9875643 -16.9649353 0.0000000 -219.5545009 -15.7621945 0.0000000 -209.6364617 -14.5191334 0.0000000 -214.5954813 -15.1406640 0.0000000 -173.4592126 -22.0788011 0.0000000 -174.9233245 -10.1684197 0.0000000 -168.5936053 -21.5157637 0.0000000 -164.7851471 -9.1152942 0.0000000 -169.7620009 -9.5725708 0.0000000 -169.9027337 -9.5871767 0.0000000 -149.8545857 -7.7434645 0.0000000 -144.8777319 -7.2861879 0.0000000 -134.9240243 -6.3716347 0.0000000 -124.9703167 -5.4570816 0.0000000 -113.9186659 -16.4921945 0.0000000 -115.0166091 -4.5425284 0.0000000 -105.0629015 -3.6279752 0.0000000 -60.2712172 0.4875141 0.0000000 -59.1732741 -11.4621521 0.0000000 -54.1964203 -11.0048755 0.0000000 44.2905522 9.8782192 0.0000000 39.3115645 9.4447943 0.0000000 45.3312264 -2.0765705 0.0000000 49.2695399 10.3116441 0.0000000 75.2051525 0.5239790 0.0000000 69.1854907 12.0453438 0.0000000 74.1644784 12.4787687 0.0000000 80.1841402 0.9574039 0.0000000 99.0594169 14.6458934 0.0000000 179.7638942 9.6259025 0.0000000 258.9689778 3.8056736 0.0000000 298.7145587 -50.3093670 0.0000000 312.1207809 -94.4437172 0.0000000 309.5224279 -84.4903616 0.0000000 307.8613807 -126.4604602 0.0000000 320.7217895 -128.3546780 0.0000000 340.7992727 -211.5053565 0.0000000 328.9140633 -213.1611939 0.0000000 341.4889037 -216.4553651 0.0000000 327.5459514 -203.3412099 0.0000000 339.4200106 -201.6053394 0.0000000 344.2474279 -236.2553993 0.0000000 335.1118507 -257.6474470 0.0000000 347.0059520 -256.0554335 0.0000000 338.0287058 -287.2892357 0.0000000 350.4463951 -291.1336040 0.0000000 349.9752702 -286.1580421 0.0000000 353.0670484 -336.2861119 0.0000000 378.2983573 -562.5491050 0.0000000 390.5103889 -589.1154277 0.0000000 400.7438148 -627.2263297 0.0000000 392.3492091 -651.7409581 0.0000000 387.0507312 -665.7669950 0.0000000 379.9860939 -684.4683776 0.0000000 374.6876160 -698.4944146 0.0000000 383.2110102 -811.4396632 0.0000000 418.9234964 -848.5883591 0.0000000 407.6397600 -852.6721433 0.0000000 409.1910308 -860.5456960 0.0000000 421.1831345 -860.1100467 0.0000000 405.9389261 -847.9726391 0.0000000 403.2060301 -919.1626581 0.0000000 396.9338105 -926.9454574 0.0000000 375.6276861 -942.8109126 0.0000000 129.8202873 -1299.2623018 0.0000000 88.2608091 -1350.6249483 0.0000000 81.1035017 -1363.7997930 0.0000000 60.6329820 -1426.6191332 0.0000000 28.6165804 -1460.4153203 0.0000000 24.8464448 -1492.4933564 0.0000000 -24.2178372 -1574.2350749 0.0000000 -40.4235010 -1599.4658256 0.0000000 -66.7258732 -1618.2114796 0.0000000 -56.6291648 -1624.6965764 0.0000000 -86.1206147 -1646.8168814 0.0000000 -76.4851790 -1653.9693899 0.0000000 -85.4219113 -1666.0084263 0.0000000 -96.3220155 -1677.9059709 0.0000000 -117.7039354 -1693.2995061 0.0000000 -103.7802007 -1684.5609071 0.0000000 -137.3688448 -1701.1984235 0.0000000 -162.8858792 -1691.8193791 0.0000000 -163.8658990 -1703.7792939 0.0000000 -174.6178899 -1702.5128597 0.0000000 -208.8827847 -1691.5866201 0.0000000 -204.3049646 -1693.5920474 0.0000000 -203.8834983 -1680.6757284 0.0000000 -222.4372109 -1682.2678557 0.0000000 -232.3265453 -1651.2783047 0.0000000 -241.0674298 -1634.2454003 0.0000000 -258.2307622 -1625.6300882 0.0000000 -265.4595225 -1584.4188154 0.0000000 -267.9496407 -1580.0855156 0.0000000 -288.3145753 -1568.7312103 0.0000000 -337.7220328 -1487.5190676 0.0000000 -341.0946043 -1483.8183437 0.0000000 -358.6986641 -1465.7912347 0.0000000 -394.9020729 -1425.0881324 0.0000000 -400.9006709 -1436.6204781 0.0000000 -414.1402241 -1402.0857878 0.0000000 -426.9656583 -1386.7508913 0.0000000 -525.8000338 -1390.7550630 0.0000000 -538.9212304 -1399.3198763 0.0000000 -576.1186551 -1362.7117112 0.0000000 -569.5879041 -1371.2497635 0.0000000 -597.5091651 -1327.8889217 0.0000000 -603.3576479 -1313.2455341 0.0000000 -464.6610097 -1367.6300075 0.0000000 -463.4311061 -1355.6929200 0.0000000 -451.3451661 -1359.8292874 0.0000000 -370.7751848 -1470.6012060 0.0000000 -348.2217774 -1476.5168315 0.0000000 -324.2791936 -1502.3157187 0.0000000 -317.6183379 -1510.1023080 0.0000000 -308.0131003 -1521.6150396 0.0000000 -301.6709191 -1529.7485856 0.0000000 -308.2924962 -1540.9348671 0.0000000 -299.3181606 -1552.9458987 0.0000000 -275.8639844 -1590.3977093 0.0000000 -251.4989059 -1611.5377210 0.0000000 -247.3263155 -1620.6207928 0.0000000 -21.5168933 -1570.0299497 0.0000000 -34.3145456 -1567.7499781 0.0000000 -5.3112295 -1544.7991990 0.0000000 -18.1088818 -1542.5192273 0.0000000 144.1349022 -1272.9126125 0.0000000 260.6333031 -1057.4495793 0.0000000 270.0305375 -1039.8046708 0.0000000 264.3168097 -1025.1057069 0.0000000 264.1954941 -1025.3186543 0.0000000 300.0657075 -975.5812773 0.0000000 313.3055623 -966.0254863 0.0000000 326.2204941 -958.4091802 0.0000000 361.2283580 -776.4795985 0.0000000 366.8893005 -749.2039595 0.0000000 354.9519675 -750.4836224 0.0000000 356.0928127 -719.7789746 0.0000000 364.7659928 -508.2040015 0.0000000 355.5319424 -517.3533451 0.0000000 346.6817821 -477.0216893 0.0000000 341.3445684 -341.9040865 0.0000000 330.9829564 -228.0112196 0.0000000 315.3552391 -155.5583493 0.0000000 309.0900962 -131.3048832 0.0000000 300.4890876 -97.3939225 0.0000000 50.3102141 -1.6431456 0.0000000 30.3942633 -3.3768453 0.0000000 15.4573002 -4.6771201 0.0000000 -0.5489716 5.9748331 0.0000000 -75.2017786 -0.8843157 0.0000000 -148.7566425 -19.6931306 0.0000000 -199.7184225 -13.2760724 0.0000000 -193.2670781 -24.5613872 0.0000000 -268.1003215 -32.9675643 0.0000000 -346.9910371 -97.8428884 0.0000000 -347.4986400 -117.0404383 0.0000000 -388.7217810 -167.1393367 0.0000000 -404.4777058 -198.3752366 0.0000000 -405.0178088 -226.0909845 0.0000000 -419.7874685 -257.4367462 0.0000000 -374.4169339 -340.7119521 0.0000000 -376.1101194 -328.8319995 0.0000000 -327.5070434 -242.1202056 0.0000000 -326.3015748 -232.1975271 0.0000000 -321.9521800 -211.3074767 0.0000000 -295.9173866 -183.8689513 0.0000000 -265.2329645 -175.9184436 0.0000000 -228.1485940 -183.0897347 0.0000000 -220.8722947 -200.6770063 0.0000000 -214.5060890 -190.5048078 0.0000000 -197.7594999 -203.1314528 0.0000000 -154.1799720 -259.1720379 0.0000000 -127.6347560 -267.1598973 0.0000000 -116.5624280 -277.2696517 0.0000000 -98.8183321 -309.7208099 0.0000000 -94.4177721 -297.4891606 0.0000000 -68.5823401 -321.0785875 0.0000000 -57.5100121 -331.1883419 0.0000000 -17.6212603 -383.8590089 0.0000000 38.4501637 -418.8062134 0.0000000 145.4826675 -516.5338393 0.0000000 185.3714193 -569.2045063 0.0000000 203.8252993 -586.0540969 0.0000000 222.2791793 -602.9036876 0.0000000 260.0361226 -621.7564649 0.0000000 275.7987846 -696.3347834 0.0000000 257.7242060 -728.6511291 0.0000000 269.3296422 -731.7029892 0.0000000 234.8645491 -816.7257017 0.0000000 219.4098551 -825.3429363 0.0000000 208.1220540 -813.9059966 0.0000000 190.8885992 -817.3906206 0.0000000 196.8468566 -805.1741941 0.0000000 164.4822619 -743.7156367 0.0000000 -52.4880326 -840.0075967 0.0000000 -78.0773928 -846.8856919 0.0000000 -88.6450962 -848.4310502 0.0000000 -124.0120221 -838.1175001 0.0000000 -124.5238897 -850.1065781 0.0000000 -129.5171580 -849.8933931 0.0000000 -149.8220123 -847.5909022 0.0000000 -144.8584141 -848.1747415 0.0000000 -159.9220873 -846.1878539 0.0000000 -174.7451942 -843.9341720 0.0000000 -187.7645681 -829.8168251 0.0000000 -189.5683011 -841.6804901 0.0000000 -228.7579799 -836.1491217 0.0000000 -397.7274992 -975.8618362 0.0000000 -422.4542360 -988.3935111 0.0000000 -428.1336193 -1015.5264984 0.0000000 -471.1040282 -1051.8569706 0.0000000 -483.2664762 -1067.7228355 0.0000000 -489.3477002 -1075.6557679 0.0000000 -510.6319843 -1103.4210315 0.0000000 -513.6725963 -1107.3874977 0.0000000 -534.9568804 -1135.1527612 0.0000000 -541.0381044 -1143.0856936 0.0000000 -550.1599404 -1154.9850923 0.0000000 -549.7580997 -1174.1851471 0.0000000 -595.7254246 -1215.1869475 0.0000000 -615.9496936 -1269.1992869 0.0000000 -616.4256715 -1263.2678203 0.0000000 -609.0764321 -1236.5891740 0.0000000 -571.4442245 -1182.7503558 0.0000000 -558.8799357 -1186.0845458 0.0000000 -568.4036125 -1178.7838896 0.0000000 -513.2707555 -1126.5875525 0.0000000 -504.1489195 -1114.6881538 0.0000000 -486.3070882 -1071.6893017 0.0000000 -452.4585153 -1047.2582281 0.0000000 -431.1742313 -1019.4929646 0.0000000 -419.4136240 -984.4270449 0.0000000 -409.8899472 -991.7277010 0.0000000 -388.6056631 -963.9624375 0.0000000 -376.8450559 -928.8965178 0.0000000 -355.1402657 -920.3988081 0.0000000 -358.4759534 -905.1414856 0.0000000 -339.7986928 -900.6734302 0.0000000 -318.3451771 -853.6605830 0.0000000 -266.7593248 -835.9829624 0.0000000 -158.1183543 -834.3241889 0.0000000 -18.1341374 -817.9259921 0.0000000 36.6407149 -774.3893641 0.0000000 36.9990121 -758.7757698 0.0000000 56.2031622 -758.8405683 0.0000000 75.7656095 -743.2917726 0.0000000 95.3280568 -727.7429769 0.0000000 87.8613750 -718.3489009 0.0000000 107.8591367 -702.8245235 0.0000000 170.5315445 -721.1977107 0.0000000 173.2762678 -730.8091204 0.0000000 265.1364904 -680.3623364 0.0000000 127.0287875 -499.6842486 0.0000000 93.1020195 -484.9565529 0.0000000 93.8118036 -469.3549854 0.0000000 85.7204675 -478.2167166 0.0000000 82.7394756 -459.2452310 0.0000000 64.2855956 -442.3956403 0.0000000 30.3588276 -427.6679446 0.0000000 23.6870597 -405.3265408 0.0000000 16.3055077 -398.5867046 0.0000000 -16.9114762 -368.2574414 0.0000000 -24.2930282 -361.5176051 0.0000000 -61.2007881 -327.8184238 0.0000000 -84.0552282 -323.2004825 0.0000000 -172.6338520 -242.3224473 0.0000000 -202.1600599 -215.3631022 0.0000000 -205.8508359 -211.9931841 0.0000000 -233.6045239 -193.7777106 0.0000000 -327.5232610 -313.4830890 0.0000000 -328.6572184 -315.4802972 0.0000000 -358.6876228 -324.7093332 0.0000000 -353.4065638 -335.4847875 0.0000000 -357.8943763 -337.6842681 0.0000000 -396.2337073 -337.5170826 0.0000000 -415.8644140 -327.1349089 0.0000000 -420.7967471 -323.0112497 0.0000000 -425.6911910 -288.3343899 0.0000000 -438.0876091 -283.8634202 0.0000000 -424.4162590 -270.2030493 0.0000000 -430.7753611 -252.6132397 0.0000000 -420.2336306 -229.6111365 0.0000000 -369.0042664 -154.6946419 0.0000000 -379.7183954 -149.2902511 0.0000000 -364.5025736 -145.7700991 0.0000000 -360.0008808 -136.8455563 0.0000000 -298.8071129 -68.3139265 0.0000000 -302.8524217 -55.9602367 0.0000000 -306.6390252 -59.2221088 0.0000000 -230.2729023 -18.6629401 0.0000000 -226.5498460 -30.0707818 0.0000000 -236.0522303 -33.1719742 0.0000000 -225.5217102 -17.1123439 0.0000000 -222.0623197 -28.6062354 0.0000000 -189.8003833 -12.0330113 0.0000000 -174.8668664 -10.1616152 0.0000000 -64.1501279 -11.9194287 0.0000000 40.3522387 -2.5099955 0.0000000 115.0370541 3.9913784 0.0000000 231.5072512 3.9768345 0.0000000 296.5644785 -45.7976788 0.0000000 349.5041453 -281.1824801 0.0000000 349.0330204 -276.2069181 0.0000000 357.0811410 -436.3115922 0.0000000 392.1622146 -606.0988409 0.0000000 404.1557870 -606.5125683 0.0000000 406.3421399 -915.2712585 0.0000000 379.6931598 -939.9040071 0.0000000 157.4481144 -1223.2681169 0.0000000 85.8750400 -1355.0165632 0.0000000 91.6479809 -1369.5281398 0.0000000 58.2472128 -1431.0107481 0.0000000 -50.5202094 -1592.9807289 0.0000000 -95.0573471 -1658.8559177 0.0000000 -126.6264837 -1697.8051507 0.0000000 -174.1664264 -1702.5973881 0.0000000 -199.4898368 -1682.6004804 0.0000000 -360.2982981 -1481.3268028 0.0000000 -391.2815953 -1448.1216504 0.0000000 -504.4658934 -1380.9933948 0.0000000 -514.8459451 -1401.9038208 0.0000000 -533.5551598 -1388.5826590 0.0000000 -608.3569337 -1299.1003939 0.0000000 -470.9653362 -1368.8152946 0.0000000 -351.7140730 -1472.9416326 0.0000000 -61.3239852 -1609.8012294 0.0000000 27.2322139 -1488.1017415 0.0000000 232.4256810 -1110.3907473 0.0000000 233.5965736 -1082.6873658 0.0000000 250.0417339 -1051.8087760 0.0000000 252.3910425 -1047.3975489 0.0000000 269.4410414 -1016.5234605 0.0000000 308.4431822 -984.1730127 0.0000000 343.5068640 -948.3041354 0.0000000 368.0705118 -720.5102218 0.0000000 355.4837061 -729.7560329 0.0000000 361.4502406 -531.8200824 0.0000000 358.6175265 -475.7815254 0.0000000 337.5575809 -282.3136737 0.0000000 -194.7594029 -12.6545418 0.0000000 -343.4150280 -93.7311608 0.0000000 -397.7251666 -184.9884224 0.0000000 -415.7319378 -220.6865937 0.0000000 -328.1097777 -247.0815448 0.0000000 -320.0297170 -206.3555005 0.0000000 -264.0207239 -187.8571713 0.0000000 -194.0687239 -206.5013709 0.0000000 -216.6857835 -203.3199203 0.0000000 141.0821074 -528.7654887 0.0000000 163.2267634 -548.9849975 0.0000000 233.3515072 -613.0134420 0.0000000 256.5724552 -617.9962062 0.0000000 256.2059473 -617.6313833 0.0000000 277.0708656 -660.5461312 0.0000000 277.4036866 -665.5328542 0.0000000 273.6529592 -711.5108434 0.0000000 256.4531527 -733.4846164 0.0000000 248.9683551 -756.8568188 0.0000000 246.2608127 -798.7197682 0.0000000 248.2902744 -794.1577556 0.0000000 237.2412923 -789.4712148 0.0000000 235.3300910 -793.7673906 0.0000000 206.7900865 -825.8564104 0.0000000 -48.1199421 -837.5790249 0.0000000 -73.2364962 -845.6431559 0.0000000 -164.8631229 -845.4366266 0.0000000 -476.7834114 -1078.9899579 0.0000000 -522.7944323 -1119.2868963 0.0000000 -540.6362636 -1162.2857485 0.0000000 -385.9668919 -940.7959165 0.0000000 -336.9977513 -877.5259565 0.0000000 -321.6561784 -857.8005787 0.0000000 -311.8160505 -846.0920159 0.0000000 -274.3017517 -825.4511242 0.0000000 -253.3526575 -822.8429738 0.0000000 -227.7340637 -824.1928851 0.0000000 -192.7056037 -829.0655977 0.0000000 -163.0593899 -833.5729616 0.0000000 -172.9414612 -832.0705070 0.0000000 -53.9510602 -827.0910289 0.0000000 29.1740332 -764.9952881 0.0000000 79.6780989 -740.1820135 0.0000000 148.3958835 -706.6917026 0.0000000 156.1491220 -697.5245830 0.0000000 158.9928152 -724.4928173 0.0000000 63.5758116 -457.9972078 0.0000000 52.5034836 -447.8874534 0.0000000 -265.3372267 -175.9294906 0.0000000 -371.1752050 -328.1234903 0.0000000 -393.2291488 -325.8993105 0.0000000 -419.7542151 -324.0671410 0.0000000 -426.8861659 -315.0846060 0.0000000 -436.2100719 -267.9869649 0.0000000 -366.2133170 -122.5166226 0.0000000 -321.7854392 -72.2695973 0.0000000 -295.0205094 -65.0520544 0.0000000 252.3386334 -6.1962528 0.0000000 285.7316973 -50.9601251 0.0000000 314.5782119 -104.1325632 0.0000000 393.6305827 -565.5215730 0.0000000 401.7310362 -622.3269859 0.0000000 410.4336522 -828.8218980 0.0000000 401.6990534 -816.6354151 0.0000000 391.9456089 -823.6261461 0.0000000 135.9761921 -1262.7926508 0.0000000 94.0337501 -1365.1365249 0.0000000 96.4195192 -1360.7449100 0.0000000 47.7027336 -1425.2824012 0.0000000 -242.3747210 -1657.8397441 0.0000000 -423.3451807 -1409.7844093 0.0000000 -432.9642563 -1398.2832370 0.0000000 -562.6124107 -1378.4090368 0.0000000 -606.6965762 -1303.8140215 0.0000000 -481.5887130 -1376.4894602 0.0000000 -369.1755508 -1455.0656380 0.0000000 -341.2371862 -1483.6672293 0.0000000 -311.2839414 -1536.9311898 0.0000000 152.6765762 -1232.0513466 0.0000000 292.5548144 -1001.2196085 0.0000000 282.2516207 -995.0678447 0.0000000 390.0529218 -800.3867712 0.0000000 355.0534960 -751.2167153 0.0000000 356.0431327 -756.1155718 0.0000000 381.1234786 -647.5003244 0.0000000 363.8121467 -536.2214067 0.0000000 -316.1973627 -248.5287389 0.0000000 -320.1506657 -206.6456399 0.0000000 -309.0140436 -211.1178170 0.0000000 -245.7162020 -189.5053109 0.0000000 -191.0877320 -225.4728566 0.0000000 265.4303241 -666.3319734 0.0000000 248.4466634 -793.7704392 0.0000000 5.6990964 -783.6538429 0.0000000 -504.5507603 -1095.4880990 0.0000000 -616.5775533 -1258.2958669 0.0000000 -352.3393242 -897.2513344 0.0000000 -289.2977575 -829.6435748 0.0000000 -344.2585716 -315.1007186 0.0000000 -428.7664442 -248.0369499 0.0000000 345.6266900 -246.1554164 0.0000000 394.8571418 -827.6883071 0.0000000 349.5472892 -958.6729957 0.0000000 83.4892708 -1359.4081781 0.0000000 45.3169645 -1429.6740161 0.0000000 -186.5029040 -1687.5072728 0.0000000 -377.7597760 -1463.4508082 0.0000000 -582.2693873 -1331.3038705 0.0000000 279.6895048 -999.3589679 0.0000000 367.8055235 -753.7394063 0.0000000 -95.1091938 -2.7134220 0.0000000 -316.8000970 -253.4900781 0.0000000 250.1554348 -789.0738153 0.0000000 -269.4416452 -824.2859886 0.0000000 188.3722461 -783.6718738 0.0000000 109.0173923 15.5127432 0.0000000 398.7875205 -812.5732541 0.0000000 115.5056724 -1325.6119910 0.0000000 104.9611932 -1319.8836442 0.0000000 55.8614437 -1435.4023630 0.0000000 8.1460607 -1523.2346605 0.0000000 -606.6934268 -1303.8229399 0.0000000 -331.0006132 -1494.9173932 0.0000000 363.8422387 -536.2767819 0.0000000 302.9465186 -107.0827684 0.0000000 -34.2890051 -9.1757692 0.0000000 -328.7125119 -252.0428840 0.0000000 -39.7659162 -363.6395001 0.0000000 193.4627554 -560.3427750 0.0000000 -370.7638318 -920.9635854 0.0000000 389.0340760 -819.5639851 0.0000000 53.4756745 -1439.7939778 0.0000000 -381.2520715 -1459.8756093 0.0000000 186.0812034 -553.6029387 0.0000000 373.4796511 -553.7916640 0.0000000 107.3469623 -1315.4920293 0.0000000 73.9461942 -1376.9746376 0.0000000 42.9311953 -1434.0656310 0.0000000 -592.0455962 -1309.2408510 0.0000000 330.7897299 -166.9855134 0.0000000 177.9898673 -562.4646700 0.0000000 383.9931703 -548.0066909 0.0000000 36.7752905 -1470.5352820 0.0000000 -458.1104225 -1369.7443578 0.0000000 -593.5555292 -1234.2682246 0.0000000 102.5754240 -1324.2752591 0.0000000 105.9625958 -1343.1784505 0.0000000 -590.8934707 -1230.0383758 0.0000000 -601.0495416 -1223.6466449 0.0000000 -554.0175304 -1370.0347886 0.0000000 -290.5623485 -830.2763953 0.0000000 -510.1267625 -1400.2583753 0.0000000 -500.7583613 -1377.6419203 0.0000000 -143.4565879 -836.2569026 0.0000000 -119.5306215 -850.3197632 0.0000000 -339.8824816 -1502.9866196 0.0000000 -76.2198852 -834.0199295 0.0000000 -239.5951322 -1661.9933042 0.0000000 -229.6222339 -1655.3193773 0.0000000 132.8171049 -691.2599245 0.0000000 134.2674735 -703.1724175 0.0000000 133.0260699 -691.2363388 0.0000000 -189.2388375 -1699.1914935 0.0000000 -140.3146180 -1689.5656070 0.0000000 -123.1130704 -1682.5877715 0.0000000 -111.7696122 -1675.6071759 0.0000000 238.8786142 -784.9709726 0.0000000 240.5873857 -780.2743487 0.0000000 251.8642062 -784.3771914 0.0000000 261.9400326 -756.0119768 0.0000000 250.5859631 -752.1280219 0.0000000 108.3483650 -1338.7868357 0.0000000 97.8038857 -1333.0584888 0.0000000 261.7737958 -709.8121741 0.0000000 262.9826117 -1053.0383522 0.0000000 265.0975031 -661.3452505 0.0000000 289.9926986 -1005.5107317 0.0000000 244.4238352 -623.1231964 0.0000000 182.3904274 -550.2330206 0.0000000 368.6480658 -933.0495141 0.0000000 393.8625918 -911.6327072 0.0000000 -223.6972150 -185.3620464 0.0000000 -229.1531449 -196.0500223 0.0000000 407.3188508 -888.5403995 0.0000000 -273.8990552 -188.9911825 0.0000000 380.2994773 -807.3775022 0.0000000 -310.7588850 -215.6329994 0.0000000 366.3755685 -785.8453485 0.0000000 -317.4028313 -258.4514173 0.0000000 -329.3152462 -257.0042233 0.0000000 389.9674753 -619.9566196 0.0000000 -406.8125170 -333.2798402 0.0000000 -400.7252085 -322.9351396 0.0000000 -407.2562380 -333.0055819 0.0000000 -404.6423676 -320.2719313 0.0000000 -421.8536134 -300.1406898 0.0000000 340.0389221 -316.9491335 0.0000000 -425.2973838 -275.0503503 0.0000000 338.4998307 -292.2647977 0.0000000 333.7414806 -247.8112538 0.0000000 332.0674988 -171.8172297 0.0000000 320.4663148 -174.8852145 0.0000000 296.5849438 -83.2255763 0.0000000 -343.6725142 -94.0101445 0.0000000 283.5816171 -46.4484369 0.0000000 268.7323046 -22.5495222 0.0000000 -275.3877424 -50.6323475 0.0000000 -249.4372748 -25.1364144 0.0000000 -213.1031565 -27.0475094 0.0000000</float_array><technique_common><accessor source="#positions-array" count="2449" stride="3"><param name="X" type="float" /><param name="Y" type="float" /><param name="Z" type="float" /></accessor></technique_common></source><source id="uv"><float_array id="uv-array" count="4898">44.5507207 6.8895218 39.5717330 6.4560968 45.0710578 0.9121269 47.5605517 1.1288394 50.0500455 1.3455518 47.0402146 7.1062342 32.6235886 -0.1714354 35.1130824 0.0452770 32.1032515 5.8059594 61.9771777 8.4065090 56.9981900 7.9730841 62.4975148 2.4291141 64.9870086 2.6458266 69.9659963 3.0792515 64.4666715 8.6232215 72.4554902 3.2959640 69.4456592 9.0566464 74.9449840 3.5126765 71.9351531 9.2733589 77.4344779 3.7293889 74.4246469 9.4900713 81.8931285 10.1402087 76.9141408 9.7067838 82.4134656 4.1628138 84.3826223 10.3569212 84.9029594 4.3795263 86.8721162 10.5736336 87.3924533 4.5962388 91.8511039 11.0070586 89.3616100 10.7903461 92.2517998 5.0192488 94.5829779 11.0352689 92.0908358 11.0182915 94.5231244 5.0347220 94.7842506 11.0298833 120.0137177 6.8972011 117.6417677 7.6835836 118.1255755 1.2020348 110.4399593 10.0025244 109.7504376 10.1260976 109.0367413 4.1582663 112.8241545 9.2797367 111.0464316 3.5490128 115.2698178 8.4699660 112.8978678 9.2563484 122.7731657 5.9515294 122.3856676 6.1108187 120.2982015 0.4817351 124.9928220 4.8520864 122.1607750 -0.4408372 125.3188390 4.6642742 131.9188296 0.2495301 131.5673139 0.5221181 128.0662515 -4.3556173 133.7572524 -1.4083492 129.5983443 -5.7372499 135.6520566 -3.5725130 134.0215797 -1.6788158 143.7705276 -13.5027139 142.3971794 -11.4413679 138.6581165 -16.6506358 143.9820788 -13.8754629 145.0571189 -16.1313070 140.7157685 -20.9683743 147.2071991 -20.6429953 146.1321590 -18.3871512 143.8792715 -27.6066102 150.3210300 -27.7607225 149.4679157 -25.4185585 144.6566032 -29.7407186 150.3706926 -27.9089713 145.3654577 -32.0553152 151.8341997 -32.6877078 151.1024461 -30.2983395 146.8289648 -36.8340517 153.2977068 -37.4664443 152.5659532 -35.0770760 149.0084580 -43.9506714 155.4362808 -44.7622132 154.7908912 -42.3486834 149.6349413 -46.2934981 155.4460327 -44.7996471 147.5607183 -39.2234199 154.0294604 -39.8558125 152.0876171 -55.9635957 158.5178215 -56.9107045 157.9034637 -54.4884931 153.3163326 -60.8080186 159.7465370 -61.7551275 159.1321792 -59.3329160 155.1594059 -68.0746531 161.5889849 -69.0192965 160.9752525 -66.5995505 165.8362937 -116.4806141 171.7788984 -115.6526954 171.4340829 -113.1776911 162.7886952 -97.1060398 163.3918218 -99.3866839 168.5892872 -95.5720474 169.2869523 -98.2610740 169.2281717 -97.9879055 169.6977795 -100.7228013 164.8018472 -109.0556012 165.1466627 -111.5306055 171.0892674 -110.7026868 167.9504028 -93.1561893 162.1498108 -94.6901817 167.8397283 -131.2393775 173.8026896 -130.5728673 173.5111815 -128.0916289 173.8098229 -130.6401161 169.6284271 -151.0006938 176.0112657 -158.1610748 175.6195718 -150.6745889 169.4807103 -148.5698296 175.4665952 -148.1554155 175.4587600 -148.0545830 175.6181458 -150.6493689 170.1500257 -160.9700620 176.1418303 -160.6565701 171.5862366 -188.4205103 177.7086059 -190.6025137 177.5780412 -188.1070184 172.2191420 -205.8207590 178.2171314 -205.6654404 178.1524435 -203.1673693 171.8469124 -193.4028341 177.8400273 -193.1153452 177.8391705 -193.0980090 171.9611905 -195.8593612 177.9561445 -195.6114054 177.9583801 -195.6731559 172.4132055 -213.3149724 178.4111948 -213.1596538 170.9334135 -175.9430338 176.9252181 -175.6295419 176.6640888 -170.6385513 172.8013324 -228.3033992 178.9275733 -233.1008115 178.7993218 -228.1480806 173.5991457 -240.9963724 173.8574004 -243.4819002 179.5670179 -240.3762905 180.0835273 -245.3473461 179.8252726 -242.8618183 194.4059382 -278.3820660 193.2012617 -276.1927057 187.9445021 -279.0851922 195.6106148 -280.5714262 190.3538552 -283.4639128 197.9460323 -285.2536615 196.9234043 -282.9775554 191.5000959 -285.5470727 198.9299788 -287.6675661 197.9884552 -285.3528140 192.4509439 -287.6634152 193.3721473 -289.9282097 194.3136709 -292.2429618 200.8130259 -292.2970703 199.8715023 -289.9823182 201.9634493 -295.4720361 201.7545495 -294.6118224 196.0281098 -296.4579397 202.1846501 -297.9188616 196.1936345 -298.2889004 202.1959969 -298.2598627 195.9318463 -305.2730731 201.9051135 -305.8724781 202.0719955 -303.3863117 201.8527395 -306.2641492 194.4946719 -312.4054264 194.0159896 -314.6061320 200.3624721 -313.6582031 199.8319455 -316.0972591 199.7069232 -316.5197878 193.2109783 -316.7371437 197.9407639 -321.1951334 198.8238435 -318.8574606 189.6786596 -326.0878350 194.4084452 -330.5458247 195.2915249 -328.2081519 187.0294207 -333.1008535 191.7592063 -337.5588432 192.6422859 -335.2211703 183.4971020 -342.4515448 188.2268876 -346.9095345 189.1099673 -344.5718616 180.8478631 -349.4645632 185.5776487 -353.9225529 186.4607283 -351.5848801 177.5895764 -367.3722810 183.5784260 -367.7379046 183.7307026 -365.2436400 177.4372997 -369.8665456 183.2864038 -372.5211754 183.4261493 -370.2321692 188.4351765 -390.0132284 187.2234366 -387.8277695 181.9760444 -390.7372154 197.9379938 -404.2555466 196.4822273 -402.2244661 193.0612715 -407.7509121 198.8843374 -415.8752340 200.2830207 -417.8266723 203.7610596 -412.3798685 204.6820724 -432.7610194 210.7653232 -435.0498191 210.6784452 -432.5524212 202.1190461 -421.6365674 208.6113312 -421.9444274 207.7609143 -419.5946753 206.6367720 -416.6810261 205.3256737 -414.5737886 201.3758746 -419.5831406 206.9104974 -417.2449232 204.5126924 -428.2503531 210.4887187 -427.5421278 210.3121651 -426.6439317 210.5908685 -430.0365725 204.8521059 -437.6488094 210.8522011 -437.5472170 204.7765266 -439.7142113 210.7612916 -440.2402913 210.8520082 -437.7612216 210.6769906 -440.8450058 208.2966302 -450.5530739 208.8917203 -448.1260569 202.6024857 -448.5808255 206.4316093 -453.5784182 207.8432268 -451.5553301 201.5703796 -450.0600090 206.3071797 -453.7442296 195.3632410 -457.7620534 193.9961005 -459.4584513 200.0349602 -461.5270289 196.0858261 -465.4843683 198.0169864 -463.9233135 192.3828776 -460.7625011 195.9447904 -465.5916453 190.4222434 -462.1643988 188.3895066 -463.6178516 191.8793167 -468.4985508 185.5909821 -472.9842282 185.7811062 -472.8589090 182.3839784 -467.9119398 183.4552637 -474.2784615 180.3679242 -469.1336573 183.4105891 -474.3050078 176.0719043 -471.6363227 176.9328807 -478.0786253 179.0921169 -476.8207528 169.5941959 -475.4099402 170.4560260 -481.8517456 172.6144085 -480.5943704 160.9577584 -480.4739745 164.0056115 -485.6422035 166.1581001 -484.3728192 158.8052698 -481.7433588 159.7006343 -488.1809722 161.8531229 -486.9115879 148.2436903 -489.5351839 150.6432643 -495.5755969 152.4324277 -493.8310516 115.0112958 -557.4072385 116.2041804 -555.2114310 110.9275863 -552.3552731 113.8184112 -559.6030459 109.7390562 -554.5430650 111.4326421 -563.9946608 112.6255266 -561.7988533 106.1604024 -561.1304874 60.8307886 -644.5711700 59.6379040 -646.7669775 66.1030282 -647.4353434 57.2521349 -651.1585923 56.0592503 -653.3543998 61.3314899 -656.2185732 62.5243745 -654.0227658 63.7172591 -651.8269583 58.4450195 -648.9627849 76.8389894 -627.6730765 78.0318740 -625.4772691 71.5667498 -624.8089031 89.4600184 -591.8717915 88.2671338 -594.0675989 93.5393734 -596.9317724 95.4244413 -580.8927543 94.2315567 -583.0885617 100.6966809 -583.7569277 98.3109117 -588.1485426 99.5037963 -585.9527352 66.7952115 -633.5921328 65.6023269 -635.7879403 70.8745665 -638.6521137 58.9457208 -660.6101881 60.1386054 -658.4143806 54.8663657 -655.5502072 62.0236732 -642.3753626 67.2959128 -645.2395360 47.7090583 -668.7250518 46.5161737 -670.9208593 51.7884133 -673.7850327 49.4026442 -678.1766476 50.5955288 -675.9808401 45.3232891 -673.1166667 39.3588663 -684.0957039 38.1659817 -686.2915114 44.6311059 -686.9598773 42.2453367 -691.3514922 43.4382213 -689.1556848 41.0524522 -693.5472997 35.7802125 -690.6831262 34.5873280 -692.8789337 33.3944434 -695.0747411 39.8595676 -695.7431071 38.6666830 -697.9389145 31.0086742 -699.4663560 36.2809139 -702.3305294 33.8951447 -706.7221443 35.0880293 -704.5263368 29.8157897 -701.6621634 28.6229051 -703.8579709 32.7022601 -708.9179517 27.4300205 -706.0537783 26.2371359 -708.2495857 25.0442514 -710.4453932 31.5093756 -711.1137592 24.3520681 -724.2886038 25.5449527 -722.0927964 20.2727131 -719.2286229 19.0798285 -721.4244304 17.8869439 -723.6202378 21.9662990 -728.6802187 23.1591835 -726.4844112 16.6940594 -725.8160452 15.5011748 -728.0118527 19.5805298 -733.0718336 20.7734144 -730.8760261 13.1154056 -732.4034676 11.9225211 -734.5992750 17.1947607 -737.4634484 16.0018761 -739.6592559 10.7296365 -736.7950824 9.5367519 -738.9908899 14.8089915 -741.8550633 7.1509828 -743.3825048 5.9580982 -745.5783122 11.2303378 -748.4424856 10.0374532 -750.6382931 4.7652136 -747.7741196 3.5723290 -749.9699271 8.8445687 -752.8341005 7.6516841 -755.0299079 2.3794445 -752.1657345 1.1865599 -754.3615420 -0.0063247 -756.5573494 6.4587995 -757.2257154 -1.1919102 -758.7397210 -2.3532474 -760.8264624 4.0582956 -761.6441268 2.8434811 -763.8269583 2.7462732 -763.9893492 1.3958012 -766.0919118 -3.6525530 -762.8493634 -5.0030249 -764.9519260 0.0453292 -768.1944743 -10.4049129 -773.3621762 -5.3565587 -776.6047246 -4.0060867 -774.5021620 -11.7553849 -775.4647388 -8.0575027 -780.8098497 -6.7070307 -778.7072872 5.2659149 -759.4215228 -18.5077448 -785.9775516 -14.8098626 -791.3226626 -13.4593906 -789.2201000 -21.2086887 -790.1826767 -16.1603346 -793.4252251 -23.9096327 -794.3878019 -18.8612785 -797.6303503 -17.5108065 -795.5277877 -26.6105767 -798.5929270 -22.9126945 -803.9380380 -21.5622225 -801.8354754 -29.3115206 -802.7980521 -24.2631665 -806.0406005 -32.0124646 -807.0031772 -26.9641104 -810.2457256 -25.6136384 -808.1431631 -37.4143525 -815.4134275 -32.3659984 -818.6559759 -29.6650544 -814.4508508 -38.7327064 -817.4659851 -33.7826618 -820.8572371 -33.7164703 -820.7585385 -35.2145520 -822.9035285 -40.1064372 -819.4291618 -36.7531341 -824.9781889 -35.2636787 -822.9716829 -46.0392181 -827.4214528 -41.2215003 -830.9977071 -39.7320449 -828.9912010 -48.9233097 -831.3067301 -44.4030265 -835.2554447 -44.2004111 -835.0107192 -46.0875709 -837.0836712 -50.4006396 -832.9100679 -46.2964615 -837.2892514 -54.3827035 -844.3750297 -53.7546466 -843.9441876 -57.4628922 -839.2117136 -56.6043184 -845.5146831 -59.3344180 -840.1717769 -56.6213306 -845.5233419 -65.8608311 -843.4674383 -65.9682797 -849.8951622 -63.6353849 -849.0422311 -67.8840363 -844.2071436 -66.2619770 -849.9857770 -74.8718150 -845.9766559 -73.7925142 -851.8803157 -73.5293132 -851.8260814 -76.8226026 -846.2882894 -76.2335801 -852.2702700 -79.4423884 -852.0937286 -76.9518273 -852.2978102 -92.1825941 -850.1493078 -89.7457696 -850.7028688 -88.4166428 -844.8519354 -86.0918746 -845.3800411 -95.3915033 -843.2073614 -97.4560084 -842.3029539 -99.8635722 -847.7987374 -97.1128756 -848.9603518 -94.6968507 -849.5770726 -97.5746622 -848.8014510 -106.8250070 -844.5603068 -104.6226441 -845.7065612 -103.7981646 -839.3716636 -107.3082672 -844.2463916 -109.2634363 -842.6901597 -109.3571505 -834.9469461 -113.3293217 -839.4449812 -113.1737746 -839.5776960 -110.8434228 -833.5886433 -115.6281828 -837.2269923 -115.1587994 -837.7730234 -117.0179773 -835.1502122 -122.5528454 -826.6716200 -121.2600633 -828.8057444 -117.3691299 -823.6485235 -122.6507449 -826.4971305 -123.8001300 -824.2782439 -118.4512681 -821.5594569 -124.9216537 -821.9431399 -123.8412778 -824.1957273 -119.5009491 -819.3708685 -125.9859383 -819.6273479 -124.9427907 -821.8981158 -121.5768625 -814.8519322 -128.0722335 -815.0858121 -127.0290859 -817.3565800 -124.7063053 -808.0396285 -131.2016763 -808.2735083 -130.1585287 -810.5442762 -126.7926006 -803.4980926 -133.2879715 -803.7319724 -132.2448239 -806.0027403 -137.7099976 -783.5428081 -138.9550567 -781.3761582 -142.9122286 -786.5322550 -140.2001158 -779.2095083 -140.3702820 -778.9462541 -145.3241498 -782.3350335 -173.3003920 -747.7958626 -171.6215957 -749.6437284 -167.1806615 -745.6091152 -174.9470053 -745.9890384 -168.8641363 -743.7561051 -183.6414446 -737.0882025 -181.8952968 -738.8758019 -177.6031843 -734.6832168 -192.4344391 -727.8945493 -192.3816448 -727.9559694 -187.8579434 -724.0141721 -210.0694111 -706.8090667 -206.8630525 -710.6427908 -205.4669328 -702.9597559 -200.6573950 -708.7103421 -202.2605742 -706.7934800 -203.6566940 -714.4765149 -202.0535147 -716.3933770 -199.0542157 -710.6272042 -192.6414986 -718.2946524 -195.8478572 -714.4609283 -197.2439769 -722.1439632 -191.0383193 -720.2115144 -205.2598733 -712.5596529 -210.2764706 -697.2091698 -211.8796499 -695.2923077 -214.8789489 -701.0584806 -224.4980245 -689.5573082 -218.0853074 -697.2247565 -219.8955462 -685.7079974 -221.4987255 -683.7911354 -226.1012038 -687.6404462 -246.3556546 -693.2719419 -242.6481225 -689.9204674 -246.6716486 -685.4694856 -251.9169527 -698.2991537 -248.2094207 -694.9476791 -255.7033401 -693.6338072 -254.5534402 -699.8958789 -252.4310761 -698.6731004 -257.3046997 -694.5564143 -259.2119414 -695.2214156 -260.9579404 -695.5827276 -257.8027400 -701.0569217 -261.1232469 -701.5986596 -260.2000961 -701.5530237 -263.6083227 -701.3360912 -264.9269563 -695.0557146 -266.2164045 -700.9261420 -263.7635205 -701.3155861 -269.2009099 -699.7820589 -266.8912638 -700.7360394 -268.4627007 -693.3981331 -272.3064956 -698.0238857 -271.6394694 -698.5050390 -277.7279074 -692.8461266 -273.5533922 -688.5362309 -279.5457867 -691.0111848 -277.7880739 -692.7870248 -278.7526385 -683.2275760 -280.3694842 -681.5681321 -283.0500787 -687.4147001 -286.5455364 -683.3627986 -285.0313126 -685.3497310 -281.7688504 -679.7319135 -286.5545564 -683.3509014 -286.2786685 -673.7527359 -291.0688698 -677.3657640 -289.5640987 -679.3608098 -287.7146056 -671.8489512 -292.7041648 -675.1832226 -292.5736409 -675.3707182 -288.9188388 -669.9703804 -294.0478318 -673.0871388 -292.2755039 -663.4286278 -293.4033948 -661.2304987 -297.6137723 -666.1677683 -299.8774172 -661.6518677 -298.7799440 -663.8938650 -294.4125230 -659.1689791 -300.0109345 -661.3340641 -305.5324252 -644.4944068 -304.2481376 -649.3243945 -298.4800063 -647.6683020 -299.7339085 -642.9525886 -300.3760523 -640.5375947 -296.8567428 -652.2647770 -297.6898985 -649.9113574 -302.5127687 -654.2671185 -295.1888534 -656.9760741 -300.8448792 -658.9784156 -296.4729620 -668.3910757 -294.1913415 -672.8376906 -283.2691263 -677.7428275 -284.7738974 -675.7477817 -279.5623320 -690.9943367 -275.2731313 -686.7987561 -242.9641165 -682.1180111 -244.8178825 -683.7937484 -238.9966330 -686.6196532 -242.8495526 -682.0195753 -240.3176356 -680.0639584 -240.9255328 -680.4488507 -237.4118379 -685.3258638 -238.0612719 -678.9900092 -233.9562134 -683.6811089 -234.2693574 -677.6350026 -235.8049082 -677.9160600 -231.7971533 -677.8386155 -228.0446479 -678.5121127 -229.2316113 -678.1195484 -230.5226077 -684.0137667 -225.9055827 -679.7634443 -227.4602449 -686.0154910 -223.1019048 -681.8742733 -223.6553316 -681.3606604 -190.7284243 -729.8275876 -186.2813468 -725.7990441 -181.0954798 -731.1080179 -182.8416276 -729.3204185 -187.1337402 -733.5130036 -178.4030012 -742.4510008 -176.6568535 -744.2386003 -172.3647409 -740.0460152 -168.2608859 -753.3428912 -166.5986678 -755.1725092 -163.8199517 -749.3082780 -160.4100419 -753.1323654 -160.4572150 -753.0771950 -164.9938931 -757.0040091 -162.1036850 -751.1981090 -163.4162730 -758.8949272 -161.8154001 -760.8137158 -157.2082960 -756.9699426 -155.6074231 -758.8887312 -160.2145271 -762.7325044 -158.6260062 -764.6364880 -157.1010814 -766.5127568 -153.9820374 -760.8372874 -152.4063729 -762.7759862 -152.3311822 -762.8724542 -146.3482918 -770.8798086 -147.8440144 -768.8779700 -151.1548029 -774.4711108 -152.6505255 -772.4692721 -149.3397370 -766.8761314 -143.3568466 -774.8834859 -144.8525692 -772.8816472 -148.1633577 -778.4747880 -146.6816288 -780.4578978 -141.8334303 -776.9229978 -141.8611240 -776.8853245 -140.4221104 -790.8655548 -139.1770513 -793.0322047 -135.2198794 -787.8761079 -127.8357482 -801.2273247 -134.2767630 -801.5795292 -130.2334070 -796.5536123 -130.2396431 -796.5427075 -135.4450035 -799.5267086 -128.8788958 -798.9565567 -128.9976559 -798.7250619 -136.6869331 -797.3655045 -131.4847022 -794.3760576 -122.6200101 -812.5811643 -118.4077717 -833.0734321 -112.0315281 -831.8132488 -113.4213225 -829.7364687 -105.5268485 -837.9957043 -107.4820176 -836.4394724 -90.8534674 -844.2983743 -84.6173373 -851.6633175 -84.4235106 -851.6855653 -83.8362255 -845.7135788 -78.9523785 -846.1137712 -50.0255541 -840.6167195 -52.1557135 -834.4761198 -54.0202598 -836.1398539 -44.5497628 -825.4149468 -41.5708520 -821.4019346 -34.7134086 -811.2083024 -27.9610487 -800.6954896 -22.5591607 -792.2852393 -19.8582168 -788.0801142 -13.1058568 -777.5673013 -15.8068008 -781.7724265 -1.3051428 -770.2970369 -6.3534969 -767.0544885 -7.7039689 -769.1570511 8.3438673 -741.1866973 55.3670671 -667.1976104 56.5599516 -665.0018030 50.0948274 -664.3334370 64.4094423 -637.9837477 63.2165578 -640.1795551 68.4887974 -643.0437286 69.6816819 -640.8479211 73.2603357 -634.2604988 74.4532202 -632.0646914 69.1809806 -629.2005179 70.3738652 -627.0047105 75.6461048 -629.8688839 72.7596344 -622.6130956 79.2247585 -623.2814616 73.9525189 -620.4172882 80.4176431 -621.0856542 81.6105277 -618.8898467 75.1454035 -618.2214808 82.8034123 -616.6940393 83.9962968 -614.4982319 77.5311726 -613.8298659 85.1891814 -612.3024244 79.9169418 -609.4382510 81.1098264 -607.2424436 86.3820660 -610.1066170 87.5749506 -607.9108096 82.3027109 -605.0466361 84.6884801 -600.6550212 83.4955955 -602.8508287 88.7678351 -605.7150021 89.9607197 -603.5191947 91.1536043 -601.3233872 87.0742492 -596.2634064 85.8813647 -598.4592138 92.3464889 -599.1275798 94.7322580 -594.7359649 91.8457875 -587.4801766 90.6529030 -589.6759841 95.9251426 -592.5401575 97.1180272 -590.3443500 93.0386721 -585.2843692 101.8895655 -581.5611203 96.6173258 -578.6969469 97.8102104 -576.5011394 103.0824500 -579.3653128 104.2753346 -577.1695054 99.0030950 -574.3053320 100.1959796 -572.1095245 105.4682192 -574.9736980 106.6611038 -572.7778905 101.3888641 -569.9137171 102.5817487 -567.7179097 107.8539883 -570.5820831 109.0468729 -568.3862757 103.7746333 -565.5221022 104.9675179 -563.3262948 110.2397575 -566.1904682 107.3532870 -558.9346799 108.5461716 -556.7388725 112.1012226 -550.1632212 117.3923418 -552.9923673 117.3954542 -552.9865388 118.5701085 -550.7809253 114.4489782 -545.7549100 113.2743239 -547.9605236 119.7447628 -548.5753117 115.6236325 -543.5492965 120.9194171 -546.3696981 122.0940714 -544.1640846 123.2687257 -541.9584710 117.9729411 -539.1380694 124.4433800 -539.7528575 119.1475954 -536.9324558 121.4969040 -532.5212287 120.3222497 -534.7268422 125.6180343 -537.5472439 126.7926886 -535.3416303 127.9673429 -533.1360168 123.8462126 -528.1100015 122.6715583 -530.3156151 129.1419972 -530.9304032 132.6659601 -524.3135625 133.8406144 -522.1079490 127.3701755 -521.4931609 129.7194842 -517.0819337 128.5448299 -519.2875473 130.8941385 -514.8763202 136.1842478 -517.7073781 137.3414181 -515.5761180 130.9055745 -514.8550538 138.5910597 -513.4831737 139.8721176 -511.3376122 133.4394628 -510.4072919 137.2826366 -503.9706071 136.0015786 -506.1161687 142.4342335 -507.0464890 141.1531755 -509.1920506 143.7152914 -504.9009274 138.5636945 -501.8250455 146.4545269 -491.2797292 142.8751912 -494.7912263 142.4068683 -495.3883608 147.3623721 -498.7926664 144.6522567 -493.0371328 144.6653635 -493.0242744 148.8606739 -497.3137330 155.7836977 -490.5633555 154.4252352 -484.3278862 152.3174020 -485.6556713 151.8220172 -486.0460934 157.5860095 -489.4280272 154.5002925 -484.2821275 168.3045404 -483.1070017 165.2748489 -477.9281004 165.2627357 -477.9352057 167.4349598 -476.6678127 173.9126681 -472.8941952 186.3567697 -465.0713043 193.9120536 -467.0450981 204.7391248 -455.6899294 200.0674057 -451.9249540 198.4993508 -453.8706538 209.4868104 -445.6990398 203.0643353 -446.6972168 204.2545155 -441.8431827 210.0819005 -443.2720228 204.7689504 -435.2584173 202.3052932 -410.3487880 193.5706944 -398.1623051 192.1207795 -396.1393887 188.6939722 -401.6576706 187.2382057 -399.6265901 185.7849506 -397.5701847 187.2265574 -399.6102230 190.7793521 -394.2411155 184.3995241 -395.1081331 185.6112640 -397.2935920 189.6469163 -392.1986873 180.7643046 -388.5517565 186.0957746 -385.7939510 179.5060214 -385.4060706 179.6727975 -385.9547949 185.3301743 -383.9356184 178.5163847 -380.5072141 179.0112031 -382.9566424 184.8923985 -381.7685596 184.3975801 -379.3191314 177.2850231 -372.3608101 177.2880860 -372.7711168 179.9647834 -351.8022361 184.1670287 -358.0966956 178.3135818 -356.7364111 178.1986830 -357.3952227 179.0086104 -354.3584439 184.7353153 -356.1523629 179.0817038 -354.1399089 182.6140224 -344.7892176 181.7309427 -347.1268904 186.1463410 -335.4385263 184.3801817 -340.1138720 188.7955800 -328.4255078 187.9125003 -330.7631807 197.0576842 -323.5328062 192.3278986 -319.0748165 191.4448190 -321.4124894 195.4773484 -307.5286379 201.3591288 -308.7138211 202.1369452 -300.7580734 196.1386207 -300.6162875 183.1257959 -270.3277512 184.3304724 -272.5171115 189.5872321 -269.6246250 188.3825555 -267.4352647 187.1854747 -265.2597087 179.6482925 -263.3064719 180.5894532 -265.6213716 186.0874891 -263.2136535 178.7071319 -260.9915722 185.2064784 -261.0466998 184.2653177 -258.7318001 183.3241570 -256.4169004 175.8836499 -254.0468732 176.8248105 -256.3617729 181.4418357 -251.7871011 174.7538694 -251.0410420 174.9424892 -251.7319735 180.6365199 -249.8063284 174.3901331 -248.5818694 180.3350664 -247.7682414 174.1156551 -245.9674280 174.3739097 -248.4529558 173.0710822 -235.8797072 173.0826364 -236.0253168 179.0580586 -235.4778991 172.9342124 -233.3863135 172.9307081 -233.2995415 178.7346340 -225.6500095 172.7366446 -225.8053281 178.4758827 -215.6577249 172.4778933 -215.8130435 172.5425811 -218.3111147 172.1544542 -203.3226879 171.7168012 -190.9160056 177.0557827 -178.1250372 171.0639781 -178.4385291 176.2723949 -163.1520654 170.2805903 -163.4655573 170.5417196 -168.4565479 174.2809478 -135.6156781 168.3076655 -136.1812749 168.5432280 -138.6690559 174.0453853 -133.1278971 168.0721031 -133.6934939 172.4685295 -120.6027039 166.1811092 -118.9556184 166.5259248 -121.4306226 160.8720419 -89.8584654 161.5109263 -92.2743235 167.3115183 -90.7403311 166.6726338 -88.3244730 158.3165040 -80.1950328 158.9553885 -82.6108910 164.1170960 -78.6610404 152.7019748 -58.3858072 156.3998507 -72.9474584 157.0387351 -75.3633165 162.2036806 -71.4257101 155.7750184 -70.5017944 156.3934781 -72.9229433 155.7737636 -70.4968646 163.4782116 -76.2451823 162.8393271 -73.8293241 164.7559805 -81.0768985 159.5942730 -85.0267491 146.0972112 -34.4446834 139.6407284 -18.7125302 142.1739644 -11.1473015 138.9130105 -7.3599072 137.5064344 -14.9220026 137.2825336 -5.4662101 132.7356754 -9.3810640 131.1051984 -7.4873668 113.3816756 2.7747997 104.4000365 4.4382700 106.8944010 4.2876391 107.2560731 10.2767286 104.7617086 10.4273595 102.2673441 10.5779905 101.9056720 4.5889009 99.7729796 10.7286214 99.4113075 4.7395319 97.2786151 10.8792523 96.9169430 4.8901628 52.5395394 1.5622643 55.0290332 1.7789768 52.0192023 7.5396591 17.1662884 4.5056847 14.6767946 4.2889722 17.6866255 -1.4717102 12.1873007 4.0722597 12.7076378 -1.9051351 9.6978069 3.8555473 10.2181439 -2.1218476 7.2083130 3.6388348 4.7188192 3.4221224 5.2391562 -2.5552725 -0.2601685 2.9886974 0.2673287 -2.9880741 -2.2139411 -3.2160548 -2.7629127 2.7587782 -4.7023680 -3.4446931 -5.2513396 2.5301400 -7.7397665 2.3015017 -10.2281934 2.0728634 -7.1907949 -3.6733314 -14.6560756 -4.3592463 -9.6792218 -3.9019697 -15.2050472 1.6155868 -17.6934741 1.3869485 -20.1819010 1.1583102 -22.6703279 0.9296719 -19.6329294 -4.8165229 -24.6097832 -5.2737995 -22.1213563 -5.0451612 -25.1587548 0.7010336 -27.6471817 0.4723953 -32.6240355 0.0151187 -35.1124624 -0.2135196 -34.5634908 -6.1883526 -37.0519177 -6.4169909 -39.5403446 -6.6456292 -40.0893162 -0.6707961 -47.0056254 -7.3315441 -42.0287715 -6.8742675 -42.5777431 -0.8994344 -50.0430238 -1.5853493 -49.4940523 -7.5601824 -55.0198776 -2.0426259 -54.4709061 -8.0174590 -51.9824792 -7.7888207 -59.9967314 -2.4999025 -61.9361868 -8.7033738 -59.4477599 -8.4747356 -64.9735852 -2.9571791 -66.9130406 -9.1606504 -64.4246137 -8.9320121 -69.9504390 -3.4144557 -71.8898944 -9.6179270 -69.4014675 -9.3892887 -77.4157197 -4.1003705 -79.3551751 -10.3038419 -76.8667482 -10.0752036 -79.9041467 -4.3290088 -81.8436020 -10.5324802 -92.4206818 -5.7057404 -94.1540292 -11.9699283 -91.6745194 -11.6591631 -102.3387210 -6.9488015 -101.5925586 -12.9022241 -99.1130488 -12.5914589 -104.0720684 -13.2129894 -124.8340548 -12.6138864 -127.1380813 -13.5813604 -122.5683392 -18.1699990 -127.1191562 -20.0809131 -124.8151297 -19.1134392 -136.3541873 -17.4512561 -136.6516502 -17.5959413 -133.8785098 -22.9192044 -145.2273638 -23.2607748 -143.8142735 -29.5931157 -141.7905491 -28.1789356 -166.4512865 -41.5202116 -168.2033624 -43.3020012 -163.9251995 -47.5088198 -167.3627719 -51.0046906 -165.6772753 -49.2906094 -169.9554382 -45.0837908 -168.9237595 -52.8072338 -173.4715029 -48.8933647 -170.5243321 -54.7021531 -175.1080125 -50.8304772 -176.7205065 -52.7395103 -178.3330004 -54.6485433 -172.1368260 -56.6111861 -179.9454944 -56.5575763 -176.7636744 -62.0889159 -175.3618140 -60.4292522 -195.4863137 -85.8008041 -196.6117369 -88.0319398 -190.1292492 -88.5029995 -197.7371601 -90.2630755 -191.2546724 -90.7341352 -193.5055188 -95.1964066 -192.3800956 -92.9652709 -195.7563652 -99.6586780 -201.1134297 -96.9564826 -199.1326348 -106.3520851 -196.8817884 -101.8898137 -204.4896993 -103.6498897 -205.6151225 -105.8810254 -200.2580580 -108.5832208 -201.3834812 -110.8143565 -206.7405457 -108.1121611 -208.9913921 -112.5744325 -204.7597508 -117.5077637 -203.6343276 -115.2766280 -213.3787637 -121.7303300 -208.8892758 -126.4302282 -207.8848173 -124.1420833 -216.3921390 -128.5947648 -211.7754760 -133.0049593 -210.8981927 -131.0065180 -219.0333274 -142.1780953 -218.8246355 -144.6682743 -213.0439812 -141.7999930 -218.4224885 -147.9951215 -217.5298659 -150.2907550 -212.6731347 -146.2250519 -193.2782286 -170.0098941 -191.7759494 -164.2010080 -194.1952619 -163.5753316 -181.2616022 -163.2945774 -183.2212387 -163.7220046 -182.0484006 -169.6072553 -174.4593757 -166.6426535 -175.0863800 -160.2680960 -177.0999052 -161.2549263 -167.8596187 -150.0943896 -168.6547173 -152.4634321 -162.9665320 -154.3725020 -161.3763349 -149.6344171 -161.2658211 -149.1997869 -167.1360655 -147.9385205 -157.7973142 -121.7836998 -157.4959471 -119.3030302 -163.4521546 -118.5794332 -157.1945800 -116.8223606 -156.8932128 -114.3416909 -162.8494203 -113.6180939 -162.5105732 -110.9053104 -162.5480532 -111.1374243 -156.6060343 -111.9778132 -156.1883468 -109.9097275 -161.8768471 -107.9846567 -162.0191471 -108.4721250 -155.4388032 -96.3687014 -158.5906414 -100.2473727 -153.6856792 -103.7253958 -159.0002716 -100.9128512 -154.8817766 -95.8392926 -151.0266933 -100.4532316 -152.9109937 -94.3976778 -149.5854445 -99.3989675 -150.2056412 -93.0279880 -152.4525890 -94.1215004 -141.0936851 -95.2663197 -143.4647976 -89.7474509 -145.7117455 -90.8409633 -142.9372017 -89.5495431 -139.2074037 -94.7547906 -140.1164240 -88.8197379 -140.5594696 -88.9047405 -134.4669241 -94.2105937 -135.1512169 -88.2497428 -137.6338204 -88.5347404 -129.9166259 -93.7252280 -126.9395571 -88.0953368 -129.4124065 -87.7353928 -130.1345432 -87.7181593 -125.3309504 -94.3927115 -121.9938582 -88.8152247 -124.4667076 -88.4552807 -120.7490996 -95.0596383 -118.8168717 -89.3673904 -119.5210088 -89.1751686 -118.9162733 -95.8097082 -116.2999865 -90.4087115 -116.5277105 -90.3042119 -109.4252674 -93.9276691 -109.6229180 -93.8171790 -112.4517946 -99.1096542 -107.2928713 -95.2276945 -103.0268995 -97.9203384 -105.1399720 -96.5863711 -106.4253177 -102.8705107 -100.7767337 -99.8347361 -102.6571211 -98.1956688 -104.7452733 -104.3349459 -100.7251379 -99.8807673 -97.3892540 -111.0514692 -91.4981980 -108.3055627 -93.3435859 -106.6206036 -91.8530900 -116.1063464 -85.9620340 -113.3604399 -87.8074220 -111.6754808 -88.1623140 -119.4762646 -82.2712580 -116.7303580 -84.1166460 -115.0453989 -82.6261500 -124.5311418 -76.7350940 -121.7852352 -78.5804820 -120.1002761 -78.9353740 -127.9010599 -73.0443180 -125.1551533 -74.8897060 -123.4701943 -75.2445980 -131.2709780 -69.3535420 -128.5250715 -71.1989300 -126.8401124 -71.5538220 -134.6408962 -65.6627660 -131.8949896 -67.5081540 -130.2100305 -66.0176580 -139.6957734 -60.1266020 -136.9498668 -61.9719900 -135.2649077 -60.4814940 -144.7506506 -54.5904380 -142.0047440 -56.4358260 -140.3197849 -53.0999421 -151.4904868 -51.2545541 -153.1754459 -49.0542740 -147.0596212 -47.5637781 -156.5453640 -43.5181100 -152.1144984 -45.3634980 -150.4295393 -43.8730021 -159.9152822 -37.9819461 -157.1693756 -39.8273340 -155.4844165 -38.3368381 -164.9701594 -36.4914501 -166.6551184 -32.4457821 -162.2242528 -19.5280661 -174.0189663 -21.3734541 -172.3340072 -23.5737341 -178.4498319 -15.8372901 -177.3888844 -17.6826781 -175.7039253 -21.7283461 -180.1347910 -18.0375701 -183.5047091 -16.1921821 -185.1896682 -13.9919021 -179.0738435 -2.9195741 -189.1835979 -4.7649621 -187.4986388 -6.9652421 -193.6144635 -5.1198541 -195.2994226 -1.0741861 -190.8685570 2.6165899 -194.2384751 0.7712019 -192.5535160 -1.4290782 -198.6693407 0.4163098 -200.3542998 2.2616978 -202.0392588 4.4619779 -195.9234342 17.0248018 -215.5189314 18.8701898 -217.2038905 21.0704698 -211.0880658 20.7155778 -218.8888495 24.7612458 -214.4579839 69.0505577 -254.8970015 67.2051698 -253.2120424 63.1595017 -257.6429081 65.0048897 -259.3278671 76.4321097 -261.6368378 74.5867217 -259.9518787 72.3864417 -266.0677034 78.2774977 -263.3217968 80.1228857 -265.0067559 76.0772177 -269.4376215 81.9682737 -266.6917150 77.9226057 -271.1225806 85.6590497 -270.0616331 83.8136617 -268.3766740 79.7679937 -272.8075397 89.3498257 -273.4315512 87.5044377 -271.7465922 83.4587697 -276.1774578 85.3041577 -277.8624169 87.1495457 -279.5473759 100.4221537 -283.5413056 98.5767657 -281.8563466 94.5310977 -286.2872122 96.3764857 -287.9721713 98.2218737 -289.6571303 104.1129297 -286.9112238 102.2675417 -285.2262647 105.9583177 -288.5961828 100.0672617 -291.3420894 107.8037057 -290.2811419 103.7580376 -294.7120075 105.6034256 -296.3969666 107.4488136 -298.0819257 109.6490937 -291.9661010 109.2942016 -299.7668847 111.4944817 -293.6510600 115.1852577 -297.0209782 113.3398697 -295.3360191 117.0306457 -298.7059372 112.9849776 -303.1368029 120.7214216 -302.0758554 118.8760337 -300.3908963 114.8303656 -304.8217619 122.5668096 -303.7608144 118.5211416 -308.1916801 126.2575856 -307.1307326 124.4121976 -305.4457735 120.3665296 -309.8766391 127.1829301 -316.7268712 128.8278961 -318.5843893 131.6747765 -312.7490180 123.9617445 -313.1593038 125.5459141 -314.8783303 129.9782261 -310.8341377 133.3314917 -314.6198035 134.9864358 -316.5333567 133.3548327 -314.6464763 130.1535185 -320.1174160 135.4623497 -317.2856529 136.4702075 -319.5723025 131.8537345 -323.9749027 137.6762706 -322.4888282 137.4780653 -321.8589521 132.2287283 -325.8776533 138.2026118 -325.2863427 138.1526545 -324.9060409 138.8723838 -335.5827352 138.8682538 -335.2597886 132.8708030 -335.4979862 138.7700397 -338.0734490 132.7778874 -337.7592444 138.5458927 -340.6985944 138.7613929 -338.2089953 132.3527451 -342.6707673 138.1148925 -345.6777926 138.3303926 -343.1881935 131.9285684 -347.5711344 137.5351891 -350.7991697 137.8815991 -348.3245844 131.5937415 -349.9629764 137.5339495 -350.8079312 130.5431117 -357.3102587 136.4496001 -358.3677719 136.4727447 -358.2291669 130.1071031 -359.5911504 135.9811616 -360.8183145 135.3003477 -363.4347510 135.9358743 -361.0180073 127.6082451 -369.0936624 133.3937678 -370.6849819 134.0292945 -368.2682383 132.6131469 -373.1991055 133.3564487 -370.8149196 126.8972937 -371.3740823 132.5876243 -373.2771915 129.3524083 -382.7347853 130.1612123 -380.3703869 123.6813550 -380.7753219 129.3402303 -382.7696821 128.5023945 -385.1238348 122.8532481 -383.1021386 127.6408746 -387.4919718 128.4952603 -385.1436599 122.0183709 -401.6888929 123.0960683 -399.4343171 116.6427532 -399.0223618 121.9383804 -401.8444153 120.4851124 -404.4057867 120.7365191 -404.0226082 115.5941812 -400.9227409 118.9586935 -406.3843188 114.2081425 -402.7193133 112.9732954 -404.3199123 114.7393158 -410.3769904 116.7462321 -409.0095600 111.5835198 -405.2668482 114.2705039 -410.6383207 107.7777692 -406.9616292 106.1779824 -413.0461130 108.6295849 -412.9274158 106.0312322 -407.0461898 105.8911610 -413.0462727 100.3596871 -412.0860681 102.6468556 -412.7965205 102.6162521 -406.5042147 99.4799136 -411.6435293 99.4405341 -404.1841931 93.3463354 -405.7846025 94.6835733 -407.8843813 97.1675024 -400.5244378 92.0147901 -403.5989207 93.3143875 -405.7333036 91.9605408 -403.5061220 96.1482883 -398.7070023 90.4753009 -400.6920475 90.7433558 -401.3356702 94.8723039 -394.2387893 88.4167584 -393.4834902 89.1029393 -395.8863426 93.4999422 -389.4330845 87.0443968 -388.6777853 87.7305776 -391.0806378 91.4413997 -382.2245272 84.9858543 -381.4692281 85.6720351 -383.8720805 87.3243147 -367.8074126 80.8687693 -367.0521135 81.5549501 -369.4549659 78.0529383 -358.0610002 78.8570604 -360.0075572 84.4676383 -357.8743659 60.7455605 -347.3884439 61.3308699 -353.8245550 63.4702649 -352.7340950 12.6307719 -384.0525236 10.6745271 -385.6074032 16.3641127 -388.7495616 8.7182824 -387.1622828 12.4516233 -391.8593207 14.4078680 -390.3044412 6.5828891 -396.5239595 8.5391338 -394.9690799 4.8057929 -390.2720419 2.6703996 -399.6337186 4.6266444 -398.0788390 0.8933035 -393.3818010 -1.0629412 -394.9366806 -4.9754307 -398.0464398 -1.2420898 -402.7434777 -5.1545793 -405.8532369 -3.1983345 -404.2983573 -6.9316754 -399.6013193 -8.8879201 -401.1561989 -10.8441649 -402.7110785 -12.8004096 -404.2659580 -7.1108240 -407.4081165 -12.9795582 -412.0727552 -11.0233134 -410.5178756 -14.7566543 -405.8208376 -18.4936853 -408.7911373 -15.3054944 -413.8789338 -14.9358029 -413.6276347 -20.4430773 -409.9136000 -17.5078353 -415.1466547 -17.4686359 -415.1244738 -30.8790325 -415.1539726 -31.7773515 -421.5790419 -29.3569032 -420.9577739 -28.8497654 -414.5875521 -29.2962038 -420.9415144 -26.8952492 -420.2713465 -40.3791332 -417.5924088 -41.8149113 -423.8709797 -39.3444251 -423.5045797 -42.6791787 -417.9335305 -41.8468750 -423.8755446 -50.0902038 -418.9512755 -49.2738943 -424.8954860 -46.7982212 -424.5555056 -52.4301292 -419.2726140 -52.0221970 -425.2602985 -51.7495674 -425.2354665 -54.5085505 -425.3727344 -54.6478620 -419.3729025 -57.2686766 -425.2664741 -54.7720425 -425.3730667 -66.7851703 -418.7098822 -69.9474079 -424.3792904 -67.4656088 -424.6712100 -64.4116891 -418.9560409 -67.4246285 -424.6757450 -64.9400883 -424.9334217 -76.6265368 -417.5319493 -77.4146363 -423.4800891 -74.9355933 -423.7924561 -77.4905258 -423.4695406 -88.9412484 -415.6596398 -92.3136327 -421.2158587 -89.8431149 -421.5914723 -98.8233197 -414.1571852 -99.7251862 -420.0890177 -97.2546684 -420.4646314 -102.1957040 -419.7134041 -106.2348732 -413.0303442 -109.5751693 -418.5914417 -107.1367397 -418.9621767 -116.3568270 -411.8832198 -119.3585803 -417.6481154 -116.8687851 -417.8613381 -129.1740241 -411.4993430 -128.9870880 -417.4964301 -126.4893926 -417.4185741 -144.0698935 -421.5239116 -142.2798974 -420.3457955 -147.3685443 -416.5120354 -149.4559144 -417.8858732 -151.5432844 -419.2597109 -146.1572636 -422.8977494 -150.0003715 -425.4271556 -148.2446336 -424.2715871 -159.2452574 -426.9178320 -160.8042407 -428.8700292 -154.5923003 -430.7063974 -199.0646700 -478.3308907 -202.1052820 -482.2973569 -197.3434436 -485.9476850 -201.9043616 -491.8973843 -200.3840556 -489.9141512 -205.1458940 -486.2638231 -206.6662000 -488.2470562 -208.1865060 -490.2302893 -207.9855856 -499.8303167 -206.4652796 -497.8470836 -212.7474240 -496.1799887 -215.7880360 -500.1464549 -211.0261976 -503.7967830 -212.5465036 -505.7800161 -217.3083420 -502.1296880 -224.9098721 -512.0458535 -226.4301781 -514.0290866 -220.1480337 -515.6961816 -223.1886457 -519.6626478 -221.6683397 -517.6794147 -227.9504841 -516.0123198 -229.4707901 -517.9955529 -230.9910961 -519.9787860 -224.7089517 -521.6458809 -232.5114021 -521.9620191 -234.0317081 -523.9452522 -227.7495637 -525.6123472 -232.3104817 -531.5620465 -230.7901757 -529.5788134 -237.0723201 -527.9117184 -238.5926261 -529.8949515 -233.8307877 -533.5452796 -235.3510937 -535.5285127 -240.1129321 -531.8781846 -241.4323177 -543.4614452 -239.9120117 -541.4782120 -246.1941561 -539.8111171 -242.9526237 -545.4446783 -247.7144621 -541.7943502 -249.2347681 -543.7775833 -250.7550741 -545.7608164 -244.4729297 -547.4279114 -249.0338477 -553.3776107 -247.5135417 -551.3943776 -253.7956861 -549.7272826 -258.3566042 -555.6769819 -259.8769102 -557.6602151 -253.5947658 -559.3273100 -264.4378282 -563.6099144 -265.9581342 -565.5931475 -259.6759898 -567.2602425 -262.7166018 -571.2267087 -261.1962958 -569.2434756 -272.0393582 -573.5260799 -273.5596642 -575.5093130 -267.2775198 -577.1764080 -268.7978258 -579.1596411 -276.6002762 -579.4757793 -278.1205822 -581.4590124 -271.8384378 -583.1261073 -281.1611942 -585.4254786 -282.6815002 -587.4087117 -276.3993558 -589.0758067 -277.9196618 -591.0590398 -291.8033363 -599.3081104 -293.3236423 -601.2913435 -287.0414979 -602.9584384 -296.3642543 -605.2578097 -296.5150646 -605.4735187 -291.5222749 -608.8035942 -292.7883079 -610.7951086 -297.8554241 -607.5819514 -294.1157061 -612.9042636 -299.1937415 -609.7083981 -301.8558000 -613.9382468 -303.1868293 -616.0531712 -298.0935095 -619.2247508 -306.1745690 -642.0794130 -301.0181961 -638.1226009 -306.8167129 -639.6644192 -307.5058505 -637.0438463 -307.4588567 -637.2494253 -301.6332280 -635.8095702 -302.0497377 -633.6389048 -302.2176405 -631.3850015 -308.2059449 -631.7651749 -308.0203051 -634.2571784 -307.3244273 -623.5937334 -308.2394652 -628.5070705 -301.5129929 -625.1601891 -302.2817046 -629.2878207 -305.8185333 -620.5215047 -307.0095797 -622.7078255 -300.5663520 -623.4225065 -305.7844178 -620.4605799 -299.3528950 -621.3134263 -303.2169306 -616.1020308 -304.5070083 -618.2416091 -287.2424183 -593.3584110 -288.7627243 -595.3416441 -284.0008859 -598.9919722 -282.4805799 -597.0087391 -280.9602739 -595.0255060 -290.0821099 -606.9249047 -294.8439483 -603.2745766 -288.5618039 -604.9416715 -279.6408882 -583.4422455 -273.3587438 -585.1093405 -265.7572138 -575.1931749 -255.1150718 -561.3105431 -250.5541538 -555.3608438 -245.9932357 -549.4111445 -236.8713997 -537.5117458 -229.2698697 -527.5955803 -218.6277276 -513.7129485 -223.3895660 -510.0626204 -220.3489540 -506.0961542 -221.8692600 -508.0793873 -217.1074216 -511.7297154 -218.8286480 -504.1129211 -203.4246676 -493.8806174 -203.6255880 -484.2805900 -197.5443640 -476.3476576 -192.7825256 -479.9979856 -191.2622196 -478.0147525 -196.0240580 -474.3644245 -189.7419136 -476.0315194 -188.2216076 -474.0482863 -194.5037520 -472.3811913 -189.9428339 -466.4314920 -191.4631399 -468.4147251 -186.7013015 -472.0650532 -185.1809955 -470.0818201 -183.6606895 -468.0985870 -183.8455887 -458.4949842 -185.3742161 -460.4717919 -180.6239169 -464.1371293 -182.3062913 -456.5158184 -183.8404486 -458.4883562 -179.1017154 -462.1686314 -180.7721340 -454.5432806 -176.0359756 -458.2268663 -174.5018183 -456.2543285 -172.9676610 -454.2817907 -177.7038194 -450.5982050 -171.4335037 -452.3092529 -166.8310318 -446.3916395 -165.2968745 -444.4191017 -170.0330329 -440.7355161 -168.3651891 -448.3641773 -171.5671902 -442.7080538 -173.1013475 -444.6805916 -174.6355048 -446.6531294 -163.7627172 -442.4465640 -162.2285600 -440.4740262 -166.9647184 -436.7904405 -163.8964038 -432.8453649 -165.4305611 -434.8179027 -160.6944027 -438.5014884 -159.1602454 -436.5289506 -157.6260881 -434.5564128 -156.1037579 -432.5990817 -162.3622465 -430.8728271 -152.9971832 -428.8573367 -157.5403069 -424.9381497 -151.3783772 -426.9808159 -154.2257261 -421.1488382 -155.8808604 -423.0149528 -153.6306544 -420.6335487 -142.0109823 -413.8906977 -142.3286255 -413.9856869 -140.4507589 -419.6866676 -138.1821557 -419.1428049 -135.7521025 -418.5602371 -139.5809291 -413.3081299 -132.1619114 -411.6330668 -134.6050959 -412.1176560 -131.2373827 -417.5665745 -131.6717196 -411.5771990 -124.1007738 -417.3441181 -123.9605213 -411.3447649 -124.1786333 -411.3436308 -121.4677524 -411.4484239 -121.7827995 -417.4405085 -118.8466222 -411.6699970 -121.3364173 -411.4567743 -111.9546889 -418.2821748 -111.2465568 -412.3237463 -111.3772367 -412.3096653 -108.7696653 -412.6456687 -108.7053910 -412.6547306 -104.6662218 -419.3377904 -101.2938375 -413.7815716 -103.7643553 -413.4059579 -91.4117662 -415.2840262 -74.1977933 -417.8379784 -69.2464948 -418.4203709 -57.0127428 -419.2719351 -59.5093769 -419.1653426 -45.1388577 -418.2713146 -47.6145307 -418.6112950 -34.1977998 -422.2003099 -33.2690460 -415.7674287 -35.6894943 -416.3886968 -24.7914849 -412.3312285 -21.8759258 -417.5752265 -16.7128991 -407.3757172 20.2766022 -385.6398025 22.2328469 -384.0849229 16.5432613 -380.9427645 26.1453364 -380.9751637 22.4119955 -376.2781258 26.3244850 -373.1683666 24.3682402 -374.7232462 30.0578258 -377.8654046 32.0140706 -376.3105250 33.9703153 -374.7556455 28.2807297 -371.6134870 34.1494639 -366.9488483 30.2369744 -370.0586075 41.9744428 -360.7293300 36.1057086 -365.3939688 45.7077837 -365.4263680 51.8905188 -352.8537968 51.7556664 -352.9549322 55.4230023 -357.7044329 56.0675659 -349.9786749 53.9915445 -351.3696023 59.3401204 -355.0082789 57.3624838 -356.3332888 58.3482708 -348.6174795 56.2041481 -349.8924009 58.5191783 -348.5232417 65.2358261 -351.8341799 63.9456338 -345.9517544 62.9719428 -346.2536461 69.7394741 -345.4026092 69.0007068 -345.3814573 69.1983676 -351.3897507 72.1499469 -345.7721341 75.7524847 -347.1239053 75.0678985 -346.7701295 72.6555279 -352.2775256 77.7728318 -348.5232630 72.7189430 -345.9175146 70.9491223 -351.6581410 75.7463342 -354.7431894 80.2335882 -350.7540655 79.9297285 -350.4364771 77.0216812 -356.2884712 82.0845403 -353.0592999 81.8052345 -352.6583600 83.5208593 -355.5824760 83.3411957 -355.2192446 84.5795914 -358.1960029 88.0104956 -370.2102651 84.2996734 -379.0663756 90.7552189 -379.8216748 90.0690381 -377.4188223 92.8137614 -387.0302320 97.4621066 -410.1694198 101.0015146 -405.3245678 111.9877157 -411.6548944 109.5468733 -406.1738099 122.0024643 -385.4405505 121.1480786 -387.7888624 126.7864888 -389.8402838 131.7788203 -375.6415900 126.1017856 -373.6996125 129.4976296 -361.9088209 132.1372449 -345.1603664 138.3690223 -327.7797041 132.3823411 -328.1792638 130.9798514 -321.9922178 74.2318297 -267.7526625 68.6956657 -262.6977853 59.4687257 -254.2729899 61.3141137 -255.9579490 65.3597818 -251.5270834 57.6233377 -252.5880309 61.6690058 -248.1571652 59.8236178 -246.4722062 55.7779497 -250.9030718 57.9782298 -244.7872471 54.2874538 -241.4173290 53.9325617 -249.2181127 48.3963978 -244.1632355 50.2417857 -245.8481946 52.4420658 -239.7323699 50.5966778 -238.0474108 48.7512898 -236.3624518 44.7056218 -240.7933174 45.0605138 -232.9925336 43.2151258 -231.3075746 41.0148458 -237.4233993 37.3240698 -234.0534811 39.1694578 -235.7384402 35.4786818 -232.3685221 39.5243498 -227.9376564 37.6789618 -226.2526974 33.6332938 -230.6835630 35.8335738 -224.5677383 33.9881858 -222.8827792 29.9425178 -227.3136449 28.0971298 -225.6286858 30.2974098 -219.5128611 26.6066338 -216.1429430 22.5609658 -220.5738086 22.9158578 -212.7730248 17.3796938 -207.7181476 15.5343058 -206.0331886 13.3340258 -212.1490133 13.6889179 -204.3482295 11.4886378 -210.4640542 7.7978618 -207.0941360 9.6432498 -208.7790951 5.9524738 -205.4091770 9.9981419 -200.9783114 6.3073659 -197.6083932 4.1070858 -203.7242179 -3.2744662 -196.9843816 -12.5014061 -188.5595863 -10.6560181 -190.2445454 -6.6103501 -185.8136798 -14.3467941 -186.8746272 -10.3011261 -182.4437616 -23.2188421 -170.6490481 -25.4191221 -176.7648728 -29.1098981 -173.3949547 -27.2645101 -175.0799138 -25.0642301 -168.9640891 -26.9096181 -167.2791300 -32.8006741 -170.0250366 -30.9552861 -171.7099956 -34.6460621 -168.3400775 -36.1365581 -158.8543347 -40.1822261 -163.2852003 -41.6727220 -153.7994575 -45.7183901 -158.2303231 -50.8996620 -145.3746621 -54.9453301 -149.8055278 -58.6361060 -146.4356096 -64.1722700 -141.3807324 -62.3268820 -143.0656915 -69.7084340 -136.3258552 -67.8630460 -138.0108143 -73.3992100 -132.9559371 -80.7807620 -126.2161008 -80.4258700 -118.4153171 -84.4715380 -122.8461827 -90.0077020 -117.7913055 -89.6528100 -109.9905217 -93.6984780 -114.4213874 -95.1889739 -104.9356445 -99.2346420 -109.3665102 -127.8037999 -94.0327676 -145.3331173 -97.3295058 -143.0861695 -96.2359935 -147.5800652 -98.4230182 -164.9589902 -130.9827813 -165.2603574 -133.4634509 -159.0027828 -131.7063783 -159.3041499 -134.1870479 -165.5617245 -135.9441205 -165.8630916 -138.4247901 -159.6055170 -136.6677175 -166.1644588 -140.9054597 -159.9068842 -139.1483872 -160.5096184 -144.1097264 -160.2082513 -141.6290568 -166.4658259 -143.3861294 -166.7575511 -145.7874327 -160.8344829 -146.7485023 -160.8109856 -146.5903960 -162.1714334 -152.0034595 -170.4864212 -155.7034474 -167.6462344 -161.5381219 -165.9853921 -159.6709994 -169.2636873 -154.2778938 -165.9498039 -159.6302571 -173.5724563 -159.1727748 -169.7900930 -163.8419278 -169.3070768 -163.4052445 -171.7772248 -165.2796143 -172.2154694 -165.5429132 -179.6281371 -169.0793582 -184.7349214 -170.0008474 -182.2613759 -169.6457187 -189.6936162 -170.7024018 -187.2206472 -170.3576993 -189.9326597 -164.6777149 -190.8589161 -170.6355705 -195.6975411 -169.3842177 -198.6585143 -162.4210567 -201.2498969 -167.8464659 -200.5361661 -168.1328649 -207.7611721 -163.6928002 -205.6946455 -165.0977956 -204.2999765 -158.7906190 -207.1626647 -155.8687168 -208.6335738 -153.9540230 -211.9207282 -159.5239639 -205.8680494 -157.5539276 -214.9455173 -155.3488616 -213.5421256 -157.4055807 -209.8808976 -152.1260268 -215.1412581 -155.0183690 -216.2744372 -152.7911625 -211.9920382 -147.9766858 -217.4076162 -150.5639559 -218.6159436 -147.1584534 -213.0468677 -139.7156455 -218.5519548 -136.4521014 -218.9988736 -138.9107205 -219.0472393 -139.4514118 -217.5877162 -131.4824728 -218.0914964 -133.9237058 -217.3965975 -130.8829097 -206.8961435 -121.8898955 -212.3418002 -119.3706962 -212.3743052 -119.4421851 -205.8667020 -119.7022789 -211.2781744 -117.1104362 -211.2422385 -117.0367040 -189.0038260 -86.2718638 -187.8784028 -84.0407281 -193.2354673 -81.3385327 -192.1100441 -79.1073970 -186.7529796 -81.8095924 -185.6275564 -79.5784567 -190.9846209 -76.8762613 -187.6083513 -70.1828541 -188.7337745 -72.4139898 -183.3767100 -75.1161853 -185.3575049 -65.7205827 -186.4829281 -67.9517184 -181.1258636 -70.6539138 -177.7613837 -63.9838796 -183.0826730 -61.2117748 -181.5579884 -58.4666094 -181.9206949 -59.0048131 -184.2320817 -63.4894470 -178.8750172 -66.1916424 -160.9191784 -36.1578619 -162.7924904 -37.8101505 -158.7436925 -42.2394386 -162.1731237 -45.7270302 -160.4210479 -43.9452405 -164.6992107 -39.7384220 -162.9471349 -37.9566323 -156.9634665 -40.6692532 -155.0834617 -39.0497714 -158.9994178 -34.5038626 -157.1061161 -32.8729265 -153.1901599 -37.4188354 -155.2128143 -31.2419905 -151.2968582 -35.7878993 -139.7422102 -26.7475547 -143.1790248 -21.8293939 -149.3422184 -26.1979471 -149.5329091 -26.3491823 -145.7092284 -30.9745795 -147.3245829 -24.7270465 -147.2757028 -24.6921558 -135.7711226 -23.9725555 -139.0823469 -18.9666321 -141.1306858 -20.3980130 -138.8228783 -18.8043583 -131.7272092 -22.0158610 -129.4231827 -21.0483870 -131.7461343 -15.5163082 -129.4421078 -14.5488343 -120.3436545 -17.3423379 -122.3785338 -11.6976062 -122.2632394 -11.6573644 -117.5120472 -10.1067682 -119.8876433 -10.8820663 -115.6505191 -15.8106890 -108.8845264 -13.8161509 -110.0678604 -7.9321439 -112.4937822 -8.4824677 -109.7772505 -7.8810973 -104.8182309 -7.2595667 -107.2977407 -7.5703320 -86.7296063 -11.0394005 -87.4616622 -5.0842098 -84.2968026 -10.7578819 -82.3925736 -4.5576471 -84.8810005 -4.7862854 -84.9513668 -4.7935884 -74.9272928 -3.8717322 -72.4388659 -3.6430939 -67.4620121 -3.1858174 -62.4851583 -2.7285408 -56.9593330 -8.2460973 -57.5083045 -2.2712642 -52.5314507 -1.8139876 -30.1356086 0.2437570 -29.5866370 -5.7310760 -27.0982101 -5.5024378 22.1452761 4.9391096 19.6557823 4.7223971 22.6656132 -1.0382853 24.6347699 5.1558221 37.6025763 0.2619895 34.5927453 6.0226719 37.0822392 6.2393844 40.0920701 0.4787020 49.5297084 7.3229467 89.8819471 4.8129512 129.4844889 1.9028368 149.3572793 -25.1546835 156.0603904 -47.2218586 154.7612139 -42.2451808 153.9306903 -63.2302301 160.3608948 -64.1773390 170.3996363 -105.7526783 164.4570316 -106.5805970 170.7444519 -108.2276826 163.7729757 -101.6706050 169.7100053 -100.8026697 172.1237139 -118.1276997 167.5559254 -128.8237235 173.5029760 -128.0277168 169.0143529 -143.6446178 175.2231975 -145.5668020 174.9876351 -143.0790210 176.5335242 -168.1430560 189.1491786 -281.2745525 195.2551944 -294.5577139 200.3719074 -313.6131648 196.1746046 -325.8704790 193.5253656 -332.8834975 189.9930470 -342.2341888 187.3438080 -349.2472073 191.6055051 -405.7198316 209.4617482 -424.2941796 203.8198800 -426.3360716 204.5955154 -430.2728480 210.5915672 -430.0550234 202.9694631 -423.9863195 201.6030151 -459.5813291 198.4669053 -463.4727287 187.8138430 -471.4054563 64.9101437 -649.6311509 44.1304046 -675.3124742 40.5517508 -681.8998965 30.3164910 -713.3095666 14.3082902 -730.2076601 12.4232224 -746.2466782 -12.1089186 -787.1175374 -20.2117505 -799.7329128 -33.3629366 -809.1057398 -28.3145824 -812.3482882 -43.0603074 -823.4084407 -38.2425895 -826.9846950 -42.7109557 -833.0042131 -48.1610078 -838.9529854 -58.8519677 -846.6497530 -51.8901004 -842.2804536 -68.6844224 -850.5992118 -81.4429396 -845.9096896 -81.9329495 -851.8896469 -87.3089450 -851.2564299 -104.4413923 -845.7933101 -102.1524823 -846.7960237 -101.9417491 -840.3378642 -111.2186054 -841.1339278 -116.1632727 -825.6391524 -120.5337149 -817.1227002 -129.1153811 -812.8150441 -132.7297613 -792.2094077 -133.9748204 -790.0427578 -144.1572877 -784.3656051 -168.8610164 -743.7595338 -170.5473022 -741.9091719 -179.3493321 -732.8956174 -197.4510364 -712.5440662 -200.4503354 -718.3102391 -207.0701121 -701.0428939 -213.4828291 -693.3754457 -262.9000169 -695.3775315 -269.4606152 -699.6599381 -288.0593276 -681.3558556 -284.7939521 -685.6248817 -298.7545825 -663.9444609 -301.6788239 -656.6227670 -232.3305049 -683.8150038 -231.7155530 -677.8464600 -225.6725830 -679.9146437 -185.3875924 -735.3006030 -174.1108887 -738.2584157 -162.1395968 -751.1578594 -158.8091690 -755.0511540 -154.0065501 -760.8075198 -150.8354596 -764.8742928 -154.1462481 -770.4674335 -149.6590803 -776.4729494 -137.9319922 -795.1988546 -125.7494529 -805.7688605 -123.6631577 -810.3103964 -10.7584466 -785.0149749 -17.1572728 -783.8749890 -2.6556147 -772.3995995 -9.0544409 -771.2596136 72.0674511 -636.4563063 130.3166515 -528.7247897 135.0152687 -519.9023354 132.1584049 -512.5528534 132.0977471 -512.6593271 150.0328537 -487.7906386 156.6527812 -483.0127432 163.1102470 -479.2045901 180.6141790 -388.2397993 183.4446503 -374.6019797 177.4759838 -375.2418112 178.0464063 -359.8894873 182.3829964 -254.1020007 177.7659712 -258.6766726 173.3408911 -238.5108446 170.6722842 -170.9520432 165.4914782 -114.0056098 157.6776196 -77.7791747 154.5450481 -65.6524416 150.2445438 -48.6969612 25.1551070 -0.8215728 15.1971316 -1.6884227 7.7286501 -2.3385600 -0.2744858 2.9874165 -37.6008893 -0.4421579 -74.3783213 -9.8465653 -99.8592112 -6.6380362 -96.6335390 -12.2806936 -134.0501608 -16.4837822 -173.4955185 -48.9214442 -173.7493200 -58.5202191 -194.3608905 -83.5696684 -202.2388529 -99.1876183 -202.5089044 -113.0454922 -209.8937342 -128.7183731 -187.2084669 -170.3559760 -188.0550597 -164.4159997 -163.7535217 -121.0601028 -163.1507874 -116.0987635 -160.9760900 -105.6537383 -147.9586933 -91.9344756 -132.6164823 -87.9592218 -114.0742970 -91.5448674 -110.4361473 -100.3385032 -107.2530445 -95.2524039 -98.8797499 -101.5657264 -77.0899860 -129.5860190 -63.8173780 -133.5799487 -58.2812140 -138.6348259 -49.4091661 -154.8604050 -47.2088860 -148.7445803 -34.2911701 -160.5392937 -28.7550061 -165.5941709 -8.8106301 -191.9295044 19.2250818 -209.4031067 72.7413337 -258.2669196 92.6857097 -284.6022531 101.9126497 -293.0270485 111.1395896 -301.4518438 130.0180613 -310.8782324 137.8993923 -348.1673917 128.8621030 -364.3255645 134.6648211 -365.8514946 117.4322746 -408.3628509 109.7049276 -412.6714681 104.0610270 -406.9529983 95.4442996 -408.6953103 98.4234283 -402.5870970 82.2411309 -371.8578184 -26.2440163 -420.0037984 -39.0386964 -423.4428460 -44.3225481 -424.2155251 -62.0060110 -419.0587501 -62.2619449 -425.0532891 -64.7585790 -424.9466965 -74.9110062 -423.7954511 -72.4292070 -424.0873707 -79.9610437 -423.0939270 -87.3725971 -421.9670860 -93.8822841 -414.9084125 -94.7841506 -420.8402450 -114.3789899 -418.0745609 -198.8637496 -487.9309181 -211.2271180 -494.1967556 -214.0668096 -507.7632492 -235.5520141 -525.9284853 -241.6332381 -533.8614177 -244.6738501 -537.8278840 -255.3159921 -551.7105157 -256.8362982 -553.6937488 -267.4784402 -567.5763806 -270.5190522 -571.5428468 -275.0799702 -577.4925462 -274.8790498 -587.0925736 -297.8627123 -607.5934737 -307.9748468 -634.5996435 -308.2128357 -631.6339102 -304.5382161 -618.2945870 -285.7221122 -591.3751779 -279.4399678 -593.0422729 -284.2018062 -589.3919448 -256.6353778 -563.2937762 -252.0744598 -557.3440769 -243.1535441 -535.8446509 -226.2292577 -523.6291141 -215.5871156 -509.7464823 -209.7068120 -492.2135224 -204.9449736 -495.8638505 -194.3028316 -481.9812188 -188.4225279 -464.4482589 -177.5701329 -460.1994040 -179.2379767 -452.5707428 -169.8993464 -450.3367151 -159.1725886 -426.8302915 -133.3796624 -417.9914812 -79.0591771 -417.1620945 -9.0670687 -408.9629960 18.3203575 -387.1946820 18.4995060 -379.3878849 28.1015811 -379.4202842 37.8828047 -371.6458863 47.6640284 -363.8714885 43.9306875 -359.1744505 53.9295684 -351.4122618 85.2657722 -360.5988554 86.6381339 -365.4045602 132.5682452 -340.1811682 63.5143938 -249.8421243 46.5510098 -242.4782765 46.9059018 -234.6774927 42.8602338 -239.1083583 41.3697378 -229.6226155 32.1427978 -221.1978202 15.1794138 -213.8339723 11.8435299 -202.6632704 8.1527539 -199.2933523 -8.4557381 -184.1287207 -12.1465141 -180.7588025 -30.6003941 -163.9092119 -42.0276141 -161.6002412 -86.3169260 -121.1612236 -101.0800300 -107.6815511 -102.9254180 -105.9965920 -116.8022620 -96.8888553 -163.7616305 -156.7415445 -164.3286092 -157.7401486 -179.3438114 -162.3546666 -176.7032819 -167.7423938 -178.9471882 -168.8421340 -198.1168536 -168.7585413 -207.9322070 -163.5674544 -210.3983735 -161.5056249 -212.8455955 -144.1671950 -219.0438045 -141.9317101 -212.2081295 -135.1015247 -215.3876806 -126.3066199 -210.1168153 -114.8055682 -184.5021332 -77.3473210 -189.8591977 -74.6451256 -182.2512868 -72.8850496 -180.0004404 -68.4227781 -149.4035564 -34.1569633 -151.4262109 -27.9801184 -153.3195126 -29.6110544 -115.1364512 -9.3314701 -113.2749230 -15.0353909 -118.0261152 -16.5859871 -112.7608551 -8.5561720 -111.0311599 -14.3031177 -94.9001916 -6.0165056 -87.4334332 -5.0808076 -32.0750639 -5.9597143 20.1761193 -1.2549977 57.5185271 1.9956892 115.7536256 1.9884172 148.2822392 -22.8988394 174.7520726 -140.5912400 174.5165102 -138.1034591 178.5405705 -218.1557961 196.0811073 -303.0494204 202.0778935 -303.2562841 203.1710700 -457.6356292 189.8465799 -469.9520035 78.7240572 -611.6340584 42.9375200 -677.5082816 45.8239905 -684.7640699 29.1236064 -715.5053740 -25.2601047 -796.4903644 -47.5286735 -829.4279589 -63.3132419 -848.9025753 -87.0832132 -851.2986941 -99.7449184 -841.3002402 -180.1491490 -740.6634014 -195.6407976 -724.0608252 -252.2329467 -690.4966974 -257.4229726 -700.9519104 -266.7775799 -694.2913295 -304.1784669 -649.5501970 -235.4826681 -684.4076473 -175.8570365 -736.4708163 -30.6619926 -804.9006147 13.6161070 -744.0508707 116.2128405 -555.1953736 116.7982868 -541.3436829 125.0208669 -525.9043880 126.1955212 -523.6987744 134.7205207 -508.2617303 154.2215911 -492.0865063 171.7534320 -474.1520677 184.0352559 -360.2551109 177.7418530 -364.8780164 180.7251203 -265.9100412 179.3087633 -237.8907627 168.7787904 -141.1568368 -97.3797014 -6.3272709 -171.7075140 -46.8655804 -198.8625833 -92.4942112 -207.8659689 -110.3432968 -164.0548888 -123.5407724 -160.0148585 -103.1777502 -132.0103619 -93.9285857 -97.0343619 -103.2506855 -108.3428917 -101.6599601 70.5410537 -264.3827443 81.6133817 -274.4924987 116.6757536 -306.5067210 128.2862276 -308.9981031 128.1029736 -308.8156916 138.5354328 -330.2730656 138.7018433 -332.7664271 136.8264796 -355.7554217 128.2265764 -366.7423082 124.4841775 -378.4284094 123.1304064 -399.3598841 124.1451372 -397.0788778 118.6206461 -394.7356074 117.6650455 -396.8836953 103.3950433 -412.9282052 -24.0599710 -418.7895125 -36.6182481 -422.8215779 -82.4315615 -422.7183133 -238.3917057 -539.4949789 -261.3972162 -559.6434482 -270.3181318 -581.1428742 -192.9834459 -470.3979582 -168.4988757 -438.7629783 -160.8280892 -428.9002893 -155.9080253 -423.0460079 -137.1508758 -412.7255621 -126.6763287 -411.4214869 -113.8670318 -412.0964425 -96.3528019 -414.5327989 -81.5296950 -416.7864808 -86.4707306 -416.0352535 -26.9755301 -413.5455144 14.5870166 -382.4976440 39.8390495 -370.0910067 74.1979418 -353.3458513 78.0745610 -348.7622915 79.4964076 -362.2464087 31.7879058 -228.9986039 26.2517418 -223.9437267 -132.6686134 -87.9647453 -185.5876025 -164.0617452 -196.6145744 -162.9496552 -209.8771076 -162.0335705 -213.4430829 -157.5423030 -218.1050359 -133.9934824 -183.1066585 -61.2583113 -160.8927196 -36.1347986 -147.5102547 -32.5260272 126.1693167 -3.0981264 142.8658486 -25.4800625 157.2891060 -52.0662816 196.8152913 -282.7607865 200.8655181 -311.1634929 205.2168261 -414.4109490 200.8495267 -408.3177075 195.9728045 -411.8130731 67.9880961 -631.3963254 47.0168750 -682.5682625 48.2097596 -680.3724550 23.8513668 -712.6412006 -121.1873605 -828.9198720 -211.6725904 -704.8922047 -216.4821282 -699.1416185 -281.3062054 -689.2045184 -303.3482881 -651.9070107 -240.7943565 -688.2447301 -184.5877754 -727.5328190 -170.6185931 -741.8336146 -155.6419707 -768.4655949 76.3382881 -616.0256733 146.2774072 -500.6098042 141.1258103 -497.5339223 195.0264609 -400.1933856 177.5267480 -375.6083577 178.0215663 -378.0577859 190.5617393 -323.7501622 181.9060734 -268.1107034 -158.0986814 -124.2643694 -160.0753329 -103.3228200 -154.5070218 -105.5589085 -122.8581010 -94.7526555 -95.5438660 -112.7364283 132.7151621 -333.1659867 124.2233317 -396.8852196 2.8495482 -391.8269215 -252.2753801 -547.7440495 -308.2887766 -629.1479334 -176.1696621 -448.6256672 -144.6488788 -414.8217874 -172.1292858 -157.5503593 -214.3832221 -124.0184749 172.8133450 -123.0777082 197.4285709 -413.8441535 174.7736446 -479.3364979 41.7446354 -679.7040890 22.6584822 -714.8370081 -93.2514520 -843.7536364 -188.8798880 -731.7254041 -291.1346936 -665.6519353 139.8447524 -499.6794839 183.9027617 -376.8697031 -47.5545969 -1.3567110 -158.4000485 -126.7450390 125.0777174 -394.5369077 -134.7208226 -412.1429943 94.1861231 -391.8359369 54.5086961 7.7563716 199.3937603 -406.2866271 57.7528362 -662.8059955 52.4805966 -659.9418221 27.9307218 -717.7011815 4.0730304 -761.6173303 -303.3467134 -651.9114699 -165.5003066 -747.4586966 181.9211193 -268.1383910 151.4732593 -53.5413842 -17.1445025 -4.5878846 -164.3562560 -126.0214420 -19.8829581 -181.8197500 96.7313777 -280.1713875 -185.3819159 -460.4817927 194.5170380 -409.7819926 26.7378373 -719.8969889 -190.6260358 -729.9378046 93.0406017 -276.8014694 186.7398255 -276.8958320 53.6734812 -657.7460147 36.9730971 -688.4873188 21.4655977 -717.0328155 -296.0227981 -654.6204255 165.3948649 -83.4927567 88.9949337 -281.2323350 191.9965852 -274.0033455 18.3876452 -735.2676410 -229.0552112 -684.8721789 -296.7777646 -617.1341123 51.2877120 -662.1376295 52.9812979 -671.5892253 -295.4467353 -615.0191879 -300.5247708 -611.8233225 -277.0087652 -685.0173943 -145.2811743 -415.1381976 -255.0633812 -700.1291877 -250.3791806 -688.8209602 -71.7282939 -418.1284513 -59.7653107 -425.1598816 -169.9412408 -751.4933098 -38.1099426 -417.0099648 -119.7975661 -830.9966521 -114.8111169 -827.6596886 66.4085524 -345.6299623 67.1337368 -351.5862088 66.5130349 -345.6181694 -94.6194187 -849.5957467 -70.1573090 -844.7828035 -61.5565352 -841.2938857 -55.8848061 -837.8035879 119.4393071 -392.4854863 120.2936928 -390.1371744 125.9321031 -392.1885957 130.9700163 -378.0059884 125.2929816 -376.0640109 54.1741825 -669.3934178 48.9019429 -666.5292444 130.8868979 -354.9060871 131.4913058 -526.5191761 132.5487516 -330.6726252 144.9963493 -502.7553658 122.2119176 -311.5615982 91.1952137 -275.1165103 184.3240329 -466.5247570 196.9312959 -455.8163536 -111.8486075 -92.6810232 -114.5765724 -98.0250111 203.6594254 -444.2701998 -136.9495276 -94.4955913 190.1497386 -403.6887511 -155.3794425 -107.8164997 183.1877843 -392.9226743 -158.7014156 -129.2257087 -164.6576231 -128.5021116 194.9837377 -309.9783098 -203.4062585 -166.6399201 -200.3626042 -161.4675698 -203.6281190 -166.5027910 -202.3211838 -160.1359657 -210.9268067 -150.0703449 170.0194610 -158.4745667 -212.6486919 -137.5251752 169.2499153 -146.1323988 166.8707403 -123.9056269 166.0337494 -85.9086148 160.2331574 -87.4426072 148.2924719 -41.6127882 -171.8362571 -47.0050723 141.7908086 -23.2242184 134.3661523 -11.2747611 -137.6938712 -25.3161737 -124.7186374 -12.5682072 -106.5515782 -13.5237547</float_array><technique_common><accessor source="#uv-array" count="2449" stride="2"><param name="S" type="float" /><param name="T" type="float" /></accessor></technique_common></source><source id="normals"><float_array id="normals-array" count="3">0.0000000 0.0000000 1.0000000</float_array><technique_common><accessor source="#normals-array" count="1" stride="3"><param name="X" type="float" /><param name="Y" type="float" /><param name="Z" type="float" /></accessor></technique_common></source><vertices id="road-vertices"><input semantic="POSITION" source="#positions" /></vertices><triangles count="2449" material="asphalt"><input semantic="VERTEX" source="#road-vertices" offset="0" /><input semantic="TEXCOORD" source="#uv" offset="1" set="0" /><input semantic="NORMAL" source="#normals" offset="2" /><p>0 0 0 1 1 0 2 2 0 3 3 0 4 4 0 5 5 0 6 6 0 7 7 0 8 8 0 9 9 0 10 10 0 11 11 0 12 12 0 13 13 0 14 14 0 13 13 0 15 15 0 16 16 0 15 15 0 17 17 0 18 18 0 17 17 0 19 19 0 20 20 0 21 21 0 22 22 0 23 23 0 24 24 0 21 21 0 25 25 0 26 26 0 24 24 0 27 27 0 28 28 0 29 29 0 30 30 0 30 30 0 31 31 0 32 32 0 33 33 0 34 34 0 31 31 0 35 35 0 36 36 0 37 37 0 38 38 0 39 39 0 40 40 0 40 40 0 41 41 0 38 38 0 42 42 0 43 43 0 44 44 0 45 45 0 46 46 0 47 47 0 47 47 0 48 48 0 45 45 0 49 49 0 50 50 0 48 48 0 51 51 0 52 52 0 53 53 0 53 53 0 54 54 0 51 51 0 55 55 0 56 56 0 57 57 0 58 58 0 59 59 0 60 60 0 60 60 0 61 61 0 58 58 0 60 60 0 62 62 0 61 61 0 63 63 0 64 64 0 65 65 0 66 66 0 67 67 0 68 68 0 69 69 0 70 70 0 67 67 0 71 71 0 72 72 0 73 73 0 74 74 0 75 75 0 76 76 0 77 77 0 78 78 0 79 79 0 80 80 0 81 81 0 78 78 0 82 82 0 83 83 0 75 75 0 84 84 0 85 85 0 86 86 0 87 87 0 88 88 0 89 89 0 90 90 0 91 91 0 92 92 0 93 93 0 94 94 0 95 95 0 96 96 0 97 97 0 98 98 0 99 99 0 100 100 0 97 97 0 97 97 0 101 101 0 99 99 0 100 100 0 98 98 0 97 97 0 102 102 0 103 103 0 104 104 0 98 98 0 105 105 0 106 106 0 107 107 0 108 108 0 109 109 0 107 107 0 110 110 0 108 108 0 111 111 0 112 112 0 113 113 0 114 114 0 115 115 0 116 116 0 114 114 0 117 117 0 115 115 0 111 111 0 113 113 0 117 117 0 118 118 0 119 119 0 112 112 0 120 120 0 121 121 0 122 122 0 123 123 0 124 124 0 125 125 0 126 126 0 127 127 0 128 128 0 129 129 0 130 130 0 127 127 0 129 129 0 131 131 0 130 130 0 132 132 0 133 133 0 124 124 0 134 134 0 135 135 0 136 136 0 137 137 0 138 138 0 139 139 0 140 140 0 141 141 0 142 142 0 141 141 0 143 143 0 144 144 0 145 145 0 146 146 0 147 147 0 148 148 0 145 145 0 149 149 0 150 150 0 151 151 0 152 152 0 153 153 0 154 154 0 155 155 0 156 156 0 157 157 0 153 153 0 158 158 0 159 159 0 157 157 0 160 160 0 161 161 0 162 162 0 162 162 0 163 163 0 160 160 0 164 164 0 165 165 0 163 163 0 166 166 0 167 167 0 168 168 0 166 166 0 169 169 0 167 167 0 170 170 0 171 171 0 172 172 0 173 173 0 172 172 0 171 171 0 171 171 0 174 174 0 173 173 0 175 175 0 176 176 0 177 177 0 178 178 0 179 179 0 180 180 0 181 181 0 182 182 0 183 183 0 184 184 0 185 185 0 186 186 0 187 187 0 188 188 0 189 189 0 190 190 0 191 191 0 192 192 0 193 193 0 194 194 0 195 195 0 196 196 0 197 197 0 198 198 0 199 199 0 200 200 0 201 201 0 202 202 0 203 203 0 204 204 0 205 205 0 206 206 0 207 207 0 208 208 0 209 209 0 210 210 0 211 211 0 212 212 0 213 213 0 213 213 0 214 214 0 211 211 0 213 213 0 210 210 0 214 214 0 215 215 0 216 216 0 217 217 0 215 215 0 218 218 0 216 216 0 219 219 0 220 220 0 206 206 0 221 221 0 222 222 0 223 223 0 221 221 0 224 224 0 222 222 0 225 225 0 226 226 0 227 227 0 227 227 0 228 228 0 229 229 0 230 230 0 231 231 0 228 228 0 232 232 0 233 233 0 234 234 0 233 233 0 235 235 0 236 236 0 237 237 0 238 238 0 235 235 0 239 239 0 240 240 0 241 241 0 242 242 0 243 243 0 244 244 0 244 244 0 245 245 0 242 242 0 246 246 0 247 247 0 245 245 0 248 248 0 249 249 0 250 250 0 251 251 0 252 252 0 253 253 0 254 254 0 255 255 0 256 256 0 257 257 0 258 258 0 259 259 0 260 260 0 261 261 0 262 262 0 263 263 0 264 264 0 265 265 0 266 266 0 263 263 0 267 267 0 268 268 0 269 269 0 270 270 0 271 271 0 272 272 0 273 273 0 274 274 0 275 275 0 276 276 0 277 277 0 278 278 0 274 274 0 272 272 0 279 279 0 278 278 0 279 279 0 274 274 0 278 278 0 280 280 0 281 281 0 282 282 0 283 283 0 284 284 0 285 285 0 286 286 0 287 287 0 288 288 0 289 289 0 290 290 0 287 287 0 291 291 0 292 292 0 293 293 0 294 294 0 295 295 0 296 296 0 297 297 0 271 271 0 273 273 0 273 273 0 298 298 0 297 297 0 299 299 0 300 300 0 301 301 0 302 302 0 303 303 0 304 304 0 303 303 0 301 301 0 304 304 0 305 305 0 306 306 0 307 307 0 308 308 0 309 309 0 306 306 0 310 310 0 308 308 0 311 311 0 312 312 0 313 313 0 314 314 0 315 315 0 314 314 0 313 313 0 313 313 0 316 316 0 317 317 0 318 318 0 319 319 0 320 320 0 320 320 0 321 321 0 318 318 0 322 322 0 318 318 0 323 323 0 324 324 0 325 325 0 326 326 0 327 327 0 328 328 0 329 329 0 330 330 0 331 331 0 327 327 0 332 332 0 333 333 0 331 331 0 334 334 0 335 335 0 332 332 0 336 336 0 337 337 0 335 335 0 338 338 0 339 339 0 340 340 0 341 341 0 340 340 0 342 342 0 342 342 0 343 343 0 344 344 0 345 345 0 346 346 0 347 347 0 348 348 0 347 347 0 349 349 0 349 349 0 350 350 0 351 351 0 352 352 0 351 351 0 353 353 0 354 354 0 355 355 0 356 356 0 357 357 0 358 358 0 359 359 0 360 360 0 359 359 0 358 358 0 361 361 0 360 360 0 358 358 0 362 362 0 361 361 0 358 358 0 363 363 0 364 364 0 362 362 0 365 365 0 362 362 0 364 364 0 366 366 0 367 367 0 368 368 0 369 369 0 370 370 0 371 371 0 372 372 0 356 356 0 355 355 0 373 373 0 374 374 0 375 375 0 376 376 0 377 377 0 374 374 0 378 378 0 379 379 0 380 380 0 381 381 0 382 382 0 383 383 0 384 384 0 385 385 0 382 382 0 386 386 0 387 387 0 388 388 0 389 389 0 390 390 0 391 391 0 392 392 0 393 393 0 394 394 0 392 392 0 395 395 0 393 393 0 396 396 0 397 397 0 398 398 0 399 399 0 400 400 0 401 401 0 402 402 0 403 403 0 404 404 0 402 402 0 405 405 0 403 403 0 406 406 0 407 407 0 405 405 0 408 408 0 409 409 0 410 410 0 410 410 0 411 411 0 408 408 0 412 412 0 413 413 0 411 411 0 414 414 0 415 415 0 416 416 0 417 417 0 418 418 0 415 415 0 419 419 0 420 420 0 421 421 0 422 422 0 423 423 0 420 420 0 422 422 0 424 424 0 425 425 0 426 426 0 427 427 0 428 428 0 429 429 0 428 428 0 427 427 0 430 430 0 431 431 0 432 432 0 433 433 0 434 434 0 430 430 0 430 430 0 435 435 0 433 433 0 436 436 0 437 437 0 438 438 0 438 438 0 439 439 0 436 436 0 438 438 0 440 440 0 439 439 0 441 441 0 442 442 0 443 443 0 444 444 0 445 445 0 446 446 0 444 444 0 447 447 0 445 445 0 448 448 0 449 449 0 450 450 0 450 450 0 451 451 0 448 448 0 450 450 0 452 452 0 451 451 0 453 453 0 454 454 0 455 455 0 456 456 0 457 457 0 458 458 0 459 459 0 460 460 0 461 461 0 462 462 0 463 463 0 464 464 0 465 465 0 466 466 0 467 467 0 468 468 0 469 469 0 470 470 0 471 471 0 472 472 0 473 473 0 474 474 0 475 475 0 476 476 0 477 477 0 474 474 0 478 478 0 479 479 0 480 480 0 481 481 0 482 482 0 483 483 0 484 484 0 485 485 0 486 486 0 487 487 0 488 488 0 489 489 0 486 486 0 490 490 0 491 491 0 492 492 0 493 493 0 494 494 0 495 495 0 496 496 0 493 493 0 495 495 0 497 497 0 490 490 0 492 492 0 498 498 0 499 499 0 500 500 0 501 501 0 502 502 0 503 503 0 503 503 0 504 504 0 505 505 0 506 506 0 507 507 0 508 508 0 509 509 0 510 510 0 511 511 0 512 512 0 513 513 0 511 511 0 511 511 0 514 514 0 512 512 0 515 515 0 516 516 0 517 517 0 516 516 0 518 518 0 519 519 0 516 516 0 520 520 0 518 518 0 521 521 0 522 522 0 523 523 0 521 521 0 524 524 0 525 525 0 526 526 0 527 527 0 528 528 0 526 526 0 529 529 0 527 527 0 530 530 0 531 531 0 532 532 0 533 533 0 534 534 0 535 535 0 534 534 0 536 536 0 537 537 0 538 538 0 539 539 0 536 536 0 540 540 0 541 541 0 542 542 0 543 543 0 544 544 0 545 545 0 546 546 0 547 547 0 544 544 0 548 548 0 549 549 0 550 550 0 551 551 0 552 552 0 553 553 0 553 553 0 554 554 0 551 551 0 555 555 0 556 556 0 557 557 0 558 558 0 559 559 0 555 555 0 560 560 0 561 561 0 562 562 0 553 553 0 563 563 0 564 564 0 565 565 0 566 566 0 546 546 0 542 542 0 567 567 0 568 568 0 536 536 0 534 534 0 538 538 0 569 569 0 531 531 0 570 570 0 571 571 0 572 572 0 573 573 0 574 574 0 571 571 0 573 573 0 575 575 0 576 576 0 577 577 0 578 578 0 575 575 0 577 577 0 579 579 0 580 580 0 581 581 0 579 579 0 582 582 0 580 580 0 583 583 0 584 584 0 585 585 0 585 585 0 586 586 0 583 583 0 587 587 0 588 588 0 589 589 0 587 587 0 504 504 0 588 588 0 492 492 0 488 488 0 497 497 0 483 483 0 590 590 0 591 591 0 592 592 0 593 593 0 594 594 0 595 595 0 596 596 0 597 597 0 598 598 0 599 599 0 600 600 0 601 601 0 602 602 0 603 603 0 602 602 0 604 604 0 603 603 0 605 605 0 606 606 0 607 607 0 608 608 0 607 607 0 609 609 0 610 610 0 611 611 0 612 612 0 613 613 0 612 612 0 611 611 0 614 614 0 613 613 0 611 611 0 615 615 0 616 616 0 617 617 0 618 618 0 617 617 0 616 616 0 616 616 0 619 619 0 618 618 0 620 620 0 621 621 0 622 622 0 623 623 0 624 624 0 625 625 0 473 473 0 472 472 0 624 624 0 626 626 0 627 627 0 628 628 0 629 629 0 630 630 0 466 466 0 631 631 0 632 632 0 633 633 0 633 633 0 630 630 0 631 631 0 630 630 0 634 634 0 635 635 0 630 630 0 629 629 0 634 634 0 636 636 0 633 633 0 637 637 0 460 460 0 459 459 0 638 638 0 639 639 0 640 640 0 641 641 0 440 440 0 642 642 0 643 643 0 428 428 0 644 644 0 426 426 0 645 645 0 646 646 0 647 647 0 422 422 0 648 648 0 424 424 0 649 649 0 650 650 0 651 651 0 401 401 0 652 652 0 399 399 0 397 397 0 396 396 0 653 653 0 391 391 0 654 654 0 389 389 0 382 382 0 655 655 0 384 384 0 377 377 0 376 376 0 656 656 0 374 374 0 657 657 0 376 376 0 370 370 0 658 658 0 659 659 0 370 370 0 369 369 0 658 658 0 660 660 0 661 661 0 662 662 0 343 343 0 663 663 0 344 344 0 664 664 0 665 665 0 666 666 0 667 667 0 668 668 0 669 669 0 670 670 0 293 293 0 667 667 0 292 292 0 667 667 0 293 293 0 671 671 0 672 672 0 673 673 0 674 674 0 673 673 0 675 675 0 675 675 0 280 280 0 282 282 0 676 676 0 282 282 0 281 281 0 281 281 0 677 677 0 678 678 0 679 679 0 680 680 0 681 681 0 682 682 0 683 683 0 684 684 0 683 683 0 685 685 0 686 686 0 687 687 0 686 686 0 688 688 0 688 688 0 689 689 0 690 690 0 691 691 0 692 692 0 693 693 0 694 694 0 695 695 0 691 691 0 696 696 0 697 697 0 695 695 0 698 698 0 285 285 0 696 696 0 285 285 0 699 699 0 283 283 0 700 700 0 701 701 0 702 702 0 702 702 0 703 703 0 700 700 0 704 704 0 700 700 0 289 289 0 290 290 0 288 288 0 287 287 0 288 288 0 705 705 0 706 706 0 707 707 0 706 706 0 708 708 0 708 708 0 709 709 0 710 710 0 711 711 0 710 710 0 712 712 0 712 712 0 713 713 0 714 714 0 715 715 0 714 714 0 716 716 0 716 716 0 717 717 0 718 718 0 719 719 0 718 718 0 720 720 0 721 721 0 270 270 0 269 269 0 722 722 0 721 721 0 266 266 0 723 723 0 265 265 0 724 724 0 725 725 0 726 726 0 723 723 0 727 727 0 728 728 0 729 729 0 730 730 0 727 727 0 729 729 0 731 731 0 732 732 0 730 730 0 732 732 0 733 733 0 734 734 0 733 733 0 735 735 0 736 736 0 737 737 0 738 738 0 739 739 0 740 740 0 741 741 0 737 737 0 742 742 0 743 743 0 741 741 0 741 741 0 744 744 0 742 742 0 745 745 0 746 746 0 747 747 0 748 748 0 749 749 0 746 746 0 750 750 0 748 748 0 751 751 0 751 751 0 752 752 0 753 753 0 754 754 0 755 755 0 756 756 0 757 757 0 758 758 0 759 759 0 760 760 0 759 759 0 758 758 0 759 759 0 761 761 0 762 762 0 261 261 0 260 260 0 763 763 0 764 764 0 765 765 0 766 766 0 766 766 0 767 767 0 764 764 0 763 763 0 768 768 0 769 769 0 770 770 0 771 771 0 772 772 0 770 770 0 772 772 0 773 773 0 774 774 0 775 775 0 771 771 0 255 255 0 254 254 0 257 257 0 776 776 0 777 777 0 778 778 0 252 252 0 251 251 0 779 779 0 249 249 0 248 248 0 780 780 0 240 240 0 781 781 0 241 241 0 237 237 0 239 239 0 782 782 0 783 783 0 784 784 0 785 785 0 226 226 0 786 786 0 787 787 0 221 221 0 788 788 0 789 789 0 206 206 0 205 205 0 790 790 0 204 204 0 791 791 0 202 202 0 792 792 0 793 793 0 794 794 0 795 795 0 794 794 0 793 793 0 796 796 0 797 797 0 798 798 0 799 799 0 800 800 0 798 798 0 798 798 0 801 801 0 799 799 0 802 802 0 198 198 0 803 803 0 804 804 0 805 805 0 806 806 0 807 807 0 808 808 0 809 809 0 806 806 0 809 809 0 808 808 0 809 809 0 810 810 0 807 807 0 194 194 0 193 193 0 811 811 0 194 194 0 811 811 0 812 812 0 188 188 0 187 187 0 813 813 0 814 814 0 815 815 0 816 816 0 814 814 0 817 817 0 815 815 0 818 818 0 813 813 0 819 819 0 185 185 0 820 820 0 821 821 0 182 182 0 822 822 0 823 823 0 179 179 0 824 824 0 825 825 0 826 826 0 827 827 0 828 828 0 177 177 0 171 171 0 175 175 0 166 166 0 829 829 0 830 830 0 831 831 0 164 164 0 832 832 0 833 833 0 834 834 0 835 835 0 836 836 0 837 837 0 833 833 0 838 838 0 839 839 0 840 840 0 841 841 0 838 838 0 842 842 0 842 842 0 843 843 0 841 841 0 843 843 0 844 844 0 841 841 0 845 845 0 846 846 0 847 847 0 848 848 0 849 849 0 850 850 0 850 850 0 851 851 0 848 848 0 852 852 0 853 853 0 854 854 0 855 855 0 856 856 0 857 857 0 857 857 0 858 858 0 855 855 0 138 138 0 859 859 0 858 858 0 860 860 0 861 861 0 137 137 0 862 862 0 863 863 0 864 864 0 125 125 0 865 865 0 123 123 0 121 121 0 120 120 0 866 866 0 867 867 0 134 134 0 868 868 0 869 869 0 870 870 0 871 871 0 869 869 0 118 118 0 870 870 0 872 872 0 873 873 0 874 874 0 875 875 0 876 876 0 873 873 0 877 877 0 878 878 0 879 879 0 880 880 0 881 881 0 882 882 0 882 882 0 883 883 0 880 880 0 884 884 0 885 885 0 886 886 0 85 85 0 887 887 0 87 87 0 888 888 0 889 889 0 890 890 0 890 890 0 891 891 0 892 892 0 91 91 0 893 893 0 891 891 0 894 894 0 895 895 0 889 889 0 896 896 0 886 886 0 885 885 0 885 885 0 897 897 0 896 896 0 75 75 0 74 74 0 82 82 0 72 72 0 71 71 0 898 898 0 62 62 0 899 899 0 63 63 0 900 900 0 901 901 0 902 902 0 901 901 0 903 903 0 904 904 0 56 56 0 55 55 0 905 905 0 42 42 0 906 906 0 43 43 0 907 907 0 908 908 0 909 909 0 910 910 0 911 911 0 912 912 0 911 911 0 913 913 0 914 914 0 915 915 0 33 33 0 916 916 0 917 917 0 918 918 0 919 919 0 920 920 0 921 921 0 922 922 0 921 921 0 923 923 0 924 924 0 923 923 0 925 925 0 926 926 0 925 925 0 927 927 0 926 926 0 927 927 0 928 928 0 929 929 0 928 928 0 930 930 0 931 931 0 932 932 0 931 931 0 933 933 0 934 934 0 932 932 0 935 935 0 936 936 0 937 937 0 938 938 0 939 939 0 940 940 0 937 937 0 941 941 0 942 942 0 939 939 0 943 943 0 944 944 0 945 945 0 946 946 0 947 947 0 944 944 0 948 948 0 949 949 0 946 946 0 950 950 0 951 951 0 952 952 0 953 953 0 952 952 0 951 951 0 954 954 0 953 953 0 955 955 0 956 956 0 957 957 0 958 958 0 959 959 0 960 960 0 956 956 0 961 961 0 962 962 0 963 963 0 964 964 0 965 965 0 966 966 0 967 967 0 968 968 0 969 969 0 970 970 0 971 971 0 972 972 0 973 973 0 974 974 0 975 975 0 976 976 0 977 977 0 974 974 0 978 978 0 979 979 0 980 980 0 981 981 0 982 982 0 983 983 0 981 981 0 984 984 0 982 982 0 985 985 0 986 986 0 987 987 0 988 988 0 989 989 0 986 986 0 990 990 0 991 991 0 992 992 0 993 993 0 994 994 0 995 995 0 996 996 0 997 997 0 998 998 0 999 999 0 1000 1000 0 1001 1001 0 1002 1002 0 999 999 0 1003 1003 0 1004 1004 0 1002 1002 0 1005 1005 0 1006 1006 0 1007 1007 0 1008 1008 0 1009 1009 0 1010 1010 0 1011 1011 0 1012 1012 0 1013 1013 0 1014 1014 0 1013 1013 0 1015 1015 0 1016 1016 0 1017 1017 0 1018 1018 0 1015 1015 0 1019 1019 0 1017 1017 0 1020 1020 0 1021 1021 0 1022 1022 0 1023 1023 0 1023 1023 0 1024 1024 0 1025 1025 0 1026 1026 0 1025 1025 0 1027 1027 0 1028 1028 0 1029 1029 0 1030 1030 0 1031 1031 0 1032 1032 0 1033 1033 0 1034 1034 0 1035 1035 0 1036 1036 0 1037 1037 0 1038 1038 0 1039 1039 0 1040 1040 0 1041 1041 0 1042 1042 0 1043 1043 0 1044 1044 0 1045 1045 0 1046 1046 0 1047 1047 0 1048 1048 0 1049 1049 0 1050 1050 0 1051 1051 0 1052 1052 0 1053 1053 0 1054 1054 0 1055 1055 0 1056 1056 0 1057 1057 0 1058 1058 0 1059 1059 0 1060 1060 0 1061 1061 0 1062 1062 0 1063 1063 0 1064 1064 0 1065 1065 0 1066 1066 0 1066 1066 0 1067 1067 0 1064 1064 0 1067 1067 0 1068 1068 0 1069 1069 0 1070 1070 0 1071 1071 0 1072 1072 0 1072 1072 0 1071 1071 0 1073 1073 0 1074 1074 0 1070 1070 0 1075 1075 0 1075 1075 0 1076 1076 0 1074 1074 0 1077 1077 0 1078 1078 0 1079 1079 0 1080 1080 0 1081 1081 0 1082 1082 0 1080 1080 0 1083 1083 0 1081 1081 0 1084 1084 0 1085 1085 0 1086 1086 0 1087 1087 0 1088 1088 0 1089 1089 0 1090 1090 0 1091 1091 0 1092 1092 0 1090 1090 0 1092 1092 0 1093 1093 0 1094 1094 0 1095 1095 0 1096 1096 0 1097 1097 0 1098 1098 0 1099 1099 0 1100 1100 0 1101 1101 0 1102 1102 0 1103 1103 0 1104 1104 0 1105 1105 0 1105 1105 0 1106 1106 0 1103 1103 0 1107 1107 0 1108 1108 0 1109 1109 0 1109 1109 0 1110 1110 0 1111 1111 0 1112 1112 0 1113 1113 0 1110 1110 0 1114 1114 0 1115 1115 0 1116 1116 0 1117 1117 0 1118 1118 0 1119 1119 0 1120 1120 0 1121 1121 0 1122 1122 0 1123 1123 0 1124 1124 0 1125 1125 0 1126 1126 0 1127 1127 0 1128 1128 0 1129 1129 0 1130 1130 0 1131 1131 0 1132 1132 0 1133 1133 0 1134 1134 0 1135 1135 0 1136 1136 0 1137 1137 0 1138 1138 0 1139 1139 0 1140 1140 0 1141 1141 0 1142 1142 0 1143 1143 0 1144 1144 0 1145 1145 0 1146 1146 0 1147 1147 0 1148 1148 0 1149 1149 0 1150 1150 0 1151 1151 0 1152 1152 0 1153 1153 0 1154 1154 0 1155 1155 0 1156 1156 0 1157 1157 0 1158 1158 0 1159 1159 0 1160 1160 0 1161 1161 0 1162 1162 0 1163 1163 0 1164 1164 0 1164 1164 0 1165 1165 0 1166 1166 0 1167 1167 0 1168 1168 0 1169 1169 0 1170 1170 0 1171 1171 0 1172 1172 0 1173 1173 0 1174 1174 0 1175 1175 0 1174 1174 0 1176 1176 0 1177 1177 0 1178 1178 0 1179 1179 0 1180 1180 0 1180 1180 0 1181 1181 0 1178 1178 0 1182 1182 0 1183 1183 0 1184 1184 0 1185 1185 0 1182 1182 0 1184 1184 0 1186 1186 0 1185 1185 0 1187 1187 0 1188 1188 0 1186 1186 0 1189 1189 0 1190 1190 0 1191 1191 0 1192 1192 0 1193 1193 0 1194 1194 0 1195 1195 0 1196 1196 0 1197 1197 0 1193 1193 0 1198 1198 0 1199 1199 0 1200 1200 0 1201 1201 0 1202 1202 0 1198 1198 0 1203 1203 0 1204 1204 0 1202 1202 0 1205 1205 0 1203 1203 0 1206 1206 0 1207 1207 0 1205 1205 0 1208 1208 0 1209 1209 0 1210 1210 0 1211 1211 0 1210 1210 0 1212 1212 0 1213 1213 0 1214 1214 0 1215 1215 0 1212 1212 0 1216 1216 0 1214 1214 0 1217 1217 0 1218 1218 0 1219 1219 0 1220 1220 0 1221 1221 0 1218 1218 0 1222 1222 0 1223 1223 0 1224 1224 0 1225 1225 0 1226 1226 0 1227 1227 0 1228 1228 0 1229 1229 0 1230 1230 0 1231 1231 0 1232 1232 0 1228 1228 0 1227 1227 0 1233 1233 0 1234 1234 0 1235 1235 0 1235 1235 0 1236 1236 0 1233 1233 0 1235 1235 0 1237 1237 0 1236 1236 0 1238 1238 0 1239 1239 0 1240 1240 0 1241 1241 0 1242 1242 0 1243 1243 0 1244 1244 0 1245 1245 0 1246 1246 0 1246 1246 0 1247 1247 0 1244 1244 0 1248 1248 0 1249 1249 0 1250 1250 0 1251 1251 0 1252 1252 0 1253 1253 0 1254 1254 0 1255 1255 0 1256 1256 0 1257 1257 0 1258 1258 0 1255 1255 0 1259 1259 0 1260 1260 0 1261 1261 0 1262 1262 0 1263 1263 0 1260 1260 0 1262 1262 0 1264 1264 0 1265 1265 0 1266 1266 0 1267 1267 0 1268 1268 0 1266 1266 0 1269 1269 0 1270 1270 0 1271 1271 0 1272 1272 0 1269 1269 0 1273 1273 0 1274 1274 0 1275 1275 0 1276 1276 0 1273 1273 0 1275 1275 0 1275 1275 0 1277 1277 0 1276 1276 0 1278 1278 0 1279 1279 0 1280 1280 0 1281 1281 0 1282 1282 0 1283 1283 0 1284 1284 0 1281 1281 0 1283 1283 0 1285 1285 0 1286 1286 0 1287 1287 0 1288 1288 0 1285 1285 0 1287 1287 0 1287 1287 0 1289 1289 0 1288 1288 0 1290 1290 0 1291 1291 0 1292 1292 0 1293 1293 0 1294 1294 0 1291 1291 0 1295 1295 0 1296 1296 0 1297 1297 0 1298 1298 0 1299 1299 0 1296 1296 0 1300 1300 0 1301 1301 0 1302 1302 0 1302 1302 0 1303 1303 0 1300 1300 0 1304 1304 0 1305 1305 0 1306 1306 0 1307 1307 0 1308 1308 0 1309 1309 0 1307 1307 0 1310 1310 0 1308 1308 0 1311 1311 0 1312 1312 0 1313 1313 0 1314 1314 0 1315 1315 0 1316 1316 0 1317 1317 0 1318 1318 0 1319 1319 0 1320 1320 0 1321 1321 0 1322 1322 0 1323 1323 0 1324 1324 0 1325 1325 0 1326 1326 0 1327 1327 0 1328 1328 0 1329 1329 0 1330 1330 0 1331 1331 0 1332 1332 0 1333 1333 0 1334 1334 0 1333 1333 0 1335 1335 0 1336 1336 0 1336 1336 0 1337 1337 0 1333 1333 0 1338 1338 0 1339 1339 0 1340 1340 0 1341 1341 0 1342 1342 0 1343 1343 0 1344 1344 0 1345 1345 0 1346 1346 0 1347 1347 0 1348 1348 0 1349 1349 0 1349 1349 0 1350 1350 0 1347 1347 0 1351 1351 0 1352 1352 0 1353 1353 0 1354 1354 0 1355 1355 0 1356 1356 0 1357 1357 0 1358 1358 0 1359 1359 0 1360 1360 0 1361 1361 0 1362 1362 0 1363 1363 0 1364 1364 0 1365 1365 0 1366 1366 0 1367 1367 0 1368 1368 0 1363 1363 0 1365 1365 0 1367 1367 0 1369 1369 0 1370 1370 0 1371 1371 0 1372 1372 0 1373 1373 0 1370 1370 0 1374 1374 0 1375 1375 0 1376 1376 0 1377 1377 0 1378 1378 0 1379 1379 0 1377 1377 0 1380 1380 0 1378 1378 0 1381 1381 0 1382 1382 0 1383 1383 0 1384 1384 0 1385 1385 0 1386 1386 0 1387 1387 0 1388 1388 0 1389 1389 0 1384 1384 0 1386 1386 0 1388 1388 0 1390 1390 0 1391 1391 0 1392 1392 0 1390 1390 0 1393 1393 0 1391 1391 0 1394 1394 0 1395 1395 0 1396 1396 0 1397 1397 0 1398 1398 0 1399 1399 0 1397 1397 0 1400 1400 0 1398 1398 0 1401 1401 0 1402 1402 0 1403 1403 0 1404 1404 0 1405 1405 0 1406 1406 0 1407 1407 0 1408 1408 0 1409 1409 0 1410 1410 0 1411 1411 0 1412 1412 0 1413 1413 0 1414 1414 0 1415 1415 0 1414 1414 0 1416 1416 0 1417 1417 0 1418 1418 0 1419 1419 0 1420 1420 0 1421 1421 0 1422 1422 0 1423 1423 0 1424 1424 0 1425 1425 0 1426 1426 0 1427 1427 0 1428 1428 0 1424 1424 0 1429 1429 0 1430 1430 0 1431 1431 0 1431 1431 0 1432 1432 0 1433 1433 0 1434 1434 0 1433 1433 0 1435 1435 0 1436 1436 0 1437 1437 0 1438 1438 0 1439 1439 0 1440 1440 0 1437 1437 0 1441 1441 0 1442 1442 0 1439 1439 0 1442 1442 0 1443 1443 0 1444 1444 0 1445 1445 0 1446 1446 0 1447 1447 0 1448 1448 0 1449 1449 0 1450 1450 0 1450 1450 0 1451 1451 0 1452 1452 0 1453 1453 0 1452 1452 0 1454 1454 0 1455 1455 0 1456 1456 0 1457 1457 0 1458 1458 0 1455 1455 0 1457 1457 0 1459 1459 0 1460 1460 0 1458 1458 0 1460 1460 0 1461 1461 0 1462 1462 0 1463 1463 0 1464 1464 0 1465 1465 0 1466 1466 0 1467 1467 0 1468 1468 0 1469 1469 0 1470 1470 0 1471 1471 0 1472 1472 0 1473 1473 0 1470 1470 0 1474 1474 0 1475 1475 0 1476 1476 0 1477 1477 0 1476 1476 0 1475 1475 0 1478 1478 0 1479 1479 0 1480 1480 0 1481 1481 0 1482 1482 0 1483 1483 0 1484 1484 0 1483 1483 0 1482 1482 0 1485 1485 0 1486 1486 0 1487 1487 0 1488 1488 0 1489 1489 0 1490 1490 0 1491 1491 0 1490 1490 0 1492 1492 0 1493 1493 0 1491 1491 0 1494 1494 0 1495 1495 0 1496 1496 0 1497 1497 0 1498 1498 0 555 555 0 559 559 0 559 559 0 1499 1499 0 1498 1498 0 1500 1500 0 1498 1498 0 1499 1499 0 1501 1501 0 1502 1502 0 1503 1503 0 1504 1504 0 1505 1505 0 1506 1506 0 1506 1506 0 1507 1507 0 1504 1504 0 1508 1508 0 1509 1509 0 1510 1510 0 1511 1511 0 1510 1510 0 1509 1509 0 1510 1510 0 1512 1512 0 1513 1513 0 1514 1514 0 1515 1515 0 1512 1512 0 1516 1516 0 1517 1517 0 1518 1518 0 1497 1497 0 1496 1496 0 1517 1517 0 1519 1519 0 1520 1520 0 1521 1521 0 1522 1522 0 1523 1523 0 1519 1519 0 1490 1490 0 1524 1524 0 1525 1525 0 1526 1526 0 1487 1487 0 1486 1486 0 1527 1527 0 1481 1481 0 1483 1483 0 1528 1528 0 1480 1480 0 1479 1479 0 1476 1476 0 1529 1529 0 1474 1474 0 1530 1530 0 1468 1468 0 1467 1467 0 1531 1531 0 1463 1463 0 1465 1465 0 1532 1532 0 1462 1462 0 1461 1461 0 1533 1533 0 1453 1453 0 1454 1454 0 1534 1534 0 1447 1447 0 1446 1446 0 1438 1438 0 1535 1535 0 1536 1536 0 1537 1537 0 1538 1538 0 1539 1539 0 1435 1435 0 1540 1540 0 1434 1434 0 1541 1541 0 1424 1424 0 1428 1428 0 1422 1422 0 1542 1542 0 1423 1423 0 1543 1543 0 1421 1421 0 1544 1544 0 1544 1544 0 1545 1545 0 1546 1546 0 1547 1547 0 1548 1548 0 1549 1549 0 1550 1550 0 1551 1551 0 1552 1552 0 1553 1553 0 1554 1554 0 1550 1550 0 1555 1555 0 1556 1556 0 1557 1557 0 1558 1558 0 1559 1559 0 1560 1560 0 1561 1561 0 1558 1558 0 1562 1562 0 1563 1563 0 1564 1564 0 1565 1565 0 1564 1564 0 1566 1566 0 1565 1565 0 1567 1567 0 1568 1568 0 1569 1569 0 1570 1570 0 1567 1567 0 1571 1571 0 1572 1572 0 1573 1573 0 1570 1570 0 1569 1569 0 1571 1571 0 1567 1567 0 1574 1574 0 1575 1575 0 1576 1576 0 1577 1577 0 1578 1578 0 1579 1579 0 1580 1580 0 1581 1581 0 1577 1577 0 1581 1581 0 1582 1582 0 1583 1583 0 1420 1420 0 1584 1584 0 1585 1585 0 1584 1584 0 1586 1586 0 1585 1585 0 1587 1587 0 1588 1588 0 1416 1416 0 1416 1416 0 1589 1589 0 1587 1587 0 1590 1590 0 1591 1591 0 1592 1592 0 1411 1411 0 1592 1592 0 1591 1591 0 1593 1593 0 1594 1594 0 1595 1595 0 1596 1596 0 1597 1597 0 1598 1598 0 1598 1598 0 1599 1599 0 1596 1596 0 1600 1600 0 1601 1601 0 1602 1602 0 1600 1600 0 1603 1603 0 1601 1601 0 1604 1604 0 1605 1605 0 1606 1606 0 1607 1607 0 1608 1608 0 1609 1609 0 1607 1607 0 1610 1610 0 1608 1608 0 1402 1402 0 1401 1401 0 1611 1611 0 1612 1612 0 1613 1613 0 1614 1614 0 1395 1395 0 1394 1394 0 1615 1615 0 1392 1392 0 1616 1616 0 1390 1390 0 1385 1385 0 1384 1384 0 1617 1617 0 1618 1618 0 1619 1619 0 1382 1382 0 1376 1376 0 1620 1620 0 1621 1621 0 1622 1622 0 1623 1623 0 1624 1624 0 1360 1360 0 1625 1625 0 1626 1626 0 1354 1354 0 1356 1356 0 1627 1627 0 1628 1628 0 1629 1629 0 1630 1630 0 1629 1629 0 1631 1631 0 1632 1632 0 1633 1633 0 1634 1634 0 1635 1635 0 1636 1636 0 1637 1637 0 1638 1638 0 1639 1639 0 1640 1640 0 1637 1637 0 1641 1641 0 1642 1642 0 1643 1643 0 1644 1644 0 1645 1645 0 1646 1646 0 1647 1647 0 1648 1648 0 1649 1649 0 1650 1650 0 1649 1649 0 1648 1648 0 1651 1651 0 1652 1652 0 1330 1330 0 1330 1330 0 1653 1653 0 1651 1651 0 1330 1330 0 1329 1329 0 1653 1653 0 1654 1654 0 1655 1655 0 1656 1656 0 1657 1657 0 1658 1658 0 1659 1659 0 1659 1659 0 1660 1660 0 1657 1657 0 1661 1661 0 1662 1662 0 1663 1663 0 1663 1663 0 1664 1664 0 1661 1661 0 1665 1665 0 1660 1660 0 1666 1666 0 1667 1667 0 1668 1668 0 1669 1669 0 1670 1670 0 1671 1671 0 1672 1672 0 1326 1326 0 1673 1673 0 1674 1674 0 1327 1327 0 1675 1675 0 1328 1328 0 1325 1325 0 1676 1676 0 1323 1323 0 1677 1677 0 1678 1678 0 1679 1679 0 1318 1318 0 1317 1317 0 1680 1680 0 1316 1316 0 1311 1311 0 1314 1314 0 1681 1681 0 1302 1302 0 1682 1682 0 1683 1683 0 1293 1293 0 1684 1684 0 1685 1685 0 1686 1686 0 1687 1687 0 1279 1279 0 1278 1278 0 1685 1685 0 1688 1688 0 1271 1271 0 1689 1689 0 1264 1264 0 1262 1262 0 1690 1690 0 1252 1252 0 1251 1251 0 1691 1691 0 1247 1247 0 1246 1246 0 1248 1248 0 1692 1692 0 1241 1241 0 1693 1693 0 1237 1237 0 1235 1235 0 1694 1694 0 1184 1184 0 1695 1695 0 1185 1185 0 1181 1181 0 1696 1696 0 1178 1178 0 1697 1697 0 1698 1698 0 1699 1699 0 1700 1700 0 1697 1697 0 1701 1701 0 1701 1701 0 1702 1702 0 1703 1703 0 1704 1704 0 1705 1705 0 1706 1706 0 1707 1707 0 1708 1708 0 1705 1705 0 1709 1709 0 1710 1710 0 1707 1707 0 1710 1710 0 1711 1711 0 1712 1712 0 1713 1713 0 1714 1714 0 1715 1715 0 1716 1716 0 1717 1717 0 1714 1714 0 1718 1718 0 1716 1716 0 1719 1719 0 1719 1719 0 1720 1720 0 1721 1721 0 1722 1722 0 1723 1723 0 1724 1724 0 1725 1725 0 1724 1724 0 1723 1723 0 1726 1726 0 1727 1727 0 1728 1728 0 1176 1176 0 1728 1728 0 1177 1177 0 1177 1177 0 1729 1729 0 1174 1174 0 1730 1730 0 1731 1731 0 1732 1732 0 1731 1731 0 1733 1733 0 1734 1734 0 1735 1735 0 1736 1736 0 1733 1733 0 1737 1737 0 1735 1735 0 1738 1738 0 1739 1739 0 1171 1171 0 1740 1740 0 1165 1165 0 1741 1741 0 1166 1166 0 1742 1742 0 1743 1743 0 1744 1744 0 1745 1745 0 1742 1742 0 1746 1746 0 1154 1154 0 1747 1747 0 1748 1748 0 1749 1749 0 1750 1750 0 1747 1747 0 1751 1751 0 1752 1752 0 1749 1749 0 1753 1753 0 1754 1754 0 1752 1752 0 1151 1151 0 1755 1755 0 1152 1152 0 1756 1756 0 1757 1757 0 1150 1150 0 1758 1758 0 1759 1759 0 1147 1147 0 1143 1143 0 1760 1760 0 1761 1761 0 1139 1139 0 1762 1762 0 1761 1761 0 1136 1136 0 1763 1763 0 1764 1764 0 1133 1133 0 1765 1765 0 1766 1766 0 1130 1130 0 1129 1129 0 1767 1767 0 1124 1124 0 1768 1768 0 1126 1126 0 1769 1769 0 1770 1770 0 1123 1123 0 1118 1118 0 1771 1771 0 1120 1120 0 1772 1772 0 1773 1773 0 1117 1117 0 1774 1774 0 1775 1775 0 1114 1114 0 1110 1110 0 1109 1109 0 1112 1112 0 1102 1102 0 1097 1097 0 1100 1100 0 1091 1091 0 1090 1090 0 1776 1776 0 1080 1080 0 1084 1084 0 1086 1086 0 1082 1082 0 1777 1777 0 1778 1778 0 1078 1078 0 1077 1077 0 1779 1779 0 1069 1069 0 1064 1064 0 1067 1067 0 1780 1780 0 1781 1781 0 1782 1782 0 1783 1783 0 1782 1782 0 1781 1781 0 1784 1784 0 1785 1785 0 1786 1786 0 1785 1785 0 1787 1787 0 1788 1788 0 1789 1789 0 1790 1790 0 1787 1787 0 1791 1791 0 1792 1792 0 1789 1789 0 1792 1792 0 1793 1793 0 1794 1794 0 1054 1054 0 1795 1795 0 1052 1052 0 1796 1796 0 1797 1797 0 1798 1798 0 1799 1799 0 1796 1796 0 1800 1800 0 1796 1796 0 1798 1798 0 1800 1800 0 1801 1801 0 1802 1802 0 1803 1803 0 1801 1801 0 1804 1804 0 1802 1802 0 1050 1050 0 1049 1049 0 1805 1805 0 1046 1046 0 1048 1048 0 1806 1806 0 1807 1807 0 1808 1808 0 1047 1047 0 1809 1809 0 1810 1810 0 1811 1811 0 1811 1811 0 1812 1812 0 1809 1809 0 1045 1045 0 1813 1813 0 1043 1043 0 1814 1814 0 1815 1815 0 1816 1816 0 1817 1817 0 1818 1818 0 1819 1819 0 1820 1820 0 1821 1821 0 1822 1822 0 1823 1823 0 1820 1820 0 1822 1822 0 1824 1824 0 1825 1825 0 1826 1826 0 1826 1826 0 1827 1827 0 1824 1824 0 1826 1826 0 1828 1828 0 1827 1827 0 1829 1829 0 1041 1041 0 1830 1830 0 1038 1038 0 1831 1831 0 1042 1042 0 1832 1832 0 1833 1833 0 1834 1834 0 1832 1832 0 1834 1834 0 1835 1835 0 1836 1836 0 1837 1837 0 1035 1035 0 1035 1035 0 1838 1838 0 1836 1836 0 1035 1035 0 1034 1034 0 1838 1838 0 1839 1839 0 1840 1840 0 1841 1841 0 1842 1842 0 1843 1843 0 1840 1840 0 1842 1842 0 1844 1844 0 1843 1843 0 1839 1839 0 1841 1841 0 1031 1031 0 1845 1845 0 1846 1846 0 1847 1847 0 1848 1848 0 1847 1847 0 1849 1849 0 1849 1849 0 1850 1850 0 1851 1851 0 1852 1852 0 1853 1853 0 1854 1854 0 1855 1855 0 1856 1856 0 1857 1857 0 1858 1858 0 1010 1010 0 1859 1859 0 1010 1010 0 1009 1009 0 1860 1860 0 1010 1010 0 1860 1860 0 1861 1861 0 1862 1862 0 1855 1855 0 1863 1863 0 1864 1864 0 1865 1865 0 1866 1866 0 1867 1867 0 1868 1868 0 1869 1869 0 1870 1870 0 1869 1869 0 1866 1866 0 1871 1871 0 1872 1872 0 1873 1873 0 1874 1874 0 1873 1873 0 1872 1872 0 1872 1872 0 1875 1875 0 1874 1874 0 1876 1876 0 1874 1874 0 1877 1877 0 1878 1878 0 1879 1879 0 993 993 0 1880 1880 0 1881 1881 0 1882 1882 0 1882 1882 0 1883 1883 0 1880 1880 0 994 994 0 1884 1884 0 1883 1883 0 1885 1885 0 1886 1886 0 1887 1887 0 1885 1885 0 1888 1888 0 1886 1886 0 1889 1889 0 1890 1890 0 1891 1891 0 986 986 0 1892 1892 0 988 988 0 987 987 0 1893 1893 0 1894 1894 0 1895 1895 0 1894 1894 0 1893 1893 0 1896 1896 0 1897 1897 0 1898 1898 0 1899 1899 0 1900 1900 0 1901 1901 0 1899 1899 0 1902 1902 0 1900 1900 0 984 984 0 1903 1903 0 1904 1904 0 1905 1905 0 1906 1906 0 978 978 0 1907 1907 0 1908 1908 0 1909 1909 0 1907 1907 0 1909 1909 0 1910 1910 0 1897 1897 0 1895 1895 0 1893 1893 0 975 975 0 1911 1911 0 973 973 0 971 971 0 970 970 0 1912 1912 0 968 968 0 967 967 0 1913 1913 0 965 965 0 964 964 0 1914 1914 0 1915 1915 0 961 961 0 1916 1916 0 963 963 0 959 959 0 1917 1917 0 1918 1918 0 950 950 0 1919 1919 0 1920 1920 0 946 946 0 949 949 0 1921 1921 0 1922 1922 0 1923 1923 0 8 8 0 1924 1924 0 6 6 0 7 7 0 1925 1925 0 1926 1926 0 1 1 0 1927 1927 0 1928 1928 0 1925 1925 0 1928 1928 0 1927 1927 0 2 2 0 3 3 0 0 0 0 1929 1929 0 5 5 0 4 4 0 11 11 0 12 12 0 9 9 0 16 16 0 14 14 0 13 13 0 20 20 0 18 18 0 17 17 0 23 23 0 25 25 0 21 21 0 27 27 0 1930 1930 0 26 26 0 1930 1930 0 30 30 0 29 29 0 32 32 0 28 28 0 30 30 0 40 40 0 42 42 0 41 41 0 42 42 0 44 44 0 41 41 0 49 49 0 1931 1931 0 50 50 0 52 52 0 1931 1931 0 53 53 0 55 55 0 57 57 0 54 54 0 59 59 0 900 900 0 902 902 0 63 63 0 65 65 0 62 62 0 66 66 0 68 68 0 1932 1932 0 69 69 0 73 73 0 70 70 0 80 80 0 1933 1933 0 81 81 0 77 77 0 79 79 0 1934 1934 0 1935 1935 0 1936 1936 0 88 88 0 1937 1937 0 1938 1938 0 102 102 0 102 102 0 1939 1939 0 1937 1937 0 1940 1940 0 1941 1941 0 101 101 0 101 101 0 97 97 0 1940 1940 0 878 878 0 877 877 0 1942 1942 0 1943 1943 0 109 109 0 1944 1944 0 107 107 0 875 875 0 110 110 0 1945 1945 0 1946 1946 0 1947 1947 0 114 114 0 116 116 0 1946 1946 0 881 881 0 106 106 0 882 882 0 120 120 0 122 122 0 867 867 0 126 126 0 128 128 0 121 121 0 129 129 0 125 125 0 131 131 0 863 863 0 862 862 0 133 133 0 871 871 0 1948 1948 0 869 869 0 144 144 0 142 142 0 141 141 0 1949 1949 0 149 149 0 145 145 0 154 154 0 150 150 0 155 155 0 155 155 0 156 156 0 153 153 0 157 157 0 1950 1950 0 158 158 0 164 164 0 831 831 0 165 165 0 161 161 0 158 158 0 162 162 0 1950 1950 0 162 162 0 158 158 0 172 172 0 1951 1951 0 170 170 0 171 171 0 177 177 0 174 174 0 178 178 0 180 180 0 1952 1952 0 181 181 0 183 183 0 1953 1953 0 184 184 0 186 186 0 1954 1954 0 187 187 0 189 189 0 1955 1955 0 193 193 0 195 195 0 191 191 0 1956 1956 0 201 201 0 200 200 0 1957 1957 0 1958 1958 0 215 215 0 213 213 0 208 208 0 210 210 0 1959 1959 0 207 207 0 1960 1960 0 1959 1959 0 1960 1960 0 218 218 0 208 208 0 1961 1961 0 209 209 0 219 219 0 223 223 0 220 220 0 229 229 0 225 225 0 227 227 0 230 230 0 783 783 0 231 231 0 234 234 0 1962 1962 0 232 232 0 236 236 0 1963 1963 0 233 233 0 246 246 0 250 250 0 247 247 0 243 243 0 1964 1964 0 244 244 0 265 265 0 267 267 0 263 263 0 278 278 0 1965 1965 0 272 272 0 276 276 0 277 277 0 274 274 0 298 298 0 669 669 0 297 297 0 689 689 0 693 693 0 690 690 0 701 701 0 283 283 0 702 702 0 304 304 0 1966 1966 0 302 302 0 1967 1967 0 305 305 0 307 307 0 317 317 0 315 315 0 313 313 0 323 323 0 324 324 0 326 326 0 1968 1968 0 326 326 0 325 325 0 335 335 0 1969 1969 0 336 336 0 347 347 0 1970 1970 0 345 345 0 353 353 0 354 354 0 356 356 0 660 660 0 365 365 0 364 364 0 358 358 0 363 363 0 362 362 0 355 355 0 357 357 0 372 372 0 373 373 0 375 375 0 1971 1971 0 381 381 0 383 383 0 1972 1972 0 1973 1973 0 391 391 0 1974 1974 0 396 396 0 398 398 0 395 395 0 1975 1975 0 1976 1976 0 397 397 0 402 402 0 404 404 0 1977 1977 0 406 406 0 1978 1978 0 407 407 0 412 412 0 1979 1979 0 413 413 0 409 409 0 1980 1980 0 410 410 0 417 417 0 1981 1981 0 418 418 0 419 419 0 421 421 0 1981 1981 0 1982 1982 0 1983 1983 0 424 424 0 427 427 0 1984 1984 0 429 429 0 1985 1985 0 1986 1986 0 1987 1987 0 430 430 0 432 432 0 435 435 0 1987 1987 0 438 438 0 437 437 0 643 643 0 1988 1988 0 440 440 0 444 444 0 446 446 0 442 442 0 1989 1989 0 450 450 0 449 449 0 453 453 0 455 455 0 452 452 0 1990 1990 0 461 461 0 457 457 0 462 462 0 464 464 0 1991 1991 0 1992 1992 0 1993 1993 0 627 627 0 1994 1994 0 470 470 0 469 469 0 476 476 0 1995 1995 0 474 474 0 478 478 0 1996 1996 0 477 477 0 481 481 0 1997 1997 0 479 479 0 591 591 0 484 484 0 483 483 0 486 486 0 497 497 0 488 488 0 1998 1998 0 492 492 0 491 491 0 491 491 0 1999 1999 0 1998 1998 0 494 494 0 1998 1998 0 1999 1999 0 2000 2000 0 498 498 0 500 500 0 2001 2001 0 503 503 0 502 502 0 587 587 0 505 505 0 504 504 0 513 513 0 509 509 0 511 511 0 519 519 0 517 517 0 516 516 0 2002 2002 0 523 523 0 520 520 0 526 526 0 528 528 0 2003 2003 0 530 530 0 532 532 0 529 529 0 538 538 0 2004 2004 0 539 539 0 537 537 0 2005 2005 0 534 534 0 543 543 0 545 545 0 541 541 0 552 552 0 2006 2006 0 549 549 0 549 549 0 553 553 0 552 552 0 557 557 0 558 558 0 555 555 0 562 562 0 2007 2007 0 560 560 0 544 544 0 543 543 0 546 546 0 573 573 0 577 577 0 574 574 0 576 576 0 574 574 0 577 577 0 2008 2008 0 2009 2009 0 582 582 0 584 584 0 2009 2009 0 585 585 0 589 589 0 2010 2010 0 587 587 0 594 594 0 2011 2011 0 592 592 0 597 597 0 2012 2012 0 595 595 0 2013 2013 0 600 600 0 599 599 0 2014 2014 0 601 601 0 603 603 0 599 599 0 603 603 0 604 604 0 606 606 0 609 609 0 607 607 0 612 612 0 2015 2015 0 610 610 0 2016 2016 0 614 614 0 611 611 0 2017 2017 0 618 618 0 619 619 0 2018 2018 0 622 622 0 621 621 0 623 623 0 625 625 0 620 620 0 627 627 0 2019 2019 0 1992 1992 0 463 463 0 2020 2020 0 465 465 0 635 635 0 631 631 0 630 630 0 1991 1991 0 2021 2021 0 462 462 0 461 461 0 1990 1990 0 459 459 0 1978 1978 0 406 406 0 650 650 0 401 401 0 1975 1975 0 652 652 0 391 391 0 1973 1973 0 654 654 0 382 382 0 381 381 0 655 655 0 380 380 0 656 656 0 378 378 0 2022 2022 0 659 659 0 2023 2023 0 2024 2024 0 662 662 0 2025 2025 0 293 293 0 2026 2026 0 291 291 0 680 680 0 682 682 0 684 684 0 685 685 0 688 688 0 686 686 0 706 706 0 286 286 0 288 288 0 709 709 0 712 712 0 710 710 0 270 270 0 719 719 0 720 720 0 269 269 0 266 266 0 721 721 0 729 729 0 731 731 0 730 730 0 744 744 0 2027 2027 0 742 742 0 749 749 0 747 747 0 746 746 0 2028 2028 0 751 751 0 748 748 0 2029 2029 0 2030 2030 0 752 752 0 752 752 0 754 754 0 756 756 0 755 755 0 760 760 0 758 758 0 762 762 0 757 757 0 759 759 0 768 768 0 767 767 0 769 769 0 769 769 0 261 261 0 763 763 0 770 770 0 773 773 0 2031 2031 0 774 774 0 2032 2032 0 775 775 0 256 256 0 2033 2033 0 254 254 0 776 776 0 779 779 0 777 777 0 786 786 0 789 789 0 788 788 0 797 797 0 795 795 0 793 793 0 800 800 0 796 796 0 798 798 0 803 803 0 806 806 0 2034 2034 0 808 808 0 804 804 0 806 806 0 2035 2035 0 194 194 0 2036 2036 0 812 812 0 2036 2036 0 194 194 0 814 814 0 816 816 0 2037 2037 0 818 818 0 819 819 0 817 817 0 185 185 0 184 184 0 820 820 0 182 182 0 181 181 0 822 822 0 179 179 0 178 178 0 824 824 0 176 176 0 175 175 0 827 827 0 840 840 0 842 842 0 838 838 0 844 844 0 2038 2038 0 846 846 0 2039 2039 0 841 841 0 844 844 0 847 847 0 850 850 0 845 845 0 852 852 0 854 854 0 851 851 0 143 143 0 141 141 0 853 853 0 138 138 0 137 137 0 859 859 0 856 856 0 2040 2040 0 857 857 0 133 133 0 132 132 0 863 863 0 1948 1948 0 871 871 0 2041 2041 0 875 875 0 107 107 0 876 876 0 104 104 0 103 103 0 2042 2042 0 2043 2043 0 884 884 0 894 894 0 1936 1936 0 2044 2044 0 90 90 0 892 892 0 888 888 0 890 890 0 895 895 0 890 890 0 889 889 0 1933 1933 0 80 80 0 2045 2045 0 67 67 0 66 66 0 69 69 0 908 908 0 40 40 0 909 909 0 913 913 0 915 915 0 914 914 0 2046 2046 0 6 6 0 1924 1924 0 924 924 0 2047 2047 0 921 921 0 2048 2048 0 926 926 0 927 927 0 931 931 0 929 929 0 928 928 0 2049 2049 0 933 933 0 931 931 0 938 938 0 934 934 0 935 935 0 937 937 0 941 941 0 939 939 0 947 947 0 945 945 0 944 944 0 2050 2050 0 955 955 0 953 953 0 955 955 0 958 958 0 957 957 0 963 963 0 960 960 0 959 959 0 964 964 0 966 966 0 1915 1915 0 1913 1913 0 972 972 0 968 968 0 1911 1911 0 975 975 0 2051 2051 0 2052 2052 0 983 983 0 2053 2053 0 2054 2054 0 990 990 0 992 992 0 993 993 0 995 995 0 1878 1878 0 1000 1000 0 998 998 0 1001 1001 0 2055 2055 0 1005 1005 0 1002 1002 0 1007 1007 0 2056 2056 0 1008 1008 0 2057 2057 0 1012 1012 0 1014 1014 0 1018 1018 0 1016 1016 0 1015 1015 0 1022 1022 0 1019 1019 0 1020 1020 0 2058 2058 0 1023 1023 0 1022 1022 0 1028 1028 0 1030 1030 0 2059 2059 0 1034 1034 0 1036 1036 0 2060 2060 0 1810 1810 0 2061 2061 0 2062 2062 0 1056 1056 0 1793 1793 0 1057 1057 0 1060 1060 0 2063 2063 0 1058 1058 0 1063 1063 0 2064 2064 0 1061 1061 0 1065 1065 0 1063 1063 0 1066 1066 0 1067 1067 0 2065 2065 0 1068 1068 0 1072 1072 0 1075 1075 0 1070 1070 0 1077 1077 0 1079 1079 0 1076 1076 0 1777 1777 0 1082 1082 0 2066 2066 0 1084 1084 0 1089 1089 0 1085 1085 0 1093 1093 0 2067 2067 0 1090 1090 0 1099 1099 0 1095 1095 0 1097 1097 0 1100 1100 0 2068 2068 0 1101 1101 0 2069 2069 0 2070 2070 0 1106 1106 0 1111 1111 0 1107 1107 0 1109 1109 0 1112 1112 0 2071 2071 0 1113 1113 0 1114 1114 0 1116 1116 0 1774 1774 0 1117 1117 0 1119 1119 0 1772 1772 0 1123 1123 0 1125 1125 0 1769 1769 0 2072 2072 0 1131 1131 0 1127 1127 0 1135 1135 0 1137 1137 0 2073 2073 0 1138 1138 0 1140 1140 0 2074 2074 0 2075 2075 0 1146 1146 0 2076 2076 0 1147 1147 0 1149 1149 0 1758 1758 0 1150 1150 0 2077 2077 0 1756 1756 0 1752 1752 0 2078 2078 0 1753 1753 0 1161 1161 0 1156 1156 0 1159 1159 0 2079 2079 0 1164 1164 0 1163 1163 0 1741 1741 0 1169 1169 0 1168 1168 0 1169 1169 0 1170 1170 0 1172 1172 0 1175 1175 0 2080 2080 0 1173 1173 0 1179 1179 0 1699 1699 0 1180 1180 0 2081 2081 0 1178 1178 0 1696 1696 0 1695 1695 0 1187 1187 0 1185 1185 0 1194 1194 0 1190 1190 0 1195 1195 0 2082 2082 0 1200 1200 0 1199 1199 0 1202 1202 0 1206 1206 0 1203 1203 0 2083 2083 0 1208 1208 0 1205 1205 0 1208 1208 0 1209 1209 0 1211 1211 0 1215 1215 0 1213 1213 0 1212 1212 0 2084 2084 0 1217 1217 0 1214 1214 0 1219 1219 0 1216 1216 0 1220 1220 0 1222 1222 0 1225 1225 0 1221 1221 0 1224 1224 0 1221 1221 0 1225 1225 0 1228 1228 0 2085 2085 0 1230 1230 0 2085 2085 0 1231 1231 0 1230 1230 0 1238 1238 0 1240 1240 0 1237 1237 0 1227 1227 0 1235 1235 0 1234 1234 0 1241 1241 0 1692 1692 0 1242 1242 0 1248 1248 0 1250 1250 0 1247 1247 0 1251 1251 0 1253 1253 0 1249 1249 0 1254 1254 0 1256 1256 0 2086 2086 0 1262 1262 0 1265 1265 0 1263 1263 0 2087 2087 0 2088 2088 0 1264 1264 0 1266 1266 0 1270 1270 0 1267 1267 0 1278 1278 0 1280 1280 0 1277 1277 0 1685 1685 0 1687 1687 0 1279 1279 0 1283 1283 0 1287 1287 0 1284 1284 0 1286 1286 0 1284 1284 0 1287 1287 0 1292 1292 0 2089 2089 0 1290 1290 0 1293 1293 0 1683 1683 0 1294 1294 0 1297 1297 0 2090 2090 0 1295 1295 0 2091 2091 0 1302 1302 0 1301 1301 0 1306 1306 0 2092 2092 0 1304 1304 0 2093 2093 0 1309 1309 0 1305 1305 0 1311 1311 0 1316 1316 0 1312 1312 0 1680 1680 0 1322 1322 0 1318 1318 0 1676 1676 0 1325 1325 0 2094 2094 0 1335 1335 0 1340 1340 0 1339 1339 0 1342 1342 0 1338 1338 0 1343 1343 0 1346 1346 0 1341 1341 0 1344 1344 0 1348 1348 0 1346 1346 0 1349 1349 0 1350 1350 0 1351 1351 0 1353 1353 0 1352 1352 0 1356 1356 0 1355 1355 0 1357 1357 0 1359 1359 0 1354 1354 0 1623 1623 0 1622 1622 0 1364 1364 0 1368 1368 0 2095 2095 0 1366 1366 0 1369 1369 0 1371 1371 0 2096 2096 0 1372 1372 0 2097 2097 0 1373 1373 0 1377 1377 0 1379 1379 0 1375 1375 0 2098 2098 0 1387 1387 0 2099 2099 0 1389 1389 0 2100 2100 0 1387 1387 0 1616 1616 0 2101 2101 0 2102 2102 0 1390 1390 0 2103 2103 0 1393 1393 0 1394 1394 0 1396 1396 0 2104 2104 0 2105 2105 0 1399 1399 0 2106 2106 0 1614 1614 0 1403 1403 0 1612 1612 0 1404 1404 0 1406 1406 0 2107 2107 0 1407 1407 0 1598 1598 0 1408 1408 0 2108 2108 0 1423 1423 0 1542 1542 0 1426 1426 0 1427 1427 0 1424 1424 0 2109 2109 0 1431 1431 0 1430 1430 0 2110 2110 0 1434 1434 0 1540 1540 0 1437 1437 0 1441 1441 0 1439 1439 0 1443 1443 0 1445 1445 0 1447 1447 0 2111 2111 0 1450 1450 0 1449 1449 0 1454 1454 0 2112 2112 0 1533 1533 0 2113 2113 0 1457 1457 0 1456 1456 0 1464 1464 0 1532 1532 0 1461 1461 0 1465 1465 0 2114 2114 0 1531 1531 0 2115 2115 0 1466 1466 0 1468 1468 0 1470 1470 0 2116 2116 0 1472 1472 0 2117 2117 0 1474 1474 0 1529 1529 0 2118 2118 0 1478 1478 0 1480 1480 0 1483 1483 0 2119 2119 0 1527 1527 0 1524 1524 0 1526 1526 0 1486 1486 0 1525 1525 0 1488 1488 0 1490 1490 0 2120 2120 0 1494 1494 0 1491 1491 0 1499 1499 0 1503 1503 0 1500 1500 0 1502 1502 0 1500 1500 0 1503 1503 0 1507 1507 0 2121 2121 0 1504 1504 0 1505 1505 0 1511 1511 0 2122 2122 0 1513 1513 0 1508 1508 0 1510 1510 0 1516 1516 0 1518 1518 0 2123 2123 0 1521 1521 0 1522 1522 0 1519 1519 0 2124 2124 0 1519 1519 0 1523 1523 0 1523 1523 0 2125 2125 0 2126 2126 0 1529 1529 0 1472 1472 0 2117 2117 0 2127 2127 0 1530 1530 0 1467 1467 0 2128 2128 0 1531 1531 0 2115 2115 0 2112 2112 0 2129 2129 0 1533 1533 0 1447 1447 0 2130 2130 0 1443 1443 0 2131 2131 0 2110 2110 0 1540 1540 0 1428 1428 0 2132 2132 0 2133 2133 0 2134 2134 0 1544 1544 0 1421 1421 0 1545 1545 0 1547 1547 0 1549 1549 0 1554 1554 0 1557 1557 0 2135 2135 0 1559 1559 0 1555 1555 0 1560 1560 0 2136 2136 0 1562 1562 0 1558 1558 0 1565 1565 0 2137 2137 0 1563 1563 0 2138 2138 0 1570 1570 0 1573 1573 0 1571 1571 0 1572 1572 0 1570 1570 0 1568 1568 0 1574 1574 0 1569 1569 0 1575 1575 0 1579 1579 0 1576 1576 0 1579 1579 0 1580 1580 0 1577 1577 0 1582 1582 0 1420 1420 0 1419 1419 0 1585 1585 0 2139 2139 0 1420 1420 0 1586 1586 0 1416 1416 0 1588 1588 0 1416 1416 0 1414 1414 0 1589 1589 0 1592 1592 0 1593 1593 0 1595 1595 0 1595 1595 0 1590 1590 0 1592 1592 0 2140 2140 0 1598 1598 0 1597 1597 0 1598 1598 0 1407 1407 0 1599 1599 0 1604 1604 0 1606 1606 0 1603 1603 0 1405 1405 0 1404 1404 0 1605 1605 0 1402 1402 0 1611 1611 0 1610 1610 0 1403 1403 0 1614 1614 0 1401 1401 0 2106 2106 0 1615 1615 0 2105 2105 0 2103 2103 0 1390 1390 0 2141 2141 0 1619 1619 0 2098 2098 0 2099 2099 0 1364 1364 0 1363 1363 0 1623 1623 0 1362 1362 0 1357 1357 0 1360 1360 0 1355 1355 0 2142 2142 0 1352 1352 0 2143 2143 0 1628 1628 0 1630 1630 0 1632 1632 0 2144 2144 0 1629 1629 0 2145 2145 0 1635 1635 0 1634 1634 0 1642 1642 0 1639 1639 0 2146 2146 0 2147 2147 0 1646 1646 0 2148 2148 0 1648 1648 0 2149 2149 0 1650 1650 0 1649 1649 0 1330 1330 0 1652 1652 0 1654 1654 0 1656 1656 0 1329 1329 0 1662 1662 0 1665 1665 0 1663 1663 0 1666 1666 0 1663 1663 0 1665 1665 0 1670 1670 0 1672 1672 0 1668 1668 0 1670 1670 0 1674 1674 0 1671 1671 0 1327 1327 0 2150 2150 0 1675 1675 0 1324 1324 0 1323 1323 0 2151 2151 0 1322 1322 0 1680 1680 0 1320 1320 0 1277 1277 0 1275 1275 0 1278 1278 0 1688 1688 0 1272 1272 0 1271 1271 0 1249 1249 0 1248 1248 0 2152 2152 0 1238 1238 0 1241 1241 0 1243 1243 0 1698 1698 0 1180 1180 0 1699 1699 0 1699 1699 0 2153 2153 0 1697 1697 0 1706 1706 0 1703 1703 0 1702 1702 0 1708 1708 0 1706 1706 0 1705 1705 0 2154 2154 0 1707 1707 0 1710 1710 0 1711 1711 0 2155 2155 0 1712 1712 0 1715 1715 0 2156 2156 0 1713 1713 0 2157 2157 0 1719 1719 0 1716 1716 0 1720 1720 0 1722 1722 0 1721 1721 0 1723 1723 0 2158 2158 0 1725 1725 0 1727 1727 0 1177 1177 0 1728 1728 0 2159 2159 0 1173 1173 0 2080 2080 0 1736 1736 0 1734 1734 0 1733 1733 0 1733 1733 0 2160 2160 0 1735 1735 0 1738 1738 0 2161 2161 0 1740 1740 0 1163 1163 0 1744 1744 0 2079 2079 0 1744 1744 0 2162 2162 0 1742 1742 0 2163 2163 0 1161 1161 0 1160 1160 0 1747 1747 0 1751 1751 0 1749 1749 0 2078 2078 0 2164 2164 0 1753 1753 0 1148 1148 0 2165 2165 0 1757 1757 0 1145 1145 0 1144 1144 0 1759 1759 0 1761 1761 0 1141 1141 0 1143 1143 0 2074 2074 0 1764 1764 0 1138 1138 0 2073 2073 0 1766 1766 0 1135 1135 0 1130 1130 0 1767 1767 0 1132 1132 0 1127 1127 0 1126 1126 0 2072 2072 0 1769 1769 0 2166 2166 0 1770 1770 0 1118 1118 0 1117 1117 0 1771 1771 0 1774 1774 0 2167 2167 0 1775 1775 0 2071 2071 0 1112 1112 0 2168 2168 0 1100 1100 0 2169 2169 0 2068 2068 0 1776 1776 0 1094 1094 0 1096 1096 0 1078 1078 0 1779 1779 0 1777 1777 0 1781 1781 0 1784 1784 0 1783 1783 0 1788 1788 0 1786 1786 0 1785 1785 0 1787 1787 0 1791 1791 0 1789 1789 0 1794 1794 0 1789 1789 0 1792 1792 0 2170 2170 0 1054 1054 0 1799 1799 0 1800 1800 0 2171 2171 0 1799 1799 0 1050 1050 0 1805 1805 0 1804 1804 0 2172 2172 0 2173 2173 0 1049 1049 0 1806 1806 0 2174 2174 0 1046 1046 0 1043 1043 0 1811 1811 0 1044 1044 0 1811 1811 0 1043 1043 0 1812 1812 0 1814 1814 0 1816 1816 0 2175 2175 0 1819 1819 0 1823 1823 0 2176 2176 0 1822 1822 0 2177 2177 0 1823 1823 0 1821 1821 0 1826 1826 0 1825 1825 0 1830 1830 0 1828 1828 0 1829 1829 0 2178 2178 0 1039 1039 0 1038 1038 0 1835 1835 0 2179 2179 0 1832 1832 0 2180 2180 0 1035 1035 0 1837 1837 0 2060 2060 0 2181 2181 0 1034 1034 0 1029 1029 0 1028 1028 0 2182 2182 0 1842 1842 0 2182 2182 0 1844 1844 0 1847 1847 0 2057 2057 0 1845 1845 0 1850 1850 0 2183 2183 0 2184 2184 0 1854 1854 0 2185 2185 0 1852 1852 0 1857 1857 0 2186 2186 0 1855 1855 0 1011 1011 0 1007 1007 0 1009 1009 0 1861 1861 0 1859 1859 0 1010 1010 0 1865 1865 0 1870 1870 0 1866 1866 0 1866 1866 0 1871 1871 0 1864 1864 0 1875 1875 0 1877 1877 0 1874 1874 0 1877 1877 0 2187 2187 0 1876 1876 0 1881 1881 0 2188 2188 0 1882 1882 0 994 994 0 993 993 0 1884 1884 0 2188 2188 0 2189 2189 0 2187 2187 0 1890 1890 0 988 988 0 1892 1892 0 2190 2190 0 1896 1896 0 2191 2191 0 1893 1893 0 2192 2192 0 1897 1897 0 1901 1901 0 2193 2193 0 2194 2194 0 1899 1899 0 1904 1904 0 1902 1902 0 979 979 0 978 978 0 2195 2195 0 1907 1907 0 1910 1910 0 2196 2196 0 2051 2051 0 1912 1912 0 1911 1911 0 1915 1915 0 1916 1916 0 964 964 0 2197 2197 0 1919 1919 0 950 950 0 949 949 0 1918 1918 0 1920 1920 0 2198 2198 0 1923 1923 0 1922 1922 0 1926 1926 0 8 8 0 7 7 0 1928 1928 0 2 2 0 1 1 0 2199 2199 0 11 11 0 10 10 0 19 19 0 23 23 0 22 22 0 29 29 0 26 26 0 1930 1930 0 33 33 0 915 915 0 34 34 0 2200 2200 0 37 37 0 36 36 0 904 904 0 903 903 0 56 56 0 37 37 0 47 47 0 35 35 0 59 59 0 902 902 0 60 60 0 66 66 0 1932 1932 0 2201 2201 0 77 77 0 1934 1934 0 83 83 0 90 90 0 92 92 0 1936 1936 0 102 102 0 104 104 0 1939 1939 0 1940 1940 0 1937 1937 0 1941 1941 0 1937 1937 0 1940 1940 0 1938 1938 0 106 106 0 96 96 0 98 98 0 873 873 0 872 872 0 875 875 0 874 874 0 2202 2202 0 2203 2203 0 118 118 0 869 869 0 119 119 0 864 864 0 2204 2204 0 862 862 0 134 134 0 867 867 0 135 135 0 152 152 0 155 155 0 150 150 0 2205 2205 0 2206 2206 0 831 831 0 2205 2205 0 168 168 0 2206 2206 0 827 827 0 826 826 0 176 176 0 825 825 0 1953 1953 0 179 179 0 1958 1958 0 1957 1957 0 209 209 0 215 215 0 217 217 0 1957 1957 0 209 209 0 1961 1961 0 1958 1958 0 785 785 0 2207 2207 0 783 783 0 230 230 0 784 784 0 783 783 0 237 237 0 782 782 0 238 238 0 1964 1964 0 2208 2208 0 781 781 0 275 275 0 296 296 0 276 276 0 681 681 0 678 678 0 679 679 0 686 686 0 2209 2209 0 683 683 0 1966 1966 0 2210 2210 0 302 302 0 307 307 0 2211 2211 0 1967 1967 0 319 319 0 317 317 0 320 320 0 326 326 0 322 322 0 323 323 0 2212 2212 0 1968 1968 0 325 325 0 337 337 0 332 332 0 335 335 0 351 351 0 348 348 0 349 349 0 356 356 0 352 352 0 353 353 0 364 364 0 661 661 0 660 660 0 369 369 0 371 371 0 367 367 0 2213 2213 0 1972 1972 0 379 379 0 1973 1973 0 1974 1974 0 387 387 0 1975 1975 0 401 401 0 1976 1976 0 2214 2214 0 1977 1977 0 400 400 0 414 414 0 2215 2215 0 1979 1979 0 414 414 0 416 416 0 2215 2215 0 1984 1984 0 2216 2216 0 429 429 0 2217 2217 0 1987 1987 0 1986 1986 0 441 441 0 443 443 0 1988 1988 0 640 640 0 639 639 0 447 447 0 456 456 0 458 458 0 454 454 0 2021 2021 0 1991 1991 0 460 460 0 473 473 0 1994 1994 0 469 469 0 480 480 0 2218 2218 0 481 481 0 489 489 0 487 487 0 486 486 0 487 487 0 2000 2000 0 485 485 0 495 495 0 2219 2219 0 496 496 0 505 505 0 501 501 0 503 503 0 2220 2220 0 511 511 0 510 510 0 517 517 0 2221 2221 0 515 515 0 2222 2222 0 2003 2003 0 524 524 0 2005 2005 0 535 535 0 534 534 0 567 567 0 542 542 0 2004 2004 0 2006 2006 0 550 550 0 549 549 0 556 556 0 2223 2223 0 557 557 0 577 577 0 2224 2224 0 578 578 0 579 579 0 581 581 0 578 578 0 499 499 0 2001 2001 0 502 502 0 1997 1997 0 592 592 0 479 479 0 2012 2012 0 2225 2225 0 2218 2218 0 603 603 0 605 605 0 2014 2014 0 607 607 0 2014 2014 0 605 605 0 2015 2015 0 608 608 0 610 610 0 619 619 0 2016 2016 0 2017 2017 0 617 617 0 2018 2018 0 621 621 0 632 632 0 637 637 0 633 633 0 466 466 0 465 465 0 629 629 0 2019 2019 0 636 636 0 1992 1992 0 385 385 0 384 384 0 2226 2226 0 374 374 0 373 373 0 657 657 0 1970 1970 0 2227 2227 0 345 345 0 2026 2026 0 671 671 0 291 291 0 2209 2209 0 684 684 0 683 683 0 705 705 0 708 708 0 706 706 0 713 713 0 716 716 0 714 714 0 717 717 0 720 720 0 718 718 0 2228 2228 0 724 724 0 265 265 0 734 734 0 2229 2229 0 732 732 0 2230 2230 0 742 742 0 2027 2027 0 747 747 0 2231 2231 0 745 745 0 756 756 0 2029 2029 0 752 752 0 758 758 0 2232 2232 0 755 755 0 766 766 0 769 769 0 767 767 0 2233 2233 0 2031 2031 0 260 260 0 258 258 0 257 257 0 2032 2032 0 253 253 0 2234 2234 0 251 251 0 793 793 0 798 798 0 797 797 0 805 805 0 2034 2034 0 806 806 0 191 191 0 190 190 0 193 193 0 2235 2235 0 2037 2037 0 2236 2236 0 1953 1953 0 825 825 0 181 181 0 839 839 0 2237 2237 0 840 840 0 846 846 0 2039 2039 0 844 844 0 849 849 0 845 845 0 850 850 0 2238 2238 0 857 857 0 2040 2040 0 2202 2202 0 874 874 0 2239 2239 0 95 95 0 2042 2042 0 93 93 0 85 85 0 84 84 0 887 887 0 1936 1936 0 1935 1935 0 2044 2044 0 91 91 0 90 90 0 893 893 0 73 73 0 69 69 0 71 71 0 1924 1924 0 1921 1921 0 2046 2046 0 926 926 0 924 924 0 923 923 0 933 933 0 935 935 0 932 932 0 940 940 0 938 938 0 937 937 0 952 952 0 2197 2197 0 950 950 0 951 951 0 2050 2050 0 953 953 0 961 961 0 1915 1915 0 962 962 0 1914 1914 0 969 969 0 965 965 0 1908 1908 0 1907 1907 0 977 977 0 2240 2240 0 2053 2053 0 979 979 0 1001 1001 0 2241 2241 0 999 999 0 1015 1015 0 2242 2242 0 1017 1017 0 1025 1025 0 1021 1021 0 1023 1023 0 2059 2059 0 1026 1026 0 2243 2243 0 2063 2063 0 2244 2244 0 1058 1058 0 2064 2064 0 1060 1060 0 1061 1061 0 1062 1062 0 1066 1066 0 1063 1063 0 1073 1073 0 2245 2245 0 1072 1072 0 1777 1777 0 2066 2066 0 1078 1078 0 2246 2246 0 1090 1090 0 2067 2067 0 1776 1776 0 1096 1096 0 1091 1091 0 2168 2168 0 2247 2247 0 2071 2071 0 2248 2248 0 1109 1109 0 1108 1108 0 2167 2167 0 1774 1774 0 2247 2247 0 1120 1120 0 1122 1122 0 1118 1118 0 1132 1132 0 1134 1134 0 1130 1130 0 1764 1764 0 2074 2074 0 1136 1136 0 1759 1759 0 1758 1758 0 1145 1145 0 1155 1155 0 1158 1158 0 1157 1157 0 2162 2162 0 1746 1746 0 1742 1742 0 1732 1732 0 2159 2159 0 2080 2080 0 2249 2249 0 1184 1184 0 1183 1183 0 1187 1187 0 1189 1189 0 1186 1186 0 2250 2250 0 1195 1195 0 1190 1190 0 1200 1200 0 1201 1201 0 1198 1198 0 1213 1213 0 1211 1211 0 1210 1210 0 2251 2251 0 1222 1222 0 1218 1218 0 2252 2252 0 2253 2253 0 1229 1229 0 1234 1234 0 1232 1232 0 1227 1227 0 1693 1693 0 2254 2254 0 1692 1692 0 1245 1245 0 2255 2255 0 1246 1246 0 1259 1259 0 1261 1261 0 2256 2256 0 2257 2257 0 1268 1268 0 2088 2088 0 2258 2258 0 1275 1275 0 1274 1274 0 2259 2259 0 2260 2260 0 2261 2261 0 2262 2262 0 1283 1283 0 1282 1282 0 2089 2089 0 1288 1288 0 1290 1290 0 2091 2091 0 2263 2263 0 1299 1299 0 1304 1304 0 2092 2092 0 1681 1681 0 1317 1317 0 1319 1319 0 1315 1315 0 1339 1339 0 1336 1336 0 1335 1335 0 1343 1343 0 1344 1344 0 1341 1341 0 1353 1353 0 1347 1347 0 1350 1350 0 2142 2142 0 1353 1353 0 1352 1352 0 2095 2095 0 2264 2264 0 1366 1366 0 1369 1369 0 2096 2096 0 2265 2265 0 1620 1620 0 1376 1376 0 2097 2097 0 2100 2100 0 2099 2099 0 1387 1387 0 1617 1617 0 2102 2102 0 1385 1385 0 2141 2141 0 2266 2266 0 2103 2103 0 2133 2133 0 1541 1541 0 1428 1428 0 1432 1432 0 1435 1435 0 1433 1433 0 1440 1440 0 1438 1438 0 1437 1437 0 2130 2130 0 1444 1444 0 1443 1443 0 1452 1452 0 1448 1448 0 1450 1450 0 2267 2267 0 1533 1533 0 2129 2129 0 1462 1462 0 1458 1458 0 1460 1460 0 1467 1467 0 2268 2268 0 2127 2127 0 1473 1473 0 1471 1471 0 1470 1470 0 1482 1482 0 2126 2126 0 1484 1484 0 1492 1492 0 2120 2120 0 1491 1491 0 1503 1503 0 1504 1504 0 1501 1501 0 2121 2121 0 1501 1501 0 1504 1504 0 1514 1514 0 2123 2123 0 1515 1515 0 2126 2126 0 2124 2124 0 1523 1523 0 1520 1520 0 1485 1485 0 1521 1521 0 1475 1475 0 2118 2118 0 2269 2269 0 1468 1468 0 2128 2128 0 2115 2115 0 1540 1540 0 1537 1537 0 2131 2131 0 1430 1430 0 2133 2133 0 2132 2132 0 2270 2270 0 1549 1549 0 1548 1548 0 2135 2135 0 1550 1550 0 1554 1554 0 2137 2137 0 1561 1561 0 1563 1563 0 1566 1566 0 2138 2138 0 1573 1573 0 2271 2271 0 1569 1569 0 1574 1574 0 1578 1578 0 1576 1576 0 1579 1579 0 2272 2272 0 1583 1583 0 1582 1582 0 2273 2273 0 1585 1585 0 1586 1586 0 1594 1594 0 2274 2274 0 1595 1595 0 1409 1409 0 2275 2275 0 1407 1407 0 1600 1600 0 1602 1602 0 2275 2275 0 1607 1607 0 1609 1609 0 2276 2276 0 1399 1399 0 2105 2105 0 2277 2277 0 2104 2104 0 2278 2278 0 2279 2279 0 1625 1625 0 2280 2280 0 2264 2264 0 1334 1334 0 2143 2143 0 2281 2281 0 1635 1635 0 1636 1636 0 1638 1638 0 2146 2146 0 2282 2282 0 1642 1642 0 1643 1643 0 2147 2147 0 2148 2148 0 1652 1652 0 1647 1647 0 1649 1649 0 2283 2283 0 2284 2284 0 1664 1664 0 1667 1667 0 1669 1669 0 2284 2284 0 2285 2285 0 2151 2151 0 2150 2150 0 1321 1321 0 1320 1320 0 1678 1678 0 1712 1712 0 2154 2154 0 1710 1710 0 1703 1703 0 1700 1700 0 1701 1701 0 1705 1705 0 1709 1709 0 1707 1707 0 2156 2156 0 1712 1712 0 2155 2155 0 1714 1714 0 2157 2157 0 1716 1716 0 1724 1724 0 2286 2286 0 1722 1722 0 2287 2287 0 1725 1725 0 1726 1726 0 2080 2080 0 1730 1730 0 1732 1732 0 1740 1740 0 1737 1737 0 1738 1738 0 1743 1743 0 2079 2079 0 1744 1744 0 1748 1748 0 1155 1155 0 1154 1154 0 1754 1754 0 1749 1749 0 1752 1752 0 1139 1139 0 1138 1138 0 1762 1762 0 1121 1121 0 1120 1120 0 2166 2166 0 2288 2288 0 1088 1088 0 2246 2246 0 1790 1790 0 1788 1788 0 1787 1787 0 2171 2171 0 2170 2170 0 1799 1799 0 1801 1801 0 1803 1803 0 1797 1797 0 2289 2289 0 2062 2062 0 1807 1807 0 2290 2290 0 2175 2175 0 1813 1813 0 2177 2177 0 2291 2291 0 1823 1823 0 2292 2292 0 1822 1822 0 1821 1821 0 1039 1039 0 1832 1832 0 2179 2179 0 2180 2180 0 2293 2293 0 1833 1833 0 2059 2059 0 2243 2243 0 1028 1028 0 1851 1851 0 1848 1848 0 1849 1849 0 2185 2185 0 1857 1857 0 1852 1852 0 2186 2186 0 1863 1863 0 1855 1855 0 1859 1859 0 2294 2294 0 1858 1858 0 1868 1868 0 1866 1866 0 1869 1869 0 1873 1873 0 2295 2295 0 1871 1871 0 2296 2296 0 1882 1882 0 2188 2188 0 2187 2187 0 2296 2296 0 2188 2188 0 1898 1898 0 2191 2191 0 1896 1896 0 2191 2191 0 2194 2194 0 2190 2190 0 2193 2193 0 2190 2190 0 2194 2194 0 979 979 0 2195 2195 0 2240 2240 0 972 972 0 1913 1913 0 970 970 0 963 963 0 1917 1917 0 961 961 0 1919 1919 0 1920 1920 0 1918 1918 0 1922 1922 0 920 920 0 2198 2198 0 1927 1927 0 1926 1926 0 1925 1925 0 5 5 0 0 0 0 3 3 0 14 14 0 9 9 0 12 12 0 22 22 0 20 20 0 19 19 0 25 25 0 27 27 0 24 24 0 36 36 0 43 43 0 2200 2200 0 49 49 0 2297 2297 0 1931 1931 0 2298 2298 0 2201 2201 0 64 64 0 2045 2045 0 2299 2299 0 1933 1933 0 87 87 0 89 89 0 85 85 0 2042 2042 0 95 95 0 104 104 0 878 878 0 1942 1942 0 94 94 0 874 874 0 2203 2203 0 872 872 0 2041 2041 0 136 136 0 1948 1948 0 861 861 0 860 860 0 2204 2204 0 151 151 0 2300 2300 0 152 152 0 159 159 0 153 153 0 157 157 0 1951 1951 0 2301 2301 0 170 170 0 212 212 0 2302 2302 0 203 203 0 791 791 0 2303 2303 0 2304 2304 0 228 228 0 227 227 0 230 230 0 781 781 0 2208 2208 0 241 241 0 673 673 0 2305 2305 0 671 671 0 1965 1965 0 273 273 0 272 272 0 2306 2306 0 2307 2307 0 2210 2210 0 2211 2211 0 2306 2306 0 1967 1967 0 325 325 0 2308 2308 0 2212 2212 0 331 331 0 334 334 0 332 332 0 350 350 0 353 353 0 351 351 0 662 662 0 2024 2024 0 660 660 0 2226 2226 0 388 388 0 385 385 0 392 392 0 394 394 0 390 390 0 411 411 0 410 410 0 412 412 0 1986 1986 0 432 432 0 2217 2217 0 437 437 0 1985 1985 0 1987 1987 0 449 449 0 2309 2309 0 1989 1989 0 1999 1999 0 495 495 0 494 494 0 2310 2310 0 485 485 0 2000 2000 0 502 502 0 2311 2311 0 499 499 0 510 510 0 506 506 0 2220 2220 0 521 521 0 525 525 0 522 522 0 535 535 0 2312 2312 0 533 533 0 2223 2223 0 2313 2313 0 557 557 0 2314 2314 0 573 573 0 572 572 0 500 500 0 2310 2310 0 2000 2000 0 593 593 0 2315 2315 0 594 594 0 2316 2316 0 597 597 0 477 477 0 604 604 0 2013 2013 0 599 599 0 2317 2317 0 2017 2017 0 2016 2016 0 621 621 0 615 615 0 617 617 0 463 463 0 462 462 0 2020 2020 0 388 388 0 2226 2226 0 386 386 0 379 379 0 378 378 0 2213 2213 0 368 368 0 2025 2025 0 366 366 0 669 669 0 670 670 0 667 667 0 684 684 0 2318 2318 0 680 680 0 714 714 0 711 711 0 712 712 0 718 718 0 715 715 0 716 716 0 728 728 0 723 723 0 726 726 0 736 736 0 734 734 0 733 733 0 743 743 0 737 737 0 741 741 0 2030 2030 0 753 753 0 752 752 0 2319 2319 0 766 766 0 2320 2320 0 765 765 0 2320 2320 0 766 766 0 249 249 0 780 780 0 2234 2234 0 2321 2321 0 792 792 0 794 794 0 2036 2036 0 2322 2322 0 2035 2035 0 2323 2323 0 807 807 0 810 810 0 1952 1952 0 2324 2324 0 178 178 0 2237 2237 0 2325 2325 0 840 840 0 2038 2038 0 847 847 0 846 846 0 2204 2204 0 864 864 0 861 861 0 109 109 0 1943 1943 0 107 107 0 88 88 0 87 87 0 1935 1935 0 889 889 0 2043 2043 0 894 894 0 922 922 0 2198 2198 0 920 920 0 930 930 0 2049 2049 0 931 931 0 957 957 0 954 954 0 955 955 0 2242 2242 0 1020 1020 0 1017 1017 0 1024 1024 0 1027 1027 0 1025 1025 0 2326 2326 0 1058 1058 0 2244 2244 0 1059 1059 0 1061 1061 0 1060 1060 0 2245 2245 0 2327 2327 0 2328 2328 0 2329 2329 0 1097 1097 0 1095 1095 0 2069 2069 0 2248 2248 0 1108 1108 0 2330 2330 0 1772 1772 0 1115 1115 0 1766 1766 0 2073 2073 0 1133 1133 0 1757 1757 0 1756 1756 0 1148 1148 0 1166 1166 0 1162 1162 0 1164 1164 0 1729 1729 0 1175 1175 0 1174 1174 0 1696 1696 0 2249 2249 0 1183 1183 0 1191 1191 0 1188 1188 0 1189 1189 0 1192 1192 0 2250 2250 0 1190 1190 0 1204 1204 0 1198 1198 0 1202 1202 0 1212 1212 0 2084 2084 0 1214 1214 0 1220 1220 0 2251 2251 0 1218 1218 0 2253 2253 0 1223 1223 0 1229 1229 0 2331 2331 0 1246 1246 0 2255 2255 0 1257 1257 0 2256 2256 0 1258 1258 0 2260 2260 0 2332 2332 0 2261 2261 0 2261 2261 0 2262 2262 0 2259 2259 0 1302 1302 0 1681 1681 0 1303 1303 0 1678 1678 0 1677 1677 0 1321 1321 0 1340 1340 0 2333 2333 0 1338 1338 0 1345 1345 0 1349 1349 0 1346 1346 0 2280 2280 0 1366 1366 0 2264 2264 0 1624 1624 0 2265 2265 0 1622 1622 0 1616 1616 0 1392 1392 0 2101 2101 0 2278 2278 0 2104 2104 0 2266 2266 0 1433 1433 0 1429 1429 0 1431 1431 0 1449 1449 0 1534 1534 0 1446 1446 0 1461 1461 0 2334 2334 0 1464 1464 0 1457 1457 0 1459 1459 0 1458 1458 0 2116 2116 0 2117 2117 0 1472 1472 0 2125 2125 0 1484 1484 0 2126 2126 0 1489 1489 0 1492 1492 0 1490 1490 0 2122 2122 0 1506 1506 0 1505 1505 0 1509 1509 0 2335 2335 0 1511 1511 0 1487 1487 0 1521 1521 0 1485 1485 0 1480 1480 0 2269 2269 0 2118 2118 0 2129 2129 0 2113 2113 0 2267 2267 0 2132 2132 0 2109 2109 0 1430 1430 0 1551 1551 0 2270 2270 0 1552 1552 0 1562 1562 0 1563 1563 0 1561 1561 0 1573 1573 0 2336 2336 0 1566 1566 0 2336 2336 0 1565 1565 0 1566 1566 0 1583 1583 0 1577 1577 0 1581 1581 0 1591 1591 0 2337 2337 0 1411 1411 0 2107 2107 0 2276 2276 0 1404 1404 0 2266 2266 0 2141 2141 0 2278 2278 0 2144 2144 0 1630 1630 0 1629 1629 0 1638 1638 0 1633 1633 0 1635 1635 0 2282 2282 0 1643 1643 0 1642 1642 0 2148 2148 0 1641 1641 0 1643 1643 0 1664 1664 0 1663 1663 0 2283 2283 0 2094 2094 0 1679 1679 0 1676 1676 0 1702 1702 0 1704 1704 0 1706 1706 0 2155 2155 0 1713 1713 0 2156 2156 0 1728 1728 0 2287 2287 0 1726 1726 0 2161 2161 0 1739 1739 0 1740 1740 0 1157 1157 0 1153 1153 0 1155 1155 0 1755 1755 0 1753 1753 0 2164 2164 0 1136 1136 0 1135 1135 0 1763 1763 0 1772 1772 0 2330 2330 0 1773 1773 0 1786 1786 0 1783 1783 0 1784 1784 0 1797 1797 0 2338 2338 0 1801 1801 0 2062 2062 0 1811 1811 0 1810 1810 0 1825 1825 0 2292 2292 0 1821 1821 0 2179 2179 0 1037 1037 0 1039 1039 0 1032 1032 0 1031 1031 0 2339 2339 0 2183 2183 0 1854 1854 0 2184 2184 0 1856 1856 0 1852 1852 0 1857 1857 0 2294 2294 0 1862 1862 0 1858 1858 0 2189 2189 0 1876 1876 0 2187 2187 0 1878 1878 0 1887 1887 0 1879 1879 0 983 983 0 2052 2052 0 981 981 0 984 984 0 981 981 0 1903 1903 0 1905 1905 0 2196 2196 0 1906 1906 0 969 969 0 1914 1914 0 967 967 0 919 919 0 1929 1929 0 917 917 0 4 4 0 917 917 0 1929 1929 0 18 18 0 16 16 0 15 15 0 906 906 0 2200 2200 0 43 43 0 74 74 0 76 76 0 72 72 0 879 879 0 2340 2340 0 877 877 0 1943 1943 0 1944 1944 0 2340 2340 0 137 137 0 139 139 0 860 860 0 2300 2300 0 148 148 0 152 152 0 2324 2324 0 1952 1952 0 826 826 0 2341 2341 0 202 202 0 791 791 0 2234 2234 0 2342 2342 0 249 249 0 295 295 0 276 276 0 296 296 0 2210 2210 0 2343 2343 0 2306 2306 0 2343 2343 0 1967 1967 0 2306 2306 0 2308 2308 0 2344 2344 0 2212 2212 0 333 333 0 327 327 0 331 331 0 346 346 0 349 349 0 347 347 0 2025 2025 0 368 368 0 2024 2024 0 656 656 0 380 380 0 377 377 0 2345 2345 0 430 430 0 434 434 0 465 465 0 467 467 0 463 463 0 2219 2219 0 482 482 0 484 484 0 2315 2315 0 591 591 0 2346 2346 0 2347 2347 0 548 548 0 550 550 0 561 561 0 557 557 0 2313 2313 0 578 578 0 2224 2224 0 579 579 0 484 484 0 496 496 0 2219 2219 0 609 609 0 610 610 0 608 608 0 611 611 0 2317 2317 0 2016 2016 0 460 460 0 638 638 0 2021 2021 0 387 387 0 386 386 0 1973 1973 0 367 367 0 366 366 0 369 369 0 2305 2305 0 291 291 0 671 671 0 2318 2318 0 681 681 0 680 680 0 710 710 0 707 707 0 708 708 0 2229 2229 0 730 730 0 732 732 0 738 738 0 736 736 0 739 739 0 753 753 0 750 750 0 751 751 0 2320 2320 0 2348 2348 0 2319 2319 0 245 245 0 244 244 0 246 246 0 801 801 0 196 196 0 799 799 0 2323 2323 0 810 810 0 2349 2349 0 837 837 0 840 840 0 2325 2325 0 124 124 0 123 123 0 132 132 0 886 886 0 894 894 0 884 884 0 2047 2047 0 922 922 0 921 921 0 935 935 0 936 936 0 938 938 0 2350 2350 0 959 959 0 956 956 0 1020 1020 0 2058 2058 0 1022 1022 0 2351 2351 0 2326 2326 0 2244 2244 0 1105 1105 0 2069 2069 0 1106 1106 0 1761 1761 0 1760 1760 0 1139 1139 0 1755 1755 0 2164 2164 0 1152 1152 0 1168 1168 0 1166 1166 0 1741 1741 0 1189 1189 0 1192 1192 0 1191 1191 0 1195 1195 0 1196 1196 0 1193 1193 0 1217 1217 0 1220 1220 0 1216 1216 0 1254 1254 0 2086 2086 0 1252 1252 0 2332 2332 0 2352 2352 0 2261 2261 0 1679 1679 0 2094 2094 0 1677 1677 0 1354 1354 0 1627 1627 0 1357 1357 0 2333 2333 0 1343 1343 0 1338 1338 0 1370 1370 0 1369 1369 0 1372 1372 0 1388 1388 0 1387 1387 0 1384 1384 0 1444 1444 0 1439 1439 0 1442 1442 0 2334 2334 0 1465 1465 0 1464 1464 0 2269 2269 0 1477 1477 0 1475 1475 0 2335 2335 0 2122 2122 0 1511 1511 0 1479 1479 0 1527 1527 0 2119 2119 0 1446 1446 0 2111 2111 0 1449 1449 0 1425 1425 0 2108 2108 0 1542 1542 0 1552 1552 0 1553 1553 0 1550 1550 0 1560 1560 0 2136 2136 0 1558 1558 0 1576 1576 0 2271 2271 0 1574 1574 0 1597 1597 0 2353 2353 0 2140 2140 0 1631 1631 0 2145 2145 0 1634 1634 0 1637 1637 0 2146 2146 0 1639 1639 0 1315 1315 0 2354 2354 0 1317 1317 0 2153 2153 0 1701 1701 0 1697 1697 0 1717 1717 0 1715 1715 0 1714 1714 0 2158 2158 0 1726 1726 0 1725 1725 0 2160 2160 0 1738 1738 0 1735 1735 0 1152 1152 0 2077 2077 0 1150 1150 0 1142 1142 0 2075 2075 0 2076 2076 0 1115 1115 0 1114 1114 0 2330 2330 0 1792 1792 0 1057 1057 0 1793 1793 0 2060 2060 0 2339 2339 0 2181 2181 0 1853 1853 0 2184 2184 0 1854 1854 0 1883 1883 0 1882 1882 0 994 994 0 2053 2053 0 2240 2240 0 2052 2052 0 977 977 0 976 976 0 1908 1908 0 918 918 0 2199 2199 0 2355 2355 0 10 10 0 2355 2355 0 2199 2199 0 84 84 0 86 86 0 2299 2299 0 105 105 0 882 882 0 106 106 0 149 149 0 152 152 0 148 148 0 823 823 0 1954 1954 0 182 182 0 2303 2303 0 2356 2356 0 2304 2304 0 2234 2234 0 253 253 0 2342 2342 0 665 665 0 2357 2357 0 2358 2358 0 2307 2307 0 302 302 0 2210 2210 0 2359 2359 0 2212 2212 0 2344 2344 0 329 329 0 330 330 0 327 327 0 2227 2227 0 344 344 0 663 663 0 359 359 0 2360 2360 0 357 357 0 2023 2023 0 1971 1971 0 2022 2022 0 2311 2311 0 500 500 0 499 499 0 2313 2313 0 2361 2361 0 561 561 0 2225 2225 0 481 481 0 2218 2218 0 600 600 0 2362 2362 0 598 598 0 454 454 0 453 453 0 456 456 0 1971 1971 0 2023 2023 0 373 373 0 677 677 0 679 679 0 678 678 0 287 287 0 704 704 0 289 289 0 739 739 0 740 740 0 737 737 0 2232 2232 0 756 756 0 755 755 0 192 192 0 2236 2236 0 190 190 0 2325 2325 0 2363 2363 0 837 837 0 125 125 0 129 129 0 865 865 0 2299 2299 0 2364 2364 0 84 84 0 2365 2365 0 939 939 0 942 942 0 2244 2244 0 2366 2366 0 2351 2351 0 2166 2166 0 1769 1769 0 1121 1121 0 1158 1158 0 2367 2367 0 1156 1156 0 1739 1739 0 1172 1172 0 1171 1171 0 1199 1199 0 2368 2368 0 2082 2082 0 1211 1211 0 1207 1207 0 1208 1208 0 1327 1327 0 2285 2285 0 2150 2150 0 1337 1337 0 1334 1334 0 1333 1333 0 1615 1615 0 2106 2106 0 1395 1395 0 2114 2114 0 2115 2115 0 1531 1531 0 2119 2119 0 1528 1528 0 1479 1479 0 1512 1512 0 1510 1510 0 1514 1514 0 2268 2268 0 1469 1469 0 2127 2127 0 1556 1556 0 2369 2369 0 1557 1557 0 1557 1557 0 1560 1560 0 1555 1555 0 1400 1400 0 1397 1397 0 1613 1613 0 1640 1640 0 1638 1638 0 1637 1637 0 1313 1313 0 1310 1310 0 1311 1311 0 1721 1721 0 1718 1718 0 1719 1719 0 1734 1734 0 1732 1732 0 1731 1731 0 1146 1146 0 2075 2075 0 1144 1144 0 1133 1133 0 1132 1132 0 1765 1765 0 1124 1124 0 1123 1123 0 1768 1768 0 1863 1863 0 1858 1858 0 1862 1862 0 2192 2192 0 1898 1898 0 1897 1897 0 2355 2355 0 919 919 0 918 918 0 891 891 0 890 890 0 91 91 0 1945 1945 0 1947 1947 0 2202 2202 0 147 147 0 1949 1949 0 145 145 0 821 821 0 1955 1955 0 185 185 0 2370 2370 0 2304 2304 0 2356 2356 0 779 779 0 776 776 0 252 252 0 2357 2357 0 294 294 0 2358 2358 0 309 309 0 307 307 0 306 306 0 2371 2371 0 2359 2359 0 2344 2344 0 1969 1969 0 338 338 0 336 336 0 344 344 0 341 341 0 342 342 0 2360 2360 0 372 372 0 357 357 0 590 590 0 2372 2372 0 591 591 0 2361 2361 0 562 562 0 561 561 0 620 620 0 622 622 0 623 623 0 452 452 0 450 450 0 453 453 0 1972 1972 0 2213 2213 0 381 381 0 678 678 0 676 676 0 281 281 0 703 703 0 289 289 0 700 700 0 2231 2231 0 2230 2230 0 2027 2027 0 2299 2299 0 2045 2045 0 2364 2364 0 1126 1126 0 1128 1128 0 1124 1124 0 2368 2368 0 2373 2373 0 2082 2082 0 1206 1206 0 2083 2083 0 1205 1205 0 1613 1613 0 1612 1612 0 1400 1400 0 1471 1471 0 2127 2127 0 1469 1469 0 2123 2123 0 1514 1514 0 1516 1516 0 1538 1538 0 1536 1536 0 1539 1539 0 2369 2369 0 2135 2135 0 1557 1557 0 1645 1645 0 2148 2148 0 1646 1646 0 2286 2286 0 1721 1721 0 1722 1722 0 2367 2367 0 1159 1159 0 1156 1156 0 1147 1147 0 2165 2165 0 1148 1148 0 974 974 0 973 973 0 976 976 0 858 858 0 857 857 0 138 138 0 2374 2374 0 147 147 0 146 146 0 813 813 0 818 818 0 188 188 0 201 201 0 2370 2370 0 2356 2356 0 2033 2033 0 256 256 0 776 776 0 2375 2375 0 2358 2358 0 294 294 0 306 306 0 2376 2376 0 308 308 0 2377 2377 0 329 329 0 2371 2371 0 328 328 0 2371 2371 0 329 329 0 339 339 0 342 342 0 340 340 0 659 659 0 2022 2022 0 370 370 0 2372 2372 0 2346 2346 0 591 591 0 2378 2378 0 560 560 0 2007 2007 0 282 282 0 674 674 0 675 675 0 720 720 0 268 268 0 270 270 0 2379 2379 0 896 896 0 897 897 0 1142 1142 0 2076 2076 0 1143 1143 0 2380 2380 0 2082 2082 0 2373 2373 0 1610 1610 0 1607 1607 0 1402 1402 0 1456 1456 0 2267 2267 0 2113 2113 0 1517 1517 0 1516 1516 0 1497 1497 0 1548 1548 0 1552 1552 0 2270 2270 0 1746 1746 0 2163 2163 0 1160 1160 0 146 146 0 2381 2381 0 2374 2374 0 257 257 0 259 259 0 255 255 0 296 296 0 2375 2375 0 294 294 0 300 300 0 304 304 0 301 301 0 2344 2344 0 2377 2377 0 2371 2371 0 340 340 0 2382 2382 0 338 338 0 2383 2383 0 587 587 0 2010 2010 0 2007 2007 0 564 564 0 2378 2378 0 699 699 0 702 702 0 283 283 0 1160 1160 0 1745 1745 0 1746 1746 0 1451 1451 0 1454 1454 0 1452 1452 0 1497 1497 0 2384 2384 0 1495 1495 0 1419 1419 0 2272 2272 0 1582 1582 0 2032 2032 0 774 774 0 258 258 0 2358 2358 0 2385 2385 0 665 665 0 301 301 0 2386 2386 0 299 299 0 321 321 0 323 323 0 318 318 0 2382 2382 0 336 336 0 338 338 0 563 563 0 2378 2378 0 564 564 0 284 284 0 696 696 0 285 285 0 1197 1197 0 2380 2380 0 2373 2373 0 2384 2384 0 2387 2387 0 1495 1495 0 771 771 0 770 770 0 774 774 0 2385 2385 0 666 666 0 665 665 0 316 316 0 320 320 0 317 317 0 564 564 0 554 554 0 553 553 0 695 695 0 698 698 0 696 696 0 2388 2388 0 1495 1495 0 2387 2387 0 2376 2376 0 311 311 0 308 308 0 311 311 0 312 312 0 314 314 0 550 550 0 565 565 0 2347 2347 0 697 697 0 691 691 0 695 695 0 2387 2387 0 1493 1493 0 2388 2388 0 546 546 0 2347 2347 0 565 565 0 693 693 0 694 694 0 691 691 0 1494 1494 0 2388 2388 0 1493 1493 0 566 566 0 547 547 0 546 546 0 692 692 0 690 690 0 693 693 0 1486 1486 0 1525 1525 0 1524 1524 0 541 541 0 540 540 0 543 543 0 1536 1536 0 1436 1436 0 1438 1438 0 542 542 0 568 568 0 540 540 0 1535 1535 0 1539 1539 0 1536 1536 0 2004 2004 0 538 538 0 567 567 0 1539 1539 0 2131 2131 0 1537 1537 0 2389 2389 0 533 533 0 2312 2312 0 1542 1542 0 1426 1426 0 1425 1425 0 570 570 0 2389 2389 0 2312 2312 0 1423 1423 0 2134 2134 0 1421 1421 0 2312 2312 0 569 569 0 570 570 0 1546 1546 0 1543 1543 0 1544 1544 0 531 531 0 530 530 0 570 570 0 1549 1549 0 1546 1546 0 1545 1545 0 529 529 0 526 526 0 530 530 0 2139 2139 0 1418 1418 0 1420 1420 0 2003 2003 0 2222 2222 0 526 526 0 1588 1588 0 2273 2273 0 1586 1586 0 524 524 0 521 521 0 2222 2222 0 1417 1417 0 1415 1415 0 1414 1414 0 523 523 0 2002 2002 0 521 521 0 1412 1412 0 1413 1413 0 1415 1415 0 520 520 0 516 516 0 2002 2002 0 1415 1415 0 1410 1410 0 1412 1412 0 514 514 0 515 515 0 2221 2221 0 2390 2390 0 1412 1412 0 1411 1411 0 2221 2221 0 2391 2391 0 514 514 0 2337 2337 0 2390 2390 0 1411 1411 0 2391 2391 0 512 512 0 514 514 0 1594 1594 0 2140 2140 0 2274 2274 0 2392 2392 0 2220 2220 0 506 506 0 2353 2353 0 2274 2274 0 2140 2140 0 508 508 0 2392 2392 0 506 506 0 2275 2275 0 1409 1409 0 1600 1600 0 507 507 0 2314 2314 0 508 508 0 1603 1603 0 1600 1600 0 1604 1604 0 572 572 0 508 508 0 2314 2314 0 1605 1605 0 1604 1604 0 1405 1405 0 582 582 0 579 579 0 2008 2008 0 2276 2276 0 2107 2107 0 1607 1607 0 2009 2009 0 2008 2008 0 585 585 0 1399 1399 0 2277 2277 0 1397 1397 0 2383 2383 0 586 586 0 585 585 0 2104 2104 0 2279 2279 0 1394 1394 0 2010 2010 0 586 586 0 2383 2383 0 2102 2102 0 2393 2393 0 1616 1616 0 2346 2346 0 594 594 0 2315 2315 0 2102 2102 0 1617 1617 0 2393 2393 0 2011 2011 0 479 479 0 592 592 0 2099 2099 0 2394 2394 0 1619 1619 0 2218 2218 0 595 595 0 2012 2012 0 2394 2394 0 1382 1382 0 1619 1619 0 596 596 0 477 477 0 597 597 0 1381 1381 0 1618 1618 0 1382 1382 0 1996 1996 0 2316 2316 0 477 477 0 1383 1383 0 1380 1380 0 1381 1381 0 1995 1995 0 478 478 0 474 474 0 1380 1380 0 1377 1377 0 1381 1381 0 2362 2362 0 476 476 0 475 475 0 1375 1375 0 1374 1374 0 1377 1377 0 475 475 0 2395 2395 0 2362 2362 0 1376 1376 0 1621 1621 0 1374 1374 0 2395 2395 0 598 598 0 2362 2362 0 2097 2097 0 1372 1372 0 1620 1620 0 624 624 0 623 623 0 473 473 0 2265 2265 0 2396 2396 0 1369 1369 0 469 469 0 471 471 0 473 473 0 2265 2265 0 1624 1624 0 2396 2396 0 628 628 0 468 468 0 470 470 0 1367 1367 0 1366 1366 0 1363 1363 0 470 470 0 626 626 0 628 628 0 2264 2264 0 1626 1626 0 1625 1625 0 1993 1993 0 628 628 0 627 627 0 1626 1626 0 1361 1361 0 1360 1360 0 637 637 0 1992 1992 0 636 636 0 1362 1362 0 1358 1358 0 1357 1357 0 457 457 0 456 456 0 1990 1990 0 2281 2281 0 1332 1332 0 1334 1334 0 2309 2309 0 2397 2397 0 1989 1989 0 1630 1630 0 2281 2281 0 2143 2143 0 2398 2398 0 1989 1989 0 2397 2397 0 1634 1634 0 1632 1632 0 1631 1631 0 2397 2397 0 639 639 0 2398 2398 0 2149 2149 0 1644 1644 0 1646 1646 0 641 641 0 2398 2398 0 639 639 0 1646 1646 0 1650 1650 0 2149 2149 0 447 447 0 444 444 0 640 640 0 1329 1329 0 1331 1331 0 1654 1654 0 442 442 0 441 441 0 444 444 0 2399 2399 0 1655 1655 0 1654 1654 0 1988 1988 0 643 643 0 441 441 0 1654 1654 0 2400 2400 0 2399 2399 0 440 440 0 438 438 0 642 642 0 2401 2401 0 2399 2399 0 2400 2400 0 431 431 0 2217 2217 0 432 432 0 2400 2400 0 1659 1659 0 2401 2401 0 434 434 0 2402 2402 0 2345 2345 0 1658 1658 0 2401 2401 0 1659 1659 0 2402 2402 0 426 426 0 2345 2345 0 1659 1659 0 1666 1666 0 1660 1660 0 644 644 0 2345 2345 0 426 426 0 2284 2284 0 2283 2283 0 1667 1667 0 2216 2216 0 645 645 0 429 429 0 1668 1668 0 1667 1667 0 1670 1670 0 647 647 0 429 429 0 645 645 0 1674 1674 0 1670 1670 0 1326 1326 0 646 646 0 1983 1983 0 647 647 0 1328 1328 0 1673 1673 0 1326 1326 0 1982 1982 0 647 647 0 1983 1983 0 2151 2151 0 2285 2285 0 1324 1324 0 424 424 0 648 648 0 1982 1982 0 1315 1315 0 1314 1314 0 2354 2354 0 425 425 0 423 423 0 422 422 0 1310 1310 0 1307 1307 0 1311 1311 0 420 420 0 419 419 0 422 422 0 1309 1309 0 2093 2093 0 1307 1307 0 1981 1981 0 2403 2403 0 419 419 0 1305 1305 0 1304 1304 0 2093 2093 0 1981 1981 0 417 417 0 2403 2403 0 1681 1681 0 1682 1682 0 1304 1304 0 415 415 0 414 414 0 417 417 0 1301 1301 0 2263 2263 0 2091 2091 0 1979 1979 0 2404 2404 0 414 414 0 1299 1299 0 1298 1298 0 2091 2091 0 1979 1979 0 412 412 0 2404 2404 0 1296 1296 0 1295 1295 0 1298 1298 0 2405 2405 0 410 410 0 1980 1980 0 2090 2090 0 1683 1683 0 1295 1295 0 1980 1980 0 649 649 0 2405 2405 0 1684 1684 0 1295 1295 0 1683 1683 0 651 651 0 2405 2405 0 649 649 0 1291 1291 0 1290 1290 0 1293 1293 0 649 649 0 1978 1978 0 650 650 0 1288 1288 0 1289 1289 0 1290 1290 0 405 405 0 402 402 0 406 406 0 1282 1282 0 2259 2259 0 2262 2262 0 1977 1977 0 2214 2214 0 402 402 0 2406 2406 0 2261 2261 0 2352 2352 0 400 400 0 399 399 0 2214 2214 0 2407 2407 0 2406 2406 0 2352 2352 0 397 397 0 653 653 0 1975 1975 0 2352 2352 0 2408 2408 0 2407 2407 0 395 395 0 392 392 0 396 396 0 1686 1686 0 2407 2407 0 2408 2408 0 390 390 0 389 389 0 392 392 0 2408 2408 0 1687 1687 0 1686 1686 0 663 663 0 345 345 0 2227 2227 0 1274 1274 0 2409 2409 0 2258 2258 0 314 314 0 310 310 0 311 311 0 2410 2410 0 2258 2258 0 2409 2409 0 2386 2386 0 2411 2411 0 299 299 0 1689 1689 0 2410 2410 0 2409 2409 0 2412 2412 0 299 299 0 2411 2411 0 2409 2409 0 1688 1688 0 1689 1689 0 666 666 0 2412 2412 0 2411 2411 0 1269 1269 0 1266 1266 0 1271 1271 0 2411 2411 0 664 664 0 666 666 0 1268 1268 0 2257 2257 0 1266 1266 0 668 668 0 297 297 0 669 669 0 2088 2088 0 2087 2087 0 2257 2257 0 672 672 0 675 675 0 673 673 0 1264 1264 0 1690 1690 0 2087 2087 0 690 690 0 687 687 0 688 688 0 1260 1260 0 1259 1259 0 1262 1262 0 267 267 0 722 722 0 266 266 0 2256 2256 0 2413 2413 0 1259 1259 0 264 264 0 2228 2228 0 265 265 0 2256 2256 0 1257 1257 0 2413 2413 0 724 724 0 725 725 0 723 723 0 1255 1255 0 1254 1254 0 1257 1257 0 726 726 0 729 729 0 728 728 0 1252 1252 0 1691 1691 0 1254 1254 0 735 735 0 739 739 0 736 736 0 1249 1249 0 2152 2152 0 1251 1251 0 2027 2027 0 2414 2414 0 2231 2231 0 2255 2255 0 2254 2254 0 2331 2331 0 2414 2414 0 745 745 0 2231 2231 0 2415 2415 0 2331 2331 0 2254 2254 0 746 746 0 2028 2028 0 748 748 0 1693 1693 0 2415 2415 0 2254 2254 0 2348 2348 0 762 762 0 761 761 0 1243 1243 0 1239 1239 0 1238 1238 0 761 761 0 2416 2416 0 2348 2348 0 1237 1237 0 1694 1694 0 1238 1238 0 2416 2416 0 2319 2319 0 2348 2348 0 1230 1230 0 1226 1226 0 1228 1228 0 260 260 0 262 262 0 2233 2233 0 1231 1231 0 2252 2252 0 1229 1229 0 2031 2031 0 2233 2233 0 770 770 0 2417 2417 0 1229 1229 0 1223 1223 0 776 776 0 778 778 0 2033 2033 0 1225 1225 0 2417 2417 0 1223 1223 0 250 250 0 246 246 0 248 248 0 2373 2373 0 2418 2418 0 1197 1197 0 1964 1964 0 2419 2419 0 244 244 0 2418 2418 0 1193 1193 0 1197 1197 0 1964 1964 0 781 781 0 2419 2419 0 1183 1183 0 2081 2081 0 1696 1696 0 241 241 0 782 782 0 239 239 0 1172 1172 0 1167 1167 0 1169 1169 0 235 235 0 233 233 0 237 237 0 1750 1750 0 1748 1748 0 1747 1747 0 1963 1963 0 234 234 0 233 233 0 1131 1131 0 2072 2072 0 1129 1129 0 2420 2420 0 232 232 0 1962 1962 0 2247 2247 0 2168 2168 0 2167 2167 0 785 785 0 2420 2420 0 1962 1962 0 1108 1108 0 2070 2070 0 2069 2069 0 1962 1962 0 2207 2207 0 785 785 0 1104 1104 0 2421 2421 0 1105 1105 0 787 787 0 227 227 0 226 226 0 2422 2422 0 1105 1105 0 2421 2421 0 2423 2423 0 787 787 0 786 786 0 2421 2421 0 2068 2068 0 2422 2422 0 788 788 0 2423 2423 0 786 786 0 2169 2169 0 2422 2422 0 2068 2068 0 789 789 0 224 224 0 221 221 0 1102 1102 0 1098 1098 0 1097 1097 0 223 223 0 219 219 0 221 221 0 1094 1094 0 2329 2329 0 1095 1095 0 206 206 0 790 790 0 219 219 0 2067 2067 0 2288 2288 0 2246 2246 0 207 207 0 1959 1959 0 205 205 0 1087 1087 0 2246 2246 0 1088 1088 0 218 218 0 215 215 0 1959 1959 0 1089 1089 0 2424 2424 0 1087 1087 0 203 203 0 213 213 0 212 212 0 1089 1089 0 1084 1084 0 2424 2424 0 2302 2302 0 204 204 0 203 203 0 1086 1086 0 1083 1083 0 1080 1080 0 2304 2304 0 2341 2341 0 791 791 0 1082 1082 0 1778 1778 0 1080 1080 0 2356 2356 0 199 199 0 201 201 0 1076 1076 0 1075 1075 0 1077 1077 0 200 200 0 2321 2321 0 1956 1956 0 2328 2328 0 1072 1072 0 2245 2245 0 2425 2425 0 1956 1956 0 2321 2321 0 2327 2327 0 2065 2065 0 2328 2328 0 794 794 0 2425 2425 0 2321 2321 0 2426 2426 0 2328 2328 0 2065 2065 0 2427 2427 0 799 799 0 196 196 0 1067 1067 0 2426 2426 0 2065 2065 0 198 198 0 2427 2427 0 196 196 0 2428 2428 0 2351 2351 0 2366 2366 0 197 197 0 803 803 0 198 198 0 2366 2366 0 2429 2429 0 2428 2428 0 2034 2034 0 802 802 0 803 803 0 1782 1782 0 2428 2428 0 2429 2429 0 2323 2323 0 2349 2349 0 2035 2035 0 2429 2429 0 1780 1780 0 1782 1782 0 2322 2322 0 2323 2323 0 2035 2035 0 1795 1795 0 1055 1055 0 1057 1057 0 2236 2236 0 192 192 0 2235 2235 0 1057 1057 0 1052 1052 0 1795 1795 0 2037 2037 0 2235 2235 0 814 814 0 1053 1053 0 1799 1799 0 1054 1054 0 817 817 0 814 814 0 818 818 0 1797 1797 0 1796 1796 0 2338 2338 0 1955 1955 0 821 821 0 187 187 0 1804 1804 0 1801 1801 0 1050 1050 0 1954 1954 0 823 823 0 184 184 0 1049 1049 0 1051 1051 0 2172 2172 0 826 826 0 828 828 0 2324 2324 0 1046 1046 0 2173 2173 0 2172 2172 0 2430 2430 0 170 170 0 2301 2301 0 2174 2174 0 2173 2173 0 1046 1046 0 829 829 0 2430 2430 0 2301 2301 0 1808 1808 0 1048 1048 0 1047 1047 0 2301 2301 0 830 830 0 829 829 0 1047 1047 0 2289 2289 0 1807 1807 0 830 830 0 169 169 0 166 166 0 2061 2061 0 1807 1807 0 2062 2062 0 168 168 0 2205 2205 0 166 166 0 1813 1813 0 1045 1045 0 2290 2290 0 831 831 0 832 832 0 2205 2205 0 2175 2175 0 2290 2290 0 1814 1814 0 163 163 0 162 162 0 164 164 0 2431 2431 0 1815 1815 0 1814 1814 0 2381 2381 0 835 835 0 2374 2374 0 1814 1814 0 2432 2432 0 2431 2431 0 834 834 0 2374 2374 0 835 835 0 2433 2433 0 2431 2431 0 2432 2432 0 835 835 0 836 836 0 833 833 0 1818 1818 0 2433 2433 0 2432 2432 0 2363 2363 0 833 833 0 837 837 0 2432 2432 0 2434 2434 0 1818 1818 0 851 851 0 850 850 0 852 852 0 2434 2434 0 1819 1819 0 1818 1818 0 853 853 0 852 852 0 143 143 0 2176 2176 0 1817 1817 0 1819 1819 0 2040 2040 0 140 140 0 142 142 0 2291 2291 0 2176 2176 0 1823 1823 0 142 142 0 2238 2238 0 2040 2040 0 1828 1828 0 1826 1826 0 2435 2435 0 127 127 0 126 126 0 129 129 0 1828 1828 0 2435 2435 0 1829 1829 0 121 121 0 866 866 0 126 126 0 1042 1042 0 1041 1041 0 1829 1829 0 867 867 0 868 868 0 120 120 0 1831 1831 0 1040 1040 0 1042 1042 0 136 136 0 2041 2041 0 134 134 0 1042 1042 0 2178 2178 0 1038 1038 0 112 112 0 2436 2436 0 118 118 0 1833 1833 0 1832 1832 0 2437 2437 0 112 112 0 111 111 0 2436 2436 0 1833 1833 0 2437 2437 0 2180 2180 0 117 117 0 114 114 0 111 111 0 1837 1837 0 2293 2293 0 2180 2180 0 1946 1946 0 2438 2438 0 114 114 0 2339 2339 0 2060 2060 0 1032 1032 0 1946 1946 0 1945 1945 0 2438 2438 0 1031 1031 0 1033 1033 0 1839 1839 0 2202 2202 0 2239 2239 0 1945 1945 0 1840 1840 0 1839 1839 0 1842 1842 0 2340 2340 0 2439 2439 0 1943 1943 0 2182 2182 0 1842 1842 0 1029 1029 0 2340 2340 0 879 879 0 2439 2439 0 1027 1027 0 2243 2243 0 1026 1026 0 94 94 0 93 93 0 878 878 0 1016 1016 0 1014 1014 0 1013 1013 0 883 883 0 2440 2440 0 880 880 0 1014 1014 0 1845 1845 0 2057 2057 0 2441 2441 0 880 880 0 2440 2440 0 1846 1846 0 1849 1849 0 1847 1847 0 897 897 0 2441 2441 0 2440 2440 0 2184 2184 0 1851 1851 0 1850 1850 0 2440 2440 0 2379 2379 0 897 897 0 1011 1011 0 2056 2056 0 1007 1007 0 78 78 0 77 77 0 80 80 0 1008 1008 0 1004 1004 0 1006 1006 0 83 83 0 2442 2442 0 77 77 0 1005 1005 0 1006 1006 0 1004 1004 0 83 83 0 82 82 0 2442 2442 0 1003 1003 0 2055 2055 0 1002 1002 0 72 72 0 898 898 0 74 74 0 2443 2443 0 1003 1003 0 999 999 0 2201 2201 0 2298 2298 0 66 66 0 2241 2241 0 2443 2443 0 999 999 0 64 64 0 2444 2444 0 2298 2298 0 997 997 0 1001 1001 0 998 998 0 64 64 0 63 63 0 2444 2444 0 998 998 0 1867 1867 0 996 996 0 62 62 0 60 60 0 899 899 0 1869 1869 0 996 996 0 1867 1867 0 2445 2445 0 902 902 0 901 901 0 2295 2295 0 1864 1864 0 1871 1871 0 904 904 0 2445 2445 0 901 901 0 1887 1887 0 1878 1878 0 2446 2446 0 56 56 0 905 905 0 904 904 0 1887 1887 0 2446 2446 0 1885 1885 0 54 54 0 53 53 0 55 55 0 992 992 0 1888 1888 0 1885 1885 0 1931 1931 0 2297 2297 0 53 53 0 991 991 0 1888 1888 0 992 992 0 48 48 0 47 47 0 49 49 0 992 992 0 1889 1889 0 2054 2054 0 46 46 0 35 35 0 47 47 0 1891 1891 0 2054 2054 0 1889 1889 0 39 39 0 909 909 0 40 40 0 1892 1892 0 1891 1891 0 1890 1890 0 909 909 0 910 910 0 907 907 0 989 989 0 987 987 0 986 986 0 912 912 0 907 907 0 910 910 0 2447 2447 0 985 985 0 987 987 0 914 914 0 912 912 0 911 911 0 1894 1894 0 2447 2447 0 987 987 0 916 916 0 914 914 0 915 915 0 1901 1901 0 2194 2194 0 1899 1899 0 31 31 0 30 30 0 33 33 0 1904 1904 0 1899 1899 0 2448 2448 0 1923 1923 0 2046 2046 0 1921 1921 0 1904 1904 0 2448 2448 0 984 984 0 929 929 0 2048 2048 0 927 927 0 978 978 0 980 980 0 1905 1905 0 945 945 0 2365 2365 0 942 942 0 2196 2196 0 1905 1905 0 1907 1907 0 942 942 0 943 943 0 945 945 0 1912 1912 0 2051 2051 0 971 971 0 944 944 0 948 948 0 946 946 0 958 958 0 2350 2350 0 956 956 0</p></triangles></mesh></geometry></library_geometries><library_visual_scenes><visual_scene id="Scene"><node id="road-node"><instance_geometry url="#road"><bind_material><technique_common><instance_material symbol="asphalt" target="#asphalt-material"><bind_vertex_input semantic="UVSET0" input_semantic="TEXCOORD" input_set="0" /></instance_material></technique_common></bind_material></instance_geometry></node></visual_scene></library_visual_scenes><scene><instance_visual_scene url="#Scene" /></scene></COLLADA>