<?xml version='1.0' encoding='utf-8'?>
<COLLADA xmlns="http://www.collada.org/2005/11/COLLADASchema" version="1.4.1"><asset><created>2026-09-12T00:00:00Z</created><modified>2026-09-12T00:00:00Z</modified><unit name="meter" meter="1" /><up_axis>Z_UP</up_axis></asset><library_images><image id="asphalt-image"><init_from>textures/asphalt.png</init_from></image></library_images><library_effects><effect id="asphalt-effect"><profile_COMMON><newparam sid="surface"><surface type="2D"><init_from>asphalt-image</init_from></surface></newparam><newparam sid="sampler"><sampler2D><source>surface</source></sampler2D></newparam><technique sid="common"><phong><diffuse><texture texture="sampler" texcoord="UVSET0" /></diffuse><specular><color>0.02 0.02 0.02 1</color></specular></phong></technique></profile_COMMON></effect></library_effects><library_materials><material id="asphalt-material"><instance_effect url="#asphalt-effect" /></material></library_materials><library_geometries><geometry id="road"><mesh><source id="positions"><float_array id="positions-array" count="6774">-4.7005659 -4.1806005 0.0000000 -4.8661210 -4.3677044 0.0000000 -3.7427457 -5.3617003 0.0000000 -4.0738559 -5.7359082 0.0000000 -3.9083008 -5.5488042 0.0000000 -5.0316761 -4.5548083 0.0000000 -4.4049662 -6.1101161 0.0000000 -5.5283415 -5.1161201 0.0000000 -5.6938966 -5.3032241 0.0000000 -6.0250069 -5.6774320 0.0000000 -4.5705213 -6.2972200 0.0000000 -5.0671867 -6.8585318 0.0000000 -4.9016316 -6.6714279 0.0000000 -6.1905620 -5.8645359 0.0000000 -6.3561171 -6.0516398 0.0000000 -6.5216723 -6.2387438 0.0000000 -5.2327418 -7.0456357 0.0000000 -7.0183377 -6.8000556 0.0000000 -5.3982969 -7.2327397 0.0000000 -6.0605174 -7.9811554 0.0000000 -5.8949623 -7.7940515 0.0000000 -7.1838928 -6.9871595 0.0000000 -7.3494479 -7.1742634 0.0000000 -6.2260726 -8.1682594 0.0000000 -6.5571828 -8.5424672 0.0000000 -6.3916277 -8.3553633 0.0000000 -7.6805582 -7.5484713 0.0000000 -6.7227380 -8.7295712 0.0000000 -7.8306672 -7.7181187 0.0000000 -6.9313891 -8.9398045 0.0000000 -6.7546844 -8.7634915 0.0000000 -6.9460367 -8.9540270 0.0000000 -7.9836447 -7.8707570 0.0000000 -7.1276287 -9.1256100 0.0000000 -7.3601821 -9.3411882 0.0000000 -7.3092207 -9.2971930 0.0000000 -8.3149157 -8.1837690 0.0000000 -8.4520110 -8.2917752 0.0000000 -7.8331746 -9.6741295 0.0000000 -7.6214545 -9.5414985 0.0000000 -7.5554818 -9.4950489 0.0000000 -9.0123439 -8.6427931 0.0000000 -8.3406994 -9.9848765 0.0000000 -8.2566148 -9.9393916 0.0000000 -8.5675251 -10.0894769 0.0000000 -9.7957172 -9.0017393 0.0000000 -9.2512893 -10.4021756 0.0000000 -8.5696839 -10.0904682 0.0000000 -9.4163162 -10.4555889 0.0000000 -12.1570474 -9.4528551 0.0000000 -12.4024697 -9.4995909 0.0000000 -11.8764448 -10.9263755 0.0000000 -12.8933145 -9.5930625 0.0000000 -13.1261564 -9.6374026 0.0000000 -12.6127120 -11.0665829 0.0000000 -19.7200362 -10.1528872 0.0000000 -19.9494669 -11.6561430 0.0000000 -19.6996572 -11.6527488 0.0000000 -14.3385402 -9.8100079 0.0000000 -14.5859811 -9.8444953 0.0000000 -14.1314771 -11.2956474 0.0000000 -14.6263589 -11.3646223 0.0000000 -14.3789180 -11.3301348 0.0000000 -14.8334220 -9.8789827 0.0000000 -15.5757447 -9.9824450 0.0000000 -16.3113324 -10.0849686 0.0000000 -15.3686816 -11.4680846 0.0000000 -16.3722756 -11.6032680 0.0000000 -16.1244902 -11.5733020 0.0000000 -16.5125819 -10.1093068 0.0000000 -16.4521318 -11.6086239 0.0000000 -16.7019414 -11.6120181 0.0000000 -15.1212407 -11.4335971 0.0000000 -15.3283038 -9.9479576 0.0000000 -20.4638519 -10.1629936 0.0000000 -20.4603132 -11.6629999 0.0000000 -20.4490862 -11.6629314 0.0000000 -20.7101371 -11.6626543 0.0000000 -20.7063408 -10.1626581 0.0000000 -20.7135794 -11.6626416 0.0000000 -12.3672896 -11.0198471 0.0000000 -22.4534175 -10.1522223 0.0000000 -22.9620337 -11.6492110 0.0000000 -22.4623772 -11.6521956 0.0000000 -23.2029022 -10.1477455 0.0000000 -24.2111750 -11.6417495 0.0000000 -23.2118620 -11.6477187 0.0000000 -24.4520435 -10.1402840 0.0000000 -24.9606598 -11.6372727 0.0000000 -24.4610033 -11.6402572 0.0000000 -25.4513565 -10.1343148 0.0000000 -26.2098010 -11.6298112 0.0000000 -25.4603163 -11.6342881 0.0000000 -26.4506695 -10.1283457 0.0000000 -26.9592858 -11.6253343 0.0000000 -26.4596293 -11.6283189 0.0000000 -28.1994673 -10.1178996 0.0000000 -28.4582553 -11.6163806 0.0000000 -28.2084271 -11.6178729 0.0000000 -28.4492956 -10.1164073 0.0000000 -28.7065019 -11.6148977 0.0000000 -34.9399728 -11.6864284 0.0000000 -34.6901582 -11.6834276 0.0000000 -34.9579897 -10.1865366 0.0000000 -35.2078044 -10.1895374 0.0000000 -35.4396022 -11.6924300 0.0000000 -35.1897875 -11.6894292 0.0000000 -35.9392316 -11.6984316 0.0000000 -35.6894169 -11.6954308 0.0000000 -35.9572485 -10.1985398 0.0000000 -36.2070632 -10.2015406 0.0000000 -36.4568779 -10.2045414 0.0000000 -36.1890463 -11.7014324 0.0000000 -36.7066926 -10.2075422 0.0000000 -36.6886757 -11.7074340 0.0000000 -36.9565072 -10.2105430 0.0000000 -37.2063219 -10.2135438 0.0000000 -37.4561366 -10.2165446 0.0000000 -37.1883050 -11.7134356 0.0000000 -37.6879344 -11.7194372 0.0000000 -37.4381197 -11.7164364 0.0000000 -38.1875638 -11.7254388 0.0000000 -38.2055807 -10.2255470 0.0000000 -38.4553954 -10.2285479 0.0000000 -38.7052101 -10.2315487 0.0000000 -38.4373785 -11.7284396 0.0000000 -39.2118793 -11.7333652 0.0000000 -39.1986889 -11.7335318 0.0000000 -39.1863399 -10.2335681 0.0000000 -39.9290716 -10.2176532 0.0000000 -40.1788469 -10.2123012 0.0000000 -40.2109808 -11.7119569 0.0000000 -42.1770500 -10.1694847 0.0000000 -42.4268253 -10.1641326 0.0000000 -42.4589592 -11.6637884 0.0000000 -42.2091838 -11.6691404 0.0000000 -41.2100823 -11.6905487 0.0000000 -41.1779484 -10.1908929 0.0000000 -39.9612054 -11.7173090 0.0000000 -39.7114301 -11.7226611 0.0000000 -39.6792962 -10.2230053 0.0000000 -40.9281731 -10.1962450 0.0000000 -42.6766007 -10.1587805 0.0000000 -42.7087346 -11.6584363 0.0000000 -43.4580607 -11.6423801 0.0000000 -43.4259268 -10.1427244 0.0000000 -44.9567130 -11.6102678 0.0000000 -43.7078361 -11.6370281 0.0000000 -44.9245791 -10.1106120 0.0000000 -45.1743545 -10.1052599 0.0000000 -45.9558145 -11.5888595 0.0000000 -45.2064884 -11.6049157 0.0000000 -46.6530455 -10.0735753 0.0000000 -46.7051406 -11.5728033 0.0000000 -46.4553652 -11.5781554 0.0000000 -46.8369958 -10.0598171 0.0000000 -46.9933612 -11.5523117 0.0000000 -46.7450121 -11.5708865 0.0000000 -47.0816301 -11.5404063 0.0000000 -48.3860730 -9.7555512 0.0000000 -48.8016014 -11.2019123 0.0000000 -48.5569447 -11.2513313 0.0000000 -49.0251419 -11.1179812 0.0000000 -49.5101618 -9.1133705 0.0000000 -50.3267127 -10.3744066 0.0000000 -50.1097843 -10.4983357 0.0000000 -50.4607922 -10.2766715 0.0000000 -50.6442235 -10.1089393 0.0000000 -49.6192749 -9.0135959 0.0000000 -50.8455447 -9.9082271 0.0000000 -50.6691107 -10.0851096 0.0000000 -50.4892752 -8.1413841 0.0000000 -51.5512808 -9.2006972 0.0000000 -51.0219787 -9.7313446 0.0000000 -50.6657092 -7.9645016 0.0000000 -51.8909659 -8.8601487 0.0000000 -51.7277148 -9.0238147 0.0000000 -53.4969726 -8.5859952 0.0000000 -53.3670251 -8.6182395 0.0000000 -53.0478742 -7.1498022 0.0000000 -54.2599237 -8.0374903 0.0000000 -54.2198958 -8.0898391 0.0000000 -54.0634373 -8.2768232 0.0000000 -53.7331138 -8.5044247 0.0000000 -54.5368245 -7.4373401 0.0000000 -54.4028105 -7.8325519 0.0000000 -54.5478140 -7.1932740 0.0000000 -54.5481869 -7.1354745 0.0000000 -53.1239258 -8.6559366 0.0000000 -52.9954804 -8.6646727 0.0000000 -52.9579163 -7.1637519 0.0000000 -53.0249116 -6.4344898 0.0000000 -54.5161234 -6.1366582 0.0000000 -54.5241393 -6.3863623 0.0000000 -53.0088798 -5.9350816 0.0000000 -54.5000917 -5.6372500 0.0000000 -54.5081076 -5.8869541 0.0000000 -52.9928481 -5.4356734 0.0000000 -54.4840599 -5.1378419 0.0000000 -54.4920758 -5.3875460 0.0000000 -52.9768163 -4.9362653 0.0000000 -54.4680282 -4.6384337 0.0000000 -54.4760440 -4.8881378 0.0000000 -52.9607846 -4.4368571 0.0000000 -54.4519964 -4.1390255 0.0000000 -54.4600123 -4.3887296 0.0000000 -52.9367369 -3.6877449 0.0000000 -54.4279488 -3.3899133 0.0000000 -54.4359647 -3.6396174 0.0000000 -52.9207052 -3.1883367 0.0000000 -54.4119170 -2.8905051 0.0000000 -54.4199329 -3.1402092 0.0000000 -52.9046734 -2.6889285 0.0000000 -54.3961471 -2.3992539 0.0000000 -54.4039011 -2.6408010 0.0000000 -52.8254659 4.8131810 0.0000000 -54.3197650 5.0951143 0.0000000 -54.3251211 4.8453390 0.0000000 -52.8415341 4.0638551 0.0000000 -54.3358333 4.3457884 0.0000000 -54.3411894 4.0960131 0.0000000 -52.8910078 0.3321535 0.0000000 -54.3910070 0.3337649 0.0000000 -54.3912754 0.0839324 0.0000000 -52.8904710 0.8318186 0.0000000 -54.3904702 0.8334301 0.0000000 -54.3907386 0.5835975 0.0000000 -52.8894054 1.8237658 0.0000000 -54.3893966 1.8327603 0.0000000 -54.3896650 1.5829278 0.0000000 -54.3892353 1.8475248 0.0000000 -54.3840380 2.0978108 0.0000000 -52.8576024 3.3145292 0.0000000 -54.3572576 3.3466873 0.0000000 -54.3679698 2.8471367 0.0000000 -52.8308220 4.5634057 0.0000000 -54.3304772 4.5955637 0.0000000 -52.8093976 5.5625069 0.0000000 -54.3036968 5.8444402 0.0000000 -54.3090529 5.5946649 0.0000000 -52.7986854 6.0620574 0.0000000 -54.2983407 6.0942155 0.0000000 -52.7719050 7.3109339 0.0000000 -54.2715603 7.3430919 0.0000000 -54.2769164 7.0933166 0.0000000 -52.7451246 8.5598103 0.0000000 -54.2447799 8.5919684 0.0000000 -54.2501359 8.3421931 0.0000000 -54.2394238 8.8417437 0.0000000 -52.7130395 10.0560667 0.0000000 -54.2126433 10.0906201 0.0000000 -54.2179994 9.8408448 0.0000000 -54.2125253 10.0954104 0.0000000 -52.7062457 10.3001249 0.0000000 -54.2053627 10.3516902 0.0000000 -54.2055737 10.3451394 0.0000000 -54.1962288 10.6013559 0.0000000 -52.6789637 11.0458470 0.0000000 -54.1688270 11.3503530 0.0000000 -54.1779609 11.1006873 0.0000000 -52.6606959 11.5451784 0.0000000 -54.1414252 12.0993500 0.0000000 -54.1596931 11.6000187 0.0000000 -52.6332941 12.2941754 0.0000000 -54.1231573 12.5986814 0.0000000 -54.1322913 12.3490157 0.0000000 -52.6150262 12.7935068 0.0000000 -54.0957555 13.3476785 0.0000000 -54.1140234 12.8483471 0.0000000 -52.5876244 13.5425039 0.0000000 -54.0774877 13.8470098 0.0000000 -54.0866216 13.5973442 0.0000000 -52.5693566 14.0418352 0.0000000 -54.0592198 14.3463412 0.0000000 -54.0683538 14.0966755 0.0000000 -52.5419548 14.7908323 0.0000000 -54.0318180 15.0953383 0.0000000 -54.0409520 14.8456726 0.0000000 -52.5236869 15.2901637 0.0000000 -54.0135502 15.5946696 0.0000000 -54.0226841 15.3450040 0.0000000 -52.5054191 15.7894951 0.0000000 -53.9861484 16.3436667 0.0000000 -54.0044162 15.8443353 0.0000000 -52.4780173 16.5384921 0.0000000 -53.9678805 16.8429981 0.0000000 -53.9770144 16.5933324 0.0000000 -52.4597494 17.0378235 0.0000000 -53.9404787 17.5919951 0.0000000 -53.9587466 17.0926638 0.0000000 -52.4323476 17.7868205 0.0000000 -53.9222109 18.0913265 0.0000000 -53.9313448 17.8416608 0.0000000 -52.4140798 18.2861519 0.0000000 -53.8948091 18.8403236 0.0000000 -53.9130769 18.3409922 0.0000000 -52.3866780 19.0351490 0.0000000 -53.8765412 19.3396549 0.0000000 -53.8856751 19.0899893 0.0000000 -52.3592762 19.7841460 0.0000000 -53.8582733 19.8389863 0.0000000 -53.8674073 19.5893206 0.0000000 -52.3410083 20.2834774 0.0000000 -53.8308716 20.5879834 0.0000000 -53.8400055 20.3383177 0.0000000 -52.3227404 20.7828088 0.0000000 -53.8034698 21.3369804 0.0000000 -53.8217376 20.8376491 0.0000000 -52.2953386 21.5318058 0.0000000 -53.7852019 21.8363118 0.0000000 -53.7943358 21.5866461 0.0000000 -52.2679369 22.2808029 0.0000000 -53.7669340 22.3356432 0.0000000 -53.7760680 22.0859775 0.0000000 -52.2496690 22.7801343 0.0000000 -53.7395322 23.0846402 0.0000000 -53.7486662 22.8349745 0.0000000 -52.2314011 23.2794656 0.0000000 -53.7212644 23.5839716 0.0000000 -53.7303983 23.3343059 0.0000000 -52.2039993 24.0284627 0.0000000 -53.7029965 24.0833030 0.0000000 -53.7121304 23.8336373 0.0000000 -52.1857315 24.5277941 0.0000000 -53.6755947 24.8323000 0.0000000 -53.6847287 24.5826343 0.0000000 -52.1674636 25.0271254 0.0000000 -53.6481929 25.5812971 0.0000000 -53.6664608 25.0819657 0.0000000 -52.1400618 25.7761225 0.0000000 -53.6299251 26.0806285 0.0000000 -53.6390590 25.8309628 0.0000000 -52.1177455 27.8049291 0.0000000 -53.6188089 28.0482907 0.0000000 -53.6177315 27.7984603 0.0000000 -52.1231325 29.0540811 0.0000000 -53.6241960 29.2974427 0.0000000 -53.6231186 29.0476123 0.0000000 -52.1348303 31.0543792 0.0000000 -53.6364325 31.2943944 0.0000000 -53.6347982 31.0445670 0.0000000 -52.1413674 32.0536887 0.0000000 -53.6413353 32.0438765 0.0000000 -53.6397011 31.7940491 0.0000000 -52.1545223 34.0525397 0.0000000 -53.6561989 34.2920891 0.0000000 -53.6544871 34.0422623 0.0000000 -52.1579458 34.5521934 0.0000000 -53.6630459 35.2913965 0.0000000 -53.6579106 34.5419160 0.0000000 -52.1733517 36.8006350 0.0000000 -53.6750282 37.0401844 0.0000000 -53.6733165 36.7903576 0.0000000 -52.1801987 37.7999424 0.0000000 -53.6818753 38.0394918 0.0000000 -53.6801635 37.7896650 0.0000000 -52.1819105 38.0497692 0.0000000 -53.6852988 38.5391455 0.0000000 -51.6982755 48.1775961 0.0000000 -53.1584842 48.6021039 0.0000000 -53.1878660 48.3540049 0.0000000 -52.1354888 42.5072155 0.0000000 -53.6121584 43.0721160 0.0000000 -53.6340487 42.5729303 0.0000000 -52.1938928 39.7985572 0.0000000 -53.6972811 40.2879334 0.0000000 -53.6938576 39.7882797 0.0000000 -52.1973163 40.2982109 0.0000000 -53.6989929 40.5377603 0.0000000 -52.2007193 40.7948709 0.0000000 -53.7007218 40.7935746 0.0000000 -53.7007046 40.7875871 0.0000000 -52.2004582 41.0256551 0.0000000 -53.7004391 41.0433645 0.0000000 -53.6997195 41.0753732 0.0000000 -52.0049945 45.2474746 0.0000000 -53.5031049 45.3227424 0.0000000 -53.5156411 45.0732244 0.0000000 -52.0801504 43.7515900 0.0000000 -53.5783223 43.8256345 0.0000000 -53.5784412 43.8231877 0.0000000 -52.0551394 44.2494027 0.0000000 -53.5532498 44.3246704 0.0000000 -53.5657861 44.0751525 0.0000000 -51.7276573 47.9294972 0.0000000 -53.2172478 48.1059060 0.0000000 -53.2760114 47.6097080 0.0000000 -53.5407136 44.5741884 0.0000000 -52.0300670 44.7484387 0.0000000 -53.5281774 44.8237064 0.0000000 -51.9805975 45.7330656 0.0000000 -53.4780324 45.8217784 0.0000000 -53.4905687 45.5722604 0.0000000 -53.4547290 46.0974009 0.0000000 -53.4761994 45.8486355 0.0000000 -51.9613097 45.9565429 0.0000000 -53.4523021 46.1211143 0.0000000 -51.9039480 46.4409034 0.0000000 -53.3641568 46.8654112 0.0000000 -53.3935385 46.6173122 0.0000000 -52.1853340 38.5494229 0.0000000 -53.6870105 38.7889724 0.0000000 -51.5515416 49.4166126 0.0000000 -53.0409571 49.5944997 0.0000000 -53.0703388 49.3464008 0.0000000 -52.0438300 -7.1830007 0.0000000 -52.2731389 -7.1514080 0.0000000 -52.3632257 -8.6532756 0.0000000 -51.8073011 -7.2540601 0.0000000 -52.2653616 -8.6826765 0.0000000 -51.7550033 -7.2718970 0.0000000 -51.9561033 -8.8010418 0.0000000 -50.8691505 -7.7618583 0.0000000 -51.0524437 -7.5955348 0.0000000 -50.8421433 -7.7876192 0.0000000 -49.7835391 -8.8489141 0.0000000 -49.9599731 -8.6720316 0.0000000 -49.8928558 -10.6222648 0.0000000 -49.1487833 -9.3198224 0.0000000 -49.3657118 -9.1958933 0.0000000 -48.4979979 -9.6916097 0.0000000 -49.2420704 -10.9940521 0.0000000 -46.2055899 -11.5835074 0.0000000 -46.1734560 -10.0838517 0.0000000 -37.7059513 -10.2195454 0.0000000 -36.4388610 -11.7044332 0.0000000 -35.4576191 -10.1925382 0.0000000 -33.2092869 -10.1655309 0.0000000 -33.4591016 -10.1685317 0.0000000 -33.4410847 -11.6684235 0.0000000 -33.1912700 -11.6654227 0.0000000 -32.9414553 -11.6624219 0.0000000 -32.9594722 -10.1625301 0.0000000 -32.4598429 -10.1565285 0.0000000 -32.7096575 -10.1595293 0.0000000 -32.4418260 -11.6564203 0.0000000 -32.1920113 -11.6534195 0.0000000 -31.6923819 -11.6474179 0.0000000 -32.2100282 -10.1535277 0.0000000 -31.2107694 -10.1415245 0.0000000 -31.4605841 -10.1445253 0.0000000 -31.1927525 -11.6414163 0.0000000 -24.2022152 -10.1417763 0.0000000 -30.9609547 -10.1385237 0.0000000 -30.9429378 -11.6384155 0.0000000 -30.6931231 -11.6354147 0.0000000 -30.4613253 -10.1325221 0.0000000 -30.7111400 -10.1355229 0.0000000 -30.4433085 -11.6324138 0.0000000 -30.1934938 -11.6294130 0.0000000 -29.9616960 -10.1265204 0.0000000 -30.2115107 -10.1295212 0.0000000 -29.9436791 -11.6264122 0.0000000 -29.4440497 -11.6204106 0.0000000 -29.2122519 -10.1175180 0.0000000 -29.4620666 -10.1205188 0.0000000 -29.1942350 -11.6174098 0.0000000 -28.9495826 -11.6144710 0.0000000 -28.9521122 -10.1144643 0.0000000 -28.9624372 -10.1145172 0.0000000 -28.7022872 -10.1149028 0.0000000 -28.6991238 -10.1149150 0.0000000 -27.2001543 -10.1238688 0.0000000 -26.9503260 -10.1253611 0.0000000 -26.2008413 -10.1298380 0.0000000 -25.2104880 -11.6357804 0.0000000 -24.9517000 -10.1372994 0.0000000 -25.2015283 -10.1358071 0.0000000 -22.9530740 -10.1492378 0.0000000 -22.2035892 -10.1537146 0.0000000 -21.2132359 -11.6596571 0.0000000 -20.9544479 -10.1611761 0.0000000 -21.2042762 -10.1596838 0.0000000 -20.9634077 -11.6611493 0.0000000 -18.7004186 -11.6391719 0.0000000 -18.7207976 -10.1393103 0.0000000 -18.2007993 -11.6323834 0.0000000 -18.2211783 -10.1325219 0.0000000 -18.4709879 -10.1359161 0.0000000 -16.9517511 -11.6154124 0.0000000 -16.7223203 -10.1121566 0.0000000 -16.9721300 -10.1155508 0.0000000 -11.4207802 -9.3126477 0.0000000 -11.9116250 -9.4061193 0.0000000 -11.6310224 -10.8796397 0.0000000 -10.6845130 -9.1724404 0.0000000 -10.9299354 -9.2191762 0.0000000 -10.6493329 -10.6926965 0.0000000 -10.4390906 -9.1257046 0.0000000 -10.1584881 -10.5992249 0.0000000 -9.9515427 -9.0328608 0.0000000 -10.1936682 -9.0789688 0.0000000 -9.9130657 -10.5524891 0.0000000 -9.6676433 -10.5057533 0.0000000 -9.6610554 -10.5044682 0.0000000 -8.0448947 -9.8067605 0.0000000 -8.6294936 -8.4029584 0.0000000 -8.8412137 -8.5355894 0.0000000 -2.4183046 -3.8648688 0.0000000 -2.0871944 -3.4906609 0.0000000 -3.5416800 -2.8708729 0.0000000 -1.9216393 -3.3035570 0.0000000 -3.0450146 -2.3095611 0.0000000 -1.0938636 -2.3680373 0.0000000 -0.9283085 -2.1809334 0.0000000 -2.2172389 -1.3740414 0.0000000 -1.8861287 -0.9998335 0.0000000 -2.0516838 -1.1869375 0.0000000 -1.7205736 -0.8127296 0.0000000 -0.7627534 -1.9938294 0.0000000 -0.5971982 -1.8067255 0.0000000 -0.4316431 -1.6196216 0.0000000 -1.2239082 -0.2514178 0.0000000 -1.5550184 -0.6256257 0.0000000 -0.1005328 -1.2454137 0.0000000 0.0650223 -1.0583098 0.0000000 -1.0583531 -0.0643139 0.0000000 0.3961325 -0.6841019 0.0000000 0.5610921 -0.4976711 0.0000000 -0.7272428 0.3098940 0.0000000 -0.5604949 0.4983427 0.0000000 -0.5616877 0.4969980 0.0000000 0.8925011 -0.1249295 0.0000000 1.0585042 0.0617771 0.0000000 -0.2284887 0.8717559 0.0000000 0.2695205 1.4318758 0.0000000 0.1035174 1.2451692 0.0000000 1.2245072 0.2484837 0.0000000 0.7675298 1.9919956 0.0000000 0.6015267 1.8052890 0.0000000 1.8885196 0.9953102 0.0000000 1.5565134 0.6218970 0.0000000 1.7225165 0.8086036 0.0000000 0.9335328 2.1787022 0.0000000 2.0545226 1.1820168 0.0000000 2.2205257 1.3687234 0.0000000 1.0995359 2.3654089 0.0000000 1.7635483 3.1122353 0.0000000 1.5975452 2.9255287 0.0000000 2.7185350 1.9288433 0.0000000 3.0505411 2.3022565 0.0000000 3.2160546 2.4884125 0.0000000 1.9295513 3.2989419 0.0000000 2.0955544 3.4856485 0.0000000 3.3812376 2.6734631 0.0000000 2.2629038 3.6731285 0.0000000 2.0965347 3.4867489 0.0000000 2.2642971 3.6746849 0.0000000 3.2844540 7.1987539 0.0000000 3.0566644 7.2972531 0.0000000 2.5894772 5.8650410 0.0000000 2.5574112 7.4872236 0.0000000 1.8206195 6.1623110 0.0000000 2.0260459 6.0844938 0.0000000 1.4463175 7.7638857 0.0000000 0.9895946 6.3184114 0.0000000 1.2058307 6.2832891 0.0000000 -1.4525312 7.3232083 0.0000000 -1.4843479 7.3051017 0.0000000 -0.7265311 6.0104786 0.0000000 -1.9124550 7.0474395 0.0000000 -2.1265086 6.9186084 0.0000000 -1.1389509 5.7622581 0.0000000 -3.0038653 4.4118168 0.0000000 -2.8265059 4.5877713 0.0000000 -3.8829403 5.6526405 0.0000000 -4.0602997 5.4766859 0.0000000 -4.2376592 5.3007313 0.0000000 -4.4150186 5.1247767 0.0000000 -4.5923780 4.9488221 0.0000000 -3.3585842 4.0599076 0.0000000 -4.7697375 4.7728676 0.0000000 -4.9470969 4.5969130 0.0000000 -3.7133030 3.7079984 0.0000000 -4.3082393 3.1527382 0.0000000 -4.1169819 3.3116247 0.0000000 -5.2356068 4.3324116 0.0000000 -4.5813803 2.9664647 0.0000000 -4.3731379 3.1044918 0.0000000 -5.4100975 4.2167558 0.0000000 -5.6063101 4.0867022 0.0000000 -5.7001116 4.0295974 0.0000000 -4.8139800 2.8129592 0.0000000 -5.9845456 2.4294892 0.0000000 -5.2529740 2.5924322 0.0000000 -6.3106499 3.8936121 0.0000000 -6.8698688 2.2486653 0.0000000 -6.7161172 2.2665462 0.0000000 -6.9662733 3.7475851 0.0000000 -7.1188364 2.2455777 0.0000000 -7.1251787 3.7456144 0.0000000 -7.3931340 2.2507429 0.0000000 -7.1433527 2.2456744 0.0000000 -7.5469969 3.7541738 0.0000000 -8.0150147 2.3175446 0.0000000 -7.7726675 2.2698008 0.0000000 -7.6771300 3.7798107 0.0000000 -8.1092813 2.3425795 0.0000000 -8.1043761 3.9236050 0.0000000 -8.8196269 2.5816539 0.0000000 -8.5828450 2.5019624 0.0000000 -8.9638307 4.2229962 0.0000000 -9.8676275 3.0090063 0.0000000 -9.6491496 2.8878296 0.0000000 -9.5620384 2.8465953 0.0000000 -11.2648736 4.0262855 0.0000000 -11.2011729 3.9651974 0.0000000 -10.1947945 5.0783715 0.0000000 -11.4335995 4.2083260 0.0000000 -11.4865058 4.2721470 0.0000000 -10.3052509 5.1975443 0.0000000 -10.5777059 5.5658812 0.0000000 -11.7836477 4.6738586 0.0000000 -11.9322187 4.8747144 0.0000000 -10.7262769 5.7667370 0.0000000 -11.0234188 6.1684486 0.0000000 -11.1719898 6.3693044 0.0000000 -12.2293606 5.2764260 0.0000000 -12.7786306 6.0733736 0.0000000 -12.6750735 5.8789934 0.0000000 -11.4029264 6.6815118 0.0000000 -12.8624152 6.3086236 0.0000000 -11.4489925 6.8108561 0.0000000 -12.8631456 6.3106839 0.0000000 -11.8296888 7.8897111 0.0000000 -13.2788185 7.4886592 0.0000000 -13.1956839 7.2530641 0.0000000 -13.3200434 7.6905557 0.0000000 -11.8375136 8.0125604 0.0000000 -13.3372943 7.9795342 0.0000000 -13.3358024 7.9379723 0.0000000 -13.3474745 9.2286563 0.0000000 -13.3454385 8.9788319 0.0000000 -11.8475243 9.2408808 0.0000000 -11.8515964 9.7405296 0.0000000 -11.8536325 9.9903540 0.0000000 -13.3515466 9.7283051 0.0000000 -11.8556685 10.2401785 0.0000000 -11.8577046 10.4900029 0.0000000 -13.3576548 10.4777784 0.0000000 -13.3678350 11.7269004 0.0000000 -13.3657990 11.4770760 0.0000000 -11.8678848 11.7391249 0.0000000 -13.3759792 12.7261981 0.0000000 -13.3739432 12.4763737 0.0000000 -11.8739930 12.4885982 0.0000000 -11.8862093 13.9875447 0.0000000 -11.8882454 14.2373691 0.0000000 -13.3881956 14.2251446 0.0000000 -11.8963896 15.2366667 0.0000000 -11.8984256 15.4864912 0.0000000 -13.3963398 15.2244422 0.0000000 -13.4085561 16.7233887 0.0000000 -13.4065200 16.4735643 0.0000000 -11.9086059 16.7356132 0.0000000 -11.9126780 17.2352621 0.0000000 -11.9147140 17.4850865 0.0000000 -13.4126282 17.2230376 0.0000000 -13.4268805 18.9718085 0.0000000 -13.4248445 18.7219840 0.0000000 -11.9269303 18.9840330 0.0000000 -11.9350746 19.9833306 0.0000000 -11.9371106 20.2331550 0.0000000 -13.4370608 20.2209305 0.0000000 -13.4452050 21.2202282 0.0000000 -13.4431689 20.9704038 0.0000000 -11.9452548 21.2324527 0.0000000 -13.4533492 22.2195258 0.0000000 -13.4513132 21.9697014 0.0000000 -11.9533990 22.2317503 0.0000000 -11.9676514 23.9805212 0.0000000 -11.9696874 24.2303457 0.0000000 -13.4696376 24.2181212 0.0000000 -11.9778316 25.2296433 0.0000000 -11.9798677 25.4794677 0.0000000 -13.4777818 25.2174188 0.0000000 -13.4920342 26.9661897 0.0000000 -13.4899981 26.7163653 0.0000000 -11.9920840 26.9784142 0.0000000 -13.5103587 29.2146094 0.0000000 -13.5083226 28.9647850 0.0000000 -12.0104085 29.2268339 0.0000000 -12.0226248 30.7257804 0.0000000 -12.0246608 30.9756048 0.0000000 -13.5246110 30.9633803 0.0000000 -13.5470076 33.7114489 0.0000000 -13.5449715 33.4616245 0.0000000 -12.0470574 33.7236734 0.0000000 -12.0511295 34.2233222 0.0000000 -12.0531656 34.4731466 0.0000000 -13.5510797 34.2110977 0.0000000 -13.5612599 35.4602198 0.0000000 -13.5592239 35.2103954 0.0000000 -12.0613098 35.4724443 0.0000000 -13.5653321 35.9598686 0.0000000 -13.5632960 35.7100442 0.0000000 -12.0653819 35.9720931 0.0000000 -12.0633458 35.7222687 0.0000000 -13.5714402 36.7093419 0.0000000 -13.5673681 36.2096930 0.0000000 -12.0674179 36.2219175 0.0000000 -12.0714900 36.7215664 0.0000000 -12.0735261 36.9713908 0.0000000 -12.0755621 37.2212152 0.0000000 -12.0775982 37.4710396 0.0000000 -13.5755123 37.2089907 0.0000000 -12.0796342 37.7208640 0.0000000 -13.5775484 37.4588151 0.0000000 -13.5836565 38.2082884 0.0000000 -13.5795844 37.7086395 0.0000000 -12.0857424 38.4703373 0.0000000 -12.0898145 38.9699861 0.0000000 -13.5897647 38.9577616 0.0000000 -13.5918007 39.2075860 0.0000000 -12.0918505 39.2198105 0.0000000 -12.0938866 39.4696349 0.0000000 -12.0959226 39.7194593 0.0000000 -13.5938368 39.4574104 0.0000000 -12.0979587 39.9692838 0.0000000 -13.5958728 39.7072348 0.0000000 -12.0999947 40.2191082 0.0000000 -13.5999449 40.2068837 0.0000000 -12.1020308 40.4689326 0.0000000 -12.1040668 40.7187570 0.0000000 -13.6019810 40.4567081 0.0000000 -12.1081390 41.2184058 0.0000000 -13.6080891 41.2061813 0.0000000 -12.1101750 41.4682302 0.0000000 -12.1122111 41.7180547 0.0000000 -13.6121612 41.7058302 0.0000000 -13.6162333 42.2054790 0.0000000 -13.6141973 41.9556546 0.0000000 -12.1162832 42.2177035 0.0000000 -12.1203553 42.7173523 0.0000000 -13.6203054 42.7051278 0.0000000 -13.6264136 43.4546011 0.0000000 -13.6223415 42.9549522 0.0000000 -12.1223913 42.9671767 0.0000000 -13.6284497 43.7044255 0.0000000 -12.1284995 43.7166500 0.0000000 -12.1325716 44.2162988 0.0000000 -12.1346076 44.4661232 0.0000000 -13.6325218 44.2040743 0.0000000 -12.1386797 44.9657720 0.0000000 -13.6386299 44.9535475 0.0000000 -13.6406660 45.2033720 0.0000000 -12.1407158 45.2155965 0.0000000 -12.1447879 45.7152453 0.0000000 -12.1468239 45.9650697 0.0000000 -13.6447381 45.7030208 0.0000000 -12.1529321 46.7145429 0.0000000 -13.6528823 46.7023184 0.0000000 -13.6549183 46.9521429 0.0000000 -12.1549681 46.9643674 0.0000000 -12.1570042 47.2141918 0.0000000 -12.1590402 47.4640162 0.0000000 -13.6569544 47.2019673 0.0000000 -13.6630625 47.9514405 0.0000000 -13.6589904 47.4517917 0.0000000 -12.1631123 47.9636650 0.0000000 -12.1651484 48.2134894 0.0000000 -12.1671845 48.4633138 0.0000000 -13.6650986 48.2012649 0.0000000 -13.6691707 48.7009138 0.0000000 -13.6671346 48.4510893 0.0000000 -12.1692205 48.7131383 0.0000000 -12.1712566 48.9629627 0.0000000 -12.1732926 49.2127871 0.0000000 -13.6712067 48.9507382 0.0000000 -13.6773149 49.7002114 0.0000000 -13.6732428 49.2005626 0.0000000 -13.6793509 49.9500358 0.0000000 -12.1794008 49.9622603 0.0000000 -12.1814368 50.2120847 0.0000000 -12.1834729 50.4619092 0.0000000 -13.6813870 50.1998602 0.0000000 -13.6854591 50.6995091 0.0000000 -13.6834231 50.4496847 0.0000000 -12.1845841 50.5982524 0.0000000 -13.5827516 51.1575028 0.0000000 -13.6536937 50.9216650 0.0000000 -12.1565661 50.6913944 0.0000000 -13.5591139 51.2244253 0.0000000 -12.0669358 50.9114020 0.0000000 -13.0977514 52.0243956 0.0000000 -13.3705960 51.6871634 0.0000000 -12.8931063 52.1635518 0.0000000 -12.4642848 52.3990618 0.0000000 -12.6625399 52.3104087 0.0000000 -11.9510590 50.9853282 0.0000000 -11.9333152 50.9903384 0.0000000 -12.2340510 52.4640722 0.0000000 -11.7663503 52.4874630 0.0000000 -12.0161388 52.4921618 0.0000000 -10.0460429 50.9548360 0.0000000 -9.7680421 52.4498718 0.0000000 -10.0178307 52.4545707 0.0000000 -8.2975233 50.9219438 0.0000000 -8.0195225 52.4169796 0.0000000 -8.2693110 52.4216785 0.0000000 -6.7987922 50.8937505 0.0000000 -6.5207914 52.3887862 0.0000000 -6.7705799 52.3934851 0.0000000 -6.5490036 50.8890516 0.0000000 -6.2710029 52.3840873 0.0000000 -4.8004840 50.8561593 0.0000000 -4.5224833 52.3511951 0.0000000 -4.7722718 52.3558940 0.0000000 -1.7839756 50.8372567 0.0000000 -1.7933843 52.3372272 0.0000000 -2.0432121 52.3356601 0.0000000 -1.0344922 50.8419579 0.0000000 -1.0439009 52.3419284 0.0000000 -1.2937287 52.3403613 0.0000000 0.1145778 50.9972622 0.0000000 0.0184651 52.5148850 0.0000000 -0.2248859 52.4583455 0.0000000 0.6012797 51.1103411 0.0000000 0.3883466 52.6008221 0.0000000 0.2618160 52.5714244 0.0000000 2.1460666 52.1581794 0.0000000 2.3249165 52.3326188 0.0000000 1.2775790 53.4064365 0.0000000 1.8141286 53.9297548 0.0000000 1.6352787 53.7553153 0.0000000 2.6826161 52.6814977 0.0000000 3.0403158 53.0303766 0.0000000 1.9929784 54.1041942 0.0000000 3.2191657 53.2048160 0.0000000 2.3056111 54.4091174 0.0000000 2.1718283 54.2786336 0.0000000 2.9521223 55.3191816 0.0000000 2.8414992 55.1610177 0.0000000 4.0693632 54.2994173 0.0000000 5.4547814 57.8179061 0.0000000 5.4566535 57.8280912 0.0000000 3.9804323 58.0941694 0.0000000 4.0436833 58.5355487 0.0000000 4.0187814 58.3112227 0.0000000 5.5345258 58.3700540 0.0000000 4.1263753 59.2804712 0.0000000 4.0988113 59.0321637 0.0000000 5.6172178 59.1149764 0.0000000 4.1631214 59.6975611 0.0000000 4.1518478 59.5099376 0.0000000 5.6480103 59.4010476 0.0000000 5.6629523 59.6497222 0.0000000 5.6632726 59.7339970 0.0000000 5.6501843 59.9834866 0.0000000 4.1451027 60.0410339 0.0000000 4.1522441 59.9049043 0.0000000 3.4030059 61.6448420 0.0000000 3.3324304 61.6663546 0.0000000 3.0317692 60.1898638 0.0000000 2.7986408 60.2609253 0.0000000 2.6169628 60.3441334 0.0000000 3.2448226 61.7216593 0.0000000 3.1811079 61.7736126 0.0000000 2.3320990 60.5304421 0.0000000 1.9870518 60.8581684 0.0000000 2.1421156 60.6853557 0.0000000 2.4057030 60.4774965 0.0000000 2.9762897 62.1188312 0.0000000 1.5102363 61.7899075 0.0000000 1.5574681 61.6244136 0.0000000 1.3787873 62.6655804 0.0000000 1.3885931 62.5294685 0.0000000 2.8798257 62.7053096 0.0000000 2.8826444 62.8522234 0.0000000 1.3835422 62.9134027 0.0000000 1.3875788 62.9780374 0.0000000 1.5288555 63.7572788 0.0000000 1.4402249 63.4749216 0.0000000 2.9159726 63.1667804 0.0000000 1.6487143 63.9752508 0.0000000 1.4139019 63.2264795 0.0000000 3.3303630 63.8872606 0.0000000 2.0318344 64.6381422 0.0000000 1.9067712 64.4218656 0.0000000 4.3004319 65.7396694 0.0000000 3.0290085 66.5664177 0.0000000 2.9253941 66.3396114 0.0000000 4.3846341 65.9239834 0.0000000 3.0475509 66.6041679 0.0000000 4.6076108 66.3474999 0.0000000 3.3841368 67.2434709 0.0000000 3.2803281 67.0462994 0.0000000 3.5914512 69.3175189 0.0000000 2.7063303 68.1044600 0.0000000 2.7650505 68.0656954 0.0000000 -4.7422091 69.9389134 0.0000000 -5.2417145 69.9515556 0.0000000 -4.7801612 68.4393936 0.0000000 -5.5294194 68.4583570 0.0000000 -5.2796667 68.4520358 0.0000000 -5.4914673 69.9578768 0.0000000 -5.7412200 69.9641979 0.0000000 -5.9909727 69.9705190 0.0000000 -5.7791722 68.4646781 0.0000000 -6.2407255 69.9768402 0.0000000 -6.0289249 68.4709992 0.0000000 -6.4904782 69.9831613 0.0000000 -6.5284304 68.4836415 0.0000000 -6.9899837 69.9958035 0.0000000 -7.2397364 70.0021247 0.0000000 -7.0279358 68.4962837 0.0000000 -8.0269468 68.5215683 0.0000000 -7.7771940 68.5152471 0.0000000 -7.9889946 70.0210881 0.0000000 -7.7392418 70.0147669 0.0000000 -7.2776886 68.5026049 0.0000000 -8.4885000 70.0337303 0.0000000 -8.7382528 70.0400515 0.0000000 -8.5264522 68.5342105 0.0000000 -8.9880055 70.0463726 0.0000000 -9.2377582 70.0526937 0.0000000 -9.2757104 68.5531739 0.0000000 -9.4875110 70.0590148 0.0000000 -9.7372637 70.0653360 0.0000000 -9.5254631 68.5594950 0.0000000 -10.5244741 68.5847796 0.0000000 -10.2747213 68.5784584 0.0000000 -10.2367692 70.0779782 0.0000000 -11.0239795 68.5974218 0.0000000 -10.4865219 70.0842994 0.0000000 -11.5234850 68.6100641 0.0000000 -11.2737323 68.6037430 0.0000000 -11.2357801 70.1032628 0.0000000 -12.0229905 68.6227063 0.0000000 -11.4855328 70.1095839 0.0000000 -14.1307133 70.3241626 0.0000000 -14.3779384 70.3601642 0.0000000 -14.3468679 68.8398185 0.0000000 -13.6362630 70.2521592 0.0000000 -13.8834882 70.2881609 0.0000000 -14.0996427 68.8038169 0.0000000 -13.8524176 68.7678152 0.0000000 -13.6051925 68.7318136 0.0000000 -13.3890379 70.2161576 0.0000000 -13.1418128 70.1801559 0.0000000 -14.6251635 70.3961659 0.0000000 -14.8413181 68.9118218 0.0000000 -13.3579674 68.6958119 0.0000000 -13.1107422 68.6598102 0.0000000 -12.9325897 70.1496882 0.0000000 -15.1196138 70.4681692 0.0000000 -15.3668389 70.5041708 0.0000000 -15.5829935 69.0198268 0.0000000 -16.3246689 69.1278318 0.0000000 -16.0774438 69.0918301 0.0000000 -15.8612892 70.5761742 0.0000000 -16.3557394 70.6481775 0.0000000 -16.5718940 69.1638335 0.0000000 -17.0974148 70.7561825 0.0000000 -17.3135694 69.2718384 0.0000000 -17.0663443 69.2358368 0.0000000 -18.5401406 71.1694560 0.0000000 -19.1923150 69.8186531 0.0000000 -18.7423487 69.6014071 0.0000000 -17.9544770 70.8866947 0.0000000 -18.5173655 69.4927841 0.0000000 -18.3306592 69.4312507 0.0000000 -18.7651238 71.2780790 0.0000000 -19.6422814 70.0358991 0.0000000 -19.4172982 69.9272761 0.0000000 -19.3791589 71.5745382 0.0000000 -20.4066643 70.4672668 0.0000000 -20.2078314 70.3223891 0.0000000 -19.4715947 71.6418906 0.0000000 -20.5029856 70.5508686 0.0000000 -21.6168374 74.3015969 0.0000000 -23.0702340 73.8543222 0.0000000 -22.9585190 73.6308582 0.0000000 -22.2436721 72.3429760 0.0000000 -21.8955348 71.9845546 0.0000000 -21.1173363 73.3362485 0.0000000 -21.1893058 73.4464035 0.0000000 -22.5116591 72.7370023 0.0000000 -22.4686888 72.6621539 0.0000000 -22.3335503 72.4553138 0.0000000 -22.6215564 76.3113410 0.0000000 -23.9653792 75.6449004 0.0000000 -23.9639538 75.6420340 0.0000000 -22.7221030 76.5146296 0.0000000 -24.1918035 76.1375900 0.0000000 -24.0939968 75.9076982 0.0000000 -24.0761258 75.8688119 0.0000000 -22.9093359 76.9547150 0.0000000 -24.3874169 76.5973736 0.0000000 -24.2896102 76.3674818 0.0000000 -23.2027560 77.6443903 0.0000000 -24.6808370 77.2870489 0.0000000 -24.5830303 77.0571571 0.0000000 -23.4961761 78.3340657 0.0000000 -24.9742572 77.9767243 0.0000000 -24.8764504 77.7468325 0.0000000 -23.7895963 79.0237410 0.0000000 -25.1698706 78.4365078 0.0000000 -25.0720639 78.2066160 0.0000000 -24.1808231 79.9433081 0.0000000 -25.5610974 79.3560749 0.0000000 -25.4632907 79.1261832 0.0000000 -24.4742432 80.6329835 0.0000000 -25.8545175 80.0457503 0.0000000 -25.7567108 79.8158585 0.0000000 -24.7676633 81.3226588 0.0000000 -26.2457444 80.9653174 0.0000000 -26.1479377 80.7354256 0.0000000 -25.0610835 82.0123342 0.0000000 -26.4413578 81.4251010 0.0000000 -26.3435511 81.1952092 0.0000000 -27.8955092 83.0624121 0.0000000 -27.7413507 82.9000036 0.0000000 -26.6534180 83.9326712 0.0000000 -28.8261751 85.5286324 0.0000000 -28.9473344 85.5862139 0.0000000 -29.5306266 84.2026297 0.0000000 -29.1816667 85.6728438 0.0000000 -29.4159990 85.7594737 0.0000000 -29.9361265 84.3525382 0.0000000 -31.3160863 84.8511845 0.0000000 -31.0919461 84.7788705 0.0000000 -30.8555208 86.2787276 0.0000000 -32.5198734 86.8156945 0.0000000 -32.7576380 86.8924040 0.0000000 -32.9804389 85.3881513 0.0000000 -33.2333877 87.0458197 0.0000000 -33.3158693 87.0673159 0.0000000 -33.6529192 85.6050507 0.0000000 -33.8560136 85.6458165 0.0000000 -33.5608163 87.1164825 0.0000000 -34.3459076 85.7441498 0.0000000 -34.1009606 85.6949831 0.0000000 -33.8057633 87.1656492 0.0000000 -34.0507103 87.2148158 0.0000000 -34.5406042 87.3131491 0.0000000 -34.7855512 87.3623157 0.0000000 -35.0304982 87.4114823 0.0000000 -35.0807486 85.8916497 0.0000000 -35.2754452 87.4606489 0.0000000 -35.7653392 87.5589822 0.0000000 -35.5706425 85.9899829 0.0000000 -36.3054835 86.1374828 0.0000000 -36.0605365 86.0883162 0.0000000 -37.9746302 82.9559146 0.0000000 -37.8608270 83.1783224 0.0000000 -39.3099704 83.6391910 0.0000000 -37.4056142 84.0679535 0.0000000 -37.2918110 84.2903613 0.0000000 -38.6291408 84.9697494 0.0000000 -37.2878774 84.2981606 0.0000000 -39.0823640 84.0840065 0.0000000 -39.1961672 83.8615988 0.0000000 -38.2022366 82.5110991 0.0000000 -38.0884334 82.7335069 0.0000000 -39.4237736 83.4167832 0.0000000 -39.5375767 83.1943754 0.0000000 -39.6513799 82.9719677 0.0000000 -38.3160397 82.2886913 0.0000000 -39.7651831 82.7495599 0.0000000 -39.8789863 82.5271521 0.0000000 -38.4298429 82.0662835 0.0000000 -38.6574493 81.6214680 0.0000000 -38.5436461 81.8438758 0.0000000 -40.1065927 82.0823366 0.0000000 -40.2203959 81.8599288 0.0000000 -38.8850557 81.1766525 0.0000000 -40.3341991 81.6375210 0.0000000 -40.4480023 81.4151133 0.0000000 -39.1126621 80.7318369 0.0000000 -40.5618054 81.1927055 0.0000000 -40.6756086 80.9702977 0.0000000 -39.3402684 80.2870214 0.0000000 -39.5678748 79.8422058 0.0000000 -39.4540716 80.0646136 0.0000000 -40.7894118 80.7478899 0.0000000 -39.7954812 79.3973903 0.0000000 -39.6816780 79.6197980 0.0000000 -41.0170182 80.3030744 0.0000000 -40.0230876 78.9525747 0.0000000 -39.9092844 79.1749825 0.0000000 -41.2446246 79.8582588 0.0000000 -41.3584278 79.6358511 0.0000000 -41.9313338 78.5415193 0.0000000 -42.1671353 78.1009933 0.0000000 -40.6088707 77.8336412 0.0000000 -40.3730693 78.2741673 0.0000000 -40.3699548 78.2800483 0.0000000 -41.6971026 78.9791118 0.0000000 -40.4909700 78.0539043 0.0000000 -41.8134331 78.7617824 0.0000000 -40.2540181 78.5013393 0.0000000 -41.5843876 79.1942535 0.0000000 -42.6387383 77.2199412 0.0000000 -41.4341759 76.2918001 0.0000000 -41.3162752 76.5120631 0.0000000 -43.4637626 75.6786247 0.0000000 -42.1415803 74.9702219 0.0000000 -42.0236796 75.1904850 0.0000000 -43.5799854 75.4623222 0.0000000 -42.2603921 74.7490991 0.0000000 -42.1421429 74.9691730 0.0000000 -42.2639134 74.7426221 0.0000000 -44.3006550 74.1521362 0.0000000 -43.1067674 73.2103036 0.0000000 -42.9863597 73.4292062 0.0000000 -44.5376068 73.7213550 0.0000000 -43.2271751 72.9914009 0.0000000 -43.3601029 72.7611717 0.0000000 -43.2350516 72.9774369 0.0000000 -44.6575331 73.5139532 0.0000000 -43.3623388 72.7573314 0.0000000 -44.7827480 73.3003359 0.0000000 -43.6150158 72.3262631 0.0000000 -43.4886773 72.5417972 0.0000000 -45.0354250 72.8692677 0.0000000 -43.8676929 71.8951948 0.0000000 -43.7413543 72.1107290 0.0000000 -45.4144406 72.2226653 0.0000000 -44.1203699 71.4641266 0.0000000 -43.9940314 71.6796607 0.0000000 -45.7936871 71.5694884 0.0000000 -44.6184561 70.6044763 0.0000000 -44.4937883 70.8209811 0.0000000 -46.2923581 70.7034691 0.0000000 -45.1171270 69.7384570 0.0000000 -44.9924593 69.9549618 0.0000000 -46.6663613 70.0539546 0.0000000 -45.4911302 69.0889425 0.0000000 -45.3664625 69.3054473 0.0000000 -47.0403645 69.4044401 0.0000000 -45.8651334 68.4394280 0.0000000 -45.7404657 68.6559328 0.0000000 -47.5442500 68.4504238 0.0000000 -46.2719490 67.6175573 0.0000000 -46.1713168 67.8462263 0.0000000 -47.7455144 67.9930857 0.0000000 -46.4732134 67.1602191 0.0000000 -46.3725812 67.3888882 0.0000000 -48.1480431 67.0784094 0.0000000 -46.8757422 66.2455428 0.0000000 -46.7751100 66.4742119 0.0000000 -48.4499397 66.3924022 0.0000000 -47.1776388 65.5595356 0.0000000 -47.0770066 65.7882047 0.0000000 -49.7244099 63.0485382 0.0000000 -49.8716241 62.5710515 0.0000000 -48.2909908 62.6065998 0.0000000 -51.3708423 57.5199130 0.0000000 -51.4372332 57.2790632 0.0000000 -49.9250994 57.1201268 0.0000000 -50.0575577 56.6396012 0.0000000 -49.9911668 56.8804510 0.0000000 -51.5036242 57.0382134 0.0000000 -51.5700151 56.7973636 0.0000000 -51.6364060 56.5565138 0.0000000 -51.7027969 56.3156640 0.0000000 -50.2567304 55.9170517 0.0000000 -50.3895123 55.4353521 0.0000000 -50.3231213 55.6762019 0.0000000 -51.7691878 56.0748142 0.0000000 -50.5811507 54.7372426 0.0000000 -50.5219545 54.9548847 0.0000000 -51.9690357 55.3497994 0.0000000 -52.0452919 55.0640738 0.0000000 -52.0959795 54.8194370 0.0000000 -52.1466671 54.5748003 0.0000000 -50.6778637 54.2704709 0.0000000 -52.1973548 54.3301635 0.0000000 -52.2480424 54.0855267 0.0000000 -50.7285513 54.0258341 0.0000000 -52.4001052 53.3516164 0.0000000 -50.9313018 53.0472871 0.0000000 -52.4507928 53.1069797 0.0000000 -52.5014805 52.8623429 0.0000000 -50.9819894 52.8026503 0.0000000 -51.0817256 52.3212870 0.0000000 -51.0326770 52.5580135 0.0000000 -52.5521681 52.6177061 0.0000000 -52.5552753 52.6018521 0.0000000 -52.6436221 52.0942295 0.0000000 -52.6838856 51.8476626 0.0000000 -51.1632301 51.8524866 0.0000000 -52.7644127 51.3545288 0.0000000 -52.8046762 51.1079619 0.0000000 -51.3242842 50.8662190 0.0000000 -51.3645477 50.6196521 0.0000000 -52.8449397 50.8613950 0.0000000 -52.8852032 50.6148281 0.0000000 -51.4048112 50.3730852 0.0000000 -52.9254667 50.3682612 0.0000000 -51.4853383 49.8799515 0.0000000 -51.4450747 50.1265184 0.0000000 -53.3053932 47.3616091 0.0000000 -51.8451844 46.9371013 0.0000000 -51.8158026 47.1852003 0.0000000 -51.8745662 46.6890024 0.0000000 -51.9924583 45.4969926 0.0000000 -52.0175307 44.9979567 0.0000000 -52.0426032 44.4989207 0.0000000 -52.1135986 43.0064012 0.0000000 -53.6449938 42.3233374 0.0000000 -52.1683242 41.7584370 0.0000000 -52.1464340 42.2576226 0.0000000 -53.6778292 41.5745589 0.0000000 -52.1902145 41.2592513 0.0000000 -52.1792694 41.5088441 0.0000000 -52.5145530 15.5398294 0.0000000 -52.3684101 19.5344803 0.0000000 -53.8491394 20.0886520 0.0000000 -52.3501422 20.0338117 0.0000000 -53.6478724 33.0431860 0.0000000 -52.1446360 32.5533434 0.0000000 -52.1479045 33.0529981 0.0000000 -53.6429696 32.2937039 0.0000000 -52.1430017 32.3035161 0.0000000 -52.3044726 21.2821401 0.0000000 -52.2862047 21.7814715 0.0000000 -52.2770708 22.0311372 0.0000000 -52.1364646 31.3042066 0.0000000 -52.1315618 30.5547245 0.0000000 -53.6298954 30.2950849 0.0000000 -52.1299275 30.3048971 0.0000000 -52.2222672 23.5291313 0.0000000 -52.1242099 29.3039115 0.0000000 -52.2131333 23.7787970 0.0000000 -53.6220412 28.7977819 0.0000000 -52.1220551 28.8042507 0.0000000 -53.6166541 27.5486300 0.0000000 -52.1166681 27.5550988 0.0000000 -53.6124093 26.5643512 0.0000000 -52.1128319 26.5257011 0.0000000 -52.1123584 26.5557772 0.0000000 -52.1217730 26.2760323 0.0000000 -53.6208017 26.3300049 0.0000000 -52.1309279 26.0257882 0.0000000 -52.1491958 25.5264568 0.0000000 -52.1765975 24.7774597 0.0000000 -53.6938626 24.3329687 0.0000000 -52.1948654 24.2781284 0.0000000 -53.6527761 33.7925492 0.0000000 -52.1528105 33.8027129 0.0000000 -52.1562341 34.3023665 0.0000000 -52.3958119 18.7854833 0.0000000 -52.4232137 18.0364862 0.0000000 -53.6647577 35.5412233 0.0000000 -52.1630811 35.3016739 0.0000000 -52.1647929 35.5515008 0.0000000 -53.6698929 36.2907039 0.0000000 -52.1682164 36.0511545 0.0000000 -52.1699282 36.3009813 0.0000000 -52.1750634 37.0504619 0.0000000 -52.4688833 16.7881578 0.0000000 -52.4871512 16.2888264 0.0000000 -52.5328209 15.0404980 0.0000000 -54.0500859 14.5960069 0.0000000 -52.5510887 14.5411666 0.0000000 -52.5602226 14.2915009 0.0000000 -52.5967584 13.2928382 0.0000000 -52.6241602 12.5438411 0.0000000 -52.6424280 12.0445098 0.0000000 -54.1870949 10.8510216 0.0000000 -52.6880977 10.7961813 0.0000000 -52.6972316 10.5465156 0.0000000 -54.2340677 9.0915189 0.0000000 -52.7397685 8.8095856 0.0000000 -52.7344124 9.0593609 0.0000000 -52.7558368 8.0602598 0.0000000 -52.7504807 8.3100351 0.0000000 -54.2662042 7.5928672 0.0000000 -52.7665489 7.5607092 0.0000000 -52.7879733 6.5616080 0.0000000 -52.7772611 7.0611586 0.0000000 -54.2929846 6.3439907 0.0000000 -52.7933294 6.3118327 0.0000000 -52.8040415 5.8122821 0.0000000 -52.8361780 4.3136304 0.0000000 -54.3519015 3.5964626 0.0000000 -52.8522463 3.5643045 0.0000000 -54.3786820 2.3475861 0.0000000 -52.8790267 2.3154281 0.0000000 -52.8736706 2.5652034 0.0000000 -52.8843773 2.0659072 0.0000000 -52.9527687 -4.1871530 0.0000000 -54.3923490 -0.9153979 0.0000000 -52.8926182 -1.1668419 0.0000000 -52.8923498 -0.9170094 0.0000000 -52.9287211 -3.4380408 0.0000000 -54.3931542 -1.6648956 0.0000000 -52.8934234 -1.9163396 0.0000000 -52.8931550 -1.6665071 0.0000000 -52.9126893 -2.9386326 0.0000000 -52.8966575 -2.4392244 0.0000000 -52.8963114 -2.4229067 0.0000000 -54.3915438 -0.1659002 0.0000000 -52.8918130 -0.4173442 0.0000000 -52.8915446 -0.1675117 0.0000000 -52.9688004 -4.6865612 0.0000000 -52.8907394 0.5819860 0.0000000 -52.8902026 1.0816512 0.0000000 -52.8899342 1.3314837 0.0000000 -52.8896658 1.5813163 0.0000000 -53.0008640 -5.6853775 0.0000000 -53.0168957 -6.1847857 0.0000000 -54.5321552 -6.6360664 0.0000000 -53.0409434 -6.9338979 0.0000000 -53.0329275 -6.6841939 0.0000000 -54.5401711 -6.8857705 0.0000000 -51.5231828 49.6481977 0.0000000 -53.0102370 49.8454163 0.0000000 -53.0406010 49.5974557 0.0000000 -53.0059937 49.8751274 0.0000000 -52.1511731 33.5526579 0.0000000 -53.6511409 33.5428382 0.0000000 -50.7362104 59.6903060 0.0000000 -50.8067044 59.4506250 0.0000000 -49.2971615 59.2670588 0.0000000 -51.0886804 58.4919010 0.0000000 -51.1591744 58.2522200 0.0000000 -49.6496314 58.0686538 0.0000000 -50.4559032 55.1945023 0.0000000 -51.9019697 55.5931146 0.0000000 -51.8355787 55.8339644 0.0000000 -49.7201254 57.8289728 0.0000000 -49.7906194 57.5892918 0.0000000 -51.2296684 58.0125390 0.0000000 -50.1903395 56.1579016 0.0000000 -51.3701913 57.5222599 0.0000000 -50.8771984 59.2109440 0.0000000 -49.4381494 58.7876968 0.0000000 -50.6657164 59.9299870 0.0000000 -49.2266675 59.5067398 0.0000000 -50.5247284 60.4093490 0.0000000 -50.5952224 60.1696680 0.0000000 -49.0856795 59.9861018 0.0000000 -49.0151855 60.2257828 0.0000000 -50.4542344 60.6490300 0.0000000 -50.3130001 61.1292276 0.0000000 -50.3132464 61.1283920 0.0000000 -48.8743204 60.7047269 0.0000000 -50.0924454 61.8548215 0.0000000 -50.1660525 61.6160782 0.0000000 -48.6590263 61.4128832 0.0000000 -48.5118121 61.8903698 0.0000000 -48.4382050 62.1291132 0.0000000 -49.4299815 64.0035115 0.0000000 -49.5035886 63.7647682 0.0000000 -48.0701694 63.3228298 0.0000000 -48.2173836 62.8453431 0.0000000 -49.6508028 63.2872815 0.0000000 -49.9452312 62.3323082 0.0000000 -50.0188383 62.0935649 0.0000000 -49.2827673 64.4809982 0.0000000 -49.3563744 64.2422548 0.0000000 -47.8609548 64.0014138 0.0000000 -49.2556739 64.5548671 0.0000000 -47.7798380 64.1911432 0.0000000 -49.1575147 64.7844580 0.0000000 -48.9531007 65.2490568 0.0000000 -49.1543651 64.7917187 0.0000000 -47.5801676 64.6448593 0.0000000 -48.7518363 65.7063950 0.0000000 -48.8524685 65.4777259 0.0000000 -47.4795354 64.8735284 0.0000000 -45.9183549 71.3529835 0.0000000 -47.6448822 68.2217547 0.0000000 -45.9837004 68.2335180 0.0000000 -47.1650322 69.1879353 0.0000000 -47.2896999 68.9714304 0.0000000 -46.0820608 68.0490450 0.0000000 -47.3015528 68.9500476 0.0000000 -47.4189535 68.7298649 0.0000000 -46.4170258 70.4869642 0.0000000 -48.2486753 66.8497403 0.0000000 -44.3696910 71.0364953 0.0000000 -45.6678755 71.7879727 0.0000000 -45.6690194 71.7859932 0.0000000 -44.2458198 71.2501085 0.0000000 -45.5425493 72.0040949 0.0000000 -45.5407791 72.0071312 0.0000000 -45.1617636 72.6537336 0.0000000 -45.2881021 72.4381994 0.0000000 -44.9090865 73.0848018 0.0000000 -44.4210627 73.9332336 0.0000000 -42.7455443 73.8670115 0.0000000 -43.9394319 74.8088441 0.0000000 -44.0598396 74.5899415 0.0000000 -42.3843212 74.5237194 0.0000000 -43.6986165 75.2466494 0.0000000 -43.8190242 75.0277468 0.0000000 -42.7566390 76.9996782 0.0000000 -42.9924405 76.5591521 0.0000000 -41.1983744 76.7323261 0.0000000 -41.0804737 76.9525891 0.0000000 -42.4029368 77.6604672 0.0000000 -40.9625730 77.1728522 0.0000000 -40.8446722 77.3931152 0.0000000 -40.1368908 78.7301669 0.0000000 -41.1308214 80.0806666 0.0000000 -39.9927895 82.3047444 0.0000000 -38.9685608 84.3064143 0.0000000 -37.7470238 83.4007302 0.0000000 -37.6332206 83.6231380 0.0000000 -37.5194174 83.8455457 0.0000000 -38.8547576 84.5288221 0.0000000 -38.7409544 84.7512299 0.0000000 -38.5273844 85.1744589 0.0000000 -37.1767012 84.5218204 0.0000000 -37.1624307 84.5522182 0.0000000 -38.4331000 85.3875720 0.0000000 -37.0613514 84.7806900 0.0000000 -36.9602721 85.0091618 0.0000000 -36.9550075 85.0213519 0.0000000 -38.3347069 85.6099721 0.0000000 -36.8580822 85.2513557 0.0000000 -38.2562024 85.7962635 0.0000000 -36.8305686 85.3280405 0.0000000 -36.7590944 85.5674310 0.0000000 -36.6047278 86.0844555 0.0000000 -37.5849025 87.2204311 0.0000000 -37.7661712 87.0566263 0.0000000 -37.0933731 87.5363473 0.0000000 -37.3408721 87.4109209 0.0000000 -36.5389569 86.1354364 0.0000000 -36.8554077 87.6055500 0.0000000 -36.4213690 86.1607438 0.0000000 -36.0102862 87.6081488 0.0000000 -36.2552331 87.6573155 0.0000000 -36.5144641 87.6636281 0.0000000 -36.6014036 86.0874594 0.0000000 -30.5906850 86.1927101 0.0000000 -30.6177562 86.2020181 0.0000000 -31.7916156 85.0046036 0.0000000 -31.5538510 84.9278940 0.0000000 -31.0932855 86.3554372 0.0000000 -32.0443441 86.6622754 0.0000000 -32.2821087 86.7389849 0.0000000 -32.7426742 85.3114418 0.0000000 -32.5049096 85.2347322 0.0000000 -31.5688148 86.5088563 0.0000000 -31.8065794 86.5855658 0.0000000 -32.2671449 85.1580227 0.0000000 -31.3310501 86.4321467 0.0000000 -30.8721019 84.6985573 0.0000000 -30.3560382 86.1069892 0.0000000 -30.6391235 84.6124279 0.0000000 -30.4047912 84.5257980 0.0000000 -30.1189960 86.0193634 0.0000000 -29.8846637 85.9327335 0.0000000 -27.1276163 84.3836053 0.0000000 -27.9510438 84.9498467 0.0000000 -28.0208734 83.1774309 0.0000000 -28.1569006 85.0914071 0.0000000 -28.8009747 83.7138785 0.0000000 -28.5686144 85.3745278 0.0000000 -29.3971569 84.1238516 0.0000000 -29.0068316 83.8554389 0.0000000 -27.0455451 84.3182637 0.0000000 -26.8623438 84.1501808 0.0000000 -26.8254141 84.1138720 0.0000000 -27.2253624 82.3564013 0.0000000 -26.1374297 83.3890689 0.0000000 -26.4814219 83.7514705 0.0000000 -26.5716209 81.6676736 0.0000000 -25.3860235 82.5879088 0.0000000 -25.4494453 82.6642658 0.0000000 -26.5060447 81.5771456 0.0000000 -25.2416392 82.3885862 0.0000000 -25.1588902 82.2422260 0.0000000 -24.8654701 81.5525506 0.0000000 -24.9632768 81.7824424 0.0000000 -24.6698566 81.0927670 0.0000000 -25.9523242 80.2756421 0.0000000 -24.5720499 80.8628753 0.0000000 -25.6589041 79.5859667 0.0000000 -24.2786298 80.1731999 0.0000000 -24.3764365 80.4030917 0.0000000 -23.9852097 79.4835246 0.0000000 -24.0830164 79.7134164 0.0000000 -25.2676773 78.6663996 0.0000000 -23.8874030 79.2536328 0.0000000 -23.5939828 78.5639574 0.0000000 -23.6917896 78.7938492 0.0000000 -23.3983694 78.1041739 0.0000000 -23.3005627 77.8742821 0.0000000 -23.0071426 77.1846068 0.0000000 -19.9492071 72.1336120 0.0000000 -20.1232757 72.3128228 0.0000000 -21.1992602 71.2677116 0.0000000 -20.6770543 70.7300794 0.0000000 -19.6010698 71.7751906 0.0000000 -20.8511229 70.9092901 0.0000000 -18.9901070 71.3867020 0.0000000 -18.0901743 70.9522100 0.0000000 -17.8080197 69.3438418 0.0000000 -17.3446399 70.7921841 0.0000000 -17.5918651 70.8281858 0.0000000 -16.8501897 70.7201808 0.0000000 -16.1085143 70.6121758 0.0000000 -15.8302186 69.0558285 0.0000000 -14.5940930 68.8758202 0.0000000 -13.0343715 68.6526528 0.0000000 -12.7849792 68.6421001 0.0000000 -11.9850383 70.1222261 0.0000000 -4.2806558 68.4267513 0.0000000 -4.0309031 68.4204302 0.0000000 -3.9929509 69.9199500 0.0000000 -3.7811503 68.4141091 0.0000000 -3.7431981 69.9136289 0.0000000 -3.2816449 68.4014668 0.0000000 -2.7821394 68.3888245 0.0000000 -3.2436927 69.9009866 0.0000000 -2.5323867 68.3825034 0.0000000 -2.7441872 69.8883443 0.0000000 -2.0328812 68.3698611 0.0000000 -2.4944345 69.8820232 0.0000000 -1.4954236 69.8567387 0.0000000 -1.7451763 69.8630598 0.0000000 -1.7831285 68.3635400 0.0000000 -1.5333757 68.3572189 0.0000000 -1.2456708 69.8504176 0.0000000 -1.2836230 68.3508978 0.0000000 -0.9959181 69.8440964 0.0000000 -1.0338703 68.3445766 0.0000000 -0.2466599 69.8251330 0.0000000 -0.4964126 69.8314542 0.0000000 -0.2846121 68.3256132 0.0000000 0.0030928 69.8188119 0.0000000 -0.0348594 68.3192921 0.0000000 0.2528456 69.8124908 0.0000000 0.2148934 68.3129710 0.0000000 0.7143988 68.3003287 0.0000000 0.9457333 68.2944737 0.0000000 0.7523510 69.7998485 0.0000000 1.0021037 69.7935274 0.0000000 1.2878060 69.7731317 0.0000000 1.0388952 69.7916913 0.0000000 1.3964385 68.2519751 0.0000000 1.6447044 68.2240385 0.0000000 1.5641702 69.7425676 0.0000000 2.5572336 69.6308213 0.0000000 2.3089678 69.6587579 0.0000000 2.1412361 68.1681654 0.0000000 2.0607019 69.6866945 0.0000000 1.8124361 69.7146310 0.0000000 1.8929702 68.1961019 0.0000000 2.3895019 68.1402288 0.0000000 2.8054995 69.6028848 0.0000000 2.6371451 68.1123623 0.0000000 3.3829535 69.4551602 0.0000000 3.0548643 69.5744035 0.0000000 3.2988900 67.7132773 0.0000000 4.2169441 68.9045951 0.0000000 4.0084464 69.0422364 0.0000000 4.2879366 68.8514462 0.0000000 4.7245406 68.2580129 0.0000000 4.6358656 68.4995335 0.0000000 4.4707834 68.6968741 0.0000000 4.7691446 68.0121942 0.0000000 4.8438926 66.8220670 0.0000000 4.9087026 67.0437994 0.0000000 4.9029567 67.2747379 0.0000000 4.7392441 66.5991962 0.0000000 3.1639395 66.8252336 0.0000000 4.4912222 66.1264342 0.0000000 2.7513574 65.8824411 0.0000000 4.0807423 65.1849203 0.0000000 4.1333285 65.2959640 0.0000000 3.8306159 64.7523670 0.0000000 2.8176736 66.0584797 0.0000000 4.2214005 65.5297539 0.0000000 1.7817080 64.2055890 0.0000000 3.0802366 63.4547073 0.0000000 3.2052998 63.6709839 0.0000000 2.9498009 62.2798770 0.0000000 1.4696886 62.0364278 0.0000000 4.4644760 61.5122402 0.0000000 4.3273776 61.5408254 0.0000000 4.0897565 60.0580973 0.0000000 4.6973616 61.4404409 0.0000000 4.8763385 61.3581957 0.0000000 5.1514446 61.1799815 0.0000000 5.0876857 61.2249712 0.0000000 5.6240077 60.4824659 0.0000000 5.3387377 61.0326510 0.0000000 5.5408590 60.7884020 0.0000000 5.6370960 60.2329763 0.0000000 4.0712473 58.7838562 0.0000000 5.5620898 58.6183615 0.0000000 5.5001016 58.0740042 0.0000000 5.5069618 58.1217465 0.0000000 3.9345433 57.8538568 0.0000000 3.8876831 57.6084582 0.0000000 5.3610610 57.3271088 0.0000000 5.2673406 56.8363114 0.0000000 3.8061243 57.1813488 0.0000000 5.2322678 56.7119675 0.0000000 5.1351199 56.4559298 0.0000000 5.1442387 56.4789174 0.0000000 3.7453764 57.0205235 0.0000000 4.9432442 55.9945739 0.0000000 3.5582497 56.5705862 0.0000000 3.4701829 56.3588338 0.0000000 3.3734518 56.1579590 0.0000000 4.7221982 55.5015122 0.0000000 4.7166639 55.4902610 0.0000000 4.2124895 54.5040528 0.0000000 4.2680973 54.5972604 0.0000000 4.0667150 54.2956556 0.0000000 3.4801915 53.4740644 0.0000000 3.6272874 53.6756417 0.0000000 3.3980155 53.3792554 0.0000000 0.3579288 51.0538017 0.0000000 0.5826421 52.7549127 0.0000000 0.4405527 52.6325019 0.0000000 1.5616841 51.6184811 0.0000000 1.3724056 51.4554167 0.0000000 0.8446306 51.1668805 0.0000000 1.0639818 51.2562401 0.0000000 -0.6593442 52.3574048 0.0000000 -0.7253197 50.8462501 0.0000000 -0.4778068 50.8674649 0.0000000 -0.8237995 52.3433090 0.0000000 -0.7846644 50.8435250 0.0000000 -1.5341478 50.8388238 0.0000000 -1.2843200 50.8403909 0.0000000 -3.0425233 52.3293918 0.0000000 -3.0331146 50.8294213 0.0000000 -2.2836312 50.8341226 0.0000000 -3.2829544 52.3278837 0.0000000 -3.3017342 50.8279718 0.0000000 -3.2829424 50.8278543 0.0000000 -3.5515414 50.8326649 0.0000000 -4.5506955 50.8514604 0.0000000 -6.2992151 50.8843527 0.0000000 -7.5199455 52.4075818 0.0000000 -7.7979462 50.9125460 0.0000000 -7.5481577 50.9078471 0.0000000 -8.0477347 50.9172449 0.0000000 -9.7962544 50.9501372 0.0000000 -11.7945625 50.9877283 0.0000000 -12.1264634 43.4668256 0.0000000 -13.5734763 36.9591663 0.0000000 -13.5551518 34.7107466 0.0000000 -13.5531157 34.4609221 0.0000000 -12.0552016 34.7229711 0.0000000 -12.0490935 33.9734978 0.0000000 -12.0450213 33.4738490 0.0000000 -13.5408994 32.9619757 0.0000000 -12.0409492 32.9742002 0.0000000 -12.0389132 32.7243757 0.0000000 -13.5388634 32.7121512 0.0000000 -12.0368771 32.4745513 0.0000000 -13.5368273 32.4623268 0.0000000 -13.5347913 32.2125024 0.0000000 -12.0348411 32.2247269 0.0000000 -13.5327552 31.9626780 0.0000000 -13.5307192 31.7128536 0.0000000 -12.0328050 31.9749025 0.0000000 -13.5286831 31.4630292 0.0000000 -13.5266471 31.2132048 0.0000000 -12.0287329 31.4752537 0.0000000 -13.5225750 30.7135559 0.0000000 -12.0205887 30.4759560 0.0000000 -13.5205389 30.4637315 0.0000000 -12.0144806 29.7264828 0.0000000 -12.0165166 29.9763072 0.0000000 -13.5144308 29.7142583 0.0000000 -13.5123947 29.4644339 0.0000000 -12.0043003 28.4773607 0.0000000 -12.0083724 28.9770095 0.0000000 -13.5042505 28.4651362 0.0000000 -13.5022144 28.2153118 0.0000000 -11.9981922 27.7278875 0.0000000 -12.0002282 27.9777119 0.0000000 -13.5001784 27.9654874 0.0000000 -13.4981423 27.7156630 0.0000000 -13.4961063 27.4658385 0.0000000 -11.9900480 26.7285898 0.0000000 -13.4859260 26.2167165 0.0000000 -11.9859758 26.2289410 0.0000000 -11.9819037 25.7292921 0.0000000 -11.9839398 25.9791166 0.0000000 -13.4818539 25.7170676 0.0000000 -13.4757458 24.9675944 0.0000000 -13.4737097 24.7177700 0.0000000 -13.4716737 24.4679456 0.0000000 -11.9737595 24.7299945 0.0000000 -13.4676016 23.9682967 0.0000000 -11.9615432 23.2310480 0.0000000 -11.9656153 23.7306968 0.0000000 -13.4655655 23.7184723 0.0000000 -11.9595072 22.9812236 0.0000000 -13.4594574 22.9689991 0.0000000 -11.9554351 22.4815748 0.0000000 -13.4492771 21.7198770 0.0000000 -11.9513630 21.9819259 0.0000000 -13.4472411 21.4700526 0.0000000 -11.9472909 21.4822771 0.0000000 -11.9411827 20.7328039 0.0000000 -11.9432188 20.9826283 0.0000000 -13.4411329 20.7205794 0.0000000 -13.4390968 20.4707549 0.0000000 -13.4350247 19.9711061 0.0000000 -11.9310025 19.4836818 0.0000000 -11.9330385 19.7335062 0.0000000 -13.4309526 19.4714573 0.0000000 -11.9289664 19.2338574 0.0000000 -11.9228582 18.4843841 0.0000000 -11.9248943 18.7342085 0.0000000 -13.4228084 18.4721596 0.0000000 -13.4207724 18.2223352 0.0000000 -13.4187363 17.9725108 0.0000000 -13.4167003 17.7226864 0.0000000 -11.9167501 17.7349109 0.0000000 -11.9106419 16.9854376 0.0000000 -11.9065698 16.4857888 0.0000000 -11.9024977 15.9861400 0.0000000 -11.9045338 16.2359644 0.0000000 -13.4024479 15.9739155 0.0000000 -13.3943037 14.9746178 0.0000000 -13.3922677 14.7247934 0.0000000 -13.3902316 14.4749690 0.0000000 -11.8923175 14.7370179 0.0000000 -13.3861595 13.9753202 0.0000000 -13.3841234 13.7254958 0.0000000 -13.3800513 13.2258469 0.0000000 -11.8801012 13.2380714 0.0000000 -11.8780651 12.9882470 0.0000000 -13.3780153 12.9760225 0.0000000 -13.3719071 12.2265493 0.0000000 -11.8699209 11.9889494 0.0000000 -13.3698711 11.9767249 0.0000000 -13.3637629 11.2272516 0.0000000 -11.8658488 11.4893005 0.0000000 -13.3617269 10.9774272 0.0000000 -13.3596908 10.7276028 0.0000000 -11.8617767 10.9896517 0.0000000 -13.3556187 10.2279540 0.0000000 -11.8495604 9.4907052 0.0000000 -11.8454883 8.9910564 0.0000000 -13.3434024 8.7290075 0.0000000 -13.3413664 8.4791831 0.0000000 -11.8414162 8.4914076 0.0000000 -12.9462802 6.5462790 0.0000000 -11.5317634 7.0454204 0.0000000 -9.6846076 4.6437461 0.0000000 -10.0382656 4.9450254 0.0000000 -11.0109935 3.8031846 0.0000000 -10.6306346 3.4791589 0.0000000 -10.5752263 3.4362576 0.0000000 -9.1400805 4.3207515 0.0000000 -8.3411579 4.0032964 0.0000000 -6.2284028 2.3751749 0.0000000 -4.7896227 2.8284376 0.0000000 -3.5282215 6.0045497 0.0000000 -3.7055809 5.8285951 0.0000000 -2.4936973 4.9179438 0.0000000 -2.3726031 5.0197675 0.0000000 -2.2092188 5.1181026 0.0000000 -2.9827229 6.4032841 0.0000000 -2.7686693 6.5321152 0.0000000 -2.5546158 6.6609463 0.0000000 -1.9951652 5.2469337 0.0000000 -2.3405622 6.7897774 0.0000000 -1.5670580 5.5045959 0.0000000 -1.3530045 5.6334270 0.0000000 0.6259178 6.3200243 0.0000000 0.5388960 7.8174979 0.0000000 0.2894840 7.8030039 0.0000000 -0.5909031 6.0833398 0.0000000 -1.2335370 7.4408549 0.0000000 -1.0931653 7.4988108 0.0000000 -0.1852563 6.2044512 0.0000000 -0.6143838 7.6417576 0.0000000 -0.8537746 7.5702842 0.0000000 0.1739868 6.2937614 0.0000000 0.0400721 7.7885100 0.0000000 -0.0530071 7.7772304 0.0000000 0.8239314 6.3315313 0.0000000 0.8910306 7.8309140 0.0000000 0.7883079 7.8319918 0.0000000 1.1386849 7.8113007 0.0000000 1.1997166 7.8039400 0.0000000 -0.4246471 6.1329778 0.0000000 1.6543018 6.2104459 0.0000000 2.2666016 7.5947947 0.0000000 2.0277810 7.6639132 0.0000000 2.3237794 7.5757253 0.0000000 2.4771656 5.9136060 0.0000000 3.0246749 7.3102204 0.0000000 2.7910431 7.3987220 0.0000000 3.4674156 7.0861090 0.0000000 4.5493670 5.6623427 0.0000000 4.2309554 6.3408422 0.0000000 3.1149779 5.1880666 0.0000000 2.9352881 5.5709656 0.0000000 4.6121843 5.0775332 0.0000000 4.6200200 5.3194365 0.0000000 3.1145752 5.1756347 0.0000000 4.6024697 4.9790976 0.0000000 3.0492836 4.7819746 0.0000000 4.4972525 4.3870144 0.0000000 4.5207132 4.4861662 0.0000000 3.0177224 4.6800607 0.0000000 4.3535857 3.9921411 0.0000000 4.4245188 4.1521513 0.0000000 4.2263779 3.7771188 0.0000000 2.7196061 4.1819063 0.0000000 3.9621034 3.3388106 0.0000000 4.0926922 3.5513528 0.0000000 3.8812041 3.2304338 0.0000000 1.4315421 2.7388221 0.0000000 1.2655390 2.5521155 0.0000000 2.3865288 1.5554300 0.0000000 -2.5483492 -1.7482493 0.0000000 -2.7139043 -1.9353532 0.0000000 -1.4249739 -2.7422452 0.0000000 -1.5905290 -2.9293491 0.0000000 -3.0805251 -4.6132846 0.0000000 -2.9149700 -4.4261806 0.0000000 -4.2039005 -3.6192887 0.0000000 -4.3694556 -3.8063926 0.0000000 -3.2460803 -4.8003885 0.0000000 -4.5350107 -3.9934965 0.0000000 -8.1578161 -8.0353284 0.0000000 -9.1945963 -8.7268386 0.0000000 -12.6478921 -9.5463267 0.0000000 -13.1301792 -11.1559986 0.0000000 -12.8833698 -11.1176792 0.0000000 -13.3545503 -9.6728629 0.0000000 -27.2091140 -11.6238420 0.0000000 -36.9384904 -11.7104348 0.0000000 -38.9488928 -11.7344898 0.0000000 -40.9603069 -11.6959007 0.0000000 -43.6757022 -10.1373723 0.0000000 -48.2620961 -9.7805937 0.0000000 -48.5526563 -11.2521846 0.0000000 -46.4232314 -10.0784996 0.0000000 -54.4439805 -3.8893215 0.0000000 -54.3918122 -0.4157328 0.0000000 -54.3733259 2.5973614 0.0000000 -54.3899334 1.3330952 0.0000000 -54.3902018 1.0832626 0.0000000 -54.3920806 -0.6655653 0.0000000 -54.3928858 -1.4150630 0.0000000 -54.2876285 6.5937660 0.0000000 -54.2554920 8.0924178 0.0000000 -52.7183442 9.8086868 0.0000000 -54.2287116 9.3412942 0.0000000 -53.7578001 22.5853089 0.0000000 -52.1380989 31.5540340 0.0000000 -53.6380668 31.5442218 0.0000000 -53.6446039 32.5435312 0.0000000 -52.1026534 43.2559940 0.0000000 -53.6012133 43.3217088 0.0000000 -53.6668841 41.8241517 0.0000000 -53.6887743 41.3249661 0.0000000 -53.4229203 46.3692132 0.0000000 -53.3347750 47.1135101 0.0000000 -51.5216767 -7.3612003 0.0000000 -51.2883501 -7.4505036 0.0000000 -45.9236806 -10.0892037 0.0000000 -31.4425672 -11.6444171 0.0000000 -22.2125490 -11.6536879 0.0000000 -10.4039105 -10.6459607 0.0000000 0.4355236 1.6185824 0.0000000 1.4524317 6.2432348 0.0000000 -3.1812247 4.2358622 0.0000000 -5.1009575 4.4442711 0.0000000 -3.8906625 3.5320438 0.0000000 -5.0260249 2.6838698 0.0000000 -6.5545071 3.8392978 0.0000000 -7.6429153 2.2558114 0.0000000 -8.3460631 2.4222710 0.0000000 -8.7958255 4.1563196 0.0000000 -9.2931906 2.7410368 0.0000000 -9.0564087 2.6613454 0.0000000 -9.3306184 2.7547512 0.0000000 -10.8748479 5.9675928 0.0000000 -12.5265025 5.6781376 0.0000000 -11.6980326 7.5166105 0.0000000 -13.1125494 7.0174691 0.0000000 -13.3393303 8.2293586 0.0000000 -13.3495106 9.4784807 0.0000000 -11.8597406 10.7398273 0.0000000 -11.8902814 14.4871935 0.0000000 -13.4146642 17.4728620 0.0000000 -11.9717235 24.4801701 0.0000000 -11.9961561 27.4780630 0.0000000 -12.0266969 31.2254293 0.0000000 -13.5490436 33.9612733 0.0000000 -13.5856926 38.4581128 0.0000000 -13.5979089 39.9570593 0.0000000 -13.6040170 40.7065325 0.0000000 -12.1142471 41.9678791 0.0000000 -13.6467741 45.9528452 0.0000000 -12.1773647 49.7124359 0.0000000 -12.0757111 50.8898620 0.0000000 -13.4648549 51.4557944 0.0000000 -12.0593833 50.9165376 0.0000000 -12.8734402 52.1764780 0.0000000 -11.5165618 52.4827641 0.0000000 -8.5473118 50.9266427 0.0000000 -8.5190996 52.4263774 0.0000000 -5.5498496 50.8702560 0.0000000 -5.5216373 52.3699907 0.0000000 -1.5435565 52.3387943 0.0000000 2.8614660 52.8559371 0.0000000 5.5896538 58.8666689 0.0000000 5.6447818 59.3632839 0.0000000 3.0104458 62.0364404 0.0000000 1.6511380 61.3984646 0.0000000 1.7149372 61.2772379 0.0000000 2.9592144 63.2454188 0.0000000 1.6566448 63.9893124 0.0000000 2.9056756 66.2922220 0.0000000 3.7999488 69.1798776 0.0000000 2.9735482 67.9280542 0.0000000 -8.7762049 68.5405317 0.0000000 -9.0259577 68.5468528 0.0000000 -12.2347910 70.1285473 0.0000000 -12.7279294 70.1410284 0.0000000 -12.2727432 68.6290275 0.0000000 -15.3357684 68.9838252 0.0000000 -16.6029646 70.6841791 0.0000000 -17.8233830 70.8619001 0.0000000 -18.0552448 69.3798434 0.0000000 -18.0865484 69.3850806 0.0000000 -20.0922477 70.2531450 0.0000000 -21.7214661 71.8053438 0.0000000 -20.8195503 73.0296658 0.0000000 -20.6454817 72.8504550 0.0000000 -23.1049493 77.4144985 0.0000000 -24.4852236 76.8272653 0.0000000 -24.7786437 77.5169407 0.0000000 -27.5693546 82.7188028 0.0000000 -32.9954027 86.9691136 0.0000000 -38.9988589 80.9542447 0.0000000 -39.2264653 80.5094291 0.0000000 -41.4722310 79.4134433 0.0000000 -42.2850360 77.8807303 0.0000000 -42.5208375 77.4402042 0.0000000 -43.3461427 75.8983631 0.0000000 -41.9057789 75.4107480 0.0000000 -44.1802473 74.3710389 0.0000000 -42.8659520 73.6481088 0.0000000 -49.8596501 57.3545863 0.0000000 -50.1239486 56.3987514 0.0000000 -51.9683606 55.3522648 0.0000000 -52.0345985 55.1087498 0.0000000 -50.6271760 54.5151077 0.0000000 -51.2034937 51.6059197 0.0000000 -51.6688937 48.4256951 0.0000000 -51.7864209 47.4332993 0.0000000 -51.9333298 46.1928045 0.0000000 -52.0676757 43.9998847 0.0000000 -52.1495388 33.3028255 0.0000000 -52.1397331 31.8038613 0.0000000 -52.2588029 22.5304686 0.0000000 -52.1188229 28.0547595 0.0000000 -53.6252715 29.5468450 0.0000000 -52.1252873 29.5537419 0.0000000 -53.6266295 29.7958380 0.0000000 -52.1266541 29.8044267 0.0000000 -52.1266590 29.8052424 0.0000000 -52.1134358 26.8056076 0.0000000 -52.2405351 23.0297999 0.0000000 -52.1665046 35.8013276 0.0000000 -53.6887223 39.0387992 0.0000000 -52.1870458 38.7992498 0.0000000 -52.1887575 39.0490766 0.0000000 -52.5784905 13.7921696 0.0000000 -52.7290564 9.3091362 0.0000000 -52.7611929 7.8104845 0.0000000 -52.8201098 5.0629563 0.0000000 -52.8683145 2.8149787 0.0000000 -52.9447528 -3.9374489 0.0000000 -52.8928866 -1.4166745 0.0000000 -54.3936872 -2.1610905 0.0000000 -52.8936918 -2.1661722 0.0000000 -52.8937314 -2.1731125 0.0000000 -52.9657302 50.1216943 0.0000000 -49.5791374 58.3083348 0.0000000 -51.0181864 58.7315820 0.0000000 -49.1561735 59.7464208 0.0000000 -50.3837404 60.8887110 0.0000000 -48.7326334 61.1741398 0.0000000 -47.9229552 63.8003165 0.0000000 -46.7910290 69.8374498 0.0000000 -47.4436178 68.6790929 0.0000000 -47.8461465 67.7644166 0.0000000 -42.6251366 74.0859141 0.0000000 -41.7878781 75.6310110 0.0000000 -43.1103412 76.3388891 0.0000000 -37.9819768 86.7147349 0.0000000 -36.4847261 86.1512073 0.0000000 -36.7576088 87.6270300 0.0000000 -32.0293803 85.0813131 0.0000000 -29.6503314 85.8461036 0.0000000 -28.6123568 85.4024300 0.0000000 -22.8115292 76.7248232 0.0000000 -20.2973444 72.4920335 0.0000000 -19.7751384 71.9544013 0.0000000 -16.8191192 69.1998351 0.0000000 -15.6140641 70.5401725 0.0000000 -10.9860274 70.0969416 0.0000000 -4.2427036 69.9262711 0.0000000 -3.4934454 69.9073077 0.0000000 -3.5313976 68.4077879 0.0000000 -1.9949290 69.8693809 0.0000000 -0.5343648 68.3319344 0.0000000 1.1621971 68.2783335 0.0000000 2.8067447 69.6027436 0.0000000 4.7239995 66.5685657 0.0000000 4.8473064 55.7638960 0.0000000 4.8305424 55.7265031 0.0000000 4.6045222 55.2670109 0.0000000 3.9222719 54.0918111 0.0000000 2.4125194 54.5556224 0.0000000 0.7598469 52.9075756 0.0000000 1.2719676 51.3824504 0.0000000 1.7509627 51.7815456 0.0000000 -0.3721240 50.8841834 0.0000000 -2.0338034 50.8356896 0.0000000 -4.3009070 50.8467615 0.0000000 -5.7996381 50.8749549 0.0000000 -12.0124445 29.4766584 0.0000000 -12.0022643 28.2275363 0.0000000 -13.4838900 25.9668921 0.0000000 -13.4798179 25.4672432 0.0000000 -11.9757956 24.9798189 0.0000000 -13.4553853 22.4693503 0.0000000 -11.9493269 21.7321015 0.0000000 -11.9391467 20.4829794 0.0000000 -13.4329887 19.7212817 0.0000000 -13.4289166 19.2216329 0.0000000 -11.9208222 18.2345597 0.0000000 -13.4105921 16.9732131 0.0000000 -13.3983758 15.4742667 0.0000000 -11.8943535 14.9868423 0.0000000 -11.8760291 12.7384226 0.0000000 -11.8719570 12.2387738 0.0000000 -11.8638127 11.2394761 0.0000000 -13.3535827 9.9781295 0.0000000 -11.8393801 8.2415831 0.0000000 -11.6148980 7.2810155 0.0000000 -9.5423326 4.5438568 0.0000000 -9.3585584 4.4419282 0.0000000 -7.8675942 3.8439135 0.0000000 -3.1967765 6.2744530 0.0000000 -1.7811116 5.3757648 0.0000000 0.0156511 6.2644349 0.0000000 -0.3749931 7.7132310 0.0000000 -0.2970194 7.7320350 0.0000000 1.6929185 7.7238314 0.0000000 1.9395195 7.6837770 0.0000000 2.2596777 5.9959922 0.0000000 3.6592048 6.9260049 0.0000000 4.0611399 6.5729244 0.0000000 4.5615914 4.7326319 0.0000000 2.8113669 4.3312535 0.0000000 4.0991701 3.5620966 0.0000000 2.5525319 1.7421367 0.0000000 -3.2105697 -2.4966650 0.0000000 -3.4116354 -4.9874924 0.0000000 -5.1972312 -4.7419123 0.0000000 -7.5150030 -7.3613674 0.0000000 -12.8581344 -11.1133187 0.0000000 -18.4506090 -11.6357777 0.0000000 -13.1417135 -11.1576977 0.0000000 -17.9713686 -10.1291277 0.0000000 -17.9509897 -11.6289892 0.0000000 -35.7074338 -10.1955390 0.0000000 -38.6871932 -11.7314405 0.0000000 -54.2608481 7.8426425 0.0000000 -53.6495067 33.2930133 0.0000000 -52.1921810 39.5487303 0.0000000 -53.6921458 39.5384529 0.0000000 -53.5901623 43.5736314 0.0000000 -52.0578551 -8.7620974 0.0000000 -38.9370079 -11.7344413 0.0000000 -38.9490825 -10.2344781 0.0000000 -32.6916406 -11.6594211 0.0000000 -31.7103988 -10.1475261 0.0000000 -16.1110043 -11.5715468 0.0000000 -11.1401776 -10.7861681 0.0000000 -2.3827941 -1.5611454 0.0000000 -0.0624857 1.0584626 0.0000000 1.3905103 0.4351904 0.0000000 2.8845381 2.1155499 0.0000000 -4.0680219 3.3560892 0.0000000 -12.0807896 5.0755702 0.0000000 -13.0294148 6.7818740 0.0000000 -11.8434522 8.7412320 0.0000000 -13.4044840 16.2237399 0.0000000 -12.0307690 31.7250781 0.0000000 -7.7697340 52.4122807 0.0000000 -5.7714259 52.3746896 0.0000000 3.6333857 53.6841221 0.0000000 3.7778288 53.8879666 0.0000000 -6.2786776 68.4773204 0.0000000 -17.5607945 69.3078401 0.0000000 -23.8522388 75.4185700 0.0000000 -25.3654840 78.8962914 0.0000000 -26.0501309 80.5055339 0.0000000 -42.5047289 74.3048168 0.0000000 -47.3789032 65.1021975 0.0000000 -51.2437572 51.3593528 0.0000000 -52.3318744 20.5331431 0.0000000 -52.1252915 29.5545979 0.0000000 -52.4414815 17.5371549 0.0000000 -52.9848322 -5.1859694 0.0000000 -51.3001624 57.7728580 0.0000000 -49.5086434 58.5480158 0.0000000 -50.9476924 58.9712630 0.0000000 -48.9446915 60.4654638 0.0000000 -40.2506939 78.5077592 0.0000000 -38.7712525 81.3990602 0.0000000 -37.5389859 87.2587128 0.0000000 -30.1704588 84.4391681 0.0000000 -30.3533284 86.1059933 0.0000000 -25.9654336 83.2078681 0.0000000 -15.0885433 68.9478235 0.0000000 1.3159044 69.7705042 0.0000000 2.4070240 65.2869721 0.0000000 3.7055527 64.5360904 0.0000000 4.0791118 61.5687619 0.0000000 3.2641243 55.9403113 0.0000000 1.7746574 51.8028522 0.0000000 -4.2726947 52.3464962 0.0000000 -4.0511184 50.8420627 0.0000000 -11.9187861 17.9847353 0.0000000 3.8794983 6.7408552 0.0000000 -49.6759273 -10.7461939 0.0000000 -48.9318548 -9.4437515 0.0000000 -52.7456883 -8.6601699 0.0000000 -52.8912762 0.0823209 0.0000000 -52.0917594 43.5044219 0.0000000 -53.5902681 43.5713016 0.0000000 -8.5779398 4.0829879 0.0000000 -13.5164668 29.9640827 0.0000000 1.4291409 62.2829481 0.0000000 -20.4714130 72.6712443 0.0000000 -22.5105572 76.0893087 0.0000000 -35.3256955 85.9408163 0.0000000 -40.9032150 80.5254822 0.0000000 -52.3775440 19.2848147 0.0000000 -53.6681812 36.0408770 0.0000000 -49.3676555 59.0273778 0.0000000 -48.8049310 60.9396439 0.0000000 -47.9965623 63.5615731 0.0000000 -48.5505719 66.1637331 0.0000000 -21.0251916 71.0885008 0.0000000 3.9113801 60.0781694 0.0000000 5.4079212 57.5725074 0.0000000 0.9250576 53.0626082 0.0000000 1.9567638 51.9737396 0.0000000 -12.0592737 35.2226199 0.0000000 -3.2927092 6.2058966 0.0000000 0.3765059 6.3055303 0.0000000 -4.0383454 -3.4321847 0.0000000 -52.7727231 -7.1604136 0.0000000 -52.8920814 -0.6671768 0.0000000 -51.5807483 49.1699920 0.0000000 -1.2594187 -2.5551413 0.0000000 -11.3205608 6.5701602 0.0000000 -12.0837063 38.2205129 0.0000000 3.1665825 60.1619791 0.0000000 -14.8723887 70.4321675 0.0000000 -21.5473975 71.6261331 0.0000000 -52.1990281 40.5480377 0.0000000 -38.0534510 86.4753444 0.0000000 3.8308459 61.5966985 0.0000000 1.9672168 51.9837400 0.0000000 -3.5233385 52.3323997 0.0000000 -13.4614934 23.2188235 0.0000000 -3.4826890 6.0461494 0.0000000 2.8751571 5.6265577 0.0000000 -3.7072351 -3.0579768 0.0000000 -52.4958962 -8.6556671 0.0000000 -54.3926174 -1.1652305 0.0000000 -53.6664694 35.7910502 0.0000000 -11.8841733 13.7377203 0.0000000 -13.6345578 44.4538987 0.0000000 2.5320872 65.5032487 0.0000000 -9.7752159 68.5658162 0.0000000 -12.7722486 68.6416697 0.0000000 -41.6699774 75.8512740 0.0000000 -52.6698298 11.2955127 0.0000000 -48.5854192 61.6516265 0.0000000 -36.6161461 86.0462121 0.0000000 3.6631142 60.1061060 0.0000000 -52.5229310 -7.1559108 0.0000000 -54.3934226 -1.9147282 0.0000000 -33.7089163 -10.1715325 0.0000000 -38.1249252 86.2359538 0.0000000 -36.6876202 85.8068216 0.0000000 -11.5447740 50.9830294 0.0000000 -3.5771905 -5.1745964 0.0000000 -33.6908994 -11.6714243 0.0000000 -4.0229062 52.3417973 0.0000000 -50.2396596 61.3773349 0.0000000 -38.1963994 85.9965633 0.0000000 2.9055527 63.0684353 0.0000000 -34.4583604 -10.1805350 0.0000000 -34.7081751 -10.1835358 0.0000000 -53.6315297 30.5449123 0.0000000 -33.9407141 -11.6744251 0.0000000 -13.6101252 41.4560057 0.0000000 -4.4924563 69.9325922 0.0000000 -2.5838598 -4.0519727 0.0000000 -34.4403435 -11.6804267 0.0000000 -19.9698458 -10.1562814 0.0000000 -53.6134219 26.7991388 0.0000000 -43.2282419 76.1186261 0.0000000 -33.9587310 -10.1745333 0.0000000 -51.2840207 51.1127859 0.0000000 -52.7241491 51.6010957 0.0000000 -12.1218672 -10.9731113 0.0000000 -51.1242295 52.0913198 0.0000000 -52.6033586 52.3407964 0.0000000 -10.8947553 -10.7394323 0.0000000 -52.6006715 52.3562356 0.0000000 -11.1753578 -9.2659119 0.0000000 -50.7792389 53.7811974 0.0000000 -51.3030201 57.7628875 0.0000000 -50.2422282 61.3688249 0.0000000 2.9353807 4.5408767 0.0000000 3.0818069 4.9780657 0.0000000 3.8509939 6.7659008 0.0000000 2.6979371 5.7744996 0.0000000 -34.8358016 85.8424830 0.0000000 -33.4558669 85.5415378 0.0000000 -33.2182035 85.4648609 0.0000000 -1.6984015 7.1762706 0.0000000 -0.9248973 5.8910892 0.0000000 -29.7017941 84.2659083 0.0000000 -2.6491465 4.7637259 0.0000000 -27.0533663 82.1752005 0.0000000 -3.5359436 3.8839530 0.0000000 -21.7285524 74.5250609 0.0000000 -7.3627026 3.7504341 0.0000000 -21.3733288 71.4469223 0.0000000 -10.0861054 3.1301830 0.0000000 -10.3045833 3.2513597 0.0000000 -10.3717655 3.2934105 0.0000000 -12.3779316 5.4772818 0.0000000 -4.5304085 68.4330724 0.0000000 -11.7811671 7.7522055 0.0000000 3.1820458 67.7904129 0.0000000 2.9092532 62.5263973 0.0000000 3.4148484 60.1340426 0.0000000 3.5825801 61.6246351 0.0000000 -2.2930399 52.3340931 0.0000000 1.0987292 53.2319970 0.0000000 2.5539429 54.7552055 0.0000000 2.6983860 54.9590500 0.0000000</float_array><technique_common><accessor source="#positions-array" count="2258" stride="3"><param name="X" type="float" /><param name="Y" type="float" /><param name="Z" type="float" /></accessor></technique_common></source><source id="uv"><float_array id="uv-array" count="4516">-2.3502829 -2.0903002 -2.4330605 -2.1838522 -1.8713728 -2.6808502 -2.0369280 -2.8679541 -1.9541504 -2.7744021 -2.5158381 -2.2774042 -2.2024831 -3.0550580 -2.7641708 -2.5580601 -2.8469483 -2.6516120 -3.0125034 -2.8387160 -2.2852606 -3.1486100 -2.5335933 -3.4292659 -2.4508158 -3.3357139 -3.0952810 -2.9322679 -3.1780586 -3.0258199 -3.2608361 -3.1193719 -2.6163709 -3.5228179 -3.5091688 -3.4000278 -2.6991485 -3.6163698 -3.0302587 -3.9905777 -2.9474812 -3.8970257 -3.5919464 -3.4935798 -3.6747240 -3.5871317 -3.1130363 -4.0841297 -3.2785914 -4.2712336 -3.1958139 -4.1776816 -3.8402791 -3.7742357 -3.3613690 -4.3647856 -3.9153336 -3.8590593 -3.4656946 -4.4699022 -3.3773422 -4.3817457 -3.4730184 -4.4770135 -3.9918223 -3.9353785 -3.5638144 -4.5628050 -3.6800911 -4.6705941 -3.6546104 -4.6485965 -4.1574579 -4.0918845 -4.2260055 -4.1458876 -3.9165873 -4.8370648 -3.8107273 -4.7707492 -3.7777409 -4.7475245 -4.5061719 -4.3213965 -4.1703497 -4.9924382 -4.1283074 -4.9696958 -4.2837625 -5.0447384 -4.8978586 -4.5008696 -4.6256446 -5.2010878 -4.2848419 -5.0452341 -4.7081581 -5.2277944 -6.0785237 -4.7264276 -6.2012349 -4.7497955 -5.9382224 -5.4631877 -6.4466573 -4.7965313 -6.5630782 -4.8187013 -6.3063560 -5.5332914 -9.8600181 -5.0764436 -9.9747334 -5.8280715 -9.8498286 -5.8263744 -7.1692701 -4.9050039 -7.2929906 -4.9222477 -7.0657385 -5.6478237 -7.3131794 -5.6823111 -7.1894590 -5.6650674 -7.4167110 -4.9394914 -7.7878724 -4.9912225 -8.1556662 -5.0424843 -7.6843408 -5.7340423 -8.1861378 -5.8016340 -8.0622451 -5.7866510 -8.2562909 -5.0546534 -8.2260659 -5.8043120 -8.3509707 -5.8060091 -7.5606204 -5.7167986 -7.6641519 -4.9739788 -10.2319259 -5.0814968 -10.2301566 -5.8315000 -10.2245431 -5.8314657 -10.3550686 -5.8313272 -10.3531704 -5.0813291 -10.3567897 -5.8313208 -6.1836448 -5.5099235 -11.2267087 -5.0761112 -11.4810169 -5.8246055 -11.2311886 -5.8260978 -11.6014511 -5.0738727 -12.1055875 -5.8208748 -11.6059310 -5.8238594 -12.2260217 -5.0701420 -12.4803299 -5.8186363 -12.2305016 -5.8201286 -12.7256783 -5.0671574 -13.1049005 -5.8149056 -12.7301581 -5.8171440 -13.2253348 -5.0641728 -13.4796429 -5.8126672 -13.2298146 -5.8141595 -14.0997337 -5.0589498 -14.2291277 -5.8081903 -14.1042135 -5.8089364 -14.2246478 -5.0582037 -14.3532510 -5.8074489 -17.4699864 -5.8432142 -17.3450791 -5.8417138 -17.4789949 -5.0932683 -17.6039022 -5.0947687 -17.7198011 -5.8462150 -17.5948938 -5.8447146 -17.9696158 -5.8492158 -17.8447085 -5.8477154 -17.9786242 -5.0992699 -18.1035316 -5.1007703 -18.2284389 -5.1022707 -18.0945231 -5.8507162 -18.3533463 -5.1037711 -18.3443378 -5.8537170 -18.4782536 -5.1052715 -18.6031610 -5.1067719 -18.7280683 -5.1082723 -18.5941525 -5.8567178 -18.8439672 -5.8597186 -18.7190599 -5.8582182 -19.0937819 -5.8627194 -19.1027903 -5.1127735 -19.2276977 -5.1142739 -19.3526050 -5.1157743 -19.2186892 -5.8642198 -19.6059397 -5.8666826 -19.5993444 -5.8667659 -19.5931700 -5.1167841 -19.9645358 -5.1088266 -20.0894235 -5.1061506 -20.1054904 -5.8559785 -21.0885250 -5.0847423 -21.2134127 -5.0820663 -21.2294796 -5.8318942 -21.1045919 -5.8345702 -20.6050412 -5.8452743 -20.5889742 -5.0954465 -19.9806027 -5.8586545 -19.8557150 -5.8613305 -19.8396481 -5.1115026 -20.4640865 -5.0981225 -21.3383004 -5.0793903 -21.3543673 -5.8292182 -21.7290304 -5.8211901 -21.7129634 -5.0713622 -22.4783565 -5.8051339 -21.8539180 -5.8185140 -22.4622895 -5.0553060 -22.5871772 -5.0526300 -22.9779072 -5.7944298 -22.6032442 -5.8024578 -23.3265227 -5.0367876 -23.3525703 -5.7864017 -23.2276826 -5.7890777 -23.4184979 -5.0299086 -23.4966806 -5.7761559 -23.3725060 -5.7854432 -23.5408151 -5.7702031 -24.1930365 -4.8777756 -24.4008007 -5.6009562 -24.2784724 -5.6256657 -24.5125709 -5.5589906 -24.7550809 -4.5566852 -25.1633564 -5.1872033 -25.0548921 -5.2491678 -25.2303961 -5.1383358 -25.3221118 -5.0544696 -24.8096374 -4.5067979 -25.4227723 -4.9541136 -25.3345553 -5.0425548 -25.2446376 -4.0706921 -25.7756404 -4.6003486 -25.5109894 -4.8656723 -25.3328546 -3.9822508 -25.9454829 -4.4300743 -25.8638574 -4.5119073 -26.7484863 -4.2929976 -26.6835126 -4.3091198 -26.5239371 -3.5749011 -27.1299618 -4.0187451 -27.1099479 -4.0449195 -27.0317187 -4.1384116 -26.8665569 -4.2522123 -27.2684123 -3.7186700 -27.2014052 -3.9162759 -27.2739070 -3.5966370 -27.2740935 -3.5677373 -26.5619629 -4.3279683 -26.4977402 -4.3323364 -26.4789581 -3.5818759 -26.5124558 -3.2172449 -27.2580617 -3.0683291 -27.2620697 -3.1931811 -26.5044399 -2.9675408 -27.2500458 -2.8186250 -27.2540538 -2.9434771 -26.4964240 -2.7178367 -27.2420300 -2.5689209 -27.2460379 -2.6937730 -26.4884082 -2.4681326 -27.2340141 -2.3192169 -27.2380220 -2.4440689 -26.4803923 -2.2184286 -27.2259982 -2.0695128 -27.2300061 -2.1943648 -26.4683685 -1.8438724 -27.2139744 -1.6949566 -27.2179823 -1.8198087 -26.4603526 -1.5941683 -27.2059585 -1.4452526 -27.2099664 -1.5701046 -26.4523367 -1.3444643 -27.1980736 -1.1996270 -27.2019506 -1.3204005 -26.4127329 2.4065905 -27.1598825 2.5475571 -27.1625606 2.4226695 -26.4207671 2.0319276 -27.1679166 2.1728942 -27.1705947 2.0480066 -26.4455039 0.1660767 -27.1955035 0.1668825 -27.1956377 0.0419662 -26.4452355 0.4159093 -27.1952351 0.4167150 -27.1953693 0.2917988 -26.4447027 0.9118829 -27.1946983 0.9163802 -27.1948325 0.7914639 -27.1946177 0.9237624 -27.1920190 1.0489054 -26.4288012 1.6572646 -27.1786288 1.6733436 -27.1839849 1.4235683 -26.4154110 2.2817028 -27.1652386 2.2977819 -26.4046988 2.7812534 -27.1518484 2.9222201 -27.1545264 2.7973324 -26.3993427 3.0310287 -27.1491703 3.0471077 -26.3859525 3.6554669 -27.1357801 3.6715460 -27.1384582 3.5466583 -26.3725623 4.2799052 -27.1223899 4.2959842 -27.1250680 4.1710965 -27.1197119 4.4208718 -26.3565197 5.0280334 -27.1063217 5.0453101 -27.1089997 4.9204224 -27.1062627 5.0477052 -26.3531229 5.1500625 -27.1026814 5.1758451 -27.1027869 5.1725697 -27.0981144 5.3006780 -26.3394819 5.5229235 -27.0844135 5.6751765 -27.0889805 5.5503436 -26.3303479 5.7725892 -27.0707126 6.0496750 -27.0798465 5.8000093 -26.3166470 6.1470877 -27.0615787 6.2993407 -27.0661456 6.1745079 -26.3075131 6.3967534 -27.0478778 6.6738392 -27.0570117 6.4241736 -26.2938122 6.7712519 -27.0387438 6.9235049 -27.0433108 6.7986721 -26.2846783 7.0209176 -27.0296099 7.1731706 -27.0341769 7.0483378 -26.2709774 7.3954162 -27.0159090 7.5476691 -27.0204760 7.4228363 -26.2618435 7.6450818 -27.0067751 7.7973348 -27.0113421 7.6725020 -26.2527095 7.8947475 -26.9930742 8.1718334 -27.0022081 7.9221677 -26.2390086 8.2692461 -26.9839403 8.4214990 -26.9885072 8.2966662 -26.2298747 8.5189117 -26.9702394 8.7959976 -26.9793733 8.5463319 -26.2161738 8.8934103 -26.9611054 9.0456633 -26.9656724 8.9208304 -26.2070399 9.1430760 -26.9474045 9.4201618 -26.9565385 9.1704961 -26.1933390 9.5175745 -26.9382706 9.6698275 -26.9428376 9.5449946 -26.1796381 9.8920730 -26.9291367 9.9194932 -26.9337036 9.7946603 -26.1705042 10.1417387 -26.9154358 10.2939917 -26.9200027 10.1691588 -26.1613702 10.3914044 -26.9017349 10.6684902 -26.9108688 10.4188245 -26.1476693 10.7659029 -26.8926009 10.9181559 -26.8971679 10.7933231 -26.1339684 11.1404014 -26.8834670 11.1678216 -26.8880340 11.0429887 -26.1248345 11.3900671 -26.8697661 11.5423201 -26.8743331 11.4174873 -26.1157006 11.6397328 -26.8606322 11.7919858 -26.8651992 11.6671530 -26.1019997 12.0142313 -26.8514983 12.0416515 -26.8560652 11.9168186 -26.0928657 12.2638970 -26.8377974 12.4161500 -26.8423643 12.2913172 -26.0837318 12.5135627 -26.8240965 12.7906485 -26.8332304 12.5409829 -26.0700309 12.8880612 -26.8149625 13.0403142 -26.8195295 12.9154814 -26.0588727 13.9024646 -26.8094045 14.0241454 -26.8088658 13.8992302 -26.0615663 14.5270405 -26.8120980 14.6487213 -26.8115593 14.5238061 -26.0674152 15.5271896 -26.8182163 15.6471972 -26.8173991 15.5222835 -26.0706837 16.0268443 -26.8206677 16.0219382 -26.8198505 15.8970246 -26.0772612 17.0262699 -26.8280994 17.1460446 -26.8272436 17.0211311 -26.0789729 17.2760967 -26.8315230 17.6456982 -26.8289553 17.2709580 -26.0866758 18.4003175 -26.8375141 18.5200922 -26.8366582 18.3951788 -26.0900994 18.8999712 -26.8409376 19.0197459 -26.8400818 18.8948325 -26.0909552 19.0248846 -26.8426494 19.2695728 -25.8491377 24.0887981 -26.5792421 24.3010519 -26.5939330 24.1770025 -26.0677444 21.2536077 -26.8060792 21.5360580 -26.8170243 21.2864651 -26.0969464 19.8992786 -26.8486406 20.1439667 -26.8469288 19.8941399 -26.0986582 20.1491054 -26.8494964 20.2688801 -26.1003597 20.3974354 -26.8503609 20.3967873 -26.8503523 20.3937936 -26.1002291 20.5128275 -26.8502195 20.5216823 -26.8498597 20.5376866 -26.0024972 22.6237373 -26.7515524 22.6613712 -26.7578206 22.5366122 -26.0400752 21.8757950 -26.7891611 21.9128172 -26.7892206 21.9115939 -26.0275697 22.1247013 -26.7766249 22.1623352 -26.7828930 22.0375762 -25.8638286 23.9647486 -26.6086239 24.0529530 -26.6380057 23.8048540 -26.7703568 22.2870942 -26.0150335 22.3742193 -26.7640887 22.4118532 -25.9902988 22.8665328 -26.7390162 22.9108892 -26.7452843 22.7861302 -26.7273645 23.0487005 -26.7380997 22.9243178 -25.9806549 22.9782714 -26.7261511 23.0605571 -25.9519740 23.2204517 -26.6820784 23.4327056 -26.6967693 23.3086561 -26.0926670 19.2747115 -26.8435053 19.3944862 -25.7757708 24.7083063 -26.5204785 24.7972499 -26.5351694 24.6732004 -26.0219150 -3.5915003 -26.1365694 -3.5757040 -26.1816128 -4.3266378 -25.9036505 -3.6270300 -26.1326808 -4.3413382 -25.8775017 -3.6359485 -25.9780517 -4.4005209 -25.4345752 -3.8809292 -25.5262219 -3.7977674 -25.4210716 -3.8938096 -24.8917695 -4.4244571 -24.9799866 -4.3360158 -24.9464279 -5.3111324 -24.5743916 -4.6599112 -24.6828559 -4.5979467 -24.2489989 -4.8458048 -24.6210352 -5.4970260 -23.1027949 -5.7917537 -23.0867280 -5.0419258 -18.8529757 -5.1097727 -18.2194305 -5.8522166 -17.7288096 -5.0962691 -16.6046435 -5.0827655 -16.7295508 -5.0842659 -16.7205424 -5.8342118 -16.5956350 -5.8327114 -16.4707277 -5.8312110 -16.4797361 -5.0812651 -16.2299214 -5.0782643 -16.3548288 -5.0797647 -16.2209130 -5.8282101 -16.0960056 -5.8267097 -15.8461909 -5.8237089 -16.1050141 -5.0767638 -15.6053847 -5.0707622 -15.7302920 -5.0722626 -15.5963763 -5.8207081 -12.1011076 -5.0708881 -15.4804774 -5.0692618 -15.4714689 -5.8192077 -15.3465616 -5.8177073 -15.2306627 -5.0662610 -15.3555700 -5.0677614 -15.2216542 -5.8162069 -15.0967469 -5.8147065 -14.9808480 -5.0632602 -15.1057553 -5.0647606 -14.9718395 -5.8132061 -14.7220248 -5.8102053 -14.6061260 -5.0587590 -14.7310333 -5.0602594 -14.5971175 -5.8087049 -14.4747913 -5.8072355 -14.4760561 -5.0572321 -14.4812186 -5.0572586 -14.3511436 -5.0574514 -14.3495619 -5.0574575 -13.6000771 -5.0619344 -13.4751630 -5.0626805 -13.1004206 -5.0649190 -12.6052440 -5.8178902 -12.4758500 -5.0686497 -12.6007641 -5.0679036 -11.4765370 -5.0746189 -11.1017946 -5.0768573 -10.6066180 -5.8298285 -10.4772240 -5.0805881 -10.6021381 -5.0798419 -10.4817038 -5.8305747 -9.3502093 -5.8195859 -9.3603988 -5.0696552 -9.1003997 -5.8161917 -9.1105891 -5.0662609 -9.2354940 -5.0679581 -8.4758755 -5.8077062 -8.3611602 -5.0560783 -8.4860650 -5.0577754 -5.7103901 -4.6563239 -5.9558125 -4.7030597 -5.8155112 -5.4398198 -5.3422565 -4.5862202 -5.4649677 -4.6095881 -5.3246664 -5.3463482 -5.2195453 -4.5628523 -5.0792440 -5.2996125 -4.9757713 -4.5164304 -5.0968341 -4.5394844 -4.9565329 -5.2762446 -4.8338217 -5.2528767 -4.8305277 -5.2522341 -4.0224473 -4.9033803 -4.3147468 -4.2014792 -4.4206069 -4.2677947 -1.2091523 -1.9324344 -1.0435972 -1.7453305 -1.7708400 -1.4354365 -0.9608196 -1.6517785 -1.5225073 -1.1547805 -0.5469318 -1.1840187 -0.4641542 -1.0904667 -1.1086195 -0.6870207 -0.9430643 -0.4999168 -1.0258419 -0.5934687 -0.8602868 -0.4063648 -0.3813767 -0.9969147 -0.2985991 -0.9033628 -0.2158216 -0.8098108 -0.6119541 -0.1257089 -0.7775092 -0.3128128 -0.0502664 -0.6227068 0.0325111 -0.5291549 -0.5291765 -0.0321569 0.1980663 -0.3420509 0.2805460 -0.2488355 -0.3636214 0.1549470 -0.2802475 0.2491714 -0.2808438 0.2484990 0.4462505 -0.0624647 0.5292521 0.0308886 -0.1142444 0.4358780 0.1347603 0.7159379 0.0517587 0.6225846 0.6122536 0.1242419 0.3837649 0.9959978 0.3007633 0.9026445 0.9442598 0.4976551 0.7782567 0.3109485 0.8612582 0.4043018 0.4667664 1.0893511 1.0272613 0.5910084 1.1102629 0.6843617 0.5497680 1.1827044 0.8817741 1.5561177 0.7987726 1.4627644 1.3592675 0.9644216 1.5252706 1.1511282 1.6080273 1.2442062 0.9647757 1.6494710 1.0477772 1.7428243 1.6906188 1.3367316 1.1314519 1.8365642 1.0482673 1.7433744 1.1321486 1.8373425 1.6422270 3.5993770 1.5283322 3.6486265 1.2947386 2.9325205 1.2787056 3.7436118 0.9103097 3.0811555 1.0130229 3.0422469 0.7231588 3.8819428 0.4947973 3.1592057 0.6029154 3.1416446 -0.7262656 3.6616041 -0.7421739 3.6525509 -0.3632655 3.0052393 -0.9562275 3.5237198 -1.0632543 3.4593042 -0.5694754 2.8811291 -1.5019327 2.2059084 -1.4132529 2.2938857 -1.9414702 2.8263202 -2.0301499 2.7383430 -2.1188296 2.6503657 -2.2075093 2.5623884 -2.2961890 2.4744111 -1.6792921 2.0299538 -2.3848687 2.3864338 -2.4735484 2.2984565 -1.8566515 1.8539992 -2.1541197 1.5763691 -2.0584910 1.6558124 -2.6178034 2.1662058 -2.2906901 1.4832323 -2.1865689 1.5522459 -2.7050487 2.1083779 -2.8031551 2.0433511 -2.8500558 2.0147987 -2.4069900 1.4064796 -2.9922728 1.2147446 -2.6264870 1.2962161 -3.1553250 1.9468061 -3.4349344 1.1243327 -3.3580586 1.1332731 -3.4831366 1.8737925 -3.5594182 1.1227888 -3.5625893 1.8728072 -3.6965670 1.1253714 -3.5716763 1.1228372 -3.7734985 1.8770869 -4.0075073 1.1587723 -3.8863337 1.1349004 -3.8385650 1.8899054 -4.0546406 1.1712898 -4.0521880 1.9618025 -4.4098134 1.2908269 -4.2914225 1.2509812 -4.4819154 2.1114981 -4.9338137 1.5045032 -4.8245748 1.4439148 -4.7810192 1.4232977 -5.6324368 2.0131428 -5.6005865 1.9825987 -5.0973972 2.5391857 -5.7167997 2.1041630 -5.7432529 2.1360735 -5.1526255 2.5987722 -5.2888530 2.7829406 -5.8918239 2.3369293 -5.9661093 2.4373572 -5.3631385 2.8833685 -5.5117094 3.0842243 -5.5859949 3.1846522 -6.1146803 2.6382130 -6.3893153 3.0366868 -6.3375367 2.9394967 -5.7014632 3.3407559 -6.4312076 3.1543118 -5.7244963 3.4054280 -6.4315728 3.1553420 -5.9148444 3.9448555 -6.6394093 3.7443296 -6.5978420 3.6265321 -6.6600217 3.8452778 -5.9187568 4.0062802 -6.6686471 3.9897671 -6.6679012 3.9689861 -6.6737373 4.6143282 -6.6727192 4.4894159 -5.9237622 4.6204404 -5.9257982 4.8702648 -5.9268162 4.9951770 -6.6757733 4.8641526 -5.9278343 5.1200892 -5.9288523 5.2450014 -6.6788274 5.2388892 -6.6839175 5.8634502 -6.6828995 5.7385380 -5.9339424 5.8695625 -6.6879896 6.3630991 -6.6869716 6.2381868 -5.9369965 6.2442991 -5.9431047 6.9937723 -5.9441227 7.1186845 -6.6940978 7.1125723 -5.9481948 7.6183334 -5.9492128 7.7432456 -6.6981699 7.6122211 -6.7042780 8.3616944 -6.7032600 8.2367822 -5.9543029 8.3678066 -5.9563390 8.6176310 -5.9573570 8.7425432 -6.7063141 8.6115188 -6.7134403 9.4859042 -6.7124222 9.3609920 -5.9634652 9.4920165 -5.9675373 9.9916653 -5.9685553 10.1165775 -6.7185304 10.1104653 -6.7226025 10.6101141 -6.7215845 10.4852019 -5.9726274 10.6162263 -6.7266746 11.1097629 -6.7256566 10.9848507 -5.9766995 11.1158752 -5.9838257 11.9902606 -5.9848437 12.1151728 -6.7348188 12.1090606 -5.9889158 12.6148217 -5.9899338 12.7397339 -6.7388909 12.6087094 -6.7460171 13.4830949 -6.7449991 13.3581827 -5.9960420 13.4892071 -6.7551793 14.6073047 -6.7541613 14.4823925 -6.0052042 14.6134170 -6.0113124 15.3628902 -6.0123304 15.4878024 -6.7623055 15.4816902 -6.7735038 16.8557245 -6.7724858 16.7308122 -6.0235287 16.8618367 -6.0255648 17.1116611 -6.0265828 17.2365733 -6.7755398 17.1055489 -6.7806300 17.7301099 -6.7796119 17.6051977 -6.0306549 17.7362221 -6.7826660 17.9799343 -6.7816480 17.8550221 -6.0326909 17.9860466 -6.0316729 17.8611344 -6.7857201 18.3546709 -6.7836841 18.1048465 -6.0337090 18.1109588 -6.0357450 18.3607832 -6.0367630 18.4856954 -6.0377811 18.6106076 -6.0387991 18.7355198 -6.7877562 18.6044954 -6.0398171 18.8604320 -6.7887742 18.7294076 -6.7918283 19.1041442 -6.7897922 18.8543198 -6.0428712 19.2351686 -6.0449072 19.4849930 -6.7948823 19.4788808 -6.7959004 19.6037930 -6.0459253 19.6099053 -6.0469433 19.7348175 -6.0479613 19.8597297 -6.7969184 19.7287052 -6.0489793 19.9846419 -6.7979364 19.8536174 -6.0499974 20.1095541 -6.7999725 20.1034418 -6.0510154 20.2344663 -6.0520334 20.3593785 -6.8009905 20.2283540 -6.0540695 20.6092029 -6.8040446 20.6030907 -6.0550875 20.7341151 -6.0561055 20.8590273 -6.8060806 20.8529151 -6.8081167 21.1027395 -6.8070986 20.9778273 -6.0581416 21.1088517 -6.0601776 21.3586762 -6.8101527 21.3525639 -6.8132068 21.7273005 -6.8111707 21.4774761 -6.0611957 21.4835884 -6.8142248 21.8522127 -6.0642497 21.8583250 -6.0662858 22.1081494 -6.0673038 22.2330616 -6.8162609 22.1020372 -6.0693399 22.4828860 -6.8193150 22.4767738 -6.8203330 22.6016860 -6.0703579 22.6077982 -6.0723939 22.8576226 -6.0734120 22.9825348 -6.8223690 22.8515104 -6.0764660 23.3572715 -6.8264411 23.3511592 -6.8274592 23.4760714 -6.0774841 23.4821837 -6.0785021 23.6070959 -6.0795201 23.7320081 -6.8284772 23.6009836 -6.8315313 23.9757203 -6.8294952 23.7258958 -6.0815562 23.9818325 -6.0825742 24.1067447 -6.0835922 24.2316569 -6.8325493 24.1006325 -6.8345853 24.3504569 -6.8335673 24.2255447 -6.0846103 24.3565691 -6.0856283 24.4814813 -6.0866463 24.6063935 -6.8356034 24.4753691 -6.8386574 24.8501057 -6.8366214 24.6002813 -6.8396755 24.9750179 -6.0897004 24.9811302 -6.0907184 25.1060424 -6.0917364 25.2309546 -6.8406935 25.0999301 -6.8427296 25.3497545 -6.8417115 25.2248423 -6.0922920 25.2991262 -6.7913758 25.5787514 -6.8268468 25.4608325 -6.0782831 25.3456972 -6.7795569 25.6122127 -6.0334679 25.4557010 -6.5488757 26.0121978 -6.6852980 25.8435817 -6.4465532 26.0817759 -6.2321424 26.1995309 -6.3312700 26.1552044 -5.9755295 25.4926641 -5.9666576 25.4951692 -6.1170255 26.2320361 -5.8831751 26.2437315 -6.0080694 26.2460809 -5.0230214 25.4774180 -4.8840211 26.2249359 -5.0089153 26.2272854 -4.1487616 25.4609719 -4.0097613 26.2084898 -4.1346555 26.2108392 -3.3993961 25.4468752 -3.2603957 26.1943931 -3.3852900 26.1967426 -3.2745018 25.4445258 -3.1355014 26.1920437 -2.4002420 25.4280797 -2.2612416 26.1755976 -2.3861359 26.1779470 -0.8919878 25.4186284 -0.8966922 26.1686136 -1.0216061 26.1678301 -0.5172461 25.4209790 -0.5219505 26.1709642 -0.6468644 26.1701807 0.0572889 25.4986311 0.0092325 26.2574425 -0.1124429 26.2291728 0.3006398 25.5551705 0.1941733 26.3004111 0.1309080 26.2857122 1.0730333 26.0790897 1.1624582 26.1663094 0.6387895 26.7032182 0.9070643 26.9648774 0.8176394 26.8776577 1.3413081 26.3407488 1.5201579 26.5151883 0.9964892 27.0520971 1.6095828 26.6024080 1.1528055 27.2045587 1.0859141 27.1393168 1.4760612 27.6595908 1.4207496 27.5805088 2.0346816 27.1497086 2.7273907 28.9089531 2.7283268 28.9140456 1.9902161 29.0470847 2.0218416 29.2677743 2.0093907 29.1556113 2.7672629 29.1850270 2.0631876 29.6402356 2.0494056 29.5160818 2.8086089 29.5574882 2.0815607 29.8487805 2.0759239 29.7549688 2.8240052 29.7005238 2.8314761 29.8248611 2.8316363 29.8669985 2.8250922 29.9917433 2.0725514 30.0205169 2.0761221 29.9524521 1.7015030 30.8224210 1.6662152 30.8331773 1.5158846 30.0949319 1.3993204 30.1304626 1.3084814 30.1720667 1.6224113 30.8608296 1.5905540 30.8868063 1.1660495 30.2652211 0.9935259 30.4290842 1.0710578 30.3426779 1.2028515 30.2387482 1.4881449 31.0594156 0.7551181 30.8949538 0.7787341 30.8122068 0.6893937 31.3327902 0.6942966 31.2647342 1.4399128 31.3526548 1.4413222 31.4261117 0.6917711 31.4567013 0.6937894 31.4890187 0.7644278 31.8786394 0.7201125 31.7374608 1.4579863 31.5833902 0.8243571 31.9876254 0.7069509 31.6132397 1.6651815 31.9436303 1.0159172 32.3190711 0.9533856 32.2109328 2.1502159 32.8698347 1.5145043 33.2832089 1.4626970 33.1698057 2.1923171 32.9619917 1.5237754 33.3020839 2.3038054 33.1737500 1.6920684 33.6217355 1.6401641 33.5231497 1.7957256 34.6587595 1.3531652 34.0522300 1.3825253 34.0328477 -2.3711045 34.9694567 -2.6208573 34.9757778 -2.3900806 34.2196968 -2.7647097 34.2291785 -2.6398334 34.2260179 -2.7457336 34.9789384 -2.8706100 34.9820989 -2.9954864 34.9852595 -2.8895861 34.2323390 -3.1203627 34.9884201 -3.0144625 34.2354996 -3.2452391 34.9915806 -3.2642152 34.2418207 -3.4949918 34.9979018 -3.6198682 35.0010623 -3.5139679 34.2481419 -4.0134734 34.2607841 -3.8885970 34.2576236 -3.9944973 35.0105440 -3.8696209 35.0073835 -3.6388443 34.2513024 -4.2442500 35.0168652 -4.3691264 35.0200257 -4.2632261 34.2671053 -4.4940028 35.0231863 -4.6188791 35.0263469 -4.6378552 34.2765870 -4.7437555 35.0295074 -4.8686318 35.0326680 -4.7627316 34.2797475 -5.2622370 34.2923898 -5.1373607 34.2892292 -5.1183846 35.0389891 -5.5119898 34.2987109 -5.2432609 35.0421497 -5.7617425 34.3050320 -5.6368661 34.3018715 -5.6178900 35.0516314 -6.0114952 34.3113532 -5.7427664 35.0547919 -7.0653566 35.1620813 -7.1889692 35.1800821 -7.1734339 34.4199093 -6.8181315 35.1260796 -6.9417441 35.1440804 -7.0498214 34.4019084 -6.9262088 34.3839076 -6.8025962 34.3659068 -6.6945189 35.1080788 -6.5709064 35.0900780 -7.3125818 35.1980829 -7.4206591 34.4559109 -6.6789837 34.3479059 -6.5553711 34.3299051 -6.4662949 35.0748441 -7.5598069 35.2340846 -7.6834195 35.2520854 -7.7914968 34.5099134 -8.1623345 34.5639159 -8.0387219 34.5459151 -7.9306446 35.2880871 -8.1778697 35.3240887 -8.2859470 34.5819167 -8.5487074 35.3780912 -8.6567847 34.6359192 -8.5331721 34.6179184 -9.2700703 35.5847280 -9.5961575 34.9093265 -9.3711743 34.8007035 -8.9772385 35.4433474 -9.2586827 34.7463920 -9.1653296 34.7156254 -9.3825619 35.6390395 -9.8211407 35.0179495 -9.7086491 34.9636380 -9.6895795 35.7872691 -10.2033321 35.2336334 -10.1039157 35.1611945 -9.7357973 35.8209453 -10.2514928 35.2754343 -10.8084187 37.1507984 -11.5351170 36.9271611 -11.4792595 36.8154291 -11.1218360 36.1714880 -10.9477674 35.9922773 -10.5586681 36.6681243 -10.5946529 36.7232017 -11.2558296 36.3685012 -11.2343444 36.3310769 -11.1667752 36.2276569 -11.3107782 38.1556705 -11.9826896 37.8224502 -11.9819769 37.8210170 -11.3610515 38.2573148 -12.0959017 38.0687950 -12.0469984 37.9538491 -12.0380629 37.9344059 -11.4546679 38.4773575 -12.1937085 38.2986868 -12.1448051 38.1837409 -11.6013780 38.8221952 -12.3404185 38.6435245 -12.2915152 38.5285786 -11.7480881 39.1670328 -12.4871286 38.9883621 -12.4382252 38.8734162 -11.8947981 39.5118705 -12.5849353 39.2182539 -12.5360319 39.1033080 -12.0904115 39.9716541 -12.7805487 39.6780375 -12.7316453 39.5630916 -12.2371216 40.3164917 -12.9272588 40.0228751 -12.8783554 39.9079293 -12.3838317 40.6613294 -13.1228722 40.4826587 -13.0739688 40.3677128 -12.5305417 41.0061671 -13.2206789 40.7125505 -13.1717755 40.5976046 -13.9477546 41.5312061 -13.8706754 41.4500018 -13.3267090 41.9663356 -14.4130876 42.7643162 -14.4736672 42.7931070 -14.7653133 42.1013148 -14.5908334 42.8364219 -14.7079995 42.8797369 -14.9680632 42.1762691 -15.6580432 42.4255922 -15.5459731 42.3894353 -15.4277604 43.1393638 -16.2599367 43.4078472 -16.3788190 43.4462020 -16.4902194 42.6940757 -16.6166938 43.5229099 -16.6579347 43.5336579 -16.8264596 42.8025253 -16.9280068 42.8229083 -16.7804082 43.5582413 -17.1729538 42.8720749 -17.0504803 42.8474916 -16.9028816 43.5828246 -17.0253551 43.6074079 -17.2703021 43.6565745 -17.3927756 43.6811578 -17.5152491 43.7057412 -17.5403743 42.9458248 -17.6377226 43.7303245 -17.8826696 43.7794911 -17.7853213 42.9949915 -18.1527417 43.0687414 -18.0302682 43.0441581 -18.9873151 41.4779573 -18.9304135 41.5891612 -19.6549852 41.8195955 -18.7028071 42.0339768 -18.6459055 42.1451806 -19.3145704 42.4848747 -18.6439387 42.1490803 -19.5411820 42.0420033 -19.5980836 41.9307994 -19.1011183 41.2555495 -19.0442167 41.3667534 -19.7118868 41.7083916 -19.7687884 41.5971877 -19.8256900 41.4859838 -19.1580199 41.1443457 -19.8825916 41.3747799 -19.9394932 41.2635761 -19.2149215 41.0331418 -19.3287247 40.8107340 -19.2718231 40.9219379 -20.0532963 41.0411683 -20.1101979 40.9299644 -19.4425278 40.5883262 -20.1670995 40.8187605 -20.2240011 40.7075566 -19.5563310 40.3659185 -20.2809027 40.5963527 -20.3378043 40.4851489 -19.6701342 40.1435107 -19.7839374 39.9211029 -19.7270358 40.0323068 -20.3947059 40.3739450 -19.8977406 39.6986951 -19.8408390 39.8098990 -20.5085091 40.1515372 -20.0115438 39.4762874 -19.9546422 39.5874912 -20.6223123 39.9291294 -20.6792139 39.8179255 -20.9656669 39.2707597 -21.0835676 39.0504966 -20.3044354 38.9168206 -20.1865346 39.1370836 -20.1849774 39.1400241 -20.8485513 39.4895559 -20.2454850 39.0269521 -20.9067165 39.3808912 -20.1270090 39.2506696 -20.7921938 39.5971267 -21.3193691 38.6099706 -20.7170880 38.1459000 -20.6581376 38.2560315 -21.7318813 37.8393124 -21.0707902 37.4851110 -21.0118398 37.5952425 -21.7899927 37.7311611 -21.1301960 37.3745495 -21.0710714 37.4845865 -21.1319567 37.3713110 -22.1503275 37.0760681 -21.5533837 36.6051518 -21.4931798 36.7146031 -22.2688034 36.8606775 -21.6135876 36.4957005 -21.6800515 36.3805859 -21.6175258 36.4887185 -22.3287665 36.7569766 -21.6811694 36.3786657 -22.3913740 36.6501680 -21.8075079 36.1631315 -21.7443386 36.2708986 -22.5177125 36.4346338 -21.9338464 35.9475974 -21.8706772 36.0553645 -22.7072203 36.1113326 -22.0601849 35.7320633 -21.9970157 35.8398304 -22.8968436 35.7847442 -22.3092280 35.3022381 -22.2468942 35.4104905 -23.1461790 35.3517345 -22.5585635 34.8692285 -22.4962296 34.9774809 -23.3331806 35.0269773 -22.7455651 34.5444712 -22.6832312 34.6527237 -23.5201822 34.7022200 -22.9325667 34.2197140 -22.8702328 34.3279664 -23.7721250 34.2252119 -23.1359745 33.8087786 -23.0856584 33.9231132 -23.8727572 33.9965428 -23.2366067 33.5801096 -23.1862906 33.6944441 -24.0740216 33.5392047 -23.4378711 33.1227714 -23.3875550 33.2371060 -24.2249699 33.1962011 -23.5888194 32.7797678 -23.5385033 32.8941023 -24.8622050 31.5242691 -24.9358121 31.2855258 -24.1454954 31.3032999 -25.6854212 28.7599565 -25.7186166 28.6395316 -24.9625497 28.5600634 -25.0287788 28.3198006 -24.9955834 28.4402255 -25.7518121 28.5191067 -25.7850075 28.3986818 -25.8182030 28.2782569 -25.8513985 28.1578320 -25.1283652 27.9585259 -25.1947561 27.7176761 -25.1615607 27.8381010 -25.8845939 28.0374071 -25.2905754 27.3686213 -25.2609772 27.4774423 -25.9845178 27.6748997 -26.0226459 27.5320369 -26.0479898 27.4097185 -26.0733336 27.2874001 -25.3389318 27.1352355 -26.0986774 27.1650818 -26.1240212 27.0427634 -25.3642756 27.0129171 -26.2000526 26.6758082 -25.4656509 26.5236435 -26.2253964 26.5534898 -26.2507402 26.4311714 -25.4909947 26.4013252 -25.5408628 26.1606435 -25.5163385 26.2790068 -26.2760840 26.3088531 -26.2776376 26.3009261 -26.3218111 26.0471147 -26.3419428 25.9238313 -25.5816151 25.9262433 -26.3822063 25.6772644 -26.4023381 25.5539809 -25.6621421 25.4331095 -25.6822739 25.3098261 -26.4224698 25.4306975 -26.4426016 25.3074141 -25.7024056 25.1865426 -26.4627334 25.1841306 -25.7426691 24.9399757 -25.7225374 25.0632592 -26.6526966 23.6808045 -25.9225922 23.4685507 -25.9079013 23.5926001 -25.9372831 23.3445012 -25.9962291 22.7484963 -26.0087654 22.4989783 -26.0213016 22.2494603 -26.0567993 21.5032006 -26.8224969 21.1616687 -26.0841621 20.8792185 -26.0732170 21.1288113 -26.8389146 20.7872794 -26.0951073 20.6296256 -26.0896347 20.7544221 -26.2572765 7.7699147 -26.1842050 9.7672402 -26.9245697 10.0443260 -26.1750711 10.0169059 -26.8239362 16.5215930 -26.0723180 16.2766717 -26.0739523 16.5264991 -26.8214848 16.1468519 -26.0715008 16.1517580 -26.1522363 10.6410701 -26.1431024 10.8907358 -26.1385354 11.0155686 -26.0682323 15.6521033 -26.0657809 15.2773622 -26.8149477 15.1475425 -26.0649638 15.1524486 -26.1111336 11.7645657 -26.0621050 14.6519557 -26.1065666 11.8893985 -26.8110206 14.3988909 -26.0610276 14.4021253 -26.8083271 13.7743150 -26.0583340 13.7775494 -26.8062047 13.2821756 -26.0564160 13.2628505 -26.0561792 13.2778886 -26.0608865 13.1380161 -26.8104009 13.1650025 -26.0654639 13.0128941 -26.0745979 12.7632284 -26.0882988 12.3887299 -26.8469313 12.1664843 -26.0974327 12.1390642 -26.8263881 16.8962746 -26.0764053 16.9013564 -26.0781170 17.1511833 -26.1979059 9.3927416 -26.2116068 9.0182431 -26.8323788 17.7706117 -26.0815406 17.6508370 -26.0823964 17.7757504 -26.8349465 18.1453519 -26.0841082 18.0255772 -26.0849641 18.1504907 -26.0875317 18.5252309 -26.2344417 8.3940789 -26.2435756 8.1444132 -26.2664104 7.5202490 -27.0250429 7.2980035 -26.2755444 7.2705833 -26.2801113 7.1457505 -26.2983792 6.6464191 -26.3120801 6.2719206 -26.3212140 6.0222549 -27.0935474 5.4255108 -26.3440488 5.3980907 -26.3486158 5.2732578 -27.1170338 4.5457595 -26.3698843 4.4047928 -26.3672062 4.5296805 -26.3779184 4.0301299 -26.3752403 4.1550175 -27.1331021 3.7964336 -26.3832745 3.7803546 -26.3939866 3.2808040 -26.3886306 3.5305793 -27.1464923 3.1719954 -26.3966647 3.1559164 -26.4020208 2.9061411 -26.4180890 2.1568152 -27.1759508 1.7982313 -26.4261231 1.7821523 -27.1893410 1.1737930 -26.4395134 1.1577140 -26.4368353 1.2826017 -26.4421887 1.0329536 -26.4763843 -2.0935765 -27.1961745 -0.4576989 -26.4463091 -0.5834210 -26.4461749 -0.4585047 -26.4643605 -1.7190204 -27.1965771 -0.8324478 -26.4467117 -0.9581698 -26.4465775 -0.8332535 -26.4563446 -1.4693163 -26.4483288 -1.2196122 -26.4481557 -1.2114534 -27.1957719 -0.0829501 -26.4459065 -0.2086721 -26.4457723 -0.0837558 -26.4844002 -2.3432806 -26.4453697 0.2909930 -26.4451013 0.5408256 -26.4449671 0.6657419 -26.4448329 0.7906581 -26.5004320 -2.8426888 -26.5084479 -3.0923928 -27.2660776 -3.3180332 -26.5204717 -3.4669490 -26.5164637 -3.3420969 -27.2700855 -3.4428852 -25.7615914 24.8240988 -26.5051185 24.9227082 -26.5203005 24.7987278 -26.5029969 24.9375637 -26.0755865 16.7763289 -26.8255705 16.7714191 -25.3681052 29.8451530 -25.4033522 29.7253125 -24.6485807 29.6335294 -25.5443402 29.2459505 -25.5795872 29.1261100 -24.8248157 29.0343269 -25.2279516 27.5972512 -25.9509848 27.7965573 -25.9177894 27.9169822 -24.8600627 28.9144864 -24.8953097 28.7946459 -25.6148342 29.0062695 -25.0951698 28.0789508 -25.6850956 28.7611300 -25.4385992 29.6054720 -24.7190747 29.3938484 -25.3328582 29.9649935 -24.6133337 29.7533699 -25.2623642 30.2046745 -25.2976112 30.0848340 -24.5428397 29.9930509 -24.5075927 30.1128914 -25.2271172 30.3245150 -25.1565000 30.5646138 -25.1566232 30.5641960 -24.4371602 30.3523634 -25.0462227 30.9274108 -25.0830263 30.8080391 -24.3295131 30.7064416 -24.2559060 30.9451849 -24.2191025 31.0645566 -24.7149907 32.0017557 -24.7517943 31.8823841 -24.0350847 31.6614149 -24.1086918 31.4226716 -24.8254014 31.6436408 -24.9726156 31.1661541 -25.0094192 31.0467824 -24.6413836 32.2404991 -24.6781872 32.1211274 -23.9304774 32.0007069 -24.6278369 32.2774335 -23.8899190 32.0955716 -24.5787574 32.3922290 -24.4765503 32.6245284 -24.5771825 32.3958593 -23.7900838 32.3224297 -24.3759182 32.8531975 -24.4262343 32.7388629 -23.7397677 32.4367642 -22.9591774 35.6764918 -23.8224411 34.1108774 -22.9918502 34.1167590 -23.5825161 34.5939676 -23.6448500 34.4857152 -23.0410304 34.0245225 -23.6507764 34.4750238 -23.7094767 34.3649325 -23.2085129 35.2434821 -24.1243377 33.4248702 -22.1848455 35.5182476 -22.8339378 35.8939863 -22.8345097 35.8929966 -22.1229099 35.6250542 -22.7712747 36.0020475 -22.7703896 36.0035656 -22.5808818 36.3268668 -22.6440510 36.2190997 -22.4545433 36.5424009 -22.2105314 36.9666168 -21.3727721 36.9335057 -21.9697159 37.4044221 -22.0299198 37.2949707 -21.1921606 37.2618597 -21.8493082 37.6233247 -21.9095121 37.5138734 -21.3783195 38.4998391 -21.4962202 38.2795761 -20.5991872 38.3661631 -20.5402369 38.4762946 -21.2014684 38.8302336 -20.4812865 38.5864261 -20.4223361 38.6965576 -20.0684454 39.3650835 -20.5654107 40.0403333 -19.9963948 41.1523722 -19.4842804 42.1532072 -18.8735119 41.7003651 -18.8166103 41.8115690 -18.7597087 41.9227729 -19.4273788 42.2644110 -19.3704772 42.3756149 -19.2636922 42.5872295 -18.5883506 42.2609102 -18.5812153 42.2761091 -19.2165500 42.6937860 -18.5306757 42.3903450 -18.4801360 42.5045809 -18.4775038 42.5106759 -19.1673535 42.8049860 -18.4290411 42.6256779 -19.1281012 42.8981317 -18.4152843 42.6640203 -18.3795472 42.7837155 -18.3023639 43.0422277 -18.7924513 43.6102155 -18.8830856 43.5283131 -18.5466866 43.7681737 -18.6704361 43.7054605 -18.2694784 43.0677182 -18.4277039 43.8027750 -18.2106845 43.0803719 -18.0051431 43.8040744 -18.1276166 43.8286577 -18.2572321 43.8318140 -18.3007018 43.0437297 -15.2953425 43.0963550 -15.3088781 43.1010090 -15.8958078 42.5023018 -15.7769255 42.4639470 -15.5466427 43.1777186 -16.0221720 43.3311377 -16.1410544 43.3694925 -16.3713371 42.6557209 -16.2524548 42.6173661 -15.7844074 43.2544281 -15.9032897 43.2927829 -16.1335725 42.5790113 -15.6655251 43.2160734 -15.4360509 42.3492786 -15.1780191 43.0534946 -15.3195617 42.3062140 -15.2023956 42.2628990 -15.0594980 43.0096817 -14.9423319 42.9663668 -13.5638082 42.1918026 -13.9755219 42.4749234 -14.0104367 41.5887154 -14.0784503 42.5457035 -14.4004873 41.8569393 -14.2843072 42.6872639 -14.6985784 42.0619258 -14.5034158 41.9277194 -13.5227726 42.1591319 -13.4311719 42.0750904 -13.4127071 42.0569360 -13.6126812 41.1782006 -13.0687149 41.6945345 -13.2407110 41.8757352 -13.2858104 40.8338368 -12.6930117 41.2939544 -12.7247226 41.3321329 -13.2530223 40.7885728 -12.6208196 41.1942931 -12.5794451 41.1211130 -12.4327350 40.7762753 -12.4816384 40.8912212 -12.3349283 40.5463835 -12.9761621 40.1378210 -12.2860250 40.4314376 -12.8294521 39.7929834 -12.1393149 40.0866000 -12.1882183 40.2015459 -11.9926048 39.7417623 -12.0415082 39.8567082 -12.6338386 39.3331998 -11.9437015 39.6268164 -11.7969914 39.2819787 -11.8458948 39.3969246 -11.6991847 39.0520869 -11.6502814 38.9371411 -11.5035713 38.5923034 -9.9746035 36.0668060 -10.0616379 36.1564114 -10.5996301 35.6338558 -10.3385271 35.3650397 -9.8005349 35.8875953 -10.4255615 35.4546450 -9.4950535 35.6933510 -9.0450871 35.4761050 -8.9040098 34.6719209 -8.6723200 35.3960921 -8.7959325 35.4140929 -8.4250948 35.3600904 -8.0542572 35.3060879 -7.9151093 34.5279142 -7.2970465 34.4379101 -6.5171858 34.3263264 -6.3924896 34.3210501 -5.9925191 35.0611131 -2.1403279 34.2133757 -2.0154515 34.2102151 -1.9964754 34.9599750 -1.8905752 34.2070545 -1.8715991 34.9568144 -1.6408224 34.2007334 -1.3910697 34.1944123 -1.6218463 34.9504933 -1.2661933 34.1912517 -1.3720936 34.9441722 -1.0164406 34.1849306 -1.2472172 34.9410116 -0.7477118 34.9283693 -0.8725881 34.9315299 -0.8915642 34.1817700 -0.7666879 34.1786094 -0.6228354 34.9252088 -0.6418115 34.1754489 -0.4979591 34.9220482 -0.5169351 34.1722883 -0.1233300 34.9125665 -0.2482063 34.9157271 -0.1423060 34.1628066 0.0015464 34.9094060 -0.0174297 34.1596461 0.1264228 34.9062454 0.1074467 34.1564855 0.3571994 34.1501644 0.4728667 34.1472369 0.3761755 34.8999243 0.5010519 34.8967637 0.6439030 34.8865659 0.5194476 34.8958456 0.6982193 34.1259875 0.8223522 34.1120193 0.7820851 34.8712838 1.2786168 34.8154107 1.1544839 34.8293790 1.0706180 34.0840827 1.0303510 34.8433472 0.9062180 34.8573155 0.9464851 34.0980510 1.1947510 34.0701144 1.4027497 34.8014424 1.3185725 34.0561811 1.6914768 34.7275801 1.5274322 34.7872018 1.6494450 33.8566386 2.1084720 34.4522975 2.0042232 34.5211182 2.1439683 34.4257231 2.3622703 34.1290065 2.3179328 34.2497668 2.2353917 34.3484371 2.3845723 34.0060971 2.4219463 33.4110335 2.4543513 33.5218997 2.4514783 33.6373689 2.3696221 33.2995981 1.5819697 33.4126168 2.2456111 33.0632171 1.3756787 32.9412205 2.0403711 32.5924601 2.0666642 32.6479820 1.9153079 32.3761835 1.4088368 33.0292398 2.1107002 32.7648769 0.8908540 32.1027945 1.5401183 31.7273537 1.6026499 31.8354920 1.4749004 31.1399385 0.7348443 31.0182139 2.2322380 30.7561201 2.1636888 30.7704127 2.0448782 30.0290486 2.3486808 30.7202204 2.4381693 30.6790979 2.5757223 30.5899907 2.5438428 30.6124856 2.8120039 30.2412330 2.6693689 30.5163255 2.7704295 30.3942010 2.8185480 30.1164881 2.0356236 29.3919281 2.7810449 29.3091807 2.7500508 29.0370021 2.7534809 29.0608732 1.9672716 28.9269284 1.9438416 28.8042291 2.6805305 28.6635544 2.6336703 28.4181557 1.9030621 28.5906744 2.6161339 28.3559838 2.5675599 28.2279649 2.5721193 28.2394587 1.8726882 28.5102618 2.4716221 27.9972870 1.7791249 28.2852931 1.7350915 28.1794169 1.6867259 28.0789795 2.3610991 27.7507561 2.3583319 27.7451305 2.1062448 27.2520264 2.1340487 27.2986302 2.0333575 27.1478278 1.7400957 26.7370322 1.8136437 26.8378209 1.6990078 26.6896277 0.1789644 25.5269008 0.2913210 26.3774563 0.2202764 26.3162510 0.7808421 25.8092406 0.6862028 25.7277083 0.4223153 25.5834403 0.5319909 25.6281201 -0.3296721 26.1787024 -0.3626598 25.4231251 -0.2389034 25.4337325 -0.4118998 26.1716545 -0.3923322 25.4217625 -0.7670739 25.4194119 -0.6421600 25.4201954 -1.5212617 26.1646959 -1.5165573 25.4147107 -1.1418156 25.4170613 -1.6414772 26.1639419 -1.6508671 25.4139859 -1.6414712 25.4139271 -1.7757707 25.4163324 -2.2753477 25.4257302 -3.1496076 25.4421763 -3.7599727 26.2037909 -3.8989731 25.4562730 -3.7740789 25.4539236 -4.0238674 25.4586225 -4.8981272 25.4750686 -5.8972813 25.4938641 -6.0632317 21.7334128 -6.7867381 18.4795831 -6.7775759 17.3553733 -6.7765579 17.2304611 -6.0276008 17.3614855 -6.0245467 16.9867489 -6.0225107 16.7369245 -6.7704497 16.4809878 -6.0204746 16.4871001 -6.0194566 16.3621879 -6.7694317 16.3560756 -6.0184386 16.2372757 -6.7684137 16.2311634 -6.7673956 16.1062512 -6.0174205 16.1123635 -6.7663776 15.9813390 -6.7653596 15.8564268 -6.0164025 15.9874512 -6.7643416 15.7315146 -6.7633235 15.6066024 -6.0143665 15.7376268 -6.7612875 15.3567780 -6.0102944 15.2379780 -6.7602695 15.2318658 -6.0072403 14.8632414 -6.0082583 14.9881536 -6.7572154 14.8571291 -6.7561974 14.7322169 -6.0021502 14.2386803 -6.0041862 14.4885048 -6.7521252 14.2325681 -6.7511072 14.1076559 -5.9990961 13.8639437 -6.0001141 13.9888559 -6.7500892 13.9827437 -6.7490712 13.8578315 -6.7480531 13.7329193 -5.9950240 13.3642949 -6.7429630 13.1083582 -5.9929879 13.1144705 -5.9909519 12.8646461 -5.9919699 12.9895583 -6.7409270 12.8585338 -6.7378729 12.4837972 -6.7368549 12.3588850 -6.7358368 12.2339728 -5.9868798 12.3649972 -6.7338008 11.9841484 -5.9807716 11.6155240 -5.9828077 11.8653484 -6.7327828 11.8592362 -5.9797536 11.4906118 -6.7297287 11.4844995 -5.9777175 11.2407874 -6.7246386 10.8599385 -5.9756815 10.9909630 -6.7236205 10.7350263 -5.9736454 10.7411385 -5.9705914 10.3664019 -5.9716094 10.4913141 -6.7205664 10.3602897 -6.7195484 10.2353775 -6.7175124 9.9855531 -5.9655012 9.7418409 -5.9665193 9.8667531 -6.7154763 9.7357286 -5.9644832 9.6169287 -5.9614291 9.2421921 -5.9624471 9.3671043 -6.7114042 9.2360798 -6.7103862 9.1111676 -6.7093682 8.9862554 -6.7083501 8.8613432 -5.9583750 8.8674554 -5.9553210 8.4927188 -5.9532849 8.2428944 -5.9512489 7.9930700 -5.9522669 8.1179822 -6.7012240 7.9869577 -6.6971519 7.4873089 -6.6961338 7.3623967 -6.6951158 7.2374845 -5.9461587 7.3685090 -6.6930797 6.9876601 -6.6920617 6.8627479 -6.6900257 6.6129235 -5.9400506 6.6190357 -5.9390326 6.4941235 -6.6890076 6.4880113 -6.6859536 6.1132746 -5.9349604 5.9944747 -6.6849355 5.9883624 -6.6818815 5.6136258 -5.9329244 5.7446503 -6.6808634 5.4887136 -6.6798454 5.3638014 -5.9308883 5.4948258 -6.6778094 5.1139770 -5.9247802 4.7453526 -5.9227441 4.4955282 -6.6717012 4.3645037 -6.6706832 4.2395915 -5.9207081 4.2457038 -6.4731401 3.2731395 -5.7658817 3.5227102 -4.8423038 2.3218731 -5.0191328 2.4725127 -5.5054967 1.9015923 -5.3153173 1.7395795 -5.2876132 1.7181288 -4.5700402 2.1603757 -4.1705790 2.0016482 -3.1142014 1.1875874 -2.3948113 1.4142188 -1.7641107 3.0022748 -1.8527904 2.9142975 -1.2468487 2.4589719 -1.1863016 2.5098838 -1.1046094 2.5590513 -1.4913615 3.2016420 -1.3843347 3.2660576 -1.2773079 3.3304731 -0.9975826 2.6234669 -1.1702811 3.3948887 -0.7835290 2.7522980 -0.6765022 2.8167135 0.3129589 3.1600121 0.2694480 3.9087489 0.1447420 3.9015020 -0.2954515 3.0416699 -0.6167685 3.7204274 -0.5465827 3.7494054 -0.0926282 3.1022256 -0.3071919 3.8208788 -0.4268873 3.7851421 0.0869934 3.1468807 0.0200361 3.8942550 -0.0265035 3.8886152 0.4119657 3.1657657 0.4455153 3.9154570 0.3941539 3.9159959 0.5693425 3.9056504 0.5998583 3.9019700 -0.2123235 3.0664889 0.8271509 3.1052230 1.1333008 3.7973974 1.0138905 3.8319566 1.1618897 3.7878626 1.2385828 2.9568030 1.5123375 3.6551102 1.3955215 3.6993610 1.7337078 3.5430545 2.2746835 2.8311714 2.1154777 3.1704211 1.5574890 2.5940333 1.4676440 2.7854828 2.3060921 2.5387666 2.3100100 2.6597183 1.5572876 2.5878174 2.3012348 2.4895488 1.5246418 2.3909873 2.2486263 2.1935072 2.2603566 2.2430831 1.5088612 2.3400304 2.1767929 1.9960705 2.2122594 2.0760757 2.1131890 1.8885594 1.3598030 2.0909532 1.9810517 1.6694053 2.0463461 1.7756764 1.9406021 1.6152169 0.7157710 1.3694110 0.6327695 1.2760577 1.1932644 0.7777150 -1.2741746 -0.8741246 -1.3569522 -0.9676766 -0.7124869 -1.3711226 -0.7952645 -1.4646746 -1.5402626 -2.3066423 -1.4574850 -2.2130903 -2.1019502 -1.8096443 -2.1847278 -1.9031963 -1.6230401 -2.4001942 -2.2675054 -1.9967483 -4.0789080 -4.0176642 -4.5972981 -4.3634193 -6.3239461 -4.7731634 -6.5650896 -5.5779993 -6.4416849 -5.5588396 -6.6772752 -4.8364314 -13.6045570 -5.8119210 -18.4692452 -5.8552174 -19.4744464 -5.8672449 -20.4801535 -5.8479504 -21.8378511 -5.0686862 -24.1310481 -4.8902969 -24.2763281 -5.6260923 -23.2116157 -5.0392498 -27.2219903 -1.9446607 -27.1959061 -0.2078664 -27.1866629 1.2986807 -27.1949667 0.6665476 -27.1951009 0.5416313 -27.1960403 -0.3327827 -27.1964429 -0.7075315 -27.1438143 3.2968830 -27.1277460 4.0462089 -26.3591721 4.9043434 -27.1143558 4.6706471 -26.8789001 11.2926544 -26.0690494 15.7770170 -26.8190334 15.7721109 -26.8223019 16.2717656 -26.0513267 21.6279970 -26.8006066 21.6608544 -26.8334420 20.9120759 -26.8443872 20.6624830 -26.7114602 23.1846066 -26.6673875 23.5567551 -25.7608384 -3.6806001 -25.6441751 -3.7252518 -22.9618403 -5.0446019 -15.7212836 -5.8222085 -11.1062745 -5.8268439 -5.2019552 -5.3229804 0.2177618 0.8092912 0.7262158 3.1216174 -1.5906124 2.1179311 -2.5504788 2.2221355 -1.9453312 1.7660219 -2.5130125 1.3419349 -3.2772536 1.9196489 -3.8214576 1.1279057 -4.1730316 1.2111355 -4.3979127 2.0781598 -4.6465953 1.3705184 -4.5282044 1.3306727 -4.6653092 1.3773756 -5.4374239 2.9837964 -6.2632513 2.8390688 -5.8490163 3.7583052 -6.5562747 3.5087345 -6.6696652 4.1146793 -6.6747553 4.7392404 -5.9298703 5.3699136 -5.9451407 7.2435967 -6.7073321 8.7364310 -5.9858617 12.2400850 -5.9980781 13.7390315 -6.0133484 15.6127146 -6.7745218 16.9806367 -6.7928463 19.2290564 -6.7989544 19.9785296 -6.8020085 20.3532663 -6.0571236 20.9839395 -6.8233871 22.9764226 -6.0886824 24.8562180 -6.0378556 25.4449310 -6.7324275 25.7278972 -6.0296917 25.4582688 -6.4367201 26.0882390 -5.7582809 26.2413820 -4.2736559 25.4633213 -4.2595498 26.2131887 -2.7749248 25.4351280 -2.7608187 26.1849953 -0.7717783 26.1693971 1.4307330 26.4279686 2.7948269 29.4333345 2.8223909 29.6816420 1.5052229 31.0182202 0.8255690 30.6992323 0.8574686 30.6386189 1.4796072 31.6227094 0.8283224 31.9946562 1.4528378 33.1461110 1.8999744 34.5899388 1.4867741 33.9640271 -4.3881025 34.2702658 -4.5129788 34.2734264 -6.1173955 35.0642736 -6.3639647 35.0705142 -6.1363716 34.3145137 -7.6678842 34.4919126 -8.3014823 35.3420896 -8.9116915 35.4309501 -9.0276224 34.6899217 -9.0432742 34.6925403 -10.0461239 35.1265725 -10.8607331 35.9026719 -10.4097752 36.5148329 -10.3227408 36.4252275 -11.5524747 38.7072493 -12.2426118 38.4136327 -12.3893219 38.7584703 -13.7846773 41.3594014 -16.4977013 43.4845568 -19.4994294 40.4771223 -19.6132326 40.2547146 -20.7361155 39.7067216 -21.1425180 38.9403651 -21.2604188 38.7201021 -21.6730713 37.9491815 -20.9528894 37.7053740 -22.0901237 37.1855194 -21.4329760 36.8240544 -24.9298250 28.6772931 -25.0619743 28.1993757 -25.9841803 27.6761324 -26.0172992 27.5543749 -25.3135880 27.2575538 -25.6017468 25.8029599 -25.8344468 24.2128475 -25.8932104 23.7166496 -25.9666649 23.0964022 -26.0338378 21.9999423 -26.0747694 16.6514128 -26.0698666 15.9019307 -26.1294015 11.2652343 -26.0594114 14.0273798 -26.8126358 14.7734225 -26.0626437 14.7768709 -26.8133148 14.8979190 -26.0633270 14.9022134 -26.0633295 14.9026212 -26.0567179 13.4028038 -26.1202675 11.5149000 -26.0832523 17.9006638 -26.8443612 19.5193996 -26.0935229 19.3996249 -26.0943788 19.5245383 -26.2892453 6.8960848 -26.3645282 4.6545681 -26.3805964 3.9052422 -26.4100549 2.5314781 -26.4341573 1.4074893 -26.4723764 -1.9687245 -26.4464433 -0.7083373 -27.1968436 -1.0805453 -26.4468459 -1.0830861 -26.4468657 -1.0865562 -26.4828651 25.0608472 -24.7895687 29.1541674 -25.5090932 29.3657910 -24.5780867 29.8732104 -25.1918702 30.4443555 -24.3663167 30.5870699 -23.9614776 31.9001582 -23.3955145 34.9187249 -23.7218089 34.3395464 -23.9230733 33.8822083 -21.3125683 37.0429571 -20.8939391 37.8155055 -21.5551706 38.1694446 -18.9909884 43.3573674 -18.2423631 43.0756036 -18.3788044 43.8135150 -16.0146901 42.5406566 -14.8251657 42.9230518 -14.3061784 42.7012150 -11.4057646 38.3624116 -10.1486722 36.2460168 -9.8875692 35.9772007 -8.4095596 34.5999176 -7.8070320 35.2700863 -5.4930137 35.0484708 -2.1213518 34.9631356 -1.7467227 34.9536539 -1.7656988 34.2038940 -0.9974645 34.9346905 -0.2671824 34.1659672 0.5810986 34.1391668 1.4033724 34.8013718 2.3619997 33.2842828 2.4236532 27.8819480 2.4152712 27.8632515 2.3022611 27.6335054 1.9611359 27.0459055 1.2062597 27.2778112 0.3799234 26.4537878 0.6359838 25.6912252 0.8754813 25.8907728 -0.1860620 25.4420917 -1.0169017 25.4178448 -2.1504535 25.4233808 -2.8998190 25.4374774 -6.0062223 14.7383292 -6.0011321 14.1137681 -6.7419450 12.9834460 -6.7399089 12.7336216 -5.9878978 12.4899094 -6.7276926 11.2346751 -5.9746635 10.8660508 -5.9695733 10.2414897 -6.7164943 9.8606409 -6.7144583 9.6108164 -5.9604111 9.1172799 -6.7052961 8.4866066 -6.6991879 7.7371333 -5.9471768 7.4934212 -5.9380145 6.3692113 -5.9359785 6.1193869 -5.9319064 5.6197381 -6.6767913 4.9890648 -5.9196901 4.1207916 -5.8074490 3.6405077 -4.7711663 2.2719284 -4.6792792 2.2209641 -3.9337971 1.9219568 -1.5983882 3.1372265 -0.8905558 2.6878824 0.0078255 3.1322174 -0.1874965 3.8566155 -0.1485097 3.8660175 0.8464592 3.8619157 0.9697597 3.8418885 1.1298389 2.9979961 1.8296024 3.4630024 2.0305699 3.2864622 2.2807957 2.3663160 1.4056835 2.1656267 2.0495851 1.7810483 1.2762659 0.8710683 -1.6052849 -1.2483325 -1.7058177 -2.4937462 -2.5986156 -2.3709561 -3.7575015 -3.6806837 -6.4290672 -5.5566593 -9.2253045 -5.8178888 -6.5708567 -5.5788489 -8.9856843 -5.0645638 -8.9754948 -5.8144946 -17.8537169 -5.0977695 -19.3435966 -5.8657202 -27.1304241 3.9213212 -26.8247533 16.6465067 -26.0960905 19.7743652 -26.8460729 19.7692264 -26.7950812 21.7868157 -26.0289276 -4.3810487 -19.4685039 -5.8672206 -19.4745412 -5.1172390 -16.3458203 -5.8297106 -15.8551994 -5.0737630 -8.0555022 -5.7857734 -5.5700888 -5.3930840 -1.1913970 -0.7805727 -0.0312428 0.5292313 0.6952552 0.2175952 1.4422690 1.0577749 -2.0340109 1.6780446 -6.0403948 2.5377851 -6.5147074 3.3909370 -5.9217261 4.3706160 -6.7022420 8.1118700 -6.0153845 15.8625390 -3.8848670 26.2061403 -2.8857129 26.1873448 1.8166929 26.8420611 1.8889144 26.9439833 -3.1393388 34.2386602 -8.7803973 34.6539200 -11.9261194 37.7092850 -12.6827420 39.4481457 -13.0250655 40.2527669 -21.2523644 37.1524084 -23.6894516 32.5510987 -25.6218786 25.6796764 -26.1659372 10.2665715 -26.0626458 14.7772989 -26.2207408 8.7685774 -26.4924161 -2.5929847 -25.6500812 28.8864290 -24.7543217 29.2740079 -25.4738462 29.4856315 -24.4723457 30.2327319 -20.1253470 39.2538796 -19.3856262 40.6995301 -18.7694929 43.6293564 -15.0852294 42.2195841 -15.1766642 43.0529966 -12.9827168 41.6039341 -7.5442716 34.4739118 0.6579522 34.8852521 1.2035120 32.6434861 1.8527763 32.2680452 2.0395559 30.7843810 1.6320622 27.9701556 0.8873287 25.9014261 -2.1363474 26.1732481 -2.0255592 25.4210313 -5.9593931 8.9923676 1.9397492 3.3704276 -24.8379637 -5.3730969 -24.4659274 -4.7218757 -26.3728442 -4.3300850 -26.4456381 0.0411604 -26.0458797 21.7522110 -26.7951341 21.7856508 -4.2889699 2.0414939 -6.7582334 14.9820413 0.7145704 31.1414741 -10.2357065 36.3356221 -11.2552786 38.0446543 -17.6628478 42.9704081 -20.4516075 40.2627411 -26.1887720 9.6424073 -26.8340906 18.0204385 -24.6838277 29.5136889 -24.4024655 30.4698219 -23.9982812 31.7807866 -24.2752860 33.0818665 -10.5125958 35.5442504 1.9556900 30.0390847 2.7039606 28.7862537 0.4625288 26.5313041 0.9783819 25.9868698 -6.0296369 17.6113099 -1.6463546 3.1029483 0.1882530 3.1527652 -2.0191727 -1.7160924 -26.3863616 -3.5802068 -26.4460407 -0.3335884 -25.7903742 24.5849960 -0.6297094 -1.2775706 -5.6602804 3.2850801 -6.0418532 19.1102564 1.5832913 30.0809896 -7.4361943 35.2160838 -10.7736987 35.8130665 -26.0995140 20.2740189 -19.0267255 43.2376722 1.9154230 30.7983493 0.9836084 25.9918700 -1.7616692 26.1661999 -6.7307467 11.6094118 -1.7413445 3.0230747 1.4375786 2.8132788 -1.8536175 -1.5289884 -26.2479481 -4.3278336 -27.1963087 -0.5826152 -26.8332347 17.8955251 -5.9420866 6.8688601 -6.8172789 22.2269494 1.2660436 32.7516244 -4.8876079 34.2829081 -6.3861243 34.3208349 -20.8349887 37.9256370 -26.3349149 5.6477564 -24.2927096 30.8258133 -18.3080730 43.0231060 1.8315571 30.0530530 -26.2614655 -3.5779554 -27.1967113 -0.9573641 -16.8544581 -5.0857663 -19.0624626 43.1179769 -18.3438101 42.9034108 -5.7723870 25.4915147 -1.7885953 -2.5872982 -16.8454497 -5.8357122 -2.0114531 26.1708987 -25.1198298 30.6886674 -19.0981997 42.9982817 1.4527763 31.5342177 -17.2291802 -5.0902675 -17.3540875 -5.0917679 -26.8157648 15.2724561 -16.9703570 -5.8372126 -6.8050626 20.7280029 -2.2462282 34.9662961 -1.2919299 -2.0259864 -17.2201717 -5.8402134 -9.9849229 -5.0781407 -26.8067109 13.3995694 -21.6141210 38.0593130 -16.9793655 -5.0872667 -25.6420103 25.5563930 -26.3620746 25.8005478 -6.0609336 -5.4865556 -25.5621148 26.0456599 -26.3016793 26.1703982 -5.4473776 -5.3697161 -26.3003358 26.1781178 -5.5876789 -4.6329560 -25.3896194 26.8905987 -25.6515101 28.8814437 -25.1211141 30.6844125 1.4676904 2.2704384 1.5409034 2.4890329 1.9254969 3.3829504 1.3489686 2.8872498 -17.4179008 42.9212415 -16.7279335 42.7707689 -16.6091018 42.7324304 -0.8492007 3.5881353 -0.4624487 2.9455446 -14.8508971 42.1329542 -1.3245732 2.3818630 -13.5266831 41.0876002 -1.7679718 1.9419765 -10.8642762 37.2625304 -3.6813513 1.8752171 -10.6866644 35.7234612 -5.0430527 1.5650915 -5.1522916 1.6256799 -5.1858827 1.6467053 -6.1889658 2.7386409 -2.2652043 34.2165362 -5.8905836 3.8761028 1.5910229 33.8952064 1.4546266 31.2631987 1.7074242 30.0670213 1.7912900 30.8123175 -1.1465200 26.1670465 0.5493646 26.6159985 1.2769714 27.3776027 1.3491930 27.4795250</float_array><technique_common><accessor source="#uv-array" count="2258" stride="2"><param name="S" type="float" /><param name="T" type="float" /></accessor></technique_common></source><source id="normals"><float_array id="normals-array" count="3">0.0000000 0.0000000 1.0000000</float_array><technique_common><accessor source="#normals-array" count="1" stride="3"><param name="X" type="float" /><param name="Y" type="float" /><param name="Z" type="float" /></accessor></technique_common></source><vertices id="road-vertices"><input semantic="POSITION" source="#positions" /></vertices><triangles count="2258" material="asphalt"><input semantic="VERTEX" source="#road-vertices" offset="0" /><input semantic="TEXCOORD" source="#uv" offset="1" set="0" /><input semantic="NORMAL" source="#normals" offset="2" /><p>0 0 0 1 1 0 2 2 0 3 3 0 4 4 0 5 5 0 6 6 0 3 3 0 7 7 0 8 8 0 9 9 0 10 10 0 11 11 0 12 12 0 9 9 0 13 13 0 14 14 0 11 11 0 14 14 0 15 15 0 16 16 0 15 15 0 17 17 0 18 18 0 19 19 0 20 20 0 21 21 0 21 21 0 22 22 0 23 23 0 24 24 0 25 25 0 26 26 0 27 27 0 24 24 0 28 28 0 29 29 0 30 30 0 28 28 0 31 31 0 29 29 0 32 32 0 33 33 0 31 31 0 32 32 0 34 34 0 35 35 0 36 36 0 37 37 0 38 38 0 39 39 0 37 37 0 39 39 0 40 40 0 41 41 0 42 42 0 43 43 0 41 41 0 44 44 0 42 42 0 45 45 0 46 46 0 47 47 0 45 45 0 48 48 0 46 46 0 49 49 0 50 50 0 51 51 0 52 52 0 53 53 0 54 54 0 55 55 0 56 56 0 57 57 0 58 58 0 59 59 0 60 60 0 61 61 0 62 62 0 59 59 0 59 59 0 63 63 0 61 61 0 64 64 0 65 65 0 66 66 0 67 67 0 68 68 0 69 69 0 69 69 0 70 70 0 67 67 0 69 69 0 71 71 0 70 70 0 72 72 0 61 61 0 73 73 0 74 74 0 75 75 0 76 76 0 74 74 0 77 77 0 75 75 0 78 78 0 79 79 0 77 77 0 54 54 0 80 80 0 52 52 0 81 81 0 82 82 0 83 83 0 84 84 0 85 85 0 86 86 0 87 87 0 88 88 0 89 89 0 90 90 0 91 91 0 92 92 0 93 93 0 94 94 0 95 95 0 96 96 0 97 97 0 98 98 0 99 99 0 100 100 0 97 97 0 101 101 0 102 102 0 103 103 0 103 103 0 104 104 0 101 101 0 105 105 0 106 106 0 104 104 0 107 107 0 108 108 0 109 109 0 110 110 0 111 111 0 112 112 0 111 111 0 113 113 0 114 114 0 113 113 0 115 115 0 114 114 0 116 116 0 117 117 0 118 118 0 119 119 0 120 120 0 117 117 0 121 121 0 119 119 0 122 122 0 123 123 0 124 124 0 125 125 0 126 126 0 127 127 0 128 128 0 129 129 0 130 130 0 131 131 0 132 132 0 133 133 0 134 134 0 135 135 0 136 136 0 132 132 0 137 137 0 132 132 0 136 136 0 138 138 0 139 139 0 140 140 0 131 131 0 138 138 0 129 129 0 141 141 0 137 137 0 136 136 0 133 133 0 142 142 0 143 143 0 144 144 0 143 143 0 145 145 0 146 146 0 147 147 0 148 148 0 149 149 0 150 150 0 151 151 0 152 152 0 153 153 0 154 154 0 155 155 0 156 156 0 157 157 0 155 155 0 158 158 0 156 156 0 159 159 0 160 160 0 161 161 0 159 159 0 162 162 0 160 160 0 163 163 0 164 164 0 165 165 0 163 163 0 166 166 0 164 164 0 163 163 0 167 167 0 166 166 0 168 168 0 169 169 0 170 170 0 171 171 0 172 172 0 173 173 0 174 174 0 175 175 0 176 176 0 177 177 0 178 178 0 179 179 0 180 180 0 181 181 0 179 179 0 182 182 0 183 183 0 179 179 0 179 179 0 181 181 0 182 182 0 184 184 0 185 185 0 179 179 0 179 179 0 186 186 0 184 184 0 179 179 0 187 187 0 186 186 0 188 188 0 189 189 0 190 190 0 191 191 0 192 192 0 193 193 0 194 194 0 195 195 0 196 196 0 197 197 0 198 198 0 199 199 0 200 200 0 201 201 0 202 202 0 203 203 0 204 204 0 205 205 0 206 206 0 207 207 0 208 208 0 209 209 0 210 210 0 211 211 0 212 212 0 213 213 0 214 214 0 215 215 0 216 216 0 217 217 0 218 218 0 219 219 0 220 220 0 221 221 0 222 222 0 223 223 0 224 224 0 225 225 0 226 226 0 227 227 0 228 228 0 229 229 0 227 227 0 230 230 0 228 228 0 227 227 0 231 231 0 230 230 0 232 232 0 233 233 0 234 234 0 235 235 0 217 217 0 236 236 0 237 237 0 238 238 0 239 239 0 240 240 0 241 241 0 238 238 0 242 242 0 243 243 0 244 244 0 245 245 0 246 246 0 247 247 0 245 245 0 248 248 0 246 246 0 249 249 0 250 250 0 251 251 0 249 249 0 252 252 0 250 250 0 253 253 0 254 254 0 255 255 0 253 253 0 256 256 0 254 254 0 257 257 0 258 258 0 259 259 0 260 260 0 261 261 0 262 262 0 263 263 0 264 264 0 265 265 0 266 266 0 267 267 0 268 268 0 269 269 0 270 270 0 271 271 0 272 272 0 273 273 0 274 274 0 275 275 0 276 276 0 277 277 0 278 278 0 279 279 0 280 280 0 281 281 0 282 282 0 283 283 0 284 284 0 285 285 0 286 286 0 287 287 0 288 288 0 289 289 0 290 290 0 291 291 0 292 292 0 293 293 0 294 294 0 295 295 0 296 296 0 297 297 0 298 298 0 299 299 0 300 300 0 301 301 0 302 302 0 303 303 0 304 304 0 305 305 0 306 306 0 307 307 0 308 308 0 309 309 0 310 310 0 311 311 0 312 312 0 313 313 0 314 314 0 315 315 0 316 316 0 317 317 0 318 318 0 319 319 0 320 320 0 321 321 0 322 322 0 323 323 0 324 324 0 325 325 0 326 326 0 327 327 0 328 328 0 329 329 0 330 330 0 331 331 0 332 332 0 333 333 0 334 334 0 335 335 0 336 336 0 337 337 0 338 338 0 339 339 0 340 340 0 341 341 0 342 342 0 343 343 0 344 344 0 345 345 0 346 346 0 347 347 0 348 348 0 349 349 0 350 350 0 351 351 0 352 352 0 353 353 0 354 354 0 355 355 0 356 356 0 357 357 0 354 354 0 358 358 0 359 359 0 360 360 0 361 361 0 362 362 0 363 363 0 364 364 0 365 365 0 366 366 0 367 367 0 368 368 0 365 365 0 369 369 0 370 370 0 371 371 0 372 372 0 373 373 0 370 370 0 372 372 0 374 374 0 373 373 0 369 369 0 371 371 0 368 368 0 375 375 0 376 376 0 377 377 0 378 378 0 379 379 0 380 380 0 381 381 0 382 382 0 383 383 0 384 384 0 385 385 0 386 386 0 381 381 0 387 387 0 382 382 0 388 388 0 377 377 0 389 389 0 390 390 0 391 391 0 392 392 0 390 390 0 393 393 0 394 394 0 395 395 0 396 396 0 393 393 0 397 397 0 398 398 0 399 399 0 400 400 0 401 401 0 357 357 0 402 402 0 403 403 0 404 404 0 405 405 0 406 406 0 407 407 0 407 407 0 408 408 0 405 405 0 409 409 0 410 410 0 408 408 0 411 411 0 412 412 0 413 413 0 175 175 0 414 414 0 412 412 0 176 176 0 171 171 0 174 174 0 169 169 0 415 415 0 416 416 0 417 417 0 418 418 0 419 419 0 159 159 0 420 420 0 421 421 0 154 154 0 422 422 0 423 423 0 151 151 0 148 148 0 149 149 0 128 128 0 140 140 0 139 139 0 424 424 0 122 122 0 119 119 0 114 114 0 425 425 0 111 111 0 108 108 0 105 105 0 426 426 0 427 427 0 428 428 0 429 429 0 430 430 0 431 431 0 427 427 0 432 432 0 427 427 0 431 431 0 433 433 0 434 434 0 435 435 0 436 436 0 437 437 0 438 438 0 439 439 0 440 440 0 441 441 0 85 85 0 84 84 0 442 442 0 443 443 0 439 439 0 441 441 0 441 441 0 444 444 0 443 443 0 444 444 0 445 445 0 443 443 0 446 446 0 447 447 0 445 445 0 448 448 0 449 449 0 446 446 0 450 450 0 451 451 0 449 449 0 452 452 0 453 453 0 450 450 0 454 454 0 455 455 0 453 453 0 456 456 0 457 457 0 454 454 0 458 458 0 459 459 0 457 457 0 457 457 0 460 460 0 458 458 0 100 100 0 461 461 0 460 460 0 98 98 0 462 462 0 96 96 0 94 94 0 93 93 0 463 463 0 91 91 0 90 90 0 464 464 0 465 465 0 466 466 0 467 467 0 82 82 0 81 81 0 468 468 0 83 83 0 469 469 0 81 81 0 470 470 0 471 471 0 472 472 0 473 473 0 78 78 0 471 471 0 474 474 0 475 475 0 55 55 0 476 476 0 477 477 0 478 478 0 479 479 0 480 480 0 481 481 0 482 482 0 483 483 0 484 484 0 51 51 0 484 484 0 49 49 0 485 485 0 486 486 0 487 487 0 488 488 0 485 485 0 489 489 0 490 490 0 491 491 0 492 492 0 493 493 0 494 494 0 490 490 0 495 495 0 496 496 0 497 497 0 498 498 0 499 499 0 500 500 0 499 499 0 501 501 0 502 502 0 503 503 0 504 504 0 505 505 0 506 506 0 507 507 0 504 504 0 508 508 0 506 506 0 509 509 0 510 510 0 511 511 0 508 508 0 512 512 0 513 513 0 511 511 0 514 514 0 515 515 0 516 516 0 517 517 0 518 518 0 519 519 0 520 520 0 521 521 0 518 518 0 522 522 0 523 523 0 524 524 0 525 525 0 526 526 0 527 527 0 528 528 0 529 529 0 530 530 0 531 531 0 532 532 0 529 529 0 532 532 0 530 530 0 529 529 0 533 533 0 528 528 0 530 530 0 534 534 0 535 535 0 536 536 0 537 537 0 538 538 0 539 539 0 540 540 0 541 541 0 542 542 0 543 543 0 542 542 0 541 541 0 544 544 0 545 545 0 546 546 0 544 544 0 547 547 0 545 545 0 548 548 0 549 549 0 550 550 0 551 551 0 552 552 0 553 553 0 554 554 0 555 555 0 556 556 0 557 557 0 558 558 0 559 559 0 560 560 0 561 561 0 562 562 0 563 563 0 564 564 0 565 565 0 566 566 0 567 567 0 563 563 0 568 568 0 569 569 0 570 570 0 571 571 0 572 572 0 573 573 0 574 574 0 575 575 0 576 576 0 577 577 0 578 578 0 576 576 0 576 576 0 579 579 0 577 577 0 580 580 0 581 581 0 582 582 0 583 583 0 584 584 0 581 581 0 581 581 0 585 585 0 583 583 0 586 586 0 587 587 0 588 588 0 588 588 0 589 589 0 586 586 0 590 590 0 591 591 0 592 592 0 593 593 0 594 594 0 595 595 0 596 596 0 597 597 0 594 594 0 598 598 0 599 599 0 600 600 0 601 601 0 602 602 0 603 603 0 601 601 0 603 603 0 604 604 0 605 605 0 606 606 0 607 607 0 608 608 0 605 605 0 607 607 0 609 609 0 608 608 0 610 610 0 610 610 0 611 611 0 612 612 0 613 613 0 612 612 0 614 614 0 615 615 0 616 616 0 617 617 0 618 618 0 619 619 0 620 620 0 620 620 0 621 621 0 618 618 0 622 622 0 623 623 0 621 621 0 624 624 0 625 625 0 626 626 0 624 624 0 627 627 0 625 625 0 628 628 0 629 629 0 630 630 0 631 631 0 632 632 0 633 633 0 634 634 0 635 635 0 636 636 0 637 637 0 638 638 0 639 639 0 640 640 0 641 641 0 642 642 0 643 643 0 644 644 0 645 645 0 646 646 0 647 647 0 648 648 0 649 649 0 650 650 0 651 651 0 652 652 0 653 653 0 654 654 0 655 655 0 656 656 0 657 657 0 658 658 0 659 659 0 660 660 0 661 661 0 662 662 0 663 663 0 664 664 0 665 665 0 666 666 0 667 667 0 668 668 0 669 669 0 670 670 0 671 671 0 672 672 0 673 673 0 674 674 0 675 675 0 676 676 0 677 677 0 678 678 0 679 679 0 680 680 0 681 681 0 682 682 0 683 683 0 684 684 0 685 685 0 686 686 0 687 687 0 688 688 0 689 689 0 690 690 0 691 691 0 692 692 0 693 693 0 694 694 0 695 695 0 696 696 0 697 697 0 696 696 0 695 695 0 698 698 0 699 699 0 700 700 0 701 701 0 702 702 0 698 698 0 703 703 0 704 704 0 705 705 0 704 704 0 706 706 0 707 707 0 708 708 0 709 709 0 706 706 0 710 710 0 711 711 0 712 712 0 713 713 0 712 712 0 714 714 0 715 715 0 716 716 0 717 717 0 716 716 0 718 718 0 719 719 0 718 718 0 720 720 0 721 721 0 722 722 0 723 723 0 724 724 0 723 723 0 725 725 0 726 726 0 727 727 0 728 728 0 729 729 0 730 730 0 731 731 0 732 732 0 732 732 0 733 733 0 734 734 0 735 735 0 736 736 0 737 737 0 738 738 0 735 735 0 739 739 0 740 740 0 741 741 0 742 742 0 741 741 0 743 743 0 744 744 0 745 745 0 744 744 0 746 746 0 747 747 0 748 748 0 749 749 0 748 748 0 750 750 0 751 751 0 752 752 0 751 751 0 753 753 0 754 754 0 755 755 0 756 756 0 757 757 0 758 758 0 755 755 0 759 759 0 760 760 0 757 757 0 760 760 0 761 761 0 762 762 0 763 763 0 764 764 0 761 761 0 765 765 0 766 766 0 763 763 0 766 766 0 767 767 0 768 768 0 769 769 0 770 770 0 767 767 0 771 771 0 769 769 0 772 772 0 773 773 0 774 774 0 775 775 0 776 776 0 777 777 0 778 778 0 778 778 0 779 779 0 780 780 0 781 781 0 782 782 0 779 779 0 783 783 0 784 784 0 785 785 0 783 783 0 786 786 0 784 784 0 787 787 0 788 788 0 789 789 0 790 790 0 791 791 0 787 787 0 790 790 0 792 792 0 793 793 0 794 794 0 795 795 0 796 796 0 797 797 0 798 798 0 799 799 0 800 800 0 801 801 0 802 802 0 803 803 0 804 804 0 801 801 0 805 805 0 806 806 0 807 807 0 808 808 0 809 809 0 810 810 0 811 811 0 812 812 0 813 813 0 814 814 0 815 815 0 816 816 0 817 817 0 818 818 0 819 819 0 820 820 0 821 821 0 822 822 0 823 823 0 824 824 0 825 825 0 826 826 0 827 827 0 823 823 0 828 828 0 829 829 0 830 830 0 831 831 0 832 832 0 833 833 0 834 834 0 835 835 0 836 836 0 837 837 0 838 838 0 839 839 0 840 840 0 841 841 0 842 842 0 843 843 0 844 844 0 845 845 0 846 846 0 847 847 0 843 843 0 848 848 0 849 849 0 850 850 0 851 851 0 852 852 0 853 853 0 854 854 0 853 853 0 852 852 0 852 852 0 855 855 0 854 854 0 856 856 0 857 857 0 858 858 0 857 857 0 859 859 0 860 860 0 858 858 0 861 861 0 856 856 0 862 862 0 863 863 0 864 864 0 865 865 0 866 866 0 867 867 0 867 867 0 868 868 0 869 869 0 868 868 0 870 870 0 869 869 0 871 871 0 872 872 0 873 873 0 873 873 0 874 874 0 871 871 0 872 872 0 875 875 0 873 873 0 876 876 0 877 877 0 878 878 0 879 879 0 880 880 0 881 881 0 882 882 0 883 883 0 880 880 0 884 884 0 885 885 0 886 886 0 887 887 0 888 888 0 889 889 0 890 890 0 891 891 0 892 892 0 893 893 0 894 894 0 891 891 0 895 895 0 896 896 0 893 893 0 896 896 0 897 897 0 898 898 0 897 897 0 899 899 0 900 900 0 899 899 0 901 901 0 902 902 0 903 903 0 904 904 0 905 905 0 906 906 0 907 907 0 908 908 0 904 904 0 909 909 0 910 910 0 911 911 0 912 912 0 913 913 0 914 914 0 915 915 0 916 916 0 917 917 0 918 918 0 919 919 0 920 920 0 921 921 0 922 922 0 923 923 0 920 920 0 924 924 0 925 925 0 926 926 0 927 927 0 928 928 0 925 925 0 929 929 0 930 930 0 931 931 0 932 932 0 933 933 0 934 934 0 935 935 0 936 936 0 937 937 0 933 933 0 938 938 0 933 933 0 937 937 0 939 939 0 938 938 0 937 937 0 931 931 0 940 940 0 941 941 0 942 942 0 943 943 0 944 944 0 945 945 0 946 946 0 947 947 0 948 948 0 949 949 0 950 950 0 951 951 0 952 952 0 948 948 0 953 953 0 954 954 0 955 955 0 956 956 0 957 957 0 958 958 0 959 959 0 958 958 0 960 960 0 959 959 0 960 960 0 961 961 0 962 962 0 963 963 0 964 964 0 965 965 0 966 966 0 967 967 0 968 968 0 969 969 0 966 966 0 970 970 0 971 971 0 972 972 0 973 973 0 974 974 0 975 975 0 976 976 0 977 977 0 978 978 0 975 975 0 976 976 0 978 978 0 979 979 0 973 973 0 975 975 0 980 980 0 981 981 0 982 982 0 983 983 0 984 984 0 985 985 0 983 983 0 985 985 0 986 986 0 987 987 0 988 988 0 989 989 0 990 990 0 991 991 0 992 992 0 993 993 0 994 994 0 995 995 0 996 996 0 997 997 0 998 998 0 999 999 0 1000 1000 0 1001 1001 0 1002 1002 0 1003 1003 0 1004 1004 0 1005 1005 0 1006 1006 0 1007 1007 0 1008 1008 0 1009 1009 0 1010 1010 0 1011 1011 0 1012 1012 0 1013 1013 0 1014 1014 0 1015 1015 0 1016 1016 0 1017 1017 0 1018 1018 0 1019 1019 0 1020 1020 0 1021 1021 0 1022 1022 0 1023 1023 0 1024 1024 0 1025 1025 0 1026 1026 0 1027 1027 0 1028 1028 0 1029 1029 0 1028 1028 0 1030 1030 0 1031 1031 0 1032 1032 0 1033 1033 0 1034 1034 0 1035 1035 0 1031 1031 0 1036 1036 0 1037 1037 0 1038 1038 0 1039 1039 0 1040 1040 0 1041 1041 0 1040 1040 0 1042 1042 0 1043 1043 0 1044 1044 0 1045 1045 0 1046 1046 0 1047 1047 0 1048 1048 0 1049 1049 0 1048 1048 0 1050 1050 0 1049 1049 0 1051 1051 0 1052 1052 0 1045 1045 0 1053 1053 0 1054 1054 0 1055 1055 0 1056 1056 0 1057 1057 0 1058 1058 0 1059 1059 0 1060 1060 0 1061 1061 0 1062 1062 0 1063 1063 0 1060 1060 0 1064 1064 0 1065 1065 0 1066 1066 0 1067 1067 0 1068 1068 0 1069 1069 0 1070 1070 0 1071 1071 0 1072 1072 0 1073 1073 0 1074 1074 0 1075 1075 0 1076 1076 0 1077 1077 0 1078 1078 0 1079 1079 0 1080 1080 0 1081 1081 0 1081 1081 0 1082 1082 0 1079 1079 0 1083 1083 0 1084 1084 0 1085 1085 0 1086 1086 0 1087 1087 0 1088 1088 0 1089 1089 0 1086 1086 0 1088 1088 0 1088 1088 0 1090 1090 0 1089 1089 0 1087 1087 0 1091 1091 0 1092 1092 0 1093 1093 0 1094 1094 0 1095 1095 0 1096 1096 0 1097 1097 0 1098 1098 0 1099 1099 0 1100 1100 0 1101 1101 0 1099 1099 0 1102 1102 0 1100 1100 0 1103 1103 0 1104 1104 0 1105 1105 0 1106 1106 0 1107 1107 0 1104 1104 0 1106 1106 0 1108 1108 0 1109 1109 0 1110 1110 0 1111 1111 0 1108 1108 0 1112 1112 0 1113 1113 0 1114 1114 0 1115 1115 0 1116 1116 0 1117 1117 0 1118 1118 0 1119 1119 0 1120 1120 0 1121 1121 0 1122 1122 0 1123 1123 0 1124 1124 0 1125 1125 0 1126 1126 0 1127 1127 0 1128 1128 0 1129 1129 0 1130 1130 0 1131 1131 0 1132 1132 0 1133 1133 0 1134 1134 0 1135 1135 0 1136 1136 0 1137 1137 0 1138 1138 0 1139 1139 0 1140 1140 0 1141 1141 0 1142 1142 0 1143 1143 0 1144 1144 0 1145 1145 0 1146 1146 0 1147 1147 0 1148 1148 0 1149 1149 0 1150 1150 0 1151 1151 0 1152 1152 0 1149 1149 0 1153 1153 0 1154 1154 0 1151 1151 0 1155 1155 0 1156 1156 0 1157 1157 0 1158 1158 0 1159 1159 0 1160 1160 0 1161 1161 0 1162 1162 0 1163 1163 0 1164 1164 0 1165 1165 0 1161 1161 0 1165 1165 0 1166 1166 0 1167 1167 0 1168 1168 0 1169 1169 0 1170 1170 0 1169 1169 0 1171 1171 0 1172 1172 0 1173 1173 0 1174 1174 0 1175 1175 0 1176 1176 0 1177 1177 0 1174 1174 0 1178 1178 0 1179 1179 0 1176 1176 0 1180 1180 0 1181 1181 0 1182 1182 0 1183 1183 0 1184 1184 0 1185 1185 0 1186 1186 0 1185 1185 0 1187 1187 0 1187 1187 0 1188 1188 0 1189 1189 0 1190 1190 0 1191 1191 0 1192 1192 0 360 360 0 384 384 0 358 358 0 1193 1193 0 1194 1194 0 1195 1195 0 398 398 0 397 397 0 1196 1196 0 392 392 0 375 375 0 1197 1197 0 377 377 0 388 388 0 1198 1198 0 387 387 0 381 381 0 1199 1199 0 362 362 0 361 361 0 1200 1200 0 1201 1201 0 1202 1202 0 1203 1203 0 1204 1204 0 1205 1205 0 1206 1206 0 279 279 0 278 278 0 1207 1207 0 301 301 0 1208 1208 0 299 299 0 1209 1209 0 1210 1210 0 302 302 0 1211 1211 0 1212 1212 0 1213 1213 0 1214 1214 0 1215 1215 0 1212 1212 0 306 306 0 305 305 0 1216 1216 0 306 306 0 1216 1216 0 308 308 0 309 309 0 308 308 0 1217 1217 0 309 309 0 1217 1217 0 1218 1218 0 339 339 0 338 338 0 1219 1219 0 340 340 0 1220 1220 0 338 338 0 1221 1221 0 1222 1222 0 1220 1220 0 318 318 0 317 317 0 1223 1223 0 336 336 0 335 335 0 1224 1224 0 318 318 0 1223 1223 0 1225 1225 0 1226 1226 0 1227 1227 0 335 335 0 1228 1228 0 1229 1229 0 332 332 0 1230 1230 0 1231 1231 0 1232 1232 0 1230 1230 0 1233 1233 0 1231 1231 0 1234 1234 0 1235 1235 0 1233 1233 0 327 327 0 326 326 0 1236 1236 0 324 324 0 323 323 0 1237 1237 0 1238 1238 0 320 320 0 1239 1239 0 1240 1240 0 1241 1241 0 344 344 0 345 345 0 344 344 0 1242 1242 0 294 294 0 1243 1243 0 296 296 0 291 291 0 290 290 0 1244 1244 0 1245 1245 0 1246 1246 0 1247 1247 0 1248 1248 0 1249 1249 0 1250 1250 0 352 352 0 1250 1250 0 350 350 0 351 351 0 1251 1251 0 353 353 0 357 357 0 356 356 0 400 400 0 285 285 0 1252 1252 0 287 287 0 285 285 0 284 284 0 1252 1252 0 282 282 0 1253 1253 0 284 284 0 279 279 0 1207 1207 0 281 281 0 276 276 0 1254 1254 0 278 278 0 1255 1255 0 1256 1256 0 275 275 0 273 273 0 272 272 0 1257 1257 0 267 267 0 1258 1258 0 269 269 0 267 267 0 266 266 0 1258 1258 0 264 264 0 263 263 0 1259 1259 0 261 261 0 260 260 0 1260 1260 0 1261 1261 0 1262 1262 0 257 257 0 1261 1261 0 1263 1263 0 1262 1262 0 1264 1264 0 1265 1265 0 1266 1266 0 248 248 0 245 245 0 1265 1265 0 247 247 0 1267 1267 0 1268 1268 0 1269 1269 0 242 242 0 1270 1270 0 244 244 0 1271 1271 0 1272 1272 0 1273 1273 0 240 240 0 1274 1274 0 238 238 0 237 237 0 1275 1275 0 217 217 0 235 235 0 215 215 0 219 219 0 218 218 0 1276 1276 0 1277 1277 0 232 232 0 1278 1278 0 1279 1279 0 1280 1280 0 1281 1281 0 1279 1279 0 1282 1282 0 1280 1280 0 204 204 0 203 203 0 1283 1283 0 1284 1284 0 1285 1285 0 1286 1286 0 207 207 0 206 206 0 1287 1287 0 1288 1288 0 1289 1289 0 1290 1290 0 210 210 0 1291 1291 0 212 212 0 213 213 0 212 212 0 1292 1292 0 213 213 0 1292 1292 0 1293 1293 0 1294 1294 0 1295 1295 0 1296 1296 0 201 201 0 200 200 0 1297 1297 0 226 226 0 221 221 0 1298 1298 0 225 225 0 224 224 0 1299 1299 0 229 229 0 1300 1300 0 1301 1301 0 195 195 0 194 194 0 1302 1302 0 192 192 0 191 191 0 1303 1303 0 1304 1304 0 1305 1305 0 1306 1306 0 1307 1307 0 179 179 0 1305 1305 0 1308 1308 0 1309 1309 0 1310 1310 0 1308 1308 0 1311 1311 0 1309 1309 0 1312 1312 0 1240 1240 0 1313 1313 0 1314 1314 0 1315 1315 0 1316 1316 0 1317 1317 0 1318 1318 0 1319 1319 0 1320 1320 0 1158 1158 0 1321 1321 0 1162 1162 0 1320 1320 0 1321 1321 0 1160 1160 0 1322 1322 0 1158 1158 0 1323 1323 0 1319 1319 0 1318 1318 0 1324 1324 0 1323 1323 0 1325 1325 0 1154 1154 0 1155 1155 0 1326 1326 0 1327 1327 0 1148 1148 0 1150 1150 0 1315 1315 0 1328 1328 0 1329 1329 0 1330 1330 0 1314 1314 0 1331 1331 0 1332 1332 0 1333 1333 0 1334 1334 0 1334 1334 0 1335 1335 0 1332 1332 0 1336 1336 0 1332 1332 0 1335 1335 0 1337 1337 0 1338 1338 0 1339 1339 0 1340 1340 0 1341 1341 0 1342 1342 0 1343 1343 0 1344 1344 0 1146 1146 0 1345 1345 0 1346 1346 0 1347 1347 0 1147 1147 0 1348 1348 0 1349 1349 0 1349 1349 0 1145 1145 0 1147 1147 0 1350 1350 0 1351 1351 0 1343 1343 0 1352 1352 0 1353 1353 0 1354 1354 0 1355 1355 0 1352 1352 0 1354 1354 0 1354 1354 0 1356 1356 0 1357 1357 0 1358 1358 0 1359 1359 0 1356 1356 0 1356 1356 0 1360 1360 0 1358 1358 0 1361 1361 0 1362 1362 0 1363 1363 0 1122 1122 0 1364 1364 0 1124 1124 0 1134 1134 0 1365 1365 0 1136 1136 0 1134 1134 0 1133 1133 0 1365 1365 0 1366 1366 0 1367 1367 0 1368 1368 0 1369 1369 0 1370 1370 0 1371 1371 0 1366 1366 0 1368 1368 0 1370 1370 0 1131 1131 0 1130 1130 0 1367 1367 0 1125 1125 0 1372 1372 0 1127 1127 0 1140 1140 0 1139 1139 0 1373 1373 0 1374 1374 0 1375 1375 0 1376 1376 0 1377 1377 0 1378 1378 0 1375 1375 0 1377 1377 0 1379 1379 0 1378 1378 0 1116 1116 0 1380 1380 0 1381 1381 0 1113 1113 0 1112 1112 0 1382 1382 0 1104 1104 0 1103 1103 0 1383 1383 0 1384 1384 0 1385 1385 0 1386 1386 0 1387 1387 0 1388 1388 0 1389 1389 0 1387 1387 0 1099 1099 0 1388 1388 0 1094 1094 0 1390 1390 0 1391 1391 0 1093 1093 0 1390 1390 0 1094 1094 0 1392 1392 0 1393 1393 0 1394 1394 0 1395 1395 0 1396 1396 0 1084 1084 0 1397 1397 0 1079 1079 0 1082 1082 0 1078 1078 0 1398 1398 0 1076 1076 0 1065 1065 0 1067 1067 0 1066 1066 0 1060 1060 0 1399 1399 0 1062 1062 0 1052 1052 0 1046 1046 0 1045 1045 0 1400 1400 0 1051 1051 0 1401 1401 0 1402 1402 0 1403 1403 0 1404 1404 0 1403 1403 0 1047 1047 0 1405 1405 0 1406 1406 0 1049 1049 0 1050 1050 0 1407 1407 0 1408 1408 0 1406 1406 0 1409 1409 0 1406 1406 0 1410 1410 0 1411 1411 0 1412 1412 0 1413 1413 0 1412 1412 0 1414 1414 0 1415 1415 0 1416 1416 0 1417 1417 0 1415 1415 0 1418 1418 0 1419 1419 0 1420 1420 0 1421 1421 0 1422 1422 0 1423 1423 0 1423 1423 0 1424 1424 0 1421 1421 0 1425 1425 0 1426 1426 0 1427 1427 0 1425 1425 0 1427 1427 0 1428 1428 0 1419 1419 0 1418 1418 0 1429 1429 0 1430 1430 0 1431 1431 0 1021 1021 0 1432 1432 0 1433 1433 0 1434 1434 0 1435 1435 0 1436 1436 0 1437 1437 0 1437 1437 0 1438 1438 0 1435 1435 0 1439 1439 0 1440 1440 0 1441 1441 0 1434 1434 0 1442 1442 0 1432 1432 0 1022 1022 0 1434 1434 0 1433 1433 0 1021 1021 0 1443 1443 0 1444 1444 0 1445 1445 0 1446 1446 0 1447 1447 0 1448 1448 0 1447 1447 0 1446 1446 0 1449 1449 0 1450 1450 0 1451 1451 0 1450 1450 0 1452 1452 0 1453 1453 0 1452 1452 0 1454 1454 0 1455 1455 0 1456 1456 0 1453 1453 0 1452 1452 0 1457 1457 0 1449 1449 0 1451 1451 0 1451 1451 0 1458 1458 0 1457 1457 0 1011 1011 0 1459 1459 0 1458 1458 0 1460 1460 0 1461 1461 0 1462 1462 0 1463 1463 0 1464 1464 0 1465 1465 0 1466 1466 0 1467 1467 0 1464 1464 0 1466 1466 0 1468 1468 0 1467 1467 0 1006 1006 0 1469 1469 0 1470 1470 0 1007 1007 0 1471 1471 0 1005 1005 0 1472 1472 0 1002 1002 0 1473 1473 0 1474 1474 0 1475 1475 0 1476 1476 0 1001 1001 0 1477 1477 0 1478 1478 0 1479 1479 0 996 996 0 1480 1480 0 994 994 0 1481 1481 0 1482 1482 0 995 995 0 1483 1483 0 993 993 0 991 991 0 990 990 0 1484 1484 0 988 988 0 987 987 0 1485 1485 0 981 981 0 980 980 0 983 983 0 972 972 0 976 976 0 970 970 0 1486 1486 0 1487 1487 0 1488 1488 0 1489 1489 0 968 968 0 1490 1490 0 1491 1491 0 1489 1489 0 1490 1490 0 963 963 0 962 962 0 1492 1492 0 958 958 0 959 959 0 1493 1493 0 1494 1494 0 1495 1495 0 1496 1496 0 955 955 0 1497 1497 0 953 953 0 948 948 0 1498 1498 0 951 951 0 1499 1499 0 947 947 0 946 946 0 941 941 0 1500 1500 0 931 931 0 1501 1501 0 1502 1502 0 944 944 0 929 929 0 1503 1503 0 928 928 0 1504 1504 0 1505 1505 0 1506 1506 0 1505 1505 0 1507 1507 0 1506 1506 0 1508 1508 0 1506 1506 0 1507 1507 0 1509 1509 0 1510 1510 0 1511 1511 0 1510 1510 0 1512 1512 0 1513 1513 0 1512 1512 0 1514 1514 0 1515 1515 0 1516 1516 0 1517 1517 0 1518 1518 0 1518 1518 0 1519 1519 0 1516 1516 0 1520 1520 0 1516 1516 0 1521 1521 0 1522 1522 0 1520 1520 0 1523 1523 0 1524 1524 0 1525 1525 0 1526 1526 0 1527 1527 0 1524 1524 0 1528 1528 0 1529 1529 0 1527 1527 0 1530 1530 0 1531 1531 0 1532 1532 0 1533 1533 0 1534 1534 0 1533 1533 0 1532 1532 0 1535 1535 0 1536 1536 0 1532 1532 0 1537 1537 0 1538 1538 0 1539 1539 0 1540 1540 0 1541 1541 0 1542 1542 0 1543 1543 0 1544 1544 0 1538 1538 0 1538 1538 0 1545 1545 0 1543 1543 0 1542 1542 0 1546 1546 0 1540 1540 0 1547 1547 0 1540 1540 0 1548 1548 0 888 888 0 887 887 0 1549 1549 0 888 888 0 1549 1549 0 1550 1550 0 1551 1551 0 1552 1552 0 1553 1553 0 1551 1551 0 1554 1554 0 1552 1552 0 1555 1555 0 1556 1556 0 1557 1557 0 1551 1551 0 885 885 0 1558 1558 0 1559 1559 0 1560 1560 0 1561 1561 0 885 885 0 1562 1562 0 1559 1559 0 1561 1561 0 1558 1558 0 885 885 0 1563 1563 0 882 882 0 1564 1564 0 1565 1565 0 1566 1566 0 1567 1567 0 1565 1565 0 1568 1568 0 1566 1566 0 1569 1569 0 1570 1570 0 879 879 0 1571 1571 0 1572 1572 0 1573 1573 0 862 862 0 1574 1574 0 1575 1575 0 1576 1576 0 1577 1577 0 1578 1578 0 1579 1579 0 1576 1576 0 849 849 0 1580 1580 0 1579 1579 0 849 849 0 1581 1581 0 1582 1582 0 849 849 0 849 849 0 1583 1583 0 1584 1584 0 1584 1584 0 1583 1583 0 1585 1585 0 849 849 0 848 848 0 1586 1586 0 1587 1587 0 837 837 0 1588 1588 0 1589 1589 0 1590 1590 0 838 838 0 1591 1591 0 1592 1592 0 1593 1593 0 1594 1594 0 1593 1593 0 1595 1595 0 1596 1596 0 1594 1594 0 1595 1595 0 1597 1597 0 1598 1598 0 1599 1599 0 1600 1600 0 1597 1597 0 1599 1599 0 1599 1599 0 1601 1601 0 1600 1600 0 1602 1602 0 1603 1603 0 1604 1604 0 1603 1603 0 1605 1605 0 1604 1604 0 831 831 0 1606 1606 0 1607 1607 0 832 832 0 1608 1608 0 833 833 0 1609 1609 0 1610 1610 0 829 829 0 829 829 0 1611 1611 0 1609 1609 0 829 829 0 828 828 0 1611 1611 0 821 821 0 825 825 0 822 822 0 815 815 0 814 814 0 1612 1612 0 1613 1613 0 1614 1614 0 1615 1615 0 1616 1616 0 1615 1615 0 1614 1614 0 818 818 0 817 817 0 1617 1617 0 818 818 0 1617 1617 0 1618 1618 0 819 819 0 1612 1612 0 817 817 0 1619 1619 0 1620 1620 0 1621 1621 0 1622 1622 0 1623 1623 0 1620 1620 0 813 813 0 1624 1624 0 1625 1625 0 1626 1626 0 1627 1627 0 1628 1628 0 1629 1629 0 1630 1630 0 1631 1631 0 1629 1629 0 1632 1632 0 1630 1630 0 806 806 0 805 805 0 1633 1633 0 804 804 0 803 803 0 1634 1634 0 1635 1635 0 1636 1636 0 1637 1637 0 798 798 0 797 797 0 1638 1638 0 795 795 0 794 794 0 1639 1639 0 792 792 0 790 790 0 1640 1640 0 778 778 0 781 781 0 779 779 0 737 737 0 1641 1641 0 735 735 0 705 705 0 1642 1642 0 702 702 0 1643 1643 0 1644 1644 0 1645 1645 0 1646 1646 0 688 688 0 690 690 0 1647 1647 0 687 687 0 686 686 0 686 686 0 1648 1648 0 1649 1649 0 1650 1650 0 1649 1649 0 1651 1651 0 1652 1652 0 1650 1650 0 1653 1653 0 1653 1653 0 1654 1654 0 1655 1655 0 1654 1654 0 1656 1656 0 1655 1655 0 1656 1656 0 1657 1657 0 1658 1658 0 1659 1659 0 1660 1660 0 1661 1661 0 684 684 0 1662 1662 0 682 682 0 1663 1663 0 682 682 0 1664 1664 0 1665 1665 0 1666 1666 0 1667 1667 0 1668 1668 0 679 679 0 681 681 0 1669 1669 0 1670 1670 0 680 680 0 1671 1671 0 1672 1672 0 1669 1669 0 1673 1673 0 1674 1674 0 1675 1675 0 1676 1676 0 1677 1677 0 1673 1673 0 1678 1678 0 678 678 0 677 677 0 677 677 0 1679 1679 0 1680 1680 0 1681 1681 0 1682 1682 0 1683 1683 0 675 675 0 1684 1684 0 673 673 0 1685 1685 0 1686 1686 0 1687 1687 0 672 672 0 1688 1688 0 670 670 0 1689 1689 0 1690 1690 0 1691 1691 0 1692 1692 0 1689 1689 0 1693 1693 0 669 669 0 1694 1694 0 667 667 0 668 668 0 1695 1695 0 1696 1696 0 1697 1697 0 664 664 0 1698 1698 0 1699 1699 0 1700 1700 0 665 665 0 1701 1701 0 1702 1702 0 1699 1699 0 663 663 0 1703 1703 0 661 661 0 1704 1704 0 1705 1705 0 1706 1706 0 660 660 0 1707 1707 0 658 658 0 1708 1708 0 1709 1709 0 659 659 0 1710 1710 0 1711 1711 0 1708 1708 0 1712 1712 0 1713 1713 0 1714 1714 0 1715 1715 0 655 655 0 657 657 0 1716 1716 0 654 654 0 653 653 0 1717 1717 0 1718 1718 0 1719 1719 0 651 651 0 1720 1720 0 649 649 0 1721 1721 0 1722 1722 0 1723 1723 0 648 648 0 1724 1724 0 646 646 0 1725 1725 0 1726 1726 0 1727 1727 0 1728 1728 0 1727 1727 0 1729 1729 0 644 644 0 1730 1730 0 645 645 0 642 642 0 1731 1731 0 1732 1732 0 641 641 0 1733 1733 0 1734 1734 0 1735 1735 0 1736 1736 0 1737 1737 0 639 639 0 1738 1738 0 637 637 0 1739 1739 0 634 634 0 636 636 0 1740 1740 0 633 633 0 632 632 0 1741 1741 0 1742 1742 0 1743 1743 0 624 624 0 628 628 0 630 630 0 1744 1744 0 622 622 0 1745 1745 0 1746 1746 0 1747 1747 0 1748 1748 0 1749 1749 0 1750 1750 0 1746 1746 0 602 602 0 601 601 0 1751 1751 0 599 599 0 598 598 0 1752 1752 0 587 587 0 1753 1753 0 588 588 0 1754 1754 0 577 577 0 580 580 0 1755 1755 0 1756 1756 0 1757 1757 0 1758 1758 0 1759 1759 0 1760 1760 0 1761 1761 0 1760 1760 0 1759 1759 0 1762 1762 0 1761 1761 0 1763 1763 0 1764 1764 0 1762 1762 0 1765 1765 0 561 561 0 1764 1764 0 1765 1765 0 1765 1765 0 1766 1766 0 561 561 0 1767 1767 0 1768 1768 0 1769 1769 0 559 559 0 1770 1770 0 557 557 0 1771 1771 0 557 557 0 1770 1770 0 1770 1770 0 1772 1772 0 1771 1771 0 1773 1773 0 1774 1774 0 1775 1775 0 1776 1776 0 1769 1769 0 1777 1777 0 1776 1776 0 1777 1777 0 1778 1778 0 1779 1779 0 1780 1780 0 1781 1781 0 1779 1779 0 1782 1782 0 1780 1780 0 555 555 0 1783 1783 0 1782 1782 0 1775 1775 0 1784 1784 0 1773 1773 0 1785 1785 0 1786 1786 0 1787 1787 0 552 552 0 1788 1788 0 1786 1786 0 1789 1789 0 1790 1790 0 1791 1791 0 1789 1789 0 549 549 0 1790 1790 0 550 550 0 1792 1792 0 548 548 0 1793 1793 0 1794 1794 0 1795 1795 0 1796 1796 0 1795 1795 0 1794 1794 0 1795 1795 0 1797 1797 0 1798 1798 0 1799 1799 0 1800 1800 0 1797 1797 0 1801 1801 0 1802 1802 0 1803 1803 0 1804 1804 0 1805 1805 0 1806 1806 0 1804 1804 0 1807 1807 0 1805 1805 0 1808 1808 0 1809 1809 0 1810 1810 0 1808 1808 0 1811 1811 0 1809 1809 0 1812 1812 0 1813 1813 0 1814 1814 0 1815 1815 0 1816 1816 0 1817 1817 0 501 501 0 1818 1818 0 502 502 0 1819 1819 0 1820 1820 0 1821 1821 0 1821 1821 0 1822 1822 0 1823 1823 0 1822 1822 0 1824 1824 0 1823 1823 0 1 1 0 5 5 0 2 2 0 10 10 0 6 6 0 7 7 0 12 12 0 10 10 0 9 9 0 20 20 0 18 18 0 17 17 0 25 25 0 23 23 0 22 22 0 26 26 0 28 28 0 24 24 0 28 28 0 32 32 0 29 29 0 1825 1825 0 36 36 0 33 33 0 37 37 0 40 40 0 34 34 0 1826 1826 0 47 47 0 44 44 0 41 41 0 43 43 0 495 495 0 1827 1827 0 52 52 0 80 80 0 1828 1828 0 1829 1829 0 53 53 0 63 63 0 73 73 0 61 61 0 62 62 0 60 60 0 59 59 0 1830 1830 0 58 58 0 60 60 0 480 480 0 479 479 0 71 71 0 65 65 0 69 69 0 68 68 0 53 53 0 1830 1830 0 1828 1828 0 74 74 0 76 76 0 56 56 0 78 78 0 473 473 0 79 79 0 468 468 0 86 86 0 82 82 0 466 466 0 465 465 0 88 88 0 464 464 0 95 95 0 91 91 0 462 462 0 98 98 0 1831 1831 0 106 106 0 101 101 0 104 104 0 109 109 0 110 110 0 112 112 0 1832 1832 0 114 114 0 115 115 0 120 120 0 118 118 0 117 117 0 125 125 0 121 121 0 122 122 0 127 127 0 1833 1833 0 128 128 0 136 136 0 1834 1834 0 141 141 0 140 140 0 129 129 0 138 138 0 143 143 0 134 134 0 133 133 0 1835 1835 0 148 148 0 147 147 0 1836 1836 0 161 161 0 1837 1837 0 152 152 0 157 157 0 153 153 0 423 423 0 1838 1838 0 154 154 0 168 168 0 170 170 0 167 167 0 416 416 0 173 173 0 169 169 0 178 178 0 188 188 0 179 179 0 183 183 0 177 177 0 179 179 0 185 185 0 180 180 0 179 179 0 1305 1305 0 1304 1304 0 1307 1307 0 203 203 0 205 205 0 201 201 0 1283 1283 0 1839 1839 0 204 204 0 1295 1295 0 1294 1294 0 1840 1840 0 1278 1278 0 220 220 0 1277 1277 0 232 232 0 1277 1277 0 233 233 0 1281 1281 0 1841 1841 0 1279 1279 0 1282 1282 0 1279 1279 0 231 231 0 1299 1299 0 1842 1842 0 1843 1843 0 1295 1295 0 1840 1840 0 1844 1844 0 1290 1290 0 1845 1845 0 1288 1288 0 1271 1271 0 244 244 0 1846 1846 0 1267 1267 0 247 247 0 1847 1847 0 1848 1848 0 251 251 0 1849 1849 0 253 253 0 255 255 0 252 252 0 260 260 0 262 262 0 258 258 0 266 266 0 268 268 0 264 264 0 1257 1257 0 1255 1255 0 273 273 0 281 281 0 283 283 0 279 279 0 287 287 0 289 289 0 285 285 0 293 293 0 295 295 0 291 291 0 299 299 0 1209 1209 0 300 300 0 305 305 0 307 307 0 303 303 0 311 311 0 1850 1850 0 312 312 0 1225 1225 0 322 322 0 318 318 0 320 320 0 1238 1238 0 321 321 0 326 326 0 328 328 0 324 324 0 332 332 0 334 334 0 1228 1228 0 335 335 0 337 337 0 1226 1226 0 1851 1851 0 1852 1852 0 339 339 0 1212 1212 0 1211 1211 0 1853 1853 0 1242 1242 0 349 349 0 345 345 0 353 353 0 355 355 0 351 351 0 1854 1854 0 1855 1855 0 362 362 0 1202 1202 0 1201 1201 0 1856 1856 0 1205 1205 0 1204 1204 0 1857 1857 0 372 372 0 1857 1857 0 374 374 0 378 378 0 383 383 0 379 379 0 1195 1195 0 386 386 0 1193 1193 0 390 390 0 394 394 0 391 391 0 395 395 0 1858 1858 0 396 396 0 1194 1194 0 1859 1859 0 398 398 0 1212 1212 0 1853 1853 0 1214 1214 0 341 341 0 1214 1214 0 342 342 0 409 409 0 1860 1860 0 410 410 0 411 411 0 1861 1861 0 1860 1860 0 411 411 0 413 413 0 1861 1861 0 150 150 0 149 149 0 1862 1862 0 122 122 0 123 123 0 125 125 0 104 104 0 426 426 0 105 105 0 434 434 0 432 432 0 431 431 0 437 437 0 1863 1863 0 440 440 0 88 88 0 87 87 0 466 466 0 445 445 0 448 448 0 446 446 0 449 449 0 452 452 0 450 450 0 459 459 0 454 454 0 457 457 0 100 100 0 99 99 0 461 461 0 95 95 0 464 464 0 93 93 0 86 86 0 468 468 0 84 84 0 1864 1864 0 472 472 0 469 469 0 50 50 0 1827 1827 0 80 80 0 483 483 0 49 49 0 484 484 0 487 487 0 1865 1865 0 485 485 0 491 491 0 488 488 0 489 489 0 492 492 0 493 493 0 490 490 0 1816 1816 0 502 502 0 1818 1818 0 504 504 0 509 509 0 506 506 0 513 513 0 508 508 0 511 511 0 515 515 0 517 517 0 516 516 0 518 518 0 522 522 0 524 524 0 523 523 0 527 527 0 526 526 0 1866 1866 0 525 525 0 531 531 0 529 529 0 1866 1866 0 531 531 0 530 530 0 534 534 0 533 533 0 535 535 0 1814 1814 0 536 536 0 542 542 0 537 537 0 540 540 0 546 546 0 543 543 0 541 541 0 544 544 0 1808 1808 0 547 547 0 554 554 0 556 556 0 1867 1867 0 1868 1868 0 563 563 0 567 567 0 567 567 0 568 568 0 570 570 0 572 572 0 1869 1869 0 1870 1870 0 1869 1869 0 576 576 0 575 575 0 578 578 0 574 574 0 576 576 0 584 584 0 1871 1871 0 581 581 0 585 585 0 1872 1872 0 583 583 0 590 590 0 592 592 0 589 589 0 593 593 0 595 595 0 1873 1873 0 596 596 0 1874 1874 0 597 597 0 1875 1875 0 1876 1876 0 1877 1877 0 601 601 0 604 604 0 1878 1878 0 607 607 0 610 610 0 608 608 0 612 612 0 609 609 0 610 610 0 614 614 0 1879 1879 0 613 613 0 1879 1879 0 615 615 0 617 617 0 622 622 0 1744 1744 0 623 623 0 619 619 0 1880 1880 0 620 620 0 1881 1881 0 626 626 0 1882 1882 0 1742 1742 0 1883 1883 0 1743 1743 0 636 636 0 1884 1884 0 1739 1739 0 1885 1885 0 1737 1737 0 1736 1736 0 1732 1732 0 640 640 0 642 642 0 1729 1729 0 643 643 0 1728 1728 0 1886 1886 0 1723 1723 0 1722 1722 0 650 650 0 1717 1717 0 1719 1719 0 1713 1713 0 1887 1887 0 1714 1714 0 1707 1707 0 1704 1704 0 1706 1706 0 666 666 0 1698 1698 0 664 664 0 1694 1694 0 1692 1692 0 1693 1693 0 1888 1888 0 1687 1687 0 1686 1686 0 674 674 0 1681 1681 0 1683 1683 0 1889 1889 0 1673 1673 0 1677 1677 0 1667 1667 0 1668 1668 0 1665 1665 0 1890 1890 0 1661 1661 0 1660 1660 0 690 690 0 1891 1891 0 1646 1646 0 696 696 0 700 700 0 694 694 0 700 700 0 701 701 0 698 698 0 1642 1642 0 698 698 0 702 702 0 1892 1892 0 708 708 0 710 710 0 717 717 0 713 713 0 714 714 0 1893 1893 0 719 719 0 718 718 0 720 720 0 722 722 0 721 721 0 1894 1894 0 724 724 0 723 723 0 725 725 0 727 727 0 726 726 0 728 728 0 1895 1895 0 729 729 0 733 733 0 737 737 0 734 734 0 742 742 0 738 738 0 739 739 0 749 749 0 745 745 0 746 746 0 1896 1896 0 749 749 0 748 748 0 756 756 0 752 752 0 753 753 0 755 755 0 759 759 0 757 757 0 761 761 0 765 765 0 763 763 0 767 767 0 1897 1897 0 769 769 0 775 775 0 771 771 0 772 772 0 781 781 0 1898 1898 0 1899 1899 0 780 780 0 776 776 0 778 778 0 1900 1900 0 1901 1901 0 786 786 0 788 788 0 1901 1901 0 789 789 0 1640 1640 0 1902 1902 0 792 792 0 1903 1903 0 799 799 0 1904 1904 0 1637 1637 0 802 802 0 1635 1635 0 1905 1905 0 807 807 0 1906 1906 0 1624 1624 0 813 813 0 1907 1907 0 1612 1612 0 819 819 0 815 815 0 825 825 0 1908 1908 0 823 823 0 1909 1909 0 842 842 0 841 841 0 1910 1910 0 845 845 0 844 844 0 1911 1911 0 1912 1912 0 1913 1913 0 852 852 0 861 861 0 855 855 0 857 857 0 1911 1911 0 1913 1913 0 862 862 0 1575 1575 0 863 863 0 869 869 0 865 865 0 867 867 0 1914 1914 0 1915 1915 0 874 874 0 1573 1573 0 878 878 0 1571 1571 0 879 879 0 881 881 0 1916 1916 0 882 882 0 1563 1563 0 883 883 0 1917 1917 0 889 889 0 1918 1918 0 891 891 0 895 895 0 893 893 0 900 900 0 898 898 0 897 897 0 910 910 0 905 905 0 904 904 0 1919 1919 0 913 913 0 912 912 0 916 916 0 1920 1920 0 914 914 0 918 918 0 922 922 0 921 921 0 927 927 0 929 929 0 925 925 0 944 944 0 939 939 0 942 942 0 937 937 0 942 942 0 939 939 0 1921 1921 0 1922 1922 0 1923 1923 0 947 947 0 1924 1924 0 945 945 0 949 949 0 1499 1499 0 950 950 0 1925 1925 0 1497 1497 0 955 955 0 1926 1926 0 1927 1927 0 1494 1494 0 959 959 0 961 961 0 1928 1928 0 965 965 0 967 967 0 1929 1929 0 968 968 0 1489 1489 0 969 969 0 974 974 0 1930 1930 0 1931 1931 0 976 976 0 972 972 0 977 977 0 978 978 0 979 979 0 975 975 0 1932 1932 0 1931 1931 0 1930 1930 0 983 983 0 986 986 0 981 981 0 1933 1933 0 1934 1934 0 988 988 0 1483 1483 0 995 995 0 1935 1935 0 996 996 0 1479 1479 0 997 997 0 999 999 0 1474 1474 0 1000 1000 0 1002 1002 0 1472 1472 0 1003 1003 0 1008 1008 0 1466 1466 0 1009 1009 0 1462 1462 0 1936 1936 0 1460 1460 0 1937 1937 0 1026 1026 0 1028 1028 0 1030 1030 0 1033 1033 0 1032 1032 0 1043 1043 0 1041 1041 0 1040 1040 0 1404 1404 0 1400 1400 0 1402 1402 0 1058 1058 0 1053 1053 0 1056 1056 0 1061 1061 0 1058 1058 0 1057 1057 0 1399 1399 0 1064 1064 0 1062 1062 0 1938 1938 0 1066 1066 0 1067 1067 0 1072 1072 0 1939 1939 0 1070 1070 0 1940 1940 0 1092 1092 0 1397 1397 0 1090 1090 0 1083 1083 0 1085 1085 0 1085 1085 0 1089 1089 0 1090 1090 0 1084 1084 0 1941 1941 0 1395 1395 0 1394 1394 0 1942 1942 0 1392 1392 0 1943 1943 0 1098 1098 0 1944 1944 0 1096 1096 0 1101 1101 0 1097 1097 0 1099 1099 0 1387 1387 0 1102 1102 0 1945 1945 0 1105 1105 0 1946 1946 0 1106 1106 0 1109 1109 0 1107 1107 0 1381 1381 0 1120 1120 0 1116 1116 0 1127 1127 0 1129 1129 0 1125 1125 0 1136 1136 0 1138 1138 0 1134 1134 0 1351 1351 0 1340 1340 0 1342 1342 0 1150 1150 0 1947 1947 0 1327 1327 0 1948 1948 0 1151 1151 0 1154 1154 0 1326 1326 0 1948 1948 0 1154 1154 0 1321 1321 0 1949 1949 0 1162 1162 0 1163 1163 0 1950 1950 0 1161 1161 0 1951 1951 0 1161 1161 0 1165 1165 0 1166 1166 0 1168 1168 0 1167 1167 0 1171 1171 0 1173 1173 0 1175 1175 0 1952 1952 0 1182 1182 0 1181 1181 0 359 359 0 358 358 0 1953 1953 0 386 386 0 1195 1195 0 1954 1954 0 1858 1858 0 1955 1955 0 397 397 0 383 383 0 1956 1956 0 381 381 0 1857 1857 0 372 372 0 1205 1205 0 1240 1240 0 1312 1312 0 1241 1241 0 1211 1211 0 1213 1213 0 1957 1957 0 1214 1214 0 341 341 0 1215 1215 0 1852 1852 0 1851 1851 0 1958 1958 0 339 339 0 1219 1219 0 1851 1851 0 1850 1850 0 1959 1959 0 314 314 0 1226 1226 0 1960 1960 0 1227 1227 0 1961 1961 0 1224 1224 0 1962 1962 0 322 322 0 1225 1225 0 320 320 0 1963 1963 0 1964 1964 0 1965 1965 0 1230 1230 0 1232 1232 0 1966 1966 0 330 330 0 329 329 0 1235 1235 0 315 315 0 314 314 0 1967 1967 0 349 349 0 1242 1242 0 347 347 0 1245 1245 0 1247 1247 0 1968 1968 0 351 351 0 350 350 0 1251 1251 0 354 354 0 353 353 0 356 356 0 1969 1969 0 1970 1970 0 1971 1971 0 282 282 0 281 281 0 1253 1253 0 270 270 0 269 269 0 1972 1972 0 365 365 0 364 364 0 367 367 0 261 261 0 1260 1260 0 263 263 0 1849 1849 0 1266 1266 0 1973 1973 0 1269 1269 0 1270 1270 0 1974 1974 0 1846 1846 0 1274 1274 0 1271 1271 0 216 216 0 215 215 0 1975 1975 0 220 220 0 1278 1278 0 218 218 0 1841 1841 0 1281 1281 0 1976 1976 0 1839 1839 0 1283 1283 0 1977 1977 0 1845 1845 0 1978 1978 0 1285 1285 0 207 207 0 1287 1287 0 209 209 0 1979 1979 0 1980 1980 0 1289 1289 0 213 213 0 1293 1293 0 1981 1981 0 195 195 0 1302 1302 0 197 197 0 1304 1304 0 1306 1306 0 191 191 0 402 402 0 1310 1310 0 403 403 0 1308 1308 0 1982 1982 0 1311 1311 0 1319 1319 0 1983 1983 0 1984 1984 0 1318 1318 0 1325 1325 0 1323 1323 0 1322 1322 0 1321 1321 0 1158 1158 0 1947 1947 0 1324 1324 0 1325 1325 0 1157 1157 0 1326 1326 0 1155 1155 0 1316 1316 0 1331 1331 0 1314 1314 0 1331 1331 0 1985 1985 0 1333 1333 0 1985 1985 0 1334 1334 0 1333 1333 0 1986 1986 0 1336 1336 0 1335 1335 0 1338 1338 0 1986 1986 0 1339 1339 0 1987 1987 0 1342 1342 0 1341 1341 0 1146 1146 0 1350 1350 0 1343 1343 0 1346 1346 0 1349 1349 0 1347 1347 0 1348 1348 0 1347 1347 0 1349 1349 0 1353 1353 0 1345 1345 0 1988 1988 0 1360 1360 0 1363 1363 0 1358 1358 0 1359 1359 0 1357 1357 0 1356 1356 0 1128 1128 0 1127 1127 0 1989 1989 0 1369 1369 0 1990 1990 0 1133 1133 0 1369 1369 0 1371 1371 0 1990 1990 0 1137 1137 0 1136 1136 0 1991 1991 0 1374 1374 0 1376 1376 0 1121 1121 0 1377 1377 0 1118 1118 0 1379 1379 0 1116 1116 0 1115 1115 0 1380 1380 0 1114 1114 0 1110 1110 0 1112 1112 0 1992 1992 0 1389 1389 0 1385 1385 0 1993 1993 0 1391 1391 0 1994 1994 0 1941 1941 0 1394 1394 0 1395 1395 0 1069 1069 0 1938 1938 0 1067 1067 0 1057 1057 0 1059 1059 0 1061 1061 0 1050 1050 0 1407 1407 0 1406 1406 0 1413 1413 0 1409 1409 0 1410 1410 0 1415 1415 0 1413 1413 0 1412 1412 0 1420 1420 0 1995 1995 0 1418 1418 0 1996 1996 0 1997 1997 0 1424 1424 0 1428 1428 0 1997 1997 0 1425 1425 0 1998 1998 0 1432 1432 0 1439 1439 0 1440 1440 0 1435 1435 0 1441 1441 0 1438 1438 0 1441 1441 0 1435 1435 0 1436 1436 0 1023 1023 0 1025 1025 0 1443 1443 0 1445 1445 0 1447 1447 0 1999 1999 0 1448 1448 0 1446 1446 0 1455 1455 0 1456 1456 0 1452 1452 0 1454 1454 0 2000 2000 0 1455 1455 0 1936 1936 0 1462 1462 0 1013 1013 0 1011 1011 0 1013 1013 0 1459 1459 0 1010 1010 0 1470 1470 0 1008 1008 0 1466 1466 0 1008 1008 0 1468 1468 0 1006 1006 0 1005 1005 0 1469 1469 0 1474 1474 0 999 999 0 1475 1475 0 1479 1479 0 1480 1480 0 1477 1477 0 994 994 0 993 993 0 1481 1481 0 988 988 0 1485 1485 0 1933 1933 0 984 984 0 983 983 0 2001 2001 0 1487 1487 0 2002 2002 0 1488 1488 0 1490 1490 0 2003 2003 0 1491 1491 0 958 958 0 1493 1493 0 956 956 0 955 955 0 2004 2004 0 1925 1925 0 2005 2005 0 950 950 0 1499 1499 0 1500 1500 0 932 932 0 931 931 0 1922 1922 0 944 944 0 1502 1502 0 924 924 0 2006 2006 0 923 923 0 1506 1506 0 2007 2007 0 1504 1504 0 2008 2008 0 1508 1508 0 2009 2009 0 1511 1511 0 2008 2008 0 1509 1509 0 2010 2010 0 1515 1515 0 1514 1514 0 1517 1517 0 2010 2010 0 1518 1518 0 1521 1521 0 1523 1523 0 1520 1520 0 2011 2011 0 1526 1526 0 1525 1525 0 1528 1528 0 1530 1530 0 1527 1527 0 1530 1530 0 1531 1531 0 1533 1533 0 1532 1532 0 2012 2012 0 1535 1535 0 2012 2012 0 1537 1537 0 1539 1539 0 1544 1544 0 1539 1539 0 1538 1538 0 1548 1548 0 888 888 0 2013 2013 0 1550 1550 0 2013 2013 0 888 888 0 1918 1918 0 1553 1553 0 1917 1917 0 1558 1558 0 1555 1555 0 1551 1551 0 885 885 0 2014 2014 0 1562 1562 0 1563 1563 0 1564 1564 0 884 884 0 1565 1565 0 1567 1567 0 1570 1570 0 1578 1578 0 849 849 0 1576 1576 0 1584 1584 0 1581 1581 0 849 849 0 849 849 0 1586 1586 0 1583 1583 0 839 839 0 1588 1588 0 837 837 0 1598 1598 0 1596 1596 0 1595 1595 0 1592 1592 0 1595 1595 0 1593 1593 0 2015 2015 0 1600 1600 0 1602 1602 0 1601 1601 0 1602 1602 0 1600 1600 0 1604 1604 0 2016 2016 0 1602 1602 0 1607 1607 0 2017 2017 0 831 831 0 832 832 0 2018 2018 0 1608 1608 0 2019 2019 0 829 829 0 1610 1610 0 830 830 0 826 826 0 828 828 0 2020 2020 0 1613 1613 0 1615 1615 0 2021 2021 0 1616 1616 0 1614 1614 0 1618 1618 0 2021 2021 0 818 818 0 1615 1615 0 2022 2022 0 2020 2020 0 1621 1621 0 2023 2023 0 1619 1619 0 813 813 0 1625 1625 0 811 811 0 810 810 0 1628 1628 0 2024 2024 0 1629 1629 0 1631 1631 0 1627 1627 0 806 806 0 1633 1633 0 2025 2025 0 804 804 0 1634 1634 0 2026 2026 0 798 798 0 1638 1638 0 1636 1636 0 795 795 0 1639 1639 0 1903 1903 0 731 731 0 729 729 0 1895 1895 0 689 689 0 1645 1645 0 1644 1644 0 1891 1891 0 685 685 0 1646 1646 0 1649 1649 0 1647 1647 0 686 686 0 1651 1651 0 1653 1653 0 1650 1650 0 1658 1658 0 1655 1655 0 1656 1656 0 1660 1660 0 684 684 0 1890 1890 0 1666 1666 0 1663 1663 0 1664 1664 0 2027 2027 0 1665 1665 0 1668 1668 0 2028 2028 0 1669 1669 0 1672 1672 0 678 678 0 1889 1889 0 1677 1677 0 1679 1679 0 2029 2029 0 1680 1680 0 1683 1683 0 2030 2030 0 674 674 0 2031 2031 0 673 673 0 1684 1684 0 1686 1686 0 672 672 0 1888 1888 0 1688 1688 0 1691 1691 0 670 670 0 1693 1693 0 2032 2032 0 1694 1694 0 2033 2033 0 1696 1696 0 1695 1695 0 2034 2034 0 1699 1699 0 1702 1702 0 1703 1703 0 2035 2035 0 661 661 0 1706 1706 0 2036 2036 0 1707 1707 0 659 659 0 1710 1710 0 1708 1708 0 2037 2037 0 1708 1708 0 1711 1711 0 656 656 0 1714 1714 0 1887 1887 0 657 657 0 2038 2038 0 1715 1715 0 1718 1718 0 1716 1716 0 653 653 0 1719 1719 0 2039 2039 0 650 650 0 2040 2040 0 649 649 0 1720 1720 0 1722 1722 0 648 648 0 1886 1886 0 1724 1724 0 1725 1725 0 646 646 0 2041 2041 0 1728 1728 0 643 643 0 2042 2042 0 645 645 0 1730 1730 0 2043 2043 0 1734 1734 0 1733 1733 0 1736 1736 0 639 639 0 1885 1885 0 1738 1738 0 2044 2044 0 637 637 0 1884 1884 0 631 631 0 1739 1739 0 632 632 0 1741 1741 0 1740 1740 0 2045 2045 0 1743 1743 0 1883 1883 0 1744 1744 0 1745 1745 0 2046 2046 0 1747 1747 0 607 607 0 1748 1748 0 2047 2047 0 1746 1746 0 1750 1750 0 1751 1751 0 2048 2048 0 602 602 0 1874 1874 0 2049 2049 0 598 598 0 579 579 0 580 580 0 577 577 0 1760 1760 0 2050 2050 0 1758 1758 0 2051 2051 0 1765 1765 0 1762 1762 0 1766 1766 0 562 562 0 561 561 0 1779 1779 0 1781 1781 0 1768 1768 0 2052 2052 0 2053 2053 0 1774 1774 0 1770 1770 0 1775 1775 0 1772 1772 0 1776 1776 0 1778 1778 0 2054 2054 0 555 555 0 554 554 0 1783 1783 0 1867 1867 0 2055 2055 0 554 554 0 1785 1785 0 1787 1787 0 2056 2056 0 2057 2057 0 1791 1791 0 551 551 0 550 550 0 2058 2058 0 1792 1792 0 1794 1794 0 2059 2059 0 1796 1796 0 1799 1799 0 2060 2060 0 1800 1800 0 1804 1804 0 1806 1806 0 1802 1802 0 2061 2061 0 1810 1810 0 2062 2062 0 1808 1808 0 544 544 0 1811 1811 0 1814 1814 0 2063 2063 0 1812 1812 0 2064 2064 0 500 500 0 499 499 0 2065 2065 0 1823 1823 0 1824 1824 0 2066 2066 0 7 7 0 3 3 0 9 9 0 13 13 0 11 11 0 18 18 0 16 16 0 15 15 0 22 22 0 2067 2067 0 25 25 0 30 30 0 27 27 0 28 28 0 496 496 0 495 495 0 38 38 0 35 35 0 33 33 0 36 36 0 2068 2068 0 54 54 0 53 53 0 478 478 0 474 474 0 2069 2069 0 60 60 0 2070 2070 0 1830 1830 0 478 478 0 2069 2069 0 476 476 0 2071 2071 0 2072 2072 0 479 479 0 71 71 0 69 69 0 480 480 0 471 471 0 470 470 0 473 473 0 55 55 0 57 57 0 474 474 0 463 463 0 1831 1831 0 94 94 0 2073 2073 0 109 109 0 108 108 0 118 118 0 1832 1832 0 115 115 0 2074 2074 0 125 125 0 124 124 0 139 139 0 126 126 0 128 128 0 1834 1834 0 131 131 0 141 141 0 147 147 0 144 144 0 145 145 0 423 423 0 422 422 0 150 150 0 155 155 0 1837 1837 0 158 158 0 419 419 0 165 165 0 417 417 0 171 171 0 176 176 0 172 172 0 179 179 0 1307 1307 0 187 187 0 190 190 0 179 179 0 188 188 0 200 200 0 202 202 0 198 198 0 221 221 0 226 226 0 222 222 0 1300 1300 0 229 229 0 1842 1842 0 1976 1976 0 234 234 0 1841 1841 0 235 235 0 236 236 0 219 219 0 1975 1975 0 239 239 0 216 216 0 1274 1274 0 1846 1846 0 1273 1273 0 1974 1974 0 1847 1847 0 2075 2075 0 1266 1266 0 1849 1849 0 1264 1264 0 1263 1263 0 1261 1261 0 256 256 0 272 272 0 274 274 0 270 270 0 278 278 0 280 280 0 276 276 0 1208 1208 0 301 301 0 297 297 0 1218 1218 0 313 313 0 309 309 0 317 317 0 319 319 0 315 315 0 1957 1957 0 2076 2076 0 1211 1211 0 1250 1250 0 352 352 0 1248 1248 0 2077 2077 0 2078 2078 0 1969 1969 0 361 361 0 363 363 0 1201 1201 0 1202 1202 0 1856 1856 0 1204 1204 0 378 378 0 380 380 0 2079 2079 0 388 388 0 389 389 0 387 387 0 375 375 0 392 392 0 376 376 0 397 397 0 399 399 0 1858 1858 0 1957 1957 0 1313 1313 0 2076 2076 0 409 409 0 2080 2080 0 1860 1860 0 175 175 0 174 174 0 414 414 0 1833 1833 0 2081 2081 0 2082 2082 0 112 112 0 107 107 0 109 109 0 431 431 0 2083 2083 0 434 434 0 460 460 0 457 457 0 100 100 0 447 447 0 443 443 0 445 445 0 455 455 0 450 450 0 453 453 0 453 453 0 456 456 0 454 454 0 97 97 0 96 96 0 99 99 0 440 440 0 2084 2084 0 437 437 0 2083 2083 0 435 435 0 434 434 0 68 68 0 2085 2085 0 65 65 0 484 484 0 2086 2086 0 482 482 0 1865 1865 0 489 489 0 485 485 0 505 505 0 2087 2087 0 503 503 0 511 511 0 514 514 0 512 512 0 519 519 0 516 516 0 517 517 0 2088 2088 0 524 524 0 523 523 0 2089 2089 0 531 531 0 525 525 0 536 536 0 533 533 0 534 534 0 539 539 0 2090 2090 0 537 537 0 575 575 0 2091 2091 0 1869 1869 0 1871 1871 0 582 582 0 581 581 0 593 593 0 1873 1873 0 591 591 0 598 598 0 600 600 0 1874 1874 0 1875 1875 0 1878 1878 0 1876 1876 0 606 606 0 1748 1748 0 607 607 0 2092 2092 0 613 613 0 1879 1879 0 2046 2046 0 2093 2093 0 1744 1744 0 1881 1881 0 1882 1882 0 2093 2093 0 2094 2094 0 1740 1740 0 1741 1741 0 1737 1737 0 2043 2043 0 1733 1733 0 653 653 0 2095 2095 0 1718 1718 0 1711 1711 0 1712 1712 0 2037 2037 0 1698 1698 0 2033 2033 0 1695 1695 0 1687 1687 0 2031 2031 0 1684 1684 0 2096 2096 0 1658 1658 0 1657 1657 0 699 699 0 694 694 0 700 700 0 702 702 0 703 703 0 705 705 0 712 712 0 1892 1892 0 710 710 0 714 714 0 715 715 0 717 717 0 726 726 0 1894 1894 0 723 723 0 1895 1895 0 732 732 0 731 731 0 736 736 0 734 734 0 737 737 0 739 739 0 740 740 0 742 742 0 751 751 0 1896 1896 0 748 748 0 753 753 0 754 754 0 756 756 0 764 764 0 762 762 0 761 761 0 770 770 0 768 768 0 767 767 0 772 772 0 773 773 0 775 775 0 1899 1899 0 782 782 0 781 781 0 783 783 0 785 785 0 1899 1899 0 794 794 0 796 796 0 1902 1902 0 1636 1636 0 1635 1635 0 2097 2097 0 2026 2026 0 1906 1906 0 2098 2098 0 1624 1624 0 1907 1907 0 809 809 0 2099 2099 0 2100 2100 0 2019 2019 0 1913 1913 0 859 859 0 857 857 0 860 860 0 858 858 0 857 857 0 875 875 0 870 870 0 868 868 0 1914 1914 0 1571 1571 0 1915 1915 0 879 879 0 1916 1916 0 1569 1569 0 902 902 0 2101 2101 0 899 899 0 907 907 0 910 910 0 909 909 0 912 912 0 914 914 0 1920 1920 0 922 922 0 924 924 0 920 920 0 1923 1923 0 928 928 0 1503 1503 0 935 935 0 936 936 0 933 933 0 950 950 0 1498 1498 0 948 948 0 1495 1495 0 1494 1494 0 2102 2102 0 1926 1926 0 1928 1928 0 1927 1927 0 965 965 0 1929 1929 0 963 963 0 1931 1931 0 975 975 0 974 974 0 987 987 0 989 989 0 984 984 0 980 980 0 982 982 0 2103 2103 0 1477 1477 0 2104 2104 0 1479 1479 0 1471 1471 0 2105 2105 0 1472 1472 0 1027 1027 0 1030 1030 0 1028 1028 0 1033 1033 0 1034 1034 0 1031 1031 0 1037 1037 0 1039 1039 0 1041 1041 0 1055 1055 0 1056 1056 0 1053 1053 0 1046 1046 0 1055 1055 0 1054 1054 0 1068 1068 0 1070 1070 0 1069 1069 0 1082 1082 0 1940 1940 0 1397 1397 0 1092 1092 0 1088 1088 0 1087 1087 0 1084 1084 0 1396 1396 0 1085 1085 0 1077 1077 0 1073 1073 0 1078 1078 0 1994 1994 0 1944 1944 0 1993 1993 0 1389 1389 0 2106 2106 0 1387 1387 0 1386 1386 0 1946 1946 0 1384 1384 0 1110 1110 0 1114 1114 0 1111 1111 0 1124 1124 0 1126 1126 0 1122 1122 0 1139 1139 0 1141 1141 0 1137 1137 0 1361 1361 0 2107 2107 0 1143 1143 0 1149 1149 0 1153 1153 0 1151 1151 0 1170 1170 0 1167 1167 0 1168 1168 0 1177 1177 0 1175 1175 0 1174 1174 0 2108 2108 0 1952 1952 0 1181 1181 0 386 386 0 1954 1954 0 384 384 0 387 387 0 1199 1199 0 388 388 0 1209 1209 0 299 299 0 1210 1210 0 303 303 0 2109 2109 0 305 305 0 343 343 0 1958 1958 0 341 341 0 315 315 0 1967 1967 0 317 317 0 1961 1961 0 1962 1962 0 2110 2110 0 1961 1961 0 2110 2110 0 1964 1964 0 327 327 0 1236 1236 0 329 329 0 1238 1238 0 1239 1239 0 323 323 0 294 294 0 293 293 0 1243 1243 0 288 288 0 2111 2111 0 290 290 0 401 401 0 400 400 0 1970 1970 0 270 270 0 1972 1972 0 272 272 0 1847 1847 0 1974 1974 0 1267 1267 0 239 239 0 1975 1975 0 237 237 0 234 234 0 1976 1976 0 232 232 0 1839 1839 0 1977 1977 0 206 206 0 210 210 0 209 209 0 1291 1291 0 1979 1979 0 1981 1981 0 1980 1980 0 198 198 0 197 197 0 2112 2112 0 192 192 0 1303 1303 0 194 194 0 1191 1191 0 1190 1190 0 1982 1982 0 1984 1984 0 1317 1317 0 1319 1319 0 1325 1325 0 2113 2113 0 1947 1947 0 2114 2114 0 1329 1329 0 2115 2115 0 1333 1333 0 1330 1330 0 1331 1331 0 1335 1335 0 2116 2116 0 1986 1986 0 1344 1344 0 1147 1147 0 1146 1146 0 1362 1362 0 1358 1358 0 1363 1363 0 1357 1357 0 1355 1355 0 1354 1354 0 1128 1128 0 1989 1989 0 1130 1130 0 1140 1140 0 1373 1373 0 1142 1142 0 1122 1122 0 1121 1121 0 1364 1364 0 1946 1946 0 1386 1386 0 1945 1945 0 2117 2117 0 1397 1397 0 1092 1092 0 2118 2118 0 1062 1062 0 1064 1064 0 1049 1049 0 1405 1405 0 1047 1047 0 1429 1429 0 2119 2119 0 1419 1419 0 1423 1423 0 1422 1422 0 2119 2119 0 1025 1025 0 1437 1437 0 1436 1436 0 1441 1441 0 1998 1998 0 1439 1439 0 1446 1446 0 2120 2120 0 1999 1999 0 1447 1447 0 2121 2121 0 1443 1443 0 1016 1016 0 1455 1455 0 2000 2000 0 1453 1453 0 1451 1451 0 1450 1450 0 1463 1463 0 1465 1465 0 2122 2122 0 1472 1472 0 1473 1473 0 1471 1471 0 1001 1001 0 1478 1478 0 999 999 0 2003 2003 0 1486 1486 0 1491 1491 0 1924 1924 0 2123 2123 0 945 945 0 2009 2009 0 1509 1509 0 2008 2008 0 1514 1514 0 1518 1518 0 2010 2010 0 1523 1523 0 2011 2011 0 1522 1522 0 1533 1533 0 1529 1529 0 1530 1530 0 1539 1539 0 2124 2124 0 2012 2012 0 1545 1545 0 1542 1542 0 1543 1543 0 889 889 0 1917 1917 0 887 887 0 2013 2013 0 1547 1547 0 1548 1548 0 1559 1559 0 1561 1561 0 885 885 0 2125 2125 0 2126 2126 0 1568 1568 0 1577 1577 0 2127 2127 0 1578 1578 0 1582 1582 0 1580 1580 0 849 849 0 838 838 0 836 836 0 835 835 0 1595 1595 0 1599 1599 0 1598 1598 0 2016 2016 0 2015 2015 0 1602 1602 0 1603 1603 0 2128 2128 0 2017 2017 0 1610 1610 0 2099 2099 0 2019 2019 0 823 823 0 1908 1908 0 826 826 0 2022 2022 0 2129 2129 0 2020 2020 0 1614 1614 0 818 818 0 2021 2021 0 1622 1622 0 811 811 0 1623 1623 0 810 810 0 2024 2024 0 808 808 0 2130 2130 0 2025 2025 0 2131 2131 0 1906 1906 0 2026 2026 0 1905 1905 0 802 802 0 1637 1637 0 800 800 0 692 692 0 1643 1643 0 1645 1645 0 1644 1644 0 690 690 0 689 689 0 1661 1661 0 2096 2096 0 1657 1657 0 681 681 0 2027 2027 0 1668 1668 0 1680 1680 0 1678 1678 0 677 677 0 1682 1682 0 1680 1680 0 2029 2029 0 671 671 0 1888 1888 0 672 672 0 2032 2032 0 667 667 0 1694 1694 0 1695 1695 0 1697 1697 0 1698 1698 0 2036 2036 0 658 658 0 1707 1707 0 2132 2132 0 2037 2037 0 1712 1712 0 2038 2038 0 652 652 0 1715 1715 0 1723 1723 0 2040 2040 0 1720 1720 0 1726 1726 0 1729 1729 0 1727 1727 0 1730 1730 0 1732 1732 0 2042 2042 0 635 635 0 637 637 0 2044 2044 0 628 628 0 2045 2045 0 1883 1883 0 2093 2093 0 2046 2046 0 1881 1881 0 1748 1748 0 1749 1749 0 1746 1746 0 1759 1759 0 1763 1763 0 1761 1761 0 1763 1763 0 2051 2051 0 1762 1762 0 1774 1774 0 1773 1773 0 2052 2052 0 2052 2052 0 2054 2054 0 2053 2053 0 1775 1775 0 1770 1770 0 1784 1784 0 552 552 0 551 551 0 1788 1788 0 2059 2059 0 2133 2133 0 1796 1796 0 1798 1798 0 1793 1793 0 1795 1795 0 2061 2061 0 2062 2062 0 1807 1807 0 502 502 0 2064 2064 0 499 499 0 1823 1823 0 1819 1819 0 1821 1821 0 5 5 0 2066 2066 0 3 3 0 16 16 0 11 11 0 14 14 0 2067 2067 0 26 26 0 25 25 0 32 32 0 1825 1825 0 33 33 0 1829 1829 0 2068 2068 0 53 53 0 66 66 0 72 72 0 64 64 0 2085 2085 0 66 66 0 65 65 0 472 472 0 1864 1864 0 470 470 0 134 134 0 135 135 0 132 132 0 130 130 0 141 141 0 131 131 0 151 151 0 146 146 0 148 148 0 417 417 0 2134 2134 0 2135 2135 0 189 189 0 2136 2136 0 190 190 0 197 197 0 199 199 0 195 195 0 2137 2137 0 223 223 0 1294 1294 0 1299 1299 0 1843 1843 0 225 225 0 242 242 0 1269 1269 0 243 243 0 1265 1265 0 1264 1264 0 248 248 0 257 257 0 259 259 0 1261 1261 0 269 269 0 271 271 0 267 267 0 284 284 0 286 286 0 282 282 0 308 308 0 310 310 0 306 306 0 323 323 0 325 325 0 1238 1238 0 1958 1958 0 343 343 0 1852 1852 0 1970 1970 0 1969 1969 0 401 401 0 2077 2077 0 366 366 0 2078 2078 0 2138 2138 0 2079 2079 0 2139 2139 0 384 384 0 360 360 0 385 385 0 1194 1194 0 1193 1193 0 1859 1859 0 408 408 0 407 407 0 409 409 0 115 115 0 116 116 0 118 118 0 435 435 0 436 436 0 438 438 0 89 89 0 442 442 0 87 87 0 451 451 0 446 446 0 449 449 0 1831 1831 0 463 463 0 462 462 0 438 438 0 433 433 0 435 435 0 479 479 0 481 481 0 2071 2071 0 489 489 0 492 492 0 491 491 0 507 507 0 505 505 0 504 504 0 521 521 0 519 519 0 518 518 0 526 526 0 2088 2088 0 523 523 0 527 527 0 2089 2089 0 525 525 0 2063 2063 0 539 539 0 1812 1812 0 2091 2091 0 1870 1870 0 1869 1869 0 589 589 0 588 588 0 590 590 0 2140 2140 0 1877 1877 0 599 599 0 611 611 0 614 614 0 612 612 0 621 621 0 620 620 0 622 622 0 2044 2044 0 636 636 0 635 635 0 1720 1720 0 1721 1721 0 1723 1723 0 1705 1705 0 661 661 0 2035 2035 0 1672 1672 0 1675 1675 0 2028 2028 0 1664 1664 0 2141 2141 0 1666 1666 0 707 707 0 705 705 0 704 704 0 724 724 0 721 721 0 722 722 0 746 746 0 747 747 0 749 749 0 762 762 0 757 757 0 760 760 0 1897 1897 0 772 772 0 769 769 0 774 774 0 778 778 0 777 777 0 1903 1903 0 1904 1904 0 795 795 0 852 852 0 856 856 0 861 861 0 866 866 0 2142 2142 0 867 867 0 884 884 0 886 886 0 1563 1563 0 905 905 0 902 902 0 903 903 0 909 909 0 908 908 0 907 907 0 919 919 0 916 916 0 915 915 0 2006 2006 0 927 927 0 923 923 0 1503 1503 0 1921 1921 0 1923 1923 0 932 932 0 935 935 0 934 934 0 946 946 0 2005 2005 0 1499 1499 0 956 956 0 964 964 0 957 957 0 1495 1495 0 2102 2102 0 954 954 0 2143 2143 0 1932 1932 0 1930 1930 0 2144 2144 0 2103 2103 0 971 971 0 1482 1482 0 998 998 0 994 994 0 1471 1471 0 1007 1007 0 2105 2105 0 1041 1041 0 2145 2145 0 1037 1037 0 1054 1054 0 1044 1044 0 1046 1046 0 1093 1093 0 1095 1095 0 1392 1392 0 1091 1091 0 2117 2117 0 1092 1092 0 2146 2146 0 1078 1078 0 1073 1073 0 1385 1385 0 1384 1384 0 1992 1992 0 1115 1115 0 1117 1117 0 1113 1113 0 1152 1152 0 1150 1150 0 1149 1149 0 1167 1167 0 1951 1951 0 1165 1165 0 303 303 0 302 302 0 2109 2109 0 1963 1963 0 1965 1965 0 1222 1222 0 333 333 0 332 332 0 1960 1960 0 1228 1228 0 1966 1966 0 1229 1229 0 297 297 0 296 296 0 2147 2147 0 2148 2148 0 1968 1968 0 1249 1249 0 1969 1969 0 1971 1971 0 2077 2077 0 1255 1255 0 1257 1257 0 1256 1256 0 247 247 0 1268 1268 0 245 245 0 219 219 0 1276 1276 0 235 235 0 1845 1845 0 1290 1290 0 1978 1978 0 223 223 0 2137 2137 0 221 221 0 229 229 0 1301 1301 0 227 227 0 1189 1189 0 1188 1188 0 1190 1190 0 2149 2149 0 1316 1316 0 1315 1315 0 1328 1328 0 2115 2115 0 1329 1329 0 1983 1983 0 2114 2114 0 1984 1984 0 1339 1339 0 2150 2150 0 1337 1337 0 1347 1347 0 2151 2151 0 1345 1345 0 1363 1363 0 2107 2107 0 1361 1361 0 1143 1143 0 2152 2152 0 1361 1361 0 1137 1137 0 1991 1991 0 1139 1139 0 1125 1125 0 1124 1124 0 1372 1372 0 1045 1045 0 1401 1401 0 1051 1051 0 1405 1405 0 1404 1404 0 1403 1403 0 1042 1042 0 1040 1040 0 1426 1426 0 2119 2119 0 1429 1429 0 1423 1423 0 1442 1442 0 1439 1439 0 1432 1432 0 1444 1444 0 1430 1430 0 1021 1021 0 1012 1012 0 1936 1936 0 1013 1013 0 1460 1460 0 2122 2122 0 1461 1461 0 998 998 0 1482 1482 0 996 996 0 2153 2153 0 1491 1491 0 1486 1486 0 2004 2004 0 951 951 0 1925 1925 0 1513 1513 0 1511 1511 0 1510 1510 0 1525 1525 0 1522 1522 0 2011 2011 0 2124 2124 0 1535 1535 0 2012 2012 0 1546 1546 0 1548 1548 0 1540 1540 0 885 885 0 884 884 0 2014 2014 0 2125 2125 0 876 876 0 2126 2126 0 2154 2154 0 1578 1578 0 2127 2127 0 836 836 0 1591 1591 0 2155 2155 0 2017 2017 0 1605 1605 0 1603 1603 0 2156 2156 0 2020 2020 0 2157 2157 0 2129 2129 0 2157 2157 0 2020 2020 0 809 809 0 808 808 0 1624 1624 0 799 799 0 1903 1903 0 797 797 0 2158 2158 0 693 693 0 692 692 0 1657 1657 0 1659 1659 0 1661 1661 0 2141 2141 0 1667 1667 0 1666 1666 0 1677 1677 0 676 676 0 678 678 0 1690 1690 0 670 670 0 1691 1691 0 1700 1700 0 666 666 0 665 665 0 2035 2035 0 1706 1706 0 1705 1705 0 1709 1709 0 660 660 0 659 659 0 2095 2095 0 1719 1719 0 1718 1718 0 647 647 0 1886 1886 0 648 648 0 1733 1733 0 1735 1735 0 1737 1737 0 1743 1743 0 2094 2094 0 1741 1741 0 2050 2050 0 2159 2159 0 1758 1758 0 1785 1785 0 2056 2056 0 2055 2055 0 1769 1769 0 1776 1776 0 2160 2160 0 1801 1801 0 1803 1803 0 2060 2060 0 546 546 0 541 541 0 544 544 0 2161 2161 0 1821 1821 0 1820 1820 0 1824 1824 0 0 0 0 2065 2065 0 17 17 0 21 21 0 20 20 0 23 23 0 19 19 0 21 21 0 73 73 0 64 64 0 72 72 0 477 477 0 476 476 0 2072 2072 0 124 124 0 2082 2082 0 2074 2074 0 142 142 0 145 145 0 143 143 0 2134 2134 0 421 421 0 2135 2135 0 2162 2162 0 190 190 0 2136 2136 0 194 194 0 196 196 0 192 192 0 2163 2163 0 1844 1844 0 1284 1284 0 240 240 0 1273 1273 0 241 241 0 263 263 0 265 265 0 261 261 0 290 290 0 292 292 0 288 288 0 1249 1249 0 1248 1248 0 2148 2148 0 2138 2138 0 2139 2139 0 1855 1855 0 2164 2164 0 404 404 0 359 359 0 173 173 0 416 416 0 171 171 0 2084 2084 0 438 438 0 437 437 0 465 465 0 467 467 0 90 90 0 2165 2165 0 503 503 0 2087 2087 0 516 516 0 512 512 0 514 514 0 524 524 0 520 520 0 518 518 0 538 538 0 1812 1812 0 539 539 0 1870 1870 0 573 573 0 572 572 0 1872 1872 0 588 588 0 1753 1753 0 2166 2166 0 620 620 0 1880 1880 0 1731 1731 0 2042 2042 0 1732 1732 0 2029 2029 0 1683 1683 0 1682 1682 0 2167 2167 0 710 710 0 708 708 0 721 721 0 1893 1893 0 718 718 0 743 743 0 746 746 0 744 744 0 758 758 0 756 756 0 755 755 0 768 768 0 763 763 0 766 766 0 1636 1636 0 2097 2097 0 798 798 0 853 853 0 2168 2168 0 851 851 0 876 876 0 2125 2125 0 877 877 0 913 913 0 906 906 0 908 908 0 915 915 0 917 917 0 919 919 0 934 934 0 930 930 0 932 932 0 2169 2169 0 945 945 0 2123 2123 0 2004 2004 0 952 952 0 951 951 0 1930 1930 0 2170 2170 0 2143 2143 0 1476 1476 0 1004 1004 0 1474 1474 0 2145 2145 0 1038 1038 0 1037 1037 0 1063 1063 0 1061 1061 0 1060 1060 0 1080 1080 0 1076 1076 0 1398 1398 0 1394 1394 0 1393 1393 0 1395 1395 0 1389 1389 0 1992 1992 0 2106 2106 0 1950 1950 0 1164 1164 0 1161 1161 0 1313 1313 0 1957 1957 0 1312 1312 0 1850 1850 0 311 311 0 1959 1959 0 324 324 0 1237 1237 0 326 326 0 348 348 0 347 347 0 1246 1246 0 368 368 0 367 367 0 2171 2171 0 238 238 0 1275 1275 0 240 240 0 1284 1284 0 1286 1286 0 2163 2163 0 1842 1842 0 1299 1299 0 1300 1300 0 1329 1329 0 2149 2149 0 1315 1315 0 2115 2115 0 1984 1984 0 2114 2114 0 2151 2151 0 1988 1988 0 1345 1345 0 1988 1988 0 1354 1354 0 1353 1353 0 1143 1143 0 1142 1142 0 2152 2152 0 1401 1401 0 1402 1402 0 1400 1400 0 1995 1995 0 2172 2172 0 1418 1418 0 2120 2120 0 1019 1019 0 1999 1999 0 2000 2000 0 1014 1014 0 1016 1016 0 1488 1488 0 2153 2153 0 1486 1486 0 954 954 0 953 953 0 1495 1495 0 1526 1526 0 1528 1528 0 1524 1524 0 1536 1536 0 1534 1534 0 1532 1532 0 880 880 0 879 879 0 882 882 0 2127 2127 0 2173 2173 0 2154 2154 0 2017 2017 0 2128 2128 0 831 831 0 2157 2157 0 2174 2174 0 2156 2156 0 2175 2175 0 2131 2131 0 1632 1632 0 801 801 0 800 800 0 803 803 0 1670 1670 0 681 681 0 680 680 0 1675 1675 0 1676 1676 0 1673 1673 0 2176 2176 0 1693 1693 0 1689 1689 0 665 665 0 1701 1701 0 1699 1699 0 1702 1702 0 663 663 0 2034 2034 0 633 633 0 1739 1739 0 631 631 0 2159 2159 0 2177 2177 0 1758 1758 0 1768 1768 0 1767 1767 0 1779 1779 0 2178 2178 0 1796 1796 0 2133 2133 0 2179 2179 0 2161 2161 0 1820 1820 0 7 7 0 8 8 0 10 10 0 2070 2070 0 1828 1828 0 1830 1830 0 117 117 0 424 424 0 119 119 0 2082 2082 0 128 128 0 1833 1833 0 412 412 0 411 411 0 175 175 0 2136 2136 0 2180 2180 0 2162 2162 0 1285 1285 0 1284 1284 0 2181 2181 0 1285 1285 0 2181 2181 0 1845 1845 0 275 275 0 277 277 0 1255 1255 0 1968 1968 0 2182 2182 0 1245 1245 0 1968 1968 0 2148 2148 0 2182 2182 0 1860 1860 0 2080 2080 0 411 411 0 429 429 0 430 430 0 427 427 0 509 509 0 510 510 0 508 508 0 2183 2183 0 646 646 0 1725 1725 0 1691 1691 0 2176 2176 0 1689 1689 0 719 719 0 717 717 0 716 716 0 744 744 0 2184 2184 0 741 741 0 750 750 0 753 753 0 751 751 0 2026 2026 0 2098 2098 0 804 804 0 1568 1568 0 2185 2185 0 2125 2125 0 908 908 0 911 911 0 913 913 0 2186 2186 0 919 919 0 918 918 0 2123 2123 0 941 941 0 940 940 0 1502 1502 0 2187 2187 0 1922 1922 0 1933 1933 0 992 992 0 1934 1934 0 1477 1477 0 1001 1001 0 2104 2104 0 1066 1066 0 2118 2118 0 1064 1064 0 1993 1993 0 2188 2188 0 1391 1391 0 1118 1118 0 1377 1377 0 1119 1119 0 297 297 0 2147 2147 0 1208 1208 0 313 313 0 1218 1218 0 311 311 0 276 276 0 275 275 0 1254 1254 0 258 258 0 2189 2189 0 260 260 0 1844 1844 0 2163 2163 0 1295 1295 0 226 226 0 1298 1298 0 224 224 0 2116 2116 0 1339 1339 0 1986 1986 0 2190 2190 0 1343 1343 0 1351 1351 0 1120 1120 0 1381 1381 0 1118 1118 0 1408 1408 0 1410 1410 0 1406 1406 0 2191 2191 0 1418 1418 0 2172 2172 0 1004 1004 0 1476 1476 0 1002 1002 0 1519 1519 0 1521 1521 0 1516 1516 0 878 878 0 1573 1573 0 876 876 0 2192 2192 0 2154 2154 0 2173 2173 0 807 807 0 1905 1905 0 805 805 0 1662 1662 0 1664 1664 0 682 682 0 1674 1674 0 2028 2028 0 1675 1675 0 1696 1696 0 669 669 0 668 668 0 638 638 0 1885 1885 0 639 639 0 4 4 0 2 2 0 5 5 0 469 469 0 83 83 0 1864 1864 0 425 425 0 112 112 0 111 111 0 2081 2081 0 2074 2074 0 2082 2082 0 2193 2193 0 2162 2162 0 2180 2180 0 1289 1289 0 1288 1288 0 2194 2194 0 296 296 0 298 298 0 294 294 0 1246 1246 0 1245 1245 0 348 348 0 169 169 0 168 168 0 415 415 0 428 428 0 2195 2195 0 429 429 0 1817 1817 0 2165 2165 0 2087 2087 0 654 654 0 1715 1715 0 652 652 0 711 711 0 714 714 0 712 712 0 1641 1641 0 739 739 0 735 735 0 2025 2025 0 2130 2130 0 806 806 0 1568 1568 0 1565 1565 0 2185 2185 0 1920 1920 0 1919 1919 0 912 912 0 926 926 0 923 923 0 927 927 0 1483 1483 0 1935 1935 0 991 991 0 1074 1074 0 1072 1072 0 1075 1075 0 1375 1375 0 1374 1374 0 1377 1377 0 291 291 0 1244 1244 0 293 293 0 201 201 0 1297 1297 0 203 203 0 198 198 0 2112 2112 0 200 200 0 1342 1342 0 2190 2190 0 1351 1351 0 1113 1113 0 1382 1382 0 1115 1115 0 2172 2172 0 2196 2196 0 2197 2197 0 1515 1515 0 1513 1513 0 1512 1512 0 1571 1571 0 1914 1914 0 1572 1572 0 1640 1640 0 2198 2198 0 1902 1902 0 680 680 0 1671 1671 0 1669 1669 0 1684 1684 0 1685 1685 0 1687 1687 0 1734 1734 0 642 642 0 641 641 0 2 2 0 2199 2199 0 0 0 0 442 442 0 89 89 0 85 85 0 426 426 0 2073 2073 0 108 108 0 2180 2180 0 407 407 0 2193 2193 0 1974 1974 0 2075 2075 0 1269 1269 0 302 302 0 304 304 0 1209 1209 0 344 344 0 346 346 0 1240 1240 0 167 167 0 163 163 0 168 168 0 2200 2200 0 429 429 0 2195 2195 0 1813 1813 0 536 536 0 1814 1814 0 662 662 0 2034 2034 0 663 663 0 706 706 0 2167 2167 0 708 708 0 734 734 0 730 730 0 732 732 0 2131 2131 0 2175 2175 0 2201 2201 0 1570 1570 0 1569 1569 0 1565 1565 0 901 901 0 903 903 0 902 902 0 1470 1470 0 1010 1010 0 1006 1006 0 2188 2188 0 1094 1094 0 1391 1391 0 288 288 0 287 287 0 2111 2111 0 1294 1294 0 1296 1296 0 2137 2137 0 1341 1341 0 2202 2202 0 2150 2150 0 1417 1417 0 2197 2197 0 2203 2203 0 1507 1507 0 2009 2009 0 1508 1508 0 875 875 0 2204 2204 0 873 873 0 793 793 0 791 791 0 790 790 0 683 683 0 1890 1890 0 684 684 0 645 645 0 2041 2041 0 643 643 0 2199 2199 0 2065 2065 0 0 0 0 90 90 0 92 92 0 465 465 0 2205 2205 0 2206 2206 0 102 102 0 1289 1289 0 2194 2194 0 1979 1979 0 1220 1220 0 340 340 0 2207 2207 0 165 165 0 419 419 0 163 163 0 2208 2208 0 2200 2200 0 2195 2195 0 2090 2090 0 540 540 0 537 537 0 1645 1645 0 2158 2158 0 692 692 0 2209 2209 0 726 726 0 727 727 0 729 729 0 2209 2209 0 727 727 0 1632 1632 0 1629 1629 0 2175 2175 0 2101 2101 0 900 900 0 899 899 0 1121 1121 0 1123 1123 0 1374 1374 0 366 366 0 2077 2077 0 364 364 0 231 231 0 227 227 0 1282 1282 0 1108 1108 0 1106 1106 0 1110 1110 0 2203 2203 0 1415 1415 0 1417 1417 0 2007 2007 0 2210 2210 0 1504 1504 0 1655 1655 0 1652 1652 0 1653 1653 0 1727 1727 0 2183 2183 0 1725 1725 0 1820 1820 0 2211 2211 0 2179 2179 0 1863 1863 0 441 441 0 440 440 0 102 102 0 2212 2212 0 2205 2205 0 314 314 0 316 316 0 1850 1850 0 1220 1220 0 2207 2207 0 1221 1221 0 417 417 0 2135 2135 0 418 418 0 56 56 0 2213 2213 0 74 74 0 695 695 0 691 691 0 693 693 0 1627 1627 0 1626 1626 0 1629 1629 0 1130 1130 0 1132 1132 0 1128 1128 0 264 264 0 1259 1259 0 266 266 0 244 244 0 1272 1272 0 242 242 0 1104 1104 0 1383 1383 0 1106 1106 0 1414 1414 0 1416 1416 0 1415 1415 0 1541 1541 0 1543 1543 0 1542 1542 0 1648 1648 0 1651 1651 0 1649 1649 0 2039 2039 0 651 651 0 650 650 0 2212 2212 0 2208 2208 0 2205 2205 0 329 329 0 331 331 0 327 327 0 1222 1222 0 1221 1221 0 1963 1963 0 421 421 0 162 162 0 159 159 0 2184 2184 0 742 742 0 741 741 0 1367 1367 0 1366 1366 0 1131 1131 0 258 258 0 257 257 0 2189 2189 0 1849 1849 0 1973 1973 0 1848 1848 0 1105 1105 0 1945 1945 0 1103 1103 0 1410 1410 0 1411 1411 0 1413 1413 0 2030 2030 0 675 675 0 674 674 0 1887 1887 0 657 657 0 656 656 0 1235 1235 0 1234 1234 0 330 330 0 1964 1964 0 1963 1963 0 1961 1961 0 1370 1370 0 1369 1369 0 1366 1366 0 368 368 0 2171 2171 0 369 369 0 251 251 0 1848 1848 0 249 249 0 1939 1939 0 1069 1069 0 1070 1070 0 1714 1714 0 2132 2132 0 1712 1712 0 1233 1233 0 1230 1230 0 1234 1234 0 1224 1224 0 1961 1961 0 336 336 0 256 256 0 253 253 0 1263 1263 0 252 252 0 249 249 0 253 253 0 1071 1071 0 1075 1075 0 1072 1072 0 1960 1960 0 1226 1226 0 333 333 0 370 370 0 369 369 0 372 372 0 1075 1075 0 2146 2146 0 1073 1073 0 1966 1966 0 1228 1228 0 2214 2214 0 1204 1204 0 1206 1206 0 1202 1202 0 1398 1398 0 1081 1081 0 1080 1080 0 1966 1966 0 2214 2214 0 1230 1230 0 1201 1201 0 1203 1203 0 361 361 0 1392 1392 0 1942 1942 0 1093 1093 0 1981 1981 0 1979 1979 0 213 213 0 362 362 0 1200 1200 0 1854 1854 0 1944 1944 0 1994 1994 0 2215 2215 0 212 212 0 214 214 0 210 210 0 1855 1855 0 1854 1854 0 2138 2138 0 1944 1944 0 2215 2215 0 1943 1943 0 209 209 0 211 211 0 207 207 0 2079 2079 0 2138 2138 0 378 378 0 206 206 0 208 208 0 1839 1839 0 383 383 0 378 378 0 1956 1956 0 191 191 0 193 193 0 1304 1304 0 377 377 0 1198 1198 0 375 375 0 406 406 0 2193 2193 0 407 407 0 392 392 0 1197 1197 0 390 390 0 420 420 0 2135 2135 0 421 421 0 393 393 0 390 390 0 395 395 0 161 161 0 1836 1836 0 159 159 0 1858 1858 0 395 395 0 1955 1955 0 1837 1837 0 155 155 0 1836 1836 0 398 398 0 1196 1196 0 1194 1194 0 157 157 0 152 152 0 155 155 0 359 359 0 1953 1953 0 2164 2164 0 154 154 0 1838 1838 0 152 152 0 404 404 0 2164 2164 0 402 402 0 150 150 0 1862 1862 0 423 423 0 1310 1310 0 402 402 0 1308 1308 0 145 145 0 1835 1835 0 147 147 0 1982 1982 0 1308 1308 0 1191 1191 0 2206 2206 0 103 103 0 102 102 0 1190 1190 0 1192 1192 0 1189 1189 0 2216 2216 0 2205 2205 0 2208 2208 0 1189 1189 0 1186 1186 0 1187 1187 0 2195 2195 0 2216 2216 0 2208 2208 0 1184 1184 0 1187 1187 0 1185 1185 0 77 77 0 74 74 0 78 78 0 1185 1185 0 2217 2217 0 1183 1183 0 56 56 0 55 55 0 2213 2213 0 2217 2217 0 2108 2108 0 1183 1183 0 474 474 0 478 478 0 475 475 0 2218 2218 0 1183 1183 0 2108 2108 0 2072 2072 0 2071 2071 0 477 477 0 1181 1181 0 2218 2218 0 2108 2108 0 80 80 0 2219 2219 0 50 50 0 1182 1182 0 2220 2220 0 1180 1180 0 2219 2219 0 51 51 0 50 50 0 2221 2221 0 1180 1180 0 2220 2220 0 2086 2086 0 2222 2222 0 482 482 0 2223 2223 0 2221 2221 0 2220 2220 0 2224 2224 0 482 482 0 2222 2222 0 2220 2220 0 1176 1176 0 2223 2223 0 2222 2222 0 487 487 0 2224 2224 0 1179 1179 0 2223 2223 0 1176 1176 0 486 486 0 2224 2224 0 487 487 0 1174 1174 0 1178 1178 0 1176 1176 0 45 45 0 490 490 0 494 494 0 1175 1175 0 1172 1172 0 1171 1171 0 494 494 0 48 48 0 45 45 0 1172 1172 0 2225 2225 0 1169 1169 0 47 47 0 1826 1826 0 45 45 0 2225 2225 0 1170 1170 0 1169 1169 0 44 44 0 41 41 0 1826 1826 0 1949 1949 0 1163 1163 0 1162 1162 0 495 495 0 497 497 0 41 41 0 1159 1159 0 1157 1157 0 1160 1160 0 38 38 0 37 37 0 496 496 0 1156 1156 0 1160 1160 0 1157 1157 0 34 34 0 36 36 0 37 37 0 2226 2226 0 1327 1327 0 1947 1947 0 500 500 0 2179 2179 0 2211 2211 0 2113 2113 0 2226 2226 0 1947 1947 0 2211 2211 0 498 498 0 500 500 0 2227 2227 0 1337 1337 0 2150 2150 0 1818 1818 0 1817 1817 0 1816 1816 0 2202 2202 0 2227 2227 0 2150 2150 0 2087 2087 0 1815 1815 0 1817 1817 0 2150 2150 0 1987 1987 0 1341 1341 0 1810 1810 0 2061 2061 0 1808 1808 0 1142 1142 0 1144 1144 0 1140 1140 0 1807 1807 0 2228 2228 0 2061 2061 0 1133 1133 0 1135 1135 0 1369 1369 0 1807 1807 0 1804 1804 0 2228 2228 0 1101 1101 0 1096 1096 0 1099 1099 0 1802 1802 0 1801 1801 0 1804 1804 0 1098 1098 0 1943 1943 0 1096 1096 0 2060 2060 0 2229 2229 0 1801 1801 0 2196 2196 0 2203 2203 0 2197 2197 0 2060 2060 0 1799 1799 0 2229 2229 0 2197 2197 0 2191 2191 0 2172 2172 0 1797 1797 0 1795 1795 0 1799 1799 0 1424 1424 0 1423 1423 0 1996 1996 0 2133 2133 0 2230 2230 0 2178 2178 0 1997 1997 0 1996 1996 0 1425 1425 0 2230 2230 0 2058 2058 0 2178 2178 0 1426 1426 0 1425 1425 0 1042 1042 0 2231 2231 0 2178 2178 0 2058 2058 0 1035 1035 0 1036 1036 0 1038 1038 0 550 550 0 2231 2231 0 2058 2058 0 1038 1038 0 2232 2232 0 1035 1035 0 549 549 0 1789 1789 0 550 550 0 2232 2232 0 1031 1031 0 1035 1035 0 1791 1791 0 2057 2057 0 1789 1789 0 1032 1032 0 1029 1029 0 1030 1030 0 551 551 0 553 553 0 2057 2057 0 1028 1028 0 2233 2233 0 1937 1937 0 1786 1786 0 1785 1785 0 552 552 0 1024 1024 0 1937 1937 0 2233 2233 0 2055 2055 0 1867 1867 0 1785 1785 0 2233 2233 0 2234 2234 0 1024 1024 0 1782 1782 0 1779 1779 0 555 555 0 2234 2234 0 1025 1025 0 1024 1024 0 1769 1769 0 2160 2160 0 1767 1767 0 1433 1433 0 1020 1020 0 1022 1022 0 2054 2054 0 2052 2052 0 1776 1776 0 1431 1431 0 1022 1022 0 1021 1021 0 558 558 0 2235 2235 0 559 559 0 2121 2121 0 1444 1444 0 1443 1443 0 2236 2236 0 559 559 0 2235 2235 0 1018 1018 0 1999 1999 0 1019 1019 0 562 562 0 2236 2236 0 2235 2235 0 1019 1019 0 2237 2237 0 1017 1017 0 2235 2235 0 560 560 0 562 562 0 2237 2237 0 1016 1016 0 1017 1017 0 1757 1757 0 1758 1758 0 2177 2177 0 1015 1015 0 1017 1017 0 1016 1016 0 2177 2177 0 1755 1755 0 1757 1757 0 1458 1458 0 1451 1451 0 1011 1011 0 2238 2238 0 1757 1757 0 1756 1756 0 2122 2122 0 1460 1460 0 2239 2239 0 564 564 0 2238 2238 0 1756 1756 0 2122 2122 0 2239 2239 0 1463 1463 0 1756 1756 0 565 565 0 564 564 0 1464 1464 0 1463 1463 0 1466 1466 0 565 565 0 566 566 0 563 563 0 991 991 0 1484 1484 0 1483 1483 0 570 570 0 1868 1868 0 567 567 0 992 992 0 1933 1933 0 990 990 0 2240 2240 0 570 570 0 569 569 0 984 984 0 2001 2001 0 987 987 0 569 569 0 571 571 0 2240 2240 0 2103 2103 0 2144 2144 0 980 980 0 573 573 0 2240 2240 0 571 571 0 971 971 0 2241 2241 0 2144 2144 0 582 582 0 1754 1754 0 580 580 0 971 971 0 970 970 0 2241 2241 0 1753 1753 0 583 583 0 1872 1872 0 2002 2002 0 2143 2143 0 2170 2170 0 591 591 0 590 590 0 2242 2242 0 2170 2170 0 2243 2243 0 2002 2002 0 591 591 0 2242 2242 0 593 593 0 2243 2243 0 1488 1488 0 2002 2002 0 594 594 0 593 593 0 596 596 0 966 966 0 965 965 0 968 968 0 1874 1874 0 596 596 0 2049 2049 0 963 963 0 1492 1492 0 965 965 0 599 599 0 1752 1752 0 2140 2140 0 964 964 0 956 956 0 962 962 0 1877 1877 0 2140 2140 0 1875 1875 0 1928 1928 0 1926 1926 0 959 959 0 1878 1878 0 1875 1875 0 601 601 0 1494 1494 0 1496 1496 0 1926 1926 0 2244 2244 0 602 602 0 2048 2048 0 940 940 0 2169 2169 0 2123 2123 0 2048 2048 0 2047 2047 0 2244 2244 0 943 943 0 1501 1501 0 944 944 0 2245 2245 0 2244 2244 0 2047 2047 0 2187 2187 0 1923 1923 0 1922 1922 0 2246 2246 0 2245 2245 0 2047 2047 0 921 921 0 2186 2186 0 918 918 0 1750 1750 0 2246 2246 0 2047 2047 0 898 898 0 893 893 0 896 896 0 617 617 0 2092 2092 0 1879 1879 0 894 894 0 892 892 0 891 891 0 2247 2247 0 617 617 0 616 616 0 892 892 0 2248 2248 0 890 890 0 1880 1880 0 2247 2247 0 616 616 0 2210 2210 0 890 890 0 2248 2248 0 616 616 0 2166 2166 0 1880 1880 0 2248 2248 0 1504 1504 0 2210 2210 0 626 626 0 1881 1881 0 2249 2249 0 1553 1553 0 1918 1918 0 2250 2250 0 626 626 0 2249 2249 0 624 624 0 1553 1553 0 2250 2250 0 1551 1551 0 630 630 0 627 627 0 624 624 0 1557 1557 0 1554 1554 0 1551 1551 0 1883 1883 0 629 629 0 628 628 0 1555 1555 0 1557 1557 0 1551 1551 0 687 687 0 1646 1646 0 685 685 0 874 874 0 873 873 0 1914 1914 0 693 693 0 697 697 0 695 695 0 875 875 0 868 868 0 2204 2204 0 709 709 0 707 707 0 706 706 0 2251 2251 0 867 867 0 2142 2142 0 777 777 0 775 775 0 774 774 0 1574 1574 0 2251 2251 0 2142 2142 0 1899 1899 0 1898 1898 0 783 783 0 2142 2142 0 1575 1575 0 1574 1574 0 786 786 0 783 783 0 1900 1900 0 864 864 0 1912 1912 0 862 862 0 1901 1901 0 1900 1900 0 789 789 0 1912 1912 0 1911 1911 0 862 862 0 787 787 0 789 789 0 790 790 0 2168 2168 0 2252 2252 0 851 851 0 1902 1902 0 2198 2198 0 794 794 0 2253 2253 0 851 851 0 2252 2252 0 2131 2131 0 2201 2201 0 2130 2130 0 2173 2173 0 2253 2253 0 2252 2252 0 1628 1628 0 2254 2254 0 1626 1626 0 2252 2252 0 2192 2192 0 2173 2173 0 1628 1628 0 810 810 0 2254 2254 0 850 850 0 843 843 0 848 848 0 811 811 0 1622 1622 0 812 812 0 847 847 0 848 848 0 843 843 0 1620 1620 0 1619 1619 0 1622 1622 0 845 845 0 846 846 0 843 843 0 2023 2023 0 814 814 0 1619 1619 0 842 842 0 1910 1910 0 844 844 0 816 816 0 1619 1619 0 814 814 0 844 844 0 840 840 0 842 842 0 2174 2174 0 820 820 0 2156 2156 0 1588 1588 0 1909 1909 0 841 841 0 2255 2255 0 2156 2156 0 820 820 0 841 841 0 1587 1587 0 1588 1588 0 822 822 0 2255 2255 0 820 820 0 1590 1590 0 839 839 0 838 838 0 824 824 0 822 822 0 825 825 0 835 835 0 1589 1589 0 838 838 0 826 826 0 830 830 0 827 827 0 2155 2155 0 834 834 0 836 836 0 2256 2256 0 2019 2019 0 2100 2100 0 1593 1593 0 2155 2155 0 1591 1591 0 2100 2100 0 2018 2018 0 2256 2256 0 833 833 0 1606 1606 0 831 831 0 2257 2257 0 2256 2256 0 2018 2018 0 832 832 0 2257 2257 0 2018 2018 0</p></triangles></mesh></geometry></library_geometries><library_visual_scenes><visual_scene id="Scene"><node id="road-node"><instance_geometry url="#road"><bind_material><technique_common><instance_material symbol="asphalt" target="#asphalt-material"><bind_vertex_input semantic="UVSET0" input_semantic="TEXCOORD" input_set="0" /></instance_material></technique_common></bind_material></instance_geometry></node></visual_scene></library_visual_scenes><scene><instance_visual_scene url="#Scene" /></scene></COLLADA>